"DESCRIPTION","DURATION IN MS","NAME","PARENT SUITE","START TIME","STATUS","STOP TIME","SUB SUITE","SUITE","TEST CLASS","TEST METHOD"
"","6000","chaining.v2-pln-xp-sys-impl","","Wed Nov 20 00:35:33 GMT 2024","passed","Wed Nov 20 00:35:39 GMT 2024","","WHOLE-TESTS","WHOLE-TESTS",""
"","2","TESTS1.03","","Wed Nov 20 00:45:49 GMT 2024","passed","Wed Nov 20 00:45:49 GMT 2024","","MAIN-BRANCH","MAIN-BRANCH",""
"","29000","language_models.training_bi","","Wed Nov 20 00:35:33 GMT 2024","passed","Wed Nov 20 00:36:02 GMT 2024","","WHOLE-TESTS","WHOLE-TESTS",""
"","2","D2-HIGHERFUNC.13","","Wed Nov 20 00:35:38 GMT 2024","passed","Wed Nov 20 00:35:38 GMT 2024","","HYPERON-EXPERIMENTAL-SCRIPTS","HYPERON-EXPERIMENTAL-SCRIPTS",""
"","3","BCHAIN-COMP.06","","Wed Nov 20 01:48:28 GMT 2024","passed","Wed Nov 20 01:48:28 GMT 2024","","WALK-THRU","WALK-THRU",""
"","55","APPEND-USING-EQUALITY.04","","Wed Nov 20 01:54:43 GMT 2024","failed","Wed Nov 20 01:54:43 GMT 2024","","MULTIDIRECTIONAL","MULTIDIRECTIONAL",""
"","45000","nars_v0.tests4","","Wed Nov 20 00:35:33 GMT 2024","failed","Wed Nov 20 00:36:18 GMT 2024","","WHOLE-TESTS","WHOLE-TESTS",""
"","3","F1-MODULEA.05","","Wed Nov 20 00:35:38 GMT 2024","passed","Wed Nov 20 00:35:38 GMT 2024","","HYPERON-EXPERIMENTAL-SCRIPTS","HYPERON-EXPERIMENTAL-SCRIPTS",""
"","2","KEY-LOOKUPS-MANY.03","","Wed Nov 20 01:57:00 GMT 2024","passed","Wed Nov 20 01:57:00 GMT 2024","","BASIC","BASIC",""
"","15","00-LANG-CASE.12","","Wed Nov 20 00:37:14 GMT 2024","passed","Wed Nov 20 00:37:14 GMT 2024","","HYPERON-METTALOG-SANITY","HYPERON-METTALOG-SANITY",""
"","50","DEDUCTIONIMPLICATIONDIRECTINTRODUCTIONDTLTEST.03","","Wed Nov 20 01:14:18 GMT 2024","failed","Wed Nov 20 01:14:18 GMT 2024","","DEPENDENT-TYPES","DEPENDENT-TYPES",""
"","137","BASIC.01","","Wed Nov 20 01:08:32 GMT 2024","passed","Wed Nov 20 01:08:32 GMT 2024","","TRAVERSER","TRAVERSER",""
"","23276","TIME-SYNTHESIZE-SHORT.02","","Wed Nov 20 00:39:00 GMT 2024","passed","Wed Nov 20 00:39:23 GMT 2024","","SYNTH-BUFFER","SYNTH-BUFFER",""
"","47","FC-XP.28","","Wed Nov 20 01:18:18 GMT 2024","failed","Wed Nov 20 01:18:18 GMT 2024","","FORWARD-CHAINING","FORWARD-CHAINING",""
"","4000","hyperon-experimental_scripts.b0_chaining_prelim","","Wed Nov 20 00:35:33 GMT 2024","passed","Wed Nov 20 00:35:37 GMT 2024","","WHOLE-TESTS","WHOLE-TESTS",""
"","2","STRING-TESTS.12","","Wed Nov 20 00:37:14 GMT 2024","passed","Wed Nov 20 00:37:14 GMT 2024","","HYPERON-METTALOG-SANITY","HYPERON-METTALOG-SANITY",""
"","130","ADD-REMOVE-MATCH-MIX-FLOAT-INTEGER.25","","Wed Nov 20 00:52:35 GMT 2024","failed","Wed Nov 20 00:52:35 GMT 2024","","SPACES","SPACES",""
"","81","STATE-TYPES.19","","Wed Nov 20 01:57:00 GMT 2024","failed","Wed Nov 20 01:57:00 GMT 2024","","BASIC","BASIC",""
"","44000","synth_buffer.time_synthesize_long","","Wed Nov 20 00:35:33 GMT 2024","failed","Wed Nov 20 00:36:17 GMT 2024","","WHOLE-TESTS","WHOLE-TESTS",""
"","13","D1-GADT.09","","Wed Nov 20 00:35:38 GMT 2024","passed","Wed Nov 20 00:35:38 GMT 2024","","HYPERON-EXPERIMENTAL-SCRIPTS","HYPERON-EXPERIMENTAL-SCRIPTS",""
"","25","FACTORIAL.01","","Wed Nov 20 00:41:08 GMT 2024","passed","Wed Nov 20 00:41:08 GMT 2024","","METTA-MORPH-TESTS","METTA-MORPH-TESTS",""
"","6000","hyperon-experimental_scripts.c3_pln_stv","","Wed Nov 20 00:35:33 GMT 2024","passed","Wed Nov 20 00:35:39 GMT 2024","","WHOLE-TESTS","WHOLE-TESTS",""
"","2","00-LANG-CASE.09","","Wed Nov 20 00:37:14 GMT 2024","passed","Wed Nov 20 00:37:14 GMT 2024","","HYPERON-METTALOG-SANITY","HYPERON-METTALOG-SANITY",""
"","2","DEDUCTIONFORMULATEST.08","","Wed Nov 20 01:16:03 GMT 2024","passed","Wed Nov 20 01:16:03 GMT 2024","","FORMULA","FORMULA",""
"","2","STDLIB-METTALOG-TEST-PT2.07","","Wed Nov 20 00:54:39 GMT 2024","passed","Wed Nov 20 00:54:39 GMT 2024","","STDLIB-METTALOG","STDLIB-METTALOG",""
"","3","FC-XP.19","","Wed Nov 20 01:18:18 GMT 2024","passed","Wed Nov 20 01:18:18 GMT 2024","","FORWARD-CHAINING","FORWARD-CHAINING",""
"","3","TYPE-PROP.09","","Wed Nov 20 01:11:15 GMT 2024","passed","Wed Nov 20 01:11:15 GMT 2024","","CHECK-TYPES-TEMP","CHECK-TYPES-TEMP",""
"","2","LISTTEST.19","","Wed Nov 20 01:15:41 GMT 2024","passed","Wed Nov 20 01:15:41 GMT 2024","","COMMON","COMMON",""
"","2","QUERIES.05","","Wed Nov 20 01:07:51 GMT 2024","passed","Wed Nov 20 01:07:51 GMT 2024","","STRIPS-TO-METTA-IMPROVED","STRIPS-TO-METTA-IMPROVED",""
"","2","A1-SYMBOLS.06","","Wed Nov 20 00:35:38 GMT 2024","passed","Wed Nov 20 00:35:38 GMT 2024","","HYPERON-EXPERIMENTAL-SCRIPTS","HYPERON-EXPERIMENTAL-SCRIPTS",""
"","3","F1-IMPORTS.01","","Wed Nov 20 00:45:22 GMT 2024","passed","Wed Nov 20 00:45:22 GMT 2024","","QUICK","QUICK",""
"","2","A3-TWOSIDE.02","","Wed Nov 20 00:35:38 GMT 2024","passed","Wed Nov 20 00:35:38 GMT 2024","","HYPERON-EXPERIMENTAL-SCRIPTS","HYPERON-EXPERIMENTAL-SCRIPTS",""
"","90","STATE-TYPES.18","","Wed Nov 20 01:57:00 GMT 2024","failed","Wed Nov 20 01:57:00 GMT 2024","","BASIC","BASIC",""
"","4000","hyperon-mettalog_sanity.is_space","","Wed Nov 20 00:35:33 GMT 2024","passed","Wed Nov 20 00:35:37 GMT 2024","","WHOLE-TESTS","WHOLE-TESTS",""
"","3","00-LANG-CASE.10","","Wed Nov 20 00:37:14 GMT 2024","passed","Wed Nov 20 00:37:14 GMT 2024","","HYPERON-METTALOG-SANITY","HYPERON-METTALOG-SANITY",""
"","2","HYPERPOSING-SHARED.02","","Wed Nov 20 01:57:00 GMT 2024","passed","Wed Nov 20 01:57:00 GMT 2024","","BASIC","BASIC",""
"","6","PREREQS.09","","Wed Nov 20 00:45:49 GMT 2024","passed","Wed Nov 20 00:45:49 GMT 2024","","MAIN-BRANCH","MAIN-BRANCH",""
"","3","ORDEREDSETTEST.01","","Wed Nov 20 01:15:41 GMT 2024","passed","Wed Nov 20 01:15:41 GMT 2024","","COMMON","COMMON",""
"","1","CHAPTER-1-2.02","","Wed Nov 20 00:54:49 GMT 2024","passed","Wed Nov 20 00:54:49 GMT 2024","","SICP-BOOK","SICP-BOOK",""
"","2","A3-TWOSIDE.03","","Wed Nov 20 00:35:38 GMT 2024","passed","Wed Nov 20 00:35:38 GMT 2024","","HYPERON-EXPERIMENTAL-SCRIPTS","HYPERON-EXPERIMENTAL-SCRIPTS",""
"","40000","comparisons.fibo_arg1c","","Wed Nov 20 00:35:33 GMT 2024","failed","Wed Nov 20 00:36:13 GMT 2024","","WHOLE-TESTS","WHOLE-TESTS",""
"","287","SELF-CONTAINED-SYNTHESIZE.11","","Wed Nov 20 01:26:05 GMT 2024","failed","Wed Nov 20 01:26:05 GMT 2024","","EXPERIMENTS","EXPERIMENTS",""
"","4000","hyperon-mettalog_sanity.base_test_repr_parse_intersection","","Wed Nov 20 00:35:33 GMT 2024","passed","Wed Nov 20 00:35:37 GMT 2024","","WHOLE-TESTS","WHOLE-TESTS",""
"","2","B5-TYPES-PRELIM.18","","Wed Nov 20 01:11:15 GMT 2024","passed","Wed Nov 20 01:11:15 GMT 2024","","CHECK-TYPES-TEMP","CHECK-TYPES-TEMP",""
"","63","STDLIB-METTALOG-TEST-PT2.72","","Wed Nov 20 00:54:39 GMT 2024","failed","Wed Nov 20 00:54:39 GMT 2024","","STDLIB-METTALOG","STDLIB-METTALOG",""
"","87","ADD-REMOVE-MATCH-INTEGER.38","","Wed Nov 20 00:52:35 GMT 2024","passed","Wed Nov 20 00:52:35 GMT 2024","","SPACES","SPACES",""
"","5000","experiments.unify-via-let","","Wed Nov 20 00:35:33 GMT 2024","passed","Wed Nov 20 00:35:38 GMT 2024","","WHOLE-TESTS","WHOLE-TESTS",""
"","1097","RED-BLACK.02","","Wed Nov 20 01:06:56 GMT 2024","passed","Wed Nov 20 01:06:57 GMT 2024","","RED-BLACK-LAMBDA","RED-BLACK-LAMBDA",""
"","2","DEFINE-IF-LIKE.06","","Wed Nov 20 01:47:02 GMT 2024","passed","Wed Nov 20 01:47:02 GMT 2024","","DIRECT-COMP","DIRECT-COMP",""
"","3","HYPERPOSING.01","","Wed Nov 20 01:57:00 GMT 2024","passed","Wed Nov 20 01:57:00 GMT 2024","","BASIC","BASIC",""
"","41000","basic.hanoi-peg-space","","Wed Nov 20 00:35:33 GMT 2024","failed","Wed Nov 20 00:36:14 GMT 2024","","WHOLE-TESTS","WHOLE-TESTS",""
"","4000","anti-regression.mettalogTestCurried2","","Wed Nov 20 00:35:33 GMT 2024","passed","Wed Nov 20 00:35:37 GMT 2024","","WHOLE-TESTS","WHOLE-TESTS",""
"","2","ADD-REMOVE-MATCH-INTEGER.41","","Wed Nov 20 00:52:35 GMT 2024","passed","Wed Nov 20 00:52:35 GMT 2024","","SPACES","SPACES",""
"","5000","hyperon-mettalog_sanity.first_answer","","Wed Nov 20 00:35:33 GMT 2024","passed","Wed Nov 20 00:35:38 GMT 2024","","WHOLE-TESTS","WHOLE-TESTS",""
"","2","BC-XP.16","","Wed Nov 20 01:15:32 GMT 2024","passed","Wed Nov 20 01:15:32 GMT 2024","","BACKWARD-CHAINING","BACKWARD-CHAINING",""
"","2","SUBTRACTION-TEST.03","","Wed Nov 20 00:37:14 GMT 2024","passed","Wed Nov 20 00:37:14 GMT 2024","","HYPERON-METTALOG-SANITY","HYPERON-METTALOG-SANITY",""
"","95","INTERSECTION-TESTS.28","","Wed Nov 20 00:37:14 GMT 2024","failed","Wed Nov 20 00:37:14 GMT 2024","","HYPERON-METTALOG-SANITY","HYPERON-METTALOG-SANITY",""
"","111","SPACE-INTERSECTION-TESTS.09","","Wed Nov 20 00:37:14 GMT 2024","failed","Wed Nov 20 00:37:14 GMT 2024","","HYPERON-METTALOG-SANITY","HYPERON-METTALOG-SANITY",""
"","2","TESTS0.04","","Wed Nov 20 01:39:14 GMT 2024","passed","Wed Nov 20 01:39:14 GMT 2024","","NEW","NEW",""
"","2","B5-TYPES-PRELIM.12","","Wed Nov 20 00:35:38 GMT 2024","passed","Wed Nov 20 00:35:38 GMT 2024","","HYPERON-EXPERIMENTAL-SCRIPTS","HYPERON-EXPERIMENTAL-SCRIPTS",""
"","5000","dependent-types.SupportRuleExp","","Wed Nov 20 00:35:33 GMT 2024","passed","Wed Nov 20 00:35:38 GMT 2024","","WHOLE-TESTS","WHOLE-TESTS",""
"","2","ORDEREDSETTEST.05","","Wed Nov 20 01:15:41 GMT 2024","passed","Wed Nov 20 01:15:41 GMT 2024","","COMMON","COMMON",""
"","81","TOO-EAGER-MATH.01","","Wed Nov 20 01:56:00 GMT 2024","passed","Wed Nov 20 01:56:00 GMT 2024","","POSSIBLY-WRONG","POSSIBLY-WRONG",""
"","2","C1-GROUNDED-BASIC.03","","Wed Nov 20 00:45:22 GMT 2024","passed","Wed Nov 20 00:45:22 GMT 2024","","QUICK","QUICK",""
"","4000","chaining.chaining_prelim","","Wed Nov 20 00:35:33 GMT 2024","passed","Wed Nov 20 00:35:37 GMT 2024","","WHOLE-TESTS","WHOLE-TESTS",""
"","3","BCHAIN.01","","Wed Nov 20 01:48:28 GMT 2024","passed","Wed Nov 20 01:48:28 GMT 2024","","WALK-THRU","WALK-THRU",""
"","4","SUBTRACTION-TEST.10","","Wed Nov 20 00:37:14 GMT 2024","passed","Wed Nov 20 00:37:14 GMT 2024","","HYPERON-METTALOG-SANITY","HYPERON-METTALOG-SANITY",""
"","101","ADD-REMOVE-MATCH-SYMBOLS.14","","Wed Nov 20 00:52:35 GMT 2024","passed","Wed Nov 20 00:52:35 GMT 2024","","SPACES","SPACES",""
"","40000","fizzbuzz.constructive","","Wed Nov 20 00:35:33 GMT 2024","failed","Wed Nov 20 00:36:13 GMT 2024","","WHOLE-TESTS","WHOLE-TESTS",""
"","5000","truthvalue.TruthValueTest","","Wed Nov 20 00:35:33 GMT 2024","passed","Wed Nov 20 00:35:38 GMT 2024","","WHOLE-TESTS","WHOLE-TESTS",""
"","44","FORWARD-CHAINER-XP.13","","Wed Nov 20 01:18:08 GMT 2024","failed","Wed Nov 20 01:18:08 GMT 2024","","FORWARD-CHAINER","FORWARD-CHAINER",""
"","2","B5-TYPES-PRELIM.07","","Wed Nov 20 01:11:15 GMT 2024","passed","Wed Nov 20 01:11:15 GMT 2024","","CHECK-TYPES-TEMP","CHECK-TYPES-TEMP",""
"","2","STDLIB-METTALOG-TEST-PT2.44","","Wed Nov 20 00:54:39 GMT 2024","passed","Wed Nov 20 00:54:39 GMT 2024","","STDLIB-METTALOG","STDLIB-METTALOG",""
"","4000","multidirectional.obif_easy","","Wed Nov 20 00:35:33 GMT 2024","passed","Wed Nov 20 00:35:37 GMT 2024","","WHOLE-TESTS","WHOLE-TESTS",""
"","2","ADD-REMOVE-MATCH-MIX-FLOAT-INTEGER.19","","Wed Nov 20 00:52:35 GMT 2024","passed","Wed Nov 20 00:52:35 GMT 2024","","SPACES","SPACES",""
"","2","D4-TYPE-PROP.17","","Wed Nov 20 00:45:22 GMT 2024","passed","Wed Nov 20 00:45:22 GMT 2024","","QUICK","QUICK",""
"","2","D4-TYPE-PROP.06","","Wed Nov 20 00:35:38 GMT 2024","passed","Wed Nov 20 00:35:38 GMT 2024","","HYPERON-EXPERIMENTAL-SCRIPTS","HYPERON-EXPERIMENTAL-SCRIPTS",""
"","28000","inference-control.inf-ctl-month-xp","","Wed Nov 20 00:35:33 GMT 2024","passed","Wed Nov 20 00:36:01 GMT 2024","","WHOLE-TESTS","WHOLE-TESTS",""
"","4000","hyperon-mettalog_sanity.01_lang_inc","","Wed Nov 20 00:35:33 GMT 2024","passed","Wed Nov 20 00:35:37 GMT 2024","","WHOLE-TESTS","WHOLE-TESTS",""
"","2","INF-CTL-MONTH-XP-SHORT-3.12","","Wed Nov 20 02:03:20 GMT 2024","passed","Wed Nov 20 02:03:20 GMT 2024","","COMPARISONS","COMPARISONS",""
"","2","C1-GROUNDED-BASIC.16","","Wed Nov 20 00:45:22 GMT 2024","passed","Wed Nov 20 00:45:22 GMT 2024","","QUICK","QUICK",""
"","2","ADD-REMOVE-MATCH-INTEGER.31","","Wed Nov 20 00:52:35 GMT 2024","passed","Wed Nov 20 00:52:35 GMT 2024","","SPACES","SPACES",""
"","8000","iterative-chaining.ibc-xp","","Wed Nov 20 00:35:33 GMT 2024","passed","Wed Nov 20 00:35:41 GMT 2024","","WHOLE-TESTS","WHOLE-TESTS",""
"","2","DEDUCTIONFORMULATEST.09","","Wed Nov 20 01:16:03 GMT 2024","passed","Wed Nov 20 01:16:03 GMT 2024","","FORMULA","FORMULA",""
"","3","D2-HIGHERFUNC.17","","Wed Nov 20 00:35:38 GMT 2024","passed","Wed Nov 20 00:35:38 GMT 2024","","HYPERON-EXPERIMENTAL-SCRIPTS","HYPERON-EXPERIMENTAL-SCRIPTS",""
"","76","INF-CTL-MONTH-XP.12","","Wed Nov 20 01:19:32 GMT 2024","failed","Wed Nov 20 01:19:32 GMT 2024","","INFERENCE-CONTROL","INFERENCE-CONTROL",""
"","3","IF.01","","Wed Nov 20 00:41:08 GMT 2024","passed","Wed Nov 20 00:41:08 GMT 2024","","METTA-MORPH-TESTS","METTA-MORPH-TESTS",""
"","2","DEDUCTIONFORMULATEST.06","","Wed Nov 20 01:16:03 GMT 2024","passed","Wed Nov 20 01:16:03 GMT 2024","","FORMULA","FORMULA",""
"","2","TMPMATCH2.03","","Wed Nov 20 01:48:28 GMT 2024","passed","Wed Nov 20 01:48:28 GMT 2024","","WALK-THRU","WALK-THRU",""
"","91","STDLIB-METTALOG-TEST-PT2.59","","Wed Nov 20 00:54:39 GMT 2024","failed","Wed Nov 20 00:54:39 GMT 2024","","STDLIB-METTALOG","STDLIB-METTALOG",""
"","326","METTALOGTESTCURRIED2.07","","Wed Nov 20 01:48:28 GMT 2024","passed","Wed Nov 20 01:48:28 GMT 2024","","WALK-THRU","WALK-THRU",""
"","59","CREATE-SERVER.04","","Wed Nov 20 01:52:49 GMT 2024","failed","Wed Nov 20 01:52:49 GMT 2024","","DISTRIBUTED-PROCESSING","DISTRIBUTED-PROCESSING",""
"","4000","module-system.f1_imports","","Wed Nov 20 00:35:33 GMT 2024","passed","Wed Nov 20 00:35:37 GMT 2024","","WHOLE-TESTS","WHOLE-TESTS",""
"","186","SYNTHESIZE-VIA-UNIFY-TEST.05","","Wed Nov 20 01:26:05 GMT 2024","failed","Wed Nov 20 01:26:05 GMT 2024","","EXPERIMENTS","EXPERIMENTS",""
"","69","OBIF-CLP.01","","Wed Nov 20 01:54:43 GMT 2024","failed","Wed Nov 20 01:54:43 GMT 2024","","MULTIDIRECTIONAL","MULTIDIRECTIONAL",""
"","580","IOIOIOI.03","","Wed Nov 20 01:54:43 GMT 2024","passed","Wed Nov 20 01:54:43 GMT 2024","","MULTIDIRECTIONAL","MULTIDIRECTIONAL",""
"","2","QUERIES.03","","Wed Nov 20 01:07:51 GMT 2024","passed","Wed Nov 20 01:07:51 GMT 2024","","STRIPS-TO-METTA-IMPROVED","STRIPS-TO-METTA-IMPROVED",""
"","1","D2-HIGHERFUNC.17","","Wed Nov 20 01:11:36 GMT 2024","passed","Wed Nov 20 01:11:36 GMT 2024","","CHECK-TYPES","CHECK-TYPES",""
"","1","BC-XP.20","","Wed Nov 20 01:15:32 GMT 2024","passed","Wed Nov 20 01:15:32 GMT 2024","","BACKWARD-CHAINING","BACKWARD-CHAINING",""
"","2","D4-TYPE-PROP.15","","Wed Nov 20 00:35:38 GMT 2024","passed","Wed Nov 20 00:35:38 GMT 2024","","HYPERON-EXPERIMENTAL-SCRIPTS","HYPERON-EXPERIMENTAL-SCRIPTS",""
"","2","B0-CHAINING-PRELIM.02","","Wed Nov 20 00:35:38 GMT 2024","passed","Wed Nov 20 00:35:38 GMT 2024","","HYPERON-EXPERIMENTAL-SCRIPTS","HYPERON-EXPERIMENTAL-SCRIPTS",""
"","13","D1-GADT.05","","Wed Nov 20 00:35:38 GMT 2024","passed","Wed Nov 20 00:35:38 GMT 2024","","HYPERON-EXPERIMENTAL-SCRIPTS","HYPERON-EXPERIMENTAL-SCRIPTS",""
"","225","CREATION.03","","Wed Nov 20 01:08:32 GMT 2024","failed","Wed Nov 20 01:08:32 GMT 2024","","TRAVERSER","TRAVERSER",""
"","2","F1-IMPORTS.06","","Wed Nov 20 00:35:38 GMT 2024","passed","Wed Nov 20 00:35:38 GMT 2024","","HYPERON-EXPERIMENTAL-SCRIPTS","HYPERON-EXPERIMENTAL-SCRIPTS",""
"","2","HYPERPOSE.07","","Wed Nov 20 00:41:08 GMT 2024","passed","Wed Nov 20 00:41:08 GMT 2024","","METTA-MORPH-TESTS","METTA-MORPH-TESTS",""
"","2","TYPE-PROP.65","","Wed Nov 20 01:11:15 GMT 2024","passed","Wed Nov 20 01:11:15 GMT 2024","","CHECK-TYPES-TEMP","CHECK-TYPES-TEMP",""
"","2","XOR-TEST.08","","Wed Nov 20 00:37:14 GMT 2024","passed","Wed Nov 20 00:37:14 GMT 2024","","HYPERON-METTALOG-SANITY","HYPERON-METTALOG-SANITY",""
"","2","BACKWARD-CHAINER-XP.05","","Wed Nov 20 01:15:26 GMT 2024","passed","Wed Nov 20 01:15:26 GMT 2024","","BACKWARD-CHAINER","BACKWARD-CHAINER",""
"","2","PC-XP.08","","Wed Nov 20 01:24:14 GMT 2024","passed","Wed Nov 20 01:24:14 GMT 2024","","POLYWARD-CHAINING","POLYWARD-CHAINING",""
"","3","D2-HIGHERFUNC.26","","Wed Nov 20 00:45:22 GMT 2024","passed","Wed Nov 20 00:45:22 GMT 2024","","QUICK","QUICK",""
"","2","IBC-XP.18","","Wed Nov 20 01:21:33 GMT 2024","passed","Wed Nov 20 01:21:33 GMT 2024","","ITERATIVE-CHAINING","ITERATIVE-CHAINING",""
"","8000","comparisons.nils_if_control_test_2","","Wed Nov 20 00:35:33 GMT 2024","passed","Wed Nov 20 00:35:41 GMT 2024","","WHOLE-TESTS","WHOLE-TESTS",""
"","3","ADD-ATOM-MATCH.01","","Wed Nov 20 00:41:08 GMT 2024","passed","Wed Nov 20 00:41:08 GMT 2024","","METTA-MORPH-TESTS","METTA-MORPH-TESTS",""
"","60","IMPL-METTALOGTESTCURRIED.07","","Wed Nov 20 01:48:28 GMT 2024","passed","Wed Nov 20 01:48:28 GMT 2024","","WALK-THRU","WALK-THRU",""
"","2","TYPE-PROP.08","","Wed Nov 20 00:50:19 GMT 2024","passed","Wed Nov 20 00:50:19 GMT 2024","","CHAINING","CHAINING",""
"","2","TMPMATCH1.03","","Wed Nov 20 01:48:28 GMT 2024","passed","Wed Nov 20 01:48:28 GMT 2024","","WALK-THRU","WALK-THRU",""
"","2","BACKWARD-CHAINER-XP.17","","Wed Nov 20 01:15:26 GMT 2024","passed","Wed Nov 20 01:15:26 GMT 2024","","BACKWARD-CHAINER","BACKWARD-CHAINER",""
"","2","ADD-REMOVE-MATCH-FLOAT.10","","Wed Nov 20 00:52:35 GMT 2024","passed","Wed Nov 20 00:52:35 GMT 2024","","SPACES","SPACES",""
"","3","CHAPTER-2-2.01","","Wed Nov 20 00:54:49 GMT 2024","passed","Wed Nov 20 00:54:49 GMT 2024","","SICP-BOOK","SICP-BOOK",""
"","2","D1-GADT.01","","Wed Nov 20 00:35:38 GMT 2024","passed","Wed Nov 20 00:35:38 GMT 2024","","HYPERON-EXPERIMENTAL-SCRIPTS","HYPERON-EXPERIMENTAL-SCRIPTS",""
"","3","PLN-XP-LOCAL-V2.01","","Wed Nov 20 00:50:19 GMT 2024","passed","Wed Nov 20 00:50:19 GMT 2024","","CHAINING","CHAINING",""
"","3","DEDUCTIONDTLTEST.02","","Wed Nov 20 01:14:18 GMT 2024","passed","Wed Nov 20 01:14:18 GMT 2024","","DEPENDENT-TYPES","DEPENDENT-TYPES",""
"","3","SYNTHESIZE-VIA-TYPE-CHECKING.10","","Wed Nov 20 01:26:05 GMT 2024","passed","Wed Nov 20 01:26:05 GMT 2024","","EXPERIMENTS","EXPERIMENTS",""
"","3","HYPERPOSING.03","","Wed Nov 20 01:57:00 GMT 2024","passed","Wed Nov 20 01:57:00 GMT 2024","","BASIC","BASIC",""
"","4000","metta-morph_tests.hyperpose","","Wed Nov 20 00:35:33 GMT 2024","passed","Wed Nov 20 00:35:37 GMT 2024","","WHOLE-TESTS","WHOLE-TESTS",""
"","3","SUPERCOLLAPSE.02","","Wed Nov 20 00:41:08 GMT 2024","passed","Wed Nov 20 00:41:08 GMT 2024","","METTA-MORPH-TESTS","METTA-MORPH-TESTS",""
"","2","HIGHER-ORDER-FUNCS.05","","Wed Nov 20 00:53:17 GMT 2024","passed","Wed Nov 20 00:53:17 GMT 2024","","STD","STD",""
"","2","AI-SERVICE-COMPOSITION-EASY.01","","Wed Nov 20 01:08:43 GMT 2024","passed","Wed Nov 20 01:08:43 GMT 2024","","AI-SERVICE","AI-SERVICE",""
"","2","A1-SYMBOLS.02","","Wed Nov 20 00:35:38 GMT 2024","passed","Wed Nov 20 00:35:38 GMT 2024","","HYPERON-EXPERIMENTAL-SCRIPTS","HYPERON-EXPERIMENTAL-SCRIPTS",""
"","3","FORWARD-CHAINER-TEST.11","","Wed Nov 20 01:18:08 GMT 2024","passed","Wed Nov 20 01:18:08 GMT 2024","","FORWARD-CHAINER","FORWARD-CHAINER",""
"","108","D5-AUTO-TYPES.04","","Wed Nov 20 00:35:38 GMT 2024","failed","Wed Nov 20 00:35:38 GMT 2024","","HYPERON-EXPERIMENTAL-SCRIPTS","HYPERON-EXPERIMENTAL-SCRIPTS",""
"","32","STDLIB-METTALOG-TEST-PT2.18","","Wed Nov 20 00:54:39 GMT 2024","failed","Wed Nov 20 00:54:39 GMT 2024","","STDLIB-METTALOG","STDLIB-METTALOG",""
"","1","QUERIES.16","","Wed Nov 20 01:07:51 GMT 2024","passed","Wed Nov 20 01:07:51 GMT 2024","","STRIPS-TO-METTA-IMPROVED","STRIPS-TO-METTA-IMPROVED",""
"","7000","basic.hanoi-one-space","","Wed Nov 20 00:35:33 GMT 2024","passed","Wed Nov 20 00:35:40 GMT 2024","","WHOLE-TESTS","WHOLE-TESTS",""
"","40000","nars_extras.TestNARS_listing","","Wed Nov 20 00:35:33 GMT 2024","failed","Wed Nov 20 00:36:13 GMT 2024","","WHOLE-TESTS","WHOLE-TESTS",""
"","3","CHAINING-PRELIM.02","","Wed Nov 20 00:50:19 GMT 2024","passed","Wed Nov 20 00:50:19 GMT 2024","","CHAINING","CHAINING",""
"","105","TYPE-PROP.76","","Wed Nov 20 01:11:15 GMT 2024","failed","Wed Nov 20 01:11:15 GMT 2024","","CHECK-TYPES-TEMP","CHECK-TYPES-TEMP",""
"","2","A1-SYMBOLS.03","","Wed Nov 20 00:35:38 GMT 2024","passed","Wed Nov 20 00:35:38 GMT 2024","","HYPERON-EXPERIMENTAL-SCRIPTS","HYPERON-EXPERIMENTAL-SCRIPTS",""
"","2","CHAPTER-1-1.15","","Wed Nov 20 00:54:49 GMT 2024","passed","Wed Nov 20 00:54:49 GMT 2024","","SICP-BOOK","SICP-BOOK",""
"","3","FC-XP.02","","Wed Nov 20 01:18:18 GMT 2024","passed","Wed Nov 20 01:18:18 GMT 2024","","FORWARD-CHAINING","FORWARD-CHAINING",""
"","76","B5-TYPES-PRELIM.02","","Wed Nov 20 00:35:38 GMT 2024","failed","Wed Nov 20 00:35:38 GMT 2024","","HYPERON-EXPERIMENTAL-SCRIPTS","HYPERON-EXPERIMENTAL-SCRIPTS",""
"","4000","hol.ListTest","","Wed Nov 20 00:35:33 GMT 2024","passed","Wed Nov 20 00:35:37 GMT 2024","","WHOLE-TESTS","WHOLE-TESTS",""
"","47","C1-GROUNDED-BASIC.15","","Wed Nov 20 00:35:38 GMT 2024","failed","Wed Nov 20 00:35:38 GMT 2024","","HYPERON-EXPERIMENTAL-SCRIPTS","HYPERON-EXPERIMENTAL-SCRIPTS",""
"","3","UNIFY-VIA-CASE.01","","Wed Nov 20 01:26:05 GMT 2024","passed","Wed Nov 20 01:26:05 GMT 2024","","EXPERIMENTS","EXPERIMENTS",""
"","40000","parallelism.builtins","","Wed Nov 20 00:35:33 GMT 2024","failed","Wed Nov 20 00:36:13 GMT 2024","","WHOLE-TESTS","WHOLE-TESTS",""
"","11","HIGHER-ORDER-FUNCS.02","","Wed Nov 20 00:53:17 GMT 2024","failed","Wed Nov 20 00:53:17 GMT 2024","","STD","STD",""
"","2","IBC-XP.23","","Wed Nov 20 01:21:33 GMT 2024","passed","Wed Nov 20 01:21:33 GMT 2024","","ITERATIVE-CHAINING","ITERATIVE-CHAINING",""
"","2","MAYBETEST.02","","Wed Nov 20 01:15:41 GMT 2024","passed","Wed Nov 20 01:15:41 GMT 2024","","COMMON","COMMON",""
"","75","F1-IMPORTS.18","","Wed Nov 20 00:35:38 GMT 2024","passed","Wed Nov 20 00:35:38 GMT 2024","","HYPERON-EXPERIMENTAL-SCRIPTS","HYPERON-EXPERIMENTAL-SCRIPTS",""
"","1","HYPERPOSE.08","","Wed Nov 20 00:41:08 GMT 2024","passed","Wed Nov 20 00:41:08 GMT 2024","","METTA-MORPH-TESTS","METTA-MORPH-TESTS",""
"","5000","comparisons.add-atom-naive-fib","","Wed Nov 20 00:35:33 GMT 2024","passed","Wed Nov 20 00:35:38 GMT 2024","","WHOLE-TESTS","WHOLE-TESTS",""
"","2","HIGHER-ORDER-FUNCS.10","","Wed Nov 20 00:53:17 GMT 2024","passed","Wed Nov 20 00:53:17 GMT 2024","","STD","STD",""
"","3","BC-XP.09","","Wed Nov 20 01:15:32 GMT 2024","passed","Wed Nov 20 01:15:32 GMT 2024","","BACKWARD-CHAINING","BACKWARD-CHAINING",""
"","40","STDLIB-METTALOG-TEST-PT2.08","","Wed Nov 20 00:54:39 GMT 2024","failed","Wed Nov 20 00:54:39 GMT 2024","","STDLIB-METTALOG","STDLIB-METTALOG",""
"","2","C1-GROUNDED-BASIC.06","","Wed Nov 20 00:45:22 GMT 2024","passed","Wed Nov 20 00:45:22 GMT 2024","","QUICK","QUICK",""
"","1","F1-MODULEA.04","","Wed Nov 20 00:45:22 GMT 2024","passed","Wed Nov 20 00:45:22 GMT 2024","","QUICK","QUICK",""
"","2","CHAPTER-2-2.11","","Wed Nov 20 00:54:49 GMT 2024","passed","Wed Nov 20 00:54:49 GMT 2024","","SICP-BOOK","SICP-BOOK",""
"","2","ADD-REMOVE-MATCH-S-SYMBOLS.05","","Wed Nov 20 00:52:35 GMT 2024","passed","Wed Nov 20 00:52:35 GMT 2024","","SPACES","SPACES",""
"","1","D4-TYPE-PROP.09","","Wed Nov 20 00:35:38 GMT 2024","passed","Wed Nov 20 00:35:38 GMT 2024","","HYPERON-EXPERIMENTAL-SCRIPTS","HYPERON-EXPERIMENTAL-SCRIPTS",""
"","3","STDLIB-METTALOG-TEST-PT2.67","","Wed Nov 20 00:54:39 GMT 2024","passed","Wed Nov 20 00:54:39 GMT 2024","","STDLIB-METTALOG","STDLIB-METTALOG",""
"","40000","debugging.hyperon_experimental_issue_530","","Wed Nov 20 00:35:33 GMT 2024","failed","Wed Nov 20 00:36:13 GMT 2024","","WHOLE-TESTS","WHOLE-TESTS",""
"","2","D2-HIGHERFUNC.11","","Wed Nov 20 01:11:36 GMT 2024","passed","Wed Nov 20 01:11:36 GMT 2024","","CHECK-TYPES","CHECK-TYPES",""
"","2","MATCH-SUPERPOSED-SPACES.02","","Wed Nov 20 00:41:08 GMT 2024","passed","Wed Nov 20 00:41:08 GMT 2024","","METTA-MORPH-TESTS","METTA-MORPH-TESTS",""
"","193","USE-TWO-SERVERS.01","","Wed Nov 20 01:52:49 GMT 2024","failed","Wed Nov 20 01:52:49 GMT 2024","","DISTRIBUTED-PROCESSING","DISTRIBUTED-PROCESSING",""
"","2","ADD-REMOVE-MATCH-S-STRINGS.12","","Wed Nov 20 00:52:35 GMT 2024","passed","Wed Nov 20 00:52:35 GMT 2024","","SPACES","SPACES",""
"","2","B0-CHAINING-PRELIM.03","","Wed Nov 20 00:35:38 GMT 2024","passed","Wed Nov 20 00:35:38 GMT 2024","","HYPERON-EXPERIMENTAL-SCRIPTS","HYPERON-EXPERIMENTAL-SCRIPTS",""
"","2","TEST-IF-CLOSED.01","","Wed Nov 20 01:48:28 GMT 2024","passed","Wed Nov 20 01:48:28 GMT 2024","","WALK-THRU","WALK-THRU",""
"","2","STDLIB-METTALOG-TEST-PT2.32","","Wed Nov 20 00:54:39 GMT 2024","passed","Wed Nov 20 00:54:39 GMT 2024","","STDLIB-METTALOG","STDLIB-METTALOG",""
"","2","IBC-XP.20","","Wed Nov 20 01:21:33 GMT 2024","passed","Wed Nov 20 01:21:33 GMT 2024","","ITERATIVE-CHAINING","ITERATIVE-CHAINING",""
"","2","B3-DIRECT.03","","Wed Nov 20 00:35:38 GMT 2024","passed","Wed Nov 20 00:35:38 GMT 2024","","HYPERON-EXPERIMENTAL-SCRIPTS","HYPERON-EXPERIMENTAL-SCRIPTS",""
"","343","IBC-XP.15","","Wed Nov 20 01:21:33 GMT 2024","passed","Wed Nov 20 01:21:33 GMT 2024","","ITERATIVE-CHAINING","ITERATIVE-CHAINING",""
"","5000","metta-morph_tests.let_superpose_list","","Wed Nov 20 00:35:33 GMT 2024","passed","Wed Nov 20 00:35:38 GMT 2024","","WHOLE-TESTS","WHOLE-TESTS",""
"","51","HYPERON-EXPERIMENTAL-ISSUE-481.01","","Wed Nov 20 01:51:44 GMT 2024","failed","Wed Nov 20 01:51:44 GMT 2024","","DEBUGGING","DEBUGGING",""
"","45","FORWARD-CHAINER-TEST.09","","Wed Nov 20 01:18:08 GMT 2024","failed","Wed Nov 20 01:18:08 GMT 2024","","FORWARD-CHAINER","FORWARD-CHAINER",""
"","4000","metta-morph_tests.match_void","","Wed Nov 20 00:35:33 GMT 2024","passed","Wed Nov 20 00:35:37 GMT 2024","","WHOLE-TESTS","WHOLE-TESTS",""
"","1","C1-GROUNDED-BASIC.12","","Wed Nov 20 00:35:38 GMT 2024","passed","Wed Nov 20 00:35:38 GMT 2024","","HYPERON-EXPERIMENTAL-SCRIPTS","HYPERON-EXPERIMENTAL-SCRIPTS",""
"","2","BACKWARD-CHAINER-XP.14","","Wed Nov 20 01:15:26 GMT 2024","passed","Wed Nov 20 01:15:26 GMT 2024","","BACKWARD-CHAINER","BACKWARD-CHAINER",""
"","70","STDLIB-METTALOG-TEST-PT2.17","","Wed Nov 20 00:54:39 GMT 2024","failed","Wed Nov 20 00:54:39 GMT 2024","","STDLIB-METTALOG","STDLIB-METTALOG",""
"","1","STDLIB-METTALOG-TEST-PT2.66","","Wed Nov 20 00:54:39 GMT 2024","passed","Wed Nov 20 00:54:39 GMT 2024","","STDLIB-METTALOG","STDLIB-METTALOG",""
"","2","NATDTLTEST.03","","Wed Nov 20 01:18:23 GMT 2024","passed","Wed Nov 20 01:18:23 GMT 2024","","HOL","HOL",""
"","3","STATES-SPACES.01","","Wed Nov 20 00:41:08 GMT 2024","passed","Wed Nov 20 00:41:08 GMT 2024","","METTA-MORPH-TESTS","METTA-MORPH-TESTS",""
"","3","CHAPTER-1-2.04","","Wed Nov 20 00:54:49 GMT 2024","passed","Wed Nov 20 00:54:49 GMT 2024","","SICP-BOOK","SICP-BOOK",""
"","5000","located.located-test","","Wed Nov 20 00:35:33 GMT 2024","passed","Wed Nov 20 00:35:38 GMT 2024","","WHOLE-TESTS","WHOLE-TESTS",""
"","27000","language_models.pllm_penntree","","Wed Nov 20 00:35:33 GMT 2024","passed","Wed Nov 20 00:36:00 GMT 2024","","WHOLE-TESTS","WHOLE-TESTS",""
"","5000","quick.f1_imports","","Wed Nov 20 00:35:33 GMT 2024","passed","Wed Nov 20 00:35:38 GMT 2024","","WHOLE-TESTS","WHOLE-TESTS",""
"","1","SEQUENTIAL-NESTED.12","","Wed Nov 20 00:41:08 GMT 2024","passed","Wed Nov 20 00:41:08 GMT 2024","","METTA-MORPH-TESTS","METTA-MORPH-TESTS",""
"","165","BASIC.03","","Wed Nov 20 01:08:32 GMT 2024","passed","Wed Nov 20 01:08:32 GMT 2024","","TRAVERSER","TRAVERSER",""
"","3","SUPERCOLLAPSE.01","","Wed Nov 20 00:41:08 GMT 2024","passed","Wed Nov 20 00:41:08 GMT 2024","","METTA-MORPH-TESTS","METTA-MORPH-TESTS",""
"","3","GADT.01","","Wed Nov 20 00:53:17 GMT 2024","passed","Wed Nov 20 00:53:17 GMT 2024","","STD","STD",""
"","2","BCHAIN.01","","Wed Nov 20 00:43:12 GMT 2024","passed","Wed Nov 20 00:43:12 GMT 2024","","ANTI-REGRESSION","ANTI-REGRESSION",""
"","1","IMPLICATIONDIRECTINTRODUCTIONDTLTEST.02","","Wed Nov 20 01:14:18 GMT 2024","passed","Wed Nov 20 01:14:18 GMT 2024","","DEPENDENT-TYPES","DEPENDENT-TYPES",""
"","2","FORWARD-CHAINER-XP.23","","Wed Nov 20 01:18:08 GMT 2024","passed","Wed Nov 20 01:18:08 GMT 2024","","FORWARD-CHAINER","FORWARD-CHAINER",""
"","2","IFC-XP.22","","Wed Nov 20 01:21:33 GMT 2024","passed","Wed Nov 20 01:21:33 GMT 2024","","ITERATIVE-CHAINING","ITERATIVE-CHAINING",""
"","2","D2-HIGHERFUNC.03","","Wed Nov 20 01:11:36 GMT 2024","passed","Wed Nov 20 01:11:36 GMT 2024","","CHECK-TYPES","CHECK-TYPES",""
"","2","AI-SERVICE-COMPOSITION-SANITY.06","","Wed Nov 20 01:08:43 GMT 2024","passed","Wed Nov 20 01:08:43 GMT 2024","","AI-SERVICE","AI-SERVICE",""
"","2","PEANO.01","","Wed Nov 20 00:41:08 GMT 2024","passed","Wed Nov 20 00:41:08 GMT 2024","","METTA-MORPH-TESTS","METTA-MORPH-TESTS",""
"","2","ZEROARGS.01","","Wed Nov 20 00:41:08 GMT 2024","passed","Wed Nov 20 00:41:08 GMT 2024","","METTA-MORPH-TESTS","METTA-MORPH-TESTS",""
"","492","PARENT-GO-1.01","","Wed Nov 20 00:50:19 GMT 2024","passed","Wed Nov 20 00:50:19 GMT 2024","","CHAINING","CHAINING",""
"","4000","std.symbols","","Wed Nov 20 00:35:33 GMT 2024","passed","Wed Nov 20 00:35:37 GMT 2024","","WHOLE-TESTS","WHOLE-TESTS",""
"","2","D2-HIGHERFUNC.08","","Wed Nov 20 00:45:22 GMT 2024","passed","Wed Nov 20 00:45:22 GMT 2024","","QUICK","QUICK",""
"","3","INF-CTL-MONTH-XP.03","","Wed Nov 20 01:19:32 GMT 2024","passed","Wed Nov 20 01:19:32 GMT 2024","","INFERENCE-CONTROL","INFERENCE-CONTROL",""
"","4000","hyperon-mettalog_sanity.string-tests","","Wed Nov 20 00:35:33 GMT 2024","passed","Wed Nov 20 00:35:37 GMT 2024","","WHOLE-TESTS","WHOLE-TESTS",""
"","85","D5-AUTO-TYPES.01","","Wed Nov 20 00:35:38 GMT 2024","failed","Wed Nov 20 00:35:38 GMT 2024","","HYPERON-EXPERIMENTAL-SCRIPTS","HYPERON-EXPERIMENTAL-SCRIPTS",""
"","1","ADD-REMOVE-MATCH-INTEGER.06","","Wed Nov 20 00:52:35 GMT 2024","passed","Wed Nov 20 00:52:35 GMT 2024","","SPACES","SPACES",""
"","43","FORWARD-CHAINER-XP.05","","Wed Nov 20 01:18:08 GMT 2024","failed","Wed Nov 20 01:18:08 GMT 2024","","FORWARD-CHAINER","FORWARD-CHAINER",""
"","2","INF-CTL-MONTH-BC-CONT-XP.24","","Wed Nov 20 01:19:32 GMT 2024","passed","Wed Nov 20 01:19:32 GMT 2024","","INFERENCE-CONTROL","INFERENCE-CONTROL",""
"","4000","introspect.show-space-self","","Wed Nov 20 00:35:33 GMT 2024","passed","Wed Nov 20 00:35:37 GMT 2024","","WHOLE-TESTS","WHOLE-TESTS",""
"","34","INF-CTL-MONTH-XP.11","","Wed Nov 20 01:19:32 GMT 2024","failed","Wed Nov 20 01:19:32 GMT 2024","","INFERENCE-CONTROL","INFERENCE-CONTROL",""
"","472","TESTS0.08","","Wed Nov 20 01:30:18 GMT 2024","failed","Wed Nov 20 01:30:18 GMT 2024","","CURRENT","CURRENT",""
"","3","C1-GROUNDED-BASIC.08","","Wed Nov 20 00:35:38 GMT 2024","passed","Wed Nov 20 00:35:38 GMT 2024","","HYPERON-EXPERIMENTAL-SCRIPTS","HYPERON-EXPERIMENTAL-SCRIPTS",""
"","121","SPACE-INTERSECTION-TESTS.08","","Wed Nov 20 00:37:14 GMT 2024","failed","Wed Nov 20 00:37:14 GMT 2024","","HYPERON-METTALOG-SANITY","HYPERON-METTALOG-SANITY",""
"","2","QUERIES.08","","Wed Nov 20 01:07:51 GMT 2024","passed","Wed Nov 20 01:07:51 GMT 2024","","STRIPS-TO-METTA-IMPROVED","STRIPS-TO-METTA-IMPROVED",""
"","3","TESTS1.02","","Wed Nov 20 01:30:18 GMT 2024","passed","Wed Nov 20 01:30:18 GMT 2024","","CURRENT","CURRENT",""
"","2","TYPE-PROP.45","","Wed Nov 20 01:11:15 GMT 2024","passed","Wed Nov 20 01:11:15 GMT 2024","","CHECK-TYPES-TEMP","CHECK-TYPES-TEMP",""
"","2","D2-HIGHERFUNC.25","","Wed Nov 20 00:45:22 GMT 2024","passed","Wed Nov 20 00:45:22 GMT 2024","","QUICK","QUICK",""
"","856","IBC-XP.26","","Wed Nov 20 01:21:33 GMT 2024","passed","Wed Nov 20 01:21:33 GMT 2024","","ITERATIVE-CHAINING","ITERATIVE-CHAINING",""
"","40000","current.tests1","","Wed Nov 20 00:35:33 GMT 2024","failed","Wed Nov 20 00:36:13 GMT 2024","","WHOLE-TESTS","WHOLE-TESTS",""
"","2","INF-CTL-MONTH-BC-CONT-XP.12","","Wed Nov 20 01:19:32 GMT 2024","passed","Wed Nov 20 01:19:32 GMT 2024","","INFERENCE-CONTROL","INFERENCE-CONTROL",""
"","2","F1-IMPORTS.12","","Wed Nov 20 00:35:29 GMT 2024","passed","Wed Nov 20 00:35:29 GMT 2024","","MODULE-SYSTEM","MODULE-SYSTEM",""
"","155","EXAMPLES-QUANTS.01","","Wed Nov 20 01:55:56 GMT 2024","failed","Wed Nov 20 01:55:56 GMT 2024","","POLYMORPHIC-TYPES","POLYMORPHIC-TYPES",""
"","25","INF-CTL-MONTH-XP.06","","Wed Nov 20 01:19:32 GMT 2024","failed","Wed Nov 20 01:19:32 GMT 2024","","INFERENCE-CONTROL","INFERENCE-CONTROL",""
"","8","NARS-BUILDTUPLECOUNTS.01","","Wed Nov 20 01:34:06 GMT 2024","passed","Wed Nov 20 01:34:06 GMT 2024","","NARS-EXTRAS","NARS-EXTRAS",""
"","14","TEST-INFER-FUNCTION-APPLICATION-TYPE.08","","Wed Nov 20 01:57:00 GMT 2024","failed","Wed Nov 20 01:57:00 GMT 2024","","BASIC","BASIC",""
"","2","ADD-REMOVE-MATCH-S-STRINGS.01","","Wed Nov 20 00:52:35 GMT 2024","passed","Wed Nov 20 00:52:35 GMT 2024","","SPACES","SPACES",""
"","2","TEST-IF-CLOSED.05","","Wed Nov 20 01:48:28 GMT 2024","passed","Wed Nov 20 01:48:28 GMT 2024","","WALK-THRU","WALK-THRU",""
"","5000","hyperon-experimental_scripts.b5_types_prelim","","Wed Nov 20 00:35:33 GMT 2024","passed","Wed Nov 20 00:35:38 GMT 2024","","WHOLE-TESTS","WHOLE-TESTS",""
"","2","C1-GROUNDED-BASIC.16","","Wed Nov 20 00:35:38 GMT 2024","passed","Wed Nov 20 00:35:38 GMT 2024","","HYPERON-EXPERIMENTAL-SCRIPTS","HYPERON-EXPERIMENTAL-SCRIPTS",""
"","2","E2-STATES.03","","Wed Nov 20 01:11:36 GMT 2024","passed","Wed Nov 20 01:11:36 GMT 2024","","CHECK-TYPES","CHECK-TYPES",""
"","2","C1-GROUNDED-BASIC.10","","Wed Nov 20 00:35:38 GMT 2024","passed","Wed Nov 20 00:35:38 GMT 2024","","HYPERON-EXPERIMENTAL-SCRIPTS","HYPERON-EXPERIMENTAL-SCRIPTS",""
"","2","METTALOGTESTCURRIED2.06","","Wed Nov 20 01:48:28 GMT 2024","passed","Wed Nov 20 01:48:28 GMT 2024","","WALK-THRU","WALK-THRU",""
"","2","INF-CTL-XP.05","","Wed Nov 20 01:19:32 GMT 2024","passed","Wed Nov 20 01:19:32 GMT 2024","","INFERENCE-CONTROL","INFERENCE-CONTROL",""
"","2","BACKWARD-CHAINER-XP.07","","Wed Nov 20 01:15:26 GMT 2024","passed","Wed Nov 20 01:15:26 GMT 2024","","BACKWARD-CHAINER","BACKWARD-CHAINER",""
"","2","F1-IMPORTS.12","","Wed Nov 20 00:35:38 GMT 2024","passed","Wed Nov 20 00:35:38 GMT 2024","","HYPERON-EXPERIMENTAL-SCRIPTS","HYPERON-EXPERIMENTAL-SCRIPTS",""
"","2","D4-TYPE-PROP.14","","Wed Nov 20 00:35:38 GMT 2024","passed","Wed Nov 20 00:35:38 GMT 2024","","HYPERON-EXPERIMENTAL-SCRIPTS","HYPERON-EXPERIMENTAL-SCRIPTS",""
"","2","BC-XP.05","","Wed Nov 20 00:50:19 GMT 2024","passed","Wed Nov 20 00:50:19 GMT 2024","","CHAINING","CHAINING",""
"","2","ADD-REMOVE-MATCH-INTEGER.23","","Wed Nov 20 00:52:35 GMT 2024","passed","Wed Nov 20 00:52:35 GMT 2024","","SPACES","SPACES",""
"","2","DEDUCTIONFORMULATEST.10","","Wed Nov 20 01:16:03 GMT 2024","passed","Wed Nov 20 01:16:03 GMT 2024","","FORMULA","FORMULA",""
"","2","FC-XP.18","","Wed Nov 20 01:18:18 GMT 2024","passed","Wed Nov 20 01:18:18 GMT 2024","","FORWARD-CHAINING","FORWARD-CHAINING",""
"","3","INF-CTL-XP.01","","Wed Nov 20 01:19:32 GMT 2024","passed","Wed Nov 20 01:19:32 GMT 2024","","INFERENCE-CONTROL","INFERENCE-CONTROL",""
"","2","INTERSECTION-TESTS.12","","Wed Nov 20 00:37:14 GMT 2024","passed","Wed Nov 20 00:37:14 GMT 2024","","HYPERON-METTALOG-SANITY","HYPERON-METTALOG-SANITY",""
"","4000","comparisons.inf-ctl-month-xp-long","","Wed Nov 20 00:35:33 GMT 2024","passed","Wed Nov 20 00:35:37 GMT 2024","","WHOLE-TESTS","WHOLE-TESTS",""
"","4000","basic.hyperposing","","Wed Nov 20 00:35:33 GMT 2024","passed","Wed Nov 20 00:35:37 GMT 2024","","WHOLE-TESTS","WHOLE-TESTS",""
"","5","OR-TEST.14","","Wed Nov 20 00:37:14 GMT 2024","passed","Wed Nov 20 00:37:14 GMT 2024","","HYPERON-METTALOG-SANITY","HYPERON-METTALOG-SANITY",""
"","2","OR-TEST.19","","Wed Nov 20 00:37:14 GMT 2024","passed","Wed Nov 20 00:37:14 GMT 2024","","HYPERON-METTALOG-SANITY","HYPERON-METTALOG-SANITY",""
"","4000","stack-based.interpreter","","Wed Nov 20 00:35:33 GMT 2024","passed","Wed Nov 20 00:35:37 GMT 2024","","WHOLE-TESTS","WHOLE-TESTS",""
"","2","ADD-REMOVE-MATCH-SS-SYMBOLS.11","","Wed Nov 20 00:52:35 GMT 2024","passed","Wed Nov 20 00:52:35 GMT 2024","","SPACES","SPACES",""
"","2","B2-BACKCHAIN.02","","Wed Nov 20 00:35:38 GMT 2024","passed","Wed Nov 20 00:35:38 GMT 2024","","HYPERON-EXPERIMENTAL-SCRIPTS","HYPERON-EXPERIMENTAL-SCRIPTS",""
"","2","BACKWARD-CHAINER-XP.02","","Wed Nov 20 01:15:26 GMT 2024","passed","Wed Nov 20 01:15:26 GMT 2024","","BACKWARD-CHAINER","BACKWARD-CHAINER",""
"","1","TESTS1-PRE.07","","Wed Nov 20 00:45:49 GMT 2024","passed","Wed Nov 20 00:45:49 GMT 2024","","MAIN-BRANCH","MAIN-BRANCH",""
"","2","TREE.01","","Wed Nov 20 01:00:07 GMT 2024","passed","Wed Nov 20 01:00:07 GMT 2024","","COMBINATOR-CALCULI","COMBINATOR-CALCULI",""
"","2","TESTS0.02","","Wed Nov 20 00:41:08 GMT 2024","passed","Wed Nov 20 00:41:08 GMT 2024","","METTA-MORPH-TESTS","METTA-MORPH-TESTS",""
"","2","FORWARD-CHAINER-XP.14","","Wed Nov 20 01:18:08 GMT 2024","passed","Wed Nov 20 01:18:08 GMT 2024","","FORWARD-CHAINER","FORWARD-CHAINER",""
"","2","ADD-REMOVE-MATCH-MIX-FLOAT-INTEGER.10","","Wed Nov 20 00:52:35 GMT 2024","passed","Wed Nov 20 00:52:35 GMT 2024","","SPACES","SPACES",""
"","3","TESTS1-PRE.01","","Wed Nov 20 00:45:49 GMT 2024","passed","Wed Nov 20 00:45:49 GMT 2024","","MAIN-BRANCH","MAIN-BRANCH",""
"","5000","aunt-kg.baseline_formulation","","Wed Nov 20 00:35:33 GMT 2024","passed","Wed Nov 20 00:35:38 GMT 2024","","WHOLE-TESTS","WHOLE-TESTS",""
"","2","APPEND.02","","Wed Nov 20 01:54:43 GMT 2024","passed","Wed Nov 20 01:54:43 GMT 2024","","MULTIDIRECTIONAL","MULTIDIRECTIONAL",""
"","9","TESTS1.01","","Wed Nov 20 01:43:09 GMT 2024","failed","Wed Nov 20 01:43:09 GMT 2024","","PREV","PREV",""
"","3","D3-DEPTYPES.05","","Wed Nov 20 00:35:38 GMT 2024","passed","Wed Nov 20 00:35:38 GMT 2024","","HYPERON-EXPERIMENTAL-SCRIPTS","HYPERON-EXPERIMENTAL-SCRIPTS",""
"","2","IFC-XP.34","","Wed Nov 20 01:21:33 GMT 2024","passed","Wed Nov 20 01:21:33 GMT 2024","","ITERATIVE-CHAINING","ITERATIVE-CHAINING",""
"","14","E3-MATCH-STATES.06","","Wed Nov 20 00:35:38 GMT 2024","failed","Wed Nov 20 00:35:38 GMT 2024","","HYPERON-EXPERIMENTAL-SCRIPTS","HYPERON-EXPERIMENTAL-SCRIPTS",""
"","14","D1-GADT.05","","Wed Nov 20 01:11:36 GMT 2024","passed","Wed Nov 20 01:11:36 GMT 2024","","CHECK-TYPES","CHECK-TYPES",""
"","2","BACKWARD-CHAINER-XP.33","","Wed Nov 20 01:15:26 GMT 2024","passed","Wed Nov 20 01:15:26 GMT 2024","","BACKWARD-CHAINER","BACKWARD-CHAINER",""
"","2","CHAPTER-1-1.16","","Wed Nov 20 00:54:49 GMT 2024","passed","Wed Nov 20 00:54:49 GMT 2024","","SICP-BOOK","SICP-BOOK",""
"","2","D1-GADT.06","","Wed Nov 20 01:11:36 GMT 2024","passed","Wed Nov 20 01:11:36 GMT 2024","","CHECK-TYPES","CHECK-TYPES",""
"","40","INF-CTL-MONTH-BC-CONT-XP.20","","Wed Nov 20 01:19:32 GMT 2024","failed","Wed Nov 20 01:19:32 GMT 2024","","INFERENCE-CONTROL","INFERENCE-CONTROL",""
"","2","SYNTHESIZE-VIA-TYPE-CHECKING.07","","Wed Nov 20 01:26:05 GMT 2024","passed","Wed Nov 20 01:26:05 GMT 2024","","EXPERIMENTS","EXPERIMENTS",""
"","2","UNIQUE-TEST.07","","Wed Nov 20 00:37:14 GMT 2024","passed","Wed Nov 20 00:37:14 GMT 2024","","HYPERON-METTALOG-SANITY","HYPERON-METTALOG-SANITY",""
"","5000","forward-chainer.forward-chainer-xp","","Wed Nov 20 00:35:33 GMT 2024","passed","Wed Nov 20 00:35:38 GMT 2024","","WHOLE-TESTS","WHOLE-TESTS",""
"","4000","prob-dep-types.inf_order_probs","","Wed Nov 20 00:35:33 GMT 2024","passed","Wed Nov 20 00:35:37 GMT 2024","","WHOLE-TESTS","WHOLE-TESTS",""
"","5000","hyperon-mettalog_sanity.flip_test","","Wed Nov 20 00:35:33 GMT 2024","passed","Wed Nov 20 00:35:38 GMT 2024","","WHOLE-TESTS","WHOLE-TESTS",""
"","63","COMBINED.04","","Wed Nov 20 01:53:09 GMT 2024","failed","Wed Nov 20 01:53:09 GMT 2024","","ITERATORS","ITERATORS",""
"","2","BC-XP.17","","Wed Nov 20 01:15:32 GMT 2024","passed","Wed Nov 20 01:15:32 GMT 2024","","BACKWARD-CHAINING","BACKWARD-CHAINING",""
"","4000","metta-morph_tests.add_atom_match","","Wed Nov 20 00:35:33 GMT 2024","passed","Wed Nov 20 00:35:37 GMT 2024","","WHOLE-TESTS","WHOLE-TESTS",""
"","3","IMPLICATIONDIRECTINTRODUCTIONDTLTEST.06","","Wed Nov 20 01:14:18 GMT 2024","passed","Wed Nov 20 01:14:18 GMT 2024","","DEPENDENT-TYPES","DEPENDENT-TYPES",""
"","2","D2-HIGHERFUNC.13","","Wed Nov 20 01:11:36 GMT 2024","passed","Wed Nov 20 01:11:36 GMT 2024","","CHECK-TYPES","CHECK-TYPES",""
"","109","TESTS0.07","","Wed Nov 20 00:45:49 GMT 2024","passed","Wed Nov 20 00:45:49 GMT 2024","","MAIN-BRANCH","MAIN-BRANCH",""
"","1","D2-HIGHERFUNC.14","","Wed Nov 20 00:35:38 GMT 2024","passed","Wed Nov 20 00:35:38 GMT 2024","","HYPERON-EXPERIMENTAL-SCRIPTS","HYPERON-EXPERIMENTAL-SCRIPTS",""
"","2","TYPE-PROP.51","","Wed Nov 20 01:11:15 GMT 2024","passed","Wed Nov 20 01:11:15 GMT 2024","","CHECK-TYPES-TEMP","CHECK-TYPES-TEMP",""
"","258","IMPLICATIONDIRECTINTRODUCTIONDTLTEST.14","","Wed Nov 20 01:14:18 GMT 2024","passed","Wed Nov 20 01:14:18 GMT 2024","","DEPENDENT-TYPES","DEPENDENT-TYPES",""
"","12","D2-HIGHERFUNC.20","","Wed Nov 20 00:45:22 GMT 2024","passed","Wed Nov 20 00:45:22 GMT 2024","","QUICK","QUICK",""
"","369","IBC-XP.13","","Wed Nov 20 01:21:33 GMT 2024","passed","Wed Nov 20 01:21:33 GMT 2024","","ITERATIVE-CHAINING","ITERATIVE-CHAINING",""
"","15000","anti-regression.mettalogTestCurried","","Wed Nov 20 00:35:33 GMT 2024","failed","Wed Nov 20 00:35:48 GMT 2024","","WHOLE-TESTS","WHOLE-TESTS",""
"","2","00A-LANG-COMPILED-CASE.06","","Wed Nov 20 01:47:02 GMT 2024","passed","Wed Nov 20 01:47:02 GMT 2024","","DIRECT-COMP","DIRECT-COMP",""
"","2","FC-XP.24","","Wed Nov 20 01:18:18 GMT 2024","passed","Wed Nov 20 01:18:18 GMT 2024","","FORWARD-CHAINING","FORWARD-CHAINING",""
"","2","OR-TEST.12","","Wed Nov 20 00:37:14 GMT 2024","passed","Wed Nov 20 00:37:14 GMT 2024","","HYPERON-METTALOG-SANITY","HYPERON-METTALOG-SANITY",""
"","40000","strips-to-metta-improved.queries","","Wed Nov 20 00:35:33 GMT 2024","failed","Wed Nov 20 00:36:13 GMT 2024","","WHOLE-TESTS","WHOLE-TESTS",""
"","47","PC-XP.01","","Wed Nov 20 01:24:14 GMT 2024","failed","Wed Nov 20 01:24:14 GMT 2024","","POLYWARD-CHAINING","POLYWARD-CHAINING",""
"","50","D5-AUTO-TYPES.03","","Wed Nov 20 00:35:38 GMT 2024","failed","Wed Nov 20 00:35:38 GMT 2024","","HYPERON-EXPERIMENTAL-SCRIPTS","HYPERON-EXPERIMENTAL-SCRIPTS",""
"","2386","TESTS1-PRE.04","","Wed Nov 20 00:45:49 GMT 2024","failed","Wed Nov 20 00:45:51 GMT 2024","","MAIN-BRANCH","MAIN-BRANCH",""
"","4","LET-SUPERPOSE-IF-CASE.01","","Wed Nov 20 00:41:08 GMT 2024","passed","Wed Nov 20 00:41:08 GMT 2024","","METTA-MORPH-TESTS","METTA-MORPH-TESTS",""
"","3","IFC-XP.40","","Wed Nov 20 01:21:33 GMT 2024","passed","Wed Nov 20 01:21:33 GMT 2024","","ITERATIVE-CHAINING","ITERATIVE-CHAINING",""
"","3","FORWARD-CHAINER-XP.06","","Wed Nov 20 01:18:08 GMT 2024","passed","Wed Nov 20 01:18:08 GMT 2024","","FORWARD-CHAINER","FORWARD-CHAINER",""
"","41000","python_from_metta.fs","","Wed Nov 20 00:35:33 GMT 2024","failed","Wed Nov 20 00:36:14 GMT 2024","","WHOLE-TESTS","WHOLE-TESTS",""
"","2","ADD-REMOVE-MATCH-STRINGS.12","","Wed Nov 20 00:52:35 GMT 2024","passed","Wed Nov 20 00:52:35 GMT 2024","","SPACES","SPACES",""
"","57","MODUSPONENSDTLTEST.01","","Wed Nov 20 01:14:18 GMT 2024","failed","Wed Nov 20 01:14:18 GMT 2024","","DEPENDENT-TYPES","DEPENDENT-TYPES",""
"","2","XOR-TEST.11","","Wed Nov 20 00:37:14 GMT 2024","passed","Wed Nov 20 00:37:14 GMT 2024","","HYPERON-METTALOG-SANITY","HYPERON-METTALOG-SANITY",""
"","2","LISTTEST.16","","Wed Nov 20 01:15:41 GMT 2024","passed","Wed Nov 20 01:15:41 GMT 2024","","COMMON","COMMON",""
"","94","PREREQS.07","","Wed Nov 20 00:45:49 GMT 2024","failed","Wed Nov 20 00:45:49 GMT 2024","","MAIN-BRANCH","MAIN-BRANCH",""
"","2","IBC-XP.04","","Wed Nov 20 01:21:33 GMT 2024","passed","Wed Nov 20 01:21:33 GMT 2024","","ITERATIVE-CHAINING","ITERATIVE-CHAINING",""
"","2","D2-HIGHERFUNC.23","","Wed Nov 20 01:11:36 GMT 2024","passed","Wed Nov 20 01:11:36 GMT 2024","","CHECK-TYPES","CHECK-TYPES",""
"","5000","metta-morph_tests.multifunction","","Wed Nov 20 00:35:33 GMT 2024","passed","Wed Nov 20 00:35:38 GMT 2024","","WHOLE-TESTS","WHOLE-TESTS",""
"","2","CURRIED-CHAINER.02","","Wed Nov 20 01:16:18 GMT 2024","passed","Wed Nov 20 01:16:18 GMT 2024","","CURRIED-CHAINING","CURRIED-CHAINING",""
"","2","OR-TEST.13","","Wed Nov 20 00:37:14 GMT 2024","passed","Wed Nov 20 00:37:14 GMT 2024","","HYPERON-METTALOG-SANITY","HYPERON-METTALOG-SANITY",""
"","4000","hyperon-experimental_scripts.b1_equal_chain","","Wed Nov 20 00:35:33 GMT 2024","passed","Wed Nov 20 00:35:37 GMT 2024","","WHOLE-TESTS","WHOLE-TESTS",""
"","48","IMPLICATIONDIRECTINTRODUCTIONDTLTEST.09","","Wed Nov 20 01:14:18 GMT 2024","failed","Wed Nov 20 01:14:18 GMT 2024","","DEPENDENT-TYPES","DEPENDENT-TYPES",""
"","4000","hyperon-experimental_scripts.d5_auto_types","","Wed Nov 20 00:35:33 GMT 2024","passed","Wed Nov 20 00:35:37 GMT 2024","","WHOLE-TESTS","WHOLE-TESTS",""
"","2","D2-HIGHERFUNC.24","","Wed Nov 20 00:45:22 GMT 2024","passed","Wed Nov 20 00:45:22 GMT 2024","","QUICK","QUICK",""
"","2","00A-LANG-COMPILED-CASE.11","","Wed Nov 20 01:47:02 GMT 2024","passed","Wed Nov 20 01:47:02 GMT 2024","","DIRECT-COMP","DIRECT-COMP",""
"","23498","SYNTHESIZE.01","","Wed Nov 20 00:39:00 GMT 2024","passed","Wed Nov 20 00:39:23 GMT 2024","","SYNTH-BUFFER","SYNTH-BUFFER",""
"","71","B5-TYPES-PRELIM.24","","Wed Nov 20 01:11:15 GMT 2024","failed","Wed Nov 20 01:11:15 GMT 2024","","CHECK-TYPES-TEMP","CHECK-TYPES-TEMP",""
"","2","AI-SERVICE-COMPOSITION-EASY.02","","Wed Nov 20 01:08:43 GMT 2024","passed","Wed Nov 20 01:08:43 GMT 2024","","AI-SERVICE","AI-SERVICE",""
"","2","DEDUCTIONFORMULATEST.01","","Wed Nov 20 01:16:03 GMT 2024","passed","Wed Nov 20 01:16:03 GMT 2024","","FORMULA","FORMULA",""
"","3","00-LANG-CASE.17","","Wed Nov 20 00:37:14 GMT 2024","passed","Wed Nov 20 00:37:14 GMT 2024","","HYPERON-METTALOG-SANITY","HYPERON-METTALOG-SANITY",""
"","3","DEDUCTIONEQUALTEST.01","","Wed Nov 20 01:17:59 GMT 2024","passed","Wed Nov 20 01:17:59 GMT 2024","","EQUAL","EQUAL",""
"","2","BCHAIN.04","","Wed Nov 20 01:48:28 GMT 2024","passed","Wed Nov 20 01:48:28 GMT 2024","","WALK-THRU","WALK-THRU",""
"","2","ADD-REMOVE-MATCH-FLOAT.12","","Wed Nov 20 00:52:35 GMT 2024","passed","Wed Nov 20 00:52:35 GMT 2024","","SPACES","SPACES",""
"","86","STATE-TYPES.04","","Wed Nov 20 01:57:00 GMT 2024","failed","Wed Nov 20 01:57:00 GMT 2024","","BASIC","BASIC",""
"","5000","red-black-lambda.red-black","","Wed Nov 20 00:35:33 GMT 2024","passed","Wed Nov 20 00:35:38 GMT 2024","","WHOLE-TESTS","WHOLE-TESTS",""
"","2","AI-SERVICE-COMPOSITION-SANITY.04","","Wed Nov 20 01:08:43 GMT 2024","passed","Wed Nov 20 01:08:43 GMT 2024","","AI-SERVICE","AI-SERVICE",""
"","18000","main-branch.tests1_pre","","Wed Nov 20 00:35:33 GMT 2024","passed","Wed Nov 20 00:35:51 GMT 2024","","WHOLE-TESTS","WHOLE-TESTS",""
"","2","BC-XP.11","","Wed Nov 20 01:15:32 GMT 2024","passed","Wed Nov 20 01:15:32 GMT 2024","","BACKWARD-CHAINING","BACKWARD-CHAINING",""
"","4000","walk_thru.tmpMatch2","","Wed Nov 20 00:35:33 GMT 2024","passed","Wed Nov 20 00:35:37 GMT 2024","","WHOLE-TESTS","WHOLE-TESTS",""
"","2","HYPERPOSING-SHARED.09","","Wed Nov 20 01:57:00 GMT 2024","passed","Wed Nov 20 01:57:00 GMT 2024","","BASIC","BASIC",""
"","2","TYPE-PROP.64","","Wed Nov 20 01:11:15 GMT 2024","passed","Wed Nov 20 01:11:15 GMT 2024","","CHECK-TYPES-TEMP","CHECK-TYPES-TEMP",""
"","50","D5-AUTO-TYPES.05","","Wed Nov 20 00:35:38 GMT 2024","failed","Wed Nov 20 00:35:38 GMT 2024","","HYPERON-EXPERIMENTAL-SCRIPTS","HYPERON-EXPERIMENTAL-SCRIPTS",""
"","5000","metta-morph_tests.peano","","Wed Nov 20 00:35:33 GMT 2024","passed","Wed Nov 20 00:35:38 GMT 2024","","WHOLE-TESTS","WHOLE-TESTS",""
"","490","DEDUCTIONEQUALTEST.02","","Wed Nov 20 01:17:59 GMT 2024","failed","Wed Nov 20 01:17:59 GMT 2024","","EQUAL","EQUAL",""
"","3","APPEND.01","","Wed Nov 20 01:54:43 GMT 2024","passed","Wed Nov 20 01:54:43 GMT 2024","","MULTIDIRECTIONAL","MULTIDIRECTIONAL",""
"","283","SELF-CONTAINED-SYNTHESIZE.10","","Wed Nov 20 01:26:05 GMT 2024","failed","Wed Nov 20 01:26:05 GMT 2024","","EXPERIMENTS","EXPERIMENTS",""
"","2","D4-TYPE-PROP.07","","Wed Nov 20 00:35:38 GMT 2024","passed","Wed Nov 20 00:35:38 GMT 2024","","HYPERON-EXPERIMENTAL-SCRIPTS","HYPERON-EXPERIMENTAL-SCRIPTS",""
"","2","F1-IMPORTS.05","","Wed Nov 20 00:35:29 GMT 2024","passed","Wed Nov 20 00:35:29 GMT 2024","","MODULE-SYSTEM","MODULE-SYSTEM",""
"","2","NATDTLTEST.02","","Wed Nov 20 01:18:23 GMT 2024","passed","Wed Nov 20 01:18:23 GMT 2024","","HOL","HOL",""
"","15000","anti-regression.debug_mettalogTestCurried","","Wed Nov 20 00:35:33 GMT 2024","failed","Wed Nov 20 00:35:48 GMT 2024","","WHOLE-TESTS","WHOLE-TESTS",""
"","995","PLLM-PENNTREE.01","","Wed Nov 20 02:09:34 GMT 2024","passed","Wed Nov 20 02:09:34 GMT 2024","","LANGUAGE-MODELS","LANGUAGE-MODELS",""
"","4000","experiments.unify-via-case","","Wed Nov 20 00:35:33 GMT 2024","passed","Wed Nov 20 00:35:37 GMT 2024","","WHOLE-TESTS","WHOLE-TESTS",""
"","2","E3-MATCH-STATES.04","","Wed Nov 20 00:35:38 GMT 2024","passed","Wed Nov 20 00:35:38 GMT 2024","","HYPERON-EXPERIMENTAL-SCRIPTS","HYPERON-EXPERIMENTAL-SCRIPTS",""
"","3","LISTTEST.17","","Wed Nov 20 01:15:41 GMT 2024","passed","Wed Nov 20 01:15:41 GMT 2024","","COMMON","COMMON",""
"","2","F1-IMPORTS.19","","Wed Nov 20 00:35:38 GMT 2024","passed","Wed Nov 20 00:35:38 GMT 2024","","HYPERON-EXPERIMENTAL-SCRIPTS","HYPERON-EXPERIMENTAL-SCRIPTS",""
"","3","STATE-TYPES.22","","Wed Nov 20 01:57:00 GMT 2024","passed","Wed Nov 20 01:57:00 GMT 2024","","BASIC","BASIC",""
"","292","SELF-CONTAINED-SYNTHESIZE.06","","Wed Nov 20 01:26:05 GMT 2024","failed","Wed Nov 20 01:26:05 GMT 2024","","EXPERIMENTS","EXPERIMENTS",""
"","2","BASIC.08","","Wed Nov 20 01:08:32 GMT 2024","passed","Wed Nov 20 01:08:32 GMT 2024","","TRAVERSER","TRAVERSER",""
"","3","ADD-REMOVE-MATCH-S-SYMBOLS.09","","Wed Nov 20 00:52:35 GMT 2024","passed","Wed Nov 20 00:52:35 GMT 2024","","SPACES","SPACES",""
"","289","SELF-CONTAINED-SYNTHESIZE.04","","Wed Nov 20 01:26:05 GMT 2024","failed","Wed Nov 20 01:26:05 GMT 2024","","EXPERIMENTS","EXPERIMENTS",""
"","2","PC-XP.11","","Wed Nov 20 01:24:14 GMT 2024","passed","Wed Nov 20 01:24:14 GMT 2024","","POLYWARD-CHAINING","POLYWARD-CHAINING",""
"","4","NUMTEST.10","","Wed Nov 20 01:15:41 GMT 2024","passed","Wed Nov 20 01:15:41 GMT 2024","","COMMON","COMMON",""
"","2","CURRIED-CHAINER.04","","Wed Nov 20 01:16:18 GMT 2024","passed","Wed Nov 20 01:16:18 GMT 2024","","CURRIED-CHAINING","CURRIED-CHAINING",""
"","2","INTERSECTION-TESTS.32","","Wed Nov 20 00:37:14 GMT 2024","passed","Wed Nov 20 00:37:14 GMT 2024","","HYPERON-METTALOG-SANITY","HYPERON-METTALOG-SANITY",""
"","51","B5-TYPES-PRELIM.14","","Wed Nov 20 00:35:38 GMT 2024","failed","Wed Nov 20 00:35:38 GMT 2024","","HYPERON-EXPERIMENTAL-SCRIPTS","HYPERON-EXPERIMENTAL-SCRIPTS",""
"","251","SYNTHESIZE-VIA-CASE-TEST.09","","Wed Nov 20 01:26:05 GMT 2024","failed","Wed Nov 20 01:26:05 GMT 2024","","EXPERIMENTS","EXPERIMENTS",""
"","4000","hyperon-experimental_scripts.b3_direct","","Wed Nov 20 00:35:33 GMT 2024","passed","Wed Nov 20 00:35:37 GMT 2024","","WHOLE-TESTS","WHOLE-TESTS",""
"","2","STRING-TESTS.14","","Wed Nov 20 00:37:14 GMT 2024","passed","Wed Nov 20 00:37:14 GMT 2024","","HYPERON-METTALOG-SANITY","HYPERON-METTALOG-SANITY",""
"","1","C1-GROUNDED-BASIC.12","","Wed Nov 20 00:45:22 GMT 2024","passed","Wed Nov 20 00:45:22 GMT 2024","","QUICK","QUICK",""
"","50","OR-TEST.02","","Wed Nov 20 00:37:14 GMT 2024","failed","Wed Nov 20 00:37:14 GMT 2024","","HYPERON-METTALOG-SANITY","HYPERON-METTALOG-SANITY",""
"","3","FORWARD-CHAINER-XP.11","","Wed Nov 20 01:18:08 GMT 2024","passed","Wed Nov 20 01:18:08 GMT 2024","","FORWARD-CHAINER","FORWARD-CHAINER",""
"","2","TYPES-PRELIM.09","","Wed Nov 20 00:50:19 GMT 2024","passed","Wed Nov 20 00:50:19 GMT 2024","","CHAINING","CHAINING",""
"","4","DEDUCTIONIMPLICATIONDIRECTINTRODUCTIONDTLTEST.02","","Wed Nov 20 01:14:18 GMT 2024","passed","Wed Nov 20 01:14:18 GMT 2024","","DEPENDENT-TYPES","DEPENDENT-TYPES",""
"","2","PREREQS.01","","Wed Nov 20 00:45:49 GMT 2024","passed","Wed Nov 20 00:45:49 GMT 2024","","MAIN-BRANCH","MAIN-BRANCH",""
"","2","D4-TYPE-PROP.12","","Wed Nov 20 00:45:22 GMT 2024","passed","Wed Nov 20 00:45:22 GMT 2024","","QUICK","QUICK",""
"","75","UNIFY-VIA-CASE.04","","Wed Nov 20 01:26:05 GMT 2024","failed","Wed Nov 20 01:26:05 GMT 2024","","EXPERIMENTS","EXPERIMENTS",""
"","6000","typed-variables.enforced-types","","Wed Nov 20 00:35:33 GMT 2024","passed","Wed Nov 20 00:35:39 GMT 2024","","WHOLE-TESTS","WHOLE-TESTS",""
"","2","OR-TEST.10","","Wed Nov 20 00:37:14 GMT 2024","passed","Wed Nov 20 00:37:14 GMT 2024","","HYPERON-METTALOG-SANITY","HYPERON-METTALOG-SANITY",""
"","654","TESTS0.07","","Wed Nov 20 00:41:08 GMT 2024","passed","Wed Nov 20 00:41:08 GMT 2024","","METTA-MORPH-TESTS","METTA-MORPH-TESTS",""
"","2","CHAPTER-2-4.12","","Wed Nov 20 00:54:49 GMT 2024","passed","Wed Nov 20 00:54:49 GMT 2024","","SICP-BOOK","SICP-BOOK",""
"","2","D4-TYPE-PROP.13","","Wed Nov 20 01:11:36 GMT 2024","passed","Wed Nov 20 01:11:36 GMT 2024","","CHECK-TYPES","CHECK-TYPES",""
"","2","BCHAIN.05","","Wed Nov 20 01:48:28 GMT 2024","passed","Wed Nov 20 01:48:28 GMT 2024","","WALK-THRU","WALK-THRU",""
"","81","D5-AUTO-TYPES.06","","Wed Nov 20 00:35:38 GMT 2024","failed","Wed Nov 20 00:35:38 GMT 2024","","HYPERON-EXPERIMENTAL-SCRIPTS","HYPERON-EXPERIMENTAL-SCRIPTS",""
"","2","BC-XP.02","","Wed Nov 20 01:15:32 GMT 2024","passed","Wed Nov 20 01:15:32 GMT 2024","","BACKWARD-CHAINING","BACKWARD-CHAINING",""
"","23","NATTEST.04","","Wed Nov 20 01:18:23 GMT 2024","failed","Wed Nov 20 01:18:23 GMT 2024","","HOL","HOL",""
"","142","STDLIB-METTALOG-TEST-PT2.21","","Wed Nov 20 00:54:39 GMT 2024","failed","Wed Nov 20 00:54:39 GMT 2024","","STDLIB-METTALOG","STDLIB-METTALOG",""
"","3","TYPE-PROP.71","","Wed Nov 20 01:11:15 GMT 2024","passed","Wed Nov 20 01:11:15 GMT 2024","","CHECK-TYPES-TEMP","CHECK-TYPES-TEMP",""
"","5000","anti-regression.tmpMatch2","","Wed Nov 20 00:35:33 GMT 2024","passed","Wed Nov 20 00:35:38 GMT 2024","","WHOLE-TESTS","WHOLE-TESTS",""
"","45000","current.tests4","","Wed Nov 20 00:35:33 GMT 2024","failed","Wed Nov 20 00:36:18 GMT 2024","","WHOLE-TESTS","WHOLE-TESTS",""
"","2","F1-MODULEA.05","","Wed Nov 20 00:45:22 GMT 2024","passed","Wed Nov 20 00:45:22 GMT 2024","","QUICK","QUICK",""
"","4000","direct_comp.add_atom_match","","Wed Nov 20 00:35:33 GMT 2024","passed","Wed Nov 20 00:35:37 GMT 2024","","WHOLE-TESTS","WHOLE-TESTS",""
"","124","TRUTHVALUETEST.08","","Wed Nov 20 01:16:08 GMT 2024","passed","Wed Nov 20 01:16:08 GMT 2024","","TRUTHVALUE","TRUTHVALUE",""
"","5000","multidirectional.ioioioi_using_equality","","Wed Nov 20 00:35:33 GMT 2024","passed","Wed Nov 20 00:35:38 GMT 2024","","WHOLE-TESTS","WHOLE-TESTS",""
"","2","TEST-IF-CLOSED.07","","Wed Nov 20 00:43:12 GMT 2024","passed","Wed Nov 20 00:43:12 GMT 2024","","ANTI-REGRESSION","ANTI-REGRESSION",""
"","148","STDLIB-METTALOG-TEST-PT2.20","","Wed Nov 20 00:54:39 GMT 2024","failed","Wed Nov 20 00:54:39 GMT 2024","","STDLIB-METTALOG","STDLIB-METTALOG",""
"","2","V2-PLN-XP-SYS-IMPL.02","","Wed Nov 20 00:50:19 GMT 2024","passed","Wed Nov 20 00:50:19 GMT 2024","","CHAINING","CHAINING",""
"","2","TEST-IF-CLOSED.07","","Wed Nov 20 01:48:28 GMT 2024","passed","Wed Nov 20 01:48:28 GMT 2024","","WALK-THRU","WALK-THRU",""
"","156","QUERIES.11","","Wed Nov 20 01:07:51 GMT 2024","failed","Wed Nov 20 01:07:51 GMT 2024","","STRIPS-TO-METTA-IMPROVED","STRIPS-TO-METTA-IMPROVED",""
"","3","IOIOIOI.02","","Wed Nov 20 01:54:43 GMT 2024","passed","Wed Nov 20 01:54:43 GMT 2024","","MULTIDIRECTIONAL","MULTIDIRECTIONAL",""
"","2","06-MATCH-IN-SPACE.04","","Wed Nov 20 00:37:14 GMT 2024","passed","Wed Nov 20 00:37:14 GMT 2024","","HYPERON-METTALOG-SANITY","HYPERON-METTALOG-SANITY",""
"","15","STDLIB-METTALOG-TEST-PT2.34","","Wed Nov 20 00:54:39 GMT 2024","failed","Wed Nov 20 00:54:39 GMT 2024","","STDLIB-METTALOG","STDLIB-METTALOG",""
"","40000","SICP_book.chapter_1_2","","Wed Nov 20 00:35:33 GMT 2024","failed","Wed Nov 20 00:36:13 GMT 2024","","WHOLE-TESTS","WHOLE-TESTS",""
"","13","MATCH-VOID.11","","Wed Nov 20 00:41:08 GMT 2024","passed","Wed Nov 20 00:41:08 GMT 2024","","METTA-MORPH-TESTS","METTA-MORPH-TESTS",""
"","2","INF-CTL-MONTH-BC-CONT-XP.07","","Wed Nov 20 01:19:32 GMT 2024","passed","Wed Nov 20 01:19:32 GMT 2024","","INFERENCE-CONTROL","INFERENCE-CONTROL",""
"","2","CHAPTER-1-1.12","","Wed Nov 20 00:54:49 GMT 2024","passed","Wed Nov 20 00:54:49 GMT 2024","","SICP-BOOK","SICP-BOOK",""
"","2","D2-HIGHERFUNC.27","","Wed Nov 20 00:35:38 GMT 2024","passed","Wed Nov 20 00:35:38 GMT 2024","","HYPERON-EXPERIMENTAL-SCRIPTS","HYPERON-EXPERIMENTAL-SCRIPTS",""
"","2","ADD-REMOVE-MATCH-INTEGER.36","","Wed Nov 20 00:52:35 GMT 2024","passed","Wed Nov 20 00:52:35 GMT 2024","","SPACES","SPACES",""
"","6000","bigram-sentence-evaluator.unigrams","","Wed Nov 20 00:35:33 GMT 2024","passed","Wed Nov 20 00:35:39 GMT 2024","","WHOLE-TESTS","WHOLE-TESTS",""
"","2","UNIQUE-TEST.03","","Wed Nov 20 00:37:14 GMT 2024","passed","Wed Nov 20 00:37:14 GMT 2024","","HYPERON-METTALOG-SANITY","HYPERON-METTALOG-SANITY",""
"","14","CHAPTER-2-4.18","","Wed Nov 20 00:54:49 GMT 2024","failed","Wed Nov 20 00:54:49 GMT 2024","","SICP-BOOK","SICP-BOOK",""
"","3","CHAPTER-2-2.12","","Wed Nov 20 00:54:49 GMT 2024","passed","Wed Nov 20 00:54:49 GMT 2024","","SICP-BOOK","SICP-BOOK",""
"","3","TYPE-PROP.17","","Wed Nov 20 01:11:15 GMT 2024","passed","Wed Nov 20 01:11:15 GMT 2024","","CHECK-TYPES-TEMP","CHECK-TYPES-TEMP",""
"","4000","hyperon-experimental_scripts.d1_gadt","","Wed Nov 20 00:35:33 GMT 2024","passed","Wed Nov 20 00:35:37 GMT 2024","","WHOLE-TESTS","WHOLE-TESTS",""
"","25000","language_models.unweighted_pllm","","Wed Nov 20 00:35:33 GMT 2024","passed","Wed Nov 20 00:35:58 GMT 2024","","WHOLE-TESTS","WHOLE-TESTS",""
"","2","QUERIES.13","","Wed Nov 20 01:07:51 GMT 2024","passed","Wed Nov 20 01:07:51 GMT 2024","","STRIPS-TO-METTA-IMPROVED","STRIPS-TO-METTA-IMPROVED",""
"","24","CHAPTER-1-3.01","","Wed Nov 20 00:54:49 GMT 2024","passed","Wed Nov 20 00:54:49 GMT 2024","","SICP-BOOK","SICP-BOOK",""
"","5","JOHN-CARRY-FLOWER-TEST.04","","Wed Nov 20 01:24:59 GMT 2024","passed","Wed Nov 20 01:24:59 GMT 2024","","JOHN-CARRY-FLOWER","JOHN-CARRY-FLOWER",""
"","13","D3-DEPTYPES.04","","Wed Nov 20 00:35:38 GMT 2024","passed","Wed Nov 20 00:35:38 GMT 2024","","HYPERON-EXPERIMENTAL-SCRIPTS","HYPERON-EXPERIMENTAL-SCRIPTS",""
"","134","FORWARD-CHAINER-XP.20","","Wed Nov 20 01:18:08 GMT 2024","passed","Wed Nov 20 01:18:08 GMT 2024","","FORWARD-CHAINER","FORWARD-CHAINER",""
"","3","DEDUCTIONFORMULATEST.12","","Wed Nov 20 01:16:03 GMT 2024","passed","Wed Nov 20 01:16:03 GMT 2024","","FORMULA","FORMULA",""
"","16","TYPE-PROP.03","","Wed Nov 20 01:11:15 GMT 2024","passed","Wed Nov 20 01:11:15 GMT 2024","","CHECK-TYPES-TEMP","CHECK-TYPES-TEMP",""
"","2","IBC-XP.10","","Wed Nov 20 01:21:33 GMT 2024","passed","Wed Nov 20 01:21:33 GMT 2024","","ITERATIVE-CHAINING","ITERATIVE-CHAINING",""
"","113","C1-GROUNDED-BASIC.14","","Wed Nov 20 00:45:22 GMT 2024","failed","Wed Nov 20 00:45:22 GMT 2024","","QUICK","QUICK",""
"","117","CREATION.02","","Wed Nov 20 01:08:32 GMT 2024","failed","Wed Nov 20 01:08:32 GMT 2024","","TRAVERSER","TRAVERSER",""
"","2","IBC-XP.05","","Wed Nov 20 01:21:33 GMT 2024","passed","Wed Nov 20 01:21:33 GMT 2024","","ITERATIVE-CHAINING","ITERATIVE-CHAINING",""
"","2","FORWARD-CHAINER-TEST.07","","Wed Nov 20 01:18:08 GMT 2024","passed","Wed Nov 20 01:18:08 GMT 2024","","FORWARD-CHAINER","FORWARD-CHAINER",""
"","2","LET-SUPERPOSE-IF-CASE.01","","Wed Nov 20 01:48:02 GMT 2024","passed","Wed Nov 20 01:48:02 GMT 2024","","TRANSPILER","TRANSPILER",""
"","2","TESTS0.03","","Wed Nov 20 01:30:18 GMT 2024","passed","Wed Nov 20 01:30:18 GMT 2024","","CURRENT","CURRENT",""
"","6","C3-PLN-STV.04","","Wed Nov 20 00:35:38 GMT 2024","passed","Wed Nov 20 00:35:38 GMT 2024","","HYPERON-EXPERIMENTAL-SCRIPTS","HYPERON-EXPERIMENTAL-SCRIPTS",""
"","4000","anti-regression.test_if_closed","","Wed Nov 20 00:35:33 GMT 2024","passed","Wed Nov 20 00:35:37 GMT 2024","","WHOLE-TESTS","WHOLE-TESTS",""
"","40000","basic.fibo","","Wed Nov 20 00:35:33 GMT 2024","failed","Wed Nov 20 00:36:13 GMT 2024","","WHOLE-TESTS","WHOLE-TESTS",""
"","2","TESTS4.05","","Wed Nov 20 00:45:49 GMT 2024","passed","Wed Nov 20 00:45:49 GMT 2024","","MAIN-BRANCH","MAIN-BRANCH",""
"","387","IOIOIOI-USING-EQUALITY.03","","Wed Nov 20 01:54:43 GMT 2024","failed","Wed Nov 20 01:54:43 GMT 2024","","MULTIDIRECTIONAL","MULTIDIRECTIONAL",""
"","12000","walk_thru.bc_impl","","Wed Nov 20 00:35:33 GMT 2024","passed","Wed Nov 20 00:35:45 GMT 2024","","WHOLE-TESTS","WHOLE-TESTS",""
"","4000","std.higher_order_funcs","","Wed Nov 20 00:35:33 GMT 2024","passed","Wed Nov 20 00:35:37 GMT 2024","","WHOLE-TESTS","WHOLE-TESTS",""
"","2","D4-TYPE-PROP.09","","Wed Nov 20 00:45:22 GMT 2024","passed","Wed Nov 20 00:45:22 GMT 2024","","QUICK","QUICK",""
"","3","D4-TYPE-PROP.01","","Wed Nov 20 00:45:22 GMT 2024","passed","Wed Nov 20 00:45:22 GMT 2024","","QUICK","QUICK",""
"","2","F1-MODULEA.01","","Wed Nov 20 00:35:38 GMT 2024","passed","Wed Nov 20 00:35:38 GMT 2024","","HYPERON-EXPERIMENTAL-SCRIPTS","HYPERON-EXPERIMENTAL-SCRIPTS",""
"","2","BASIC.09","","Wed Nov 20 01:08:32 GMT 2024","passed","Wed Nov 20 01:08:32 GMT 2024","","TRAVERSER","TRAVERSER",""
"","2","TYPE-PROP.49","","Wed Nov 20 01:11:15 GMT 2024","passed","Wed Nov 20 01:11:15 GMT 2024","","CHECK-TYPES-TEMP","CHECK-TYPES-TEMP",""
"","2","TYPE-PROP.02","","Wed Nov 20 01:11:15 GMT 2024","passed","Wed Nov 20 01:11:15 GMT 2024","","CHECK-TYPES-TEMP","CHECK-TYPES-TEMP",""
"","2","TYPE-PROP.14","","Wed Nov 20 01:11:15 GMT 2024","passed","Wed Nov 20 01:11:15 GMT 2024","","CHECK-TYPES-TEMP","CHECK-TYPES-TEMP",""
"","2","SUPERPOSE-NESTED.02","","Wed Nov 20 00:41:08 GMT 2024","passed","Wed Nov 20 00:41:08 GMT 2024","","METTA-MORPH-TESTS","METTA-MORPH-TESTS",""
"","2","C1-GROUNDED-BASIC.09","","Wed Nov 20 00:45:22 GMT 2024","passed","Wed Nov 20 00:45:22 GMT 2024","","QUICK","QUICK",""
"","2","F1-IMPORTS.11","","Wed Nov 20 00:35:29 GMT 2024","passed","Wed Nov 20 00:35:29 GMT 2024","","MODULE-SYSTEM","MODULE-SYSTEM",""
"","5000","metta-morph_tests.minnars","","Wed Nov 20 00:35:33 GMT 2024","passed","Wed Nov 20 00:35:38 GMT 2024","","WHOLE-TESTS","WHOLE-TESTS",""
"","3","APPEND.04","","Wed Nov 20 01:54:43 GMT 2024","passed","Wed Nov 20 01:54:43 GMT 2024","","MULTIDIRECTIONAL","MULTIDIRECTIONAL",""
"","2","GROUNDED-BASIC.02","","Wed Nov 20 00:53:17 GMT 2024","passed","Wed Nov 20 00:53:17 GMT 2024","","STD","STD",""
"","2","D2-HIGHERFUNC.09","","Wed Nov 20 00:35:38 GMT 2024","passed","Wed Nov 20 00:35:38 GMT 2024","","HYPERON-EXPERIMENTAL-SCRIPTS","HYPERON-EXPERIMENTAL-SCRIPTS",""
"","2","FORWARD-CHAINER-XP.17","","Wed Nov 20 01:18:08 GMT 2024","passed","Wed Nov 20 01:18:08 GMT 2024","","FORWARD-CHAINER","FORWARD-CHAINER",""
"","2","BACKWARD-CHAIN.03","","Wed Nov 20 00:50:19 GMT 2024","passed","Wed Nov 20 00:50:19 GMT 2024","","CHAINING","CHAINING",""
"","49","DEDUCTIONIMPLICATIONDIRECTINTRODUCTIONDTLTEST.05","","Wed Nov 20 01:14:18 GMT 2024","failed","Wed Nov 20 01:14:18 GMT 2024","","DEPENDENT-TYPES","DEPENDENT-TYPES",""
"","1","TYPE-PROP.07","","Wed Nov 20 01:11:15 GMT 2024","passed","Wed Nov 20 01:11:15 GMT 2024","","CHECK-TYPES-TEMP","CHECK-TYPES-TEMP",""
"","3","D3-DEPTYPES.06","","Wed Nov 20 01:11:36 GMT 2024","passed","Wed Nov 20 01:11:36 GMT 2024","","CHECK-TYPES","CHECK-TYPES",""
"","5000","quick.d2_higherfunc","","Wed Nov 20 00:35:33 GMT 2024","passed","Wed Nov 20 00:35:38 GMT 2024","","WHOLE-TESTS","WHOLE-TESTS",""
"","2","BCHAIN.05","","Wed Nov 20 00:43:12 GMT 2024","passed","Wed Nov 20 00:43:12 GMT 2024","","ANTI-REGRESSION","ANTI-REGRESSION",""
"","7","PLN-STV.03","","Wed Nov 20 00:50:19 GMT 2024","passed","Wed Nov 20 00:50:19 GMT 2024","","CHAINING","CHAINING",""
"","2","ADD-REMOVE-MATCH-INTEGER.22","","Wed Nov 20 00:52:35 GMT 2024","passed","Wed Nov 20 00:52:35 GMT 2024","","SPACES","SPACES",""
"","5000","features.represent_and_parse_tests","","Wed Nov 20 00:35:33 GMT 2024","passed","Wed Nov 20 00:35:38 GMT 2024","","WHOLE-TESTS","WHOLE-TESTS",""
"","4000","introspect.show-type","","Wed Nov 20 00:35:33 GMT 2024","passed","Wed Nov 20 00:35:37 GMT 2024","","WHOLE-TESTS","WHOLE-TESTS",""
"","119","TYPE-PROP.75","","Wed Nov 20 01:11:15 GMT 2024","failed","Wed Nov 20 01:11:15 GMT 2024","","CHECK-TYPES-TEMP","CHECK-TYPES-TEMP",""
"","2","ADD-REMOVE-MATCH-FLOAT.09","","Wed Nov 20 00:52:35 GMT 2024","passed","Wed Nov 20 00:52:35 GMT 2024","","SPACES","SPACES",""
"","2","TEST-IF-CLOSED.02","","Wed Nov 20 01:48:28 GMT 2024","passed","Wed Nov 20 01:48:28 GMT 2024","","WALK-THRU","WALK-THRU",""
"","2","D2-HIGHERFUNC.10","","Wed Nov 20 00:45:22 GMT 2024","passed","Wed Nov 20 00:45:22 GMT 2024","","QUICK","QUICK",""
"","2","TESTS0.03","","Wed Nov 20 01:43:09 GMT 2024","passed","Wed Nov 20 01:43:09 GMT 2024","","PREV","PREV",""
"","3","F1-MODULEA.06","","Wed Nov 20 00:35:29 GMT 2024","passed","Wed Nov 20 00:35:29 GMT 2024","","MODULE-SYSTEM","MODULE-SYSTEM",""
"","2","IFC-XP.21","","Wed Nov 20 01:21:33 GMT 2024","passed","Wed Nov 20 01:21:33 GMT 2024","","ITERATIVE-CHAINING","ITERATIVE-CHAINING",""
"","79","00-LANG-CASE.07","","Wed Nov 20 00:37:14 GMT 2024","passed","Wed Nov 20 00:37:14 GMT 2024","","HYPERON-METTALOG-SANITY","HYPERON-METTALOG-SANITY",""
"","2","F1-MODULEA.10","","Wed Nov 20 00:45:22 GMT 2024","passed","Wed Nov 20 00:45:22 GMT 2024","","QUICK","QUICK",""
"","47","FORWARD-CHAINER-XP.28","","Wed Nov 20 01:18:08 GMT 2024","failed","Wed Nov 20 01:18:08 GMT 2024","","FORWARD-CHAINER","FORWARD-CHAINER",""
"","15","STDLIB-METTALOG-TEST-PT2.35","","Wed Nov 20 00:54:39 GMT 2024","passed","Wed Nov 20 00:54:39 GMT 2024","","STDLIB-METTALOG","STDLIB-METTALOG",""
"","2","HYPERPOSING-UNSHARED.05","","Wed Nov 20 01:57:00 GMT 2024","passed","Wed Nov 20 01:57:00 GMT 2024","","BASIC","BASIC",""
"","2","ADD-REMOVE-MATCH-SYMBOLS.01","","Wed Nov 20 00:52:35 GMT 2024","passed","Wed Nov 20 00:52:35 GMT 2024","","SPACES","SPACES",""
"","4000","hyperon-mettalog_sanity.subtraction_test","","Wed Nov 20 00:35:33 GMT 2024","passed","Wed Nov 20 00:35:37 GMT 2024","","WHOLE-TESTS","WHOLE-TESTS",""
"","2","SEQUENTIAL-NESTED.05","","Wed Nov 20 00:41:08 GMT 2024","passed","Wed Nov 20 00:41:08 GMT 2024","","METTA-MORPH-TESTS","METTA-MORPH-TESTS",""
"","2","CHAPTER-2-4.08","","Wed Nov 20 00:54:49 GMT 2024","passed","Wed Nov 20 00:54:49 GMT 2024","","SICP-BOOK","SICP-BOOK",""
"","2","METTALOGTESTCURRIED2.03","","Wed Nov 20 01:48:28 GMT 2024","passed","Wed Nov 20 01:48:28 GMT 2024","","WALK-THRU","WALK-THRU",""
"","2","STDLIB-METTALOG-TEST-PT2.64","","Wed Nov 20 00:54:39 GMT 2024","passed","Wed Nov 20 00:54:39 GMT 2024","","STDLIB-METTALOG","STDLIB-METTALOG",""
"","127","MODUSPONENSDTLTEST.04","","Wed Nov 20 01:14:18 GMT 2024","failed","Wed Nov 20 01:14:18 GMT 2024","","DEPENDENT-TYPES","DEPENDENT-TYPES",""
"","3","SEQUENTIAL-NESTED.04","","Wed Nov 20 00:41:08 GMT 2024","passed","Wed Nov 20 00:41:08 GMT 2024","","METTA-MORPH-TESTS","METTA-MORPH-TESTS",""
"","1185","SYNTHESIZE-VIA-LET-TEST.06","","Wed Nov 20 01:26:05 GMT 2024","failed","Wed Nov 20 01:26:06 GMT 2024","","EXPERIMENTS","EXPERIMENTS",""
"","2","STATE-TYPES.12","","Wed Nov 20 01:57:00 GMT 2024","passed","Wed Nov 20 01:57:00 GMT 2024","","BASIC","BASIC",""
"","3","BACKWARD-CHAINER-XP.39","","Wed Nov 20 01:15:26 GMT 2024","passed","Wed Nov 20 01:15:26 GMT 2024","","BACKWARD-CHAINER","BACKWARD-CHAINER",""
"","5000","iterative-chaining.ifc-xp","","Wed Nov 20 00:35:33 GMT 2024","passed","Wed Nov 20 00:35:38 GMT 2024","","WHOLE-TESTS","WHOLE-TESTS",""
"","5","ADD-REMOVE-MATCH-INTEGER.30","","Wed Nov 20 00:52:35 GMT 2024","passed","Wed Nov 20 00:52:35 GMT 2024","","SPACES","SPACES",""
"","16","TEST-INFER-FUNCTION-APPLICATION-TYPE.02","","Wed Nov 20 01:57:00 GMT 2024","failed","Wed Nov 20 01:57:00 GMT 2024","","BASIC","BASIC",""
"","2","ORDEREDSETTEST.08","","Wed Nov 20 01:15:41 GMT 2024","passed","Wed Nov 20 01:15:41 GMT 2024","","COMMON","COMMON",""
"","2","INF-CTL-XP.08","","Wed Nov 20 01:19:32 GMT 2024","passed","Wed Nov 20 01:19:32 GMT 2024","","INFERENCE-CONTROL","INFERENCE-CONTROL",""
"","41000","SICP_book.chapter_2_2","","Wed Nov 20 00:35:33 GMT 2024","failed","Wed Nov 20 00:36:14 GMT 2024","","WHOLE-TESTS","WHOLE-TESTS",""
"","2","ADD-REMOVE-MATCH-INTEGER.39","","Wed Nov 20 00:52:35 GMT 2024","passed","Wed Nov 20 00:52:35 GMT 2024","","SPACES","SPACES",""
"","62","D5-AUTO-TYPES.01","","Wed Nov 20 01:11:36 GMT 2024","failed","Wed Nov 20 01:11:36 GMT 2024","","CHECK-TYPES","CHECK-TYPES",""
"","5000","logic.all_any","","Wed Nov 20 00:35:33 GMT 2024","passed","Wed Nov 20 00:35:38 GMT 2024","","WHOLE-TESTS","WHOLE-TESTS",""
"","2","B5-TYPES-PRELIM.17","","Wed Nov 20 01:11:15 GMT 2024","passed","Wed Nov 20 01:11:15 GMT 2024","","CHECK-TYPES-TEMP","CHECK-TYPES-TEMP",""
"","4","SEALED-TEST.01","","Wed Nov 20 00:37:14 GMT 2024","passed","Wed Nov 20 00:37:14 GMT 2024","","HYPERON-METTALOG-SANITY","HYPERON-METTALOG-SANITY",""
"","52","IMPLICATIONDIRECTINTRODUCTIONDTLTEST.01","","Wed Nov 20 01:14:18 GMT 2024","failed","Wed Nov 20 01:14:18 GMT 2024","","DEPENDENT-TYPES","DEPENDENT-TYPES",""
"","2","D2-HIGHERFUNC.14","","Wed Nov 20 00:45:22 GMT 2024","passed","Wed Nov 20 00:45:22 GMT 2024","","QUICK","QUICK",""
"","2","HYPERPOSING-UNSHARED.10","","Wed Nov 20 01:57:00 GMT 2024","passed","Wed Nov 20 01:57:00 GMT 2024","","BASIC","BASIC",""
"","42","CHAPTER-2-2.08","","Wed Nov 20 00:54:49 GMT 2024","failed","Wed Nov 20 00:54:49 GMT 2024","","SICP-BOOK","SICP-BOOK",""
"","6000","bidirectional_computation.fish-riddle","","Wed Nov 20 00:35:33 GMT 2024","passed","Wed Nov 20 00:35:39 GMT 2024","","WHOLE-TESTS","WHOLE-TESTS",""
"","279","TESTS0.07","","Wed Nov 20 01:30:18 GMT 2024","failed","Wed Nov 20 01:30:18 GMT 2024","","CURRENT","CURRENT",""
"","2","FORWARD-CHAINER-XP.24","","Wed Nov 20 01:18:08 GMT 2024","passed","Wed Nov 20 01:18:08 GMT 2024","","FORWARD-CHAINER","FORWARD-CHAINER",""
"","3","SEALED-TEST.04","","Wed Nov 20 00:37:14 GMT 2024","passed","Wed Nov 20 00:37:14 GMT 2024","","HYPERON-METTALOG-SANITY","HYPERON-METTALOG-SANITY",""
"","2","CHAPTER-1-1.03","","Wed Nov 20 00:54:49 GMT 2024","passed","Wed Nov 20 00:54:49 GMT 2024","","SICP-BOOK","SICP-BOOK",""
"","2","FORWARD-CHAINER-XP.16","","Wed Nov 20 01:18:08 GMT 2024","passed","Wed Nov 20 01:18:08 GMT 2024","","FORWARD-CHAINER","FORWARD-CHAINER",""
"","1","CHAPTER-2-2.05","","Wed Nov 20 00:54:49 GMT 2024","passed","Wed Nov 20 00:54:49 GMT 2024","","SICP-BOOK","SICP-BOOK",""
"","2","INF-CTL-MONTH-XP-SHORT-3.14","","Wed Nov 20 02:03:20 GMT 2024","passed","Wed Nov 20 02:03:20 GMT 2024","","COMPARISONS","COMPARISONS",""
"","4000","possibly_wrong.too_eager_math","","Wed Nov 20 00:35:33 GMT 2024","passed","Wed Nov 20 00:35:37 GMT 2024","","WHOLE-TESTS","WHOLE-TESTS",""
"","2","FIBO-AS-PRED.01","","Wed Nov 20 01:57:00 GMT 2024","passed","Wed Nov 20 01:57:00 GMT 2024","","BASIC","BASIC",""
"","2","D4-TYPE-PROP.05","","Wed Nov 20 00:45:22 GMT 2024","passed","Wed Nov 20 00:45:22 GMT 2024","","QUICK","QUICK",""
"","165","FC-XP.20","","Wed Nov 20 01:18:18 GMT 2024","passed","Wed Nov 20 01:18:18 GMT 2024","","FORWARD-CHAINING","FORWARD-CHAINING",""
"","2","BC-XP.21","","Wed Nov 20 01:15:32 GMT 2024","passed","Wed Nov 20 01:15:32 GMT 2024","","BACKWARD-CHAINING","BACKWARD-CHAINING",""
"","2","KEY-LOOKUPS-MANY.13","","Wed Nov 20 01:57:00 GMT 2024","passed","Wed Nov 20 01:57:00 GMT 2024","","BASIC","BASIC",""
"","2","TYPE-PROP.23","","Wed Nov 20 01:11:15 GMT 2024","passed","Wed Nov 20 01:11:15 GMT 2024","","CHECK-TYPES-TEMP","CHECK-TYPES-TEMP",""
"","11","METTALOGTESTCURRIED2.07","","Wed Nov 20 00:43:12 GMT 2024","passed","Wed Nov 20 00:43:12 GMT 2024","","ANTI-REGRESSION","ANTI-REGRESSION",""
"","2","FORWARD-CHAINER-TEST.03","","Wed Nov 20 01:18:08 GMT 2024","passed","Wed Nov 20 01:18:08 GMT 2024","","FORWARD-CHAINER","FORWARD-CHAINER",""
"","72","D2-HIGHERFUNC.07","","Wed Nov 20 00:35:38 GMT 2024","failed","Wed Nov 20 00:35:38 GMT 2024","","HYPERON-EXPERIMENTAL-SCRIPTS","HYPERON-EXPERIMENTAL-SCRIPTS",""
"","2","ADD-REMOVE-MATCH-INTEGER.07","","Wed Nov 20 00:52:35 GMT 2024","passed","Wed Nov 20 00:52:35 GMT 2024","","SPACES","SPACES",""
"","3","TYPES2.03","","Wed Nov 20 00:41:08 GMT 2024","passed","Wed Nov 20 00:41:08 GMT 2024","","METTA-MORPH-TESTS","METTA-MORPH-TESTS",""
"","4000","multidirectional.ioioioi","","Wed Nov 20 00:35:33 GMT 2024","passed","Wed Nov 20 00:35:37 GMT 2024","","WHOLE-TESTS","WHOLE-TESTS",""
"","9","D4-TYPE-PROP.03","","Wed Nov 20 01:11:36 GMT 2024","passed","Wed Nov 20 01:11:36 GMT 2024","","CHECK-TYPES","CHECK-TYPES",""
"","4000","transpiler.let_superpose_if_case","","Wed Nov 20 00:35:33 GMT 2024","passed","Wed Nov 20 00:35:37 GMT 2024","","WHOLE-TESTS","WHOLE-TESTS",""
"","2","TESTS2.10","","Wed Nov 20 00:45:49 GMT 2024","passed","Wed Nov 20 00:45:49 GMT 2024","","MAIN-BRANCH","MAIN-BRANCH",""
"","2","IFC-XP.18","","Wed Nov 20 01:21:33 GMT 2024","passed","Wed Nov 20 01:21:33 GMT 2024","","ITERATIVE-CHAINING","ITERATIVE-CHAINING",""
"","14","AI-SERVICE-COMPOSITION-EASY.07","","Wed Nov 20 01:08:43 GMT 2024","passed","Wed Nov 20 01:08:43 GMT 2024","","AI-SERVICE","AI-SERVICE",""
"","38","CHAPTER-2-2.07","","Wed Nov 20 00:54:49 GMT 2024","failed","Wed Nov 20 00:54:49 GMT 2024","","SICP-BOOK","SICP-BOOK",""
"","2","B1-EQUAL-CHAIN.02","","Wed Nov 20 00:35:38 GMT 2024","passed","Wed Nov 20 00:35:38 GMT 2024","","HYPERON-EXPERIMENTAL-SCRIPTS","HYPERON-EXPERIMENTAL-SCRIPTS",""
"","2","D1-GADT.08","","Wed Nov 20 00:45:22 GMT 2024","passed","Wed Nov 20 00:45:22 GMT 2024","","QUICK","QUICK",""
"","43000","synthesis.SynthesizeTest","","Wed Nov 20 00:35:33 GMT 2024","failed","Wed Nov 20 00:36:16 GMT 2024","","WHOLE-TESTS","WHOLE-TESTS",""
"","45000","language_models.weighted_pllm","","Wed Nov 20 00:35:33 GMT 2024","failed","Wed Nov 20 00:36:18 GMT 2024","","WHOLE-TESTS","WHOLE-TESTS",""
"","2","IFC-XP.27","","Wed Nov 20 01:21:33 GMT 2024","passed","Wed Nov 20 01:21:33 GMT 2024","","ITERATIVE-CHAINING","ITERATIVE-CHAINING",""
"","165","EXAMPLES-QUANTS.02","","Wed Nov 20 01:55:56 GMT 2024","failed","Wed Nov 20 01:55:56 GMT 2024","","POLYMORPHIC-TYPES","POLYMORPHIC-TYPES",""
"","5000","hyperon-experimental_scripts.d4_type_prop","","Wed Nov 20 00:35:33 GMT 2024","passed","Wed Nov 20 00:35:38 GMT 2024","","WHOLE-TESTS","WHOLE-TESTS",""
"","2","STRING-TESTS.20","","Wed Nov 20 00:37:14 GMT 2024","passed","Wed Nov 20 00:37:14 GMT 2024","","HYPERON-METTALOG-SANITY","HYPERON-METTALOG-SANITY",""
"","3","IS-SPACE.02","","Wed Nov 20 00:37:14 GMT 2024","passed","Wed Nov 20 00:37:14 GMT 2024","","HYPERON-METTALOG-SANITY","HYPERON-METTALOG-SANITY",""
"","3","CURRIED-CHAINER.07","","Wed Nov 20 01:16:18 GMT 2024","passed","Wed Nov 20 01:16:18 GMT 2024","","CURRIED-CHAINING","CURRIED-CHAINING",""
"","2","HYPERPOSING-SHARED.07","","Wed Nov 20 01:57:00 GMT 2024","passed","Wed Nov 20 01:57:00 GMT 2024","","BASIC","BASIC",""
"","2","HYPERPOSING.06","","Wed Nov 20 01:57:00 GMT 2024","passed","Wed Nov 20 01:57:00 GMT 2024","","BASIC","BASIC",""
"","4000","metta-morph_tests.match_feval","","Wed Nov 20 00:35:33 GMT 2024","passed","Wed Nov 20 00:35:37 GMT 2024","","WHOLE-TESTS","WHOLE-TESTS",""
"","3","CHAPTER-2-4.13","","Wed Nov 20 00:54:49 GMT 2024","passed","Wed Nov 20 00:54:49 GMT 2024","","SICP-BOOK","SICP-BOOK",""
"","2","D4-TYPE-PROP.05","","Wed Nov 20 00:35:38 GMT 2024","passed","Wed Nov 20 00:35:38 GMT 2024","","HYPERON-EXPERIMENTAL-SCRIPTS","HYPERON-EXPERIMENTAL-SCRIPTS",""
"","2","LISTTEST.11","","Wed Nov 20 01:15:41 GMT 2024","passed","Wed Nov 20 01:15:41 GMT 2024","","COMMON","COMMON",""
"","1","BC-XP.03","","Wed Nov 20 00:50:19 GMT 2024","passed","Wed Nov 20 00:50:19 GMT 2024","","CHAINING","CHAINING",""
"","14","F1-IMPORTS.04","","Wed Nov 20 00:35:29 GMT 2024","failed","Wed Nov 20 00:35:29 GMT 2024","","MODULE-SYSTEM","MODULE-SYSTEM",""
"","9000","bigram-sentence-evaluator.trigramModel","","Wed Nov 20 00:35:33 GMT 2024","passed","Wed Nov 20 00:35:42 GMT 2024","","WHOLE-TESTS","WHOLE-TESTS",""
"","3","HYPERON-EXPERIMENTAL-ISSUE-516-REDDUCED.01","","Wed Nov 20 01:51:44 GMT 2024","passed","Wed Nov 20 01:51:44 GMT 2024","","DEBUGGING","DEBUGGING",""
"","2","BC-COMP.01","","Wed Nov 20 00:43:12 GMT 2024","passed","Wed Nov 20 00:43:12 GMT 2024","","ANTI-REGRESSION","ANTI-REGRESSION",""
"","65","TESTS1.01","","Wed Nov 20 01:39:14 GMT 2024","failed","Wed Nov 20 01:39:14 GMT 2024","","NEW","NEW",""
"","131","TEST-SPO-5000.01","","Wed Nov 20 00:43:47 GMT 2024","passed","Wed Nov 20 00:43:47 GMT 2024","","METTA-WAM-ISSUE-116","METTA-WAM-ISSUE-116",""
"","51","B5-TYPES-PRELIM.15","","Wed Nov 20 00:35:38 GMT 2024","failed","Wed Nov 20 00:35:38 GMT 2024","","HYPERON-EXPERIMENTAL-SCRIPTS","HYPERON-EXPERIMENTAL-SCRIPTS",""
"","125","LOCATED-TEST.03","","Wed Nov 20 01:25:08 GMT 2024","passed","Wed Nov 20 01:25:08 GMT 2024","","LOCATED","LOCATED",""
"","2","ALL-ANY.02","","Wed Nov 20 01:02:45 GMT 2024","passed","Wed Nov 20 01:02:45 GMT 2024","","LOGIC","LOGIC",""
"","3","FORWARD-CHAINER-XP.07","","Wed Nov 20 01:18:08 GMT 2024","passed","Wed Nov 20 01:18:08 GMT 2024","","FORWARD-CHAINER","FORWARD-CHAINER",""
"","57","DEBUG-METTALOGTESTCURRIED.07","","Wed Nov 20 01:48:28 GMT 2024","passed","Wed Nov 20 01:48:28 GMT 2024","","WALK-THRU","WALK-THRU",""
"","2","STDLIB-METTALOG-TEST-PT2.69","","Wed Nov 20 00:54:39 GMT 2024","passed","Wed Nov 20 00:54:39 GMT 2024","","STDLIB-METTALOG","STDLIB-METTALOG",""
"","45000","current.tests3","","Wed Nov 20 00:35:33 GMT 2024","failed","Wed Nov 20 00:36:18 GMT 2024","","WHOLE-TESTS","WHOLE-TESTS",""
"","2","ADD-REMOVE-MATCH-INTEGER.26","","Wed Nov 20 00:52:35 GMT 2024","passed","Wed Nov 20 00:52:35 GMT 2024","","SPACES","SPACES",""
"","40000","SICP_book.chapter_1_3","","Wed Nov 20 00:35:33 GMT 2024","failed","Wed Nov 20 00:36:13 GMT 2024","","WHOLE-TESTS","WHOLE-TESTS",""
"","3","TYPES2.01","","Wed Nov 20 00:41:08 GMT 2024","passed","Wed Nov 20 00:41:08 GMT 2024","","METTA-MORPH-TESTS","METTA-MORPH-TESTS",""
"","1","D1-GADT.08","","Wed Nov 20 00:35:38 GMT 2024","passed","Wed Nov 20 00:35:38 GMT 2024","","HYPERON-EXPERIMENTAL-SCRIPTS","HYPERON-EXPERIMENTAL-SCRIPTS",""
"","1","00-LANG-CASE.02","","Wed Nov 20 00:37:14 GMT 2024","passed","Wed Nov 20 00:37:14 GMT 2024","","HYPERON-METTALOG-SANITY","HYPERON-METTALOG-SANITY",""
"","1","ADD-REMOVE-MATCH-SS-SYMBOLS.12","","Wed Nov 20 00:52:35 GMT 2024","passed","Wed Nov 20 00:52:35 GMT 2024","","SPACES","SPACES",""
"","44","IMPLICATIONDIRECTINTRODUCTIONDTLTEST.11","","Wed Nov 20 01:14:18 GMT 2024","failed","Wed Nov 20 01:14:18 GMT 2024","","DEPENDENT-TYPES","DEPENDENT-TYPES",""
"","2","ADD-REMOVE-MATCH-FLOAT.03","","Wed Nov 20 00:52:35 GMT 2024","passed","Wed Nov 20 00:52:35 GMT 2024","","SPACES","SPACES",""
"","43","FC-XP.09","","Wed Nov 20 01:18:18 GMT 2024","failed","Wed Nov 20 01:18:18 GMT 2024","","FORWARD-CHAINING","FORWARD-CHAINING",""
"","2","ADD-REMOVE-MATCH-SS-STRINGS.11","","Wed Nov 20 00:52:35 GMT 2024","passed","Wed Nov 20 00:52:35 GMT 2024","","SPACES","SPACES",""
"","2","TESTS4.01","","Wed Nov 20 00:45:49 GMT 2024","passed","Wed Nov 20 00:45:49 GMT 2024","","MAIN-BRANCH","MAIN-BRANCH",""
"","5000","std.nondeterm","","Wed Nov 20 00:35:33 GMT 2024","passed","Wed Nov 20 00:35:38 GMT 2024","","WHOLE-TESTS","WHOLE-TESTS",""
"","5000","dependent-types.MinerDTLTest","","Wed Nov 20 00:35:33 GMT 2024","passed","Wed Nov 20 00:35:38 GMT 2024","","WHOLE-TESTS","WHOLE-TESTS",""
"","1547","SYNTHESIZE-VIA-LET-TEST.11","","Wed Nov 20 01:26:05 GMT 2024","failed","Wed Nov 20 01:26:06 GMT 2024","","EXPERIMENTS","EXPERIMENTS",""
"","4000","metta_to_amr.instances","","Wed Nov 20 00:35:33 GMT 2024","passed","Wed Nov 20 00:35:37 GMT 2024","","WHOLE-TESTS","WHOLE-TESTS",""
"","1","D4-TYPE-PROP.11","","Wed Nov 20 00:45:22 GMT 2024","passed","Wed Nov 20 00:45:22 GMT 2024","","QUICK","QUICK",""
"","57","APPEND-USING-EQUALITY.02","","Wed Nov 20 01:54:43 GMT 2024","failed","Wed Nov 20 01:54:43 GMT 2024","","MULTIDIRECTIONAL","MULTIDIRECTIONAL",""
"","2","ADD-REMOVE-MATCH-INTEGER.16","","Wed Nov 20 00:52:35 GMT 2024","passed","Wed Nov 20 00:52:35 GMT 2024","","SPACES","SPACES",""
"","47","FORWARD-CHAINER-XP.01","","Wed Nov 20 01:18:08 GMT 2024","failed","Wed Nov 20 01:18:08 GMT 2024","","FORWARD-CHAINER","FORWARD-CHAINER",""
"","3","D4-TYPE-PROP.08","","Wed Nov 20 01:11:36 GMT 2024","passed","Wed Nov 20 01:11:36 GMT 2024","","CHECK-TYPES","CHECK-TYPES",""
"","2","ORDEREDSETTEST.02","","Wed Nov 20 01:15:41 GMT 2024","passed","Wed Nov 20 01:15:41 GMT 2024","","COMMON","COMMON",""
"","109","BASE-TEST-REPR-PARSE-INTERSECTION.01","","Wed Nov 20 00:37:14 GMT 2024","passed","Wed Nov 20 00:37:14 GMT 2024","","HYPERON-METTALOG-SANITY","HYPERON-METTALOG-SANITY",""
"","41000","match.tmpMatch","","Wed Nov 20 00:35:33 GMT 2024","failed","Wed Nov 20 00:36:14 GMT 2024","","WHOLE-TESTS","WHOLE-TESTS",""
"","3","00-LANG-CASE.05","","Wed Nov 20 00:37:14 GMT 2024","passed","Wed Nov 20 00:37:14 GMT 2024","","HYPERON-METTALOG-SANITY","HYPERON-METTALOG-SANITY",""
"","3","OBIF-EASY.01","","Wed Nov 20 01:54:43 GMT 2024","passed","Wed Nov 20 01:54:43 GMT 2024","","MULTIDIRECTIONAL","MULTIDIRECTIONAL",""
"","2","BC-XP.26","","Wed Nov 20 01:15:32 GMT 2024","passed","Wed Nov 20 01:15:32 GMT 2024","","BACKWARD-CHAINING","BACKWARD-CHAINING",""
"","2","F1-MODULEA.02","","Wed Nov 20 00:45:22 GMT 2024","passed","Wed Nov 20 00:45:22 GMT 2024","","QUICK","QUICK",""
"","2","HYPERPOSE.03","","Wed Nov 20 00:41:08 GMT 2024","passed","Wed Nov 20 00:41:08 GMT 2024","","METTA-MORPH-TESTS","METTA-MORPH-TESTS",""
"","2","INTERSECTION-TESTS.11","","Wed Nov 20 00:37:14 GMT 2024","passed","Wed Nov 20 00:37:14 GMT 2024","","HYPERON-METTALOG-SANITY","HYPERON-METTALOG-SANITY",""
"","4","D1-GADT.03","","Wed Nov 20 01:11:36 GMT 2024","passed","Wed Nov 20 01:11:36 GMT 2024","","CHECK-TYPES","CHECK-TYPES",""
"","801","JOHN-CARRY-FLOWER-TEST.05","","Wed Nov 20 01:24:59 GMT 2024","failed","Wed Nov 20 01:24:59 GMT 2024","","JOHN-CARRY-FLOWER","JOHN-CARRY-FLOWER",""
"","2","FC-XP.12","","Wed Nov 20 01:18:18 GMT 2024","passed","Wed Nov 20 01:18:18 GMT 2024","","FORWARD-CHAINING","FORWARD-CHAINING",""
"","11","05-MATCH-SUPERPOSE-ELEMENT-LIKE-SPACE.01","","Wed Nov 20 01:51:39 GMT 2024","failed","Wed Nov 20 01:51:39 GMT 2024","","CONTAINERS-ARE-SPACES","CONTAINERS-ARE-SPACES",""
"","5000","match.DeductionMatchTest","","Wed Nov 20 00:35:33 GMT 2024","passed","Wed Nov 20 00:35:38 GMT 2024","","WHOLE-TESTS","WHOLE-TESTS",""
"","6000","main-branch.minnars_Prev","","Wed Nov 20 00:35:33 GMT 2024","passed","Wed Nov 20 00:35:39 GMT 2024","","WHOLE-TESTS","WHOLE-TESTS",""
"","4000","multidirectional.append_using_equality","","Wed Nov 20 00:35:33 GMT 2024","passed","Wed Nov 20 00:35:37 GMT 2024","","WHOLE-TESTS","WHOLE-TESTS",""
"","27","UNIFYTEST.03","","Wed Nov 20 01:26:01 GMT 2024","failed","Wed Nov 20 01:26:01 GMT 2024","","SYNTHESIS","SYNTHESIS",""
"","2","BASE-TEST-REPR-PARSE-INTERSECTION.03","","Wed Nov 20 00:37:14 GMT 2024","passed","Wed Nov 20 00:37:14 GMT 2024","","HYPERON-METTALOG-SANITY","HYPERON-METTALOG-SANITY",""
"","80","F1-IMPORTS.14","","Wed Nov 20 00:35:29 GMT 2024","passed","Wed Nov 20 00:35:29 GMT 2024","","MODULE-SYSTEM","MODULE-SYSTEM",""
"","2","D2-HIGHERFUNC.23","","Wed Nov 20 00:35:38 GMT 2024","passed","Wed Nov 20 00:35:38 GMT 2024","","HYPERON-EXPERIMENTAL-SCRIPTS","HYPERON-EXPERIMENTAL-SCRIPTS",""
"","6","OR-TEST.01","","Wed Nov 20 00:37:14 GMT 2024","passed","Wed Nov 20 00:37:14 GMT 2024","","HYPERON-METTALOG-SANITY","HYPERON-METTALOG-SANITY",""
"","245","TIME-SYNTHESIZE-SHORT.01","","Wed Nov 20 00:39:00 GMT 2024","passed","Wed Nov 20 00:39:00 GMT 2024","","SYNTH-BUFFER","SYNTH-BUFFER",""
"","3","TEST-SPO-100.01","","Wed Nov 20 00:43:47 GMT 2024","passed","Wed Nov 20 00:43:47 GMT 2024","","METTA-WAM-ISSUE-116","METTA-WAM-ISSUE-116",""
"","2","SHOW-TYPE.04","","Wed Nov 20 00:52:21 GMT 2024","passed","Wed Nov 20 00:52:21 GMT 2024","","INTROSPECT","INTROSPECT",""
"","151","NALIFIER-PREV.01","","Wed Nov 20 00:45:49 GMT 2024","passed","Wed Nov 20 00:45:49 GMT 2024","","MAIN-BRANCH","MAIN-BRANCH",""
"","2","IFC-XP.11","","Wed Nov 20 01:21:33 GMT 2024","passed","Wed Nov 20 01:21:33 GMT 2024","","ITERATIVE-CHAINING","ITERATIVE-CHAINING",""
"","1","INTERSECTION-TESTS.05","","Wed Nov 20 00:37:14 GMT 2024","passed","Wed Nov 20 00:37:14 GMT 2024","","HYPERON-METTALOG-SANITY","HYPERON-METTALOG-SANITY",""
"","1140","RED-BLACK.01","","Wed Nov 20 01:06:56 GMT 2024","passed","Wed Nov 20 01:06:57 GMT 2024","","RED-BLACK-LAMBDA","RED-BLACK-LAMBDA",""
"","2","CHAPTER-2-4.05","","Wed Nov 20 00:54:49 GMT 2024","passed","Wed Nov 20 00:54:49 GMT 2024","","SICP-BOOK","SICP-BOOK",""
"","3","FORWARD-CHAINER-XP.08","","Wed Nov 20 01:18:08 GMT 2024","passed","Wed Nov 20 01:18:08 GMT 2024","","FORWARD-CHAINER","FORWARD-CHAINER",""
"","14","CHAPTER-2-4.22","","Wed Nov 20 00:54:49 GMT 2024","failed","Wed Nov 20 00:54:49 GMT 2024","","SICP-BOOK","SICP-BOOK",""
"","2","B5-TYPES-PRELIM.21","","Wed Nov 20 01:11:15 GMT 2024","passed","Wed Nov 20 01:11:15 GMT 2024","","CHECK-TYPES-TEMP","CHECK-TYPES-TEMP",""
"","2","TESTS0.03","","Wed Nov 20 01:39:14 GMT 2024","passed","Wed Nov 20 01:39:14 GMT 2024","","NEW","NEW",""
"","2","INF-CTL-MONTH-XP-SHORT-3.04","","Wed Nov 20 02:03:20 GMT 2024","passed","Wed Nov 20 02:03:20 GMT 2024","","COMPARISONS","COMPARISONS",""
"","2","LTE.06","","Wed Nov 20 00:53:17 GMT 2024","passed","Wed Nov 20 00:53:17 GMT 2024","","STD","STD",""
"","3","FC-XP.04","","Wed Nov 20 01:18:18 GMT 2024","passed","Wed Nov 20 01:18:18 GMT 2024","","FORWARD-CHAINING","FORWARD-CHAINING",""
"","2","BACKWARD-CHAINER-XP.42","","Wed Nov 20 01:15:26 GMT 2024","passed","Wed Nov 20 01:15:26 GMT 2024","","BACKWARD-CHAINER","BACKWARD-CHAINER",""
"","73","INTERSECTION-TESTS.31","","Wed Nov 20 00:37:14 GMT 2024","failed","Wed Nov 20 00:37:14 GMT 2024","","HYPERON-METTALOG-SANITY","HYPERON-METTALOG-SANITY",""
"","2","SPACE-SUBTRACTION-TESTS.06","","Wed Nov 20 00:37:14 GMT 2024","passed","Wed Nov 20 00:37:14 GMT 2024","","HYPERON-METTALOG-SANITY","HYPERON-METTALOG-SANITY",""
"","2","ADD-REMOVE-MATCH-INTEGER.01","","Wed Nov 20 00:52:35 GMT 2024","passed","Wed Nov 20 00:52:35 GMT 2024","","SPACES","SPACES",""
"","2","STDLIB-METTALOG-TEST-PT2.52","","Wed Nov 20 00:54:39 GMT 2024","passed","Wed Nov 20 00:54:39 GMT 2024","","STDLIB-METTALOG","STDLIB-METTALOG",""
"","5000","SICP_book.chapter_1_1","","Wed Nov 20 00:35:33 GMT 2024","passed","Wed Nov 20 00:35:38 GMT 2024","","WHOLE-TESTS","WHOLE-TESTS",""
"","2","ADD-REMOVE-MATCH-FLOAT.01","","Wed Nov 20 00:52:35 GMT 2024","passed","Wed Nov 20 00:52:35 GMT 2024","","SPACES","SPACES",""
"","2","ADD-REMOVE-MATCH-INTEGER.03","","Wed Nov 20 00:52:35 GMT 2024","passed","Wed Nov 20 00:52:35 GMT 2024","","SPACES","SPACES",""
"","2","BC-COMP.02","","Wed Nov 20 01:48:28 GMT 2024","passed","Wed Nov 20 01:48:28 GMT 2024","","WALK-THRU","WALK-THRU",""
"","149","NALIFIER.01","","Wed Nov 20 00:41:08 GMT 2024","passed","Wed Nov 20 00:41:08 GMT 2024","","METTA-MORPH-TESTS","METTA-MORPH-TESTS",""
"","2","IBC-XP.30","","Wed Nov 20 01:21:33 GMT 2024","passed","Wed Nov 20 01:21:33 GMT 2024","","ITERATIVE-CHAINING","ITERATIVE-CHAINING",""
"","2","SEQUENTIAL-NESTED.10","","Wed Nov 20 00:41:08 GMT 2024","passed","Wed Nov 20 00:41:08 GMT 2024","","METTA-MORPH-TESTS","METTA-MORPH-TESTS",""
"","2","ORDEREDSETTEST.10","","Wed Nov 20 01:15:41 GMT 2024","passed","Wed Nov 20 01:15:41 GMT 2024","","COMMON","COMMON",""
"","43000","synth_buffer.time_synthesize","","Wed Nov 20 00:35:33 GMT 2024","failed","Wed Nov 20 00:36:16 GMT 2024","","WHOLE-TESTS","WHOLE-TESTS",""
"","3","UNIFY-VIA-LET.03","","Wed Nov 20 01:26:05 GMT 2024","passed","Wed Nov 20 01:26:05 GMT 2024","","EXPERIMENTS","EXPERIMENTS",""
"","2","IOIOIOI.05","","Wed Nov 20 01:54:43 GMT 2024","passed","Wed Nov 20 01:54:43 GMT 2024","","MULTIDIRECTIONAL","MULTIDIRECTIONAL",""
"","2","INTERSECTION-TESTS.16","","Wed Nov 20 00:37:14 GMT 2024","passed","Wed Nov 20 00:37:14 GMT 2024","","HYPERON-METTALOG-SANITY","HYPERON-METTALOG-SANITY",""
"","15000","anti-regression.system_proofTestCurried","","Wed Nov 20 00:35:33 GMT 2024","failed","Wed Nov 20 00:35:48 GMT 2024","","WHOLE-TESTS","WHOLE-TESTS",""
"","41000","bio-atomspace.pln-xp-mettalog","","Wed Nov 20 00:35:33 GMT 2024","failed","Wed Nov 20 00:36:14 GMT 2024","","WHOLE-TESTS","WHOLE-TESTS",""
"","2","TYPE-PROP.30","","Wed Nov 20 01:11:15 GMT 2024","passed","Wed Nov 20 01:11:15 GMT 2024","","CHECK-TYPES-TEMP","CHECK-TYPES-TEMP",""
"","2","ADD-ATOM-NAIVE-FIB.01","","Wed Nov 20 02:03:20 GMT 2024","passed","Wed Nov 20 02:03:20 GMT 2024","","COMPARISONS","COMPARISONS",""
"","47000","direct_comp.compiler_walkthru","","Wed Nov 20 00:35:33 GMT 2024","failed","Wed Nov 20 00:36:20 GMT 2024","","WHOLE-TESTS","WHOLE-TESTS",""
"","46000","new.tests2","","Wed Nov 20 00:35:33 GMT 2024","failed","Wed Nov 20 00:36:19 GMT 2024","","WHOLE-TESTS","WHOLE-TESTS",""
"","3","OBIF.02","","Wed Nov 20 01:54:43 GMT 2024","passed","Wed Nov 20 01:54:43 GMT 2024","","MULTIDIRECTIONAL","MULTIDIRECTIONAL",""
"","5","UNIQUE-TEST.11","","Wed Nov 20 00:37:14 GMT 2024","passed","Wed Nov 20 00:37:14 GMT 2024","","HYPERON-METTALOG-SANITY","HYPERON-METTALOG-SANITY",""
"","2","F1-IMPORTS.09","","Wed Nov 20 00:35:29 GMT 2024","passed","Wed Nov 20 00:35:29 GMT 2024","","MODULE-SYSTEM","MODULE-SYSTEM",""
"","7","REWRITES.02","","Wed Nov 20 01:07:03 GMT 2024","passed","Wed Nov 20 01:07:03 GMT 2024","","STACK-BASED","STACK-BASED",""
"","55","STDLIB-METTALOG-TEST-PT2.25","","Wed Nov 20 00:54:39 GMT 2024","failed","Wed Nov 20 00:54:39 GMT 2024","","STDLIB-METTALOG","STDLIB-METTALOG",""
"","3","STRING-TESTS.18","","Wed Nov 20 00:37:14 GMT 2024","passed","Wed Nov 20 00:37:14 GMT 2024","","HYPERON-METTALOG-SANITY","HYPERON-METTALOG-SANITY",""
"","216","SYNTHESIZE-VIA-CASE-TEST.02","","Wed Nov 20 01:26:05 GMT 2024","failed","Wed Nov 20 01:26:05 GMT 2024","","EXPERIMENTS","EXPERIMENTS",""
"","15","D1-GADT.09","","Wed Nov 20 01:11:36 GMT 2024","passed","Wed Nov 20 01:11:36 GMT 2024","","CHECK-TYPES","CHECK-TYPES",""
"","2","ADD-REMOVE-MATCH-FLOAT.15","","Wed Nov 20 00:52:35 GMT 2024","passed","Wed Nov 20 00:52:35 GMT 2024","","SPACES","SPACES",""
"","17","IFC-XP.17","","Wed Nov 20 01:21:33 GMT 2024","failed","Wed Nov 20 01:21:33 GMT 2024","","ITERATIVE-CHAINING","ITERATIVE-CHAINING",""
"","1","D2-HIGHERFUNC.04","","Wed Nov 20 00:45:22 GMT 2024","passed","Wed Nov 20 00:45:22 GMT 2024","","QUICK","QUICK",""
"","41","BACKWARD-CHAINER-XP.25","","Wed Nov 20 01:15:26 GMT 2024","failed","Wed Nov 20 01:15:26 GMT 2024","","BACKWARD-CHAINER","BACKWARD-CHAINER",""
"","1263","PUZZLE.01","","Wed Nov 20 01:02:45 GMT 2024","passed","Wed Nov 20 01:02:46 GMT 2024","","LOGIC","LOGIC",""
"","2","BACKWARD-CHAINER-XP.22","","Wed Nov 20 01:15:26 GMT 2024","passed","Wed Nov 20 01:15:26 GMT 2024","","BACKWARD-CHAINER","BACKWARD-CHAINER",""
"","248","SHOW-TYPE.15","","Wed Nov 20 00:52:21 GMT 2024","failed","Wed Nov 20 00:52:21 GMT 2024","","INTROSPECT","INTROSPECT",""
"","2","DEFINE-IF-LIKE.04","","Wed Nov 20 01:47:02 GMT 2024","passed","Wed Nov 20 01:47:02 GMT 2024","","DIRECT-COMP","DIRECT-COMP",""
"","93","TOO-EAGER-MATH.03","","Wed Nov 20 01:56:00 GMT 2024","passed","Wed Nov 20 01:56:00 GMT 2024","","POSSIBLY-WRONG","POSSIBLY-WRONG",""
"","3","SUBTRACTION-TEST.08","","Wed Nov 20 00:37:14 GMT 2024","passed","Wed Nov 20 00:37:14 GMT 2024","","HYPERON-METTALOG-SANITY","HYPERON-METTALOG-SANITY",""
"","2","CREATE-SERVER.01","","Wed Nov 20 01:52:49 GMT 2024","passed","Wed Nov 20 01:52:49 GMT 2024","","DISTRIBUTED-PROCESSING","DISTRIBUTED-PROCESSING",""
"","3","INTEST.01","","Wed Nov 20 01:15:41 GMT 2024","passed","Wed Nov 20 01:15:41 GMT 2024","","COMMON","COMMON",""
"","1","DEBUG-METTALOGTESTCURRIED.04","","Wed Nov 20 01:48:28 GMT 2024","passed","Wed Nov 20 01:48:28 GMT 2024","","WALK-THRU","WALK-THRU",""
"","2","F1-IMPORTS.11","","Wed Nov 20 00:35:38 GMT 2024","passed","Wed Nov 20 00:35:38 GMT 2024","","HYPERON-EXPERIMENTAL-SCRIPTS","HYPERON-EXPERIMENTAL-SCRIPTS",""
"","3","FORWARD-CHAINER-XP.02","","Wed Nov 20 01:18:08 GMT 2024","passed","Wed Nov 20 01:18:08 GMT 2024","","FORWARD-CHAINER","FORWARD-CHAINER",""
"","2","QUERIES.07","","Wed Nov 20 01:07:51 GMT 2024","passed","Wed Nov 20 01:07:51 GMT 2024","","STRIPS-TO-METTA-IMPROVED","STRIPS-TO-METTA-IMPROVED",""
"","3","MODUSPONENSDTLTEST.02","","Wed Nov 20 01:14:18 GMT 2024","passed","Wed Nov 20 01:14:18 GMT 2024","","DEPENDENT-TYPES","DEPENDENT-TYPES",""
"","3","INF-CTL-MONTH-XP-SHORT-3.01","","Wed Nov 20 02:03:20 GMT 2024","passed","Wed Nov 20 02:03:20 GMT 2024","","COMPARISONS","COMPARISONS",""
"","143","NATTEST.01","","Wed Nov 20 01:18:23 GMT 2024","failed","Wed Nov 20 01:18:23 GMT 2024","","HOL","HOL",""
"","83","CHAPTER-2-4.07","","Wed Nov 20 00:54:49 GMT 2024","failed","Wed Nov 20 00:54:49 GMT 2024","","SICP-BOOK","SICP-BOOK",""
"","14","MATCH-VOID.04","","Wed Nov 20 00:41:08 GMT 2024","passed","Wed Nov 20 00:41:08 GMT 2024","","METTA-MORPH-TESTS","METTA-MORPH-TESTS",""
"","1","KEY-LOOKUPS-MANY.10","","Wed Nov 20 01:57:00 GMT 2024","passed","Wed Nov 20 01:57:00 GMT 2024","","BASIC","BASIC",""
"","2","03-SORING-VIA-INSERT.05","","Wed Nov 20 00:37:14 GMT 2024","passed","Wed Nov 20 00:37:14 GMT 2024","","HYPERON-METTALOG-SANITY","HYPERON-METTALOG-SANITY",""
"","43","FORWARD-CHAINER-TEST.13","","Wed Nov 20 01:18:08 GMT 2024","failed","Wed Nov 20 01:18:08 GMT 2024","","FORWARD-CHAINER","FORWARD-CHAINER",""
"","1","STATES-SPACES.04","","Wed Nov 20 00:41:08 GMT 2024","passed","Wed Nov 20 00:41:08 GMT 2024","","METTA-MORPH-TESTS","METTA-MORPH-TESTS",""
"","5000","traverser.creation","","Wed Nov 20 00:35:33 GMT 2024","passed","Wed Nov 20 00:35:38 GMT 2024","","WHOLE-TESTS","WHOLE-TESTS",""
"","2","INF-CTL-MONTH-BC-CONT-XP.01","","Wed Nov 20 01:19:32 GMT 2024","passed","Wed Nov 20 01:19:32 GMT 2024","","INFERENCE-CONTROL","INFERENCE-CONTROL",""
"","2","STRING-TESTS.17","","Wed Nov 20 00:37:14 GMT 2024","passed","Wed Nov 20 00:37:14 GMT 2024","","HYPERON-METTALOG-SANITY","HYPERON-METTALOG-SANITY",""
"","2","PC-XP.06","","Wed Nov 20 01:24:14 GMT 2024","passed","Wed Nov 20 01:24:14 GMT 2024","","POLYWARD-CHAINING","POLYWARD-CHAINING",""
"","2","V2-PLN-XP-EASY-IMPL.01","","Wed Nov 20 00:50:19 GMT 2024","passed","Wed Nov 20 00:50:19 GMT 2024","","CHAINING","CHAINING",""
"","2724","TESTS3.06","","Wed Nov 20 00:45:49 GMT 2024","failed","Wed Nov 20 00:45:51 GMT 2024","","MAIN-BRANCH","MAIN-BRANCH",""
"","1792","TRAINING.04","","Wed Nov 20 02:09:34 GMT 2024","passed","Wed Nov 20 02:09:35 GMT 2024","","LANGUAGE-MODELS","LANGUAGE-MODELS",""
"","2","BASIC.12","","Wed Nov 20 01:08:32 GMT 2024","passed","Wed Nov 20 01:08:32 GMT 2024","","TRAVERSER","TRAVERSER",""
"","2","STRING-TESTS.09","","Wed Nov 20 00:37:14 GMT 2024","passed","Wed Nov 20 00:37:14 GMT 2024","","HYPERON-METTALOG-SANITY","HYPERON-METTALOG-SANITY",""
"","1","D4-TYPE-PROP.16","","Wed Nov 20 01:11:36 GMT 2024","passed","Wed Nov 20 01:11:36 GMT 2024","","CHECK-TYPES","CHECK-TYPES",""
"","6000","experiments.synthesize-via-unify-test","","Wed Nov 20 00:35:33 GMT 2024","passed","Wed Nov 20 00:35:39 GMT 2024","","WHOLE-TESTS","WHOLE-TESTS",""
"","2","D4-TYPE-PROP.19","","Wed Nov 20 00:45:22 GMT 2024","passed","Wed Nov 20 00:45:22 GMT 2024","","QUICK","QUICK",""
"","90","STDLIB-METTALOG-TEST-PT2.38","","Wed Nov 20 00:54:39 GMT 2024","failed","Wed Nov 20 00:54:39 GMT 2024","","STDLIB-METTALOG","STDLIB-METTALOG",""
"","2","INTERSECTION-TESTS.22","","Wed Nov 20 00:37:14 GMT 2024","passed","Wed Nov 20 00:37:14 GMT 2024","","HYPERON-METTALOG-SANITY","HYPERON-METTALOG-SANITY",""
"","5","IMPL-METTALOGTESTCURRIED.05","","Wed Nov 20 01:48:28 GMT 2024","passed","Wed Nov 20 01:48:28 GMT 2024","","WALK-THRU","WALK-THRU",""
"","2","CHAPTER-2-4.14","","Wed Nov 20 00:54:49 GMT 2024","passed","Wed Nov 20 00:54:49 GMT 2024","","SICP-BOOK","SICP-BOOK",""
"","46000","current.tests5","","Wed Nov 20 00:35:33 GMT 2024","failed","Wed Nov 20 00:36:19 GMT 2024","","WHOLE-TESTS","WHOLE-TESTS",""
"","2","HYPERPOSING-UNSHARED.08","","Wed Nov 20 01:57:00 GMT 2024","passed","Wed Nov 20 01:57:00 GMT 2024","","BASIC","BASIC",""
"","3","E1-KB-WRITE.01","","Wed Nov 20 00:35:38 GMT 2024","passed","Wed Nov 20 00:35:38 GMT 2024","","HYPERON-EXPERIMENTAL-SCRIPTS","HYPERON-EXPERIMENTAL-SCRIPTS",""
"","5","EVIDENTIALTRUTHVALUETEST.04","","Wed Nov 20 01:16:08 GMT 2024","passed","Wed Nov 20 01:16:08 GMT 2024","","TRUTHVALUE","TRUTHVALUE",""
"","2","NATPARITYTEST.15","","Wed Nov 20 01:18:23 GMT 2024","passed","Wed Nov 20 01:18:23 GMT 2024","","HOL","HOL",""
"","4000","metta-morph_tests.sequential_nested","","Wed Nov 20 00:35:33 GMT 2024","passed","Wed Nov 20 00:35:37 GMT 2024","","WHOLE-TESTS","WHOLE-TESTS",""
"","476","PC-XP.15","","Wed Nov 20 01:24:14 GMT 2024","failed","Wed Nov 20 01:24:14 GMT 2024","","POLYWARD-CHAINING","POLYWARD-CHAINING",""
"","4000","metta-wam-issue-116.test_spo_5000","","Wed Nov 20 00:35:33 GMT 2024","passed","Wed Nov 20 00:35:37 GMT 2024","","WHOLE-TESTS","WHOLE-TESTS",""
"","42","IFC-XP.05","","Wed Nov 20 01:21:33 GMT 2024","failed","Wed Nov 20 01:21:33 GMT 2024","","ITERATIVE-CHAINING","ITERATIVE-CHAINING",""
"","3","BC-XP.01","","Wed Nov 20 01:15:32 GMT 2024","passed","Wed Nov 20 01:15:32 GMT 2024","","BACKWARD-CHAINING","BACKWARD-CHAINING",""
"","2","DEDUCTIONFORMULATEST.03","","Wed Nov 20 01:16:03 GMT 2024","passed","Wed Nov 20 01:16:03 GMT 2024","","FORMULA","FORMULA",""
"","4000","hyperon-mettalog_sanity.02-curried-plus","","Wed Nov 20 00:35:33 GMT 2024","passed","Wed Nov 20 00:35:37 GMT 2024","","WHOLE-TESTS","WHOLE-TESTS",""
"","2","STDLIB-METTALOG-TEST-PT2.47","","Wed Nov 20 00:54:39 GMT 2024","passed","Wed Nov 20 00:54:39 GMT 2024","","STDLIB-METTALOG","STDLIB-METTALOG",""
"","2","SEQUENTIAL-NESTED.02","","Wed Nov 20 00:41:08 GMT 2024","passed","Wed Nov 20 00:41:08 GMT 2024","","METTA-MORPH-TESTS","METTA-MORPH-TESTS",""
"","2","B4-NONDETERM.04","","Wed Nov 20 00:35:38 GMT 2024","passed","Wed Nov 20 00:35:38 GMT 2024","","HYPERON-EXPERIMENTAL-SCRIPTS","HYPERON-EXPERIMENTAL-SCRIPTS",""
"","2","D4-TYPE-PROP.07","","Wed Nov 20 01:11:36 GMT 2024","passed","Wed Nov 20 01:11:36 GMT 2024","","CHECK-TYPES","CHECK-TYPES",""
"","3","INF-CTL-MONTH-XP.02","","Wed Nov 20 01:19:32 GMT 2024","passed","Wed Nov 20 01:19:32 GMT 2024","","INFERENCE-CONTROL","INFERENCE-CONTROL",""
"","2","CHAPTER-1-1.07","","Wed Nov 20 00:54:49 GMT 2024","passed","Wed Nov 20 00:54:49 GMT 2024","","SICP-BOOK","SICP-BOOK",""
"","2","BCHAIN.06","","Wed Nov 20 01:48:28 GMT 2024","passed","Wed Nov 20 01:48:28 GMT 2024","","WALK-THRU","WALK-THRU",""
"","3","PC-XP.10","","Wed Nov 20 01:24:14 GMT 2024","passed","Wed Nov 20 01:24:14 GMT 2024","","POLYWARD-CHAINING","POLYWARD-CHAINING",""
"","569","SYNTHESIZE-VIA-LET-TEST.01","","Wed Nov 20 01:26:05 GMT 2024","failed","Wed Nov 20 01:26:05 GMT 2024","","EXPERIMENTS","EXPERIMENTS",""
"","2","ADD-REMOVE-MATCH-MIX-FLOAT-INTEGER.16","","Wed Nov 20 00:52:35 GMT 2024","passed","Wed Nov 20 00:52:35 GMT 2024","","SPACES","SPACES",""
"","2","BACKWARD-CHAINER-XP.44","","Wed Nov 20 01:15:26 GMT 2024","passed","Wed Nov 20 01:15:26 GMT 2024","","BACKWARD-CHAINER","BACKWARD-CHAINER",""
"","2","KEY-LOOKUPS-MANY.06","","Wed Nov 20 01:57:00 GMT 2024","passed","Wed Nov 20 01:57:00 GMT 2024","","BASIC","BASIC",""
"","1","A1-SYMBOLS.07","","Wed Nov 20 00:35:38 GMT 2024","passed","Wed Nov 20 00:35:38 GMT 2024","","HYPERON-EXPERIMENTAL-SCRIPTS","HYPERON-EXPERIMENTAL-SCRIPTS",""
"","4","TYPE-PROP.35","","Wed Nov 20 01:11:15 GMT 2024","passed","Wed Nov 20 01:11:15 GMT 2024","","CHECK-TYPES-TEMP","CHECK-TYPES-TEMP",""
"","2","F1-MODULEA.01","","Wed Nov 20 00:35:29 GMT 2024","passed","Wed Nov 20 00:35:29 GMT 2024","","MODULE-SYSTEM","MODULE-SYSTEM",""
"","2","BACKWARD-CHAINER-XP.18","","Wed Nov 20 01:15:26 GMT 2024","passed","Wed Nov 20 01:15:26 GMT 2024","","BACKWARD-CHAINER","BACKWARD-CHAINER",""
"","3","00-LANG-CASE.01","","Wed Nov 20 00:37:14 GMT 2024","passed","Wed Nov 20 00:37:14 GMT 2024","","HYPERON-METTALOG-SANITY","HYPERON-METTALOG-SANITY",""
"","1","IFC-XP.10","","Wed Nov 20 01:21:33 GMT 2024","passed","Wed Nov 20 01:21:33 GMT 2024","","ITERATIVE-CHAINING","ITERATIVE-CHAINING",""
"","518","NTE.02","","Wed Nov 20 01:01:27 GMT 2024","passed","Wed Nov 20 01:01:27 GMT 2024","","EDGES-TO-EDGES","EDGES-TO-EDGES",""
"","2","SPACE-INTERSECTION-TESTS.11","","Wed Nov 20 00:37:14 GMT 2024","passed","Wed Nov 20 00:37:14 GMT 2024","","HYPERON-METTALOG-SANITY","HYPERON-METTALOG-SANITY",""
"","5","TRUTHVALUETEST.02","","Wed Nov 20 01:16:08 GMT 2024","passed","Wed Nov 20 01:16:08 GMT 2024","","TRUTHVALUE","TRUTHVALUE",""
"","2","TYPE-PROP.25","","Wed Nov 20 01:11:15 GMT 2024","passed","Wed Nov 20 01:11:15 GMT 2024","","CHECK-TYPES-TEMP","CHECK-TYPES-TEMP",""
"","2","BACKWARD-CHAINER-XP.03","","Wed Nov 20 01:15:26 GMT 2024","passed","Wed Nov 20 01:15:26 GMT 2024","","BACKWARD-CHAINER","BACKWARD-CHAINER",""
"","516","PARENT-GO-1-COMP.01","","Wed Nov 20 00:50:19 GMT 2024","passed","Wed Nov 20 00:50:19 GMT 2024","","CHAINING","CHAINING",""
"","1","HYPERPOSING-UNSHARED.03","","Wed Nov 20 01:57:00 GMT 2024","passed","Wed Nov 20 01:57:00 GMT 2024","","BASIC","BASIC",""
"","3","V2-PLN-XP.04","","Wed Nov 20 00:50:19 GMT 2024","passed","Wed Nov 20 00:50:19 GMT 2024","","CHAINING","CHAINING",""
"","3","STRING-TESTS.06","","Wed Nov 20 00:37:14 GMT 2024","passed","Wed Nov 20 00:37:14 GMT 2024","","HYPERON-METTALOG-SANITY","HYPERON-METTALOG-SANITY",""
"","2","TYPES-PRELIM.14","","Wed Nov 20 00:50:19 GMT 2024","passed","Wed Nov 20 00:50:19 GMT 2024","","CHAINING","CHAINING",""
"","2","ADD-REMOVE-MATCH-MIX-FLOAT-INTEGER.07","","Wed Nov 20 00:52:35 GMT 2024","passed","Wed Nov 20 00:52:35 GMT 2024","","SPACES","SPACES",""
"","422","SYNTHESIZE-VIA-CASE-TEST.08","","Wed Nov 20 01:26:05 GMT 2024","failed","Wed Nov 20 01:26:05 GMT 2024","","EXPERIMENTS","EXPERIMENTS",""
"","2","ADD-REMOVE-MATCH-SS-SYMBOLS.09","","Wed Nov 20 00:52:35 GMT 2024","passed","Wed Nov 20 00:52:35 GMT 2024","","SPACES","SPACES",""
"","4","C1-GROUNDED-BASIC.08","","Wed Nov 20 00:45:22 GMT 2024","passed","Wed Nov 20 00:45:22 GMT 2024","","QUICK","QUICK",""
"","2","COMBINED.02","","Wed Nov 20 01:53:09 GMT 2024","passed","Wed Nov 20 01:53:09 GMT 2024","","ITERATORS","ITERATORS",""
"","2","TYPE-PROP.04","","Wed Nov 20 01:11:15 GMT 2024","passed","Wed Nov 20 01:11:15 GMT 2024","","CHECK-TYPES-TEMP","CHECK-TYPES-TEMP",""
"","4000","dependent-types.ModusPonensDTLTest","","Wed Nov 20 00:35:33 GMT 2024","passed","Wed Nov 20 00:35:37 GMT 2024","","WHOLE-TESTS","WHOLE-TESTS",""
"","2","BACKWARD-CHAINER-XP.26","","Wed Nov 20 01:15:26 GMT 2024","passed","Wed Nov 20 01:15:26 GMT 2024","","BACKWARD-CHAINER","BACKWARD-CHAINER",""
"","4000","hyperon-mettalog_sanity.xor_test","","Wed Nov 20 00:35:33 GMT 2024","passed","Wed Nov 20 00:35:37 GMT 2024","","WHOLE-TESTS","WHOLE-TESTS",""
"","5000","hyperon-mettalog_sanity.space_intersection_tests","","Wed Nov 20 00:35:33 GMT 2024","passed","Wed Nov 20 00:35:38 GMT 2024","","WHOLE-TESTS","WHOLE-TESTS",""
"","18","INF-CTL-MONTH-XP-SHORT-1.01","","Wed Nov 20 02:03:20 GMT 2024","failed","Wed Nov 20 02:03:20 GMT 2024","","COMPARISONS","COMPARISONS",""
"","2","STRING-TESTS.15","","Wed Nov 20 00:37:14 GMT 2024","passed","Wed Nov 20 00:37:14 GMT 2024","","HYPERON-METTALOG-SANITY","HYPERON-METTALOG-SANITY",""
"","2","DEFINE-IF-LIKE.02","","Wed Nov 20 01:47:02 GMT 2024","passed","Wed Nov 20 01:47:02 GMT 2024","","DIRECT-COMP","DIRECT-COMP",""
"","2","06-MATCH-IN-SPACE.01","","Wed Nov 20 00:37:14 GMT 2024","passed","Wed Nov 20 00:37:14 GMT 2024","","HYPERON-METTALOG-SANITY","HYPERON-METTALOG-SANITY",""
"","3","D2-HIGHERFUNC.03","","Wed Nov 20 00:35:38 GMT 2024","passed","Wed Nov 20 00:35:38 GMT 2024","","HYPERON-EXPERIMENTAL-SCRIPTS","HYPERON-EXPERIMENTAL-SCRIPTS",""
"","3","F1-IMPORTS.01","","Wed Nov 20 00:35:38 GMT 2024","passed","Wed Nov 20 00:35:38 GMT 2024","","HYPERON-EXPERIMENTAL-SCRIPTS","HYPERON-EXPERIMENTAL-SCRIPTS",""
"","17","INF-CTL-XP.11","","Wed Nov 20 01:19:32 GMT 2024","failed","Wed Nov 20 01:19:32 GMT 2024","","INFERENCE-CONTROL","INFERENCE-CONTROL",""
"","2","B5-TYPES-PRELIM.25","","Wed Nov 20 00:35:38 GMT 2024","passed","Wed Nov 20 00:35:38 GMT 2024","","HYPERON-EXPERIMENTAL-SCRIPTS","HYPERON-EXPERIMENTAL-SCRIPTS",""
"","2","B5-TYPES-PRELIM.18","","Wed Nov 20 00:35:38 GMT 2024","passed","Wed Nov 20 00:35:38 GMT 2024","","HYPERON-EXPERIMENTAL-SCRIPTS","HYPERON-EXPERIMENTAL-SCRIPTS",""
"","2","QUERIES.01","","Wed Nov 20 01:07:51 GMT 2024","passed","Wed Nov 20 01:07:51 GMT 2024","","STRIPS-TO-METTA-IMPROVED","STRIPS-TO-METTA-IMPROVED",""
"","5000","experiments.non-determinism","","Wed Nov 20 00:35:33 GMT 2024","passed","Wed Nov 20 00:35:38 GMT 2024","","WHOLE-TESTS","WHOLE-TESTS",""
"","2","STATE-TYPES.20","","Wed Nov 20 01:57:00 GMT 2024","passed","Wed Nov 20 01:57:00 GMT 2024","","BASIC","BASIC",""
"","2","UNIFY-VIA-LET.05","","Wed Nov 20 01:26:05 GMT 2024","passed","Wed Nov 20 01:26:05 GMT 2024","","EXPERIMENTS","EXPERIMENTS",""
"","212","SYNTHESIZE-VIA-UNIFY-TEST.03","","Wed Nov 20 01:26:05 GMT 2024","failed","Wed Nov 20 01:26:05 GMT 2024","","EXPERIMENTS","EXPERIMENTS",""
"","2","NATPARITYTEST.14","","Wed Nov 20 01:18:23 GMT 2024","passed","Wed Nov 20 01:18:23 GMT 2024","","HOL","HOL",""
"","2","ADD-ATOM-NAIVE-FIB.07","","Wed Nov 20 02:03:20 GMT 2024","passed","Wed Nov 20 02:03:20 GMT 2024","","COMPARISONS","COMPARISONS",""
"","87","00-LANG-CASE.08","","Wed Nov 20 00:37:14 GMT 2024","passed","Wed Nov 20 00:37:14 GMT 2024","","HYPERON-METTALOG-SANITY","HYPERON-METTALOG-SANITY",""
"","16","UNIFYTEST.02","","Wed Nov 20 01:26:01 GMT 2024","failed","Wed Nov 20 01:26:01 GMT 2024","","SYNTHESIS","SYNTHESIS",""
"","2","F1-MODULEA.01","","Wed Nov 20 00:45:22 GMT 2024","passed","Wed Nov 20 00:45:22 GMT 2024","","QUICK","QUICK",""
"","5000","common.ListTest","","Wed Nov 20 00:35:33 GMT 2024","passed","Wed Nov 20 00:35:38 GMT 2024","","WHOLE-TESTS","WHOLE-TESTS",""
"","101","OR-TEST.20","","Wed Nov 20 00:37:14 GMT 2024","failed","Wed Nov 20 00:37:14 GMT 2024","","HYPERON-METTALOG-SANITY","HYPERON-METTALOG-SANITY",""
"","3","NESTED-PARAMETERS.01","","Wed Nov 20 00:41:08 GMT 2024","passed","Wed Nov 20 00:41:08 GMT 2024","","METTA-MORPH-TESTS","METTA-MORPH-TESTS",""
"","2","ADD-REMOVE-MATCH-INTEGER.20","","Wed Nov 20 00:52:35 GMT 2024","passed","Wed Nov 20 00:52:35 GMT 2024","","SPACES","SPACES",""
"","15","D3-DEPTYPES.04","","Wed Nov 20 01:11:36 GMT 2024","passed","Wed Nov 20 01:11:36 GMT 2024","","CHECK-TYPES","CHECK-TYPES",""
"","3","E2-STATES.02","","Wed Nov 20 01:11:36 GMT 2024","passed","Wed Nov 20 01:11:36 GMT 2024","","CHECK-TYPES","CHECK-TYPES",""
"","4000","transpiler.letlet","","Wed Nov 20 00:35:33 GMT 2024","passed","Wed Nov 20 00:35:37 GMT 2024","","WHOLE-TESTS","WHOLE-TESTS",""
"","2","C1-GROUNDED-BASIC.22","","Wed Nov 20 00:35:38 GMT 2024","passed","Wed Nov 20 00:35:38 GMT 2024","","HYPERON-EXPERIMENTAL-SCRIPTS","HYPERON-EXPERIMENTAL-SCRIPTS",""
"","3","D3-DEPTYPES.03","","Wed Nov 20 01:11:36 GMT 2024","passed","Wed Nov 20 01:11:36 GMT 2024","","CHECK-TYPES","CHECK-TYPES",""
"","2","BC-XP.28","","Wed Nov 20 01:15:32 GMT 2024","passed","Wed Nov 20 01:15:32 GMT 2024","","BACKWARD-CHAINING","BACKWARD-CHAINING",""
"","756","NATSIMPLETEST.05","","Wed Nov 20 01:18:23 GMT 2024","passed","Wed Nov 20 01:18:23 GMT 2024","","HOL","HOL",""
"","1","ADD-REMOVE-MATCH-S-SYMBOLS.02","","Wed Nov 20 00:52:35 GMT 2024","passed","Wed Nov 20 00:52:35 GMT 2024","","SPACES","SPACES",""
"","10","C1-GROUNDED-BASIC.23","","Wed Nov 20 00:45:22 GMT 2024","passed","Wed Nov 20 00:45:22 GMT 2024","","QUICK","QUICK",""
"","2","INTERSECTION-TESTS.19","","Wed Nov 20 00:37:14 GMT 2024","passed","Wed Nov 20 00:37:14 GMT 2024","","HYPERON-METTALOG-SANITY","HYPERON-METTALOG-SANITY",""
"","6","INTERSECTION-TESTS.20","","Wed Nov 20 00:37:14 GMT 2024","passed","Wed Nov 20 00:37:14 GMT 2024","","HYPERON-METTALOG-SANITY","HYPERON-METTALOG-SANITY",""
"","2","CHAINING-PRELIM.01","","Wed Nov 20 00:50:19 GMT 2024","passed","Wed Nov 20 00:50:19 GMT 2024","","CHAINING","CHAINING",""
"","2","D1-GADT.11","","Wed Nov 20 00:45:22 GMT 2024","passed","Wed Nov 20 00:45:22 GMT 2024","","QUICK","QUICK",""
"","2","STATE-TYPES.23","","Wed Nov 20 01:57:00 GMT 2024","passed","Wed Nov 20 01:57:00 GMT 2024","","BASIC","BASIC",""
"","2","LISTTEST.03","","Wed Nov 20 01:15:41 GMT 2024","passed","Wed Nov 20 01:15:41 GMT 2024","","COMMON","COMMON",""
"","4000","debugging.hyperon_experimental_issue_492","","Wed Nov 20 00:35:33 GMT 2024","passed","Wed Nov 20 00:35:37 GMT 2024","","WHOLE-TESTS","WHOLE-TESTS",""
"","45000","walk_thru.bc_comp","","Wed Nov 20 00:35:33 GMT 2024","failed","Wed Nov 20 00:36:18 GMT 2024","","WHOLE-TESTS","WHOLE-TESTS",""
"","3","00A-LANG-COMPILED-CASE.03","","Wed Nov 20 01:47:02 GMT 2024","passed","Wed Nov 20 01:47:02 GMT 2024","","DIRECT-COMP","DIRECT-COMP",""
"","2","D4-TYPE-PROP.07","","Wed Nov 20 00:45:22 GMT 2024","passed","Wed Nov 20 00:45:22 GMT 2024","","QUICK","QUICK",""
"","75","D5-AUTO-TYPES.06","","Wed Nov 20 01:11:36 GMT 2024","failed","Wed Nov 20 01:11:36 GMT 2024","","CHECK-TYPES","CHECK-TYPES",""
"","59","STDLIB-METTALOG-TEST-PT2.71","","Wed Nov 20 00:54:39 GMT 2024","failed","Wed Nov 20 00:54:39 GMT 2024","","STDLIB-METTALOG","STDLIB-METTALOG",""
"","128","TESTS0.01","","Wed Nov 20 01:35:21 GMT 2024","passed","Wed Nov 20 01:35:21 GMT 2024","","NARS-V0","NARS-V0",""
"","4000","bidirectional_computation.reverse-arithmetic","","Wed Nov 20 00:35:33 GMT 2024","passed","Wed Nov 20 00:35:37 GMT 2024","","WHOLE-TESTS","WHOLE-TESTS",""
"","4000","metta_to_amr.amr-connect","","Wed Nov 20 00:35:33 GMT 2024","passed","Wed Nov 20 00:35:37 GMT 2024","","WHOLE-TESTS","WHOLE-TESTS",""
"","2","ORDEREDSETTEST.06","","Wed Nov 20 01:15:41 GMT 2024","passed","Wed Nov 20 01:15:41 GMT 2024","","COMMON","COMMON",""
"","45","OBIF-CLP.02","","Wed Nov 20 01:54:43 GMT 2024","failed","Wed Nov 20 01:54:43 GMT 2024","","MULTIDIRECTIONAL","MULTIDIRECTIONAL",""
"","3","D3-DEPTYPES.01","","Wed Nov 20 01:11:36 GMT 2024","passed","Wed Nov 20 01:11:36 GMT 2024","","CHECK-TYPES","CHECK-TYPES",""
"","5","UNIQUE-TEST.14","","Wed Nov 20 00:37:14 GMT 2024","passed","Wed Nov 20 00:37:14 GMT 2024","","HYPERON-METTALOG-SANITY","HYPERON-METTALOG-SANITY",""
"","2","TYPE-PROP.56","","Wed Nov 20 01:11:15 GMT 2024","passed","Wed Nov 20 01:11:15 GMT 2024","","CHECK-TYPES-TEMP","CHECK-TYPES-TEMP",""
"","103","STDLIB-METTALOG-TEST-PT2.01","","Wed Nov 20 00:54:39 GMT 2024","failed","Wed Nov 20 00:54:39 GMT 2024","","STDLIB-METTALOG","STDLIB-METTALOG",""
"","5000","hyperon-mettalog_sanity.06_match_in_space","","Wed Nov 20 00:35:33 GMT 2024","passed","Wed Nov 20 00:35:38 GMT 2024","","WHOLE-TESTS","WHOLE-TESTS",""
"","2","ADD-REMOVE-MATCH-MIX-FLOAT-INTEGER.20","","Wed Nov 20 00:52:35 GMT 2024","passed","Wed Nov 20 00:52:35 GMT 2024","","SPACES","SPACES",""
"","6000","bigram-sentence-evaluator.taus","","Wed Nov 20 00:35:33 GMT 2024","passed","Wed Nov 20 00:35:39 GMT 2024","","WHOLE-TESTS","WHOLE-TESTS",""
"","3","A3-TWOSIDE.01","","Wed Nov 20 00:35:38 GMT 2024","passed","Wed Nov 20 00:35:38 GMT 2024","","HYPERON-EXPERIMENTAL-SCRIPTS","HYPERON-EXPERIMENTAL-SCRIPTS",""
"","2","BACKWARD-CHAINER-XP.34","","Wed Nov 20 01:15:26 GMT 2024","passed","Wed Nov 20 01:15:26 GMT 2024","","BACKWARD-CHAINER","BACKWARD-CHAINER",""
"","14","D1-GADT.04","","Wed Nov 20 00:35:38 GMT 2024","passed","Wed Nov 20 00:35:38 GMT 2024","","HYPERON-EXPERIMENTAL-SCRIPTS","HYPERON-EXPERIMENTAL-SCRIPTS",""
"","3","SPACE-INTERSECTION-TESTS.19","","Wed Nov 20 00:37:14 GMT 2024","passed","Wed Nov 20 00:37:14 GMT 2024","","HYPERON-METTALOG-SANITY","HYPERON-METTALOG-SANITY",""
"","2","C1-GROUNDED-BASIC.03","","Wed Nov 20 00:35:38 GMT 2024","passed","Wed Nov 20 00:35:38 GMT 2024","","HYPERON-EXPERIMENTAL-SCRIPTS","HYPERON-EXPERIMENTAL-SCRIPTS",""
"","2","BASE-TEST-REPR-PARSE-INTERSECTION.04","","Wed Nov 20 00:37:14 GMT 2024","passed","Wed Nov 20 00:37:14 GMT 2024","","HYPERON-METTALOG-SANITY","HYPERON-METTALOG-SANITY",""
"","2","ORDEREDSETTEST.03","","Wed Nov 20 01:15:41 GMT 2024","passed","Wed Nov 20 01:15:41 GMT 2024","","COMMON","COMMON",""
"","218","NATTEST.06","","Wed Nov 20 01:18:23 GMT 2024","failed","Wed Nov 20 01:18:23 GMT 2024","","HOL","HOL",""
"","395","MODUSPONENSDTLTEST.03","","Wed Nov 20 01:14:18 GMT 2024","failed","Wed Nov 20 01:14:18 GMT 2024","","DEPENDENT-TYPES","DEPENDENT-TYPES",""
"","54","IOIOIOI-USING-EQUALITY.04","","Wed Nov 20 01:54:43 GMT 2024","failed","Wed Nov 20 01:54:43 GMT 2024","","MULTIDIRECTIONAL","MULTIDIRECTIONAL",""
"","4000","debugging.hyperon_experimental_issue_514","","Wed Nov 20 00:35:33 GMT 2024","passed","Wed Nov 20 00:35:37 GMT 2024","","WHOLE-TESTS","WHOLE-TESTS",""
"","2","C1-GROUNDED-BASIC.18","","Wed Nov 20 00:35:38 GMT 2024","passed","Wed Nov 20 00:35:38 GMT 2024","","HYPERON-EXPERIMENTAL-SCRIPTS","HYPERON-EXPERIMENTAL-SCRIPTS",""
"","46000","new.tests4","","Wed Nov 20 00:35:33 GMT 2024","failed","Wed Nov 20 00:36:19 GMT 2024","","WHOLE-TESTS","WHOLE-TESTS",""
"","58","D5-AUTO-TYPES.02","","Wed Nov 20 01:11:36 GMT 2024","failed","Wed Nov 20 01:11:36 GMT 2024","","CHECK-TYPES","CHECK-TYPES",""
"","4","STDLIB-METTALOG-TEST-PT2.56","","Wed Nov 20 00:54:39 GMT 2024","passed","Wed Nov 20 00:54:39 GMT 2024","","STDLIB-METTALOG","STDLIB-METTALOG",""
"","1","METTALOGTESTCURRIED2.02","","Wed Nov 20 00:43:12 GMT 2024","passed","Wed Nov 20 00:43:12 GMT 2024","","ANTI-REGRESSION","ANTI-REGRESSION",""
"","26","FACTORIAL.02","","Wed Nov 20 00:41:08 GMT 2024","passed","Wed Nov 20 00:41:08 GMT 2024","","METTA-MORPH-TESTS","METTA-MORPH-TESTS",""
"","5000","common.InTest","","Wed Nov 20 00:35:33 GMT 2024","passed","Wed Nov 20 00:35:38 GMT 2024","","WHOLE-TESTS","WHOLE-TESTS",""
"","3","BCHAIN-COMP.06","","Wed Nov 20 00:43:12 GMT 2024","passed","Wed Nov 20 00:43:12 GMT 2024","","ANTI-REGRESSION","ANTI-REGRESSION",""
"","2113","LTE.09","","Wed Nov 20 00:53:17 GMT 2024","passed","Wed Nov 20 00:53:19 GMT 2024","","STD","STD",""
"","2","ADD-REMOVE-MATCH-SYMBOLS.10","","Wed Nov 20 00:52:35 GMT 2024","passed","Wed Nov 20 00:52:35 GMT 2024","","SPACES","SPACES",""
"","3","D4-TYPE-PROP.04","","Wed Nov 20 00:35:38 GMT 2024","passed","Wed Nov 20 00:35:38 GMT 2024","","HYPERON-EXPERIMENTAL-SCRIPTS","HYPERON-EXPERIMENTAL-SCRIPTS",""
"","3","E2-STATES.02","","Wed Nov 20 00:35:38 GMT 2024","passed","Wed Nov 20 00:35:38 GMT 2024","","HYPERON-EXPERIMENTAL-SCRIPTS","HYPERON-EXPERIMENTAL-SCRIPTS",""
"","2","TYPE-PROP.24","","Wed Nov 20 01:11:15 GMT 2024","passed","Wed Nov 20 01:11:15 GMT 2024","","CHECK-TYPES-TEMP","CHECK-TYPES-TEMP",""
"","45000","prev.tests2","","Wed Nov 20 00:35:33 GMT 2024","failed","Wed Nov 20 00:36:18 GMT 2024","","WHOLE-TESTS","WHOLE-TESTS",""
"","2","F1-MODULEA.07","","Wed Nov 20 00:35:38 GMT 2024","passed","Wed Nov 20 00:35:38 GMT 2024","","HYPERON-EXPERIMENTAL-SCRIPTS","HYPERON-EXPERIMENTAL-SCRIPTS",""
"","102","INF-ORDER-PROBS.03","","Wed Nov 20 01:03:22 GMT 2024","failed","Wed Nov 20 01:03:22 GMT 2024","","PROB-DEP-TYPES","PROB-DEP-TYPES",""
"","2","ADD-REMOVE-MATCH-SYMBOLS.09","","Wed Nov 20 00:52:35 GMT 2024","passed","Wed Nov 20 00:52:35 GMT 2024","","SPACES","SPACES",""
"","154","SHOW-TYPE.02","","Wed Nov 20 00:52:21 GMT 2024","failed","Wed Nov 20 00:52:21 GMT 2024","","INTROSPECT","INTROSPECT",""
"","2","ADD-REMOVE-MATCH-FLOAT.02","","Wed Nov 20 00:52:35 GMT 2024","passed","Wed Nov 20 00:52:35 GMT 2024","","SPACES","SPACES",""
"","2","F1-IMPORTS.17","","Wed Nov 20 00:45:22 GMT 2024","passed","Wed Nov 20 00:45:22 GMT 2024","","QUICK","QUICK",""
"","3","NAIVE-FIB.02","","Wed Nov 20 02:03:20 GMT 2024","passed","Wed Nov 20 02:03:20 GMT 2024","","COMPARISONS","COMPARISONS",""
"","2","UNWEIGHTED-PLLM.05","","Wed Nov 20 02:09:34 GMT 2024","passed","Wed Nov 20 02:09:34 GMT 2024","","LANGUAGE-MODELS","LANGUAGE-MODELS",""
"","5000","check_types.d3_deptypes","","Wed Nov 20 00:35:33 GMT 2024","passed","Wed Nov 20 00:35:38 GMT 2024","","WHOLE-TESTS","WHOLE-TESTS",""
"","2","TESTS2.02","","Wed Nov 20 00:45:49 GMT 2024","passed","Wed Nov 20 00:45:49 GMT 2024","","MAIN-BRANCH","MAIN-BRANCH",""
"","2","HYPERPOSE.04","","Wed Nov 20 00:41:08 GMT 2024","passed","Wed Nov 20 00:41:08 GMT 2024","","METTA-MORPH-TESTS","METTA-MORPH-TESTS",""
"","59","STDLIB-METTALOG-TEST-PT2.06","","Wed Nov 20 00:54:39 GMT 2024","failed","Wed Nov 20 00:54:39 GMT 2024","","STDLIB-METTALOG","STDLIB-METTALOG",""
"","2","TYPES3.01","","Wed Nov 20 00:41:08 GMT 2024","passed","Wed Nov 20 00:41:08 GMT 2024","","METTA-MORPH-TESTS","METTA-MORPH-TESTS",""
"","2","INF-CTL-MONTH-BC-CONT-XP.17","","Wed Nov 20 01:19:32 GMT 2024","passed","Wed Nov 20 01:19:32 GMT 2024","","INFERENCE-CONTROL","INFERENCE-CONTROL",""
"","2","ADD-REMOVE-MATCH-SS-SYMBOLS.10","","Wed Nov 20 00:52:35 GMT 2024","passed","Wed Nov 20 00:52:35 GMT 2024","","SPACES","SPACES",""
"","167","APPEND-USING-EQUALITY.01","","Wed Nov 20 01:54:43 GMT 2024","failed","Wed Nov 20 01:54:43 GMT 2024","","MULTIDIRECTIONAL","MULTIDIRECTIONAL",""
"","2","D1-GADT.03","","Wed Nov 20 00:35:38 GMT 2024","passed","Wed Nov 20 00:35:38 GMT 2024","","HYPERON-EXPERIMENTAL-SCRIPTS","HYPERON-EXPERIMENTAL-SCRIPTS",""
"","41","IFC-XP.13","","Wed Nov 20 01:21:33 GMT 2024","failed","Wed Nov 20 01:21:33 GMT 2024","","ITERATIVE-CHAINING","ITERATIVE-CHAINING",""
"","653","TESTS0.07","","Wed Nov 20 01:43:09 GMT 2024","passed","Wed Nov 20 01:43:09 GMT 2024","","PREV","PREV",""
"","2","IFC-XP.28","","Wed Nov 20 01:21:33 GMT 2024","passed","Wed Nov 20 01:21:33 GMT 2024","","ITERATIVE-CHAINING","ITERATIVE-CHAINING",""
"","2","TYPES-PRELIM.20","","Wed Nov 20 00:50:19 GMT 2024","passed","Wed Nov 20 00:50:19 GMT 2024","","CHAINING","CHAINING",""
"","2","IFC-XP.09","","Wed Nov 20 01:21:33 GMT 2024","passed","Wed Nov 20 01:21:33 GMT 2024","","ITERATIVE-CHAINING","ITERATIVE-CHAINING",""
"","84","ADD-REMOVE-MATCH-STRINGS.16","","Wed Nov 20 00:52:35 GMT 2024","failed","Wed Nov 20 00:52:35 GMT 2024","","SPACES","SPACES",""
"","7000","chaining.v2-pln-xp","","Wed Nov 20 00:35:33 GMT 2024","passed","Wed Nov 20 00:35:40 GMT 2024","","WHOLE-TESTS","WHOLE-TESTS",""
"","5000","check_types.d5_auto_types","","Wed Nov 20 00:35:33 GMT 2024","passed","Wed Nov 20 00:35:38 GMT 2024","","WHOLE-TESTS","WHOLE-TESTS",""
"","4000","metta-morph_tests.match_superposed_spaces","","Wed Nov 20 00:35:33 GMT 2024","passed","Wed Nov 20 00:35:37 GMT 2024","","WHOLE-TESTS","WHOLE-TESTS",""
"","5000","collatz.peano","","Wed Nov 20 00:35:33 GMT 2024","passed","Wed Nov 20 00:35:38 GMT 2024","","WHOLE-TESTS","WHOLE-TESTS",""
"","3","AI-SERVICE-COMPOSITION-SANITY.01","","Wed Nov 20 01:08:43 GMT 2024","passed","Wed Nov 20 01:08:43 GMT 2024","","AI-SERVICE","AI-SERVICE",""
"","2","TYPE-PROP.26","","Wed Nov 20 01:11:15 GMT 2024","passed","Wed Nov 20 01:11:15 GMT 2024","","CHECK-TYPES-TEMP","CHECK-TYPES-TEMP",""
"","2","NILS-IF-CONTROL-TEST-2.02","","Wed Nov 20 02:03:20 GMT 2024","passed","Wed Nov 20 02:03:20 GMT 2024","","COMPARISONS","COMPARISONS",""
"","2","OR-TEST.05","","Wed Nov 20 00:37:14 GMT 2024","passed","Wed Nov 20 00:37:14 GMT 2024","","HYPERON-METTALOG-SANITY","HYPERON-METTALOG-SANITY",""
"","2","HIGHER-ORDER-FUNCS.09","","Wed Nov 20 00:53:17 GMT 2024","passed","Wed Nov 20 00:53:17 GMT 2024","","STD","STD",""
"","2","CHAPTER-2-2.03","","Wed Nov 20 00:54:49 GMT 2024","passed","Wed Nov 20 00:54:49 GMT 2024","","SICP-BOOK","SICP-BOOK",""
"","2","METTALOGTESTCURRIED2.04","","Wed Nov 20 00:43:12 GMT 2024","passed","Wed Nov 20 00:43:12 GMT 2024","","ANTI-REGRESSION","ANTI-REGRESSION",""
"","92","F1-IMPORTS.13","","Wed Nov 20 00:45:22 GMT 2024","failed","Wed Nov 20 00:45:22 GMT 2024","","QUICK","QUICK",""
"","42","IBC-XP.22","","Wed Nov 20 01:21:33 GMT 2024","failed","Wed Nov 20 01:21:33 GMT 2024","","ITERATIVE-CHAINING","ITERATIVE-CHAINING",""
"","3","BC-COMP.05","","Wed Nov 20 00:43:12 GMT 2024","passed","Wed Nov 20 00:43:12 GMT 2024","","ANTI-REGRESSION","ANTI-REGRESSION",""
"","2","AND-OR.01","","Wed Nov 20 00:41:08 GMT 2024","passed","Wed Nov 20 00:41:08 GMT 2024","","METTA-MORPH-TESTS","METTA-MORPH-TESTS",""
"","497","TESTS0.07","","Wed Nov 20 01:35:21 GMT 2024","failed","Wed Nov 20 01:35:21 GMT 2024","","NARS-V0","NARS-V0",""
"","2","TYPE-PROP.68","","Wed Nov 20 01:11:15 GMT 2024","passed","Wed Nov 20 01:11:15 GMT 2024","","CHECK-TYPES-TEMP","CHECK-TYPES-TEMP",""
"","600","SELF-CONTAINED-SYNTHESIZE.01","","Wed Nov 20 01:26:05 GMT 2024","failed","Wed Nov 20 01:26:05 GMT 2024","","EXPERIMENTS","EXPERIMENTS",""
"","117","SYMBOLS.01","","Wed Nov 20 00:53:17 GMT 2024","passed","Wed Nov 20 00:53:17 GMT 2024","","STD","STD",""
"","2","INF-CTL-XP.18","","Wed Nov 20 01:19:32 GMT 2024","passed","Wed Nov 20 01:19:32 GMT 2024","","INFERENCE-CONTROL","INFERENCE-CONTROL",""
"","1","INF-ORDER-PROBS.09","","Wed Nov 20 01:03:22 GMT 2024","passed","Wed Nov 20 01:03:22 GMT 2024","","PROB-DEP-TYPES","PROB-DEP-TYPES",""
"","3","D2-HIGHERFUNC.25","","Wed Nov 20 00:35:38 GMT 2024","passed","Wed Nov 20 00:35:38 GMT 2024","","HYPERON-EXPERIMENTAL-SCRIPTS","HYPERON-EXPERIMENTAL-SCRIPTS",""
"","73","PROB-DEP-TYPES.03","","Wed Nov 20 01:03:22 GMT 2024","passed","Wed Nov 20 01:03:22 GMT 2024","","PROB-DEP-TYPES","PROB-DEP-TYPES",""
"","2","C1-GROUNDED-BASIC.20","","Wed Nov 20 00:45:22 GMT 2024","passed","Wed Nov 20 00:45:22 GMT 2024","","QUICK","QUICK",""
"","3","TYPE-PROP.07","","Wed Nov 20 00:50:19 GMT 2024","passed","Wed Nov 20 00:50:19 GMT 2024","","CHAINING","CHAINING",""
"","1080","TRAINING-BI.04","","Wed Nov 20 02:09:34 GMT 2024","passed","Wed Nov 20 02:09:35 GMT 2024","","LANGUAGE-MODELS","LANGUAGE-MODELS",""
"","1","CML-UNSHARED.03","","Wed Nov 20 01:57:00 GMT 2024","passed","Wed Nov 20 01:57:00 GMT 2024","","BASIC","BASIC",""
"","3","INF-CTL-MONTH-BC-CONT-XP.26","","Wed Nov 20 01:19:32 GMT 2024","passed","Wed Nov 20 01:19:32 GMT 2024","","INFERENCE-CONTROL","INFERENCE-CONTROL",""
"","2","NUMTEST.04","","Wed Nov 20 01:15:41 GMT 2024","passed","Wed Nov 20 01:15:41 GMT 2024","","COMMON","COMMON",""
"","2885","GENE-QUERY.02","","Wed Nov 20 01:11:08 GMT 2024","failed","Wed Nov 20 01:11:10 GMT 2024","","QUERY","QUERY",""
"","174","D4-TYPE-PROP.10","","Wed Nov 20 01:11:36 GMT 2024","failed","Wed Nov 20 01:11:36 GMT 2024","","CHECK-TYPES","CHECK-TYPES",""
"","2","B5-TYPES-PRELIM.13","","Wed Nov 20 01:11:15 GMT 2024","passed","Wed Nov 20 01:11:15 GMT 2024","","CHECK-TYPES-TEMP","CHECK-TYPES-TEMP",""
"","2","TYPE-PROP.20","","Wed Nov 20 01:11:15 GMT 2024","passed","Wed Nov 20 01:11:15 GMT 2024","","CHECK-TYPES-TEMP","CHECK-TYPES-TEMP",""
"","4000","hyperon-experimental_scripts.e2_states","","Wed Nov 20 00:35:33 GMT 2024","passed","Wed Nov 20 00:35:37 GMT 2024","","WHOLE-TESTS","WHOLE-TESTS",""
"","61","ADD-REMOVE-MATCH-INTEGER.28","","Wed Nov 20 00:52:35 GMT 2024","passed","Wed Nov 20 00:52:35 GMT 2024","","SPACES","SPACES",""
"","4000","transpiler.let_superpose_list","","Wed Nov 20 00:35:33 GMT 2024","passed","Wed Nov 20 00:35:37 GMT 2024","","WHOLE-TESTS","WHOLE-TESTS",""
"","3","BCHAIN.04","","Wed Nov 20 00:43:12 GMT 2024","passed","Wed Nov 20 00:43:12 GMT 2024","","ANTI-REGRESSION","ANTI-REGRESSION",""
"","72","TYPE-PROP.60","","Wed Nov 20 01:11:15 GMT 2024","failed","Wed Nov 20 01:11:15 GMT 2024","","CHECK-TYPES-TEMP","CHECK-TYPES-TEMP",""
"","2396","TESTS1.04","","Wed Nov 20 00:45:49 GMT 2024","failed","Wed Nov 20 00:45:51 GMT 2024","","MAIN-BRANCH","MAIN-BRANCH",""
"","2","ADD-REMOVE-MATCH-SS-SYMBOLS.02","","Wed Nov 20 00:52:35 GMT 2024","passed","Wed Nov 20 00:52:35 GMT 2024","","SPACES","SPACES",""
"","21","INF-CTL-MONTH-BC-XP.03","","Wed Nov 20 01:19:32 GMT 2024","failed","Wed Nov 20 01:19:32 GMT 2024","","INFERENCE-CONTROL","INFERENCE-CONTROL",""
"","202","SYNTHESIZE-VIA-UNIFY-TEST.01","","Wed Nov 20 01:26:05 GMT 2024","failed","Wed Nov 20 01:26:05 GMT 2024","","EXPERIMENTS","EXPERIMENTS",""
"","358","APPEND-USING-EQUALITY.03","","Wed Nov 20 01:54:43 GMT 2024","failed","Wed Nov 20 01:54:43 GMT 2024","","MULTIDIRECTIONAL","MULTIDIRECTIONAL",""
"","4000","match.DeductionImplicationDirectIntroductionMatchTest","","Wed Nov 20 00:35:33 GMT 2024","passed","Wed Nov 20 00:35:37 GMT 2024","","WHOLE-TESTS","WHOLE-TESTS",""
"","2","KEY-LOOKUPS-MANY.07","","Wed Nov 20 01:57:00 GMT 2024","passed","Wed Nov 20 01:57:00 GMT 2024","","BASIC","BASIC",""
"","2","TMPMATCH2.02","","Wed Nov 20 00:43:12 GMT 2024","passed","Wed Nov 20 00:43:12 GMT 2024","","ANTI-REGRESSION","ANTI-REGRESSION",""
"","3","LTE.01","","Wed Nov 20 00:53:17 GMT 2024","passed","Wed Nov 20 00:53:17 GMT 2024","","STD","STD",""
"","2","APPEND-USING-EQUALITY.05","","Wed Nov 20 01:54:43 GMT 2024","passed","Wed Nov 20 01:54:43 GMT 2024","","MULTIDIRECTIONAL","MULTIDIRECTIONAL",""
"","2","ADD-ATOM-NAIVE-FIB.04","","Wed Nov 20 02:03:20 GMT 2024","passed","Wed Nov 20 02:03:20 GMT 2024","","COMPARISONS","COMPARISONS",""
"","4000","basic.pathfinding-easy-f","","Wed Nov 20 00:35:33 GMT 2024","passed","Wed Nov 20 00:35:37 GMT 2024","","WHOLE-TESTS","WHOLE-TESTS",""
"","1","B5-TYPES-PRELIM.23","","Wed Nov 20 00:35:38 GMT 2024","passed","Wed Nov 20 00:35:38 GMT 2024","","HYPERON-EXPERIMENTAL-SCRIPTS","HYPERON-EXPERIMENTAL-SCRIPTS",""
"","90","STATE-TYPES.02","","Wed Nov 20 01:57:00 GMT 2024","failed","Wed Nov 20 01:57:00 GMT 2024","","BASIC","BASIC",""
"","2","SEQUENTIAL-NESTED.09","","Wed Nov 20 00:41:08 GMT 2024","passed","Wed Nov 20 00:41:08 GMT 2024","","METTA-MORPH-TESTS","METTA-MORPH-TESTS",""
"","2","OR-TEST.04","","Wed Nov 20 00:37:14 GMT 2024","passed","Wed Nov 20 00:37:14 GMT 2024","","HYPERON-METTALOG-SANITY","HYPERON-METTALOG-SANITY",""
"","3","ADD-REMOVE-MATCH-SS-SYMBOLS.01","","Wed Nov 20 00:52:35 GMT 2024","passed","Wed Nov 20 00:52:35 GMT 2024","","SPACES","SPACES",""
"","2","TYPES-PRELIM.16","","Wed Nov 20 00:50:19 GMT 2024","passed","Wed Nov 20 00:50:19 GMT 2024","","CHAINING","CHAINING",""
"","2","SUPPORTRULEEXP.01","","Wed Nov 20 01:14:18 GMT 2024","passed","Wed Nov 20 01:14:18 GMT 2024","","DEPENDENT-TYPES","DEPENDENT-TYPES",""
"","3","D2-HIGHERFUNC.16","","Wed Nov 20 01:11:36 GMT 2024","passed","Wed Nov 20 01:11:36 GMT 2024","","CHECK-TYPES","CHECK-TYPES",""
"","5000","basic.pathfinding-hard-f","","Wed Nov 20 00:35:33 GMT 2024","passed","Wed Nov 20 00:35:38 GMT 2024","","WHOLE-TESTS","WHOLE-TESTS",""
"","2","BC-XP.02","","Wed Nov 20 00:50:19 GMT 2024","passed","Wed Nov 20 00:50:19 GMT 2024","","CHAINING","CHAINING",""
"","2","ADD-REMOVE-MATCH-FLOAT.11","","Wed Nov 20 00:52:35 GMT 2024","passed","Wed Nov 20 00:52:35 GMT 2024","","SPACES","SPACES",""
"","2","IMPL-METTALOGTESTCURRIED.06","","Wed Nov 20 01:48:28 GMT 2024","passed","Wed Nov 20 01:48:28 GMT 2024","","WALK-THRU","WALK-THRU",""
"","61","FORWARD-CHAINER-XP.21","","Wed Nov 20 01:18:08 GMT 2024","failed","Wed Nov 20 01:18:08 GMT 2024","","FORWARD-CHAINER","FORWARD-CHAINER",""
"","2","AI-SERVICE-COMPOSITION-SANITY.05","","Wed Nov 20 01:08:43 GMT 2024","passed","Wed Nov 20 01:08:43 GMT 2024","","AI-SERVICE","AI-SERVICE",""
"","11","TYPE-PROP.69","","Wed Nov 20 01:11:15 GMT 2024","failed","Wed Nov 20 01:11:15 GMT 2024","","CHECK-TYPES-TEMP","CHECK-TYPES-TEMP",""
"","2","LISTTEST.01","","Wed Nov 20 01:18:23 GMT 2024","passed","Wed Nov 20 01:18:23 GMT 2024","","HOL","HOL",""
"","2","HYPERPOSING-UNSHARED.04","","Wed Nov 20 01:57:00 GMT 2024","passed","Wed Nov 20 01:57:00 GMT 2024","","BASIC","BASIC",""
"","1","STATES-SPACES.06","","Wed Nov 20 00:41:08 GMT 2024","passed","Wed Nov 20 00:41:08 GMT 2024","","METTA-MORPH-TESTS","METTA-MORPH-TESTS",""
"","2","BACKWARD-CHAINER-XP.12","","Wed Nov 20 01:15:26 GMT 2024","passed","Wed Nov 20 01:15:26 GMT 2024","","BACKWARD-CHAINER","BACKWARD-CHAINER",""
"","1","STDLIB-METTALOG-TEST-PT2.19","","Wed Nov 20 00:54:39 GMT 2024","passed","Wed Nov 20 00:54:39 GMT 2024","","STDLIB-METTALOG","STDLIB-METTALOG",""
"","2","SPACE-INTERSECTION-TESTS.15","","Wed Nov 20 00:37:14 GMT 2024","passed","Wed Nov 20 00:37:14 GMT 2024","","HYPERON-METTALOG-SANITY","HYPERON-METTALOG-SANITY",""
"","2","D1-GADT.06","","Wed Nov 20 00:35:38 GMT 2024","passed","Wed Nov 20 00:35:38 GMT 2024","","HYPERON-EXPERIMENTAL-SCRIPTS","HYPERON-EXPERIMENTAL-SCRIPTS",""
"","279","SYNTHESIZE-VIA-CASE-TEST.03","","Wed Nov 20 01:26:05 GMT 2024","failed","Wed Nov 20 01:26:05 GMT 2024","","EXPERIMENTS","EXPERIMENTS",""
"","2","STATE-TYPES.13","","Wed Nov 20 01:57:00 GMT 2024","passed","Wed Nov 20 01:57:00 GMT 2024","","BASIC","BASIC",""
"","2","D4-TYPE-PROP.18","","Wed Nov 20 00:35:38 GMT 2024","passed","Wed Nov 20 00:35:38 GMT 2024","","HYPERON-EXPERIMENTAL-SCRIPTS","HYPERON-EXPERIMENTAL-SCRIPTS",""
"","2","STDLIB-METTALOG-TEST-PT2.31","","Wed Nov 20 00:54:39 GMT 2024","passed","Wed Nov 20 00:54:39 GMT 2024","","STDLIB-METTALOG","STDLIB-METTALOG",""
"","3","SYNTHESIZE-VIA-TYPE-CHECKING.13","","Wed Nov 20 01:26:05 GMT 2024","passed","Wed Nov 20 01:26:05 GMT 2024","","EXPERIMENTS","EXPERIMENTS",""
"","4000","direct_comp.define_if_like","","Wed Nov 20 00:35:33 GMT 2024","passed","Wed Nov 20 00:35:37 GMT 2024","","WHOLE-TESTS","WHOLE-TESTS",""
"","5000","main-branch.tests0","","Wed Nov 20 00:35:33 GMT 2024","passed","Wed Nov 20 00:35:38 GMT 2024","","WHOLE-TESTS","WHOLE-TESTS",""
"","2","ADD-REMOVE-MATCH-STRINGS.10","","Wed Nov 20 00:52:35 GMT 2024","passed","Wed Nov 20 00:52:35 GMT 2024","","SPACES","SPACES",""
"","5000","hyperon-experimental_scripts.d2_higherfunc","","Wed Nov 20 00:35:33 GMT 2024","passed","Wed Nov 20 00:35:38 GMT 2024","","WHOLE-TESTS","WHOLE-TESTS",""
"","45000","SICP_book.chapter_2_3","","Wed Nov 20 00:35:33 GMT 2024","failed","Wed Nov 20 00:36:18 GMT 2024","","WHOLE-TESTS","WHOLE-TESTS",""
"","2","INF-CTL-XP.10","","Wed Nov 20 01:19:32 GMT 2024","passed","Wed Nov 20 01:19:32 GMT 2024","","INFERENCE-CONTROL","INFERENCE-CONTROL",""
"","5000","spaces.add-remove-match-integer","","Wed Nov 20 00:35:33 GMT 2024","passed","Wed Nov 20 00:35:38 GMT 2024","","WHOLE-TESTS","WHOLE-TESTS",""
"","2","00A-LANG-COMPILED-CASE.04","","Wed Nov 20 01:47:02 GMT 2024","passed","Wed Nov 20 01:47:02 GMT 2024","","DIRECT-COMP","DIRECT-COMP",""
"","72","B5-TYPES-PRELIM.24","","Wed Nov 20 00:35:38 GMT 2024","failed","Wed Nov 20 00:35:38 GMT 2024","","HYPERON-EXPERIMENTAL-SCRIPTS","HYPERON-EXPERIMENTAL-SCRIPTS",""
"","2","ADD-REMOVE-MATCH-INTEGER.29","","Wed Nov 20 00:52:35 GMT 2024","passed","Wed Nov 20 00:52:35 GMT 2024","","SPACES","SPACES",""
"","2","IMPL-METTALOGTESTCURRIED.02","","Wed Nov 20 01:48:28 GMT 2024","passed","Wed Nov 20 01:48:28 GMT 2024","","WALK-THRU","WALK-THRU",""
"","12","CHAPTER-2-4.21","","Wed Nov 20 00:54:49 GMT 2024","failed","Wed Nov 20 00:54:49 GMT 2024","","SICP-BOOK","SICP-BOOK",""
"","2","SUPERPOSE-NESTED.04","","Wed Nov 20 00:41:08 GMT 2024","passed","Wed Nov 20 00:41:08 GMT 2024","","METTA-MORPH-TESTS","METTA-MORPH-TESTS",""
"","76","PROB-DEP-TYPES.01","","Wed Nov 20 01:03:22 GMT 2024","passed","Wed Nov 20 01:03:22 GMT 2024","","PROB-DEP-TYPES","PROB-DEP-TYPES",""
"","2","PREREQS.06","","Wed Nov 20 00:45:49 GMT 2024","passed","Wed Nov 20 00:45:49 GMT 2024","","MAIN-BRANCH","MAIN-BRANCH",""
"","40000","stack-based.rewrites","","Wed Nov 20 00:35:33 GMT 2024","failed","Wed Nov 20 00:36:13 GMT 2024","","WHOLE-TESTS","WHOLE-TESTS",""
"","3","INF-CTL-MONTH-XP-SHORT-3.10","","Wed Nov 20 02:03:20 GMT 2024","passed","Wed Nov 20 02:03:20 GMT 2024","","COMPARISONS","COMPARISONS",""
"","2","D4-TYPE-PROP.10","","Wed Nov 20 00:45:22 GMT 2024","passed","Wed Nov 20 00:45:22 GMT 2024","","QUICK","QUICK",""
"","45000","nars_v0.tests1","","Wed Nov 20 00:35:33 GMT 2024","failed","Wed Nov 20 00:36:18 GMT 2024","","WHOLE-TESTS","WHOLE-TESTS",""
"","3","PC-XP.05","","Wed Nov 20 01:24:14 GMT 2024","passed","Wed Nov 20 01:24:14 GMT 2024","","POLYWARD-CHAINING","POLYWARD-CHAINING",""
"","2","ADD-REMOVE-MATCH-S-STRINGS.09","","Wed Nov 20 00:52:35 GMT 2024","passed","Wed Nov 20 00:52:35 GMT 2024","","SPACES","SPACES",""
"","3","STATE-TYPES.17","","Wed Nov 20 01:57:00 GMT 2024","passed","Wed Nov 20 01:57:00 GMT 2024","","BASIC","BASIC",""
"","2","COLLAPSE.01","","Wed Nov 20 00:41:08 GMT 2024","passed","Wed Nov 20 00:41:08 GMT 2024","","METTA-MORPH-TESTS","METTA-MORPH-TESTS",""
"","3","BCHAIN-COMP.01","","Wed Nov 20 00:43:12 GMT 2024","passed","Wed Nov 20 00:43:12 GMT 2024","","ANTI-REGRESSION","ANTI-REGRESSION",""
"","3","QUERIES.09","","Wed Nov 20 01:07:51 GMT 2024","passed","Wed Nov 20 01:07:51 GMT 2024","","STRIPS-TO-METTA-IMPROVED","STRIPS-TO-METTA-IMPROVED",""
"","2","STDLIB-METTALOG-TEST-PT2.36","","Wed Nov 20 00:54:39 GMT 2024","passed","Wed Nov 20 00:54:39 GMT 2024","","STDLIB-METTALOG","STDLIB-METTALOG",""
"","5000","formula.DeductionFormulaTest","","Wed Nov 20 00:35:33 GMT 2024","passed","Wed Nov 20 00:35:38 GMT 2024","","WHOLE-TESTS","WHOLE-TESTS",""
"","2","ADD-REMOVE-MATCH-FLOAT.06","","Wed Nov 20 00:52:35 GMT 2024","passed","Wed Nov 20 00:52:35 GMT 2024","","SPACES","SPACES",""
"","46000","new.tests1","","Wed Nov 20 00:35:33 GMT 2024","failed","Wed Nov 20 00:36:19 GMT 2024","","WHOLE-TESTS","WHOLE-TESTS",""
"","29","SUBTYPING-TEST.02","","Wed Nov 20 01:24:18 GMT 2024","failed","Wed Nov 20 01:24:18 GMT 2024","","SUBTYPING","SUBTYPING",""
"","2","D4-TYPE-PROP.11","","Wed Nov 20 01:11:36 GMT 2024","passed","Wed Nov 20 01:11:36 GMT 2024","","CHECK-TYPES","CHECK-TYPES",""
"","4","INTERSECTION-TESTS.27","","Wed Nov 20 00:37:14 GMT 2024","passed","Wed Nov 20 00:37:14 GMT 2024","","HYPERON-METTALOG-SANITY","HYPERON-METTALOG-SANITY",""
"","89","QUERIES.17","","Wed Nov 20 01:07:51 GMT 2024","failed","Wed Nov 20 01:07:51 GMT 2024","","STRIPS-TO-METTA-IMPROVED","STRIPS-TO-METTA-IMPROVED",""
"","5000","comparisons.inf-ctl-month-xp-short_1","","Wed Nov 20 00:35:33 GMT 2024","passed","Wed Nov 20 00:35:38 GMT 2024","","WHOLE-TESTS","WHOLE-TESTS",""
"","1","ADD-ATOM-NAIVE-FIB.08","","Wed Nov 20 02:03:20 GMT 2024","passed","Wed Nov 20 02:03:20 GMT 2024","","COMPARISONS","COMPARISONS",""
"","85","B5-TYPES-PRELIM.02","","Wed Nov 20 01:11:15 GMT 2024","failed","Wed Nov 20 01:11:15 GMT 2024","","CHECK-TYPES-TEMP","CHECK-TYPES-TEMP",""
"","3","TYPE-PROP.18","","Wed Nov 20 01:11:15 GMT 2024","passed","Wed Nov 20 01:11:15 GMT 2024","","CHECK-TYPES-TEMP","CHECK-TYPES-TEMP",""
"","5000","transpiler.identity","","Wed Nov 20 00:35:33 GMT 2024","passed","Wed Nov 20 00:35:38 GMT 2024","","WHOLE-TESTS","WHOLE-TESTS",""
"","2","D2-HIGHERFUNC.05","","Wed Nov 20 00:45:22 GMT 2024","passed","Wed Nov 20 00:45:22 GMT 2024","","QUICK","QUICK",""
"","36","CHAPTER-1-1.18","","Wed Nov 20 00:54:49 GMT 2024","passed","Wed Nov 20 00:54:49 GMT 2024","","SICP-BOOK","SICP-BOOK",""
"","46000","new.tests5","","Wed Nov 20 00:35:33 GMT 2024","failed","Wed Nov 20 00:36:19 GMT 2024","","WHOLE-TESTS","WHOLE-TESTS",""
"","3","BC-COMP.01","","Wed Nov 20 01:48:28 GMT 2024","passed","Wed Nov 20 01:48:28 GMT 2024","","WALK-THRU","WALK-THRU",""
"","3","LISTTEST.01","","Wed Nov 20 01:15:41 GMT 2024","passed","Wed Nov 20 01:15:41 GMT 2024","","COMMON","COMMON",""
"","11","SPACE-INTERSECTION-TESTS.16","","Wed Nov 20 00:37:14 GMT 2024","failed","Wed Nov 20 00:37:14 GMT 2024","","HYPERON-METTALOG-SANITY","HYPERON-METTALOG-SANITY",""
"","2","D3-DEPTYPES.01","","Wed Nov 20 00:35:38 GMT 2024","passed","Wed Nov 20 00:35:38 GMT 2024","","HYPERON-EXPERIMENTAL-SCRIPTS","HYPERON-EXPERIMENTAL-SCRIPTS",""
"","2","B0-CHAINING-PRELIM.05","","Wed Nov 20 00:35:38 GMT 2024","passed","Wed Nov 20 00:35:38 GMT 2024","","HYPERON-EXPERIMENTAL-SCRIPTS","HYPERON-EXPERIMENTAL-SCRIPTS",""
"","74","TYPE-PROP.66","","Wed Nov 20 01:11:15 GMT 2024","failed","Wed Nov 20 01:11:15 GMT 2024","","CHECK-TYPES-TEMP","CHECK-TYPES-TEMP",""
"","3","SEALED-TEST.02","","Wed Nov 20 00:37:14 GMT 2024","passed","Wed Nov 20 00:37:14 GMT 2024","","HYPERON-METTALOG-SANITY","HYPERON-METTALOG-SANITY",""
"","3","CURRIED-CHAINER.08","","Wed Nov 20 01:16:18 GMT 2024","passed","Wed Nov 20 01:16:18 GMT 2024","","CURRIED-CHAINING","CURRIED-CHAINING",""
"","2","ADD-REMOVE-MATCH-STRINGS.04","","Wed Nov 20 00:52:35 GMT 2024","passed","Wed Nov 20 00:52:35 GMT 2024","","SPACES","SPACES",""
"","2","D1-GADT.02","","Wed Nov 20 01:11:36 GMT 2024","passed","Wed Nov 20 01:11:36 GMT 2024","","CHECK-TYPES","CHECK-TYPES",""
"","10000","chaining.pln-xp","","Wed Nov 20 00:35:33 GMT 2024","passed","Wed Nov 20 00:35:43 GMT 2024","","WHOLE-TESTS","WHOLE-TESTS",""
"","2","TYPE-PROP.43","","Wed Nov 20 01:11:15 GMT 2024","passed","Wed Nov 20 01:11:15 GMT 2024","","CHECK-TYPES-TEMP","CHECK-TYPES-TEMP",""
"","2","ADD-REMOVE-MATCH-S-SYMBOLS.11","","Wed Nov 20 00:52:35 GMT 2024","passed","Wed Nov 20 00:52:35 GMT 2024","","SPACES","SPACES",""
"","24","INF-CTL-XP.16","","Wed Nov 20 01:19:32 GMT 2024","failed","Wed Nov 20 01:19:32 GMT 2024","","INFERENCE-CONTROL","INFERENCE-CONTROL",""
"","5000","hyperon-experimental_scripts.b4_nondeterm","","Wed Nov 20 00:35:33 GMT 2024","passed","Wed Nov 20 00:35:38 GMT 2024","","WHOLE-TESTS","WHOLE-TESTS",""
"","1","LISTTEST.12","","Wed Nov 20 01:15:41 GMT 2024","passed","Wed Nov 20 01:15:41 GMT 2024","","COMMON","COMMON",""
"","2","IMPLICATIONDIRECTINTRODUCTIONENTAILTEST.06","","Wed Nov 20 01:17:49 GMT 2024","passed","Wed Nov 20 01:17:49 GMT 2024","","ENTAIL","ENTAIL",""
"","2","FORWARD-CHAINER-XP.15","","Wed Nov 20 01:18:08 GMT 2024","passed","Wed Nov 20 01:18:08 GMT 2024","","FORWARD-CHAINER","FORWARD-CHAINER",""
"","2","CML-UNSHARED.08","","Wed Nov 20 01:57:00 GMT 2024","passed","Wed Nov 20 01:57:00 GMT 2024","","BASIC","BASIC",""
"","2","STDLIB-METTALOG-TEST-PT2.70","","Wed Nov 20 00:54:39 GMT 2024","passed","Wed Nov 20 00:54:39 GMT 2024","","STDLIB-METTALOG","STDLIB-METTALOG",""
"","2","STRING-TESTS.08","","Wed Nov 20 00:37:14 GMT 2024","passed","Wed Nov 20 00:37:14 GMT 2024","","HYPERON-METTALOG-SANITY","HYPERON-METTALOG-SANITY",""
"","3","TIME-SYNTHESIZE-SHORT.03","","Wed Nov 20 00:39:00 GMT 2024","passed","Wed Nov 20 00:39:00 GMT 2024","","SYNTH-BUFFER","SYNTH-BUFFER",""
"","2","INF-ORDER-PROBS.11","","Wed Nov 20 01:03:22 GMT 2024","passed","Wed Nov 20 01:03:22 GMT 2024","","PROB-DEP-TYPES","PROB-DEP-TYPES",""
"","41000","dependent-types.MinerDTL1Test","","Wed Nov 20 00:35:33 GMT 2024","failed","Wed Nov 20 00:36:14 GMT 2024","","WHOLE-TESTS","WHOLE-TESTS",""
"","2","D4-TYPE-PROP.16","","Wed Nov 20 00:35:38 GMT 2024","passed","Wed Nov 20 00:35:38 GMT 2024","","HYPERON-EXPERIMENTAL-SCRIPTS","HYPERON-EXPERIMENTAL-SCRIPTS",""
"","4","SEALED-TEST.07","","Wed Nov 20 00:37:14 GMT 2024","passed","Wed Nov 20 00:37:14 GMT 2024","","HYPERON-METTALOG-SANITY","HYPERON-METTALOG-SANITY",""
"","9","C3-PLN-STV.05","","Wed Nov 20 00:35:38 GMT 2024","passed","Wed Nov 20 00:35:38 GMT 2024","","HYPERON-EXPERIMENTAL-SCRIPTS","HYPERON-EXPERIMENTAL-SCRIPTS",""
"","14","CHAPTER-2-4.17","","Wed Nov 20 00:54:49 GMT 2024","failed","Wed Nov 20 00:54:49 GMT 2024","","SICP-BOOK","SICP-BOOK",""
"","1","INTERSECTION-TESTS.13","","Wed Nov 20 00:37:14 GMT 2024","passed","Wed Nov 20 00:37:14 GMT 2024","","HYPERON-METTALOG-SANITY","HYPERON-METTALOG-SANITY",""
"","42","IBC-XP.16","","Wed Nov 20 01:21:33 GMT 2024","failed","Wed Nov 20 01:21:33 GMT 2024","","ITERATIVE-CHAINING","ITERATIVE-CHAINING",""
"","1","INF-CTL-MONTH-BC-CONT-XP.04","","Wed Nov 20 01:19:32 GMT 2024","passed","Wed Nov 20 01:19:32 GMT 2024","","INFERENCE-CONTROL","INFERENCE-CONTROL",""
"","329","SYNTHESIZE-VIA-CASE-TEST.07","","Wed Nov 20 01:26:05 GMT 2024","failed","Wed Nov 20 01:26:05 GMT 2024","","EXPERIMENTS","EXPERIMENTS",""
"","386","TESTS0.06","","Wed Nov 20 00:41:08 GMT 2024","passed","Wed Nov 20 00:41:08 GMT 2024","","METTA-MORPH-TESTS","METTA-MORPH-TESTS",""
"","107","SHOW-TYPE.03","","Wed Nov 20 00:52:21 GMT 2024","failed","Wed Nov 20 00:52:21 GMT 2024","","INTROSPECT","INTROSPECT",""
"","1","D2-HIGHERFUNC.23","","Wed Nov 20 00:45:22 GMT 2024","passed","Wed Nov 20 00:45:22 GMT 2024","","QUICK","QUICK",""
"","125","ADD-REMOVE-MATCH-S-SYMBOLS.14","","Wed Nov 20 00:52:35 GMT 2024","passed","Wed Nov 20 00:52:35 GMT 2024","","SPACES","SPACES",""
"","69","F1-IMPORTS.18","","Wed Nov 20 00:45:22 GMT 2024","passed","Wed Nov 20 00:45:22 GMT 2024","","QUICK","QUICK",""
"","2","CHAPTER-1-1.19","","Wed Nov 20 00:54:49 GMT 2024","passed","Wed Nov 20 00:54:49 GMT 2024","","SICP-BOOK","SICP-BOOK",""
"","40000","python_from_metta.requests","","Wed Nov 20 00:35:33 GMT 2024","failed","Wed Nov 20 00:36:13 GMT 2024","","WHOLE-TESTS","WHOLE-TESTS",""
"","2","IFC-XP.16","","Wed Nov 20 01:21:33 GMT 2024","passed","Wed Nov 20 01:21:33 GMT 2024","","ITERATIVE-CHAINING","ITERATIVE-CHAINING",""
"","3","FORWARD-CHAINER-XP.25","","Wed Nov 20 01:18:08 GMT 2024","passed","Wed Nov 20 01:18:08 GMT 2024","","FORWARD-CHAINER","FORWARD-CHAINER",""
"","3","SUPERCOLLAPSE.07","","Wed Nov 20 00:41:08 GMT 2024","passed","Wed Nov 20 00:41:08 GMT 2024","","METTA-MORPH-TESTS","METTA-MORPH-TESTS",""
"","62","CHAPTER-2-4.09","","Wed Nov 20 00:54:49 GMT 2024","failed","Wed Nov 20 00:54:49 GMT 2024","","SICP-BOOK","SICP-BOOK",""
"","1","D4-TYPE-PROP.19","","Wed Nov 20 00:35:38 GMT 2024","passed","Wed Nov 20 00:35:38 GMT 2024","","HYPERON-EXPERIMENTAL-SCRIPTS","HYPERON-EXPERIMENTAL-SCRIPTS",""
"","3","NUMTEST.08","","Wed Nov 20 01:15:41 GMT 2024","passed","Wed Nov 20 01:15:41 GMT 2024","","COMMON","COMMON",""
"","53","DEFINE-IF-LIKE.01","","Wed Nov 20 01:47:02 GMT 2024","failed","Wed Nov 20 01:47:02 GMT 2024","","DIRECT-COMP","DIRECT-COMP",""
"","4000","query.gene-query","","Wed Nov 20 00:35:33 GMT 2024","passed","Wed Nov 20 00:35:37 GMT 2024","","WHOLE-TESTS","WHOLE-TESTS",""
"","2","ADD-REMOVE-MATCH-SYMBOLS.11","","Wed Nov 20 00:52:35 GMT 2024","passed","Wed Nov 20 00:52:35 GMT 2024","","SPACES","SPACES",""
"","2","MATCH-SUPERPOSED-SPACES.04","","Wed Nov 20 00:41:08 GMT 2024","passed","Wed Nov 20 00:41:08 GMT 2024","","METTA-MORPH-TESTS","METTA-MORPH-TESTS",""
"","2","ADD-REMOVE-MATCH-SS-STRINGS.02","","Wed Nov 20 00:52:35 GMT 2024","passed","Wed Nov 20 00:52:35 GMT 2024","","SPACES","SPACES",""
"","2","C1-GROUNDED-BASIC.02","","Wed Nov 20 00:35:38 GMT 2024","passed","Wed Nov 20 00:35:38 GMT 2024","","HYPERON-EXPERIMENTAL-SCRIPTS","HYPERON-EXPERIMENTAL-SCRIPTS",""
"","4000","synth_buffer.time_synthesize_short","","Wed Nov 20 00:35:33 GMT 2024","passed","Wed Nov 20 00:35:37 GMT 2024","","WHOLE-TESTS","WHOLE-TESTS",""
"","3","D1-GADT.03","","Wed Nov 20 00:45:22 GMT 2024","passed","Wed Nov 20 00:45:22 GMT 2024","","QUICK","QUICK",""
"","2","B5-TYPES-PRELIM.20","","Wed Nov 20 00:35:38 GMT 2024","passed","Wed Nov 20 00:35:38 GMT 2024","","HYPERON-EXPERIMENTAL-SCRIPTS","HYPERON-EXPERIMENTAL-SCRIPTS",""
"","2","FC-XP.15","","Wed Nov 20 01:18:18 GMT 2024","passed","Wed Nov 20 01:18:18 GMT 2024","","FORWARD-CHAINING","FORWARD-CHAINING",""
"","128","B5-TYPES-PRELIM.08","","Wed Nov 20 00:35:38 GMT 2024","failed","Wed Nov 20 00:35:38 GMT 2024","","HYPERON-EXPERIMENTAL-SCRIPTS","HYPERON-EXPERIMENTAL-SCRIPTS",""
"","51","FC-XP.01","","Wed Nov 20 01:18:18 GMT 2024","failed","Wed Nov 20 01:18:18 GMT 2024","","FORWARD-CHAINING","FORWARD-CHAINING",""
"","4000","hyperon-experimental_scripts.c2_spaces","","Wed Nov 20 00:35:33 GMT 2024","passed","Wed Nov 20 00:35:37 GMT 2024","","WHOLE-TESTS","WHOLE-TESTS",""
"","2","D4-TYPE-PROP.08","","Wed Nov 20 00:35:38 GMT 2024","passed","Wed Nov 20 00:35:38 GMT 2024","","HYPERON-EXPERIMENTAL-SCRIPTS","HYPERON-EXPERIMENTAL-SCRIPTS",""
"","5","HYPERON-EXPERIMENTAL-ISSUE-516.01","","Wed Nov 20 01:51:44 GMT 2024","passed","Wed Nov 20 01:51:44 GMT 2024","","DEBUGGING","DEBUGGING",""
"","2","C1-GROUNDED-BASIC.17","","Wed Nov 20 00:45:22 GMT 2024","passed","Wed Nov 20 00:45:22 GMT 2024","","QUICK","QUICK",""
"","2","CHAPTER-1-1.05","","Wed Nov 20 00:54:49 GMT 2024","passed","Wed Nov 20 00:54:49 GMT 2024","","SICP-BOOK","SICP-BOOK",""
"","2","D1-GADT.11","","Wed Nov 20 01:11:36 GMT 2024","passed","Wed Nov 20 01:11:36 GMT 2024","","CHECK-TYPES","CHECK-TYPES",""
"","73","ADD-REMOVE-MATCH-FLOAT.16","","Wed Nov 20 00:52:35 GMT 2024","failed","Wed Nov 20 00:52:35 GMT 2024","","SPACES","SPACES",""
"","2","SYNTHESIZE-VIA-TYPE-CHECKING.06","","Wed Nov 20 01:26:05 GMT 2024","passed","Wed Nov 20 01:26:05 GMT 2024","","EXPERIMENTS","EXPERIMENTS",""
"","2","SYNTHESIZE-VIA-TYPE-CHECKING.03","","Wed Nov 20 01:26:05 GMT 2024","passed","Wed Nov 20 01:26:05 GMT 2024","","EXPERIMENTS","EXPERIMENTS",""
"","5000","aunt-kg.simple_conversion","","Wed Nov 20 00:35:33 GMT 2024","passed","Wed Nov 20 00:35:38 GMT 2024","","WHOLE-TESTS","WHOLE-TESTS",""
"","2","ADD-REMOVE-MATCH-MIX-FLOAT-INTEGER.06","","Wed Nov 20 00:52:35 GMT 2024","passed","Wed Nov 20 00:52:35 GMT 2024","","SPACES","SPACES",""
"","77","STATE-TYPES.08","","Wed Nov 20 01:57:00 GMT 2024","failed","Wed Nov 20 01:57:00 GMT 2024","","BASIC","BASIC",""
"","11","JOHN-CARRY-FLOWER-TEST.01","","Wed Nov 20 01:24:59 GMT 2024","passed","Wed Nov 20 01:24:59 GMT 2024","","JOHN-CARRY-FLOWER","JOHN-CARRY-FLOWER",""
"","2","C1-GROUNDED-BASIC.13","","Wed Nov 20 00:35:38 GMT 2024","passed","Wed Nov 20 00:35:38 GMT 2024","","HYPERON-EXPERIMENTAL-SCRIPTS","HYPERON-EXPERIMENTAL-SCRIPTS",""
"","2","ALL-ANY.01","","Wed Nov 20 01:02:45 GMT 2024","passed","Wed Nov 20 01:02:45 GMT 2024","","LOGIC","LOGIC",""
"","56","STDLIB-METTALOG-TEST-PT2.57","","Wed Nov 20 00:54:39 GMT 2024","failed","Wed Nov 20 00:54:39 GMT 2024","","STDLIB-METTALOG","STDLIB-METTALOG",""
"","2","00-LANG-CASE.06","","Wed Nov 20 00:37:14 GMT 2024","passed","Wed Nov 20 00:37:14 GMT 2024","","HYPERON-METTALOG-SANITY","HYPERON-METTALOG-SANITY",""
"","3","PLN-XP-LOCAL-V2.02","","Wed Nov 20 00:50:19 GMT 2024","passed","Wed Nov 20 00:50:19 GMT 2024","","CHAINING","CHAINING",""
"","2","OR-TEST.18","","Wed Nov 20 00:37:14 GMT 2024","passed","Wed Nov 20 00:37:14 GMT 2024","","HYPERON-METTALOG-SANITY","HYPERON-METTALOG-SANITY",""
"","2","IOIOIOI.04","","Wed Nov 20 01:54:43 GMT 2024","passed","Wed Nov 20 01:54:43 GMT 2024","","MULTIDIRECTIONAL","MULTIDIRECTIONAL",""
"","2","D2-HIGHERFUNC.15","","Wed Nov 20 00:45:22 GMT 2024","passed","Wed Nov 20 00:45:22 GMT 2024","","QUICK","QUICK",""
"","113","SPACE-INTERSECTION-TESTS.17","","Wed Nov 20 00:37:14 GMT 2024","failed","Wed Nov 20 00:37:14 GMT 2024","","HYPERON-METTALOG-SANITY","HYPERON-METTALOG-SANITY",""
"","2","CHAPTER-2-4.03","","Wed Nov 20 00:54:49 GMT 2024","passed","Wed Nov 20 00:54:49 GMT 2024","","SICP-BOOK","SICP-BOOK",""
"","1","METTALOGTESTCURRIED2.05","","Wed Nov 20 00:43:12 GMT 2024","passed","Wed Nov 20 00:43:12 GMT 2024","","ANTI-REGRESSION","ANTI-REGRESSION",""
"","2","BACKWARD-CHAINER-XP.04","","Wed Nov 20 01:15:26 GMT 2024","passed","Wed Nov 20 01:15:26 GMT 2024","","BACKWARD-CHAINER","BACKWARD-CHAINER",""
"","5000","spaces.add-remove-match-s-strings","","Wed Nov 20 00:35:33 GMT 2024","passed","Wed Nov 20 00:35:38 GMT 2024","","WHOLE-TESTS","WHOLE-TESTS",""
"","5","GENE-PLN-XP.03","","Wed Nov 20 01:11:03 GMT 2024","passed","Wed Nov 20 01:11:03 GMT 2024","","PLN","PLN",""
"","2","D2-HIGHERFUNC.16","","Wed Nov 20 00:35:38 GMT 2024","passed","Wed Nov 20 00:35:38 GMT 2024","","HYPERON-EXPERIMENTAL-SCRIPTS","HYPERON-EXPERIMENTAL-SCRIPTS",""
"","4000","experiments.synthesize-via-superpose","","Wed Nov 20 00:35:33 GMT 2024","passed","Wed Nov 20 00:35:37 GMT 2024","","WHOLE-TESTS","WHOLE-TESTS",""
"","2","D4-TYPE-PROP.18","","Wed Nov 20 00:45:22 GMT 2024","passed","Wed Nov 20 00:45:22 GMT 2024","","QUICK","QUICK",""
"","2","E2-STATES.10","","Wed Nov 20 00:35:38 GMT 2024","passed","Wed Nov 20 00:35:38 GMT 2024","","HYPERON-EXPERIMENTAL-SCRIPTS","HYPERON-EXPERIMENTAL-SCRIPTS",""
"","3","B3-DIRECT.01","","Wed Nov 20 00:35:38 GMT 2024","passed","Wed Nov 20 00:35:38 GMT 2024","","HYPERON-EXPERIMENTAL-SCRIPTS","HYPERON-EXPERIMENTAL-SCRIPTS",""
"","4000","hyperon-experimental_scripts.e1_kb_write","","Wed Nov 20 00:35:33 GMT 2024","passed","Wed Nov 20 00:35:37 GMT 2024","","WHOLE-TESTS","WHOLE-TESTS",""
"","2","LET-SUPERPOSE-IF-CASE.02","","Wed Nov 20 01:48:02 GMT 2024","passed","Wed Nov 20 01:48:02 GMT 2024","","TRANSPILER","TRANSPILER",""
"","1438","PLLM-PENNTREE.06","","Wed Nov 20 02:09:34 GMT 2024","passed","Wed Nov 20 02:09:35 GMT 2024","","LANGUAGE-MODELS","LANGUAGE-MODELS",""
"","2","KEY-LOOKUPS-MANY.01","","Wed Nov 20 01:57:00 GMT 2024","passed","Wed Nov 20 01:57:00 GMT 2024","","BASIC","BASIC",""
"","117","PROB-DEP-TYPES.05","","Wed Nov 20 01:03:22 GMT 2024","passed","Wed Nov 20 01:03:22 GMT 2024","","PROB-DEP-TYPES","PROB-DEP-TYPES",""
"","2","ADD-REMOVE-MATCH-SYMBOLS.16","","Wed Nov 20 00:52:35 GMT 2024","passed","Wed Nov 20 00:52:35 GMT 2024","","SPACES","SPACES",""
"","5000","chaining.parent_go_comp","","Wed Nov 20 00:35:33 GMT 2024","passed","Wed Nov 20 00:35:38 GMT 2024","","WHOLE-TESTS","WHOLE-TESTS",""
"","3","BACKWARD-CHAINER-XP.40","","Wed Nov 20 01:15:26 GMT 2024","passed","Wed Nov 20 01:15:26 GMT 2024","","BACKWARD-CHAINER","BACKWARD-CHAINER",""
"","2","ADD-REMOVE-MATCH-INTEGER.02","","Wed Nov 20 00:52:35 GMT 2024","passed","Wed Nov 20 00:52:35 GMT 2024","","SPACES","SPACES",""
"","2","BACKWARD-CHAINER-XP.38","","Wed Nov 20 01:15:26 GMT 2024","passed","Wed Nov 20 01:15:26 GMT 2024","","BACKWARD-CHAINER","BACKWARD-CHAINER",""
"","1","C2-SPACES.02","","Wed Nov 20 00:35:38 GMT 2024","passed","Wed Nov 20 00:35:38 GMT 2024","","HYPERON-EXPERIMENTAL-SCRIPTS","HYPERON-EXPERIMENTAL-SCRIPTS",""
"","8000","john-carry-flower.john-carry-flower-test","","Wed Nov 20 00:35:33 GMT 2024","passed","Wed Nov 20 00:35:41 GMT 2024","","WHOLE-TESTS","WHOLE-TESTS",""
"","2","SEQUENTIAL-NESTED.03","","Wed Nov 20 00:41:08 GMT 2024","passed","Wed Nov 20 00:41:08 GMT 2024","","METTA-MORPH-TESTS","METTA-MORPH-TESTS",""
"","2","D4-TYPE-PROP.11","","Wed Nov 20 00:35:38 GMT 2024","passed","Wed Nov 20 00:35:38 GMT 2024","","HYPERON-EXPERIMENTAL-SCRIPTS","HYPERON-EXPERIMENTAL-SCRIPTS",""
"","2","BCHAIN-COMP.05","","Wed Nov 20 00:43:12 GMT 2024","passed","Wed Nov 20 00:43:12 GMT 2024","","ANTI-REGRESSION","ANTI-REGRESSION",""
"","2","D2-HIGHERFUNC.02","","Wed Nov 20 00:35:38 GMT 2024","passed","Wed Nov 20 00:35:38 GMT 2024","","HYPERON-EXPERIMENTAL-SCRIPTS","HYPERON-EXPERIMENTAL-SCRIPTS",""
"","1","SPACE-SUBTRACTION-TESTS.03","","Wed Nov 20 00:37:14 GMT 2024","passed","Wed Nov 20 00:37:14 GMT 2024","","HYPERON-METTALOG-SANITY","HYPERON-METTALOG-SANITY",""
"","2","ADD-REMOVE-MATCH-SYMBOLS.02","","Wed Nov 20 00:52:35 GMT 2024","passed","Wed Nov 20 00:52:35 GMT 2024","","SPACES","SPACES",""
"","6000","chaining.pln-xp-local_v2","","Wed Nov 20 00:35:33 GMT 2024","passed","Wed Nov 20 00:35:39 GMT 2024","","WHOLE-TESTS","WHOLE-TESTS",""
"","208","SHOW-TYPE.17","","Wed Nov 20 00:52:21 GMT 2024","failed","Wed Nov 20 00:52:21 GMT 2024","","INTROSPECT","INTROSPECT",""
"","61","TESTS1.01","","Wed Nov 20 01:35:21 GMT 2024","failed","Wed Nov 20 01:35:21 GMT 2024","","NARS-V0","NARS-V0",""
"","2","D1-GADT.11","","Wed Nov 20 00:35:38 GMT 2024","passed","Wed Nov 20 00:35:38 GMT 2024","","HYPERON-EXPERIMENTAL-SCRIPTS","HYPERON-EXPERIMENTAL-SCRIPTS",""
"","17000","nondet_unify.run","","Wed Nov 20 00:35:33 GMT 2024","passed","Wed Nov 20 00:35:50 GMT 2024","","WHOLE-TESTS","WHOLE-TESTS",""
"","1","QUERIES.15","","Wed Nov 20 01:07:51 GMT 2024","passed","Wed Nov 20 01:07:51 GMT 2024","","STRIPS-TO-METTA-IMPROVED","STRIPS-TO-METTA-IMPROVED",""
"","2","PC-XP.04","","Wed Nov 20 01:24:14 GMT 2024","passed","Wed Nov 20 01:24:14 GMT 2024","","POLYWARD-CHAINING","POLYWARD-CHAINING",""
"","2","00A-LANG-COMPILED-CASE.01","","Wed Nov 20 01:47:02 GMT 2024","passed","Wed Nov 20 01:47:02 GMT 2024","","DIRECT-COMP","DIRECT-COMP",""
"","3","ADD-REMOVE-MATCH-S-STRINGS.03","","Wed Nov 20 00:52:35 GMT 2024","passed","Wed Nov 20 00:52:35 GMT 2024","","SPACES","SPACES",""
"","2","ADD-REMOVE-MATCH-INTEGER.19","","Wed Nov 20 00:52:35 GMT 2024","passed","Wed Nov 20 00:52:35 GMT 2024","","SPACES","SPACES",""
"","304","SPACE-SUBTRACTION-TESTS.07","","Wed Nov 20 00:37:14 GMT 2024","passed","Wed Nov 20 00:37:14 GMT 2024","","HYPERON-METTALOG-SANITY","HYPERON-METTALOG-SANITY",""
"","6000","inference-control.inf-ctl-xp","","Wed Nov 20 00:35:33 GMT 2024","passed","Wed Nov 20 00:35:39 GMT 2024","","WHOLE-TESTS","WHOLE-TESTS",""
"","2","STATE-TYPES.09","","Wed Nov 20 01:57:00 GMT 2024","passed","Wed Nov 20 01:57:00 GMT 2024","","BASIC","BASIC",""
"","52","STDLIB-METTALOG-TEST-PT2.11","","Wed Nov 20 00:54:39 GMT 2024","failed","Wed Nov 20 00:54:39 GMT 2024","","STDLIB-METTALOG","STDLIB-METTALOG",""
"","2","LET-SUPERPOSE-LIST.01","","Wed Nov 20 01:48:02 GMT 2024","passed","Wed Nov 20 01:48:02 GMT 2024","","TRANSPILER","TRANSPILER",""
"","6000","prob-dep-types.prob_dep_types","","Wed Nov 20 00:35:33 GMT 2024","passed","Wed Nov 20 00:35:39 GMT 2024","","WHOLE-TESTS","WHOLE-TESTS",""
"","2","ADD-REMOVE-MATCH-SYMBOLS.05","","Wed Nov 20 00:52:35 GMT 2024","passed","Wed Nov 20 00:52:35 GMT 2024","","SPACES","SPACES",""
"","2","TYPE-PROP.32","","Wed Nov 20 01:11:15 GMT 2024","passed","Wed Nov 20 01:11:15 GMT 2024","","CHECK-TYPES-TEMP","CHECK-TYPES-TEMP",""
"","1","TYPE-PROP.21","","Wed Nov 20 01:11:15 GMT 2024","passed","Wed Nov 20 01:11:15 GMT 2024","","CHECK-TYPES-TEMP","CHECK-TYPES-TEMP",""
"","2","B1-EQUAL-CHAIN.04","","Wed Nov 20 00:35:38 GMT 2024","passed","Wed Nov 20 00:35:38 GMT 2024","","HYPERON-EXPERIMENTAL-SCRIPTS","HYPERON-EXPERIMENTAL-SCRIPTS",""
"","2","PC-XP.03","","Wed Nov 20 01:24:14 GMT 2024","passed","Wed Nov 20 01:24:14 GMT 2024","","POLYWARD-CHAINING","POLYWARD-CHAINING",""
"","72","REVERSE-ARITHMETIC.01","","Wed Nov 20 01:51:27 GMT 2024","failed","Wed Nov 20 01:51:27 GMT 2024","","BIDIRECTIONAL-COMPUTATION","BIDIRECTIONAL-COMPUTATION",""
"","2","B2-BACKCHAIN.04","","Wed Nov 20 00:35:38 GMT 2024","passed","Wed Nov 20 00:35:38 GMT 2024","","HYPERON-EXPERIMENTAL-SCRIPTS","HYPERON-EXPERIMENTAL-SCRIPTS",""
"","52","TYPE-PROP.67","","Wed Nov 20 01:11:15 GMT 2024","failed","Wed Nov 20 01:11:15 GMT 2024","","CHECK-TYPES-TEMP","CHECK-TYPES-TEMP",""
"","1","B4-NONDETERM.02","","Wed Nov 20 00:35:38 GMT 2024","passed","Wed Nov 20 00:35:38 GMT 2024","","HYPERON-EXPERIMENTAL-SCRIPTS","HYPERON-EXPERIMENTAL-SCRIPTS",""
"","2","IFC-XP.06","","Wed Nov 20 01:21:33 GMT 2024","passed","Wed Nov 20 01:21:33 GMT 2024","","ITERATIVE-CHAINING","ITERATIVE-CHAINING",""
"","2","BC-XP.05","","Wed Nov 20 01:15:32 GMT 2024","passed","Wed Nov 20 01:15:32 GMT 2024","","BACKWARD-CHAINING","BACKWARD-CHAINING",""
"","3","D4-TYPE-PROP.04","","Wed Nov 20 01:11:36 GMT 2024","passed","Wed Nov 20 01:11:36 GMT 2024","","CHECK-TYPES","CHECK-TYPES",""
"","40000","comparisons.nils_if_control_test_4","","Wed Nov 20 00:35:33 GMT 2024","failed","Wed Nov 20 00:36:13 GMT 2024","","WHOLE-TESTS","WHOLE-TESTS",""
"","6000","prev.tests0","","Wed Nov 20 00:35:33 GMT 2024","passed","Wed Nov 20 00:35:39 GMT 2024","","WHOLE-TESTS","WHOLE-TESTS",""
"","38","BACKWARD-CHAINER-XP.06","","Wed Nov 20 01:15:26 GMT 2024","failed","Wed Nov 20 01:15:26 GMT 2024","","BACKWARD-CHAINER","BACKWARD-CHAINER",""
"","2","03-SORING-VIA-INSERT.04","","Wed Nov 20 00:37:14 GMT 2024","passed","Wed Nov 20 00:37:14 GMT 2024","","HYPERON-METTALOG-SANITY","HYPERON-METTALOG-SANITY",""
"","2","SUPERPOSE-NESTED.03","","Wed Nov 20 00:41:08 GMT 2024","passed","Wed Nov 20 00:41:08 GMT 2024","","METTA-MORPH-TESTS","METTA-MORPH-TESTS",""
"","5000","backward-chaining.bc-xp","","Wed Nov 20 00:35:33 GMT 2024","passed","Wed Nov 20 00:35:38 GMT 2024","","WHOLE-TESTS","WHOLE-TESTS",""
"","3","IFC-XP.39","","Wed Nov 20 01:21:33 GMT 2024","passed","Wed Nov 20 01:21:33 GMT 2024","","ITERATIVE-CHAINING","ITERATIVE-CHAINING",""
"","2","BACKWARD-CHAINER-XP.23","","Wed Nov 20 01:15:26 GMT 2024","passed","Wed Nov 20 01:15:26 GMT 2024","","BACKWARD-CHAINER","BACKWARD-CHAINER",""
"","5000","synth_buffer.synthesize","","Wed Nov 20 00:35:33 GMT 2024","passed","Wed Nov 20 00:35:38 GMT 2024","","WHOLE-TESTS","WHOLE-TESTS",""
"","45000","constraint.types","","Wed Nov 20 00:35:33 GMT 2024","failed","Wed Nov 20 00:36:18 GMT 2024","","WHOLE-TESTS","WHOLE-TESTS",""
"","1","HYPERPOSING-SHARED.08","","Wed Nov 20 01:57:00 GMT 2024","passed","Wed Nov 20 01:57:00 GMT 2024","","BASIC","BASIC",""
"","7","V2-PLN-XP.03","","Wed Nov 20 00:50:19 GMT 2024","passed","Wed Nov 20 00:50:19 GMT 2024","","CHAINING","CHAINING",""
"","2","ADD-REMOVE-MATCH-SS-STRINGS.04","","Wed Nov 20 00:52:35 GMT 2024","passed","Wed Nov 20 00:52:35 GMT 2024","","SPACES","SPACES",""
"","2","INTERSECTION-TESTS.02","","Wed Nov 20 00:37:14 GMT 2024","passed","Wed Nov 20 00:37:14 GMT 2024","","HYPERON-METTALOG-SANITY","HYPERON-METTALOG-SANITY",""
"","2","C1-GROUNDED-BASIC.07","","Wed Nov 20 00:45:22 GMT 2024","passed","Wed Nov 20 00:45:22 GMT 2024","","QUICK","QUICK",""
"","3","STRING-TESTS.05","","Wed Nov 20 00:37:14 GMT 2024","passed","Wed Nov 20 00:37:14 GMT 2024","","HYPERON-METTALOG-SANITY","HYPERON-METTALOG-SANITY",""
"","3","HYPERPOSING.02","","Wed Nov 20 01:57:00 GMT 2024","passed","Wed Nov 20 01:57:00 GMT 2024","","BASIC","BASIC",""
"","3","SPACE-INTERSECTION-TESTS.01","","Wed Nov 20 00:37:14 GMT 2024","passed","Wed Nov 20 00:37:14 GMT 2024","","HYPERON-METTALOG-SANITY","HYPERON-METTALOG-SANITY",""
"","2040","TESTS2.07","","Wed Nov 20 00:45:49 GMT 2024","failed","Wed Nov 20 00:45:51 GMT 2024","","MAIN-BRANCH","MAIN-BRANCH",""
"","2","E1-KB-WRITE.02","","Wed Nov 20 00:35:38 GMT 2024","passed","Wed Nov 20 00:35:38 GMT 2024","","HYPERON-EXPERIMENTAL-SCRIPTS","HYPERON-EXPERIMENTAL-SCRIPTS",""
"","2","SUBTRACTION-TEST.06","","Wed Nov 20 00:37:14 GMT 2024","passed","Wed Nov 20 00:37:14 GMT 2024","","HYPERON-METTALOG-SANITY","HYPERON-METTALOG-SANITY",""
"","2","BCHAIN.06","","Wed Nov 20 00:43:12 GMT 2024","passed","Wed Nov 20 00:43:12 GMT 2024","","ANTI-REGRESSION","ANTI-REGRESSION",""
"","3","FC-XP.03","","Wed Nov 20 01:18:18 GMT 2024","passed","Wed Nov 20 01:18:18 GMT 2024","","FORWARD-CHAINING","FORWARD-CHAINING",""
"","2","SYNTHESIZE-VIA-SUPERPOSE.03","","Wed Nov 20 01:26:05 GMT 2024","passed","Wed Nov 20 01:26:05 GMT 2024","","EXPERIMENTS","EXPERIMENTS",""
"","2","COMMA-IS-NOT-SPECIAL.01","","Wed Nov 20 01:48:28 GMT 2024","passed","Wed Nov 20 01:48:28 GMT 2024","","WALK-THRU","WALK-THRU",""
"","2","INF-CTL-MONTH-BC-CONT-XP.06","","Wed Nov 20 01:19:32 GMT 2024","passed","Wed Nov 20 01:19:32 GMT 2024","","INFERENCE-CONTROL","INFERENCE-CONTROL",""
"","17","UNIFYTEST.01","","Wed Nov 20 01:26:01 GMT 2024","failed","Wed Nov 20 01:26:01 GMT 2024","","SYNTHESIS","SYNTHESIS",""
"","120","INF-ORDER-PROBS.08","","Wed Nov 20 01:03:22 GMT 2024","passed","Wed Nov 20 01:03:22 GMT 2024","","PROB-DEP-TYPES","PROB-DEP-TYPES",""
"","26000","walk_thru.system_proofTestCurried","","Wed Nov 20 00:35:33 GMT 2024","passed","Wed Nov 20 00:35:59 GMT 2024","","WHOLE-TESTS","WHOLE-TESTS",""
"","3","01-LANG-INC.02","","Wed Nov 20 00:37:14 GMT 2024","passed","Wed Nov 20 00:37:14 GMT 2024","","HYPERON-METTALOG-SANITY","HYPERON-METTALOG-SANITY",""
"","1","HYPERPOSE.05","","Wed Nov 20 00:41:08 GMT 2024","passed","Wed Nov 20 00:41:08 GMT 2024","","METTA-MORPH-TESTS","METTA-MORPH-TESTS",""
"","3","IBC-XP.11","","Wed Nov 20 01:21:33 GMT 2024","passed","Wed Nov 20 01:21:33 GMT 2024","","ITERATIVE-CHAINING","ITERATIVE-CHAINING",""
"","2","NATPARITYTEST.08","","Wed Nov 20 01:18:23 GMT 2024","passed","Wed Nov 20 01:18:23 GMT 2024","","HOL","HOL",""
"","131","INTERSECTION-TESTS.21","","Wed Nov 20 00:37:14 GMT 2024","failed","Wed Nov 20 00:37:14 GMT 2024","","HYPERON-METTALOG-SANITY","HYPERON-METTALOG-SANITY",""
"","2","IFC-XP.33","","Wed Nov 20 01:21:33 GMT 2024","passed","Wed Nov 20 01:21:33 GMT 2024","","ITERATIVE-CHAINING","ITERATIVE-CHAINING",""
"","2","ADD-REMOVE-MATCH-MIX-FLOAT-INTEGER.11","","Wed Nov 20 00:52:35 GMT 2024","passed","Wed Nov 20 00:52:35 GMT 2024","","SPACES","SPACES",""
"","5","TRUTHVALUETEST.05","","Wed Nov 20 01:16:08 GMT 2024","passed","Wed Nov 20 01:16:08 GMT 2024","","TRUTHVALUE","TRUTHVALUE",""
"","2","KEY-LOOKUPS-MANY.02","","Wed Nov 20 01:57:00 GMT 2024","passed","Wed Nov 20 01:57:00 GMT 2024","","BASIC","BASIC",""
"","180","SYNTHESIZE-VIA-UNIFY-TEST.07","","Wed Nov 20 01:26:05 GMT 2024","failed","Wed Nov 20 01:26:05 GMT 2024","","EXPERIMENTS","EXPERIMENTS",""
"","2","TEST-IF-CLOSED.04","","Wed Nov 20 00:43:12 GMT 2024","passed","Wed Nov 20 00:43:12 GMT 2024","","ANTI-REGRESSION","ANTI-REGRESSION",""
"","40000","main-branch.tests3","","Wed Nov 20 00:35:33 GMT 2024","failed","Wed Nov 20 00:36:13 GMT 2024","","WHOLE-TESTS","WHOLE-TESTS",""
"","5000","hyperon-mettalog_sanity.or_test","","Wed Nov 20 00:35:33 GMT 2024","passed","Wed Nov 20 00:35:38 GMT 2024","","WHOLE-TESTS","WHOLE-TESTS",""
"","2","EXAM-SPACES.02","","Wed Nov 20 00:52:21 GMT 2024","passed","Wed Nov 20 00:52:21 GMT 2024","","INTROSPECT","INTROSPECT",""
"","1","FC-XP.23","","Wed Nov 20 01:18:18 GMT 2024","passed","Wed Nov 20 01:18:18 GMT 2024","","FORWARD-CHAINING","FORWARD-CHAINING",""
"","5000","basic.hyperposing-unshared","","Wed Nov 20 00:35:33 GMT 2024","passed","Wed Nov 20 00:35:38 GMT 2024","","WHOLE-TESTS","WHOLE-TESTS",""
"","2","INF-CTL-XP.02","","Wed Nov 20 01:19:32 GMT 2024","passed","Wed Nov 20 01:19:32 GMT 2024","","INFERENCE-CONTROL","INFERENCE-CONTROL",""
"","2","KEY-LOOKUPS-MANY.11","","Wed Nov 20 01:57:00 GMT 2024","passed","Wed Nov 20 01:57:00 GMT 2024","","BASIC","BASIC",""
"","14","D2-HIGHERFUNC.21","","Wed Nov 20 00:35:38 GMT 2024","passed","Wed Nov 20 00:35:38 GMT 2024","","HYPERON-EXPERIMENTAL-SCRIPTS","HYPERON-EXPERIMENTAL-SCRIPTS",""
"","5","TYPES-PRELIM.04","","Wed Nov 20 00:50:19 GMT 2024","passed","Wed Nov 20 00:50:19 GMT 2024","","CHAINING","CHAINING",""
"","10507","NILS-IF-CONTROL-TEST-2.03","","Wed Nov 20 02:03:20 GMT 2024","passed","Wed Nov 20 02:03:30 GMT 2024","","COMPARISONS","COMPARISONS",""
"","3","03-SORING-VIA-INSERT.02","","Wed Nov 20 00:37:14 GMT 2024","passed","Wed Nov 20 00:37:14 GMT 2024","","HYPERON-METTALOG-SANITY","HYPERON-METTALOG-SANITY",""
"","2","TYPE-PROP.19","","Wed Nov 20 01:11:15 GMT 2024","passed","Wed Nov 20 01:11:15 GMT 2024","","CHECK-TYPES-TEMP","CHECK-TYPES-TEMP",""
"","3","C2-SPACES.01","","Wed Nov 20 00:35:29 GMT 2024","passed","Wed Nov 20 00:35:29 GMT 2024","","MODULE-SYSTEM","MODULE-SYSTEM",""
"","40000","comparisons.nils_if_control_test_3","","Wed Nov 20 00:35:33 GMT 2024","failed","Wed Nov 20 00:36:13 GMT 2024","","WHOLE-TESTS","WHOLE-TESTS",""
"","2","FORWARD-CHAINER-XP.18","","Wed Nov 20 01:18:08 GMT 2024","passed","Wed Nov 20 01:18:08 GMT 2024","","FORWARD-CHAINER","FORWARD-CHAINER",""
"","2","TESTS0.06","","Wed Nov 20 01:30:18 GMT 2024","passed","Wed Nov 20 01:30:18 GMT 2024","","CURRENT","CURRENT",""
"","2","F1-IMPORTS.01","","Wed Nov 20 00:35:29 GMT 2024","passed","Wed Nov 20 00:35:29 GMT 2024","","MODULE-SYSTEM","MODULE-SYSTEM",""
"","4000","common.NumTest","","Wed Nov 20 00:35:33 GMT 2024","passed","Wed Nov 20 00:35:37 GMT 2024","","WHOLE-TESTS","WHOLE-TESTS",""
"","2","NATPARITYTEST.13","","Wed Nov 20 01:18:23 GMT 2024","passed","Wed Nov 20 01:18:23 GMT 2024","","HOL","HOL",""
"","2","TYPE-PROP.02","","Wed Nov 20 00:50:19 GMT 2024","passed","Wed Nov 20 00:50:19 GMT 2024","","CHAINING","CHAINING",""
"","7401","PROB-DEP-TYPES.14","","Wed Nov 20 01:03:22 GMT 2024","failed","Wed Nov 20 01:03:29 GMT 2024","","PROB-DEP-TYPES","PROB-DEP-TYPES",""
"","4","NTE.01","","Wed Nov 20 01:01:27 GMT 2024","passed","Wed Nov 20 01:01:27 GMT 2024","","EDGES-TO-EDGES","EDGES-TO-EDGES",""
"","4000","walk_thru.comma_is_not_special","","Wed Nov 20 00:35:33 GMT 2024","passed","Wed Nov 20 00:35:37 GMT 2024","","WHOLE-TESTS","WHOLE-TESTS",""
"","5000","basic.test_infer_function_application_type","","Wed Nov 20 00:35:33 GMT 2024","passed","Wed Nov 20 00:35:38 GMT 2024","","WHOLE-TESTS","WHOLE-TESTS",""
"","1","INTERSECTION-TESTS.03","","Wed Nov 20 00:37:14 GMT 2024","passed","Wed Nov 20 00:37:14 GMT 2024","","HYPERON-METTALOG-SANITY","HYPERON-METTALOG-SANITY",""
"","1","KEY-LOOKUPS-MANY.12","","Wed Nov 20 01:57:00 GMT 2024","passed","Wed Nov 20 01:57:00 GMT 2024","","BASIC","BASIC",""
"","2","CHAPTER-1-1.02","","Wed Nov 20 00:54:49 GMT 2024","passed","Wed Nov 20 00:54:49 GMT 2024","","SICP-BOOK","SICP-BOOK",""
"","3","D4-TYPE-PROP.01","","Wed Nov 20 01:11:36 GMT 2024","passed","Wed Nov 20 01:11:36 GMT 2024","","CHECK-TYPES","CHECK-TYPES",""
"","2","F1-IMPORTS.12","","Wed Nov 20 00:45:22 GMT 2024","passed","Wed Nov 20 00:45:22 GMT 2024","","QUICK","QUICK",""
"","56","D5-AUTO-TYPES.03","","Wed Nov 20 01:11:36 GMT 2024","failed","Wed Nov 20 01:11:36 GMT 2024","","CHECK-TYPES","CHECK-TYPES",""
"","39","TYPE-PROP.55","","Wed Nov 20 01:11:15 GMT 2024","failed","Wed Nov 20 01:11:15 GMT 2024","","CHECK-TYPES-TEMP","CHECK-TYPES-TEMP",""
"","5000","std.lte","","Wed Nov 20 00:35:33 GMT 2024","passed","Wed Nov 20 00:35:38 GMT 2024","","WHOLE-TESTS","WHOLE-TESTS",""
"","3","PC-XP.13","","Wed Nov 20 01:24:14 GMT 2024","passed","Wed Nov 20 01:24:14 GMT 2024","","POLYWARD-CHAINING","POLYWARD-CHAINING",""
"","91","NATTEST.02","","Wed Nov 20 01:18:23 GMT 2024","failed","Wed Nov 20 01:18:23 GMT 2024","","HOL","HOL",""
"","2","CHAINING-PRELIM.03","","Wed Nov 20 00:50:19 GMT 2024","passed","Wed Nov 20 00:50:19 GMT 2024","","CHAINING","CHAINING",""
"","256","INF-CTL-XP.09","","Wed Nov 20 01:19:32 GMT 2024","passed","Wed Nov 20 01:19:32 GMT 2024","","INFERENCE-CONTROL","INFERENCE-CONTROL",""
"","1","CML-UNSHARED.02","","Wed Nov 20 01:57:00 GMT 2024","passed","Wed Nov 20 01:57:00 GMT 2024","","BASIC","BASIC",""
"","108","INF-CTL-MONTH-BC-XP.02","","Wed Nov 20 01:19:32 GMT 2024","failed","Wed Nov 20 01:19:32 GMT 2024","","INFERENCE-CONTROL","INFERENCE-CONTROL",""
"","249","PROB-DEP-TYPES.11","","Wed Nov 20 01:03:22 GMT 2024","passed","Wed Nov 20 01:03:22 GMT 2024","","PROB-DEP-TYPES","PROB-DEP-TYPES",""
"","240","INF-CTL-MONTH-BC-CONT-XP.19","","Wed Nov 20 01:19:32 GMT 2024","failed","Wed Nov 20 01:19:32 GMT 2024","","INFERENCE-CONTROL","INFERENCE-CONTROL",""
"","2","STATE-TYPES.21","","Wed Nov 20 01:57:00 GMT 2024","passed","Wed Nov 20 01:57:00 GMT 2024","","BASIC","BASIC",""
"","3","INTERSECTION-TESTS.17","","Wed Nov 20 00:37:14 GMT 2024","passed","Wed Nov 20 00:37:14 GMT 2024","","HYPERON-METTALOG-SANITY","HYPERON-METTALOG-SANITY",""
"","45000","new.tests3","","Wed Nov 20 00:35:33 GMT 2024","failed","Wed Nov 20 00:36:18 GMT 2024","","WHOLE-TESTS","WHOLE-TESTS",""
"","40000","main-branch.tests1","","Wed Nov 20 00:35:33 GMT 2024","failed","Wed Nov 20 00:36:13 GMT 2024","","WHOLE-TESTS","WHOLE-TESTS",""
"","6","V2-PLN-XP.02","","Wed Nov 20 00:50:19 GMT 2024","passed","Wed Nov 20 00:50:19 GMT 2024","","CHAINING","CHAINING",""
"","2","C2-SPACES.04","","Wed Nov 20 00:35:38 GMT 2024","passed","Wed Nov 20 00:35:38 GMT 2024","","HYPERON-EXPERIMENTAL-SCRIPTS","HYPERON-EXPERIMENTAL-SCRIPTS",""
"","56","STDLIB-METTALOG-TEST-PT2.15","","Wed Nov 20 00:54:39 GMT 2024","failed","Wed Nov 20 00:54:39 GMT 2024","","STDLIB-METTALOG","STDLIB-METTALOG",""
"","2","TESTS4.03","","Wed Nov 20 00:45:49 GMT 2024","passed","Wed Nov 20 00:45:49 GMT 2024","","MAIN-BRANCH","MAIN-BRANCH",""
"","2","FC-XP.10","","Wed Nov 20 01:18:18 GMT 2024","passed","Wed Nov 20 01:18:18 GMT 2024","","FORWARD-CHAINING","FORWARD-CHAINING",""
"","91","GROUNDED-BASIC.03","","Wed Nov 20 00:53:17 GMT 2024","passed","Wed Nov 20 00:53:17 GMT 2024","","STD","STD",""
"","3","LTE.05","","Wed Nov 20 00:53:17 GMT 2024","passed","Wed Nov 20 00:53:17 GMT 2024","","STD","STD",""
"","5000","multidirectional.obif_clp","","Wed Nov 20 00:35:33 GMT 2024","passed","Wed Nov 20 00:35:38 GMT 2024","","WHOLE-TESTS","WHOLE-TESTS",""
"","2","NATPARITYTEST.05","","Wed Nov 20 01:18:23 GMT 2024","passed","Wed Nov 20 01:18:23 GMT 2024","","HOL","HOL",""
"","3","C3-PLN-STV.03","","Wed Nov 20 00:35:38 GMT 2024","passed","Wed Nov 20 00:35:38 GMT 2024","","HYPERON-EXPERIMENTAL-SCRIPTS","HYPERON-EXPERIMENTAL-SCRIPTS",""
"","2","CHAPTER-2-2.04","","Wed Nov 20 00:54:49 GMT 2024","passed","Wed Nov 20 00:54:49 GMT 2024","","SICP-BOOK","SICP-BOOK",""
"","2","F1-IMPORTS.14","","Wed Nov 20 00:35:38 GMT 2024","passed","Wed Nov 20 00:35:38 GMT 2024","","HYPERON-EXPERIMENTAL-SCRIPTS","HYPERON-EXPERIMENTAL-SCRIPTS",""
"","192","IFC-XP.25","","Wed Nov 20 01:21:33 GMT 2024","failed","Wed Nov 20 01:21:33 GMT 2024","","ITERATIVE-CHAINING","ITERATIVE-CHAINING",""
"","3","CHAPTER-1-1.17","","Wed Nov 20 00:54:49 GMT 2024","passed","Wed Nov 20 00:54:49 GMT 2024","","SICP-BOOK","SICP-BOOK",""
"","2","TMPMATCH1.02","","Wed Nov 20 00:43:12 GMT 2024","passed","Wed Nov 20 00:43:12 GMT 2024","","ANTI-REGRESSION","ANTI-REGRESSION",""
"","5","OR-TEST.11","","Wed Nov 20 00:37:14 GMT 2024","passed","Wed Nov 20 00:37:14 GMT 2024","","HYPERON-METTALOG-SANITY","HYPERON-METTALOG-SANITY",""
"","1","D2-HIGHERFUNC.11","","Wed Nov 20 00:35:38 GMT 2024","passed","Wed Nov 20 00:35:38 GMT 2024","","HYPERON-EXPERIMENTAL-SCRIPTS","HYPERON-EXPERIMENTAL-SCRIPTS",""
"","21","INF-CTL-MONTH-XP.07","","Wed Nov 20 01:19:32 GMT 2024","failed","Wed Nov 20 01:19:32 GMT 2024","","INFERENCE-CONTROL","INFERENCE-CONTROL",""
"","2","D1-GADT.02","","Wed Nov 20 00:45:22 GMT 2024","passed","Wed Nov 20 00:45:22 GMT 2024","","QUICK","QUICK",""
"","2","F1-MODULEA.08","","Wed Nov 20 00:35:38 GMT 2024","passed","Wed Nov 20 00:35:38 GMT 2024","","HYPERON-EXPERIMENTAL-SCRIPTS","HYPERON-EXPERIMENTAL-SCRIPTS",""
"","2","LISTTEST.07","","Wed Nov 20 01:15:41 GMT 2024","passed","Wed Nov 20 01:15:41 GMT 2024","","COMMON","COMMON",""
"","2","BC-XP.15","","Wed Nov 20 01:15:32 GMT 2024","passed","Wed Nov 20 01:15:32 GMT 2024","","BACKWARD-CHAINING","BACKWARD-CHAINING",""
"","2","B0-CHAINING-PRELIM.04","","Wed Nov 20 00:35:38 GMT 2024","passed","Wed Nov 20 00:35:38 GMT 2024","","HYPERON-EXPERIMENTAL-SCRIPTS","HYPERON-EXPERIMENTAL-SCRIPTS",""
"","5000","SICP_book.chapter_2_4","","Wed Nov 20 00:35:33 GMT 2024","passed","Wed Nov 20 00:35:38 GMT 2024","","WHOLE-TESTS","WHOLE-TESTS",""
"","1","C1-GROUNDED-BASIC.21","","Wed Nov 20 00:45:22 GMT 2024","passed","Wed Nov 20 00:45:22 GMT 2024","","QUICK","QUICK",""
"","52","STDLIB-METTALOG-TEST-PT2.23","","Wed Nov 20 00:54:39 GMT 2024","failed","Wed Nov 20 00:54:39 GMT 2024","","STDLIB-METTALOG","STDLIB-METTALOG",""
"","18","NATSTANDALONETEST.10","","Wed Nov 20 01:18:23 GMT 2024","failed","Wed Nov 20 01:18:23 GMT 2024","","HOL","HOL",""
"","466","PROB-DEP-TYPES.09","","Wed Nov 20 01:03:22 GMT 2024","failed","Wed Nov 20 01:03:22 GMT 2024","","PROB-DEP-TYPES","PROB-DEP-TYPES",""
"","264","TESTS0.06","","Wed Nov 20 01:39:14 GMT 2024","failed","Wed Nov 20 01:39:14 GMT 2024","","NEW","NEW",""
"","2","ADD-REMOVE-MATCH-MIX-FLOAT-INTEGER.24","","Wed Nov 20 00:52:35 GMT 2024","passed","Wed Nov 20 00:52:35 GMT 2024","","SPACES","SPACES",""
"","3","TYPE-PROP.01","","Wed Nov 20 00:50:19 GMT 2024","passed","Wed Nov 20 00:50:19 GMT 2024","","CHAINING","CHAINING",""
"","2","TEST-IF-CLOSED.09","","Wed Nov 20 01:48:28 GMT 2024","passed","Wed Nov 20 01:48:28 GMT 2024","","WALK-THRU","WALK-THRU",""
"","118","NON-DETERMINISM.02","","Wed Nov 20 01:26:05 GMT 2024","passed","Wed Nov 20 01:26:05 GMT 2024","","EXPERIMENTS","EXPERIMENTS",""
"","2","ADD-REMOVE-MATCH-SS-SYMBOLS.05","","Wed Nov 20 00:52:35 GMT 2024","passed","Wed Nov 20 00:52:35 GMT 2024","","SPACES","SPACES",""
"","2","D4-TYPE-PROP.15","","Wed Nov 20 00:45:22 GMT 2024","passed","Wed Nov 20 00:45:22 GMT 2024","","QUICK","QUICK",""
"","3","SHOW-TYPE.01","","Wed Nov 20 00:52:21 GMT 2024","passed","Wed Nov 20 00:52:21 GMT 2024","","INTROSPECT","INTROSPECT",""
"","1","SUPPORTRULEEXP.02","","Wed Nov 20 01:14:18 GMT 2024","passed","Wed Nov 20 01:14:18 GMT 2024","","DEPENDENT-TYPES","DEPENDENT-TYPES",""
"","3","03-SORING-VIA-INSERT.06","","Wed Nov 20 00:37:14 GMT 2024","passed","Wed Nov 20 00:37:14 GMT 2024","","HYPERON-METTALOG-SANITY","HYPERON-METTALOG-SANITY",""
"","3","IMPLICATIONDIRECTINTRODUCTIONENTAILTEST.02","","Wed Nov 20 01:17:49 GMT 2024","passed","Wed Nov 20 01:17:49 GMT 2024","","ENTAIL","ENTAIL",""
"","2","IBC-XP.03","","Wed Nov 20 01:21:33 GMT 2024","passed","Wed Nov 20 01:21:33 GMT 2024","","ITERATIVE-CHAINING","ITERATIVE-CHAINING",""
"","2","PROB-DEP-TYPES.02","","Wed Nov 20 01:03:22 GMT 2024","passed","Wed Nov 20 01:03:22 GMT 2024","","PROB-DEP-TYPES","PROB-DEP-TYPES",""
"","123","NTE.03","","Wed Nov 20 01:01:27 GMT 2024","passed","Wed Nov 20 01:01:27 GMT 2024","","EDGES-TO-EDGES","EDGES-TO-EDGES",""
"","1","HYPERPOSING-SHARED.03","","Wed Nov 20 01:57:00 GMT 2024","passed","Wed Nov 20 01:57:00 GMT 2024","","BASIC","BASIC",""
"","9000","dependent-types.MinerCurriedDTLTest","","Wed Nov 20 00:35:33 GMT 2024","passed","Wed Nov 20 00:35:42 GMT 2024","","WHOLE-TESTS","WHOLE-TESTS",""
"","2","D2-HIGHERFUNC.09","","Wed Nov 20 01:11:36 GMT 2024","passed","Wed Nov 20 01:11:36 GMT 2024","","CHECK-TYPES","CHECK-TYPES",""
"","4000","metta_to_amr.dep-types","","Wed Nov 20 00:35:33 GMT 2024","passed","Wed Nov 20 00:35:37 GMT 2024","","WHOLE-TESTS","WHOLE-TESTS",""
"","2","MATCH-VOID.08","","Wed Nov 20 00:41:08 GMT 2024","passed","Wed Nov 20 00:41:08 GMT 2024","","METTA-MORPH-TESTS","METTA-MORPH-TESTS",""
"","2","F1-IMPORTS.17","","Wed Nov 20 00:35:38 GMT 2024","passed","Wed Nov 20 00:35:38 GMT 2024","","HYPERON-EXPERIMENTAL-SCRIPTS","HYPERON-EXPERIMENTAL-SCRIPTS",""
"","5000","walk_thru.bchain","","Wed Nov 20 00:35:33 GMT 2024","passed","Wed Nov 20 00:35:38 GMT 2024","","WHOLE-TESTS","WHOLE-TESTS",""
"","2","IBC-XP.12","","Wed Nov 20 01:21:33 GMT 2024","passed","Wed Nov 20 01:21:33 GMT 2024","","ITERATIVE-CHAINING","ITERATIVE-CHAINING",""
"","2","TESTS1.05","","Wed Nov 20 00:45:49 GMT 2024","passed","Wed Nov 20 00:45:49 GMT 2024","","MAIN-BRANCH","MAIN-BRANCH",""
"","2","ADD-REMOVE-MATCH-S-SYMBOLS.15","","Wed Nov 20 00:52:35 GMT 2024","passed","Wed Nov 20 00:52:35 GMT 2024","","SPACES","SPACES",""
"","2","INF-CTL-MONTH-BC-XP.01","","Wed Nov 20 01:19:32 GMT 2024","passed","Wed Nov 20 01:19:32 GMT 2024","","INFERENCE-CONTROL","INFERENCE-CONTROL",""
"","4000","spaces.add-remove-match-strings","","Wed Nov 20 00:35:33 GMT 2024","passed","Wed Nov 20 00:35:37 GMT 2024","","WHOLE-TESTS","WHOLE-TESTS",""
"","3","C3-PLN-STV.01","","Wed Nov 20 00:35:38 GMT 2024","passed","Wed Nov 20 00:35:38 GMT 2024","","HYPERON-EXPERIMENTAL-SCRIPTS","HYPERON-EXPERIMENTAL-SCRIPTS",""
"","2","B5-TYPES-PRELIM.26","","Wed Nov 20 00:35:38 GMT 2024","passed","Wed Nov 20 00:35:38 GMT 2024","","HYPERON-EXPERIMENTAL-SCRIPTS","HYPERON-EXPERIMENTAL-SCRIPTS",""
"","3","LISTTEST.02","","Wed Nov 20 01:15:41 GMT 2024","passed","Wed Nov 20 01:15:41 GMT 2024","","COMMON","COMMON",""
"","2","INF-CTL-MONTH-XP-SHORT-3.08","","Wed Nov 20 02:03:20 GMT 2024","passed","Wed Nov 20 02:03:20 GMT 2024","","COMPARISONS","COMPARISONS",""
"","3","C2-SPACES.05","","Wed Nov 20 00:35:29 GMT 2024","passed","Wed Nov 20 00:35:29 GMT 2024","","MODULE-SYSTEM","MODULE-SYSTEM",""
"","3","D2-HIGHERFUNC.25","","Wed Nov 20 01:11:36 GMT 2024","passed","Wed Nov 20 01:11:36 GMT 2024","","CHECK-TYPES","CHECK-TYPES",""
"","46","FORWARD-CHAINER-XP.09","","Wed Nov 20 01:18:08 GMT 2024","failed","Wed Nov 20 01:18:08 GMT 2024","","FORWARD-CHAINER","FORWARD-CHAINER",""
"","44","TYPE-PROP.79","","Wed Nov 20 01:11:15 GMT 2024","failed","Wed Nov 20 01:11:15 GMT 2024","","CHECK-TYPES-TEMP","CHECK-TYPES-TEMP",""
"","2","OR-TEST.08","","Wed Nov 20 00:37:14 GMT 2024","passed","Wed Nov 20 00:37:14 GMT 2024","","HYPERON-METTALOG-SANITY","HYPERON-METTALOG-SANITY",""
"","14","TEST-INFER-FUNCTION-APPLICATION-TYPE.04","","Wed Nov 20 01:57:00 GMT 2024","failed","Wed Nov 20 01:57:00 GMT 2024","","BASIC","BASIC",""
"","4000","std.gadt","","Wed Nov 20 00:35:33 GMT 2024","passed","Wed Nov 20 00:35:37 GMT 2024","","WHOLE-TESTS","WHOLE-TESTS",""
"","2","LTE.08","","Wed Nov 20 00:53:17 GMT 2024","passed","Wed Nov 20 00:53:17 GMT 2024","","STD","STD",""
"","62","TESTS0.01","","Wed Nov 20 01:30:18 GMT 2024","failed","Wed Nov 20 01:30:18 GMT 2024","","CURRENT","CURRENT",""
"","45000","prev.tests4","","Wed Nov 20 00:35:33 GMT 2024","failed","Wed Nov 20 00:36:18 GMT 2024","","WHOLE-TESTS","WHOLE-TESTS",""
"","4000","polyward-chaining.pc-xp","","Wed Nov 20 00:35:33 GMT 2024","passed","Wed Nov 20 00:35:37 GMT 2024","","WHOLE-TESTS","WHOLE-TESTS",""
"","10","TYPE-PROP.59","","Wed Nov 20 01:11:15 GMT 2024","failed","Wed Nov 20 01:11:15 GMT 2024","","CHECK-TYPES-TEMP","CHECK-TYPES-TEMP",""
"","3","LISTTEST.04","","Wed Nov 20 01:15:41 GMT 2024","passed","Wed Nov 20 01:15:41 GMT 2024","","COMMON","COMMON",""
"","39","BACKWARD-CHAINER-XP.13","","Wed Nov 20 01:15:26 GMT 2024","failed","Wed Nov 20 01:15:26 GMT 2024","","BACKWARD-CHAINER","BACKWARD-CHAINER",""
"","5","JOHN-CARRY-FLOWER-TEST.02","","Wed Nov 20 01:24:59 GMT 2024","passed","Wed Nov 20 01:24:59 GMT 2024","","JOHN-CARRY-FLOWER","JOHN-CARRY-FLOWER",""
"","3","LISTTEST.09","","Wed Nov 20 01:15:41 GMT 2024","passed","Wed Nov 20 01:15:41 GMT 2024","","COMMON","COMMON",""
"","2","PROB-DEP-TYPES.06","","Wed Nov 20 01:03:22 GMT 2024","passed","Wed Nov 20 01:03:22 GMT 2024","","PROB-DEP-TYPES","PROB-DEP-TYPES",""
"","82","00A-LANG-COMPILED-CASE.07","","Wed Nov 20 01:47:02 GMT 2024","passed","Wed Nov 20 01:47:02 GMT 2024","","DIRECT-COMP","DIRECT-COMP",""
"","2","TYPE-PROP.04","","Wed Nov 20 00:50:19 GMT 2024","passed","Wed Nov 20 00:50:19 GMT 2024","","CHAINING","CHAINING",""
"","2","MAYBETEST.03","","Wed Nov 20 01:15:41 GMT 2024","passed","Wed Nov 20 01:15:41 GMT 2024","","COMMON","COMMON",""
"","2","E3-MATCH-STATES.02","","Wed Nov 20 00:35:38 GMT 2024","passed","Wed Nov 20 00:35:38 GMT 2024","","HYPERON-EXPERIMENTAL-SCRIPTS","HYPERON-EXPERIMENTAL-SCRIPTS",""
"","2","FORWARD-CHAINER-TEST.10","","Wed Nov 20 01:18:08 GMT 2024","passed","Wed Nov 20 01:18:08 GMT 2024","","FORWARD-CHAINER","FORWARD-CHAINER",""
"","1885","PLLM-PENNTREE.03","","Wed Nov 20 02:09:34 GMT 2024","passed","Wed Nov 20 02:09:35 GMT 2024","","LANGUAGE-MODELS","LANGUAGE-MODELS",""
"","2","FORWARD-CHAINER-TEST.12","","Wed Nov 20 01:18:08 GMT 2024","passed","Wed Nov 20 01:18:08 GMT 2024","","FORWARD-CHAINER","FORWARD-CHAINER",""
"","3","BACKWARD-CHAINER-XP.45","","Wed Nov 20 01:15:26 GMT 2024","passed","Wed Nov 20 01:15:26 GMT 2024","","BACKWARD-CHAINER","BACKWARD-CHAINER",""
"","29","INF-CTL-MONTH-XP-SHORT-6.01","","Wed Nov 20 02:03:20 GMT 2024","failed","Wed Nov 20 02:03:20 GMT 2024","","COMPARISONS","COMPARISONS",""
"","40000","experiments.self-contained-synthesize","","Wed Nov 20 00:35:33 GMT 2024","failed","Wed Nov 20 00:36:13 GMT 2024","","WHOLE-TESTS","WHOLE-TESTS",""
"","1154","TRAINING.03","","Wed Nov 20 02:09:34 GMT 2024","passed","Wed Nov 20 02:09:35 GMT 2024","","LANGUAGE-MODELS","LANGUAGE-MODELS",""
"","2","B5-TYPES-PRELIM.17","","Wed Nov 20 00:35:38 GMT 2024","passed","Wed Nov 20 00:35:38 GMT 2024","","HYPERON-EXPERIMENTAL-SCRIPTS","HYPERON-EXPERIMENTAL-SCRIPTS",""
"","6000","hol.NatStandaloneTest","","Wed Nov 20 00:35:33 GMT 2024","passed","Wed Nov 20 00:35:39 GMT 2024","","WHOLE-TESTS","WHOLE-TESTS",""
"","3","FIRST-ANSWER.01","","Wed Nov 20 00:37:14 GMT 2024","passed","Wed Nov 20 00:37:14 GMT 2024","","HYPERON-METTALOG-SANITY","HYPERON-METTALOG-SANITY",""
"","2","STRING-TESTS.03","","Wed Nov 20 00:37:14 GMT 2024","passed","Wed Nov 20 00:37:14 GMT 2024","","HYPERON-METTALOG-SANITY","HYPERON-METTALOG-SANITY",""
"","2","D4-TYPE-PROP.14","","Wed Nov 20 00:45:22 GMT 2024","passed","Wed Nov 20 00:45:22 GMT 2024","","QUICK","QUICK",""
"","2","SYNTHESIZE-VIA-TYPE-CHECKING.02","","Wed Nov 20 01:26:05 GMT 2024","passed","Wed Nov 20 01:26:05 GMT 2024","","EXPERIMENTS","EXPERIMENTS",""
"","2","INF-CTL-MONTH-BC-CONT-XP.10","","Wed Nov 20 01:19:32 GMT 2024","passed","Wed Nov 20 01:19:32 GMT 2024","","INFERENCE-CONTROL","INFERENCE-CONTROL",""
"","13","MATCH-VOID.05","","Wed Nov 20 00:41:08 GMT 2024","passed","Wed Nov 20 00:41:08 GMT 2024","","METTA-MORPH-TESTS","METTA-MORPH-TESTS",""
"","4000","hyperon-mettalog_sanity.first_answer_long","","Wed Nov 20 00:35:33 GMT 2024","passed","Wed Nov 20 00:35:37 GMT 2024","","WHOLE-TESTS","WHOLE-TESTS",""
"","2","D4-TYPE-PROP.21","","Wed Nov 20 01:11:36 GMT 2024","passed","Wed Nov 20 01:11:36 GMT 2024","","CHECK-TYPES","CHECK-TYPES",""
"","6","UNIQUE-TEST.13","","Wed Nov 20 00:37:14 GMT 2024","passed","Wed Nov 20 00:37:14 GMT 2024","","HYPERON-METTALOG-SANITY","HYPERON-METTALOG-SANITY",""
"","2","B5-TYPES-PRELIM.25","","Wed Nov 20 01:11:15 GMT 2024","passed","Wed Nov 20 01:11:15 GMT 2024","","CHECK-TYPES-TEMP","CHECK-TYPES-TEMP",""
"","14","D2-HIGHERFUNC.22","","Wed Nov 20 00:35:38 GMT 2024","passed","Wed Nov 20 00:35:38 GMT 2024","","HYPERON-EXPERIMENTAL-SCRIPTS","HYPERON-EXPERIMENTAL-SCRIPTS",""
"","2","D2-HIGHERFUNC.12","","Wed Nov 20 00:35:38 GMT 2024","passed","Wed Nov 20 00:35:38 GMT 2024","","HYPERON-EXPERIMENTAL-SCRIPTS","HYPERON-EXPERIMENTAL-SCRIPTS",""
"","2","FC-XP.08","","Wed Nov 20 01:18:18 GMT 2024","passed","Wed Nov 20 01:18:18 GMT 2024","","FORWARD-CHAINING","FORWARD-CHAINING",""
"","3","B1-EQUAL-CHAIN.06","","Wed Nov 20 00:35:38 GMT 2024","passed","Wed Nov 20 00:35:38 GMT 2024","","HYPERON-EXPERIMENTAL-SCRIPTS","HYPERON-EXPERIMENTAL-SCRIPTS",""
"","5000","basic.key-lookups-many","","Wed Nov 20 00:35:33 GMT 2024","passed","Wed Nov 20 00:35:38 GMT 2024","","WHOLE-TESTS","WHOLE-TESTS",""
"","2","D2-HIGHERFUNC.05","","Wed Nov 20 01:11:36 GMT 2024","passed","Wed Nov 20 01:11:36 GMT 2024","","CHECK-TYPES","CHECK-TYPES",""
"","14","TEST-INFER-FUNCTION-APPLICATION-TYPE.05","","Wed Nov 20 01:57:00 GMT 2024","failed","Wed Nov 20 01:57:00 GMT 2024","","BASIC","BASIC",""
"","2","CML-UNSHARED.04","","Wed Nov 20 01:57:00 GMT 2024","passed","Wed Nov 20 01:57:00 GMT 2024","","BASIC","BASIC",""
"","4000","basic.hyperposing-shared","","Wed Nov 20 00:35:33 GMT 2024","passed","Wed Nov 20 00:35:37 GMT 2024","","WHOLE-TESTS","WHOLE-TESTS",""
"","10","STDLIB-METTALOG-TEST-PT2.05","","Wed Nov 20 00:54:39 GMT 2024","failed","Wed Nov 20 00:54:39 GMT 2024","","STDLIB-METTALOG","STDLIB-METTALOG",""
"","2","SPACE-INTERSECTION-TESTS.04","","Wed Nov 20 00:37:14 GMT 2024","passed","Wed Nov 20 00:37:14 GMT 2024","","HYPERON-METTALOG-SANITY","HYPERON-METTALOG-SANITY",""
"","4000","debugging.hyperon_experimental_issue_500","","Wed Nov 20 00:35:33 GMT 2024","passed","Wed Nov 20 00:35:37 GMT 2024","","WHOLE-TESTS","WHOLE-TESTS",""
"","3","SYNTHESIZE-VIA-TYPE-CHECKING.12","","Wed Nov 20 01:26:05 GMT 2024","passed","Wed Nov 20 01:26:05 GMT 2024","","EXPERIMENTS","EXPERIMENTS",""
"","87","B4-NONDETERM.11","","Wed Nov 20 00:35:38 GMT 2024","passed","Wed Nov 20 00:35:38 GMT 2024","","HYPERON-EXPERIMENTAL-SCRIPTS","HYPERON-EXPERIMENTAL-SCRIPTS",""
"","4","NATTEST.05","","Wed Nov 20 01:18:23 GMT 2024","passed","Wed Nov 20 01:18:23 GMT 2024","","HOL","HOL",""
"","3","BACKWARD-CHAIN.02","","Wed Nov 20 00:50:19 GMT 2024","passed","Wed Nov 20 00:50:19 GMT 2024","","CHAINING","CHAINING",""
"","1","D2-HIGHERFUNC.17","","Wed Nov 20 00:45:22 GMT 2024","passed","Wed Nov 20 00:45:22 GMT 2024","","QUICK","QUICK",""
"","2","BACKWARD-CHAINER-XP.10","","Wed Nov 20 01:15:26 GMT 2024","passed","Wed Nov 20 01:15:26 GMT 2024","","BACKWARD-CHAINER","BACKWARD-CHAINER",""
"","2","FC-XP.16","","Wed Nov 20 01:18:18 GMT 2024","passed","Wed Nov 20 01:18:18 GMT 2024","","FORWARD-CHAINING","FORWARD-CHAINING",""
"","16","TEST-IF-CLOSED.10","","Wed Nov 20 00:43:12 GMT 2024","passed","Wed Nov 20 00:43:12 GMT 2024","","ANTI-REGRESSION","ANTI-REGRESSION",""
"","24","KB-WRITE.01","","Wed Nov 20 00:53:17 GMT 2024","failed","Wed Nov 20 00:53:17 GMT 2024","","STD","STD",""
"","2","IBC-XP.06","","Wed Nov 20 01:21:33 GMT 2024","passed","Wed Nov 20 01:21:33 GMT 2024","","ITERATIVE-CHAINING","ITERATIVE-CHAINING",""
"","2","05-MATCH-SUPERPOSE-ELEMENT-LIKE-SPACE.04","","Wed Nov 20 01:51:39 GMT 2024","passed","Wed Nov 20 01:51:39 GMT 2024","","CONTAINERS-ARE-SPACES","CONTAINERS-ARE-SPACES",""
"","3","B4-NONDETERM.09","","Wed Nov 20 00:35:38 GMT 2024","passed","Wed Nov 20 00:35:38 GMT 2024","","HYPERON-EXPERIMENTAL-SCRIPTS","HYPERON-EXPERIMENTAL-SCRIPTS",""
"","3","D1-GADT.01","","Wed Nov 20 01:11:36 GMT 2024","passed","Wed Nov 20 01:11:36 GMT 2024","","CHECK-TYPES","CHECK-TYPES",""
"","3","ORIENTATION-TEST.02","","Wed Nov 20 01:25:14 GMT 2024","passed","Wed Nov 20 01:25:14 GMT 2024","","ORIENTATION","ORIENTATION",""
"","2","F1-IMPORTS.03","","Wed Nov 20 00:35:38 GMT 2024","passed","Wed Nov 20 00:35:38 GMT 2024","","HYPERON-EXPERIMENTAL-SCRIPTS","HYPERON-EXPERIMENTAL-SCRIPTS",""
"","3","ADD-REMOVE-MATCH-INTEGER.42","","Wed Nov 20 00:52:35 GMT 2024","passed","Wed Nov 20 00:52:35 GMT 2024","","SPACES","SPACES",""
"","2","ADD-REMOVE-MATCH-S-STRINGS.06","","Wed Nov 20 00:52:35 GMT 2024","passed","Wed Nov 20 00:52:35 GMT 2024","","SPACES","SPACES",""
"","51","TYPE-PROP.80","","Wed Nov 20 01:11:15 GMT 2024","failed","Wed Nov 20 01:11:15 GMT 2024","","CHECK-TYPES-TEMP","CHECK-TYPES-TEMP",""
"","3","SUPERCOLLAPSE.04","","Wed Nov 20 00:41:08 GMT 2024","passed","Wed Nov 20 00:41:08 GMT 2024","","METTA-MORPH-TESTS","METTA-MORPH-TESTS",""
"","4","SPACE-SUBTRACTION-TESTS.04","","Wed Nov 20 00:37:14 GMT 2024","passed","Wed Nov 20 00:37:14 GMT 2024","","HYPERON-METTALOG-SANITY","HYPERON-METTALOG-SANITY",""
"","2","ADD-REMOVE-MATCH-INTEGER.33","","Wed Nov 20 00:52:35 GMT 2024","passed","Wed Nov 20 00:52:35 GMT 2024","","SPACES","SPACES",""
"","2","QUERIES.04","","Wed Nov 20 01:07:51 GMT 2024","passed","Wed Nov 20 01:07:51 GMT 2024","","STRIPS-TO-METTA-IMPROVED","STRIPS-TO-METTA-IMPROVED",""
"","40000","experiments.synthesize-via-let-test","","Wed Nov 20 00:35:33 GMT 2024","failed","Wed Nov 20 00:36:13 GMT 2024","","WHOLE-TESTS","WHOLE-TESTS",""
"","74","STDLIB-METTALOG-TEST-PT2.74","","Wed Nov 20 00:54:39 GMT 2024","failed","Wed Nov 20 00:54:39 GMT 2024","","STDLIB-METTALOG","STDLIB-METTALOG",""
"","14","STDLIB-METTALOG-TEST-PT2.26","","Wed Nov 20 00:54:39 GMT 2024","failed","Wed Nov 20 00:54:39 GMT 2024","","STDLIB-METTALOG","STDLIB-METTALOG",""
"","12","TEST-INFER-FUNCTION-APPLICATION-TYPE.12","","Wed Nov 20 01:57:00 GMT 2024","failed","Wed Nov 20 01:57:00 GMT 2024","","BASIC","BASIC",""
"","2","EVIDENTIALTRUTHVALUETEST.01","","Wed Nov 20 01:16:08 GMT 2024","passed","Wed Nov 20 01:16:08 GMT 2024","","TRUTHVALUE","TRUTHVALUE",""
"","2","ADD-REMOVE-MATCH-SS-SYMBOLS.06","","Wed Nov 20 00:52:35 GMT 2024","passed","Wed Nov 20 00:52:35 GMT 2024","","SPACES","SPACES",""
"","2","BCHAIN-COMP.02","","Wed Nov 20 01:48:28 GMT 2024","passed","Wed Nov 20 01:48:28 GMT 2024","","WALK-THRU","WALK-THRU",""
"","12","D1-GADT.13","","Wed Nov 20 00:35:38 GMT 2024","passed","Wed Nov 20 00:35:38 GMT 2024","","HYPERON-EXPERIMENTAL-SCRIPTS","HYPERON-EXPERIMENTAL-SCRIPTS",""
"","1654","SELF-CONTAINED-SYNTHESIZE.12","","Wed Nov 20 01:26:05 GMT 2024","failed","Wed Nov 20 01:26:06 GMT 2024","","EXPERIMENTS","EXPERIMENTS",""
"","2","TMPMATCH2.04","","Wed Nov 20 00:43:12 GMT 2024","passed","Wed Nov 20 00:43:12 GMT 2024","","ANTI-REGRESSION","ANTI-REGRESSION",""
"","2","BACKWARD-CHAINER-XP.16","","Wed Nov 20 01:15:26 GMT 2024","passed","Wed Nov 20 01:15:26 GMT 2024","","BACKWARD-CHAINER","BACKWARD-CHAINER",""
"","2","STRING-TESTS.13","","Wed Nov 20 00:37:14 GMT 2024","passed","Wed Nov 20 00:37:14 GMT 2024","","HYPERON-METTALOG-SANITY","HYPERON-METTALOG-SANITY",""
"","1","BCHAIN.02","","Wed Nov 20 00:43:12 GMT 2024","passed","Wed Nov 20 00:43:12 GMT 2024","","ANTI-REGRESSION","ANTI-REGRESSION",""
"","2","DEDUCTIONFORMULATEST.07","","Wed Nov 20 01:16:03 GMT 2024","passed","Wed Nov 20 01:16:03 GMT 2024","","FORMULA","FORMULA",""
"","3","PC-XP.07","","Wed Nov 20 01:24:14 GMT 2024","passed","Wed Nov 20 01:24:14 GMT 2024","","POLYWARD-CHAINING","POLYWARD-CHAINING",""
"","74","INF-CTL-MONTH-XP-SHORT-5.02","","Wed Nov 20 02:03:20 GMT 2024","failed","Wed Nov 20 02:03:20 GMT 2024","","COMPARISONS","COMPARISONS",""
"","103","TYPE-PROP.74","","Wed Nov 20 01:11:15 GMT 2024","failed","Wed Nov 20 01:11:15 GMT 2024","","CHECK-TYPES-TEMP","CHECK-TYPES-TEMP",""
"","2","06-MATCH-IN-SPACE.06","","Wed Nov 20 00:37:14 GMT 2024","passed","Wed Nov 20 00:37:14 GMT 2024","","HYPERON-METTALOG-SANITY","HYPERON-METTALOG-SANITY",""
"","31","INF-CTL-MONTH-XP-SHORT-5.01","","Wed Nov 20 02:03:20 GMT 2024","failed","Wed Nov 20 02:03:20 GMT 2024","","COMPARISONS","COMPARISONS",""
"","43000","language_models.training_terms","","Wed Nov 20 00:35:33 GMT 2024","failed","Wed Nov 20 00:36:16 GMT 2024","","WHOLE-TESTS","WHOLE-TESTS",""
"","2","SUPERCOLLAPSE.03","","Wed Nov 20 00:41:08 GMT 2024","passed","Wed Nov 20 00:41:08 GMT 2024","","METTA-MORPH-TESTS","METTA-MORPH-TESTS",""
"","69","E2-STATES.08","","Wed Nov 20 00:35:38 GMT 2024","failed","Wed Nov 20 00:35:38 GMT 2024","","HYPERON-EXPERIMENTAL-SCRIPTS","HYPERON-EXPERIMENTAL-SCRIPTS",""
"","12","D4-TYPE-PROP.03","","Wed Nov 20 00:35:38 GMT 2024","passed","Wed Nov 20 00:35:38 GMT 2024","","HYPERON-EXPERIMENTAL-SCRIPTS","HYPERON-EXPERIMENTAL-SCRIPTS",""
"","2","HYPERPOSE.06","","Wed Nov 20 00:41:08 GMT 2024","passed","Wed Nov 20 00:41:08 GMT 2024","","METTA-MORPH-TESTS","METTA-MORPH-TESTS",""
"","3","MULTIFUNCTION.01","","Wed Nov 20 00:41:08 GMT 2024","passed","Wed Nov 20 00:41:08 GMT 2024","","METTA-MORPH-TESTS","METTA-MORPH-TESTS",""
"","5000","loop-checks.06_loop_1","","Wed Nov 20 00:35:33 GMT 2024","passed","Wed Nov 20 00:35:38 GMT 2024","","WHOLE-TESTS","WHOLE-TESTS",""
"","95","TRUTHVALUETEST.09","","Wed Nov 20 01:16:08 GMT 2024","passed","Wed Nov 20 01:16:08 GMT 2024","","TRUTHVALUE","TRUTHVALUE",""
"","4000","common.EqualityTypeTest","","Wed Nov 20 00:35:33 GMT 2024","passed","Wed Nov 20 00:35:37 GMT 2024","","WHOLE-TESTS","WHOLE-TESTS",""
"","972","TESTS2.03","","Wed Nov 20 00:45:49 GMT 2024","failed","Wed Nov 20 00:45:49 GMT 2024","","MAIN-BRANCH","MAIN-BRANCH",""
"","2","TYPE-PROP.81","","Wed Nov 20 01:11:15 GMT 2024","passed","Wed Nov 20 01:11:15 GMT 2024","","CHECK-TYPES-TEMP","CHECK-TYPES-TEMP",""
"","2","TMPMATCH2.04","","Wed Nov 20 01:48:28 GMT 2024","passed","Wed Nov 20 01:48:28 GMT 2024","","WALK-THRU","WALK-THRU",""
"","4000","hyperon-experimental_scripts.f1_imports","","Wed Nov 20 00:35:33 GMT 2024","passed","Wed Nov 20 00:35:37 GMT 2024","","WHOLE-TESTS","WHOLE-TESTS",""
"","1178","TESTS1-PRE.02","","Wed Nov 20 00:45:49 GMT 2024","failed","Wed Nov 20 00:45:50 GMT 2024","","MAIN-BRANCH","MAIN-BRANCH",""
"","302","PROB-DEP-TYPES.08","","Wed Nov 20 01:03:22 GMT 2024","failed","Wed Nov 20 01:03:22 GMT 2024","","PROB-DEP-TYPES","PROB-DEP-TYPES",""
"","2","PREREQS.05","","Wed Nov 20 00:45:49 GMT 2024","passed","Wed Nov 20 00:45:49 GMT 2024","","MAIN-BRANCH","MAIN-BRANCH",""
"","3","B5-TYPES-PRELIM.07","","Wed Nov 20 00:35:38 GMT 2024","passed","Wed Nov 20 00:35:38 GMT 2024","","HYPERON-EXPERIMENTAL-SCRIPTS","HYPERON-EXPERIMENTAL-SCRIPTS",""
"","3","TESTS0.04","","Wed Nov 20 01:43:09 GMT 2024","passed","Wed Nov 20 01:43:09 GMT 2024","","PREV","PREV",""
"","2","BASIC.11","","Wed Nov 20 01:08:32 GMT 2024","passed","Wed Nov 20 01:08:32 GMT 2024","","TRAVERSER","TRAVERSER",""
"","2","TYPE-PROP.36","","Wed Nov 20 01:11:15 GMT 2024","passed","Wed Nov 20 01:11:15 GMT 2024","","CHECK-TYPES-TEMP","CHECK-TYPES-TEMP",""
"","253","SYNTHESIZE-VIA-LET-TEST.05","","Wed Nov 20 01:26:05 GMT 2024","failed","Wed Nov 20 01:26:05 GMT 2024","","EXPERIMENTS","EXPERIMENTS",""
"","2","00A-LANG-COMPILED-CASE.09","","Wed Nov 20 01:47:02 GMT 2024","passed","Wed Nov 20 01:47:02 GMT 2024","","DIRECT-COMP","DIRECT-COMP",""
"","548","TMPMATCH2.05","","Wed Nov 20 01:48:28 GMT 2024","passed","Wed Nov 20 01:48:28 GMT 2024","","WALK-THRU","WALK-THRU",""
"","47","STDLIB-METTALOG-TEST-PT2.13","","Wed Nov 20 00:54:39 GMT 2024","failed","Wed Nov 20 00:54:39 GMT 2024","","STDLIB-METTALOG","STDLIB-METTALOG",""
"","2","BASIC.07","","Wed Nov 20 01:08:32 GMT 2024","passed","Wed Nov 20 01:08:32 GMT 2024","","TRAVERSER","TRAVERSER",""
"","3","PLN-STV.02","","Wed Nov 20 00:50:19 GMT 2024","passed","Wed Nov 20 00:50:19 GMT 2024","","CHAINING","CHAINING",""
"","2","CHAPTER-1-1.08","","Wed Nov 20 00:54:49 GMT 2024","passed","Wed Nov 20 00:54:49 GMT 2024","","SICP-BOOK","SICP-BOOK",""
"","2","STDLIB-METTALOG-TEST-PT2.40","","Wed Nov 20 00:54:39 GMT 2024","passed","Wed Nov 20 00:54:39 GMT 2024","","STDLIB-METTALOG","STDLIB-METTALOG",""
"","2","FC-XP.27","","Wed Nov 20 01:18:18 GMT 2024","passed","Wed Nov 20 01:18:18 GMT 2024","","FORWARD-CHAINING","FORWARD-CHAINING",""
"","2","TESTS3.01","","Wed Nov 20 00:45:49 GMT 2024","passed","Wed Nov 20 00:45:49 GMT 2024","","MAIN-BRANCH","MAIN-BRANCH",""
"","2","ADD-REMOVE-MATCH-STRINGS.15","","Wed Nov 20 00:52:35 GMT 2024","passed","Wed Nov 20 00:52:35 GMT 2024","","SPACES","SPACES",""
"","5","CHAPTER-1-3.03","","Wed Nov 20 00:54:49 GMT 2024","passed","Wed Nov 20 00:54:49 GMT 2024","","SICP-BOOK","SICP-BOOK",""
"","2","TMPMATCH2.01","","Wed Nov 20 00:43:12 GMT 2024","passed","Wed Nov 20 00:43:12 GMT 2024","","ANTI-REGRESSION","ANTI-REGRESSION",""
"","2","TEST-IF-CLOSED.03","","Wed Nov 20 00:43:12 GMT 2024","passed","Wed Nov 20 00:43:12 GMT 2024","","ANTI-REGRESSION","ANTI-REGRESSION",""
"","209","INF-CTL-MONTH-XP.13","","Wed Nov 20 01:19:32 GMT 2024","failed","Wed Nov 20 01:19:32 GMT 2024","","INFERENCE-CONTROL","INFERENCE-CONTROL",""
"","3","HYPERON-EXPERIMENTAL-ISSUE-516-REDDUCED.02","","Wed Nov 20 01:51:44 GMT 2024","passed","Wed Nov 20 01:51:44 GMT 2024","","DEBUGGING","DEBUGGING",""
"","104","ADD-REMOVE-MATCH-MIX-FLOAT-INTEGER.27","","Wed Nov 20 00:52:35 GMT 2024","failed","Wed Nov 20 00:52:35 GMT 2024","","SPACES","SPACES",""
"","11","CHAPTER-2-4.20","","Wed Nov 20 00:54:49 GMT 2024","failed","Wed Nov 20 00:54:49 GMT 2024","","SICP-BOOK","SICP-BOOK",""
"","79","BASE-TEST-REPR-PARSE-INTERSECTION.02","","Wed Nov 20 00:37:14 GMT 2024","passed","Wed Nov 20 00:37:14 GMT 2024","","HYPERON-METTALOG-SANITY","HYPERON-METTALOG-SANITY",""
"","2","F1-IMPORTS.06","","Wed Nov 20 00:45:22 GMT 2024","passed","Wed Nov 20 00:45:22 GMT 2024","","QUICK","QUICK",""
"","1","BACKWARD-CHAINER-XP.36","","Wed Nov 20 01:15:26 GMT 2024","passed","Wed Nov 20 01:15:26 GMT 2024","","BACKWARD-CHAINER","BACKWARD-CHAINER",""
"","2","D1-GADT.12","","Wed Nov 20 00:45:22 GMT 2024","passed","Wed Nov 20 00:45:22 GMT 2024","","QUICK","QUICK",""
"","2","D2-HIGHERFUNC.06","","Wed Nov 20 01:11:36 GMT 2024","passed","Wed Nov 20 01:11:36 GMT 2024","","CHECK-TYPES","CHECK-TYPES",""
"","106","MEMB.01","","Wed Nov 20 01:02:45 GMT 2024","failed","Wed Nov 20 01:02:45 GMT 2024","","LOGIC","LOGIC",""
"","2","ADD-REMOVE-MATCH-INTEGER.15","","Wed Nov 20 00:52:35 GMT 2024","passed","Wed Nov 20 00:52:35 GMT 2024","","SPACES","SPACES",""
"","2","DEBUG-METTALOGTESTCURRIED.08","","Wed Nov 20 01:48:28 GMT 2024","passed","Wed Nov 20 01:48:28 GMT 2024","","WALK-THRU","WALK-THRU",""
"","112","TYPE-PROP.73","","Wed Nov 20 01:11:15 GMT 2024","failed","Wed Nov 20 01:11:15 GMT 2024","","CHECK-TYPES-TEMP","CHECK-TYPES-TEMP",""
"","3","FORWARD-CHAINER-XP.10","","Wed Nov 20 01:18:08 GMT 2024","passed","Wed Nov 20 01:18:08 GMT 2024","","FORWARD-CHAINER","FORWARD-CHAINER",""
"","2","LISTTEST.06","","Wed Nov 20 01:15:41 GMT 2024","passed","Wed Nov 20 01:15:41 GMT 2024","","COMMON","COMMON",""
"","1","ADD-REMOVE-MATCH-S-SYMBOLS.12","","Wed Nov 20 00:52:35 GMT 2024","passed","Wed Nov 20 00:52:35 GMT 2024","","SPACES","SPACES",""
"","83","05-MATCH-SUPERPOSE-ELEMENT-LIKE-SPACE.03","","Wed Nov 20 01:51:39 GMT 2024","failed","Wed Nov 20 01:51:39 GMT 2024","","CONTAINERS-ARE-SPACES","CONTAINERS-ARE-SPACES",""
"","2","XOR-TEST.09","","Wed Nov 20 00:37:14 GMT 2024","passed","Wed Nov 20 00:37:14 GMT 2024","","HYPERON-METTALOG-SANITY","HYPERON-METTALOG-SANITY",""
"","278","IBC-XP.29","","Wed Nov 20 01:21:33 GMT 2024","passed","Wed Nov 20 01:21:33 GMT 2024","","ITERATIVE-CHAINING","ITERATIVE-CHAINING",""
"","1588","SELF-CONTAINED-SYNTHESIZE.09","","Wed Nov 20 01:26:05 GMT 2024","failed","Wed Nov 20 01:26:06 GMT 2024","","EXPERIMENTS","EXPERIMENTS",""
"","2","TEST-IF-CLOSED.04","","Wed Nov 20 01:48:28 GMT 2024","passed","Wed Nov 20 01:48:28 GMT 2024","","WALK-THRU","WALK-THRU",""
"","2","D2-HIGHERFUNC.27","","Wed Nov 20 01:11:36 GMT 2024","passed","Wed Nov 20 01:11:36 GMT 2024","","CHECK-TYPES","CHECK-TYPES",""
"","2","00A-LANG-COMPILED-CASE.02","","Wed Nov 20 01:47:02 GMT 2024","passed","Wed Nov 20 01:47:02 GMT 2024","","DIRECT-COMP","DIRECT-COMP",""
"","5","ADD-REMOVE-MATCH-MIX-FLOAT-INTEGER.29","","Wed Nov 20 00:52:35 GMT 2024","passed","Wed Nov 20 00:52:35 GMT 2024","","SPACES","SPACES",""
"","3","IMPLICATIONDIRECTINTRODUCTIONDTLTEST.12","","Wed Nov 20 01:14:18 GMT 2024","passed","Wed Nov 20 01:14:18 GMT 2024","","DEPENDENT-TYPES","DEPENDENT-TYPES",""
"","2","UNIFY-VIA-CASE.05","","Wed Nov 20 01:26:05 GMT 2024","passed","Wed Nov 20 01:26:05 GMT 2024","","EXPERIMENTS","EXPERIMENTS",""
"","4000","distributed-processing.create-server","","Wed Nov 20 00:35:33 GMT 2024","passed","Wed Nov 20 00:35:37 GMT 2024","","WHOLE-TESTS","WHOLE-TESTS",""
"","2","INF-CTL-MONTH-BC-CONT-XP.09","","Wed Nov 20 01:19:32 GMT 2024","passed","Wed Nov 20 01:19:32 GMT 2024","","INFERENCE-CONTROL","INFERENCE-CONTROL",""
"","81","PREREQS.08","","Wed Nov 20 00:45:49 GMT 2024","failed","Wed Nov 20 00:45:49 GMT 2024","","MAIN-BRANCH","MAIN-BRANCH",""
"","112","SYNTHESIZE-VIA-UNIFY-TEST-LONGER.01","","Wed Nov 20 01:26:05 GMT 2024","passed","Wed Nov 20 01:26:05 GMT 2024","","EXPERIMENTS","EXPERIMENTS",""
"","40000","combinator-calculi.tree","","Wed Nov 20 00:35:33 GMT 2024","failed","Wed Nov 20 00:36:13 GMT 2024","","WHOLE-TESTS","WHOLE-TESTS",""
"","4000","curried-chaining.curried-chainer","","Wed Nov 20 00:35:33 GMT 2024","passed","Wed Nov 20 00:35:37 GMT 2024","","WHOLE-TESTS","WHOLE-TESTS",""
"","4000","equal.DeductionEqualTest","","Wed Nov 20 00:35:33 GMT 2024","passed","Wed Nov 20 00:35:37 GMT 2024","","WHOLE-TESTS","WHOLE-TESTS",""
"","3","IFC-XP.35","","Wed Nov 20 01:21:33 GMT 2024","passed","Wed Nov 20 01:21:33 GMT 2024","","ITERATIVE-CHAINING","ITERATIVE-CHAINING",""
"","2","PREREQS.04","","Wed Nov 20 00:45:49 GMT 2024","passed","Wed Nov 20 00:45:49 GMT 2024","","MAIN-BRANCH","MAIN-BRANCH",""
"","2","METTALOGTESTCURRIED2.05","","Wed Nov 20 01:48:28 GMT 2024","passed","Wed Nov 20 01:48:28 GMT 2024","","WALK-THRU","WALK-THRU",""
"","3","INF-CTL-MONTH-XP.05","","Wed Nov 20 01:19:32 GMT 2024","passed","Wed Nov 20 01:19:32 GMT 2024","","INFERENCE-CONTROL","INFERENCE-CONTROL",""
"","1","F1-IMPORTS.16","","Wed Nov 20 00:35:29 GMT 2024","passed","Wed Nov 20 00:35:29 GMT 2024","","MODULE-SYSTEM","MODULE-SYSTEM",""
"","3","MATCH-SUPERPOSED-SPACES.01","","Wed Nov 20 00:41:08 GMT 2024","passed","Wed Nov 20 00:41:08 GMT 2024","","METTA-MORPH-TESTS","METTA-MORPH-TESTS",""
"","2","TESTS0.05","","Wed Nov 20 00:41:08 GMT 2024","passed","Wed Nov 20 00:41:08 GMT 2024","","METTA-MORPH-TESTS","METTA-MORPH-TESTS",""
"","498","TESTS0.02","","Wed Nov 20 00:45:49 GMT 2024","failed","Wed Nov 20 00:45:49 GMT 2024","","MAIN-BRANCH","MAIN-BRANCH",""
"","3","E2-STATES.01","","Wed Nov 20 00:35:38 GMT 2024","passed","Wed Nov 20 00:35:38 GMT 2024","","HYPERON-EXPERIMENTAL-SCRIPTS","HYPERON-EXPERIMENTAL-SCRIPTS",""
"","3","INTERSECTION-TESTS.01","","Wed Nov 20 00:37:14 GMT 2024","passed","Wed Nov 20 00:37:14 GMT 2024","","HYPERON-METTALOG-SANITY","HYPERON-METTALOG-SANITY",""
"","3","FC-XP.11","","Wed Nov 20 01:18:18 GMT 2024","passed","Wed Nov 20 01:18:18 GMT 2024","","FORWARD-CHAINING","FORWARD-CHAINING",""
"","1173","SYNTHESIZE-VIA-CASE-TEST.06","","Wed Nov 20 01:26:05 GMT 2024","failed","Wed Nov 20 01:26:06 GMT 2024","","EXPERIMENTS","EXPERIMENTS",""
"","3","STRING-TESTS.02","","Wed Nov 20 00:37:14 GMT 2024","passed","Wed Nov 20 00:37:14 GMT 2024","","HYPERON-METTALOG-SANITY","HYPERON-METTALOG-SANITY",""
"","1099","RED-BLACK.03","","Wed Nov 20 01:06:56 GMT 2024","passed","Wed Nov 20 01:06:57 GMT 2024","","RED-BLACK-LAMBDA","RED-BLACK-LAMBDA",""
"","3","TESTS0.05","","Wed Nov 20 01:35:21 GMT 2024","passed","Wed Nov 20 01:35:21 GMT 2024","","NARS-V0","NARS-V0",""
"","209","SYNTHESIZE-VIA-UNIFY-TEST.04","","Wed Nov 20 01:26:05 GMT 2024","failed","Wed Nov 20 01:26:05 GMT 2024","","EXPERIMENTS","EXPERIMENTS",""
"","1091","PLLM-PENNTREE.04","","Wed Nov 20 02:09:34 GMT 2024","passed","Wed Nov 20 02:09:35 GMT 2024","","LANGUAGE-MODELS","LANGUAGE-MODELS",""
"","484","PROB-DEP-TYPES.10","","Wed Nov 20 01:03:22 GMT 2024","failed","Wed Nov 20 01:03:22 GMT 2024","","PROB-DEP-TYPES","PROB-DEP-TYPES",""
"","3","TESTS2.01","","Wed Nov 20 00:45:49 GMT 2024","passed","Wed Nov 20 00:45:49 GMT 2024","","MAIN-BRANCH","MAIN-BRANCH",""
"","376","INF-CTL-XP.07","","Wed Nov 20 01:19:32 GMT 2024","passed","Wed Nov 20 01:19:32 GMT 2024","","INFERENCE-CONTROL","INFERENCE-CONTROL",""
"","5000","backward-chainer.backward-chainer-xp","","Wed Nov 20 00:35:33 GMT 2024","passed","Wed Nov 20 00:35:38 GMT 2024","","WHOLE-TESTS","WHOLE-TESTS",""
"","74","PATHFINDING-EASY.01","","Wed Nov 20 01:57:00 GMT 2024","failed","Wed Nov 20 01:57:00 GMT 2024","","BASIC","BASIC",""
"","26","SHOW-TYPE.09","","Wed Nov 20 00:52:21 GMT 2024","passed","Wed Nov 20 00:52:21 GMT 2024","","INTROSPECT","INTROSPECT",""
"","39000","hol.NatSimpleTest","","Wed Nov 20 00:35:33 GMT 2024","passed","Wed Nov 20 00:36:12 GMT 2024","","WHOLE-TESTS","WHOLE-TESTS",""
"","2","D2-HIGHERFUNC.19","","Wed Nov 20 01:11:36 GMT 2024","passed","Wed Nov 20 01:11:36 GMT 2024","","CHECK-TYPES","CHECK-TYPES",""
"","5000","hol.NatTest","","Wed Nov 20 00:35:33 GMT 2024","passed","Wed Nov 20 00:35:38 GMT 2024","","WHOLE-TESTS","WHOLE-TESTS",""
"","2","F1-IMPORTS.15","","Wed Nov 20 00:45:22 GMT 2024","passed","Wed Nov 20 00:45:22 GMT 2024","","QUICK","QUICK",""
"","2","C1-GROUNDED-BASIC.04","","Wed Nov 20 00:45:22 GMT 2024","passed","Wed Nov 20 00:45:22 GMT 2024","","QUICK","QUICK",""
"","152","INF-ORDER-PROBS.01","","Wed Nov 20 01:03:22 GMT 2024","passed","Wed Nov 20 01:03:22 GMT 2024","","PROB-DEP-TYPES","PROB-DEP-TYPES",""
"","329","BASIC.04","","Wed Nov 20 01:08:32 GMT 2024","passed","Wed Nov 20 01:08:32 GMT 2024","","TRAVERSER","TRAVERSER",""
"","1","F1-MODULEA.09","","Wed Nov 20 00:45:22 GMT 2024","passed","Wed Nov 20 00:45:22 GMT 2024","","QUICK","QUICK",""
"","1","KEY-LOOKUPS-MANY.05","","Wed Nov 20 01:57:00 GMT 2024","passed","Wed Nov 20 01:57:00 GMT 2024","","BASIC","BASIC",""
"","2","LISTTEST.05","","Wed Nov 20 01:15:41 GMT 2024","passed","Wed Nov 20 01:15:41 GMT 2024","","COMMON","COMMON",""
"","3","E2-STATES.12","","Wed Nov 20 00:35:38 GMT 2024","passed","Wed Nov 20 00:35:38 GMT 2024","","HYPERON-EXPERIMENTAL-SCRIPTS","HYPERON-EXPERIMENTAL-SCRIPTS",""
"","5000","hol.NatDTLTest","","Wed Nov 20 00:35:33 GMT 2024","passed","Wed Nov 20 00:35:38 GMT 2024","","WHOLE-TESTS","WHOLE-TESTS",""
"","109","B5-TYPES-PRELIM.08","","Wed Nov 20 01:11:15 GMT 2024","failed","Wed Nov 20 01:11:15 GMT 2024","","CHECK-TYPES-TEMP","CHECK-TYPES-TEMP",""
"","85","HYPERON-EXPERIMENTAL-ISSUE-492.01","","Wed Nov 20 01:51:44 GMT 2024","failed","Wed Nov 20 01:51:44 GMT 2024","","DEBUGGING","DEBUGGING",""
"","2","ADD-REMOVE-MATCH-INTEGER.21","","Wed Nov 20 00:52:35 GMT 2024","passed","Wed Nov 20 00:52:35 GMT 2024","","SPACES","SPACES",""
"","1235","PLLM-PENNTREE.05","","Wed Nov 20 02:09:34 GMT 2024","passed","Wed Nov 20 02:09:35 GMT 2024","","LANGUAGE-MODELS","LANGUAGE-MODELS",""
"","40000","basic.coins","","Wed Nov 20 00:35:33 GMT 2024","failed","Wed Nov 20 00:36:13 GMT 2024","","WHOLE-TESTS","WHOLE-TESTS",""
"","40000","dependent-types.DeductionImplicationDirectIntroductionDTLTest","","Wed Nov 20 00:35:33 GMT 2024","failed","Wed Nov 20 00:36:13 GMT 2024","","WHOLE-TESTS","WHOLE-TESTS",""
"","2","STRING-TESTS.07","","Wed Nov 20 00:37:14 GMT 2024","passed","Wed Nov 20 00:37:14 GMT 2024","","HYPERON-METTALOG-SANITY","HYPERON-METTALOG-SANITY",""
"","44","IFC-XP.01","","Wed Nov 20 01:21:33 GMT 2024","failed","Wed Nov 20 01:21:33 GMT 2024","","ITERATIVE-CHAINING","ITERATIVE-CHAINING",""
"","3","CHAPTER-1-1.01","","Wed Nov 20 00:54:49 GMT 2024","passed","Wed Nov 20 00:54:49 GMT 2024","","SICP-BOOK","SICP-BOOK",""
"","3","D4-TYPE-PROP.12","","Wed Nov 20 01:11:36 GMT 2024","passed","Wed Nov 20 01:11:36 GMT 2024","","CHECK-TYPES","CHECK-TYPES",""
"","2","E2-STATES.03","","Wed Nov 20 00:35:38 GMT 2024","passed","Wed Nov 20 00:35:38 GMT 2024","","HYPERON-EXPERIMENTAL-SCRIPTS","HYPERON-EXPERIMENTAL-SCRIPTS",""
"","3","STATE-TYPES.11","","Wed Nov 20 01:57:00 GMT 2024","passed","Wed Nov 20 01:57:00 GMT 2024","","BASIC","BASIC",""
"","2","XOR-TEST.07","","Wed Nov 20 00:37:14 GMT 2024","passed","Wed Nov 20 00:37:14 GMT 2024","","HYPERON-METTALOG-SANITY","HYPERON-METTALOG-SANITY",""
"","3","SEALED-TEST.10","","Wed Nov 20 00:37:14 GMT 2024","passed","Wed Nov 20 00:37:14 GMT 2024","","HYPERON-METTALOG-SANITY","HYPERON-METTALOG-SANITY",""
"","2","D2-HIGHERFUNC.01","","Wed Nov 20 00:45:22 GMT 2024","passed","Wed Nov 20 00:45:22 GMT 2024","","QUICK","QUICK",""
"","2","NONDETERM.03","","Wed Nov 20 00:53:17 GMT 2024","passed","Wed Nov 20 00:53:17 GMT 2024","","STD","STD",""
"","4000","chaining.parent_go_1_comp","","Wed Nov 20 00:35:33 GMT 2024","passed","Wed Nov 20 00:35:37 GMT 2024","","WHOLE-TESTS","WHOLE-TESTS",""
"","2","B5-TYPES-PRELIM.23","","Wed Nov 20 01:11:15 GMT 2024","passed","Wed Nov 20 01:11:15 GMT 2024","","CHECK-TYPES-TEMP","CHECK-TYPES-TEMP",""
"","2","INF-CTL-MONTH-XP-SHORT-3.03","","Wed Nov 20 02:03:20 GMT 2024","passed","Wed Nov 20 02:03:20 GMT 2024","","COMPARISONS","COMPARISONS",""
"","3","FORWARD-CHAINER-XP.27","","Wed Nov 20 01:18:08 GMT 2024","passed","Wed Nov 20 01:18:08 GMT 2024","","FORWARD-CHAINER","FORWARD-CHAINER",""
"","4","TESTS0.03","","Wed Nov 20 00:41:08 GMT 2024","passed","Wed Nov 20 00:41:08 GMT 2024","","METTA-MORPH-TESTS","METTA-MORPH-TESTS",""
"","45","TREE.02","","Wed Nov 20 01:00:07 GMT 2024","failed","Wed Nov 20 01:00:07 GMT 2024","","COMBINATOR-CALCULI","COMBINATOR-CALCULI",""
"","6","SUBTYPING-TEST.06","","Wed Nov 20 01:24:18 GMT 2024","passed","Wed Nov 20 01:24:18 GMT 2024","","SUBTYPING","SUBTYPING",""
"","5000","anti-regression.tmpMatch1","","Wed Nov 20 00:35:33 GMT 2024","passed","Wed Nov 20 00:35:38 GMT 2024","","WHOLE-TESTS","WHOLE-TESTS",""
"","4","IMPLICATIONDIRECTINTRODUCTIONDTLTEST.08","","Wed Nov 20 01:14:18 GMT 2024","passed","Wed Nov 20 01:14:18 GMT 2024","","DEPENDENT-TYPES","DEPENDENT-TYPES",""
"","2","ADD-REMOVE-MATCH-S-STRINGS.15","","Wed Nov 20 00:52:35 GMT 2024","passed","Wed Nov 20 00:52:35 GMT 2024","","SPACES","SPACES",""
"","2","NATSTANDALONETEST.03","","Wed Nov 20 01:18:23 GMT 2024","passed","Wed Nov 20 01:18:23 GMT 2024","","HOL","HOL",""
"","7000","comparisons.nils_if_control_test_5","","Wed Nov 20 00:35:33 GMT 2024","passed","Wed Nov 20 00:35:40 GMT 2024","","WHOLE-TESTS","WHOLE-TESTS",""
"","244","DEDUCTIONIMPLICATIONDIRECTINTRODUCTIONDTLTEST.04","","Wed Nov 20 01:14:18 GMT 2024","passed","Wed Nov 20 01:14:18 GMT 2024","","DEPENDENT-TYPES","DEPENDENT-TYPES",""
"","41000","SICP_book.chapter_1_3_2","","Wed Nov 20 00:35:33 GMT 2024","failed","Wed Nov 20 00:36:14 GMT 2024","","WHOLE-TESTS","WHOLE-TESTS",""
"","2","ADD-REMOVE-MATCH-INTEGER.04","","Wed Nov 20 00:52:35 GMT 2024","passed","Wed Nov 20 00:52:35 GMT 2024","","SPACES","SPACES",""
"","4000","debugging.hyperon_experimental_issue_516_redduced","","Wed Nov 20 00:35:33 GMT 2024","passed","Wed Nov 20 00:35:37 GMT 2024","","WHOLE-TESTS","WHOLE-TESTS",""
"","2","PC-XP.14","","Wed Nov 20 01:24:14 GMT 2024","passed","Wed Nov 20 01:24:14 GMT 2024","","POLYWARD-CHAINING","POLYWARD-CHAINING",""
"","3","IBC-XP.09","","Wed Nov 20 01:21:33 GMT 2024","passed","Wed Nov 20 01:21:33 GMT 2024","","ITERATIVE-CHAINING","ITERATIVE-CHAINING",""
"","23000","comparisons.nils_if_control_test_6","","Wed Nov 20 00:35:33 GMT 2024","passed","Wed Nov 20 00:35:56 GMT 2024","","WHOLE-TESTS","WHOLE-TESTS",""
"","2","ADD-REMOVE-MATCH-MIX-FLOAT-INTEGER.17","","Wed Nov 20 00:52:35 GMT 2024","passed","Wed Nov 20 00:52:35 GMT 2024","","SPACES","SPACES",""
"","2","ADD-REMOVE-MATCH-INTEGER.18","","Wed Nov 20 00:52:35 GMT 2024","passed","Wed Nov 20 00:52:35 GMT 2024","","SPACES","SPACES",""
"","5000","hyperon-mettalog_sanity.structure-tests","","Wed Nov 20 00:35:33 GMT 2024","passed","Wed Nov 20 00:35:38 GMT 2024","","WHOLE-TESTS","WHOLE-TESTS",""
"","3","NILS-IF-CONTROL-TEST-3.02","","Wed Nov 20 02:03:20 GMT 2024","passed","Wed Nov 20 02:03:20 GMT 2024","","COMPARISONS","COMPARISONS",""
"","132","ADD-ATOM-NAIVE-FIB.09","","Wed Nov 20 02:03:20 GMT 2024","passed","Wed Nov 20 02:03:20 GMT 2024","","COMPARISONS","COMPARISONS",""
"","3","TEST-INFER-FUNCTION-APPLICATION-TYPE.01","","Wed Nov 20 01:57:00 GMT 2024","passed","Wed Nov 20 01:57:00 GMT 2024","","BASIC","BASIC",""
"","2","BC-XP.23","","Wed Nov 20 01:15:32 GMT 2024","passed","Wed Nov 20 01:15:32 GMT 2024","","BACKWARD-CHAINING","BACKWARD-CHAINING",""
"","2","UNIFY-VIA-LET.04","","Wed Nov 20 01:26:05 GMT 2024","passed","Wed Nov 20 01:26:05 GMT 2024","","EXPERIMENTS","EXPERIMENTS",""
"","1","D4-TYPE-PROP.19","","Wed Nov 20 01:11:36 GMT 2024","passed","Wed Nov 20 01:11:36 GMT 2024","","CHECK-TYPES","CHECK-TYPES",""
"","1","CML-UNSHARED.07","","Wed Nov 20 01:57:00 GMT 2024","passed","Wed Nov 20 01:57:00 GMT 2024","","BASIC","BASIC",""
"","126","JOHN-CARRY-FLOWER-TEST.03","","Wed Nov 20 01:24:59 GMT 2024","passed","Wed Nov 20 01:24:59 GMT 2024","","JOHN-CARRY-FLOWER","JOHN-CARRY-FLOWER",""
"","2","B2-BACKCHAIN.03","","Wed Nov 20 00:35:38 GMT 2024","passed","Wed Nov 20 00:35:38 GMT 2024","","HYPERON-EXPERIMENTAL-SCRIPTS","HYPERON-EXPERIMENTAL-SCRIPTS",""
"","2","C1-GROUNDED-BASIC.11","","Wed Nov 20 00:45:22 GMT 2024","passed","Wed Nov 20 00:45:22 GMT 2024","","QUICK","QUICK",""
"","2","SYNTHESIZE-VIA-SUPERPOSE.02","","Wed Nov 20 01:26:05 GMT 2024","passed","Wed Nov 20 01:26:05 GMT 2024","","EXPERIMENTS","EXPERIMENTS",""
"","2","OR-TEST.15","","Wed Nov 20 00:37:14 GMT 2024","passed","Wed Nov 20 00:37:14 GMT 2024","","HYPERON-METTALOG-SANITY","HYPERON-METTALOG-SANITY",""
"","3","NATPARITYTEST.01","","Wed Nov 20 01:18:23 GMT 2024","passed","Wed Nov 20 01:18:23 GMT 2024","","HOL","HOL",""
"","6000","chaining.v2-pln-xp-easy-impl","","Wed Nov 20 00:35:33 GMT 2024","passed","Wed Nov 20 00:35:39 GMT 2024","","WHOLE-TESTS","WHOLE-TESTS",""
"","2","00-LANG-CASE.15","","Wed Nov 20 00:37:14 GMT 2024","passed","Wed Nov 20 00:37:14 GMT 2024","","HYPERON-METTALOG-SANITY","HYPERON-METTALOG-SANITY",""
"","2","CURRIED-CHAINER.01","","Wed Nov 20 01:16:18 GMT 2024","passed","Wed Nov 20 01:16:18 GMT 2024","","CURRIED-CHAINING","CURRIED-CHAINING",""
"","140","SPACE-INTERSECTION-TESTS.07","","Wed Nov 20 00:37:14 GMT 2024","failed","Wed Nov 20 00:37:14 GMT 2024","","HYPERON-METTALOG-SANITY","HYPERON-METTALOG-SANITY",""
"","2","D2-HIGHERFUNC.19","","Wed Nov 20 00:45:22 GMT 2024","passed","Wed Nov 20 00:45:22 GMT 2024","","QUICK","QUICK",""
"","2","E2-STATES.09","","Wed Nov 20 01:11:36 GMT 2024","passed","Wed Nov 20 01:11:36 GMT 2024","","CHECK-TYPES","CHECK-TYPES",""
"","74","00A-LANG-COMPILED-CASE.08","","Wed Nov 20 01:47:02 GMT 2024","passed","Wed Nov 20 01:47:02 GMT 2024","","DIRECT-COMP","DIRECT-COMP",""
"","3","IFC-XP.38","","Wed Nov 20 01:21:33 GMT 2024","passed","Wed Nov 20 01:21:33 GMT 2024","","ITERATIVE-CHAINING","ITERATIVE-CHAINING",""
"","353","PROB-DEP-TYPES.07","","Wed Nov 20 01:03:22 GMT 2024","failed","Wed Nov 20 01:03:22 GMT 2024","","PROB-DEP-TYPES","PROB-DEP-TYPES",""
"","134","INTERPRETER.01","","Wed Nov 20 01:07:03 GMT 2024","failed","Wed Nov 20 01:07:03 GMT 2024","","STACK-BASED","STACK-BASED",""
"","43","FC-XP.13","","Wed Nov 20 01:18:18 GMT 2024","failed","Wed Nov 20 01:18:18 GMT 2024","","FORWARD-CHAINING","FORWARD-CHAINING",""
"","6000","nars_extras.RUN_minnars","","Wed Nov 20 00:35:33 GMT 2024","passed","Wed Nov 20 00:35:39 GMT 2024","","WHOLE-TESTS","WHOLE-TESTS",""
"","2","IBC-XP.25","","Wed Nov 20 01:21:33 GMT 2024","passed","Wed Nov 20 01:21:33 GMT 2024","","ITERATIVE-CHAINING","ITERATIVE-CHAINING",""
"","21","ADD-REMOVE-MATCH-SS-STRINGS.09","","Wed Nov 20 00:52:35 GMT 2024","passed","Wed Nov 20 00:52:35 GMT 2024","","SPACES","SPACES",""
"","2","ADD-REMOVE-MATCH-INTEGER.37","","Wed Nov 20 00:52:35 GMT 2024","passed","Wed Nov 20 00:52:35 GMT 2024","","SPACES","SPACES",""
"","2","METTALOGTESTCURRIED2.03","","Wed Nov 20 00:43:12 GMT 2024","passed","Wed Nov 20 00:43:12 GMT 2024","","ANTI-REGRESSION","ANTI-REGRESSION",""
"","1","D1-GADT.07","","Wed Nov 20 00:35:38 GMT 2024","passed","Wed Nov 20 00:35:38 GMT 2024","","HYPERON-EXPERIMENTAL-SCRIPTS","HYPERON-EXPERIMENTAL-SCRIPTS",""
"","2","F1-IMPORTS.03","","Wed Nov 20 00:45:22 GMT 2024","passed","Wed Nov 20 00:45:22 GMT 2024","","QUICK","QUICK",""
"","45000","stdlib-mettalog.stdlib_mettalog_test","","Wed Nov 20 00:35:33 GMT 2024","failed","Wed Nov 20 00:36:18 GMT 2024","","WHOLE-TESTS","WHOLE-TESTS",""
"","127","CREATION.01","","Wed Nov 20 01:08:32 GMT 2024","failed","Wed Nov 20 01:08:32 GMT 2024","","TRAVERSER","TRAVERSER",""
"","3","STRING-TESTS.21","","Wed Nov 20 00:37:14 GMT 2024","passed","Wed Nov 20 00:37:14 GMT 2024","","HYPERON-METTALOG-SANITY","HYPERON-METTALOG-SANITY",""
"","4000","metta-morph_tests.types","","Wed Nov 20 00:35:33 GMT 2024","passed","Wed Nov 20 00:35:37 GMT 2024","","WHOLE-TESTS","WHOLE-TESTS",""
"","2","FC-XP.07","","Wed Nov 20 01:18:18 GMT 2024","passed","Wed Nov 20 01:18:18 GMT 2024","","FORWARD-CHAINING","FORWARD-CHAINING",""
"","4000","bidirectional_computation.send-more-money","","Wed Nov 20 00:35:33 GMT 2024","passed","Wed Nov 20 00:35:37 GMT 2024","","WHOLE-TESTS","WHOLE-TESTS",""
"","5000","spaces.add-remove-match-symbols","","Wed Nov 20 00:35:33 GMT 2024","passed","Wed Nov 20 00:35:38 GMT 2024","","WHOLE-TESTS","WHOLE-TESTS",""
"","5000","anti-regression.bchain","","Wed Nov 20 00:35:33 GMT 2024","passed","Wed Nov 20 00:35:38 GMT 2024","","WHOLE-TESTS","WHOLE-TESTS",""
"","2","ADD-REMOVE-MATCH-INTEGER.24","","Wed Nov 20 00:52:35 GMT 2024","passed","Wed Nov 20 00:52:35 GMT 2024","","SPACES","SPACES",""
"","3","UNIQUE-TEST.10","","Wed Nov 20 00:37:14 GMT 2024","passed","Wed Nov 20 00:37:14 GMT 2024","","HYPERON-METTALOG-SANITY","HYPERON-METTALOG-SANITY",""
"","2","C1-GROUNDED-BASIC.17","","Wed Nov 20 00:35:38 GMT 2024","passed","Wed Nov 20 00:35:38 GMT 2024","","HYPERON-EXPERIMENTAL-SCRIPTS","HYPERON-EXPERIMENTAL-SCRIPTS",""
"","2","D1-GADT.02","","Wed Nov 20 00:35:38 GMT 2024","passed","Wed Nov 20 00:35:38 GMT 2024","","HYPERON-EXPERIMENTAL-SCRIPTS","HYPERON-EXPERIMENTAL-SCRIPTS",""
"","2","C1-GROUNDED-BASIC.13","","Wed Nov 20 00:45:22 GMT 2024","passed","Wed Nov 20 00:45:22 GMT 2024","","QUICK","QUICK",""
"","18","NATSTANDALONETEST.11","","Wed Nov 20 01:18:23 GMT 2024","failed","Wed Nov 20 01:18:23 GMT 2024","","HOL","HOL",""
"","5","OR-TEST.07","","Wed Nov 20 00:37:14 GMT 2024","passed","Wed Nov 20 00:37:14 GMT 2024","","HYPERON-METTALOG-SANITY","HYPERON-METTALOG-SANITY",""
"","1110","TRAINING.02","","Wed Nov 20 02:09:34 GMT 2024","passed","Wed Nov 20 02:09:35 GMT 2024","","LANGUAGE-MODELS","LANGUAGE-MODELS",""
"","12","C1-GROUNDED-BASIC.23","","Wed Nov 20 00:35:38 GMT 2024","passed","Wed Nov 20 00:35:38 GMT 2024","","HYPERON-EXPERIMENTAL-SCRIPTS","HYPERON-EXPERIMENTAL-SCRIPTS",""
"","80","NONDETERM.01","","Wed Nov 20 00:53:17 GMT 2024","passed","Wed Nov 20 00:53:17 GMT 2024","","STD","STD",""
"","2","BACKWARD-CHAINER-XP.08","","Wed Nov 20 01:15:26 GMT 2024","passed","Wed Nov 20 01:15:26 GMT 2024","","BACKWARD-CHAINER","BACKWARD-CHAINER",""
"","5","NUMTEST.02","","Wed Nov 20 01:15:41 GMT 2024","passed","Wed Nov 20 01:15:41 GMT 2024","","COMMON","COMMON",""
"","6000","perfect-numbers.basic","","Wed Nov 20 00:35:33 GMT 2024","passed","Wed Nov 20 00:35:39 GMT 2024","","WHOLE-TESTS","WHOLE-TESTS",""
"","7000","stdlib-mettalog.stdlib_mettalog_test_pt2","","Wed Nov 20 00:35:33 GMT 2024","passed","Wed Nov 20 00:35:40 GMT 2024","","WHOLE-TESTS","WHOLE-TESTS",""
"","2","D4-TYPE-PROP.20","","Wed Nov 20 01:11:36 GMT 2024","passed","Wed Nov 20 01:11:36 GMT 2024","","CHECK-TYPES","CHECK-TYPES",""
"","2","NATSTANDALONETEST.05","","Wed Nov 20 01:18:23 GMT 2024","passed","Wed Nov 20 01:18:23 GMT 2024","","HOL","HOL",""
"","2","SPACE-INTERSECTION-TESTS.05","","Wed Nov 20 00:37:14 GMT 2024","passed","Wed Nov 20 00:37:14 GMT 2024","","HYPERON-METTALOG-SANITY","HYPERON-METTALOG-SANITY",""
"","2","DEBUG-METTALOGTESTCURRIED.03","","Wed Nov 20 01:48:28 GMT 2024","passed","Wed Nov 20 01:48:28 GMT 2024","","WALK-THRU","WALK-THRU",""
"","813","INF-ORDER-PROBS.07","","Wed Nov 20 01:03:22 GMT 2024","passed","Wed Nov 20 01:03:22 GMT 2024","","PROB-DEP-TYPES","PROB-DEP-TYPES",""
"","2","TYPE-PROP.15","","Wed Nov 20 01:11:15 GMT 2024","passed","Wed Nov 20 01:11:15 GMT 2024","","CHECK-TYPES-TEMP","CHECK-TYPES-TEMP",""
"","2","B5-TYPES-PRELIM.10","","Wed Nov 20 00:35:38 GMT 2024","passed","Wed Nov 20 00:35:38 GMT 2024","","HYPERON-EXPERIMENTAL-SCRIPTS","HYPERON-EXPERIMENTAL-SCRIPTS",""
"","4000","utils.utils-test","","Wed Nov 20 00:35:33 GMT 2024","passed","Wed Nov 20 00:35:37 GMT 2024","","WHOLE-TESTS","WHOLE-TESTS",""
"","66","STDLIB-METTALOG-TEST-PT2.73","","Wed Nov 20 00:54:39 GMT 2024","failed","Wed Nov 20 00:54:39 GMT 2024","","STDLIB-METTALOG","STDLIB-METTALOG",""
"","104","SPACE-INTERSECTION-TESTS.10","","Wed Nov 20 00:37:14 GMT 2024","failed","Wed Nov 20 00:37:14 GMT 2024","","HYPERON-METTALOG-SANITY","HYPERON-METTALOG-SANITY",""
"","1","CHAPTER-1-1.04","","Wed Nov 20 00:54:49 GMT 2024","passed","Wed Nov 20 00:54:49 GMT 2024","","SICP-BOOK","SICP-BOOK",""
"","2","KEY-LOOKUPS-MANY.09","","Wed Nov 20 01:57:00 GMT 2024","passed","Wed Nov 20 01:57:00 GMT 2024","","BASIC","BASIC",""
"","2","C1-GROUNDED-BASIC.10","","Wed Nov 20 00:45:22 GMT 2024","passed","Wed Nov 20 00:45:22 GMT 2024","","QUICK","QUICK",""
"","2","INF-CTL-MONTH-XP-SHORT-3.06","","Wed Nov 20 02:03:20 GMT 2024","passed","Wed Nov 20 02:03:20 GMT 2024","","COMPARISONS","COMPARISONS",""
"","2","D1-GADT.06","","Wed Nov 20 00:45:22 GMT 2024","passed","Wed Nov 20 00:45:22 GMT 2024","","QUICK","QUICK",""
"","2","IMPL-METTALOGTESTCURRIED.10","","Wed Nov 20 01:48:28 GMT 2024","passed","Wed Nov 20 01:48:28 GMT 2024","","WALK-THRU","WALK-THRU",""
"","2","STDLIB-METTALOG-TEST-PT2.50","","Wed Nov 20 00:54:39 GMT 2024","passed","Wed Nov 20 00:54:39 GMT 2024","","STDLIB-METTALOG","STDLIB-METTALOG",""
"","41000","experiments.synthesize-via-unify-test-longer","","Wed Nov 20 00:35:33 GMT 2024","failed","Wed Nov 20 00:36:14 GMT 2024","","WHOLE-TESTS","WHOLE-TESTS",""
"","49","SUBTYPING-TEST.03","","Wed Nov 20 01:24:18 GMT 2024","passed","Wed Nov 20 01:24:18 GMT 2024","","SUBTYPING","SUBTYPING",""
"","5","ADD-REMOVE-MATCH-MIX-FLOAT-INTEGER.30","","Wed Nov 20 00:52:35 GMT 2024","passed","Wed Nov 20 00:52:35 GMT 2024","","SPACES","SPACES",""
"","40000","combinator_logic_experiments.y_comb_examples","","Wed Nov 20 00:35:33 GMT 2024","failed","Wed Nov 20 00:36:13 GMT 2024","","WHOLE-TESTS","WHOLE-TESTS",""
"","2","DEFINE-IF-LIKE.03","","Wed Nov 20 01:47:02 GMT 2024","passed","Wed Nov 20 01:47:02 GMT 2024","","DIRECT-COMP","DIRECT-COMP",""
"","106","TYPES-PRELIM.08","","Wed Nov 20 00:50:19 GMT 2024","failed","Wed Nov 20 00:50:19 GMT 2024","","CHAINING","CHAINING",""
"","3","IFC-XP.15","","Wed Nov 20 01:21:33 GMT 2024","passed","Wed Nov 20 01:21:33 GMT 2024","","ITERATIVE-CHAINING","ITERATIVE-CHAINING",""
"","100","SHOW-TYPE.13","","Wed Nov 20 00:52:21 GMT 2024","failed","Wed Nov 20 00:52:21 GMT 2024","","INTROSPECT","INTROSPECT",""
"","11","IMPLICATIONDIRECTINTRODUCTIONDTLTEST.03","","Wed Nov 20 01:14:18 GMT 2024","passed","Wed Nov 20 01:14:18 GMT 2024","","DEPENDENT-TYPES","DEPENDENT-TYPES",""
"","1","UTILS-TEST.04","","Wed Nov 20 01:15:22 GMT 2024","passed","Wed Nov 20 01:15:22 GMT 2024","","UTILS","UTILS",""
"","5","SORING-VIA-INSERT.01","","Wed Nov 20 01:11:15 GMT 2024","passed","Wed Nov 20 01:11:15 GMT 2024","","CHECK-TYPES-TEMP","CHECK-TYPES-TEMP",""
"","3","METTALOGTESTCURRIED2.01","","Wed Nov 20 01:48:28 GMT 2024","passed","Wed Nov 20 01:48:28 GMT 2024","","WALK-THRU","WALK-THRU",""
"","2","INF-CTL-MONTH-XP-SHORT-3.13","","Wed Nov 20 02:03:20 GMT 2024","passed","Wed Nov 20 02:03:20 GMT 2024","","COMPARISONS","COMPARISONS",""
"","2","ADD-REMOVE-MATCH-S-STRINGS.11","","Wed Nov 20 00:52:35 GMT 2024","passed","Wed Nov 20 00:52:35 GMT 2024","","SPACES","SPACES",""
"","3","COMMA-IS-NOT-SPECIAL.01","","Wed Nov 20 00:43:12 GMT 2024","passed","Wed Nov 20 00:43:12 GMT 2024","","ANTI-REGRESSION","ANTI-REGRESSION",""
"","2","06-MATCH-IN-SPACE.02","","Wed Nov 20 00:37:14 GMT 2024","passed","Wed Nov 20 00:37:14 GMT 2024","","HYPERON-METTALOG-SANITY","HYPERON-METTALOG-SANITY",""
"","249","SYNTHESIZE-VIA-CASE-TEST.10","","Wed Nov 20 01:26:05 GMT 2024","failed","Wed Nov 20 01:26:05 GMT 2024","","EXPERIMENTS","EXPERIMENTS",""
"","6","INF-ORDER-PROBS.10","","Wed Nov 20 01:03:22 GMT 2024","passed","Wed Nov 20 01:03:22 GMT 2024","","PROB-DEP-TYPES","PROB-DEP-TYPES",""
"","5000","spaces.add-remove-match-ss-strings","","Wed Nov 20 00:35:33 GMT 2024","passed","Wed Nov 20 00:35:38 GMT 2024","","WHOLE-TESTS","WHOLE-TESTS",""
"","5000","basic.pathfinding-easy","","Wed Nov 20 00:35:33 GMT 2024","passed","Wed Nov 20 00:35:38 GMT 2024","","WHOLE-TESTS","WHOLE-TESTS",""
"","2","IMPL-METTALOGTESTCURRIED.03","","Wed Nov 20 01:48:28 GMT 2024","passed","Wed Nov 20 01:48:28 GMT 2024","","WALK-THRU","WALK-THRU",""
"","3","LOCATED-TEST.01","","Wed Nov 20 01:25:08 GMT 2024","passed","Wed Nov 20 01:25:08 GMT 2024","","LOCATED","LOCATED",""
"","2","B4-NONDETERM.08","","Wed Nov 20 00:35:38 GMT 2024","passed","Wed Nov 20 00:35:38 GMT 2024","","HYPERON-EXPERIMENTAL-SCRIPTS","HYPERON-EXPERIMENTAL-SCRIPTS",""
"","4000","quick.d4_type_prop","","Wed Nov 20 00:35:33 GMT 2024","passed","Wed Nov 20 00:35:37 GMT 2024","","WHOLE-TESTS","WHOLE-TESTS",""
"","4000","features.intersection_tests","","Wed Nov 20 00:35:33 GMT 2024","passed","Wed Nov 20 00:35:37 GMT 2024","","WHOLE-TESTS","WHOLE-TESTS",""
"","2","D2-HIGHERFUNC.03","","Wed Nov 20 00:45:22 GMT 2024","passed","Wed Nov 20 00:45:22 GMT 2024","","QUICK","QUICK",""
"","77","IMPL-METTALOGTESTCURRIED.09","","Wed Nov 20 01:48:28 GMT 2024","passed","Wed Nov 20 01:48:28 GMT 2024","","WALK-THRU","WALK-THRU",""
"","2","XOR-TEST.03","","Wed Nov 20 00:37:14 GMT 2024","passed","Wed Nov 20 00:37:14 GMT 2024","","HYPERON-METTALOG-SANITY","HYPERON-METTALOG-SANITY",""
"","2","TEST-IF-CLOSED.11","","Wed Nov 20 00:43:12 GMT 2024","passed","Wed Nov 20 00:43:12 GMT 2024","","ANTI-REGRESSION","ANTI-REGRESSION",""
"","2","NUMTEST.06","","Wed Nov 20 01:15:41 GMT 2024","passed","Wed Nov 20 01:15:41 GMT 2024","","COMMON","COMMON",""
"","4","MINNARS.01","","Wed Nov 20 00:41:08 GMT 2024","passed","Wed Nov 20 00:41:08 GMT 2024","","METTA-MORPH-TESTS","METTA-MORPH-TESTS",""
"","123","STDLIB-METTALOG-TEST-PT2.62","","Wed Nov 20 00:54:39 GMT 2024","failed","Wed Nov 20 00:54:39 GMT 2024","","STDLIB-METTALOG","STDLIB-METTALOG",""
"","75","B4-NONDETERM.01","","Wed Nov 20 00:35:38 GMT 2024","passed","Wed Nov 20 00:35:38 GMT 2024","","HYPERON-EXPERIMENTAL-SCRIPTS","HYPERON-EXPERIMENTAL-SCRIPTS",""
"","2","IMPL-METTALOGTESTCURRIED.04","","Wed Nov 20 01:48:28 GMT 2024","passed","Wed Nov 20 01:48:28 GMT 2024","","WALK-THRU","WALK-THRU",""
"","2","DEBUG-METTALOGTESTCURRIED.10","","Wed Nov 20 01:48:28 GMT 2024","passed","Wed Nov 20 01:48:28 GMT 2024","","WALK-THRU","WALK-THRU",""
"","2","HYPERPOSING.04","","Wed Nov 20 01:57:00 GMT 2024","passed","Wed Nov 20 01:57:00 GMT 2024","","BASIC","BASIC",""
"","2","CHAPTER-2-4.06","","Wed Nov 20 00:54:49 GMT 2024","passed","Wed Nov 20 00:54:49 GMT 2024","","SICP-BOOK","SICP-BOOK",""
"","63","TYPES-PRELIM.21","","Wed Nov 20 00:50:19 GMT 2024","failed","Wed Nov 20 00:50:19 GMT 2024","","CHAINING","CHAINING",""
"","127","TESTS0.01","","Wed Nov 20 01:39:14 GMT 2024","passed","Wed Nov 20 01:39:14 GMT 2024","","NEW","NEW",""
"","2","TYPE-PROP.70","","Wed Nov 20 01:11:15 GMT 2024","passed","Wed Nov 20 01:11:15 GMT 2024","","CHECK-TYPES-TEMP","CHECK-TYPES-TEMP",""
"","3","LISTTEST.08","","Wed Nov 20 01:15:41 GMT 2024","passed","Wed Nov 20 01:15:41 GMT 2024","","COMMON","COMMON",""
"","2","IBC-XP.19","","Wed Nov 20 01:21:33 GMT 2024","passed","Wed Nov 20 01:21:33 GMT 2024","","ITERATIVE-CHAINING","ITERATIVE-CHAINING",""
"","2","ZEROARGS.02","","Wed Nov 20 00:41:08 GMT 2024","passed","Wed Nov 20 00:41:08 GMT 2024","","METTA-MORPH-TESTS","METTA-MORPH-TESTS",""
"","5","OR-TEST.17","","Wed Nov 20 00:37:14 GMT 2024","passed","Wed Nov 20 00:37:14 GMT 2024","","HYPERON-METTALOG-SANITY","HYPERON-METTALOG-SANITY",""
"","3","FORWARD-CHAINER-TEST.08","","Wed Nov 20 01:18:08 GMT 2024","passed","Wed Nov 20 01:18:08 GMT 2024","","FORWARD-CHAINER","FORWARD-CHAINER",""
"","9","D2-HIGHERFUNC.20","","Wed Nov 20 01:11:36 GMT 2024","passed","Wed Nov 20 01:11:36 GMT 2024","","CHECK-TYPES","CHECK-TYPES",""
"","103","ADD-REMOVE-MATCH-STRINGS.03","","Wed Nov 20 00:52:35 GMT 2024","failed","Wed Nov 20 00:52:35 GMT 2024","","SPACES","SPACES",""
"","5","EVIDENTIALTRUTHVALUETEST.02","","Wed Nov 20 01:16:08 GMT 2024","passed","Wed Nov 20 01:16:08 GMT 2024","","TRUTHVALUE","TRUTHVALUE",""
"","2","D3-DEPTYPES.07","","Wed Nov 20 00:35:38 GMT 2024","passed","Wed Nov 20 00:35:38 GMT 2024","","HYPERON-EXPERIMENTAL-SCRIPTS","HYPERON-EXPERIMENTAL-SCRIPTS",""
"","4000","spaces.add-remove-match-float","","Wed Nov 20 00:35:33 GMT 2024","passed","Wed Nov 20 00:35:37 GMT 2024","","WHOLE-TESTS","WHOLE-TESTS",""
"","390","IBC-XP.33","","Wed Nov 20 01:21:33 GMT 2024","failed","Wed Nov 20 01:21:33 GMT 2024","","ITERATIVE-CHAINING","ITERATIVE-CHAINING",""
"","9743","CLASSICAL.01","","Wed Nov 20 01:01:43 GMT 2024","passed","Wed Nov 20 01:01:52 GMT 2024","","FIZZBUZZ","FIZZBUZZ",""
"","16694","NARS-BUILDTUPLECOUNTS.02","","Wed Nov 20 01:34:06 GMT 2024","failed","Wed Nov 20 01:34:22 GMT 2024","","NARS-EXTRAS","NARS-EXTRAS",""
"","2","CHAPTER-2-4.16","","Wed Nov 20 00:54:49 GMT 2024","passed","Wed Nov 20 00:54:49 GMT 2024","","SICP-BOOK","SICP-BOOK",""
"","2","C2-SPACES.03","","Wed Nov 20 00:35:29 GMT 2024","passed","Wed Nov 20 00:35:29 GMT 2024","","MODULE-SYSTEM","MODULE-SYSTEM",""
"","2","HYPERPOSING.09","","Wed Nov 20 01:57:00 GMT 2024","passed","Wed Nov 20 01:57:00 GMT 2024","","BASIC","BASIC",""
"","40000","main-branch.tests4","","Wed Nov 20 00:35:33 GMT 2024","failed","Wed Nov 20 00:36:13 GMT 2024","","WHOLE-TESTS","WHOLE-TESTS",""
"","3","STATE-TYPES.01","","Wed Nov 20 01:57:00 GMT 2024","passed","Wed Nov 20 01:57:00 GMT 2024","","BASIC","BASIC",""
"","1190","TRAINING-BI.02","","Wed Nov 20 02:09:34 GMT 2024","passed","Wed Nov 20 02:09:35 GMT 2024","","LANGUAGE-MODELS","LANGUAGE-MODELS",""
"","3","NILS-IF-CONTROL-TEST-3.01","","Wed Nov 20 02:03:20 GMT 2024","passed","Wed Nov 20 02:03:20 GMT 2024","","COMPARISONS","COMPARISONS",""
"","2078","TESTS5.07","","Wed Nov 20 00:45:49 GMT 2024","failed","Wed Nov 20 00:45:51 GMT 2024","","MAIN-BRANCH","MAIN-BRANCH",""
"","3","HIGHER-ORDER-FUNCS.01","","Wed Nov 20 00:53:17 GMT 2024","passed","Wed Nov 20 00:53:17 GMT 2024","","STD","STD",""
"","2","D2-HIGHERFUNC.02","","Wed Nov 20 01:11:36 GMT 2024","passed","Wed Nov 20 01:11:36 GMT 2024","","CHECK-TYPES","CHECK-TYPES",""
"","2","F1-IMPORTS.15","","Wed Nov 20 00:35:38 GMT 2024","passed","Wed Nov 20 00:35:38 GMT 2024","","HYPERON-EXPERIMENTAL-SCRIPTS","HYPERON-EXPERIMENTAL-SCRIPTS",""
"","2","NATDTLTEST.01","","Wed Nov 20 01:18:23 GMT 2024","passed","Wed Nov 20 01:18:23 GMT 2024","","HOL","HOL",""
"","4000","traverser.basic","","Wed Nov 20 00:35:33 GMT 2024","passed","Wed Nov 20 00:35:37 GMT 2024","","WHOLE-TESTS","WHOLE-TESTS",""
"","2","STATES-SPACES.02","","Wed Nov 20 00:41:08 GMT 2024","passed","Wed Nov 20 00:41:08 GMT 2024","","METTA-MORPH-TESTS","METTA-MORPH-TESTS",""
"","2","ADD-REMOVE-MATCH-MIX-FLOAT-INTEGER.08","","Wed Nov 20 00:52:35 GMT 2024","passed","Wed Nov 20 00:52:35 GMT 2024","","SPACES","SPACES",""
"","3","00-LANG-CASE.13","","Wed Nov 20 00:37:14 GMT 2024","passed","Wed Nov 20 00:37:14 GMT 2024","","HYPERON-METTALOG-SANITY","HYPERON-METTALOG-SANITY",""
"","4","TYPE-PROP.37","","Wed Nov 20 01:11:15 GMT 2024","passed","Wed Nov 20 01:11:15 GMT 2024","","CHECK-TYPES-TEMP","CHECK-TYPES-TEMP",""
"","3","TESTS1.01","","Wed Nov 20 00:45:49 GMT 2024","passed","Wed Nov 20 00:45:49 GMT 2024","","MAIN-BRANCH","MAIN-BRANCH",""
"","5","HIGHER-ORDER-FUNCS.08","","Wed Nov 20 00:53:17 GMT 2024","passed","Wed Nov 20 00:53:17 GMT 2024","","STD","STD",""
"","2","ADD-REMOVE-MATCH-S-STRINGS.10","","Wed Nov 20 00:52:35 GMT 2024","passed","Wed Nov 20 00:52:35 GMT 2024","","SPACES","SPACES",""
"","51","TYPES-PRELIM.12","","Wed Nov 20 00:50:19 GMT 2024","failed","Wed Nov 20 00:50:19 GMT 2024","","CHAINING","CHAINING",""
"","4000","hyperon-mettalog_sanity.03-soring-via-insert","","Wed Nov 20 00:35:33 GMT 2024","passed","Wed Nov 20 00:35:37 GMT 2024","","WHOLE-TESTS","WHOLE-TESTS",""
"","5","SPACE-SUBTRACTION-TESTS.09","","Wed Nov 20 00:37:14 GMT 2024","passed","Wed Nov 20 00:37:14 GMT 2024","","HYPERON-METTALOG-SANITY","HYPERON-METTALOG-SANITY",""
"","2","IOIOIOI-USING-EQUALITY.05","","Wed Nov 20 01:54:43 GMT 2024","passed","Wed Nov 20 01:54:43 GMT 2024","","MULTIDIRECTIONAL","MULTIDIRECTIONAL",""
"","3","CML-UNSHARED.01","","Wed Nov 20 01:57:00 GMT 2024","passed","Wed Nov 20 01:57:00 GMT 2024","","BASIC","BASIC",""
"","2","B5-TYPES-PRELIM.06","","Wed Nov 20 00:35:38 GMT 2024","passed","Wed Nov 20 00:35:38 GMT 2024","","HYPERON-EXPERIMENTAL-SCRIPTS","HYPERON-EXPERIMENTAL-SCRIPTS",""
"","2","BACKWARD-CHAINER-XP.28","","Wed Nov 20 01:15:26 GMT 2024","passed","Wed Nov 20 01:15:26 GMT 2024","","BACKWARD-CHAINER","BACKWARD-CHAINER",""
"","2","ADD-REMOVE-MATCH-MIX-FLOAT-INTEGER.02","","Wed Nov 20 00:52:35 GMT 2024","passed","Wed Nov 20 00:52:35 GMT 2024","","SPACES","SPACES",""
"","2","B3-DIRECT.02","","Wed Nov 20 00:35:38 GMT 2024","passed","Wed Nov 20 00:35:38 GMT 2024","","HYPERON-EXPERIMENTAL-SCRIPTS","HYPERON-EXPERIMENTAL-SCRIPTS",""
"","2","OR-TEST.09","","Wed Nov 20 00:37:14 GMT 2024","passed","Wed Nov 20 00:37:14 GMT 2024","","HYPERON-METTALOG-SANITY","HYPERON-METTALOG-SANITY",""
"","2","STDLIB-METTALOG-TEST-PT2.28","","Wed Nov 20 00:54:39 GMT 2024","passed","Wed Nov 20 00:54:39 GMT 2024","","STDLIB-METTALOG","STDLIB-METTALOG",""
"","2","BACKWARD-CHAINER-XP.19","","Wed Nov 20 01:15:26 GMT 2024","passed","Wed Nov 20 01:15:26 GMT 2024","","BACKWARD-CHAINER","BACKWARD-CHAINER",""
"","2","BCHAIN-COMP.05","","Wed Nov 20 01:48:28 GMT 2024","passed","Wed Nov 20 01:48:28 GMT 2024","","WALK-THRU","WALK-THRU",""
"","40","FC-XP.21","","Wed Nov 20 01:18:18 GMT 2024","failed","Wed Nov 20 01:18:18 GMT 2024","","FORWARD-CHAINING","FORWARD-CHAINING",""
"","7000","metta-wam-issue-116.test_spo_1000","","Wed Nov 20 00:35:33 GMT 2024","passed","Wed Nov 20 00:35:40 GMT 2024","","WHOLE-TESTS","WHOLE-TESTS",""
"","2","ADD-REMOVE-MATCH-MIX-FLOAT-INTEGER.28","","Wed Nov 20 00:52:35 GMT 2024","passed","Wed Nov 20 00:52:35 GMT 2024","","SPACES","SPACES",""
"","1259","TRAINING.01","","Wed Nov 20 02:09:34 GMT 2024","passed","Wed Nov 20 02:09:35 GMT 2024","","LANGUAGE-MODELS","LANGUAGE-MODELS",""
"","2","IFC-XP.12","","Wed Nov 20 01:21:33 GMT 2024","passed","Wed Nov 20 01:21:33 GMT 2024","","ITERATIVE-CHAINING","ITERATIVE-CHAINING",""
"","3","D2-HIGHERFUNC.15","","Wed Nov 20 01:11:36 GMT 2024","passed","Wed Nov 20 01:11:36 GMT 2024","","CHECK-TYPES","CHECK-TYPES",""
"","3","B5-TYPES-PRELIM.01","","Wed Nov 20 00:35:38 GMT 2024","passed","Wed Nov 20 00:35:38 GMT 2024","","HYPERON-EXPERIMENTAL-SCRIPTS","HYPERON-EXPERIMENTAL-SCRIPTS",""
"","2","BACKWARD-CHAINER-XP.15","","Wed Nov 20 01:15:26 GMT 2024","passed","Wed Nov 20 01:15:26 GMT 2024","","BACKWARD-CHAINER","BACKWARD-CHAINER",""
"","4000","check_types.d2_higherfunc","","Wed Nov 20 00:35:33 GMT 2024","passed","Wed Nov 20 00:35:37 GMT 2024","","WHOLE-TESTS","WHOLE-TESTS",""
"","153","SYNTHESIZE-VIA-LET-TEST.09","","Wed Nov 20 01:26:05 GMT 2024","passed","Wed Nov 20 01:26:05 GMT 2024","","EXPERIMENTS","EXPERIMENTS",""
"","2","TYPES-PRELIM.15","","Wed Nov 20 00:50:19 GMT 2024","passed","Wed Nov 20 00:50:19 GMT 2024","","CHAINING","CHAINING",""
"","6","DEBUG-METTALOGTESTCURRIED.05","","Wed Nov 20 01:48:28 GMT 2024","passed","Wed Nov 20 01:48:28 GMT 2024","","WALK-THRU","WALK-THRU",""
"","2","METTALOGTESTCURRIED2.02","","Wed Nov 20 01:48:28 GMT 2024","passed","Wed Nov 20 01:48:28 GMT 2024","","WALK-THRU","WALK-THRU",""
"","2","TREE.03","","Wed Nov 20 01:00:07 GMT 2024","passed","Wed Nov 20 01:00:07 GMT 2024","","COMBINATOR-CALCULI","COMBINATOR-CALCULI",""
"","82","DEBUG-METTALOGTESTCURRIED.09","","Wed Nov 20 01:48:28 GMT 2024","passed","Wed Nov 20 01:48:28 GMT 2024","","WALK-THRU","WALK-THRU",""
"","2","HYPERPOSING.05","","Wed Nov 20 01:57:00 GMT 2024","passed","Wed Nov 20 01:57:00 GMT 2024","","BASIC","BASIC",""
"","40000","loop-checks.06_loop_2","","Wed Nov 20 00:35:33 GMT 2024","failed","Wed Nov 20 00:36:13 GMT 2024","","WHOLE-TESTS","WHOLE-TESTS",""
"","3","SHOW-TYPE.08","","Wed Nov 20 00:52:21 GMT 2024","passed","Wed Nov 20 00:52:21 GMT 2024","","INTROSPECT","INTROSPECT",""
"","2","TYPE-PROP.27","","Wed Nov 20 01:11:15 GMT 2024","passed","Wed Nov 20 01:11:15 GMT 2024","","CHECK-TYPES-TEMP","CHECK-TYPES-TEMP",""
"","134","BASIC.10","","Wed Nov 20 01:08:32 GMT 2024","failed","Wed Nov 20 01:08:32 GMT 2024","","TRAVERSER","TRAVERSER",""
"","2","TESTS5.06","","Wed Nov 20 00:45:49 GMT 2024","passed","Wed Nov 20 00:45:49 GMT 2024","","MAIN-BRANCH","MAIN-BRANCH",""
"","79","E2-STATES.07","","Wed Nov 20 00:35:38 GMT 2024","failed","Wed Nov 20 00:35:38 GMT 2024","","HYPERON-EXPERIMENTAL-SCRIPTS","HYPERON-EXPERIMENTAL-SCRIPTS",""
"","2","KB-WRITE.02","","Wed Nov 20 00:53:17 GMT 2024","passed","Wed Nov 20 00:53:17 GMT 2024","","STD","STD",""
"","1","BC-COMP.03","","Wed Nov 20 00:43:12 GMT 2024","passed","Wed Nov 20 00:43:12 GMT 2024","","ANTI-REGRESSION","ANTI-REGRESSION",""
"","3","OBIF.01","","Wed Nov 20 01:54:43 GMT 2024","passed","Wed Nov 20 01:54:43 GMT 2024","","MULTIDIRECTIONAL","MULTIDIRECTIONAL",""
"","2","CHAPTER-2-4.10","","Wed Nov 20 00:54:49 GMT 2024","passed","Wed Nov 20 00:54:49 GMT 2024","","SICP-BOOK","SICP-BOOK",""
"","4","TRUTHVALUETEST.03","","Wed Nov 20 01:16:08 GMT 2024","passed","Wed Nov 20 01:16:08 GMT 2024","","TRUTHVALUE","TRUTHVALUE",""
"","2","SUBTRACTION-TEST.02","","Wed Nov 20 00:37:14 GMT 2024","passed","Wed Nov 20 00:37:14 GMT 2024","","HYPERON-METTALOG-SANITY","HYPERON-METTALOG-SANITY",""
"","1","B4-NONDETERM.06","","Wed Nov 20 00:35:38 GMT 2024","passed","Wed Nov 20 00:35:38 GMT 2024","","HYPERON-EXPERIMENTAL-SCRIPTS","HYPERON-EXPERIMENTAL-SCRIPTS",""
"","2","IBC-XP.21","","Wed Nov 20 01:21:33 GMT 2024","passed","Wed Nov 20 01:21:33 GMT 2024","","ITERATIVE-CHAINING","ITERATIVE-CHAINING",""
"","2","FC-XP.29","","Wed Nov 20 01:18:18 GMT 2024","passed","Wed Nov 20 01:18:18 GMT 2024","","FORWARD-CHAINING","FORWARD-CHAINING",""
"","106","ADD-REMOVE-MATCH-STRINGS.14","","Wed Nov 20 00:52:35 GMT 2024","failed","Wed Nov 20 00:52:35 GMT 2024","","SPACES","SPACES",""
"","4","RUN-MINNARS.01","","Wed Nov 20 01:34:06 GMT 2024","passed","Wed Nov 20 01:34:06 GMT 2024","","NARS-EXTRAS","NARS-EXTRAS",""
"","2","SYNTHESIZE-VIA-TYPE-CHECKING.08","","Wed Nov 20 01:26:05 GMT 2024","passed","Wed Nov 20 01:26:05 GMT 2024","","EXPERIMENTS","EXPERIMENTS",""
"","72","NATSTANDALONETEST.12","","Wed Nov 20 01:18:23 GMT 2024","failed","Wed Nov 20 01:18:23 GMT 2024","","HOL","HOL",""
"","2","TYPE-PROP.61","","Wed Nov 20 01:11:15 GMT 2024","passed","Wed Nov 20 01:11:15 GMT 2024","","CHECK-TYPES-TEMP","CHECK-TYPES-TEMP",""
"","2","UNIFY-VIA-CASE.03","","Wed Nov 20 01:26:05 GMT 2024","passed","Wed Nov 20 01:26:05 GMT 2024","","EXPERIMENTS","EXPERIMENTS",""
"","3","C1-GROUNDED-BASIC.01","","Wed Nov 20 00:35:38 GMT 2024","passed","Wed Nov 20 00:35:38 GMT 2024","","HYPERON-EXPERIMENTAL-SCRIPTS","HYPERON-EXPERIMENTAL-SCRIPTS",""
"","3","FORWARD-CHAINER-XP.12","","Wed Nov 20 01:18:08 GMT 2024","passed","Wed Nov 20 01:18:08 GMT 2024","","FORWARD-CHAINER","FORWARD-CHAINER",""
"","2","CURRIED-CHAINER.06","","Wed Nov 20 01:16:18 GMT 2024","passed","Wed Nov 20 01:16:18 GMT 2024","","CURRIED-CHAINING","CURRIED-CHAINING",""
"","2","TESTS3.03","","Wed Nov 20 00:45:49 GMT 2024","passed","Wed Nov 20 00:45:49 GMT 2024","","MAIN-BRANCH","MAIN-BRANCH",""
"","7000","soap_opera_corpus.so_convert","","Wed Nov 20 00:35:33 GMT 2024","passed","Wed Nov 20 00:35:40 GMT 2024","","WHOLE-TESTS","WHOLE-TESTS",""
"","3","FC-XP.26","","Wed Nov 20 01:18:18 GMT 2024","passed","Wed Nov 20 01:18:18 GMT 2024","","FORWARD-CHAINING","FORWARD-CHAINING",""
"","1","STDLIB-METTALOG-TEST-PT2.30","","Wed Nov 20 00:54:39 GMT 2024","passed","Wed Nov 20 00:54:39 GMT 2024","","STDLIB-METTALOG","STDLIB-METTALOG",""
"","2","CHAPTER-2-2.10","","Wed Nov 20 00:54:49 GMT 2024","passed","Wed Nov 20 00:54:49 GMT 2024","","SICP-BOOK","SICP-BOOK",""
"","2","INF-CTL-MONTH-BC-CONT-XP.03","","Wed Nov 20 01:19:32 GMT 2024","passed","Wed Nov 20 01:19:32 GMT 2024","","INFERENCE-CONTROL","INFERENCE-CONTROL",""
"","1","ADD-REMOVE-MATCH-STRINGS.06","","Wed Nov 20 00:52:35 GMT 2024","passed","Wed Nov 20 00:52:35 GMT 2024","","SPACES","SPACES",""
"","2","ORDEREDSETTEST.07","","Wed Nov 20 01:15:41 GMT 2024","passed","Wed Nov 20 01:15:41 GMT 2024","","COMMON","COMMON",""
"","2","E2-STATES.05","","Wed Nov 20 01:11:36 GMT 2024","passed","Wed Nov 20 01:11:36 GMT 2024","","CHECK-TYPES","CHECK-TYPES",""
"","14","D1-GADT.05","","Wed Nov 20 00:45:22 GMT 2024","passed","Wed Nov 20 00:45:22 GMT 2024","","QUICK","QUICK",""
"","39","IFC-XP.32","","Wed Nov 20 01:21:33 GMT 2024","failed","Wed Nov 20 01:21:33 GMT 2024","","ITERATIVE-CHAINING","ITERATIVE-CHAINING",""
"","2","HYPERPOSE.10","","Wed Nov 20 00:41:08 GMT 2024","passed","Wed Nov 20 00:41:08 GMT 2024","","METTA-MORPH-TESTS","METTA-MORPH-TESTS",""
"","1136","TESTS2.05","","Wed Nov 20 00:45:49 GMT 2024","failed","Wed Nov 20 00:45:50 GMT 2024","","MAIN-BRANCH","MAIN-BRANCH",""
"","84","SYNTHESIZE-VIA-LET-TEST.10","","Wed Nov 20 01:26:05 GMT 2024","passed","Wed Nov 20 01:26:05 GMT 2024","","EXPERIMENTS","EXPERIMENTS",""
"","80","C1-GROUNDED-BASIC.19","","Wed Nov 20 00:35:38 GMT 2024","passed","Wed Nov 20 00:35:38 GMT 2024","","HYPERON-EXPERIMENTAL-SCRIPTS","HYPERON-EXPERIMENTAL-SCRIPTS",""
"","2","STDLIB-METTALOG-TEST-PT2.27","","Wed Nov 20 00:54:39 GMT 2024","passed","Wed Nov 20 00:54:39 GMT 2024","","STDLIB-METTALOG","STDLIB-METTALOG",""
"","43000","inference-control.inf-ctl-month-bc-xp","","Wed Nov 20 00:35:33 GMT 2024","failed","Wed Nov 20 00:36:16 GMT 2024","","WHOLE-TESTS","WHOLE-TESTS",""
"","5000","hyperon-experimental_scripts.c1_grounded_basic","","Wed Nov 20 00:35:33 GMT 2024","passed","Wed Nov 20 00:35:38 GMT 2024","","WHOLE-TESTS","WHOLE-TESTS",""
"","127","INF-ORDER-PROBS.02","","Wed Nov 20 01:03:22 GMT 2024","passed","Wed Nov 20 01:03:22 GMT 2024","","PROB-DEP-TYPES","PROB-DEP-TYPES",""
"","2","C1-GROUNDED-BASIC.11","","Wed Nov 20 00:35:38 GMT 2024","passed","Wed Nov 20 00:35:38 GMT 2024","","HYPERON-EXPERIMENTAL-SCRIPTS","HYPERON-EXPERIMENTAL-SCRIPTS",""
"","2","BC-XP.12","","Wed Nov 20 01:15:32 GMT 2024","passed","Wed Nov 20 01:15:32 GMT 2024","","BACKWARD-CHAINING","BACKWARD-CHAINING",""
"","251","BACKWARD-CHAIN.01","","Wed Nov 20 00:50:19 GMT 2024","failed","Wed Nov 20 00:50:19 GMT 2024","","CHAINING","CHAINING",""
"","57","SPACE-INTERSECTION-TESTS.12","","Wed Nov 20 00:37:14 GMT 2024","failed","Wed Nov 20 00:37:14 GMT 2024","","HYPERON-METTALOG-SANITY","HYPERON-METTALOG-SANITY",""
"","2","ADD-ATOM-NAIVE-FIB.06","","Wed Nov 20 02:03:20 GMT 2024","passed","Wed Nov 20 02:03:20 GMT 2024","","COMPARISONS","COMPARISONS",""
"","2","INF-CTL-MONTH-XP-SHORT-3.09","","Wed Nov 20 02:03:20 GMT 2024","passed","Wed Nov 20 02:03:20 GMT 2024","","COMPARISONS","COMPARISONS",""
"","2","ORDEREDSETTEST.04","","Wed Nov 20 01:15:41 GMT 2024","passed","Wed Nov 20 01:15:41 GMT 2024","","COMMON","COMMON",""
"","2","FORWARD-CHAINER-TEST.06","","Wed Nov 20 01:18:08 GMT 2024","passed","Wed Nov 20 01:18:08 GMT 2024","","FORWARD-CHAINER","FORWARD-CHAINER",""
"","3","TEST-LIST-CONCATENATION.01","","Wed Nov 20 01:57:00 GMT 2024","passed","Wed Nov 20 01:57:00 GMT 2024","","BASIC","BASIC",""
"","2","IBC-XP.17","","Wed Nov 20 01:21:33 GMT 2024","passed","Wed Nov 20 01:21:33 GMT 2024","","ITERATIVE-CHAINING","ITERATIVE-CHAINING",""
"","2","STDLIB-METTALOG-TEST-PT2.39","","Wed Nov 20 00:54:39 GMT 2024","passed","Wed Nov 20 00:54:39 GMT 2024","","STDLIB-METTALOG","STDLIB-METTALOG",""
"","2","HYPERPOSE.09","","Wed Nov 20 00:41:08 GMT 2024","passed","Wed Nov 20 00:41:08 GMT 2024","","METTA-MORPH-TESTS","METTA-MORPH-TESTS",""
"","1","INF-CTL-MONTH-XP-SHORT-3.07","","Wed Nov 20 02:03:20 GMT 2024","passed","Wed Nov 20 02:03:20 GMT 2024","","COMPARISONS","COMPARISONS",""
"","2","TYPE-PROP.40","","Wed Nov 20 01:11:15 GMT 2024","passed","Wed Nov 20 01:11:15 GMT 2024","","CHECK-TYPES-TEMP","CHECK-TYPES-TEMP",""
"","2","ADD-REMOVE-MATCH-MIX-FLOAT-INTEGER.21","","Wed Nov 20 00:52:35 GMT 2024","passed","Wed Nov 20 00:52:35 GMT 2024","","SPACES","SPACES",""
"","101","USE-TWO-SERVERS.02","","Wed Nov 20 01:52:49 GMT 2024","failed","Wed Nov 20 01:52:49 GMT 2024","","DISTRIBUTED-PROCESSING","DISTRIBUTED-PROCESSING",""
"","188","IFC-XP.24","","Wed Nov 20 01:21:33 GMT 2024","failed","Wed Nov 20 01:21:33 GMT 2024","","ITERATIVE-CHAINING","ITERATIVE-CHAINING",""
"","2","C1-GROUNDED-BASIC.22","","Wed Nov 20 00:45:22 GMT 2024","passed","Wed Nov 20 00:45:22 GMT 2024","","QUICK","QUICK",""
"","4","RUN-MINNARS-TRIMMED.01","","Wed Nov 20 01:34:06 GMT 2024","passed","Wed Nov 20 01:34:06 GMT 2024","","NARS-EXTRAS","NARS-EXTRAS",""
"","22","CHAPTER-1-3.04","","Wed Nov 20 00:54:49 GMT 2024","passed","Wed Nov 20 00:54:49 GMT 2024","","SICP-BOOK","SICP-BOOK",""
"","3","BC-XP.29","","Wed Nov 20 01:15:32 GMT 2024","passed","Wed Nov 20 01:15:32 GMT 2024","","BACKWARD-CHAINING","BACKWARD-CHAINING",""
"","4000","hyperon-experimental_scripts.b2_backchain","","Wed Nov 20 00:35:33 GMT 2024","passed","Wed Nov 20 00:35:37 GMT 2024","","WHOLE-TESTS","WHOLE-TESTS",""
"","346","BASIC.05","","Wed Nov 20 01:08:32 GMT 2024","passed","Wed Nov 20 01:08:32 GMT 2024","","TRAVERSER","TRAVERSER",""
"","2","DEDUCTIONFORMULATEST.04","","Wed Nov 20 01:16:03 GMT 2024","passed","Wed Nov 20 01:16:03 GMT 2024","","FORMULA","FORMULA",""
"","41000","iterators.combined","","Wed Nov 20 00:35:33 GMT 2024","failed","Wed Nov 20 00:36:14 GMT 2024","","WHOLE-TESTS","WHOLE-TESTS",""
"","4000","forward-chaining.fc-xp","","Wed Nov 20 00:35:33 GMT 2024","passed","Wed Nov 20 00:35:37 GMT 2024","","WHOLE-TESTS","WHOLE-TESTS",""
"","40000","basic.pathfinding-edge","","Wed Nov 20 00:35:33 GMT 2024","failed","Wed Nov 20 00:36:13 GMT 2024","","WHOLE-TESTS","WHOLE-TESTS",""
"","2","INF-CTL-MONTH-BC-CONT-XP.16","","Wed Nov 20 01:19:32 GMT 2024","passed","Wed Nov 20 01:19:32 GMT 2024","","INFERENCE-CONTROL","INFERENCE-CONTROL",""
"","93","ADD-REMOVE-MATCH-FLOAT.14","","Wed Nov 20 00:52:35 GMT 2024","passed","Wed Nov 20 00:52:35 GMT 2024","","SPACES","SPACES",""
"","2","ORIENTATION-TEST.01","","Wed Nov 20 01:25:14 GMT 2024","passed","Wed Nov 20 01:25:14 GMT 2024","","ORIENTATION","ORIENTATION",""
"","2","XOR-TEST.02","","Wed Nov 20 00:37:14 GMT 2024","passed","Wed Nov 20 00:37:14 GMT 2024","","HYPERON-METTALOG-SANITY","HYPERON-METTALOG-SANITY",""
"","1","D2-HIGHERFUNC.02","","Wed Nov 20 00:45:22 GMT 2024","passed","Wed Nov 20 00:45:22 GMT 2024","","QUICK","QUICK",""
"","41000","basic.pathfinding-med-f","","Wed Nov 20 00:35:33 GMT 2024","failed","Wed Nov 20 00:36:14 GMT 2024","","WHOLE-TESTS","WHOLE-TESTS",""
"","2","IFC-XP.14","","Wed Nov 20 01:21:33 GMT 2024","passed","Wed Nov 20 01:21:33 GMT 2024","","ITERATIVE-CHAINING","ITERATIVE-CHAINING",""
"","3","FORWARD-CHAINER-TEST.16","","Wed Nov 20 01:18:08 GMT 2024","passed","Wed Nov 20 01:18:08 GMT 2024","","FORWARD-CHAINER","FORWARD-CHAINER",""
"","2","B5-TYPES-PRELIM.19","","Wed Nov 20 01:11:15 GMT 2024","passed","Wed Nov 20 01:11:15 GMT 2024","","CHECK-TYPES-TEMP","CHECK-TYPES-TEMP",""
"","2","TYPE-PROP.10","","Wed Nov 20 01:11:15 GMT 2024","passed","Wed Nov 20 01:11:15 GMT 2024","","CHECK-TYPES-TEMP","CHECK-TYPES-TEMP",""
"","5000","metta-morph_tests.tests0","","Wed Nov 20 00:35:33 GMT 2024","passed","Wed Nov 20 00:35:38 GMT 2024","","WHOLE-TESTS","WHOLE-TESTS",""
"","3","TEST-SPO-1000.01","","Wed Nov 20 00:43:47 GMT 2024","passed","Wed Nov 20 00:43:47 GMT 2024","","METTA-WAM-ISSUE-116","METTA-WAM-ISSUE-116",""
"","2","ADD-REMOVE-MATCH-SS-SYMBOLS.03","","Wed Nov 20 00:52:35 GMT 2024","passed","Wed Nov 20 00:52:35 GMT 2024","","SPACES","SPACES",""
"","4000","check_types.e2_states","","Wed Nov 20 00:35:33 GMT 2024","passed","Wed Nov 20 00:35:37 GMT 2024","","WHOLE-TESTS","WHOLE-TESTS",""
"","58","D2-HIGHERFUNC.07","","Wed Nov 20 00:45:22 GMT 2024","failed","Wed Nov 20 00:45:22 GMT 2024","","QUICK","QUICK",""
"","48","D5-AUTO-TYPES.05","","Wed Nov 20 01:11:36 GMT 2024","failed","Wed Nov 20 01:11:36 GMT 2024","","CHECK-TYPES","CHECK-TYPES",""
"","3","D3-DEPTYPES.02","","Wed Nov 20 00:35:38 GMT 2024","passed","Wed Nov 20 00:35:38 GMT 2024","","HYPERON-EXPERIMENTAL-SCRIPTS","HYPERON-EXPERIMENTAL-SCRIPTS",""
"","394","TESTS0.06","","Wed Nov 20 01:43:09 GMT 2024","passed","Wed Nov 20 01:43:09 GMT 2024","","PREV","PREV",""
"","2","TMPMATCH1.02","","Wed Nov 20 01:48:28 GMT 2024","passed","Wed Nov 20 01:48:28 GMT 2024","","WALK-THRU","WALK-THRU",""
"","2","OR-TEST.03","","Wed Nov 20 00:37:14 GMT 2024","passed","Wed Nov 20 00:37:14 GMT 2024","","HYPERON-METTALOG-SANITY","HYPERON-METTALOG-SANITY",""
"","2","METTALOGTESTCURRIED2.01","","Wed Nov 20 00:43:12 GMT 2024","passed","Wed Nov 20 00:43:12 GMT 2024","","ANTI-REGRESSION","ANTI-REGRESSION",""
"","2","LET-SUPERPOSE-LIST.02","","Wed Nov 20 01:48:02 GMT 2024","passed","Wed Nov 20 01:48:02 GMT 2024","","TRANSPILER","TRANSPILER",""
"","2","GADT.02","","Wed Nov 20 00:53:17 GMT 2024","passed","Wed Nov 20 00:53:17 GMT 2024","","STD","STD",""
"","6000","distributed-processing.use-one-server","","Wed Nov 20 00:35:33 GMT 2024","passed","Wed Nov 20 00:35:39 GMT 2024","","WHOLE-TESTS","WHOLE-TESTS",""
"","6","SPACE-SUBTRACTION-TESTS.10","","Wed Nov 20 00:37:14 GMT 2024","passed","Wed Nov 20 00:37:14 GMT 2024","","HYPERON-METTALOG-SANITY","HYPERON-METTALOG-SANITY",""
"","4000","walk_thru.mettalogTestCurried2","","Wed Nov 20 00:35:33 GMT 2024","passed","Wed Nov 20 00:35:37 GMT 2024","","WHOLE-TESTS","WHOLE-TESTS",""
"","282","TESTS0.06","","Wed Nov 20 01:35:21 GMT 2024","failed","Wed Nov 20 01:35:21 GMT 2024","","NARS-V0","NARS-V0",""
"","568","SYNTHESIZE-VIA-CASE-TEST.01","","Wed Nov 20 01:26:05 GMT 2024","failed","Wed Nov 20 01:26:05 GMT 2024","","EXPERIMENTS","EXPERIMENTS",""
"","2","INF-CTL-MONTH-BC-CONT-XP.15","","Wed Nov 20 01:19:32 GMT 2024","passed","Wed Nov 20 01:19:32 GMT 2024","","INFERENCE-CONTROL","INFERENCE-CONTROL",""
"","250","REWRITES.03","","Wed Nov 20 01:07:03 GMT 2024","failed","Wed Nov 20 01:07:03 GMT 2024","","STACK-BASED","STACK-BASED",""
"","2","B5-TYPES-PRELIM.16","","Wed Nov 20 01:11:15 GMT 2024","passed","Wed Nov 20 01:11:15 GMT 2024","","CHECK-TYPES-TEMP","CHECK-TYPES-TEMP",""
"","120","ADD-ATOM-NAIVE-FIB.05","","Wed Nov 20 02:03:20 GMT 2024","failed","Wed Nov 20 02:03:20 GMT 2024","","COMPARISONS","COMPARISONS",""
"","3","LET-SUPERPOSE-IF-CASE.02","","Wed Nov 20 00:41:08 GMT 2024","passed","Wed Nov 20 00:41:08 GMT 2024","","METTA-MORPH-TESTS","METTA-MORPH-TESTS",""
"","3","CHAPTER-2-4.15","","Wed Nov 20 00:54:49 GMT 2024","passed","Wed Nov 20 00:54:49 GMT 2024","","SICP-BOOK","SICP-BOOK",""
"","43","TYPE-PROP.58","","Wed Nov 20 01:11:15 GMT 2024","failed","Wed Nov 20 01:11:15 GMT 2024","","CHECK-TYPES-TEMP","CHECK-TYPES-TEMP",""
"","5000","hyperon-experimental_scripts.a1_symbols","","Wed Nov 20 00:35:33 GMT 2024","passed","Wed Nov 20 00:35:38 GMT 2024","","WHOLE-TESTS","WHOLE-TESTS",""
"","2","IFC-XP.07","","Wed Nov 20 01:21:33 GMT 2024","passed","Wed Nov 20 01:21:33 GMT 2024","","ITERATIVE-CHAINING","ITERATIVE-CHAINING",""
"","3","A1-SYMBOLS.01","","Wed Nov 20 00:35:38 GMT 2024","passed","Wed Nov 20 00:35:38 GMT 2024","","HYPERON-EXPERIMENTAL-SCRIPTS","HYPERON-EXPERIMENTAL-SCRIPTS",""
"","141","SYNTHESIZE-VIA-UNIFY-TEST.11","","Wed Nov 20 01:26:05 GMT 2024","failed","Wed Nov 20 01:26:05 GMT 2024","","EXPERIMENTS","EXPERIMENTS",""
"","2","SEALED-TEST.03","","Wed Nov 20 00:37:14 GMT 2024","passed","Wed Nov 20 00:37:14 GMT 2024","","HYPERON-METTALOG-SANITY","HYPERON-METTALOG-SANITY",""
"","4000","metta_to_amr.user","","Wed Nov 20 00:35:33 GMT 2024","passed","Wed Nov 20 00:35:37 GMT 2024","","WHOLE-TESTS","WHOLE-TESTS",""
"","2","ADD-REMOVE-MATCH-STRINGS.01","","Wed Nov 20 00:52:35 GMT 2024","passed","Wed Nov 20 00:52:35 GMT 2024","","SPACES","SPACES",""
"","2","SPACE-INTERSECTION-TESTS.02","","Wed Nov 20 00:37:14 GMT 2024","passed","Wed Nov 20 00:37:14 GMT 2024","","HYPERON-METTALOG-SANITY","HYPERON-METTALOG-SANITY",""
"","16000","bigram-sentence-evaluator.bigrams","","Wed Nov 20 00:35:33 GMT 2024","passed","Wed Nov 20 00:35:49 GMT 2024","","WHOLE-TESTS","WHOLE-TESTS",""
"","2","UNIFY-VIA-CASE.06","","Wed Nov 20 01:26:05 GMT 2024","passed","Wed Nov 20 01:26:05 GMT 2024","","EXPERIMENTS","EXPERIMENTS",""
"","62","NONDETERM.02","","Wed Nov 20 00:53:17 GMT 2024","passed","Wed Nov 20 00:53:17 GMT 2024","","STD","STD",""
"","3","FORWARD-CHAINER-XP.19","","Wed Nov 20 01:18:08 GMT 2024","passed","Wed Nov 20 01:18:08 GMT 2024","","FORWARD-CHAINER","FORWARD-CHAINER",""
"","44","IMPLICATIONDIRECTINTRODUCTIONDTLTEST.04","","Wed Nov 20 01:14:18 GMT 2024","failed","Wed Nov 20 01:14:18 GMT 2024","","DEPENDENT-TYPES","DEPENDENT-TYPES",""
"","2","CML-UNSHARED.06","","Wed Nov 20 01:57:00 GMT 2024","passed","Wed Nov 20 01:57:00 GMT 2024","","BASIC","BASIC",""
"","5000","transpiler.peano","","Wed Nov 20 00:35:33 GMT 2024","passed","Wed Nov 20 00:35:38 GMT 2024","","WHOLE-TESTS","WHOLE-TESTS",""
"","3","CHAPTER-2-4.01","","Wed Nov 20 00:54:49 GMT 2024","passed","Wed Nov 20 00:54:49 GMT 2024","","SICP-BOOK","SICP-BOOK",""
"","2","DEBUG-METTALOGTESTCURRIED.02","","Wed Nov 20 01:48:28 GMT 2024","passed","Wed Nov 20 01:48:28 GMT 2024","","WALK-THRU","WALK-THRU",""
"","3","D2-HIGHERFUNC.26","","Wed Nov 20 01:11:36 GMT 2024","passed","Wed Nov 20 01:11:36 GMT 2024","","CHECK-TYPES","CHECK-TYPES",""
"","71","F1-IMPORTS.13","","Wed Nov 20 00:35:38 GMT 2024","failed","Wed Nov 20 00:35:38 GMT 2024","","HYPERON-EXPERIMENTAL-SCRIPTS","HYPERON-EXPERIMENTAL-SCRIPTS",""
"","2","F1-MODULEA.09","","Wed Nov 20 00:35:38 GMT 2024","passed","Wed Nov 20 00:35:38 GMT 2024","","HYPERON-EXPERIMENTAL-SCRIPTS","HYPERON-EXPERIMENTAL-SCRIPTS",""
"","2","HYPERPOSING-UNSHARED.06","","Wed Nov 20 01:57:00 GMT 2024","passed","Wed Nov 20 01:57:00 GMT 2024","","BASIC","BASIC",""
"","268","SYNTHESIZE-VIA-LET-TEST.03","","Wed Nov 20 01:26:05 GMT 2024","failed","Wed Nov 20 01:26:05 GMT 2024","","EXPERIMENTS","EXPERIMENTS",""
"","2","D4-TYPE-PROP.02","","Wed Nov 20 00:45:22 GMT 2024","passed","Wed Nov 20 00:45:22 GMT 2024","","QUICK","QUICK",""
"","41000","basic.pathfinding-hard","","Wed Nov 20 00:35:33 GMT 2024","failed","Wed Nov 20 00:36:14 GMT 2024","","WHOLE-TESTS","WHOLE-TESTS",""
"","4000","check_types-temp.c1_grounded_basic","","Wed Nov 20 00:35:33 GMT 2024","passed","Wed Nov 20 00:35:37 GMT 2024","","WHOLE-TESTS","WHOLE-TESTS",""
"","2","IFC-XP.08","","Wed Nov 20 01:21:33 GMT 2024","passed","Wed Nov 20 01:21:33 GMT 2024","","ITERATIVE-CHAINING","ITERATIVE-CHAINING",""
"","4000","polymorphic-types.examples-quants","","Wed Nov 20 00:35:33 GMT 2024","passed","Wed Nov 20 00:35:37 GMT 2024","","WHOLE-TESTS","WHOLE-TESTS",""
"","5000","metta-morph_tests.states_spaces","","Wed Nov 20 00:35:33 GMT 2024","passed","Wed Nov 20 00:35:38 GMT 2024","","WHOLE-TESTS","WHOLE-TESTS",""
"","1","NATPARITYTEST.09","","Wed Nov 20 01:18:23 GMT 2024","passed","Wed Nov 20 01:18:23 GMT 2024","","HOL","HOL",""
"","42","IFC-XP.36","","Wed Nov 20 01:21:33 GMT 2024","failed","Wed Nov 20 01:21:33 GMT 2024","","ITERATIVE-CHAINING","ITERATIVE-CHAINING",""
"","58","STDLIB-METTALOG-TEST-PT2.12","","Wed Nov 20 00:54:39 GMT 2024","failed","Wed Nov 20 00:54:39 GMT 2024","","STDLIB-METTALOG","STDLIB-METTALOG",""
"","4000","red-black-lambda.lambda-theory","","Wed Nov 20 00:35:33 GMT 2024","passed","Wed Nov 20 00:35:37 GMT 2024","","WHOLE-TESTS","WHOLE-TESTS",""
"","3","B1-EQUAL-CHAIN.01","","Wed Nov 20 00:35:38 GMT 2024","passed","Wed Nov 20 00:35:38 GMT 2024","","HYPERON-EXPERIMENTAL-SCRIPTS","HYPERON-EXPERIMENTAL-SCRIPTS",""
"","2","INTERSECTION-TESTS.18","","Wed Nov 20 00:37:14 GMT 2024","passed","Wed Nov 20 00:37:14 GMT 2024","","HYPERON-METTALOG-SANITY","HYPERON-METTALOG-SANITY",""
"","174","QUERIES.10","","Wed Nov 20 01:07:51 GMT 2024","passed","Wed Nov 20 01:07:51 GMT 2024","","STRIPS-TO-METTA-IMPROVED","STRIPS-TO-METTA-IMPROVED",""
"","4000","introspect.exam-spaces","","Wed Nov 20 00:35:33 GMT 2024","passed","Wed Nov 20 00:35:37 GMT 2024","","WHOLE-TESTS","WHOLE-TESTS",""
"","4000","orientation.orientation-test","","Wed Nov 20 00:35:33 GMT 2024","passed","Wed Nov 20 00:35:37 GMT 2024","","WHOLE-TESTS","WHOLE-TESTS",""
"","2","BACKWARD-CHAINER-XP.30","","Wed Nov 20 01:15:26 GMT 2024","passed","Wed Nov 20 01:15:26 GMT 2024","","BACKWARD-CHAINER","BACKWARD-CHAINER",""
"","109","UNWEIGHTED-PLLM.06","","Wed Nov 20 02:09:34 GMT 2024","failed","Wed Nov 20 02:09:34 GMT 2024","","LANGUAGE-MODELS","LANGUAGE-MODELS",""
"","2","BC-XP.08","","Wed Nov 20 01:15:32 GMT 2024","passed","Wed Nov 20 01:15:32 GMT 2024","","BACKWARD-CHAINING","BACKWARD-CHAINING",""
"","2","ADD-REMOVE-MATCH-S-SYMBOLS.01","","Wed Nov 20 00:52:35 GMT 2024","passed","Wed Nov 20 00:52:35 GMT 2024","","SPACES","SPACES",""
"","2","ADD-REMOVE-MATCH-SYMBOLS.06","","Wed Nov 20 00:52:35 GMT 2024","passed","Wed Nov 20 00:52:35 GMT 2024","","SPACES","SPACES",""
"","2","F1-IMPORTS.20","","Wed Nov 20 00:35:38 GMT 2024","passed","Wed Nov 20 00:35:38 GMT 2024","","HYPERON-EXPERIMENTAL-SCRIPTS","HYPERON-EXPERIMENTAL-SCRIPTS",""
"","308","SELF-CONTAINED-SYNTHESIZE.03","","Wed Nov 20 01:26:05 GMT 2024","failed","Wed Nov 20 01:26:05 GMT 2024","","EXPERIMENTS","EXPERIMENTS",""
"","2","IMPL-METTALOGTESTCURRIED.08","","Wed Nov 20 01:48:28 GMT 2024","passed","Wed Nov 20 01:48:28 GMT 2024","","WALK-THRU","WALK-THRU",""
"","4000","basic.cml-unshared","","Wed Nov 20 00:35:33 GMT 2024","passed","Wed Nov 20 00:35:37 GMT 2024","","WHOLE-TESTS","WHOLE-TESTS",""
"","2","STATES-SPACES.05","","Wed Nov 20 00:41:08 GMT 2024","passed","Wed Nov 20 00:41:08 GMT 2024","","METTA-MORPH-TESTS","METTA-MORPH-TESTS",""
"","4000","std.grounded_basic","","Wed Nov 20 00:35:33 GMT 2024","passed","Wed Nov 20 00:35:37 GMT 2024","","WHOLE-TESTS","WHOLE-TESTS",""
"","7001","PROB-DEP-TYPES.13","","Wed Nov 20 01:03:22 GMT 2024","failed","Wed Nov 20 01:03:29 GMT 2024","","PROB-DEP-TYPES","PROB-DEP-TYPES",""
"","2","ADD-REMOVE-MATCH-INTEGER.32","","Wed Nov 20 00:52:35 GMT 2024","passed","Wed Nov 20 00:52:35 GMT 2024","","SPACES","SPACES",""
"","2","E2-STATES.04","","Wed Nov 20 00:35:38 GMT 2024","passed","Wed Nov 20 00:35:38 GMT 2024","","HYPERON-EXPERIMENTAL-SCRIPTS","HYPERON-EXPERIMENTAL-SCRIPTS",""
"","3","TESTS0.02","","Wed Nov 20 01:43:09 GMT 2024","passed","Wed Nov 20 01:43:09 GMT 2024","","PREV","PREV",""
"","1","NATSTANDALONETEST.08","","Wed Nov 20 01:18:23 GMT 2024","passed","Wed Nov 20 01:18:23 GMT 2024","","HOL","HOL",""
"","5","UNIQUE-TEST.12","","Wed Nov 20 00:37:14 GMT 2024","passed","Wed Nov 20 00:37:14 GMT 2024","","HYPERON-METTALOG-SANITY","HYPERON-METTALOG-SANITY",""
"","2","TYPE-PROP.33","","Wed Nov 20 01:11:15 GMT 2024","passed","Wed Nov 20 01:11:15 GMT 2024","","CHECK-TYPES-TEMP","CHECK-TYPES-TEMP",""
"","2","A1-SYMBOLS.04","","Wed Nov 20 00:35:38 GMT 2024","passed","Wed Nov 20 00:35:38 GMT 2024","","HYPERON-EXPERIMENTAL-SCRIPTS","HYPERON-EXPERIMENTAL-SCRIPTS",""
"","40000","walk_thru.mettalogTestCurried","","Wed Nov 20 00:35:33 GMT 2024","passed","Wed Nov 20 00:36:13 GMT 2024","","WHOLE-TESTS","WHOLE-TESTS",""
"","122","NATTEST.03","","Wed Nov 20 01:18:23 GMT 2024","failed","Wed Nov 20 01:18:23 GMT 2024","","HOL","HOL",""
"","2","ADD-REMOVE-MATCH-SS-STRINGS.01","","Wed Nov 20 00:52:35 GMT 2024","passed","Wed Nov 20 00:52:35 GMT 2024","","SPACES","SPACES",""
"","120","DEDUCTIONDTLTEST.04","","Wed Nov 20 01:14:18 GMT 2024","passed","Wed Nov 20 01:14:18 GMT 2024","","DEPENDENT-TYPES","DEPENDENT-TYPES",""
"","2","D4-TYPE-PROP.02","","Wed Nov 20 00:35:38 GMT 2024","passed","Wed Nov 20 00:35:38 GMT 2024","","HYPERON-EXPERIMENTAL-SCRIPTS","HYPERON-EXPERIMENTAL-SCRIPTS",""
"","3","PLN-STV.01","","Wed Nov 20 00:50:19 GMT 2024","passed","Wed Nov 20 00:50:19 GMT 2024","","CHAINING","CHAINING",""
"","5000","check_types-temp.b5_types_prelim","","Wed Nov 20 00:35:33 GMT 2024","passed","Wed Nov 20 00:35:38 GMT 2024","","WHOLE-TESTS","WHOLE-TESTS",""
"","2","STDLIB-METTALOG-TEST-PT2.54","","Wed Nov 20 00:54:39 GMT 2024","passed","Wed Nov 20 00:54:39 GMT 2024","","STDLIB-METTALOG","STDLIB-METTALOG",""
"","12","CREATE-SERVER.02","","Wed Nov 20 01:52:49 GMT 2024","failed","Wed Nov 20 01:52:49 GMT 2024","","DISTRIBUTED-PROCESSING","DISTRIBUTED-PROCESSING",""
"","3","SYNTHESIZE-VIA-TYPE-CHECKING.05","","Wed Nov 20 01:26:05 GMT 2024","passed","Wed Nov 20 01:26:05 GMT 2024","","EXPERIMENTS","EXPERIMENTS",""
"","2","PROB-DEP-TYPES.04","","Wed Nov 20 01:03:22 GMT 2024","passed","Wed Nov 20 01:03:22 GMT 2024","","PROB-DEP-TYPES","PROB-DEP-TYPES",""
"","3714","PROB-DEP-TYPES.16","","Wed Nov 20 01:03:22 GMT 2024","failed","Wed Nov 20 01:03:25 GMT 2024","","PROB-DEP-TYPES","PROB-DEP-TYPES",""
"","2","ADD-REMOVE-MATCH-SS-STRINGS.03","","Wed Nov 20 00:52:35 GMT 2024","passed","Wed Nov 20 00:52:35 GMT 2024","","SPACES","SPACES",""
"","3","LISTTEST.15","","Wed Nov 20 01:15:41 GMT 2024","passed","Wed Nov 20 01:15:41 GMT 2024","","COMMON","COMMON",""
"","5000","hyperon-experimental_scripts.f1_moduleA","","Wed Nov 20 00:35:33 GMT 2024","passed","Wed Nov 20 00:35:38 GMT 2024","","WHOLE-TESTS","WHOLE-TESTS",""
"","3","D4-TYPE-PROP.01","","Wed Nov 20 00:35:38 GMT 2024","passed","Wed Nov 20 00:35:38 GMT 2024","","HYPERON-EXPERIMENTAL-SCRIPTS","HYPERON-EXPERIMENTAL-SCRIPTS",""
"","1202","PLLM-PENNTREE.02","","Wed Nov 20 02:09:34 GMT 2024","passed","Wed Nov 20 02:09:35 GMT 2024","","LANGUAGE-MODELS","LANGUAGE-MODELS",""
"","5000","hyperon-experimental_scripts.e3_match_states","","Wed Nov 20 00:35:33 GMT 2024","passed","Wed Nov 20 00:35:38 GMT 2024","","WHOLE-TESTS","WHOLE-TESTS",""
"","145","SYNTHESIZE-VIA-UNIFY-TEST.10","","Wed Nov 20 01:26:05 GMT 2024","failed","Wed Nov 20 01:26:05 GMT 2024","","EXPERIMENTS","EXPERIMENTS",""
"","3","IBC-XP.01","","Wed Nov 20 01:21:33 GMT 2024","passed","Wed Nov 20 01:21:33 GMT 2024","","ITERATIVE-CHAINING","ITERATIVE-CHAINING",""
"","2","IFC-XP.03","","Wed Nov 20 01:21:33 GMT 2024","passed","Wed Nov 20 01:21:33 GMT 2024","","ITERATIVE-CHAINING","ITERATIVE-CHAINING",""
"","2","01-LANG-INC.01","","Wed Nov 20 00:37:14 GMT 2024","passed","Wed Nov 20 00:37:14 GMT 2024","","HYPERON-METTALOG-SANITY","HYPERON-METTALOG-SANITY",""
"","135","TESTS0.05","","Wed Nov 20 00:45:49 GMT 2024","passed","Wed Nov 20 00:45:49 GMT 2024","","MAIN-BRANCH","MAIN-BRANCH",""
"","2","E2-STATES.09","","Wed Nov 20 00:35:38 GMT 2024","passed","Wed Nov 20 00:35:38 GMT 2024","","HYPERON-EXPERIMENTAL-SCRIPTS","HYPERON-EXPERIMENTAL-SCRIPTS",""
"","2","TYPE-PROP.78","","Wed Nov 20 01:11:15 GMT 2024","passed","Wed Nov 20 01:11:15 GMT 2024","","CHECK-TYPES-TEMP","CHECK-TYPES-TEMP",""
"","2","E2-STATES.04","","Wed Nov 20 01:11:36 GMT 2024","passed","Wed Nov 20 01:11:36 GMT 2024","","CHECK-TYPES","CHECK-TYPES",""
"","5000","metta-morph_tests.collapse","","Wed Nov 20 00:35:33 GMT 2024","passed","Wed Nov 20 00:35:38 GMT 2024","","WHOLE-TESTS","WHOLE-TESTS",""
"","2","INF-CTL-MONTH-BC-CONT-XP.08","","Wed Nov 20 01:19:32 GMT 2024","passed","Wed Nov 20 01:19:32 GMT 2024","","INFERENCE-CONTROL","INFERENCE-CONTROL",""
"","2","BACKWARD-CHAINER-XP.09","","Wed Nov 20 01:15:26 GMT 2024","passed","Wed Nov 20 01:15:26 GMT 2024","","BACKWARD-CHAINER","BACKWARD-CHAINER",""
"","2","BACKWARD-CHAINER-XP.32","","Wed Nov 20 01:15:26 GMT 2024","passed","Wed Nov 20 01:15:26 GMT 2024","","BACKWARD-CHAINER","BACKWARD-CHAINER",""
"","2","HYPERPOSING.10","","Wed Nov 20 01:57:00 GMT 2024","passed","Wed Nov 20 01:57:00 GMT 2024","","BASIC","BASIC",""
"","2","IFC-XP.29","","Wed Nov 20 01:21:33 GMT 2024","passed","Wed Nov 20 01:21:33 GMT 2024","","ITERATIVE-CHAINING","ITERATIVE-CHAINING",""
"","2","TYPES-PRELIM.17","","Wed Nov 20 00:50:19 GMT 2024","passed","Wed Nov 20 00:50:19 GMT 2024","","CHAINING","CHAINING",""
"","13","INF-CTL-XP.14","","Wed Nov 20 01:19:32 GMT 2024","failed","Wed Nov 20 01:19:32 GMT 2024","","INFERENCE-CONTROL","INFERENCE-CONTROL",""
"","254","SYNTHESIZE-VIA-CASE-TEST.05","","Wed Nov 20 01:26:05 GMT 2024","failed","Wed Nov 20 01:26:05 GMT 2024","","EXPERIMENTS","EXPERIMENTS",""
"","3","OBIF-EASY.02","","Wed Nov 20 01:54:43 GMT 2024","passed","Wed Nov 20 01:54:43 GMT 2024","","MULTIDIRECTIONAL","MULTIDIRECTIONAL",""
"","2","TYPE-PROP.16","","Wed Nov 20 01:11:15 GMT 2024","passed","Wed Nov 20 01:11:15 GMT 2024","","CHECK-TYPES-TEMP","CHECK-TYPES-TEMP",""
"","2","ADD-REMOVE-MATCH-INTEGER.05","","Wed Nov 20 00:52:35 GMT 2024","passed","Wed Nov 20 00:52:35 GMT 2024","","SPACES","SPACES",""
"","4000","metta-morph_tests.identity","","Wed Nov 20 00:35:33 GMT 2024","passed","Wed Nov 20 00:35:37 GMT 2024","","WHOLE-TESTS","WHOLE-TESTS",""
"","2","NATPARITYTEST.07","","Wed Nov 20 01:18:23 GMT 2024","passed","Wed Nov 20 01:18:23 GMT 2024","","HOL","HOL",""
"","4000","multidirectional.obif","","Wed Nov 20 00:35:33 GMT 2024","passed","Wed Nov 20 00:35:37 GMT 2024","","WHOLE-TESTS","WHOLE-TESTS",""
"","38","NATDTLTEST.04","","Wed Nov 20 01:18:23 GMT 2024","failed","Wed Nov 20 01:18:23 GMT 2024","","HOL","HOL",""
"","144","SHOW-TYPE.10","","Wed Nov 20 00:52:21 GMT 2024","failed","Wed Nov 20 00:52:21 GMT 2024","","INTROSPECT","INTROSPECT",""
"","4000","basic.test_list_concatenation","","Wed Nov 20 00:35:33 GMT 2024","passed","Wed Nov 20 00:35:37 GMT 2024","","WHOLE-TESTS","WHOLE-TESTS",""
"","48","DEDUCTIONDTLTEST.01","","Wed Nov 20 01:14:18 GMT 2024","failed","Wed Nov 20 01:14:18 GMT 2024","","DEPENDENT-TYPES","DEPENDENT-TYPES",""
"","3","FC-XP.06","","Wed Nov 20 01:18:18 GMT 2024","passed","Wed Nov 20 01:18:18 GMT 2024","","FORWARD-CHAINING","FORWARD-CHAINING",""
"","2","ADD-REMOVE-MATCH-S-SYMBOLS.16","","Wed Nov 20 00:52:35 GMT 2024","passed","Wed Nov 20 00:52:35 GMT 2024","","SPACES","SPACES",""
"","2","IFC-XP.31","","Wed Nov 20 01:21:33 GMT 2024","passed","Wed Nov 20 01:21:33 GMT 2024","","ITERATIVE-CHAINING","ITERATIVE-CHAINING",""
"","2","GROUNDED-BASIC.04","","Wed Nov 20 00:53:17 GMT 2024","passed","Wed Nov 20 00:53:17 GMT 2024","","STD","STD",""
"","4","MATCH-FEVAL.01","","Wed Nov 20 01:48:02 GMT 2024","passed","Wed Nov 20 01:48:02 GMT 2024","","TRANSPILER","TRANSPILER",""
"","3","TESTS0.05","","Wed Nov 20 01:39:14 GMT 2024","passed","Wed Nov 20 01:39:14 GMT 2024","","NEW","NEW",""
"","39","IMPLICATIONDIRECTINTRODUCTIONDTLTEST.07","","Wed Nov 20 01:14:18 GMT 2024","failed","Wed Nov 20 01:14:18 GMT 2024","","DEPENDENT-TYPES","DEPENDENT-TYPES",""
"","59","IFC-XP.26","","Wed Nov 20 01:21:33 GMT 2024","passed","Wed Nov 20 01:21:33 GMT 2024","","ITERATIVE-CHAINING","ITERATIVE-CHAINING",""
"","3","LISTTEST.18","","Wed Nov 20 01:15:41 GMT 2024","passed","Wed Nov 20 01:15:41 GMT 2024","","COMMON","COMMON",""
"","40000","basic.fwgc1","","Wed Nov 20 00:35:33 GMT 2024","failed","Wed Nov 20 00:36:13 GMT 2024","","WHOLE-TESTS","WHOLE-TESTS",""
"","3","STATE-TYPES.05","","Wed Nov 20 01:57:00 GMT 2024","passed","Wed Nov 20 01:57:00 GMT 2024","","BASIC","BASIC",""
"","2","TESTS1-PRE.03","","Wed Nov 20 00:45:49 GMT 2024","passed","Wed Nov 20 00:45:49 GMT 2024","","MAIN-BRANCH","MAIN-BRANCH",""
"","2","TYPES-PRELIM.10","","Wed Nov 20 00:50:19 GMT 2024","passed","Wed Nov 20 00:50:19 GMT 2024","","CHAINING","CHAINING",""
"","5000","chaining.types_prelim","","Wed Nov 20 00:35:33 GMT 2024","passed","Wed Nov 20 00:35:38 GMT 2024","","WHOLE-TESTS","WHOLE-TESTS",""
"","48","TESTS1-PRE.05","","Wed Nov 20 00:45:49 GMT 2024","failed","Wed Nov 20 00:45:49 GMT 2024","","MAIN-BRANCH","MAIN-BRANCH",""
"","2","INTERSECTION-TESTS.09","","Wed Nov 20 00:37:14 GMT 2024","passed","Wed Nov 20 00:37:14 GMT 2024","","HYPERON-METTALOG-SANITY","HYPERON-METTALOG-SANITY",""
"","2","METTALOGTESTCURRIED2.04","","Wed Nov 20 01:48:28 GMT 2024","passed","Wed Nov 20 01:48:28 GMT 2024","","WALK-THRU","WALK-THRU",""
"","5000","containers_are_spaces.05_match_superpose_element_like_space","","Wed Nov 20 00:35:33 GMT 2024","passed","Wed Nov 20 00:35:38 GMT 2024","","WHOLE-TESTS","WHOLE-TESTS",""
"","2","PC-XP.09","","Wed Nov 20 01:24:14 GMT 2024","passed","Wed Nov 20 01:24:14 GMT 2024","","POLYWARD-CHAINING","POLYWARD-CHAINING",""
"","2","E2-STATES.06","","Wed Nov 20 01:11:36 GMT 2024","passed","Wed Nov 20 01:11:36 GMT 2024","","CHECK-TYPES","CHECK-TYPES",""
"","2","INF-CTL-MONTH-BC-CONT-XP.23","","Wed Nov 20 01:19:32 GMT 2024","passed","Wed Nov 20 01:19:32 GMT 2024","","INFERENCE-CONTROL","INFERENCE-CONTROL",""
"","4000","chaining.backward_chain","","Wed Nov 20 00:35:33 GMT 2024","passed","Wed Nov 20 00:35:37 GMT 2024","","WHOLE-TESTS","WHOLE-TESTS",""
"","23","INF-CTL-XP.13","","Wed Nov 20 01:19:32 GMT 2024","failed","Wed Nov 20 01:19:32 GMT 2024","","INFERENCE-CONTROL","INFERENCE-CONTROL",""
"","2","D4-TYPE-PROP.17","","Wed Nov 20 01:11:36 GMT 2024","passed","Wed Nov 20 01:11:36 GMT 2024","","CHECK-TYPES","CHECK-TYPES",""
"","4","ORIENTATION-TEST.03","","Wed Nov 20 01:25:14 GMT 2024","passed","Wed Nov 20 01:25:14 GMT 2024","","ORIENTATION","ORIENTATION",""
"","3","D2-HIGHERFUNC.27","","Wed Nov 20 00:45:22 GMT 2024","passed","Wed Nov 20 00:45:22 GMT 2024","","QUICK","QUICK",""
"","2","C2-SPACES.01","","Wed Nov 20 00:35:38 GMT 2024","passed","Wed Nov 20 00:35:38 GMT 2024","","HYPERON-EXPERIMENTAL-SCRIPTS","HYPERON-EXPERIMENTAL-SCRIPTS",""
"","2","IDENTITY.01","","Wed Nov 20 01:48:02 GMT 2024","passed","Wed Nov 20 01:48:02 GMT 2024","","TRANSPILER","TRANSPILER",""
"","1","ADD-REMOVE-MATCH-FLOAT.05","","Wed Nov 20 00:52:35 GMT 2024","passed","Wed Nov 20 00:52:35 GMT 2024","","SPACES","SPACES",""
"","2","ADD-REMOVE-MATCH-SS-SYMBOLS.16","","Wed Nov 20 00:52:35 GMT 2024","passed","Wed Nov 20 00:52:35 GMT 2024","","SPACES","SPACES",""
"","4000","metta-morph_tests.superpose_nested","","Wed Nov 20 00:35:33 GMT 2024","passed","Wed Nov 20 00:35:37 GMT 2024","","WHOLE-TESTS","WHOLE-TESTS",""
"","3","C1-GROUNDED-BASIC.07","","Wed Nov 20 00:35:38 GMT 2024","passed","Wed Nov 20 00:35:38 GMT 2024","","HYPERON-EXPERIMENTAL-SCRIPTS","HYPERON-EXPERIMENTAL-SCRIPTS",""
"","1","TMPMATCH2.02","","Wed Nov 20 01:48:28 GMT 2024","passed","Wed Nov 20 01:48:28 GMT 2024","","WALK-THRU","WALK-THRU",""
"","368","NATSTANDALONETEST.14","","Wed Nov 20 01:18:23 GMT 2024","failed","Wed Nov 20 01:18:23 GMT 2024","","HOL","HOL",""
"","4","SEALED-TEST.08","","Wed Nov 20 00:37:14 GMT 2024","passed","Wed Nov 20 00:37:14 GMT 2024","","HYPERON-METTALOG-SANITY","HYPERON-METTALOG-SANITY",""
"","77","TYPE-PROP.53","","Wed Nov 20 01:11:15 GMT 2024","failed","Wed Nov 20 01:11:15 GMT 2024","","CHECK-TYPES-TEMP","CHECK-TYPES-TEMP",""
"","2","CHAPTER-1-1.06","","Wed Nov 20 00:54:49 GMT 2024","passed","Wed Nov 20 00:54:49 GMT 2024","","SICP-BOOK","SICP-BOOK",""
"","4000","spaces.add-remove-match-mix-float-integer","","Wed Nov 20 00:35:33 GMT 2024","passed","Wed Nov 20 00:35:37 GMT 2024","","WHOLE-TESTS","WHOLE-TESTS",""
"","88","ADD-ATOM-MATCH.01","","Wed Nov 20 01:47:02 GMT 2024","failed","Wed Nov 20 01:47:02 GMT 2024","","DIRECT-COMP","DIRECT-COMP",""
"","4000","spaces.add-remove-match-s-symbols","","Wed Nov 20 00:35:33 GMT 2024","passed","Wed Nov 20 00:35:37 GMT 2024","","WHOLE-TESTS","WHOLE-TESTS",""
"","2","NATPARITYTEST.11","","Wed Nov 20 01:18:23 GMT 2024","passed","Wed Nov 20 01:18:23 GMT 2024","","HOL","HOL",""
"","4000","anti-regression.comma_is_not_special","","Wed Nov 20 00:35:33 GMT 2024","passed","Wed Nov 20 00:35:37 GMT 2024","","WHOLE-TESTS","WHOLE-TESTS",""
"","1","F1-MODULEA.04","","Wed Nov 20 00:35:38 GMT 2024","passed","Wed Nov 20 00:35:38 GMT 2024","","HYPERON-EXPERIMENTAL-SCRIPTS","HYPERON-EXPERIMENTAL-SCRIPTS",""
"","2","CHAPTER-2-4.02","","Wed Nov 20 00:54:49 GMT 2024","passed","Wed Nov 20 00:54:49 GMT 2024","","SICP-BOOK","SICP-BOOK",""
"","2","IS-SPACE.03","","Wed Nov 20 00:37:14 GMT 2024","passed","Wed Nov 20 00:37:14 GMT 2024","","HYPERON-METTALOG-SANITY","HYPERON-METTALOG-SANITY",""
"","3","NON-DETERMINISM.01","","Wed Nov 20 01:26:05 GMT 2024","passed","Wed Nov 20 01:26:05 GMT 2024","","EXPERIMENTS","EXPERIMENTS",""
"","2","MATCH-VOID.02","","Wed Nov 20 00:41:08 GMT 2024","passed","Wed Nov 20 00:41:08 GMT 2024","","METTA-MORPH-TESTS","METTA-MORPH-TESTS",""
"","13","TEST-INFER-FUNCTION-APPLICATION-TYPE.11","","Wed Nov 20 01:57:00 GMT 2024","failed","Wed Nov 20 01:57:00 GMT 2024","","BASIC","BASIC",""
"","2","ADD-REMOVE-MATCH-INTEGER.09","","Wed Nov 20 00:52:35 GMT 2024","passed","Wed Nov 20 00:52:35 GMT 2024","","SPACES","SPACES",""
"","2","XOR-TEST.04","","Wed Nov 20 00:37:14 GMT 2024","passed","Wed Nov 20 00:37:14 GMT 2024","","HYPERON-METTALOG-SANITY","HYPERON-METTALOG-SANITY",""
"","3","INF-CTL-XP.06","","Wed Nov 20 01:19:32 GMT 2024","passed","Wed Nov 20 01:19:32 GMT 2024","","INFERENCE-CONTROL","INFERENCE-CONTROL",""
"","2","AI-SERVICE-COMPOSITION-EASY.05","","Wed Nov 20 01:08:43 GMT 2024","passed","Wed Nov 20 01:08:43 GMT 2024","","AI-SERVICE","AI-SERVICE",""
"","3","SUBTYPING-TEST.01","","Wed Nov 20 01:24:18 GMT 2024","passed","Wed Nov 20 01:24:18 GMT 2024","","SUBTYPING","SUBTYPING",""
"","3","IMPLICATIONDIRECTINTRODUCTIONENTAILTEST.01","","Wed Nov 20 01:17:49 GMT 2024","passed","Wed Nov 20 01:17:49 GMT 2024","","ENTAIL","ENTAIL",""
"","95","ADD-REMOVE-MATCH-INTEGER.14","","Wed Nov 20 00:52:35 GMT 2024","passed","Wed Nov 20 00:52:35 GMT 2024","","SPACES","SPACES",""
"","4000","hyperon-mettalog_sanity.space_subtraction_tests","","Wed Nov 20 00:35:33 GMT 2024","passed","Wed Nov 20 00:35:37 GMT 2024","","WHOLE-TESTS","WHOLE-TESTS",""
"","3","FORWARD-CHAINER-XP.30","","Wed Nov 20 01:18:08 GMT 2024","passed","Wed Nov 20 01:18:08 GMT 2024","","FORWARD-CHAINER","FORWARD-CHAINER",""
"","104","TOO-EAGER-MATH.02","","Wed Nov 20 01:56:00 GMT 2024","passed","Wed Nov 20 01:56:00 GMT 2024","","POSSIBLY-WRONG","POSSIBLY-WRONG",""
"","2","D4-TYPE-PROP.15","","Wed Nov 20 01:11:36 GMT 2024","passed","Wed Nov 20 01:11:36 GMT 2024","","CHECK-TYPES","CHECK-TYPES",""
"","4000","chaining.parent_go_1","","Wed Nov 20 00:35:33 GMT 2024","passed","Wed Nov 20 00:35:37 GMT 2024","","WHOLE-TESTS","WHOLE-TESTS",""
"","14","TEST-INFER-FUNCTION-APPLICATION-TYPE.06","","Wed Nov 20 01:57:00 GMT 2024","failed","Wed Nov 20 01:57:00 GMT 2024","","BASIC","BASIC",""
"","1","EVIDENTIALTRUTHVALUETEST.03","","Wed Nov 20 01:16:08 GMT 2024","passed","Wed Nov 20 01:16:08 GMT 2024","","TRUTHVALUE","TRUTHVALUE",""
"","5000","hyperon-mettalog_sanity.unique_test","","Wed Nov 20 00:35:33 GMT 2024","passed","Wed Nov 20 00:35:38 GMT 2024","","WHOLE-TESTS","WHOLE-TESTS",""
"","15","D1-GADT.13","","Wed Nov 20 01:11:36 GMT 2024","passed","Wed Nov 20 01:11:36 GMT 2024","","CHECK-TYPES","CHECK-TYPES",""
"","2","STATE-TYPES.03","","Wed Nov 20 01:57:00 GMT 2024","passed","Wed Nov 20 01:57:00 GMT 2024","","BASIC","BASIC",""
"","2","BACKWARD-CHAINER-XP.11","","Wed Nov 20 01:15:26 GMT 2024","passed","Wed Nov 20 01:15:26 GMT 2024","","BACKWARD-CHAINER","BACKWARD-CHAINER",""
"","3","E2-STATES.12","","Wed Nov 20 01:11:36 GMT 2024","passed","Wed Nov 20 01:11:36 GMT 2024","","CHECK-TYPES","CHECK-TYPES",""
"","4000","entail.DeductionEntailTest","","Wed Nov 20 00:35:33 GMT 2024","passed","Wed Nov 20 00:35:37 GMT 2024","","WHOLE-TESTS","WHOLE-TESTS",""
"","14","V2-PLN-XP-EASY-IMPL.02","","Wed Nov 20 00:50:19 GMT 2024","passed","Wed Nov 20 00:50:19 GMT 2024","","CHAINING","CHAINING",""
"","81","B5-TYPES-PRELIM.11","","Wed Nov 20 01:11:15 GMT 2024","failed","Wed Nov 20 01:11:15 GMT 2024","","CHECK-TYPES-TEMP","CHECK-TYPES-TEMP",""
"","3","UNIQUE-TEST.01","","Wed Nov 20 00:37:14 GMT 2024","passed","Wed Nov 20 00:37:14 GMT 2024","","HYPERON-METTALOG-SANITY","HYPERON-METTALOG-SANITY",""
"","3","SYNTHESIZE-VIA-TYPE-CHECKING.09","","Wed Nov 20 01:26:05 GMT 2024","passed","Wed Nov 20 01:26:05 GMT 2024","","EXPERIMENTS","EXPERIMENTS",""
"","2","CML-UNSHARED.09","","Wed Nov 20 01:57:00 GMT 2024","passed","Wed Nov 20 01:57:00 GMT 2024","","BASIC","BASIC",""
"","2","TYPES2.02","","Wed Nov 20 00:41:08 GMT 2024","passed","Wed Nov 20 00:41:08 GMT 2024","","METTA-MORPH-TESTS","METTA-MORPH-TESTS",""
"","4","SHOW-TYPE.05","","Wed Nov 20 00:52:21 GMT 2024","passed","Wed Nov 20 00:52:21 GMT 2024","","INTROSPECT","INTROSPECT",""
"","4000","metta-morph_tests.supercollapse","","Wed Nov 20 00:35:33 GMT 2024","passed","Wed Nov 20 00:35:37 GMT 2024","","WHOLE-TESTS","WHOLE-TESTS",""
"","2","ADD-REMOVE-MATCH-MIX-FLOAT-INTEGER.18","","Wed Nov 20 00:52:35 GMT 2024","passed","Wed Nov 20 00:52:35 GMT 2024","","SPACES","SPACES",""
"","12","HYPERON-EXPERIMENTAL-ISSUE-481.02","","Wed Nov 20 01:51:44 GMT 2024","passed","Wed Nov 20 01:51:44 GMT 2024","","DEBUGGING","DEBUGGING",""
"","3","FC-XP.14","","Wed Nov 20 01:18:18 GMT 2024","passed","Wed Nov 20 01:18:18 GMT 2024","","FORWARD-CHAINING","FORWARD-CHAINING",""
"","2","D2-HIGHERFUNC.10","","Wed Nov 20 01:11:36 GMT 2024","passed","Wed Nov 20 01:11:36 GMT 2024","","CHECK-TYPES","CHECK-TYPES",""
"","2","FLIP-TEST.02","","Wed Nov 20 00:37:14 GMT 2024","passed","Wed Nov 20 00:37:14 GMT 2024","","HYPERON-METTALOG-SANITY","HYPERON-METTALOG-SANITY",""
"","2","TYPE-PROP.12","","Wed Nov 20 01:11:15 GMT 2024","passed","Wed Nov 20 01:11:15 GMT 2024","","CHECK-TYPES-TEMP","CHECK-TYPES-TEMP",""
"","2","C1-GROUNDED-BASIC.06","","Wed Nov 20 00:35:38 GMT 2024","passed","Wed Nov 20 00:35:38 GMT 2024","","HYPERON-EXPERIMENTAL-SCRIPTS","HYPERON-EXPERIMENTAL-SCRIPTS",""
"","50","NATSTANDALONETEST.15","","Wed Nov 20 01:18:23 GMT 2024","failed","Wed Nov 20 01:18:23 GMT 2024","","HOL","HOL",""
"","66","V2-PLN-XP.01","","Wed Nov 20 00:50:19 GMT 2024","failed","Wed Nov 20 00:50:19 GMT 2024","","CHAINING","CHAINING",""
"","268","NATSIMPLETEST.03","","Wed Nov 20 01:18:23 GMT 2024","failed","Wed Nov 20 01:18:23 GMT 2024","","HOL","HOL",""
"","40000","comparisons.naive-fib","","Wed Nov 20 00:35:33 GMT 2024","failed","Wed Nov 20 00:36:13 GMT 2024","","WHOLE-TESTS","WHOLE-TESTS",""
"","2","BC-XP.14","","Wed Nov 20 01:15:32 GMT 2024","passed","Wed Nov 20 01:15:32 GMT 2024","","BACKWARD-CHAINING","BACKWARD-CHAINING",""
"","8","STDLIB-METTALOG-TEST-PT2.14","","Wed Nov 20 00:54:39 GMT 2024","passed","Wed Nov 20 00:54:39 GMT 2024","","STDLIB-METTALOG","STDLIB-METTALOG",""
"","3","TESTS0.04","","Wed Nov 20 01:30:18 GMT 2024","passed","Wed Nov 20 01:30:18 GMT 2024","","CURRENT","CURRENT",""
"","1","FC-XP.25","","Wed Nov 20 01:18:18 GMT 2024","passed","Wed Nov 20 01:18:18 GMT 2024","","FORWARD-CHAINING","FORWARD-CHAINING",""
"","1","CHAPTER-1-1.11","","Wed Nov 20 00:54:49 GMT 2024","passed","Wed Nov 20 00:54:49 GMT 2024","","SICP-BOOK","SICP-BOOK",""
"","2","ADD-REMOVE-MATCH-STRINGS.11","","Wed Nov 20 00:52:35 GMT 2024","passed","Wed Nov 20 00:52:35 GMT 2024","","SPACES","SPACES",""
"","1","TYPE-PROP.44","","Wed Nov 20 01:11:15 GMT 2024","passed","Wed Nov 20 01:11:15 GMT 2024","","CHECK-TYPES-TEMP","CHECK-TYPES-TEMP",""
"","2","NUMTEST.05","","Wed Nov 20 01:15:41 GMT 2024","passed","Wed Nov 20 01:15:41 GMT 2024","","COMMON","COMMON",""
"","3","FIRST-ANSWER.02","","Wed Nov 20 00:37:14 GMT 2024","passed","Wed Nov 20 00:37:14 GMT 2024","","HYPERON-METTALOG-SANITY","HYPERON-METTALOG-SANITY",""
"","3","A2-OPENCOGGY.01","","Wed Nov 20 00:35:38 GMT 2024","passed","Wed Nov 20 00:35:38 GMT 2024","","HYPERON-EXPERIMENTAL-SCRIPTS","HYPERON-EXPERIMENTAL-SCRIPTS",""
"","3","HYPERPOSING-SHARED.01","","Wed Nov 20 01:57:00 GMT 2024","passed","Wed Nov 20 01:57:00 GMT 2024","","BASIC","BASIC",""
"","3","E2-STATES.01","","Wed Nov 20 01:11:36 GMT 2024","passed","Wed Nov 20 01:11:36 GMT 2024","","CHECK-TYPES","CHECK-TYPES",""
"","2","NATPARITYTEST.16","","Wed Nov 20 01:18:23 GMT 2024","passed","Wed Nov 20 01:18:23 GMT 2024","","HOL","HOL",""
"","3","HYPERPOSING-UNSHARED.01","","Wed Nov 20 01:57:00 GMT 2024","passed","Wed Nov 20 01:57:00 GMT 2024","","BASIC","BASIC",""
"","3","CHAPTER-2-2.06","","Wed Nov 20 00:54:49 GMT 2024","passed","Wed Nov 20 00:54:49 GMT 2024","","SICP-BOOK","SICP-BOOK",""
"","57","B5-TYPES-PRELIM.14","","Wed Nov 20 01:11:15 GMT 2024","failed","Wed Nov 20 01:11:15 GMT 2024","","CHECK-TYPES-TEMP","CHECK-TYPES-TEMP",""
"","40000","dependent-types.MinerDTL2Test","","Wed Nov 20 00:35:33 GMT 2024","failed","Wed Nov 20 00:36:13 GMT 2024","","WHOLE-TESTS","WHOLE-TESTS",""
"","2","ADD-REMOVE-MATCH-MIX-FLOAT-INTEGER.12","","Wed Nov 20 00:52:35 GMT 2024","passed","Wed Nov 20 00:52:35 GMT 2024","","SPACES","SPACES",""
"","2","TRUTHVALUETEST.04","","Wed Nov 20 01:16:08 GMT 2024","passed","Wed Nov 20 01:16:08 GMT 2024","","TRUTHVALUE","TRUTHVALUE",""
"","2","HYPERPOSE.01","","Wed Nov 20 00:41:08 GMT 2024","passed","Wed Nov 20 00:41:08 GMT 2024","","METTA-MORPH-TESTS","METTA-MORPH-TESTS",""
"","2","D2-HIGHERFUNC.16","","Wed Nov 20 00:45:22 GMT 2024","passed","Wed Nov 20 00:45:22 GMT 2024","","QUICK","QUICK",""
"","15","D1-GADT.04","","Wed Nov 20 00:45:22 GMT 2024","passed","Wed Nov 20 00:45:22 GMT 2024","","QUICK","QUICK",""
"","2","INTERSECTION-TESTS.10","","Wed Nov 20 00:37:14 GMT 2024","passed","Wed Nov 20 00:37:14 GMT 2024","","HYPERON-METTALOG-SANITY","HYPERON-METTALOG-SANITY",""
"","2","TESTS3.05","","Wed Nov 20 00:45:49 GMT 2024","passed","Wed Nov 20 00:45:49 GMT 2024","","MAIN-BRANCH","MAIN-BRANCH",""
"","1206","TRAINING-BI.01","","Wed Nov 20 02:09:34 GMT 2024","passed","Wed Nov 20 02:09:35 GMT 2024","","LANGUAGE-MODELS","LANGUAGE-MODELS",""
"","2","PREREQS.03","","Wed Nov 20 00:45:49 GMT 2024","passed","Wed Nov 20 00:45:49 GMT 2024","","MAIN-BRANCH","MAIN-BRANCH",""
"","5","03-SORING-VIA-INSERT.01","","Wed Nov 20 00:37:14 GMT 2024","passed","Wed Nov 20 00:37:14 GMT 2024","","HYPERON-METTALOG-SANITY","HYPERON-METTALOG-SANITY",""
"","2","ADD-REMOVE-MATCH-MIX-FLOAT-INTEGER.22","","Wed Nov 20 00:52:35 GMT 2024","passed","Wed Nov 20 00:52:35 GMT 2024","","SPACES","SPACES",""
"","2","BC-XP.06","","Wed Nov 20 01:15:32 GMT 2024","passed","Wed Nov 20 01:15:32 GMT 2024","","BACKWARD-CHAINING","BACKWARD-CHAINING",""
"","2","QUERIES.02","","Wed Nov 20 01:07:51 GMT 2024","passed","Wed Nov 20 01:07:51 GMT 2024","","STRIPS-TO-METTA-IMPROVED","STRIPS-TO-METTA-IMPROVED",""
"","2","STDLIB-METTALOG-TEST-PT2.61","","Wed Nov 20 00:54:39 GMT 2024","passed","Wed Nov 20 00:54:39 GMT 2024","","STDLIB-METTALOG","STDLIB-METTALOG",""
"","1","TYPE-PROP.11","","Wed Nov 20 01:11:15 GMT 2024","passed","Wed Nov 20 01:11:15 GMT 2024","","CHECK-TYPES-TEMP","CHECK-TYPES-TEMP",""
"","3","DEDUCTIONDTLTEST.03","","Wed Nov 20 01:14:18 GMT 2024","passed","Wed Nov 20 01:14:18 GMT 2024","","DEPENDENT-TYPES","DEPENDENT-TYPES",""
"","3","SUPERPOSE-NESTED.01","","Wed Nov 20 00:41:08 GMT 2024","passed","Wed Nov 20 00:41:08 GMT 2024","","METTA-MORPH-TESTS","METTA-MORPH-TESTS",""
"","2","SPACE-INTERSECTION-TESTS.13","","Wed Nov 20 00:37:14 GMT 2024","passed","Wed Nov 20 00:37:14 GMT 2024","","HYPERON-METTALOG-SANITY","HYPERON-METTALOG-SANITY",""
"","5000","nars_v0.tests0","","Wed Nov 20 00:35:33 GMT 2024","passed","Wed Nov 20 00:35:38 GMT 2024","","WHOLE-TESTS","WHOLE-TESTS",""
"","2","UNIQUE-TEST.06","","Wed Nov 20 00:37:14 GMT 2024","passed","Wed Nov 20 00:37:14 GMT 2024","","HYPERON-METTALOG-SANITY","HYPERON-METTALOG-SANITY",""
"","2","INTERSECTION-TESTS.24","","Wed Nov 20 00:37:14 GMT 2024","passed","Wed Nov 20 00:37:14 GMT 2024","","HYPERON-METTALOG-SANITY","HYPERON-METTALOG-SANITY",""
"","41000","comparisons.nils_if_control_test_10","","Wed Nov 20 00:35:33 GMT 2024","failed","Wed Nov 20 00:36:14 GMT 2024","","WHOLE-TESTS","WHOLE-TESTS",""
"","3","FORWARD-CHAINER-TEST.02","","Wed Nov 20 01:18:08 GMT 2024","passed","Wed Nov 20 01:18:08 GMT 2024","","FORWARD-CHAINER","FORWARD-CHAINER",""
"","3","D2-HIGHERFUNC.01","","Wed Nov 20 00:35:38 GMT 2024","passed","Wed Nov 20 00:35:38 GMT 2024","","HYPERON-EXPERIMENTAL-SCRIPTS","HYPERON-EXPERIMENTAL-SCRIPTS",""
"","78","STATE-TYPES.06","","Wed Nov 20 01:57:00 GMT 2024","failed","Wed Nov 20 01:57:00 GMT 2024","","BASIC","BASIC",""
"","43000","examples.expression","","Wed Nov 20 00:35:33 GMT 2024","failed","Wed Nov 20 00:36:16 GMT 2024","","WHOLE-TESTS","WHOLE-TESTS",""
"","47","IBC-XP.07","","Wed Nov 20 01:21:33 GMT 2024","failed","Wed Nov 20 01:21:33 GMT 2024","","ITERATIVE-CHAINING","ITERATIVE-CHAINING",""
"","2","GROUNDED-BASIC.01","","Wed Nov 20 00:53:17 GMT 2024","passed","Wed Nov 20 00:53:17 GMT 2024","","STD","STD",""
"","70","C1-GROUNDED-BASIC.19","","Wed Nov 20 00:45:22 GMT 2024","passed","Wed Nov 20 00:45:22 GMT 2024","","QUICK","QUICK",""
"","4000","equal.ImplicationDirectIntroductionEqualTest","","Wed Nov 20 00:35:33 GMT 2024","passed","Wed Nov 20 00:35:37 GMT 2024","","WHOLE-TESTS","WHOLE-TESTS",""
"","4000","iterators.lazy_test","","Wed Nov 20 00:35:33 GMT 2024","passed","Wed Nov 20 00:35:37 GMT 2024","","WHOLE-TESTS","WHOLE-TESTS",""
"","2","SYNTHESIZE-VIA-TYPE-CHECKING.04","","Wed Nov 20 01:26:05 GMT 2024","passed","Wed Nov 20 01:26:05 GMT 2024","","EXPERIMENTS","EXPERIMENTS",""
"","2","F1-IMPORTS.08","","Wed Nov 20 00:35:29 GMT 2024","passed","Wed Nov 20 00:35:29 GMT 2024","","MODULE-SYSTEM","MODULE-SYSTEM",""
"","3","TYPES-PRELIM.05","","Wed Nov 20 00:50:19 GMT 2024","passed","Wed Nov 20 00:50:19 GMT 2024","","CHAINING","CHAINING",""
"","2","ADD-REMOVE-MATCH-MIX-FLOAT-INTEGER.15","","Wed Nov 20 00:52:35 GMT 2024","passed","Wed Nov 20 00:52:35 GMT 2024","","SPACES","SPACES",""
"","5000","hyperon-mettalog_sanity.intersection_tests","","Wed Nov 20 00:35:33 GMT 2024","passed","Wed Nov 20 00:35:38 GMT 2024","","WHOLE-TESTS","WHOLE-TESTS",""
"","3","BACKWARD-CHAINER-XP.41","","Wed Nov 20 01:15:26 GMT 2024","passed","Wed Nov 20 01:15:26 GMT 2024","","BACKWARD-CHAINER","BACKWARD-CHAINER",""
"","3","UNIFY-VIA-CASE.02","","Wed Nov 20 01:26:05 GMT 2024","passed","Wed Nov 20 01:26:05 GMT 2024","","EXPERIMENTS","EXPERIMENTS",""
"","2","BC-COMP.02","","Wed Nov 20 00:43:12 GMT 2024","passed","Wed Nov 20 00:43:12 GMT 2024","","ANTI-REGRESSION","ANTI-REGRESSION",""
"","3","UTILS-TEST.01","","Wed Nov 20 01:15:22 GMT 2024","passed","Wed Nov 20 01:15:22 GMT 2024","","UTILS","UTILS",""
"","45000","prev.tests1","","Wed Nov 20 00:35:33 GMT 2024","failed","Wed Nov 20 00:36:18 GMT 2024","","WHOLE-TESTS","WHOLE-TESTS",""
"","2","ADD-REMOVE-MATCH-MIX-FLOAT-INTEGER.23","","Wed Nov 20 00:52:35 GMT 2024","passed","Wed Nov 20 00:52:35 GMT 2024","","SPACES","SPACES",""
"","2","DEDUCTIONIMPLICATIONDIRECTINTRODUCTIONDTLTEST.01","","Wed Nov 20 01:14:18 GMT 2024","passed","Wed Nov 20 01:14:18 GMT 2024","","DEPENDENT-TYPES","DEPENDENT-TYPES",""
"","2","SELF-CONTAINED-SYNTHESIZE.05","","Wed Nov 20 01:26:05 GMT 2024","passed","Wed Nov 20 01:26:05 GMT 2024","","EXPERIMENTS","EXPERIMENTS",""
"","45000","typed-variables.even-number","","Wed Nov 20 00:35:33 GMT 2024","failed","Wed Nov 20 00:36:18 GMT 2024","","WHOLE-TESTS","WHOLE-TESTS",""
"","8000","ai-service.ai-service-composition-easy","","Wed Nov 20 00:35:33 GMT 2024","passed","Wed Nov 20 00:35:41 GMT 2024","","WHOLE-TESTS","WHOLE-TESTS",""
"","113","SHOW-TYPE.12","","Wed Nov 20 00:52:21 GMT 2024","failed","Wed Nov 20 00:52:21 GMT 2024","","INTROSPECT","INTROSPECT",""
"","45000","nars_v0.tests3","","Wed Nov 20 00:35:33 GMT 2024","failed","Wed Nov 20 00:36:18 GMT 2024","","WHOLE-TESTS","WHOLE-TESTS",""
"","88","EXAM-SPACES.04","","Wed Nov 20 00:52:21 GMT 2024","passed","Wed Nov 20 00:52:21 GMT 2024","","INTROSPECT","INTROSPECT",""
"","1","TYPE-PROP.05","","Wed Nov 20 00:50:19 GMT 2024","passed","Wed Nov 20 00:50:19 GMT 2024","","CHAINING","CHAINING",""
"","279","BASIC.02","","Wed Nov 20 01:08:32 GMT 2024","passed","Wed Nov 20 01:08:32 GMT 2024","","TRAVERSER","TRAVERSER",""
"","2","CURRIED-CHAINER.05","","Wed Nov 20 01:16:18 GMT 2024","passed","Wed Nov 20 01:16:18 GMT 2024","","CURRIED-CHAINING","CURRIED-CHAINING",""
"","8","D2-HIGHERFUNC.21","","Wed Nov 20 00:45:22 GMT 2024","passed","Wed Nov 20 00:45:22 GMT 2024","","QUICK","QUICK",""
"","2","D4-TYPE-PROP.13","","Wed Nov 20 00:45:22 GMT 2024","passed","Wed Nov 20 00:45:22 GMT 2024","","QUICK","QUICK",""
"","1","ADD-REMOVE-MATCH-S-SYMBOLS.04","","Wed Nov 20 00:52:35 GMT 2024","passed","Wed Nov 20 00:52:35 GMT 2024","","SPACES","SPACES",""
"","25000","language_models.training","","Wed Nov 20 00:35:33 GMT 2024","passed","Wed Nov 20 00:35:58 GMT 2024","","WHOLE-TESTS","WHOLE-TESTS",""
"","2","TMPMATCH1.01","","Wed Nov 20 00:43:12 GMT 2024","passed","Wed Nov 20 00:43:12 GMT 2024","","ANTI-REGRESSION","ANTI-REGRESSION",""
"","244","PROB-DEP-TYPES.12","","Wed Nov 20 01:03:22 GMT 2024","passed","Wed Nov 20 01:03:22 GMT 2024","","PROB-DEP-TYPES","PROB-DEP-TYPES",""
"","2","CHAPTER-2-4.04","","Wed Nov 20 00:54:49 GMT 2024","passed","Wed Nov 20 00:54:49 GMT 2024","","SICP-BOOK","SICP-BOOK",""
"","4","INF-CTL-XP.04","","Wed Nov 20 01:19:32 GMT 2024","passed","Wed Nov 20 01:19:32 GMT 2024","","INFERENCE-CONTROL","INFERENCE-CONTROL",""
"","42000","examples.benchmark","","Wed Nov 20 00:35:33 GMT 2024","failed","Wed Nov 20 00:36:15 GMT 2024","","WHOLE-TESTS","WHOLE-TESTS",""
"","2","TESTS5.08","","Wed Nov 20 00:45:49 GMT 2024","passed","Wed Nov 20 00:45:49 GMT 2024","","MAIN-BRANCH","MAIN-BRANCH",""
"","2","TMPMATCH1.04","","Wed Nov 20 00:43:12 GMT 2024","passed","Wed Nov 20 00:43:12 GMT 2024","","ANTI-REGRESSION","ANTI-REGRESSION",""
"","1","ADD-REMOVE-MATCH-INTEGER.43","","Wed Nov 20 00:52:35 GMT 2024","passed","Wed Nov 20 00:52:35 GMT 2024","","SPACES","SPACES",""
"","1","D2-HIGHERFUNC.06","","Wed Nov 20 00:45:22 GMT 2024","passed","Wed Nov 20 00:45:22 GMT 2024","","QUICK","QUICK",""
"","2","CHAPTER-1-1.20","","Wed Nov 20 00:54:49 GMT 2024","passed","Wed Nov 20 00:54:49 GMT 2024","","SICP-BOOK","SICP-BOOK",""
"","2","TYPE-PROP.39","","Wed Nov 20 01:11:15 GMT 2024","passed","Wed Nov 20 01:11:15 GMT 2024","","CHECK-TYPES-TEMP","CHECK-TYPES-TEMP",""
"","2","C1-GROUNDED-BASIC.21","","Wed Nov 20 00:35:38 GMT 2024","passed","Wed Nov 20 00:35:38 GMT 2024","","HYPERON-EXPERIMENTAL-SCRIPTS","HYPERON-EXPERIMENTAL-SCRIPTS",""
"","2","TYPES.01","","Wed Nov 20 00:41:08 GMT 2024","passed","Wed Nov 20 00:41:08 GMT 2024","","METTA-MORPH-TESTS","METTA-MORPH-TESTS",""
"","3","INTERSECTION-TESTS.14","","Wed Nov 20 00:37:14 GMT 2024","passed","Wed Nov 20 00:37:14 GMT 2024","","HYPERON-METTALOG-SANITY","HYPERON-METTALOG-SANITY",""
"","2","BC-XP.03","","Wed Nov 20 01:15:32 GMT 2024","passed","Wed Nov 20 01:15:32 GMT 2024","","BACKWARD-CHAINING","BACKWARD-CHAINING",""
"","2","SEQUENTIAL-NESTED.08","","Wed Nov 20 00:41:08 GMT 2024","passed","Wed Nov 20 00:41:08 GMT 2024","","METTA-MORPH-TESTS","METTA-MORPH-TESTS",""
"","15","05-MATCH-SUPERPOSE-ELEMENT-LIKE-SPACE.02","","Wed Nov 20 01:51:39 GMT 2024","failed","Wed Nov 20 01:51:39 GMT 2024","","CONTAINERS-ARE-SPACES","CONTAINERS-ARE-SPACES",""
"","44","SUBTYPING-TEST.04","","Wed Nov 20 01:24:18 GMT 2024","passed","Wed Nov 20 01:24:18 GMT 2024","","SUBTYPING","SUBTYPING",""
"","2","ADD-REMOVE-MATCH-INTEGER.27","","Wed Nov 20 00:52:35 GMT 2024","passed","Wed Nov 20 00:52:35 GMT 2024","","SPACES","SPACES",""
"","1172","SYNTHESIZE-VIA-LET-TEST.08","","Wed Nov 20 01:26:05 GMT 2024","failed","Wed Nov 20 01:26:06 GMT 2024","","EXPERIMENTS","EXPERIMENTS",""
"","3","D1-GADT.07","","Wed Nov 20 00:45:22 GMT 2024","passed","Wed Nov 20 00:45:22 GMT 2024","","QUICK","QUICK",""
"","2","UNIFY-VIA-LET.02","","Wed Nov 20 01:26:05 GMT 2024","passed","Wed Nov 20 01:26:05 GMT 2024","","EXPERIMENTS","EXPERIMENTS",""
"","41000","combinator-calculi.y_comb_examples","","Wed Nov 20 00:35:33 GMT 2024","failed","Wed Nov 20 00:36:14 GMT 2024","","WHOLE-TESTS","WHOLE-TESTS",""
"","2","STDLIB-METTALOG-TEST-PT2.09","","Wed Nov 20 00:54:39 GMT 2024","passed","Wed Nov 20 00:54:39 GMT 2024","","STDLIB-METTALOG","STDLIB-METTALOG",""
"","2","INF-CTL-MONTH-BC-CONT-XP.13","","Wed Nov 20 01:19:32 GMT 2024","passed","Wed Nov 20 01:19:32 GMT 2024","","INFERENCE-CONTROL","INFERENCE-CONTROL",""
"","3","IBC-XP.27","","Wed Nov 20 01:21:33 GMT 2024","passed","Wed Nov 20 01:21:33 GMT 2024","","ITERATIVE-CHAINING","ITERATIVE-CHAINING",""
"","15","INF-CTL-XP.15","","Wed Nov 20 01:19:32 GMT 2024","failed","Wed Nov 20 01:19:32 GMT 2024","","INFERENCE-CONTROL","INFERENCE-CONTROL",""
"","2","F1-IMPORTS.16","","Wed Nov 20 00:35:38 GMT 2024","passed","Wed Nov 20 00:35:38 GMT 2024","","HYPERON-EXPERIMENTAL-SCRIPTS","HYPERON-EXPERIMENTAL-SCRIPTS",""
"","2","NATSTANDALONETEST.09","","Wed Nov 20 01:18:23 GMT 2024","passed","Wed Nov 20 01:18:23 GMT 2024","","HOL","HOL",""
"","1","IMPL-METTALOGTESTCURRIED.11","","Wed Nov 20 01:48:28 GMT 2024","passed","Wed Nov 20 01:48:28 GMT 2024","","WALK-THRU","WALK-THRU",""
"","2","BCHAIN-COMP.03","","Wed Nov 20 01:48:28 GMT 2024","passed","Wed Nov 20 01:48:28 GMT 2024","","WALK-THRU","WALK-THRU",""
"","2","D1-GADT.14","","Wed Nov 20 01:11:36 GMT 2024","passed","Wed Nov 20 01:11:36 GMT 2024","","CHECK-TYPES","CHECK-TYPES",""
"","2","SUBTRACTION-TEST.04","","Wed Nov 20 00:37:14 GMT 2024","passed","Wed Nov 20 00:37:14 GMT 2024","","HYPERON-METTALOG-SANITY","HYPERON-METTALOG-SANITY",""
"","3","DEBUG-METTALOGTESTCURRIED.01","","Wed Nov 20 01:48:28 GMT 2024","passed","Wed Nov 20 01:48:28 GMT 2024","","WALK-THRU","WALK-THRU",""
"","6000","current.tests0","","Wed Nov 20 00:35:33 GMT 2024","passed","Wed Nov 20 00:35:39 GMT 2024","","WHOLE-TESTS","WHOLE-TESTS",""
"","4000","game_of_clue.game_of_clue","","Wed Nov 20 00:35:33 GMT 2024","passed","Wed Nov 20 00:35:37 GMT 2024","","WHOLE-TESTS","WHOLE-TESTS",""
"","56","F1-IMPORTS.21","","Wed Nov 20 00:35:38 GMT 2024","passed","Wed Nov 20 00:35:38 GMT 2024","","HYPERON-EXPERIMENTAL-SCRIPTS","HYPERON-EXPERIMENTAL-SCRIPTS",""
"","7000","metta-morph_tests.factorial","","Wed Nov 20 00:35:33 GMT 2024","passed","Wed Nov 20 00:35:40 GMT 2024","","WHOLE-TESTS","WHOLE-TESTS",""
"","2","TMPMATCH2.01","","Wed Nov 20 01:48:28 GMT 2024","passed","Wed Nov 20 01:48:28 GMT 2024","","WALK-THRU","WALK-THRU",""
"","2","B4-NONDETERM.05","","Wed Nov 20 00:35:38 GMT 2024","passed","Wed Nov 20 00:35:38 GMT 2024","","HYPERON-EXPERIMENTAL-SCRIPTS","HYPERON-EXPERIMENTAL-SCRIPTS",""
"","3","D4-TYPE-PROP.17","","Wed Nov 20 00:35:38 GMT 2024","passed","Wed Nov 20 00:35:38 GMT 2024","","HYPERON-EXPERIMENTAL-SCRIPTS","HYPERON-EXPERIMENTAL-SCRIPTS",""
"","4000","loop-checks.06_loop_0","","Wed Nov 20 00:35:33 GMT 2024","passed","Wed Nov 20 00:35:37 GMT 2024","","WHOLE-TESTS","WHOLE-TESTS",""
"","1","SEQUENTIAL-NESTED.06","","Wed Nov 20 00:41:08 GMT 2024","passed","Wed Nov 20 00:41:08 GMT 2024","","METTA-MORPH-TESTS","METTA-MORPH-TESTS",""
"","3","D1-GADT.12","","Wed Nov 20 01:11:36 GMT 2024","passed","Wed Nov 20 01:11:36 GMT 2024","","CHECK-TYPES","CHECK-TYPES",""
"","2","D2-HIGHERFUNC.18","","Wed Nov 20 00:35:38 GMT 2024","passed","Wed Nov 20 00:35:38 GMT 2024","","HYPERON-EXPERIMENTAL-SCRIPTS","HYPERON-EXPERIMENTAL-SCRIPTS",""
"","2","OR-TEST.06","","Wed Nov 20 00:37:14 GMT 2024","passed","Wed Nov 20 00:37:14 GMT 2024","","HYPERON-METTALOG-SANITY","HYPERON-METTALOG-SANITY",""
"","3","B2-BACKCHAIN.01","","Wed Nov 20 00:35:38 GMT 2024","passed","Wed Nov 20 00:35:38 GMT 2024","","HYPERON-EXPERIMENTAL-SCRIPTS","HYPERON-EXPERIMENTAL-SCRIPTS",""
"","144","STDLIB-METTALOG-TEST-PT2.75","","Wed Nov 20 00:54:39 GMT 2024","failed","Wed Nov 20 00:54:39 GMT 2024","","STDLIB-METTALOG","STDLIB-METTALOG",""
"","1921","TESTS3.04","","Wed Nov 20 00:45:49 GMT 2024","failed","Wed Nov 20 00:45:50 GMT 2024","","MAIN-BRANCH","MAIN-BRANCH",""
"","2","SYNTHESIZE-VIA-TYPE-CHECKING.11","","Wed Nov 20 01:26:05 GMT 2024","passed","Wed Nov 20 01:26:05 GMT 2024","","EXPERIMENTS","EXPERIMENTS",""
"","6000","entail.ImplicationDirectIntroductionEntailTest","","Wed Nov 20 00:35:33 GMT 2024","passed","Wed Nov 20 00:35:39 GMT 2024","","WHOLE-TESTS","WHOLE-TESTS",""
"","41","IFC-XP.20","","Wed Nov 20 01:21:33 GMT 2024","failed","Wed Nov 20 01:21:33 GMT 2024","","ITERATIVE-CHAINING","ITERATIVE-CHAINING",""
"","4000","strips-to-metta-flat.queries_flat","","Wed Nov 20 00:35:33 GMT 2024","passed","Wed Nov 20 00:35:37 GMT 2024","","WHOLE-TESTS","WHOLE-TESTS",""
"","2","SPACE-SUBTRACTION-TESTS.01","","Wed Nov 20 00:37:14 GMT 2024","passed","Wed Nov 20 00:37:14 GMT 2024","","HYPERON-METTALOG-SANITY","HYPERON-METTALOG-SANITY",""
"","1","ADD-REMOVE-MATCH-S-SYMBOLS.06","","Wed Nov 20 00:52:35 GMT 2024","passed","Wed Nov 20 00:52:35 GMT 2024","","SPACES","SPACES",""
"","7000","dependent-types.DeductionDTLTest","","Wed Nov 20 00:35:33 GMT 2024","passed","Wed Nov 20 00:35:40 GMT 2024","","WHOLE-TESTS","WHOLE-TESTS",""
"","14","TEST-INFER-FUNCTION-APPLICATION-TYPE.10","","Wed Nov 20 01:57:00 GMT 2024","failed","Wed Nov 20 01:57:00 GMT 2024","","BASIC","BASIC",""
"","2","D4-TYPE-PROP.16","","Wed Nov 20 00:45:22 GMT 2024","passed","Wed Nov 20 00:45:22 GMT 2024","","QUICK","QUICK",""
"","1","HYPERPOSING-SHARED.05","","Wed Nov 20 01:57:00 GMT 2024","passed","Wed Nov 20 01:57:00 GMT 2024","","BASIC","BASIC",""
"","64","ADD-REMOVE-MATCH-INTEGER.40","","Wed Nov 20 00:52:35 GMT 2024","passed","Wed Nov 20 00:52:35 GMT 2024","","SPACES","SPACES",""
"","6000","walk_thru.impl_mettalogTestCurried","","Wed Nov 20 00:35:33 GMT 2024","passed","Wed Nov 20 00:35:39 GMT 2024","","WHOLE-TESTS","WHOLE-TESTS",""
"","2","ORDEREDSETTEST.09","","Wed Nov 20 01:15:41 GMT 2024","passed","Wed Nov 20 01:15:41 GMT 2024","","COMMON","COMMON",""
"","2","ADD-REMOVE-MATCH-MIX-FLOAT-INTEGER.04","","Wed Nov 20 00:52:35 GMT 2024","passed","Wed Nov 20 00:52:35 GMT 2024","","SPACES","SPACES",""
"","1334","TESTS5.05","","Wed Nov 20 00:45:49 GMT 2024","failed","Wed Nov 20 00:45:50 GMT 2024","","MAIN-BRANCH","MAIN-BRANCH",""
"","2","INF-CTL-MONTH-XP-SHORT-3.05","","Wed Nov 20 02:03:20 GMT 2024","passed","Wed Nov 20 02:03:20 GMT 2024","","COMPARISONS","COMPARISONS",""
"","2","FORWARD-CHAINER-TEST.15","","Wed Nov 20 01:18:08 GMT 2024","passed","Wed Nov 20 01:18:08 GMT 2024","","FORWARD-CHAINER","FORWARD-CHAINER",""
"","2","C1-GROUNDED-BASIC.04","","Wed Nov 20 00:35:38 GMT 2024","passed","Wed Nov 20 00:35:38 GMT 2024","","HYPERON-EXPERIMENTAL-SCRIPTS","HYPERON-EXPERIMENTAL-SCRIPTS",""
"","2","NATPARITYTEST.10","","Wed Nov 20 01:18:23 GMT 2024","passed","Wed Nov 20 01:18:23 GMT 2024","","HOL","HOL",""
"","2","C2-SPACES.05","","Wed Nov 20 00:35:38 GMT 2024","passed","Wed Nov 20 00:35:38 GMT 2024","","HYPERON-EXPERIMENTAL-SCRIPTS","HYPERON-EXPERIMENTAL-SCRIPTS",""
"","2","ADD-REMOVE-MATCH-SYMBOLS.15","","Wed Nov 20 00:52:35 GMT 2024","passed","Wed Nov 20 00:52:35 GMT 2024","","SPACES","SPACES",""
"","1","TYPE-PROP.05","","Wed Nov 20 01:11:15 GMT 2024","passed","Wed Nov 20 01:11:15 GMT 2024","","CHECK-TYPES-TEMP","CHECK-TYPES-TEMP",""
"","4000","walk_thru.tmpMatch1","","Wed Nov 20 00:35:33 GMT 2024","passed","Wed Nov 20 00:35:37 GMT 2024","","WHOLE-TESTS","WHOLE-TESTS",""
"","6000","main-branch.nalifier_Prev","","Wed Nov 20 00:35:33 GMT 2024","passed","Wed Nov 20 00:35:39 GMT 2024","","WHOLE-TESTS","WHOLE-TESTS",""
"","2","DEBUG-METTALOGTESTCURRIED.06","","Wed Nov 20 01:48:28 GMT 2024","passed","Wed Nov 20 01:48:28 GMT 2024","","WALK-THRU","WALK-THRU",""
"","72","B4-NONDETERM.03","","Wed Nov 20 00:35:38 GMT 2024","passed","Wed Nov 20 00:35:38 GMT 2024","","HYPERON-EXPERIMENTAL-SCRIPTS","HYPERON-EXPERIMENTAL-SCRIPTS",""
"","2","HIGHER-ORDER-FUNCS.04","","Wed Nov 20 00:53:17 GMT 2024","passed","Wed Nov 20 00:53:17 GMT 2024","","STD","STD",""
"","6000","nars_extras.NARS_BuildTupleCounts","","Wed Nov 20 00:35:33 GMT 2024","passed","Wed Nov 20 00:35:39 GMT 2024","","WHOLE-TESTS","WHOLE-TESTS",""
"","2","BC-XP.13","","Wed Nov 20 01:15:32 GMT 2024","passed","Wed Nov 20 01:15:32 GMT 2024","","BACKWARD-CHAINING","BACKWARD-CHAINING",""
"","3","F1-MODULEA.10","","Wed Nov 20 00:35:38 GMT 2024","passed","Wed Nov 20 00:35:38 GMT 2024","","HYPERON-EXPERIMENTAL-SCRIPTS","HYPERON-EXPERIMENTAL-SCRIPTS",""
"","2","TYPE-PROP.06","","Wed Nov 20 00:50:19 GMT 2024","passed","Wed Nov 20 00:50:19 GMT 2024","","CHAINING","CHAINING",""
"","4","MINNARS-PREV.01","","Wed Nov 20 00:45:49 GMT 2024","passed","Wed Nov 20 00:45:49 GMT 2024","","MAIN-BRANCH","MAIN-BRANCH",""
"","1","F1-MODULEA.07","","Wed Nov 20 00:35:29 GMT 2024","passed","Wed Nov 20 00:35:29 GMT 2024","","MODULE-SYSTEM","MODULE-SYSTEM",""
"","2","C1-GROUNDED-BASIC.18","","Wed Nov 20 00:45:22 GMT 2024","passed","Wed Nov 20 00:45:22 GMT 2024","","QUICK","QUICK",""
"","99","SUBTYPING-TEST.05","","Wed Nov 20 01:24:18 GMT 2024","failed","Wed Nov 20 01:24:18 GMT 2024","","SUBTYPING","SUBTYPING",""
"","3478","PROB-DEP-TYPES.15","","Wed Nov 20 01:03:22 GMT 2024","failed","Wed Nov 20 01:03:25 GMT 2024","","PROB-DEP-TYPES","PROB-DEP-TYPES",""
"","3","B5-TYPES-PRELIM.01","","Wed Nov 20 01:11:15 GMT 2024","passed","Wed Nov 20 01:11:15 GMT 2024","","CHECK-TYPES-TEMP","CHECK-TYPES-TEMP",""
"","4000","hyperon-experimental_scripts.d3_deptypes","","Wed Nov 20 00:35:33 GMT 2024","passed","Wed Nov 20 00:35:37 GMT 2024","","WHOLE-TESTS","WHOLE-TESTS",""
"","2","C1-GROUNDED-BASIC.02","","Wed Nov 20 00:45:22 GMT 2024","passed","Wed Nov 20 00:45:22 GMT 2024","","QUICK","QUICK",""
"","2","FORWARD-CHAINER-TEST.14","","Wed Nov 20 01:18:08 GMT 2024","passed","Wed Nov 20 01:18:08 GMT 2024","","FORWARD-CHAINER","FORWARD-CHAINER",""
"","2","SEALED-TEST.06","","Wed Nov 20 00:37:14 GMT 2024","passed","Wed Nov 20 00:37:14 GMT 2024","","HYPERON-METTALOG-SANITY","HYPERON-METTALOG-SANITY",""
"","282","NATSTANDALONETEST.13","","Wed Nov 20 01:18:23 GMT 2024","failed","Wed Nov 20 01:18:23 GMT 2024","","HOL","HOL",""
"","40000","comparisons.fibo_Arg1i","","Wed Nov 20 00:35:33 GMT 2024","failed","Wed Nov 20 00:36:13 GMT 2024","","WHOLE-TESTS","WHOLE-TESTS",""
"","4000","metta-morph_tests.if","","Wed Nov 20 00:35:33 GMT 2024","passed","Wed Nov 20 00:35:37 GMT 2024","","WHOLE-TESTS","WHOLE-TESTS",""
"","14","E3-MATCH-STATES.05","","Wed Nov 20 00:35:38 GMT 2024","failed","Wed Nov 20 00:35:38 GMT 2024","","HYPERON-EXPERIMENTAL-SCRIPTS","HYPERON-EXPERIMENTAL-SCRIPTS",""
"","14","REVERSE-ARITHMETIC.02","","Wed Nov 20 01:51:27 GMT 2024","failed","Wed Nov 20 01:51:27 GMT 2024","","BIDIRECTIONAL-COMPUTATION","BIDIRECTIONAL-COMPUTATION",""
"","2","D2-HIGHERFUNC.05","","Wed Nov 20 00:35:38 GMT 2024","passed","Wed Nov 20 00:35:38 GMT 2024","","HYPERON-EXPERIMENTAL-SCRIPTS","HYPERON-EXPERIMENTAL-SCRIPTS",""
"","100","STDLIB-METTALOG-TEST-PT2.37","","Wed Nov 20 00:54:39 GMT 2024","failed","Wed Nov 20 00:54:39 GMT 2024","","STDLIB-METTALOG","STDLIB-METTALOG",""
"","2","HIGHER-ORDER-FUNCS.06","","Wed Nov 20 00:53:17 GMT 2024","passed","Wed Nov 20 00:53:17 GMT 2024","","STD","STD",""
"","129","TESTS0.04","","Wed Nov 20 00:45:49 GMT 2024","passed","Wed Nov 20 00:45:49 GMT 2024","","MAIN-BRANCH","MAIN-BRANCH",""
"","3","FORWARD-CHAINER-TEST.04","","Wed Nov 20 01:18:08 GMT 2024","passed","Wed Nov 20 01:18:08 GMT 2024","","FORWARD-CHAINER","FORWARD-CHAINER",""
"","2","IMPLICATIONDIRECTINTRODUCTIONENTAILTEST.03","","Wed Nov 20 01:17:49 GMT 2024","passed","Wed Nov 20 01:17:49 GMT 2024","","ENTAIL","ENTAIL",""
"","136","ADD-REMOVE-MATCH-SS-STRINGS.14","","Wed Nov 20 00:52:35 GMT 2024","passed","Wed Nov 20 00:52:35 GMT 2024","","SPACES","SPACES",""
"","4000","direct_comp.00a_lang_compiled_case","","Wed Nov 20 00:35:33 GMT 2024","passed","Wed Nov 20 00:35:37 GMT 2024","","WHOLE-TESTS","WHOLE-TESTS",""
"","31","INF-CTL-MONTH-XP.10","","Wed Nov 20 01:19:32 GMT 2024","failed","Wed Nov 20 01:19:32 GMT 2024","","INFERENCE-CONTROL","INFERENCE-CONTROL",""
"","2","TEST-IF-CLOSED.03","","Wed Nov 20 01:48:28 GMT 2024","passed","Wed Nov 20 01:48:28 GMT 2024","","WALK-THRU","WALK-THRU",""
"","36000","dependent-types.ImplicationDirectIntroductionDTLTest","","Wed Nov 20 00:35:33 GMT 2024","passed","Wed Nov 20 00:36:09 GMT 2024","","WHOLE-TESTS","WHOLE-TESTS",""
"","3","FC-XP.31","","Wed Nov 20 01:18:18 GMT 2024","passed","Wed Nov 20 01:18:18 GMT 2024","","FORWARD-CHAINING","FORWARD-CHAINING",""
"","2","BC-COMP.03","","Wed Nov 20 01:48:28 GMT 2024","passed","Wed Nov 20 01:48:28 GMT 2024","","WALK-THRU","WALK-THRU",""
"","318","SYNTHESIZE-VIA-LET-TEST.07","","Wed Nov 20 01:26:05 GMT 2024","failed","Wed Nov 20 01:26:05 GMT 2024","","EXPERIMENTS","EXPERIMENTS",""
"","2","F1-MODULEA.02","","Wed Nov 20 00:35:38 GMT 2024","passed","Wed Nov 20 00:35:38 GMT 2024","","HYPERON-EXPERIMENTAL-SCRIPTS","HYPERON-EXPERIMENTAL-SCRIPTS",""
"","2","UNIQUE-TEST.02","","Wed Nov 20 00:37:14 GMT 2024","passed","Wed Nov 20 00:37:14 GMT 2024","","HYPERON-METTALOG-SANITY","HYPERON-METTALOG-SANITY",""
"","29","DEDUCTIONIMPLICATIONDIRECTINTRODUCTIONMATCHTEST.01","","Wed Nov 20 01:21:52 GMT 2024","passed","Wed Nov 20 01:21:52 GMT 2024","","MATCH","MATCH",""
"","1","D4-TYPE-PROP.13","","Wed Nov 20 00:35:38 GMT 2024","passed","Wed Nov 20 00:35:38 GMT 2024","","HYPERON-EXPERIMENTAL-SCRIPTS","HYPERON-EXPERIMENTAL-SCRIPTS",""
"","5000","check_types-temp.type_prop","","Wed Nov 20 00:35:33 GMT 2024","passed","Wed Nov 20 00:35:38 GMT 2024","","WHOLE-TESTS","WHOLE-TESTS",""
"","76","INF-CTL-MONTH-XP-SHORT-1.02","","Wed Nov 20 02:03:20 GMT 2024","failed","Wed Nov 20 02:03:20 GMT 2024","","COMPARISONS","COMPARISONS",""
"","4","SYNTHESIZE-VIA-CASE-TEST.04","","Wed Nov 20 01:26:05 GMT 2024","passed","Wed Nov 20 01:26:05 GMT 2024","","EXPERIMENTS","EXPERIMENTS",""
"","525","BC-XP.06","","Wed Nov 20 00:50:19 GMT 2024","failed","Wed Nov 20 00:50:19 GMT 2024","","CHAINING","CHAINING",""
"","2","ADD-REMOVE-MATCH-S-STRINGS.02","","Wed Nov 20 00:52:35 GMT 2024","passed","Wed Nov 20 00:52:35 GMT 2024","","SPACES","SPACES",""
"","3","SYNTHESIZE-VIA-LET-TEST.04","","Wed Nov 20 01:26:05 GMT 2024","passed","Wed Nov 20 01:26:05 GMT 2024","","EXPERIMENTS","EXPERIMENTS",""
"","2","D2-HIGHERFUNC.19","","Wed Nov 20 00:35:38 GMT 2024","passed","Wed Nov 20 00:35:38 GMT 2024","","HYPERON-EXPERIMENTAL-SCRIPTS","HYPERON-EXPERIMENTAL-SCRIPTS",""
"","6000","metta-morph_tests.nalifier","","Wed Nov 20 00:35:33 GMT 2024","passed","Wed Nov 20 00:35:39 GMT 2024","","WHOLE-TESTS","WHOLE-TESTS",""
"","2","SPACE-SUBTRACTION-TESTS.02","","Wed Nov 20 00:37:14 GMT 2024","passed","Wed Nov 20 00:37:14 GMT 2024","","HYPERON-METTALOG-SANITY","HYPERON-METTALOG-SANITY",""
"","3","DEDUCTIONENTAILTEST.01","","Wed Nov 20 01:17:49 GMT 2024","passed","Wed Nov 20 01:17:49 GMT 2024","","ENTAIL","ENTAIL",""
"","3","TESTS0.03","","Wed Nov 20 01:35:21 GMT 2024","passed","Wed Nov 20 01:35:21 GMT 2024","","NARS-V0","NARS-V0",""
"","52","STDLIB-METTALOG-TEST-PT2.43","","Wed Nov 20 00:54:39 GMT 2024","failed","Wed Nov 20 00:54:39 GMT 2024","","STDLIB-METTALOG","STDLIB-METTALOG",""
"","2","LTE.02","","Wed Nov 20 00:53:17 GMT 2024","passed","Wed Nov 20 00:53:17 GMT 2024","","STD","STD",""
"","2","TESTS0.02","","Wed Nov 20 01:39:14 GMT 2024","passed","Wed Nov 20 01:39:14 GMT 2024","","NEW","NEW",""
"","2","SUBTRACTION-TEST.09","","Wed Nov 20 00:37:14 GMT 2024","passed","Wed Nov 20 00:37:14 GMT 2024","","HYPERON-METTALOG-SANITY","HYPERON-METTALOG-SANITY",""
"","2","06-MATCH-IN-SPACE.05","","Wed Nov 20 00:37:14 GMT 2024","passed","Wed Nov 20 00:37:14 GMT 2024","","HYPERON-METTALOG-SANITY","HYPERON-METTALOG-SANITY",""
"","4000","debugging.hyperon_experimental_issue_481","","Wed Nov 20 00:35:33 GMT 2024","passed","Wed Nov 20 00:35:37 GMT 2024","","WHOLE-TESTS","WHOLE-TESTS",""
"","40000","main-branch.tests2","","Wed Nov 20 00:35:33 GMT 2024","failed","Wed Nov 20 00:36:13 GMT 2024","","WHOLE-TESTS","WHOLE-TESTS",""
"","2","B5-TYPES-PRELIM.09","","Wed Nov 20 01:11:15 GMT 2024","passed","Wed Nov 20 01:11:15 GMT 2024","","CHECK-TYPES-TEMP","CHECK-TYPES-TEMP",""
"","2","SUPERCOLLAPSE.06","","Wed Nov 20 00:41:08 GMT 2024","passed","Wed Nov 20 00:41:08 GMT 2024","","METTA-MORPH-TESTS","METTA-MORPH-TESTS",""
"","5","GROUNDED-BASIC.05","","Wed Nov 20 00:53:17 GMT 2024","passed","Wed Nov 20 00:53:17 GMT 2024","","STD","STD",""
"","3","STATE-TYPES.14","","Wed Nov 20 01:57:00 GMT 2024","passed","Wed Nov 20 01:57:00 GMT 2024","","BASIC","BASIC",""
"","47","TESTS1-PRE.06","","Wed Nov 20 00:45:49 GMT 2024","failed","Wed Nov 20 00:45:49 GMT 2024","","MAIN-BRANCH","MAIN-BRANCH",""
"","2","STATE-TYPES.10","","Wed Nov 20 01:57:00 GMT 2024","passed","Wed Nov 20 01:57:00 GMT 2024","","BASIC","BASIC",""
"","2","B5-TYPES-PRELIM.19","","Wed Nov 20 00:35:38 GMT 2024","passed","Wed Nov 20 00:35:38 GMT 2024","","HYPERON-EXPERIMENTAL-SCRIPTS","HYPERON-EXPERIMENTAL-SCRIPTS",""
"","2","STRING-TESTS.19","","Wed Nov 20 00:37:14 GMT 2024","passed","Wed Nov 20 00:37:14 GMT 2024","","HYPERON-METTALOG-SANITY","HYPERON-METTALOG-SANITY",""
"","2","TYPE-PROP.28","","Wed Nov 20 01:11:15 GMT 2024","passed","Wed Nov 20 01:11:15 GMT 2024","","CHECK-TYPES-TEMP","CHECK-TYPES-TEMP",""
"","57","D5-AUTO-TYPES.02","","Wed Nov 20 00:35:38 GMT 2024","failed","Wed Nov 20 00:35:38 GMT 2024","","HYPERON-EXPERIMENTAL-SCRIPTS","HYPERON-EXPERIMENTAL-SCRIPTS",""
"","231","SELF-CONTAINED-SYNTHESIZE.02","","Wed Nov 20 01:26:05 GMT 2024","failed","Wed Nov 20 01:26:05 GMT 2024","","EXPERIMENTS","EXPERIMENTS",""
"","5","SEALED-TEST.09","","Wed Nov 20 00:37:14 GMT 2024","passed","Wed Nov 20 00:37:14 GMT 2024","","HYPERON-METTALOG-SANITY","HYPERON-METTALOG-SANITY",""
"","1","IFC-XP.04","","Wed Nov 20 01:21:33 GMT 2024","passed","Wed Nov 20 01:21:33 GMT 2024","","ITERATIVE-CHAINING","ITERATIVE-CHAINING",""
"","557","NATPARITYTEST.17","","Wed Nov 20 01:18:23 GMT 2024","passed","Wed Nov 20 01:18:23 GMT 2024","","HOL","HOL",""
"","3","TEST-IF-CLOSED.01","","Wed Nov 20 00:43:12 GMT 2024","passed","Wed Nov 20 00:43:12 GMT 2024","","ANTI-REGRESSION","ANTI-REGRESSION",""
"","1","D4-TYPE-PROP.12","","Wed Nov 20 00:35:38 GMT 2024","passed","Wed Nov 20 00:35:38 GMT 2024","","HYPERON-EXPERIMENTAL-SCRIPTS","HYPERON-EXPERIMENTAL-SCRIPTS",""
"","5000","comparisons.inf-ctl-month-xp-short_6","","Wed Nov 20 00:35:33 GMT 2024","passed","Wed Nov 20 00:35:38 GMT 2024","","WHOLE-TESTS","WHOLE-TESTS",""
"","2","ADD-ATOM-NAIVE-FIB.02","","Wed Nov 20 02:03:20 GMT 2024","passed","Wed Nov 20 02:03:20 GMT 2024","","COMPARISONS","COMPARISONS",""
"","2","F1-IMPORTS.14","","Wed Nov 20 00:45:22 GMT 2024","passed","Wed Nov 20 00:45:22 GMT 2024","","QUICK","QUICK",""
"","2","HYPERPOSE.02","","Wed Nov 20 00:41:08 GMT 2024","passed","Wed Nov 20 00:41:08 GMT 2024","","METTA-MORPH-TESTS","METTA-MORPH-TESTS",""
"","5000","main-branch.prereqs","","Wed Nov 20 00:35:33 GMT 2024","passed","Wed Nov 20 00:35:38 GMT 2024","","WHOLE-TESTS","WHOLE-TESTS",""
"","2","E2-STATES.06","","Wed Nov 20 00:35:38 GMT 2024","passed","Wed Nov 20 00:35:38 GMT 2024","","HYPERON-EXPERIMENTAL-SCRIPTS","HYPERON-EXPERIMENTAL-SCRIPTS",""
"","2","HYPERPOSING-SHARED.06","","Wed Nov 20 01:57:00 GMT 2024","passed","Wed Nov 20 01:57:00 GMT 2024","","BASIC","BASIC",""
"","2","QUERIES.12","","Wed Nov 20 01:07:51 GMT 2024","passed","Wed Nov 20 01:07:51 GMT 2024","","STRIPS-TO-METTA-IMPROVED","STRIPS-TO-METTA-IMPROVED",""
"","2","F1-MODULEA.08","","Wed Nov 20 00:45:22 GMT 2024","passed","Wed Nov 20 00:45:22 GMT 2024","","QUICK","QUICK",""
"","2","LTE.03","","Wed Nov 20 00:53:17 GMT 2024","passed","Wed Nov 20 00:53:17 GMT 2024","","STD","STD",""
"","1","SYNTHESIZE-VIA-SUPERPOSE.04","","Wed Nov 20 01:26:05 GMT 2024","passed","Wed Nov 20 01:26:05 GMT 2024","","EXPERIMENTS","EXPERIMENTS",""
"","224","SYNTHESIZE-VIA-UNIFY-TEST.08","","Wed Nov 20 01:26:05 GMT 2024","failed","Wed Nov 20 01:26:05 GMT 2024","","EXPERIMENTS","EXPERIMENTS",""
"","5000","check_types-temp.soring-via-insert","","Wed Nov 20 00:35:33 GMT 2024","passed","Wed Nov 20 00:35:38 GMT 2024","","WHOLE-TESTS","WHOLE-TESTS",""
"","4","UTILS-TEST.02","","Wed Nov 20 01:15:22 GMT 2024","passed","Wed Nov 20 01:15:22 GMT 2024","","UTILS","UTILS",""
"","117","TYPE-PROP.54","","Wed Nov 20 01:11:15 GMT 2024","failed","Wed Nov 20 01:11:15 GMT 2024","","CHECK-TYPES-TEMP","CHECK-TYPES-TEMP",""
"","4","HYPERON-EXPERIMENTAL-ISSUE-530.01","","Wed Nov 20 01:51:44 GMT 2024","passed","Wed Nov 20 01:51:44 GMT 2024","","DEBUGGING","DEBUGGING",""
"","2","ADD-REMOVE-MATCH-INTEGER.12","","Wed Nov 20 00:52:35 GMT 2024","passed","Wed Nov 20 00:52:35 GMT 2024","","SPACES","SPACES",""
"","2","03-SORING-VIA-INSERT.03","","Wed Nov 20 00:37:14 GMT 2024","passed","Wed Nov 20 00:37:14 GMT 2024","","HYPERON-METTALOG-SANITY","HYPERON-METTALOG-SANITY",""
"","4000","comparisons.inf-ctl-month-xp-short_5","","Wed Nov 20 00:35:33 GMT 2024","passed","Wed Nov 20 00:35:37 GMT 2024","","WHOLE-TESTS","WHOLE-TESTS",""
"","2","ADD-REMOVE-MATCH-S-STRINGS.04","","Wed Nov 20 00:52:35 GMT 2024","passed","Wed Nov 20 00:52:35 GMT 2024","","SPACES","SPACES",""
"","2","FC-XP.22","","Wed Nov 20 01:18:18 GMT 2024","passed","Wed Nov 20 01:18:18 GMT 2024","","FORWARD-CHAINING","FORWARD-CHAINING",""
"","2","B5-TYPES-PRELIM.03","","Wed Nov 20 00:35:38 GMT 2024","passed","Wed Nov 20 00:35:38 GMT 2024","","HYPERON-EXPERIMENTAL-SCRIPTS","HYPERON-EXPERIMENTAL-SCRIPTS",""
"","45000","prev.tests5","","Wed Nov 20 00:35:33 GMT 2024","failed","Wed Nov 20 00:36:18 GMT 2024","","WHOLE-TESTS","WHOLE-TESTS",""
"","15","STDLIB-METTALOG-TEST-PT2.53","","Wed Nov 20 00:54:39 GMT 2024","failed","Wed Nov 20 00:54:39 GMT 2024","","STDLIB-METTALOG","STDLIB-METTALOG",""
"","2","F1-IMPORTS.13","","Wed Nov 20 00:35:29 GMT 2024","passed","Wed Nov 20 00:35:29 GMT 2024","","MODULE-SYSTEM","MODULE-SYSTEM",""
"","3","D3-DEPTYPES.02","","Wed Nov 20 01:11:36 GMT 2024","passed","Wed Nov 20 01:11:36 GMT 2024","","CHECK-TYPES","CHECK-TYPES",""
"","6000","walk_thru.debug_mettalogTestCurried","","Wed Nov 20 00:35:33 GMT 2024","passed","Wed Nov 20 00:35:39 GMT 2024","","WHOLE-TESTS","WHOLE-TESTS",""
"","5000","hyperon-mettalog_sanity.sealed_test","","Wed Nov 20 00:35:33 GMT 2024","passed","Wed Nov 20 00:35:38 GMT 2024","","WHOLE-TESTS","WHOLE-TESTS",""
"","2","STATE-TYPES.07","","Wed Nov 20 01:57:00 GMT 2024","passed","Wed Nov 20 01:57:00 GMT 2024","","BASIC","BASIC",""
"","2","TYPES-PRELIM.02","","Wed Nov 20 00:50:19 GMT 2024","passed","Wed Nov 20 00:50:19 GMT 2024","","CHAINING","CHAINING",""
"","262","TESTS0.08","","Wed Nov 20 00:45:49 GMT 2024","passed","Wed Nov 20 00:45:49 GMT 2024","","MAIN-BRANCH","MAIN-BRANCH",""
"","2","LET-SUPERPOSE-LIST.01","","Wed Nov 20 00:41:08 GMT 2024","passed","Wed Nov 20 00:41:08 GMT 2024","","METTA-MORPH-TESTS","METTA-MORPH-TESTS",""
"","6","SPACE-SUBTRACTION-TESTS.11","","Wed Nov 20 00:37:14 GMT 2024","passed","Wed Nov 20 00:37:14 GMT 2024","","HYPERON-METTALOG-SANITY","HYPERON-METTALOG-SANITY",""
"","3","00-LANG-CASE.04","","Wed Nov 20 00:37:14 GMT 2024","passed","Wed Nov 20 00:37:14 GMT 2024","","HYPERON-METTALOG-SANITY","HYPERON-METTALOG-SANITY",""
"","41000","subtyping.subtyping-test","","Wed Nov 20 00:35:33 GMT 2024","failed","Wed Nov 20 00:36:14 GMT 2024","","WHOLE-TESTS","WHOLE-TESTS",""
"","2","TESTS5.04","","Wed Nov 20 00:45:49 GMT 2024","passed","Wed Nov 20 00:45:49 GMT 2024","","MAIN-BRANCH","MAIN-BRANCH",""
"","61","STDLIB-METTALOG-TEST-PT2.10","","Wed Nov 20 00:54:39 GMT 2024","failed","Wed Nov 20 00:54:39 GMT 2024","","STDLIB-METTALOG","STDLIB-METTALOG",""
"","2","BCHAIN.02","","Wed Nov 20 01:48:28 GMT 2024","passed","Wed Nov 20 01:48:28 GMT 2024","","WALK-THRU","WALK-THRU",""
"","2","F1-IMPORTS.20","","Wed Nov 20 00:45:22 GMT 2024","passed","Wed Nov 20 00:45:22 GMT 2024","","QUICK","QUICK",""
"","3","ADD-ATOM-NAIVE-FIB.03","","Wed Nov 20 02:03:20 GMT 2024","passed","Wed Nov 20 02:03:20 GMT 2024","","COMPARISONS","COMPARISONS",""
"","96","NUMTEST.07","","Wed Nov 20 01:15:41 GMT 2024","failed","Wed Nov 20 01:15:41 GMT 2024","","COMMON","COMMON",""
"","2","E2-STATES.05","","Wed Nov 20 00:35:38 GMT 2024","passed","Wed Nov 20 00:35:38 GMT 2024","","HYPERON-EXPERIMENTAL-SCRIPTS","HYPERON-EXPERIMENTAL-SCRIPTS",""
"","3","MATCH-VOID.09","","Wed Nov 20 00:41:08 GMT 2024","passed","Wed Nov 20 00:41:08 GMT 2024","","METTA-MORPH-TESTS","METTA-MORPH-TESTS",""
"","3","TESTS5.01","","Wed Nov 20 01:39:14 GMT 2024","passed","Wed Nov 20 01:39:14 GMT 2024","","NEW","NEW",""
"","2","APPEND.05","","Wed Nov 20 01:54:43 GMT 2024","passed","Wed Nov 20 01:54:43 GMT 2024","","MULTIDIRECTIONAL","MULTIDIRECTIONAL",""
"","1421","TESTS4.02","","Wed Nov 20 00:45:49 GMT 2024","failed","Wed Nov 20 00:45:50 GMT 2024","","MAIN-BRANCH","MAIN-BRANCH",""
"","2","TESTS0.05","","Wed Nov 20 01:30:18 GMT 2024","passed","Wed Nov 20 01:30:18 GMT 2024","","CURRENT","CURRENT",""
"","2","D2-HIGHERFUNC.11","","Wed Nov 20 00:45:22 GMT 2024","passed","Wed Nov 20 00:45:22 GMT 2024","","QUICK","QUICK",""
"","1","KEY-LOOKUPS-MANY.04","","Wed Nov 20 01:57:00 GMT 2024","passed","Wed Nov 20 01:57:00 GMT 2024","","BASIC","BASIC",""
"","3","UNIFY-VIA-LET.01","","Wed Nov 20 01:26:05 GMT 2024","passed","Wed Nov 20 01:26:05 GMT 2024","","EXPERIMENTS","EXPERIMENTS",""
"","2","D4-TYPE-PROP.02","","Wed Nov 20 01:11:36 GMT 2024","passed","Wed Nov 20 01:11:36 GMT 2024","","CHECK-TYPES","CHECK-TYPES",""
"","7","C3-PLN-STV.02","","Wed Nov 20 00:35:38 GMT 2024","passed","Wed Nov 20 00:35:38 GMT 2024","","HYPERON-EXPERIMENTAL-SCRIPTS","HYPERON-EXPERIMENTAL-SCRIPTS",""
"","46000","current.tests2","","Wed Nov 20 00:35:33 GMT 2024","failed","Wed Nov 20 00:36:19 GMT 2024","","WHOLE-TESTS","WHOLE-TESTS",""
"","23","STDLIB-METTALOG-TEST-PT2.49","","Wed Nov 20 00:54:39 GMT 2024","failed","Wed Nov 20 00:54:39 GMT 2024","","STDLIB-METTALOG","STDLIB-METTALOG",""
"","1","KEY-LOOKUPS-MANY.08","","Wed Nov 20 01:57:00 GMT 2024","passed","Wed Nov 20 01:57:00 GMT 2024","","BASIC","BASIC",""
"","39","OBIF-CLP.03","","Wed Nov 20 01:54:43 GMT 2024","failed","Wed Nov 20 01:54:43 GMT 2024","","MULTIDIRECTIONAL","MULTIDIRECTIONAL",""
"","2","ADD-REMOVE-MATCH-INTEGER.17","","Wed Nov 20 00:52:35 GMT 2024","passed","Wed Nov 20 00:52:35 GMT 2024","","SPACES","SPACES",""
"","4000","chaining.type_prop","","Wed Nov 20 00:35:33 GMT 2024","passed","Wed Nov 20 00:35:37 GMT 2024","","WHOLE-TESTS","WHOLE-TESTS",""
"","2","B4-NONDETERM.07","","Wed Nov 20 00:35:38 GMT 2024","passed","Wed Nov 20 00:35:38 GMT 2024","","HYPERON-EXPERIMENTAL-SCRIPTS","HYPERON-EXPERIMENTAL-SCRIPTS",""
"","2","ADD-REMOVE-MATCH-INTEGER.35","","Wed Nov 20 00:52:35 GMT 2024","passed","Wed Nov 20 00:52:35 GMT 2024","","SPACES","SPACES",""
"","2","TEST-IF-CLOSED.02","","Wed Nov 20 00:43:12 GMT 2024","passed","Wed Nov 20 00:43:12 GMT 2024","","ANTI-REGRESSION","ANTI-REGRESSION",""
"","3","HIGHER-ORDER-FUNCS.03","","Wed Nov 20 00:53:17 GMT 2024","passed","Wed Nov 20 00:53:17 GMT 2024","","STD","STD",""
"","2","UNIQUE-TEST.04","","Wed Nov 20 00:37:14 GMT 2024","passed","Wed Nov 20 00:37:14 GMT 2024","","HYPERON-METTALOG-SANITY","HYPERON-METTALOG-SANITY",""
"","1","D1-GADT.08","","Wed Nov 20 01:11:36 GMT 2024","passed","Wed Nov 20 01:11:36 GMT 2024","","CHECK-TYPES","CHECK-TYPES",""
"","4","C1-GROUNDED-BASIC.01","","Wed Nov 20 01:11:15 GMT 2024","passed","Wed Nov 20 01:11:15 GMT 2024","","CHECK-TYPES-TEMP","CHECK-TYPES-TEMP",""
"","2","BC-XP.19","","Wed Nov 20 01:15:32 GMT 2024","passed","Wed Nov 20 01:15:32 GMT 2024","","BACKWARD-CHAINING","BACKWARD-CHAINING",""
"","2","METTALOGTESTCURRIED2.06","","Wed Nov 20 00:43:12 GMT 2024","passed","Wed Nov 20 00:43:12 GMT 2024","","ANTI-REGRESSION","ANTI-REGRESSION",""
"","3","TESTS3.07","","Wed Nov 20 00:45:49 GMT 2024","passed","Wed Nov 20 00:45:49 GMT 2024","","MAIN-BRANCH","MAIN-BRANCH",""
"","1","DEBUG-METTALOGTESTCURRIED.12","","Wed Nov 20 01:48:28 GMT 2024","passed","Wed Nov 20 01:48:28 GMT 2024","","WALK-THRU","WALK-THRU",""
"","15","D1-GADT.04","","Wed Nov 20 01:11:36 GMT 2024","passed","Wed Nov 20 01:11:36 GMT 2024","","CHECK-TYPES","CHECK-TYPES",""
"","14","CHAPTER-2-4.19","","Wed Nov 20 00:54:49 GMT 2024","failed","Wed Nov 20 00:54:49 GMT 2024","","SICP-BOOK","SICP-BOOK",""
"","4000","metta-morph_tests.letlet","","Wed Nov 20 00:35:33 GMT 2024","passed","Wed Nov 20 00:35:37 GMT 2024","","WHOLE-TESTS","WHOLE-TESTS",""
"","5000","logic.puzzle","","Wed Nov 20 00:35:33 GMT 2024","passed","Wed Nov 20 00:35:38 GMT 2024","","WHOLE-TESTS","WHOLE-TESTS",""
"","29","INF-CTL-XP.12","","Wed Nov 20 01:19:32 GMT 2024","failed","Wed Nov 20 01:19:32 GMT 2024","","INFERENCE-CONTROL","INFERENCE-CONTROL",""
"","24","INF-CTL-XP.17","","Wed Nov 20 01:19:32 GMT 2024","failed","Wed Nov 20 01:19:32 GMT 2024","","INFERENCE-CONTROL","INFERENCE-CONTROL",""
"","2","D1-GADT.10","","Wed Nov 20 00:45:22 GMT 2024","passed","Wed Nov 20 00:45:22 GMT 2024","","QUICK","QUICK",""
"","57","C1-GROUNDED-BASIC.15","","Wed Nov 20 00:45:22 GMT 2024","failed","Wed Nov 20 00:45:22 GMT 2024","","QUICK","QUICK",""
"","2","BACKWARD-CHAINER-XP.20","","Wed Nov 20 01:15:26 GMT 2024","passed","Wed Nov 20 01:15:26 GMT 2024","","BACKWARD-CHAINER","BACKWARD-CHAINER",""
"","14","D2-HIGHERFUNC.20","","Wed Nov 20 00:35:38 GMT 2024","passed","Wed Nov 20 00:35:38 GMT 2024","","HYPERON-EXPERIMENTAL-SCRIPTS","HYPERON-EXPERIMENTAL-SCRIPTS",""
"","2","AI-SERVICE-COMPOSITION-EASY.03","","Wed Nov 20 01:08:43 GMT 2024","passed","Wed Nov 20 01:08:43 GMT 2024","","AI-SERVICE","AI-SERVICE",""
"","2","CHAPTER-1-1.13","","Wed Nov 20 00:54:49 GMT 2024","passed","Wed Nov 20 00:54:49 GMT 2024","","SICP-BOOK","SICP-BOOK",""
"","2","B5-TYPES-PRELIM.20","","Wed Nov 20 01:11:15 GMT 2024","passed","Wed Nov 20 01:11:15 GMT 2024","","CHECK-TYPES-TEMP","CHECK-TYPES-TEMP",""
"","5","NUMTEST.03","","Wed Nov 20 01:15:41 GMT 2024","passed","Wed Nov 20 01:15:41 GMT 2024","","COMMON","COMMON",""
"","5000","pln.gene-pln-xp","","Wed Nov 20 00:35:33 GMT 2024","passed","Wed Nov 20 00:35:38 GMT 2024","","WHOLE-TESTS","WHOLE-TESTS",""
"","4","FORWARD-CHAINER-XP.29","","Wed Nov 20 01:18:08 GMT 2024","passed","Wed Nov 20 01:18:08 GMT 2024","","FORWARD-CHAINER","FORWARD-CHAINER",""
"","2","TYPES-PRELIM.03","","Wed Nov 20 00:50:19 GMT 2024","passed","Wed Nov 20 00:50:19 GMT 2024","","CHAINING","CHAINING",""
"","5000","metta-morph_tests.zeroargs","","Wed Nov 20 00:35:33 GMT 2024","passed","Wed Nov 20 00:35:38 GMT 2024","","WHOLE-TESTS","WHOLE-TESTS",""
"","2","TYPES-PRELIM.13","","Wed Nov 20 00:50:19 GMT 2024","passed","Wed Nov 20 00:50:19 GMT 2024","","CHAINING","CHAINING",""
"","4000","check_types.d4_type_prop","","Wed Nov 20 00:35:33 GMT 2024","passed","Wed Nov 20 00:35:37 GMT 2024","","WHOLE-TESTS","WHOLE-TESTS",""
"","2","D2-HIGHERFUNC.18","","Wed Nov 20 01:11:36 GMT 2024","passed","Wed Nov 20 01:11:36 GMT 2024","","CHECK-TYPES","CHECK-TYPES",""
"","2","QUERIES.14","","Wed Nov 20 01:07:51 GMT 2024","passed","Wed Nov 20 01:07:51 GMT 2024","","STRIPS-TO-METTA-IMPROVED","STRIPS-TO-METTA-IMPROVED",""
"","2","MATCH-VOID.06","","Wed Nov 20 00:41:08 GMT 2024","passed","Wed Nov 20 00:41:08 GMT 2024","","METTA-MORPH-TESTS","METTA-MORPH-TESTS",""
"","2","BACKWARD-CHAINER-XP.24","","Wed Nov 20 01:15:26 GMT 2024","passed","Wed Nov 20 01:15:26 GMT 2024","","BACKWARD-CHAINER","BACKWARD-CHAINER",""
"","4","TESTS0.01","","Wed Nov 20 00:45:49 GMT 2024","passed","Wed Nov 20 00:45:49 GMT 2024","","MAIN-BRANCH","MAIN-BRANCH",""
"","2","INTERSECTION-TESTS.25","","Wed Nov 20 00:37:14 GMT 2024","passed","Wed Nov 20 00:37:14 GMT 2024","","HYPERON-METTALOG-SANITY","HYPERON-METTALOG-SANITY",""
"","4000","quick.f1_moduleA","","Wed Nov 20 00:35:33 GMT 2024","passed","Wed Nov 20 00:35:37 GMT 2024","","WHOLE-TESTS","WHOLE-TESTS",""
"","2","B1-EQUAL-CHAIN.03","","Wed Nov 20 00:35:38 GMT 2024","passed","Wed Nov 20 00:35:38 GMT 2024","","HYPERON-EXPERIMENTAL-SCRIPTS","HYPERON-EXPERIMENTAL-SCRIPTS",""
"","6000","dependent-types.bchain","","Wed Nov 20 00:35:33 GMT 2024","passed","Wed Nov 20 00:35:39 GMT 2024","","WHOLE-TESTS","WHOLE-TESTS",""
"","2","BACKWARD-CHAINER-XP.31","","Wed Nov 20 01:15:26 GMT 2024","passed","Wed Nov 20 01:15:26 GMT 2024","","BACKWARD-CHAINER","BACKWARD-CHAINER",""
"","89","SHOW-TYPE.14","","Wed Nov 20 00:52:21 GMT 2024","failed","Wed Nov 20 00:52:21 GMT 2024","","INTROSPECT","INTROSPECT",""
"","1","IMPLICATIONDIRECTINTRODUCTIONENTAILTEST.04","","Wed Nov 20 01:17:49 GMT 2024","passed","Wed Nov 20 01:17:49 GMT 2024","","ENTAIL","ENTAIL",""
"","51","INF-CTL-MONTH-BC-CONT-XP.21","","Wed Nov 20 01:19:32 GMT 2024","failed","Wed Nov 20 01:19:32 GMT 2024","","INFERENCE-CONTROL","INFERENCE-CONTROL",""
"","78","SEQUENTIAL-NESTED.11","","Wed Nov 20 00:41:08 GMT 2024","passed","Wed Nov 20 00:41:08 GMT 2024","","METTA-MORPH-TESTS","METTA-MORPH-TESTS",""
"","2","D1-GADT.12","","Wed Nov 20 00:35:38 GMT 2024","passed","Wed Nov 20 00:35:38 GMT 2024","","HYPERON-EXPERIMENTAL-SCRIPTS","HYPERON-EXPERIMENTAL-SCRIPTS",""
"","2","D4-TYPE-PROP.10","","Wed Nov 20 00:35:38 GMT 2024","passed","Wed Nov 20 00:35:38 GMT 2024","","HYPERON-EXPERIMENTAL-SCRIPTS","HYPERON-EXPERIMENTAL-SCRIPTS",""
"","2","TMPMATCH2.03","","Wed Nov 20 00:43:12 GMT 2024","passed","Wed Nov 20 00:43:12 GMT 2024","","ANTI-REGRESSION","ANTI-REGRESSION",""
"","2","TYPE-PROP.13","","Wed Nov 20 01:11:15 GMT 2024","passed","Wed Nov 20 01:11:15 GMT 2024","","CHECK-TYPES-TEMP","CHECK-TYPES-TEMP",""
"","2","ADD-REMOVE-MATCH-SYMBOLS.12","","Wed Nov 20 00:52:35 GMT 2024","passed","Wed Nov 20 00:52:35 GMT 2024","","SPACES","SPACES",""
"","102","D5-AUTO-TYPES.04","","Wed Nov 20 01:11:36 GMT 2024","failed","Wed Nov 20 01:11:36 GMT 2024","","CHECK-TYPES","CHECK-TYPES",""
"","111","STDLIB-METTALOG-TEST-PT2.60","","Wed Nov 20 00:54:39 GMT 2024","failed","Wed Nov 20 00:54:39 GMT 2024","","STDLIB-METTALOG","STDLIB-METTALOG",""
"","14","D2-HIGHERFUNC.21","","Wed Nov 20 01:11:36 GMT 2024","passed","Wed Nov 20 01:11:36 GMT 2024","","CHECK-TYPES","CHECK-TYPES",""
"","17","UNWEIGHTED-PLLM.04","","Wed Nov 20 02:09:34 GMT 2024","failed","Wed Nov 20 02:09:34 GMT 2024","","LANGUAGE-MODELS","LANGUAGE-MODELS",""
"","102","STDLIB-METTALOG-TEST-PT2.02","","Wed Nov 20 00:54:39 GMT 2024","failed","Wed Nov 20 00:54:39 GMT 2024","","STDLIB-METTALOG","STDLIB-METTALOG",""
"","4000","hyperon-experimental_scripts.a2_opencoggy","","Wed Nov 20 00:35:33 GMT 2024","passed","Wed Nov 20 00:35:37 GMT 2024","","WHOLE-TESTS","WHOLE-TESTS",""
"","2","D2-HIGHERFUNC.13","","Wed Nov 20 00:45:22 GMT 2024","passed","Wed Nov 20 00:45:22 GMT 2024","","QUICK","QUICK",""
"","53","IOIOIOI-USING-EQUALITY.02","","Wed Nov 20 01:54:43 GMT 2024","failed","Wed Nov 20 01:54:43 GMT 2024","","MULTIDIRECTIONAL","MULTIDIRECTIONAL",""
"","4000","metta-morph_tests.types3","","Wed Nov 20 00:35:33 GMT 2024","passed","Wed Nov 20 00:35:37 GMT 2024","","WHOLE-TESTS","WHOLE-TESTS",""
"","2","D2-HIGHERFUNC.06","","Wed Nov 20 00:35:38 GMT 2024","passed","Wed Nov 20 00:35:38 GMT 2024","","HYPERON-EXPERIMENTAL-SCRIPTS","HYPERON-EXPERIMENTAL-SCRIPTS",""
"","2","MATCH-VOID.03","","Wed Nov 20 00:41:08 GMT 2024","passed","Wed Nov 20 00:41:08 GMT 2024","","METTA-MORPH-TESTS","METTA-MORPH-TESTS",""
"","2","IBC-XP.32","","Wed Nov 20 01:21:33 GMT 2024","passed","Wed Nov 20 01:21:33 GMT 2024","","ITERATIVE-CHAINING","ITERATIVE-CHAINING",""
"","259","BASIC.06","","Wed Nov 20 01:08:32 GMT 2024","passed","Wed Nov 20 01:08:32 GMT 2024","","TRAVERSER","TRAVERSER",""
"","2","B5-TYPES-PRELIM.22","","Wed Nov 20 00:35:38 GMT 2024","passed","Wed Nov 20 00:35:38 GMT 2024","","HYPERON-EXPERIMENTAL-SCRIPTS","HYPERON-EXPERIMENTAL-SCRIPTS",""
"","2","XOR-TEST.05","","Wed Nov 20 00:37:14 GMT 2024","passed","Wed Nov 20 00:37:14 GMT 2024","","HYPERON-METTALOG-SANITY","HYPERON-METTALOG-SANITY",""
"","2","INF-CTL-MONTH-BC-CONT-XP.05","","Wed Nov 20 01:19:32 GMT 2024","passed","Wed Nov 20 01:19:32 GMT 2024","","INFERENCE-CONTROL","INFERENCE-CONTROL",""
"","2","B5-TYPES-PRELIM.06","","Wed Nov 20 01:11:15 GMT 2024","passed","Wed Nov 20 01:11:15 GMT 2024","","CHECK-TYPES-TEMP","CHECK-TYPES-TEMP",""
"","2","NILS-IF-CONTROL-TEST-2.01","","Wed Nov 20 02:03:20 GMT 2024","passed","Wed Nov 20 02:03:20 GMT 2024","","COMPARISONS","COMPARISONS",""
"","3","FORWARD-CHAINER-XP.26","","Wed Nov 20 01:18:08 GMT 2024","passed","Wed Nov 20 01:18:08 GMT 2024","","FORWARD-CHAINER","FORWARD-CHAINER",""
"","2","BC-XP.25","","Wed Nov 20 01:15:32 GMT 2024","passed","Wed Nov 20 01:15:32 GMT 2024","","BACKWARD-CHAINING","BACKWARD-CHAINING",""
"","22","INF-CTL-MONTH-XP.09","","Wed Nov 20 01:19:32 GMT 2024","failed","Wed Nov 20 01:19:32 GMT 2024","","INFERENCE-CONTROL","INFERENCE-CONTROL",""
"","3","TESTS5.01","","Wed Nov 20 01:30:18 GMT 2024","passed","Wed Nov 20 01:30:18 GMT 2024","","CURRENT","CURRENT",""
"","480","TESTS0.07","","Wed Nov 20 01:39:14 GMT 2024","failed","Wed Nov 20 01:39:14 GMT 2024","","NEW","NEW",""
"","5000","comparisons.inf-ctl-month-xp-short_3","","Wed Nov 20 00:35:33 GMT 2024","passed","Wed Nov 20 00:35:38 GMT 2024","","WHOLE-TESTS","WHOLE-TESTS",""
"","2","UNIQUE-TEST.05","","Wed Nov 20 00:37:14 GMT 2024","passed","Wed Nov 20 00:37:14 GMT 2024","","HYPERON-METTALOG-SANITY","HYPERON-METTALOG-SANITY",""
"","2","ADD-REMOVE-MATCH-MIX-FLOAT-INTEGER.05","","Wed Nov 20 00:52:35 GMT 2024","passed","Wed Nov 20 00:52:35 GMT 2024","","SPACES","SPACES",""
"","2","STRING-TESTS.10","","Wed Nov 20 00:37:14 GMT 2024","passed","Wed Nov 20 00:37:14 GMT 2024","","HYPERON-METTALOG-SANITY","HYPERON-METTALOG-SANITY",""
"","4000","match.MinerMatchTest","","Wed Nov 20 00:35:33 GMT 2024","passed","Wed Nov 20 00:35:37 GMT 2024","","WHOLE-TESTS","WHOLE-TESTS",""
"","2","D2-HIGHERFUNC.24","","Wed Nov 20 00:35:38 GMT 2024","passed","Wed Nov 20 00:35:38 GMT 2024","","HYPERON-EXPERIMENTAL-SCRIPTS","HYPERON-EXPERIMENTAL-SCRIPTS",""
"","175","IOIOIOI-USING-EQUALITY.01","","Wed Nov 20 01:54:43 GMT 2024","failed","Wed Nov 20 01:54:43 GMT 2024","","MULTIDIRECTIONAL","MULTIDIRECTIONAL",""
"","2","C1-GROUNDED-BASIC.05","","Wed Nov 20 00:35:38 GMT 2024","passed","Wed Nov 20 00:35:38 GMT 2024","","HYPERON-EXPERIMENTAL-SCRIPTS","HYPERON-EXPERIMENTAL-SCRIPTS",""
"","2","ADD-REMOVE-MATCH-INTEGER.10","","Wed Nov 20 00:52:35 GMT 2024","passed","Wed Nov 20 00:52:35 GMT 2024","","SPACES","SPACES",""
"","2","EXAM-SPACES.03","","Wed Nov 20 00:52:21 GMT 2024","passed","Wed Nov 20 00:52:21 GMT 2024","","INTROSPECT","INTROSPECT",""
"","38","FORWARD-CHAINER-TEST.05","","Wed Nov 20 01:18:08 GMT 2024","failed","Wed Nov 20 01:18:08 GMT 2024","","FORWARD-CHAINER","FORWARD-CHAINER",""
"","5000","quick.c1_grounded_basic","","Wed Nov 20 00:35:33 GMT 2024","passed","Wed Nov 20 00:35:38 GMT 2024","","WHOLE-TESTS","WHOLE-TESTS",""
"","3","B2-BACKCHAIN.05","","Wed Nov 20 00:35:38 GMT 2024","passed","Wed Nov 20 00:35:38 GMT 2024","","HYPERON-EXPERIMENTAL-SCRIPTS","HYPERON-EXPERIMENTAL-SCRIPTS",""
"","2","DEDUCTIONFORMULATEST.02","","Wed Nov 20 01:16:03 GMT 2024","passed","Wed Nov 20 01:16:03 GMT 2024","","FORMULA","FORMULA",""
"","2","FC-XP.17","","Wed Nov 20 01:18:18 GMT 2024","passed","Wed Nov 20 01:18:18 GMT 2024","","FORWARD-CHAINING","FORWARD-CHAINING",""
"","101","STDLIB-METTALOG-TEST-PT2.58","","Wed Nov 20 00:54:39 GMT 2024","failed","Wed Nov 20 00:54:39 GMT 2024","","STDLIB-METTALOG","STDLIB-METTALOG",""
"","2","B5-TYPES-PRELIM.04","","Wed Nov 20 00:35:38 GMT 2024","passed","Wed Nov 20 00:35:38 GMT 2024","","HYPERON-EXPERIMENTAL-SCRIPTS","HYPERON-EXPERIMENTAL-SCRIPTS",""
"","2","B5-TYPES-PRELIM.16","","Wed Nov 20 00:35:38 GMT 2024","passed","Wed Nov 20 00:35:38 GMT 2024","","HYPERON-EXPERIMENTAL-SCRIPTS","HYPERON-EXPERIMENTAL-SCRIPTS",""
"","3","SUBTRACTION-TEST.01","","Wed Nov 20 00:37:14 GMT 2024","passed","Wed Nov 20 00:37:14 GMT 2024","","HYPERON-METTALOG-SANITY","HYPERON-METTALOG-SANITY",""
"","2","STATES-SPACES.03","","Wed Nov 20 00:41:08 GMT 2024","passed","Wed Nov 20 00:41:08 GMT 2024","","METTA-MORPH-TESTS","METTA-MORPH-TESTS",""
"","2","HYPERPOSING-UNSHARED.09","","Wed Nov 20 01:57:00 GMT 2024","passed","Wed Nov 20 01:57:00 GMT 2024","","BASIC","BASIC",""
"","2","IFC-XP.37","","Wed Nov 20 01:21:33 GMT 2024","passed","Wed Nov 20 01:21:33 GMT 2024","","ITERATIVE-CHAINING","ITERATIVE-CHAINING",""
"","3","E2-STATES.11","","Wed Nov 20 01:11:36 GMT 2024","passed","Wed Nov 20 01:11:36 GMT 2024","","CHECK-TYPES","CHECK-TYPES",""
"","2","ADD-REMOVE-MATCH-SYMBOLS.03","","Wed Nov 20 00:52:35 GMT 2024","passed","Wed Nov 20 00:52:35 GMT 2024","","SPACES","SPACES",""
"","2","HIGHER-ORDER-FUNCS.07","","Wed Nov 20 00:53:17 GMT 2024","passed","Wed Nov 20 00:53:17 GMT 2024","","STD","STD",""
"","3","TESTS0.02","","Wed Nov 20 01:35:21 GMT 2024","passed","Wed Nov 20 01:35:21 GMT 2024","","NARS-V0","NARS-V0",""
"","2","D4-TYPE-PROP.23","","Wed Nov 20 01:11:36 GMT 2024","passed","Wed Nov 20 01:11:36 GMT 2024","","CHECK-TYPES","CHECK-TYPES",""
"","2","NATPARITYTEST.04","","Wed Nov 20 01:18:23 GMT 2024","passed","Wed Nov 20 01:18:23 GMT 2024","","HOL","HOL",""
"","5000","walk_thru.test_if_closed","","Wed Nov 20 00:35:33 GMT 2024","passed","Wed Nov 20 00:35:38 GMT 2024","","WHOLE-TESTS","WHOLE-TESTS",""
"","2","TYPE-PROP.50","","Wed Nov 20 01:11:15 GMT 2024","passed","Wed Nov 20 01:11:15 GMT 2024","","CHECK-TYPES-TEMP","CHECK-TYPES-TEMP",""
"","114","TESTS0.01","","Wed Nov 20 01:43:09 GMT 2024","passed","Wed Nov 20 01:43:09 GMT 2024","","PREV","PREV",""
"","2","TYPES2.04","","Wed Nov 20 00:41:08 GMT 2024","passed","Wed Nov 20 00:41:08 GMT 2024","","METTA-MORPH-TESTS","METTA-MORPH-TESTS",""
"","15","STDLIB-METTALOG-TEST-PT2.68","","Wed Nov 20 00:54:39 GMT 2024","failed","Wed Nov 20 00:54:39 GMT 2024","","STDLIB-METTALOG","STDLIB-METTALOG",""
"","2","IMPLICATIONDIRECTINTRODUCTIONENTAILTEST.05","","Wed Nov 20 01:17:49 GMT 2024","passed","Wed Nov 20 01:17:49 GMT 2024","","ENTAIL","ENTAIL",""
"","1","BCHAIN.03","","Wed Nov 20 01:48:28 GMT 2024","passed","Wed Nov 20 01:48:28 GMT 2024","","WALK-THRU","WALK-THRU",""
"","2","NATPARITYTEST.02","","Wed Nov 20 01:18:23 GMT 2024","passed","Wed Nov 20 01:18:23 GMT 2024","","HOL","HOL",""
"","1","00-LANG-CASE.18","","Wed Nov 20 00:37:14 GMT 2024","passed","Wed Nov 20 00:37:14 GMT 2024","","HYPERON-METTALOG-SANITY","HYPERON-METTALOG-SANITY",""
"","2","BC-XP.18","","Wed Nov 20 01:15:32 GMT 2024","passed","Wed Nov 20 01:15:32 GMT 2024","","BACKWARD-CHAINING","BACKWARD-CHAINING",""
"","5000","truthvalue.EvidentialTruthValueTest","","Wed Nov 20 00:35:33 GMT 2024","passed","Wed Nov 20 00:35:38 GMT 2024","","WHOLE-TESTS","WHOLE-TESTS",""
"","39","STDLIB-METTALOG-TEST-PT2.16","","Wed Nov 20 00:54:39 GMT 2024","failed","Wed Nov 20 00:54:39 GMT 2024","","STDLIB-METTALOG","STDLIB-METTALOG",""
"","5000","debugging.hyperon_experimental_issue_516","","Wed Nov 20 00:35:33 GMT 2024","passed","Wed Nov 20 00:35:38 GMT 2024","","WHOLE-TESTS","WHOLE-TESTS",""
"","2","DEFINE-IF-LIKE.05","","Wed Nov 20 01:47:02 GMT 2024","passed","Wed Nov 20 01:47:02 GMT 2024","","DIRECT-COMP","DIRECT-COMP",""
"","2","STDLIB-METTALOG-TEST-PT2.65","","Wed Nov 20 00:54:39 GMT 2024","passed","Wed Nov 20 00:54:39 GMT 2024","","STDLIB-METTALOG","STDLIB-METTALOG",""
"","4000","graphml.graphml_test","","Wed Nov 20 00:35:33 GMT 2024","passed","Wed Nov 20 00:35:37 GMT 2024","","WHOLE-TESTS","WHOLE-TESTS",""
"","2","FLIP-TEST.01","","Wed Nov 20 00:37:14 GMT 2024","passed","Wed Nov 20 00:37:14 GMT 2024","","HYPERON-METTALOG-SANITY","HYPERON-METTALOG-SANITY",""
"","2","ADD-REMOVE-MATCH-MIX-FLOAT-INTEGER.13","","Wed Nov 20 00:52:35 GMT 2024","passed","Wed Nov 20 00:52:35 GMT 2024","","SPACES","SPACES",""
"","8","D2-HIGHERFUNC.22","","Wed Nov 20 01:11:36 GMT 2024","passed","Wed Nov 20 01:11:36 GMT 2024","","CHECK-TYPES","CHECK-TYPES",""
"","2","TYPE-PROP.22","","Wed Nov 20 01:11:15 GMT 2024","passed","Wed Nov 20 01:11:15 GMT 2024","","CHECK-TYPES-TEMP","CHECK-TYPES-TEMP",""
"","5000","new.tests0","","Wed Nov 20 00:35:33 GMT 2024","passed","Wed Nov 20 00:35:38 GMT 2024","","WHOLE-TESTS","WHOLE-TESTS",""
"","2","TYPES-PRELIM.19","","Wed Nov 20 00:50:19 GMT 2024","passed","Wed Nov 20 00:50:19 GMT 2024","","CHAINING","CHAINING",""
"","3","INF-CTL-MONTH-BC-CONT-XP.27","","Wed Nov 20 01:19:32 GMT 2024","passed","Wed Nov 20 01:19:32 GMT 2024","","INFERENCE-CONTROL","INFERENCE-CONTROL",""
"","2","B5-TYPES-PRELIM.05","","Wed Nov 20 01:11:15 GMT 2024","passed","Wed Nov 20 01:11:15 GMT 2024","","CHECK-TYPES-TEMP","CHECK-TYPES-TEMP",""
"","1","STDLIB-METTALOG-TEST-PT2.42","","Wed Nov 20 00:54:39 GMT 2024","passed","Wed Nov 20 00:54:39 GMT 2024","","STDLIB-METTALOG","STDLIB-METTALOG",""
"","6","CHAPTER-1-1.22","","Wed Nov 20 00:54:49 GMT 2024","passed","Wed Nov 20 00:54:49 GMT 2024","","SICP-BOOK","SICP-BOOK",""
"","2","D4-TYPE-PROP.09","","Wed Nov 20 01:11:36 GMT 2024","passed","Wed Nov 20 01:11:36 GMT 2024","","CHECK-TYPES","CHECK-TYPES",""
"","14","D1-GADT.09","","Wed Nov 20 00:45:22 GMT 2024","passed","Wed Nov 20 00:45:22 GMT 2024","","QUICK","QUICK",""
"","4","REWRITES.01","","Wed Nov 20 01:07:03 GMT 2024","passed","Wed Nov 20 01:07:03 GMT 2024","","STACK-BASED","STACK-BASED",""
"","2","ADD-REMOVE-MATCH-STRINGS.02","","Wed Nov 20 00:52:35 GMT 2024","passed","Wed Nov 20 00:52:35 GMT 2024","","SPACES","SPACES",""
"","3","NATSTANDALONETEST.01","","Wed Nov 20 01:18:23 GMT 2024","passed","Wed Nov 20 01:18:23 GMT 2024","","HOL","HOL",""
"","41000","experiments.synthesize-via-case-test","","Wed Nov 20 00:35:33 GMT 2024","failed","Wed Nov 20 00:36:14 GMT 2024","","WHOLE-TESTS","WHOLE-TESTS",""
"","1","D1-GADT.14","","Wed Nov 20 00:45:22 GMT 2024","passed","Wed Nov 20 00:45:22 GMT 2024","","QUICK","QUICK",""
"","4000","walk_thru.bchain_comp","","Wed Nov 20 00:35:33 GMT 2024","passed","Wed Nov 20 00:35:37 GMT 2024","","WHOLE-TESTS","WHOLE-TESTS",""
"","92","ADD-REMOVE-MATCH-STRINGS.09","","Wed Nov 20 00:52:35 GMT 2024","failed","Wed Nov 20 00:52:35 GMT 2024","","SPACES","SPACES",""
"","2","INTERSECTION-TESTS.08","","Wed Nov 20 00:37:14 GMT 2024","passed","Wed Nov 20 00:37:14 GMT 2024","","HYPERON-METTALOG-SANITY","HYPERON-METTALOG-SANITY",""
"","37000","language_models.training_logicmoo","","Wed Nov 20 00:35:33 GMT 2024","passed","Wed Nov 20 00:36:10 GMT 2024","","WHOLE-TESTS","WHOLE-TESTS",""
"","2","CURRIED-CHAINER.03","","Wed Nov 20 01:16:18 GMT 2024","passed","Wed Nov 20 01:16:18 GMT 2024","","CURRIED-CHAINING","CURRIED-CHAINING",""
"","46000","prev.tests3","","Wed Nov 20 00:35:33 GMT 2024","failed","Wed Nov 20 00:36:19 GMT 2024","","WHOLE-TESTS","WHOLE-TESTS",""
"","2","F1-IMPORTS.15","","Wed Nov 20 00:35:29 GMT 2024","passed","Wed Nov 20 00:35:29 GMT 2024","","MODULE-SYSTEM","MODULE-SYSTEM",""
"","1","ADD-REMOVE-MATCH-INTEGER.13","","Wed Nov 20 00:52:35 GMT 2024","passed","Wed Nov 20 00:52:35 GMT 2024","","SPACES","SPACES",""
"","3","IDENTITY.01","","Wed Nov 20 00:41:08 GMT 2024","passed","Wed Nov 20 00:41:08 GMT 2024","","METTA-MORPH-TESTS","METTA-MORPH-TESTS",""
"","2","HIGHER-ORDER-FUNCS.11","","Wed Nov 20 00:53:17 GMT 2024","passed","Wed Nov 20 00:53:17 GMT 2024","","STD","STD",""
"","2","SUPPORTRULEEXP.03","","Wed Nov 20 01:14:18 GMT 2024","passed","Wed Nov 20 01:14:18 GMT 2024","","DEPENDENT-TYPES","DEPENDENT-TYPES",""
"","3","C1-GROUNDED-BASIC.01","","Wed Nov 20 00:45:22 GMT 2024","passed","Wed Nov 20 00:45:22 GMT 2024","","QUICK","QUICK",""
"","50","FORWARD-CHAINER-TEST.01","","Wed Nov 20 01:18:08 GMT 2024","failed","Wed Nov 20 01:18:08 GMT 2024","","FORWARD-CHAINER","FORWARD-CHAINER",""
"","2","HYPERPOSING.08","","Wed Nov 20 01:57:00 GMT 2024","passed","Wed Nov 20 01:57:00 GMT 2024","","BASIC","BASIC",""
"","3","02-CURRIED-PLUS.01","","Wed Nov 20 00:37:14 GMT 2024","passed","Wed Nov 20 00:37:14 GMT 2024","","HYPERON-METTALOG-SANITY","HYPERON-METTALOG-SANITY",""
"","3","D1-GADT.07","","Wed Nov 20 01:11:36 GMT 2024","passed","Wed Nov 20 01:11:36 GMT 2024","","CHECK-TYPES","CHECK-TYPES",""
"","2","ADD-REMOVE-MATCH-SS-SYMBOLS.04","","Wed Nov 20 00:52:35 GMT 2024","passed","Wed Nov 20 00:52:35 GMT 2024","","SPACES","SPACES",""
"","2","BCHAIN-COMP.04","","Wed Nov 20 01:48:28 GMT 2024","passed","Wed Nov 20 01:48:28 GMT 2024","","WALK-THRU","WALK-THRU",""
"","3","06-MATCH-IN-SPACE.03","","Wed Nov 20 00:37:14 GMT 2024","passed","Wed Nov 20 00:37:14 GMT 2024","","HYPERON-METTALOG-SANITY","HYPERON-METTALOG-SANITY",""
"","4000","basic.state_types","","Wed Nov 20 00:35:33 GMT 2024","passed","Wed Nov 20 00:35:37 GMT 2024","","WHOLE-TESTS","WHOLE-TESTS",""
"","1","STDLIB-METTALOG-TEST-PT2.33","","Wed Nov 20 00:54:39 GMT 2024","passed","Wed Nov 20 00:54:39 GMT 2024","","STDLIB-METTALOG","STDLIB-METTALOG",""
"","4","SHOW-TYPE.06","","Wed Nov 20 00:52:21 GMT 2024","passed","Wed Nov 20 00:52:21 GMT 2024","","INTROSPECT","INTROSPECT",""
"","2","D3-DEPTYPES.05","","Wed Nov 20 01:11:36 GMT 2024","passed","Wed Nov 20 01:11:36 GMT 2024","","CHECK-TYPES","CHECK-TYPES",""
"","5000","metta-morph_tests.types2","","Wed Nov 20 00:35:33 GMT 2024","passed","Wed Nov 20 00:35:38 GMT 2024","","WHOLE-TESTS","WHOLE-TESTS",""
"","143","NATSIMPLETEST.01","","Wed Nov 20 01:18:23 GMT 2024","failed","Wed Nov 20 01:18:23 GMT 2024","","HOL","HOL",""
"","3","BC-COMP.04","","Wed Nov 20 00:43:12 GMT 2024","passed","Wed Nov 20 00:43:12 GMT 2024","","ANTI-REGRESSION","ANTI-REGRESSION",""
"","2","D1-GADT.10","","Wed Nov 20 01:11:36 GMT 2024","passed","Wed Nov 20 01:11:36 GMT 2024","","CHECK-TYPES","CHECK-TYPES",""
"","2","D2-HIGHERFUNC.10","","Wed Nov 20 00:35:38 GMT 2024","passed","Wed Nov 20 00:35:38 GMT 2024","","HYPERON-EXPERIMENTAL-SCRIPTS","HYPERON-EXPERIMENTAL-SCRIPTS",""
"","2","MATCH-SUPERPOSED-SPACES.03","","Wed Nov 20 00:41:08 GMT 2024","passed","Wed Nov 20 00:41:08 GMT 2024","","METTA-MORPH-TESTS","METTA-MORPH-TESTS",""
"","2","TYPE-PROP.62","","Wed Nov 20 01:11:15 GMT 2024","passed","Wed Nov 20 01:11:15 GMT 2024","","CHECK-TYPES-TEMP","CHECK-TYPES-TEMP",""
"","5000","graphml.graphml_csv_test","","Wed Nov 20 00:35:33 GMT 2024","passed","Wed Nov 20 00:35:38 GMT 2024","","WHOLE-TESTS","WHOLE-TESTS",""
"","1","INF-CTL-MONTH-XP-SHORT-3.11","","Wed Nov 20 02:03:20 GMT 2024","passed","Wed Nov 20 02:03:20 GMT 2024","","COMPARISONS","COMPARISONS",""
"","2","INTERSECTION-TESTS.07","","Wed Nov 20 00:37:14 GMT 2024","passed","Wed Nov 20 00:37:14 GMT 2024","","HYPERON-METTALOG-SANITY","HYPERON-METTALOG-SANITY",""
"","50","E3-MATCH-STATES.03","","Wed Nov 20 00:35:38 GMT 2024","failed","Wed Nov 20 00:35:38 GMT 2024","","HYPERON-EXPERIMENTAL-SCRIPTS","HYPERON-EXPERIMENTAL-SCRIPTS",""
"","42","STDLIB-METTALOG-TEST-PT2.04","","Wed Nov 20 00:54:39 GMT 2024","failed","Wed Nov 20 00:54:39 GMT 2024","","STDLIB-METTALOG","STDLIB-METTALOG",""
"","2","F1-MODULEA.07","","Wed Nov 20 00:45:22 GMT 2024","passed","Wed Nov 20 00:45:22 GMT 2024","","QUICK","QUICK",""
"","2","STRING-TESTS.01","","Wed Nov 20 00:37:14 GMT 2024","passed","Wed Nov 20 00:37:14 GMT 2024","","HYPERON-METTALOG-SANITY","HYPERON-METTALOG-SANITY",""
"","47","FC-XP.05","","Wed Nov 20 01:18:18 GMT 2024","failed","Wed Nov 20 01:18:18 GMT 2024","","FORWARD-CHAINING","FORWARD-CHAINING",""
"","2","TESTS5.02","","Wed Nov 20 00:45:49 GMT 2024","passed","Wed Nov 20 00:45:49 GMT 2024","","MAIN-BRANCH","MAIN-BRANCH",""
"","1522","SYNTHESIZE-VIA-CASE-TEST.11","","Wed Nov 20 01:26:05 GMT 2024","failed","Wed Nov 20 01:26:06 GMT 2024","","EXPERIMENTS","EXPERIMENTS",""
"","2","BCHAIN-COMP.03","","Wed Nov 20 00:43:12 GMT 2024","passed","Wed Nov 20 00:43:12 GMT 2024","","ANTI-REGRESSION","ANTI-REGRESSION",""
"","4000","metta-morph_tests.and_or","","Wed Nov 20 00:35:33 GMT 2024","passed","Wed Nov 20 00:35:37 GMT 2024","","WHOLE-TESTS","WHOLE-TESTS",""
"","2","CHAPTER-1-1.10","","Wed Nov 20 00:54:49 GMT 2024","passed","Wed Nov 20 00:54:49 GMT 2024","","SICP-BOOK","SICP-BOOK",""
"","40000","SICP_book.chapter_2_1","","Wed Nov 20 00:35:33 GMT 2024","failed","Wed Nov 20 00:36:13 GMT 2024","","WHOLE-TESTS","WHOLE-TESTS",""
"","1308","TESTS3.02","","Wed Nov 20 00:45:49 GMT 2024","failed","Wed Nov 20 00:45:50 GMT 2024","","MAIN-BRANCH","MAIN-BRANCH",""
"","556","TMPMATCH2.05","","Wed Nov 20 00:43:12 GMT 2024","passed","Wed Nov 20 00:43:12 GMT 2024","","ANTI-REGRESSION","ANTI-REGRESSION",""
"","2","HYPERPOSING-UNSHARED.07","","Wed Nov 20 01:57:00 GMT 2024","passed","Wed Nov 20 01:57:00 GMT 2024","","BASIC","BASIC",""
"","3","COMBINED.01","","Wed Nov 20 01:53:09 GMT 2024","passed","Wed Nov 20 01:53:09 GMT 2024","","ITERATORS","ITERATORS",""
"","2","AI-SERVICE-COMPOSITION-SANITY.07","","Wed Nov 20 01:08:43 GMT 2024","passed","Wed Nov 20 01:08:43 GMT 2024","","AI-SERVICE","AI-SERVICE",""
"","40000","basic.fibo-as-pred","","Wed Nov 20 00:35:33 GMT 2024","failed","Wed Nov 20 00:36:13 GMT 2024","","WHOLE-TESTS","WHOLE-TESTS",""
"","1","D4-TYPE-PROP.18","","Wed Nov 20 01:11:36 GMT 2024","passed","Wed Nov 20 01:11:36 GMT 2024","","CHECK-TYPES","CHECK-TYPES",""
"","5000","module-system.f1_moduleA","","Wed Nov 20 00:35:33 GMT 2024","passed","Wed Nov 20 00:35:38 GMT 2024","","WHOLE-TESTS","WHOLE-TESTS",""
"","3","IFC-XP.23","","Wed Nov 20 01:21:33 GMT 2024","passed","Wed Nov 20 01:21:33 GMT 2024","","ITERATIVE-CHAINING","ITERATIVE-CHAINING",""
"","2","TMPMATCH1.03","","Wed Nov 20 00:43:12 GMT 2024","passed","Wed Nov 20 00:43:12 GMT 2024","","ANTI-REGRESSION","ANTI-REGRESSION",""
"","2","AI-SERVICE-COMPOSITION-EASY.06","","Wed Nov 20 01:08:43 GMT 2024","passed","Wed Nov 20 01:08:43 GMT 2024","","AI-SERVICE","AI-SERVICE",""
"","2","F1-IMPORTS.10","","Wed Nov 20 00:35:29 GMT 2024","passed","Wed Nov 20 00:35:29 GMT 2024","","MODULE-SYSTEM","MODULE-SYSTEM",""
"","2","SPACE-INTERSECTION-TESTS.20","","Wed Nov 20 00:37:14 GMT 2024","passed","Wed Nov 20 00:37:14 GMT 2024","","HYPERON-METTALOG-SANITY","HYPERON-METTALOG-SANITY",""
"","11000","bigram-sentence-evaluator.wordVectors","","Wed Nov 20 00:35:33 GMT 2024","passed","Wed Nov 20 00:35:44 GMT 2024","","WHOLE-TESTS","WHOLE-TESTS",""
"","3","PC-XP.12","","Wed Nov 20 01:24:14 GMT 2024","passed","Wed Nov 20 01:24:14 GMT 2024","","POLYWARD-CHAINING","POLYWARD-CHAINING",""
"","46000","nars_v0.tests5","","Wed Nov 20 00:35:33 GMT 2024","failed","Wed Nov 20 00:36:19 GMT 2024","","WHOLE-TESTS","WHOLE-TESTS",""
"","3","E2-STATES.11","","Wed Nov 20 00:35:38 GMT 2024","passed","Wed Nov 20 00:35:38 GMT 2024","","HYPERON-EXPERIMENTAL-SCRIPTS","HYPERON-EXPERIMENTAL-SCRIPTS",""
"","4000","check_types.d1_gadt","","Wed Nov 20 00:35:33 GMT 2024","passed","Wed Nov 20 00:35:37 GMT 2024","","WHOLE-TESTS","WHOLE-TESTS",""
"","2","INTERSECTION-TESTS.04","","Wed Nov 20 00:37:14 GMT 2024","passed","Wed Nov 20 00:37:14 GMT 2024","","HYPERON-METTALOG-SANITY","HYPERON-METTALOG-SANITY",""
"","52","B5-TYPES-PRELIM.15","","Wed Nov 20 01:11:15 GMT 2024","failed","Wed Nov 20 01:11:15 GMT 2024","","CHECK-TYPES-TEMP","CHECK-TYPES-TEMP",""
"","2","TYPE-PROP.48","","Wed Nov 20 01:11:15 GMT 2024","passed","Wed Nov 20 01:11:15 GMT 2024","","CHECK-TYPES-TEMP","CHECK-TYPES-TEMP",""
"","170","SYNTHESIZE-VIA-UNIFY-TEST.02","","Wed Nov 20 01:26:05 GMT 2024","failed","Wed Nov 20 01:26:05 GMT 2024","","EXPERIMENTS","EXPERIMENTS",""
"","2","ADD-REMOVE-MATCH-SS-STRINGS.05","","Wed Nov 20 00:52:35 GMT 2024","passed","Wed Nov 20 00:52:35 GMT 2024","","SPACES","SPACES",""
"","5","FORWARD-CHAINER-XP.31","","Wed Nov 20 01:18:08 GMT 2024","passed","Wed Nov 20 01:18:08 GMT 2024","","FORWARD-CHAINER","FORWARD-CHAINER",""
"","2","ADD-REMOVE-MATCH-S-SYMBOLS.03","","Wed Nov 20 00:52:35 GMT 2024","passed","Wed Nov 20 00:52:35 GMT 2024","","SPACES","SPACES",""
"","7361","INF-ORDER-PROBS.04","","Wed Nov 20 01:03:22 GMT 2024","passed","Wed Nov 20 01:03:29 GMT 2024","","PROB-DEP-TYPES","PROB-DEP-TYPES",""
"","213","SYNTHESIZE-VIA-LET-TEST.02","","Wed Nov 20 01:26:05 GMT 2024","failed","Wed Nov 20 01:26:05 GMT 2024","","EXPERIMENTS","EXPERIMENTS",""
"","1131","TESTS1.02","","Wed Nov 20 00:45:49 GMT 2024","failed","Wed Nov 20 00:45:50 GMT 2024","","MAIN-BRANCH","MAIN-BRANCH",""
"","2","00-LANG-CASE.16","","Wed Nov 20 00:37:14 GMT 2024","passed","Wed Nov 20 00:37:14 GMT 2024","","HYPERON-METTALOG-SANITY","HYPERON-METTALOG-SANITY",""
"","3","IMPLICATIONDIRECTINTRODUCTIONDTLTEST.10","","Wed Nov 20 01:14:18 GMT 2024","passed","Wed Nov 20 01:14:18 GMT 2024","","DEPENDENT-TYPES","DEPENDENT-TYPES",""
"","4000","hyperon-mettalog_sanity.00_lang_case","","Wed Nov 20 00:35:33 GMT 2024","passed","Wed Nov 20 00:35:37 GMT 2024","","WHOLE-TESTS","WHOLE-TESTS",""
"","245","NATSIMPLETEST.02","","Wed Nov 20 01:18:23 GMT 2024","failed","Wed Nov 20 01:18:23 GMT 2024","","HOL","HOL",""
"","2","INF-CTL-MONTH-BC-CONT-XP.22","","Wed Nov 20 01:19:32 GMT 2024","passed","Wed Nov 20 01:19:32 GMT 2024","","INFERENCE-CONTROL","INFERENCE-CONTROL",""
"","5000","hyperon-experimental_scripts.a3_twoside","","Wed Nov 20 00:35:33 GMT 2024","passed","Wed Nov 20 00:35:38 GMT 2024","","WHOLE-TESTS","WHOLE-TESTS",""
"","2","TMPMATCH1.01","","Wed Nov 20 01:48:28 GMT 2024","passed","Wed Nov 20 01:48:28 GMT 2024","","WALK-THRU","WALK-THRU",""
"","3","B5-TYPES-PRELIM.10","","Wed Nov 20 01:11:15 GMT 2024","passed","Wed Nov 20 01:11:15 GMT 2024","","CHECK-TYPES-TEMP","CHECK-TYPES-TEMP",""
"","2","XOR-TEST.01","","Wed Nov 20 00:37:14 GMT 2024","passed","Wed Nov 20 00:37:14 GMT 2024","","HYPERON-METTALOG-SANITY","HYPERON-METTALOG-SANITY",""
"","6","GENE-PLN-XP.01","","Wed Nov 20 01:11:03 GMT 2024","passed","Wed Nov 20 01:11:03 GMT 2024","","PLN","PLN",""
"","46","IMPLICATIONDIRECTINTRODUCTIONDTLTEST.13","","Wed Nov 20 01:14:18 GMT 2024","failed","Wed Nov 20 01:14:18 GMT 2024","","DEPENDENT-TYPES","DEPENDENT-TYPES",""
"","2","TESTS2.04","","Wed Nov 20 00:45:49 GMT 2024","passed","Wed Nov 20 00:45:49 GMT 2024","","MAIN-BRANCH","MAIN-BRANCH",""
"","2","CHAPTER-2-2.09","","Wed Nov 20 00:54:49 GMT 2024","passed","Wed Nov 20 00:54:49 GMT 2024","","SICP-BOOK","SICP-BOOK",""
"","1","OR-TEST.16","","Wed Nov 20 00:37:14 GMT 2024","passed","Wed Nov 20 00:37:14 GMT 2024","","HYPERON-METTALOG-SANITY","HYPERON-METTALOG-SANITY",""
"","2","DEDUCTIONFORMULATEST.11","","Wed Nov 20 01:16:03 GMT 2024","passed","Wed Nov 20 01:16:03 GMT 2024","","FORMULA","FORMULA",""
"","2","TYPE-PROP.06","","Wed Nov 20 01:11:15 GMT 2024","passed","Wed Nov 20 01:11:15 GMT 2024","","CHECK-TYPES-TEMP","CHECK-TYPES-TEMP",""
"","31","STRUCTURE-TESTS.01","","Wed Nov 20 00:37:14 GMT 2024","passed","Wed Nov 20 00:37:14 GMT 2024","","HYPERON-METTALOG-SANITY","HYPERON-METTALOG-SANITY",""
"","2","STDLIB-METTALOG-TEST-PT2.29","","Wed Nov 20 00:54:39 GMT 2024","passed","Wed Nov 20 00:54:39 GMT 2024","","STDLIB-METTALOG","STDLIB-METTALOG",""
"","3","V2-PLN-XP-SYS-IMPL.01","","Wed Nov 20 00:50:19 GMT 2024","passed","Wed Nov 20 00:50:19 GMT 2024","","CHAINING","CHAINING",""
"","2","B5-TYPES-PRELIM.26","","Wed Nov 20 01:11:15 GMT 2024","passed","Wed Nov 20 01:11:15 GMT 2024","","CHECK-TYPES-TEMP","CHECK-TYPES-TEMP",""
"","584","APPEND.03","","Wed Nov 20 01:54:43 GMT 2024","passed","Wed Nov 20 01:54:43 GMT 2024","","MULTIDIRECTIONAL","MULTIDIRECTIONAL",""
"","4000","bidirectional_computation.send-more","","Wed Nov 20 00:35:33 GMT 2024","passed","Wed Nov 20 00:35:37 GMT 2024","","WHOLE-TESTS","WHOLE-TESTS",""
"","2","ADD-REMOVE-MATCH-STRINGS.05","","Wed Nov 20 00:52:35 GMT 2024","passed","Wed Nov 20 00:52:35 GMT 2024","","SPACES","SPACES",""
"","2","E2-STATES.10","","Wed Nov 20 01:11:36 GMT 2024","passed","Wed Nov 20 01:11:36 GMT 2024","","CHECK-TYPES","CHECK-TYPES",""
"","1","NATPARITYTEST.06","","Wed Nov 20 01:18:23 GMT 2024","passed","Wed Nov 20 01:18:23 GMT 2024","","HOL","HOL",""
"","179","SYNTHESIZE-VIA-UNIFY-TEST.06","","Wed Nov 20 01:26:05 GMT 2024","failed","Wed Nov 20 01:26:05 GMT 2024","","EXPERIMENTS","EXPERIMENTS",""
"","2","D2-HIGHERFUNC.04","","Wed Nov 20 00:35:38 GMT 2024","passed","Wed Nov 20 00:35:38 GMT 2024","","HYPERON-EXPERIMENTAL-SCRIPTS","HYPERON-EXPERIMENTAL-SCRIPTS",""
"","2","B5-TYPES-PRELIM.03","","Wed Nov 20 01:11:15 GMT 2024","passed","Wed Nov 20 01:11:15 GMT 2024","","CHECK-TYPES-TEMP","CHECK-TYPES-TEMP",""
"","15","ORDEREDSETTEST.11","","Wed Nov 20 01:15:41 GMT 2024","passed","Wed Nov 20 01:15:41 GMT 2024","","COMMON","COMMON",""
"","42000","aunt-kg.sergey_rodionov_formulation","","Wed Nov 20 00:35:33 GMT 2024","failed","Wed Nov 20 00:36:15 GMT 2024","","WHOLE-TESTS","WHOLE-TESTS",""
"","2","B5-TYPES-PRELIM.04","","Wed Nov 20 01:11:15 GMT 2024","passed","Wed Nov 20 01:11:15 GMT 2024","","CHECK-TYPES-TEMP","CHECK-TYPES-TEMP",""
"","63","D2-HIGHERFUNC.07","","Wed Nov 20 01:11:36 GMT 2024","failed","Wed Nov 20 01:11:36 GMT 2024","","CHECK-TYPES","CHECK-TYPES",""
"","4000","std.get-atoms-test","","Wed Nov 20 00:35:33 GMT 2024","passed","Wed Nov 20 00:35:37 GMT 2024","","WHOLE-TESTS","WHOLE-TESTS",""
"","103","C1-GROUNDED-BASIC.14","","Wed Nov 20 00:35:38 GMT 2024","failed","Wed Nov 20 00:35:38 GMT 2024","","HYPERON-EXPERIMENTAL-SCRIPTS","HYPERON-EXPERIMENTAL-SCRIPTS",""
"","2","ADD-REMOVE-MATCH-INTEGER.34","","Wed Nov 20 00:52:35 GMT 2024","passed","Wed Nov 20 00:52:35 GMT 2024","","SPACES","SPACES",""
"","3","A1-SYMBOLS.05","","Wed Nov 20 00:35:38 GMT 2024","passed","Wed Nov 20 00:35:38 GMT 2024","","HYPERON-EXPERIMENTAL-SCRIPTS","HYPERON-EXPERIMENTAL-SCRIPTS",""
"","2","TEST-IF-CLOSED.08","","Wed Nov 20 00:43:12 GMT 2024","passed","Wed Nov 20 00:43:12 GMT 2024","","ANTI-REGRESSION","ANTI-REGRESSION",""
"","6","F1-IMPORTS.02","","Wed Nov 20 00:45:22 GMT 2024","passed","Wed Nov 20 00:45:22 GMT 2024","","QUICK","QUICK",""
"","2","D2-HIGHERFUNC.01","","Wed Nov 20 01:11:36 GMT 2024","passed","Wed Nov 20 01:11:36 GMT 2024","","CHECK-TYPES","CHECK-TYPES",""
"","2","STDLIB-METTALOG-TEST-PT2.41","","Wed Nov 20 00:54:39 GMT 2024","passed","Wed Nov 20 00:54:39 GMT 2024","","STDLIB-METTALOG","STDLIB-METTALOG",""
"","6","SPACE-SUBTRACTION-TESTS.05","","Wed Nov 20 00:37:14 GMT 2024","passed","Wed Nov 20 00:37:14 GMT 2024","","HYPERON-METTALOG-SANITY","HYPERON-METTALOG-SANITY",""
"","2","ADD-REMOVE-MATCH-SS-STRINGS.12","","Wed Nov 20 00:52:35 GMT 2024","passed","Wed Nov 20 00:52:35 GMT 2024","","SPACES","SPACES",""
"","2","LET-SUPERPOSE-LIST.02","","Wed Nov 20 00:41:08 GMT 2024","passed","Wed Nov 20 00:41:08 GMT 2024","","METTA-MORPH-TESTS","METTA-MORPH-TESTS",""
"","2","MATCH-VOID.07","","Wed Nov 20 00:41:08 GMT 2024","passed","Wed Nov 20 00:41:08 GMT 2024","","METTA-MORPH-TESTS","METTA-MORPH-TESTS",""
"","2","XOR-TEST.10","","Wed Nov 20 00:37:14 GMT 2024","passed","Wed Nov 20 00:37:14 GMT 2024","","HYPERON-METTALOG-SANITY","HYPERON-METTALOG-SANITY",""
"","2","IFC-XP.02","","Wed Nov 20 01:21:33 GMT 2024","passed","Wed Nov 20 01:21:33 GMT 2024","","ITERATIVE-CHAINING","ITERATIVE-CHAINING",""
"","292","IBC-XP.14","","Wed Nov 20 01:21:33 GMT 2024","passed","Wed Nov 20 01:21:33 GMT 2024","","ITERATIVE-CHAINING","ITERATIVE-CHAINING",""
"","3","LETLET.01","","Wed Nov 20 00:41:08 GMT 2024","passed","Wed Nov 20 00:41:08 GMT 2024","","METTA-MORPH-TESTS","METTA-MORPH-TESTS",""
"","5000","module-system.c2_spaces","","Wed Nov 20 00:35:33 GMT 2024","passed","Wed Nov 20 00:35:38 GMT 2024","","WHOLE-TESTS","WHOLE-TESTS",""
"","2","TYPE-PROP.31","","Wed Nov 20 01:11:15 GMT 2024","passed","Wed Nov 20 01:11:15 GMT 2024","","CHECK-TYPES-TEMP","CHECK-TYPES-TEMP",""
"","2","STDLIB-METTALOG-TEST-PT2.63","","Wed Nov 20 00:54:39 GMT 2024","passed","Wed Nov 20 00:54:39 GMT 2024","","STDLIB-METTALOG","STDLIB-METTALOG",""
"","12","TEST-INFER-FUNCTION-APPLICATION-TYPE.09","","Wed Nov 20 01:57:00 GMT 2024","failed","Wed Nov 20 01:57:00 GMT 2024","","BASIC","BASIC",""
"","2","00A-LANG-COMPILED-CASE.12","","Wed Nov 20 01:47:02 GMT 2024","passed","Wed Nov 20 01:47:02 GMT 2024","","DIRECT-COMP","DIRECT-COMP",""
"","2","D2-HIGHERFUNC.12","","Wed Nov 20 01:11:36 GMT 2024","passed","Wed Nov 20 01:11:36 GMT 2024","","CHECK-TYPES","CHECK-TYPES",""
"","2","D4-TYPE-PROP.22","","Wed Nov 20 01:11:36 GMT 2024","passed","Wed Nov 20 01:11:36 GMT 2024","","CHECK-TYPES","CHECK-TYPES",""
"","2","IBC-XP.08","","Wed Nov 20 01:21:33 GMT 2024","passed","Wed Nov 20 01:21:33 GMT 2024","","ITERATIVE-CHAINING","ITERATIVE-CHAINING",""
"","3","ADD-REMOVE-MATCH-SS-SYMBOLS.15","","Wed Nov 20 00:52:35 GMT 2024","passed","Wed Nov 20 00:52:35 GMT 2024","","SPACES","SPACES",""
"","3632","TRAINING-BI.03","","Wed Nov 20 02:09:34 GMT 2024","passed","Wed Nov 20 02:09:37 GMT 2024","","LANGUAGE-MODELS","LANGUAGE-MODELS",""
"","4000","common.OrderedSetTest","","Wed Nov 20 00:35:33 GMT 2024","passed","Wed Nov 20 00:35:37 GMT 2024","","WHOLE-TESTS","WHOLE-TESTS",""
"","4","DEDUCTIONMATCHTEST.01","","Wed Nov 20 01:21:52 GMT 2024","passed","Wed Nov 20 01:21:52 GMT 2024","","MATCH","MATCH",""
"","13","D2-HIGHERFUNC.22","","Wed Nov 20 00:45:22 GMT 2024","passed","Wed Nov 20 00:45:22 GMT 2024","","QUICK","QUICK",""
"","2","SEQUENTIAL-NESTED.07","","Wed Nov 20 00:41:08 GMT 2024","passed","Wed Nov 20 00:41:08 GMT 2024","","METTA-MORPH-TESTS","METTA-MORPH-TESTS",""
"","2","ADD-REMOVE-MATCH-FLOAT.04","","Wed Nov 20 00:52:35 GMT 2024","passed","Wed Nov 20 00:52:35 GMT 2024","","SPACES","SPACES",""
"","1","IMPL-METTALOGTESTCURRIED.12","","Wed Nov 20 01:48:28 GMT 2024","passed","Wed Nov 20 01:48:28 GMT 2024","","WALK-THRU","WALK-THRU",""
"","4","TYPE-PROP.38","","Wed Nov 20 01:11:15 GMT 2024","passed","Wed Nov 20 01:11:15 GMT 2024","","CHECK-TYPES-TEMP","CHECK-TYPES-TEMP",""
"","15","TEST-INFER-FUNCTION-APPLICATION-TYPE.03","","Wed Nov 20 01:57:00 GMT 2024","failed","Wed Nov 20 01:57:00 GMT 2024","","BASIC","BASIC",""
"","2","NATSTANDALONETEST.02","","Wed Nov 20 01:18:23 GMT 2024","passed","Wed Nov 20 01:18:23 GMT 2024","","HOL","HOL",""
"","5000","chaining.bc-xp","","Wed Nov 20 00:35:33 GMT 2024","passed","Wed Nov 20 00:35:38 GMT 2024","","WHOLE-TESTS","WHOLE-TESTS",""
"","2","CML-UNSHARED.10","","Wed Nov 20 01:57:00 GMT 2024","passed","Wed Nov 20 01:57:00 GMT 2024","","BASIC","BASIC",""
"","2","AI-SERVICE-COMPOSITION-EASY.04","","Wed Nov 20 01:08:43 GMT 2024","passed","Wed Nov 20 01:08:43 GMT 2024","","AI-SERVICE","AI-SERVICE",""
"","1","D2-HIGHERFUNC.08","","Wed Nov 20 01:11:36 GMT 2024","passed","Wed Nov 20 01:11:36 GMT 2024","","CHECK-TYPES","CHECK-TYPES",""
"","4000","spaces.add-remove-match-ss-symbols","","Wed Nov 20 00:35:33 GMT 2024","passed","Wed Nov 20 00:35:37 GMT 2024","","WHOLE-TESTS","WHOLE-TESTS",""
"","2","BC-XP.22","","Wed Nov 20 01:15:32 GMT 2024","passed","Wed Nov 20 01:15:32 GMT 2024","","BACKWARD-CHAINING","BACKWARD-CHAINING",""
"","48","INF-CTL-MONTH-BC-CONT-XP.18","","Wed Nov 20 01:19:32 GMT 2024","failed","Wed Nov 20 01:19:32 GMT 2024","","INFERENCE-CONTROL","INFERENCE-CONTROL",""
"","3","FORWARD-CHAINER-XP.04","","Wed Nov 20 01:18:08 GMT 2024","passed","Wed Nov 20 01:18:08 GMT 2024","","FORWARD-CHAINER","FORWARD-CHAINER",""
"","2","BCHAIN-COMP.04","","Wed Nov 20 00:43:12 GMT 2024","passed","Wed Nov 20 00:43:12 GMT 2024","","ANTI-REGRESSION","ANTI-REGRESSION",""
"","1","NATSTANDALONETEST.07","","Wed Nov 20 01:18:23 GMT 2024","passed","Wed Nov 20 01:18:23 GMT 2024","","HOL","HOL",""
"","2","C2-SPACES.04","","Wed Nov 20 00:35:29 GMT 2024","passed","Wed Nov 20 00:35:29 GMT 2024","","MODULE-SYSTEM","MODULE-SYSTEM",""
"","2","TEST-IF-CLOSED.08","","Wed Nov 20 01:48:28 GMT 2024","passed","Wed Nov 20 01:48:28 GMT 2024","","WALK-THRU","WALK-THRU",""
"","2","00A-LANG-COMPILED-CASE.05","","Wed Nov 20 01:47:02 GMT 2024","passed","Wed Nov 20 01:47:02 GMT 2024","","DIRECT-COMP","DIRECT-COMP",""
"","2","BC-XP.24","","Wed Nov 20 01:15:32 GMT 2024","passed","Wed Nov 20 01:15:32 GMT 2024","","BACKWARD-CHAINING","BACKWARD-CHAINING",""
"","46000","nars_v0.tests2","","Wed Nov 20 00:35:33 GMT 2024","failed","Wed Nov 20 00:36:19 GMT 2024","","WHOLE-TESTS","WHOLE-TESTS",""
"","74","COMBINED.03","","Wed Nov 20 01:53:09 GMT 2024","failed","Wed Nov 20 01:53:09 GMT 2024","","ITERATORS","ITERATORS",""
"","3","D3-DEPTYPES.07","","Wed Nov 20 01:11:36 GMT 2024","passed","Wed Nov 20 01:11:36 GMT 2024","","CHECK-TYPES","CHECK-TYPES",""
"","40000","dependent-types.MinerDTL3Test","","Wed Nov 20 00:35:33 GMT 2024","failed","Wed Nov 20 00:36:13 GMT 2024","","WHOLE-TESTS","WHOLE-TESTS",""
"","120","ADD-REMOVE-MATCH-S-STRINGS.14","","Wed Nov 20 00:52:35 GMT 2024","passed","Wed Nov 20 00:52:35 GMT 2024","","SPACES","SPACES",""
"","2","BACKWARD-CHAINER-XP.27","","Wed Nov 20 01:15:26 GMT 2024","passed","Wed Nov 20 01:15:26 GMT 2024","","BACKWARD-CHAINER","BACKWARD-CHAINER",""
"","100","ADD-ATOM-NAIVE-FIB.10","","Wed Nov 20 02:03:20 GMT 2024","passed","Wed Nov 20 02:03:20 GMT 2024","","COMPARISONS","COMPARISONS",""
"","2","C2-SPACES.03","","Wed Nov 20 00:35:38 GMT 2024","passed","Wed Nov 20 00:35:38 GMT 2024","","HYPERON-EXPERIMENTAL-SCRIPTS","HYPERON-EXPERIMENTAL-SCRIPTS",""
"","2","C1-GROUNDED-BASIC.20","","Wed Nov 20 00:35:38 GMT 2024","passed","Wed Nov 20 00:35:38 GMT 2024","","HYPERON-EXPERIMENTAL-SCRIPTS","HYPERON-EXPERIMENTAL-SCRIPTS",""
"","2","SHOW-TYPE.11","","Wed Nov 20 00:52:21 GMT 2024","passed","Wed Nov 20 00:52:21 GMT 2024","","INTROSPECT","INTROSPECT",""
"","1","D4-TYPE-PROP.06","","Wed Nov 20 00:45:22 GMT 2024","passed","Wed Nov 20 00:45:22 GMT 2024","","QUICK","QUICK",""
"","2","PREREQS.02","","Wed Nov 20 00:45:49 GMT 2024","passed","Wed Nov 20 00:45:49 GMT 2024","","MAIN-BRANCH","MAIN-BRANCH",""
"","4000","ai-service.ai-service-composition-sanity","","Wed Nov 20 00:35:33 GMT 2024","passed","Wed Nov 20 00:35:37 GMT 2024","","WHOLE-TESTS","WHOLE-TESTS",""
"","4000","fizzbuzz.simple","","Wed Nov 20 00:35:33 GMT 2024","passed","Wed Nov 20 00:35:37 GMT 2024","","WHOLE-TESTS","WHOLE-TESTS",""
"","3","LTE.07","","Wed Nov 20 00:53:17 GMT 2024","passed","Wed Nov 20 00:53:17 GMT 2024","","STD","STD",""
"","2","MATCH-SUPERPOSED-SPACES.05","","Wed Nov 20 00:41:08 GMT 2024","passed","Wed Nov 20 00:41:08 GMT 2024","","METTA-MORPH-TESTS","METTA-MORPH-TESTS",""
"","2220","SELF-CONTAINED-SYNTHESIZE.07","","Wed Nov 20 01:26:05 GMT 2024","failed","Wed Nov 20 01:26:07 GMT 2024","","EXPERIMENTS","EXPERIMENTS",""
"","2","C1-GROUNDED-BASIC.05","","Wed Nov 20 00:45:22 GMT 2024","passed","Wed Nov 20 00:45:22 GMT 2024","","QUICK","QUICK",""
"","2","NAIVE-FIB.01","","Wed Nov 20 02:03:20 GMT 2024","passed","Wed Nov 20 02:03:20 GMT 2024","","COMPARISONS","COMPARISONS",""
"","2","SUBTRACTION-TEST.05","","Wed Nov 20 00:37:14 GMT 2024","passed","Wed Nov 20 00:37:14 GMT 2024","","HYPERON-METTALOG-SANITY","HYPERON-METTALOG-SANITY",""
"","2","D3-DEPTYPES.06","","Wed Nov 20 00:35:38 GMT 2024","passed","Wed Nov 20 00:35:38 GMT 2024","","HYPERON-EXPERIMENTAL-SCRIPTS","HYPERON-EXPERIMENTAL-SCRIPTS",""
"","718","GENE-QUERY.01","","Wed Nov 20 01:11:08 GMT 2024","passed","Wed Nov 20 01:11:08 GMT 2024","","QUERY","QUERY",""
"","5000","nondet_unify.prover","","Wed Nov 20 00:35:33 GMT 2024","passed","Wed Nov 20 00:35:38 GMT 2024","","WHOLE-TESTS","WHOLE-TESTS",""
"","2","TMPMATCH1.04","","Wed Nov 20 01:48:28 GMT 2024","passed","Wed Nov 20 01:48:28 GMT 2024","","WALK-THRU","WALK-THRU",""
"","5000","distributed-processing.use-two-servers","","Wed Nov 20 00:35:33 GMT 2024","passed","Wed Nov 20 00:35:38 GMT 2024","","WHOLE-TESTS","WHOLE-TESTS",""
"","2","D3-DEPTYPES.03","","Wed Nov 20 00:35:38 GMT 2024","passed","Wed Nov 20 00:35:38 GMT 2024","","HYPERON-EXPERIMENTAL-SCRIPTS","HYPERON-EXPERIMENTAL-SCRIPTS",""
"","3","TYPES-PRELIM.01","","Wed Nov 20 00:50:19 GMT 2024","passed","Wed Nov 20 00:50:19 GMT 2024","","CHAINING","CHAINING",""
"","2","STDLIB-METTALOG-TEST-PT2.46","","Wed Nov 20 00:54:39 GMT 2024","passed","Wed Nov 20 00:54:39 GMT 2024","","STDLIB-METTALOG","STDLIB-METTALOG",""
"","2","ADD-REMOVE-MATCH-INTEGER.11","","Wed Nov 20 00:52:35 GMT 2024","passed","Wed Nov 20 00:52:35 GMT 2024","","SPACES","SPACES",""
"","2","UNIQUE-TEST.08","","Wed Nov 20 00:37:14 GMT 2024","passed","Wed Nov 20 00:37:14 GMT 2024","","HYPERON-METTALOG-SANITY","HYPERON-METTALOG-SANITY",""
"","14","D1-GADT.13","","Wed Nov 20 00:45:22 GMT 2024","passed","Wed Nov 20 00:45:22 GMT 2024","","QUICK","QUICK",""
"","2","STDLIB-METTALOG-TEST-PT2.51","","Wed Nov 20 00:54:39 GMT 2024","passed","Wed Nov 20 00:54:39 GMT 2024","","STDLIB-METTALOG","STDLIB-METTALOG",""
"","2","IBC-XP.02","","Wed Nov 20 01:21:33 GMT 2024","passed","Wed Nov 20 01:21:33 GMT 2024","","ITERATIVE-CHAINING","ITERATIVE-CHAINING",""
"","72","INTERSECTION-TESTS.29","","Wed Nov 20 00:37:14 GMT 2024","failed","Wed Nov 20 00:37:14 GMT 2024","","HYPERON-METTALOG-SANITY","HYPERON-METTALOG-SANITY",""
"","3","TYPE-PROP.77","","Wed Nov 20 01:11:15 GMT 2024","passed","Wed Nov 20 01:11:15 GMT 2024","","CHECK-TYPES-TEMP","CHECK-TYPES-TEMP",""
"","5","UTILS-TEST.03","","Wed Nov 20 01:15:22 GMT 2024","passed","Wed Nov 20 01:15:22 GMT 2024","","UTILS","UTILS",""
"","2","ADD-REMOVE-MATCH-INTEGER.08","","Wed Nov 20 00:52:35 GMT 2024","passed","Wed Nov 20 00:52:35 GMT 2024","","SPACES","SPACES",""
"","2","TYPE-PROP.46","","Wed Nov 20 01:11:15 GMT 2024","passed","Wed Nov 20 01:11:15 GMT 2024","","CHECK-TYPES-TEMP","CHECK-TYPES-TEMP",""
"","1","DEBUG-METTALOGTESTCURRIED.11","","Wed Nov 20 01:48:28 GMT 2024","passed","Wed Nov 20 01:48:28 GMT 2024","","WALK-THRU","WALK-THRU",""
"","4","TYPE-PROP.41","","Wed Nov 20 01:11:15 GMT 2024","passed","Wed Nov 20 01:11:15 GMT 2024","","CHECK-TYPES-TEMP","CHECK-TYPES-TEMP",""
"","18","IFC-XP.19","","Wed Nov 20 01:21:33 GMT 2024","failed","Wed Nov 20 01:21:33 GMT 2024","","ITERATIVE-CHAINING","ITERATIVE-CHAINING",""
"","2","F1-IMPORTS.16","","Wed Nov 20 00:45:22 GMT 2024","passed","Wed Nov 20 00:45:22 GMT 2024","","QUICK","QUICK",""
"","2","TESTS0.03","","Wed Nov 20 00:45:49 GMT 2024","passed","Wed Nov 20 00:45:49 GMT 2024","","MAIN-BRANCH","MAIN-BRANCH",""
"","1","STATE-TYPES.15","","Wed Nov 20 01:57:00 GMT 2024","passed","Wed Nov 20 01:57:00 GMT 2024","","BASIC","BASIC",""
"","1","ADD-REMOVE-MATCH-SS-STRINGS.06","","Wed Nov 20 00:52:35 GMT 2024","passed","Wed Nov 20 00:52:35 GMT 2024","","SPACES","SPACES",""
"","226","INF-CTL-MONTH-XP-LONG.01","","Wed Nov 20 02:03:20 GMT 2024","failed","Wed Nov 20 02:03:20 GMT 2024","","COMPARISONS","COMPARISONS",""
"","2","LTE.04","","Wed Nov 20 00:53:17 GMT 2024","passed","Wed Nov 20 00:53:17 GMT 2024","","STD","STD",""
"","2","TYPES-PRELIM.06","","Wed Nov 20 00:50:19 GMT 2024","passed","Wed Nov 20 00:50:19 GMT 2024","","CHAINING","CHAINING",""
"","5","F1-IMPORTS.02","","Wed Nov 20 00:35:38 GMT 2024","passed","Wed Nov 20 00:35:38 GMT 2024","","HYPERON-EXPERIMENTAL-SCRIPTS","HYPERON-EXPERIMENTAL-SCRIPTS",""
"","1099","PLLM-PENNTREE.07","","Wed Nov 20 02:09:34 GMT 2024","passed","Wed Nov 20 02:09:35 GMT 2024","","LANGUAGE-MODELS","LANGUAGE-MODELS",""
"","3","INTERSECTION-TESTS.30","","Wed Nov 20 00:37:14 GMT 2024","passed","Wed Nov 20 00:37:14 GMT 2024","","HYPERON-METTALOG-SANITY","HYPERON-METTALOG-SANITY",""
"","2","ADD-REMOVE-MATCH-MIX-FLOAT-INTEGER.09","","Wed Nov 20 00:52:35 GMT 2024","passed","Wed Nov 20 00:52:35 GMT 2024","","SPACES","SPACES",""
"","2","FC-XP.30","","Wed Nov 20 01:18:18 GMT 2024","passed","Wed Nov 20 01:18:18 GMT 2024","","FORWARD-CHAINING","FORWARD-CHAINING",""
"","2","DEDUCTIONFORMULATEST.05","","Wed Nov 20 01:16:03 GMT 2024","passed","Wed Nov 20 01:16:03 GMT 2024","","FORMULA","FORMULA",""
"","2","IFC-XP.30","","Wed Nov 20 01:21:33 GMT 2024","passed","Wed Nov 20 01:21:33 GMT 2024","","ITERATIVE-CHAINING","ITERATIVE-CHAINING",""
"","2","AI-SERVICE-COMPOSITION-SANITY.02","","Wed Nov 20 01:08:43 GMT 2024","passed","Wed Nov 20 01:08:43 GMT 2024","","AI-SERVICE","AI-SERVICE",""
"","53","E2-STATES.08","","Wed Nov 20 01:11:36 GMT 2024","failed","Wed Nov 20 01:11:36 GMT 2024","","CHECK-TYPES","CHECK-TYPES",""
"","2","B1-EQUAL-CHAIN.05","","Wed Nov 20 00:35:38 GMT 2024","passed","Wed Nov 20 00:35:38 GMT 2024","","HYPERON-EXPERIMENTAL-SCRIPTS","HYPERON-EXPERIMENTAL-SCRIPTS",""
"","2","TYPES-PRELIM.18","","Wed Nov 20 00:50:19 GMT 2024","passed","Wed Nov 20 00:50:19 GMT 2024","","CHAINING","CHAINING",""
"","2","F1-IMPORTS.19","","Wed Nov 20 00:45:22 GMT 2024","passed","Wed Nov 20 00:45:22 GMT 2024","","QUICK","QUICK",""
"","3","IS-SPACE.01","","Wed Nov 20 00:37:14 GMT 2024","passed","Wed Nov 20 00:37:14 GMT 2024","","HYPERON-METTALOG-SANITY","HYPERON-METTALOG-SANITY",""
"","4","MATCH-FEVAL.01","","Wed Nov 20 00:41:08 GMT 2024","passed","Wed Nov 20 00:41:08 GMT 2024","","METTA-MORPH-TESTS","METTA-MORPH-TESTS",""
"","2","C1-GROUNDED-BASIC.09","","Wed Nov 20 00:35:38 GMT 2024","passed","Wed Nov 20 00:35:38 GMT 2024","","HYPERON-EXPERIMENTAL-SCRIPTS","HYPERON-EXPERIMENTAL-SCRIPTS",""
"","3","UNIFY-VIA-LET.06","","Wed Nov 20 01:26:05 GMT 2024","passed","Wed Nov 20 01:26:05 GMT 2024","","EXPERIMENTS","EXPERIMENTS",""
"","4000","anti-regression.bchain_comp","","Wed Nov 20 00:35:33 GMT 2024","passed","Wed Nov 20 00:35:37 GMT 2024","","WHOLE-TESTS","WHOLE-TESTS",""
"","4000","std.kb_write","","Wed Nov 20 00:35:33 GMT 2024","passed","Wed Nov 20 00:35:37 GMT 2024","","WHOLE-TESTS","WHOLE-TESTS",""
"","2","D1-GADT.14","","Wed Nov 20 00:35:38 GMT 2024","passed","Wed Nov 20 00:35:38 GMT 2024","","HYPERON-EXPERIMENTAL-SCRIPTS","HYPERON-EXPERIMENTAL-SCRIPTS",""
"","164","SPACE-SUBTRACTION-TESTS.08","","Wed Nov 20 00:37:14 GMT 2024","passed","Wed Nov 20 00:37:14 GMT 2024","","HYPERON-METTALOG-SANITY","HYPERON-METTALOG-SANITY",""
"","1","INF-CTL-MONTH-BC-CONT-XP.02","","Wed Nov 20 01:19:32 GMT 2024","passed","Wed Nov 20 01:19:32 GMT 2024","","INFERENCE-CONTROL","INFERENCE-CONTROL",""
"","42000","inference-control.inf-ctl-month-bc-cont-xp","","Wed Nov 20 00:35:33 GMT 2024","failed","Wed Nov 20 00:36:15 GMT 2024","","WHOLE-TESTS","WHOLE-TESTS",""
"","2","SYNTHESIZE-VIA-TYPE-CHECKING.01","","Wed Nov 20 01:26:05 GMT 2024","passed","Wed Nov 20 01:26:05 GMT 2024","","EXPERIMENTS","EXPERIMENTS",""
"","3","ADD-REMOVE-MATCH-SS-STRINGS.16","","Wed Nov 20 00:52:35 GMT 2024","passed","Wed Nov 20 00:52:35 GMT 2024","","SPACES","SPACES",""
"","6","TRUTHVALUETEST.01","","Wed Nov 20 01:16:08 GMT 2024","passed","Wed Nov 20 01:16:08 GMT 2024","","TRUTHVALUE","TRUTHVALUE",""
"","124","INF-CTL-MONTH-BC-CONT-XP.25","","Wed Nov 20 01:19:32 GMT 2024","passed","Wed Nov 20 01:19:32 GMT 2024","","INFERENCE-CONTROL","INFERENCE-CONTROL",""
"","10","00-LANG-CASE.11","","Wed Nov 20 00:37:14 GMT 2024","passed","Wed Nov 20 00:37:14 GMT 2024","","HYPERON-METTALOG-SANITY","HYPERON-METTALOG-SANITY",""
"","2","ADD-REMOVE-MATCH-MIX-FLOAT-INTEGER.01","","Wed Nov 20 00:52:35 GMT 2024","passed","Wed Nov 20 00:52:35 GMT 2024","","SPACES","SPACES",""
"","2","UNIFY-VIA-LET.07","","Wed Nov 20 01:26:05 GMT 2024","passed","Wed Nov 20 01:26:05 GMT 2024","","EXPERIMENTS","EXPERIMENTS",""
"","3","BACKWARD-CHAINER-XP.43","","Wed Nov 20 01:15:26 GMT 2024","passed","Wed Nov 20 01:15:26 GMT 2024","","BACKWARD-CHAINER","BACKWARD-CHAINER",""
"","2","IBC-XP.31","","Wed Nov 20 01:21:33 GMT 2024","passed","Wed Nov 20 01:21:33 GMT 2024","","ITERATIVE-CHAINING","ITERATIVE-CHAINING",""
"","3","MAYBETEST.01","","Wed Nov 20 01:15:41 GMT 2024","passed","Wed Nov 20 01:15:41 GMT 2024","","COMMON","COMMON",""
"","5","TYPE-PROP.72","","Wed Nov 20 01:11:15 GMT 2024","passed","Wed Nov 20 01:11:15 GMT 2024","","CHECK-TYPES-TEMP","CHECK-TYPES-TEMP",""
"","71","INTERSECTION-TESTS.06","","Wed Nov 20 00:37:14 GMT 2024","passed","Wed Nov 20 00:37:14 GMT 2024","","HYPERON-METTALOG-SANITY","HYPERON-METTALOG-SANITY",""
"","2","ADD-REMOVE-MATCH-SS-STRINGS.15","","Wed Nov 20 00:52:35 GMT 2024","passed","Wed Nov 20 00:52:35 GMT 2024","","SPACES","SPACES",""
"","1674","TESTS5.03","","Wed Nov 20 00:45:49 GMT 2024","failed","Wed Nov 20 00:45:50 GMT 2024","","MAIN-BRANCH","MAIN-BRANCH",""
"","921","BC-IMPL.03","","Wed Nov 20 01:48:28 GMT 2024","passed","Wed Nov 20 01:48:28 GMT 2024","","WALK-THRU","WALK-THRU",""
"","2","BACKWARD-CHAINER-XP.21","","Wed Nov 20 01:15:26 GMT 2024","passed","Wed Nov 20 01:15:26 GMT 2024","","BACKWARD-CHAINER","BACKWARD-CHAINER",""
"","2","BC-XP.04","","Wed Nov 20 01:15:32 GMT 2024","passed","Wed Nov 20 01:15:32 GMT 2024","","BACKWARD-CHAINING","BACKWARD-CHAINING",""
"","5","INF-ORDER-PROBS.06","","Wed Nov 20 01:03:22 GMT 2024","passed","Wed Nov 20 01:03:22 GMT 2024","","PROB-DEP-TYPES","PROB-DEP-TYPES",""
"","97","TYPE-PROP.52","","Wed Nov 20 01:11:15 GMT 2024","failed","Wed Nov 20 01:11:15 GMT 2024","","CHECK-TYPES-TEMP","CHECK-TYPES-TEMP",""
"","2","CHAPTER-1-1.09","","Wed Nov 20 00:54:49 GMT 2024","passed","Wed Nov 20 00:54:49 GMT 2024","","SICP-BOOK","SICP-BOOK",""
"","3","D2-HIGHERFUNC.26","","Wed Nov 20 00:35:38 GMT 2024","passed","Wed Nov 20 00:35:38 GMT 2024","","HYPERON-EXPERIMENTAL-SCRIPTS","HYPERON-EXPERIMENTAL-SCRIPTS",""
"","41000","main-branch.tests5","","Wed Nov 20 00:35:33 GMT 2024","failed","Wed Nov 20 00:36:14 GMT 2024","","WHOLE-TESTS","WHOLE-TESTS",""
"","2","BC-XP.10","","Wed Nov 20 01:15:32 GMT 2024","passed","Wed Nov 20 01:15:32 GMT 2024","","BACKWARD-CHAINING","BACKWARD-CHAINING",""
"","2","TYPE-PROP.09","","Wed Nov 20 00:50:19 GMT 2024","passed","Wed Nov 20 00:50:19 GMT 2024","","CHAINING","CHAINING",""
"","2","C2-SPACES.02","","Wed Nov 20 00:35:29 GMT 2024","passed","Wed Nov 20 00:35:29 GMT 2024","","MODULE-SYSTEM","MODULE-SYSTEM",""
"","2","TRUTHVALUETEST.06","","Wed Nov 20 01:16:08 GMT 2024","passed","Wed Nov 20 01:16:08 GMT 2024","","TRUTHVALUE","TRUTHVALUE",""
"","2","HYPERPOSING-SHARED.04","","Wed Nov 20 01:57:00 GMT 2024","passed","Wed Nov 20 01:57:00 GMT 2024","","BASIC","BASIC",""
"","1","STATE-TYPES.16","","Wed Nov 20 01:57:00 GMT 2024","passed","Wed Nov 20 01:57:00 GMT 2024","","BASIC","BASIC",""
"","13","D4-TYPE-PROP.03","","Wed Nov 20 00:45:22 GMT 2024","passed","Wed Nov 20 00:45:22 GMT 2024","","QUICK","QUICK",""
"","3","INTERSECTION-TESTS.15","","Wed Nov 20 00:37:14 GMT 2024","passed","Wed Nov 20 00:37:14 GMT 2024","","HYPERON-METTALOG-SANITY","HYPERON-METTALOG-SANITY",""
"","5","TRUTHVALUETEST.07","","Wed Nov 20 01:16:08 GMT 2024","passed","Wed Nov 20 01:16:08 GMT 2024","","TRUTHVALUE","TRUTHVALUE",""
"","2","TYPES2.05","","Wed Nov 20 00:41:08 GMT 2024","passed","Wed Nov 20 00:41:08 GMT 2024","","METTA-MORPH-TESTS","METTA-MORPH-TESTS",""
"","1","STDLIB-METTALOG-TEST-PT2.45","","Wed Nov 20 00:54:39 GMT 2024","passed","Wed Nov 20 00:54:39 GMT 2024","","STDLIB-METTALOG","STDLIB-METTALOG",""
"","5000","edges-to-edges.nte","","Wed Nov 20 00:35:33 GMT 2024","passed","Wed Nov 20 00:35:38 GMT 2024","","WHOLE-TESTS","WHOLE-TESTS",""
"","3","D2-HIGHERFUNC.15","","Wed Nov 20 00:35:38 GMT 2024","passed","Wed Nov 20 00:35:38 GMT 2024","","HYPERON-EXPERIMENTAL-SCRIPTS","HYPERON-EXPERIMENTAL-SCRIPTS",""
"","2","D2-HIGHERFUNC.18","","Wed Nov 20 00:45:22 GMT 2024","passed","Wed Nov 20 00:45:22 GMT 2024","","QUICK","QUICK",""
"","2","BACKWARD-CHAINER-XP.37","","Wed Nov 20 01:15:26 GMT 2024","passed","Wed Nov 20 01:15:26 GMT 2024","","BACKWARD-CHAINER","BACKWARD-CHAINER",""
"","3","NUMTEST.01","","Wed Nov 20 01:15:41 GMT 2024","passed","Wed Nov 20 01:15:41 GMT 2024","","COMMON","COMMON",""
"","2","STRING-TESTS.16","","Wed Nov 20 00:37:14 GMT 2024","passed","Wed Nov 20 00:37:14 GMT 2024","","HYPERON-METTALOG-SANITY","HYPERON-METTALOG-SANITY",""
"","5","INF-ORDER-PROBS.05","","Wed Nov 20 01:03:22 GMT 2024","passed","Wed Nov 20 01:03:22 GMT 2024","","PROB-DEP-TYPES","PROB-DEP-TYPES",""
"","1","B5-TYPES-PRELIM.05","","Wed Nov 20 00:35:38 GMT 2024","passed","Wed Nov 20 00:35:38 GMT 2024","","HYPERON-EXPERIMENTAL-SCRIPTS","HYPERON-EXPERIMENTAL-SCRIPTS",""
"","2","CHAPTER-1-1.14","","Wed Nov 20 00:54:49 GMT 2024","passed","Wed Nov 20 00:54:49 GMT 2024","","SICP-BOOK","SICP-BOOK",""
"","2","ADD-REMOVE-MATCH-S-SYMBOLS.10","","Wed Nov 20 00:52:35 GMT 2024","passed","Wed Nov 20 00:52:35 GMT 2024","","SPACES","SPACES",""
"","2","INF-CTL-MONTH-BC-CONT-XP.14","","Wed Nov 20 01:19:32 GMT 2024","passed","Wed Nov 20 01:19:32 GMT 2024","","INFERENCE-CONTROL","INFERENCE-CONTROL",""
"","19","INF-CTL-MONTH-XP.08","","Wed Nov 20 01:19:32 GMT 2024","failed","Wed Nov 20 01:19:32 GMT 2024","","INFERENCE-CONTROL","INFERENCE-CONTROL",""
"","296","STDLIB-METTALOG-TEST-PT2.22","","Wed Nov 20 00:54:39 GMT 2024","failed","Wed Nov 20 00:54:39 GMT 2024","","STDLIB-METTALOG","STDLIB-METTALOG",""
"","133","TESTS0.01","","Wed Nov 20 00:41:08 GMT 2024","passed","Wed Nov 20 00:41:08 GMT 2024","","METTA-MORPH-TESTS","METTA-MORPH-TESTS",""
"","7000","anti-regression.bc_comp","","Wed Nov 20 00:35:33 GMT 2024","passed","Wed Nov 20 00:35:40 GMT 2024","","WHOLE-TESTS","WHOLE-TESTS",""
"","2","SUBTRACTION-TEST.07","","Wed Nov 20 00:37:14 GMT 2024","passed","Wed Nov 20 00:37:14 GMT 2024","","HYPERON-METTALOG-SANITY","HYPERON-METTALOG-SANITY",""
"","4000","collatz.classical","","Wed Nov 20 00:35:33 GMT 2024","passed","Wed Nov 20 00:35:37 GMT 2024","","WHOLE-TESTS","WHOLE-TESTS",""
"","2","NATSTANDALONETEST.06","","Wed Nov 20 01:18:23 GMT 2024","passed","Wed Nov 20 01:18:23 GMT 2024","","HOL","HOL",""
"","71","CREATE-SERVER.03","","Wed Nov 20 01:52:49 GMT 2024","failed","Wed Nov 20 01:52:49 GMT 2024","","DISTRIBUTED-PROCESSING","DISTRIBUTED-PROCESSING",""
"","2","BCHAIN.03","","Wed Nov 20 00:43:12 GMT 2024","passed","Wed Nov 20 00:43:12 GMT 2024","","ANTI-REGRESSION","ANTI-REGRESSION",""
"","2","B5-TYPES-PRELIM.22","","Wed Nov 20 01:11:15 GMT 2024","passed","Wed Nov 20 01:11:15 GMT 2024","","CHECK-TYPES-TEMP","CHECK-TYPES-TEMP",""
"","3","SYNTHESIZE-VIA-SUPERPOSE.01","","Wed Nov 20 01:26:05 GMT 2024","passed","Wed Nov 20 01:26:05 GMT 2024","","EXPERIMENTS","EXPERIMENTS",""
"","6000","nars_extras.RUN_minnars_trimmed","","Wed Nov 20 00:35:33 GMT 2024","passed","Wed Nov 20 00:35:39 GMT 2024","","WHOLE-TESTS","WHOLE-TESTS",""
"","15","TEST-INFER-FUNCTION-APPLICATION-TYPE.07","","Wed Nov 20 01:57:00 GMT 2024","failed","Wed Nov 20 01:57:00 GMT 2024","","BASIC","BASIC",""
"","2","E3-MATCH-STATES.01","","Wed Nov 20 00:35:38 GMT 2024","passed","Wed Nov 20 00:35:38 GMT 2024","","HYPERON-EXPERIMENTAL-SCRIPTS","HYPERON-EXPERIMENTAL-SCRIPTS",""
"","2","F1-IMPORTS.02","","Wed Nov 20 00:35:29 GMT 2024","passed","Wed Nov 20 00:35:29 GMT 2024","","MODULE-SYSTEM","MODULE-SYSTEM",""
"","3","TESTS0.04","","Wed Nov 20 01:35:21 GMT 2024","passed","Wed Nov 20 01:35:21 GMT 2024","","NARS-V0","NARS-V0",""
"","4","IFC-XP.42","","Wed Nov 20 01:21:33 GMT 2024","passed","Wed Nov 20 01:21:33 GMT 2024","","ITERATIVE-CHAINING","ITERATIVE-CHAINING",""
"","1014","BC-IMPL.01","","Wed Nov 20 01:48:28 GMT 2024","passed","Wed Nov 20 01:48:29 GMT 2024","","WALK-THRU","WALK-THRU",""
"","492","PARENT-GO-COMP.01","","Wed Nov 20 00:50:19 GMT 2024","passed","Wed Nov 20 00:50:19 GMT 2024","","CHAINING","CHAINING",""
"","2","FORWARD-CHAINER-XP.22","","Wed Nov 20 01:18:08 GMT 2024","passed","Wed Nov 20 01:18:08 GMT 2024","","FORWARD-CHAINER","FORWARD-CHAINER",""
"","1","D4-TYPE-PROP.05","","Wed Nov 20 01:11:36 GMT 2024","passed","Wed Nov 20 01:11:36 GMT 2024","","CHECK-TYPES","CHECK-TYPES",""
"","19","IMPLICATIONDIRECTINTRODUCTIONMATCHTEST.01","","Wed Nov 20 01:21:52 GMT 2024","failed","Wed Nov 20 01:21:52 GMT 2024","","MATCH","MATCH",""
"","4000","metta-wam-issue-116.test_spo_100","","Wed Nov 20 00:35:33 GMT 2024","passed","Wed Nov 20 00:35:37 GMT 2024","","WHOLE-TESTS","WHOLE-TESTS",""
"","3","NUMTEST.09","","Wed Nov 20 01:15:41 GMT 2024","passed","Wed Nov 20 01:15:41 GMT 2024","","COMMON","COMMON",""
"","183","QUERIES.18","","Wed Nov 20 01:07:51 GMT 2024","failed","Wed Nov 20 01:07:51 GMT 2024","","STRIPS-TO-METTA-IMPROVED","STRIPS-TO-METTA-IMPROVED",""
"","2","NATSTANDALONETEST.04","","Wed Nov 20 01:18:23 GMT 2024","passed","Wed Nov 20 01:18:23 GMT 2024","","HOL","HOL",""
"","3","AI-SERVICE-COMPOSITION-SANITY.03","","Wed Nov 20 01:08:43 GMT 2024","passed","Wed Nov 20 01:08:43 GMT 2024","","AI-SERVICE","AI-SERVICE",""
"","3","SUPERCOLLAPSE.08","","Wed Nov 20 00:41:08 GMT 2024","passed","Wed Nov 20 00:41:08 GMT 2024","","METTA-MORPH-TESTS","METTA-MORPH-TESTS",""
"","2","BCHAIN-COMP.01","","Wed Nov 20 01:48:28 GMT 2024","passed","Wed Nov 20 01:48:28 GMT 2024","","WALK-THRU","WALK-THRU",""
"","94","B5-TYPES-PRELIM.11","","Wed Nov 20 00:35:38 GMT 2024","failed","Wed Nov 20 00:35:38 GMT 2024","","HYPERON-EXPERIMENTAL-SCRIPTS","HYPERON-EXPERIMENTAL-SCRIPTS",""
"","2","HYPERPOSING-SHARED.10","","Wed Nov 20 01:57:00 GMT 2024","passed","Wed Nov 20 01:57:00 GMT 2024","","BASIC","BASIC",""
"","1","TYPE-PROP.34","","Wed Nov 20 01:11:15 GMT 2024","passed","Wed Nov 20 01:11:15 GMT 2024","","CHECK-TYPES-TEMP","CHECK-TYPES-TEMP",""
"","3","TESTS2.06","","Wed Nov 20 00:45:49 GMT 2024","passed","Wed Nov 20 00:45:49 GMT 2024","","MAIN-BRANCH","MAIN-BRANCH",""
"","3","CHAPTER-2-2.02","","Wed Nov 20 00:54:49 GMT 2024","passed","Wed Nov 20 00:54:49 GMT 2024","","SICP-BOOK","SICP-BOOK",""
"","12","TYPE-PROP.57","","Wed Nov 20 01:11:15 GMT 2024","failed","Wed Nov 20 01:11:15 GMT 2024","","CHECK-TYPES-TEMP","CHECK-TYPES-TEMP",""
"","107","TESTS0.02","","Wed Nov 20 01:30:18 GMT 2024","passed","Wed Nov 20 01:30:18 GMT 2024","","CURRENT","CURRENT",""
"","2","TYPE-PROP.08","","Wed Nov 20 01:11:15 GMT 2024","passed","Wed Nov 20 01:11:15 GMT 2024","","CHECK-TYPES-TEMP","CHECK-TYPES-TEMP",""
"","3","LETLET.01","","Wed Nov 20 01:48:02 GMT 2024","passed","Wed Nov 20 01:48:02 GMT 2024","","TRANSPILER","TRANSPILER",""
"","3","TYPE-PROP.01","","Wed Nov 20 01:11:15 GMT 2024","passed","Wed Nov 20 01:11:15 GMT 2024","","CHECK-TYPES-TEMP","CHECK-TYPES-TEMP",""
"","2","F1-IMPORTS.11","","Wed Nov 20 00:45:22 GMT 2024","passed","Wed Nov 20 00:45:22 GMT 2024","","QUICK","QUICK",""
"","4","INTERSECTION-TESTS.26","","Wed Nov 20 00:37:14 GMT 2024","passed","Wed Nov 20 00:37:14 GMT 2024","","HYPERON-METTALOG-SANITY","HYPERON-METTALOG-SANITY",""
"","3","ADD-REMOVE-MATCH-S-STRINGS.16","","Wed Nov 20 00:52:35 GMT 2024","passed","Wed Nov 20 00:52:35 GMT 2024","","SPACES","SPACES",""
"","2","B5-TYPES-PRELIM.13","","Wed Nov 20 00:35:38 GMT 2024","passed","Wed Nov 20 00:35:38 GMT 2024","","HYPERON-EXPERIMENTAL-SCRIPTS","HYPERON-EXPERIMENTAL-SCRIPTS",""
"","16000","metta-wam-issue-116.test_spo_116378","","Wed Nov 20 00:35:33 GMT 2024","failed","Wed Nov 20 00:35:49 GMT 2024","","WHOLE-TESTS","WHOLE-TESTS",""
"","497","TESTS5.01","","Wed Nov 20 00:45:49 GMT 2024","failed","Wed Nov 20 00:45:49 GMT 2024","","MAIN-BRANCH","MAIN-BRANCH",""
"","2","INF-CTL-MONTH-BC-CONT-XP.11","","Wed Nov 20 01:19:32 GMT 2024","passed","Wed Nov 20 01:19:32 GMT 2024","","INFERENCE-CONTROL","INFERENCE-CONTROL",""
"","86","INF-CTL-MONTH-XP-SHORT-6.02","","Wed Nov 20 02:03:20 GMT 2024","failed","Wed Nov 20 02:03:20 GMT 2024","","COMPARISONS","COMPARISONS",""
"","65","INF-CTL-MONTH-XP-SHORT-3.15","","Wed Nov 20 02:03:20 GMT 2024","failed","Wed Nov 20 02:03:20 GMT 2024","","COMPARISONS","COMPARISONS",""
"","2","B5-TYPES-PRELIM.12","","Wed Nov 20 01:11:15 GMT 2024","passed","Wed Nov 20 01:11:15 GMT 2024","","CHECK-TYPES-TEMP","CHECK-TYPES-TEMP",""
"","368","SELF-CONTAINED-SYNTHESIZE.08","","Wed Nov 20 01:26:05 GMT 2024","failed","Wed Nov 20 01:26:05 GMT 2024","","EXPERIMENTS","EXPERIMENTS",""
"","133","STDLIB-METTALOG-TEST-PT2.48","","Wed Nov 20 00:54:39 GMT 2024","failed","Wed Nov 20 00:54:39 GMT 2024","","STDLIB-METTALOG","STDLIB-METTALOG",""
"","385","NATSIMPLETEST.04","","Wed Nov 20 01:18:23 GMT 2024","failed","Wed Nov 20 01:18:23 GMT 2024","","HOL","HOL",""
"","4","TESTS1.01","","Wed Nov 20 01:30:18 GMT 2024","passed","Wed Nov 20 01:30:18 GMT 2024","","CURRENT","CURRENT",""
"","4","GENE-PLN-XP.02","","Wed Nov 20 01:11:03 GMT 2024","passed","Wed Nov 20 01:11:03 GMT 2024","","PLN","PLN",""
"","2","INF-CTL-MONTH-XP-SHORT-3.02","","Wed Nov 20 02:03:20 GMT 2024","passed","Wed Nov 20 02:03:20 GMT 2024","","COMPARISONS","COMPARISONS",""
"","1","TEST-IF-CLOSED.09","","Wed Nov 20 00:43:12 GMT 2024","passed","Wed Nov 20 00:43:12 GMT 2024","","ANTI-REGRESSION","ANTI-REGRESSION",""
"","4000","metta-morph_tests.let_superpose_if_case","","Wed Nov 20 00:35:33 GMT 2024","passed","Wed Nov 20 00:35:37 GMT 2024","","WHOLE-TESTS","WHOLE-TESTS",""
"","75","NTE.04","","Wed Nov 20 01:01:27 GMT 2024","passed","Wed Nov 20 01:01:27 GMT 2024","","EDGES-TO-EDGES","EDGES-TO-EDGES",""
"","111","INF-CTL-MONTH-XP.01","","Wed Nov 20 01:19:32 GMT 2024","passed","Wed Nov 20 01:19:32 GMT 2024","","INFERENCE-CONTROL","INFERENCE-CONTROL",""
"","2","B5-TYPES-PRELIM.09","","Wed Nov 20 00:35:38 GMT 2024","passed","Wed Nov 20 00:35:38 GMT 2024","","HYPERON-EXPERIMENTAL-SCRIPTS","HYPERON-EXPERIMENTAL-SCRIPTS",""
"","2","STDLIB-METTALOG-TEST-PT2.55","","Wed Nov 20 00:54:39 GMT 2024","passed","Wed Nov 20 00:54:39 GMT 2024","","STDLIB-METTALOG","STDLIB-METTALOG",""
"","3","UNIQUE-TEST.09","","Wed Nov 20 00:37:14 GMT 2024","passed","Wed Nov 20 00:37:14 GMT 2024","","HYPERON-METTALOG-SANITY","HYPERON-METTALOG-SANITY",""
"","3","IFC-XP.41","","Wed Nov 20 01:21:33 GMT 2024","passed","Wed Nov 20 01:21:33 GMT 2024","","ITERATIVE-CHAINING","ITERATIVE-CHAINING",""
"","4000","bidirectional_computation.relative-arithmetic","","Wed Nov 20 00:35:33 GMT 2024","passed","Wed Nov 20 00:35:37 GMT 2024","","WHOLE-TESTS","WHOLE-TESTS",""
"","2","ADD-REMOVE-MATCH-SS-STRINGS.10","","Wed Nov 20 00:52:35 GMT 2024","passed","Wed Nov 20 00:52:35 GMT 2024","","SPACES","SPACES",""
"","4000","transpiler.match_feval","","Wed Nov 20 00:35:33 GMT 2024","passed","Wed Nov 20 00:35:37 GMT 2024","","WHOLE-TESTS","WHOLE-TESTS",""
"","6","CHAPTER-1-2.01","","Wed Nov 20 00:54:49 GMT 2024","passed","Wed Nov 20 00:54:49 GMT 2024","","SICP-BOOK","SICP-BOOK",""
"","3","D4-TYPE-PROP.04","","Wed Nov 20 00:45:22 GMT 2024","passed","Wed Nov 20 00:45:22 GMT 2024","","QUICK","QUICK",""
"","2","TYPE-PROP.42","","Wed Nov 20 01:11:15 GMT 2024","passed","Wed Nov 20 01:11:15 GMT 2024","","CHECK-TYPES-TEMP","CHECK-TYPES-TEMP",""
"","45000","bio-atomspace.pln-xp","","Wed Nov 20 00:35:33 GMT 2024","failed","Wed Nov 20 00:36:18 GMT 2024","","WHOLE-TESTS","WHOLE-TESTS",""
"","2","IMPLICATIONDIRECTINTRODUCTIONDTLTEST.05","","Wed Nov 20 01:14:18 GMT 2024","passed","Wed Nov 20 01:14:18 GMT 2024","","DEPENDENT-TYPES","DEPENDENT-TYPES",""
"","6","INF-CTL-XP.03","","Wed Nov 20 01:19:32 GMT 2024","passed","Wed Nov 20 01:19:32 GMT 2024","","INFERENCE-CONTROL","INFERENCE-CONTROL",""
"","2","D2-HIGHERFUNC.14","","Wed Nov 20 01:11:36 GMT 2024","passed","Wed Nov 20 01:11:36 GMT 2024","","CHECK-TYPES","CHECK-TYPES",""
"","708","IBC-XP.24","","Wed Nov 20 01:21:33 GMT 2024","passed","Wed Nov 20 01:21:33 GMT 2024","","ITERATIVE-CHAINING","ITERATIVE-CHAINING",""
"","4000","synthesis.UnifyTest","","Wed Nov 20 00:35:33 GMT 2024","passed","Wed Nov 20 00:35:37 GMT 2024","","WHOLE-TESTS","WHOLE-TESTS",""
"","2","TYPE-PROP.03","","Wed Nov 20 00:50:19 GMT 2024","passed","Wed Nov 20 00:50:19 GMT 2024","","CHAINING","CHAINING",""
"","4000","common.MaybeTest","","Wed Nov 20 00:35:33 GMT 2024","passed","Wed Nov 20 00:35:37 GMT 2024","","WHOLE-TESTS","WHOLE-TESTS",""
"","8172","SUPPORTRULEEXP.04","","Wed Nov 20 01:14:18 GMT 2024","failed","Wed Nov 20 01:14:26 GMT 2024","","DEPENDENT-TYPES","DEPENDENT-TYPES",""
"","3","STRING-TESTS.11","","Wed Nov 20 00:37:14 GMT 2024","passed","Wed Nov 20 00:37:14 GMT 2024","","HYPERON-METTALOG-SANITY","HYPERON-METTALOG-SANITY",""
"","2","BC-XP.07","","Wed Nov 20 01:15:32 GMT 2024","passed","Wed Nov 20 01:15:32 GMT 2024","","BACKWARD-CHAINING","BACKWARD-CHAINING",""
"","1086","TRAINING-BI.05","","Wed Nov 20 02:09:34 GMT 2024","passed","Wed Nov 20 02:09:35 GMT 2024","","LANGUAGE-MODELS","LANGUAGE-MODELS",""
"","44","BACKWARD-CHAINER-XP.01","","Wed Nov 20 01:15:26 GMT 2024","failed","Wed Nov 20 01:15:26 GMT 2024","","BACKWARD-CHAINER","BACKWARD-CHAINER",""
"","4000","experiments.synthesize-via-type-checking","","Wed Nov 20 00:35:33 GMT 2024","passed","Wed Nov 20 00:35:37 GMT 2024","","WHOLE-TESTS","WHOLE-TESTS",""
"","3","TYPE-PROP.47","","Wed Nov 20 01:11:15 GMT 2024","passed","Wed Nov 20 01:11:15 GMT 2024","","CHECK-TYPES-TEMP","CHECK-TYPES-TEMP",""
"","4","D2-HIGHERFUNC.24","","Wed Nov 20 01:11:36 GMT 2024","passed","Wed Nov 20 01:11:36 GMT 2024","","CHECK-TYPES","CHECK-TYPES",""
"","92","ADD-REMOVE-MATCH-MIX-FLOAT-INTEGER.14","","Wed Nov 20 00:52:35 GMT 2024","passed","Wed Nov 20 00:52:35 GMT 2024","","SPACES","SPACES",""
"","2","NATPARITYTEST.12","","Wed Nov 20 01:18:23 GMT 2024","passed","Wed Nov 20 01:18:23 GMT 2024","","HOL","HOL",""
"","4","BC-COMP.06","","Wed Nov 20 00:43:12 GMT 2024","passed","Wed Nov 20 00:43:12 GMT 2024","","ANTI-REGRESSION","ANTI-REGRESSION",""
"","4000","metta-morph_tests.nested_parameters","","Wed Nov 20 00:35:33 GMT 2024","passed","Wed Nov 20 00:35:37 GMT 2024","","WHOLE-TESTS","WHOLE-TESTS",""
"","2","D2-HIGHERFUNC.04","","Wed Nov 20 01:11:36 GMT 2024","passed","Wed Nov 20 01:11:36 GMT 2024","","CHECK-TYPES","CHECK-TYPES",""
"","6000","hol.NatParityTest","","Wed Nov 20 00:35:33 GMT 2024","passed","Wed Nov 20 00:35:39 GMT 2024","","WHOLE-TESTS","WHOLE-TESTS",""
"","2","CML-UNSHARED.05","","Wed Nov 20 01:57:00 GMT 2024","passed","Wed Nov 20 01:57:00 GMT 2024","","BASIC","BASIC",""
"","4000","quick.d1_gadt","","Wed Nov 20 00:35:33 GMT 2024","passed","Wed Nov 20 00:35:37 GMT 2024","","WHOLE-TESTS","WHOLE-TESTS",""
"","2","TEST-IF-CLOSED.05","","Wed Nov 20 00:43:12 GMT 2024","passed","Wed Nov 20 00:43:12 GMT 2024","","ANTI-REGRESSION","ANTI-REGRESSION",""
"","125","ADD-REMOVE-MATCH-SS-SYMBOLS.14","","Wed Nov 20 00:52:35 GMT 2024","passed","Wed Nov 20 00:52:35 GMT 2024","","SPACES","SPACES",""
"","2","TYPE-PROP.29","","Wed Nov 20 01:11:15 GMT 2024","passed","Wed Nov 20 01:11:15 GMT 2024","","CHECK-TYPES-TEMP","CHECK-TYPES-TEMP",""
"","2","SPACE-INTERSECTION-TESTS.18","","Wed Nov 20 00:37:14 GMT 2024","passed","Wed Nov 20 00:37:14 GMT 2024","","HYPERON-METTALOG-SANITY","HYPERON-METTALOG-SANITY",""
"","2","STRING-TESTS.04","","Wed Nov 20 00:37:14 GMT 2024","passed","Wed Nov 20 00:37:14 GMT 2024","","HYPERON-METTALOG-SANITY","HYPERON-METTALOG-SANITY",""
"","3","B0-CHAINING-PRELIM.01","","Wed Nov 20 00:35:38 GMT 2024","passed","Wed Nov 20 00:35:38 GMT 2024","","HYPERON-EXPERIMENTAL-SCRIPTS","HYPERON-EXPERIMENTAL-SCRIPTS",""
"","2","LISTTEST.13","","Wed Nov 20 01:15:41 GMT 2024","passed","Wed Nov 20 01:15:41 GMT 2024","","COMMON","COMMON",""
"","2","BC-XP.04","","Wed Nov 20 00:50:19 GMT 2024","passed","Wed Nov 20 00:50:19 GMT 2024","","CHAINING","CHAINING",""
"","3","BC-XP.01","","Wed Nov 20 00:50:19 GMT 2024","passed","Wed Nov 20 00:50:19 GMT 2024","","CHAINING","CHAINING",""
"","3","SPACE-INTERSECTION-TESTS.06","","Wed Nov 20 00:37:14 GMT 2024","passed","Wed Nov 20 00:37:14 GMT 2024","","HYPERON-METTALOG-SANITY","HYPERON-METTALOG-SANITY",""
"","5000","chaining.pln_stv","","Wed Nov 20 00:35:33 GMT 2024","passed","Wed Nov 20 00:35:38 GMT 2024","","WHOLE-TESTS","WHOLE-TESTS",""
"","2","CHAPTER-1-2.03","","Wed Nov 20 00:54:49 GMT 2024","passed","Wed Nov 20 00:54:49 GMT 2024","","SICP-BOOK","SICP-BOOK",""
"","140","SHOW-TYPE.07","","Wed Nov 20 00:52:21 GMT 2024","failed","Wed Nov 20 00:52:21 GMT 2024","","INTROSPECT","INTROSPECT",""
"","45","IMPLICATIONDIRECTINTRODUCTIONDTLTEST.15","","Wed Nov 20 01:14:18 GMT 2024","failed","Wed Nov 20 01:14:18 GMT 2024","","DEPENDENT-TYPES","DEPENDENT-TYPES",""
"","3","SUPERCOLLAPSE.05","","Wed Nov 20 00:41:08 GMT 2024","passed","Wed Nov 20 00:41:08 GMT 2024","","METTA-MORPH-TESTS","METTA-MORPH-TESTS",""
"","2","MATCH-VOID.10","","Wed Nov 20 00:41:08 GMT 2024","passed","Wed Nov 20 00:41:08 GMT 2024","","METTA-MORPH-TESTS","METTA-MORPH-TESTS",""
"","40","STDLIB-METTALOG-TEST-PT2.03","","Wed Nov 20 00:54:39 GMT 2024","failed","Wed Nov 20 00:54:39 GMT 2024","","STDLIB-METTALOG","STDLIB-METTALOG",""
"","1","STDLIB-METTALOG-TEST-PT2.24","","Wed Nov 20 00:54:39 GMT 2024","passed","Wed Nov 20 00:54:39 GMT 2024","","STDLIB-METTALOG","STDLIB-METTALOG",""
"","546","INF-CTL-MONTH-XP.04","","Wed Nov 20 01:19:32 GMT 2024","passed","Wed Nov 20 01:19:32 GMT 2024","","INFERENCE-CONTROL","INFERENCE-CONTROL",""
"","2","BC-XP.27","","Wed Nov 20 01:15:32 GMT 2024","passed","Wed Nov 20 01:15:32 GMT 2024","","BACKWARD-CHAINING","BACKWARD-CHAINING",""
"","4","SEALED-TEST.05","","Wed Nov 20 00:37:14 GMT 2024","passed","Wed Nov 20 00:37:14 GMT 2024","","HYPERON-METTALOG-SANITY","HYPERON-METTALOG-SANITY",""
"","9860","SIMPLE.01","","Wed Nov 20 01:01:43 GMT 2024","passed","Wed Nov 20 01:01:52 GMT 2024","","FIZZBUZZ","FIZZBUZZ",""
"","3","TESTS0.04","","Wed Nov 20 00:41:08 GMT 2024","passed","Wed Nov 20 00:41:08 GMT 2024","","METTA-MORPH-TESTS","METTA-MORPH-TESTS",""
"","2","D2-HIGHERFUNC.08","","Wed Nov 20 00:35:38 GMT 2024","passed","Wed Nov 20 00:35:38 GMT 2024","","HYPERON-EXPERIMENTAL-SCRIPTS","HYPERON-EXPERIMENTAL-SCRIPTS",""
"","93","TYPE-PROP.82","","Wed Nov 20 01:11:15 GMT 2024","failed","Wed Nov 20 01:11:15 GMT 2024","","CHECK-TYPES-TEMP","CHECK-TYPES-TEMP",""
"","2","D4-TYPE-PROP.14","","Wed Nov 20 01:11:36 GMT 2024","passed","Wed Nov 20 01:11:36 GMT 2024","","CHECK-TYPES","CHECK-TYPES",""
"","216","SYNTHESIZE-VIA-UNIFY-TEST.09","","Wed Nov 20 01:26:05 GMT 2024","failed","Wed Nov 20 01:26:05 GMT 2024","","EXPERIMENTS","EXPERIMENTS",""
"","6","CHAPTER-1-3.05","","Wed Nov 20 00:54:49 GMT 2024","passed","Wed Nov 20 00:54:49 GMT 2024","","SICP-BOOK","SICP-BOOK",""
"","93","ADD-REMOVE-MATCH-INTEGER.25","","Wed Nov 20 00:52:35 GMT 2024","passed","Wed Nov 20 00:52:35 GMT 2024","","SPACES","SPACES",""
"","2","MATCH-VOID.01","","Wed Nov 20 00:41:08 GMT 2024","passed","Wed Nov 20 00:41:08 GMT 2024","","METTA-MORPH-TESTS","METTA-MORPH-TESTS",""
"","46","F1-IMPORTS.17","","Wed Nov 20 00:35:29 GMT 2024","passed","Wed Nov 20 00:35:29 GMT 2024","","MODULE-SYSTEM","MODULE-SYSTEM",""
"","4000","multidirectional.append","","Wed Nov 20 00:35:33 GMT 2024","passed","Wed Nov 20 00:35:37 GMT 2024","","WHOLE-TESTS","WHOLE-TESTS",""
"","43","BACKWARD-CHAINER-XP.35","","Wed Nov 20 01:15:26 GMT 2024","failed","Wed Nov 20 01:15:26 GMT 2024","","BACKWARD-CHAINER","BACKWARD-CHAINER",""
"","3","TYPES-PRELIM.07","","Wed Nov 20 00:50:19 GMT 2024","passed","Wed Nov 20 00:50:19 GMT 2024","","CHAINING","CHAINING",""
"","2","ADD-REMOVE-MATCH-SYMBOLS.04","","Wed Nov 20 00:52:35 GMT 2024","passed","Wed Nov 20 00:52:35 GMT 2024","","SPACES","SPACES",""
"","3","TYPE-PROP.63","","Wed Nov 20 01:11:15 GMT 2024","passed","Wed Nov 20 01:11:15 GMT 2024","","CHECK-TYPES-TEMP","CHECK-TYPES-TEMP",""
"","2","HYPERPOSING.07","","Wed Nov 20 01:57:00 GMT 2024","passed","Wed Nov 20 01:57:00 GMT 2024","","BASIC","BASIC",""
"","2","BCHAIN-COMP.02","","Wed Nov 20 00:43:12 GMT 2024","passed","Wed Nov 20 00:43:12 GMT 2024","","ANTI-REGRESSION","ANTI-REGRESSION",""
"","2","NATPARITYTEST.03","","Wed Nov 20 01:18:23 GMT 2024","passed","Wed Nov 20 01:18:23 GMT 2024","","HOL","HOL",""
"","4000","fizzbuzz.classical","","Wed Nov 20 00:35:33 GMT 2024","passed","Wed Nov 20 00:35:37 GMT 2024","","WHOLE-TESTS","WHOLE-TESTS",""
"","4","TESTS0.06","","Wed Nov 20 00:45:49 GMT 2024","passed","Wed Nov 20 00:45:49 GMT 2024","","MAIN-BRANCH","MAIN-BRANCH",""
"","4","SPACE-INTERSECTION-TESTS.14","","Wed Nov 20 00:37:14 GMT 2024","passed","Wed Nov 20 00:37:14 GMT 2024","","HYPERON-METTALOG-SANITY","HYPERON-METTALOG-SANITY",""
"","2","KB-WRITE.03","","Wed Nov 20 00:53:17 GMT 2024","passed","Wed Nov 20 00:53:17 GMT 2024","","STD","STD",""
"","2","F1-MODULEA.03","","Wed Nov 20 00:35:29 GMT 2024","passed","Wed Nov 20 00:35:29 GMT 2024","","MODULE-SYSTEM","MODULE-SYSTEM",""
"","71","F1-IMPORTS.21","","Wed Nov 20 00:45:22 GMT 2024","passed","Wed Nov 20 00:45:22 GMT 2024","","QUICK","QUICK",""
"","3","00-LANG-CASE.03","","Wed Nov 20 00:37:14 GMT 2024","passed","Wed Nov 20 00:37:14 GMT 2024","","HYPERON-METTALOG-SANITY","HYPERON-METTALOG-SANITY",""
"","2","D1-GADT.10","","Wed Nov 20 00:35:38 GMT 2024","passed","Wed Nov 20 00:35:38 GMT 2024","","HYPERON-EXPERIMENTAL-SCRIPTS","HYPERON-EXPERIMENTAL-SCRIPTS",""
"","2","ADD-REMOVE-MATCH-S-STRINGS.05","","Wed Nov 20 00:52:35 GMT 2024","passed","Wed Nov 20 00:52:35 GMT 2024","","SPACES","SPACES",""
"","5","SPACE-INTERSECTION-TESTS.03","","Wed Nov 20 00:37:14 GMT 2024","passed","Wed Nov 20 00:37:14 GMT 2024","","HYPERON-METTALOG-SANITY","HYPERON-METTALOG-SANITY",""
"","3","EXAM-SPACES.01","","Wed Nov 20 00:52:21 GMT 2024","passed","Wed Nov 20 00:52:21 GMT 2024","","INTROSPECT","INTROSPECT",""
"","3","SEQUENTIAL-NESTED.01","","Wed Nov 20 00:41:08 GMT 2024","passed","Wed Nov 20 00:41:08 GMT 2024","","METTA-MORPH-TESTS","METTA-MORPH-TESTS",""
"","261","SHOW-TYPE.16","","Wed Nov 20 00:52:21 GMT 2024","failed","Wed Nov 20 00:52:21 GMT 2024","","INTROSPECT","INTROSPECT",""
"","2","B5-TYPES-PRELIM.21","","Wed Nov 20 00:35:38 GMT 2024","passed","Wed Nov 20 00:35:38 GMT 2024","","HYPERON-EXPERIMENTAL-SCRIPTS","HYPERON-EXPERIMENTAL-SCRIPTS",""
"","5000","match.ImplicationDirectIntroductionMatchTest","","Wed Nov 20 00:35:33 GMT 2024","passed","Wed Nov 20 00:35:38 GMT 2024","","WHOLE-TESTS","WHOLE-TESTS",""
"","4000","hyperon-mettalog_sanity.represent_and_parse_tests","","Wed Nov 20 00:35:33 GMT 2024","passed","Wed Nov 20 00:35:37 GMT 2024","","WHOLE-TESTS","WHOLE-TESTS",""
"","3","TESTS2.08","","Wed Nov 20 00:45:49 GMT 2024","passed","Wed Nov 20 00:45:49 GMT 2024","","MAIN-BRANCH","MAIN-BRANCH",""
"","2","PC-XP.02","","Wed Nov 20 01:24:14 GMT 2024","passed","Wed Nov 20 01:24:14 GMT 2024","","POLYWARD-CHAINING","POLYWARD-CHAINING",""
"","1108","IBC-XP.28","","Wed Nov 20 01:21:33 GMT 2024","passed","Wed Nov 20 01:21:34 GMT 2024","","ITERATIVE-CHAINING","ITERATIVE-CHAINING",""
"","42","CHAPTER-1-1.21","","Wed Nov 20 00:54:49 GMT 2024","passed","Wed Nov 20 00:54:49 GMT 2024","","SICP-BOOK","SICP-BOOK",""
"","3","D1-GADT.01","","Wed Nov 20 00:45:22 GMT 2024","passed","Wed Nov 20 00:45:22 GMT 2024","","QUICK","QUICK",""
"","2","FORWARD-CHAINER-XP.03","","Wed Nov 20 01:18:08 GMT 2024","passed","Wed Nov 20 01:18:08 GMT 2024","","FORWARD-CHAINER","FORWARD-CHAINER",""
"","4","IOIOIOI.01","","Wed Nov 20 01:54:43 GMT 2024","passed","Wed Nov 20 01:54:43 GMT 2024","","MULTIDIRECTIONAL","MULTIDIRECTIONAL",""
"","86","E2-STATES.07","","Wed Nov 20 01:11:36 GMT 2024","failed","Wed Nov 20 01:11:36 GMT 2024","","CHECK-TYPES","CHECK-TYPES",""
"","2","IMPL-METTALOGTESTCURRIED.01","","Wed Nov 20 01:48:28 GMT 2024","passed","Wed Nov 20 01:48:28 GMT 2024","","WALK-THRU","WALK-THRU",""
"","2","A3-TWOSIDE.04","","Wed Nov 20 00:35:38 GMT 2024","passed","Wed Nov 20 00:35:38 GMT 2024","","HYPERON-EXPERIMENTAL-SCRIPTS","HYPERON-EXPERIMENTAL-SCRIPTS",""
"","3","LISTTEST.10","","Wed Nov 20 01:15:41 GMT 2024","passed","Wed Nov 20 01:15:41 GMT 2024","","COMMON","COMMON",""
"","3","00-LANG-CASE.14","","Wed Nov 20 00:37:14 GMT 2024","passed","Wed Nov 20 00:37:14 GMT 2024","","HYPERON-METTALOG-SANITY","HYPERON-METTALOG-SANITY",""
"","2","HYPERPOSING-UNSHARED.02","","Wed Nov 20 01:57:00 GMT 2024","passed","Wed Nov 20 01:57:00 GMT 2024","","BASIC","BASIC",""
"","2067","TESTS2.09","","Wed Nov 20 00:45:49 GMT 2024","failed","Wed Nov 20 00:45:51 GMT 2024","","MAIN-BRANCH","MAIN-BRANCH",""
"","3","D4-TYPE-PROP.06","","Wed Nov 20 01:11:36 GMT 2024","passed","Wed Nov 20 01:11:36 GMT 2024","","CHECK-TYPES","CHECK-TYPES",""
"","4000","logic.memb","","Wed Nov 20 00:35:33 GMT 2024","passed","Wed Nov 20 00:35:37 GMT 2024","","WHOLE-TESTS","WHOLE-TESTS",""
"","2","TEST-IF-CLOSED.06","","Wed Nov 20 00:43:12 GMT 2024","passed","Wed Nov 20 00:43:12 GMT 2024","","ANTI-REGRESSION","ANTI-REGRESSION",""
"","5000","forward-chainer.forward-chainer-test","","Wed Nov 20 00:35:33 GMT 2024","passed","Wed Nov 20 00:35:38 GMT 2024","","WHOLE-TESTS","WHOLE-TESTS",""
"","2","XOR-TEST.06","","Wed Nov 20 00:37:14 GMT 2024","passed","Wed Nov 20 00:37:14 GMT 2024","","HYPERON-METTALOG-SANITY","HYPERON-METTALOG-SANITY",""
"","3","00A-LANG-COMPILED-CASE.10","","Wed Nov 20 01:47:02 GMT 2024","passed","Wed Nov 20 01:47:02 GMT 2024","","DIRECT-COMP","DIRECT-COMP",""
"","330","LOCATED-TEST.02","","Wed Nov 20 01:25:08 GMT 2024","failed","Wed Nov 20 01:25:08 GMT 2024","","LOCATED","LOCATED",""
"","2","D4-TYPE-PROP.08","","Wed Nov 20 00:45:22 GMT 2024","passed","Wed Nov 20 00:45:22 GMT 2024","","QUICK","QUICK",""
"","1","TEST-IF-CLOSED.06","","Wed Nov 20 01:48:28 GMT 2024","passed","Wed Nov 20 01:48:28 GMT 2024","","WALK-THRU","WALK-THRU",""
"","2","D2-HIGHERFUNC.12","","Wed Nov 20 00:45:22 GMT 2024","passed","Wed Nov 20 00:45:22 GMT 2024","","QUICK","QUICK",""
"","2","PEANO.01","","Wed Nov 20 01:48:02 GMT 2024","passed","Wed Nov 20 01:48:02 GMT 2024","","TRANSPILER","TRANSPILER",""
"","859","BC-IMPL.02","","Wed Nov 20 01:48:28 GMT 2024","passed","Wed Nov 20 01:48:28 GMT 2024","","WALK-THRU","WALK-THRU",""
"","281","QUERIES.06","","Wed Nov 20 01:07:51 GMT 2024","passed","Wed Nov 20 01:07:51 GMT 2024","","STRIPS-TO-METTA-IMPROVED","STRIPS-TO-METTA-IMPROVED",""
"","2","CHAPTER-2-4.11","","Wed Nov 20 00:54:49 GMT 2024","passed","Wed Nov 20 00:54:49 GMT 2024","","SICP-BOOK","SICP-BOOK",""
"","12","HYPERON-EXPERIMENTAL-ISSUE-481.03","","Wed Nov 20 01:51:44 GMT 2024","passed","Wed Nov 20 01:51:44 GMT 2024","","DEBUGGING","DEBUGGING",""
"","4","TESTS0.05","","Wed Nov 20 01:43:09 GMT 2024","passed","Wed Nov 20 01:43:09 GMT 2024","","PREV","PREV",""
"","54","TYPES-PRELIM.11","","Wed Nov 20 00:50:19 GMT 2024","failed","Wed Nov 20 00:50:19 GMT 2024","","CHAINING","CHAINING",""
"","2","D2-HIGHERFUNC.09","","Wed Nov 20 00:45:22 GMT 2024","passed","Wed Nov 20 00:45:22 GMT 2024","","QUICK","QUICK",""
"","2","ADD-REMOVE-MATCH-MIX-FLOAT-INTEGER.03","","Wed Nov 20 00:52:35 GMT 2024","passed","Wed Nov 20 00:52:35 GMT 2024","","SPACES","SPACES",""
"","3","LISTTEST.14","","Wed Nov 20 01:15:41 GMT 2024","passed","Wed Nov 20 01:15:41 GMT 2024","","COMMON","COMMON",""
"","2","ADD-REMOVE-MATCH-MIX-FLOAT-INTEGER.26","","Wed Nov 20 00:52:35 GMT 2024","passed","Wed Nov 20 00:52:35 GMT 2024","","SPACES","SPACES",""
"","41000","ai-service.ai-service-composition-hard","","Wed Nov 20 00:35:33 GMT 2024","failed","Wed Nov 20 00:36:14 GMT 2024","","WHOLE-TESTS","WHOLE-TESTS",""
"","2","CHAPTER-1-3.02","","Wed Nov 20 00:54:49 GMT 2024","passed","Wed Nov 20 00:54:49 GMT 2024","","SICP-BOOK","SICP-BOOK",""
"","2","BACKWARD-CHAINER-XP.29","","Wed Nov 20 01:15:26 GMT 2024","passed","Wed Nov 20 01:15:26 GMT 2024","","BACKWARD-CHAINER","BACKWARD-CHAINER",""
"","102","B4-NONDETERM.10","","Wed Nov 20 00:35:38 GMT 2024","passed","Wed Nov 20 00:35:38 GMT 2024","","HYPERON-EXPERIMENTAL-SCRIPTS","HYPERON-EXPERIMENTAL-SCRIPTS",""
