"DESCRIPTION","DURATION IN MS","NAME","PARENT SUITE","START TIME","STATUS","STOP TIME","SUB SUITE","SUITE","TEST CLASS","TEST METHOD"
"","54","DEFINE-IF-LIKE.01","","Sun Nov 03 01:49:09 GMT 2024","failed","Sun Nov 03 01:49:09 GMT 2024","","DIRECT-COMP","DIRECT-COMP",""
"","4","SPACE-SUBTRACTION-TESTS.05","","Sun Nov 03 00:38:57 GMT 2024","passed","Sun Nov 03 00:38:57 GMT 2024","","HYPERON-METTALOG-SANITY","HYPERON-METTALOG-SANITY",""
"","63","ADD-REMOVE-MATCH-INTEGER.40","","Sun Nov 03 00:54:23 GMT 2024","passed","Sun Nov 03 00:54:23 GMT 2024","","SPACES","SPACES",""
"","4000","metta-morph_tests.match_void","","Sun Nov 03 00:37:15 GMT 2024","passed","Sun Nov 03 00:37:19 GMT 2024","","WHOLE-TESTS","WHOLE-TESTS",""
"","68","ADD-REMOVE-MATCH-INTEGER.28","","Sun Nov 03 00:54:23 GMT 2024","passed","Sun Nov 03 00:54:23 GMT 2024","","SPACES","SPACES",""
"","4","SEALED-TEST.02","","Sun Nov 03 00:38:57 GMT 2024","passed","Sun Nov 03 00:38:57 GMT 2024","","HYPERON-METTALOG-SANITY","HYPERON-METTALOG-SANITY",""
"","5000","hyperon-experimental_scripts.a3_twoside","","Sun Nov 03 00:37:15 GMT 2024","passed","Sun Nov 03 00:37:20 GMT 2024","","WHOLE-TESTS","WHOLE-TESTS",""
"","51","CHAPTER-1-1.18","","Sun Nov 03 00:56:39 GMT 2024","passed","Sun Nov 03 00:56:39 GMT 2024","","SICP-BOOK","SICP-BOOK",""
"","2","IBC-XP.17","","Sun Nov 03 01:23:34 GMT 2024","passed","Sun Nov 03 01:23:34 GMT 2024","","ITERATIVE-CHAINING","ITERATIVE-CHAINING",""
"","2143","TESTS2.07","","Sun Nov 03 00:47:37 GMT 2024","failed","Sun Nov 03 00:47:39 GMT 2024","","MAIN-BRANCH","MAIN-BRANCH",""
"","2","E2-STATES.01","","Sun Nov 03 00:37:20 GMT 2024","passed","Sun Nov 03 00:37:20 GMT 2024","","HYPERON-EXPERIMENTAL-SCRIPTS","HYPERON-EXPERIMENTAL-SCRIPTS",""
"","3","COMBINED.01","","Sun Nov 03 01:55:17 GMT 2024","passed","Sun Nov 03 01:55:17 GMT 2024","","ITERATORS","ITERATORS",""
"","2","IDENTITY.01","","Sun Nov 03 01:50:09 GMT 2024","passed","Sun Nov 03 01:50:09 GMT 2024","","TRANSPILER","TRANSPILER",""
"","83","TYPE-PROP.82","","Sun Nov 03 01:13:11 GMT 2024","failed","Sun Nov 03 01:13:11 GMT 2024","","CHECK-TYPES-TEMP","CHECK-TYPES-TEMP",""
"","2","BC-XP.25","","Sun Nov 03 01:17:27 GMT 2024","passed","Sun Nov 03 01:17:27 GMT 2024","","BACKWARD-CHAINING","BACKWARD-CHAINING",""
"","2","D3-DEPTYPES.07","","Sun Nov 03 00:37:20 GMT 2024","passed","Sun Nov 03 00:37:20 GMT 2024","","HYPERON-EXPERIMENTAL-SCRIPTS","HYPERON-EXPERIMENTAL-SCRIPTS",""
"","7","CHAPTER-1-2.01","","Sun Nov 03 00:56:39 GMT 2024","passed","Sun Nov 03 00:56:39 GMT 2024","","SICP-BOOK","SICP-BOOK",""
"","1105","PLLM-PENNTREE.04","","Sun Nov 03 02:11:44 GMT 2024","passed","Sun Nov 03 02:11:45 GMT 2024","","LANGUAGE-MODELS","LANGUAGE-MODELS",""
"","3","AI-SERVICE-COMPOSITION-SANITY.01","","Sun Nov 03 01:10:39 GMT 2024","passed","Sun Nov 03 01:10:39 GMT 2024","","AI-SERVICE","AI-SERVICE",""
"","4000","basic.hyperposing-unshared","","Sun Nov 03 00:37:15 GMT 2024","passed","Sun Nov 03 00:37:19 GMT 2024","","WHOLE-TESTS","WHOLE-TESTS",""
"","2","SUPERPOSE-NESTED.03","","Sun Nov 03 00:42:53 GMT 2024","passed","Sun Nov 03 00:42:53 GMT 2024","","METTA-MORPH-TESTS","METTA-MORPH-TESTS",""
"","10","D1-GADT.09","","Sun Nov 03 00:37:20 GMT 2024","passed","Sun Nov 03 00:37:20 GMT 2024","","HYPERON-EXPERIMENTAL-SCRIPTS","HYPERON-EXPERIMENTAL-SCRIPTS",""
"","2","INTERSECTION-TESTS.17","","Sun Nov 03 00:38:57 GMT 2024","passed","Sun Nov 03 00:38:57 GMT 2024","","HYPERON-METTALOG-SANITY","HYPERON-METTALOG-SANITY",""
"","3","SUPERCOLLAPSE.01","","Sun Nov 03 00:42:53 GMT 2024","passed","Sun Nov 03 00:42:53 GMT 2024","","METTA-MORPH-TESTS","METTA-MORPH-TESTS",""
"","1","HYPERPOSING-SHARED.07","","Sun Nov 03 01:59:10 GMT 2024","passed","Sun Nov 03 01:59:10 GMT 2024","","BASIC","BASIC",""
"","3","TESTS0.02","","Sun Nov 03 01:41:19 GMT 2024","passed","Sun Nov 03 01:41:19 GMT 2024","","NEW","NEW",""
"","2","01-LANG-INC.02","","Sun Nov 03 00:38:57 GMT 2024","passed","Sun Nov 03 00:38:57 GMT 2024","","HYPERON-METTALOG-SANITY","HYPERON-METTALOG-SANITY",""
"","8","IMPL-METTALOGTESTCURRIED.05","","Sun Nov 03 01:50:35 GMT 2024","passed","Sun Nov 03 01:50:35 GMT 2024","","WALK-THRU","WALK-THRU",""
"","3","B1-EQUAL-CHAIN.01","","Sun Nov 03 00:37:20 GMT 2024","passed","Sun Nov 03 00:37:20 GMT 2024","","HYPERON-EXPERIMENTAL-SCRIPTS","HYPERON-EXPERIMENTAL-SCRIPTS",""
"","2","F1-IMPORTS.14","","Sun Nov 03 00:47:10 GMT 2024","passed","Sun Nov 03 00:47:10 GMT 2024","","QUICK","QUICK",""
"","2","00A-LANG-COMPILED-CASE.12","","Sun Nov 03 01:49:09 GMT 2024","passed","Sun Nov 03 01:49:09 GMT 2024","","DIRECT-COMP","DIRECT-COMP",""
"","2","IMPL-METTALOGTESTCURRIED.04","","Sun Nov 03 01:50:35 GMT 2024","passed","Sun Nov 03 01:50:35 GMT 2024","","WALK-THRU","WALK-THRU",""
"","2","CML-UNSHARED.07","","Sun Nov 03 01:59:10 GMT 2024","passed","Sun Nov 03 01:59:10 GMT 2024","","BASIC","BASIC",""
"","3","SHOW-TYPE.08","","Sun Nov 03 00:54:10 GMT 2024","passed","Sun Nov 03 00:54:10 GMT 2024","","INTROSPECT","INTROSPECT",""
"","1","INF-CTL-MONTH-XP-SHORT-3.05","","Sun Nov 03 02:05:29 GMT 2024","passed","Sun Nov 03 02:05:29 GMT 2024","","COMPARISONS","COMPARISONS",""
"","2","D4-TYPE-PROP.11","","Sun Nov 03 00:37:20 GMT 2024","passed","Sun Nov 03 00:37:20 GMT 2024","","HYPERON-EXPERIMENTAL-SCRIPTS","HYPERON-EXPERIMENTAL-SCRIPTS",""
"","96","B4-NONDETERM.01","","Sun Nov 03 00:37:20 GMT 2024","passed","Sun Nov 03 00:37:20 GMT 2024","","HYPERON-EXPERIMENTAL-SCRIPTS","HYPERON-EXPERIMENTAL-SCRIPTS",""
"","5000","module-system.f1_moduleA","","Sun Nov 03 00:37:15 GMT 2024","passed","Sun Nov 03 00:37:20 GMT 2024","","WHOLE-TESTS","WHOLE-TESTS",""
"","244","IMPLICATIONDIRECTINTRODUCTIONDTLTEST.14","","Sun Nov 03 01:16:13 GMT 2024","passed","Sun Nov 03 01:16:13 GMT 2024","","DEPENDENT-TYPES","DEPENDENT-TYPES",""
"","2","CHAPTER-2-4.12","","Sun Nov 03 00:56:39 GMT 2024","passed","Sun Nov 03 00:56:39 GMT 2024","","SICP-BOOK","SICP-BOOK",""
"","2","E2-STATES.04","","Sun Nov 03 01:13:31 GMT 2024","passed","Sun Nov 03 01:13:31 GMT 2024","","CHECK-TYPES","CHECK-TYPES",""
"","2","D4-TYPE-PROP.19","","Sun Nov 03 01:13:31 GMT 2024","passed","Sun Nov 03 01:13:31 GMT 2024","","CHECK-TYPES","CHECK-TYPES",""
"","3","BC-XP.03","","Sun Nov 03 01:17:27 GMT 2024","passed","Sun Nov 03 01:17:27 GMT 2024","","BACKWARD-CHAINING","BACKWARD-CHAINING",""
"","4","MINNARS.01","","Sun Nov 03 00:42:53 GMT 2024","passed","Sun Nov 03 00:42:53 GMT 2024","","METTA-MORPH-TESTS","METTA-MORPH-TESTS",""
"","3","SYNTHESIZE-VIA-TYPE-CHECKING.05","","Sun Nov 03 01:28:09 GMT 2024","passed","Sun Nov 03 01:28:09 GMT 2024","","EXPERIMENTS","EXPERIMENTS",""
"","2","APPEND.05","","Sun Nov 03 01:56:50 GMT 2024","passed","Sun Nov 03 01:56:50 GMT 2024","","MULTIDIRECTIONAL","MULTIDIRECTIONAL",""
"","2","B5-TYPES-PRELIM.05","","Sun Nov 03 01:13:11 GMT 2024","passed","Sun Nov 03 01:13:11 GMT 2024","","CHECK-TYPES-TEMP","CHECK-TYPES-TEMP",""
"","15","TEST-INFER-FUNCTION-APPLICATION-TYPE.03","","Sun Nov 03 01:59:10 GMT 2024","failed","Sun Nov 03 01:59:10 GMT 2024","","BASIC","BASIC",""
"","2","F1-IMPORTS.11","","Sun Nov 03 00:37:10 GMT 2024","passed","Sun Nov 03 00:37:10 GMT 2024","","MODULE-SYSTEM","MODULE-SYSTEM",""
"","5000","metta-morph_tests.if","","Sun Nov 03 00:37:15 GMT 2024","passed","Sun Nov 03 00:37:20 GMT 2024","","WHOLE-TESTS","WHOLE-TESTS",""
"","2","LISTTEST.11","","Sun Nov 03 01:17:36 GMT 2024","passed","Sun Nov 03 01:17:36 GMT 2024","","COMMON","COMMON",""
"","2","SPACE-SUBTRACTION-TESTS.01","","Sun Nov 03 00:38:57 GMT 2024","passed","Sun Nov 03 00:38:57 GMT 2024","","HYPERON-METTALOG-SANITY","HYPERON-METTALOG-SANITY",""
"","3","QUERIES.14","","Sun Nov 03 01:09:46 GMT 2024","passed","Sun Nov 03 01:09:46 GMT 2024","","STRIPS-TO-METTA-IMPROVED","STRIPS-TO-METTA-IMPROVED",""
"","2","D2-HIGHERFUNC.17","","Sun Nov 03 00:37:20 GMT 2024","passed","Sun Nov 03 00:37:20 GMT 2024","","HYPERON-EXPERIMENTAL-SCRIPTS","HYPERON-EXPERIMENTAL-SCRIPTS",""
"","40000","dependent-types.MinerDTL1Test","","Sun Nov 03 00:37:15 GMT 2024","failed","Sun Nov 03 00:37:55 GMT 2024","","WHOLE-TESTS","WHOLE-TESTS",""
"","31","FORWARD-CHAINER-XP.09","","Sun Nov 03 01:20:07 GMT 2024","failed","Sun Nov 03 01:20:07 GMT 2024","","FORWARD-CHAINER","FORWARD-CHAINER",""
"","1","ADD-REMOVE-MATCH-SS-SYMBOLS.10","","Sun Nov 03 00:54:23 GMT 2024","passed","Sun Nov 03 00:54:23 GMT 2024","","SPACES","SPACES",""
"","3","B5-TYPES-PRELIM.10","","Sun Nov 03 01:13:11 GMT 2024","passed","Sun Nov 03 01:13:11 GMT 2024","","CHECK-TYPES-TEMP","CHECK-TYPES-TEMP",""
"","3","TESTS2.06","","Sun Nov 03 00:47:37 GMT 2024","passed","Sun Nov 03 00:47:37 GMT 2024","","MAIN-BRANCH","MAIN-BRANCH",""
"","5000","bidirectional_computation.reverse-arithmetic","","Sun Nov 03 00:37:15 GMT 2024","passed","Sun Nov 03 00:37:20 GMT 2024","","WHOLE-TESTS","WHOLE-TESTS",""
"","4000","metta-morph_tests.identity","","Sun Nov 03 00:37:15 GMT 2024","passed","Sun Nov 03 00:37:19 GMT 2024","","WHOLE-TESTS","WHOLE-TESTS",""
"","4000","chaining.parent_go_comp","","Sun Nov 03 00:37:15 GMT 2024","passed","Sun Nov 03 00:37:19 GMT 2024","","WHOLE-TESTS","WHOLE-TESTS",""
"","3","DEDUCTIONEQUALTEST.02","","Sun Nov 03 01:19:56 GMT 2024","passed","Sun Nov 03 01:19:56 GMT 2024","","EQUAL","EQUAL",""
"","82","STATE-TYPES.04","","Sun Nov 03 01:59:10 GMT 2024","failed","Sun Nov 03 01:59:10 GMT 2024","","BASIC","BASIC",""
"","2","ADD-REMOVE-MATCH-INTEGER.07","","Sun Nov 03 00:54:23 GMT 2024","passed","Sun Nov 03 00:54:23 GMT 2024","","SPACES","SPACES",""
"","2","UNIFY-VIA-CASE.05","","Sun Nov 03 01:28:09 GMT 2024","passed","Sun Nov 03 01:28:09 GMT 2024","","EXPERIMENTS","EXPERIMENTS",""
"","3","GADT.01","","Sun Nov 03 00:55:06 GMT 2024","passed","Sun Nov 03 00:55:06 GMT 2024","","STD","STD",""
"","107","STDLIB-METTALOG-TEST-PT2.59","","Sun Nov 03 00:56:29 GMT 2024","failed","Sun Nov 03 00:56:29 GMT 2024","","STDLIB-METTALOG","STDLIB-METTALOG",""
"","4","MINNARS-PREV.01","","Sun Nov 03 00:47:37 GMT 2024","passed","Sun Nov 03 00:47:37 GMT 2024","","MAIN-BRANCH","MAIN-BRANCH",""
"","3","OBIF.01","","Sun Nov 03 01:56:50 GMT 2024","passed","Sun Nov 03 01:56:50 GMT 2024","","MULTIDIRECTIONAL","MULTIDIRECTIONAL",""
"","2","F1-IMPORTS.12","","Sun Nov 03 00:37:20 GMT 2024","passed","Sun Nov 03 00:37:20 GMT 2024","","HYPERON-EXPERIMENTAL-SCRIPTS","HYPERON-EXPERIMENTAL-SCRIPTS",""
"","2","SHOW-TYPE.04","","Sun Nov 03 00:54:10 GMT 2024","passed","Sun Nov 03 00:54:10 GMT 2024","","INTROSPECT","INTROSPECT",""
"","2","ADD-REMOVE-MATCH-INTEGER.39","","Sun Nov 03 00:54:23 GMT 2024","passed","Sun Nov 03 00:54:23 GMT 2024","","SPACES","SPACES",""
"","2","TYPES-PRELIM.06","","Sun Nov 03 00:52:07 GMT 2024","passed","Sun Nov 03 00:52:07 GMT 2024","","CHAINING","CHAINING",""
"","4","INTERSECTION-TESTS.18","","Sun Nov 03 00:38:57 GMT 2024","passed","Sun Nov 03 00:38:57 GMT 2024","","HYPERON-METTALOG-SANITY","HYPERON-METTALOG-SANITY",""
"","2","STDLIB-METTALOG-TEST-PT2.70","","Sun Nov 03 00:56:29 GMT 2024","passed","Sun Nov 03 00:56:29 GMT 2024","","STDLIB-METTALOG","STDLIB-METTALOG",""
"","2","BACKWARD-CHAINER-XP.17","","Sun Nov 03 01:17:21 GMT 2024","passed","Sun Nov 03 01:17:21 GMT 2024","","BACKWARD-CHAINER","BACKWARD-CHAINER",""
"","2","ADD-REMOVE-MATCH-MIX-FLOAT-INTEGER.19","","Sun Nov 03 00:54:23 GMT 2024","passed","Sun Nov 03 00:54:23 GMT 2024","","SPACES","SPACES",""
"","3","CHAPTER-1-1.09","","Sun Nov 03 00:56:39 GMT 2024","passed","Sun Nov 03 00:56:39 GMT 2024","","SICP-BOOK","SICP-BOOK",""
"","2","B5-TYPES-PRELIM.06","","Sun Nov 03 01:13:11 GMT 2024","passed","Sun Nov 03 01:13:11 GMT 2024","","CHECK-TYPES-TEMP","CHECK-TYPES-TEMP",""
"","2","UNIQUE-TEST.04","","Sun Nov 03 00:38:57 GMT 2024","passed","Sun Nov 03 00:38:57 GMT 2024","","HYPERON-METTALOG-SANITY","HYPERON-METTALOG-SANITY",""
"","3","BC-XP.01","","Sun Nov 03 00:52:07 GMT 2024","passed","Sun Nov 03 00:52:07 GMT 2024","","CHAINING","CHAINING",""
"","5000","hyperon-experimental_scripts.d1_gadt","","Sun Nov 03 00:37:15 GMT 2024","passed","Sun Nov 03 00:37:20 GMT 2024","","WHOLE-TESTS","WHOLE-TESTS",""
"","2","D2-HIGHERFUNC.12","","Sun Nov 03 01:13:31 GMT 2024","passed","Sun Nov 03 01:13:31 GMT 2024","","CHECK-TYPES","CHECK-TYPES",""
"","3","ORIENTATION-TEST.02","","Sun Nov 03 01:27:17 GMT 2024","passed","Sun Nov 03 01:27:17 GMT 2024","","ORIENTATION","ORIENTATION",""
"","2","ADD-REMOVE-MATCH-INTEGER.31","","Sun Nov 03 00:54:23 GMT 2024","passed","Sun Nov 03 00:54:23 GMT 2024","","SPACES","SPACES",""
"","3","NON-DETERMINISM.01","","Sun Nov 03 01:28:09 GMT 2024","passed","Sun Nov 03 01:28:09 GMT 2024","","EXPERIMENTS","EXPERIMENTS",""
"","3","D1-GADT.01","","Sun Nov 03 00:47:10 GMT 2024","passed","Sun Nov 03 00:47:10 GMT 2024","","QUICK","QUICK",""
"","12","HYPERON-EXPERIMENTAL-ISSUE-481.03","","Sun Nov 03 01:53:53 GMT 2024","passed","Sun Nov 03 01:53:53 GMT 2024","","DEBUGGING","DEBUGGING",""
"","4000","metta-morph_tests.let_superpose_list","","Sun Nov 03 00:37:15 GMT 2024","passed","Sun Nov 03 00:37:19 GMT 2024","","WHOLE-TESTS","WHOLE-TESTS",""
"","63","IFC-XP.26","","Sun Nov 03 01:23:34 GMT 2024","passed","Sun Nov 03 01:23:34 GMT 2024","","ITERATIVE-CHAINING","ITERATIVE-CHAINING",""
"","2","CHAPTER-2-4.02","","Sun Nov 03 00:56:39 GMT 2024","passed","Sun Nov 03 00:56:39 GMT 2024","","SICP-BOOK","SICP-BOOK",""
"","2","SPACE-INTERSECTION-TESTS.13","","Sun Nov 03 00:38:57 GMT 2024","passed","Sun Nov 03 00:38:57 GMT 2024","","HYPERON-METTALOG-SANITY","HYPERON-METTALOG-SANITY",""
"","153","SYNTHESIZE-VIA-UNIFY-TEST.02","","Sun Nov 03 01:28:09 GMT 2024","failed","Sun Nov 03 01:28:09 GMT 2024","","EXPERIMENTS","EXPERIMENTS",""
"","118","SPACE-INTERSECTION-TESTS.09","","Sun Nov 03 00:38:57 GMT 2024","failed","Sun Nov 03 00:38:57 GMT 2024","","HYPERON-METTALOG-SANITY","HYPERON-METTALOG-SANITY",""
"","2","B5-TYPES-PRELIM.12","","Sun Nov 03 01:13:11 GMT 2024","passed","Sun Nov 03 01:13:11 GMT 2024","","CHECK-TYPES-TEMP","CHECK-TYPES-TEMP",""
"","5000","metta-morph_tests.supercollapse","","Sun Nov 03 00:37:15 GMT 2024","passed","Sun Nov 03 00:37:20 GMT 2024","","WHOLE-TESTS","WHOLE-TESTS",""
"","1","ADD-REMOVE-MATCH-MIX-FLOAT-INTEGER.17","","Sun Nov 03 00:54:23 GMT 2024","passed","Sun Nov 03 00:54:23 GMT 2024","","SPACES","SPACES",""
"","2","APPEND-USING-EQUALITY.05","","Sun Nov 03 01:56:50 GMT 2024","passed","Sun Nov 03 01:56:50 GMT 2024","","MULTIDIRECTIONAL","MULTIDIRECTIONAL",""
"","2","SPACE-INTERSECTION-TESTS.04","","Sun Nov 03 00:38:57 GMT 2024","passed","Sun Nov 03 00:38:57 GMT 2024","","HYPERON-METTALOG-SANITY","HYPERON-METTALOG-SANITY",""
"","2","D1-GADT.08","","Sun Nov 03 00:37:20 GMT 2024","passed","Sun Nov 03 00:37:20 GMT 2024","","HYPERON-EXPERIMENTAL-SCRIPTS","HYPERON-EXPERIMENTAL-SCRIPTS",""
"","4","SORING-VIA-INSERT.01","","Sun Nov 03 01:13:11 GMT 2024","passed","Sun Nov 03 01:13:11 GMT 2024","","CHECK-TYPES-TEMP","CHECK-TYPES-TEMP",""
"","40000","comparisons.fibo_Arg1i","","Sun Nov 03 00:37:15 GMT 2024","failed","Sun Nov 03 00:37:55 GMT 2024","","WHOLE-TESTS","WHOLE-TESTS",""
"","3","B5-TYPES-PRELIM.07","","Sun Nov 03 01:13:11 GMT 2024","passed","Sun Nov 03 01:13:11 GMT 2024","","CHECK-TYPES-TEMP","CHECK-TYPES-TEMP",""
"","4000","equal.ImplicationDirectIntroductionEqualTest","","Sun Nov 03 00:37:15 GMT 2024","passed","Sun Nov 03 00:37:19 GMT 2024","","WHOLE-TESTS","WHOLE-TESTS",""
"","2","METTALOGTESTCURRIED2.05","","Sun Nov 03 01:50:35 GMT 2024","passed","Sun Nov 03 01:50:35 GMT 2024","","WALK-THRU","WALK-THRU",""
"","16","REVERSE-ARITHMETIC.02","","Sun Nov 03 01:53:35 GMT 2024","failed","Sun Nov 03 01:53:35 GMT 2024","","BIDIRECTIONAL-COMPUTATION","BIDIRECTIONAL-COMPUTATION",""
"","2","LTE.06","","Sun Nov 03 00:55:06 GMT 2024","passed","Sun Nov 03 00:55:06 GMT 2024","","STD","STD",""
"","145","NALIFIER.01","","Sun Nov 03 00:42:53 GMT 2024","passed","Sun Nov 03 00:42:53 GMT 2024","","METTA-MORPH-TESTS","METTA-MORPH-TESTS",""
"","4000","logic.puzzle","","Sun Nov 03 00:37:15 GMT 2024","passed","Sun Nov 03 00:37:19 GMT 2024","","WHOLE-TESTS","WHOLE-TESTS",""
"","2","B1-EQUAL-CHAIN.05","","Sun Nov 03 00:37:20 GMT 2024","passed","Sun Nov 03 00:37:20 GMT 2024","","HYPERON-EXPERIMENTAL-SCRIPTS","HYPERON-EXPERIMENTAL-SCRIPTS",""
"","2","ADD-ATOM-NAIVE-FIB.08","","Sun Nov 03 02:05:29 GMT 2024","passed","Sun Nov 03 02:05:29 GMT 2024","","COMPARISONS","COMPARISONS",""
"","2","ADD-REMOVE-MATCH-SS-STRINGS.03","","Sun Nov 03 00:54:23 GMT 2024","passed","Sun Nov 03 00:54:23 GMT 2024","","SPACES","SPACES",""
"","2","TYPES-PRELIM.10","","Sun Nov 03 00:52:07 GMT 2024","passed","Sun Nov 03 00:52:07 GMT 2024","","CHAINING","CHAINING",""
"","2","ADD-REMOVE-MATCH-SS-STRINGS.15","","Sun Nov 03 00:54:23 GMT 2024","passed","Sun Nov 03 00:54:23 GMT 2024","","SPACES","SPACES",""
"","63","COMBINED.04","","Sun Nov 03 01:55:17 GMT 2024","failed","Sun Nov 03 01:55:17 GMT 2024","","ITERATORS","ITERATORS",""
"","52","TYPES-PRELIM.12","","Sun Nov 03 00:52:07 GMT 2024","failed","Sun Nov 03 00:52:07 GMT 2024","","CHAINING","CHAINING",""
"","1","D1-GADT.14","","Sun Nov 03 01:13:31 GMT 2024","passed","Sun Nov 03 01:13:31 GMT 2024","","CHECK-TYPES","CHECK-TYPES",""
"","3","SUPERCOLLAPSE.08","","Sun Nov 03 00:42:53 GMT 2024","passed","Sun Nov 03 00:42:53 GMT 2024","","METTA-MORPH-TESTS","METTA-MORPH-TESTS",""
"","2","CHAPTER-1-1.12","","Sun Nov 03 00:56:39 GMT 2024","passed","Sun Nov 03 00:56:39 GMT 2024","","SICP-BOOK","SICP-BOOK",""
"","2","B5-TYPES-PRELIM.22","","Sun Nov 03 00:37:20 GMT 2024","passed","Sun Nov 03 00:37:20 GMT 2024","","HYPERON-EXPERIMENTAL-SCRIPTS","HYPERON-EXPERIMENTAL-SCRIPTS",""
"","2","PC-XP.02","","Sun Nov 03 01:26:17 GMT 2024","passed","Sun Nov 03 01:26:17 GMT 2024","","POLYWARD-CHAINING","POLYWARD-CHAINING",""
"","2","FORWARD-CHAINER-TEST.10","","Sun Nov 03 01:20:07 GMT 2024","passed","Sun Nov 03 01:20:07 GMT 2024","","FORWARD-CHAINER","FORWARD-CHAINER",""
"","21","ORDEREDSETTEST.11","","Sun Nov 03 01:17:36 GMT 2024","passed","Sun Nov 03 01:17:36 GMT 2024","","COMMON","COMMON",""
"","19","NATDTLTEST.03","","Sun Nov 03 01:20:22 GMT 2024","passed","Sun Nov 03 01:20:22 GMT 2024","","HOL","HOL",""
"","2","APPEND.02","","Sun Nov 03 01:56:50 GMT 2024","passed","Sun Nov 03 01:56:50 GMT 2024","","MULTIDIRECTIONAL","MULTIDIRECTIONAL",""
"","46000","nars_v0.tests4","","Sun Nov 03 00:37:15 GMT 2024","failed","Sun Nov 03 00:38:01 GMT 2024","","WHOLE-TESTS","WHOLE-TESTS",""
"","349","SYNTHESIZE-VIA-LET-TEST.07","","Sun Nov 03 01:28:09 GMT 2024","failed","Sun Nov 03 01:28:09 GMT 2024","","EXPERIMENTS","EXPERIMENTS",""
"","49","IOIOIOI-USING-EQUALITY.04","","Sun Nov 03 01:56:50 GMT 2024","failed","Sun Nov 03 01:56:50 GMT 2024","","MULTIDIRECTIONAL","MULTIDIRECTIONAL",""
"","154","D4-TYPE-PROP.10","","Sun Nov 03 01:13:31 GMT 2024","failed","Sun Nov 03 01:13:31 GMT 2024","","CHECK-TYPES","CHECK-TYPES",""
"","3","NATSTANDALONETEST.01","","Sun Nov 03 01:20:22 GMT 2024","passed","Sun Nov 03 01:20:22 GMT 2024","","HOL","HOL",""
"","2","TYPES-PRELIM.02","","Sun Nov 03 00:52:07 GMT 2024","passed","Sun Nov 03 00:52:07 GMT 2024","","CHAINING","CHAINING",""
"","2","D2-HIGHERFUNC.19","","Sun Nov 03 00:47:10 GMT 2024","passed","Sun Nov 03 00:47:10 GMT 2024","","QUICK","QUICK",""
"","3","CHAPTER-2-2.09","","Sun Nov 03 00:56:39 GMT 2024","passed","Sun Nov 03 00:56:39 GMT 2024","","SICP-BOOK","SICP-BOOK",""
"","11","JOHN-CARRY-FLOWER-TEST.01","","Sun Nov 03 01:27:03 GMT 2024","passed","Sun Nov 03 01:27:03 GMT 2024","","JOHN-CARRY-FLOWER","JOHN-CARRY-FLOWER",""
"","2","F1-IMPORTS.15","","Sun Nov 03 00:47:10 GMT 2024","passed","Sun Nov 03 00:47:10 GMT 2024","","QUICK","QUICK",""
"","5000","std.lte","","Sun Nov 03 00:37:15 GMT 2024","passed","Sun Nov 03 00:37:20 GMT 2024","","WHOLE-TESTS","WHOLE-TESTS",""
"","3","CHAPTER-1-1.01","","Sun Nov 03 00:56:39 GMT 2024","passed","Sun Nov 03 00:56:39 GMT 2024","","SICP-BOOK","SICP-BOOK",""
"","2","CHAPTER-1-2.02","","Sun Nov 03 00:56:39 GMT 2024","passed","Sun Nov 03 00:56:39 GMT 2024","","SICP-BOOK","SICP-BOOK",""
"","1","INF-ORDER-PROBS.09","","Sun Nov 03 01:05:14 GMT 2024","passed","Sun Nov 03 01:05:14 GMT 2024","","PROB-DEP-TYPES","PROB-DEP-TYPES",""
"","40000","SICP_book.chapter_2_1","","Sun Nov 03 00:37:15 GMT 2024","failed","Sun Nov 03 00:37:55 GMT 2024","","WHOLE-TESTS","WHOLE-TESTS",""
"","2","BACKWARD-CHAINER-XP.05","","Sun Nov 03 01:17:21 GMT 2024","passed","Sun Nov 03 01:17:21 GMT 2024","","BACKWARD-CHAINER","BACKWARD-CHAINER",""
"","1152","RED-BLACK.02","","Sun Nov 03 01:08:49 GMT 2024","passed","Sun Nov 03 01:08:50 GMT 2024","","RED-BLACK-LAMBDA","RED-BLACK-LAMBDA",""
"","46000","SICP_book.chapter_2_3","","Sun Nov 03 00:37:15 GMT 2024","failed","Sun Nov 03 00:38:01 GMT 2024","","WHOLE-TESTS","WHOLE-TESTS",""
"","2","IOIOIOI.02","","Sun Nov 03 01:56:50 GMT 2024","passed","Sun Nov 03 01:56:50 GMT 2024","","MULTIDIRECTIONAL","MULTIDIRECTIONAL",""
"","2","CHAPTER-2-2.05","","Sun Nov 03 00:56:39 GMT 2024","passed","Sun Nov 03 00:56:39 GMT 2024","","SICP-BOOK","SICP-BOOK",""
"","2","ADD-REMOVE-MATCH-MIX-FLOAT-INTEGER.11","","Sun Nov 03 00:54:23 GMT 2024","passed","Sun Nov 03 00:54:23 GMT 2024","","SPACES","SPACES",""
"","111","NUMTEST.07","","Sun Nov 03 01:17:36 GMT 2024","failed","Sun Nov 03 01:17:36 GMT 2024","","COMMON","COMMON",""
"","4000","experiments.synthesize-via-type-checking","","Sun Nov 03 00:37:15 GMT 2024","passed","Sun Nov 03 00:37:19 GMT 2024","","WHOLE-TESTS","WHOLE-TESTS",""
"","204","SYNTHESIZE-VIA-UNIFY-TEST.05","","Sun Nov 03 01:28:09 GMT 2024","failed","Sun Nov 03 01:28:09 GMT 2024","","EXPERIMENTS","EXPERIMENTS",""
"","3","ADD-REMOVE-MATCH-MIX-FLOAT-INTEGER.03","","Sun Nov 03 00:54:23 GMT 2024","passed","Sun Nov 03 00:54:23 GMT 2024","","SPACES","SPACES",""
"","2","SYNTHESIZE-VIA-SUPERPOSE.04","","Sun Nov 03 01:28:09 GMT 2024","passed","Sun Nov 03 01:28:09 GMT 2024","","EXPERIMENTS","EXPERIMENTS",""
"","3","D4-TYPE-PROP.01","","Sun Nov 03 00:47:10 GMT 2024","passed","Sun Nov 03 00:47:10 GMT 2024","","QUICK","QUICK",""
"","3","A3-TWOSIDE.01","","Sun Nov 03 00:37:20 GMT 2024","passed","Sun Nov 03 00:37:20 GMT 2024","","HYPERON-EXPERIMENTAL-SCRIPTS","HYPERON-EXPERIMENTAL-SCRIPTS",""
"","26000","walk_thru.system_proofTestCurried","","Sun Nov 03 00:37:15 GMT 2024","passed","Sun Nov 03 00:37:41 GMT 2024","","WHOLE-TESTS","WHOLE-TESTS",""
"","8","PREREQS.09","","Sun Nov 03 00:47:37 GMT 2024","passed","Sun Nov 03 00:47:37 GMT 2024","","MAIN-BRANCH","MAIN-BRANCH",""
"","3","B5-TYPES-PRELIM.19","","Sun Nov 03 01:13:11 GMT 2024","passed","Sun Nov 03 01:13:11 GMT 2024","","CHECK-TYPES-TEMP","CHECK-TYPES-TEMP",""
"","2","ADD-REMOVE-MATCH-INTEGER.37","","Sun Nov 03 00:54:23 GMT 2024","passed","Sun Nov 03 00:54:23 GMT 2024","","SPACES","SPACES",""
"","5000","common.OrderedSetTest","","Sun Nov 03 00:37:15 GMT 2024","passed","Sun Nov 03 00:37:20 GMT 2024","","WHOLE-TESTS","WHOLE-TESTS",""
"","2","PROB-DEP-TYPES.06","","Sun Nov 03 01:05:14 GMT 2024","passed","Sun Nov 03 01:05:14 GMT 2024","","PROB-DEP-TYPES","PROB-DEP-TYPES",""
"","2","BC-COMP.02","","Sun Nov 03 01:50:35 GMT 2024","passed","Sun Nov 03 01:50:35 GMT 2024","","WALK-THRU","WALK-THRU",""
"","3","FORWARD-CHAINER-XP.31","","Sun Nov 03 01:20:07 GMT 2024","passed","Sun Nov 03 01:20:07 GMT 2024","","FORWARD-CHAINER","FORWARD-CHAINER",""
"","64","F1-IMPORTS.17","","Sun Nov 03 00:37:10 GMT 2024","passed","Sun Nov 03 00:37:10 GMT 2024","","MODULE-SYSTEM","MODULE-SYSTEM",""
"","2","ADD-REMOVE-MATCH-MIX-FLOAT-INTEGER.28","","Sun Nov 03 00:54:23 GMT 2024","passed","Sun Nov 03 00:54:23 GMT 2024","","SPACES","SPACES",""
"","58","B5-TYPES-PRELIM.14","","Sun Nov 03 00:37:20 GMT 2024","failed","Sun Nov 03 00:37:20 GMT 2024","","HYPERON-EXPERIMENTAL-SCRIPTS","HYPERON-EXPERIMENTAL-SCRIPTS",""
"","2","DEDUCTIONFORMULATEST.09","","Sun Nov 03 01:17:59 GMT 2024","passed","Sun Nov 03 01:17:59 GMT 2024","","FORMULA","FORMULA",""
"","2","IMPL-METTALOGTESTCURRIED.08","","Sun Nov 03 01:50:35 GMT 2024","passed","Sun Nov 03 01:50:35 GMT 2024","","WALK-THRU","WALK-THRU",""
"","2480","TESTS1-PRE.04","","Sun Nov 03 00:47:37 GMT 2024","failed","Sun Nov 03 00:47:39 GMT 2024","","MAIN-BRANCH","MAIN-BRANCH",""
"","5","SPACE-SUBTRACTION-TESTS.04","","Sun Nov 03 00:38:57 GMT 2024","passed","Sun Nov 03 00:38:57 GMT 2024","","HYPERON-METTALOG-SANITY","HYPERON-METTALOG-SANITY",""
"","98","PROB-DEP-TYPES.03","","Sun Nov 03 01:05:14 GMT 2024","passed","Sun Nov 03 01:05:14 GMT 2024","","PROB-DEP-TYPES","PROB-DEP-TYPES",""
"","3","TESTS5.01","","Sun Nov 03 01:32:21 GMT 2024","passed","Sun Nov 03 01:32:21 GMT 2024","","CURRENT","CURRENT",""
"","5000","match.DeductionMatchTest","","Sun Nov 03 00:37:15 GMT 2024","passed","Sun Nov 03 00:37:20 GMT 2024","","WHOLE-TESTS","WHOLE-TESTS",""
"","3","INTEST.01","","Sun Nov 03 01:17:36 GMT 2024","passed","Sun Nov 03 01:17:36 GMT 2024","","COMMON","COMMON",""
"","2","A1-SYMBOLS.02","","Sun Nov 03 00:37:20 GMT 2024","passed","Sun Nov 03 00:37:20 GMT 2024","","HYPERON-EXPERIMENTAL-SCRIPTS","HYPERON-EXPERIMENTAL-SCRIPTS",""
"","2","SUBTRACTION-TEST.03","","Sun Nov 03 00:38:57 GMT 2024","passed","Sun Nov 03 00:38:57 GMT 2024","","HYPERON-METTALOG-SANITY","HYPERON-METTALOG-SANITY",""
"","2","QUERIES.09","","Sun Nov 03 01:09:46 GMT 2024","passed","Sun Nov 03 01:09:46 GMT 2024","","STRIPS-TO-METTA-IMPROVED","STRIPS-TO-METTA-IMPROVED",""
"","3","STDLIB-METTALOG-TEST-PT2.69","","Sun Nov 03 00:56:29 GMT 2024","passed","Sun Nov 03 00:56:29 GMT 2024","","STDLIB-METTALOG","STDLIB-METTALOG",""
"","2","TRUTHVALUETEST.06","","Sun Nov 03 01:18:04 GMT 2024","passed","Sun Nov 03 01:18:04 GMT 2024","","TRUTHVALUE","TRUTHVALUE",""
"","49","TYPE-PROP.79","","Sun Nov 03 01:13:11 GMT 2024","failed","Sun Nov 03 01:13:11 GMT 2024","","CHECK-TYPES-TEMP","CHECK-TYPES-TEMP",""
"","4000","bidirectional_computation.relative-arithmetic","","Sun Nov 03 00:37:15 GMT 2024","passed","Sun Nov 03 00:37:19 GMT 2024","","WHOLE-TESTS","WHOLE-TESTS",""
"","13","CHAPTER-2-4.21","","Sun Nov 03 00:56:39 GMT 2024","failed","Sun Nov 03 00:56:39 GMT 2024","","SICP-BOOK","SICP-BOOK",""
"","4000","check_types-temp.soring-via-insert","","Sun Nov 03 00:37:15 GMT 2024","passed","Sun Nov 03 00:37:19 GMT 2024","","WHOLE-TESTS","WHOLE-TESTS",""
"","3","CHAPTER-2-2.03","","Sun Nov 03 00:56:39 GMT 2024","passed","Sun Nov 03 00:56:39 GMT 2024","","SICP-BOOK","SICP-BOOK",""
"","2","BACKWARD-CHAINER-XP.20","","Sun Nov 03 01:17:21 GMT 2024","passed","Sun Nov 03 01:17:21 GMT 2024","","BACKWARD-CHAINER","BACKWARD-CHAINER",""
"","3","IMPLICATIONDIRECTINTRODUCTIONDTLTEST.12","","Sun Nov 03 01:16:13 GMT 2024","passed","Sun Nov 03 01:16:13 GMT 2024","","DEPENDENT-TYPES","DEPENDENT-TYPES",""
"","2","PREREQS.03","","Sun Nov 03 00:47:37 GMT 2024","passed","Sun Nov 03 00:47:37 GMT 2024","","MAIN-BRANCH","MAIN-BRANCH",""
"","72","F1-IMPORTS.21","","Sun Nov 03 00:37:20 GMT 2024","passed","Sun Nov 03 00:37:20 GMT 2024","","HYPERON-EXPERIMENTAL-SCRIPTS","HYPERON-EXPERIMENTAL-SCRIPTS",""
"","2","ADD-REMOVE-MATCH-INTEGER.16","","Sun Nov 03 00:54:23 GMT 2024","passed","Sun Nov 03 00:54:23 GMT 2024","","SPACES","SPACES",""
"","235","INF-CTL-MONTH-BC-CONT-XP.19","","Sun Nov 03 01:21:32 GMT 2024","failed","Sun Nov 03 01:21:32 GMT 2024","","INFERENCE-CONTROL","INFERENCE-CONTROL",""
"","3","STRING-TESTS.06","","Sun Nov 03 00:38:57 GMT 2024","passed","Sun Nov 03 00:38:57 GMT 2024","","HYPERON-METTALOG-SANITY","HYPERON-METTALOG-SANITY",""
"","3","D2-HIGHERFUNC.24","","Sun Nov 03 01:13:31 GMT 2024","passed","Sun Nov 03 01:13:31 GMT 2024","","CHECK-TYPES","CHECK-TYPES",""
"","3","D2-HIGHERFUNC.23","","Sun Nov 03 00:37:20 GMT 2024","passed","Sun Nov 03 00:37:20 GMT 2024","","HYPERON-EXPERIMENTAL-SCRIPTS","HYPERON-EXPERIMENTAL-SCRIPTS",""
"","2","C1-GROUNDED-BASIC.21","","Sun Nov 03 00:37:20 GMT 2024","passed","Sun Nov 03 00:37:20 GMT 2024","","HYPERON-EXPERIMENTAL-SCRIPTS","HYPERON-EXPERIMENTAL-SCRIPTS",""
"","3","TEST-SPO-100.01","","Sun Nov 03 00:45:34 GMT 2024","passed","Sun Nov 03 00:45:34 GMT 2024","","METTA-WAM-ISSUE-116","METTA-WAM-ISSUE-116",""
"","2","TMPMATCH2.01","","Sun Nov 03 00:44:59 GMT 2024","passed","Sun Nov 03 00:44:59 GMT 2024","","ANTI-REGRESSION","ANTI-REGRESSION",""
"","3","MODUSPONENSDTLTEST.02","","Sun Nov 03 01:16:13 GMT 2024","passed","Sun Nov 03 01:16:13 GMT 2024","","DEPENDENT-TYPES","DEPENDENT-TYPES",""
"","4000","debugging.hyperon_experimental_issue_500","","Sun Nov 03 00:37:15 GMT 2024","passed","Sun Nov 03 00:37:19 GMT 2024","","WHOLE-TESTS","WHOLE-TESTS",""
"","5000","check_types-temp.b5_types_prelim","","Sun Nov 03 00:37:15 GMT 2024","passed","Sun Nov 03 00:37:20 GMT 2024","","WHOLE-TESTS","WHOLE-TESTS",""
"","2","IBC-XP.18","","Sun Nov 03 01:23:34 GMT 2024","passed","Sun Nov 03 01:23:34 GMT 2024","","ITERATIVE-CHAINING","ITERATIVE-CHAINING",""
"","3","C1-GROUNDED-BASIC.07","","Sun Nov 03 00:37:20 GMT 2024","passed","Sun Nov 03 00:37:20 GMT 2024","","HYPERON-EXPERIMENTAL-SCRIPTS","HYPERON-EXPERIMENTAL-SCRIPTS",""
"","2","D3-DEPTYPES.01","","Sun Nov 03 00:37:20 GMT 2024","passed","Sun Nov 03 00:37:20 GMT 2024","","HYPERON-EXPERIMENTAL-SCRIPTS","HYPERON-EXPERIMENTAL-SCRIPTS",""
"","39","STDLIB-METTALOG-TEST-PT2.04","","Sun Nov 03 00:56:29 GMT 2024","failed","Sun Nov 03 00:56:29 GMT 2024","","STDLIB-METTALOG","STDLIB-METTALOG",""
"","2","SYNTHESIZE-VIA-TYPE-CHECKING.02","","Sun Nov 03 01:28:09 GMT 2024","passed","Sun Nov 03 01:28:09 GMT 2024","","EXPERIMENTS","EXPERIMENTS",""
"","1","ADD-ATOM-NAIVE-FIB.02","","Sun Nov 03 02:05:29 GMT 2024","passed","Sun Nov 03 02:05:29 GMT 2024","","COMPARISONS","COMPARISONS",""
"","105","D5-AUTO-TYPES.04","","Sun Nov 03 00:37:20 GMT 2024","failed","Sun Nov 03 00:37:20 GMT 2024","","HYPERON-EXPERIMENTAL-SCRIPTS","HYPERON-EXPERIMENTAL-SCRIPTS",""
"","64","STDLIB-METTALOG-TEST-PT2.57","","Sun Nov 03 00:56:29 GMT 2024","failed","Sun Nov 03 00:56:29 GMT 2024","","STDLIB-METTALOG","STDLIB-METTALOG",""
"","310","STDLIB-METTALOG-TEST-PT2.22","","Sun Nov 03 00:56:29 GMT 2024","failed","Sun Nov 03 00:56:29 GMT 2024","","STDLIB-METTALOG","STDLIB-METTALOG",""
"","2","NATSTANDALONETEST.06","","Sun Nov 03 01:20:22 GMT 2024","passed","Sun Nov 03 01:20:22 GMT 2024","","HOL","HOL",""
"","5000","hyperon-experimental_scripts.c1_grounded_basic","","Sun Nov 03 00:37:15 GMT 2024","passed","Sun Nov 03 00:37:20 GMT 2024","","WHOLE-TESTS","WHOLE-TESTS",""
"","2","00-LANG-CASE.04","","Sun Nov 03 00:38:57 GMT 2024","passed","Sun Nov 03 00:38:57 GMT 2024","","HYPERON-METTALOG-SANITY","HYPERON-METTALOG-SANITY",""
"","2","TYPES-PRELIM.18","","Sun Nov 03 00:52:07 GMT 2024","passed","Sun Nov 03 00:52:07 GMT 2024","","CHAINING","CHAINING",""
"","2","IFC-XP.03","","Sun Nov 03 01:23:34 GMT 2024","passed","Sun Nov 03 01:23:34 GMT 2024","","ITERATIVE-CHAINING","ITERATIVE-CHAINING",""
"","4000","equal.DeductionEqualTest","","Sun Nov 03 00:37:15 GMT 2024","passed","Sun Nov 03 00:37:19 GMT 2024","","WHOLE-TESTS","WHOLE-TESTS",""
"","2","STDLIB-METTALOG-TEST-PT2.41","","Sun Nov 03 00:56:29 GMT 2024","passed","Sun Nov 03 00:56:29 GMT 2024","","STDLIB-METTALOG","STDLIB-METTALOG",""
"","4000","direct_comp.00a_lang_compiled_case","","Sun Nov 03 00:37:15 GMT 2024","passed","Sun Nov 03 00:37:19 GMT 2024","","WHOLE-TESTS","WHOLE-TESTS",""
"","2","IOIOIOI.05","","Sun Nov 03 01:56:50 GMT 2024","passed","Sun Nov 03 01:56:50 GMT 2024","","MULTIDIRECTIONAL","MULTIDIRECTIONAL",""
"","2","SYNTHESIZE-VIA-TYPE-CHECKING.03","","Sun Nov 03 01:28:09 GMT 2024","passed","Sun Nov 03 01:28:09 GMT 2024","","EXPERIMENTS","EXPERIMENTS",""
"","3","STRING-TESTS.16","","Sun Nov 03 00:38:57 GMT 2024","passed","Sun Nov 03 00:38:57 GMT 2024","","HYPERON-METTALOG-SANITY","HYPERON-METTALOG-SANITY",""
"","17000","nondet_unify.run","","Sun Nov 03 00:37:15 GMT 2024","passed","Sun Nov 03 00:37:32 GMT 2024","","WHOLE-TESTS","WHOLE-TESTS",""
"","5000","hyperon-experimental_scripts.b3_direct","","Sun Nov 03 00:37:15 GMT 2024","passed","Sun Nov 03 00:37:20 GMT 2024","","WHOLE-TESTS","WHOLE-TESTS",""
"","2","INTERSECTION-TESTS.02","","Sun Nov 03 00:38:57 GMT 2024","passed","Sun Nov 03 00:38:57 GMT 2024","","HYPERON-METTALOG-SANITY","HYPERON-METTALOG-SANITY",""
"","289","SELF-CONTAINED-SYNTHESIZE.10","","Sun Nov 03 01:28:09 GMT 2024","failed","Sun Nov 03 01:28:09 GMT 2024","","EXPERIMENTS","EXPERIMENTS",""
"","4000","debugging.hyperon_experimental_issue_516_redduced","","Sun Nov 03 00:37:15 GMT 2024","passed","Sun Nov 03 00:37:19 GMT 2024","","WHOLE-TESTS","WHOLE-TESTS",""
"","485","TESTS0.07","","Sun Nov 03 01:37:25 GMT 2024","failed","Sun Nov 03 01:37:25 GMT 2024","","NARS-V0","NARS-V0",""
"","2","TYPE-PROP.20","","Sun Nov 03 01:13:11 GMT 2024","passed","Sun Nov 03 01:13:11 GMT 2024","","CHECK-TYPES-TEMP","CHECK-TYPES-TEMP",""
"","2","ADD-REMOVE-MATCH-INTEGER.21","","Sun Nov 03 00:54:23 GMT 2024","passed","Sun Nov 03 00:54:23 GMT 2024","","SPACES","SPACES",""
"","5000","utils.utils-test","","Sun Nov 03 00:37:15 GMT 2024","passed","Sun Nov 03 00:37:20 GMT 2024","","WHOLE-TESTS","WHOLE-TESTS",""
"","2","BCHAIN-COMP.02","","Sun Nov 03 01:50:35 GMT 2024","passed","Sun Nov 03 01:50:35 GMT 2024","","WALK-THRU","WALK-THRU",""
"","2","STDLIB-METTALOG-TEST-PT2.39","","Sun Nov 03 00:56:29 GMT 2024","passed","Sun Nov 03 00:56:29 GMT 2024","","STDLIB-METTALOG","STDLIB-METTALOG",""
"","40000","basic.pathfinding-med-f","","Sun Nov 03 00:37:15 GMT 2024","failed","Sun Nov 03 00:37:55 GMT 2024","","WHOLE-TESTS","WHOLE-TESTS",""
"","2","DEDUCTIONFORMULATEST.07","","Sun Nov 03 01:17:59 GMT 2024","passed","Sun Nov 03 01:17:59 GMT 2024","","FORMULA","FORMULA",""
"","4000","chaining.bc-xp","","Sun Nov 03 00:37:15 GMT 2024","passed","Sun Nov 03 00:37:19 GMT 2024","","WHOLE-TESTS","WHOLE-TESTS",""
"","2","D4-TYPE-PROP.21","","Sun Nov 03 01:13:31 GMT 2024","passed","Sun Nov 03 01:13:31 GMT 2024","","CHECK-TYPES","CHECK-TYPES",""
"","37","DEDUCTIONIMPLICATIONDIRECTINTRODUCTIONMATCHTEST.01","","Sun Nov 03 01:23:54 GMT 2024","passed","Sun Nov 03 01:23:54 GMT 2024","","MATCH","MATCH",""
"","2","IBC-XP.09","","Sun Nov 03 01:23:34 GMT 2024","passed","Sun Nov 03 01:23:34 GMT 2024","","ITERATIVE-CHAINING","ITERATIVE-CHAINING",""
"","1","MATCH-VOID.10","","Sun Nov 03 00:42:53 GMT 2024","passed","Sun Nov 03 00:42:53 GMT 2024","","METTA-MORPH-TESTS","METTA-MORPH-TESTS",""
"","2","STRING-TESTS.05","","Sun Nov 03 00:38:57 GMT 2024","passed","Sun Nov 03 00:38:57 GMT 2024","","HYPERON-METTALOG-SANITY","HYPERON-METTALOG-SANITY",""
"","2","STDLIB-METTALOG-TEST-PT2.36","","Sun Nov 03 00:56:29 GMT 2024","passed","Sun Nov 03 00:56:29 GMT 2024","","STDLIB-METTALOG","STDLIB-METTALOG",""
"","832","JOHN-CARRY-FLOWER-TEST.05","","Sun Nov 03 01:27:03 GMT 2024","failed","Sun Nov 03 01:27:03 GMT 2024","","JOHN-CARRY-FLOWER","JOHN-CARRY-FLOWER",""
"","5","TRUTHVALUETEST.03","","Sun Nov 03 01:18:04 GMT 2024","passed","Sun Nov 03 01:18:04 GMT 2024","","TRUTHVALUE","TRUTHVALUE",""
"","2","ADD-REMOVE-MATCH-MIX-FLOAT-INTEGER.22","","Sun Nov 03 00:54:23 GMT 2024","passed","Sun Nov 03 00:54:23 GMT 2024","","SPACES","SPACES",""
"","2","ADD-REMOVE-MATCH-STRINGS.02","","Sun Nov 03 00:54:23 GMT 2024","passed","Sun Nov 03 00:54:23 GMT 2024","","SPACES","SPACES",""
"","63","CREATE-SERVER.04","","Sun Nov 03 01:54:58 GMT 2024","failed","Sun Nov 03 01:54:58 GMT 2024","","DISTRIBUTED-PROCESSING","DISTRIBUTED-PROCESSING",""
"","3","ADD-REMOVE-MATCH-S-STRINGS.01","","Sun Nov 03 00:54:23 GMT 2024","passed","Sun Nov 03 00:54:23 GMT 2024","","SPACES","SPACES",""
"","488","PARENT-GO-1.01","","Sun Nov 03 00:52:07 GMT 2024","passed","Sun Nov 03 00:52:07 GMT 2024","","CHAINING","CHAINING",""
"","64","STDLIB-METTALOG-TEST-PT2.23","","Sun Nov 03 00:56:29 GMT 2024","failed","Sun Nov 03 00:56:29 GMT 2024","","STDLIB-METTALOG","STDLIB-METTALOG",""
"","2","TYPE-PROP.26","","Sun Nov 03 01:13:11 GMT 2024","passed","Sun Nov 03 01:13:11 GMT 2024","","CHECK-TYPES-TEMP","CHECK-TYPES-TEMP",""
"","1","HYPERPOSE.09","","Sun Nov 03 00:42:53 GMT 2024","passed","Sun Nov 03 00:42:53 GMT 2024","","METTA-MORPH-TESTS","METTA-MORPH-TESTS",""
"","18","INF-CTL-MONTH-XP-SHORT-6.01","","Sun Nov 03 02:05:29 GMT 2024","failed","Sun Nov 03 02:05:29 GMT 2024","","COMPARISONS","COMPARISONS",""
"","2","ADD-REMOVE-MATCH-INTEGER.01","","Sun Nov 03 00:54:23 GMT 2024","passed","Sun Nov 03 00:54:23 GMT 2024","","SPACES","SPACES",""
"","2","C1-GROUNDED-BASIC.10","","Sun Nov 03 00:37:20 GMT 2024","passed","Sun Nov 03 00:37:20 GMT 2024","","HYPERON-EXPERIMENTAL-SCRIPTS","HYPERON-EXPERIMENTAL-SCRIPTS",""
"","4000","common.EqualityTypeTest","","Sun Nov 03 00:37:15 GMT 2024","passed","Sun Nov 03 00:37:19 GMT 2024","","WHOLE-TESTS","WHOLE-TESTS",""
"","3","LISTTEST.06","","Sun Nov 03 01:17:36 GMT 2024","passed","Sun Nov 03 01:17:36 GMT 2024","","COMMON","COMMON",""
"","2","01-LANG-INC.01","","Sun Nov 03 00:38:57 GMT 2024","passed","Sun Nov 03 00:38:57 GMT 2024","","HYPERON-METTALOG-SANITY","HYPERON-METTALOG-SANITY",""
"","4000","anti-regression.tmpMatch2","","Sun Nov 03 00:37:15 GMT 2024","passed","Sun Nov 03 00:37:19 GMT 2024","","WHOLE-TESTS","WHOLE-TESTS",""
"","3","HIGHER-ORDER-FUNCS.05","","Sun Nov 03 00:55:06 GMT 2024","passed","Sun Nov 03 00:55:06 GMT 2024","","STD","STD",""
"","2","C2-SPACES.03","","Sun Nov 03 00:37:10 GMT 2024","passed","Sun Nov 03 00:37:10 GMT 2024","","MODULE-SYSTEM","MODULE-SYSTEM",""
"","107","TYPES-PRELIM.08","","Sun Nov 03 00:52:07 GMT 2024","failed","Sun Nov 03 00:52:07 GMT 2024","","CHAINING","CHAINING",""
"","4000","synthesis.UnifyTest","","Sun Nov 03 00:37:15 GMT 2024","passed","Sun Nov 03 00:37:19 GMT 2024","","WHOLE-TESTS","WHOLE-TESTS",""
"","806","NATSIMPLETEST.05","","Sun Nov 03 01:20:22 GMT 2024","passed","Sun Nov 03 01:20:22 GMT 2024","","HOL","HOL",""
"","118","PROB-DEP-TYPES.05","","Sun Nov 03 01:05:14 GMT 2024","passed","Sun Nov 03 01:05:14 GMT 2024","","PROB-DEP-TYPES","PROB-DEP-TYPES",""
"","1","BACKWARD-CHAINER-XP.11","","Sun Nov 03 01:17:21 GMT 2024","passed","Sun Nov 03 01:17:21 GMT 2024","","BACKWARD-CHAINER","BACKWARD-CHAINER",""
"","14","KB-WRITE.01","","Sun Nov 03 00:55:06 GMT 2024","failed","Sun Nov 03 00:55:06 GMT 2024","","STD","STD",""
"","2","D4-TYPE-PROP.08","","Sun Nov 03 00:47:10 GMT 2024","passed","Sun Nov 03 00:47:10 GMT 2024","","QUICK","QUICK",""
"","2","TYPE-PROP.25","","Sun Nov 03 01:13:11 GMT 2024","passed","Sun Nov 03 01:13:11 GMT 2024","","CHECK-TYPES-TEMP","CHECK-TYPES-TEMP",""
"","2","F1-MODULEA.06","","Sun Nov 03 00:37:10 GMT 2024","passed","Sun Nov 03 00:37:10 GMT 2024","","MODULE-SYSTEM","MODULE-SYSTEM",""
"","2","ADD-REMOVE-MATCH-INTEGER.18","","Sun Nov 03 00:54:23 GMT 2024","passed","Sun Nov 03 00:54:23 GMT 2024","","SPACES","SPACES",""
"","40000","main-branch.tests3","","Sun Nov 03 00:37:15 GMT 2024","failed","Sun Nov 03 00:37:55 GMT 2024","","WHOLE-TESTS","WHOLE-TESTS",""
"","2","NONDETERM.03","","Sun Nov 03 00:55:06 GMT 2024","passed","Sun Nov 03 00:55:06 GMT 2024","","STD","STD",""
"","2","00A-LANG-COMPILED-CASE.10","","Sun Nov 03 01:49:09 GMT 2024","passed","Sun Nov 03 01:49:09 GMT 2024","","DIRECT-COMP","DIRECT-COMP",""
"","16","SPACE-INTERSECTION-TESTS.16","","Sun Nov 03 00:38:57 GMT 2024","failed","Sun Nov 03 00:38:57 GMT 2024","","HYPERON-METTALOG-SANITY","HYPERON-METTALOG-SANITY",""
"","2","QUERIES.05","","Sun Nov 03 01:09:46 GMT 2024","passed","Sun Nov 03 01:09:46 GMT 2024","","STRIPS-TO-METTA-IMPROVED","STRIPS-TO-METTA-IMPROVED",""
"","3","DEDUCTIONFORMULATEST.01","","Sun Nov 03 01:17:59 GMT 2024","passed","Sun Nov 03 01:17:59 GMT 2024","","FORMULA","FORMULA",""
"","40000","basic.coins","","Sun Nov 03 00:37:15 GMT 2024","failed","Sun Nov 03 00:37:55 GMT 2024","","WHOLE-TESTS","WHOLE-TESTS",""
"","2","IMPLICATIONDIRECTINTRODUCTIONENTAILTEST.06","","Sun Nov 03 01:19:47 GMT 2024","passed","Sun Nov 03 01:19:47 GMT 2024","","ENTAIL","ENTAIL",""
"","86","TYPE-PROP.53","","Sun Nov 03 01:13:11 GMT 2024","failed","Sun Nov 03 01:13:11 GMT 2024","","CHECK-TYPES-TEMP","CHECK-TYPES-TEMP",""
"","4000","std.kb_write","","Sun Nov 03 00:37:15 GMT 2024","passed","Sun Nov 03 00:37:19 GMT 2024","","WHOLE-TESTS","WHOLE-TESTS",""
"","6000","metta-morph_tests.nalifier","","Sun Nov 03 00:37:15 GMT 2024","passed","Sun Nov 03 00:37:21 GMT 2024","","WHOLE-TESTS","WHOLE-TESTS",""
"","3","UNIQUE-TEST.07","","Sun Nov 03 00:38:57 GMT 2024","passed","Sun Nov 03 00:38:57 GMT 2024","","HYPERON-METTALOG-SANITY","HYPERON-METTALOG-SANITY",""
"","370","APPEND-USING-EQUALITY.03","","Sun Nov 03 01:56:50 GMT 2024","failed","Sun Nov 03 01:56:50 GMT 2024","","MULTIDIRECTIONAL","MULTIDIRECTIONAL",""
"","2","TYPE-PROP.23","","Sun Nov 03 01:13:11 GMT 2024","passed","Sun Nov 03 01:13:11 GMT 2024","","CHECK-TYPES-TEMP","CHECK-TYPES-TEMP",""
"","106","UNWEIGHTED-PLLM.06","","Sun Nov 03 02:11:44 GMT 2024","failed","Sun Nov 03 02:11:44 GMT 2024","","LANGUAGE-MODELS","LANGUAGE-MODELS",""
"","1","D2-HIGHERFUNC.13","","Sun Nov 03 00:37:20 GMT 2024","passed","Sun Nov 03 00:37:20 GMT 2024","","HYPERON-EXPERIMENTAL-SCRIPTS","HYPERON-EXPERIMENTAL-SCRIPTS",""
"","2","CHAPTER-2-4.11","","Sun Nov 03 00:56:39 GMT 2024","passed","Sun Nov 03 00:56:39 GMT 2024","","SICP-BOOK","SICP-BOOK",""
"","6000","bidirectional_computation.fish-riddle","","Sun Nov 03 00:37:15 GMT 2024","passed","Sun Nov 03 00:37:21 GMT 2024","","WHOLE-TESTS","WHOLE-TESTS",""
"","2","DEDUCTIONFORMULATEST.02","","Sun Nov 03 01:17:59 GMT 2024","passed","Sun Nov 03 01:17:59 GMT 2024","","FORMULA","FORMULA",""
"","5000","entail.DeductionEntailTest","","Sun Nov 03 00:37:15 GMT 2024","passed","Sun Nov 03 00:37:20 GMT 2024","","WHOLE-TESTS","WHOLE-TESTS",""
"","2","STDLIB-METTALOG-TEST-PT2.19","","Sun Nov 03 00:56:29 GMT 2024","passed","Sun Nov 03 00:56:29 GMT 2024","","STDLIB-METTALOG","STDLIB-METTALOG",""
"","2","ADD-REMOVE-MATCH-SYMBOLS.09","","Sun Nov 03 00:54:23 GMT 2024","passed","Sun Nov 03 00:54:23 GMT 2024","","SPACES","SPACES",""
"","4000","transpiler.match_feval","","Sun Nov 03 00:37:15 GMT 2024","passed","Sun Nov 03 00:37:19 GMT 2024","","WHOLE-TESTS","WHOLE-TESTS",""
"","2","00-LANG-CASE.15","","Sun Nov 03 00:38:57 GMT 2024","passed","Sun Nov 03 00:38:57 GMT 2024","","HYPERON-METTALOG-SANITY","HYPERON-METTALOG-SANITY",""
"","5","UTILS-TEST.01","","Sun Nov 03 01:17:16 GMT 2024","passed","Sun Nov 03 01:17:16 GMT 2024","","UTILS","UTILS",""
"","3","INF-CTL-MONTH-BC-XP.01","","Sun Nov 03 01:21:32 GMT 2024","passed","Sun Nov 03 01:21:32 GMT 2024","","INFERENCE-CONTROL","INFERENCE-CONTROL",""
"","3","TEST-IF-CLOSED.07","","Sun Nov 03 01:50:35 GMT 2024","passed","Sun Nov 03 01:50:35 GMT 2024","","WALK-THRU","WALK-THRU",""
"","5","SEALED-TEST.09","","Sun Nov 03 00:38:57 GMT 2024","passed","Sun Nov 03 00:38:57 GMT 2024","","HYPERON-METTALOG-SANITY","HYPERON-METTALOG-SANITY",""
"","2","FORWARD-CHAINER-XP.26","","Sun Nov 03 01:20:07 GMT 2024","passed","Sun Nov 03 01:20:07 GMT 2024","","FORWARD-CHAINER","FORWARD-CHAINER",""
"","4000","debugging.hyperon_experimental_issue_516","","Sun Nov 03 00:37:15 GMT 2024","passed","Sun Nov 03 00:37:19 GMT 2024","","WHOLE-TESTS","WHOLE-TESTS",""
"","3","V2-PLN-XP-SYS-IMPL.01","","Sun Nov 03 00:52:07 GMT 2024","passed","Sun Nov 03 00:52:07 GMT 2024","","CHAINING","CHAINING",""
"","2","LET-SUPERPOSE-IF-CASE.01","","Sun Nov 03 00:42:53 GMT 2024","passed","Sun Nov 03 00:42:53 GMT 2024","","METTA-MORPH-TESTS","METTA-MORPH-TESTS",""
"","357","IBC-XP.15","","Sun Nov 03 01:23:34 GMT 2024","passed","Sun Nov 03 01:23:34 GMT 2024","","ITERATIVE-CHAINING","ITERATIVE-CHAINING",""
"","2","STDLIB-METTALOG-TEST-PT2.61","","Sun Nov 03 00:56:29 GMT 2024","passed","Sun Nov 03 00:56:29 GMT 2024","","STDLIB-METTALOG","STDLIB-METTALOG",""
"","3","INF-CTL-MONTH-XP.05","","Sun Nov 03 01:21:32 GMT 2024","passed","Sun Nov 03 01:21:32 GMT 2024","","INFERENCE-CONTROL","INFERENCE-CONTROL",""
"","2","PEANO.01","","Sun Nov 03 00:42:53 GMT 2024","passed","Sun Nov 03 00:42:53 GMT 2024","","METTA-MORPH-TESTS","METTA-MORPH-TESTS",""
"","189","IFC-XP.25","","Sun Nov 03 01:23:34 GMT 2024","failed","Sun Nov 03 01:23:34 GMT 2024","","ITERATIVE-CHAINING","ITERATIVE-CHAINING",""
"","5000","bidirectional_computation.send-more","","Sun Nov 03 00:37:15 GMT 2024","passed","Sun Nov 03 00:37:20 GMT 2024","","WHOLE-TESTS","WHOLE-TESTS",""
"","2","ADD-REMOVE-MATCH-MIX-FLOAT-INTEGER.21","","Sun Nov 03 00:54:23 GMT 2024","passed","Sun Nov 03 00:54:23 GMT 2024","","SPACES","SPACES",""
"","3","F1-MODULEA.10","","Sun Nov 03 00:37:20 GMT 2024","passed","Sun Nov 03 00:37:20 GMT 2024","","HYPERON-EXPERIMENTAL-SCRIPTS","HYPERON-EXPERIMENTAL-SCRIPTS",""
"","55","D5-AUTO-TYPES.03","","Sun Nov 03 00:37:20 GMT 2024","failed","Sun Nov 03 00:37:20 GMT 2024","","HYPERON-EXPERIMENTAL-SCRIPTS","HYPERON-EXPERIMENTAL-SCRIPTS",""
"","2","D2-HIGHERFUNC.06","","Sun Nov 03 00:37:20 GMT 2024","passed","Sun Nov 03 00:37:20 GMT 2024","","HYPERON-EXPERIMENTAL-SCRIPTS","HYPERON-EXPERIMENTAL-SCRIPTS",""
"","2","B5-TYPES-PRELIM.13","","Sun Nov 03 01:13:11 GMT 2024","passed","Sun Nov 03 01:13:11 GMT 2024","","CHECK-TYPES-TEMP","CHECK-TYPES-TEMP",""
"","2","TESTS0.02","","Sun Nov 03 01:45:13 GMT 2024","passed","Sun Nov 03 01:45:13 GMT 2024","","PREV","PREV",""
"","127","TRUTHVALUETEST.08","","Sun Nov 03 01:18:04 GMT 2024","passed","Sun Nov 03 01:18:04 GMT 2024","","TRUTHVALUE","TRUTHVALUE",""
"","70","V2-PLN-XP.01","","Sun Nov 03 00:52:07 GMT 2024","failed","Sun Nov 03 00:52:07 GMT 2024","","CHAINING","CHAINING",""
"","137","NON-DETERMINISM.02","","Sun Nov 03 01:28:09 GMT 2024","passed","Sun Nov 03 01:28:09 GMT 2024","","EXPERIMENTS","EXPERIMENTS",""
"","23","STDLIB-METTALOG-TEST-PT2.49","","Sun Nov 03 00:56:29 GMT 2024","failed","Sun Nov 03 00:56:29 GMT 2024","","STDLIB-METTALOG","STDLIB-METTALOG",""
"","4","NTE.01","","Sun Nov 03 01:03:17 GMT 2024","passed","Sun Nov 03 01:03:17 GMT 2024","","EDGES-TO-EDGES","EDGES-TO-EDGES",""
"","3","QUERIES.04","","Sun Nov 03 01:09:46 GMT 2024","passed","Sun Nov 03 01:09:46 GMT 2024","","STRIPS-TO-METTA-IMPROVED","STRIPS-TO-METTA-IMPROVED",""
"","3","INTERSECTION-TESTS.24","","Sun Nov 03 00:38:57 GMT 2024","passed","Sun Nov 03 00:38:57 GMT 2024","","HYPERON-METTALOG-SANITY","HYPERON-METTALOG-SANITY",""
"","2","EVIDENTIALTRUTHVALUETEST.03","","Sun Nov 03 01:18:04 GMT 2024","passed","Sun Nov 03 01:18:04 GMT 2024","","TRUTHVALUE","TRUTHVALUE",""
"","2","IS-SPACE.03","","Sun Nov 03 00:38:57 GMT 2024","passed","Sun Nov 03 00:38:57 GMT 2024","","HYPERON-METTALOG-SANITY","HYPERON-METTALOG-SANITY",""
"","1","D4-TYPE-PROP.14","","Sun Nov 03 00:47:10 GMT 2024","passed","Sun Nov 03 00:47:10 GMT 2024","","QUICK","QUICK",""
"","2","STDLIB-METTALOG-TEST-PT2.46","","Sun Nov 03 00:56:29 GMT 2024","passed","Sun Nov 03 00:56:29 GMT 2024","","STDLIB-METTALOG","STDLIB-METTALOG",""
"","2","TEST-INFER-FUNCTION-APPLICATION-TYPE.01","","Sun Nov 03 01:59:10 GMT 2024","passed","Sun Nov 03 01:59:10 GMT 2024","","BASIC","BASIC",""
"","3","BCHAIN-COMP.01","","Sun Nov 03 00:44:59 GMT 2024","passed","Sun Nov 03 00:44:59 GMT 2024","","ANTI-REGRESSION","ANTI-REGRESSION",""
"","2","BASE-TEST-REPR-PARSE-INTERSECTION.04","","Sun Nov 03 00:38:57 GMT 2024","passed","Sun Nov 03 00:38:57 GMT 2024","","HYPERON-METTALOG-SANITY","HYPERON-METTALOG-SANITY",""
"","4000","spaces.add-remove-match-ss-symbols","","Sun Nov 03 00:37:15 GMT 2024","passed","Sun Nov 03 00:37:19 GMT 2024","","WHOLE-TESTS","WHOLE-TESTS",""
"","95","ADD-REMOVE-MATCH-MIX-FLOAT-INTEGER.14","","Sun Nov 03 00:54:23 GMT 2024","passed","Sun Nov 03 00:54:23 GMT 2024","","SPACES","SPACES",""
"","61","C1-GROUNDED-BASIC.19","","Sun Nov 03 00:47:10 GMT 2024","passed","Sun Nov 03 00:47:10 GMT 2024","","QUICK","QUICK",""
"","255","SHOW-TYPE.15","","Sun Nov 03 00:54:10 GMT 2024","failed","Sun Nov 03 00:54:10 GMT 2024","","INTROSPECT","INTROSPECT",""
"","137","SHOW-TYPE.02","","Sun Nov 03 00:54:10 GMT 2024","failed","Sun Nov 03 00:54:10 GMT 2024","","INTROSPECT","INTROSPECT",""
"","3","TYPE-PROP.39","","Sun Nov 03 01:13:11 GMT 2024","passed","Sun Nov 03 01:13:11 GMT 2024","","CHECK-TYPES-TEMP","CHECK-TYPES-TEMP",""
"","2","F1-IMPORTS.19","","Sun Nov 03 00:47:10 GMT 2024","passed","Sun Nov 03 00:47:10 GMT 2024","","QUICK","QUICK",""
"","4","FC-XP.31","","Sun Nov 03 01:20:16 GMT 2024","passed","Sun Nov 03 01:20:16 GMT 2024","","FORWARD-CHAINING","FORWARD-CHAINING",""
"","2","STATES-SPACES.05","","Sun Nov 03 00:42:53 GMT 2024","passed","Sun Nov 03 00:42:53 GMT 2024","","METTA-MORPH-TESTS","METTA-MORPH-TESTS",""
"","1","HIGHER-ORDER-FUNCS.07","","Sun Nov 03 00:55:06 GMT 2024","passed","Sun Nov 03 00:55:06 GMT 2024","","STD","STD",""
"","2","D1-GADT.07","","Sun Nov 03 01:13:31 GMT 2024","passed","Sun Nov 03 01:13:31 GMT 2024","","CHECK-TYPES","CHECK-TYPES",""
"","2","UNIQUE-TEST.03","","Sun Nov 03 00:38:57 GMT 2024","passed","Sun Nov 03 00:38:57 GMT 2024","","HYPERON-METTALOG-SANITY","HYPERON-METTALOG-SANITY",""
"","2","TYPE-PROP.07","","Sun Nov 03 01:13:11 GMT 2024","passed","Sun Nov 03 01:13:11 GMT 2024","","CHECK-TYPES-TEMP","CHECK-TYPES-TEMP",""
"","114","NATTEST.03","","Sun Nov 03 01:20:22 GMT 2024","failed","Sun Nov 03 01:20:22 GMT 2024","","HOL","HOL",""
"","2","INTERSECTION-TESTS.09","","Sun Nov 03 00:38:57 GMT 2024","passed","Sun Nov 03 00:38:57 GMT 2024","","HYPERON-METTALOG-SANITY","HYPERON-METTALOG-SANITY",""
"","2","C1-GROUNDED-BASIC.22","","Sun Nov 03 00:37:20 GMT 2024","passed","Sun Nov 03 00:37:20 GMT 2024","","HYPERON-EXPERIMENTAL-SCRIPTS","HYPERON-EXPERIMENTAL-SCRIPTS",""
"","223","CREATION.03","","Sun Nov 03 01:10:27 GMT 2024","failed","Sun Nov 03 01:10:27 GMT 2024","","TRAVERSER","TRAVERSER",""
"","2","D2-HIGHERFUNC.16","","Sun Nov 03 00:47:10 GMT 2024","passed","Sun Nov 03 00:47:10 GMT 2024","","QUICK","QUICK",""
"","3","BACKWARD-CHAINER-XP.40","","Sun Nov 03 01:17:21 GMT 2024","passed","Sun Nov 03 01:17:21 GMT 2024","","BACKWARD-CHAINER","BACKWARD-CHAINER",""
"","3","D2-HIGHERFUNC.27","","Sun Nov 03 00:37:20 GMT 2024","passed","Sun Nov 03 00:37:20 GMT 2024","","HYPERON-EXPERIMENTAL-SCRIPTS","HYPERON-EXPERIMENTAL-SCRIPTS",""
"","2","TESTS1-PRE.01","","Sun Nov 03 00:47:37 GMT 2024","passed","Sun Nov 03 00:47:37 GMT 2024","","MAIN-BRANCH","MAIN-BRANCH",""
"","5000","chaining.pln_stv","","Sun Nov 03 00:37:15 GMT 2024","passed","Sun Nov 03 00:37:20 GMT 2024","","WHOLE-TESTS","WHOLE-TESTS",""
"","2","SYNTHESIZE-VIA-TYPE-CHECKING.04","","Sun Nov 03 01:28:09 GMT 2024","passed","Sun Nov 03 01:28:09 GMT 2024","","EXPERIMENTS","EXPERIMENTS",""
"","2","FC-XP.24","","Sun Nov 03 01:20:16 GMT 2024","passed","Sun Nov 03 01:20:16 GMT 2024","","FORWARD-CHAINING","FORWARD-CHAINING",""
"","2","D2-HIGHERFUNC.11","","Sun Nov 03 00:37:20 GMT 2024","passed","Sun Nov 03 00:37:20 GMT 2024","","HYPERON-EXPERIMENTAL-SCRIPTS","HYPERON-EXPERIMENTAL-SCRIPTS",""
"","2","BCHAIN-COMP.04","","Sun Nov 03 00:44:59 GMT 2024","passed","Sun Nov 03 00:44:59 GMT 2024","","ANTI-REGRESSION","ANTI-REGRESSION",""
"","3567","PROB-DEP-TYPES.15","","Sun Nov 03 01:05:14 GMT 2024","failed","Sun Nov 03 01:05:17 GMT 2024","","PROB-DEP-TYPES","PROB-DEP-TYPES",""
"","2","SEQUENTIAL-NESTED.05","","Sun Nov 03 00:42:53 GMT 2024","passed","Sun Nov 03 00:42:53 GMT 2024","","METTA-MORPH-TESTS","METTA-MORPH-TESTS",""
"","375","INF-CTL-XP.07","","Sun Nov 03 01:21:32 GMT 2024","passed","Sun Nov 03 01:21:32 GMT 2024","","INFERENCE-CONTROL","INFERENCE-CONTROL",""
"","2","F1-IMPORTS.16","","Sun Nov 03 00:37:20 GMT 2024","passed","Sun Nov 03 00:37:20 GMT 2024","","HYPERON-EXPERIMENTAL-SCRIPTS","HYPERON-EXPERIMENTAL-SCRIPTS",""
"","5000","located.located-test","","Sun Nov 03 00:37:15 GMT 2024","passed","Sun Nov 03 00:37:20 GMT 2024","","WHOLE-TESTS","WHOLE-TESTS",""
"","1","DEFINE-IF-LIKE.02","","Sun Nov 03 01:49:09 GMT 2024","passed","Sun Nov 03 01:49:09 GMT 2024","","DIRECT-COMP","DIRECT-COMP",""
"","20","INF-CTL-MONTH-XP.11","","Sun Nov 03 01:21:32 GMT 2024","failed","Sun Nov 03 01:21:32 GMT 2024","","INFERENCE-CONTROL","INFERENCE-CONTROL",""
"","5","ADD-REMOVE-MATCH-MIX-FLOAT-INTEGER.29","","Sun Nov 03 00:54:23 GMT 2024","passed","Sun Nov 03 00:54:23 GMT 2024","","SPACES","SPACES",""
"","47","STRUCTURE-TESTS.01","","Sun Nov 03 00:38:57 GMT 2024","passed","Sun Nov 03 00:38:57 GMT 2024","","HYPERON-METTALOG-SANITY","HYPERON-METTALOG-SANITY",""
"","4000","basic.test_list_concatenation","","Sun Nov 03 00:37:15 GMT 2024","passed","Sun Nov 03 00:37:19 GMT 2024","","WHOLE-TESTS","WHOLE-TESTS",""
"","2","BACKWARD-CHAINER-XP.19","","Sun Nov 03 01:17:21 GMT 2024","passed","Sun Nov 03 01:17:21 GMT 2024","","BACKWARD-CHAINER","BACKWARD-CHAINER",""
"","3","TYPE-PROP.01","","Sun Nov 03 00:52:07 GMT 2024","passed","Sun Nov 03 00:52:07 GMT 2024","","CHAINING","CHAINING",""
"","41000","fizzbuzz.constructive","","Sun Nov 03 00:37:15 GMT 2024","failed","Sun Nov 03 00:37:56 GMT 2024","","WHOLE-TESTS","WHOLE-TESTS",""
"","47","PC-XP.01","","Sun Nov 03 01:26:17 GMT 2024","failed","Sun Nov 03 01:26:17 GMT 2024","","POLYWARD-CHAINING","POLYWARD-CHAINING",""
"","45000","bio-atomspace.pln-xp","","Sun Nov 03 00:37:15 GMT 2024","failed","Sun Nov 03 00:38:00 GMT 2024","","WHOLE-TESTS","WHOLE-TESTS",""
"","2","NATPARITYTEST.13","","Sun Nov 03 01:20:22 GMT 2024","passed","Sun Nov 03 01:20:22 GMT 2024","","HOL","HOL",""
"","104","STATE-TYPES.02","","Sun Nov 03 01:59:10 GMT 2024","failed","Sun Nov 03 01:59:10 GMT 2024","","BASIC","BASIC",""
"","5000","metta-morph_tests.hyperpose","","Sun Nov 03 00:37:15 GMT 2024","passed","Sun Nov 03 00:37:20 GMT 2024","","WHOLE-TESTS","WHOLE-TESTS",""
"","3","BC-XP.19","","Sun Nov 03 01:17:27 GMT 2024","passed","Sun Nov 03 01:17:27 GMT 2024","","BACKWARD-CHAINING","BACKWARD-CHAINING",""
"","2","BCHAIN.05","","Sun Nov 03 01:50:35 GMT 2024","passed","Sun Nov 03 01:50:35 GMT 2024","","WALK-THRU","WALK-THRU",""
"","2","E2-STATES.05","","Sun Nov 03 01:13:31 GMT 2024","passed","Sun Nov 03 01:13:31 GMT 2024","","CHECK-TYPES","CHECK-TYPES",""
"","1699","TESTS5.03","","Sun Nov 03 00:47:37 GMT 2024","failed","Sun Nov 03 00:47:38 GMT 2024","","MAIN-BRANCH","MAIN-BRANCH",""
"","2","TMPMATCH1.02","","Sun Nov 03 00:44:59 GMT 2024","passed","Sun Nov 03 00:44:59 GMT 2024","","ANTI-REGRESSION","ANTI-REGRESSION",""
"","2","XOR-TEST.05","","Sun Nov 03 00:38:57 GMT 2024","passed","Sun Nov 03 00:38:57 GMT 2024","","HYPERON-METTALOG-SANITY","HYPERON-METTALOG-SANITY",""
"","3","ADD-REMOVE-MATCH-SS-SYMBOLS.01","","Sun Nov 03 00:54:23 GMT 2024","passed","Sun Nov 03 00:54:23 GMT 2024","","SPACES","SPACES",""
"","2","TMPMATCH1.04","","Sun Nov 03 01:50:35 GMT 2024","passed","Sun Nov 03 01:50:35 GMT 2024","","WALK-THRU","WALK-THRU",""
"","2","BASIC.12","","Sun Nov 03 01:10:27 GMT 2024","passed","Sun Nov 03 01:10:27 GMT 2024","","TRAVERSER","TRAVERSER",""
"","4","UTILS-TEST.02","","Sun Nov 03 01:17:16 GMT 2024","passed","Sun Nov 03 01:17:16 GMT 2024","","UTILS","UTILS",""
"","3","D2-HIGHERFUNC.26","","Sun Nov 03 00:37:20 GMT 2024","passed","Sun Nov 03 00:37:20 GMT 2024","","HYPERON-EXPERIMENTAL-SCRIPTS","HYPERON-EXPERIMENTAL-SCRIPTS",""
"","2","INF-CTL-MONTH-XP-SHORT-3.10","","Sun Nov 03 02:05:29 GMT 2024","passed","Sun Nov 03 02:05:29 GMT 2024","","COMPARISONS","COMPARISONS",""
"","4000","basic.key-lookups-many","","Sun Nov 03 00:37:15 GMT 2024","passed","Sun Nov 03 00:37:19 GMT 2024","","WHOLE-TESTS","WHOLE-TESTS",""
"","4","FIRST-ANSWER.02","","Sun Nov 03 00:38:57 GMT 2024","passed","Sun Nov 03 00:38:57 GMT 2024","","HYPERON-METTALOG-SANITY","HYPERON-METTALOG-SANITY",""
"","1","PROB-DEP-TYPES.04","","Sun Nov 03 01:05:14 GMT 2024","passed","Sun Nov 03 01:05:14 GMT 2024","","PROB-DEP-TYPES","PROB-DEP-TYPES",""
"","2","ADD-REMOVE-MATCH-SYMBOLS.15","","Sun Nov 03 00:54:23 GMT 2024","passed","Sun Nov 03 00:54:23 GMT 2024","","SPACES","SPACES",""
"","5000","experiments.unify-via-case","","Sun Nov 03 00:37:15 GMT 2024","passed","Sun Nov 03 00:37:20 GMT 2024","","WHOLE-TESTS","WHOLE-TESTS",""
"","1956","TESTS3.04","","Sun Nov 03 00:47:37 GMT 2024","failed","Sun Nov 03 00:47:38 GMT 2024","","MAIN-BRANCH","MAIN-BRANCH",""
"","4000","std.gadt","","Sun Nov 03 00:37:15 GMT 2024","passed","Sun Nov 03 00:37:19 GMT 2024","","WHOLE-TESTS","WHOLE-TESTS",""
"","2","DEBUG-METTALOGTESTCURRIED.03","","Sun Nov 03 01:50:35 GMT 2024","passed","Sun Nov 03 01:50:35 GMT 2024","","WALK-THRU","WALK-THRU",""
"","2","STATES-SPACES.03","","Sun Nov 03 00:42:53 GMT 2024","passed","Sun Nov 03 00:42:53 GMT 2024","","METTA-MORPH-TESTS","METTA-MORPH-TESTS",""
"","25","STDLIB-METTALOG-TEST-PT2.26","","Sun Nov 03 00:56:29 GMT 2024","failed","Sun Nov 03 00:56:29 GMT 2024","","STDLIB-METTALOG","STDLIB-METTALOG",""
"","45000","walk_thru.bc_comp","","Sun Nov 03 00:37:15 GMT 2024","failed","Sun Nov 03 00:38:00 GMT 2024","","WHOLE-TESTS","WHOLE-TESTS",""
"","2","KEY-LOOKUPS-MANY.02","","Sun Nov 03 01:59:10 GMT 2024","passed","Sun Nov 03 01:59:10 GMT 2024","","BASIC","BASIC",""
"","2","CHAPTER-1-1.06","","Sun Nov 03 00:56:39 GMT 2024","passed","Sun Nov 03 00:56:39 GMT 2024","","SICP-BOOK","SICP-BOOK",""
"","2","ADD-REMOVE-MATCH-MIX-FLOAT-INTEGER.02","","Sun Nov 03 00:54:23 GMT 2024","passed","Sun Nov 03 00:54:23 GMT 2024","","SPACES","SPACES",""
"","46000","current.tests3","","Sun Nov 03 00:37:15 GMT 2024","failed","Sun Nov 03 00:38:01 GMT 2024","","WHOLE-TESTS","WHOLE-TESTS",""
"","40000","SICP_book.chapter_2_2","","Sun Nov 03 00:37:15 GMT 2024","failed","Sun Nov 03 00:37:55 GMT 2024","","WHOLE-TESTS","WHOLE-TESTS",""
"","2","CURRIED-CHAINER.02","","Sun Nov 03 01:18:13 GMT 2024","passed","Sun Nov 03 01:18:13 GMT 2024","","CURRIED-CHAINING","CURRIED-CHAINING",""
"","2","DEDUCTIONFORMULATEST.05","","Sun Nov 03 01:17:59 GMT 2024","passed","Sun Nov 03 01:17:59 GMT 2024","","FORMULA","FORMULA",""
"","40000","experiments.synthesize-via-case-test","","Sun Nov 03 00:37:15 GMT 2024","failed","Sun Nov 03 00:37:55 GMT 2024","","WHOLE-TESTS","WHOLE-TESTS",""
"","2","ADD-REMOVE-MATCH-S-SYMBOLS.15","","Sun Nov 03 00:54:23 GMT 2024","passed","Sun Nov 03 00:54:23 GMT 2024","","SPACES","SPACES",""
"","2","IFC-XP.28","","Sun Nov 03 01:23:34 GMT 2024","passed","Sun Nov 03 01:23:34 GMT 2024","","ITERATIVE-CHAINING","ITERATIVE-CHAINING",""
"","2","GROUNDED-BASIC.02","","Sun Nov 03 00:55:06 GMT 2024","passed","Sun Nov 03 00:55:06 GMT 2024","","STD","STD",""
"","2","TYPE-PROP.14","","Sun Nov 03 01:13:11 GMT 2024","passed","Sun Nov 03 01:13:11 GMT 2024","","CHECK-TYPES-TEMP","CHECK-TYPES-TEMP",""
"","2","XOR-TEST.01","","Sun Nov 03 00:38:57 GMT 2024","passed","Sun Nov 03 00:38:57 GMT 2024","","HYPERON-METTALOG-SANITY","HYPERON-METTALOG-SANITY",""
"","2","METTALOGTESTCURRIED2.04","","Sun Nov 03 01:50:35 GMT 2024","passed","Sun Nov 03 01:50:35 GMT 2024","","WALK-THRU","WALK-THRU",""
"","2","ADD-REMOVE-MATCH-S-SYMBOLS.01","","Sun Nov 03 00:54:23 GMT 2024","passed","Sun Nov 03 00:54:23 GMT 2024","","SPACES","SPACES",""
"","40000","subtyping.subtyping-test","","Sun Nov 03 00:37:15 GMT 2024","failed","Sun Nov 03 00:37:55 GMT 2024","","WHOLE-TESTS","WHOLE-TESTS",""
"","87","D5-AUTO-TYPES.06","","Sun Nov 03 00:37:20 GMT 2024","failed","Sun Nov 03 00:37:20 GMT 2024","","HYPERON-EXPERIMENTAL-SCRIPTS","HYPERON-EXPERIMENTAL-SCRIPTS",""
"","49","INF-CTL-MONTH-BC-CONT-XP.21","","Sun Nov 03 01:21:32 GMT 2024","failed","Sun Nov 03 01:21:32 GMT 2024","","INFERENCE-CONTROL","INFERENCE-CONTROL",""
"","13","D2-HIGHERFUNC.21","","Sun Nov 03 00:47:10 GMT 2024","passed","Sun Nov 03 00:47:10 GMT 2024","","QUICK","QUICK",""
"","2","F1-IMPORTS.06","","Sun Nov 03 00:47:10 GMT 2024","passed","Sun Nov 03 00:47:10 GMT 2024","","QUICK","QUICK",""
"","549","BC-XP.06","","Sun Nov 03 00:52:07 GMT 2024","failed","Sun Nov 03 00:52:07 GMT 2024","","CHAINING","CHAINING",""
"","14","TEST-INFER-FUNCTION-APPLICATION-TYPE.12","","Sun Nov 03 01:59:10 GMT 2024","failed","Sun Nov 03 01:59:10 GMT 2024","","BASIC","BASIC",""
"","3","DEDUCTIONDTLTEST.02","","Sun Nov 03 01:16:13 GMT 2024","passed","Sun Nov 03 01:16:13 GMT 2024","","DEPENDENT-TYPES","DEPENDENT-TYPES",""
"","5000","anti-regression.bchain","","Sun Nov 03 00:37:15 GMT 2024","passed","Sun Nov 03 00:37:20 GMT 2024","","WHOLE-TESTS","WHOLE-TESTS",""
"","4","NUMTEST.02","","Sun Nov 03 01:17:36 GMT 2024","passed","Sun Nov 03 01:17:36 GMT 2024","","COMMON","COMMON",""
"","4000","game_of_clue.game_of_clue","","Sun Nov 03 00:37:15 GMT 2024","passed","Sun Nov 03 00:37:19 GMT 2024","","WHOLE-TESTS","WHOLE-TESTS",""
"","2","INTERSECTION-TESTS.15","","Sun Nov 03 00:38:57 GMT 2024","passed","Sun Nov 03 00:38:57 GMT 2024","","HYPERON-METTALOG-SANITY","HYPERON-METTALOG-SANITY",""
"","3","STDLIB-METTALOG-TEST-PT2.65","","Sun Nov 03 00:56:29 GMT 2024","passed","Sun Nov 03 00:56:29 GMT 2024","","STDLIB-METTALOG","STDLIB-METTALOG",""
"","4000","anti-regression.mettalogTestCurried2","","Sun Nov 03 00:37:15 GMT 2024","passed","Sun Nov 03 00:37:19 GMT 2024","","WHOLE-TESTS","WHOLE-TESTS",""
"","2","ADD-REMOVE-MATCH-FLOAT.02","","Sun Nov 03 00:54:23 GMT 2024","passed","Sun Nov 03 00:54:23 GMT 2024","","SPACES","SPACES",""
"","3","BASIC.09","","Sun Nov 03 01:10:27 GMT 2024","passed","Sun Nov 03 01:10:27 GMT 2024","","TRAVERSER","TRAVERSER",""
"","2","ADD-REMOVE-MATCH-S-SYMBOLS.03","","Sun Nov 03 00:54:23 GMT 2024","passed","Sun Nov 03 00:54:23 GMT 2024","","SPACES","SPACES",""
"","14","E3-MATCH-STATES.06","","Sun Nov 03 00:37:20 GMT 2024","failed","Sun Nov 03 00:37:20 GMT 2024","","HYPERON-EXPERIMENTAL-SCRIPTS","HYPERON-EXPERIMENTAL-SCRIPTS",""
"","184","APPEND-USING-EQUALITY.01","","Sun Nov 03 01:56:50 GMT 2024","failed","Sun Nov 03 01:56:50 GMT 2024","","MULTIDIRECTIONAL","MULTIDIRECTIONAL",""
"","7","SPACE-INTERSECTION-TESTS.03","","Sun Nov 03 00:38:57 GMT 2024","passed","Sun Nov 03 00:38:57 GMT 2024","","HYPERON-METTALOG-SANITY","HYPERON-METTALOG-SANITY",""
"","2","ADD-REMOVE-MATCH-INTEGER.41","","Sun Nov 03 00:54:23 GMT 2024","passed","Sun Nov 03 00:54:23 GMT 2024","","SPACES","SPACES",""
"","591","APPEND.03","","Sun Nov 03 01:56:50 GMT 2024","passed","Sun Nov 03 01:56:50 GMT 2024","","MULTIDIRECTIONAL","MULTIDIRECTIONAL",""
"","2","ADD-REMOVE-MATCH-SS-STRINGS.09","","Sun Nov 03 00:54:23 GMT 2024","passed","Sun Nov 03 00:54:23 GMT 2024","","SPACES","SPACES",""
"","2","IBC-XP.20","","Sun Nov 03 01:23:34 GMT 2024","passed","Sun Nov 03 01:23:34 GMT 2024","","ITERATIVE-CHAINING","ITERATIVE-CHAINING",""
"","2","D1-GADT.08","","Sun Nov 03 01:13:31 GMT 2024","passed","Sun Nov 03 01:13:31 GMT 2024","","CHECK-TYPES","CHECK-TYPES",""
"","2","SYNTHESIZE-VIA-TYPE-CHECKING.06","","Sun Nov 03 01:28:09 GMT 2024","passed","Sun Nov 03 01:28:09 GMT 2024","","EXPERIMENTS","EXPERIMENTS",""
"","3","INF-CTL-XP.04","","Sun Nov 03 01:21:32 GMT 2024","passed","Sun Nov 03 01:21:32 GMT 2024","","INFERENCE-CONTROL","INFERENCE-CONTROL",""
"","2","STATE-TYPES.16","","Sun Nov 03 01:59:10 GMT 2024","passed","Sun Nov 03 01:59:10 GMT 2024","","BASIC","BASIC",""
"","5000","check_types.d1_gadt","","Sun Nov 03 00:37:15 GMT 2024","passed","Sun Nov 03 00:37:20 GMT 2024","","WHOLE-TESTS","WHOLE-TESTS",""
"","2","LTE.05","","Sun Nov 03 00:55:06 GMT 2024","passed","Sun Nov 03 00:55:06 GMT 2024","","STD","STD",""
"","1","D4-TYPE-PROP.07","","Sun Nov 03 00:37:20 GMT 2024","passed","Sun Nov 03 00:37:20 GMT 2024","","HYPERON-EXPERIMENTAL-SCRIPTS","HYPERON-EXPERIMENTAL-SCRIPTS",""
"","2","D4-TYPE-PROP.17","","Sun Nov 03 00:47:10 GMT 2024","passed","Sun Nov 03 00:47:10 GMT 2024","","QUICK","QUICK",""
"","2","ADD-REMOVE-MATCH-INTEGER.43","","Sun Nov 03 00:54:23 GMT 2024","passed","Sun Nov 03 00:54:23 GMT 2024","","SPACES","SPACES",""
"","43000","synthesis.SynthesizeTest","","Sun Nov 03 00:37:15 GMT 2024","failed","Sun Nov 03 00:37:58 GMT 2024","","WHOLE-TESTS","WHOLE-TESTS",""
"","2","SYNTHESIZE-VIA-TYPE-CHECKING.07","","Sun Nov 03 01:28:09 GMT 2024","passed","Sun Nov 03 01:28:09 GMT 2024","","EXPERIMENTS","EXPERIMENTS",""
"","3","D2-HIGHERFUNC.09","","Sun Nov 03 01:13:31 GMT 2024","passed","Sun Nov 03 01:13:31 GMT 2024","","CHECK-TYPES","CHECK-TYPES",""
"","44","IMPLICATIONDIRECTINTRODUCTIONDTLTEST.09","","Sun Nov 03 01:16:13 GMT 2024","failed","Sun Nov 03 01:16:13 GMT 2024","","DEPENDENT-TYPES","DEPENDENT-TYPES",""
"","4000","chaining.backward_chain","","Sun Nov 03 00:37:15 GMT 2024","passed","Sun Nov 03 00:37:19 GMT 2024","","WHOLE-TESTS","WHOLE-TESTS",""
"","2","UNIFY-VIA-CASE.06","","Sun Nov 03 01:28:09 GMT 2024","passed","Sun Nov 03 01:28:09 GMT 2024","","EXPERIMENTS","EXPERIMENTS",""
"","2","TESTS0.02","","Sun Nov 03 01:37:25 GMT 2024","passed","Sun Nov 03 01:37:25 GMT 2024","","NARS-V0","NARS-V0",""
"","3","BC-XP.23","","Sun Nov 03 01:17:27 GMT 2024","passed","Sun Nov 03 01:17:27 GMT 2024","","BACKWARD-CHAINING","BACKWARD-CHAINING",""
"","1","HYPERPOSE.08","","Sun Nov 03 00:42:53 GMT 2024","passed","Sun Nov 03 00:42:53 GMT 2024","","METTA-MORPH-TESTS","METTA-MORPH-TESTS",""
"","2","03-SORING-VIA-INSERT.04","","Sun Nov 03 00:38:57 GMT 2024","passed","Sun Nov 03 00:38:57 GMT 2024","","HYPERON-METTALOG-SANITY","HYPERON-METTALOG-SANITY",""
"","2","BACKWARD-CHAINER-XP.12","","Sun Nov 03 01:17:21 GMT 2024","passed","Sun Nov 03 01:17:21 GMT 2024","","BACKWARD-CHAINER","BACKWARD-CHAINER",""
"","2","ADD-REMOVE-MATCH-SYMBOLS.11","","Sun Nov 03 00:54:23 GMT 2024","passed","Sun Nov 03 00:54:23 GMT 2024","","SPACES","SPACES",""
"","117","TYPE-PROP.73","","Sun Nov 03 01:13:11 GMT 2024","failed","Sun Nov 03 01:13:11 GMT 2024","","CHECK-TYPES-TEMP","CHECK-TYPES-TEMP",""
"","3","E2-STATES.12","","Sun Nov 03 01:13:31 GMT 2024","passed","Sun Nov 03 01:13:31 GMT 2024","","CHECK-TYPES","CHECK-TYPES",""
"","2","STDLIB-METTALOG-TEST-PT2.30","","Sun Nov 03 00:56:29 GMT 2024","passed","Sun Nov 03 00:56:29 GMT 2024","","STDLIB-METTALOG","STDLIB-METTALOG",""
"","154","STDLIB-METTALOG-TEST-PT2.21","","Sun Nov 03 00:56:29 GMT 2024","failed","Sun Nov 03 00:56:29 GMT 2024","","STDLIB-METTALOG","STDLIB-METTALOG",""
"","92","INTERSECTION-TESTS.28","","Sun Nov 03 00:38:57 GMT 2024","failed","Sun Nov 03 00:38:57 GMT 2024","","HYPERON-METTALOG-SANITY","HYPERON-METTALOG-SANITY",""
"","2","C1-GROUNDED-BASIC.16","","Sun Nov 03 00:37:20 GMT 2024","passed","Sun Nov 03 00:37:20 GMT 2024","","HYPERON-EXPERIMENTAL-SCRIPTS","HYPERON-EXPERIMENTAL-SCRIPTS",""
"","2","ADD-ATOM-NAIVE-FIB.01","","Sun Nov 03 02:05:29 GMT 2024","passed","Sun Nov 03 02:05:29 GMT 2024","","COMPARISONS","COMPARISONS",""
"","52","TYPE-PROP.55","","Sun Nov 03 01:13:11 GMT 2024","failed","Sun Nov 03 01:13:11 GMT 2024","","CHECK-TYPES-TEMP","CHECK-TYPES-TEMP",""
"","63","D5-AUTO-TYPES.01","","Sun Nov 03 01:13:31 GMT 2024","failed","Sun Nov 03 01:13:31 GMT 2024","","CHECK-TYPES","CHECK-TYPES",""
"","5000","module-system.f1_imports","","Sun Nov 03 00:37:15 GMT 2024","passed","Sun Nov 03 00:37:20 GMT 2024","","WHOLE-TESTS","WHOLE-TESTS",""
"","3","NILS-IF-CONTROL-TEST-3.01","","Sun Nov 03 02:05:29 GMT 2024","passed","Sun Nov 03 02:05:29 GMT 2024","","COMPARISONS","COMPARISONS",""
"","2","B5-TYPES-PRELIM.10","","Sun Nov 03 00:37:20 GMT 2024","passed","Sun Nov 03 00:37:20 GMT 2024","","HYPERON-EXPERIMENTAL-SCRIPTS","HYPERON-EXPERIMENTAL-SCRIPTS",""
"","2","BC-XP.09","","Sun Nov 03 01:17:27 GMT 2024","passed","Sun Nov 03 01:17:27 GMT 2024","","BACKWARD-CHAINING","BACKWARD-CHAINING",""
"","5000","hyperon-mettalog_sanity.02-curried-plus","","Sun Nov 03 00:37:15 GMT 2024","passed","Sun Nov 03 00:37:20 GMT 2024","","WHOLE-TESTS","WHOLE-TESTS",""
"","8000","iterative-chaining.ibc-xp","","Sun Nov 03 00:37:15 GMT 2024","passed","Sun Nov 03 00:37:23 GMT 2024","","WHOLE-TESTS","WHOLE-TESTS",""
"","62","TESTS1.01","","Sun Nov 03 01:37:25 GMT 2024","failed","Sun Nov 03 01:37:25 GMT 2024","","NARS-V0","NARS-V0",""
"","35","CHAPTER-2-2.08","","Sun Nov 03 00:56:39 GMT 2024","failed","Sun Nov 03 00:56:39 GMT 2024","","SICP-BOOK","SICP-BOOK",""
"","2","CHAPTER-1-1.08","","Sun Nov 03 00:56:39 GMT 2024","passed","Sun Nov 03 00:56:39 GMT 2024","","SICP-BOOK","SICP-BOOK",""
"","4000","hol.NatDTLTest","","Sun Nov 03 00:37:15 GMT 2024","passed","Sun Nov 03 00:37:19 GMT 2024","","WHOLE-TESTS","WHOLE-TESTS",""
"","2","C2-SPACES.01","","Sun Nov 03 00:37:10 GMT 2024","passed","Sun Nov 03 00:37:10 GMT 2024","","MODULE-SYSTEM","MODULE-SYSTEM",""
"","1039","TESTS2.03","","Sun Nov 03 00:47:37 GMT 2024","failed","Sun Nov 03 00:47:38 GMT 2024","","MAIN-BRANCH","MAIN-BRANCH",""
"","3","UNIFY-VIA-CASE.01","","Sun Nov 03 01:28:09 GMT 2024","passed","Sun Nov 03 01:28:09 GMT 2024","","EXPERIMENTS","EXPERIMENTS",""
"","2","METTALOGTESTCURRIED2.06","","Sun Nov 03 00:44:59 GMT 2024","passed","Sun Nov 03 00:44:59 GMT 2024","","ANTI-REGRESSION","ANTI-REGRESSION",""
"","4000","hyperon-mettalog_sanity.01_lang_inc","","Sun Nov 03 00:37:15 GMT 2024","passed","Sun Nov 03 00:37:19 GMT 2024","","WHOLE-TESTS","WHOLE-TESTS",""
"","642","TESTS0.07","","Sun Nov 03 00:42:53 GMT 2024","passed","Sun Nov 03 00:42:53 GMT 2024","","METTA-MORPH-TESTS","METTA-MORPH-TESTS",""
"","70","E2-STATES.07","","Sun Nov 03 01:13:31 GMT 2024","failed","Sun Nov 03 01:13:31 GMT 2024","","CHECK-TYPES","CHECK-TYPES",""
"","2","IFC-XP.15","","Sun Nov 03 01:23:34 GMT 2024","passed","Sun Nov 03 01:23:34 GMT 2024","","ITERATIVE-CHAINING","ITERATIVE-CHAINING",""
"","2","BACKWARD-CHAINER-XP.04","","Sun Nov 03 01:17:21 GMT 2024","passed","Sun Nov 03 01:17:21 GMT 2024","","BACKWARD-CHAINER","BACKWARD-CHAINER",""
"","2","SUPERPOSE-NESTED.02","","Sun Nov 03 00:42:53 GMT 2024","passed","Sun Nov 03 00:42:53 GMT 2024","","METTA-MORPH-TESTS","METTA-MORPH-TESTS",""
"","2","ADD-REMOVE-MATCH-INTEGER.35","","Sun Nov 03 00:54:23 GMT 2024","passed","Sun Nov 03 00:54:23 GMT 2024","","SPACES","SPACES",""
"","558","INF-CTL-MONTH-XP.04","","Sun Nov 03 01:21:32 GMT 2024","passed","Sun Nov 03 01:21:32 GMT 2024","","INFERENCE-CONTROL","INFERENCE-CONTROL",""
"","5000","hyperon-mettalog_sanity.unique_test","","Sun Nov 03 00:37:15 GMT 2024","passed","Sun Nov 03 00:37:20 GMT 2024","","WHOLE-TESTS","WHOLE-TESTS",""
"","4000","logic.memb","","Sun Nov 03 00:37:15 GMT 2024","passed","Sun Nov 03 00:37:19 GMT 2024","","WHOLE-TESTS","WHOLE-TESTS",""
"","18","INF-CTL-XP.11","","Sun Nov 03 01:21:32 GMT 2024","failed","Sun Nov 03 01:21:32 GMT 2024","","INFERENCE-CONTROL","INFERENCE-CONTROL",""
"","5000","common.NumTest","","Sun Nov 03 00:37:15 GMT 2024","passed","Sun Nov 03 00:37:20 GMT 2024","","WHOLE-TESTS","WHOLE-TESTS",""
"","14","D1-GADT.04","","Sun Nov 03 00:37:20 GMT 2024","passed","Sun Nov 03 00:37:20 GMT 2024","","HYPERON-EXPERIMENTAL-SCRIPTS","HYPERON-EXPERIMENTAL-SCRIPTS",""
"","2","ADD-REMOVE-MATCH-STRINGS.04","","Sun Nov 03 00:54:23 GMT 2024","passed","Sun Nov 03 00:54:23 GMT 2024","","SPACES","SPACES",""
"","2","OR-TEST.04","","Sun Nov 03 00:38:57 GMT 2024","passed","Sun Nov 03 00:38:57 GMT 2024","","HYPERON-METTALOG-SANITY","HYPERON-METTALOG-SANITY",""
"","43000","synth_buffer.time_synthesize","","Sun Nov 03 00:37:15 GMT 2024","failed","Sun Nov 03 00:37:58 GMT 2024","","WHOLE-TESTS","WHOLE-TESTS",""
"","2","B5-TYPES-PRELIM.20","","Sun Nov 03 00:37:20 GMT 2024","passed","Sun Nov 03 00:37:20 GMT 2024","","HYPERON-EXPERIMENTAL-SCRIPTS","HYPERON-EXPERIMENTAL-SCRIPTS",""
"","40000","hol.NatSimpleTest","","Sun Nov 03 00:37:15 GMT 2024","passed","Sun Nov 03 00:37:55 GMT 2024","","WHOLE-TESTS","WHOLE-TESTS",""
"","5000","metta-morph_tests.match_superposed_spaces","","Sun Nov 03 00:37:15 GMT 2024","passed","Sun Nov 03 00:37:20 GMT 2024","","WHOLE-TESTS","WHOLE-TESTS",""
"","42000","basic.pathfinding-hard","","Sun Nov 03 00:37:15 GMT 2024","failed","Sun Nov 03 00:37:57 GMT 2024","","WHOLE-TESTS","WHOLE-TESTS",""
"","6","GENE-PLN-XP.01","","Sun Nov 03 01:12:58 GMT 2024","passed","Sun Nov 03 01:12:58 GMT 2024","","PLN","PLN",""
"","2","INTERSECTION-TESTS.25","","Sun Nov 03 00:38:57 GMT 2024","passed","Sun Nov 03 00:38:57 GMT 2024","","HYPERON-METTALOG-SANITY","HYPERON-METTALOG-SANITY",""
"","2","DEDUCTIONFORMULATEST.06","","Sun Nov 03 01:17:59 GMT 2024","passed","Sun Nov 03 01:17:59 GMT 2024","","FORMULA","FORMULA",""
"","2","NATPARITYTEST.08","","Sun Nov 03 01:20:22 GMT 2024","passed","Sun Nov 03 01:20:22 GMT 2024","","HOL","HOL",""
"","2","B5-TYPES-PRELIM.26","","Sun Nov 03 01:13:11 GMT 2024","passed","Sun Nov 03 01:13:11 GMT 2024","","CHECK-TYPES-TEMP","CHECK-TYPES-TEMP",""
"","1","SEQUENTIAL-NESTED.10","","Sun Nov 03 00:42:53 GMT 2024","passed","Sun Nov 03 00:42:53 GMT 2024","","METTA-MORPH-TESTS","METTA-MORPH-TESTS",""
"","2","TYPE-PROP.61","","Sun Nov 03 01:13:11 GMT 2024","passed","Sun Nov 03 01:13:11 GMT 2024","","CHECK-TYPES-TEMP","CHECK-TYPES-TEMP",""
"","2","TESTS0.05","","Sun Nov 03 01:32:21 GMT 2024","passed","Sun Nov 03 01:32:21 GMT 2024","","CURRENT","CURRENT",""
"","2","UNIFY-VIA-CASE.03","","Sun Nov 03 01:28:09 GMT 2024","passed","Sun Nov 03 01:28:09 GMT 2024","","EXPERIMENTS","EXPERIMENTS",""
"","2","NATSTANDALONETEST.09","","Sun Nov 03 01:20:22 GMT 2024","passed","Sun Nov 03 01:20:22 GMT 2024","","HOL","HOL",""
"","2","LISTTEST.07","","Sun Nov 03 01:17:36 GMT 2024","passed","Sun Nov 03 01:17:36 GMT 2024","","COMMON","COMMON",""
"","40000","parallelism.builtins","","Sun Nov 03 00:37:15 GMT 2024","failed","Sun Nov 03 00:37:55 GMT 2024","","WHOLE-TESTS","WHOLE-TESTS",""
"","2","00-LANG-CASE.14","","Sun Nov 03 00:38:57 GMT 2024","passed","Sun Nov 03 00:38:57 GMT 2024","","HYPERON-METTALOG-SANITY","HYPERON-METTALOG-SANITY",""
"","5000","hyperon-experimental_scripts.c3_pln_stv","","Sun Nov 03 00:37:15 GMT 2024","passed","Sun Nov 03 00:37:20 GMT 2024","","WHOLE-TESTS","WHOLE-TESTS",""
"","4000","distributed-processing.use-two-servers","","Sun Nov 03 00:37:15 GMT 2024","passed","Sun Nov 03 00:37:19 GMT 2024","","WHOLE-TESTS","WHOLE-TESTS",""
"","135","STDLIB-METTALOG-TEST-PT2.48","","Sun Nov 03 00:56:29 GMT 2024","failed","Sun Nov 03 00:56:29 GMT 2024","","STDLIB-METTALOG","STDLIB-METTALOG",""
"","2","D1-GADT.12","","Sun Nov 03 00:37:20 GMT 2024","passed","Sun Nov 03 00:37:20 GMT 2024","","HYPERON-EXPERIMENTAL-SCRIPTS","HYPERON-EXPERIMENTAL-SCRIPTS",""
"","4","NUMTEST.09","","Sun Nov 03 01:17:36 GMT 2024","passed","Sun Nov 03 01:17:36 GMT 2024","","COMMON","COMMON",""
"","3","D2-HIGHERFUNC.01","","Sun Nov 03 01:13:31 GMT 2024","passed","Sun Nov 03 01:13:31 GMT 2024","","CHECK-TYPES","CHECK-TYPES",""
"","2","B5-TYPES-PRELIM.21","","Sun Nov 03 00:37:20 GMT 2024","passed","Sun Nov 03 00:37:20 GMT 2024","","HYPERON-EXPERIMENTAL-SCRIPTS","HYPERON-EXPERIMENTAL-SCRIPTS",""
"","2","B5-TYPES-PRELIM.09","","Sun Nov 03 01:13:11 GMT 2024","passed","Sun Nov 03 01:13:11 GMT 2024","","CHECK-TYPES-TEMP","CHECK-TYPES-TEMP",""
"","85","B5-TYPES-PRELIM.11","","Sun Nov 03 00:37:20 GMT 2024","failed","Sun Nov 03 00:37:20 GMT 2024","","HYPERON-EXPERIMENTAL-SCRIPTS","HYPERON-EXPERIMENTAL-SCRIPTS",""
"","4","STDLIB-METTALOG-TEST-PT2.56","","Sun Nov 03 00:56:29 GMT 2024","passed","Sun Nov 03 00:56:29 GMT 2024","","STDLIB-METTALOG","STDLIB-METTALOG",""
"","4000","metta_to_amr.dep-types","","Sun Nov 03 00:37:15 GMT 2024","passed","Sun Nov 03 00:37:19 GMT 2024","","WHOLE-TESTS","WHOLE-TESTS",""
"","61","STDLIB-METTALOG-TEST-PT2.12","","Sun Nov 03 00:56:29 GMT 2024","failed","Sun Nov 03 00:56:29 GMT 2024","","STDLIB-METTALOG","STDLIB-METTALOG",""
"","3","D2-HIGHERFUNC.19","","Sun Nov 03 01:13:31 GMT 2024","passed","Sun Nov 03 01:13:31 GMT 2024","","CHECK-TYPES","CHECK-TYPES",""
"","2","INF-CTL-MONTH-XP-SHORT-3.03","","Sun Nov 03 02:05:29 GMT 2024","passed","Sun Nov 03 02:05:29 GMT 2024","","COMPARISONS","COMPARISONS",""
"","41000","basic.pathfinding-edge","","Sun Nov 03 00:37:15 GMT 2024","failed","Sun Nov 03 00:37:56 GMT 2024","","WHOLE-TESTS","WHOLE-TESTS",""
"","2","OR-TEST.19","","Sun Nov 03 00:38:57 GMT 2024","passed","Sun Nov 03 00:38:57 GMT 2024","","HYPERON-METTALOG-SANITY","HYPERON-METTALOG-SANITY",""
"","9900","CLASSICAL.01","","Sun Nov 03 01:03:33 GMT 2024","passed","Sun Nov 03 01:03:42 GMT 2024","","FIZZBUZZ","FIZZBUZZ",""
"","1183","TESTS1.02","","Sun Nov 03 00:47:37 GMT 2024","failed","Sun Nov 03 00:47:38 GMT 2024","","MAIN-BRANCH","MAIN-BRANCH",""
"","293","PROB-DEP-TYPES.08","","Sun Nov 03 01:05:14 GMT 2024","failed","Sun Nov 03 01:05:14 GMT 2024","","PROB-DEP-TYPES","PROB-DEP-TYPES",""
"","2","E1-KB-WRITE.01","","Sun Nov 03 00:37:20 GMT 2024","passed","Sun Nov 03 00:37:20 GMT 2024","","HYPERON-EXPERIMENTAL-SCRIPTS","HYPERON-EXPERIMENTAL-SCRIPTS",""
"","89","00-LANG-CASE.08","","Sun Nov 03 00:38:57 GMT 2024","passed","Sun Nov 03 00:38:57 GMT 2024","","HYPERON-METTALOG-SANITY","HYPERON-METTALOG-SANITY",""
"","43","SUBTYPING-TEST.03","","Sun Nov 03 01:26:23 GMT 2024","passed","Sun Nov 03 01:26:23 GMT 2024","","SUBTYPING","SUBTYPING",""
"","2","STATE-TYPES.03","","Sun Nov 03 01:59:10 GMT 2024","passed","Sun Nov 03 01:59:10 GMT 2024","","BASIC","BASIC",""
"","43000","inference-control.inf-ctl-month-bc-cont-xp","","Sun Nov 03 00:37:15 GMT 2024","failed","Sun Nov 03 00:37:58 GMT 2024","","WHOLE-TESTS","WHOLE-TESTS",""
"","2","D2-HIGHERFUNC.24","","Sun Nov 03 00:47:10 GMT 2024","passed","Sun Nov 03 00:47:10 GMT 2024","","QUICK","QUICK",""
"","2","STATE-TYPES.20","","Sun Nov 03 01:59:10 GMT 2024","passed","Sun Nov 03 01:59:10 GMT 2024","","BASIC","BASIC",""
"","3","B2-BACKCHAIN.05","","Sun Nov 03 00:37:20 GMT 2024","passed","Sun Nov 03 00:37:20 GMT 2024","","HYPERON-EXPERIMENTAL-SCRIPTS","HYPERON-EXPERIMENTAL-SCRIPTS",""
"","2","B0-CHAINING-PRELIM.05","","Sun Nov 03 00:37:20 GMT 2024","passed","Sun Nov 03 00:37:20 GMT 2024","","HYPERON-EXPERIMENTAL-SCRIPTS","HYPERON-EXPERIMENTAL-SCRIPTS",""
"","2","B2-BACKCHAIN.04","","Sun Nov 03 00:37:20 GMT 2024","passed","Sun Nov 03 00:37:20 GMT 2024","","HYPERON-EXPERIMENTAL-SCRIPTS","HYPERON-EXPERIMENTAL-SCRIPTS",""
"","2","SPACE-INTERSECTION-TESTS.11","","Sun Nov 03 00:38:57 GMT 2024","passed","Sun Nov 03 00:38:57 GMT 2024","","HYPERON-METTALOG-SANITY","HYPERON-METTALOG-SANITY",""
"","2","TYPE-PROP.28","","Sun Nov 03 01:13:11 GMT 2024","passed","Sun Nov 03 01:13:11 GMT 2024","","CHECK-TYPES-TEMP","CHECK-TYPES-TEMP",""
"","2","TYPE-PROP.16","","Sun Nov 03 01:13:11 GMT 2024","passed","Sun Nov 03 01:13:11 GMT 2024","","CHECK-TYPES-TEMP","CHECK-TYPES-TEMP",""
"","2","F1-MODULEA.09","","Sun Nov 03 00:37:20 GMT 2024","passed","Sun Nov 03 00:37:20 GMT 2024","","HYPERON-EXPERIMENTAL-SCRIPTS","HYPERON-EXPERIMENTAL-SCRIPTS",""
"","2","F1-IMPORTS.17","","Sun Nov 03 00:47:10 GMT 2024","passed","Sun Nov 03 00:47:10 GMT 2024","","QUICK","QUICK",""
"","22","SHOW-TYPE.09","","Sun Nov 03 00:54:10 GMT 2024","passed","Sun Nov 03 00:54:10 GMT 2024","","INTROSPECT","INTROSPECT",""
"","1","METTALOGTESTCURRIED2.02","","Sun Nov 03 00:44:59 GMT 2024","passed","Sun Nov 03 00:44:59 GMT 2024","","ANTI-REGRESSION","ANTI-REGRESSION",""
"","2","A1-SYMBOLS.01","","Sun Nov 03 00:37:20 GMT 2024","passed","Sun Nov 03 00:37:20 GMT 2024","","HYPERON-EXPERIMENTAL-SCRIPTS","HYPERON-EXPERIMENTAL-SCRIPTS",""
"","45","IFC-XP.05","","Sun Nov 03 01:23:34 GMT 2024","failed","Sun Nov 03 01:23:34 GMT 2024","","ITERATIVE-CHAINING","ITERATIVE-CHAINING",""
"","2","BACKWARD-CHAINER-XP.14","","Sun Nov 03 01:17:21 GMT 2024","passed","Sun Nov 03 01:17:21 GMT 2024","","BACKWARD-CHAINER","BACKWARD-CHAINER",""
"","5000","quick.f1_moduleA","","Sun Nov 03 00:37:15 GMT 2024","passed","Sun Nov 03 00:37:20 GMT 2024","","WHOLE-TESTS","WHOLE-TESTS",""
"","16","D4-TYPE-PROP.03","","Sun Nov 03 00:37:20 GMT 2024","passed","Sun Nov 03 00:37:20 GMT 2024","","HYPERON-EXPERIMENTAL-SCRIPTS","HYPERON-EXPERIMENTAL-SCRIPTS",""
"","3","IMPLICATIONDIRECTINTRODUCTIONDTLTEST.05","","Sun Nov 03 01:16:13 GMT 2024","passed","Sun Nov 03 01:16:13 GMT 2024","","DEPENDENT-TYPES","DEPENDENT-TYPES",""
"","3","TESTS5.08","","Sun Nov 03 00:47:37 GMT 2024","passed","Sun Nov 03 00:47:37 GMT 2024","","MAIN-BRANCH","MAIN-BRANCH",""
"","150","QUERIES.11","","Sun Nov 03 01:09:46 GMT 2024","failed","Sun Nov 03 01:09:46 GMT 2024","","STRIPS-TO-METTA-IMPROVED","STRIPS-TO-METTA-IMPROVED",""
"","4000","metta-morph_tests.superpose_nested","","Sun Nov 03 00:37:15 GMT 2024","passed","Sun Nov 03 00:37:19 GMT 2024","","WHOLE-TESTS","WHOLE-TESTS",""
"","2","SUBTRACTION-TEST.02","","Sun Nov 03 00:38:57 GMT 2024","passed","Sun Nov 03 00:38:57 GMT 2024","","HYPERON-METTALOG-SANITY","HYPERON-METTALOG-SANITY",""
"","2","B5-TYPES-PRELIM.18","","Sun Nov 03 01:13:11 GMT 2024","passed","Sun Nov 03 01:13:11 GMT 2024","","CHECK-TYPES-TEMP","CHECK-TYPES-TEMP",""
"","6000","dependent-types.bchain","","Sun Nov 03 00:37:15 GMT 2024","passed","Sun Nov 03 00:37:21 GMT 2024","","WHOLE-TESTS","WHOLE-TESTS",""
"","3","TESTS0.04","","Sun Nov 03 00:42:53 GMT 2024","passed","Sun Nov 03 00:42:53 GMT 2024","","METTA-MORPH-TESTS","METTA-MORPH-TESTS",""
"","148","ADD-REMOVE-MATCH-MIX-FLOAT-INTEGER.25","","Sun Nov 03 00:54:23 GMT 2024","failed","Sun Nov 03 00:54:23 GMT 2024","","SPACES","SPACES",""
"","1","TMPMATCH2.04","","Sun Nov 03 00:44:59 GMT 2024","passed","Sun Nov 03 00:44:59 GMT 2024","","ANTI-REGRESSION","ANTI-REGRESSION",""
"","1","KEY-LOOKUPS-MANY.03","","Sun Nov 03 01:59:10 GMT 2024","passed","Sun Nov 03 01:59:10 GMT 2024","","BASIC","BASIC",""
"","5000","orientation.orientation-test","","Sun Nov 03 00:37:15 GMT 2024","passed","Sun Nov 03 00:37:20 GMT 2024","","WHOLE-TESTS","WHOLE-TESTS",""
"","4000","loop-checks.06_loop_0","","Sun Nov 03 00:37:15 GMT 2024","passed","Sun Nov 03 00:37:19 GMT 2024","","WHOLE-TESTS","WHOLE-TESTS",""
"","3","B5-TYPES-PRELIM.01","","Sun Nov 03 01:13:11 GMT 2024","passed","Sun Nov 03 01:13:11 GMT 2024","","CHECK-TYPES-TEMP","CHECK-TYPES-TEMP",""
"","3","IFC-XP.22","","Sun Nov 03 01:23:34 GMT 2024","passed","Sun Nov 03 01:23:34 GMT 2024","","ITERATIVE-CHAINING","ITERATIVE-CHAINING",""
"","41","FORWARD-CHAINER-XP.13","","Sun Nov 03 01:20:07 GMT 2024","failed","Sun Nov 03 01:20:07 GMT 2024","","FORWARD-CHAINER","FORWARD-CHAINER",""
"","17","TEST-INFER-FUNCTION-APPLICATION-TYPE.02","","Sun Nov 03 01:59:10 GMT 2024","failed","Sun Nov 03 01:59:10 GMT 2024","","BASIC","BASIC",""
"","2","B5-TYPES-PRELIM.06","","Sun Nov 03 00:37:20 GMT 2024","passed","Sun Nov 03 00:37:20 GMT 2024","","HYPERON-EXPERIMENTAL-SCRIPTS","HYPERON-EXPERIMENTAL-SCRIPTS",""
"","52","B5-TYPES-PRELIM.15","","Sun Nov 03 01:13:11 GMT 2024","failed","Sun Nov 03 01:13:11 GMT 2024","","CHECK-TYPES-TEMP","CHECK-TYPES-TEMP",""
"","40000","combinator-calculi.y_comb_examples","","Sun Nov 03 00:37:15 GMT 2024","failed","Sun Nov 03 00:37:55 GMT 2024","","WHOLE-TESTS","WHOLE-TESTS",""
"","2","BC-XP.08","","Sun Nov 03 01:17:27 GMT 2024","passed","Sun Nov 03 01:17:27 GMT 2024","","BACKWARD-CHAINING","BACKWARD-CHAINING",""
"","2","ADD-REMOVE-MATCH-INTEGER.13","","Sun Nov 03 00:54:23 GMT 2024","passed","Sun Nov 03 00:54:23 GMT 2024","","SPACES","SPACES",""
"","2","SYNTHESIZE-VIA-SUPERPOSE.03","","Sun Nov 03 01:28:09 GMT 2024","passed","Sun Nov 03 01:28:09 GMT 2024","","EXPERIMENTS","EXPERIMENTS",""
"","2","F1-IMPORTS.01","","Sun Nov 03 00:37:10 GMT 2024","passed","Sun Nov 03 00:37:10 GMT 2024","","MODULE-SYSTEM","MODULE-SYSTEM",""
"","2","TYPE-PROP.42","","Sun Nov 03 01:13:11 GMT 2024","passed","Sun Nov 03 01:13:11 GMT 2024","","CHECK-TYPES-TEMP","CHECK-TYPES-TEMP",""
"","3","IBC-XP.10","","Sun Nov 03 01:23:34 GMT 2024","passed","Sun Nov 03 01:23:34 GMT 2024","","ITERATIVE-CHAINING","ITERATIVE-CHAINING",""
"","282","SYNTHESIZE-VIA-LET-TEST.05","","Sun Nov 03 01:28:09 GMT 2024","failed","Sun Nov 03 01:28:09 GMT 2024","","EXPERIMENTS","EXPERIMENTS",""
"","5000","match.MinerMatchTest","","Sun Nov 03 00:37:15 GMT 2024","passed","Sun Nov 03 00:37:20 GMT 2024","","WHOLE-TESTS","WHOLE-TESTS",""
"","3","OBIF-EASY.02","","Sun Nov 03 01:56:50 GMT 2024","passed","Sun Nov 03 01:56:50 GMT 2024","","MULTIDIRECTIONAL","MULTIDIRECTIONAL",""
"","263","REWRITES.03","","Sun Nov 03 01:08:56 GMT 2024","failed","Sun Nov 03 01:08:56 GMT 2024","","STACK-BASED","STACK-BASED",""
"","3","D4-TYPE-PROP.16","","Sun Nov 03 00:37:20 GMT 2024","passed","Sun Nov 03 00:37:20 GMT 2024","","HYPERON-EXPERIMENTAL-SCRIPTS","HYPERON-EXPERIMENTAL-SCRIPTS",""
"","3","TIME-SYNTHESIZE-SHORT.03","","Sun Nov 03 00:40:45 GMT 2024","passed","Sun Nov 03 00:40:45 GMT 2024","","SYNTH-BUFFER","SYNTH-BUFFER",""
"","1","HYPERPOSING-SHARED.05","","Sun Nov 03 01:59:10 GMT 2024","passed","Sun Nov 03 01:59:10 GMT 2024","","BASIC","BASIC",""
"","6000","main-branch.tests0","","Sun Nov 03 00:37:15 GMT 2024","passed","Sun Nov 03 00:37:21 GMT 2024","","WHOLE-TESTS","WHOLE-TESTS",""
"","118","SPACE-INTERSECTION-TESTS.17","","Sun Nov 03 00:38:57 GMT 2024","failed","Sun Nov 03 00:38:57 GMT 2024","","HYPERON-METTALOG-SANITY","HYPERON-METTALOG-SANITY",""
"","2","ADD-REMOVE-MATCH-SYMBOLS.01","","Sun Nov 03 00:54:23 GMT 2024","passed","Sun Nov 03 00:54:23 GMT 2024","","SPACES","SPACES",""
"","3","SPACE-INTERSECTION-TESTS.20","","Sun Nov 03 00:38:57 GMT 2024","passed","Sun Nov 03 00:38:57 GMT 2024","","HYPERON-METTALOG-SANITY","HYPERON-METTALOG-SANITY",""
"","2","MATCH-VOID.02","","Sun Nov 03 00:42:53 GMT 2024","passed","Sun Nov 03 00:42:53 GMT 2024","","METTA-MORPH-TESTS","METTA-MORPH-TESTS",""
"","101","TYPE-PROP.52","","Sun Nov 03 01:13:11 GMT 2024","failed","Sun Nov 03 01:13:11 GMT 2024","","CHECK-TYPES-TEMP","CHECK-TYPES-TEMP",""
"","146","TEST-SPO-5000.01","","Sun Nov 03 00:45:34 GMT 2024","passed","Sun Nov 03 00:45:34 GMT 2024","","METTA-WAM-ISSUE-116","METTA-WAM-ISSUE-116",""
"","2","LET-SUPERPOSE-LIST.02","","Sun Nov 03 01:50:09 GMT 2024","passed","Sun Nov 03 01:50:09 GMT 2024","","TRANSPILER","TRANSPILER",""
"","2","IMPL-METTALOGTESTCURRIED.02","","Sun Nov 03 01:50:35 GMT 2024","passed","Sun Nov 03 01:50:35 GMT 2024","","WALK-THRU","WALK-THRU",""
"","5000","metta-wam-issue-116.test_spo_100","","Sun Nov 03 00:37:15 GMT 2024","passed","Sun Nov 03 00:37:20 GMT 2024","","WHOLE-TESTS","WHOLE-TESTS",""
"","14","D1-GADT.04","","Sun Nov 03 00:47:10 GMT 2024","passed","Sun Nov 03 00:47:10 GMT 2024","","QUICK","QUICK",""
"","5000","metta-morph_tests.tests0","","Sun Nov 03 00:37:15 GMT 2024","passed","Sun Nov 03 00:37:20 GMT 2024","","WHOLE-TESTS","WHOLE-TESTS",""
"","92","ADD-REMOVE-MATCH-SYMBOLS.14","","Sun Nov 03 00:54:23 GMT 2024","passed","Sun Nov 03 00:54:23 GMT 2024","","SPACES","SPACES",""
"","85","STATE-TYPES.08","","Sun Nov 03 01:59:10 GMT 2024","failed","Sun Nov 03 01:59:10 GMT 2024","","BASIC","BASIC",""
"","2","B5-TYPES-PRELIM.19","","Sun Nov 03 00:37:20 GMT 2024","passed","Sun Nov 03 00:37:20 GMT 2024","","HYPERON-EXPERIMENTAL-SCRIPTS","HYPERON-EXPERIMENTAL-SCRIPTS",""
"","366","NATSTANDALONETEST.14","","Sun Nov 03 01:20:22 GMT 2024","failed","Sun Nov 03 01:20:22 GMT 2024","","HOL","HOL",""
"","42000","examples.benchmark","","Sun Nov 03 00:37:15 GMT 2024","failed","Sun Nov 03 00:37:57 GMT 2024","","WHOLE-TESTS","WHOLE-TESTS",""
"","41000","bio-atomspace.pln-xp-mettalog","","Sun Nov 03 00:37:15 GMT 2024","failed","Sun Nov 03 00:37:56 GMT 2024","","WHOLE-TESTS","WHOLE-TESTS",""
"","395","IBC-XP.13","","Sun Nov 03 01:23:34 GMT 2024","passed","Sun Nov 03 01:23:34 GMT 2024","","ITERATIVE-CHAINING","ITERATIVE-CHAINING",""
"","2","CHAPTER-2-2.02","","Sun Nov 03 00:56:39 GMT 2024","passed","Sun Nov 03 00:56:39 GMT 2024","","SICP-BOOK","SICP-BOOK",""
"","4000","chaining.type_prop","","Sun Nov 03 00:37:15 GMT 2024","passed","Sun Nov 03 00:37:19 GMT 2024","","WHOLE-TESTS","WHOLE-TESTS",""
"","4000","debugging.hyperon_experimental_issue_514","","Sun Nov 03 00:37:15 GMT 2024","passed","Sun Nov 03 00:37:19 GMT 2024","","WHOLE-TESTS","WHOLE-TESTS",""
"","5000","traverser.basic","","Sun Nov 03 00:37:15 GMT 2024","passed","Sun Nov 03 00:37:20 GMT 2024","","WHOLE-TESTS","WHOLE-TESTS",""
"","3","CHAINING-PRELIM.02","","Sun Nov 03 00:52:07 GMT 2024","passed","Sun Nov 03 00:52:07 GMT 2024","","CHAINING","CHAINING",""
"","89","ADD-REMOVE-MATCH-STRINGS.14","","Sun Nov 03 00:54:23 GMT 2024","failed","Sun Nov 03 00:54:23 GMT 2024","","SPACES","SPACES",""
"","15","CHAPTER-2-4.18","","Sun Nov 03 00:56:39 GMT 2024","failed","Sun Nov 03 00:56:39 GMT 2024","","SICP-BOOK","SICP-BOOK",""
"","2","TMPMATCH1.03","","Sun Nov 03 01:50:35 GMT 2024","passed","Sun Nov 03 01:50:35 GMT 2024","","WALK-THRU","WALK-THRU",""
"","4000","metta-morph_tests.types2","","Sun Nov 03 00:37:15 GMT 2024","passed","Sun Nov 03 00:37:19 GMT 2024","","WHOLE-TESTS","WHOLE-TESTS",""
"","2","BACKWARD-CHAINER-XP.02","","Sun Nov 03 01:17:21 GMT 2024","passed","Sun Nov 03 01:17:21 GMT 2024","","BACKWARD-CHAINER","BACKWARD-CHAINER",""
"","3","SPACE-INTERSECTION-TESTS.15","","Sun Nov 03 00:38:57 GMT 2024","passed","Sun Nov 03 00:38:57 GMT 2024","","HYPERON-METTALOG-SANITY","HYPERON-METTALOG-SANITY",""
"","3","IF.01","","Sun Nov 03 00:42:53 GMT 2024","passed","Sun Nov 03 00:42:53 GMT 2024","","METTA-MORPH-TESTS","METTA-MORPH-TESTS",""
"","28","INF-CTL-MONTH-XP.10","","Sun Nov 03 01:21:32 GMT 2024","failed","Sun Nov 03 01:21:32 GMT 2024","","INFERENCE-CONTROL","INFERENCE-CONTROL",""
"","3","D4-TYPE-PROP.04","","Sun Nov 03 00:37:20 GMT 2024","passed","Sun Nov 03 00:37:20 GMT 2024","","HYPERON-EXPERIMENTAL-SCRIPTS","HYPERON-EXPERIMENTAL-SCRIPTS",""
"","3","BCHAIN.06","","Sun Nov 03 00:44:59 GMT 2024","passed","Sun Nov 03 00:44:59 GMT 2024","","ANTI-REGRESSION","ANTI-REGRESSION",""
"","2","CHAPTER-2-4.04","","Sun Nov 03 00:56:39 GMT 2024","passed","Sun Nov 03 00:56:39 GMT 2024","","SICP-BOOK","SICP-BOOK",""
"","5","GROUNDED-BASIC.05","","Sun Nov 03 00:55:06 GMT 2024","passed","Sun Nov 03 00:55:06 GMT 2024","","STD","STD",""
"","2","ADD-REMOVE-MATCH-INTEGER.27","","Sun Nov 03 00:54:23 GMT 2024","passed","Sun Nov 03 00:54:23 GMT 2024","","SPACES","SPACES",""
"","23","INF-CTL-XP.14","","Sun Nov 03 01:21:32 GMT 2024","failed","Sun Nov 03 01:21:32 GMT 2024","","INFERENCE-CONTROL","INFERENCE-CONTROL",""
"","2","LETLET.01","","Sun Nov 03 01:50:09 GMT 2024","passed","Sun Nov 03 01:50:09 GMT 2024","","TRANSPILER","TRANSPILER",""
"","7000","comparisons.nils_if_control_test_5","","Sun Nov 03 00:37:15 GMT 2024","passed","Sun Nov 03 00:37:22 GMT 2024","","WHOLE-TESTS","WHOLE-TESTS",""
"","2","IFC-XP.27","","Sun Nov 03 01:23:34 GMT 2024","passed","Sun Nov 03 01:23:34 GMT 2024","","ITERATIVE-CHAINING","ITERATIVE-CHAINING",""
"","2","B0-CHAINING-PRELIM.03","","Sun Nov 03 00:37:20 GMT 2024","passed","Sun Nov 03 00:37:20 GMT 2024","","HYPERON-EXPERIMENTAL-SCRIPTS","HYPERON-EXPERIMENTAL-SCRIPTS",""
"","3","IBC-XP.08","","Sun Nov 03 01:23:34 GMT 2024","passed","Sun Nov 03 01:23:34 GMT 2024","","ITERATIVE-CHAINING","ITERATIVE-CHAINING",""
"","2","INF-CTL-MONTH-BC-CONT-XP.12","","Sun Nov 03 01:21:32 GMT 2024","passed","Sun Nov 03 01:21:32 GMT 2024","","INFERENCE-CONTROL","INFERENCE-CONTROL",""
"","2","TYPE-PROP.64","","Sun Nov 03 01:13:11 GMT 2024","passed","Sun Nov 03 01:13:11 GMT 2024","","CHECK-TYPES-TEMP","CHECK-TYPES-TEMP",""
"","83","PREREQS.08","","Sun Nov 03 00:47:37 GMT 2024","failed","Sun Nov 03 00:47:37 GMT 2024","","MAIN-BRANCH","MAIN-BRANCH",""
"","25000","language_models.unweighted_pllm","","Sun Nov 03 00:37:15 GMT 2024","passed","Sun Nov 03 00:37:40 GMT 2024","","WHOLE-TESTS","WHOLE-TESTS",""
"","102","SPACE-INTERSECTION-TESTS.10","","Sun Nov 03 00:38:57 GMT 2024","failed","Sun Nov 03 00:38:57 GMT 2024","","HYPERON-METTALOG-SANITY","HYPERON-METTALOG-SANITY",""
"","3","ADD-REMOVE-MATCH-MIX-FLOAT-INTEGER.01","","Sun Nov 03 00:54:23 GMT 2024","passed","Sun Nov 03 00:54:23 GMT 2024","","SPACES","SPACES",""
"","2","MATCH-VOID.08","","Sun Nov 03 00:42:53 GMT 2024","passed","Sun Nov 03 00:42:53 GMT 2024","","METTA-MORPH-TESTS","METTA-MORPH-TESTS",""
"","105","SPACE-INTERSECTION-TESTS.08","","Sun Nov 03 00:38:57 GMT 2024","failed","Sun Nov 03 00:38:57 GMT 2024","","HYPERON-METTALOG-SANITY","HYPERON-METTALOG-SANITY",""
"","2","E2-STATES.11","","Sun Nov 03 00:37:20 GMT 2024","passed","Sun Nov 03 00:37:20 GMT 2024","","HYPERON-EXPERIMENTAL-SCRIPTS","HYPERON-EXPERIMENTAL-SCRIPTS",""
"","2","BC-XP.29","","Sun Nov 03 01:17:27 GMT 2024","passed","Sun Nov 03 01:17:27 GMT 2024","","BACKWARD-CHAINING","BACKWARD-CHAINING",""
"","2","ADD-REMOVE-MATCH-SYMBOLS.02","","Sun Nov 03 00:54:23 GMT 2024","passed","Sun Nov 03 00:54:23 GMT 2024","","SPACES","SPACES",""
"","2","INF-CTL-MONTH-BC-CONT-XP.22","","Sun Nov 03 01:21:32 GMT 2024","passed","Sun Nov 03 01:21:32 GMT 2024","","INFERENCE-CONTROL","INFERENCE-CONTROL",""
"","2","D1-GADT.06","","Sun Nov 03 00:47:10 GMT 2024","passed","Sun Nov 03 00:47:10 GMT 2024","","QUICK","QUICK",""
"","1","METTALOGTESTCURRIED2.05","","Sun Nov 03 00:44:59 GMT 2024","passed","Sun Nov 03 00:44:59 GMT 2024","","ANTI-REGRESSION","ANTI-REGRESSION",""
"","40000","basic.hanoi-peg-space","","Sun Nov 03 00:37:15 GMT 2024","failed","Sun Nov 03 00:37:55 GMT 2024","","WHOLE-TESTS","WHOLE-TESTS",""
"","126","STDLIB-METTALOG-TEST-PT2.58","","Sun Nov 03 00:56:29 GMT 2024","failed","Sun Nov 03 00:56:29 GMT 2024","","STDLIB-METTALOG","STDLIB-METTALOG",""
"","4","OR-TEST.11","","Sun Nov 03 00:38:57 GMT 2024","passed","Sun Nov 03 00:38:57 GMT 2024","","HYPERON-METTALOG-SANITY","HYPERON-METTALOG-SANITY",""
"","132","MODUSPONENSDTLTEST.04","","Sun Nov 03 01:16:13 GMT 2024","failed","Sun Nov 03 01:16:13 GMT 2024","","DEPENDENT-TYPES","DEPENDENT-TYPES",""
"","3","TESTS5.06","","Sun Nov 03 00:47:37 GMT 2024","passed","Sun Nov 03 00:47:37 GMT 2024","","MAIN-BRANCH","MAIN-BRANCH",""
"","2","C1-GROUNDED-BASIC.17","","Sun Nov 03 00:47:10 GMT 2024","passed","Sun Nov 03 00:47:10 GMT 2024","","QUICK","QUICK",""
"","1","HYPERPOSE.07","","Sun Nov 03 00:42:53 GMT 2024","passed","Sun Nov 03 00:42:53 GMT 2024","","METTA-MORPH-TESTS","METTA-MORPH-TESTS",""
"","254","TIME-SYNTHESIZE-SHORT.01","","Sun Nov 03 00:40:45 GMT 2024","passed","Sun Nov 03 00:40:45 GMT 2024","","SYNTH-BUFFER","SYNTH-BUFFER",""
"","9","STDLIB-METTALOG-TEST-PT2.14","","Sun Nov 03 00:56:29 GMT 2024","passed","Sun Nov 03 00:56:29 GMT 2024","","STDLIB-METTALOG","STDLIB-METTALOG",""
"","2","UNIFY-VIA-LET.02","","Sun Nov 03 01:28:09 GMT 2024","passed","Sun Nov 03 01:28:09 GMT 2024","","EXPERIMENTS","EXPERIMENTS",""
"","4","C3-PLN-STV.01","","Sun Nov 03 00:37:20 GMT 2024","passed","Sun Nov 03 00:37:20 GMT 2024","","HYPERON-EXPERIMENTAL-SCRIPTS","HYPERON-EXPERIMENTAL-SCRIPTS",""
"","3","TYPES-PRELIM.01","","Sun Nov 03 00:52:07 GMT 2024","passed","Sun Nov 03 00:52:07 GMT 2024","","CHAINING","CHAINING",""
"","2","DEDUCTIONFORMULATEST.04","","Sun Nov 03 01:17:59 GMT 2024","passed","Sun Nov 03 01:17:59 GMT 2024","","FORMULA","FORMULA",""
"","153","FC-XP.20","","Sun Nov 03 01:20:16 GMT 2024","passed","Sun Nov 03 01:20:16 GMT 2024","","FORWARD-CHAINING","FORWARD-CHAINING",""
"","45","TESTS1-PRE.05","","Sun Nov 03 00:47:37 GMT 2024","failed","Sun Nov 03 00:47:37 GMT 2024","","MAIN-BRANCH","MAIN-BRANCH",""
"","17","STDLIB-METTALOG-TEST-PT2.53","","Sun Nov 03 00:56:29 GMT 2024","failed","Sun Nov 03 00:56:29 GMT 2024","","STDLIB-METTALOG","STDLIB-METTALOG",""
"","3","SUPPORTRULEEXP.01","","Sun Nov 03 01:16:13 GMT 2024","passed","Sun Nov 03 01:16:13 GMT 2024","","DEPENDENT-TYPES","DEPENDENT-TYPES",""
"","132","TESTS0.01","","Sun Nov 03 01:41:19 GMT 2024","passed","Sun Nov 03 01:41:19 GMT 2024","","NEW","NEW",""
"","3","BACKWARD-CHAINER-XP.34","","Sun Nov 03 01:17:21 GMT 2024","passed","Sun Nov 03 01:17:21 GMT 2024","","BACKWARD-CHAINER","BACKWARD-CHAINER",""
"","2","F1-IMPORTS.20","","Sun Nov 03 00:47:10 GMT 2024","passed","Sun Nov 03 00:47:10 GMT 2024","","QUICK","QUICK",""
"","45000","prev.tests4","","Sun Nov 03 00:37:15 GMT 2024","failed","Sun Nov 03 00:38:00 GMT 2024","","WHOLE-TESTS","WHOLE-TESTS",""
"","3","TESTS2.01","","Sun Nov 03 00:47:37 GMT 2024","passed","Sun Nov 03 00:47:37 GMT 2024","","MAIN-BRANCH","MAIN-BRANCH",""
"","103","TYPE-PROP.54","","Sun Nov 03 01:13:11 GMT 2024","failed","Sun Nov 03 01:13:11 GMT 2024","","CHECK-TYPES-TEMP","CHECK-TYPES-TEMP",""
"","3","STDLIB-METTALOG-TEST-PT2.28","","Sun Nov 03 00:56:29 GMT 2024","passed","Sun Nov 03 00:56:29 GMT 2024","","STDLIB-METTALOG","STDLIB-METTALOG",""
"","2","TESTS1.05","","Sun Nov 03 00:47:37 GMT 2024","passed","Sun Nov 03 00:47:37 GMT 2024","","MAIN-BRANCH","MAIN-BRANCH",""
"","51","C1-GROUNDED-BASIC.15","","Sun Nov 03 00:47:10 GMT 2024","failed","Sun Nov 03 00:47:10 GMT 2024","","QUICK","QUICK",""
"","1","D4-TYPE-PROP.09","","Sun Nov 03 00:47:10 GMT 2024","passed","Sun Nov 03 00:47:10 GMT 2024","","QUICK","QUICK",""
"","164","EXAMPLES-QUANTS.01","","Sun Nov 03 01:58:04 GMT 2024","failed","Sun Nov 03 01:58:04 GMT 2024","","POLYMORPHIC-TYPES","POLYMORPHIC-TYPES",""
"","3","TESTS2.08","","Sun Nov 03 00:47:37 GMT 2024","passed","Sun Nov 03 00:47:37 GMT 2024","","MAIN-BRANCH","MAIN-BRANCH",""
"","3","OBIF.02","","Sun Nov 03 01:56:50 GMT 2024","passed","Sun Nov 03 01:56:50 GMT 2024","","MULTIDIRECTIONAL","MULTIDIRECTIONAL",""
"","2","COMBINED.02","","Sun Nov 03 01:55:17 GMT 2024","passed","Sun Nov 03 01:55:17 GMT 2024","","ITERATORS","ITERATORS",""
"","17","HYPERON-EXPERIMENTAL-ISSUE-481.02","","Sun Nov 03 01:53:53 GMT 2024","passed","Sun Nov 03 01:53:53 GMT 2024","","DEBUGGING","DEBUGGING",""
"","2","ADD-REMOVE-MATCH-INTEGER.11","","Sun Nov 03 00:54:23 GMT 2024","passed","Sun Nov 03 00:54:23 GMT 2024","","SPACES","SPACES",""
"","3","HIGHER-ORDER-FUNCS.01","","Sun Nov 03 00:55:06 GMT 2024","passed","Sun Nov 03 00:55:06 GMT 2024","","STD","STD",""
"","4000","debugging.hyperon_experimental_issue_481","","Sun Nov 03 00:37:15 GMT 2024","passed","Sun Nov 03 00:37:19 GMT 2024","","WHOLE-TESTS","WHOLE-TESTS",""
"","2","PC-XP.11","","Sun Nov 03 01:26:17 GMT 2024","passed","Sun Nov 03 01:26:17 GMT 2024","","POLYWARD-CHAINING","POLYWARD-CHAINING",""
"","15","TEST-INFER-FUNCTION-APPLICATION-TYPE.10","","Sun Nov 03 01:59:10 GMT 2024","failed","Sun Nov 03 01:59:10 GMT 2024","","BASIC","BASIC",""
"","3","SYNTHESIZE-VIA-TYPE-CHECKING.01","","Sun Nov 03 01:28:09 GMT 2024","passed","Sun Nov 03 01:28:09 GMT 2024","","EXPERIMENTS","EXPERIMENTS",""
"","14","D1-GADT.04","","Sun Nov 03 01:13:31 GMT 2024","passed","Sun Nov 03 01:13:31 GMT 2024","","CHECK-TYPES","CHECK-TYPES",""
"","3","FORWARD-CHAINER-XP.08","","Sun Nov 03 01:20:07 GMT 2024","passed","Sun Nov 03 01:20:07 GMT 2024","","FORWARD-CHAINER","FORWARD-CHAINER",""
"","1","D2-HIGHERFUNC.10","","Sun Nov 03 00:47:10 GMT 2024","passed","Sun Nov 03 00:47:10 GMT 2024","","QUICK","QUICK",""
"","2","EXAM-SPACES.02","","Sun Nov 03 00:54:10 GMT 2024","passed","Sun Nov 03 00:54:10 GMT 2024","","INTROSPECT","INTROSPECT",""
"","2882","GENE-QUERY.02","","Sun Nov 03 01:13:04 GMT 2024","failed","Sun Nov 03 01:13:06 GMT 2024","","QUERY","QUERY",""
"","188","IFC-XP.24","","Sun Nov 03 01:23:34 GMT 2024","failed","Sun Nov 03 01:23:34 GMT 2024","","ITERATIVE-CHAINING","ITERATIVE-CHAINING",""
"","1","B5-TYPES-PRELIM.05","","Sun Nov 03 00:37:20 GMT 2024","passed","Sun Nov 03 00:37:20 GMT 2024","","HYPERON-EXPERIMENTAL-SCRIPTS","HYPERON-EXPERIMENTAL-SCRIPTS",""
"","2","INF-CTL-MONTH-BC-CONT-XP.15","","Sun Nov 03 01:21:32 GMT 2024","passed","Sun Nov 03 01:21:32 GMT 2024","","INFERENCE-CONTROL","INFERENCE-CONTROL",""
"","1","TYPE-PROP.02","","Sun Nov 03 00:52:07 GMT 2024","passed","Sun Nov 03 00:52:07 GMT 2024","","CHAINING","CHAINING",""
"","4000","hyperon-mettalog_sanity.structure-tests","","Sun Nov 03 00:37:15 GMT 2024","passed","Sun Nov 03 00:37:19 GMT 2024","","WHOLE-TESTS","WHOLE-TESTS",""
"","56","D5-AUTO-TYPES.03","","Sun Nov 03 01:13:31 GMT 2024","failed","Sun Nov 03 01:13:31 GMT 2024","","CHECK-TYPES","CHECK-TYPES",""
"","500","PROB-DEP-TYPES.10","","Sun Nov 03 01:05:14 GMT 2024","failed","Sun Nov 03 01:05:14 GMT 2024","","PROB-DEP-TYPES","PROB-DEP-TYPES",""
"","3","KEY-LOOKUPS-MANY.11","","Sun Nov 03 01:59:10 GMT 2024","passed","Sun Nov 03 01:59:10 GMT 2024","","BASIC","BASIC",""
"","2","HYPERPOSING-SHARED.02","","Sun Nov 03 01:59:10 GMT 2024","passed","Sun Nov 03 01:59:10 GMT 2024","","BASIC","BASIC",""
"","1","KEY-LOOKUPS-MANY.04","","Sun Nov 03 01:59:10 GMT 2024","passed","Sun Nov 03 01:59:10 GMT 2024","","BASIC","BASIC",""
"","1225","TESTS2.05","","Sun Nov 03 00:47:37 GMT 2024","failed","Sun Nov 03 00:47:38 GMT 2024","","MAIN-BRANCH","MAIN-BRANCH",""
"","1","ADD-ATOM-NAIVE-FIB.07","","Sun Nov 03 02:05:29 GMT 2024","passed","Sun Nov 03 02:05:29 GMT 2024","","COMPARISONS","COMPARISONS",""
"","2","ADD-REMOVE-MATCH-MIX-FLOAT-INTEGER.04","","Sun Nov 03 00:54:23 GMT 2024","passed","Sun Nov 03 00:54:23 GMT 2024","","SPACES","SPACES",""
"","2","NUMTEST.04","","Sun Nov 03 01:17:36 GMT 2024","passed","Sun Nov 03 01:17:36 GMT 2024","","COMMON","COMMON",""
"","2","ADD-REMOVE-MATCH-S-STRINGS.10","","Sun Nov 03 00:54:23 GMT 2024","passed","Sun Nov 03 00:54:23 GMT 2024","","SPACES","SPACES",""
"","3","IMPLICATIONDIRECTINTRODUCTIONENTAILTEST.03","","Sun Nov 03 01:19:47 GMT 2024","passed","Sun Nov 03 01:19:47 GMT 2024","","ENTAIL","ENTAIL",""
"","2","INTERSECTION-TESTS.11","","Sun Nov 03 00:38:57 GMT 2024","passed","Sun Nov 03 00:38:57 GMT 2024","","HYPERON-METTALOG-SANITY","HYPERON-METTALOG-SANITY",""
"","3","TYPE-PROP.71","","Sun Nov 03 01:13:11 GMT 2024","passed","Sun Nov 03 01:13:11 GMT 2024","","CHECK-TYPES-TEMP","CHECK-TYPES-TEMP",""
"","4000","forward-chainer.forward-chainer-test","","Sun Nov 03 00:37:15 GMT 2024","passed","Sun Nov 03 00:37:19 GMT 2024","","WHOLE-TESTS","WHOLE-TESTS",""
"","2","D2-HIGHERFUNC.15","","Sun Nov 03 00:47:10 GMT 2024","passed","Sun Nov 03 00:47:10 GMT 2024","","QUICK","QUICK",""
"","2","NATSTANDALONETEST.07","","Sun Nov 03 01:20:22 GMT 2024","passed","Sun Nov 03 01:20:22 GMT 2024","","HOL","HOL",""
"","5000","metta-morph_tests.and_or","","Sun Nov 03 00:37:15 GMT 2024","passed","Sun Nov 03 00:37:20 GMT 2024","","WHOLE-TESTS","WHOLE-TESTS",""
"","57","OBIF-CLP.02","","Sun Nov 03 01:56:50 GMT 2024","failed","Sun Nov 03 01:56:50 GMT 2024","","MULTIDIRECTIONAL","MULTIDIRECTIONAL",""
"","4000","comparisons.inf-ctl-month-xp-short_5","","Sun Nov 03 00:37:15 GMT 2024","passed","Sun Nov 03 00:37:19 GMT 2024","","WHOLE-TESTS","WHOLE-TESTS",""
"","177","SYNTHESIZE-VIA-UNIFY-TEST.07","","Sun Nov 03 01:28:09 GMT 2024","failed","Sun Nov 03 01:28:09 GMT 2024","","EXPERIMENTS","EXPERIMENTS",""
"","2","F1-IMPORTS.11","","Sun Nov 03 00:47:10 GMT 2024","passed","Sun Nov 03 00:47:10 GMT 2024","","QUICK","QUICK",""
"","16","CREATE-SERVER.02","","Sun Nov 03 01:54:58 GMT 2024","failed","Sun Nov 03 01:54:58 GMT 2024","","DISTRIBUTED-PROCESSING","DISTRIBUTED-PROCESSING",""
"","1143","IBC-XP.28","","Sun Nov 03 01:23:34 GMT 2024","passed","Sun Nov 03 01:23:35 GMT 2024","","ITERATIVE-CHAINING","ITERATIVE-CHAINING",""
"","2","PC-XP.08","","Sun Nov 03 01:26:17 GMT 2024","passed","Sun Nov 03 01:26:17 GMT 2024","","POLYWARD-CHAINING","POLYWARD-CHAINING",""
"","1","ADD-REMOVE-MATCH-INTEGER.33","","Sun Nov 03 00:54:23 GMT 2024","passed","Sun Nov 03 00:54:23 GMT 2024","","SPACES","SPACES",""
"","2","ADD-REMOVE-MATCH-INTEGER.06","","Sun Nov 03 00:54:23 GMT 2024","passed","Sun Nov 03 00:54:23 GMT 2024","","SPACES","SPACES",""
"","2","TEST-IF-CLOSED.03","","Sun Nov 03 00:44:59 GMT 2024","passed","Sun Nov 03 00:44:59 GMT 2024","","ANTI-REGRESSION","ANTI-REGRESSION",""
"","3","BC-XP.13","","Sun Nov 03 01:17:27 GMT 2024","passed","Sun Nov 03 01:17:27 GMT 2024","","BACKWARD-CHAINING","BACKWARD-CHAINING",""
"","156","NALIFIER-PREV.01","","Sun Nov 03 00:47:37 GMT 2024","passed","Sun Nov 03 00:47:37 GMT 2024","","MAIN-BRANCH","MAIN-BRANCH",""
"","3","LISTTEST.13","","Sun Nov 03 01:17:36 GMT 2024","passed","Sun Nov 03 01:17:36 GMT 2024","","COMMON","COMMON",""
"","2","B5-TYPES-PRELIM.26","","Sun Nov 03 00:37:20 GMT 2024","passed","Sun Nov 03 00:37:20 GMT 2024","","HYPERON-EXPERIMENTAL-SCRIPTS","HYPERON-EXPERIMENTAL-SCRIPTS",""
"","2","SUPERCOLLAPSE.07","","Sun Nov 03 00:42:53 GMT 2024","passed","Sun Nov 03 00:42:53 GMT 2024","","METTA-MORPH-TESTS","METTA-MORPH-TESTS",""
"","1","DEFINE-IF-LIKE.03","","Sun Nov 03 01:49:09 GMT 2024","passed","Sun Nov 03 01:49:09 GMT 2024","","DIRECT-COMP","DIRECT-COMP",""
"","2","LISTTEST.02","","Sun Nov 03 01:17:36 GMT 2024","passed","Sun Nov 03 01:17:36 GMT 2024","","COMMON","COMMON",""
"","2","TESTS0.05","","Sun Nov 03 01:41:19 GMT 2024","passed","Sun Nov 03 01:41:19 GMT 2024","","NEW","NEW",""
"","43000","inference-control.inf-ctl-month-bc-xp","","Sun Nov 03 00:37:15 GMT 2024","failed","Sun Nov 03 00:37:58 GMT 2024","","WHOLE-TESTS","WHOLE-TESTS",""
"","4","ORIENTATION-TEST.03","","Sun Nov 03 01:27:17 GMT 2024","passed","Sun Nov 03 01:27:17 GMT 2024","","ORIENTATION","ORIENTATION",""
"","1","ADD-REMOVE-MATCH-INTEGER.02","","Sun Nov 03 00:54:23 GMT 2024","passed","Sun Nov 03 00:54:23 GMT 2024","","SPACES","SPACES",""
"","4","LISTTEST.14","","Sun Nov 03 01:17:36 GMT 2024","passed","Sun Nov 03 01:17:36 GMT 2024","","COMMON","COMMON",""
"","2","D1-GADT.12","","Sun Nov 03 00:47:10 GMT 2024","passed","Sun Nov 03 00:47:10 GMT 2024","","QUICK","QUICK",""
"","1","D4-TYPE-PROP.14","","Sun Nov 03 01:13:31 GMT 2024","passed","Sun Nov 03 01:13:31 GMT 2024","","CHECK-TYPES","CHECK-TYPES",""
"","2","A1-SYMBOLS.03","","Sun Nov 03 00:37:20 GMT 2024","passed","Sun Nov 03 00:37:20 GMT 2024","","HYPERON-EXPERIMENTAL-SCRIPTS","HYPERON-EXPERIMENTAL-SCRIPTS",""
"","5000","hyperon-experimental_scripts.b1_equal_chain","","Sun Nov 03 00:37:15 GMT 2024","passed","Sun Nov 03 00:37:20 GMT 2024","","WHOLE-TESTS","WHOLE-TESTS",""
"","1","ADD-REMOVE-MATCH-MIX-FLOAT-INTEGER.08","","Sun Nov 03 00:54:23 GMT 2024","passed","Sun Nov 03 00:54:23 GMT 2024","","SPACES","SPACES",""
"","2","ADD-ATOM-NAIVE-FIB.04","","Sun Nov 03 02:05:29 GMT 2024","passed","Sun Nov 03 02:05:29 GMT 2024","","COMPARISONS","COMPARISONS",""
"","4","MATCH-FEVAL.01","","Sun Nov 03 01:50:09 GMT 2024","passed","Sun Nov 03 01:50:09 GMT 2024","","TRANSPILER","TRANSPILER",""
"","71","DEBUG-METTALOGTESTCURRIED.07","","Sun Nov 03 01:50:35 GMT 2024","passed","Sun Nov 03 01:50:35 GMT 2024","","WALK-THRU","WALK-THRU",""
"","2","TYPES-PRELIM.17","","Sun Nov 03 00:52:07 GMT 2024","passed","Sun Nov 03 00:52:07 GMT 2024","","CHAINING","CHAINING",""
"","5000","multidirectional.obif_clp","","Sun Nov 03 00:37:15 GMT 2024","passed","Sun Nov 03 00:37:20 GMT 2024","","WHOLE-TESTS","WHOLE-TESTS",""
"","67","E2-STATES.07","","Sun Nov 03 00:37:20 GMT 2024","failed","Sun Nov 03 00:37:20 GMT 2024","","HYPERON-EXPERIMENTAL-SCRIPTS","HYPERON-EXPERIMENTAL-SCRIPTS",""
"","2","TESTS3.01","","Sun Nov 03 00:47:37 GMT 2024","passed","Sun Nov 03 00:47:37 GMT 2024","","MAIN-BRANCH","MAIN-BRANCH",""
"","2","D2-HIGHERFUNC.12","","Sun Nov 03 00:37:20 GMT 2024","passed","Sun Nov 03 00:37:20 GMT 2024","","HYPERON-EXPERIMENTAL-SCRIPTS","HYPERON-EXPERIMENTAL-SCRIPTS",""
"","1012","TRAINING.04","","Sun Nov 03 02:11:44 GMT 2024","passed","Sun Nov 03 02:11:45 GMT 2024","","LANGUAGE-MODELS","LANGUAGE-MODELS",""
"","2","NILS-IF-CONTROL-TEST-3.02","","Sun Nov 03 02:05:29 GMT 2024","passed","Sun Nov 03 02:05:29 GMT 2024","","COMPARISONS","COMPARISONS",""
"","56","D5-AUTO-TYPES.02","","Sun Nov 03 01:13:31 GMT 2024","failed","Sun Nov 03 01:13:31 GMT 2024","","CHECK-TYPES","CHECK-TYPES",""
"","41000","current.tests1","","Sun Nov 03 00:37:15 GMT 2024","failed","Sun Nov 03 00:37:56 GMT 2024","","WHOLE-TESTS","WHOLE-TESTS",""
"","45000","prev.tests1","","Sun Nov 03 00:37:15 GMT 2024","failed","Sun Nov 03 00:38:00 GMT 2024","","WHOLE-TESTS","WHOLE-TESTS",""
"","5000","pln.gene-pln-xp","","Sun Nov 03 00:37:15 GMT 2024","passed","Sun Nov 03 00:37:20 GMT 2024","","WHOLE-TESTS","WHOLE-TESTS",""
"","169","DEDUCTIONMATCHTEST.01","","Sun Nov 03 01:23:54 GMT 2024","failed","Sun Nov 03 01:23:54 GMT 2024","","MATCH","MATCH",""
"","40","INF-CTL-XP.17","","Sun Nov 03 01:21:32 GMT 2024","failed","Sun Nov 03 01:21:32 GMT 2024","","INFERENCE-CONTROL","INFERENCE-CONTROL",""
"","14","V2-PLN-XP-EASY-IMPL.02","","Sun Nov 03 00:52:07 GMT 2024","passed","Sun Nov 03 00:52:07 GMT 2024","","CHAINING","CHAINING",""
"","2","FC-XP.14","","Sun Nov 03 01:20:16 GMT 2024","passed","Sun Nov 03 01:20:16 GMT 2024","","FORWARD-CHAINING","FORWARD-CHAINING",""
"","3","METTALOGTESTCURRIED2.01","","Sun Nov 03 00:44:59 GMT 2024","passed","Sun Nov 03 00:44:59 GMT 2024","","ANTI-REGRESSION","ANTI-REGRESSION",""
"","3","LISTTEST.12","","Sun Nov 03 01:17:36 GMT 2024","passed","Sun Nov 03 01:17:36 GMT 2024","","COMMON","COMMON",""
"","2","INF-CTL-MONTH-XP.02","","Sun Nov 03 01:21:32 GMT 2024","passed","Sun Nov 03 01:21:32 GMT 2024","","INFERENCE-CONTROL","INFERENCE-CONTROL",""
"","3","D4-TYPE-PROP.01","","Sun Nov 03 00:37:20 GMT 2024","passed","Sun Nov 03 00:37:20 GMT 2024","","HYPERON-EXPERIMENTAL-SCRIPTS","HYPERON-EXPERIMENTAL-SCRIPTS",""
"","1","TYPE-PROP.04","","Sun Nov 03 01:13:11 GMT 2024","passed","Sun Nov 03 01:13:11 GMT 2024","","CHECK-TYPES-TEMP","CHECK-TYPES-TEMP",""
"","41","FC-XP.13","","Sun Nov 03 01:20:16 GMT 2024","failed","Sun Nov 03 01:20:16 GMT 2024","","FORWARD-CHAINING","FORWARD-CHAINING",""
"","7000","prev.tests0","","Sun Nov 03 00:37:15 GMT 2024","passed","Sun Nov 03 00:37:22 GMT 2024","","WHOLE-TESTS","WHOLE-TESTS",""
"","3","D2-HIGHERFUNC.09","","Sun Nov 03 00:37:20 GMT 2024","passed","Sun Nov 03 00:37:20 GMT 2024","","HYPERON-EXPERIMENTAL-SCRIPTS","HYPERON-EXPERIMENTAL-SCRIPTS",""
"","5","F1-IMPORTS.02","","Sun Nov 03 00:37:20 GMT 2024","passed","Sun Nov 03 00:37:20 GMT 2024","","HYPERON-EXPERIMENTAL-SCRIPTS","HYPERON-EXPERIMENTAL-SCRIPTS",""
"","5000","hyperon-mettalog_sanity.space_subtraction_tests","","Sun Nov 03 00:37:15 GMT 2024","passed","Sun Nov 03 00:37:20 GMT 2024","","WHOLE-TESTS","WHOLE-TESTS",""
"","1260","SYNTHESIZE-VIA-LET-TEST.08","","Sun Nov 03 01:28:09 GMT 2024","failed","Sun Nov 03 01:28:10 GMT 2024","","EXPERIMENTS","EXPERIMENTS",""
"","3","INTERSECTION-TESTS.20","","Sun Nov 03 00:38:57 GMT 2024","passed","Sun Nov 03 00:38:57 GMT 2024","","HYPERON-METTALOG-SANITY","HYPERON-METTALOG-SANITY",""
"","3","F1-MODULEA.05","","Sun Nov 03 00:37:20 GMT 2024","passed","Sun Nov 03 00:37:20 GMT 2024","","HYPERON-EXPERIMENTAL-SCRIPTS","HYPERON-EXPERIMENTAL-SCRIPTS",""
"","21000","comparisons.nils_if_control_test_6","","Sun Nov 03 00:37:15 GMT 2024","passed","Sun Nov 03 00:37:36 GMT 2024","","WHOLE-TESTS","WHOLE-TESTS",""
"","2","NATSTANDALONETEST.04","","Sun Nov 03 01:20:22 GMT 2024","passed","Sun Nov 03 01:20:22 GMT 2024","","HOL","HOL",""
"","2","FORWARD-CHAINER-XP.07","","Sun Nov 03 01:20:07 GMT 2024","passed","Sun Nov 03 01:20:07 GMT 2024","","FORWARD-CHAINER","FORWARD-CHAINER",""
"","52","MODUSPONENSDTLTEST.01","","Sun Nov 03 01:16:13 GMT 2024","failed","Sun Nov 03 01:16:13 GMT 2024","","DEPENDENT-TYPES","DEPENDENT-TYPES",""
"","2","OR-TEST.13","","Sun Nov 03 00:38:57 GMT 2024","passed","Sun Nov 03 00:38:57 GMT 2024","","HYPERON-METTALOG-SANITY","HYPERON-METTALOG-SANITY",""
"","1","TYPE-PROP.05","","Sun Nov 03 00:52:07 GMT 2024","passed","Sun Nov 03 00:52:07 GMT 2024","","CHAINING","CHAINING",""
"","2","ADD-REMOVE-MATCH-MIX-FLOAT-INTEGER.12","","Sun Nov 03 00:54:23 GMT 2024","passed","Sun Nov 03 00:54:23 GMT 2024","","SPACES","SPACES",""
"","1290","PLLM-PENNTREE.05","","Sun Nov 03 02:11:44 GMT 2024","passed","Sun Nov 03 02:11:45 GMT 2024","","LANGUAGE-MODELS","LANGUAGE-MODELS",""
"","107","INF-CTL-MONTH-BC-CONT-XP.25","","Sun Nov 03 01:21:32 GMT 2024","passed","Sun Nov 03 01:21:32 GMT 2024","","INFERENCE-CONTROL","INFERENCE-CONTROL",""
"","2","NATSTANDALONETEST.08","","Sun Nov 03 01:20:22 GMT 2024","passed","Sun Nov 03 01:20:22 GMT 2024","","HOL","HOL",""
"","2","UNIFY-VIA-CASE.02","","Sun Nov 03 01:28:09 GMT 2024","passed","Sun Nov 03 01:28:09 GMT 2024","","EXPERIMENTS","EXPERIMENTS",""
"","3","TYPE-PROP.51","","Sun Nov 03 01:13:11 GMT 2024","passed","Sun Nov 03 01:13:11 GMT 2024","","CHECK-TYPES-TEMP","CHECK-TYPES-TEMP",""
"","2","HIGHER-ORDER-FUNCS.11","","Sun Nov 03 00:55:06 GMT 2024","passed","Sun Nov 03 00:55:06 GMT 2024","","STD","STD",""
"","2","06-MATCH-IN-SPACE.03","","Sun Nov 03 00:38:57 GMT 2024","passed","Sun Nov 03 00:38:57 GMT 2024","","HYPERON-METTALOG-SANITY","HYPERON-METTALOG-SANITY",""
"","4000","query.gene-query","","Sun Nov 03 00:37:15 GMT 2024","passed","Sun Nov 03 00:37:19 GMT 2024","","WHOLE-TESTS","WHOLE-TESTS",""
"","103","BASE-TEST-REPR-PARSE-INTERSECTION.01","","Sun Nov 03 00:38:57 GMT 2024","passed","Sun Nov 03 00:38:57 GMT 2024","","HYPERON-METTALOG-SANITY","HYPERON-METTALOG-SANITY",""
"","63","CREATE-SERVER.03","","Sun Nov 03 01:54:58 GMT 2024","failed","Sun Nov 03 01:54:58 GMT 2024","","DISTRIBUTED-PROCESSING","DISTRIBUTED-PROCESSING",""
"","45000","current.tests2","","Sun Nov 03 00:37:15 GMT 2024","failed","Sun Nov 03 00:38:00 GMT 2024","","WHOLE-TESTS","WHOLE-TESTS",""
"","3","SYNTHESIZE-VIA-CASE-TEST.04","","Sun Nov 03 01:28:09 GMT 2024","passed","Sun Nov 03 01:28:09 GMT 2024","","EXPERIMENTS","EXPERIMENTS",""
"","40000","main-branch.tests1","","Sun Nov 03 00:37:15 GMT 2024","failed","Sun Nov 03 00:37:55 GMT 2024","","WHOLE-TESTS","WHOLE-TESTS",""
"","2","OR-TEST.03","","Sun Nov 03 00:38:57 GMT 2024","passed","Sun Nov 03 00:38:57 GMT 2024","","HYPERON-METTALOG-SANITY","HYPERON-METTALOG-SANITY",""
"","67","E2-STATES.08","","Sun Nov 03 01:13:31 GMT 2024","failed","Sun Nov 03 01:13:31 GMT 2024","","CHECK-TYPES","CHECK-TYPES",""
"","22","NATTEST.04","","Sun Nov 03 01:20:22 GMT 2024","failed","Sun Nov 03 01:20:22 GMT 2024","","HOL","HOL",""
"","5000","metta-morph_tests.types","","Sun Nov 03 00:37:15 GMT 2024","passed","Sun Nov 03 00:37:20 GMT 2024","","WHOLE-TESTS","WHOLE-TESTS",""
"","2","C1-GROUNDED-BASIC.22","","Sun Nov 03 00:47:10 GMT 2024","passed","Sun Nov 03 00:47:10 GMT 2024","","QUICK","QUICK",""
"","3","SUBTRACTION-TEST.01","","Sun Nov 03 00:38:57 GMT 2024","passed","Sun Nov 03 00:38:57 GMT 2024","","HYPERON-METTALOG-SANITY","HYPERON-METTALOG-SANITY",""
"","2","TYPES-PRELIM.14","","Sun Nov 03 00:52:07 GMT 2024","passed","Sun Nov 03 00:52:07 GMT 2024","","CHAINING","CHAINING",""
"","3","QUERIES.01","","Sun Nov 03 01:09:46 GMT 2024","passed","Sun Nov 03 01:09:46 GMT 2024","","STRIPS-TO-METTA-IMPROVED","STRIPS-TO-METTA-IMPROVED",""
"","2","INF-CTL-MONTH-BC-CONT-XP.23","","Sun Nov 03 01:21:32 GMT 2024","passed","Sun Nov 03 01:21:32 GMT 2024","","INFERENCE-CONTROL","INFERENCE-CONTROL",""
"","6","HYPERON-EXPERIMENTAL-ISSUE-516.01","","Sun Nov 03 01:53:53 GMT 2024","passed","Sun Nov 03 01:53:53 GMT 2024","","DEBUGGING","DEBUGGING",""
"","2","CHAPTER-1-1.15","","Sun Nov 03 00:56:39 GMT 2024","passed","Sun Nov 03 00:56:39 GMT 2024","","SICP-BOOK","SICP-BOOK",""
"","4","TESTS0.05","","Sun Nov 03 01:37:25 GMT 2024","passed","Sun Nov 03 01:37:25 GMT 2024","","NARS-V0","NARS-V0",""
"","3","B0-CHAINING-PRELIM.01","","Sun Nov 03 00:37:20 GMT 2024","passed","Sun Nov 03 00:37:20 GMT 2024","","HYPERON-EXPERIMENTAL-SCRIPTS","HYPERON-EXPERIMENTAL-SCRIPTS",""
"","2","INF-CTL-XP.01","","Sun Nov 03 01:21:32 GMT 2024","passed","Sun Nov 03 01:21:32 GMT 2024","","INFERENCE-CONTROL","INFERENCE-CONTROL",""
"","77","COMBINED.03","","Sun Nov 03 01:55:17 GMT 2024","failed","Sun Nov 03 01:55:17 GMT 2024","","ITERATORS","ITERATORS",""
"","2","IFC-XP.06","","Sun Nov 03 01:23:34 GMT 2024","passed","Sun Nov 03 01:23:34 GMT 2024","","ITERATIVE-CHAINING","ITERATIVE-CHAINING",""
"","41","IMPLICATIONDIRECTINTRODUCTIONDTLTEST.11","","Sun Nov 03 01:16:13 GMT 2024","failed","Sun Nov 03 01:16:13 GMT 2024","","DEPENDENT-TYPES","DEPENDENT-TYPES",""
"","2","B5-TYPES-PRELIM.17","","Sun Nov 03 00:37:20 GMT 2024","passed","Sun Nov 03 00:37:20 GMT 2024","","HYPERON-EXPERIMENTAL-SCRIPTS","HYPERON-EXPERIMENTAL-SCRIPTS",""
"","2","FORWARD-CHAINER-XP.14","","Sun Nov 03 01:20:07 GMT 2024","passed","Sun Nov 03 01:20:07 GMT 2024","","FORWARD-CHAINER","FORWARD-CHAINER",""
"","2","D2-HIGHERFUNC.17","","Sun Nov 03 01:13:31 GMT 2024","passed","Sun Nov 03 01:13:31 GMT 2024","","CHECK-TYPES","CHECK-TYPES",""
"","2","D2-HIGHERFUNC.19","","Sun Nov 03 00:37:20 GMT 2024","passed","Sun Nov 03 00:37:20 GMT 2024","","HYPERON-EXPERIMENTAL-SCRIPTS","HYPERON-EXPERIMENTAL-SCRIPTS",""
"","102","STDLIB-METTALOG-TEST-PT2.62","","Sun Nov 03 00:56:29 GMT 2024","failed","Sun Nov 03 00:56:29 GMT 2024","","STDLIB-METTALOG","STDLIB-METTALOG",""
"","495","TESTS0.08","","Sun Nov 03 01:32:21 GMT 2024","failed","Sun Nov 03 01:32:21 GMT 2024","","CURRENT","CURRENT",""
"","2","BC-XP.05","","Sun Nov 03 00:52:07 GMT 2024","passed","Sun Nov 03 00:52:07 GMT 2024","","CHAINING","CHAINING",""
"","42","TYPE-PROP.67","","Sun Nov 03 01:13:11 GMT 2024","failed","Sun Nov 03 01:13:11 GMT 2024","","CHECK-TYPES-TEMP","CHECK-TYPES-TEMP",""
"","2","IBC-XP.03","","Sun Nov 03 01:23:34 GMT 2024","passed","Sun Nov 03 01:23:34 GMT 2024","","ITERATIVE-CHAINING","ITERATIVE-CHAINING",""
"","5000","transpiler.let_superpose_list","","Sun Nov 03 00:37:15 GMT 2024","passed","Sun Nov 03 00:37:20 GMT 2024","","WHOLE-TESTS","WHOLE-TESTS",""
"","65","OBIF-CLP.01","","Sun Nov 03 01:56:50 GMT 2024","failed","Sun Nov 03 01:56:50 GMT 2024","","MULTIDIRECTIONAL","MULTIDIRECTIONAL",""
"","4000","hyperon-experimental_scripts.b2_backchain","","Sun Nov 03 00:37:15 GMT 2024","passed","Sun Nov 03 00:37:19 GMT 2024","","WHOLE-TESTS","WHOLE-TESTS",""
"","5","ADD-REMOVE-MATCH-INTEGER.42","","Sun Nov 03 00:54:23 GMT 2024","passed","Sun Nov 03 00:54:23 GMT 2024","","SPACES","SPACES",""
"","80","ADD-REMOVE-MATCH-INTEGER.38","","Sun Nov 03 00:54:23 GMT 2024","passed","Sun Nov 03 00:54:23 GMT 2024","","SPACES","SPACES",""
"","2","BC-XP.06","","Sun Nov 03 01:17:27 GMT 2024","passed","Sun Nov 03 01:17:27 GMT 2024","","BACKWARD-CHAINING","BACKWARD-CHAINING",""
"","2","TMPMATCH1.04","","Sun Nov 03 00:44:59 GMT 2024","passed","Sun Nov 03 00:44:59 GMT 2024","","ANTI-REGRESSION","ANTI-REGRESSION",""
"","2","CHAPTER-1-1.20","","Sun Nov 03 00:56:39 GMT 2024","passed","Sun Nov 03 00:56:39 GMT 2024","","SICP-BOOK","SICP-BOOK",""
"","1","SYNTHESIZE-VIA-SUPERPOSE.02","","Sun Nov 03 01:28:09 GMT 2024","passed","Sun Nov 03 01:28:09 GMT 2024","","EXPERIMENTS","EXPERIMENTS",""
"","3","STATE-TYPES.01","","Sun Nov 03 01:59:10 GMT 2024","passed","Sun Nov 03 01:59:10 GMT 2024","","BASIC","BASIC",""
"","566","NATPARITYTEST.17","","Sun Nov 03 01:20:22 GMT 2024","passed","Sun Nov 03 01:20:22 GMT 2024","","HOL","HOL",""
"","2","BCHAIN.03","","Sun Nov 03 01:50:35 GMT 2024","passed","Sun Nov 03 01:50:35 GMT 2024","","WALK-THRU","WALK-THRU",""
"","2","V2-PLN-XP.04","","Sun Nov 03 00:52:07 GMT 2024","passed","Sun Nov 03 00:52:07 GMT 2024","","CHAINING","CHAINING",""
"","100","OR-TEST.20","","Sun Nov 03 00:38:57 GMT 2024","failed","Sun Nov 03 00:38:57 GMT 2024","","HYPERON-METTALOG-SANITY","HYPERON-METTALOG-SANITY",""
"","40","STDLIB-METTALOG-TEST-PT2.16","","Sun Nov 03 00:56:29 GMT 2024","failed","Sun Nov 03 00:56:29 GMT 2024","","STDLIB-METTALOG","STDLIB-METTALOG",""
"","3","UNIFY-VIA-LET.03","","Sun Nov 03 01:28:09 GMT 2024","passed","Sun Nov 03 01:28:09 GMT 2024","","EXPERIMENTS","EXPERIMENTS",""
"","53","D5-AUTO-TYPES.05","","Sun Nov 03 00:37:20 GMT 2024","failed","Sun Nov 03 00:37:20 GMT 2024","","HYPERON-EXPERIMENTAL-SCRIPTS","HYPERON-EXPERIMENTAL-SCRIPTS",""
"","3","FORWARD-CHAINER-TEST.14","","Sun Nov 03 01:20:07 GMT 2024","passed","Sun Nov 03 01:20:07 GMT 2024","","FORWARD-CHAINER","FORWARD-CHAINER",""
"","2","ADD-REMOVE-MATCH-FLOAT.06","","Sun Nov 03 00:54:23 GMT 2024","passed","Sun Nov 03 00:54:23 GMT 2024","","SPACES","SPACES",""
"","1","HYPERPOSING.03","","Sun Nov 03 01:59:10 GMT 2024","passed","Sun Nov 03 01:59:10 GMT 2024","","BASIC","BASIC",""
"","3","EXAM-SPACES.01","","Sun Nov 03 00:54:10 GMT 2024","passed","Sun Nov 03 00:54:10 GMT 2024","","INTROSPECT","INTROSPECT",""
"","9000","bigram-sentence-evaluator.trigramModel","","Sun Nov 03 00:37:15 GMT 2024","passed","Sun Nov 03 00:37:24 GMT 2024","","WHOLE-TESTS","WHOLE-TESTS",""
"","2","CHAPTER-1-3.02","","Sun Nov 03 00:56:39 GMT 2024","passed","Sun Nov 03 00:56:39 GMT 2024","","SICP-BOOK","SICP-BOOK",""
"","2","FC-XP.15","","Sun Nov 03 01:20:16 GMT 2024","passed","Sun Nov 03 01:20:16 GMT 2024","","FORWARD-CHAINING","FORWARD-CHAINING",""
"","2","STATE-TYPES.11","","Sun Nov 03 01:59:10 GMT 2024","passed","Sun Nov 03 01:59:10 GMT 2024","","BASIC","BASIC",""
"","2","CHAPTER-1-1.05","","Sun Nov 03 00:56:39 GMT 2024","passed","Sun Nov 03 00:56:39 GMT 2024","","SICP-BOOK","SICP-BOOK",""
"","4000","check_types.d3_deptypes","","Sun Nov 03 00:37:15 GMT 2024","passed","Sun Nov 03 00:37:19 GMT 2024","","WHOLE-TESTS","WHOLE-TESTS",""
"","5","INF-CTL-XP.03","","Sun Nov 03 01:21:32 GMT 2024","passed","Sun Nov 03 01:21:32 GMT 2024","","INFERENCE-CONTROL","INFERENCE-CONTROL",""
"","41","IFC-XP.20","","Sun Nov 03 01:23:34 GMT 2024","failed","Sun Nov 03 01:23:34 GMT 2024","","ITERATIVE-CHAINING","ITERATIVE-CHAINING",""
"","3","TEST-IF-CLOSED.01","","Sun Nov 03 01:50:35 GMT 2024","passed","Sun Nov 03 01:50:35 GMT 2024","","WALK-THRU","WALK-THRU",""
"","3","NATPARITYTEST.01","","Sun Nov 03 01:20:22 GMT 2024","passed","Sun Nov 03 01:20:22 GMT 2024","","HOL","HOL",""
"","6000","hol.NatParityTest","","Sun Nov 03 00:37:15 GMT 2024","passed","Sun Nov 03 00:37:21 GMT 2024","","WHOLE-TESTS","WHOLE-TESTS",""
"","2","SUBTRACTION-TEST.09","","Sun Nov 03 00:38:57 GMT 2024","passed","Sun Nov 03 00:38:57 GMT 2024","","HYPERON-METTALOG-SANITY","HYPERON-METTALOG-SANITY",""
"","2","NILS-IF-CONTROL-TEST-2.01","","Sun Nov 03 02:05:29 GMT 2024","passed","Sun Nov 03 02:05:29 GMT 2024","","COMPARISONS","COMPARISONS",""
"","2","D4-TYPE-PROP.15","","Sun Nov 03 00:37:20 GMT 2024","passed","Sun Nov 03 00:37:20 GMT 2024","","HYPERON-EXPERIMENTAL-SCRIPTS","HYPERON-EXPERIMENTAL-SCRIPTS",""
"","1165","TRAINING.01","","Sun Nov 03 02:11:44 GMT 2024","passed","Sun Nov 03 02:11:45 GMT 2024","","LANGUAGE-MODELS","LANGUAGE-MODELS",""
"","2","CHAPTER-1-1.19","","Sun Nov 03 00:56:39 GMT 2024","passed","Sun Nov 03 00:56:39 GMT 2024","","SICP-BOOK","SICP-BOOK",""
"","2","00A-LANG-COMPILED-CASE.01","","Sun Nov 03 01:49:09 GMT 2024","passed","Sun Nov 03 01:49:09 GMT 2024","","DIRECT-COMP","DIRECT-COMP",""
"","2","D4-TYPE-PROP.11","","Sun Nov 03 01:13:31 GMT 2024","passed","Sun Nov 03 01:13:31 GMT 2024","","CHECK-TYPES","CHECK-TYPES",""
"","2","B5-TYPES-PRELIM.22","","Sun Nov 03 01:13:11 GMT 2024","passed","Sun Nov 03 01:13:11 GMT 2024","","CHECK-TYPES-TEMP","CHECK-TYPES-TEMP",""
"","1","HYPERPOSE.03","","Sun Nov 03 00:42:53 GMT 2024","passed","Sun Nov 03 00:42:53 GMT 2024","","METTA-MORPH-TESTS","METTA-MORPH-TESTS",""
"","4000","metta-morph_tests.let_superpose_if_case","","Sun Nov 03 00:37:15 GMT 2024","passed","Sun Nov 03 00:37:19 GMT 2024","","WHOLE-TESTS","WHOLE-TESTS",""
"","3","HIGHER-ORDER-FUNCS.06","","Sun Nov 03 00:55:06 GMT 2024","passed","Sun Nov 03 00:55:06 GMT 2024","","STD","STD",""
"","2","D4-TYPE-PROP.13","","Sun Nov 03 00:37:20 GMT 2024","passed","Sun Nov 03 00:37:20 GMT 2024","","HYPERON-EXPERIMENTAL-SCRIPTS","HYPERON-EXPERIMENTAL-SCRIPTS",""
"","2","STATE-TYPES.22","","Sun Nov 03 01:59:10 GMT 2024","passed","Sun Nov 03 01:59:10 GMT 2024","","BASIC","BASIC",""
"","3","LISTTEST.10","","Sun Nov 03 01:17:36 GMT 2024","passed","Sun Nov 03 01:17:36 GMT 2024","","COMMON","COMMON",""
"","6","F1-IMPORTS.02","","Sun Nov 03 00:47:10 GMT 2024","passed","Sun Nov 03 00:47:10 GMT 2024","","QUICK","QUICK",""
"","118","STDLIB-METTALOG-TEST-PT2.37","","Sun Nov 03 00:56:29 GMT 2024","failed","Sun Nov 03 00:56:29 GMT 2024","","STDLIB-METTALOG","STDLIB-METTALOG",""
"","3","STATE-TYPES.21","","Sun Nov 03 01:59:10 GMT 2024","passed","Sun Nov 03 01:59:10 GMT 2024","","BASIC","BASIC",""
"","3","REWRITES.01","","Sun Nov 03 01:08:56 GMT 2024","passed","Sun Nov 03 01:08:56 GMT 2024","","STACK-BASED","STACK-BASED",""
"","2","TESTS0.03","","Sun Nov 03 01:41:19 GMT 2024","passed","Sun Nov 03 01:41:19 GMT 2024","","NEW","NEW",""
"","69","SYNTHESIZE-VIA-LET-TEST.10","","Sun Nov 03 01:28:09 GMT 2024","passed","Sun Nov 03 01:28:09 GMT 2024","","EXPERIMENTS","EXPERIMENTS",""
"","2","TYPE-PROP.06","","Sun Nov 03 01:13:11 GMT 2024","passed","Sun Nov 03 01:13:11 GMT 2024","","CHECK-TYPES-TEMP","CHECK-TYPES-TEMP",""
"","3","BC-XP.14","","Sun Nov 03 01:17:27 GMT 2024","passed","Sun Nov 03 01:17:27 GMT 2024","","BACKWARD-CHAINING","BACKWARD-CHAINING",""
"","2","INF-CTL-MONTH-XP-SHORT-3.04","","Sun Nov 03 02:05:29 GMT 2024","passed","Sun Nov 03 02:05:29 GMT 2024","","COMPARISONS","COMPARISONS",""
"","5000","hyperon-mettalog_sanity.or_test","","Sun Nov 03 00:37:15 GMT 2024","passed","Sun Nov 03 00:37:20 GMT 2024","","WHOLE-TESTS","WHOLE-TESTS",""
"","2","C1-GROUNDED-BASIC.03","","Sun Nov 03 00:37:20 GMT 2024","passed","Sun Nov 03 00:37:20 GMT 2024","","HYPERON-EXPERIMENTAL-SCRIPTS","HYPERON-EXPERIMENTAL-SCRIPTS",""
"","2","E2-STATES.09","","Sun Nov 03 01:13:31 GMT 2024","passed","Sun Nov 03 01:13:31 GMT 2024","","CHECK-TYPES","CHECK-TYPES",""
"","2","TYPE-PROP.78","","Sun Nov 03 01:13:11 GMT 2024","passed","Sun Nov 03 01:13:11 GMT 2024","","CHECK-TYPES-TEMP","CHECK-TYPES-TEMP",""
"","1","AI-SERVICE-COMPOSITION-SANITY.04","","Sun Nov 03 01:10:39 GMT 2024","passed","Sun Nov 03 01:10:39 GMT 2024","","AI-SERVICE","AI-SERVICE",""
"","1","MATCH-VOID.06","","Sun Nov 03 00:42:53 GMT 2024","passed","Sun Nov 03 00:42:53 GMT 2024","","METTA-MORPH-TESTS","METTA-MORPH-TESTS",""
"","2","PROB-DEP-TYPES.02","","Sun Nov 03 01:05:14 GMT 2024","passed","Sun Nov 03 01:05:14 GMT 2024","","PROB-DEP-TYPES","PROB-DEP-TYPES",""
"","3","D2-HIGHERFUNC.10","","Sun Nov 03 01:13:31 GMT 2024","passed","Sun Nov 03 01:13:31 GMT 2024","","CHECK-TYPES","CHECK-TYPES",""
"","2","ADD-REMOVE-MATCH-S-STRINGS.16","","Sun Nov 03 00:54:23 GMT 2024","passed","Sun Nov 03 00:54:23 GMT 2024","","SPACES","SPACES",""
"","2","FORWARD-CHAINER-TEST.11","","Sun Nov 03 01:20:07 GMT 2024","passed","Sun Nov 03 01:20:07 GMT 2024","","FORWARD-CHAINER","FORWARD-CHAINER",""
"","2","ADD-REMOVE-MATCH-S-STRINGS.11","","Sun Nov 03 00:54:23 GMT 2024","passed","Sun Nov 03 00:54:23 GMT 2024","","SPACES","SPACES",""
"","2","BCHAIN.04","","Sun Nov 03 00:44:59 GMT 2024","passed","Sun Nov 03 00:44:59 GMT 2024","","ANTI-REGRESSION","ANTI-REGRESSION",""
"","2","IBC-XP.02","","Sun Nov 03 01:23:34 GMT 2024","passed","Sun Nov 03 01:23:34 GMT 2024","","ITERATIVE-CHAINING","ITERATIVE-CHAINING",""
"","2","D2-HIGHERFUNC.23","","Sun Nov 03 01:13:31 GMT 2024","passed","Sun Nov 03 01:13:31 GMT 2024","","CHECK-TYPES","CHECK-TYPES",""
"","2","C1-GROUNDED-BASIC.18","","Sun Nov 03 00:47:10 GMT 2024","passed","Sun Nov 03 00:47:10 GMT 2024","","QUICK","QUICK",""
"","3","INTERSECTION-TESTS.01","","Sun Nov 03 00:38:57 GMT 2024","passed","Sun Nov 03 00:38:57 GMT 2024","","HYPERON-METTALOG-SANITY","HYPERON-METTALOG-SANITY",""
"","1","KEY-LOOKUPS-MANY.09","","Sun Nov 03 01:59:10 GMT 2024","passed","Sun Nov 03 01:59:10 GMT 2024","","BASIC","BASIC",""
"","1","ADD-REMOVE-MATCH-S-STRINGS.04","","Sun Nov 03 00:54:23 GMT 2024","passed","Sun Nov 03 00:54:23 GMT 2024","","SPACES","SPACES",""
"","69","F1-IMPORTS.14","","Sun Nov 03 00:37:10 GMT 2024","passed","Sun Nov 03 00:37:10 GMT 2024","","MODULE-SYSTEM","MODULE-SYSTEM",""
"","2","STATE-TYPES.17","","Sun Nov 03 01:59:10 GMT 2024","passed","Sun Nov 03 01:59:10 GMT 2024","","BASIC","BASIC",""
"","2","C1-GROUNDED-BASIC.13","","Sun Nov 03 00:37:20 GMT 2024","passed","Sun Nov 03 00:37:20 GMT 2024","","HYPERON-EXPERIMENTAL-SCRIPTS","HYPERON-EXPERIMENTAL-SCRIPTS",""
"","3","BACKWARD-CHAINER-XP.31","","Sun Nov 03 01:17:21 GMT 2024","passed","Sun Nov 03 01:17:21 GMT 2024","","BACKWARD-CHAINER","BACKWARD-CHAINER",""
"","161","SHOW-TYPE.07","","Sun Nov 03 00:54:10 GMT 2024","failed","Sun Nov 03 00:54:10 GMT 2024","","INTROSPECT","INTROSPECT",""
"","2","ADD-REMOVE-MATCH-MIX-FLOAT-INTEGER.06","","Sun Nov 03 00:54:23 GMT 2024","passed","Sun Nov 03 00:54:23 GMT 2024","","SPACES","SPACES",""
"","281","QUERIES.06","","Sun Nov 03 01:09:46 GMT 2024","passed","Sun Nov 03 01:09:46 GMT 2024","","STRIPS-TO-METTA-IMPROVED","STRIPS-TO-METTA-IMPROVED",""
"","3","D2-HIGHERFUNC.24","","Sun Nov 03 00:37:20 GMT 2024","passed","Sun Nov 03 00:37:20 GMT 2024","","HYPERON-EXPERIMENTAL-SCRIPTS","HYPERON-EXPERIMENTAL-SCRIPTS",""
"","3","LOCATED-TEST.01","","Sun Nov 03 01:27:12 GMT 2024","passed","Sun Nov 03 01:27:12 GMT 2024","","LOCATED","LOCATED",""
"","2","KEY-LOOKUPS-MANY.08","","Sun Nov 03 01:59:10 GMT 2024","passed","Sun Nov 03 01:59:10 GMT 2024","","BASIC","BASIC",""
"","4","INTERSECTION-TESTS.26","","Sun Nov 03 00:38:57 GMT 2024","passed","Sun Nov 03 00:38:57 GMT 2024","","HYPERON-METTALOG-SANITY","HYPERON-METTALOG-SANITY",""
"","17","IMPLICATIONDIRECTINTRODUCTIONMATCHTEST.01","","Sun Nov 03 01:23:54 GMT 2024","failed","Sun Nov 03 01:23:54 GMT 2024","","MATCH","MATCH",""
"","3","STRING-TESTS.01","","Sun Nov 03 00:38:57 GMT 2024","passed","Sun Nov 03 00:38:57 GMT 2024","","HYPERON-METTALOG-SANITY","HYPERON-METTALOG-SANITY",""
"","2","TMPMATCH1.02","","Sun Nov 03 01:50:35 GMT 2024","passed","Sun Nov 03 01:50:35 GMT 2024","","WALK-THRU","WALK-THRU",""
"","1318","TESTS3.02","","Sun Nov 03 00:47:37 GMT 2024","failed","Sun Nov 03 00:47:38 GMT 2024","","MAIN-BRANCH","MAIN-BRANCH",""
"","2","00-LANG-CASE.06","","Sun Nov 03 00:38:57 GMT 2024","passed","Sun Nov 03 00:38:57 GMT 2024","","HYPERON-METTALOG-SANITY","HYPERON-METTALOG-SANITY",""
"","47","CHAPTER-2-2.07","","Sun Nov 03 00:56:39 GMT 2024","failed","Sun Nov 03 00:56:39 GMT 2024","","SICP-BOOK","SICP-BOOK",""
"","2","TYPES-PRELIM.09","","Sun Nov 03 00:52:07 GMT 2024","passed","Sun Nov 03 00:52:07 GMT 2024","","CHAINING","CHAINING",""
"","2","BCHAIN-COMP.03","","Sun Nov 03 00:44:59 GMT 2024","passed","Sun Nov 03 00:44:59 GMT 2024","","ANTI-REGRESSION","ANTI-REGRESSION",""
"","5000","hyperon-mettalog_sanity.space_intersection_tests","","Sun Nov 03 00:37:15 GMT 2024","passed","Sun Nov 03 00:37:20 GMT 2024","","WHOLE-TESTS","WHOLE-TESTS",""
"","25","INF-CTL-XP.12","","Sun Nov 03 01:21:32 GMT 2024","failed","Sun Nov 03 01:21:32 GMT 2024","","INFERENCE-CONTROL","INFERENCE-CONTROL",""
"","2","GROUNDED-BASIC.01","","Sun Nov 03 00:55:06 GMT 2024","passed","Sun Nov 03 00:55:06 GMT 2024","","STD","STD",""
"","110","ADD-ATOM-NAIVE-FIB.09","","Sun Nov 03 02:05:29 GMT 2024","passed","Sun Nov 03 02:05:29 GMT 2024","","COMPARISONS","COMPARISONS",""
"","3","D4-TYPE-PROP.04","","Sun Nov 03 01:13:31 GMT 2024","passed","Sun Nov 03 01:13:31 GMT 2024","","CHECK-TYPES","CHECK-TYPES",""
"","2","KB-WRITE.03","","Sun Nov 03 00:55:06 GMT 2024","passed","Sun Nov 03 00:55:06 GMT 2024","","STD","STD",""
"","4000","chaining.parent_go_1","","Sun Nov 03 00:37:15 GMT 2024","passed","Sun Nov 03 00:37:19 GMT 2024","","WHOLE-TESTS","WHOLE-TESTS",""
"","2","STATE-TYPES.14","","Sun Nov 03 01:59:10 GMT 2024","passed","Sun Nov 03 01:59:10 GMT 2024","","BASIC","BASIC",""
"","4000","collatz.peano","","Sun Nov 03 00:37:15 GMT 2024","passed","Sun Nov 03 00:37:19 GMT 2024","","WHOLE-TESTS","WHOLE-TESTS",""
"","4","UNIQUE-TEST.14","","Sun Nov 03 00:38:57 GMT 2024","passed","Sun Nov 03 00:38:57 GMT 2024","","HYPERON-METTALOG-SANITY","HYPERON-METTALOG-SANITY",""
"","2739","TESTS3.06","","Sun Nov 03 00:47:37 GMT 2024","failed","Sun Nov 03 00:47:39 GMT 2024","","MAIN-BRANCH","MAIN-BRANCH",""
"","5000","comparisons.inf-ctl-month-xp-short_3","","Sun Nov 03 00:37:15 GMT 2024","passed","Sun Nov 03 00:37:20 GMT 2024","","WHOLE-TESTS","WHOLE-TESTS",""
"","2","CHAPTER-2-4.05","","Sun Nov 03 00:56:39 GMT 2024","passed","Sun Nov 03 00:56:39 GMT 2024","","SICP-BOOK","SICP-BOOK",""
"","2","BC-XP.15","","Sun Nov 03 01:17:27 GMT 2024","passed","Sun Nov 03 01:17:27 GMT 2024","","BACKWARD-CHAINING","BACKWARD-CHAINING",""
"","5000","backward-chainer.backward-chainer-xp","","Sun Nov 03 00:37:15 GMT 2024","passed","Sun Nov 03 00:37:20 GMT 2024","","WHOLE-TESTS","WHOLE-TESTS",""
"","18","INF-CTL-MONTH-XP.08","","Sun Nov 03 01:21:32 GMT 2024","failed","Sun Nov 03 01:21:32 GMT 2024","","INFERENCE-CONTROL","INFERENCE-CONTROL",""
"","2","BCHAIN-COMP.05","","Sun Nov 03 00:44:59 GMT 2024","passed","Sun Nov 03 00:44:59 GMT 2024","","ANTI-REGRESSION","ANTI-REGRESSION",""
"","2","F1-IMPORTS.11","","Sun Nov 03 00:37:20 GMT 2024","passed","Sun Nov 03 00:37:20 GMT 2024","","HYPERON-EXPERIMENTAL-SCRIPTS","HYPERON-EXPERIMENTAL-SCRIPTS",""
"","15","D3-DEPTYPES.04","","Sun Nov 03 01:13:31 GMT 2024","passed","Sun Nov 03 01:13:31 GMT 2024","","CHECK-TYPES","CHECK-TYPES",""
"","2","ORDEREDSETTEST.04","","Sun Nov 03 01:17:36 GMT 2024","passed","Sun Nov 03 01:17:36 GMT 2024","","COMMON","COMMON",""
"","2","PLN-XP-LOCAL-V2.02","","Sun Nov 03 00:52:07 GMT 2024","passed","Sun Nov 03 00:52:07 GMT 2024","","CHAINING","CHAINING",""
"","583","IOIOIOI.03","","Sun Nov 03 01:56:50 GMT 2024","passed","Sun Nov 03 01:56:50 GMT 2024","","MULTIDIRECTIONAL","MULTIDIRECTIONAL",""
"","2","00A-LANG-COMPILED-CASE.11","","Sun Nov 03 01:49:09 GMT 2024","passed","Sun Nov 03 01:49:09 GMT 2024","","DIRECT-COMP","DIRECT-COMP",""
"","46000","prev.tests2","","Sun Nov 03 00:37:15 GMT 2024","failed","Sun Nov 03 00:38:01 GMT 2024","","WHOLE-TESTS","WHOLE-TESTS",""
"","2","PC-XP.10","","Sun Nov 03 01:26:17 GMT 2024","passed","Sun Nov 03 01:26:17 GMT 2024","","POLYWARD-CHAINING","POLYWARD-CHAINING",""
"","2","B3-DIRECT.03","","Sun Nov 03 00:37:20 GMT 2024","passed","Sun Nov 03 00:37:20 GMT 2024","","HYPERON-EXPERIMENTAL-SCRIPTS","HYPERON-EXPERIMENTAL-SCRIPTS",""
"","2","OR-TEST.18","","Sun Nov 03 00:38:57 GMT 2024","passed","Sun Nov 03 00:38:57 GMT 2024","","HYPERON-METTALOG-SANITY","HYPERON-METTALOG-SANITY",""
"","1","ADD-REMOVE-MATCH-SS-SYMBOLS.04","","Sun Nov 03 00:54:23 GMT 2024","passed","Sun Nov 03 00:54:23 GMT 2024","","SPACES","SPACES",""
"","16","NATSTANDALONETEST.11","","Sun Nov 03 01:20:22 GMT 2024","failed","Sun Nov 03 01:20:22 GMT 2024","","HOL","HOL",""
"","3","D4-TYPE-PROP.01","","Sun Nov 03 01:13:31 GMT 2024","passed","Sun Nov 03 01:13:31 GMT 2024","","CHECK-TYPES","CHECK-TYPES",""
"","571","TMPMATCH2.05","","Sun Nov 03 00:44:59 GMT 2024","passed","Sun Nov 03 00:44:59 GMT 2024","","ANTI-REGRESSION","ANTI-REGRESSION",""
"","4","OR-TEST.17","","Sun Nov 03 00:38:57 GMT 2024","passed","Sun Nov 03 00:38:57 GMT 2024","","HYPERON-METTALOG-SANITY","HYPERON-METTALOG-SANITY",""
"","79","STDLIB-METTALOG-TEST-PT2.72","","Sun Nov 03 00:56:29 GMT 2024","failed","Sun Nov 03 00:56:29 GMT 2024","","STDLIB-METTALOG","STDLIB-METTALOG",""
"","5000","hyperon-experimental_scripts.a1_symbols","","Sun Nov 03 00:37:15 GMT 2024","passed","Sun Nov 03 00:37:20 GMT 2024","","WHOLE-TESTS","WHOLE-TESTS",""
"","3","CML-UNSHARED.01","","Sun Nov 03 01:59:10 GMT 2024","passed","Sun Nov 03 01:59:10 GMT 2024","","BASIC","BASIC",""
"","74","B5-TYPES-PRELIM.24","","Sun Nov 03 00:37:20 GMT 2024","failed","Sun Nov 03 00:37:20 GMT 2024","","HYPERON-EXPERIMENTAL-SCRIPTS","HYPERON-EXPERIMENTAL-SCRIPTS",""
"","2","IOIOIOI.01","","Sun Nov 03 01:56:50 GMT 2024","passed","Sun Nov 03 01:56:50 GMT 2024","","MULTIDIRECTIONAL","MULTIDIRECTIONAL",""
"","2","IFC-XP.31","","Sun Nov 03 01:23:34 GMT 2024","passed","Sun Nov 03 01:23:34 GMT 2024","","ITERATIVE-CHAINING","ITERATIVE-CHAINING",""
"","17098","NARS-BUILDTUPLECOUNTS.02","","Sun Nov 03 01:36:09 GMT 2024","failed","Sun Nov 03 01:36:26 GMT 2024","","NARS-EXTRAS","NARS-EXTRAS",""
"","40000","comparisons.naive-fib","","Sun Nov 03 00:37:15 GMT 2024","failed","Sun Nov 03 00:37:55 GMT 2024","","WHOLE-TESTS","WHOLE-TESTS",""
"","2","B5-TYPES-PRELIM.21","","Sun Nov 03 01:13:11 GMT 2024","passed","Sun Nov 03 01:13:11 GMT 2024","","CHECK-TYPES-TEMP","CHECK-TYPES-TEMP",""
"","10000","chaining.pln-xp","","Sun Nov 03 00:37:15 GMT 2024","passed","Sun Nov 03 00:37:25 GMT 2024","","WHOLE-TESTS","WHOLE-TESTS",""
"","3","BACKWARD-CHAINER-XP.45","","Sun Nov 03 01:17:21 GMT 2024","passed","Sun Nov 03 01:17:21 GMT 2024","","BACKWARD-CHAINER","BACKWARD-CHAINER",""
"","1","INF-CTL-MONTH-XP-SHORT-3.06","","Sun Nov 03 02:05:29 GMT 2024","passed","Sun Nov 03 02:05:29 GMT 2024","","COMPARISONS","COMPARISONS",""
"","388","MODUSPONENSDTLTEST.03","","Sun Nov 03 01:16:13 GMT 2024","failed","Sun Nov 03 01:16:13 GMT 2024","","DEPENDENT-TYPES","DEPENDENT-TYPES",""
"","25","INF-CTL-XP.13","","Sun Nov 03 01:21:32 GMT 2024","failed","Sun Nov 03 01:21:32 GMT 2024","","INFERENCE-CONTROL","INFERENCE-CONTROL",""
"","2","C1-GROUNDED-BASIC.07","","Sun Nov 03 00:47:10 GMT 2024","passed","Sun Nov 03 00:47:10 GMT 2024","","QUICK","QUICK",""
"","339","SYNTHESIZE-VIA-CASE-TEST.07","","Sun Nov 03 01:28:09 GMT 2024","failed","Sun Nov 03 01:28:09 GMT 2024","","EXPERIMENTS","EXPERIMENTS",""
"","2","BC-XP.04","","Sun Nov 03 00:52:07 GMT 2024","passed","Sun Nov 03 00:52:07 GMT 2024","","CHAINING","CHAINING",""
"","5000","experiments.non-determinism","","Sun Nov 03 00:37:15 GMT 2024","passed","Sun Nov 03 00:37:20 GMT 2024","","WHOLE-TESTS","WHOLE-TESTS",""
"","2","D4-TYPE-PROP.13","","Sun Nov 03 01:13:31 GMT 2024","passed","Sun Nov 03 01:13:31 GMT 2024","","CHECK-TYPES","CHECK-TYPES",""
"","1","ADD-REMOVE-MATCH-MIX-FLOAT-INTEGER.26","","Sun Nov 03 00:54:23 GMT 2024","passed","Sun Nov 03 00:54:23 GMT 2024","","SPACES","SPACES",""
"","6","EVIDENTIALTRUTHVALUETEST.02","","Sun Nov 03 01:18:04 GMT 2024","passed","Sun Nov 03 01:18:04 GMT 2024","","TRUTHVALUE","TRUTHVALUE",""
"","2","ADD-REMOVE-MATCH-MIX-FLOAT-INTEGER.18","","Sun Nov 03 00:54:23 GMT 2024","passed","Sun Nov 03 00:54:23 GMT 2024","","SPACES","SPACES",""
"","2","B4-NONDETERM.08","","Sun Nov 03 00:37:20 GMT 2024","passed","Sun Nov 03 00:37:20 GMT 2024","","HYPERON-EXPERIMENTAL-SCRIPTS","HYPERON-EXPERIMENTAL-SCRIPTS",""
"","45000","nars_v0.tests2","","Sun Nov 03 00:37:15 GMT 2024","failed","Sun Nov 03 00:38:00 GMT 2024","","WHOLE-TESTS","WHOLE-TESTS",""
"","2","ORDEREDSETTEST.03","","Sun Nov 03 01:17:36 GMT 2024","passed","Sun Nov 03 01:17:36 GMT 2024","","COMMON","COMMON",""
"","2","FLIP-TEST.02","","Sun Nov 03 00:38:57 GMT 2024","passed","Sun Nov 03 00:38:57 GMT 2024","","HYPERON-METTALOG-SANITY","HYPERON-METTALOG-SANITY",""
"","3","FORWARD-CHAINER-XP.03","","Sun Nov 03 01:20:07 GMT 2024","passed","Sun Nov 03 01:20:07 GMT 2024","","FORWARD-CHAINER","FORWARD-CHAINER",""
"","2","FORWARD-CHAINER-XP.25","","Sun Nov 03 01:20:07 GMT 2024","passed","Sun Nov 03 01:20:07 GMT 2024","","FORWARD-CHAINER","FORWARD-CHAINER",""
"","93","EXAM-SPACES.04","","Sun Nov 03 00:54:10 GMT 2024","passed","Sun Nov 03 00:54:10 GMT 2024","","INTROSPECT","INTROSPECT",""
"","1","ADD-REMOVE-MATCH-SS-STRINGS.10","","Sun Nov 03 00:54:23 GMT 2024","passed","Sun Nov 03 00:54:23 GMT 2024","","SPACES","SPACES",""
"","5000","new.tests0","","Sun Nov 03 00:37:15 GMT 2024","passed","Sun Nov 03 00:37:20 GMT 2024","","WHOLE-TESTS","WHOLE-TESTS",""
"","2","BCHAIN.02","","Sun Nov 03 00:44:59 GMT 2024","passed","Sun Nov 03 00:44:59 GMT 2024","","ANTI-REGRESSION","ANTI-REGRESSION",""
"","61","D5-AUTO-TYPES.01","","Sun Nov 03 00:37:20 GMT 2024","failed","Sun Nov 03 00:37:20 GMT 2024","","HYPERON-EXPERIMENTAL-SCRIPTS","HYPERON-EXPERIMENTAL-SCRIPTS",""
"","40000","match.tmpMatch","","Sun Nov 03 00:37:15 GMT 2024","failed","Sun Nov 03 00:37:55 GMT 2024","","WHOLE-TESTS","WHOLE-TESTS",""
"","2","FC-XP.22","","Sun Nov 03 01:20:16 GMT 2024","passed","Sun Nov 03 01:20:16 GMT 2024","","FORWARD-CHAINING","FORWARD-CHAINING",""
"","3","E2-STATES.02","","Sun Nov 03 01:13:31 GMT 2024","passed","Sun Nov 03 01:13:31 GMT 2024","","CHECK-TYPES","CHECK-TYPES",""
"","2","DEBUG-METTALOGTESTCURRIED.12","","Sun Nov 03 01:50:35 GMT 2024","passed","Sun Nov 03 01:50:35 GMT 2024","","WALK-THRU","WALK-THRU",""
"","2","AI-SERVICE-COMPOSITION-SANITY.07","","Sun Nov 03 01:10:39 GMT 2024","passed","Sun Nov 03 01:10:39 GMT 2024","","AI-SERVICE","AI-SERVICE",""
"","165","QUERIES.10","","Sun Nov 03 01:09:46 GMT 2024","passed","Sun Nov 03 01:09:46 GMT 2024","","STRIPS-TO-METTA-IMPROVED","STRIPS-TO-METTA-IMPROVED",""
"","5000","main-branch.minnars_Prev","","Sun Nov 03 00:37:15 GMT 2024","passed","Sun Nov 03 00:37:20 GMT 2024","","WHOLE-TESTS","WHOLE-TESTS",""
"","2","FC-XP.16","","Sun Nov 03 01:20:16 GMT 2024","passed","Sun Nov 03 01:20:16 GMT 2024","","FORWARD-CHAINING","FORWARD-CHAINING",""
"","2","D2-HIGHERFUNC.18","","Sun Nov 03 00:47:10 GMT 2024","passed","Sun Nov 03 00:47:10 GMT 2024","","QUICK","QUICK",""
"","2","C1-GROUNDED-BASIC.12","","Sun Nov 03 00:47:10 GMT 2024","passed","Sun Nov 03 00:47:10 GMT 2024","","QUICK","QUICK",""
"","5000","chaining.chaining_prelim","","Sun Nov 03 00:37:15 GMT 2024","passed","Sun Nov 03 00:37:20 GMT 2024","","WHOLE-TESTS","WHOLE-TESTS",""
"","3","SEALED-TEST.03","","Sun Nov 03 00:38:57 GMT 2024","passed","Sun Nov 03 00:38:57 GMT 2024","","HYPERON-METTALOG-SANITY","HYPERON-METTALOG-SANITY",""
"","5000","synth_buffer.synthesize","","Sun Nov 03 00:37:15 GMT 2024","passed","Sun Nov 03 00:37:20 GMT 2024","","WHOLE-TESTS","WHOLE-TESTS",""
"","46","CHAPTER-1-1.21","","Sun Nov 03 00:56:39 GMT 2024","passed","Sun Nov 03 00:56:39 GMT 2024","","SICP-BOOK","SICP-BOOK",""
"","2","ADD-REMOVE-MATCH-SS-SYMBOLS.11","","Sun Nov 03 00:54:23 GMT 2024","passed","Sun Nov 03 00:54:23 GMT 2024","","SPACES","SPACES",""
"","27","UNIFYTEST.03","","Sun Nov 03 01:28:05 GMT 2024","failed","Sun Nov 03 01:28:05 GMT 2024","","SYNTHESIS","SYNTHESIS",""
"","2","LET-SUPERPOSE-LIST.01","","Sun Nov 03 00:42:53 GMT 2024","passed","Sun Nov 03 00:42:53 GMT 2024","","METTA-MORPH-TESTS","METTA-MORPH-TESTS",""
"","2","ORDEREDSETTEST.10","","Sun Nov 03 01:17:36 GMT 2024","passed","Sun Nov 03 01:17:36 GMT 2024","","COMMON","COMMON",""
"","2","D2-HIGHERFUNC.11","","Sun Nov 03 01:13:31 GMT 2024","passed","Sun Nov 03 01:13:31 GMT 2024","","CHECK-TYPES","CHECK-TYPES",""
"","2","D2-HIGHERFUNC.13","","Sun Nov 03 01:13:31 GMT 2024","passed","Sun Nov 03 01:13:31 GMT 2024","","CHECK-TYPES","CHECK-TYPES",""
"","265","SYNTHESIZE-VIA-CASE-TEST.10","","Sun Nov 03 01:28:09 GMT 2024","failed","Sun Nov 03 01:28:09 GMT 2024","","EXPERIMENTS","EXPERIMENTS",""
"","2","ADD-REMOVE-MATCH-S-SYMBOLS.09","","Sun Nov 03 00:54:23 GMT 2024","passed","Sun Nov 03 00:54:23 GMT 2024","","SPACES","SPACES",""
"","2","F1-IMPORTS.01","","Sun Nov 03 00:47:10 GMT 2024","passed","Sun Nov 03 00:47:10 GMT 2024","","QUICK","QUICK",""
"","5000","hyperon-mettalog_sanity.first_answer","","Sun Nov 03 00:37:15 GMT 2024","passed","Sun Nov 03 00:37:20 GMT 2024","","WHOLE-TESTS","WHOLE-TESTS",""
"","2","D4-TYPE-PROP.10","","Sun Nov 03 00:37:20 GMT 2024","passed","Sun Nov 03 00:37:20 GMT 2024","","HYPERON-EXPERIMENTAL-SCRIPTS","HYPERON-EXPERIMENTAL-SCRIPTS",""
"","4000","bidirectional_computation.send-more-money","","Sun Nov 03 00:37:15 GMT 2024","passed","Sun Nov 03 00:37:19 GMT 2024","","WHOLE-TESTS","WHOLE-TESTS",""
"","126","SHOW-TYPE.10","","Sun Nov 03 00:54:10 GMT 2024","failed","Sun Nov 03 00:54:10 GMT 2024","","INTROSPECT","INTROSPECT",""
"","3","BACKWARD-CHAINER-XP.09","","Sun Nov 03 01:17:21 GMT 2024","passed","Sun Nov 03 01:17:21 GMT 2024","","BACKWARD-CHAINER","BACKWARD-CHAINER",""
"","3","D2-HIGHERFUNC.01","","Sun Nov 03 00:47:10 GMT 2024","passed","Sun Nov 03 00:47:10 GMT 2024","","QUICK","QUICK",""
"","2","TYPE-PROP.47","","Sun Nov 03 01:13:11 GMT 2024","passed","Sun Nov 03 01:13:11 GMT 2024","","CHECK-TYPES-TEMP","CHECK-TYPES-TEMP",""
"","107","TYPE-PROP.75","","Sun Nov 03 01:13:11 GMT 2024","failed","Sun Nov 03 01:13:11 GMT 2024","","CHECK-TYPES-TEMP","CHECK-TYPES-TEMP",""
"","42","IMPLICATIONDIRECTINTRODUCTIONDTLTEST.04","","Sun Nov 03 01:16:13 GMT 2024","failed","Sun Nov 03 01:16:13 GMT 2024","","DEPENDENT-TYPES","DEPENDENT-TYPES",""
"","40000","comparisons.nils_if_control_test_4","","Sun Nov 03 00:37:15 GMT 2024","failed","Sun Nov 03 00:37:55 GMT 2024","","WHOLE-TESTS","WHOLE-TESTS",""
"","1","TYPE-PROP.06","","Sun Nov 03 00:52:07 GMT 2024","passed","Sun Nov 03 00:52:07 GMT 2024","","CHAINING","CHAINING",""
"","2","TREE.03","","Sun Nov 03 01:01:57 GMT 2024","passed","Sun Nov 03 01:01:57 GMT 2024","","COMBINATOR-CALCULI","COMBINATOR-CALCULI",""
"","5","TRUTHVALUETEST.02","","Sun Nov 03 01:18:04 GMT 2024","passed","Sun Nov 03 01:18:04 GMT 2024","","TRUTHVALUE","TRUTHVALUE",""
"","5000","hyperon-mettalog_sanity.string-tests","","Sun Nov 03 00:37:15 GMT 2024","passed","Sun Nov 03 00:37:20 GMT 2024","","WHOLE-TESTS","WHOLE-TESTS",""
"","4000","introspect.show-space-self","","Sun Nov 03 00:37:15 GMT 2024","passed","Sun Nov 03 00:37:19 GMT 2024","","WHOLE-TESTS","WHOLE-TESTS",""
"","3","B5-TYPES-PRELIM.01","","Sun Nov 03 00:37:20 GMT 2024","passed","Sun Nov 03 00:37:20 GMT 2024","","HYPERON-EXPERIMENTAL-SCRIPTS","HYPERON-EXPERIMENTAL-SCRIPTS",""
"","2","TEST-IF-CLOSED.09","","Sun Nov 03 00:44:59 GMT 2024","passed","Sun Nov 03 00:44:59 GMT 2024","","ANTI-REGRESSION","ANTI-REGRESSION",""
"","2","C3-PLN-STV.03","","Sun Nov 03 00:37:20 GMT 2024","passed","Sun Nov 03 00:37:20 GMT 2024","","HYPERON-EXPERIMENTAL-SCRIPTS","HYPERON-EXPERIMENTAL-SCRIPTS",""
"","40000","dependent-types.DeductionImplicationDirectIntroductionDTLTest","","Sun Nov 03 00:37:15 GMT 2024","failed","Sun Nov 03 00:37:55 GMT 2024","","WHOLE-TESTS","WHOLE-TESTS",""
"","146","NATSIMPLETEST.01","","Sun Nov 03 01:20:22 GMT 2024","failed","Sun Nov 03 01:20:22 GMT 2024","","HOL","HOL",""
"","2","IMPL-METTALOGTESTCURRIED.03","","Sun Nov 03 01:50:35 GMT 2024","passed","Sun Nov 03 01:50:35 GMT 2024","","WALK-THRU","WALK-THRU",""
"","2","TEST-IF-CLOSED.04","","Sun Nov 03 01:50:35 GMT 2024","passed","Sun Nov 03 01:50:35 GMT 2024","","WALK-THRU","WALK-THRU",""
"","3","LET-SUPERPOSE-LIST.02","","Sun Nov 03 00:42:53 GMT 2024","passed","Sun Nov 03 00:42:53 GMT 2024","","METTA-MORPH-TESTS","METTA-MORPH-TESTS",""
"","40000","basic.fibo","","Sun Nov 03 00:37:15 GMT 2024","failed","Sun Nov 03 00:37:55 GMT 2024","","WHOLE-TESTS","WHOLE-TESTS",""
"","3","NAIVE-FIB.01","","Sun Nov 03 02:05:29 GMT 2024","passed","Sun Nov 03 02:05:29 GMT 2024","","COMPARISONS","COMPARISONS",""
"","2","METTALOGTESTCURRIED2.06","","Sun Nov 03 01:50:35 GMT 2024","passed","Sun Nov 03 01:50:35 GMT 2024","","WALK-THRU","WALK-THRU",""
"","2","D4-TYPE-PROP.02","","Sun Nov 03 00:47:10 GMT 2024","passed","Sun Nov 03 00:47:10 GMT 2024","","QUICK","QUICK",""
"","42","INF-CTL-MONTH-BC-CONT-XP.20","","Sun Nov 03 01:21:32 GMT 2024","failed","Sun Nov 03 01:21:32 GMT 2024","","INFERENCE-CONTROL","INFERENCE-CONTROL",""
"","4","IMPLICATIONDIRECTINTRODUCTIONDTLTEST.08","","Sun Nov 03 01:16:13 GMT 2024","passed","Sun Nov 03 01:16:13 GMT 2024","","DEPENDENT-TYPES","DEPENDENT-TYPES",""
"","2","E3-MATCH-STATES.04","","Sun Nov 03 00:37:20 GMT 2024","passed","Sun Nov 03 00:37:20 GMT 2024","","HYPERON-EXPERIMENTAL-SCRIPTS","HYPERON-EXPERIMENTAL-SCRIPTS",""
"","4000","hyperon-mettalog_sanity.03-soring-via-insert","","Sun Nov 03 00:37:15 GMT 2024","passed","Sun Nov 03 00:37:19 GMT 2024","","WHOLE-TESTS","WHOLE-TESTS",""
"","2","F1-MODULEA.04","","Sun Nov 03 00:37:20 GMT 2024","passed","Sun Nov 03 00:37:20 GMT 2024","","HYPERON-EXPERIMENTAL-SCRIPTS","HYPERON-EXPERIMENTAL-SCRIPTS",""
"","3","A1-SYMBOLS.05","","Sun Nov 03 00:37:20 GMT 2024","passed","Sun Nov 03 00:37:20 GMT 2024","","HYPERON-EXPERIMENTAL-SCRIPTS","HYPERON-EXPERIMENTAL-SCRIPTS",""
"","3","00-LANG-CASE.03","","Sun Nov 03 00:38:57 GMT 2024","passed","Sun Nov 03 00:38:57 GMT 2024","","HYPERON-METTALOG-SANITY","HYPERON-METTALOG-SANITY",""
"","4000","basic.cml-unshared","","Sun Nov 03 00:37:15 GMT 2024","passed","Sun Nov 03 00:37:19 GMT 2024","","WHOLE-TESTS","WHOLE-TESTS",""
"","359","BASIC.05","","Sun Nov 03 01:10:27 GMT 2024","passed","Sun Nov 03 01:10:27 GMT 2024","","TRAVERSER","TRAVERSER",""
"","5000","common.MaybeTest","","Sun Nov 03 00:37:15 GMT 2024","passed","Sun Nov 03 00:37:20 GMT 2024","","WHOLE-TESTS","WHOLE-TESTS",""
"","2","B4-NONDETERM.09","","Sun Nov 03 00:37:20 GMT 2024","passed","Sun Nov 03 00:37:20 GMT 2024","","HYPERON-EXPERIMENTAL-SCRIPTS","HYPERON-EXPERIMENTAL-SCRIPTS",""
"","224","INF-CTL-MONTH-XP-LONG.01","","Sun Nov 03 02:05:29 GMT 2024","failed","Sun Nov 03 02:05:29 GMT 2024","","COMPARISONS","COMPARISONS",""
"","205","SYNTHESIZE-VIA-UNIFY-TEST.09","","Sun Nov 03 01:28:09 GMT 2024","failed","Sun Nov 03 01:28:09 GMT 2024","","EXPERIMENTS","EXPERIMENTS",""
"","2","ADD-REMOVE-MATCH-INTEGER.10","","Sun Nov 03 00:54:23 GMT 2024","passed","Sun Nov 03 00:54:23 GMT 2024","","SPACES","SPACES",""
"","2","TESTS2.10","","Sun Nov 03 00:47:37 GMT 2024","passed","Sun Nov 03 00:47:37 GMT 2024","","MAIN-BRANCH","MAIN-BRANCH",""
"","2","BACKWARD-CHAINER-XP.18","","Sun Nov 03 01:17:21 GMT 2024","passed","Sun Nov 03 01:17:21 GMT 2024","","BACKWARD-CHAINER","BACKWARD-CHAINER",""
"","2","F1-MODULEA.05","","Sun Nov 03 00:47:10 GMT 2024","passed","Sun Nov 03 00:47:10 GMT 2024","","QUICK","QUICK",""
"","2","TEST-SPO-1000.01","","Sun Nov 03 00:45:34 GMT 2024","passed","Sun Nov 03 00:45:34 GMT 2024","","METTA-WAM-ISSUE-116","METTA-WAM-ISSUE-116",""
"","2","DEDUCTIONFORMULATEST.03","","Sun Nov 03 01:17:59 GMT 2024","passed","Sun Nov 03 01:17:59 GMT 2024","","FORMULA","FORMULA",""
"","2","ADD-REMOVE-MATCH-S-SYMBOLS.16","","Sun Nov 03 00:54:23 GMT 2024","passed","Sun Nov 03 00:54:23 GMT 2024","","SPACES","SPACES",""
"","74","SEQUENTIAL-NESTED.11","","Sun Nov 03 00:42:53 GMT 2024","passed","Sun Nov 03 00:42:53 GMT 2024","","METTA-MORPH-TESTS","METTA-MORPH-TESTS",""
"","2","D4-TYPE-PROP.14","","Sun Nov 03 00:37:20 GMT 2024","passed","Sun Nov 03 00:37:20 GMT 2024","","HYPERON-EXPERIMENTAL-SCRIPTS","HYPERON-EXPERIMENTAL-SCRIPTS",""
"","3","03-SORING-VIA-INSERT.05","","Sun Nov 03 00:38:57 GMT 2024","passed","Sun Nov 03 00:38:57 GMT 2024","","HYPERON-METTALOG-SANITY","HYPERON-METTALOG-SANITY",""
"","2","D2-HIGHERFUNC.05","","Sun Nov 03 01:13:31 GMT 2024","passed","Sun Nov 03 01:13:31 GMT 2024","","CHECK-TYPES","CHECK-TYPES",""
"","4000","dependent-types.MinerDTLTest","","Sun Nov 03 00:37:15 GMT 2024","passed","Sun Nov 03 00:37:19 GMT 2024","","WHOLE-TESTS","WHOLE-TESTS",""
"","72","TYPE-PROP.60","","Sun Nov 03 01:13:11 GMT 2024","failed","Sun Nov 03 01:13:11 GMT 2024","","CHECK-TYPES-TEMP","CHECK-TYPES-TEMP",""
"","1","HYPERPOSING-UNSHARED.08","","Sun Nov 03 01:59:10 GMT 2024","passed","Sun Nov 03 01:59:10 GMT 2024","","BASIC","BASIC",""
"","4000","walk_thru.test_if_closed","","Sun Nov 03 00:37:15 GMT 2024","passed","Sun Nov 03 00:37:19 GMT 2024","","WHOLE-TESTS","WHOLE-TESTS",""
"","2","BACKWARD-CHAINER-XP.21","","Sun Nov 03 01:17:21 GMT 2024","passed","Sun Nov 03 01:17:21 GMT 2024","","BACKWARD-CHAINER","BACKWARD-CHAINER",""
"","17","UNIFYTEST.02","","Sun Nov 03 01:28:05 GMT 2024","failed","Sun Nov 03 01:28:05 GMT 2024","","SYNTHESIS","SYNTHESIS",""
"","4000","hyperon-experimental_scripts.f1_moduleA","","Sun Nov 03 00:37:15 GMT 2024","passed","Sun Nov 03 00:37:19 GMT 2024","","WHOLE-TESTS","WHOLE-TESTS",""
"","2","DEBUG-METTALOGTESTCURRIED.10","","Sun Nov 03 01:50:35 GMT 2024","passed","Sun Nov 03 01:50:35 GMT 2024","","WALK-THRU","WALK-THRU",""
"","2","ADD-REMOVE-MATCH-INTEGER.24","","Sun Nov 03 00:54:23 GMT 2024","passed","Sun Nov 03 00:54:23 GMT 2024","","SPACES","SPACES",""
"","9","D1-GADT.13","","Sun Nov 03 01:13:31 GMT 2024","passed","Sun Nov 03 01:13:31 GMT 2024","","CHECK-TYPES","CHECK-TYPES",""
"","3","UNWEIGHTED-PLLM.05","","Sun Nov 03 02:11:44 GMT 2024","passed","Sun Nov 03 02:11:44 GMT 2024","","LANGUAGE-MODELS","LANGUAGE-MODELS",""
"","2","ADD-ATOM-MATCH.01","","Sun Nov 03 00:42:53 GMT 2024","passed","Sun Nov 03 00:42:53 GMT 2024","","METTA-MORPH-TESTS","METTA-MORPH-TESTS",""
"","2","B1-EQUAL-CHAIN.06","","Sun Nov 03 00:37:20 GMT 2024","passed","Sun Nov 03 00:37:20 GMT 2024","","HYPERON-EXPERIMENTAL-SCRIPTS","HYPERON-EXPERIMENTAL-SCRIPTS",""
"","2","F1-IMPORTS.20","","Sun Nov 03 00:37:20 GMT 2024","passed","Sun Nov 03 00:37:20 GMT 2024","","HYPERON-EXPERIMENTAL-SCRIPTS","HYPERON-EXPERIMENTAL-SCRIPTS",""
"","5000","metta_to_amr.amr-connect","","Sun Nov 03 00:37:15 GMT 2024","passed","Sun Nov 03 00:37:20 GMT 2024","","WHOLE-TESTS","WHOLE-TESTS",""
"","2","F1-IMPORTS.08","","Sun Nov 03 00:37:10 GMT 2024","passed","Sun Nov 03 00:37:10 GMT 2024","","MODULE-SYSTEM","MODULE-SYSTEM",""
"","2","SEQUENTIAL-NESTED.02","","Sun Nov 03 00:42:53 GMT 2024","passed","Sun Nov 03 00:42:53 GMT 2024","","METTA-MORPH-TESTS","METTA-MORPH-TESTS",""
"","2","A3-TWOSIDE.03","","Sun Nov 03 00:37:20 GMT 2024","passed","Sun Nov 03 00:37:20 GMT 2024","","HYPERON-EXPERIMENTAL-SCRIPTS","HYPERON-EXPERIMENTAL-SCRIPTS",""
"","70","F1-IMPORTS.13","","Sun Nov 03 00:37:20 GMT 2024","failed","Sun Nov 03 00:37:20 GMT 2024","","HYPERON-EXPERIMENTAL-SCRIPTS","HYPERON-EXPERIMENTAL-SCRIPTS",""
"","2","UNIFY-VIA-LET.07","","Sun Nov 03 01:28:09 GMT 2024","passed","Sun Nov 03 01:28:09 GMT 2024","","EXPERIMENTS","EXPERIMENTS",""
"","4","TESTS0.01","","Sun Nov 03 00:47:37 GMT 2024","passed","Sun Nov 03 00:47:37 GMT 2024","","MAIN-BRANCH","MAIN-BRANCH",""
"","2","ADD-REMOVE-MATCH-SYMBOLS.05","","Sun Nov 03 00:54:23 GMT 2024","passed","Sun Nov 03 00:54:23 GMT 2024","","SPACES","SPACES",""
"","14","00-LANG-CASE.11","","Sun Nov 03 00:38:57 GMT 2024","passed","Sun Nov 03 00:38:57 GMT 2024","","HYPERON-METTALOG-SANITY","HYPERON-METTALOG-SANITY",""
"","2","HYPERPOSING-UNSHARED.05","","Sun Nov 03 01:59:10 GMT 2024","passed","Sun Nov 03 01:59:10 GMT 2024","","BASIC","BASIC",""
"","108","TOO-EAGER-MATH.03","","Sun Nov 03 01:58:08 GMT 2024","passed","Sun Nov 03 01:58:08 GMT 2024","","POSSIBLY-WRONG","POSSIBLY-WRONG",""
"","2","AI-SERVICE-COMPOSITION-EASY.02","","Sun Nov 03 01:10:39 GMT 2024","passed","Sun Nov 03 01:10:39 GMT 2024","","AI-SERVICE","AI-SERVICE",""
"","2","D2-HIGHERFUNC.15","","Sun Nov 03 00:37:20 GMT 2024","passed","Sun Nov 03 00:37:20 GMT 2024","","HYPERON-EXPERIMENTAL-SCRIPTS","HYPERON-EXPERIMENTAL-SCRIPTS",""
"","249","PROB-DEP-TYPES.12","","Sun Nov 03 01:05:14 GMT 2024","passed","Sun Nov 03 01:05:14 GMT 2024","","PROB-DEP-TYPES","PROB-DEP-TYPES",""
"","144","ADD-REMOVE-MATCH-S-SYMBOLS.14","","Sun Nov 03 00:54:23 GMT 2024","passed","Sun Nov 03 00:54:23 GMT 2024","","SPACES","SPACES",""
"","3","TESTS1.01","","Sun Nov 03 01:32:21 GMT 2024","passed","Sun Nov 03 01:32:21 GMT 2024","","CURRENT","CURRENT",""
"","2","INF-CTL-XP.05","","Sun Nov 03 01:21:32 GMT 2024","passed","Sun Nov 03 01:21:32 GMT 2024","","INFERENCE-CONTROL","INFERENCE-CONTROL",""
"","1","HYPERPOSING-UNSHARED.06","","Sun Nov 03 01:59:10 GMT 2024","passed","Sun Nov 03 01:59:10 GMT 2024","","BASIC","BASIC",""
"","2","INF-CTL-MONTH-BC-CONT-XP.10","","Sun Nov 03 01:21:32 GMT 2024","passed","Sun Nov 03 01:21:32 GMT 2024","","INFERENCE-CONTROL","INFERENCE-CONTROL",""
"","5000","walk_thru.bchain","","Sun Nov 03 00:37:15 GMT 2024","passed","Sun Nov 03 00:37:20 GMT 2024","","WHOLE-TESTS","WHOLE-TESTS",""
"","2","SUBTRACTION-TEST.10","","Sun Nov 03 00:38:57 GMT 2024","passed","Sun Nov 03 00:38:57 GMT 2024","","HYPERON-METTALOG-SANITY","HYPERON-METTALOG-SANITY",""
"","4000","transpiler.peano","","Sun Nov 03 00:37:15 GMT 2024","passed","Sun Nov 03 00:37:19 GMT 2024","","WHOLE-TESTS","WHOLE-TESTS",""
"","4000","hyperon-mettalog_sanity.xor_test","","Sun Nov 03 00:37:15 GMT 2024","passed","Sun Nov 03 00:37:19 GMT 2024","","WHOLE-TESTS","WHOLE-TESTS",""
"","106","STDLIB-METTALOG-TEST-PT2.75","","Sun Nov 03 00:56:29 GMT 2024","failed","Sun Nov 03 00:56:29 GMT 2024","","STDLIB-METTALOG","STDLIB-METTALOG",""
"","3","FORWARD-CHAINER-TEST.03","","Sun Nov 03 01:20:07 GMT 2024","passed","Sun Nov 03 01:20:07 GMT 2024","","FORWARD-CHAINER","FORWARD-CHAINER",""
"","2","D1-GADT.07","","Sun Nov 03 00:37:20 GMT 2024","passed","Sun Nov 03 00:37:20 GMT 2024","","HYPERON-EXPERIMENTAL-SCRIPTS","HYPERON-EXPERIMENTAL-SCRIPTS",""
"","2","D1-GADT.12","","Sun Nov 03 01:13:31 GMT 2024","passed","Sun Nov 03 01:13:31 GMT 2024","","CHECK-TYPES","CHECK-TYPES",""
"","1","D1-GADT.08","","Sun Nov 03 00:47:10 GMT 2024","passed","Sun Nov 03 00:47:10 GMT 2024","","QUICK","QUICK",""
"","2","XOR-TEST.09","","Sun Nov 03 00:38:57 GMT 2024","passed","Sun Nov 03 00:38:57 GMT 2024","","HYPERON-METTALOG-SANITY","HYPERON-METTALOG-SANITY",""
"","2","BC-COMP.02","","Sun Nov 03 00:44:59 GMT 2024","passed","Sun Nov 03 00:44:59 GMT 2024","","ANTI-REGRESSION","ANTI-REGRESSION",""
"","4","UNIQUE-TEST.11","","Sun Nov 03 00:38:57 GMT 2024","passed","Sun Nov 03 00:38:57 GMT 2024","","HYPERON-METTALOG-SANITY","HYPERON-METTALOG-SANITY",""
"","2","SUPERPOSE-NESTED.01","","Sun Nov 03 00:42:53 GMT 2024","passed","Sun Nov 03 00:42:53 GMT 2024","","METTA-MORPH-TESTS","METTA-MORPH-TESTS",""
"","2","TYPE-PROP.09","","Sun Nov 03 00:52:07 GMT 2024","passed","Sun Nov 03 00:52:07 GMT 2024","","CHAINING","CHAINING",""
"","6000","experiments.synthesize-via-unify-test","","Sun Nov 03 00:37:15 GMT 2024","passed","Sun Nov 03 00:37:21 GMT 2024","","WHOLE-TESTS","WHOLE-TESTS",""
"","14","CHAPTER-2-4.17","","Sun Nov 03 00:56:39 GMT 2024","failed","Sun Nov 03 00:56:39 GMT 2024","","SICP-BOOK","SICP-BOOK",""
"","2","F1-IMPORTS.05","","Sun Nov 03 00:37:10 GMT 2024","passed","Sun Nov 03 00:37:10 GMT 2024","","MODULE-SYSTEM","MODULE-SYSTEM",""
"","2","ADD-REMOVE-MATCH-INTEGER.17","","Sun Nov 03 00:54:23 GMT 2024","passed","Sun Nov 03 00:54:23 GMT 2024","","SPACES","SPACES",""
"","2","FC-XP.06","","Sun Nov 03 01:20:16 GMT 2024","passed","Sun Nov 03 01:20:16 GMT 2024","","FORWARD-CHAINING","FORWARD-CHAINING",""
"","2","B5-TYPES-PRELIM.18","","Sun Nov 03 00:37:20 GMT 2024","passed","Sun Nov 03 00:37:20 GMT 2024","","HYPERON-EXPERIMENTAL-SCRIPTS","HYPERON-EXPERIMENTAL-SCRIPTS",""
"","90","SHOW-TYPE.12","","Sun Nov 03 00:54:10 GMT 2024","failed","Sun Nov 03 00:54:10 GMT 2024","","INTROSPECT","INTROSPECT",""
"","2","STRING-TESTS.15","","Sun Nov 03 00:38:57 GMT 2024","passed","Sun Nov 03 00:38:57 GMT 2024","","HYPERON-METTALOG-SANITY","HYPERON-METTALOG-SANITY",""
"","42","FORWARD-CHAINER-XP.28","","Sun Nov 03 01:20:07 GMT 2024","failed","Sun Nov 03 01:20:07 GMT 2024","","FORWARD-CHAINER","FORWARD-CHAINER",""
"","2","XOR-TEST.07","","Sun Nov 03 00:38:57 GMT 2024","passed","Sun Nov 03 00:38:57 GMT 2024","","HYPERON-METTALOG-SANITY","HYPERON-METTALOG-SANITY",""
"","2","ADD-REMOVE-MATCH-INTEGER.22","","Sun Nov 03 00:54:23 GMT 2024","passed","Sun Nov 03 00:54:23 GMT 2024","","SPACES","SPACES",""
"","2","F1-IMPORTS.12","","Sun Nov 03 00:47:10 GMT 2024","passed","Sun Nov 03 00:47:10 GMT 2024","","QUICK","QUICK",""
"","124","TESTS0.04","","Sun Nov 03 00:47:37 GMT 2024","passed","Sun Nov 03 00:47:37 GMT 2024","","MAIN-BRANCH","MAIN-BRANCH",""
"","72","F1-IMPORTS.18","","Sun Nov 03 00:47:10 GMT 2024","passed","Sun Nov 03 00:47:10 GMT 2024","","QUICK","QUICK",""
"","3","D2-HIGHERFUNC.09","","Sun Nov 03 00:47:10 GMT 2024","passed","Sun Nov 03 00:47:10 GMT 2024","","QUICK","QUICK",""
"","1282","PUZZLE.01","","Sun Nov 03 01:04:37 GMT 2024","passed","Sun Nov 03 01:04:38 GMT 2024","","LOGIC","LOGIC",""
"","2","BACKWARD-CHAINER-XP.15","","Sun Nov 03 01:17:21 GMT 2024","passed","Sun Nov 03 01:17:21 GMT 2024","","BACKWARD-CHAINER","BACKWARD-CHAINER",""
"","1","B4-NONDETERM.02","","Sun Nov 03 00:37:20 GMT 2024","passed","Sun Nov 03 00:37:20 GMT 2024","","HYPERON-EXPERIMENTAL-SCRIPTS","HYPERON-EXPERIMENTAL-SCRIPTS",""
"","2","SHOW-TYPE.11","","Sun Nov 03 00:54:10 GMT 2024","passed","Sun Nov 03 00:54:10 GMT 2024","","INTROSPECT","INTROSPECT",""
"","4","TYPE-PROP.72","","Sun Nov 03 01:13:11 GMT 2024","passed","Sun Nov 03 01:13:11 GMT 2024","","CHECK-TYPES-TEMP","CHECK-TYPES-TEMP",""
"","16000","bigram-sentence-evaluator.bigrams","","Sun Nov 03 00:37:15 GMT 2024","passed","Sun Nov 03 00:37:31 GMT 2024","","WHOLE-TESTS","WHOLE-TESTS",""
"","4","FORWARD-CHAINER-TEST.16","","Sun Nov 03 01:20:07 GMT 2024","passed","Sun Nov 03 01:20:07 GMT 2024","","FORWARD-CHAINER","FORWARD-CHAINER",""
"","2","TYPE-PROP.31","","Sun Nov 03 01:13:11 GMT 2024","passed","Sun Nov 03 01:13:11 GMT 2024","","CHECK-TYPES-TEMP","CHECK-TYPES-TEMP",""
"","7372","PROB-DEP-TYPES.13","","Sun Nov 03 01:05:14 GMT 2024","failed","Sun Nov 03 01:05:21 GMT 2024","","PROB-DEP-TYPES","PROB-DEP-TYPES",""
"","68","DEBUG-METTALOGTESTCURRIED.09","","Sun Nov 03 01:50:35 GMT 2024","passed","Sun Nov 03 01:50:35 GMT 2024","","WALK-THRU","WALK-THRU",""
"","6000","hol.NatStandaloneTest","","Sun Nov 03 00:37:15 GMT 2024","passed","Sun Nov 03 00:37:21 GMT 2024","","WHOLE-TESTS","WHOLE-TESTS",""
"","2","ADD-REMOVE-MATCH-FLOAT.05","","Sun Nov 03 00:54:23 GMT 2024","passed","Sun Nov 03 00:54:23 GMT 2024","","SPACES","SPACES",""
"","2","BACKWARD-CHAINER-XP.32","","Sun Nov 03 01:17:21 GMT 2024","passed","Sun Nov 03 01:17:21 GMT 2024","","BACKWARD-CHAINER","BACKWARD-CHAINER",""
"","3","FC-XP.26","","Sun Nov 03 01:20:16 GMT 2024","passed","Sun Nov 03 01:20:16 GMT 2024","","FORWARD-CHAINING","FORWARD-CHAINING",""
"","2","TEST-IF-CLOSED.06","","Sun Nov 03 00:44:59 GMT 2024","passed","Sun Nov 03 00:44:59 GMT 2024","","ANTI-REGRESSION","ANTI-REGRESSION",""
"","2","D4-TYPE-PROP.16","","Sun Nov 03 00:47:10 GMT 2024","passed","Sun Nov 03 00:47:10 GMT 2024","","QUICK","QUICK",""
"","12","MATCH-VOID.05","","Sun Nov 03 00:42:53 GMT 2024","passed","Sun Nov 03 00:42:53 GMT 2024","","METTA-MORPH-TESTS","METTA-MORPH-TESTS",""
"","2","ADD-REMOVE-MATCH-INTEGER.23","","Sun Nov 03 00:54:23 GMT 2024","passed","Sun Nov 03 00:54:23 GMT 2024","","SPACES","SPACES",""
"","5000","hol.NatTest","","Sun Nov 03 00:37:15 GMT 2024","passed","Sun Nov 03 00:37:20 GMT 2024","","WHOLE-TESTS","WHOLE-TESTS",""
"","36000","language_models.training_logicmoo","","Sun Nov 03 00:37:15 GMT 2024","passed","Sun Nov 03 00:37:51 GMT 2024","","WHOLE-TESTS","WHOLE-TESTS",""
"","4000","quick.d1_gadt","","Sun Nov 03 00:37:15 GMT 2024","passed","Sun Nov 03 00:37:19 GMT 2024","","WHOLE-TESTS","WHOLE-TESTS",""
"","46","FC-XP.28","","Sun Nov 03 01:20:16 GMT 2024","failed","Sun Nov 03 01:20:16 GMT 2024","","FORWARD-CHAINING","FORWARD-CHAINING",""
"","2","IFC-XP.33","","Sun Nov 03 01:23:34 GMT 2024","passed","Sun Nov 03 01:23:34 GMT 2024","","ITERATIVE-CHAINING","ITERATIVE-CHAINING",""
"","1629","SYNTHESIZE-VIA-LET-TEST.11","","Sun Nov 03 01:28:09 GMT 2024","failed","Sun Nov 03 01:28:10 GMT 2024","","EXPERIMENTS","EXPERIMENTS",""
"","7000","typed-variables.enforced-types","","Sun Nov 03 00:37:15 GMT 2024","passed","Sun Nov 03 00:37:22 GMT 2024","","WHOLE-TESTS","WHOLE-TESTS",""
"","3","IMPLICATIONDIRECTINTRODUCTIONENTAILTEST.01","","Sun Nov 03 01:19:47 GMT 2024","passed","Sun Nov 03 01:19:47 GMT 2024","","ENTAIL","ENTAIL",""
"","4000","metta_to_amr.user","","Sun Nov 03 00:37:15 GMT 2024","passed","Sun Nov 03 00:37:19 GMT 2024","","WHOLE-TESTS","WHOLE-TESTS",""
"","1","D1-GADT.14","","Sun Nov 03 00:37:20 GMT 2024","passed","Sun Nov 03 00:37:20 GMT 2024","","HYPERON-EXPERIMENTAL-SCRIPTS","HYPERON-EXPERIMENTAL-SCRIPTS",""
"","2","TMPMATCH2.03","","Sun Nov 03 00:44:59 GMT 2024","passed","Sun Nov 03 00:44:59 GMT 2024","","ANTI-REGRESSION","ANTI-REGRESSION",""
"","2","CURRIED-CHAINER.01","","Sun Nov 03 01:18:13 GMT 2024","passed","Sun Nov 03 01:18:13 GMT 2024","","CURRIED-CHAINING","CURRIED-CHAINING",""
"","90","INF-ORDER-PROBS.03","","Sun Nov 03 01:05:14 GMT 2024","failed","Sun Nov 03 01:05:14 GMT 2024","","PROB-DEP-TYPES","PROB-DEP-TYPES",""
"","3","IMPLICATIONDIRECTINTRODUCTIONDTLTEST.10","","Sun Nov 03 01:16:13 GMT 2024","passed","Sun Nov 03 01:16:13 GMT 2024","","DEPENDENT-TYPES","DEPENDENT-TYPES",""
"","43000","language_models.training_terms","","Sun Nov 03 00:37:15 GMT 2024","failed","Sun Nov 03 00:37:58 GMT 2024","","WHOLE-TESTS","WHOLE-TESTS",""
"","2","D2-HIGHERFUNC.17","","Sun Nov 03 00:47:10 GMT 2024","passed","Sun Nov 03 00:47:10 GMT 2024","","QUICK","QUICK",""
"","6000","walk_thru.impl_mettalogTestCurried","","Sun Nov 03 00:37:15 GMT 2024","passed","Sun Nov 03 00:37:21 GMT 2024","","WHOLE-TESTS","WHOLE-TESTS",""
"","53","HYPERON-EXPERIMENTAL-ISSUE-481.01","","Sun Nov 03 01:53:53 GMT 2024","failed","Sun Nov 03 01:53:53 GMT 2024","","DEBUGGING","DEBUGGING",""
"","2","STDLIB-METTALOG-TEST-PT2.32","","Sun Nov 03 00:56:29 GMT 2024","passed","Sun Nov 03 00:56:29 GMT 2024","","STDLIB-METTALOG","STDLIB-METTALOG",""
"","5000","hyperon-experimental_scripts.d3_deptypes","","Sun Nov 03 00:37:15 GMT 2024","passed","Sun Nov 03 00:37:20 GMT 2024","","WHOLE-TESTS","WHOLE-TESTS",""
"","4000","experiments.synthesize-via-superpose","","Sun Nov 03 00:37:15 GMT 2024","passed","Sun Nov 03 00:37:19 GMT 2024","","WHOLE-TESTS","WHOLE-TESTS",""
"","3","BC-XP.02","","Sun Nov 03 00:52:07 GMT 2024","passed","Sun Nov 03 00:52:07 GMT 2024","","CHAINING","CHAINING",""
"","4000","anti-regression.bchain_comp","","Sun Nov 03 00:37:15 GMT 2024","passed","Sun Nov 03 00:37:19 GMT 2024","","WHOLE-TESTS","WHOLE-TESTS",""
"","40000","debugging.hyperon_experimental_issue_530","","Sun Nov 03 00:37:15 GMT 2024","failed","Sun Nov 03 00:37:55 GMT 2024","","WHOLE-TESTS","WHOLE-TESTS",""
"","2","B5-TYPES-PRELIM.04","","Sun Nov 03 00:37:20 GMT 2024","passed","Sun Nov 03 00:37:20 GMT 2024","","HYPERON-EXPERIMENTAL-SCRIPTS","HYPERON-EXPERIMENTAL-SCRIPTS",""
"","2","AI-SERVICE-COMPOSITION-SANITY.05","","Sun Nov 03 01:10:39 GMT 2024","passed","Sun Nov 03 01:10:39 GMT 2024","","AI-SERVICE","AI-SERVICE",""
"","3601","PROB-DEP-TYPES.16","","Sun Nov 03 01:05:14 GMT 2024","failed","Sun Nov 03 01:05:17 GMT 2024","","PROB-DEP-TYPES","PROB-DEP-TYPES",""
"","115","PREREQS.07","","Sun Nov 03 00:47:37 GMT 2024","failed","Sun Nov 03 00:47:37 GMT 2024","","MAIN-BRANCH","MAIN-BRANCH",""
"","2","EXAM-SPACES.03","","Sun Nov 03 00:54:10 GMT 2024","passed","Sun Nov 03 00:54:10 GMT 2024","","INTROSPECT","INTROSPECT",""
"","1","TYPE-PROP.15","","Sun Nov 03 01:13:11 GMT 2024","passed","Sun Nov 03 01:13:11 GMT 2024","","CHECK-TYPES-TEMP","CHECK-TYPES-TEMP",""
"","4000","polymorphic-types.examples-quants","","Sun Nov 03 00:37:15 GMT 2024","passed","Sun Nov 03 00:37:19 GMT 2024","","WHOLE-TESTS","WHOLE-TESTS",""
"","2","TMPMATCH2.02","","Sun Nov 03 01:50:35 GMT 2024","passed","Sun Nov 03 01:50:35 GMT 2024","","WALK-THRU","WALK-THRU",""
"","734","IBC-XP.24","","Sun Nov 03 01:23:34 GMT 2024","passed","Sun Nov 03 01:23:34 GMT 2024","","ITERATIVE-CHAINING","ITERATIVE-CHAINING",""
"","41000","comparisons.nils_if_control_test_10","","Sun Nov 03 00:37:15 GMT 2024","failed","Sun Nov 03 00:37:56 GMT 2024","","WHOLE-TESTS","WHOLE-TESTS",""
"","5","CHAPTER-1-3.03","","Sun Nov 03 00:56:39 GMT 2024","passed","Sun Nov 03 00:56:39 GMT 2024","","SICP-BOOK","SICP-BOOK",""
"","2","MAYBETEST.03","","Sun Nov 03 01:17:36 GMT 2024","passed","Sun Nov 03 01:17:36 GMT 2024","","COMMON","COMMON",""
"","274","TESTS0.07","","Sun Nov 03 01:32:21 GMT 2024","failed","Sun Nov 03 01:32:21 GMT 2024","","CURRENT","CURRENT",""
"","1","ADD-REMOVE-MATCH-SS-STRINGS.04","","Sun Nov 03 00:54:23 GMT 2024","passed","Sun Nov 03 00:54:23 GMT 2024","","SPACES","SPACES",""
"","3","E2-STATES.10","","Sun Nov 03 00:37:20 GMT 2024","passed","Sun Nov 03 00:37:20 GMT 2024","","HYPERON-EXPERIMENTAL-SCRIPTS","HYPERON-EXPERIMENTAL-SCRIPTS",""
"","23650","SYNTHESIZE.01","","Sun Nov 03 00:40:45 GMT 2024","passed","Sun Nov 03 00:41:08 GMT 2024","","SYNTH-BUFFER","SYNTH-BUFFER",""
"","2","HIGHER-ORDER-FUNCS.04","","Sun Nov 03 00:55:06 GMT 2024","passed","Sun Nov 03 00:55:06 GMT 2024","","STD","STD",""
"","74","D2-HIGHERFUNC.07","","Sun Nov 03 00:47:10 GMT 2024","failed","Sun Nov 03 00:47:10 GMT 2024","","QUICK","QUICK",""
"","2","D2-HIGHERFUNC.14","","Sun Nov 03 00:37:20 GMT 2024","passed","Sun Nov 03 00:37:20 GMT 2024","","HYPERON-EXPERIMENTAL-SCRIPTS","HYPERON-EXPERIMENTAL-SCRIPTS",""
"","3","BC-COMP.04","","Sun Nov 03 00:44:59 GMT 2024","passed","Sun Nov 03 00:44:59 GMT 2024","","ANTI-REGRESSION","ANTI-REGRESSION",""
"","3","CHAPTER-1-1.22","","Sun Nov 03 00:56:39 GMT 2024","passed","Sun Nov 03 00:56:39 GMT 2024","","SICP-BOOK","SICP-BOOK",""
"","238","SYNTHESIZE-VIA-UNIFY-TEST.08","","Sun Nov 03 01:28:09 GMT 2024","failed","Sun Nov 03 01:28:09 GMT 2024","","EXPERIMENTS","EXPERIMENTS",""
"","186","BASIC.03","","Sun Nov 03 01:10:27 GMT 2024","passed","Sun Nov 03 01:10:27 GMT 2024","","TRAVERSER","TRAVERSER",""
"","2","SUBTRACTION-TEST.07","","Sun Nov 03 00:38:57 GMT 2024","passed","Sun Nov 03 00:38:57 GMT 2024","","HYPERON-METTALOG-SANITY","HYPERON-METTALOG-SANITY",""
"","350","METTALOGTESTCURRIED2.07","","Sun Nov 03 01:50:35 GMT 2024","passed","Sun Nov 03 01:50:35 GMT 2024","","WALK-THRU","WALK-THRU",""
"","3","CHAPTER-2-2.04","","Sun Nov 03 00:56:39 GMT 2024","passed","Sun Nov 03 00:56:39 GMT 2024","","SICP-BOOK","SICP-BOOK",""
"","1","ADD-REMOVE-MATCH-SS-SYMBOLS.06","","Sun Nov 03 00:54:23 GMT 2024","passed","Sun Nov 03 00:54:23 GMT 2024","","SPACES","SPACES",""
"","2","TESTS0.06","","Sun Nov 03 01:32:21 GMT 2024","passed","Sun Nov 03 01:32:21 GMT 2024","","CURRENT","CURRENT",""
"","4000","introspect.exam-spaces","","Sun Nov 03 00:37:15 GMT 2024","passed","Sun Nov 03 00:37:19 GMT 2024","","WHOLE-TESTS","WHOLE-TESTS",""
"","2","ADD-REMOVE-MATCH-STRINGS.05","","Sun Nov 03 00:54:23 GMT 2024","passed","Sun Nov 03 00:54:23 GMT 2024","","SPACES","SPACES",""
"","2","TYPE-PROP.70","","Sun Nov 03 01:13:11 GMT 2024","passed","Sun Nov 03 01:13:11 GMT 2024","","CHECK-TYPES-TEMP","CHECK-TYPES-TEMP",""
"","2","ZEROARGS.02","","Sun Nov 03 00:42:53 GMT 2024","passed","Sun Nov 03 00:42:53 GMT 2024","","METTA-MORPH-TESTS","METTA-MORPH-TESTS",""
"","4","TYPE-PROP.37","","Sun Nov 03 01:13:11 GMT 2024","passed","Sun Nov 03 01:13:11 GMT 2024","","CHECK-TYPES-TEMP","CHECK-TYPES-TEMP",""
"","3","E2-STATES.11","","Sun Nov 03 01:13:31 GMT 2024","passed","Sun Nov 03 01:13:31 GMT 2024","","CHECK-TYPES","CHECK-TYPES",""
"","6","SEALED-TEST.07","","Sun Nov 03 00:38:57 GMT 2024","passed","Sun Nov 03 00:38:57 GMT 2024","","HYPERON-METTALOG-SANITY","HYPERON-METTALOG-SANITY",""
"","2","IFC-XP.09","","Sun Nov 03 01:23:34 GMT 2024","passed","Sun Nov 03 01:23:34 GMT 2024","","ITERATIVE-CHAINING","ITERATIVE-CHAINING",""
"","2","B1-EQUAL-CHAIN.02","","Sun Nov 03 00:37:20 GMT 2024","passed","Sun Nov 03 00:37:20 GMT 2024","","HYPERON-EXPERIMENTAL-SCRIPTS","HYPERON-EXPERIMENTAL-SCRIPTS",""
"","46","BACKWARD-CHAINER-XP.25","","Sun Nov 03 01:17:21 GMT 2024","failed","Sun Nov 03 01:17:21 GMT 2024","","BACKWARD-CHAINER","BACKWARD-CHAINER",""
"","2","STDLIB-METTALOG-TEST-PT2.63","","Sun Nov 03 00:56:29 GMT 2024","passed","Sun Nov 03 00:56:29 GMT 2024","","STDLIB-METTALOG","STDLIB-METTALOG",""
"","108","STDLIB-METTALOG-TEST-PT2.01","","Sun Nov 03 00:56:29 GMT 2024","failed","Sun Nov 03 00:56:29 GMT 2024","","STDLIB-METTALOG","STDLIB-METTALOG",""
"","2","SEQUENTIAL-NESTED.04","","Sun Nov 03 00:42:53 GMT 2024","passed","Sun Nov 03 00:42:53 GMT 2024","","METTA-MORPH-TESTS","METTA-MORPH-TESTS",""
"","2","D4-TYPE-PROP.08","","Sun Nov 03 00:37:20 GMT 2024","passed","Sun Nov 03 00:37:20 GMT 2024","","HYPERON-EXPERIMENTAL-SCRIPTS","HYPERON-EXPERIMENTAL-SCRIPTS",""
"","2","E3-MATCH-STATES.01","","Sun Nov 03 00:37:20 GMT 2024","passed","Sun Nov 03 00:37:20 GMT 2024","","HYPERON-EXPERIMENTAL-SCRIPTS","HYPERON-EXPERIMENTAL-SCRIPTS",""
"","3","DEBUG-METTALOGTESTCURRIED.01","","Sun Nov 03 01:50:35 GMT 2024","passed","Sun Nov 03 01:50:35 GMT 2024","","WALK-THRU","WALK-THRU",""
"","89","STDLIB-METTALOG-TEST-PT2.02","","Sun Nov 03 00:56:29 GMT 2024","failed","Sun Nov 03 00:56:29 GMT 2024","","STDLIB-METTALOG","STDLIB-METTALOG",""
"","4000","quick.d4_type_prop","","Sun Nov 03 00:37:15 GMT 2024","passed","Sun Nov 03 00:37:19 GMT 2024","","WHOLE-TESTS","WHOLE-TESTS",""
"","6000","anti-regression.bc_comp","","Sun Nov 03 00:37:15 GMT 2024","passed","Sun Nov 03 00:37:21 GMT 2024","","WHOLE-TESTS","WHOLE-TESTS",""
"","5000","std.higher_order_funcs","","Sun Nov 03 00:37:15 GMT 2024","passed","Sun Nov 03 00:37:20 GMT 2024","","WHOLE-TESTS","WHOLE-TESTS",""
"","5000","truthvalue.EvidentialTruthValueTest","","Sun Nov 03 00:37:15 GMT 2024","passed","Sun Nov 03 00:37:20 GMT 2024","","WHOLE-TESTS","WHOLE-TESTS",""
"","4000","hyperon-experimental_scripts.d4_type_prop","","Sun Nov 03 00:37:15 GMT 2024","passed","Sun Nov 03 00:37:19 GMT 2024","","WHOLE-TESTS","WHOLE-TESTS",""
"","3","LISTTEST.08","","Sun Nov 03 01:17:36 GMT 2024","passed","Sun Nov 03 01:17:36 GMT 2024","","COMMON","COMMON",""
"","2","D4-TYPE-PROP.02","","Sun Nov 03 00:37:20 GMT 2024","passed","Sun Nov 03 00:37:20 GMT 2024","","HYPERON-EXPERIMENTAL-SCRIPTS","HYPERON-EXPERIMENTAL-SCRIPTS",""
"","2","ADD-REMOVE-MATCH-INTEGER.05","","Sun Nov 03 00:54:23 GMT 2024","passed","Sun Nov 03 00:54:23 GMT 2024","","SPACES","SPACES",""
"","114","ADD-REMOVE-MATCH-S-STRINGS.14","","Sun Nov 03 00:54:23 GMT 2024","passed","Sun Nov 03 00:54:23 GMT 2024","","SPACES","SPACES",""
"","117","SYMBOLS.01","","Sun Nov 03 00:55:06 GMT 2024","passed","Sun Nov 03 00:55:06 GMT 2024","","STD","STD",""
"","27","FACTORIAL.01","","Sun Nov 03 00:42:53 GMT 2024","passed","Sun Nov 03 00:42:53 GMT 2024","","METTA-MORPH-TESTS","METTA-MORPH-TESTS",""
"","268","INF-CTL-XP.09","","Sun Nov 03 01:21:32 GMT 2024","passed","Sun Nov 03 01:21:32 GMT 2024","","INFERENCE-CONTROL","INFERENCE-CONTROL",""
"","45000","current.tests5","","Sun Nov 03 00:37:15 GMT 2024","failed","Sun Nov 03 00:38:00 GMT 2024","","WHOLE-TESTS","WHOLE-TESTS",""
"","397","NATSIMPLETEST.04","","Sun Nov 03 01:20:22 GMT 2024","failed","Sun Nov 03 01:20:22 GMT 2024","","HOL","HOL",""
"","281","NATSIMPLETEST.03","","Sun Nov 03 01:20:22 GMT 2024","failed","Sun Nov 03 01:20:22 GMT 2024","","HOL","HOL",""
"","45","FORWARD-CHAINER-TEST.05","","Sun Nov 03 01:20:07 GMT 2024","failed","Sun Nov 03 01:20:07 GMT 2024","","FORWARD-CHAINER","FORWARD-CHAINER",""
"","5000","check_types.d4_type_prop","","Sun Nov 03 00:37:15 GMT 2024","passed","Sun Nov 03 00:37:20 GMT 2024","","WHOLE-TESTS","WHOLE-TESTS",""
"","2","F1-MODULEA.08","","Sun Nov 03 00:37:20 GMT 2024","passed","Sun Nov 03 00:37:20 GMT 2024","","HYPERON-EXPERIMENTAL-SCRIPTS","HYPERON-EXPERIMENTAL-SCRIPTS",""
"","2","BC-XP.03","","Sun Nov 03 00:52:07 GMT 2024","passed","Sun Nov 03 00:52:07 GMT 2024","","CHAINING","CHAINING",""
"","14","IFC-XP.17","","Sun Nov 03 01:23:34 GMT 2024","failed","Sun Nov 03 01:23:34 GMT 2024","","ITERATIVE-CHAINING","ITERATIVE-CHAINING",""
"","2","E2-STATES.06","","Sun Nov 03 00:37:20 GMT 2024","passed","Sun Nov 03 00:37:20 GMT 2024","","HYPERON-EXPERIMENTAL-SCRIPTS","HYPERON-EXPERIMENTAL-SCRIPTS",""
"","10256","SIMPLE.01","","Sun Nov 03 01:03:33 GMT 2024","passed","Sun Nov 03 01:03:43 GMT 2024","","FIZZBUZZ","FIZZBUZZ",""
"","3","STATE-TYPES.12","","Sun Nov 03 01:59:10 GMT 2024","passed","Sun Nov 03 01:59:10 GMT 2024","","BASIC","BASIC",""
"","4000","ai-service.ai-service-composition-sanity","","Sun Nov 03 00:37:15 GMT 2024","passed","Sun Nov 03 00:37:19 GMT 2024","","WHOLE-TESTS","WHOLE-TESTS",""
"","4","DEDUCTIONENTAILTEST.01","","Sun Nov 03 01:19:47 GMT 2024","passed","Sun Nov 03 01:19:47 GMT 2024","","ENTAIL","ENTAIL",""
"","1106","PLLM-PENNTREE.01","","Sun Nov 03 02:11:44 GMT 2024","passed","Sun Nov 03 02:11:45 GMT 2024","","LANGUAGE-MODELS","LANGUAGE-MODELS",""
"","5","SEALED-TEST.05","","Sun Nov 03 00:38:57 GMT 2024","passed","Sun Nov 03 00:38:57 GMT 2024","","HYPERON-METTALOG-SANITY","HYPERON-METTALOG-SANITY",""
"","3","D2-HIGHERFUNC.26","","Sun Nov 03 01:13:31 GMT 2024","passed","Sun Nov 03 01:13:31 GMT 2024","","CHECK-TYPES","CHECK-TYPES",""
"","47","DEDUCTIONIMPLICATIONDIRECTINTRODUCTIONDTLTEST.05","","Sun Nov 03 01:16:13 GMT 2024","failed","Sun Nov 03 01:16:13 GMT 2024","","DEPENDENT-TYPES","DEPENDENT-TYPES",""
"","2","NUMTEST.06","","Sun Nov 03 01:17:36 GMT 2024","passed","Sun Nov 03 01:17:36 GMT 2024","","COMMON","COMMON",""
"","3","C1-GROUNDED-BASIC.08","","Sun Nov 03 00:47:10 GMT 2024","passed","Sun Nov 03 00:47:10 GMT 2024","","QUICK","QUICK",""
"","2","D4-TYPE-PROP.18","","Sun Nov 03 00:37:20 GMT 2024","passed","Sun Nov 03 00:37:20 GMT 2024","","HYPERON-EXPERIMENTAL-SCRIPTS","HYPERON-EXPERIMENTAL-SCRIPTS",""
"","2","D4-TYPE-PROP.17","","Sun Nov 03 01:13:31 GMT 2024","passed","Sun Nov 03 01:13:31 GMT 2024","","CHECK-TYPES","CHECK-TYPES",""
"","2","TYPE-PROP.22","","Sun Nov 03 01:13:11 GMT 2024","passed","Sun Nov 03 01:13:11 GMT 2024","","CHECK-TYPES-TEMP","CHECK-TYPES-TEMP",""
"","6000","dependent-types.DeductionDTLTest","","Sun Nov 03 00:37:15 GMT 2024","passed","Sun Nov 03 00:37:21 GMT 2024","","WHOLE-TESTS","WHOLE-TESTS",""
"","2","MATCH-VOID.03","","Sun Nov 03 00:42:53 GMT 2024","passed","Sun Nov 03 00:42:53 GMT 2024","","METTA-MORPH-TESTS","METTA-MORPH-TESTS",""
"","1","SPACE-SUBTRACTION-TESTS.02","","Sun Nov 03 00:38:57 GMT 2024","passed","Sun Nov 03 00:38:57 GMT 2024","","HYPERON-METTALOG-SANITY","HYPERON-METTALOG-SANITY",""
"","3","ADD-REMOVE-MATCH-STRINGS.01","","Sun Nov 03 00:54:23 GMT 2024","passed","Sun Nov 03 00:54:23 GMT 2024","","SPACES","SPACES",""
"","4","DEDUCTIONIMPLICATIONDIRECTINTRODUCTIONDTLTEST.02","","Sun Nov 03 01:16:13 GMT 2024","passed","Sun Nov 03 01:16:13 GMT 2024","","DEPENDENT-TYPES","DEPENDENT-TYPES",""
"","2","AI-SERVICE-COMPOSITION-EASY.05","","Sun Nov 03 01:10:39 GMT 2024","passed","Sun Nov 03 01:10:39 GMT 2024","","AI-SERVICE","AI-SERVICE",""
"","15","F1-IMPORTS.04","","Sun Nov 03 00:37:10 GMT 2024","failed","Sun Nov 03 00:37:10 GMT 2024","","MODULE-SYSTEM","MODULE-SYSTEM",""
"","73","STDLIB-METTALOG-TEST-PT2.73","","Sun Nov 03 00:56:29 GMT 2024","failed","Sun Nov 03 00:56:29 GMT 2024","","STDLIB-METTALOG","STDLIB-METTALOG",""
"","250","NATSIMPLETEST.02","","Sun Nov 03 01:20:22 GMT 2024","failed","Sun Nov 03 01:20:22 GMT 2024","","HOL","HOL",""
"","3","SHOW-TYPE.01","","Sun Nov 03 00:54:10 GMT 2024","passed","Sun Nov 03 00:54:10 GMT 2024","","INTROSPECT","INTROSPECT",""
"","3","C1-GROUNDED-BASIC.01","","Sun Nov 03 00:37:20 GMT 2024","passed","Sun Nov 03 00:37:20 GMT 2024","","HYPERON-EXPERIMENTAL-SCRIPTS","HYPERON-EXPERIMENTAL-SCRIPTS",""
"","3","B3-DIRECT.01","","Sun Nov 03 00:37:20 GMT 2024","passed","Sun Nov 03 00:37:20 GMT 2024","","HYPERON-EXPERIMENTAL-SCRIPTS","HYPERON-EXPERIMENTAL-SCRIPTS",""
"","3415","TRAINING.03","","Sun Nov 03 02:11:44 GMT 2024","passed","Sun Nov 03 02:11:47 GMT 2024","","LANGUAGE-MODELS","LANGUAGE-MODELS",""
"","47","D5-AUTO-TYPES.05","","Sun Nov 03 01:13:31 GMT 2024","failed","Sun Nov 03 01:13:31 GMT 2024","","CHECK-TYPES","CHECK-TYPES",""
"","77","TESTS0.01","","Sun Nov 03 01:32:21 GMT 2024","failed","Sun Nov 03 01:32:21 GMT 2024","","CURRENT","CURRENT",""
"","2","PREREQS.02","","Sun Nov 03 00:47:37 GMT 2024","passed","Sun Nov 03 00:47:37 GMT 2024","","MAIN-BRANCH","MAIN-BRANCH",""
"","3","STATE-TYPES.10","","Sun Nov 03 01:59:10 GMT 2024","passed","Sun Nov 03 01:59:10 GMT 2024","","BASIC","BASIC",""
"","2","INF-CTL-MONTH-BC-CONT-XP.14","","Sun Nov 03 01:21:32 GMT 2024","passed","Sun Nov 03 01:21:32 GMT 2024","","INFERENCE-CONTROL","INFERENCE-CONTROL",""
"","5000","metta-morph_tests.types3","","Sun Nov 03 00:37:15 GMT 2024","passed","Sun Nov 03 00:37:20 GMT 2024","","WHOLE-TESTS","WHOLE-TESTS",""
"","280","SHOW-TYPE.16","","Sun Nov 03 00:54:10 GMT 2024","failed","Sun Nov 03 00:54:10 GMT 2024","","INTROSPECT","INTROSPECT",""
"","2","PREREQS.01","","Sun Nov 03 00:47:37 GMT 2024","passed","Sun Nov 03 00:47:37 GMT 2024","","MAIN-BRANCH","MAIN-BRANCH",""
"","3","APPEND.01","","Sun Nov 03 01:56:50 GMT 2024","passed","Sun Nov 03 01:56:50 GMT 2024","","MULTIDIRECTIONAL","MULTIDIRECTIONAL",""
"","2","C2-SPACES.03","","Sun Nov 03 00:37:20 GMT 2024","passed","Sun Nov 03 00:37:20 GMT 2024","","HYPERON-EXPERIMENTAL-SCRIPTS","HYPERON-EXPERIMENTAL-SCRIPTS",""
"","1","IMPLICATIONDIRECTINTRODUCTIONENTAILTEST.04","","Sun Nov 03 01:19:47 GMT 2024","passed","Sun Nov 03 01:19:47 GMT 2024","","ENTAIL","ENTAIL",""
"","3","HIGHER-ORDER-FUNCS.10","","Sun Nov 03 00:55:06 GMT 2024","passed","Sun Nov 03 00:55:06 GMT 2024","","STD","STD",""
"","2","TYPE-PROP.48","","Sun Nov 03 01:13:11 GMT 2024","passed","Sun Nov 03 01:13:11 GMT 2024","","CHECK-TYPES-TEMP","CHECK-TYPES-TEMP",""
"","86","BASE-TEST-REPR-PARSE-INTERSECTION.02","","Sun Nov 03 00:38:57 GMT 2024","passed","Sun Nov 03 00:38:57 GMT 2024","","HYPERON-METTALOG-SANITY","HYPERON-METTALOG-SANITY",""
"","2","SUPERCOLLAPSE.06","","Sun Nov 03 00:42:53 GMT 2024","passed","Sun Nov 03 00:42:53 GMT 2024","","METTA-MORPH-TESTS","METTA-MORPH-TESTS",""
"","14","D2-HIGHERFUNC.22","","Sun Nov 03 00:37:20 GMT 2024","passed","Sun Nov 03 00:37:20 GMT 2024","","HYPERON-EXPERIMENTAL-SCRIPTS","HYPERON-EXPERIMENTAL-SCRIPTS",""
"","7000","basic.hanoi-one-space","","Sun Nov 03 00:37:15 GMT 2024","passed","Sun Nov 03 00:37:22 GMT 2024","","WHOLE-TESTS","WHOLE-TESTS",""
"","2","D4-TYPE-PROP.09","","Sun Nov 03 00:37:20 GMT 2024","passed","Sun Nov 03 00:37:20 GMT 2024","","HYPERON-EXPERIMENTAL-SCRIPTS","HYPERON-EXPERIMENTAL-SCRIPTS",""
"","2","B4-NONDETERM.05","","Sun Nov 03 00:37:20 GMT 2024","passed","Sun Nov 03 00:37:20 GMT 2024","","HYPERON-EXPERIMENTAL-SCRIPTS","HYPERON-EXPERIMENTAL-SCRIPTS",""
"","126","NTE.03","","Sun Nov 03 01:03:17 GMT 2024","passed","Sun Nov 03 01:03:17 GMT 2024","","EDGES-TO-EDGES","EDGES-TO-EDGES",""
"","5000","curried-chaining.curried-chainer","","Sun Nov 03 00:37:15 GMT 2024","passed","Sun Nov 03 00:37:20 GMT 2024","","WHOLE-TESTS","WHOLE-TESTS",""
"","4000","metta-morph_tests.nested_parameters","","Sun Nov 03 00:37:15 GMT 2024","passed","Sun Nov 03 00:37:19 GMT 2024","","WHOLE-TESTS","WHOLE-TESTS",""
"","4000","std.grounded_basic","","Sun Nov 03 00:37:15 GMT 2024","passed","Sun Nov 03 00:37:19 GMT 2024","","WHOLE-TESTS","WHOLE-TESTS",""
"","3818","TRAINING-BI.03","","Sun Nov 03 02:11:44 GMT 2024","passed","Sun Nov 03 02:11:47 GMT 2024","","LANGUAGE-MODELS","LANGUAGE-MODELS",""
"","4000","fizzbuzz.classical","","Sun Nov 03 00:37:15 GMT 2024","passed","Sun Nov 03 00:37:19 GMT 2024","","WHOLE-TESTS","WHOLE-TESTS",""
"","3","SYNTHESIZE-VIA-LET-TEST.04","","Sun Nov 03 01:28:09 GMT 2024","passed","Sun Nov 03 01:28:09 GMT 2024","","EXPERIMENTS","EXPERIMENTS",""
"","2","QUERIES.02","","Sun Nov 03 01:09:46 GMT 2024","passed","Sun Nov 03 01:09:46 GMT 2024","","STRIPS-TO-METTA-IMPROVED","STRIPS-TO-METTA-IMPROVED",""
"","132","TESTS0.01","","Sun Nov 03 01:45:13 GMT 2024","passed","Sun Nov 03 01:45:13 GMT 2024","","PREV","PREV",""
"","9","NARS-BUILDTUPLECOUNTS.01","","Sun Nov 03 01:36:09 GMT 2024","passed","Sun Nov 03 01:36:09 GMT 2024","","NARS-EXTRAS","NARS-EXTRAS",""
"","3","FC-XP.04","","Sun Nov 03 01:20:16 GMT 2024","passed","Sun Nov 03 01:20:16 GMT 2024","","FORWARD-CHAINING","FORWARD-CHAINING",""
"","14","CHAPTER-2-4.22","","Sun Nov 03 00:56:39 GMT 2024","failed","Sun Nov 03 00:56:39 GMT 2024","","SICP-BOOK","SICP-BOOK",""
"","2","HYPERPOSING-SHARED.09","","Sun Nov 03 01:59:10 GMT 2024","passed","Sun Nov 03 01:59:10 GMT 2024","","BASIC","BASIC",""
"","1","D4-TYPE-PROP.12","","Sun Nov 03 00:47:10 GMT 2024","passed","Sun Nov 03 00:47:10 GMT 2024","","QUICK","QUICK",""
"","2","PC-XP.13","","Sun Nov 03 01:26:17 GMT 2024","passed","Sun Nov 03 01:26:17 GMT 2024","","POLYWARD-CHAINING","POLYWARD-CHAINING",""
"","5000","check_types.e2_states","","Sun Nov 03 00:37:15 GMT 2024","passed","Sun Nov 03 00:37:20 GMT 2024","","WHOLE-TESTS","WHOLE-TESTS",""
"","3","LISTTEST.18","","Sun Nov 03 01:17:36 GMT 2024","passed","Sun Nov 03 01:17:36 GMT 2024","","COMMON","COMMON",""
"","2","ORDEREDSETTEST.08","","Sun Nov 03 01:17:36 GMT 2024","passed","Sun Nov 03 01:17:36 GMT 2024","","COMMON","COMMON",""
"","3","STDLIB-METTALOG-TEST-PT2.66","","Sun Nov 03 00:56:29 GMT 2024","passed","Sun Nov 03 00:56:29 GMT 2024","","STDLIB-METTALOG","STDLIB-METTALOG",""
"","2","B2-BACKCHAIN.01","","Sun Nov 03 00:37:20 GMT 2024","passed","Sun Nov 03 00:37:20 GMT 2024","","HYPERON-EXPERIMENTAL-SCRIPTS","HYPERON-EXPERIMENTAL-SCRIPTS",""
"","2","OR-TEST.06","","Sun Nov 03 00:38:57 GMT 2024","passed","Sun Nov 03 00:38:57 GMT 2024","","HYPERON-METTALOG-SANITY","HYPERON-METTALOG-SANITY",""
"","2","TYPE-PROP.81","","Sun Nov 03 01:13:11 GMT 2024","passed","Sun Nov 03 01:13:11 GMT 2024","","CHECK-TYPES-TEMP","CHECK-TYPES-TEMP",""
"","2","STRING-TESTS.21","","Sun Nov 03 00:38:57 GMT 2024","passed","Sun Nov 03 00:38:57 GMT 2024","","HYPERON-METTALOG-SANITY","HYPERON-METTALOG-SANITY",""
"","34","TESTS1-PRE.06","","Sun Nov 03 00:47:37 GMT 2024","failed","Sun Nov 03 00:47:37 GMT 2024","","MAIN-BRANCH","MAIN-BRANCH",""
"","2","IFC-XP.10","","Sun Nov 03 01:23:34 GMT 2024","passed","Sun Nov 03 01:23:34 GMT 2024","","ITERATIVE-CHAINING","ITERATIVE-CHAINING",""
"","3","D3-DEPTYPES.01","","Sun Nov 03 01:13:31 GMT 2024","passed","Sun Nov 03 01:13:31 GMT 2024","","CHECK-TYPES","CHECK-TYPES",""
"","2","ADD-REMOVE-MATCH-INTEGER.19","","Sun Nov 03 00:54:23 GMT 2024","passed","Sun Nov 03 00:54:23 GMT 2024","","SPACES","SPACES",""
"","122","TESTS0.01","","Sun Nov 03 00:42:53 GMT 2024","passed","Sun Nov 03 00:42:53 GMT 2024","","METTA-MORPH-TESTS","METTA-MORPH-TESTS",""
"","225","SELF-CONTAINED-SYNTHESIZE.02","","Sun Nov 03 01:28:09 GMT 2024","failed","Sun Nov 03 01:28:09 GMT 2024","","EXPERIMENTS","EXPERIMENTS",""
"","4","RUN-MINNARS-TRIMMED.01","","Sun Nov 03 01:36:09 GMT 2024","passed","Sun Nov 03 01:36:09 GMT 2024","","NARS-EXTRAS","NARS-EXTRAS",""
"","4000","match.ImplicationDirectIntroductionMatchTest","","Sun Nov 03 00:37:15 GMT 2024","passed","Sun Nov 03 00:37:19 GMT 2024","","WHOLE-TESTS","WHOLE-TESTS",""
"","2","MATCH-SUPERPOSED-SPACES.05","","Sun Nov 03 00:42:53 GMT 2024","passed","Sun Nov 03 00:42:53 GMT 2024","","METTA-MORPH-TESTS","METTA-MORPH-TESTS",""
"","2","D1-GADT.11","","Sun Nov 03 00:37:20 GMT 2024","passed","Sun Nov 03 00:37:20 GMT 2024","","HYPERON-EXPERIMENTAL-SCRIPTS","HYPERON-EXPERIMENTAL-SCRIPTS",""
"","2","B5-TYPES-PRELIM.23","","Sun Nov 03 01:13:11 GMT 2024","passed","Sun Nov 03 01:13:11 GMT 2024","","CHECK-TYPES-TEMP","CHECK-TYPES-TEMP",""
"","2","D1-GADT.02","","Sun Nov 03 01:13:31 GMT 2024","passed","Sun Nov 03 01:13:31 GMT 2024","","CHECK-TYPES","CHECK-TYPES",""
"","4000","anti-regression.test_if_closed","","Sun Nov 03 00:37:15 GMT 2024","passed","Sun Nov 03 00:37:19 GMT 2024","","WHOLE-TESTS","WHOLE-TESTS",""
"","5000","basic.state_types","","Sun Nov 03 00:37:15 GMT 2024","passed","Sun Nov 03 00:37:20 GMT 2024","","WHOLE-TESTS","WHOLE-TESTS",""
"","1","TMPMATCH1.03","","Sun Nov 03 00:44:59 GMT 2024","passed","Sun Nov 03 00:44:59 GMT 2024","","ANTI-REGRESSION","ANTI-REGRESSION",""
"","1159","TRAINING-BI.05","","Sun Nov 03 02:11:44 GMT 2024","passed","Sun Nov 03 02:11:45 GMT 2024","","LANGUAGE-MODELS","LANGUAGE-MODELS",""
"","389","TESTS0.06","","Sun Nov 03 00:42:53 GMT 2024","passed","Sun Nov 03 00:42:53 GMT 2024","","METTA-MORPH-TESTS","METTA-MORPH-TESTS",""
"","1","TYPE-PROP.49","","Sun Nov 03 01:13:11 GMT 2024","passed","Sun Nov 03 01:13:11 GMT 2024","","CHECK-TYPES-TEMP","CHECK-TYPES-TEMP",""
"","5000","red-black-lambda.lambda-theory","","Sun Nov 03 00:37:15 GMT 2024","passed","Sun Nov 03 00:37:20 GMT 2024","","WHOLE-TESTS","WHOLE-TESTS",""
"","2","D3-DEPTYPES.06","","Sun Nov 03 00:37:20 GMT 2024","passed","Sun Nov 03 00:37:20 GMT 2024","","HYPERON-EXPERIMENTAL-SCRIPTS","HYPERON-EXPERIMENTAL-SCRIPTS",""
"","3","FORWARD-CHAINER-TEST.12","","Sun Nov 03 01:20:07 GMT 2024","passed","Sun Nov 03 01:20:07 GMT 2024","","FORWARD-CHAINER","FORWARD-CHAINER",""
"","2","FC-XP.25","","Sun Nov 03 01:20:16 GMT 2024","passed","Sun Nov 03 01:20:16 GMT 2024","","FORWARD-CHAINING","FORWARD-CHAINING",""
"","2","NATPARITYTEST.07","","Sun Nov 03 01:20:22 GMT 2024","passed","Sun Nov 03 01:20:22 GMT 2024","","HOL","HOL",""
"","2","TYPES2.05","","Sun Nov 03 00:42:53 GMT 2024","passed","Sun Nov 03 00:42:53 GMT 2024","","METTA-MORPH-TESTS","METTA-MORPH-TESTS",""
"","3","TESTS4.03","","Sun Nov 03 00:47:37 GMT 2024","passed","Sun Nov 03 00:47:37 GMT 2024","","MAIN-BRANCH","MAIN-BRANCH",""
"","2","INF-CTL-MONTH-XP-SHORT-3.11","","Sun Nov 03 02:05:29 GMT 2024","passed","Sun Nov 03 02:05:29 GMT 2024","","COMPARISONS","COMPARISONS",""
"","2","F1-MODULEA.04","","Sun Nov 03 00:47:10 GMT 2024","passed","Sun Nov 03 00:47:10 GMT 2024","","QUICK","QUICK",""
"","2","INF-CTL-MONTH-BC-CONT-XP.08","","Sun Nov 03 01:21:32 GMT 2024","passed","Sun Nov 03 01:21:32 GMT 2024","","INFERENCE-CONTROL","INFERENCE-CONTROL",""
"","40000","SICP_book.chapter_1_2","","Sun Nov 03 00:37:15 GMT 2024","failed","Sun Nov 03 00:37:55 GMT 2024","","WHOLE-TESTS","WHOLE-TESTS",""
"","2","ADD-REMOVE-MATCH-STRINGS.06","","Sun Nov 03 00:54:23 GMT 2024","passed","Sun Nov 03 00:54:23 GMT 2024","","SPACES","SPACES",""
"","2","LISTTEST.17","","Sun Nov 03 01:17:36 GMT 2024","passed","Sun Nov 03 01:17:36 GMT 2024","","COMMON","COMMON",""
"","9000","dependent-types.MinerCurriedDTLTest","","Sun Nov 03 00:37:15 GMT 2024","passed","Sun Nov 03 00:37:24 GMT 2024","","WHOLE-TESTS","WHOLE-TESTS",""
"","2","PC-XP.03","","Sun Nov 03 01:26:17 GMT 2024","passed","Sun Nov 03 01:26:17 GMT 2024","","POLYWARD-CHAINING","POLYWARD-CHAINING",""
"","87","05-MATCH-SUPERPOSE-ELEMENT-LIKE-SPACE.03","","Sun Nov 03 01:53:49 GMT 2024","failed","Sun Nov 03 01:53:49 GMT 2024","","CONTAINERS-ARE-SPACES","CONTAINERS-ARE-SPACES",""
"","4","SHOW-TYPE.05","","Sun Nov 03 00:54:10 GMT 2024","passed","Sun Nov 03 00:54:10 GMT 2024","","INTROSPECT","INTROSPECT",""
"","96","TOO-EAGER-MATH.02","","Sun Nov 03 01:58:08 GMT 2024","passed","Sun Nov 03 01:58:08 GMT 2024","","POSSIBLY-WRONG","POSSIBLY-WRONG",""
"","5000","SICP_book.chapter_1_1","","Sun Nov 03 00:37:15 GMT 2024","passed","Sun Nov 03 00:37:20 GMT 2024","","WHOLE-TESTS","WHOLE-TESTS",""
"","3","D2-HIGHERFUNC.26","","Sun Nov 03 00:47:10 GMT 2024","passed","Sun Nov 03 00:47:10 GMT 2024","","QUICK","QUICK",""
"","4000","walk_thru.tmpMatch2","","Sun Nov 03 00:37:15 GMT 2024","passed","Sun Nov 03 00:37:19 GMT 2024","","WHOLE-TESTS","WHOLE-TESTS",""
"","2","DEFINE-IF-LIKE.05","","Sun Nov 03 01:49:09 GMT 2024","passed","Sun Nov 03 01:49:09 GMT 2024","","DIRECT-COMP","DIRECT-COMP",""
"","318","LOCATED-TEST.02","","Sun Nov 03 01:27:12 GMT 2024","failed","Sun Nov 03 01:27:12 GMT 2024","","LOCATED","LOCATED",""
"","15","AI-SERVICE-COMPOSITION-EASY.07","","Sun Nov 03 01:10:39 GMT 2024","passed","Sun Nov 03 01:10:39 GMT 2024","","AI-SERVICE","AI-SERVICE",""
"","3","TESTS0.03","","Sun Nov 03 01:45:13 GMT 2024","passed","Sun Nov 03 01:45:13 GMT 2024","","PREV","PREV",""
"","3","ADD-REMOVE-MATCH-FLOAT.10","","Sun Nov 03 00:54:23 GMT 2024","passed","Sun Nov 03 00:54:23 GMT 2024","","SPACES","SPACES",""
"","2","NATPARITYTEST.16","","Sun Nov 03 01:20:22 GMT 2024","passed","Sun Nov 03 01:20:22 GMT 2024","","HOL","HOL",""
"","3","ZEROARGS.01","","Sun Nov 03 00:42:53 GMT 2024","passed","Sun Nov 03 00:42:53 GMT 2024","","METTA-MORPH-TESTS","METTA-MORPH-TESTS",""
"","2","LTE.02","","Sun Nov 03 00:55:06 GMT 2024","passed","Sun Nov 03 00:55:06 GMT 2024","","STD","STD",""
"","2","LISTTEST.03","","Sun Nov 03 01:17:36 GMT 2024","passed","Sun Nov 03 01:17:36 GMT 2024","","COMMON","COMMON",""
"","4000","check_types-temp.c1_grounded_basic","","Sun Nov 03 00:37:15 GMT 2024","passed","Sun Nov 03 00:37:19 GMT 2024","","WHOLE-TESTS","WHOLE-TESTS",""
"","3","BCHAIN-COMP.06","","Sun Nov 03 01:50:35 GMT 2024","passed","Sun Nov 03 01:50:35 GMT 2024","","WALK-THRU","WALK-THRU",""
"","3","TESTS0.04","","Sun Nov 03 01:37:25 GMT 2024","passed","Sun Nov 03 01:37:25 GMT 2024","","NARS-V0","NARS-V0",""
"","2","CHAPTER-2-4.13","","Sun Nov 03 00:56:39 GMT 2024","passed","Sun Nov 03 00:56:39 GMT 2024","","SICP-BOOK","SICP-BOOK",""
"","2","F1-IMPORTS.10","","Sun Nov 03 00:37:10 GMT 2024","passed","Sun Nov 03 00:37:10 GMT 2024","","MODULE-SYSTEM","MODULE-SYSTEM",""
"","2","ADD-REMOVE-MATCH-S-STRINGS.03","","Sun Nov 03 00:54:23 GMT 2024","passed","Sun Nov 03 00:54:23 GMT 2024","","SPACES","SPACES",""
"","2","IBC-XP.27","","Sun Nov 03 01:23:34 GMT 2024","passed","Sun Nov 03 01:23:34 GMT 2024","","ITERATIVE-CHAINING","ITERATIVE-CHAINING",""
"","2","ADD-REMOVE-MATCH-STRINGS.10","","Sun Nov 03 00:54:23 GMT 2024","passed","Sun Nov 03 00:54:23 GMT 2024","","SPACES","SPACES",""
"","2","IFC-XP.23","","Sun Nov 03 01:23:34 GMT 2024","passed","Sun Nov 03 01:23:34 GMT 2024","","ITERATIVE-CHAINING","ITERATIVE-CHAINING",""
"","2","BCHAIN-COMP.05","","Sun Nov 03 01:50:35 GMT 2024","passed","Sun Nov 03 01:50:35 GMT 2024","","WALK-THRU","WALK-THRU",""
"","2","LTE.03","","Sun Nov 03 00:55:06 GMT 2024","passed","Sun Nov 03 00:55:06 GMT 2024","","STD","STD",""
"","2","IFC-XP.14","","Sun Nov 03 01:23:34 GMT 2024","passed","Sun Nov 03 01:23:34 GMT 2024","","ITERATIVE-CHAINING","ITERATIVE-CHAINING",""
"","2","CHAPTER-2-2.11","","Sun Nov 03 00:56:39 GMT 2024","passed","Sun Nov 03 00:56:39 GMT 2024","","SICP-BOOK","SICP-BOOK",""
"","19","INF-CTL-MONTH-XP-SHORT-5.01","","Sun Nov 03 02:05:29 GMT 2024","failed","Sun Nov 03 02:05:29 GMT 2024","","COMPARISONS","COMPARISONS",""
"","1","D4-TYPE-PROP.15","","Sun Nov 03 00:47:10 GMT 2024","passed","Sun Nov 03 00:47:10 GMT 2024","","QUICK","QUICK",""
"","2","BC-XP.24","","Sun Nov 03 01:17:27 GMT 2024","passed","Sun Nov 03 01:17:27 GMT 2024","","BACKWARD-CHAINING","BACKWARD-CHAINING",""
"","4000","distributed-processing.create-server","","Sun Nov 03 00:37:15 GMT 2024","passed","Sun Nov 03 00:37:19 GMT 2024","","WHOLE-TESTS","WHOLE-TESTS",""
"","3","F1-IMPORTS.01","","Sun Nov 03 00:37:20 GMT 2024","passed","Sun Nov 03 00:37:20 GMT 2024","","HYPERON-EXPERIMENTAL-SCRIPTS","HYPERON-EXPERIMENTAL-SCRIPTS",""
"","3","E1-KB-WRITE.02","","Sun Nov 03 00:37:20 GMT 2024","passed","Sun Nov 03 00:37:20 GMT 2024","","HYPERON-EXPERIMENTAL-SCRIPTS","HYPERON-EXPERIMENTAL-SCRIPTS",""
"","2","SYNTHESIZE-VIA-TYPE-CHECKING.08","","Sun Nov 03 01:28:09 GMT 2024","passed","Sun Nov 03 01:28:09 GMT 2024","","EXPERIMENTS","EXPERIMENTS",""
"","2","DEDUCTIONFORMULATEST.08","","Sun Nov 03 01:17:59 GMT 2024","passed","Sun Nov 03 01:17:59 GMT 2024","","FORMULA","FORMULA",""
"","1","CML-UNSHARED.09","","Sun Nov 03 01:59:10 GMT 2024","passed","Sun Nov 03 01:59:10 GMT 2024","","BASIC","BASIC",""
"","5000","polyward-chaining.pc-xp","","Sun Nov 03 00:37:15 GMT 2024","passed","Sun Nov 03 00:37:20 GMT 2024","","WHOLE-TESTS","WHOLE-TESTS",""
"","3","MULTIFUNCTION.01","","Sun Nov 03 00:42:53 GMT 2024","passed","Sun Nov 03 00:42:53 GMT 2024","","METTA-MORPH-TESTS","METTA-MORPH-TESTS",""
"","630","SELF-CONTAINED-SYNTHESIZE.01","","Sun Nov 03 01:28:09 GMT 2024","failed","Sun Nov 03 01:28:09 GMT 2024","","EXPERIMENTS","EXPERIMENTS",""
"","1","LET-SUPERPOSE-IF-CASE.02","","Sun Nov 03 01:50:09 GMT 2024","passed","Sun Nov 03 01:50:09 GMT 2024","","TRANSPILER","TRANSPILER",""
"","5","V2-PLN-XP.02","","Sun Nov 03 00:52:07 GMT 2024","passed","Sun Nov 03 00:52:07 GMT 2024","","CHAINING","CHAINING",""
"","87","00-LANG-CASE.07","","Sun Nov 03 00:38:57 GMT 2024","passed","Sun Nov 03 00:38:57 GMT 2024","","HYPERON-METTALOG-SANITY","HYPERON-METTALOG-SANITY",""
"","2","IFC-XP.40","","Sun Nov 03 01:23:34 GMT 2024","passed","Sun Nov 03 01:23:34 GMT 2024","","ITERATIVE-CHAINING","ITERATIVE-CHAINING",""
"","3","TYPE-PROP.34","","Sun Nov 03 01:13:11 GMT 2024","passed","Sun Nov 03 01:13:11 GMT 2024","","CHECK-TYPES-TEMP","CHECK-TYPES-TEMP",""
"","2","BASIC.08","","Sun Nov 03 01:10:27 GMT 2024","passed","Sun Nov 03 01:10:27 GMT 2024","","TRAVERSER","TRAVERSER",""
"","146","SPACE-INTERSECTION-TESTS.07","","Sun Nov 03 00:38:57 GMT 2024","failed","Sun Nov 03 00:38:57 GMT 2024","","HYPERON-METTALOG-SANITY","HYPERON-METTALOG-SANITY",""
"","4","QUERIES.16","","Sun Nov 03 01:09:46 GMT 2024","passed","Sun Nov 03 01:09:46 GMT 2024","","STRIPS-TO-METTA-IMPROVED","STRIPS-TO-METTA-IMPROVED",""
"","2","INTERSECTION-TESTS.07","","Sun Nov 03 00:38:57 GMT 2024","passed","Sun Nov 03 00:38:57 GMT 2024","","HYPERON-METTALOG-SANITY","HYPERON-METTALOG-SANITY",""
"","2","E2-STATES.03","","Sun Nov 03 00:37:20 GMT 2024","passed","Sun Nov 03 00:37:20 GMT 2024","","HYPERON-EXPERIMENTAL-SCRIPTS","HYPERON-EXPERIMENTAL-SCRIPTS",""
"","2","D2-HIGHERFUNC.04","","Sun Nov 03 01:13:31 GMT 2024","passed","Sun Nov 03 01:13:31 GMT 2024","","CHECK-TYPES","CHECK-TYPES",""
"","3","CHAPTER-2-4.14","","Sun Nov 03 00:56:39 GMT 2024","passed","Sun Nov 03 00:56:39 GMT 2024","","SICP-BOOK","SICP-BOOK",""
"","5000","metta-morph_tests.multifunction","","Sun Nov 03 00:37:15 GMT 2024","passed","Sun Nov 03 00:37:20 GMT 2024","","WHOLE-TESTS","WHOLE-TESTS",""
"","2","TEST-IF-CLOSED.04","","Sun Nov 03 00:44:59 GMT 2024","passed","Sun Nov 03 00:44:59 GMT 2024","","ANTI-REGRESSION","ANTI-REGRESSION",""
"","40000","experiments.synthesize-via-let-test","","Sun Nov 03 00:37:15 GMT 2024","failed","Sun Nov 03 00:37:55 GMT 2024","","WHOLE-TESTS","WHOLE-TESTS",""
"","2","ORDEREDSETTEST.02","","Sun Nov 03 01:17:36 GMT 2024","passed","Sun Nov 03 01:17:36 GMT 2024","","COMMON","COMMON",""
"","4","TYPE-PROP.35","","Sun Nov 03 01:13:11 GMT 2024","passed","Sun Nov 03 01:13:11 GMT 2024","","CHECK-TYPES-TEMP","CHECK-TYPES-TEMP",""
"","3","TESTS1-PRE.03","","Sun Nov 03 00:47:37 GMT 2024","passed","Sun Nov 03 00:47:37 GMT 2024","","MAIN-BRANCH","MAIN-BRANCH",""
"","12","C1-GROUNDED-BASIC.23","","Sun Nov 03 00:37:20 GMT 2024","passed","Sun Nov 03 00:37:20 GMT 2024","","HYPERON-EXPERIMENTAL-SCRIPTS","HYPERON-EXPERIMENTAL-SCRIPTS",""
"","2","D1-GADT.03","","Sun Nov 03 00:47:10 GMT 2024","passed","Sun Nov 03 00:47:10 GMT 2024","","QUICK","QUICK",""
"","2","XOR-TEST.08","","Sun Nov 03 00:38:57 GMT 2024","passed","Sun Nov 03 00:38:57 GMT 2024","","HYPERON-METTALOG-SANITY","HYPERON-METTALOG-SANITY",""
"","142","SYNTHESIZE-VIA-UNIFY-TEST.10","","Sun Nov 03 01:28:09 GMT 2024","failed","Sun Nov 03 01:28:09 GMT 2024","","EXPERIMENTS","EXPERIMENTS",""
"","77","F1-IMPORTS.18","","Sun Nov 03 00:37:20 GMT 2024","passed","Sun Nov 03 00:37:20 GMT 2024","","HYPERON-EXPERIMENTAL-SCRIPTS","HYPERON-EXPERIMENTAL-SCRIPTS",""
"","3","INTERSECTION-TESTS.12","","Sun Nov 03 00:38:57 GMT 2024","passed","Sun Nov 03 00:38:57 GMT 2024","","HYPERON-METTALOG-SANITY","HYPERON-METTALOG-SANITY",""
"","2","STRING-TESTS.14","","Sun Nov 03 00:38:57 GMT 2024","passed","Sun Nov 03 00:38:57 GMT 2024","","HYPERON-METTALOG-SANITY","HYPERON-METTALOG-SANITY",""
"","133","B5-TYPES-PRELIM.08","","Sun Nov 03 01:13:11 GMT 2024","failed","Sun Nov 03 01:13:11 GMT 2024","","CHECK-TYPES-TEMP","CHECK-TYPES-TEMP",""
"","25","STDLIB-METTALOG-TEST-PT2.18","","Sun Nov 03 00:56:29 GMT 2024","failed","Sun Nov 03 00:56:29 GMT 2024","","STDLIB-METTALOG","STDLIB-METTALOG",""
"","2","ADD-REMOVE-MATCH-SS-SYMBOLS.05","","Sun Nov 03 00:54:23 GMT 2024","passed","Sun Nov 03 00:54:23 GMT 2024","","SPACES","SPACES",""
"","2","BACKWARD-CHAINER-XP.24","","Sun Nov 03 01:17:21 GMT 2024","passed","Sun Nov 03 01:17:21 GMT 2024","","BACKWARD-CHAINER","BACKWARD-CHAINER",""
"","2","NATPARITYTEST.03","","Sun Nov 03 01:20:22 GMT 2024","passed","Sun Nov 03 01:20:22 GMT 2024","","HOL","HOL",""
"","12","MATCH-VOID.04","","Sun Nov 03 00:42:53 GMT 2024","passed","Sun Nov 03 00:42:53 GMT 2024","","METTA-MORPH-TESTS","METTA-MORPH-TESTS",""
"","3","LISTTEST.05","","Sun Nov 03 01:17:36 GMT 2024","passed","Sun Nov 03 01:17:36 GMT 2024","","COMMON","COMMON",""
"","2","06-MATCH-IN-SPACE.04","","Sun Nov 03 00:38:57 GMT 2024","passed","Sun Nov 03 00:38:57 GMT 2024","","HYPERON-METTALOG-SANITY","HYPERON-METTALOG-SANITY",""
"","3","TMPMATCH2.04","","Sun Nov 03 01:50:35 GMT 2024","passed","Sun Nov 03 01:50:35 GMT 2024","","WALK-THRU","WALK-THRU",""
"","3","SUBTYPING-TEST.01","","Sun Nov 03 01:26:23 GMT 2024","passed","Sun Nov 03 01:26:23 GMT 2024","","SUBTYPING","SUBTYPING",""
"","2","INTERSECTION-TESTS.03","","Sun Nov 03 00:38:57 GMT 2024","passed","Sun Nov 03 00:38:57 GMT 2024","","HYPERON-METTALOG-SANITY","HYPERON-METTALOG-SANITY",""
"","3","E2-STATES.12","","Sun Nov 03 00:37:20 GMT 2024","passed","Sun Nov 03 00:37:20 GMT 2024","","HYPERON-EXPERIMENTAL-SCRIPTS","HYPERON-EXPERIMENTAL-SCRIPTS",""
"","2","STRING-TESTS.04","","Sun Nov 03 00:38:57 GMT 2024","passed","Sun Nov 03 00:38:57 GMT 2024","","HYPERON-METTALOG-SANITY","HYPERON-METTALOG-SANITY",""
"","2","INF-CTL-MONTH-XP-SHORT-3.12","","Sun Nov 03 02:05:29 GMT 2024","passed","Sun Nov 03 02:05:29 GMT 2024","","COMPARISONS","COMPARISONS",""
"","62","NATSTANDALONETEST.12","","Sun Nov 03 01:20:22 GMT 2024","failed","Sun Nov 03 01:20:22 GMT 2024","","HOL","HOL",""
"","3","TESTS0.04","","Sun Nov 03 01:32:21 GMT 2024","passed","Sun Nov 03 01:32:21 GMT 2024","","CURRENT","CURRENT",""
"","2","STRING-TESTS.07","","Sun Nov 03 00:38:57 GMT 2024","passed","Sun Nov 03 00:38:57 GMT 2024","","HYPERON-METTALOG-SANITY","HYPERON-METTALOG-SANITY",""
"","2","IFC-XP.18","","Sun Nov 03 01:23:34 GMT 2024","passed","Sun Nov 03 01:23:34 GMT 2024","","ITERATIVE-CHAINING","ITERATIVE-CHAINING",""
"","5000","prob-dep-types.inf_order_probs","","Sun Nov 03 00:37:15 GMT 2024","passed","Sun Nov 03 00:37:20 GMT 2024","","WHOLE-TESTS","WHOLE-TESTS",""
"","2","B5-TYPES-PRELIM.12","","Sun Nov 03 00:37:20 GMT 2024","passed","Sun Nov 03 00:37:20 GMT 2024","","HYPERON-EXPERIMENTAL-SCRIPTS","HYPERON-EXPERIMENTAL-SCRIPTS",""
"","2","LET-SUPERPOSE-LIST.01","","Sun Nov 03 01:50:09 GMT 2024","passed","Sun Nov 03 01:50:09 GMT 2024","","TRANSPILER","TRANSPILER",""
"","3","STDLIB-METTALOG-TEST-PT2.31","","Sun Nov 03 00:56:29 GMT 2024","passed","Sun Nov 03 00:56:29 GMT 2024","","STDLIB-METTALOG","STDLIB-METTALOG",""
"","2","D1-GADT.11","","Sun Nov 03 01:13:31 GMT 2024","passed","Sun Nov 03 01:13:31 GMT 2024","","CHECK-TYPES","CHECK-TYPES",""
"","2","ADD-REMOVE-MATCH-INTEGER.08","","Sun Nov 03 00:54:23 GMT 2024","passed","Sun Nov 03 00:54:23 GMT 2024","","SPACES","SPACES",""
"","142","BASIC.10","","Sun Nov 03 01:10:27 GMT 2024","failed","Sun Nov 03 01:10:27 GMT 2024","","TRAVERSER","TRAVERSER",""
"","3","HYPERPOSE.01","","Sun Nov 03 00:42:53 GMT 2024","passed","Sun Nov 03 00:42:53 GMT 2024","","METTA-MORPH-TESTS","METTA-MORPH-TESTS",""
"","5000","possibly_wrong.too_eager_math","","Sun Nov 03 00:37:15 GMT 2024","passed","Sun Nov 03 00:37:20 GMT 2024","","WHOLE-TESTS","WHOLE-TESTS",""
"","958","PLLM-PENNTREE.07","","Sun Nov 03 02:11:44 GMT 2024","passed","Sun Nov 03 02:11:44 GMT 2024","","LANGUAGE-MODELS","LANGUAGE-MODELS",""
"","2","PC-XP.05","","Sun Nov 03 01:26:17 GMT 2024","passed","Sun Nov 03 01:26:17 GMT 2024","","POLYWARD-CHAINING","POLYWARD-CHAINING",""
"","2","TYPE-PROP.12","","Sun Nov 03 01:13:11 GMT 2024","passed","Sun Nov 03 01:13:11 GMT 2024","","CHECK-TYPES-TEMP","CHECK-TYPES-TEMP",""
"","16","TEST-INFER-FUNCTION-APPLICATION-TYPE.08","","Sun Nov 03 01:59:10 GMT 2024","failed","Sun Nov 03 01:59:10 GMT 2024","","BASIC","BASIC",""
"","5","JOHN-CARRY-FLOWER-TEST.04","","Sun Nov 03 01:27:03 GMT 2024","passed","Sun Nov 03 01:27:03 GMT 2024","","JOHN-CARRY-FLOWER","JOHN-CARRY-FLOWER",""
"","40000","iterators.combined","","Sun Nov 03 00:37:15 GMT 2024","failed","Sun Nov 03 00:37:55 GMT 2024","","WHOLE-TESTS","WHOLE-TESTS",""
"","2","ADD-REMOVE-MATCH-FLOAT.11","","Sun Nov 03 00:54:23 GMT 2024","passed","Sun Nov 03 00:54:23 GMT 2024","","SPACES","SPACES",""
"","269","SYNTHESIZE-VIA-CASE-TEST.03","","Sun Nov 03 01:28:09 GMT 2024","failed","Sun Nov 03 01:28:09 GMT 2024","","EXPERIMENTS","EXPERIMENTS",""
"","138","TESTS0.01","","Sun Nov 03 01:37:25 GMT 2024","passed","Sun Nov 03 01:37:25 GMT 2024","","NARS-V0","NARS-V0",""
"","2","D4-TYPE-PROP.20","","Sun Nov 03 01:13:31 GMT 2024","passed","Sun Nov 03 01:13:31 GMT 2024","","CHECK-TYPES","CHECK-TYPES",""
"","2","BACKWARD-CHAINER-XP.42","","Sun Nov 03 01:17:21 GMT 2024","passed","Sun Nov 03 01:17:21 GMT 2024","","BACKWARD-CHAINER","BACKWARD-CHAINER",""
"","20","INF-CTL-MONTH-XP.09","","Sun Nov 03 01:21:32 GMT 2024","failed","Sun Nov 03 01:21:32 GMT 2024","","INFERENCE-CONTROL","INFERENCE-CONTROL",""
"","2","TYPE-PROP.68","","Sun Nov 03 01:13:11 GMT 2024","passed","Sun Nov 03 01:13:11 GMT 2024","","CHECK-TYPES-TEMP","CHECK-TYPES-TEMP",""
"","3","TMPMATCH1.01","","Sun Nov 03 00:44:59 GMT 2024","passed","Sun Nov 03 00:44:59 GMT 2024","","ANTI-REGRESSION","ANTI-REGRESSION",""
"","3","TYPE-PROP.38","","Sun Nov 03 01:13:11 GMT 2024","passed","Sun Nov 03 01:13:11 GMT 2024","","CHECK-TYPES-TEMP","CHECK-TYPES-TEMP",""
"","88","PROB-DEP-TYPES.01","","Sun Nov 03 01:05:14 GMT 2024","passed","Sun Nov 03 01:05:14 GMT 2024","","PROB-DEP-TYPES","PROB-DEP-TYPES",""
"","2","LET-SUPERPOSE-IF-CASE.02","","Sun Nov 03 00:42:53 GMT 2024","passed","Sun Nov 03 00:42:53 GMT 2024","","METTA-MORPH-TESTS","METTA-MORPH-TESTS",""
"","2","TEST-IF-CLOSED.09","","Sun Nov 03 01:50:35 GMT 2024","passed","Sun Nov 03 01:50:35 GMT 2024","","WALK-THRU","WALK-THRU",""
"","1","NATPARITYTEST.10","","Sun Nov 03 01:20:22 GMT 2024","passed","Sun Nov 03 01:20:22 GMT 2024","","HOL","HOL",""
"","2","STRING-TESTS.03","","Sun Nov 03 00:38:57 GMT 2024","passed","Sun Nov 03 00:38:57 GMT 2024","","HYPERON-METTALOG-SANITY","HYPERON-METTALOG-SANITY",""
"","112","USE-TWO-SERVERS.02","","Sun Nov 03 01:54:58 GMT 2024","failed","Sun Nov 03 01:54:58 GMT 2024","","DISTRIBUTED-PROCESSING","DISTRIBUTED-PROCESSING",""
"","7388","PROB-DEP-TYPES.14","","Sun Nov 03 01:05:14 GMT 2024","failed","Sun Nov 03 01:05:21 GMT 2024","","PROB-DEP-TYPES","PROB-DEP-TYPES",""
"","2","BC-XP.11","","Sun Nov 03 01:17:27 GMT 2024","passed","Sun Nov 03 01:17:27 GMT 2024","","BACKWARD-CHAINING","BACKWARD-CHAINING",""
"","2","IFC-XP.21","","Sun Nov 03 01:23:34 GMT 2024","passed","Sun Nov 03 01:23:34 GMT 2024","","ITERATIVE-CHAINING","ITERATIVE-CHAINING",""
"","1","SEQUENTIAL-NESTED.07","","Sun Nov 03 00:42:53 GMT 2024","passed","Sun Nov 03 00:42:53 GMT 2024","","METTA-MORPH-TESTS","METTA-MORPH-TESTS",""
"","3","MATCH-SUPERPOSED-SPACES.01","","Sun Nov 03 00:42:53 GMT 2024","passed","Sun Nov 03 00:42:53 GMT 2024","","METTA-MORPH-TESTS","METTA-MORPH-TESTS",""
"","2","D2-HIGHERFUNC.03","","Sun Nov 03 00:37:20 GMT 2024","passed","Sun Nov 03 00:37:20 GMT 2024","","HYPERON-EXPERIMENTAL-SCRIPTS","HYPERON-EXPERIMENTAL-SCRIPTS",""
"","40","FORWARD-CHAINER-XP.21","","Sun Nov 03 01:20:07 GMT 2024","failed","Sun Nov 03 01:20:07 GMT 2024","","FORWARD-CHAINER","FORWARD-CHAINER",""
"","2","NILS-IF-CONTROL-TEST-2.02","","Sun Nov 03 02:05:29 GMT 2024","passed","Sun Nov 03 02:05:29 GMT 2024","","COMPARISONS","COMPARISONS",""
"","4000","experiments.unify-via-let","","Sun Nov 03 00:37:15 GMT 2024","passed","Sun Nov 03 00:37:19 GMT 2024","","WHOLE-TESTS","WHOLE-TESTS",""
"","87","B5-TYPES-PRELIM.11","","Sun Nov 03 01:13:11 GMT 2024","failed","Sun Nov 03 01:13:11 GMT 2024","","CHECK-TYPES-TEMP","CHECK-TYPES-TEMP",""
"","1","HYPERPOSE.06","","Sun Nov 03 00:42:53 GMT 2024","passed","Sun Nov 03 00:42:53 GMT 2024","","METTA-MORPH-TESTS","METTA-MORPH-TESTS",""
"","307","NATSTANDALONETEST.13","","Sun Nov 03 01:20:22 GMT 2024","failed","Sun Nov 03 01:20:22 GMT 2024","","HOL","HOL",""
"","3","INF-CTL-MONTH-XP.03","","Sun Nov 03 01:21:32 GMT 2024","passed","Sun Nov 03 01:21:32 GMT 2024","","INFERENCE-CONTROL","INFERENCE-CONTROL",""
"","10","STDLIB-METTALOG-TEST-PT2.05","","Sun Nov 03 00:56:29 GMT 2024","failed","Sun Nov 03 00:56:29 GMT 2024","","STDLIB-METTALOG","STDLIB-METTALOG",""
"","2","ADD-REMOVE-MATCH-MIX-FLOAT-INTEGER.13","","Sun Nov 03 00:54:23 GMT 2024","passed","Sun Nov 03 00:54:23 GMT 2024","","SPACES","SPACES",""
"","3","FC-XP.29","","Sun Nov 03 01:20:16 GMT 2024","passed","Sun Nov 03 01:20:16 GMT 2024","","FORWARD-CHAINING","FORWARD-CHAINING",""
"","2","FORWARD-CHAINER-XP.16","","Sun Nov 03 01:20:07 GMT 2024","passed","Sun Nov 03 01:20:07 GMT 2024","","FORWARD-CHAINER","FORWARD-CHAINER",""
"","2","BACKWARD-CHAINER-XP.07","","Sun Nov 03 01:17:21 GMT 2024","passed","Sun Nov 03 01:17:21 GMT 2024","","BACKWARD-CHAINER","BACKWARD-CHAINER",""
"","300","SPACE-SUBTRACTION-TESTS.07","","Sun Nov 03 00:38:57 GMT 2024","passed","Sun Nov 03 00:38:57 GMT 2024","","HYPERON-METTALOG-SANITY","HYPERON-METTALOG-SANITY",""
"","4","TESTS5.01","","Sun Nov 03 01:41:19 GMT 2024","passed","Sun Nov 03 01:41:19 GMT 2024","","NEW","NEW",""
"","129","B5-TYPES-PRELIM.08","","Sun Nov 03 00:37:20 GMT 2024","failed","Sun Nov 03 00:37:20 GMT 2024","","HYPERON-EXPERIMENTAL-SCRIPTS","HYPERON-EXPERIMENTAL-SCRIPTS",""
"","75","D5-AUTO-TYPES.02","","Sun Nov 03 00:37:20 GMT 2024","failed","Sun Nov 03 00:37:20 GMT 2024","","HYPERON-EXPERIMENTAL-SCRIPTS","HYPERON-EXPERIMENTAL-SCRIPTS",""
"","2","F1-IMPORTS.12","","Sun Nov 03 00:37:10 GMT 2024","passed","Sun Nov 03 00:37:10 GMT 2024","","MODULE-SYSTEM","MODULE-SYSTEM",""
"","2","D3-DEPTYPES.02","","Sun Nov 03 01:13:31 GMT 2024","passed","Sun Nov 03 01:13:31 GMT 2024","","CHECK-TYPES","CHECK-TYPES",""
"","2","AI-SERVICE-COMPOSITION-EASY.01","","Sun Nov 03 01:10:39 GMT 2024","passed","Sun Nov 03 01:10:39 GMT 2024","","AI-SERVICE","AI-SERVICE",""
"","2","E2-STATES.06","","Sun Nov 03 01:13:31 GMT 2024","passed","Sun Nov 03 01:13:31 GMT 2024","","CHECK-TYPES","CHECK-TYPES",""
"","91","ADD-ATOM-NAIVE-FIB.10","","Sun Nov 03 02:05:29 GMT 2024","passed","Sun Nov 03 02:05:29 GMT 2024","","COMPARISONS","COMPARISONS",""
"","4","OBIF-EASY.01","","Sun Nov 03 01:56:50 GMT 2024","passed","Sun Nov 03 01:56:50 GMT 2024","","MULTIDIRECTIONAL","MULTIDIRECTIONAL",""
"","4000","metta-morph_tests.states_spaces","","Sun Nov 03 00:37:15 GMT 2024","passed","Sun Nov 03 00:37:19 GMT 2024","","WHOLE-TESTS","WHOLE-TESTS",""
"","2","E3-MATCH-STATES.02","","Sun Nov 03 00:37:20 GMT 2024","passed","Sun Nov 03 00:37:20 GMT 2024","","HYPERON-EXPERIMENTAL-SCRIPTS","HYPERON-EXPERIMENTAL-SCRIPTS",""
"","7","REWRITES.02","","Sun Nov 03 01:08:56 GMT 2024","passed","Sun Nov 03 01:08:56 GMT 2024","","STACK-BASED","STACK-BASED",""
"","4000","red-black-lambda.red-black","","Sun Nov 03 00:37:15 GMT 2024","passed","Sun Nov 03 00:37:19 GMT 2024","","WHOLE-TESTS","WHOLE-TESTS",""
"","2","BC-XP.18","","Sun Nov 03 01:17:27 GMT 2024","passed","Sun Nov 03 01:17:27 GMT 2024","","BACKWARD-CHAINING","BACKWARD-CHAINING",""
"","2","BC-COMP.01","","Sun Nov 03 01:50:35 GMT 2024","passed","Sun Nov 03 01:50:35 GMT 2024","","WALK-THRU","WALK-THRU",""
"","2","00A-LANG-COMPILED-CASE.04","","Sun Nov 03 01:49:09 GMT 2024","passed","Sun Nov 03 01:49:09 GMT 2024","","DIRECT-COMP","DIRECT-COMP",""
"","3","ADD-REMOVE-MATCH-MIX-FLOAT-INTEGER.30","","Sun Nov 03 00:54:23 GMT 2024","passed","Sun Nov 03 00:54:23 GMT 2024","","SPACES","SPACES",""
"","3","METTALOGTESTCURRIED2.01","","Sun Nov 03 01:50:35 GMT 2024","passed","Sun Nov 03 01:50:35 GMT 2024","","WALK-THRU","WALK-THRU",""
"","2","06-MATCH-IN-SPACE.01","","Sun Nov 03 00:38:57 GMT 2024","passed","Sun Nov 03 00:38:57 GMT 2024","","HYPERON-METTALOG-SANITY","HYPERON-METTALOG-SANITY",""
"","2","INF-CTL-MONTH-BC-CONT-XP.04","","Sun Nov 03 01:21:32 GMT 2024","passed","Sun Nov 03 01:21:32 GMT 2024","","INFERENCE-CONTROL","INFERENCE-CONTROL",""
"","2","PC-XP.14","","Sun Nov 03 01:26:17 GMT 2024","passed","Sun Nov 03 01:26:17 GMT 2024","","POLYWARD-CHAINING","POLYWARD-CHAINING",""
"","4000","basic.pathfinding-hard-f","","Sun Nov 03 00:37:15 GMT 2024","passed","Sun Nov 03 00:37:19 GMT 2024","","WHOLE-TESTS","WHOLE-TESTS",""
"","65","E2-STATES.08","","Sun Nov 03 00:37:20 GMT 2024","failed","Sun Nov 03 00:37:20 GMT 2024","","HYPERON-EXPERIMENTAL-SCRIPTS","HYPERON-EXPERIMENTAL-SCRIPTS",""
"","5000","prob-dep-types.prob_dep_types","","Sun Nov 03 00:37:15 GMT 2024","passed","Sun Nov 03 00:37:20 GMT 2024","","WHOLE-TESTS","WHOLE-TESTS",""
"","18","NATSTANDALONETEST.10","","Sun Nov 03 01:20:22 GMT 2024","failed","Sun Nov 03 01:20:22 GMT 2024","","HOL","HOL",""
"","10","HIGHER-ORDER-FUNCS.02","","Sun Nov 03 00:55:06 GMT 2024","failed","Sun Nov 03 00:55:06 GMT 2024","","STD","STD",""
"","1","HYPERPOSE.02","","Sun Nov 03 00:42:53 GMT 2024","passed","Sun Nov 03 00:42:53 GMT 2024","","METTA-MORPH-TESTS","METTA-MORPH-TESTS",""
"","53","IBC-XP.07","","Sun Nov 03 01:23:34 GMT 2024","failed","Sun Nov 03 01:23:34 GMT 2024","","ITERATIVE-CHAINING","ITERATIVE-CHAINING",""
"","9","D2-HIGHERFUNC.20","","Sun Nov 03 00:37:20 GMT 2024","passed","Sun Nov 03 00:37:20 GMT 2024","","HYPERON-EXPERIMENTAL-SCRIPTS","HYPERON-EXPERIMENTAL-SCRIPTS",""
"","101","TRUTHVALUETEST.09","","Sun Nov 03 01:18:04 GMT 2024","passed","Sun Nov 03 01:18:04 GMT 2024","","TRUTHVALUE","TRUTHVALUE",""
"","2","BACKWARD-CHAINER-XP.16","","Sun Nov 03 01:17:21 GMT 2024","passed","Sun Nov 03 01:17:21 GMT 2024","","BACKWARD-CHAINER","BACKWARD-CHAINER",""
"","6000","perfect-numbers.basic","","Sun Nov 03 00:37:15 GMT 2024","passed","Sun Nov 03 00:37:21 GMT 2024","","WHOLE-TESTS","WHOLE-TESTS",""
"","2","HYPERPOSING-UNSHARED.10","","Sun Nov 03 01:59:10 GMT 2024","passed","Sun Nov 03 01:59:10 GMT 2024","","BASIC","BASIC",""
"","2","BCHAIN-COMP.02","","Sun Nov 03 00:44:59 GMT 2024","passed","Sun Nov 03 00:44:59 GMT 2024","","ANTI-REGRESSION","ANTI-REGRESSION",""
"","3","HYPERPOSING-UNSHARED.01","","Sun Nov 03 01:59:10 GMT 2024","passed","Sun Nov 03 01:59:10 GMT 2024","","BASIC","BASIC",""
"","3","LISTTEST.04","","Sun Nov 03 01:17:36 GMT 2024","passed","Sun Nov 03 01:17:36 GMT 2024","","COMMON","COMMON",""
"","2","XOR-TEST.11","","Sun Nov 03 00:38:57 GMT 2024","passed","Sun Nov 03 00:38:57 GMT 2024","","HYPERON-METTALOG-SANITY","HYPERON-METTALOG-SANITY",""
"","2","CURRIED-CHAINER.04","","Sun Nov 03 01:18:13 GMT 2024","passed","Sun Nov 03 01:18:13 GMT 2024","","CURRIED-CHAINING","CURRIED-CHAINING",""
"","3","TYPES2.01","","Sun Nov 03 00:42:53 GMT 2024","passed","Sun Nov 03 00:42:53 GMT 2024","","METTA-MORPH-TESTS","METTA-MORPH-TESTS",""
"","61","B5-TYPES-PRELIM.24","","Sun Nov 03 01:13:11 GMT 2024","failed","Sun Nov 03 01:13:11 GMT 2024","","CHECK-TYPES-TEMP","CHECK-TYPES-TEMP",""
"","2","ADD-REMOVE-MATCH-SS-SYMBOLS.09","","Sun Nov 03 00:54:23 GMT 2024","passed","Sun Nov 03 00:54:23 GMT 2024","","SPACES","SPACES",""
"","2","IFC-XP.11","","Sun Nov 03 01:23:34 GMT 2024","passed","Sun Nov 03 01:23:34 GMT 2024","","ITERATIVE-CHAINING","ITERATIVE-CHAINING",""
"","2","HYPERPOSING.10","","Sun Nov 03 01:59:10 GMT 2024","passed","Sun Nov 03 01:59:10 GMT 2024","","BASIC","BASIC",""
"","3","DEDUCTIONIMPLICATIONDIRECTINTRODUCTIONDTLTEST.01","","Sun Nov 03 01:16:13 GMT 2024","passed","Sun Nov 03 01:16:13 GMT 2024","","DEPENDENT-TYPES","DEPENDENT-TYPES",""
"","5000","hyperon-mettalog_sanity.00_lang_case","","Sun Nov 03 00:37:15 GMT 2024","passed","Sun Nov 03 00:37:20 GMT 2024","","WHOLE-TESTS","WHOLE-TESTS",""
"","1","DEBUG-METTALOGTESTCURRIED.02","","Sun Nov 03 01:50:35 GMT 2024","passed","Sun Nov 03 01:50:35 GMT 2024","","WALK-THRU","WALK-THRU",""
"","2","BACKWARD-CHAINER-XP.27","","Sun Nov 03 01:17:21 GMT 2024","passed","Sun Nov 03 01:17:21 GMT 2024","","BACKWARD-CHAINER","BACKWARD-CHAINER",""
"","7000","main-branch.nalifier_Prev","","Sun Nov 03 00:37:15 GMT 2024","passed","Sun Nov 03 00:37:22 GMT 2024","","WHOLE-TESTS","WHOLE-TESTS",""
"","3","HIGHER-ORDER-FUNCS.09","","Sun Nov 03 00:55:06 GMT 2024","passed","Sun Nov 03 00:55:06 GMT 2024","","STD","STD",""
"","7","CHAPTER-1-3.05","","Sun Nov 03 00:56:39 GMT 2024","passed","Sun Nov 03 00:56:39 GMT 2024","","SICP-BOOK","SICP-BOOK",""
"","3","D1-GADT.11","","Sun Nov 03 00:47:10 GMT 2024","passed","Sun Nov 03 00:47:10 GMT 2024","","QUICK","QUICK",""
"","2","C1-GROUNDED-BASIC.16","","Sun Nov 03 00:47:10 GMT 2024","passed","Sun Nov 03 00:47:10 GMT 2024","","QUICK","QUICK",""
"","2","SPACE-INTERSECTION-TESTS.02","","Sun Nov 03 00:38:57 GMT 2024","passed","Sun Nov 03 00:38:57 GMT 2024","","HYPERON-METTALOG-SANITY","HYPERON-METTALOG-SANITY",""
"","4","FC-XP.27","","Sun Nov 03 01:20:16 GMT 2024","passed","Sun Nov 03 01:20:16 GMT 2024","","FORWARD-CHAINING","FORWARD-CHAINING",""
"","391","TESTS0.06","","Sun Nov 03 01:45:13 GMT 2024","passed","Sun Nov 03 01:45:13 GMT 2024","","PREV","PREV",""
"","2","DEFINE-IF-LIKE.06","","Sun Nov 03 01:49:09 GMT 2024","passed","Sun Nov 03 01:49:09 GMT 2024","","DIRECT-COMP","DIRECT-COMP",""
"","2","IFC-XP.04","","Sun Nov 03 01:23:34 GMT 2024","passed","Sun Nov 03 01:23:34 GMT 2024","","ITERATIVE-CHAINING","ITERATIVE-CHAINING",""
"","3","BC-XP.12","","Sun Nov 03 01:17:27 GMT 2024","passed","Sun Nov 03 01:17:27 GMT 2024","","BACKWARD-CHAINING","BACKWARD-CHAINING",""
"","2","06-MATCH-IN-SPACE.06","","Sun Nov 03 00:38:57 GMT 2024","passed","Sun Nov 03 00:38:57 GMT 2024","","HYPERON-METTALOG-SANITY","HYPERON-METTALOG-SANITY",""
"","41","FC-XP.21","","Sun Nov 03 01:20:16 GMT 2024","failed","Sun Nov 03 01:20:16 GMT 2024","","FORWARD-CHAINING","FORWARD-CHAINING",""
"","3","SYNTHESIZE-VIA-TYPE-CHECKING.12","","Sun Nov 03 01:28:09 GMT 2024","passed","Sun Nov 03 01:28:09 GMT 2024","","EXPERIMENTS","EXPERIMENTS",""
"","12","UNIFYTEST.01","","Sun Nov 03 01:28:05 GMT 2024","failed","Sun Nov 03 01:28:05 GMT 2024","","SYNTHESIS","SYNTHESIS",""
"","2","PC-XP.09","","Sun Nov 03 01:26:17 GMT 2024","passed","Sun Nov 03 01:26:17 GMT 2024","","POLYWARD-CHAINING","POLYWARD-CHAINING",""
"","3","BCHAIN.05","","Sun Nov 03 00:44:59 GMT 2024","passed","Sun Nov 03 00:44:59 GMT 2024","","ANTI-REGRESSION","ANTI-REGRESSION",""
"","1","STATES-SPACES.04","","Sun Nov 03 00:42:53 GMT 2024","passed","Sun Nov 03 00:42:53 GMT 2024","","METTA-MORPH-TESTS","METTA-MORPH-TESTS",""
"","2","ADD-REMOVE-MATCH-INTEGER.20","","Sun Nov 03 00:54:23 GMT 2024","passed","Sun Nov 03 00:54:23 GMT 2024","","SPACES","SPACES",""
"","7451","INF-ORDER-PROBS.04","","Sun Nov 03 01:05:14 GMT 2024","passed","Sun Nov 03 01:05:21 GMT 2024","","PROB-DEP-TYPES","PROB-DEP-TYPES",""
"","2","C1-GROUNDED-BASIC.09","","Sun Nov 03 00:37:20 GMT 2024","passed","Sun Nov 03 00:37:20 GMT 2024","","HYPERON-EXPERIMENTAL-SCRIPTS","HYPERON-EXPERIMENTAL-SCRIPTS",""
"","5","NATTEST.05","","Sun Nov 03 01:20:22 GMT 2024","passed","Sun Nov 03 01:20:22 GMT 2024","","HOL","HOL",""
"","2","F1-MODULEA.08","","Sun Nov 03 00:47:10 GMT 2024","passed","Sun Nov 03 00:47:10 GMT 2024","","QUICK","QUICK",""
"","1","TYPE-PROP.27","","Sun Nov 03 01:13:11 GMT 2024","passed","Sun Nov 03 01:13:11 GMT 2024","","CHECK-TYPES-TEMP","CHECK-TYPES-TEMP",""
"","18000","main-branch.tests1_pre","","Sun Nov 03 00:37:15 GMT 2024","passed","Sun Nov 03 00:37:33 GMT 2024","","WHOLE-TESTS","WHOLE-TESTS",""
"","3","D4-TYPE-PROP.06","","Sun Nov 03 01:13:31 GMT 2024","passed","Sun Nov 03 01:13:31 GMT 2024","","CHECK-TYPES","CHECK-TYPES",""
"","45000","new.tests2","","Sun Nov 03 00:37:15 GMT 2024","failed","Sun Nov 03 00:38:00 GMT 2024","","WHOLE-TESTS","WHOLE-TESTS",""
"","44","IFC-XP.13","","Sun Nov 03 01:23:34 GMT 2024","failed","Sun Nov 03 01:23:34 GMT 2024","","ITERATIVE-CHAINING","ITERATIVE-CHAINING",""
"","2","BCHAIN.03","","Sun Nov 03 00:44:59 GMT 2024","passed","Sun Nov 03 00:44:59 GMT 2024","","ANTI-REGRESSION","ANTI-REGRESSION",""
"","5","UNIQUE-TEST.12","","Sun Nov 03 00:38:57 GMT 2024","passed","Sun Nov 03 00:38:57 GMT 2024","","HYPERON-METTALOG-SANITY","HYPERON-METTALOG-SANITY",""
"","2","TYPE-PROP.29","","Sun Nov 03 01:13:11 GMT 2024","passed","Sun Nov 03 01:13:11 GMT 2024","","CHECK-TYPES-TEMP","CHECK-TYPES-TEMP",""
"","3","ORIENTATION-TEST.01","","Sun Nov 03 01:27:17 GMT 2024","passed","Sun Nov 03 01:27:17 GMT 2024","","ORIENTATION","ORIENTATION",""
"","40000","basic.fwgc1","","Sun Nov 03 00:37:15 GMT 2024","failed","Sun Nov 03 00:37:55 GMT 2024","","WHOLE-TESTS","WHOLE-TESTS",""
"","2","ADD-REMOVE-MATCH-INTEGER.09","","Sun Nov 03 00:54:23 GMT 2024","passed","Sun Nov 03 00:54:23 GMT 2024","","SPACES","SPACES",""
"","2","F1-MODULEA.01","","Sun Nov 03 00:37:10 GMT 2024","passed","Sun Nov 03 00:37:10 GMT 2024","","MODULE-SYSTEM","MODULE-SYSTEM",""
"","77","ADD-REMOVE-MATCH-INTEGER.14","","Sun Nov 03 00:54:23 GMT 2024","passed","Sun Nov 03 00:54:23 GMT 2024","","SPACES","SPACES",""
"","1","F1-MODULEA.02","","Sun Nov 03 00:37:20 GMT 2024","passed","Sun Nov 03 00:37:20 GMT 2024","","HYPERON-EXPERIMENTAL-SCRIPTS","HYPERON-EXPERIMENTAL-SCRIPTS",""
"","2","F1-MODULEA.10","","Sun Nov 03 00:47:10 GMT 2024","passed","Sun Nov 03 00:47:10 GMT 2024","","QUICK","QUICK",""
"","14","D1-GADT.05","","Sun Nov 03 00:47:10 GMT 2024","passed","Sun Nov 03 00:47:10 GMT 2024","","QUICK","QUICK",""
"","2","UNIQUE-TEST.02","","Sun Nov 03 00:38:57 GMT 2024","passed","Sun Nov 03 00:38:57 GMT 2024","","HYPERON-METTALOG-SANITY","HYPERON-METTALOG-SANITY",""
"","2","OR-TEST.05","","Sun Nov 03 00:38:57 GMT 2024","passed","Sun Nov 03 00:38:57 GMT 2024","","HYPERON-METTALOG-SANITY","HYPERON-METTALOG-SANITY",""
"","4000","features.intersection_tests","","Sun Nov 03 00:37:15 GMT 2024","passed","Sun Nov 03 00:37:19 GMT 2024","","WHOLE-TESTS","WHOLE-TESTS",""
"","2","INF-CTL-MONTH-BC-CONT-XP.09","","Sun Nov 03 01:21:32 GMT 2024","passed","Sun Nov 03 01:21:32 GMT 2024","","INFERENCE-CONTROL","INFERENCE-CONTROL",""
"","5000","module-system.c2_spaces","","Sun Nov 03 00:37:15 GMT 2024","passed","Sun Nov 03 00:37:20 GMT 2024","","WHOLE-TESTS","WHOLE-TESTS",""
"","2","D4-TYPE-PROP.06","","Sun Nov 03 00:47:10 GMT 2024","passed","Sun Nov 03 00:47:10 GMT 2024","","QUICK","QUICK",""
"","2","STDLIB-METTALOG-TEST-PT2.42","","Sun Nov 03 00:56:29 GMT 2024","passed","Sun Nov 03 00:56:29 GMT 2024","","STDLIB-METTALOG","STDLIB-METTALOG",""
"","2","ADD-REMOVE-MATCH-SS-STRINGS.11","","Sun Nov 03 00:54:23 GMT 2024","passed","Sun Nov 03 00:54:23 GMT 2024","","SPACES","SPACES",""
"","1","NATPARITYTEST.11","","Sun Nov 03 01:20:22 GMT 2024","passed","Sun Nov 03 01:20:22 GMT 2024","","HOL","HOL",""
"","1","FORWARD-CHAINER-TEST.06","","Sun Nov 03 01:20:07 GMT 2024","passed","Sun Nov 03 01:20:07 GMT 2024","","FORWARD-CHAINER","FORWARD-CHAINER",""
"","40000","comparisons.nils_if_control_test_3","","Sun Nov 03 00:37:15 GMT 2024","failed","Sun Nov 03 00:37:55 GMT 2024","","WHOLE-TESTS","WHOLE-TESTS",""
"","4000","hyperon-mettalog_sanity.base_test_repr_parse_intersection","","Sun Nov 03 00:37:15 GMT 2024","passed","Sun Nov 03 00:37:19 GMT 2024","","WHOLE-TESTS","WHOLE-TESTS",""
"","2","F1-IMPORTS.17","","Sun Nov 03 00:37:20 GMT 2024","passed","Sun Nov 03 00:37:20 GMT 2024","","HYPERON-EXPERIMENTAL-SCRIPTS","HYPERON-EXPERIMENTAL-SCRIPTS",""
"","2","DEBUG-METTALOGTESTCURRIED.06","","Sun Nov 03 01:50:35 GMT 2024","passed","Sun Nov 03 01:50:35 GMT 2024","","WALK-THRU","WALK-THRU",""
"","3","TYPES-PRELIM.05","","Sun Nov 03 00:52:07 GMT 2024","passed","Sun Nov 03 00:52:07 GMT 2024","","CHAINING","CHAINING",""
"","1","IFC-XP.16","","Sun Nov 03 01:23:34 GMT 2024","passed","Sun Nov 03 01:23:34 GMT 2024","","ITERATIVE-CHAINING","ITERATIVE-CHAINING",""
"","3","V2-PLN-XP-SYS-IMPL.02","","Sun Nov 03 00:52:07 GMT 2024","passed","Sun Nov 03 00:52:07 GMT 2024","","CHAINING","CHAINING",""
"","2","HIGHER-ORDER-FUNCS.03","","Sun Nov 03 00:55:06 GMT 2024","passed","Sun Nov 03 00:55:06 GMT 2024","","STD","STD",""
"","1","QUERIES.08","","Sun Nov 03 01:09:46 GMT 2024","passed","Sun Nov 03 01:09:46 GMT 2024","","STRIPS-TO-METTA-IMPROVED","STRIPS-TO-METTA-IMPROVED",""
"","2","NATDTLTEST.01","","Sun Nov 03 01:20:22 GMT 2024","passed","Sun Nov 03 01:20:22 GMT 2024","","HOL","HOL",""
"","2","TYPE-PROP.19","","Sun Nov 03 01:13:11 GMT 2024","passed","Sun Nov 03 01:13:11 GMT 2024","","CHECK-TYPES-TEMP","CHECK-TYPES-TEMP",""
"","45000","nars_v0.tests3","","Sun Nov 03 00:37:15 GMT 2024","failed","Sun Nov 03 00:38:00 GMT 2024","","WHOLE-TESTS","WHOLE-TESTS",""
"","2","ADD-REMOVE-MATCH-S-STRINGS.12","","Sun Nov 03 00:54:23 GMT 2024","passed","Sun Nov 03 00:54:23 GMT 2024","","SPACES","SPACES",""
"","44","TYPE-PROP.58","","Sun Nov 03 01:13:11 GMT 2024","failed","Sun Nov 03 01:13:11 GMT 2024","","CHECK-TYPES-TEMP","CHECK-TYPES-TEMP",""
"","47000","direct_comp.compiler_walkthru","","Sun Nov 03 00:37:15 GMT 2024","failed","Sun Nov 03 00:38:02 GMT 2024","","WHOLE-TESTS","WHOLE-TESTS",""
"","7000","distributed-processing.use-one-server","","Sun Nov 03 00:37:15 GMT 2024","passed","Sun Nov 03 00:37:22 GMT 2024","","WHOLE-TESTS","WHOLE-TESTS",""
"","2","ADD-REMOVE-MATCH-SYMBOLS.04","","Sun Nov 03 00:54:23 GMT 2024","passed","Sun Nov 03 00:54:23 GMT 2024","","SPACES","SPACES",""
"","2","02-CURRIED-PLUS.01","","Sun Nov 03 00:38:57 GMT 2024","passed","Sun Nov 03 00:38:57 GMT 2024","","HYPERON-METTALOG-SANITY","HYPERON-METTALOG-SANITY",""
"","593","SYNTHESIZE-VIA-LET-TEST.01","","Sun Nov 03 01:28:09 GMT 2024","failed","Sun Nov 03 01:28:09 GMT 2024","","EXPERIMENTS","EXPERIMENTS",""
"","2","STDLIB-METTALOG-TEST-PT2.40","","Sun Nov 03 00:56:29 GMT 2024","passed","Sun Nov 03 00:56:29 GMT 2024","","STDLIB-METTALOG","STDLIB-METTALOG",""
"","2","KEY-LOOKUPS-MANY.13","","Sun Nov 03 01:59:10 GMT 2024","passed","Sun Nov 03 01:59:10 GMT 2024","","BASIC","BASIC",""
"","2","HYPERPOSING-SHARED.03","","Sun Nov 03 01:59:10 GMT 2024","passed","Sun Nov 03 01:59:10 GMT 2024","","BASIC","BASIC",""
"","2","ADD-REMOVE-MATCH-MIX-FLOAT-INTEGER.20","","Sun Nov 03 00:54:23 GMT 2024","passed","Sun Nov 03 00:54:23 GMT 2024","","SPACES","SPACES",""
"","7000","stdlib-mettalog.stdlib_mettalog_test_pt2","","Sun Nov 03 00:37:15 GMT 2024","passed","Sun Nov 03 00:37:22 GMT 2024","","WHOLE-TESTS","WHOLE-TESTS",""
"","51","APPEND-USING-EQUALITY.02","","Sun Nov 03 01:56:50 GMT 2024","failed","Sun Nov 03 01:56:50 GMT 2024","","MULTIDIRECTIONAL","MULTIDIRECTIONAL",""
"","7000","chaining.v2-pln-xp-easy-impl","","Sun Nov 03 00:37:15 GMT 2024","passed","Sun Nov 03 00:37:22 GMT 2024","","WHOLE-TESTS","WHOLE-TESTS",""
"","8000","john-carry-flower.john-carry-flower-test","","Sun Nov 03 00:37:15 GMT 2024","passed","Sun Nov 03 00:37:23 GMT 2024","","WHOLE-TESTS","WHOLE-TESTS",""
"","46000","new.tests4","","Sun Nov 03 00:37:15 GMT 2024","failed","Sun Nov 03 00:38:01 GMT 2024","","WHOLE-TESTS","WHOLE-TESTS",""
"","2","B5-TYPES-PRELIM.17","","Sun Nov 03 01:13:11 GMT 2024","passed","Sun Nov 03 01:13:11 GMT 2024","","CHECK-TYPES-TEMP","CHECK-TYPES-TEMP",""
"","5000","backward-chaining.bc-xp","","Sun Nov 03 00:37:15 GMT 2024","passed","Sun Nov 03 00:37:20 GMT 2024","","WHOLE-TESTS","WHOLE-TESTS",""
"","1","D4-TYPE-PROP.12","","Sun Nov 03 00:37:20 GMT 2024","passed","Sun Nov 03 00:37:20 GMT 2024","","HYPERON-EXPERIMENTAL-SCRIPTS","HYPERON-EXPERIMENTAL-SCRIPTS",""
"","5000","check_types-temp.type_prop","","Sun Nov 03 00:37:15 GMT 2024","passed","Sun Nov 03 00:37:20 GMT 2024","","WHOLE-TESTS","WHOLE-TESTS",""
"","2","ADD-REMOVE-MATCH-INTEGER.15","","Sun Nov 03 00:54:23 GMT 2024","passed","Sun Nov 03 00:54:23 GMT 2024","","SPACES","SPACES",""
"","2","ADD-REMOVE-MATCH-MIX-FLOAT-INTEGER.10","","Sun Nov 03 00:54:23 GMT 2024","passed","Sun Nov 03 00:54:23 GMT 2024","","SPACES","SPACES",""
"","2","FORWARD-CHAINER-XP.18","","Sun Nov 03 01:20:07 GMT 2024","passed","Sun Nov 03 01:20:07 GMT 2024","","FORWARD-CHAINER","FORWARD-CHAINER",""
"","4000","containers_are_spaces.05_match_superpose_element_like_space","","Sun Nov 03 00:37:15 GMT 2024","passed","Sun Nov 03 00:37:19 GMT 2024","","WHOLE-TESTS","WHOLE-TESTS",""
"","3","BC-XP.07","","Sun Nov 03 01:17:27 GMT 2024","passed","Sun Nov 03 01:17:27 GMT 2024","","BACKWARD-CHAINING","BACKWARD-CHAINING",""
"","17","TEST-INFER-FUNCTION-APPLICATION-TYPE.07","","Sun Nov 03 01:59:10 GMT 2024","failed","Sun Nov 03 01:59:10 GMT 2024","","BASIC","BASIC",""
"","2","CML-UNSHARED.05","","Sun Nov 03 01:59:10 GMT 2024","passed","Sun Nov 03 01:59:10 GMT 2024","","BASIC","BASIC",""
"","2","INF-CTL-MONTH-XP-SHORT-3.13","","Sun Nov 03 02:05:29 GMT 2024","passed","Sun Nov 03 02:05:29 GMT 2024","","COMPARISONS","COMPARISONS",""
"","2","D4-TYPE-PROP.05","","Sun Nov 03 00:47:10 GMT 2024","passed","Sun Nov 03 00:47:10 GMT 2024","","QUICK","QUICK",""
"","2","BC-XP.17","","Sun Nov 03 01:17:27 GMT 2024","passed","Sun Nov 03 01:17:27 GMT 2024","","BACKWARD-CHAINING","BACKWARD-CHAINING",""
"","2","CML-UNSHARED.04","","Sun Nov 03 01:59:10 GMT 2024","passed","Sun Nov 03 01:59:10 GMT 2024","","BASIC","BASIC",""
"","2","ADD-REMOVE-MATCH-S-SYMBOLS.02","","Sun Nov 03 00:54:23 GMT 2024","passed","Sun Nov 03 00:54:23 GMT 2024","","SPACES","SPACES",""
"","4000","metta-morph_tests.letlet","","Sun Nov 03 00:37:15 GMT 2024","passed","Sun Nov 03 00:37:19 GMT 2024","","WHOLE-TESTS","WHOLE-TESTS",""
"","2","UTILS-TEST.04","","Sun Nov 03 01:17:16 GMT 2024","passed","Sun Nov 03 01:17:16 GMT 2024","","UTILS","UTILS",""
"","2","DEBUG-METTALOGTESTCURRIED.08","","Sun Nov 03 01:50:35 GMT 2024","passed","Sun Nov 03 01:50:35 GMT 2024","","WALK-THRU","WALK-THRU",""
"","4","MATCH-FEVAL.01","","Sun Nov 03 00:42:53 GMT 2024","passed","Sun Nov 03 00:42:53 GMT 2024","","METTA-MORPH-TESTS","METTA-MORPH-TESTS",""
"","2","ADD-ATOM-NAIVE-FIB.06","","Sun Nov 03 02:05:29 GMT 2024","passed","Sun Nov 03 02:05:29 GMT 2024","","COMPARISONS","COMPARISONS",""
"","3","IMPL-METTALOGTESTCURRIED.12","","Sun Nov 03 01:50:35 GMT 2024","passed","Sun Nov 03 01:50:35 GMT 2024","","WALK-THRU","WALK-THRU",""
"","158","EXAMPLES-QUANTS.02","","Sun Nov 03 01:58:04 GMT 2024","failed","Sun Nov 03 01:58:04 GMT 2024","","POLYMORPHIC-TYPES","POLYMORPHIC-TYPES",""
"","4","JOHN-CARRY-FLOWER-TEST.02","","Sun Nov 03 01:27:03 GMT 2024","passed","Sun Nov 03 01:27:03 GMT 2024","","JOHN-CARRY-FLOWER","JOHN-CARRY-FLOWER",""
"","2","D1-GADT.02","","Sun Nov 03 00:47:10 GMT 2024","passed","Sun Nov 03 00:47:10 GMT 2024","","QUICK","QUICK",""
"","12","IMPLICATIONDIRECTINTRODUCTIONDTLTEST.03","","Sun Nov 03 01:16:13 GMT 2024","passed","Sun Nov 03 01:16:13 GMT 2024","","DEPENDENT-TYPES","DEPENDENT-TYPES",""
"","1","INF-CTL-XP.10","","Sun Nov 03 01:21:32 GMT 2024","passed","Sun Nov 03 01:21:32 GMT 2024","","INFERENCE-CONTROL","INFERENCE-CONTROL",""
"","6","INF-ORDER-PROBS.10","","Sun Nov 03 01:05:14 GMT 2024","passed","Sun Nov 03 01:05:14 GMT 2024","","PROB-DEP-TYPES","PROB-DEP-TYPES",""
"","13","CHAPTER-2-4.19","","Sun Nov 03 00:56:39 GMT 2024","failed","Sun Nov 03 00:56:39 GMT 2024","","SICP-BOOK","SICP-BOOK",""
"","54","IFC-XP.01","","Sun Nov 03 01:23:34 GMT 2024","failed","Sun Nov 03 01:23:34 GMT 2024","","ITERATIVE-CHAINING","ITERATIVE-CHAINING",""
"","1","HYPERPOSING.05","","Sun Nov 03 01:59:10 GMT 2024","passed","Sun Nov 03 01:59:10 GMT 2024","","BASIC","BASIC",""
"","2","INF-CTL-MONTH-BC-CONT-XP.11","","Sun Nov 03 01:21:32 GMT 2024","passed","Sun Nov 03 01:21:32 GMT 2024","","INFERENCE-CONTROL","INFERENCE-CONTROL",""
"","4000","metta-morph_tests.match_feval","","Sun Nov 03 00:37:15 GMT 2024","passed","Sun Nov 03 00:37:19 GMT 2024","","WHOLE-TESTS","WHOLE-TESTS",""
"","2","C1-GROUNDED-BASIC.02","","Sun Nov 03 00:37:20 GMT 2024","passed","Sun Nov 03 00:37:20 GMT 2024","","HYPERON-EXPERIMENTAL-SCRIPTS","HYPERON-EXPERIMENTAL-SCRIPTS",""
"","4000","basic.hyperposing-shared","","Sun Nov 03 00:37:15 GMT 2024","passed","Sun Nov 03 00:37:19 GMT 2024","","WHOLE-TESTS","WHOLE-TESTS",""
"","3","D2-HIGHERFUNC.18","","Sun Nov 03 00:37:20 GMT 2024","passed","Sun Nov 03 00:37:20 GMT 2024","","HYPERON-EXPERIMENTAL-SCRIPTS","HYPERON-EXPERIMENTAL-SCRIPTS",""
"","3","STATES-SPACES.01","","Sun Nov 03 00:42:53 GMT 2024","passed","Sun Nov 03 00:42:53 GMT 2024","","METTA-MORPH-TESTS","METTA-MORPH-TESTS",""
"","3","ORDEREDSETTEST.01","","Sun Nov 03 01:17:36 GMT 2024","passed","Sun Nov 03 01:17:36 GMT 2024","","COMMON","COMMON",""
"","2","B2-BACKCHAIN.02","","Sun Nov 03 00:37:20 GMT 2024","passed","Sun Nov 03 00:37:20 GMT 2024","","HYPERON-EXPERIMENTAL-SCRIPTS","HYPERON-EXPERIMENTAL-SCRIPTS",""
"","3","SUPERCOLLAPSE.02","","Sun Nov 03 00:42:53 GMT 2024","passed","Sun Nov 03 00:42:53 GMT 2024","","METTA-MORPH-TESTS","METTA-MORPH-TESTS",""
"","2","BCHAIN-COMP.04","","Sun Nov 03 01:50:35 GMT 2024","passed","Sun Nov 03 01:50:35 GMT 2024","","WALK-THRU","WALK-THRU",""
"","2","IMPLICATIONDIRECTINTRODUCTIONDTLTEST.02","","Sun Nov 03 01:16:13 GMT 2024","passed","Sun Nov 03 01:16:13 GMT 2024","","DEPENDENT-TYPES","DEPENDENT-TYPES",""
"","40000","dependent-types.MinerDTL3Test","","Sun Nov 03 00:37:15 GMT 2024","failed","Sun Nov 03 00:37:55 GMT 2024","","WHOLE-TESTS","WHOLE-TESTS",""
"","2","TESTS2.04","","Sun Nov 03 00:47:37 GMT 2024","passed","Sun Nov 03 00:47:37 GMT 2024","","MAIN-BRANCH","MAIN-BRANCH",""
"","2","CHAPTER-1-2.04","","Sun Nov 03 00:56:39 GMT 2024","passed","Sun Nov 03 00:56:39 GMT 2024","","SICP-BOOK","SICP-BOOK",""
"","2","ADD-REMOVE-MATCH-MIX-FLOAT-INTEGER.07","","Sun Nov 03 00:54:23 GMT 2024","passed","Sun Nov 03 00:54:23 GMT 2024","","SPACES","SPACES",""
"","4","OR-TEST.07","","Sun Nov 03 00:38:57 GMT 2024","passed","Sun Nov 03 00:38:57 GMT 2024","","HYPERON-METTALOG-SANITY","HYPERON-METTALOG-SANITY",""
"","1","F1-MODULEA.09","","Sun Nov 03 00:47:10 GMT 2024","passed","Sun Nov 03 00:47:10 GMT 2024","","QUICK","QUICK",""
"","2","ADD-REMOVE-MATCH-FLOAT.15","","Sun Nov 03 00:54:23 GMT 2024","passed","Sun Nov 03 00:54:23 GMT 2024","","SPACES","SPACES",""
"","2","BCHAIN-COMP.03","","Sun Nov 03 01:50:35 GMT 2024","passed","Sun Nov 03 01:50:35 GMT 2024","","WALK-THRU","WALK-THRU",""
"","4000","direct_comp.define_if_like","","Sun Nov 03 00:37:15 GMT 2024","passed","Sun Nov 03 00:37:19 GMT 2024","","WHOLE-TESTS","WHOLE-TESTS",""
"","1","INF-CTL-MONTH-BC-CONT-XP.16","","Sun Nov 03 01:21:32 GMT 2024","passed","Sun Nov 03 01:21:32 GMT 2024","","INFERENCE-CONTROL","INFERENCE-CONTROL",""
"","4","CHAPTER-2-2.10","","Sun Nov 03 00:56:39 GMT 2024","passed","Sun Nov 03 00:56:39 GMT 2024","","SICP-BOOK","SICP-BOOK",""
"","1","D2-HIGHERFUNC.08","","Sun Nov 03 00:47:10 GMT 2024","passed","Sun Nov 03 00:47:10 GMT 2024","","QUICK","QUICK",""
"","3","F1-IMPORTS.19","","Sun Nov 03 00:37:20 GMT 2024","passed","Sun Nov 03 00:37:20 GMT 2024","","HYPERON-EXPERIMENTAL-SCRIPTS","HYPERON-EXPERIMENTAL-SCRIPTS",""
"","7","PLN-STV.03","","Sun Nov 03 00:52:07 GMT 2024","passed","Sun Nov 03 00:52:07 GMT 2024","","CHAINING","CHAINING",""
"","11","C1-GROUNDED-BASIC.23","","Sun Nov 03 00:47:10 GMT 2024","passed","Sun Nov 03 00:47:10 GMT 2024","","QUICK","QUICK",""
"","2","UNIQUE-TEST.09","","Sun Nov 03 00:38:57 GMT 2024","passed","Sun Nov 03 00:38:57 GMT 2024","","HYPERON-METTALOG-SANITY","HYPERON-METTALOG-SANITY",""
"","82","ADD-REMOVE-MATCH-INTEGER.25","","Sun Nov 03 00:54:23 GMT 2024","passed","Sun Nov 03 00:54:23 GMT 2024","","SPACES","SPACES",""
"","2","B5-TYPES-PRELIM.25","","Sun Nov 03 01:13:11 GMT 2024","passed","Sun Nov 03 01:13:11 GMT 2024","","CHECK-TYPES-TEMP","CHECK-TYPES-TEMP",""
"","2","D1-GADT.10","","Sun Nov 03 01:13:31 GMT 2024","passed","Sun Nov 03 01:13:31 GMT 2024","","CHECK-TYPES","CHECK-TYPES",""
"","2","LTE.04","","Sun Nov 03 00:55:06 GMT 2024","passed","Sun Nov 03 00:55:06 GMT 2024","","STD","STD",""
"","2","D4-TYPE-PROP.15","","Sun Nov 03 01:13:31 GMT 2024","passed","Sun Nov 03 01:13:31 GMT 2024","","CHECK-TYPES","CHECK-TYPES",""
"","2","AI-SERVICE-COMPOSITION-EASY.06","","Sun Nov 03 01:10:39 GMT 2024","passed","Sun Nov 03 01:10:39 GMT 2024","","AI-SERVICE","AI-SERVICE",""
"","1","STDLIB-METTALOG-TEST-PT2.09","","Sun Nov 03 00:56:29 GMT 2024","passed","Sun Nov 03 00:56:29 GMT 2024","","STDLIB-METTALOG","STDLIB-METTALOG",""
"","4000","hyperon-experimental_scripts.e1_kb_write","","Sun Nov 03 00:37:15 GMT 2024","passed","Sun Nov 03 00:37:19 GMT 2024","","WHOLE-TESTS","WHOLE-TESTS",""
"","1","D4-TYPE-PROP.13","","Sun Nov 03 00:47:10 GMT 2024","passed","Sun Nov 03 00:47:10 GMT 2024","","QUICK","QUICK",""
"","2","ADD-REMOVE-MATCH-S-STRINGS.06","","Sun Nov 03 00:54:23 GMT 2024","passed","Sun Nov 03 00:54:23 GMT 2024","","SPACES","SPACES",""
"","77","INTERSECTION-TESTS.06","","Sun Nov 03 00:38:57 GMT 2024","passed","Sun Nov 03 00:38:57 GMT 2024","","HYPERON-METTALOG-SANITY","HYPERON-METTALOG-SANITY",""
"","4000","metta-morph_tests.add_atom_match","","Sun Nov 03 00:37:15 GMT 2024","passed","Sun Nov 03 00:37:19 GMT 2024","","WHOLE-TESTS","WHOLE-TESTS",""
"","4","V2-PLN-XP.03","","Sun Nov 03 00:52:07 GMT 2024","passed","Sun Nov 03 00:52:07 GMT 2024","","CHAINING","CHAINING",""
"","12000","walk_thru.bc_impl","","Sun Nov 03 00:37:15 GMT 2024","passed","Sun Nov 03 00:37:27 GMT 2024","","WHOLE-TESTS","WHOLE-TESTS",""
"","3","D1-GADT.01","","Sun Nov 03 01:13:31 GMT 2024","passed","Sun Nov 03 01:13:31 GMT 2024","","CHECK-TYPES","CHECK-TYPES",""
"","80","00A-LANG-COMPILED-CASE.08","","Sun Nov 03 01:49:09 GMT 2024","passed","Sun Nov 03 01:49:09 GMT 2024","","DIRECT-COMP","DIRECT-COMP",""
"","2","C1-GROUNDED-BASIC.17","","Sun Nov 03 00:37:20 GMT 2024","passed","Sun Nov 03 00:37:20 GMT 2024","","HYPERON-EXPERIMENTAL-SCRIPTS","HYPERON-EXPERIMENTAL-SCRIPTS",""
"","2","CHAPTER-2-4.08","","Sun Nov 03 00:56:39 GMT 2024","passed","Sun Nov 03 00:56:39 GMT 2024","","SICP-BOOK","SICP-BOOK",""
"","2","CHAPTER-1-1.13","","Sun Nov 03 00:56:39 GMT 2024","passed","Sun Nov 03 00:56:39 GMT 2024","","SICP-BOOK","SICP-BOOK",""
"","2","D2-HIGHERFUNC.16","","Sun Nov 03 01:13:31 GMT 2024","passed","Sun Nov 03 01:13:31 GMT 2024","","CHECK-TYPES","CHECK-TYPES",""
"","2","D4-TYPE-PROP.07","","Sun Nov 03 00:47:10 GMT 2024","passed","Sun Nov 03 00:47:10 GMT 2024","","QUICK","QUICK",""
"","89","ADD-REMOVE-MATCH-MIX-FLOAT-INTEGER.27","","Sun Nov 03 00:54:23 GMT 2024","failed","Sun Nov 03 00:54:23 GMT 2024","","SPACES","SPACES",""
"","1","ADD-REMOVE-MATCH-S-SYMBOLS.04","","Sun Nov 03 00:54:23 GMT 2024","passed","Sun Nov 03 00:54:23 GMT 2024","","SPACES","SPACES",""
"","1078","TRAINING-BI.01","","Sun Nov 03 02:11:44 GMT 2024","passed","Sun Nov 03 02:11:45 GMT 2024","","LANGUAGE-MODELS","LANGUAGE-MODELS",""
"","45000","typed-variables.even-number","","Sun Nov 03 00:37:15 GMT 2024","failed","Sun Nov 03 00:38:00 GMT 2024","","WHOLE-TESTS","WHOLE-TESTS",""
"","113","TYPE-PROP.74","","Sun Nov 03 01:13:11 GMT 2024","failed","Sun Nov 03 01:13:11 GMT 2024","","CHECK-TYPES-TEMP","CHECK-TYPES-TEMP",""
"","2","IFC-XP.08","","Sun Nov 03 01:23:34 GMT 2024","passed","Sun Nov 03 01:23:34 GMT 2024","","ITERATIVE-CHAINING","ITERATIVE-CHAINING",""
"","2","C1-GROUNDED-BASIC.05","","Sun Nov 03 00:37:20 GMT 2024","passed","Sun Nov 03 00:37:20 GMT 2024","","HYPERON-EXPERIMENTAL-SCRIPTS","HYPERON-EXPERIMENTAL-SCRIPTS",""
"","2","INF-CTL-MONTH-BC-CONT-XP.03","","Sun Nov 03 01:21:32 GMT 2024","passed","Sun Nov 03 01:21:32 GMT 2024","","INFERENCE-CONTROL","INFERENCE-CONTROL",""
"","64","C1-GROUNDED-BASIC.15","","Sun Nov 03 00:37:20 GMT 2024","failed","Sun Nov 03 00:37:20 GMT 2024","","HYPERON-EXPERIMENTAL-SCRIPTS","HYPERON-EXPERIMENTAL-SCRIPTS",""
"","39000","walk_thru.mettalogTestCurried","","Sun Nov 03 00:37:15 GMT 2024","passed","Sun Nov 03 00:37:54 GMT 2024","","WHOLE-TESTS","WHOLE-TESTS",""
"","2","D2-HIGHERFUNC.23","","Sun Nov 03 00:47:10 GMT 2024","passed","Sun Nov 03 00:47:10 GMT 2024","","QUICK","QUICK",""
"","2","TYPE-PROP.13","","Sun Nov 03 01:13:11 GMT 2024","passed","Sun Nov 03 01:13:11 GMT 2024","","CHECK-TYPES-TEMP","CHECK-TYPES-TEMP",""
"","5000","hyperon-experimental_scripts.b5_types_prelim","","Sun Nov 03 00:37:15 GMT 2024","passed","Sun Nov 03 00:37:20 GMT 2024","","WHOLE-TESTS","WHOLE-TESTS",""
"","2","00-LANG-CASE.10","","Sun Nov 03 00:38:57 GMT 2024","passed","Sun Nov 03 00:38:57 GMT 2024","","HYPERON-METTALOG-SANITY","HYPERON-METTALOG-SANITY",""
"","2","NUMTEST.05","","Sun Nov 03 01:17:36 GMT 2024","passed","Sun Nov 03 01:17:36 GMT 2024","","COMMON","COMMON",""
"","2","INF-CTL-MONTH-BC-CONT-XP.02","","Sun Nov 03 01:21:32 GMT 2024","passed","Sun Nov 03 01:21:32 GMT 2024","","INFERENCE-CONTROL","INFERENCE-CONTROL",""
"","2","FC-XP.23","","Sun Nov 03 01:20:16 GMT 2024","passed","Sun Nov 03 01:20:16 GMT 2024","","FORWARD-CHAINING","FORWARD-CHAINING",""
"","6000","chaining.v2-pln-xp-sys-impl","","Sun Nov 03 00:37:15 GMT 2024","passed","Sun Nov 03 00:37:21 GMT 2024","","WHOLE-TESTS","WHOLE-TESTS",""
"","46000","prev.tests3","","Sun Nov 03 00:37:15 GMT 2024","failed","Sun Nov 03 00:38:01 GMT 2024","","WHOLE-TESTS","WHOLE-TESTS",""
"","5000","metta-morph_tests.sequential_nested","","Sun Nov 03 00:37:15 GMT 2024","passed","Sun Nov 03 00:37:20 GMT 2024","","WHOLE-TESTS","WHOLE-TESTS",""
"","2","NATPARITYTEST.14","","Sun Nov 03 01:20:22 GMT 2024","passed","Sun Nov 03 01:20:22 GMT 2024","","HOL","HOL",""
"","40000","strips-to-metta-improved.queries","","Sun Nov 03 00:37:15 GMT 2024","failed","Sun Nov 03 00:37:55 GMT 2024","","WHOLE-TESTS","WHOLE-TESTS",""
"","6000","aunt-kg.simple_conversion","","Sun Nov 03 00:37:15 GMT 2024","passed","Sun Nov 03 00:37:21 GMT 2024","","WHOLE-TESTS","WHOLE-TESTS",""
"","178","QUERIES.18","","Sun Nov 03 01:09:46 GMT 2024","failed","Sun Nov 03 01:09:46 GMT 2024","","STRIPS-TO-METTA-IMPROVED","STRIPS-TO-METTA-IMPROVED",""
"","3","LET-SUPERPOSE-IF-CASE.01","","Sun Nov 03 01:50:09 GMT 2024","passed","Sun Nov 03 01:50:09 GMT 2024","","TRANSPILER","TRANSPILER",""
"","2","SEQUENTIAL-NESTED.09","","Sun Nov 03 00:42:53 GMT 2024","passed","Sun Nov 03 00:42:53 GMT 2024","","METTA-MORPH-TESTS","METTA-MORPH-TESTS",""
"","4000","spaces.add-remove-match-strings","","Sun Nov 03 00:37:15 GMT 2024","passed","Sun Nov 03 00:37:19 GMT 2024","","WHOLE-TESTS","WHOLE-TESTS",""
"","113","SYNTHESIZE-VIA-UNIFY-TEST-LONGER.01","","Sun Nov 03 01:28:09 GMT 2024","passed","Sun Nov 03 01:28:09 GMT 2024","","EXPERIMENTS","EXPERIMENTS",""
"","2","ALL-ANY.02","","Sun Nov 03 01:04:37 GMT 2024","passed","Sun Nov 03 01:04:37 GMT 2024","","LOGIC","LOGIC",""
"","2","FORWARD-CHAINER-XP.24","","Sun Nov 03 01:20:07 GMT 2024","passed","Sun Nov 03 01:20:07 GMT 2024","","FORWARD-CHAINER","FORWARD-CHAINER",""
"","275","SELF-CONTAINED-SYNTHESIZE.06","","Sun Nov 03 01:28:09 GMT 2024","failed","Sun Nov 03 01:28:09 GMT 2024","","EXPERIMENTS","EXPERIMENTS",""
"","64","F1-IMPORTS.21","","Sun Nov 03 00:47:10 GMT 2024","passed","Sun Nov 03 00:47:10 GMT 2024","","QUICK","QUICK",""
"","321","PROB-DEP-TYPES.07","","Sun Nov 03 01:05:14 GMT 2024","failed","Sun Nov 03 01:05:14 GMT 2024","","PROB-DEP-TYPES","PROB-DEP-TYPES",""
"","3","MAYBETEST.01","","Sun Nov 03 01:17:36 GMT 2024","passed","Sun Nov 03 01:17:36 GMT 2024","","COMMON","COMMON",""
"","41000","experiments.synthesize-via-unify-test-longer","","Sun Nov 03 00:37:15 GMT 2024","failed","Sun Nov 03 00:37:56 GMT 2024","","WHOLE-TESTS","WHOLE-TESTS",""
"","3","PLN-STV.01","","Sun Nov 03 00:52:07 GMT 2024","passed","Sun Nov 03 00:52:07 GMT 2024","","CHAINING","CHAINING",""
"","2","TEST-IF-CLOSED.05","","Sun Nov 03 01:50:35 GMT 2024","passed","Sun Nov 03 01:50:35 GMT 2024","","WALK-THRU","WALK-THRU",""
"","2","HYPERPOSING-SHARED.06","","Sun Nov 03 01:59:10 GMT 2024","passed","Sun Nov 03 01:59:10 GMT 2024","","BASIC","BASIC",""
"","7","SUBTYPING-TEST.06","","Sun Nov 03 01:26:23 GMT 2024","passed","Sun Nov 03 01:26:23 GMT 2024","","SUBTYPING","SUBTYPING",""
"","1","TEST-IF-CLOSED.03","","Sun Nov 03 01:50:35 GMT 2024","passed","Sun Nov 03 01:50:35 GMT 2024","","WALK-THRU","WALK-THRU",""
"","10000","bigram-sentence-evaluator.wordVectors","","Sun Nov 03 00:37:15 GMT 2024","passed","Sun Nov 03 00:37:25 GMT 2024","","WHOLE-TESTS","WHOLE-TESTS",""
"","3","B1-EQUAL-CHAIN.04","","Sun Nov 03 00:37:20 GMT 2024","passed","Sun Nov 03 00:37:20 GMT 2024","","HYPERON-EXPERIMENTAL-SCRIPTS","HYPERON-EXPERIMENTAL-SCRIPTS",""
"","5000","hyperon-experimental_scripts.c2_spaces","","Sun Nov 03 00:37:15 GMT 2024","passed","Sun Nov 03 00:37:20 GMT 2024","","WHOLE-TESTS","WHOLE-TESTS",""
"","1383","TESTS5.05","","Sun Nov 03 00:47:37 GMT 2024","failed","Sun Nov 03 00:47:38 GMT 2024","","MAIN-BRANCH","MAIN-BRANCH",""
"","2","ADD-REMOVE-MATCH-SS-SYMBOLS.16","","Sun Nov 03 00:54:23 GMT 2024","passed","Sun Nov 03 00:54:23 GMT 2024","","SPACES","SPACES",""
"","4","NUMTEST.10","","Sun Nov 03 01:17:36 GMT 2024","passed","Sun Nov 03 01:17:36 GMT 2024","","COMMON","COMMON",""
"","44","IBC-XP.22","","Sun Nov 03 01:23:34 GMT 2024","failed","Sun Nov 03 01:23:34 GMT 2024","","ITERATIVE-CHAINING","ITERATIVE-CHAINING",""
"","6","UTILS-TEST.03","","Sun Nov 03 01:17:16 GMT 2024","passed","Sun Nov 03 01:17:16 GMT 2024","","UTILS","UTILS",""
"","2","TESTS5.02","","Sun Nov 03 00:47:37 GMT 2024","passed","Sun Nov 03 00:47:37 GMT 2024","","MAIN-BRANCH","MAIN-BRANCH",""
"","1","C2-SPACES.02","","Sun Nov 03 00:37:20 GMT 2024","passed","Sun Nov 03 00:37:20 GMT 2024","","HYPERON-EXPERIMENTAL-SCRIPTS","HYPERON-EXPERIMENTAL-SCRIPTS",""
"","40000","combinator-calculi.tree","","Sun Nov 03 00:37:15 GMT 2024","failed","Sun Nov 03 00:37:55 GMT 2024","","WHOLE-TESTS","WHOLE-TESTS",""
"","2","PLN-STV.02","","Sun Nov 03 00:52:07 GMT 2024","passed","Sun Nov 03 00:52:07 GMT 2024","","CHAINING","CHAINING",""
"","3","TREE.01","","Sun Nov 03 01:01:57 GMT 2024","passed","Sun Nov 03 01:01:57 GMT 2024","","COMBINATOR-CALCULI","COMBINATOR-CALCULI",""
"","2","NATSTANDALONETEST.05","","Sun Nov 03 01:20:22 GMT 2024","passed","Sun Nov 03 01:20:22 GMT 2024","","HOL","HOL",""
"","3","NUMTEST.01","","Sun Nov 03 01:17:36 GMT 2024","passed","Sun Nov 03 01:17:36 GMT 2024","","COMMON","COMMON",""
"","2","NATDTLTEST.02","","Sun Nov 03 01:20:22 GMT 2024","passed","Sun Nov 03 01:20:22 GMT 2024","","HOL","HOL",""
"","5","GENE-PLN-XP.03","","Sun Nov 03 01:12:58 GMT 2024","passed","Sun Nov 03 01:12:58 GMT 2024","","PLN","PLN",""
"","2","STDLIB-METTALOG-TEST-PT2.51","","Sun Nov 03 00:56:29 GMT 2024","passed","Sun Nov 03 00:56:29 GMT 2024","","STDLIB-METTALOG","STDLIB-METTALOG",""
"","3","COMMA-IS-NOT-SPECIAL.01","","Sun Nov 03 01:50:35 GMT 2024","passed","Sun Nov 03 01:50:35 GMT 2024","","WALK-THRU","WALK-THRU",""
"","1","SPACE-SUBTRACTION-TESTS.03","","Sun Nov 03 00:38:57 GMT 2024","passed","Sun Nov 03 00:38:57 GMT 2024","","HYPERON-METTALOG-SANITY","HYPERON-METTALOG-SANITY",""
"","2","F1-IMPORTS.02","","Sun Nov 03 00:37:10 GMT 2024","passed","Sun Nov 03 00:37:10 GMT 2024","","MODULE-SYSTEM","MODULE-SYSTEM",""
"","3","TEST-LIST-CONCATENATION.01","","Sun Nov 03 01:59:10 GMT 2024","passed","Sun Nov 03 01:59:10 GMT 2024","","BASIC","BASIC",""
"","63","INF-CTL-MONTH-XP.12","","Sun Nov 03 01:21:32 GMT 2024","failed","Sun Nov 03 01:21:32 GMT 2024","","INFERENCE-CONTROL","INFERENCE-CONTROL",""
"","78","STATE-TYPES.19","","Sun Nov 03 01:59:10 GMT 2024","failed","Sun Nov 03 01:59:10 GMT 2024","","BASIC","BASIC",""
"","2","IBC-XP.04","","Sun Nov 03 01:23:34 GMT 2024","passed","Sun Nov 03 01:23:34 GMT 2024","","ITERATIVE-CHAINING","ITERATIVE-CHAINING",""
"","2","ADD-REMOVE-MATCH-INTEGER.32","","Sun Nov 03 00:54:23 GMT 2024","passed","Sun Nov 03 00:54:23 GMT 2024","","SPACES","SPACES",""
"","1","INTERSECTION-TESTS.10","","Sun Nov 03 00:38:57 GMT 2024","passed","Sun Nov 03 00:38:57 GMT 2024","","HYPERON-METTALOG-SANITY","HYPERON-METTALOG-SANITY",""
"","2","C1-GROUNDED-BASIC.20","","Sun Nov 03 00:47:10 GMT 2024","passed","Sun Nov 03 00:47:10 GMT 2024","","QUICK","QUICK",""
"","18","SUBTYPING-TEST.02","","Sun Nov 03 01:26:23 GMT 2024","failed","Sun Nov 03 01:26:23 GMT 2024","","SUBTYPING","SUBTYPING",""
"","2","03-SORING-VIA-INSERT.06","","Sun Nov 03 00:38:57 GMT 2024","passed","Sun Nov 03 00:38:57 GMT 2024","","HYPERON-METTALOG-SANITY","HYPERON-METTALOG-SANITY",""
"","15000","anti-regression.debug_mettalogTestCurried","","Sun Nov 03 00:37:15 GMT 2024","failed","Sun Nov 03 00:37:30 GMT 2024","","WHOLE-TESTS","WHOLE-TESTS",""
"","90","TYPES-PRELIM.21","","Sun Nov 03 00:52:07 GMT 2024","failed","Sun Nov 03 00:52:07 GMT 2024","","CHAINING","CHAINING",""
"","5000","forward-chainer.forward-chainer-xp","","Sun Nov 03 00:37:15 GMT 2024","passed","Sun Nov 03 00:37:20 GMT 2024","","WHOLE-TESTS","WHOLE-TESTS",""
"","193","SYNTHESIZE-VIA-UNIFY-TEST.01","","Sun Nov 03 01:28:09 GMT 2024","failed","Sun Nov 03 01:28:09 GMT 2024","","EXPERIMENTS","EXPERIMENTS",""
"","6000","inference-control.inf-ctl-xp","","Sun Nov 03 00:37:15 GMT 2024","passed","Sun Nov 03 00:37:21 GMT 2024","","WHOLE-TESTS","WHOLE-TESTS",""
"","5000","nondet_unify.prover","","Sun Nov 03 00:37:15 GMT 2024","passed","Sun Nov 03 00:37:20 GMT 2024","","WHOLE-TESTS","WHOLE-TESTS",""
"","87","STATE-TYPES.06","","Sun Nov 03 01:59:10 GMT 2024","failed","Sun Nov 03 01:59:10 GMT 2024","","BASIC","BASIC",""
"","3","BACKWARD-CHAINER-XP.43","","Sun Nov 03 01:17:21 GMT 2024","passed","Sun Nov 03 01:17:21 GMT 2024","","BACKWARD-CHAINER","BACKWARD-CHAINER",""
"","12","D2-HIGHERFUNC.20","","Sun Nov 03 00:47:10 GMT 2024","passed","Sun Nov 03 00:47:10 GMT 2024","","QUICK","QUICK",""
"","3","ADD-REMOVE-MATCH-FLOAT.03","","Sun Nov 03 00:54:23 GMT 2024","passed","Sun Nov 03 00:54:23 GMT 2024","","SPACES","SPACES",""
"","23697","TIME-SYNTHESIZE-SHORT.02","","Sun Nov 03 00:40:45 GMT 2024","passed","Sun Nov 03 00:41:08 GMT 2024","","SYNTH-BUFFER","SYNTH-BUFFER",""
"","2","FC-XP.02","","Sun Nov 03 01:20:16 GMT 2024","passed","Sun Nov 03 01:20:16 GMT 2024","","FORWARD-CHAINING","FORWARD-CHAINING",""
"","5000","spaces.add-remove-match-ss-strings","","Sun Nov 03 00:37:15 GMT 2024","passed","Sun Nov 03 00:37:20 GMT 2024","","WHOLE-TESTS","WHOLE-TESTS",""
"","2","BACKWARD-CHAINER-XP.38","","Sun Nov 03 01:17:21 GMT 2024","passed","Sun Nov 03 01:17:21 GMT 2024","","BACKWARD-CHAINER","BACKWARD-CHAINER",""
"","3","ALL-ANY.01","","Sun Nov 03 01:04:37 GMT 2024","passed","Sun Nov 03 01:04:37 GMT 2024","","LOGIC","LOGIC",""
"","298","BASIC.04","","Sun Nov 03 01:10:27 GMT 2024","passed","Sun Nov 03 01:10:27 GMT 2024","","TRAVERSER","TRAVERSER",""
"","53","E3-MATCH-STATES.03","","Sun Nov 03 00:37:20 GMT 2024","failed","Sun Nov 03 00:37:20 GMT 2024","","HYPERON-EXPERIMENTAL-SCRIPTS","HYPERON-EXPERIMENTAL-SCRIPTS",""
"","2","HYPERPOSING-UNSHARED.09","","Sun Nov 03 01:59:10 GMT 2024","passed","Sun Nov 03 01:59:10 GMT 2024","","BASIC","BASIC",""
"","2","TESTS3.05","","Sun Nov 03 00:47:37 GMT 2024","passed","Sun Nov 03 00:47:37 GMT 2024","","MAIN-BRANCH","MAIN-BRANCH",""
"","2","IOIOIOI-USING-EQUALITY.05","","Sun Nov 03 01:56:50 GMT 2024","passed","Sun Nov 03 01:56:50 GMT 2024","","MULTIDIRECTIONAL","MULTIDIRECTIONAL",""
"","2","FORWARD-CHAINER-TEST.15","","Sun Nov 03 01:20:07 GMT 2024","passed","Sun Nov 03 01:20:07 GMT 2024","","FORWARD-CHAINER","FORWARD-CHAINER",""
"","92","ADD-REMOVE-MATCH-STRINGS.03","","Sun Nov 03 00:54:23 GMT 2024","failed","Sun Nov 03 00:54:23 GMT 2024","","SPACES","SPACES",""
"","4000","quick.f1_imports","","Sun Nov 03 00:37:15 GMT 2024","passed","Sun Nov 03 00:37:19 GMT 2024","","WHOLE-TESTS","WHOLE-TESTS",""
"","21","INF-CTL-MONTH-XP.07","","Sun Nov 03 01:21:32 GMT 2024","failed","Sun Nov 03 01:21:32 GMT 2024","","INFERENCE-CONTROL","INFERENCE-CONTROL",""
"","83","TOO-EAGER-MATH.01","","Sun Nov 03 01:58:08 GMT 2024","passed","Sun Nov 03 01:58:08 GMT 2024","","POSSIBLY-WRONG","POSSIBLY-WRONG",""
"","6000","nars_v0.tests0","","Sun Nov 03 00:37:15 GMT 2024","passed","Sun Nov 03 00:37:21 GMT 2024","","WHOLE-TESTS","WHOLE-TESTS",""
"","1","B5-TYPES-PRELIM.04","","Sun Nov 03 01:13:11 GMT 2024","passed","Sun Nov 03 01:13:11 GMT 2024","","CHECK-TYPES-TEMP","CHECK-TYPES-TEMP",""
"","45000","nars_v0.tests5","","Sun Nov 03 00:37:15 GMT 2024","failed","Sun Nov 03 00:38:00 GMT 2024","","WHOLE-TESTS","WHOLE-TESTS",""
"","3","FORWARD-CHAINER-XP.02","","Sun Nov 03 01:20:07 GMT 2024","passed","Sun Nov 03 01:20:07 GMT 2024","","FORWARD-CHAINER","FORWARD-CHAINER",""
"","2","BC-XP.27","","Sun Nov 03 01:17:27 GMT 2024","passed","Sun Nov 03 01:17:27 GMT 2024","","BACKWARD-CHAINING","BACKWARD-CHAINING",""
"","64","TESTS1.01","","Sun Nov 03 01:41:19 GMT 2024","failed","Sun Nov 03 01:41:19 GMT 2024","","NEW","NEW",""
"","2","C1-GROUNDED-BASIC.03","","Sun Nov 03 00:47:10 GMT 2024","passed","Sun Nov 03 00:47:10 GMT 2024","","QUICK","QUICK",""
"","4000","truthvalue.TruthValueTest","","Sun Nov 03 00:37:15 GMT 2024","passed","Sun Nov 03 00:37:19 GMT 2024","","WHOLE-TESTS","WHOLE-TESTS",""
"","2","CHAPTER-1-1.10","","Sun Nov 03 00:56:39 GMT 2024","passed","Sun Nov 03 00:56:39 GMT 2024","","SICP-BOOK","SICP-BOOK",""
"","3","F1-IMPORTS.15","","Sun Nov 03 00:37:10 GMT 2024","passed","Sun Nov 03 00:37:10 GMT 2024","","MODULE-SYSTEM","MODULE-SYSTEM",""
"","2","F1-IMPORTS.14","","Sun Nov 03 00:37:20 GMT 2024","passed","Sun Nov 03 00:37:20 GMT 2024","","HYPERON-EXPERIMENTAL-SCRIPTS","HYPERON-EXPERIMENTAL-SCRIPTS",""
"","1","UNIQUE-TEST.06","","Sun Nov 03 00:38:57 GMT 2024","passed","Sun Nov 03 00:38:57 GMT 2024","","HYPERON-METTALOG-SANITY","HYPERON-METTALOG-SANITY",""
"","2","D3-DEPTYPES.05","","Sun Nov 03 01:13:31 GMT 2024","passed","Sun Nov 03 01:13:31 GMT 2024","","CHECK-TYPES","CHECK-TYPES",""
"","3","INF-CTL-XP.06","","Sun Nov 03 01:21:32 GMT 2024","passed","Sun Nov 03 01:21:32 GMT 2024","","INFERENCE-CONTROL","INFERENCE-CONTROL",""
"","43","STDLIB-METTALOG-TEST-PT2.03","","Sun Nov 03 00:56:29 GMT 2024","failed","Sun Nov 03 00:56:29 GMT 2024","","STDLIB-METTALOG","STDLIB-METTALOG",""
"","67","CHAPTER-2-4.07","","Sun Nov 03 00:56:39 GMT 2024","failed","Sun Nov 03 00:56:39 GMT 2024","","SICP-BOOK","SICP-BOOK",""
"","2","STATE-TYPES.05","","Sun Nov 03 01:59:10 GMT 2024","passed","Sun Nov 03 01:59:10 GMT 2024","","BASIC","BASIC",""
"","2","FORWARD-CHAINER-XP.04","","Sun Nov 03 01:20:07 GMT 2024","passed","Sun Nov 03 01:20:07 GMT 2024","","FORWARD-CHAINER","FORWARD-CHAINER",""
"","3","STDLIB-METTALOG-TEST-PT2.29","","Sun Nov 03 00:56:29 GMT 2024","passed","Sun Nov 03 00:56:29 GMT 2024","","STDLIB-METTALOG","STDLIB-METTALOG",""
"","3","BC-XP.04","","Sun Nov 03 01:17:27 GMT 2024","passed","Sun Nov 03 01:17:27 GMT 2024","","BACKWARD-CHAINING","BACKWARD-CHAINING",""
"","4000","hyperon-mettalog_sanity.first_answer_long","","Sun Nov 03 00:37:15 GMT 2024","passed","Sun Nov 03 00:37:19 GMT 2024","","WHOLE-TESTS","WHOLE-TESTS",""
"","3","LETLET.01","","Sun Nov 03 00:42:53 GMT 2024","passed","Sun Nov 03 00:42:53 GMT 2024","","METTA-MORPH-TESTS","METTA-MORPH-TESTS",""
"","5000","walk_thru.mettalogTestCurried2","","Sun Nov 03 00:37:15 GMT 2024","passed","Sun Nov 03 00:37:20 GMT 2024","","WHOLE-TESTS","WHOLE-TESTS",""
"","2","00-LANG-CASE.16","","Sun Nov 03 00:38:57 GMT 2024","passed","Sun Nov 03 00:38:57 GMT 2024","","HYPERON-METTALOG-SANITY","HYPERON-METTALOG-SANITY",""
"","7000","nars_extras.RUN_minnars","","Sun Nov 03 00:37:15 GMT 2024","passed","Sun Nov 03 00:37:22 GMT 2024","","WHOLE-TESTS","WHOLE-TESTS",""
"","126","ADD-REMOVE-MATCH-SS-SYMBOLS.14","","Sun Nov 03 00:54:23 GMT 2024","passed","Sun Nov 03 00:54:23 GMT 2024","","SPACES","SPACES",""
"","3","AND-OR.01","","Sun Nov 03 00:42:53 GMT 2024","passed","Sun Nov 03 00:42:53 GMT 2024","","METTA-MORPH-TESTS","METTA-MORPH-TESTS",""
"","2","ADD-REMOVE-MATCH-S-SYMBOLS.12","","Sun Nov 03 00:54:23 GMT 2024","passed","Sun Nov 03 00:54:23 GMT 2024","","SPACES","SPACES",""
"","5000","spaces.add-remove-match-float","","Sun Nov 03 00:37:15 GMT 2024","passed","Sun Nov 03 00:37:20 GMT 2024","","WHOLE-TESTS","WHOLE-TESTS",""
"","16","05-MATCH-SUPERPOSE-ELEMENT-LIKE-SPACE.01","","Sun Nov 03 01:53:49 GMT 2024","failed","Sun Nov 03 01:53:49 GMT 2024","","CONTAINERS-ARE-SPACES","CONTAINERS-ARE-SPACES",""
"","1","TEST-IF-CLOSED.08","","Sun Nov 03 00:44:59 GMT 2024","passed","Sun Nov 03 00:44:59 GMT 2024","","ANTI-REGRESSION","ANTI-REGRESSION",""
"","54","STDLIB-METTALOG-TEST-PT2.10","","Sun Nov 03 00:56:29 GMT 2024","failed","Sun Nov 03 00:56:29 GMT 2024","","STDLIB-METTALOG","STDLIB-METTALOG",""
"","3","SYNTHESIZE-VIA-TYPE-CHECKING.11","","Sun Nov 03 01:28:09 GMT 2024","passed","Sun Nov 03 01:28:09 GMT 2024","","EXPERIMENTS","EXPERIMENTS",""
"","90","ADD-REMOVE-MATCH-FLOAT.14","","Sun Nov 03 00:54:23 GMT 2024","passed","Sun Nov 03 00:54:23 GMT 2024","","SPACES","SPACES",""
"","1","INTERSECTION-TESTS.05","","Sun Nov 03 00:38:57 GMT 2024","passed","Sun Nov 03 00:38:57 GMT 2024","","HYPERON-METTALOG-SANITY","HYPERON-METTALOG-SANITY",""
"","5000","basic.pathfinding-easy-f","","Sun Nov 03 00:37:15 GMT 2024","passed","Sun Nov 03 00:37:20 GMT 2024","","WHOLE-TESTS","WHOLE-TESTS",""
"","2","CHAPTER-1-1.07","","Sun Nov 03 00:56:39 GMT 2024","passed","Sun Nov 03 00:56:39 GMT 2024","","SICP-BOOK","SICP-BOOK",""
"","3","00-LANG-CASE.17","","Sun Nov 03 00:38:57 GMT 2024","passed","Sun Nov 03 00:38:57 GMT 2024","","HYPERON-METTALOG-SANITY","HYPERON-METTALOG-SANITY",""
"","3","TYPES3.01","","Sun Nov 03 00:42:53 GMT 2024","passed","Sun Nov 03 00:42:53 GMT 2024","","METTA-MORPH-TESTS","METTA-MORPH-TESTS",""
"","5000","hyperon-mettalog_sanity.represent_and_parse_tests","","Sun Nov 03 00:37:15 GMT 2024","passed","Sun Nov 03 00:37:20 GMT 2024","","WHOLE-TESTS","WHOLE-TESTS",""
"","1","TYPE-PROP.05","","Sun Nov 03 01:13:11 GMT 2024","passed","Sun Nov 03 01:13:11 GMT 2024","","CHECK-TYPES-TEMP","CHECK-TYPES-TEMP",""
"","7485","SUPPORTRULEEXP.04","","Sun Nov 03 01:16:13 GMT 2024","failed","Sun Nov 03 01:16:20 GMT 2024","","DEPENDENT-TYPES","DEPENDENT-TYPES",""
"","4000","chaining.types_prelim","","Sun Nov 03 00:37:15 GMT 2024","passed","Sun Nov 03 00:37:19 GMT 2024","","WHOLE-TESTS","WHOLE-TESTS",""
"","2","TYPE-PROP.44","","Sun Nov 03 01:13:11 GMT 2024","passed","Sun Nov 03 01:13:11 GMT 2024","","CHECK-TYPES-TEMP","CHECK-TYPES-TEMP",""
"","2","INTERSECTION-TESTS.04","","Sun Nov 03 00:38:57 GMT 2024","passed","Sun Nov 03 00:38:57 GMT 2024","","HYPERON-METTALOG-SANITY","HYPERON-METTALOG-SANITY",""
"","2","PC-XP.06","","Sun Nov 03 01:26:17 GMT 2024","passed","Sun Nov 03 01:26:17 GMT 2024","","POLYWARD-CHAINING","POLYWARD-CHAINING",""
"","4000","metta-morph_tests.zeroargs","","Sun Nov 03 00:37:15 GMT 2024","passed","Sun Nov 03 00:37:19 GMT 2024","","WHOLE-TESTS","WHOLE-TESTS",""
"","2","STRING-TESTS.18","","Sun Nov 03 00:38:57 GMT 2024","passed","Sun Nov 03 00:38:57 GMT 2024","","HYPERON-METTALOG-SANITY","HYPERON-METTALOG-SANITY",""
"","3","LISTTEST.09","","Sun Nov 03 01:17:36 GMT 2024","passed","Sun Nov 03 01:17:36 GMT 2024","","COMMON","COMMON",""
"","2","OR-TEST.08","","Sun Nov 03 00:38:57 GMT 2024","passed","Sun Nov 03 00:38:57 GMT 2024","","HYPERON-METTALOG-SANITY","HYPERON-METTALOG-SANITY",""
"","2","06-MATCH-IN-SPACE.02","","Sun Nov 03 00:38:57 GMT 2024","passed","Sun Nov 03 00:38:57 GMT 2024","","HYPERON-METTALOG-SANITY","HYPERON-METTALOG-SANITY",""
"","15","D2-HIGHERFUNC.22","","Sun Nov 03 01:13:31 GMT 2024","passed","Sun Nov 03 01:13:31 GMT 2024","","CHECK-TYPES","CHECK-TYPES",""
"","3","QUERIES.12","","Sun Nov 03 01:09:46 GMT 2024","passed","Sun Nov 03 01:09:46 GMT 2024","","STRIPS-TO-METTA-IMPROVED","STRIPS-TO-METTA-IMPROVED",""
"","63","D2-HIGHERFUNC.07","","Sun Nov 03 00:37:20 GMT 2024","failed","Sun Nov 03 00:37:20 GMT 2024","","HYPERON-EXPERIMENTAL-SCRIPTS","HYPERON-EXPERIMENTAL-SCRIPTS",""
"","3","D2-HIGHERFUNC.27","","Sun Nov 03 01:13:31 GMT 2024","passed","Sun Nov 03 01:13:31 GMT 2024","","CHECK-TYPES","CHECK-TYPES",""
"","5000","transpiler.identity","","Sun Nov 03 00:37:15 GMT 2024","passed","Sun Nov 03 00:37:20 GMT 2024","","WHOLE-TESTS","WHOLE-TESTS",""
"","3","BCHAIN-COMP.06","","Sun Nov 03 00:44:59 GMT 2024","passed","Sun Nov 03 00:44:59 GMT 2024","","ANTI-REGRESSION","ANTI-REGRESSION",""
"","38","IBC-XP.16","","Sun Nov 03 01:23:34 GMT 2024","failed","Sun Nov 03 01:23:34 GMT 2024","","ITERATIVE-CHAINING","ITERATIVE-CHAINING",""
"","5000","metta_to_amr.instances","","Sun Nov 03 00:37:15 GMT 2024","passed","Sun Nov 03 00:37:20 GMT 2024","","WHOLE-TESTS","WHOLE-TESTS",""
"","151","INF-ORDER-PROBS.01","","Sun Nov 03 01:05:14 GMT 2024","passed","Sun Nov 03 01:05:14 GMT 2024","","PROB-DEP-TYPES","PROB-DEP-TYPES",""
"","2","IBC-XP.19","","Sun Nov 03 01:23:34 GMT 2024","passed","Sun Nov 03 01:23:34 GMT 2024","","ITERATIVE-CHAINING","ITERATIVE-CHAINING",""
"","2","HYPERPOSING.08","","Sun Nov 03 01:59:10 GMT 2024","passed","Sun Nov 03 01:59:10 GMT 2024","","BASIC","BASIC",""
"","1","STDLIB-METTALOG-TEST-PT2.47","","Sun Nov 03 00:56:29 GMT 2024","passed","Sun Nov 03 00:56:29 GMT 2024","","STDLIB-METTALOG","STDLIB-METTALOG",""
"","1","HYPERPOSING-UNSHARED.03","","Sun Nov 03 01:59:10 GMT 2024","passed","Sun Nov 03 01:59:10 GMT 2024","","BASIC","BASIC",""
"","13","D1-GADT.13","","Sun Nov 03 00:37:20 GMT 2024","passed","Sun Nov 03 00:37:20 GMT 2024","","HYPERON-EXPERIMENTAL-SCRIPTS","HYPERON-EXPERIMENTAL-SCRIPTS",""
"","2","INF-CTL-MONTH-XP-SHORT-3.08","","Sun Nov 03 02:05:29 GMT 2024","passed","Sun Nov 03 02:05:29 GMT 2024","","COMPARISONS","COMPARISONS",""
"","41000","python_from_metta.fs","","Sun Nov 03 00:37:15 GMT 2024","failed","Sun Nov 03 00:37:56 GMT 2024","","WHOLE-TESTS","WHOLE-TESTS",""
"","2","STRING-TESTS.09","","Sun Nov 03 00:38:57 GMT 2024","passed","Sun Nov 03 00:38:57 GMT 2024","","HYPERON-METTALOG-SANITY","HYPERON-METTALOG-SANITY",""
"","3","TYPE-PROP.01","","Sun Nov 03 01:13:11 GMT 2024","passed","Sun Nov 03 01:13:11 GMT 2024","","CHECK-TYPES-TEMP","CHECK-TYPES-TEMP",""
"","5000","hol.ListTest","","Sun Nov 03 00:37:15 GMT 2024","passed","Sun Nov 03 00:37:20 GMT 2024","","WHOLE-TESTS","WHOLE-TESTS",""
"","3","CML-UNSHARED.10","","Sun Nov 03 01:59:10 GMT 2024","passed","Sun Nov 03 01:59:10 GMT 2024","","BASIC","BASIC",""
"","5000","edges-to-edges.nte","","Sun Nov 03 00:37:15 GMT 2024","passed","Sun Nov 03 00:37:20 GMT 2024","","WHOLE-TESTS","WHOLE-TESTS",""
"","2","STDLIB-METTALOG-TEST-PT2.64","","Sun Nov 03 00:56:29 GMT 2024","passed","Sun Nov 03 00:56:29 GMT 2024","","STDLIB-METTALOG","STDLIB-METTALOG",""
"","3","C2-SPACES.05","","Sun Nov 03 00:37:10 GMT 2024","passed","Sun Nov 03 00:37:10 GMT 2024","","MODULE-SYSTEM","MODULE-SYSTEM",""
"","227","SYNTHESIZE-VIA-LET-TEST.02","","Sun Nov 03 01:28:09 GMT 2024","failed","Sun Nov 03 01:28:09 GMT 2024","","EXPERIMENTS","EXPERIMENTS",""
"","14","D1-GADT.13","","Sun Nov 03 00:47:10 GMT 2024","passed","Sun Nov 03 00:47:10 GMT 2024","","QUICK","QUICK",""
"","5000","iterators.lazy_test","","Sun Nov 03 00:37:15 GMT 2024","passed","Sun Nov 03 00:37:20 GMT 2024","","WHOLE-TESTS","WHOLE-TESTS",""
"","3","CHAPTER-2-4.15","","Sun Nov 03 00:56:39 GMT 2024","passed","Sun Nov 03 00:56:39 GMT 2024","","SICP-BOOK","SICP-BOOK",""
"","42000","aunt-kg.sergey_rodionov_formulation","","Sun Nov 03 00:37:15 GMT 2024","failed","Sun Nov 03 00:37:57 GMT 2024","","WHOLE-TESTS","WHOLE-TESTS",""
"","69","INF-CTL-MONTH-XP-SHORT-1.02","","Sun Nov 03 02:05:29 GMT 2024","failed","Sun Nov 03 02:05:29 GMT 2024","","COMPARISONS","COMPARISONS",""
"","2","TYPE-PROP.18","","Sun Nov 03 01:13:11 GMT 2024","passed","Sun Nov 03 01:13:11 GMT 2024","","CHECK-TYPES-TEMP","CHECK-TYPES-TEMP",""
"","46000","prev.tests5","","Sun Nov 03 00:37:15 GMT 2024","failed","Sun Nov 03 00:38:01 GMT 2024","","WHOLE-TESTS","WHOLE-TESTS",""
"","2","STRING-TESTS.17","","Sun Nov 03 00:38:57 GMT 2024","passed","Sun Nov 03 00:38:57 GMT 2024","","HYPERON-METTALOG-SANITY","HYPERON-METTALOG-SANITY",""
"","5000","metta-morph_tests.minnars","","Sun Nov 03 00:37:15 GMT 2024","passed","Sun Nov 03 00:37:20 GMT 2024","","WHOLE-TESTS","WHOLE-TESTS",""
"","1","QUERIES.03","","Sun Nov 03 01:09:46 GMT 2024","passed","Sun Nov 03 01:09:46 GMT 2024","","STRIPS-TO-METTA-IMPROVED","STRIPS-TO-METTA-IMPROVED",""
"","55","STDLIB-METTALOG-TEST-PT2.08","","Sun Nov 03 00:56:29 GMT 2024","failed","Sun Nov 03 00:56:29 GMT 2024","","STDLIB-METTALOG","STDLIB-METTALOG",""
"","2","00-LANG-CASE.09","","Sun Nov 03 00:38:57 GMT 2024","passed","Sun Nov 03 00:38:57 GMT 2024","","HYPERON-METTALOG-SANITY","HYPERON-METTALOG-SANITY",""
"","46000","new.tests1","","Sun Nov 03 00:37:15 GMT 2024","failed","Sun Nov 03 00:38:01 GMT 2024","","WHOLE-TESTS","WHOLE-TESTS",""
"","2","MATCH-VOID.09","","Sun Nov 03 00:42:53 GMT 2024","passed","Sun Nov 03 00:42:53 GMT 2024","","METTA-MORPH-TESTS","METTA-MORPH-TESTS",""
"","2","BACKWARD-CHAINER-XP.22","","Sun Nov 03 01:17:21 GMT 2024","passed","Sun Nov 03 01:17:21 GMT 2024","","BACKWARD-CHAINER","BACKWARD-CHAINER",""
"","37000","dependent-types.ImplicationDirectIntroductionDTLTest","","Sun Nov 03 00:37:15 GMT 2024","passed","Sun Nov 03 00:37:52 GMT 2024","","WHOLE-TESTS","WHOLE-TESTS",""
"","2","C2-SPACES.04","","Sun Nov 03 00:37:20 GMT 2024","passed","Sun Nov 03 00:37:20 GMT 2024","","HYPERON-EXPERIMENTAL-SCRIPTS","HYPERON-EXPERIMENTAL-SCRIPTS",""
"","2","B5-TYPES-PRELIM.20","","Sun Nov 03 01:13:11 GMT 2024","passed","Sun Nov 03 01:13:11 GMT 2024","","CHECK-TYPES-TEMP","CHECK-TYPES-TEMP",""
"","82","QUERIES.17","","Sun Nov 03 01:09:46 GMT 2024","failed","Sun Nov 03 01:09:46 GMT 2024","","STRIPS-TO-METTA-IMPROVED","STRIPS-TO-METTA-IMPROVED",""
"","2","ADD-REMOVE-MATCH-SS-STRINGS.05","","Sun Nov 03 00:54:23 GMT 2024","passed","Sun Nov 03 00:54:23 GMT 2024","","SPACES","SPACES",""
"","45000","constraint.types","","Sun Nov 03 00:37:15 GMT 2024","failed","Sun Nov 03 00:38:00 GMT 2024","","WHOLE-TESTS","WHOLE-TESTS",""
"","133","INF-ORDER-PROBS.02","","Sun Nov 03 01:05:14 GMT 2024","passed","Sun Nov 03 01:05:14 GMT 2024","","PROB-DEP-TYPES","PROB-DEP-TYPES",""
"","3","SELF-CONTAINED-SYNTHESIZE.05","","Sun Nov 03 01:28:09 GMT 2024","passed","Sun Nov 03 01:28:09 GMT 2024","","EXPERIMENTS","EXPERIMENTS",""
"","4000","hyperon-mettalog_sanity.flip_test","","Sun Nov 03 00:37:15 GMT 2024","passed","Sun Nov 03 00:37:19 GMT 2024","","WHOLE-TESTS","WHOLE-TESTS",""
"","94","SHOW-TYPE.14","","Sun Nov 03 00:54:10 GMT 2024","failed","Sun Nov 03 00:54:10 GMT 2024","","INTROSPECT","INTROSPECT",""
"","61","STDLIB-METTALOG-TEST-PT2.15","","Sun Nov 03 00:56:29 GMT 2024","failed","Sun Nov 03 00:56:29 GMT 2024","","STDLIB-METTALOG","STDLIB-METTALOG",""
"","40000","dependent-types.MinerDTL2Test","","Sun Nov 03 00:37:15 GMT 2024","failed","Sun Nov 03 00:37:55 GMT 2024","","WHOLE-TESTS","WHOLE-TESTS",""
"","1383","PLLM-PENNTREE.06","","Sun Nov 03 02:11:44 GMT 2024","passed","Sun Nov 03 02:11:45 GMT 2024","","LANGUAGE-MODELS","LANGUAGE-MODELS",""
"","46000","new.tests3","","Sun Nov 03 00:37:15 GMT 2024","failed","Sun Nov 03 00:38:01 GMT 2024","","WHOLE-TESTS","WHOLE-TESTS",""
"","181","SYNTHESIZE-VIA-UNIFY-TEST.06","","Sun Nov 03 01:28:09 GMT 2024","failed","Sun Nov 03 01:28:09 GMT 2024","","EXPERIMENTS","EXPERIMENTS",""
"","3","E2-STATES.01","","Sun Nov 03 01:13:31 GMT 2024","passed","Sun Nov 03 01:13:31 GMT 2024","","CHECK-TYPES","CHECK-TYPES",""
"","46","TREE.02","","Sun Nov 03 01:01:57 GMT 2024","failed","Sun Nov 03 01:01:57 GMT 2024","","COMBINATOR-CALCULI","COMBINATOR-CALCULI",""
"","2","D3-DEPTYPES.07","","Sun Nov 03 01:13:31 GMT 2024","passed","Sun Nov 03 01:13:31 GMT 2024","","CHECK-TYPES","CHECK-TYPES",""
"","2","D3-DEPTYPES.06","","Sun Nov 03 01:13:31 GMT 2024","passed","Sun Nov 03 01:13:31 GMT 2024","","CHECK-TYPES","CHECK-TYPES",""
"","53","TYPES-PRELIM.11","","Sun Nov 03 00:52:07 GMT 2024","failed","Sun Nov 03 00:52:07 GMT 2024","","CHAINING","CHAINING",""
"","4000","features.represent_and_parse_tests","","Sun Nov 03 00:37:15 GMT 2024","passed","Sun Nov 03 00:37:19 GMT 2024","","WHOLE-TESTS","WHOLE-TESTS",""
"","2","FORWARD-CHAINER-XP.22","","Sun Nov 03 01:20:07 GMT 2024","passed","Sun Nov 03 01:20:07 GMT 2024","","FORWARD-CHAINER","FORWARD-CHAINER",""
"","3","00-LANG-CASE.01","","Sun Nov 03 00:38:57 GMT 2024","passed","Sun Nov 03 00:38:57 GMT 2024","","HYPERON-METTALOG-SANITY","HYPERON-METTALOG-SANITY",""
"","111","LOCATED-TEST.03","","Sun Nov 03 01:27:12 GMT 2024","passed","Sun Nov 03 01:27:12 GMT 2024","","LOCATED","LOCATED",""
"","2","IS-SPACE.02","","Sun Nov 03 00:38:57 GMT 2024","passed","Sun Nov 03 00:38:57 GMT 2024","","HYPERON-METTALOG-SANITY","HYPERON-METTALOG-SANITY",""
"","2","ADD-REMOVE-MATCH-MIX-FLOAT-INTEGER.16","","Sun Nov 03 00:54:23 GMT 2024","passed","Sun Nov 03 00:54:23 GMT 2024","","SPACES","SPACES",""
"","2","STDLIB-METTALOG-TEST-PT2.50","","Sun Nov 03 00:56:29 GMT 2024","passed","Sun Nov 03 00:56:29 GMT 2024","","STDLIB-METTALOG","STDLIB-METTALOG",""
"","1","GADT.02","","Sun Nov 03 00:55:06 GMT 2024","passed","Sun Nov 03 00:55:06 GMT 2024","","STD","STD",""
"","2","CURRIED-CHAINER.05","","Sun Nov 03 01:18:13 GMT 2024","passed","Sun Nov 03 01:18:13 GMT 2024","","CURRIED-CHAINING","CURRIED-CHAINING",""
"","1797","PLLM-PENNTREE.03","","Sun Nov 03 02:11:44 GMT 2024","passed","Sun Nov 03 02:11:45 GMT 2024","","LANGUAGE-MODELS","LANGUAGE-MODELS",""
"","3","SEALED-TEST.06","","Sun Nov 03 00:38:57 GMT 2024","passed","Sun Nov 03 00:38:57 GMT 2024","","HYPERON-METTALOG-SANITY","HYPERON-METTALOG-SANITY",""
"","414","IBC-XP.33","","Sun Nov 03 01:23:34 GMT 2024","failed","Sun Nov 03 01:23:34 GMT 2024","","ITERATIVE-CHAINING","ITERATIVE-CHAINING",""
"","3","SYNTHESIZE-VIA-TYPE-CHECKING.13","","Sun Nov 03 01:28:09 GMT 2024","passed","Sun Nov 03 01:28:09 GMT 2024","","EXPERIMENTS","EXPERIMENTS",""
"","86","STDLIB-METTALOG-TEST-PT2.17","","Sun Nov 03 00:56:29 GMT 2024","failed","Sun Nov 03 00:56:29 GMT 2024","","STDLIB-METTALOG","STDLIB-METTALOG",""
"","5000","stack-based.interpreter","","Sun Nov 03 00:37:15 GMT 2024","passed","Sun Nov 03 00:37:20 GMT 2024","","WHOLE-TESTS","WHOLE-TESTS",""
"","41000","python_from_metta.requests","","Sun Nov 03 00:37:15 GMT 2024","failed","Sun Nov 03 00:37:56 GMT 2024","","WHOLE-TESTS","WHOLE-TESTS",""
"","2","ADD-REMOVE-MATCH-SS-SYMBOLS.15","","Sun Nov 03 00:54:23 GMT 2024","passed","Sun Nov 03 00:54:23 GMT 2024","","SPACES","SPACES",""
"","42","FORWARD-CHAINER-TEST.09","","Sun Nov 03 01:20:07 GMT 2024","failed","Sun Nov 03 01:20:07 GMT 2024","","FORWARD-CHAINER","FORWARD-CHAINER",""
"","15","D2-HIGHERFUNC.20","","Sun Nov 03 01:13:31 GMT 2024","passed","Sun Nov 03 01:13:31 GMT 2024","","CHECK-TYPES","CHECK-TYPES",""
"","2","CHAPTER-2-4.03","","Sun Nov 03 00:56:39 GMT 2024","passed","Sun Nov 03 00:56:39 GMT 2024","","SICP-BOOK","SICP-BOOK",""
"","5000","anti-regression.tmpMatch1","","Sun Nov 03 00:37:15 GMT 2024","passed","Sun Nov 03 00:37:20 GMT 2024","","WHOLE-TESTS","WHOLE-TESTS",""
"","2","TYPE-PROP.63","","Sun Nov 03 01:13:11 GMT 2024","passed","Sun Nov 03 01:13:11 GMT 2024","","CHECK-TYPES-TEMP","CHECK-TYPES-TEMP",""
"","3","FORWARD-CHAINER-XP.19","","Sun Nov 03 01:20:07 GMT 2024","passed","Sun Nov 03 01:20:07 GMT 2024","","FORWARD-CHAINER","FORWARD-CHAINER",""
"","284","SYNTHESIZE-VIA-CASE-TEST.05","","Sun Nov 03 01:28:09 GMT 2024","failed","Sun Nov 03 01:28:09 GMT 2024","","EXPERIMENTS","EXPERIMENTS",""
"","3","TYPES2.02","","Sun Nov 03 00:42:53 GMT 2024","passed","Sun Nov 03 00:42:53 GMT 2024","","METTA-MORPH-TESTS","METTA-MORPH-TESTS",""
"","2","B5-TYPES-PRELIM.13","","Sun Nov 03 00:37:20 GMT 2024","passed","Sun Nov 03 00:37:20 GMT 2024","","HYPERON-EXPERIMENTAL-SCRIPTS","HYPERON-EXPERIMENTAL-SCRIPTS",""
"","84","GROUNDED-BASIC.03","","Sun Nov 03 00:55:06 GMT 2024","passed","Sun Nov 03 00:55:06 GMT 2024","","STD","STD",""
"","2","C1-GROUNDED-BASIC.11","","Sun Nov 03 00:47:10 GMT 2024","passed","Sun Nov 03 00:47:10 GMT 2024","","QUICK","QUICK",""
"","8000","ai-service.ai-service-composition-easy","","Sun Nov 03 00:37:15 GMT 2024","passed","Sun Nov 03 00:37:23 GMT 2024","","WHOLE-TESTS","WHOLE-TESTS",""
"","3","SPACE-INTERSECTION-TESTS.14","","Sun Nov 03 00:38:57 GMT 2024","passed","Sun Nov 03 00:38:57 GMT 2024","","HYPERON-METTALOG-SANITY","HYPERON-METTALOG-SANITY",""
"","13","INF-CTL-MONTH-BC-XP.03","","Sun Nov 03 01:21:32 GMT 2024","failed","Sun Nov 03 01:21:32 GMT 2024","","INFERENCE-CONTROL","INFERENCE-CONTROL",""
"","2","03-SORING-VIA-INSERT.03","","Sun Nov 03 00:38:57 GMT 2024","passed","Sun Nov 03 00:38:57 GMT 2024","","HYPERON-METTALOG-SANITY","HYPERON-METTALOG-SANITY",""
"","2","TESTS1.02","","Sun Nov 03 01:32:21 GMT 2024","passed","Sun Nov 03 01:32:21 GMT 2024","","CURRENT","CURRENT",""
"","5000","metta-wam-issue-116.test_spo_5000","","Sun Nov 03 00:37:15 GMT 2024","passed","Sun Nov 03 00:37:20 GMT 2024","","WHOLE-TESTS","WHOLE-TESTS",""
"","3","LISTTEST.01","","Sun Nov 03 01:20:22 GMT 2024","passed","Sun Nov 03 01:20:22 GMT 2024","","HOL","HOL",""
"","2","LTE.07","","Sun Nov 03 00:55:06 GMT 2024","passed","Sun Nov 03 00:55:06 GMT 2024","","STD","STD",""
"","4000","quick.c1_grounded_basic","","Sun Nov 03 00:37:15 GMT 2024","passed","Sun Nov 03 00:37:19 GMT 2024","","WHOLE-TESTS","WHOLE-TESTS",""
"","1","XOR-TEST.10","","Sun Nov 03 00:38:57 GMT 2024","passed","Sun Nov 03 00:38:57 GMT 2024","","HYPERON-METTALOG-SANITY","HYPERON-METTALOG-SANITY",""
"","924","BC-IMPL.01","","Sun Nov 03 01:50:35 GMT 2024","passed","Sun Nov 03 01:50:35 GMT 2024","","WALK-THRU","WALK-THRU",""
"","6","TYPES-PRELIM.04","","Sun Nov 03 00:52:07 GMT 2024","passed","Sun Nov 03 00:52:07 GMT 2024","","CHAINING","CHAINING",""
"","2","INTERSECTION-TESTS.16","","Sun Nov 03 00:38:57 GMT 2024","passed","Sun Nov 03 00:38:57 GMT 2024","","HYPERON-METTALOG-SANITY","HYPERON-METTALOG-SANITY",""
"","65","D2-HIGHERFUNC.07","","Sun Nov 03 01:13:31 GMT 2024","failed","Sun Nov 03 01:13:31 GMT 2024","","CHECK-TYPES","CHECK-TYPES",""
"","3","FORWARD-CHAINER-XP.30","","Sun Nov 03 01:20:07 GMT 2024","passed","Sun Nov 03 01:20:07 GMT 2024","","FORWARD-CHAINER","FORWARD-CHAINER",""
"","2","INF-ORDER-PROBS.11","","Sun Nov 03 01:05:14 GMT 2024","passed","Sun Nov 03 01:05:14 GMT 2024","","PROB-DEP-TYPES","PROB-DEP-TYPES",""
"","2","INF-CTL-MONTH-BC-CONT-XP.24","","Sun Nov 03 01:21:32 GMT 2024","passed","Sun Nov 03 01:21:32 GMT 2024","","INFERENCE-CONTROL","INFERENCE-CONTROL",""
"","45000","language_models.weighted_pllm","","Sun Nov 03 00:37:15 GMT 2024","failed","Sun Nov 03 00:38:00 GMT 2024","","WHOLE-TESTS","WHOLE-TESTS",""
"","4","TESTS0.04","","Sun Nov 03 01:45:13 GMT 2024","passed","Sun Nov 03 01:45:13 GMT 2024","","PREV","PREV",""
"","2","ADD-REMOVE-MATCH-SYMBOLS.16","","Sun Nov 03 00:54:23 GMT 2024","passed","Sun Nov 03 00:54:23 GMT 2024","","SPACES","SPACES",""
"","3","FC-XP.19","","Sun Nov 03 01:20:16 GMT 2024","passed","Sun Nov 03 01:20:16 GMT 2024","","FORWARD-CHAINING","FORWARD-CHAINING",""
"","3","RUN-MINNARS.01","","Sun Nov 03 01:36:09 GMT 2024","passed","Sun Nov 03 01:36:09 GMT 2024","","NARS-EXTRAS","NARS-EXTRAS",""
"","1149","RED-BLACK.01","","Sun Nov 03 01:08:49 GMT 2024","passed","Sun Nov 03 01:08:50 GMT 2024","","RED-BLACK-LAMBDA","RED-BLACK-LAMBDA",""
"","2","D4-TYPE-PROP.18","","Sun Nov 03 01:13:31 GMT 2024","passed","Sun Nov 03 01:13:31 GMT 2024","","CHECK-TYPES","CHECK-TYPES",""
"","3","TYPE-PROP.77","","Sun Nov 03 01:13:11 GMT 2024","passed","Sun Nov 03 01:13:11 GMT 2024","","CHECK-TYPES-TEMP","CHECK-TYPES-TEMP",""
"","2","F1-IMPORTS.13","","Sun Nov 03 00:37:10 GMT 2024","passed","Sun Nov 03 00:37:10 GMT 2024","","MODULE-SYSTEM","MODULE-SYSTEM",""
"","2","00-LANG-CASE.02","","Sun Nov 03 00:38:57 GMT 2024","passed","Sun Nov 03 00:38:57 GMT 2024","","HYPERON-METTALOG-SANITY","HYPERON-METTALOG-SANITY",""
"","57","IOIOIOI-USING-EQUALITY.02","","Sun Nov 03 01:56:50 GMT 2024","failed","Sun Nov 03 01:56:50 GMT 2024","","MULTIDIRECTIONAL","MULTIDIRECTIONAL",""
"","59","STDLIB-METTALOG-TEST-PT2.06","","Sun Nov 03 00:56:29 GMT 2024","failed","Sun Nov 03 00:56:29 GMT 2024","","STDLIB-METTALOG","STDLIB-METTALOG",""
"","2","D2-HIGHERFUNC.05","","Sun Nov 03 00:47:10 GMT 2024","passed","Sun Nov 03 00:47:10 GMT 2024","","QUICK","QUICK",""
"","2","D4-TYPE-PROP.19","","Sun Nov 03 00:47:10 GMT 2024","passed","Sun Nov 03 00:47:10 GMT 2024","","QUICK","QUICK",""
"","2","BACKWARD-CHAINER-XP.10","","Sun Nov 03 01:17:21 GMT 2024","passed","Sun Nov 03 01:17:21 GMT 2024","","BACKWARD-CHAINER","BACKWARD-CHAINER",""
"","3","FC-XP.07","","Sun Nov 03 01:20:16 GMT 2024","passed","Sun Nov 03 01:20:16 GMT 2024","","FORWARD-CHAINING","FORWARD-CHAINING",""
"","11","C3-PLN-STV.05","","Sun Nov 03 00:37:20 GMT 2024","passed","Sun Nov 03 00:37:20 GMT 2024","","HYPERON-EXPERIMENTAL-SCRIPTS","HYPERON-EXPERIMENTAL-SCRIPTS",""
"","3","D4-TYPE-PROP.04","","Sun Nov 03 00:47:10 GMT 2024","passed","Sun Nov 03 00:47:10 GMT 2024","","QUICK","QUICK",""
"","216","SYNTHESIZE-VIA-UNIFY-TEST.03","","Sun Nov 03 01:28:09 GMT 2024","failed","Sun Nov 03 01:28:09 GMT 2024","","EXPERIMENTS","EXPERIMENTS",""
"","12","D4-TYPE-PROP.03","","Sun Nov 03 00:47:10 GMT 2024","passed","Sun Nov 03 00:47:10 GMT 2024","","QUICK","QUICK",""
"","122","INTERPRETER.01","","Sun Nov 03 01:08:56 GMT 2024","failed","Sun Nov 03 01:08:56 GMT 2024","","STACK-BASED","STACK-BASED",""
"","5000","forward-chaining.fc-xp","","Sun Nov 03 00:37:15 GMT 2024","passed","Sun Nov 03 00:37:20 GMT 2024","","WHOLE-TESTS","WHOLE-TESTS",""
"","2","TYPES-PRELIM.20","","Sun Nov 03 00:52:07 GMT 2024","passed","Sun Nov 03 00:52:07 GMT 2024","","CHAINING","CHAINING",""
"","3","HYPERPOSING.01","","Sun Nov 03 01:59:10 GMT 2024","passed","Sun Nov 03 01:59:10 GMT 2024","","BASIC","BASIC",""
"","2141","TESTS2.09","","Sun Nov 03 00:47:37 GMT 2024","failed","Sun Nov 03 00:47:39 GMT 2024","","MAIN-BRANCH","MAIN-BRANCH",""
"","1","ADD-REMOVE-MATCH-SYMBOLS.12","","Sun Nov 03 00:54:23 GMT 2024","passed","Sun Nov 03 00:54:23 GMT 2024","","SPACES","SPACES",""
"","2","BC-COMP.03","","Sun Nov 03 01:50:35 GMT 2024","passed","Sun Nov 03 01:50:35 GMT 2024","","WALK-THRU","WALK-THRU",""
"","2","SUPERPOSE-NESTED.04","","Sun Nov 03 00:42:53 GMT 2024","passed","Sun Nov 03 00:42:53 GMT 2024","","METTA-MORPH-TESTS","METTA-MORPH-TESTS",""
"","5","EVIDENTIALTRUTHVALUETEST.04","","Sun Nov 03 01:18:04 GMT 2024","passed","Sun Nov 03 01:18:04 GMT 2024","","TRUTHVALUE","TRUTHVALUE",""
"","5000","fizzbuzz.simple","","Sun Nov 03 00:37:15 GMT 2024","passed","Sun Nov 03 00:37:20 GMT 2024","","WHOLE-TESTS","WHOLE-TESTS",""
"","4","CHAPTER-2-4.01","","Sun Nov 03 00:56:39 GMT 2024","passed","Sun Nov 03 00:56:39 GMT 2024","","SICP-BOOK","SICP-BOOK",""
"","5000","basic.hyperposing","","Sun Nov 03 00:37:15 GMT 2024","passed","Sun Nov 03 00:37:20 GMT 2024","","WHOLE-TESTS","WHOLE-TESTS",""
"","5000","entail.ImplicationDirectIntroductionEntailTest","","Sun Nov 03 00:37:15 GMT 2024","passed","Sun Nov 03 00:37:20 GMT 2024","","WHOLE-TESTS","WHOLE-TESTS",""
"","2","STRING-TESTS.13","","Sun Nov 03 00:38:57 GMT 2024","passed","Sun Nov 03 00:38:57 GMT 2024","","HYPERON-METTALOG-SANITY","HYPERON-METTALOG-SANITY",""
"","2","ADD-REMOVE-MATCH-INTEGER.34","","Sun Nov 03 00:54:23 GMT 2024","passed","Sun Nov 03 00:54:23 GMT 2024","","SPACES","SPACES",""
"","142","TESTS0.05","","Sun Nov 03 00:47:37 GMT 2024","passed","Sun Nov 03 00:47:37 GMT 2024","","MAIN-BRANCH","MAIN-BRANCH",""
"","2","TYPE-PROP.09","","Sun Nov 03 01:13:11 GMT 2024","passed","Sun Nov 03 01:13:11 GMT 2024","","CHECK-TYPES-TEMP","CHECK-TYPES-TEMP",""
"","281","SYNTHESIZE-VIA-CASE-TEST.09","","Sun Nov 03 01:28:09 GMT 2024","failed","Sun Nov 03 01:28:09 GMT 2024","","EXPERIMENTS","EXPERIMENTS",""
"","59","B5-TYPES-PRELIM.02","","Sun Nov 03 00:37:20 GMT 2024","failed","Sun Nov 03 00:37:20 GMT 2024","","HYPERON-EXPERIMENTAL-SCRIPTS","HYPERON-EXPERIMENTAL-SCRIPTS",""
"","2","C1-GROUNDED-BASIC.12","","Sun Nov 03 00:37:20 GMT 2024","passed","Sun Nov 03 00:37:20 GMT 2024","","HYPERON-EXPERIMENTAL-SCRIPTS","HYPERON-EXPERIMENTAL-SCRIPTS",""
"","5000","check_types.d2_higherfunc","","Sun Nov 03 00:37:15 GMT 2024","passed","Sun Nov 03 00:37:20 GMT 2024","","WHOLE-TESTS","WHOLE-TESTS",""
"","40000","basic.fibo-as-pred","","Sun Nov 03 00:37:15 GMT 2024","failed","Sun Nov 03 00:37:55 GMT 2024","","WHOLE-TESTS","WHOLE-TESTS",""
"","1","D4-TYPE-PROP.06","","Sun Nov 03 00:37:20 GMT 2024","passed","Sun Nov 03 00:37:20 GMT 2024","","HYPERON-EXPERIMENTAL-SCRIPTS","HYPERON-EXPERIMENTAL-SCRIPTS",""
"","2","B5-TYPES-PRELIM.09","","Sun Nov 03 00:37:20 GMT 2024","passed","Sun Nov 03 00:37:20 GMT 2024","","HYPERON-EXPERIMENTAL-SCRIPTS","HYPERON-EXPERIMENTAL-SCRIPTS",""
"","1","PREREQS.06","","Sun Nov 03 00:47:37 GMT 2024","passed","Sun Nov 03 00:47:37 GMT 2024","","MAIN-BRANCH","MAIN-BRANCH",""
"","292","BASIC.06","","Sun Nov 03 01:10:27 GMT 2024","passed","Sun Nov 03 01:10:27 GMT 2024","","TRAVERSER","TRAVERSER",""
"","2","ADD-REMOVE-MATCH-MIX-FLOAT-INTEGER.09","","Sun Nov 03 00:54:23 GMT 2024","passed","Sun Nov 03 00:54:23 GMT 2024","","SPACES","SPACES",""
"","3","FORWARD-CHAINER-XP.27","","Sun Nov 03 01:20:07 GMT 2024","passed","Sun Nov 03 01:20:07 GMT 2024","","FORWARD-CHAINER","FORWARD-CHAINER",""
"","4000","hyperon-experimental_scripts.e2_states","","Sun Nov 03 00:37:15 GMT 2024","passed","Sun Nov 03 00:37:19 GMT 2024","","WHOLE-TESTS","WHOLE-TESTS",""
"","2","TYPES-PRELIM.15","","Sun Nov 03 00:52:07 GMT 2024","passed","Sun Nov 03 00:52:07 GMT 2024","","CHAINING","CHAINING",""
"","128","SYNTHESIZE-VIA-UNIFY-TEST.11","","Sun Nov 03 01:28:09 GMT 2024","failed","Sun Nov 03 01:28:09 GMT 2024","","EXPERIMENTS","EXPERIMENTS",""
"","41000","comparisons.fibo_arg1c","","Sun Nov 03 00:37:15 GMT 2024","failed","Sun Nov 03 00:37:56 GMT 2024","","WHOLE-TESTS","WHOLE-TESTS",""
"","2","STRING-TESTS.12","","Sun Nov 03 00:38:57 GMT 2024","passed","Sun Nov 03 00:38:57 GMT 2024","","HYPERON-METTALOG-SANITY","HYPERON-METTALOG-SANITY",""
"","1683","SELF-CONTAINED-SYNTHESIZE.12","","Sun Nov 03 01:28:09 GMT 2024","failed","Sun Nov 03 01:28:10 GMT 2024","","EXPERIMENTS","EXPERIMENTS",""
"","2","D2-HIGHERFUNC.02","","Sun Nov 03 00:37:20 GMT 2024","passed","Sun Nov 03 00:37:20 GMT 2024","","HYPERON-EXPERIMENTAL-SCRIPTS","HYPERON-EXPERIMENTAL-SCRIPTS",""
"","1","ADD-REMOVE-MATCH-S-SYMBOLS.10","","Sun Nov 03 00:54:23 GMT 2024","passed","Sun Nov 03 00:54:23 GMT 2024","","SPACES","SPACES",""
"","2","TESTS0.02","","Sun Nov 03 00:42:53 GMT 2024","passed","Sun Nov 03 00:42:53 GMT 2024","","METTA-MORPH-TESTS","METTA-MORPH-TESTS",""
"","4000","hyperon-experimental_scripts.d5_auto_types","","Sun Nov 03 00:37:15 GMT 2024","passed","Sun Nov 03 00:37:19 GMT 2024","","WHOLE-TESTS","WHOLE-TESTS",""
"","2","F1-MODULEA.01","","Sun Nov 03 00:37:20 GMT 2024","passed","Sun Nov 03 00:37:20 GMT 2024","","HYPERON-EXPERIMENTAL-SCRIPTS","HYPERON-EXPERIMENTAL-SCRIPTS",""
"","3","00-LANG-CASE.05","","Sun Nov 03 00:38:57 GMT 2024","passed","Sun Nov 03 00:38:57 GMT 2024","","HYPERON-METTALOG-SANITY","HYPERON-METTALOG-SANITY",""
"","58","SPACE-INTERSECTION-TESTS.12","","Sun Nov 03 00:38:57 GMT 2024","failed","Sun Nov 03 00:38:57 GMT 2024","","HYPERON-METTALOG-SANITY","HYPERON-METTALOG-SANITY",""
"","3","ADD-REMOVE-MATCH-S-SYMBOLS.05","","Sun Nov 03 00:54:23 GMT 2024","passed","Sun Nov 03 00:54:23 GMT 2024","","SPACES","SPACES",""
"","3","HYPERON-EXPERIMENTAL-ISSUE-516-REDDUCED.01","","Sun Nov 03 01:53:53 GMT 2024","passed","Sun Nov 03 01:53:53 GMT 2024","","DEBUGGING","DEBUGGING",""
"","2","F1-MODULEA.02","","Sun Nov 03 00:47:10 GMT 2024","passed","Sun Nov 03 00:47:10 GMT 2024","","QUICK","QUICK",""
"","2","D4-TYPE-PROP.23","","Sun Nov 03 01:13:31 GMT 2024","passed","Sun Nov 03 01:13:31 GMT 2024","","CHECK-TYPES","CHECK-TYPES",""
"","709","GENE-QUERY.01","","Sun Nov 03 01:13:04 GMT 2024","passed","Sun Nov 03 01:13:04 GMT 2024","","QUERY","QUERY",""
"","2","BACKWARD-CHAINER-XP.37","","Sun Nov 03 01:17:21 GMT 2024","passed","Sun Nov 03 01:17:21 GMT 2024","","BACKWARD-CHAINER","BACKWARD-CHAINER",""
"","51","TYPE-PROP.80","","Sun Nov 03 01:13:11 GMT 2024","failed","Sun Nov 03 01:13:11 GMT 2024","","CHECK-TYPES-TEMP","CHECK-TYPES-TEMP",""
"","2","APPEND.04","","Sun Nov 03 01:56:50 GMT 2024","passed","Sun Nov 03 01:56:50 GMT 2024","","MULTIDIRECTIONAL","MULTIDIRECTIONAL",""
"","2","SUBTRACTION-TEST.05","","Sun Nov 03 00:38:57 GMT 2024","passed","Sun Nov 03 00:38:57 GMT 2024","","HYPERON-METTALOG-SANITY","HYPERON-METTALOG-SANITY",""
"","70","STDLIB-METTALOG-TEST-PT2.43","","Sun Nov 03 00:56:29 GMT 2024","failed","Sun Nov 03 00:56:29 GMT 2024","","STDLIB-METTALOG","STDLIB-METTALOG",""
"","4000","loop-checks.06_loop_1","","Sun Nov 03 00:37:15 GMT 2024","passed","Sun Nov 03 00:37:19 GMT 2024","","WHOLE-TESTS","WHOLE-TESTS",""
"","2","CHAPTER-1-1.11","","Sun Nov 03 00:56:39 GMT 2024","passed","Sun Nov 03 00:56:39 GMT 2024","","SICP-BOOK","SICP-BOOK",""
"","2","STDLIB-METTALOG-TEST-PT2.27","","Sun Nov 03 00:56:29 GMT 2024","passed","Sun Nov 03 00:56:29 GMT 2024","","STDLIB-METTALOG","STDLIB-METTALOG",""
"","4000","hyperon-experimental_scripts.b0_chaining_prelim","","Sun Nov 03 00:37:15 GMT 2024","passed","Sun Nov 03 00:37:19 GMT 2024","","WHOLE-TESTS","WHOLE-TESTS",""
"","2","HYPERPOSING.04","","Sun Nov 03 01:59:10 GMT 2024","passed","Sun Nov 03 01:59:10 GMT 2024","","BASIC","BASIC",""
"","2","INF-CTL-MONTH-BC-CONT-XP.13","","Sun Nov 03 01:21:32 GMT 2024","passed","Sun Nov 03 01:21:32 GMT 2024","","INFERENCE-CONTROL","INFERENCE-CONTROL",""
"","3","METTALOGTESTCURRIED2.04","","Sun Nov 03 00:44:59 GMT 2024","passed","Sun Nov 03 00:44:59 GMT 2024","","ANTI-REGRESSION","ANTI-REGRESSION",""
"","1","AI-SERVICE-COMPOSITION-EASY.03","","Sun Nov 03 01:10:39 GMT 2024","passed","Sun Nov 03 01:10:39 GMT 2024","","AI-SERVICE","AI-SERVICE",""
"","5000","hyperon-mettalog_sanity.subtraction_test","","Sun Nov 03 00:37:15 GMT 2024","passed","Sun Nov 03 00:37:20 GMT 2024","","WHOLE-TESTS","WHOLE-TESTS",""
"","2","D4-TYPE-PROP.22","","Sun Nov 03 01:13:31 GMT 2024","passed","Sun Nov 03 01:13:31 GMT 2024","","CHECK-TYPES","CHECK-TYPES",""
"","2","FORWARD-CHAINER-XP.11","","Sun Nov 03 01:20:07 GMT 2024","passed","Sun Nov 03 01:20:07 GMT 2024","","FORWARD-CHAINER","FORWARD-CHAINER",""
"","2","F1-MODULEA.07","","Sun Nov 03 00:37:10 GMT 2024","passed","Sun Nov 03 00:37:10 GMT 2024","","MODULE-SYSTEM","MODULE-SYSTEM",""
"","2","UNIQUE-TEST.01","","Sun Nov 03 00:38:57 GMT 2024","passed","Sun Nov 03 00:38:57 GMT 2024","","HYPERON-METTALOG-SANITY","HYPERON-METTALOG-SANITY",""
"","46000","nars_v0.tests1","","Sun Nov 03 00:37:15 GMT 2024","failed","Sun Nov 03 00:38:01 GMT 2024","","WHOLE-TESTS","WHOLE-TESTS",""
"","3","CHAPTER-1-1.16","","Sun Nov 03 00:56:39 GMT 2024","passed","Sun Nov 03 00:56:39 GMT 2024","","SICP-BOOK","SICP-BOOK",""
"","2","INTERSECTION-TESTS.08","","Sun Nov 03 00:38:57 GMT 2024","passed","Sun Nov 03 00:38:57 GMT 2024","","HYPERON-METTALOG-SANITY","HYPERON-METTALOG-SANITY",""
"","9","TEST-INFER-FUNCTION-APPLICATION-TYPE.04","","Sun Nov 03 01:59:10 GMT 2024","failed","Sun Nov 03 01:59:10 GMT 2024","","BASIC","BASIC",""
"","232","BACKWARD-CHAIN.01","","Sun Nov 03 00:52:07 GMT 2024","failed","Sun Nov 03 00:52:07 GMT 2024","","CHAINING","CHAINING",""
"","1","TYPES-PRELIM.19","","Sun Nov 03 00:52:07 GMT 2024","passed","Sun Nov 03 00:52:07 GMT 2024","","CHAINING","CHAINING",""
"","2","BC-XP.05","","Sun Nov 03 01:17:27 GMT 2024","passed","Sun Nov 03 01:17:27 GMT 2024","","BACKWARD-CHAINING","BACKWARD-CHAINING",""
"","2","IBC-XP.25","","Sun Nov 03 01:23:34 GMT 2024","passed","Sun Nov 03 01:23:34 GMT 2024","","ITERATIVE-CHAINING","ITERATIVE-CHAINING",""
"","159","STDLIB-METTALOG-TEST-PT2.20","","Sun Nov 03 00:56:29 GMT 2024","failed","Sun Nov 03 00:56:29 GMT 2024","","STDLIB-METTALOG","STDLIB-METTALOG",""
"","4","OR-TEST.14","","Sun Nov 03 00:38:57 GMT 2024","passed","Sun Nov 03 00:38:57 GMT 2024","","HYPERON-METTALOG-SANITY","HYPERON-METTALOG-SANITY",""
"","5000","basic.test_infer_function_application_type","","Sun Nov 03 00:37:15 GMT 2024","passed","Sun Nov 03 00:37:20 GMT 2024","","WHOLE-TESTS","WHOLE-TESTS",""
"","3","IS-SPACE.01","","Sun Nov 03 00:38:57 GMT 2024","passed","Sun Nov 03 00:38:57 GMT 2024","","HYPERON-METTALOG-SANITY","HYPERON-METTALOG-SANITY",""
"","2","TESTS4.01","","Sun Nov 03 00:47:37 GMT 2024","passed","Sun Nov 03 00:47:37 GMT 2024","","MAIN-BRANCH","MAIN-BRANCH",""
"","2","XOR-TEST.02","","Sun Nov 03 00:38:57 GMT 2024","passed","Sun Nov 03 00:38:57 GMT 2024","","HYPERON-METTALOG-SANITY","HYPERON-METTALOG-SANITY",""
"","7","C3-PLN-STV.02","","Sun Nov 03 00:37:20 GMT 2024","passed","Sun Nov 03 00:37:20 GMT 2024","","HYPERON-EXPERIMENTAL-SCRIPTS","HYPERON-EXPERIMENTAL-SCRIPTS",""
"","40000","stack-based.rewrites","","Sun Nov 03 00:37:15 GMT 2024","failed","Sun Nov 03 00:37:55 GMT 2024","","WHOLE-TESTS","WHOLE-TESTS",""
"","2","ADD-REMOVE-MATCH-SYMBOLS.06","","Sun Nov 03 00:54:23 GMT 2024","passed","Sun Nov 03 00:54:23 GMT 2024","","SPACES","SPACES",""
"","2","UNIFY-VIA-LET.05","","Sun Nov 03 01:28:09 GMT 2024","passed","Sun Nov 03 01:28:09 GMT 2024","","EXPERIMENTS","EXPERIMENTS",""
"","3","EVIDENTIALTRUTHVALUETEST.01","","Sun Nov 03 01:18:04 GMT 2024","passed","Sun Nov 03 01:18:04 GMT 2024","","TRUTHVALUE","TRUTHVALUE",""
"","2","ADD-REMOVE-MATCH-STRINGS.12","","Sun Nov 03 00:54:23 GMT 2024","passed","Sun Nov 03 00:54:23 GMT 2024","","SPACES","SPACES",""
"","86","IMPL-METTALOGTESTCURRIED.07","","Sun Nov 03 01:50:35 GMT 2024","passed","Sun Nov 03 01:50:35 GMT 2024","","WALK-THRU","WALK-THRU",""
"","2","NATPARITYTEST.05","","Sun Nov 03 01:20:22 GMT 2024","passed","Sun Nov 03 01:20:22 GMT 2024","","HOL","HOL",""
"","3","D3-DEPTYPES.05","","Sun Nov 03 00:37:20 GMT 2024","passed","Sun Nov 03 00:37:20 GMT 2024","","HYPERON-EXPERIMENTAL-SCRIPTS","HYPERON-EXPERIMENTAL-SCRIPTS",""
"","2","PREREQS.05","","Sun Nov 03 00:47:37 GMT 2024","passed","Sun Nov 03 00:47:37 GMT 2024","","MAIN-BRANCH","MAIN-BRANCH",""
"","2","TYPES-PRELIM.03","","Sun Nov 03 00:52:07 GMT 2024","passed","Sun Nov 03 00:52:07 GMT 2024","","CHAINING","CHAINING",""
"","4","C1-GROUNDED-BASIC.01","","Sun Nov 03 01:13:11 GMT 2024","passed","Sun Nov 03 01:13:11 GMT 2024","","CHECK-TYPES-TEMP","CHECK-TYPES-TEMP",""
"","96","ADD-ATOM-MATCH.01","","Sun Nov 03 01:49:09 GMT 2024","failed","Sun Nov 03 01:49:09 GMT 2024","","DIRECT-COMP","DIRECT-COMP",""
"","2","DEBUG-METTALOGTESTCURRIED.04","","Sun Nov 03 01:50:35 GMT 2024","passed","Sun Nov 03 01:50:35 GMT 2024","","WALK-THRU","WALK-THRU",""
"","3","BACKWARD-CHAINER-XP.44","","Sun Nov 03 01:17:21 GMT 2024","passed","Sun Nov 03 01:17:21 GMT 2024","","BACKWARD-CHAINER","BACKWARD-CHAINER",""
"","115","CREATION.02","","Sun Nov 03 01:10:27 GMT 2024","failed","Sun Nov 03 01:10:27 GMT 2024","","TRAVERSER","TRAVERSER",""
"","5","ADD-REMOVE-MATCH-INTEGER.30","","Sun Nov 03 00:54:23 GMT 2024","passed","Sun Nov 03 00:54:23 GMT 2024","","SPACES","SPACES",""
"","2","F1-IMPORTS.15","","Sun Nov 03 00:37:20 GMT 2024","passed","Sun Nov 03 00:37:20 GMT 2024","","HYPERON-EXPERIMENTAL-SCRIPTS","HYPERON-EXPERIMENTAL-SCRIPTS",""
"","1","HYPERPOSING-SHARED.04","","Sun Nov 03 01:59:10 GMT 2024","passed","Sun Nov 03 01:59:10 GMT 2024","","BASIC","BASIC",""
"","1189","RED-BLACK.03","","Sun Nov 03 01:08:49 GMT 2024","passed","Sun Nov 03 01:08:50 GMT 2024","","RED-BLACK-LAMBDA","RED-BLACK-LAMBDA",""
"","121","B4-NONDETERM.10","","Sun Nov 03 00:37:20 GMT 2024","passed","Sun Nov 03 00:37:20 GMT 2024","","HYPERON-EXPERIMENTAL-SCRIPTS","HYPERON-EXPERIMENTAL-SCRIPTS",""
"","41000","SICP_book.chapter_1_3","","Sun Nov 03 00:37:15 GMT 2024","failed","Sun Nov 03 00:37:56 GMT 2024","","WHOLE-TESTS","WHOLE-TESTS",""
"","1","ADD-REMOVE-MATCH-MIX-FLOAT-INTEGER.15","","Sun Nov 03 00:54:23 GMT 2024","passed","Sun Nov 03 00:54:23 GMT 2024","","SPACES","SPACES",""
"","2","D2-HIGHERFUNC.14","","Sun Nov 03 00:47:10 GMT 2024","passed","Sun Nov 03 00:47:10 GMT 2024","","QUICK","QUICK",""
"","2","AI-SERVICE-COMPOSITION-EASY.04","","Sun Nov 03 01:10:39 GMT 2024","passed","Sun Nov 03 01:10:39 GMT 2024","","AI-SERVICE","AI-SERVICE",""
"","99","C1-GROUNDED-BASIC.14","","Sun Nov 03 00:37:20 GMT 2024","failed","Sun Nov 03 00:37:20 GMT 2024","","HYPERON-EXPERIMENTAL-SCRIPTS","HYPERON-EXPERIMENTAL-SCRIPTS",""
"","2","F1-IMPORTS.16","","Sun Nov 03 00:47:10 GMT 2024","passed","Sun Nov 03 00:47:10 GMT 2024","","QUICK","QUICK",""
"","4","INF-ORDER-PROBS.05","","Sun Nov 03 01:05:14 GMT 2024","passed","Sun Nov 03 01:05:14 GMT 2024","","PROB-DEP-TYPES","PROB-DEP-TYPES",""
"","13","STDLIB-METTALOG-TEST-PT2.35","","Sun Nov 03 00:56:29 GMT 2024","passed","Sun Nov 03 00:56:29 GMT 2024","","STDLIB-METTALOG","STDLIB-METTALOG",""
"","1","E2-STATES.09","","Sun Nov 03 00:37:20 GMT 2024","passed","Sun Nov 03 00:37:20 GMT 2024","","HYPERON-EXPERIMENTAL-SCRIPTS","HYPERON-EXPERIMENTAL-SCRIPTS",""
"","59","STDLIB-METTALOG-TEST-PT2.25","","Sun Nov 03 00:56:29 GMT 2024","failed","Sun Nov 03 00:56:29 GMT 2024","","STDLIB-METTALOG","STDLIB-METTALOG",""
"","40000","loop-checks.06_loop_2","","Sun Nov 03 00:37:15 GMT 2024","failed","Sun Nov 03 00:37:55 GMT 2024","","WHOLE-TESTS","WHOLE-TESTS",""
"","2","SPACE-INTERSECTION-TESTS.05","","Sun Nov 03 00:38:57 GMT 2024","passed","Sun Nov 03 00:38:57 GMT 2024","","HYPERON-METTALOG-SANITY","HYPERON-METTALOG-SANITY",""
"","2","OR-TEST.10","","Sun Nov 03 00:38:57 GMT 2024","passed","Sun Nov 03 00:38:57 GMT 2024","","HYPERON-METTALOG-SANITY","HYPERON-METTALOG-SANITY",""
"","5000","walk_thru.tmpMatch1","","Sun Nov 03 00:37:15 GMT 2024","passed","Sun Nov 03 00:37:20 GMT 2024","","WHOLE-TESTS","WHOLE-TESTS",""
"","268","BASIC.02","","Sun Nov 03 01:10:27 GMT 2024","passed","Sun Nov 03 01:10:27 GMT 2024","","TRAVERSER","TRAVERSER",""
"","2","TYPES2.04","","Sun Nov 03 00:42:53 GMT 2024","passed","Sun Nov 03 00:42:53 GMT 2024","","METTA-MORPH-TESTS","METTA-MORPH-TESTS",""
"","508","TESTS0.02","","Sun Nov 03 00:47:37 GMT 2024","failed","Sun Nov 03 00:47:37 GMT 2024","","MAIN-BRANCH","MAIN-BRANCH",""
"","3","INTERSECTION-TESTS.30","","Sun Nov 03 00:38:57 GMT 2024","passed","Sun Nov 03 00:38:57 GMT 2024","","HYPERON-METTALOG-SANITY","HYPERON-METTALOG-SANITY",""
"","49","FORWARD-CHAINER-TEST.01","","Sun Nov 03 01:20:07 GMT 2024","failed","Sun Nov 03 01:20:07 GMT 2024","","FORWARD-CHAINER","FORWARD-CHAINER",""
"","2","00A-LANG-COMPILED-CASE.02","","Sun Nov 03 01:49:09 GMT 2024","passed","Sun Nov 03 01:49:09 GMT 2024","","DIRECT-COMP","DIRECT-COMP",""
"","115","TYPE-PROP.76","","Sun Nov 03 01:13:11 GMT 2024","failed","Sun Nov 03 01:13:11 GMT 2024","","CHECK-TYPES-TEMP","CHECK-TYPES-TEMP",""
"","2","FORWARD-CHAINER-TEST.04","","Sun Nov 03 01:20:07 GMT 2024","passed","Sun Nov 03 01:20:07 GMT 2024","","FORWARD-CHAINER","FORWARD-CHAINER",""
"","2","NATPARITYTEST.12","","Sun Nov 03 01:20:22 GMT 2024","passed","Sun Nov 03 01:20:22 GMT 2024","","HOL","HOL",""
"","69","NONDETERM.02","","Sun Nov 03 00:55:06 GMT 2024","passed","Sun Nov 03 00:55:06 GMT 2024","","STD","STD",""
"","3","FIRST-ANSWER.01","","Sun Nov 03 00:38:57 GMT 2024","passed","Sun Nov 03 00:38:57 GMT 2024","","HYPERON-METTALOG-SANITY","HYPERON-METTALOG-SANITY",""
"","2","BC-XP.16","","Sun Nov 03 01:17:27 GMT 2024","passed","Sun Nov 03 01:17:27 GMT 2024","","BACKWARD-CHAINING","BACKWARD-CHAINING",""
"","2","MAYBETEST.02","","Sun Nov 03 01:17:36 GMT 2024","passed","Sun Nov 03 01:17:36 GMT 2024","","COMMON","COMMON",""
"","2","C2-SPACES.05","","Sun Nov 03 00:37:20 GMT 2024","passed","Sun Nov 03 00:37:20 GMT 2024","","HYPERON-EXPERIMENTAL-SCRIPTS","HYPERON-EXPERIMENTAL-SCRIPTS",""
"","3","BACKWARD-CHAIN.02","","Sun Nov 03 00:52:07 GMT 2024","passed","Sun Nov 03 00:52:07 GMT 2024","","CHAINING","CHAINING",""
"","6","TRUTHVALUETEST.01","","Sun Nov 03 01:18:04 GMT 2024","passed","Sun Nov 03 01:18:04 GMT 2024","","TRUTHVALUE","TRUTHVALUE",""
"","2","INF-CTL-MONTH-BC-CONT-XP.05","","Sun Nov 03 01:21:32 GMT 2024","passed","Sun Nov 03 01:21:32 GMT 2024","","INFERENCE-CONTROL","INFERENCE-CONTROL",""
"","28000","language_models.training_bi","","Sun Nov 03 00:37:15 GMT 2024","passed","Sun Nov 03 00:37:43 GMT 2024","","WHOLE-TESTS","WHOLE-TESTS",""
"","3","LTE.01","","Sun Nov 03 00:55:06 GMT 2024","passed","Sun Nov 03 00:55:06 GMT 2024","","STD","STD",""
"","5","NUMTEST.03","","Sun Nov 03 01:17:36 GMT 2024","passed","Sun Nov 03 01:17:36 GMT 2024","","COMMON","COMMON",""
"","2","BASE-TEST-REPR-PARSE-INTERSECTION.03","","Sun Nov 03 00:38:57 GMT 2024","passed","Sun Nov 03 00:38:57 GMT 2024","","HYPERON-METTALOG-SANITY","HYPERON-METTALOG-SANITY",""
"","2","E2-STATES.04","","Sun Nov 03 00:37:20 GMT 2024","passed","Sun Nov 03 00:37:20 GMT 2024","","HYPERON-EXPERIMENTAL-SCRIPTS","HYPERON-EXPERIMENTAL-SCRIPTS",""
"","3","COMMA-IS-NOT-SPECIAL.01","","Sun Nov 03 00:44:59 GMT 2024","passed","Sun Nov 03 00:44:59 GMT 2024","","ANTI-REGRESSION","ANTI-REGRESSION",""
"","3","IMPLICATIONDIRECTINTRODUCTIONENTAILTEST.05","","Sun Nov 03 01:19:47 GMT 2024","passed","Sun Nov 03 01:19:47 GMT 2024","","ENTAIL","ENTAIL",""
"","2","INF-CTL-MONTH-BC-CONT-XP.17","","Sun Nov 03 01:21:32 GMT 2024","passed","Sun Nov 03 01:21:32 GMT 2024","","INFERENCE-CONTROL","INFERENCE-CONTROL",""
"","1","ADD-REMOVE-MATCH-SS-STRINGS.02","","Sun Nov 03 00:54:23 GMT 2024","passed","Sun Nov 03 00:54:23 GMT 2024","","SPACES","SPACES",""
"","5000","std.get-atoms-test","","Sun Nov 03 00:37:15 GMT 2024","passed","Sun Nov 03 00:37:20 GMT 2024","","WHOLE-TESTS","WHOLE-TESTS",""
"","79","UNIFY-VIA-CASE.04","","Sun Nov 03 01:28:09 GMT 2024","failed","Sun Nov 03 01:28:09 GMT 2024","","EXPERIMENTS","EXPERIMENTS",""
"","2","TEST-IF-CLOSED.08","","Sun Nov 03 01:50:35 GMT 2024","passed","Sun Nov 03 01:50:35 GMT 2024","","WALK-THRU","WALK-THRU",""
"","5000","strips-to-metta-flat.queries_flat","","Sun Nov 03 00:37:15 GMT 2024","passed","Sun Nov 03 00:37:20 GMT 2024","","WHOLE-TESTS","WHOLE-TESTS",""
"","5000","spaces.add-remove-match-symbols","","Sun Nov 03 00:37:15 GMT 2024","passed","Sun Nov 03 00:37:20 GMT 2024","","WHOLE-TESTS","WHOLE-TESTS",""
"","2","BASIC.11","","Sun Nov 03 01:10:27 GMT 2024","passed","Sun Nov 03 01:10:27 GMT 2024","","TRAVERSER","TRAVERSER",""
"","64","F1-IMPORTS.13","","Sun Nov 03 00:47:10 GMT 2024","failed","Sun Nov 03 00:47:10 GMT 2024","","QUICK","QUICK",""
"","3","FC-XP.08","","Sun Nov 03 01:20:16 GMT 2024","passed","Sun Nov 03 01:20:16 GMT 2024","","FORWARD-CHAINING","FORWARD-CHAINING",""
"","5000","anti-regression.comma_is_not_special","","Sun Nov 03 00:37:15 GMT 2024","passed","Sun Nov 03 00:37:20 GMT 2024","","WHOLE-TESTS","WHOLE-TESTS",""
"","24","FACTORIAL.02","","Sun Nov 03 00:42:53 GMT 2024","passed","Sun Nov 03 00:42:53 GMT 2024","","METTA-MORPH-TESTS","METTA-MORPH-TESTS",""
"","22","INF-CTL-MONTH-XP.06","","Sun Nov 03 01:21:32 GMT 2024","failed","Sun Nov 03 01:21:32 GMT 2024","","INFERENCE-CONTROL","INFERENCE-CONTROL",""
"","3","SPACE-INTERSECTION-TESTS.18","","Sun Nov 03 00:38:57 GMT 2024","passed","Sun Nov 03 00:38:57 GMT 2024","","HYPERON-METTALOG-SANITY","HYPERON-METTALOG-SANITY",""
"","4","INTERSECTION-TESTS.27","","Sun Nov 03 00:38:57 GMT 2024","passed","Sun Nov 03 00:38:57 GMT 2024","","HYPERON-METTALOG-SANITY","HYPERON-METTALOG-SANITY",""
"","21","CHAPTER-1-3.04","","Sun Nov 03 00:56:39 GMT 2024","passed","Sun Nov 03 00:56:39 GMT 2024","","SICP-BOOK","SICP-BOOK",""
"","3","SUBTRACTION-TEST.04","","Sun Nov 03 00:38:57 GMT 2024","passed","Sun Nov 03 00:38:57 GMT 2024","","HYPERON-METTALOG-SANITY","HYPERON-METTALOG-SANITY",""
"","47","DEDUCTIONDTLTEST.01","","Sun Nov 03 01:16:13 GMT 2024","failed","Sun Nov 03 01:16:13 GMT 2024","","DEPENDENT-TYPES","DEPENDENT-TYPES",""
"","2","ADD-REMOVE-MATCH-MIX-FLOAT-INTEGER.05","","Sun Nov 03 00:54:23 GMT 2024","passed","Sun Nov 03 00:54:23 GMT 2024","","SPACES","SPACES",""
"","2","TEST-IF-CLOSED.02","","Sun Nov 03 01:50:35 GMT 2024","passed","Sun Nov 03 01:50:35 GMT 2024","","WALK-THRU","WALK-THRU",""
"","2","F1-IMPORTS.03","","Sun Nov 03 00:37:20 GMT 2024","passed","Sun Nov 03 00:37:20 GMT 2024","","HYPERON-EXPERIMENTAL-SCRIPTS","HYPERON-EXPERIMENTAL-SCRIPTS",""
"","2","ADD-REMOVE-MATCH-SS-SYMBOLS.02","","Sun Nov 03 00:54:23 GMT 2024","passed","Sun Nov 03 00:54:23 GMT 2024","","SPACES","SPACES",""
"","2","DEFINE-IF-LIKE.04","","Sun Nov 03 01:49:09 GMT 2024","passed","Sun Nov 03 01:49:09 GMT 2024","","DIRECT-COMP","DIRECT-COMP",""
"","2","TYPE-PROP.17","","Sun Nov 03 01:13:11 GMT 2024","passed","Sun Nov 03 01:13:11 GMT 2024","","CHECK-TYPES-TEMP","CHECK-TYPES-TEMP",""
"","2","GROUNDED-BASIC.04","","Sun Nov 03 00:55:06 GMT 2024","passed","Sun Nov 03 00:55:06 GMT 2024","","STD","STD",""
"","2116","TESTS5.07","","Sun Nov 03 00:47:37 GMT 2024","failed","Sun Nov 03 00:47:39 GMT 2024","","MAIN-BRANCH","MAIN-BRANCH",""
"","57","STDLIB-METTALOG-TEST-PT2.11","","Sun Nov 03 00:56:29 GMT 2024","failed","Sun Nov 03 00:56:29 GMT 2024","","STDLIB-METTALOG","STDLIB-METTALOG",""
"","3","INF-CTL-MONTH-BC-CONT-XP.26","","Sun Nov 03 01:21:32 GMT 2024","passed","Sun Nov 03 01:21:32 GMT 2024","","INFERENCE-CONTROL","INFERENCE-CONTROL",""
"","40","FC-XP.09","","Sun Nov 03 01:20:16 GMT 2024","failed","Sun Nov 03 01:20:16 GMT 2024","","FORWARD-CHAINING","FORWARD-CHAINING",""
"","2","ADD-REMOVE-MATCH-SS-STRINGS.01","","Sun Nov 03 00:54:23 GMT 2024","passed","Sun Nov 03 00:54:23 GMT 2024","","SPACES","SPACES",""
"","32","SUBTYPING-TEST.04","","Sun Nov 03 01:26:23 GMT 2024","passed","Sun Nov 03 01:26:23 GMT 2024","","SUBTYPING","SUBTYPING",""
"","3","ORDEREDSETTEST.09","","Sun Nov 03 01:17:36 GMT 2024","passed","Sun Nov 03 01:17:36 GMT 2024","","COMMON","COMMON",""
"","3","TYPE-PROP.50","","Sun Nov 03 01:13:11 GMT 2024","passed","Sun Nov 03 01:13:11 GMT 2024","","CHECK-TYPES-TEMP","CHECK-TYPES-TEMP",""
"","4000","debugging.hyperon_experimental_issue_492","","Sun Nov 03 00:37:15 GMT 2024","passed","Sun Nov 03 00:37:19 GMT 2024","","WHOLE-TESTS","WHOLE-TESTS",""
"","3","FORWARD-CHAINER-TEST.02","","Sun Nov 03 01:20:07 GMT 2024","passed","Sun Nov 03 01:20:07 GMT 2024","","FORWARD-CHAINER","FORWARD-CHAINER",""
"","2","B4-NONDETERM.04","","Sun Nov 03 00:37:20 GMT 2024","passed","Sun Nov 03 00:37:20 GMT 2024","","HYPERON-EXPERIMENTAL-SCRIPTS","HYPERON-EXPERIMENTAL-SCRIPTS",""
"","2","NATPARITYTEST.04","","Sun Nov 03 01:20:22 GMT 2024","passed","Sun Nov 03 01:20:22 GMT 2024","","HOL","HOL",""
"","2","FORWARD-CHAINER-XP.10","","Sun Nov 03 01:20:07 GMT 2024","passed","Sun Nov 03 01:20:07 GMT 2024","","FORWARD-CHAINER","FORWARD-CHAINER",""
"","16000","metta-wam-issue-116.test_spo_116378","","Sun Nov 03 00:37:15 GMT 2024","failed","Sun Nov 03 00:37:31 GMT 2024","","WHOLE-TESTS","WHOLE-TESTS",""
"","2","KEY-LOOKUPS-MANY.07","","Sun Nov 03 01:59:10 GMT 2024","passed","Sun Nov 03 01:59:10 GMT 2024","","BASIC","BASIC",""
"","4000","std.symbols","","Sun Nov 03 00:37:15 GMT 2024","passed","Sun Nov 03 00:37:19 GMT 2024","","WHOLE-TESTS","WHOLE-TESTS",""
"","1627","SELF-CONTAINED-SYNTHESIZE.09","","Sun Nov 03 01:28:09 GMT 2024","failed","Sun Nov 03 01:28:10 GMT 2024","","EXPERIMENTS","EXPERIMENTS",""
"","2","STRING-TESTS.20","","Sun Nov 03 00:38:57 GMT 2024","passed","Sun Nov 03 00:38:57 GMT 2024","","HYPERON-METTALOG-SANITY","HYPERON-METTALOG-SANITY",""
"","2","D2-HIGHERFUNC.05","","Sun Nov 03 00:37:20 GMT 2024","passed","Sun Nov 03 00:37:20 GMT 2024","","HYPERON-EXPERIMENTAL-SCRIPTS","HYPERON-EXPERIMENTAL-SCRIPTS",""
"","2","CHAPTER-1-1.14","","Sun Nov 03 00:56:39 GMT 2024","passed","Sun Nov 03 00:56:39 GMT 2024","","SICP-BOOK","SICP-BOOK",""
"","46000","current.tests4","","Sun Nov 03 00:37:15 GMT 2024","failed","Sun Nov 03 00:38:01 GMT 2024","","WHOLE-TESTS","WHOLE-TESTS",""
"","1","D2-HIGHERFUNC.14","","Sun Nov 03 01:13:31 GMT 2024","passed","Sun Nov 03 01:13:31 GMT 2024","","CHECK-TYPES","CHECK-TYPES",""
"","2","SUBTRACTION-TEST.06","","Sun Nov 03 00:38:57 GMT 2024","passed","Sun Nov 03 00:38:57 GMT 2024","","HYPERON-METTALOG-SANITY","HYPERON-METTALOG-SANITY",""
"","3","ADD-REMOVE-MATCH-SS-STRINGS.16","","Sun Nov 03 00:54:23 GMT 2024","passed","Sun Nov 03 00:54:23 GMT 2024","","SPACES","SPACES",""
"","2","TYPE-PROP.07","","Sun Nov 03 00:52:07 GMT 2024","passed","Sun Nov 03 00:52:07 GMT 2024","","CHAINING","CHAINING",""
"","2","B2-BACKCHAIN.03","","Sun Nov 03 00:37:20 GMT 2024","passed","Sun Nov 03 00:37:20 GMT 2024","","HYPERON-EXPERIMENTAL-SCRIPTS","HYPERON-EXPERIMENTAL-SCRIPTS",""
"","1","TMPMATCH2.03","","Sun Nov 03 01:50:35 GMT 2024","passed","Sun Nov 03 01:50:35 GMT 2024","","WALK-THRU","WALK-THRU",""
"","2","B1-EQUAL-CHAIN.03","","Sun Nov 03 00:37:20 GMT 2024","passed","Sun Nov 03 00:37:20 GMT 2024","","HYPERON-EXPERIMENTAL-SCRIPTS","HYPERON-EXPERIMENTAL-SCRIPTS",""
"","279","SELF-CONTAINED-SYNTHESIZE.03","","Sun Nov 03 01:28:09 GMT 2024","failed","Sun Nov 03 01:28:09 GMT 2024","","EXPERIMENTS","EXPERIMENTS",""
"","2","D2-HIGHERFUNC.25","","Sun Nov 03 01:13:31 GMT 2024","passed","Sun Nov 03 01:13:31 GMT 2024","","CHECK-TYPES","CHECK-TYPES",""
"","915","BC-IMPL.02","","Sun Nov 03 01:50:35 GMT 2024","passed","Sun Nov 03 01:50:35 GMT 2024","","WALK-THRU","WALK-THRU",""
"","3","FORWARD-CHAINER-XP.29","","Sun Nov 03 01:20:07 GMT 2024","passed","Sun Nov 03 01:20:07 GMT 2024","","FORWARD-CHAINER","FORWARD-CHAINER",""
"","2","06-MATCH-IN-SPACE.05","","Sun Nov 03 00:38:57 GMT 2024","passed","Sun Nov 03 00:38:57 GMT 2024","","HYPERON-METTALOG-SANITY","HYPERON-METTALOG-SANITY",""
"","3","E2-STATES.05","","Sun Nov 03 00:37:20 GMT 2024","passed","Sun Nov 03 00:37:20 GMT 2024","","HYPERON-EXPERIMENTAL-SCRIPTS","HYPERON-EXPERIMENTAL-SCRIPTS",""
"","3","FORWARD-CHAINER-XP.06","","Sun Nov 03 01:20:07 GMT 2024","passed","Sun Nov 03 01:20:07 GMT 2024","","FORWARD-CHAINER","FORWARD-CHAINER",""
"","14","D2-HIGHERFUNC.21","","Sun Nov 03 01:13:31 GMT 2024","passed","Sun Nov 03 01:13:31 GMT 2024","","CHECK-TYPES","CHECK-TYPES",""
"","2","FC-XP.11","","Sun Nov 03 01:20:16 GMT 2024","passed","Sun Nov 03 01:20:16 GMT 2024","","FORWARD-CHAINING","FORWARD-CHAINING",""
"","1","IMPL-METTALOGTESTCURRIED.11","","Sun Nov 03 01:50:35 GMT 2024","passed","Sun Nov 03 01:50:35 GMT 2024","","WALK-THRU","WALK-THRU",""
"","45","IFC-XP.32","","Sun Nov 03 01:23:34 GMT 2024","failed","Sun Nov 03 01:23:34 GMT 2024","","ITERATIVE-CHAINING","ITERATIVE-CHAINING",""
"","124","ADD-ATOM-NAIVE-FIB.05","","Sun Nov 03 02:05:29 GMT 2024","failed","Sun Nov 03 02:05:29 GMT 2024","","COMPARISONS","COMPARISONS",""
"","3","B5-TYPES-PRELIM.03","","Sun Nov 03 01:13:11 GMT 2024","passed","Sun Nov 03 01:13:11 GMT 2024","","CHECK-TYPES-TEMP","CHECK-TYPES-TEMP",""
"","2","TYPE-PROP.11","","Sun Nov 03 01:13:11 GMT 2024","passed","Sun Nov 03 01:13:11 GMT 2024","","CHECK-TYPES-TEMP","CHECK-TYPES-TEMP",""
"","70","ADD-REMOVE-MATCH-STRINGS.09","","Sun Nov 03 00:54:23 GMT 2024","failed","Sun Nov 03 00:54:23 GMT 2024","","SPACES","SPACES",""
"","2","TESTS0.04","","Sun Nov 03 01:41:19 GMT 2024","passed","Sun Nov 03 01:41:19 GMT 2024","","NEW","NEW",""
"","6","SEALED-TEST.01","","Sun Nov 03 00:38:57 GMT 2024","passed","Sun Nov 03 00:38:57 GMT 2024","","HYPERON-METTALOG-SANITY","HYPERON-METTALOG-SANITY",""
"","2","C1-GROUNDED-BASIC.10","","Sun Nov 03 00:47:10 GMT 2024","passed","Sun Nov 03 00:47:10 GMT 2024","","QUICK","QUICK",""
"","2","NATPARITYTEST.02","","Sun Nov 03 01:20:22 GMT 2024","passed","Sun Nov 03 01:20:22 GMT 2024","","HOL","HOL",""
"","35","NATDTLTEST.04","","Sun Nov 03 01:20:22 GMT 2024","failed","Sun Nov 03 01:20:22 GMT 2024","","HOL","HOL",""
"","4000","hyperon-experimental_scripts.d2_higherfunc","","Sun Nov 03 00:37:15 GMT 2024","passed","Sun Nov 03 00:37:19 GMT 2024","","WHOLE-TESTS","WHOLE-TESTS",""
"","2","INTERSECTION-TESTS.14","","Sun Nov 03 00:38:57 GMT 2024","passed","Sun Nov 03 00:38:57 GMT 2024","","HYPERON-METTALOG-SANITY","HYPERON-METTALOG-SANITY",""
"","1","TMPMATCH2.02","","Sun Nov 03 00:44:59 GMT 2024","passed","Sun Nov 03 00:44:59 GMT 2024","","ANTI-REGRESSION","ANTI-REGRESSION",""
"","2","CML-UNSHARED.08","","Sun Nov 03 01:59:10 GMT 2024","passed","Sun Nov 03 01:59:10 GMT 2024","","BASIC","BASIC",""
"","2","CURRIED-CHAINER.08","","Sun Nov 03 01:18:13 GMT 2024","passed","Sun Nov 03 01:18:13 GMT 2024","","CURRIED-CHAINING","CURRIED-CHAINING",""
"","2","IBC-XP.23","","Sun Nov 03 01:23:34 GMT 2024","passed","Sun Nov 03 01:23:34 GMT 2024","","ITERATIVE-CHAINING","ITERATIVE-CHAINING",""
"","4000","multidirectional.append_using_equality","","Sun Nov 03 00:37:15 GMT 2024","passed","Sun Nov 03 00:37:19 GMT 2024","","WHOLE-TESTS","WHOLE-TESTS",""
"","9","TYPE-PROP.03","","Sun Nov 03 01:13:11 GMT 2024","passed","Sun Nov 03 01:13:11 GMT 2024","","CHECK-TYPES-TEMP","CHECK-TYPES-TEMP",""
"","3","DEDUCTIONDTLTEST.03","","Sun Nov 03 01:16:13 GMT 2024","passed","Sun Nov 03 01:16:13 GMT 2024","","DEPENDENT-TYPES","DEPENDENT-TYPES",""
"","46","IFC-XP.36","","Sun Nov 03 01:23:34 GMT 2024","failed","Sun Nov 03 01:23:34 GMT 2024","","ITERATIVE-CHAINING","ITERATIVE-CHAINING",""
"","61","B5-TYPES-PRELIM.15","","Sun Nov 03 00:37:20 GMT 2024","failed","Sun Nov 03 00:37:20 GMT 2024","","HYPERON-EXPERIMENTAL-SCRIPTS","HYPERON-EXPERIMENTAL-SCRIPTS",""
"","2","BACKWARD-CHAINER-XP.39","","Sun Nov 03 01:17:21 GMT 2024","passed","Sun Nov 03 01:17:21 GMT 2024","","BACKWARD-CHAINER","BACKWARD-CHAINER",""
"","897","IBC-XP.26","","Sun Nov 03 01:23:34 GMT 2024","passed","Sun Nov 03 01:23:34 GMT 2024","","ITERATIVE-CHAINING","ITERATIVE-CHAINING",""
"","2","ADD-REMOVE-MATCH-FLOAT.04","","Sun Nov 03 00:54:23 GMT 2024","passed","Sun Nov 03 00:54:23 GMT 2024","","SPACES","SPACES",""
"","2","STDLIB-METTALOG-TEST-PT2.52","","Sun Nov 03 00:56:29 GMT 2024","passed","Sun Nov 03 00:56:29 GMT 2024","","STDLIB-METTALOG","STDLIB-METTALOG",""
"","2","TYPE-PROP.24","","Sun Nov 03 01:13:11 GMT 2024","passed","Sun Nov 03 01:13:11 GMT 2024","","CHECK-TYPES-TEMP","CHECK-TYPES-TEMP",""
"","4000","logic.all_any","","Sun Nov 03 00:37:15 GMT 2024","passed","Sun Nov 03 00:37:19 GMT 2024","","WHOLE-TESTS","WHOLE-TESTS",""
"","2","STATE-TYPES.23","","Sun Nov 03 01:59:10 GMT 2024","passed","Sun Nov 03 01:59:10 GMT 2024","","BASIC","BASIC",""
"","3","TMPMATCH1.01","","Sun Nov 03 01:50:35 GMT 2024","passed","Sun Nov 03 01:50:35 GMT 2024","","WALK-THRU","WALK-THRU",""
"","4000","metta-morph_tests.peano","","Sun Nov 03 00:37:15 GMT 2024","passed","Sun Nov 03 00:37:19 GMT 2024","","WHOLE-TESTS","WHOLE-TESTS",""
"","2","HYPERPOSING.07","","Sun Nov 03 01:59:10 GMT 2024","passed","Sun Nov 03 01:59:10 GMT 2024","","BASIC","BASIC",""
"","8000","comparisons.nils_if_control_test_2","","Sun Nov 03 00:37:15 GMT 2024","passed","Sun Nov 03 00:37:23 GMT 2024","","WHOLE-TESTS","WHOLE-TESTS",""
"","2","TYPE-PROP.08","","Sun Nov 03 01:13:11 GMT 2024","passed","Sun Nov 03 01:13:11 GMT 2024","","CHECK-TYPES-TEMP","CHECK-TYPES-TEMP",""
"","2","ADD-REMOVE-MATCH-SS-SYMBOLS.03","","Sun Nov 03 00:54:23 GMT 2024","passed","Sun Nov 03 00:54:23 GMT 2024","","SPACES","SPACES",""
"","2","D1-GADT.06","","Sun Nov 03 01:13:31 GMT 2024","passed","Sun Nov 03 01:13:31 GMT 2024","","CHECK-TYPES","CHECK-TYPES",""
"","3","TYPES.01","","Sun Nov 03 00:42:53 GMT 2024","passed","Sun Nov 03 00:42:53 GMT 2024","","METTA-MORPH-TESTS","METTA-MORPH-TESTS",""
"","2","ADD-REMOVE-MATCH-INTEGER.26","","Sun Nov 03 00:54:23 GMT 2024","passed","Sun Nov 03 00:54:23 GMT 2024","","SPACES","SPACES",""
"","42000","examples.expression","","Sun Nov 03 00:37:15 GMT 2024","failed","Sun Nov 03 00:37:57 GMT 2024","","WHOLE-TESTS","WHOLE-TESTS",""
"","41","DEDUCTIONIMPLICATIONDIRECTINTRODUCTIONDTLTEST.03","","Sun Nov 03 01:16:13 GMT 2024","failed","Sun Nov 03 01:16:13 GMT 2024","","DEPENDENT-TYPES","DEPENDENT-TYPES",""
"","1","D2-HIGHERFUNC.04","","Sun Nov 03 00:47:10 GMT 2024","passed","Sun Nov 03 00:47:10 GMT 2024","","QUICK","QUICK",""
"","4","DEDUCTIONEQUALTEST.01","","Sun Nov 03 01:19:56 GMT 2024","passed","Sun Nov 03 01:19:56 GMT 2024","","EQUAL","EQUAL",""
"","4000","basic.pathfinding-easy","","Sun Nov 03 00:37:15 GMT 2024","passed","Sun Nov 03 00:37:19 GMT 2024","","WHOLE-TESTS","WHOLE-TESTS",""
"","62","STDLIB-METTALOG-TEST-PT2.13","","Sun Nov 03 00:56:29 GMT 2024","failed","Sun Nov 03 00:56:29 GMT 2024","","STDLIB-METTALOG","STDLIB-METTALOG",""
"","2","BC-XP.28","","Sun Nov 03 01:17:27 GMT 2024","passed","Sun Nov 03 01:17:27 GMT 2024","","BACKWARD-CHAINING","BACKWARD-CHAINING",""
"","3","BCHAIN.01","","Sun Nov 03 00:44:59 GMT 2024","passed","Sun Nov 03 00:44:59 GMT 2024","","ANTI-REGRESSION","ANTI-REGRESSION",""
"","88","NONDETERM.01","","Sun Nov 03 00:55:06 GMT 2024","passed","Sun Nov 03 00:55:06 GMT 2024","","STD","STD",""
"","69","INF-CTL-MONTH-XP-SHORT-6.02","","Sun Nov 03 02:05:29 GMT 2024","failed","Sun Nov 03 02:05:29 GMT 2024","","COMPARISONS","COMPARISONS",""
"","4","UNIFY-VIA-LET.01","","Sun Nov 03 01:28:09 GMT 2024","passed","Sun Nov 03 01:28:09 GMT 2024","","EXPERIMENTS","EXPERIMENTS",""
"","3","D4-TYPE-PROP.12","","Sun Nov 03 01:13:31 GMT 2024","passed","Sun Nov 03 01:13:31 GMT 2024","","CHECK-TYPES","CHECK-TYPES",""
"","2","KEY-LOOKUPS-MANY.01","","Sun Nov 03 01:59:10 GMT 2024","passed","Sun Nov 03 01:59:10 GMT 2024","","BASIC","BASIC",""
"","2","BC-XP.26","","Sun Nov 03 01:17:27 GMT 2024","passed","Sun Nov 03 01:17:27 GMT 2024","","BACKWARD-CHAINING","BACKWARD-CHAINING",""
"","3","MATCH-VOID.01","","Sun Nov 03 00:42:53 GMT 2024","passed","Sun Nov 03 00:42:53 GMT 2024","","METTA-MORPH-TESTS","METTA-MORPH-TESTS",""
"","3","D2-HIGHERFUNC.03","","Sun Nov 03 01:13:31 GMT 2024","passed","Sun Nov 03 01:13:31 GMT 2024","","CHECK-TYPES","CHECK-TYPES",""
"","2","BASIC.07","","Sun Nov 03 01:10:27 GMT 2024","passed","Sun Nov 03 01:10:27 GMT 2024","","TRAVERSER","TRAVERSER",""
"","2","TYPES2.03","","Sun Nov 03 00:42:53 GMT 2024","passed","Sun Nov 03 00:42:53 GMT 2024","","METTA-MORPH-TESTS","METTA-MORPH-TESTS",""
"","2","D2-HIGHERFUNC.18","","Sun Nov 03 01:13:31 GMT 2024","passed","Sun Nov 03 01:13:31 GMT 2024","","CHECK-TYPES","CHECK-TYPES",""
"","2","ORDEREDSETTEST.07","","Sun Nov 03 01:17:36 GMT 2024","passed","Sun Nov 03 01:17:36 GMT 2024","","COMMON","COMMON",""
"","2","B4-NONDETERM.06","","Sun Nov 03 00:37:20 GMT 2024","passed","Sun Nov 03 00:37:20 GMT 2024","","HYPERON-EXPERIMENTAL-SCRIPTS","HYPERON-EXPERIMENTAL-SCRIPTS",""
"","9","D4-TYPE-PROP.03","","Sun Nov 03 01:13:31 GMT 2024","passed","Sun Nov 03 01:13:31 GMT 2024","","CHECK-TYPES","CHECK-TYPES",""
"","5000","current.tests0","","Sun Nov 03 00:37:15 GMT 2024","passed","Sun Nov 03 00:37:20 GMT 2024","","WHOLE-TESTS","WHOLE-TESTS",""
"","2","KEY-LOOKUPS-MANY.10","","Sun Nov 03 01:59:10 GMT 2024","passed","Sun Nov 03 01:59:10 GMT 2024","","BASIC","BASIC",""
"","7000","bigram-sentence-evaluator.taus","","Sun Nov 03 00:37:15 GMT 2024","passed","Sun Nov 03 00:37:22 GMT 2024","","WHOLE-TESTS","WHOLE-TESTS",""
"","255","SYNTHESIZE-VIA-LET-TEST.03","","Sun Nov 03 01:28:09 GMT 2024","failed","Sun Nov 03 01:28:09 GMT 2024","","EXPERIMENTS","EXPERIMENTS",""
"","3","BC-COMP.05","","Sun Nov 03 00:44:59 GMT 2024","passed","Sun Nov 03 00:44:59 GMT 2024","","ANTI-REGRESSION","ANTI-REGRESSION",""
"","5","TRUTHVALUETEST.07","","Sun Nov 03 01:18:04 GMT 2024","passed","Sun Nov 03 01:18:04 GMT 2024","","TRUTHVALUE","TRUTHVALUE",""
"","2","TRUTHVALUETEST.04","","Sun Nov 03 01:18:04 GMT 2024","passed","Sun Nov 03 01:18:04 GMT 2024","","TRUTHVALUE","TRUTHVALUE",""
"","1","TYPE-PROP.04","","Sun Nov 03 00:52:07 GMT 2024","passed","Sun Nov 03 00:52:07 GMT 2024","","CHAINING","CHAINING",""
"","3","UNIQUE-TEST.13","","Sun Nov 03 00:38:57 GMT 2024","passed","Sun Nov 03 00:38:57 GMT 2024","","HYPERON-METTALOG-SANITY","HYPERON-METTALOG-SANITY",""
"","3","TEST-IF-CLOSED.01","","Sun Nov 03 00:44:59 GMT 2024","passed","Sun Nov 03 00:44:59 GMT 2024","","ANTI-REGRESSION","ANTI-REGRESSION",""
"","2","STRING-TESTS.11","","Sun Nov 03 00:38:57 GMT 2024","passed","Sun Nov 03 00:38:57 GMT 2024","","HYPERON-METTALOG-SANITY","HYPERON-METTALOG-SANITY",""
"","490","PARENT-GO-1-COMP.01","","Sun Nov 03 00:52:07 GMT 2024","passed","Sun Nov 03 00:52:07 GMT 2024","","CHAINING","CHAINING",""
"","2","00-LANG-CASE.18","","Sun Nov 03 00:38:57 GMT 2024","passed","Sun Nov 03 00:38:57 GMT 2024","","HYPERON-METTALOG-SANITY","HYPERON-METTALOG-SANITY",""
"","3","A1-SYMBOLS.04","","Sun Nov 03 00:37:20 GMT 2024","passed","Sun Nov 03 00:37:20 GMT 2024","","HYPERON-EXPERIMENTAL-SCRIPTS","HYPERON-EXPERIMENTAL-SCRIPTS",""
"","2","TESTS1.03","","Sun Nov 03 00:47:37 GMT 2024","passed","Sun Nov 03 00:47:37 GMT 2024","","MAIN-BRANCH","MAIN-BRANCH",""
"","65","B4-NONDETERM.03","","Sun Nov 03 00:37:20 GMT 2024","passed","Sun Nov 03 00:37:20 GMT 2024","","HYPERON-EXPERIMENTAL-SCRIPTS","HYPERON-EXPERIMENTAL-SCRIPTS",""
"","5000","nars_extras.NARS_BuildTupleCounts","","Sun Nov 03 00:37:15 GMT 2024","passed","Sun Nov 03 00:37:20 GMT 2024","","WHOLE-TESTS","WHOLE-TESTS",""
"","25","INF-CTL-XP.16","","Sun Nov 03 01:21:32 GMT 2024","failed","Sun Nov 03 01:21:32 GMT 2024","","INFERENCE-CONTROL","INFERENCE-CONTROL",""
"","2","CURRIED-CHAINER.03","","Sun Nov 03 01:18:13 GMT 2024","passed","Sun Nov 03 01:18:13 GMT 2024","","CURRIED-CHAINING","CURRIED-CHAINING",""
"","3","E2-STATES.02","","Sun Nov 03 00:37:20 GMT 2024","passed","Sun Nov 03 00:37:20 GMT 2024","","HYPERON-EXPERIMENTAL-SCRIPTS","HYPERON-EXPERIMENTAL-SCRIPTS",""
"","3","D1-GADT.01","","Sun Nov 03 00:37:20 GMT 2024","passed","Sun Nov 03 00:37:20 GMT 2024","","HYPERON-EXPERIMENTAL-SCRIPTS","HYPERON-EXPERIMENTAL-SCRIPTS",""
"","2","TYPE-PROP.62","","Sun Nov 03 01:13:11 GMT 2024","passed","Sun Nov 03 01:13:11 GMT 2024","","CHECK-TYPES-TEMP","CHECK-TYPES-TEMP",""
"","306","IBC-XP.29","","Sun Nov 03 01:23:34 GMT 2024","passed","Sun Nov 03 01:23:34 GMT 2024","","ITERATIVE-CHAINING","ITERATIVE-CHAINING",""
"","3","TESTS0.03","","Sun Nov 03 00:42:53 GMT 2024","passed","Sun Nov 03 00:42:53 GMT 2024","","METTA-MORPH-TESTS","METTA-MORPH-TESTS",""
"","2","IFC-XP.41","","Sun Nov 03 01:23:34 GMT 2024","passed","Sun Nov 03 01:23:34 GMT 2024","","ITERATIVE-CHAINING","ITERATIVE-CHAINING",""
"","3","C1-GROUNDED-BASIC.01","","Sun Nov 03 00:47:10 GMT 2024","passed","Sun Nov 03 00:47:10 GMT 2024","","QUICK","QUICK",""
"","2","XOR-TEST.04","","Sun Nov 03 00:38:57 GMT 2024","passed","Sun Nov 03 00:38:57 GMT 2024","","HYPERON-METTALOG-SANITY","HYPERON-METTALOG-SANITY",""
"","2","BACKWARD-CHAINER-XP.28","","Sun Nov 03 01:17:21 GMT 2024","passed","Sun Nov 03 01:17:21 GMT 2024","","BACKWARD-CHAINER","BACKWARD-CHAINER",""
"","2","PEANO.01","","Sun Nov 03 01:50:09 GMT 2024","passed","Sun Nov 03 01:50:09 GMT 2024","","TRANSPILER","TRANSPILER",""
"","13","D2-HIGHERFUNC.22","","Sun Nov 03 00:47:10 GMT 2024","passed","Sun Nov 03 00:47:10 GMT 2024","","QUICK","QUICK",""
"","14","D1-GADT.05","","Sun Nov 03 01:13:31 GMT 2024","passed","Sun Nov 03 01:13:31 GMT 2024","","CHECK-TYPES","CHECK-TYPES",""
"","3","BCHAIN.01","","Sun Nov 03 01:50:35 GMT 2024","passed","Sun Nov 03 01:50:35 GMT 2024","","WALK-THRU","WALK-THRU",""
"","2480","TESTS1.04","","Sun Nov 03 00:47:37 GMT 2024","failed","Sun Nov 03 00:47:39 GMT 2024","","MAIN-BRANCH","MAIN-BRANCH",""
"","3","CREATE-SERVER.01","","Sun Nov 03 01:54:58 GMT 2024","passed","Sun Nov 03 01:54:58 GMT 2024","","DISTRIBUTED-PROCESSING","DISTRIBUTED-PROCESSING",""
"","2","D2-HIGHERFUNC.02","","Sun Nov 03 01:13:31 GMT 2024","passed","Sun Nov 03 01:13:31 GMT 2024","","CHECK-TYPES","CHECK-TYPES",""
"","222","SYNTHESIZE-VIA-CASE-TEST.02","","Sun Nov 03 01:28:09 GMT 2024","failed","Sun Nov 03 01:28:09 GMT 2024","","EXPERIMENTS","EXPERIMENTS",""
"","3","TESTS4.05","","Sun Nov 03 00:47:37 GMT 2024","passed","Sun Nov 03 00:47:37 GMT 2024","","MAIN-BRANCH","MAIN-BRANCH",""
"","2","D1-GADT.10","","Sun Nov 03 00:37:20 GMT 2024","passed","Sun Nov 03 00:37:20 GMT 2024","","HYPERON-EXPERIMENTAL-SCRIPTS","HYPERON-EXPERIMENTAL-SCRIPTS",""
"","2","B5-TYPES-PRELIM.25","","Sun Nov 03 00:37:20 GMT 2024","passed","Sun Nov 03 00:37:20 GMT 2024","","HYPERON-EXPERIMENTAL-SCRIPTS","HYPERON-EXPERIMENTAL-SCRIPTS",""
"","2","D2-HIGHERFUNC.25","","Sun Nov 03 00:47:10 GMT 2024","passed","Sun Nov 03 00:47:10 GMT 2024","","QUICK","QUICK",""
"","4000","hyperon-experimental_scripts.b4_nondeterm","","Sun Nov 03 00:37:15 GMT 2024","passed","Sun Nov 03 00:37:19 GMT 2024","","WHOLE-TESTS","WHOLE-TESTS",""
"","2","LISTTEST.16","","Sun Nov 03 01:17:36 GMT 2024","passed","Sun Nov 03 01:17:36 GMT 2024","","COMMON","COMMON",""
"","5000","hyperon-experimental_scripts.e3_match_states","","Sun Nov 03 00:37:15 GMT 2024","passed","Sun Nov 03 00:37:20 GMT 2024","","WHOLE-TESTS","WHOLE-TESTS",""
"","70","INF-CTL-MONTH-XP-SHORT-5.02","","Sun Nov 03 02:05:29 GMT 2024","failed","Sun Nov 03 02:05:29 GMT 2024","","COMPARISONS","COMPARISONS",""
"","63","B5-TYPES-PRELIM.02","","Sun Nov 03 01:13:11 GMT 2024","failed","Sun Nov 03 01:13:11 GMT 2024","","CHECK-TYPES-TEMP","CHECK-TYPES-TEMP",""
"","2","TEST-IF-CLOSED.06","","Sun Nov 03 01:50:35 GMT 2024","passed","Sun Nov 03 01:50:35 GMT 2024","","WALK-THRU","WALK-THRU",""
"","2","INTERSECTION-TESTS.22","","Sun Nov 03 00:38:57 GMT 2024","passed","Sun Nov 03 00:38:57 GMT 2024","","HYPERON-METTALOG-SANITY","HYPERON-METTALOG-SANITY",""
"","2","D4-TYPE-PROP.02","","Sun Nov 03 01:13:31 GMT 2024","passed","Sun Nov 03 01:13:31 GMT 2024","","CHECK-TYPES","CHECK-TYPES",""
"","11","UNWEIGHTED-PLLM.04","","Sun Nov 03 02:11:44 GMT 2024","failed","Sun Nov 03 02:11:44 GMT 2024","","LANGUAGE-MODELS","LANGUAGE-MODELS",""
"","589","SYNTHESIZE-VIA-CASE-TEST.01","","Sun Nov 03 01:28:09 GMT 2024","failed","Sun Nov 03 01:28:09 GMT 2024","","EXPERIMENTS","EXPERIMENTS",""
"","2","ORDEREDSETTEST.06","","Sun Nov 03 01:17:36 GMT 2024","passed","Sun Nov 03 01:17:36 GMT 2024","","COMMON","COMMON",""
"","2","C2-SPACES.02","","Sun Nov 03 00:37:10 GMT 2024","passed","Sun Nov 03 00:37:10 GMT 2024","","MODULE-SYSTEM","MODULE-SYSTEM",""
"","3","FORWARD-CHAINER-TEST.07","","Sun Nov 03 01:20:07 GMT 2024","passed","Sun Nov 03 01:20:07 GMT 2024","","FORWARD-CHAINER","FORWARD-CHAINER",""
"","493","PROB-DEP-TYPES.09","","Sun Nov 03 01:05:14 GMT 2024","failed","Sun Nov 03 01:05:14 GMT 2024","","PROB-DEP-TYPES","PROB-DEP-TYPES",""
"","4000","spaces.add-remove-match-integer","","Sun Nov 03 00:37:15 GMT 2024","passed","Sun Nov 03 00:37:19 GMT 2024","","WHOLE-TESTS","WHOLE-TESTS",""
"","3","CHAINING-PRELIM.01","","Sun Nov 03 00:52:07 GMT 2024","passed","Sun Nov 03 00:52:07 GMT 2024","","CHAINING","CHAINING",""
"","106","SUBTYPING-TEST.05","","Sun Nov 03 01:26:23 GMT 2024","failed","Sun Nov 03 01:26:23 GMT 2024","","SUBTYPING","SUBTYPING",""
"","125","DEDUCTIONDTLTEST.04","","Sun Nov 03 01:16:13 GMT 2024","passed","Sun Nov 03 01:16:13 GMT 2024","","DEPENDENT-TYPES","DEPENDENT-TYPES",""
"","1","KEY-LOOKUPS-MANY.12","","Sun Nov 03 01:59:10 GMT 2024","passed","Sun Nov 03 01:59:10 GMT 2024","","BASIC","BASIC",""
"","3","FC-XP.12","","Sun Nov 03 01:20:16 GMT 2024","passed","Sun Nov 03 01:20:16 GMT 2024","","FORWARD-CHAINING","FORWARD-CHAINING",""
"","3","PC-XP.12","","Sun Nov 03 01:26:17 GMT 2024","passed","Sun Nov 03 01:26:17 GMT 2024","","POLYWARD-CHAINING","POLYWARD-CHAINING",""
"","2","TEST-IF-CLOSED.10","","Sun Nov 03 00:44:59 GMT 2024","passed","Sun Nov 03 00:44:59 GMT 2024","","ANTI-REGRESSION","ANTI-REGRESSION",""
"","2","HYPERPOSING-SHARED.08","","Sun Nov 03 01:59:10 GMT 2024","passed","Sun Nov 03 01:59:10 GMT 2024","","BASIC","BASIC",""
"","2","BACKWARD-CHAINER-XP.41","","Sun Nov 03 01:17:21 GMT 2024","passed","Sun Nov 03 01:17:21 GMT 2024","","BACKWARD-CHAINER","BACKWARD-CHAINER",""
"","1","D1-GADT.07","","Sun Nov 03 00:47:10 GMT 2024","passed","Sun Nov 03 00:47:10 GMT 2024","","QUICK","QUICK",""
"","2","BACKWARD-CHAINER-XP.29","","Sun Nov 03 01:17:21 GMT 2024","passed","Sun Nov 03 01:17:21 GMT 2024","","BACKWARD-CHAINER","BACKWARD-CHAINER",""
"","3","IBC-XP.11","","Sun Nov 03 01:23:34 GMT 2024","passed","Sun Nov 03 01:23:34 GMT 2024","","ITERATIVE-CHAINING","ITERATIVE-CHAINING",""
"","2","TYPE-PROP.36","","Sun Nov 03 01:13:11 GMT 2024","passed","Sun Nov 03 01:13:11 GMT 2024","","CHECK-TYPES-TEMP","CHECK-TYPES-TEMP",""
"","2","CHAPTER-2-4.16","","Sun Nov 03 00:56:39 GMT 2024","passed","Sun Nov 03 00:56:39 GMT 2024","","SICP-BOOK","SICP-BOOK",""
"","3","IMPLICATIONDIRECTINTRODUCTIONENTAILTEST.02","","Sun Nov 03 01:19:47 GMT 2024","passed","Sun Nov 03 01:19:47 GMT 2024","","ENTAIL","ENTAIL",""
"","2","CHAINING-PRELIM.03","","Sun Nov 03 00:52:07 GMT 2024","passed","Sun Nov 03 00:52:07 GMT 2024","","CHAINING","CHAINING",""
"","2","STATE-TYPES.09","","Sun Nov 03 01:59:10 GMT 2024","passed","Sun Nov 03 01:59:10 GMT 2024","","BASIC","BASIC",""
"","4000","multidirectional.obif","","Sun Nov 03 00:37:15 GMT 2024","passed","Sun Nov 03 00:37:19 GMT 2024","","WHOLE-TESTS","WHOLE-TESTS",""
"","7000","metta-morph_tests.factorial","","Sun Nov 03 00:37:15 GMT 2024","passed","Sun Nov 03 00:37:22 GMT 2024","","WHOLE-TESTS","WHOLE-TESTS",""
"","2","F1-MODULEA.03","","Sun Nov 03 00:37:10 GMT 2024","passed","Sun Nov 03 00:37:10 GMT 2024","","MODULE-SYSTEM","MODULE-SYSTEM",""
"","2131","LTE.09","","Sun Nov 03 00:55:06 GMT 2024","passed","Sun Nov 03 00:55:08 GMT 2024","","STD","STD",""
"","2","TYPE-PROP.46","","Sun Nov 03 01:13:11 GMT 2024","passed","Sun Nov 03 01:13:11 GMT 2024","","CHECK-TYPES-TEMP","CHECK-TYPES-TEMP",""
"","2","FC-XP.18","","Sun Nov 03 01:20:16 GMT 2024","passed","Sun Nov 03 01:20:16 GMT 2024","","FORWARD-CHAINING","FORWARD-CHAINING",""
"","2","V2-PLN-XP-EASY-IMPL.01","","Sun Nov 03 00:52:07 GMT 2024","passed","Sun Nov 03 00:52:07 GMT 2024","","CHAINING","CHAINING",""
"","2","TYPE-PROP.21","","Sun Nov 03 01:13:11 GMT 2024","passed","Sun Nov 03 01:13:11 GMT 2024","","CHECK-TYPES-TEMP","CHECK-TYPES-TEMP",""
"","3","DEDUCTIONFORMULATEST.12","","Sun Nov 03 01:17:59 GMT 2024","passed","Sun Nov 03 01:17:59 GMT 2024","","FORMULA","FORMULA",""
"","3","ADD-REMOVE-MATCH-S-STRINGS.15","","Sun Nov 03 00:54:23 GMT 2024","passed","Sun Nov 03 00:54:23 GMT 2024","","SPACES","SPACES",""
"","5000","direct_comp.add_atom_match","","Sun Nov 03 00:37:15 GMT 2024","passed","Sun Nov 03 00:37:20 GMT 2024","","WHOLE-TESTS","WHOLE-TESTS",""
"","2","A1-SYMBOLS.06","","Sun Nov 03 00:37:20 GMT 2024","passed","Sun Nov 03 00:37:20 GMT 2024","","HYPERON-EXPERIMENTAL-SCRIPTS","HYPERON-EXPERIMENTAL-SCRIPTS",""
"","4","IFC-XP.42","","Sun Nov 03 01:23:34 GMT 2024","passed","Sun Nov 03 01:23:34 GMT 2024","","ITERATIVE-CHAINING","ITERATIVE-CHAINING",""
"","2","STDLIB-METTALOG-TEST-PT2.07","","Sun Nov 03 00:56:29 GMT 2024","passed","Sun Nov 03 00:56:29 GMT 2024","","STDLIB-METTALOG","STDLIB-METTALOG",""
"","2268","SELF-CONTAINED-SYNTHESIZE.07","","Sun Nov 03 01:28:09 GMT 2024","failed","Sun Nov 03 01:28:11 GMT 2024","","EXPERIMENTS","EXPERIMENTS",""
"","4000","comparisons.inf-ctl-month-xp-long","","Sun Nov 03 00:37:15 GMT 2024","passed","Sun Nov 03 00:37:19 GMT 2024","","WHOLE-TESTS","WHOLE-TESTS",""
"","2","QUERIES.07","","Sun Nov 03 01:09:46 GMT 2024","passed","Sun Nov 03 01:09:46 GMT 2024","","STRIPS-TO-METTA-IMPROVED","STRIPS-TO-METTA-IMPROVED",""
"","2","D1-GADT.03","","Sun Nov 03 00:37:20 GMT 2024","passed","Sun Nov 03 00:37:20 GMT 2024","","HYPERON-EXPERIMENTAL-SCRIPTS","HYPERON-EXPERIMENTAL-SCRIPTS",""
"","53","B5-TYPES-PRELIM.14","","Sun Nov 03 01:13:11 GMT 2024","failed","Sun Nov 03 01:13:11 GMT 2024","","CHECK-TYPES-TEMP","CHECK-TYPES-TEMP",""
"","83","ADD-REMOVE-MATCH-STRINGS.16","","Sun Nov 03 00:54:23 GMT 2024","failed","Sun Nov 03 00:54:23 GMT 2024","","SPACES","SPACES",""
"","2","BACKWARD-CHAIN.03","","Sun Nov 03 00:52:07 GMT 2024","passed","Sun Nov 03 00:52:07 GMT 2024","","CHAINING","CHAINING",""
"","81","STATE-TYPES.18","","Sun Nov 03 01:59:10 GMT 2024","failed","Sun Nov 03 01:59:10 GMT 2024","","BASIC","BASIC",""
"","6","SEALED-TEST.10","","Sun Nov 03 00:38:57 GMT 2024","passed","Sun Nov 03 00:38:57 GMT 2024","","HYPERON-METTALOG-SANITY","HYPERON-METTALOG-SANITY",""
"","7","SPACE-SUBTRACTION-TESTS.10","","Sun Nov 03 00:38:57 GMT 2024","passed","Sun Nov 03 00:38:57 GMT 2024","","HYPERON-METTALOG-SANITY","HYPERON-METTALOG-SANITY",""
"","2","ADD-REMOVE-MATCH-S-STRINGS.05","","Sun Nov 03 00:54:23 GMT 2024","passed","Sun Nov 03 00:54:23 GMT 2024","","SPACES","SPACES",""
"","2","IFC-XP.12","","Sun Nov 03 01:23:34 GMT 2024","passed","Sun Nov 03 01:23:34 GMT 2024","","ITERATIVE-CHAINING","ITERATIVE-CHAINING",""
"","2","SPACE-INTERSECTION-TESTS.01","","Sun Nov 03 00:38:57 GMT 2024","passed","Sun Nov 03 00:38:57 GMT 2024","","HYPERON-METTALOG-SANITY","HYPERON-METTALOG-SANITY",""
"","2","INF-CTL-MONTH-XP-SHORT-3.02","","Sun Nov 03 02:05:29 GMT 2024","passed","Sun Nov 03 02:05:29 GMT 2024","","COMPARISONS","COMPARISONS",""
"","3","CHAPTER-2-2.12","","Sun Nov 03 00:56:39 GMT 2024","passed","Sun Nov 03 00:56:39 GMT 2024","","SICP-BOOK","SICP-BOOK",""
"","40000","SICP_book.chapter_1_3_2","","Sun Nov 03 00:37:15 GMT 2024","failed","Sun Nov 03 00:37:55 GMT 2024","","WHOLE-TESTS","WHOLE-TESTS",""
"","2","F1-MODULEA.07","","Sun Nov 03 00:47:10 GMT 2024","passed","Sun Nov 03 00:47:10 GMT 2024","","QUICK","QUICK",""
"","2","BCHAIN.04","","Sun Nov 03 01:50:35 GMT 2024","passed","Sun Nov 03 01:50:35 GMT 2024","","WALK-THRU","WALK-THRU",""
"","1","INF-CTL-MONTH-XP-SHORT-3.07","","Sun Nov 03 02:05:29 GMT 2024","passed","Sun Nov 03 02:05:29 GMT 2024","","COMPARISONS","COMPARISONS",""
"","14","D1-GADT.09","","Sun Nov 03 01:13:31 GMT 2024","passed","Sun Nov 03 01:13:31 GMT 2024","","CHECK-TYPES","CHECK-TYPES",""
"","5000","hyperon-mettalog_sanity.06_match_in_space","","Sun Nov 03 00:37:15 GMT 2024","passed","Sun Nov 03 00:37:20 GMT 2024","","WHOLE-TESTS","WHOLE-TESTS",""
"","4","03-SORING-VIA-INSERT.01","","Sun Nov 03 00:38:57 GMT 2024","passed","Sun Nov 03 00:38:57 GMT 2024","","HYPERON-METTALOG-SANITY","HYPERON-METTALOG-SANITY",""
"","2","C1-GROUNDED-BASIC.02","","Sun Nov 03 00:47:10 GMT 2024","passed","Sun Nov 03 00:47:10 GMT 2024","","QUICK","QUICK",""
"","3","B3-DIRECT.02","","Sun Nov 03 00:37:20 GMT 2024","passed","Sun Nov 03 00:37:20 GMT 2024","","HYPERON-EXPERIMENTAL-SCRIPTS","HYPERON-EXPERIMENTAL-SCRIPTS",""
"","2","D2-HIGHERFUNC.06","","Sun Nov 03 01:13:31 GMT 2024","passed","Sun Nov 03 01:13:31 GMT 2024","","CHECK-TYPES","CHECK-TYPES",""
"","88","SHOW-TYPE.13","","Sun Nov 03 00:54:10 GMT 2024","failed","Sun Nov 03 00:54:10 GMT 2024","","INTROSPECT","INTROSPECT",""
"","3","IBC-XP.01","","Sun Nov 03 01:23:34 GMT 2024","passed","Sun Nov 03 01:23:34 GMT 2024","","ITERATIVE-CHAINING","ITERATIVE-CHAINING",""
"","2","BACKWARD-CHAINER-XP.23","","Sun Nov 03 01:17:21 GMT 2024","passed","Sun Nov 03 01:17:21 GMT 2024","","BACKWARD-CHAINER","BACKWARD-CHAINER",""
"","5000","comparisons.inf-ctl-month-xp-short_6","","Sun Nov 03 00:37:15 GMT 2024","passed","Sun Nov 03 00:37:20 GMT 2024","","WHOLE-TESTS","WHOLE-TESTS",""
"","2","IBC-XP.05","","Sun Nov 03 01:23:34 GMT 2024","passed","Sun Nov 03 01:23:34 GMT 2024","","ITERATIVE-CHAINING","ITERATIVE-CHAINING",""
"","3","TESTS0.05","","Sun Nov 03 01:45:13 GMT 2024","passed","Sun Nov 03 01:45:13 GMT 2024","","PREV","PREV",""
"","786","INF-ORDER-PROBS.07","","Sun Nov 03 01:05:14 GMT 2024","passed","Sun Nov 03 01:05:14 GMT 2024","","PROB-DEP-TYPES","PROB-DEP-TYPES",""
"","4","TESTS0.06","","Sun Nov 03 00:47:37 GMT 2024","passed","Sun Nov 03 00:47:37 GMT 2024","","MAIN-BRANCH","MAIN-BRANCH",""
"","2","OR-TEST.09","","Sun Nov 03 00:38:57 GMT 2024","passed","Sun Nov 03 00:38:57 GMT 2024","","HYPERON-METTALOG-SANITY","HYPERON-METTALOG-SANITY",""
"","1","TEST-IF-CLOSED.07","","Sun Nov 03 00:44:59 GMT 2024","passed","Sun Nov 03 00:44:59 GMT 2024","","ANTI-REGRESSION","ANTI-REGRESSION",""
"","3","BC-XP.10","","Sun Nov 03 01:17:27 GMT 2024","passed","Sun Nov 03 01:17:27 GMT 2024","","BACKWARD-CHAINING","BACKWARD-CHAINING",""
"","1","FORWARD-CHAINER-XP.15","","Sun Nov 03 01:20:07 GMT 2024","passed","Sun Nov 03 01:20:07 GMT 2024","","FORWARD-CHAINER","FORWARD-CHAINER",""
"","2","FORWARD-CHAINER-XP.12","","Sun Nov 03 01:20:07 GMT 2024","passed","Sun Nov 03 01:20:07 GMT 2024","","FORWARD-CHAINER","FORWARD-CHAINER",""
"","2","TESTS0.03","","Sun Nov 03 00:47:37 GMT 2024","passed","Sun Nov 03 00:47:37 GMT 2024","","MAIN-BRANCH","MAIN-BRANCH",""
"","493","TESTS5.01","","Sun Nov 03 00:47:37 GMT 2024","failed","Sun Nov 03 00:47:37 GMT 2024","","MAIN-BRANCH","MAIN-BRANCH",""
"","7","C3-PLN-STV.04","","Sun Nov 03 00:37:20 GMT 2024","passed","Sun Nov 03 00:37:20 GMT 2024","","HYPERON-EXPERIMENTAL-SCRIPTS","HYPERON-EXPERIMENTAL-SCRIPTS",""
"","3","IOIOIOI.04","","Sun Nov 03 01:56:50 GMT 2024","passed","Sun Nov 03 01:56:50 GMT 2024","","MULTIDIRECTIONAL","MULTIDIRECTIONAL",""
"","2","F1-MODULEA.07","","Sun Nov 03 00:37:20 GMT 2024","passed","Sun Nov 03 00:37:20 GMT 2024","","HYPERON-EXPERIMENTAL-SCRIPTS","HYPERON-EXPERIMENTAL-SCRIPTS",""
"","3","00-LANG-CASE.13","","Sun Nov 03 00:38:57 GMT 2024","passed","Sun Nov 03 00:38:57 GMT 2024","","HYPERON-METTALOG-SANITY","HYPERON-METTALOG-SANITY",""
"","53","IMPLICATIONDIRECTINTRODUCTIONDTLTEST.01","","Sun Nov 03 01:16:13 GMT 2024","failed","Sun Nov 03 01:16:13 GMT 2024","","DEPENDENT-TYPES","DEPENDENT-TYPES",""
"","198","SHOW-TYPE.17","","Sun Nov 03 00:54:10 GMT 2024","failed","Sun Nov 03 00:54:10 GMT 2024","","INTROSPECT","INTROSPECT",""
"","24000","language_models.training","","Sun Nov 03 00:37:15 GMT 2024","passed","Sun Nov 03 00:37:39 GMT 2024","","WHOLE-TESTS","WHOLE-TESTS",""
"","2","IFC-XP.30","","Sun Nov 03 01:23:34 GMT 2024","passed","Sun Nov 03 01:23:34 GMT 2024","","ITERATIVE-CHAINING","ITERATIVE-CHAINING",""
"","15","TESTS1.01","","Sun Nov 03 01:45:13 GMT 2024","failed","Sun Nov 03 01:45:13 GMT 2024","","PREV","PREV",""
"","3","B4-NONDETERM.07","","Sun Nov 03 00:37:20 GMT 2024","passed","Sun Nov 03 00:37:20 GMT 2024","","HYPERON-EXPERIMENTAL-SCRIPTS","HYPERON-EXPERIMENTAL-SCRIPTS",""
"","74","D5-AUTO-TYPES.06","","Sun Nov 03 01:13:31 GMT 2024","failed","Sun Nov 03 01:13:31 GMT 2024","","CHECK-TYPES","CHECK-TYPES",""
"","3","OR-TEST.16","","Sun Nov 03 00:38:57 GMT 2024","passed","Sun Nov 03 00:38:57 GMT 2024","","HYPERON-METTALOG-SANITY","HYPERON-METTALOG-SANITY",""
"","2","B5-TYPES-PRELIM.07","","Sun Nov 03 00:37:20 GMT 2024","passed","Sun Nov 03 00:37:20 GMT 2024","","HYPERON-EXPERIMENTAL-SCRIPTS","HYPERON-EXPERIMENTAL-SCRIPTS",""
"","4000","metta-morph_tests.collapse","","Sun Nov 03 00:37:15 GMT 2024","passed","Sun Nov 03 00:37:19 GMT 2024","","WHOLE-TESTS","WHOLE-TESTS",""
"","3","FC-XP.03","","Sun Nov 03 01:20:16 GMT 2024","passed","Sun Nov 03 01:20:16 GMT 2024","","FORWARD-CHAINING","FORWARD-CHAINING",""
"","133","INTERSECTION-TESTS.21","","Sun Nov 03 00:38:57 GMT 2024","failed","Sun Nov 03 00:38:57 GMT 2024","","HYPERON-METTALOG-SANITY","HYPERON-METTALOG-SANITY",""
"","73","TYPE-PROP.66","","Sun Nov 03 01:13:11 GMT 2024","failed","Sun Nov 03 01:13:11 GMT 2024","","CHECK-TYPES-TEMP","CHECK-TYPES-TEMP",""
"","2","TYPE-PROP.32","","Sun Nov 03 01:13:11 GMT 2024","passed","Sun Nov 03 01:13:11 GMT 2024","","CHECK-TYPES-TEMP","CHECK-TYPES-TEMP",""
"","4","HYPERON-EXPERIMENTAL-ISSUE-516-REDDUCED.02","","Sun Nov 03 01:53:53 GMT 2024","passed","Sun Nov 03 01:53:53 GMT 2024","","DEBUGGING","DEBUGGING",""
"","2","SYNTHESIZE-VIA-TYPE-CHECKING.09","","Sun Nov 03 01:28:09 GMT 2024","passed","Sun Nov 03 01:28:09 GMT 2024","","EXPERIMENTS","EXPERIMENTS",""
"","564","TMPMATCH2.05","","Sun Nov 03 01:50:35 GMT 2024","passed","Sun Nov 03 01:50:35 GMT 2024","","WALK-THRU","WALK-THRU",""
"","3","INF-CTL-MONTH-BC-CONT-XP.27","","Sun Nov 03 01:21:32 GMT 2024","passed","Sun Nov 03 01:21:32 GMT 2024","","INFERENCE-CONTROL","INFERENCE-CONTROL",""
"","13","D2-HIGHERFUNC.21","","Sun Nov 03 00:37:20 GMT 2024","passed","Sun Nov 03 00:37:20 GMT 2024","","HYPERON-EXPERIMENTAL-SCRIPTS","HYPERON-EXPERIMENTAL-SCRIPTS",""
"","15","D3-DEPTYPES.04","","Sun Nov 03 00:37:20 GMT 2024","passed","Sun Nov 03 00:37:20 GMT 2024","","HYPERON-EXPERIMENTAL-SCRIPTS","HYPERON-EXPERIMENTAL-SCRIPTS",""
"","658","TESTS0.07","","Sun Nov 03 01:45:13 GMT 2024","passed","Sun Nov 03 01:45:13 GMT 2024","","PREV","PREV",""
"","3","PC-XP.07","","Sun Nov 03 01:26:17 GMT 2024","passed","Sun Nov 03 01:26:17 GMT 2024","","POLYWARD-CHAINING","POLYWARD-CHAINING",""
"","3","IBC-XP.06","","Sun Nov 03 01:23:34 GMT 2024","passed","Sun Nov 03 01:23:34 GMT 2024","","ITERATIVE-CHAINING","ITERATIVE-CHAINING",""
"","2","TYPE-PROP.30","","Sun Nov 03 01:13:11 GMT 2024","passed","Sun Nov 03 01:13:11 GMT 2024","","CHECK-TYPES-TEMP","CHECK-TYPES-TEMP",""
"","2","TESTS1-PRE.07","","Sun Nov 03 00:47:37 GMT 2024","passed","Sun Nov 03 00:47:37 GMT 2024","","MAIN-BRANCH","MAIN-BRANCH",""
"","2","INF-CTL-MONTH-BC-CONT-XP.06","","Sun Nov 03 01:21:32 GMT 2024","passed","Sun Nov 03 01:21:32 GMT 2024","","INFERENCE-CONTROL","INFERENCE-CONTROL",""
"","2","E2-STATES.03","","Sun Nov 03 01:13:31 GMT 2024","passed","Sun Nov 03 01:13:31 GMT 2024","","CHECK-TYPES","CHECK-TYPES",""
"","2","D2-HIGHERFUNC.08","","Sun Nov 03 00:37:20 GMT 2024","passed","Sun Nov 03 00:37:20 GMT 2024","","HYPERON-EXPERIMENTAL-SCRIPTS","HYPERON-EXPERIMENTAL-SCRIPTS",""
"","131","BASIC.01","","Sun Nov 03 01:10:27 GMT 2024","passed","Sun Nov 03 01:10:27 GMT 2024","","TRAVERSER","TRAVERSER",""
"","2","D4-TYPE-PROP.19","","Sun Nov 03 00:37:20 GMT 2024","passed","Sun Nov 03 00:37:20 GMT 2024","","HYPERON-EXPERIMENTAL-SCRIPTS","HYPERON-EXPERIMENTAL-SCRIPTS",""
"","2","ADD-REMOVE-MATCH-S-SYMBOLS.11","","Sun Nov 03 00:54:23 GMT 2024","passed","Sun Nov 03 00:54:23 GMT 2024","","SPACES","SPACES",""
"","2","STATES-SPACES.02","","Sun Nov 03 00:42:53 GMT 2024","passed","Sun Nov 03 00:42:53 GMT 2024","","METTA-MORPH-TESTS","METTA-MORPH-TESTS",""
"","2","DEBUG-METTALOGTESTCURRIED.11","","Sun Nov 03 01:50:35 GMT 2024","passed","Sun Nov 03 01:50:35 GMT 2024","","WALK-THRU","WALK-THRU",""
"","102","D5-AUTO-TYPES.04","","Sun Nov 03 01:13:31 GMT 2024","failed","Sun Nov 03 01:13:31 GMT 2024","","CHECK-TYPES","CHECK-TYPES",""
"","4000","spaces.add-remove-match-s-symbols","","Sun Nov 03 00:37:15 GMT 2024","passed","Sun Nov 03 00:37:19 GMT 2024","","WHOLE-TESTS","WHOLE-TESTS",""
"","2","CHAPTER-1-1.17","","Sun Nov 03 00:56:39 GMT 2024","passed","Sun Nov 03 00:56:39 GMT 2024","","SICP-BOOK","SICP-BOOK",""
"","14","TEST-INFER-FUNCTION-APPLICATION-TYPE.05","","Sun Nov 03 01:59:10 GMT 2024","failed","Sun Nov 03 01:59:10 GMT 2024","","BASIC","BASIC",""
"","2","TEST-IF-CLOSED.11","","Sun Nov 03 00:44:59 GMT 2024","passed","Sun Nov 03 00:44:59 GMT 2024","","ANTI-REGRESSION","ANTI-REGRESSION",""
"","2","STATE-TYPES.13","","Sun Nov 03 01:59:10 GMT 2024","passed","Sun Nov 03 01:59:10 GMT 2024","","BASIC","BASIC",""
"","2","HYPERPOSING-SHARED.10","","Sun Nov 03 01:59:10 GMT 2024","passed","Sun Nov 03 01:59:10 GMT 2024","","BASIC","BASIC",""
"","4","IMPLICATIONDIRECTINTRODUCTIONDTLTEST.06","","Sun Nov 03 01:16:13 GMT 2024","passed","Sun Nov 03 01:16:13 GMT 2024","","DEPENDENT-TYPES","DEPENDENT-TYPES",""
"","2","FORWARD-CHAINER-TEST.08","","Sun Nov 03 01:20:07 GMT 2024","passed","Sun Nov 03 01:20:07 GMT 2024","","FORWARD-CHAINER","FORWARD-CHAINER",""
"","139","JOHN-CARRY-FLOWER-TEST.03","","Sun Nov 03 01:27:03 GMT 2024","passed","Sun Nov 03 01:27:03 GMT 2024","","JOHN-CARRY-FLOWER","JOHN-CARRY-FLOWER",""
"","2","ADD-REMOVE-MATCH-INTEGER.03","","Sun Nov 03 00:54:23 GMT 2024","passed","Sun Nov 03 00:54:23 GMT 2024","","SPACES","SPACES",""
"","5000","SICP_book.chapter_2_4","","Sun Nov 03 00:37:15 GMT 2024","passed","Sun Nov 03 00:37:20 GMT 2024","","WHOLE-TESTS","WHOLE-TESTS",""
"","44","IMPLICATIONDIRECTINTRODUCTIONDTLTEST.15","","Sun Nov 03 01:16:13 GMT 2024","failed","Sun Nov 03 01:16:13 GMT 2024","","DEPENDENT-TYPES","DEPENDENT-TYPES",""
"","2","SEQUENTIAL-NESTED.12","","Sun Nov 03 00:42:53 GMT 2024","passed","Sun Nov 03 00:42:53 GMT 2024","","METTA-MORPH-TESTS","METTA-MORPH-TESTS",""
"","2","STRING-TESTS.08","","Sun Nov 03 00:38:57 GMT 2024","passed","Sun Nov 03 00:38:57 GMT 2024","","HYPERON-METTALOG-SANITY","HYPERON-METTALOG-SANITY",""
"","11280","NILS-IF-CONTROL-TEST-2.03","","Sun Nov 03 02:05:29 GMT 2024","passed","Sun Nov 03 02:05:40 GMT 2024","","COMPARISONS","COMPARISONS",""
"","2","CHAPTER-2-4.10","","Sun Nov 03 00:56:39 GMT 2024","passed","Sun Nov 03 00:56:39 GMT 2024","","SICP-BOOK","SICP-BOOK",""
"","1","HYPERPOSING-UNSHARED.07","","Sun Nov 03 01:59:10 GMT 2024","passed","Sun Nov 03 01:59:10 GMT 2024","","BASIC","BASIC",""
"","1","HYPERPOSE.05","","Sun Nov 03 00:42:53 GMT 2024","passed","Sun Nov 03 00:42:53 GMT 2024","","METTA-MORPH-TESTS","METTA-MORPH-TESTS",""
"","2","00A-LANG-COMPILED-CASE.03","","Sun Nov 03 01:49:09 GMT 2024","passed","Sun Nov 03 01:49:09 GMT 2024","","DIRECT-COMP","DIRECT-COMP",""
"","1467","TESTS4.02","","Sun Nov 03 00:47:37 GMT 2024","failed","Sun Nov 03 00:47:38 GMT 2024","","MAIN-BRANCH","MAIN-BRANCH",""
"","2","SUPERCOLLAPSE.05","","Sun Nov 03 00:42:53 GMT 2024","passed","Sun Nov 03 00:42:53 GMT 2024","","METTA-MORPH-TESTS","METTA-MORPH-TESTS",""
"","79","INTERSECTION-TESTS.29","","Sun Nov 03 00:38:57 GMT 2024","failed","Sun Nov 03 00:38:57 GMT 2024","","HYPERON-METTALOG-SANITY","HYPERON-METTALOG-SANITY",""
"","3","SYNTHESIZE-VIA-SUPERPOSE.01","","Sun Nov 03 01:28:09 GMT 2024","passed","Sun Nov 03 01:28:09 GMT 2024","","EXPERIMENTS","EXPERIMENTS",""
"","2","TYPE-PROP.02","","Sun Nov 03 01:13:11 GMT 2024","passed","Sun Nov 03 01:13:11 GMT 2024","","CHECK-TYPES-TEMP","CHECK-TYPES-TEMP",""
"","1","AI-SERVICE-COMPOSITION-SANITY.03","","Sun Nov 03 01:10:39 GMT 2024","passed","Sun Nov 03 01:10:39 GMT 2024","","AI-SERVICE","AI-SERVICE",""
"","2","HYPERPOSE.04","","Sun Nov 03 00:42:53 GMT 2024","passed","Sun Nov 03 00:42:53 GMT 2024","","METTA-MORPH-TESTS","METTA-MORPH-TESTS",""
"","75","C1-GROUNDED-BASIC.19","","Sun Nov 03 00:37:20 GMT 2024","passed","Sun Nov 03 00:37:20 GMT 2024","","HYPERON-EXPERIMENTAL-SCRIPTS","HYPERON-EXPERIMENTAL-SCRIPTS",""
"","2","BC-XP.22","","Sun Nov 03 01:17:27 GMT 2024","passed","Sun Nov 03 01:17:27 GMT 2024","","BACKWARD-CHAINING","BACKWARD-CHAINING",""
"","1","ADD-REMOVE-MATCH-SS-STRINGS.06","","Sun Nov 03 00:54:23 GMT 2024","passed","Sun Nov 03 00:54:23 GMT 2024","","SPACES","SPACES",""
"","3","C1-GROUNDED-BASIC.06","","Sun Nov 03 00:37:20 GMT 2024","passed","Sun Nov 03 00:37:20 GMT 2024","","HYPERON-EXPERIMENTAL-SCRIPTS","HYPERON-EXPERIMENTAL-SCRIPTS",""
"","3","HYPERPOSING-SHARED.01","","Sun Nov 03 01:59:10 GMT 2024","passed","Sun Nov 03 01:59:10 GMT 2024","","BASIC","BASIC",""
"","2","D3-DEPTYPES.03","","Sun Nov 03 01:13:31 GMT 2024","passed","Sun Nov 03 01:13:31 GMT 2024","","CHECK-TYPES","CHECK-TYPES",""
"","40000","experiments.self-contained-synthesize","","Sun Nov 03 00:37:15 GMT 2024","failed","Sun Nov 03 00:37:55 GMT 2024","","WHOLE-TESTS","WHOLE-TESTS",""
"","2","A3-TWOSIDE.02","","Sun Nov 03 00:37:20 GMT 2024","passed","Sun Nov 03 00:37:20 GMT 2024","","HYPERON-EXPERIMENTAL-SCRIPTS","HYPERON-EXPERIMENTAL-SCRIPTS",""
"","6000","nars_extras.RUN_minnars_trimmed","","Sun Nov 03 00:37:15 GMT 2024","passed","Sun Nov 03 00:37:21 GMT 2024","","WHOLE-TESTS","WHOLE-TESTS",""
"","2","D1-GADT.10","","Sun Nov 03 00:47:10 GMT 2024","passed","Sun Nov 03 00:47:10 GMT 2024","","QUICK","QUICK",""
"","15000","anti-regression.mettalogTestCurried","","Sun Nov 03 00:37:15 GMT 2024","failed","Sun Nov 03 00:37:30 GMT 2024","","WHOLE-TESTS","WHOLE-TESTS",""
"","2","B5-TYPES-PRELIM.16","","Sun Nov 03 00:37:20 GMT 2024","passed","Sun Nov 03 00:37:20 GMT 2024","","HYPERON-EXPERIMENTAL-SCRIPTS","HYPERON-EXPERIMENTAL-SCRIPTS",""
"","64","PATHFINDING-EASY.01","","Sun Nov 03 01:59:10 GMT 2024","failed","Sun Nov 03 01:59:10 GMT 2024","","BASIC","BASIC",""
"","4000","transpiler.letlet","","Sun Nov 03 00:37:15 GMT 2024","passed","Sun Nov 03 00:37:19 GMT 2024","","WHOLE-TESTS","WHOLE-TESTS",""
"","2","TYPE-PROP.43","","Sun Nov 03 01:13:11 GMT 2024","passed","Sun Nov 03 01:13:11 GMT 2024","","CHECK-TYPES-TEMP","CHECK-TYPES-TEMP",""
"","1","D4-TYPE-PROP.09","","Sun Nov 03 01:13:31 GMT 2024","passed","Sun Nov 03 01:13:31 GMT 2024","","CHECK-TYPES","CHECK-TYPES",""
"","8000","soap_opera_corpus.so_convert","","Sun Nov 03 00:37:15 GMT 2024","passed","Sun Nov 03 00:37:23 GMT 2024","","WHOLE-TESTS","WHOLE-TESTS",""
"","2","SPACE-SUBTRACTION-TESTS.06","","Sun Nov 03 00:38:57 GMT 2024","passed","Sun Nov 03 00:38:57 GMT 2024","","HYPERON-METTALOG-SANITY","HYPERON-METTALOG-SANITY",""
"","2","D4-TYPE-PROP.05","","Sun Nov 03 01:13:31 GMT 2024","passed","Sun Nov 03 01:13:31 GMT 2024","","CHECK-TYPES","CHECK-TYPES",""
"","1","D1-GADT.14","","Sun Nov 03 00:47:10 GMT 2024","passed","Sun Nov 03 00:47:10 GMT 2024","","QUICK","QUICK",""
"","1","BACKWARD-CHAINER-XP.08","","Sun Nov 03 01:17:21 GMT 2024","passed","Sun Nov 03 01:17:21 GMT 2024","","BACKWARD-CHAINER","BACKWARD-CHAINER",""
"","2","HYPERPOSING.09","","Sun Nov 03 01:59:10 GMT 2024","passed","Sun Nov 03 01:59:10 GMT 2024","","BASIC","BASIC",""
"","3","BACKWARD-CHAINER-XP.33","","Sun Nov 03 01:17:21 GMT 2024","passed","Sun Nov 03 01:17:21 GMT 2024","","BACKWARD-CHAINER","BACKWARD-CHAINER",""
"","2","INF-CTL-XP.02","","Sun Nov 03 01:21:32 GMT 2024","passed","Sun Nov 03 01:21:32 GMT 2024","","INFERENCE-CONTROL","INFERENCE-CONTROL",""
"","120","STDLIB-METTALOG-TEST-PT2.60","","Sun Nov 03 00:56:29 GMT 2024","failed","Sun Nov 03 00:56:29 GMT 2024","","STDLIB-METTALOG","STDLIB-METTALOG",""
"","45","BACKWARD-CHAINER-XP.13","","Sun Nov 03 01:17:21 GMT 2024","failed","Sun Nov 03 01:17:21 GMT 2024","","BACKWARD-CHAINER","BACKWARD-CHAINER",""
"","2","INF-CTL-MONTH-XP-SHORT-3.01","","Sun Nov 03 02:05:29 GMT 2024","passed","Sun Nov 03 02:05:29 GMT 2024","","COMPARISONS","COMPARISONS",""
"","50","FORWARD-CHAINER-XP.01","","Sun Nov 03 01:20:07 GMT 2024","failed","Sun Nov 03 01:20:07 GMT 2024","","FORWARD-CHAINER","FORWARD-CHAINER",""
"","2","C1-GROUNDED-BASIC.05","","Sun Nov 03 00:47:10 GMT 2024","passed","Sun Nov 03 00:47:10 GMT 2024","","QUICK","QUICK",""
"","15000","anti-regression.system_proofTestCurried","","Sun Nov 03 00:37:15 GMT 2024","failed","Sun Nov 03 00:37:30 GMT 2024","","WHOLE-TESTS","WHOLE-TESTS",""
"","2","ADD-REMOVE-MATCH-INTEGER.36","","Sun Nov 03 00:54:23 GMT 2024","passed","Sun Nov 03 00:54:23 GMT 2024","","SPACES","SPACES",""
"","3","SPACE-INTERSECTION-TESTS.06","","Sun Nov 03 00:38:57 GMT 2024","passed","Sun Nov 03 00:38:57 GMT 2024","","HYPERON-METTALOG-SANITY","HYPERON-METTALOG-SANITY",""
"","995","TRAINING-BI.04","","Sun Nov 03 02:11:44 GMT 2024","passed","Sun Nov 03 02:11:44 GMT 2024","","LANGUAGE-MODELS","LANGUAGE-MODELS",""
"","3","CHAPTER-2-2.06","","Sun Nov 03 00:56:39 GMT 2024","passed","Sun Nov 03 00:56:39 GMT 2024","","SICP-BOOK","SICP-BOOK",""
"","4","SHOW-TYPE.06","","Sun Nov 03 00:54:10 GMT 2024","passed","Sun Nov 03 00:54:10 GMT 2024","","INTROSPECT","INTROSPECT",""
"","3","TESTS0.03","","Sun Nov 03 01:32:21 GMT 2024","passed","Sun Nov 03 01:32:21 GMT 2024","","CURRENT","CURRENT",""
"","198","USE-TWO-SERVERS.01","","Sun Nov 03 01:54:58 GMT 2024","failed","Sun Nov 03 01:54:58 GMT 2024","","DISTRIBUTED-PROCESSING","DISTRIBUTED-PROCESSING",""
"","45000","stdlib-mettalog.stdlib_mettalog_test","","Sun Nov 03 00:37:15 GMT 2024","failed","Sun Nov 03 00:38:00 GMT 2024","","WHOLE-TESTS","WHOLE-TESTS",""
"","2","D2-HIGHERFUNC.11","","Sun Nov 03 00:47:10 GMT 2024","passed","Sun Nov 03 00:47:10 GMT 2024","","QUICK","QUICK",""
"","3","IFC-XP.35","","Sun Nov 03 01:23:34 GMT 2024","passed","Sun Nov 03 01:23:34 GMT 2024","","ITERATIVE-CHAINING","ITERATIVE-CHAINING",""
"","40","BACKWARD-CHAINER-XP.06","","Sun Nov 03 01:17:21 GMT 2024","failed","Sun Nov 03 01:17:21 GMT 2024","","BACKWARD-CHAINER","BACKWARD-CHAINER",""
"","14","D1-GADT.09","","Sun Nov 03 00:47:10 GMT 2024","passed","Sun Nov 03 00:47:10 GMT 2024","","QUICK","QUICK",""
"","5000","comparisons.inf-ctl-month-xp-short_1","","Sun Nov 03 00:37:15 GMT 2024","passed","Sun Nov 03 00:37:20 GMT 2024","","WHOLE-TESTS","WHOLE-TESTS",""
"","1585","SYNTHESIZE-VIA-CASE-TEST.11","","Sun Nov 03 01:28:09 GMT 2024","failed","Sun Nov 03 01:28:10 GMT 2024","","EXPERIMENTS","EXPERIMENTS",""
"","3","CML-UNSHARED.06","","Sun Nov 03 01:59:10 GMT 2024","passed","Sun Nov 03 01:59:10 GMT 2024","","BASIC","BASIC",""
"","2","MATCH-VOID.07","","Sun Nov 03 00:42:53 GMT 2024","passed","Sun Nov 03 00:42:53 GMT 2024","","METTA-MORPH-TESTS","METTA-MORPH-TESTS",""
"","2","TYPE-PROP.45","","Sun Nov 03 01:13:11 GMT 2024","passed","Sun Nov 03 01:13:11 GMT 2024","","CHECK-TYPES-TEMP","CHECK-TYPES-TEMP",""
"","2","CHAPTER-1-2.03","","Sun Nov 03 00:56:39 GMT 2024","passed","Sun Nov 03 00:56:39 GMT 2024","","SICP-BOOK","SICP-BOOK",""
"","2","ADD-REMOVE-MATCH-SYMBOLS.10","","Sun Nov 03 00:54:23 GMT 2024","passed","Sun Nov 03 00:54:23 GMT 2024","","SPACES","SPACES",""
"","2","IBC-XP.30","","Sun Nov 03 01:23:34 GMT 2024","passed","Sun Nov 03 01:23:34 GMT 2024","","ITERATIVE-CHAINING","ITERATIVE-CHAINING",""
"","1120","TRAINING.02","","Sun Nov 03 02:11:44 GMT 2024","passed","Sun Nov 03 02:11:45 GMT 2024","","LANGUAGE-MODELS","LANGUAGE-MODELS",""
"","5000","spaces.add-remove-match-mix-float-integer","","Sun Nov 03 00:37:15 GMT 2024","passed","Sun Nov 03 00:37:20 GMT 2024","","WHOLE-TESTS","WHOLE-TESTS",""
"","2","ADD-REMOVE-MATCH-FLOAT.12","","Sun Nov 03 00:54:23 GMT 2024","passed","Sun Nov 03 00:54:23 GMT 2024","","SPACES","SPACES",""
"","10","TYPE-PROP.57","","Sun Nov 03 01:13:11 GMT 2024","failed","Sun Nov 03 01:13:11 GMT 2024","","CHECK-TYPES-TEMP","CHECK-TYPES-TEMP",""
"","2","OR-TEST.12","","Sun Nov 03 00:38:57 GMT 2024","passed","Sun Nov 03 00:38:57 GMT 2024","","HYPERON-METTALOG-SANITY","HYPERON-METTALOG-SANITY",""
"","121","INF-CTL-MONTH-XP.01","","Sun Nov 03 01:21:32 GMT 2024","passed","Sun Nov 03 01:21:32 GMT 2024","","INFERENCE-CONTROL","INFERENCE-CONTROL",""
"","37","FORWARD-CHAINER-TEST.13","","Sun Nov 03 01:20:07 GMT 2024","failed","Sun Nov 03 01:20:07 GMT 2024","","FORWARD-CHAINER","FORWARD-CHAINER",""
"","3","QUERIES.15","","Sun Nov 03 01:09:46 GMT 2024","passed","Sun Nov 03 01:09:46 GMT 2024","","STRIPS-TO-METTA-IMPROVED","STRIPS-TO-METTA-IMPROVED",""
"","128","HYPERON-EXPERIMENTAL-ISSUE-492.01","","Sun Nov 03 01:53:53 GMT 2024","failed","Sun Nov 03 01:53:53 GMT 2024","","DEBUGGING","DEBUGGING",""
"","4000","hyperon-experimental_scripts.a2_opencoggy","","Sun Nov 03 00:37:15 GMT 2024","passed","Sun Nov 03 00:37:19 GMT 2024","","WHOLE-TESTS","WHOLE-TESTS",""
"","530","NTE.02","","Sun Nov 03 01:03:17 GMT 2024","passed","Sun Nov 03 01:03:17 GMT 2024","","EDGES-TO-EDGES","EDGES-TO-EDGES",""
"","148","FORWARD-CHAINER-XP.20","","Sun Nov 03 01:20:07 GMT 2024","passed","Sun Nov 03 01:20:07 GMT 2024","","FORWARD-CHAINER","FORWARD-CHAINER",""
"","2","STRING-TESTS.19","","Sun Nov 03 00:38:57 GMT 2024","passed","Sun Nov 03 00:38:57 GMT 2024","","HYPERON-METTALOG-SANITY","HYPERON-METTALOG-SANITY",""
"","2","INF-CTL-MONTH-XP-SHORT-3.09","","Sun Nov 03 02:05:29 GMT 2024","passed","Sun Nov 03 02:05:29 GMT 2024","","COMPARISONS","COMPARISONS",""
"","42","OBIF-CLP.03","","Sun Nov 03 01:56:50 GMT 2024","failed","Sun Nov 03 01:56:50 GMT 2024","","MULTIDIRECTIONAL","MULTIDIRECTIONAL",""
"","2","E2-STATES.10","","Sun Nov 03 01:13:31 GMT 2024","passed","Sun Nov 03 01:13:31 GMT 2024","","CHECK-TYPES","CHECK-TYPES",""
"","2","B5-TYPES-PRELIM.23","","Sun Nov 03 00:37:20 GMT 2024","passed","Sun Nov 03 00:37:20 GMT 2024","","HYPERON-EXPERIMENTAL-SCRIPTS","HYPERON-EXPERIMENTAL-SCRIPTS",""
"","287","SELF-CONTAINED-SYNTHESIZE.04","","Sun Nov 03 01:28:09 GMT 2024","failed","Sun Nov 03 01:28:09 GMT 2024","","EXPERIMENTS","EXPERIMENTS",""
"","3","TYPES-PRELIM.16","","Sun Nov 03 00:52:07 GMT 2024","passed","Sun Nov 03 00:52:07 GMT 2024","","CHAINING","CHAINING",""
"","2","ADD-REMOVE-MATCH-STRINGS.15","","Sun Nov 03 00:54:23 GMT 2024","passed","Sun Nov 03 00:54:23 GMT 2024","","SPACES","SPACES",""
"","2","PC-XP.04","","Sun Nov 03 01:26:17 GMT 2024","passed","Sun Nov 03 01:26:17 GMT 2024","","POLYWARD-CHAINING","POLYWARD-CHAINING",""
"","2","KEY-LOOKUPS-MANY.06","","Sun Nov 03 01:59:10 GMT 2024","passed","Sun Nov 03 01:59:10 GMT 2024","","BASIC","BASIC",""
"","2","IFC-XP.39","","Sun Nov 03 01:23:34 GMT 2024","passed","Sun Nov 03 01:23:34 GMT 2024","","ITERATIVE-CHAINING","ITERATIVE-CHAINING",""
"","2","C1-GROUNDED-BASIC.04","","Sun Nov 03 00:47:10 GMT 2024","passed","Sun Nov 03 00:47:10 GMT 2024","","QUICK","QUICK",""
"","5","INF-ORDER-PROBS.06","","Sun Nov 03 01:05:14 GMT 2024","passed","Sun Nov 03 01:05:14 GMT 2024","","PROB-DEP-TYPES","PROB-DEP-TYPES",""
"","2","SUPPORTRULEEXP.03","","Sun Nov 03 01:16:13 GMT 2024","passed","Sun Nov 03 01:16:13 GMT 2024","","DEPENDENT-TYPES","DEPENDENT-TYPES",""
"","46","BACKWARD-CHAINER-XP.35","","Sun Nov 03 01:17:21 GMT 2024","failed","Sun Nov 03 01:17:21 GMT 2024","","BACKWARD-CHAINER","BACKWARD-CHAINER",""
"","2","METTALOGTESTCURRIED2.02","","Sun Nov 03 01:50:35 GMT 2024","passed","Sun Nov 03 01:50:35 GMT 2024","","WALK-THRU","WALK-THRU",""
"","311","IBC-XP.14","","Sun Nov 03 01:23:34 GMT 2024","passed","Sun Nov 03 01:23:34 GMT 2024","","ITERATIVE-CHAINING","ITERATIVE-CHAINING",""
"","4000","check_types.d5_auto_types","","Sun Nov 03 00:37:15 GMT 2024","passed","Sun Nov 03 00:37:19 GMT 2024","","WHOLE-TESTS","WHOLE-TESTS",""
"","3","ADD-REMOVE-MATCH-S-STRINGS.09","","Sun Nov 03 00:54:23 GMT 2024","passed","Sun Nov 03 00:54:23 GMT 2024","","SPACES","SPACES",""
"","2","GENE-PLN-XP.02","","Sun Nov 03 01:12:58 GMT 2024","passed","Sun Nov 03 01:12:58 GMT 2024","","PLN","PLN",""
"","43000","synth_buffer.time_synthesize_long","","Sun Nov 03 00:37:15 GMT 2024","failed","Sun Nov 03 00:37:58 GMT 2024","","WHOLE-TESTS","WHOLE-TESTS",""
"","2","LTE.08","","Sun Nov 03 00:55:06 GMT 2024","passed","Sun Nov 03 00:55:06 GMT 2024","","STD","STD",""
"","2","D3-DEPTYPES.03","","Sun Nov 03 00:37:20 GMT 2024","passed","Sun Nov 03 00:37:20 GMT 2024","","HYPERON-EXPERIMENTAL-SCRIPTS","HYPERON-EXPERIMENTAL-SCRIPTS",""
"","2","D4-TYPE-PROP.11","","Sun Nov 03 00:47:10 GMT 2024","passed","Sun Nov 03 00:47:10 GMT 2024","","QUICK","QUICK",""
"","3","IMPL-METTALOGTESTCURRIED.06","","Sun Nov 03 01:50:35 GMT 2024","passed","Sun Nov 03 01:50:35 GMT 2024","","WALK-THRU","WALK-THRU",""
"","2","XOR-TEST.06","","Sun Nov 03 00:38:57 GMT 2024","passed","Sun Nov 03 00:38:57 GMT 2024","","HYPERON-METTALOG-SANITY","HYPERON-METTALOG-SANITY",""
"","1","HYPERPOSING.06","","Sun Nov 03 01:59:10 GMT 2024","passed","Sun Nov 03 01:59:10 GMT 2024","","BASIC","BASIC",""
"","3","TMPMATCH2.01","","Sun Nov 03 01:50:35 GMT 2024","passed","Sun Nov 03 01:50:35 GMT 2024","","WALK-THRU","WALK-THRU",""
"","5000","dependent-types.SupportRuleExp","","Sun Nov 03 00:37:15 GMT 2024","passed","Sun Nov 03 00:37:20 GMT 2024","","WHOLE-TESTS","WHOLE-TESTS",""
"","2","IDENTITY.01","","Sun Nov 03 00:42:53 GMT 2024","passed","Sun Nov 03 00:42:53 GMT 2024","","METTA-MORPH-TESTS","METTA-MORPH-TESTS",""
"","12","TYPE-PROP.69","","Sun Nov 03 01:13:11 GMT 2024","failed","Sun Nov 03 01:13:11 GMT 2024","","CHECK-TYPES-TEMP","CHECK-TYPES-TEMP",""
"","29","INF-CTL-MONTH-XP-SHORT-1.01","","Sun Nov 03 02:05:29 GMT 2024","failed","Sun Nov 03 02:05:29 GMT 2024","","COMPARISONS","COMPARISONS",""
"","72","INTERSECTION-TESTS.31","","Sun Nov 03 00:38:57 GMT 2024","failed","Sun Nov 03 00:38:57 GMT 2024","","HYPERON-METTALOG-SANITY","HYPERON-METTALOG-SANITY",""
"","3","ADD-REMOVE-MATCH-FLOAT.01","","Sun Nov 03 00:54:23 GMT 2024","passed","Sun Nov 03 00:54:23 GMT 2024","","SPACES","SPACES",""
"","6000","iterative-chaining.ifc-xp","","Sun Nov 03 00:37:15 GMT 2024","passed","Sun Nov 03 00:37:21 GMT 2024","","WHOLE-TESTS","WHOLE-TESTS",""
"","1205","SYNTHESIZE-VIA-CASE-TEST.06","","Sun Nov 03 01:28:09 GMT 2024","failed","Sun Nov 03 01:28:10 GMT 2024","","EXPERIMENTS","EXPERIMENTS",""
"","4000","introspect.show-type","","Sun Nov 03 00:37:15 GMT 2024","passed","Sun Nov 03 00:37:19 GMT 2024","","WHOLE-TESTS","WHOLE-TESTS",""
"","64","INF-CTL-MONTH-XP-SHORT-3.15","","Sun Nov 03 02:05:29 GMT 2024","failed","Sun Nov 03 02:05:29 GMT 2024","","COMPARISONS","COMPARISONS",""
"","2","INF-CTL-MONTH-XP-SHORT-3.14","","Sun Nov 03 02:05:29 GMT 2024","passed","Sun Nov 03 02:05:29 GMT 2024","","COMPARISONS","COMPARISONS",""
"","2","CHAPTER-1-1.02","","Sun Nov 03 00:56:39 GMT 2024","passed","Sun Nov 03 00:56:39 GMT 2024","","SICP-BOOK","SICP-BOOK",""
"","4000","hyperon-mettalog_sanity.is_space","","Sun Nov 03 00:37:15 GMT 2024","passed","Sun Nov 03 00:37:19 GMT 2024","","WHOLE-TESTS","WHOLE-TESTS",""
"","3","TYPE-PROP.33","","Sun Nov 03 01:13:11 GMT 2024","passed","Sun Nov 03 01:13:11 GMT 2024","","CHECK-TYPES-TEMP","CHECK-TYPES-TEMP",""
"","2","C1-GROUNDED-BASIC.13","","Sun Nov 03 00:47:10 GMT 2024","passed","Sun Nov 03 00:47:10 GMT 2024","","QUICK","QUICK",""
"","1","STDLIB-METTALOG-TEST-PT2.33","","Sun Nov 03 00:56:29 GMT 2024","passed","Sun Nov 03 00:56:29 GMT 2024","","STDLIB-METTALOG","STDLIB-METTALOG",""
"","2","D2-HIGHERFUNC.27","","Sun Nov 03 00:47:10 GMT 2024","passed","Sun Nov 03 00:47:10 GMT 2024","","QUICK","QUICK",""
"","12","CHAPTER-2-4.20","","Sun Nov 03 00:56:39 GMT 2024","failed","Sun Nov 03 00:56:39 GMT 2024","","SICP-BOOK","SICP-BOOK",""
"","2","STATES-SPACES.06","","Sun Nov 03 00:42:53 GMT 2024","passed","Sun Nov 03 00:42:53 GMT 2024","","METTA-MORPH-TESTS","METTA-MORPH-TESTS",""
"","2","BACKWARD-CHAINER-XP.30","","Sun Nov 03 01:17:21 GMT 2024","passed","Sun Nov 03 01:17:21 GMT 2024","","BACKWARD-CHAINER","BACKWARD-CHAINER",""
"","2","DEDUCTIONFORMULATEST.10","","Sun Nov 03 01:17:59 GMT 2024","passed","Sun Nov 03 01:17:59 GMT 2024","","FORMULA","FORMULA",""
"","2","STDLIB-METTALOG-TEST-PT2.45","","Sun Nov 03 00:56:29 GMT 2024","passed","Sun Nov 03 00:56:29 GMT 2024","","STDLIB-METTALOG","STDLIB-METTALOG",""
"","88","SHOW-TYPE.03","","Sun Nov 03 00:54:10 GMT 2024","failed","Sun Nov 03 00:54:10 GMT 2024","","INTROSPECT","INTROSPECT",""
"","2","MATCH-SUPERPOSED-SPACES.04","","Sun Nov 03 00:42:53 GMT 2024","passed","Sun Nov 03 00:42:53 GMT 2024","","METTA-MORPH-TESTS","METTA-MORPH-TESTS",""
"","3","LISTTEST.01","","Sun Nov 03 01:17:36 GMT 2024","passed","Sun Nov 03 01:17:36 GMT 2024","","COMMON","COMMON",""
"","2","D2-HIGHERFUNC.04","","Sun Nov 03 00:37:20 GMT 2024","passed","Sun Nov 03 00:37:20 GMT 2024","","HYPERON-EXPERIMENTAL-SCRIPTS","HYPERON-EXPERIMENTAL-SCRIPTS",""
"","161","SYNTHESIZE-VIA-LET-TEST.09","","Sun Nov 03 01:28:09 GMT 2024","passed","Sun Nov 03 01:28:09 GMT 2024","","EXPERIMENTS","EXPERIMENTS",""
"","3","D2-HIGHERFUNC.01","","Sun Nov 03 00:37:20 GMT 2024","passed","Sun Nov 03 00:37:20 GMT 2024","","HYPERON-EXPERIMENTAL-SCRIPTS","HYPERON-EXPERIMENTAL-SCRIPTS",""
"","3","D4-TYPE-PROP.08","","Sun Nov 03 01:13:31 GMT 2024","passed","Sun Nov 03 01:13:31 GMT 2024","","CHECK-TYPES","CHECK-TYPES",""
"","3","COLLAPSE.01","","Sun Nov 03 00:42:53 GMT 2024","passed","Sun Nov 03 00:42:53 GMT 2024","","METTA-MORPH-TESTS","METTA-MORPH-TESTS",""
"","361","SELF-CONTAINED-SYNTHESIZE.08","","Sun Nov 03 01:28:09 GMT 2024","failed","Sun Nov 03 01:28:09 GMT 2024","","EXPERIMENTS","EXPERIMENTS",""
"","92","STDLIB-METTALOG-TEST-PT2.38","","Sun Nov 03 00:56:29 GMT 2024","failed","Sun Nov 03 00:56:29 GMT 2024","","STDLIB-METTALOG","STDLIB-METTALOG",""
"","3","F1-IMPORTS.06","","Sun Nov 03 00:37:20 GMT 2024","passed","Sun Nov 03 00:37:20 GMT 2024","","HYPERON-EXPERIMENTAL-SCRIPTS","HYPERON-EXPERIMENTAL-SCRIPTS",""
"","2","METTALOGTESTCURRIED2.03","","Sun Nov 03 01:50:35 GMT 2024","passed","Sun Nov 03 01:50:35 GMT 2024","","WALK-THRU","WALK-THRU",""
"","4","TESTS0.05","","Sun Nov 03 00:42:53 GMT 2024","passed","Sun Nov 03 00:42:53 GMT 2024","","METTA-MORPH-TESTS","METTA-MORPH-TESTS",""
"","11","TYPE-PROP.59","","Sun Nov 03 01:13:11 GMT 2024","failed","Sun Nov 03 01:13:11 GMT 2024","","CHECK-TYPES-TEMP","CHECK-TYPES-TEMP",""
"","2","TESTS3.07","","Sun Nov 03 00:47:37 GMT 2024","passed","Sun Nov 03 00:47:37 GMT 2024","","MAIN-BRANCH","MAIN-BRANCH",""
"","2","ADD-REMOVE-MATCH-MIX-FLOAT-INTEGER.23","","Sun Nov 03 00:54:23 GMT 2024","passed","Sun Nov 03 00:54:23 GMT 2024","","SPACES","SPACES",""
"","13","D1-GADT.05","","Sun Nov 03 00:37:20 GMT 2024","passed","Sun Nov 03 00:37:20 GMT 2024","","HYPERON-EXPERIMENTAL-SCRIPTS","HYPERON-EXPERIMENTAL-SCRIPTS",""
"","2","ADD-REMOVE-MATCH-INTEGER.12","","Sun Nov 03 00:54:23 GMT 2024","passed","Sun Nov 03 00:54:23 GMT 2024","","SPACES","SPACES",""
"","1","D2-HIGHERFUNC.02","","Sun Nov 03 00:47:10 GMT 2024","passed","Sun Nov 03 00:47:10 GMT 2024","","QUICK","QUICK",""
"","145","CREATION.01","","Sun Nov 03 01:10:27 GMT 2024","failed","Sun Nov 03 01:10:27 GMT 2024","","TRAVERSER","TRAVERSER",""
"","4000","walk_thru.bchain_comp","","Sun Nov 03 00:37:15 GMT 2024","passed","Sun Nov 03 00:37:19 GMT 2024","","WHOLE-TESTS","WHOLE-TESTS",""
"","43","FC-XP.05","","Sun Nov 03 01:20:16 GMT 2024","failed","Sun Nov 03 01:20:16 GMT 2024","","FORWARD-CHAINING","FORWARD-CHAINING",""
"","5","OR-TEST.01","","Sun Nov 03 00:38:57 GMT 2024","passed","Sun Nov 03 00:38:57 GMT 2024","","HYPERON-METTALOG-SANITY","HYPERON-METTALOG-SANITY",""
"","228","PROB-DEP-TYPES.11","","Sun Nov 03 01:05:14 GMT 2024","passed","Sun Nov 03 01:05:14 GMT 2024","","PROB-DEP-TYPES","PROB-DEP-TYPES",""
"","2","IMPL-METTALOGTESTCURRIED.10","","Sun Nov 03 01:50:35 GMT 2024","passed","Sun Nov 03 01:50:35 GMT 2024","","WALK-THRU","WALK-THRU",""
"","2","00A-LANG-COMPILED-CASE.05","","Sun Nov 03 01:49:09 GMT 2024","passed","Sun Nov 03 01:49:09 GMT 2024","","DIRECT-COMP","DIRECT-COMP",""
"","2","IMPL-METTALOGTESTCURRIED.01","","Sun Nov 03 01:50:35 GMT 2024","passed","Sun Nov 03 01:50:35 GMT 2024","","WALK-THRU","WALK-THRU",""
"","2","ADD-REMOVE-MATCH-FLOAT.09","","Sun Nov 03 00:54:23 GMT 2024","passed","Sun Nov 03 00:54:23 GMT 2024","","SPACES","SPACES",""
"","3","IFC-XP.38","","Sun Nov 03 01:23:34 GMT 2024","passed","Sun Nov 03 01:23:34 GMT 2024","","ITERATIVE-CHAINING","ITERATIVE-CHAINING",""
"","2","UNIQUE-TEST.05","","Sun Nov 03 00:38:57 GMT 2024","passed","Sun Nov 03 00:38:57 GMT 2024","","HYPERON-METTALOG-SANITY","HYPERON-METTALOG-SANITY",""
"","2","D4-TYPE-PROP.17","","Sun Nov 03 00:37:20 GMT 2024","passed","Sun Nov 03 00:37:20 GMT 2024","","HYPERON-EXPERIMENTAL-SCRIPTS","HYPERON-EXPERIMENTAL-SCRIPTS",""
"","2","D2-HIGHERFUNC.13","","Sun Nov 03 00:47:10 GMT 2024","passed","Sun Nov 03 00:47:10 GMT 2024","","QUICK","QUICK",""
"","1","STATE-TYPES.15","","Sun Nov 03 01:59:10 GMT 2024","passed","Sun Nov 03 01:59:10 GMT 2024","","BASIC","BASIC",""
"","2","BC-XP.20","","Sun Nov 03 01:17:27 GMT 2024","passed","Sun Nov 03 01:17:27 GMT 2024","","BACKWARD-CHAINING","BACKWARD-CHAINING",""
"","40000","combinator_logic_experiments.y_comb_examples","","Sun Nov 03 00:37:15 GMT 2024","failed","Sun Nov 03 00:37:55 GMT 2024","","WHOLE-TESTS","WHOLE-TESTS",""
"","61","CHAPTER-2-4.09","","Sun Nov 03 00:56:39 GMT 2024","failed","Sun Nov 03 00:56:39 GMT 2024","","SICP-BOOK","SICP-BOOK",""
"","2","FORWARD-CHAINER-XP.17","","Sun Nov 03 01:20:07 GMT 2024","passed","Sun Nov 03 01:20:07 GMT 2024","","FORWARD-CHAINER","FORWARD-CHAINER",""
"","2","IBC-XP.31","","Sun Nov 03 01:23:34 GMT 2024","passed","Sun Nov 03 01:23:34 GMT 2024","","ITERATIVE-CHAINING","ITERATIVE-CHAINING",""
"","2","F1-IMPORTS.03","","Sun Nov 03 00:47:10 GMT 2024","passed","Sun Nov 03 00:47:10 GMT 2024","","QUICK","QUICK",""
"","4","TESTS0.03","","Sun Nov 03 01:37:25 GMT 2024","passed","Sun Nov 03 01:37:25 GMT 2024","","NARS-V0","NARS-V0",""
"","2","B5-TYPES-PRELIM.16","","Sun Nov 03 01:13:11 GMT 2024","passed","Sun Nov 03 01:13:11 GMT 2024","","CHECK-TYPES-TEMP","CHECK-TYPES-TEMP",""
"","6000","dependent-types.ModusPonensDTLTest","","Sun Nov 03 00:37:15 GMT 2024","passed","Sun Nov 03 00:37:21 GMT 2024","","WHOLE-TESTS","WHOLE-TESTS",""
"","11","STDLIB-METTALOG-TEST-PT2.68","","Sun Nov 03 00:56:29 GMT 2024","failed","Sun Nov 03 00:56:29 GMT 2024","","STDLIB-METTALOG","STDLIB-METTALOG",""
"","2","IBC-XP.32","","Sun Nov 03 01:23:34 GMT 2024","passed","Sun Nov 03 01:23:34 GMT 2024","","ITERATIVE-CHAINING","ITERATIVE-CHAINING",""
"","3","LISTTEST.15","","Sun Nov 03 01:17:36 GMT 2024","passed","Sun Nov 03 01:17:36 GMT 2024","","COMMON","COMMON",""
"","2","TYPE-PROP.56","","Sun Nov 03 01:13:11 GMT 2024","passed","Sun Nov 03 01:13:11 GMT 2024","","CHECK-TYPES-TEMP","CHECK-TYPES-TEMP",""
"","1","METTALOGTESTCURRIED2.03","","Sun Nov 03 00:44:59 GMT 2024","passed","Sun Nov 03 00:44:59 GMT 2024","","ANTI-REGRESSION","ANTI-REGRESSION",""
"","6000","bigram-sentence-evaluator.unigrams","","Sun Nov 03 00:37:15 GMT 2024","passed","Sun Nov 03 00:37:21 GMT 2024","","WHOLE-TESTS","WHOLE-TESTS",""
"","2","05-MATCH-SUPERPOSE-ELEMENT-LIKE-SPACE.04","","Sun Nov 03 01:53:49 GMT 2024","passed","Sun Nov 03 01:53:49 GMT 2024","","CONTAINERS-ARE-SPACES","CONTAINERS-ARE-SPACES",""
"","2","IFC-XP.37","","Sun Nov 03 01:23:34 GMT 2024","passed","Sun Nov 03 01:23:34 GMT 2024","","ITERATIVE-CHAINING","ITERATIVE-CHAINING",""
"","3","BC-COMP.06","","Sun Nov 03 00:44:59 GMT 2024","passed","Sun Nov 03 00:44:59 GMT 2024","","ANTI-REGRESSION","ANTI-REGRESSION",""
"","2","D2-HIGHERFUNC.03","","Sun Nov 03 00:47:10 GMT 2024","passed","Sun Nov 03 00:47:10 GMT 2024","","QUICK","QUICK",""
"","1147","PLLM-PENNTREE.02","","Sun Nov 03 02:11:44 GMT 2024","passed","Sun Nov 03 02:11:45 GMT 2024","","LANGUAGE-MODELS","LANGUAGE-MODELS",""
"","15","E3-MATCH-STATES.05","","Sun Nov 03 00:37:20 GMT 2024","failed","Sun Nov 03 00:37:20 GMT 2024","","HYPERON-EXPERIMENTAL-SCRIPTS","HYPERON-EXPERIMENTAL-SCRIPTS",""
"","2","BACKWARD-CHAINER-XP.36","","Sun Nov 03 01:17:21 GMT 2024","passed","Sun Nov 03 01:17:21 GMT 2024","","BACKWARD-CHAINER","BACKWARD-CHAINER",""
"","120","ADD-REMOVE-MATCH-SS-STRINGS.14","","Sun Nov 03 00:54:23 GMT 2024","passed","Sun Nov 03 00:54:23 GMT 2024","","SPACES","SPACES",""
"","125","TESTS0.07","","Sun Nov 03 00:47:37 GMT 2024","passed","Sun Nov 03 00:47:37 GMT 2024","","MAIN-BRANCH","MAIN-BRANCH",""
"","2","FC-XP.10","","Sun Nov 03 01:20:16 GMT 2024","passed","Sun Nov 03 01:20:16 GMT 2024","","FORWARD-CHAINING","FORWARD-CHAINING",""
"","4000","aunt-kg.baseline_formulation","","Sun Nov 03 00:37:15 GMT 2024","passed","Sun Nov 03 00:37:19 GMT 2024","","WHOLE-TESTS","WHOLE-TESTS",""
"","2","SUPERCOLLAPSE.04","","Sun Nov 03 00:42:53 GMT 2024","passed","Sun Nov 03 00:42:53 GMT 2024","","METTA-MORPH-TESTS","METTA-MORPH-TESTS",""
"","2","ORDEREDSETTEST.05","","Sun Nov 03 01:17:36 GMT 2024","passed","Sun Nov 03 01:17:36 GMT 2024","","COMMON","COMMON",""
"","3","TESTS2.02","","Sun Nov 03 00:47:37 GMT 2024","passed","Sun Nov 03 00:47:37 GMT 2024","","MAIN-BRANCH","MAIN-BRANCH",""
"","224","INF-CTL-MONTH-XP.13","","Sun Nov 03 01:21:32 GMT 2024","failed","Sun Nov 03 01:21:32 GMT 2024","","INFERENCE-CONTROL","INFERENCE-CONTROL",""
"","3","INF-CTL-MONTH-BC-CONT-XP.01","","Sun Nov 03 01:21:32 GMT 2024","passed","Sun Nov 03 01:21:32 GMT 2024","","INFERENCE-CONTROL","INFERENCE-CONTROL",""
"","3","SUBTRACTION-TEST.08","","Sun Nov 03 00:38:57 GMT 2024","passed","Sun Nov 03 00:38:57 GMT 2024","","HYPERON-METTALOG-SANITY","HYPERON-METTALOG-SANITY",""
"","61","STDLIB-METTALOG-TEST-PT2.74","","Sun Nov 03 00:56:29 GMT 2024","failed","Sun Nov 03 00:56:29 GMT 2024","","STDLIB-METTALOG","STDLIB-METTALOG",""
"","2","STDLIB-METTALOG-TEST-PT2.44","","Sun Nov 03 00:56:29 GMT 2024","passed","Sun Nov 03 00:56:29 GMT 2024","","STDLIB-METTALOG","STDLIB-METTALOG",""
"","4","CHAPTER-2-2.01","","Sun Nov 03 00:56:39 GMT 2024","passed","Sun Nov 03 00:56:39 GMT 2024","","SICP-BOOK","SICP-BOOK",""
"","5000","formula.DeductionFormulaTest","","Sun Nov 03 00:37:15 GMT 2024","passed","Sun Nov 03 00:37:20 GMT 2024","","WHOLE-TESTS","WHOLE-TESTS",""
"","2","HYPERPOSING.02","","Sun Nov 03 01:59:10 GMT 2024","passed","Sun Nov 03 01:59:10 GMT 2024","","BASIC","BASIC",""
"","2","B5-TYPES-PRELIM.03","","Sun Nov 03 00:37:20 GMT 2024","passed","Sun Nov 03 00:37:20 GMT 2024","","HYPERON-EXPERIMENTAL-SCRIPTS","HYPERON-EXPERIMENTAL-SCRIPTS",""
"","2","KEY-LOOKUPS-MANY.05","","Sun Nov 03 01:59:10 GMT 2024","passed","Sun Nov 03 01:59:10 GMT 2024","","BASIC","BASIC",""
"","5000","multidirectional.append","","Sun Nov 03 00:37:15 GMT 2024","passed","Sun Nov 03 00:37:20 GMT 2024","","WHOLE-TESTS","WHOLE-TESTS",""
"","4","TESTS1.01","","Sun Nov 03 00:47:37 GMT 2024","passed","Sun Nov 03 00:47:37 GMT 2024","","MAIN-BRANCH","MAIN-BRANCH",""
"","2","NATPARITYTEST.15","","Sun Nov 03 01:20:22 GMT 2024","passed","Sun Nov 03 01:20:22 GMT 2024","","HOL","HOL",""
"","1","C1-GROUNDED-BASIC.11","","Sun Nov 03 00:37:20 GMT 2024","passed","Sun Nov 03 00:37:20 GMT 2024","","HYPERON-EXPERIMENTAL-SCRIPTS","HYPERON-EXPERIMENTAL-SCRIPTS",""
"","2","INTERSECTION-TESTS.13","","Sun Nov 03 00:38:57 GMT 2024","passed","Sun Nov 03 00:38:57 GMT 2024","","HYPERON-METTALOG-SANITY","HYPERON-METTALOG-SANITY",""
"","3","LISTTEST.19","","Sun Nov 03 01:17:36 GMT 2024","passed","Sun Nov 03 01:17:36 GMT 2024","","COMMON","COMMON",""
"","2","00A-LANG-COMPILED-CASE.09","","Sun Nov 03 01:49:09 GMT 2024","passed","Sun Nov 03 01:49:09 GMT 2024","","DIRECT-COMP","DIRECT-COMP",""
"","2","INTERSECTION-TESTS.32","","Sun Nov 03 00:38:57 GMT 2024","passed","Sun Nov 03 00:38:57 GMT 2024","","HYPERON-METTALOG-SANITY","HYPERON-METTALOG-SANITY",""
"","2","D3-DEPTYPES.02","","Sun Nov 03 00:37:20 GMT 2024","passed","Sun Nov 03 00:37:20 GMT 2024","","HYPERON-EXPERIMENTAL-SCRIPTS","HYPERON-EXPERIMENTAL-SCRIPTS",""
"","5000","quick.d2_higherfunc","","Sun Nov 03 00:37:15 GMT 2024","passed","Sun Nov 03 00:37:20 GMT 2024","","WHOLE-TESTS","WHOLE-TESTS",""
"","2","IBC-XP.12","","Sun Nov 03 01:23:34 GMT 2024","passed","Sun Nov 03 01:23:34 GMT 2024","","ITERATIVE-CHAINING","ITERATIVE-CHAINING",""
"","2","D2-HIGHERFUNC.15","","Sun Nov 03 01:13:31 GMT 2024","passed","Sun Nov 03 01:13:31 GMT 2024","","CHECK-TYPES","CHECK-TYPES",""
"","80","00A-LANG-COMPILED-CASE.07","","Sun Nov 03 01:49:09 GMT 2024","passed","Sun Nov 03 01:49:09 GMT 2024","","DIRECT-COMP","DIRECT-COMP",""
"","104","INF-CTL-MONTH-BC-XP.02","","Sun Nov 03 01:21:32 GMT 2024","failed","Sun Nov 03 01:21:32 GMT 2024","","INFERENCE-CONTROL","INFERENCE-CONTROL",""
"","3","SEQUENTIAL-NESTED.01","","Sun Nov 03 00:42:53 GMT 2024","passed","Sun Nov 03 00:42:53 GMT 2024","","METTA-MORPH-TESTS","METTA-MORPH-TESTS",""
"","14","00-LANG-CASE.12","","Sun Nov 03 00:38:57 GMT 2024","passed","Sun Nov 03 00:38:57 GMT 2024","","HYPERON-METTALOG-SANITY","HYPERON-METTALOG-SANITY",""
"","3","D2-HIGHERFUNC.25","","Sun Nov 03 00:37:20 GMT 2024","passed","Sun Nov 03 00:37:20 GMT 2024","","HYPERON-EXPERIMENTAL-SCRIPTS","HYPERON-EXPERIMENTAL-SCRIPTS",""
"","5000","graphml.graphml_csv_test","","Sun Nov 03 00:37:15 GMT 2024","passed","Sun Nov 03 00:37:20 GMT 2024","","WHOLE-TESTS","WHOLE-TESTS",""
"","4","C1-GROUNDED-BASIC.08","","Sun Nov 03 00:37:20 GMT 2024","passed","Sun Nov 03 00:37:20 GMT 2024","","HYPERON-EXPERIMENTAL-SCRIPTS","HYPERON-EXPERIMENTAL-SCRIPTS",""
"","2","C1-GROUNDED-BASIC.09","","Sun Nov 03 00:47:10 GMT 2024","passed","Sun Nov 03 00:47:10 GMT 2024","","QUICK","QUICK",""
"","2","C1-GROUNDED-BASIC.04","","Sun Nov 03 00:37:20 GMT 2024","passed","Sun Nov 03 00:37:20 GMT 2024","","HYPERON-EXPERIMENTAL-SCRIPTS","HYPERON-EXPERIMENTAL-SCRIPTS",""
"","13","MATCH-VOID.11","","Sun Nov 03 00:42:53 GMT 2024","passed","Sun Nov 03 00:42:53 GMT 2024","","METTA-MORPH-TESTS","METTA-MORPH-TESTS",""
"","2","XOR-TEST.03","","Sun Nov 03 00:38:57 GMT 2024","passed","Sun Nov 03 00:38:57 GMT 2024","","HYPERON-METTALOG-SANITY","HYPERON-METTALOG-SANITY",""
"","2","NATSTANDALONETEST.03","","Sun Nov 03 01:20:22 GMT 2024","passed","Sun Nov 03 01:20:22 GMT 2024","","HOL","HOL",""
"","78","NTE.04","","Sun Nov 03 01:03:17 GMT 2024","passed","Sun Nov 03 01:03:17 GMT 2024","","EDGES-TO-EDGES","EDGES-TO-EDGES",""
"","1","PREREQS.04","","Sun Nov 03 00:47:37 GMT 2024","passed","Sun Nov 03 00:47:37 GMT 2024","","MAIN-BRANCH","MAIN-BRANCH",""
"","5000","comparisons.add-atom-naive-fib","","Sun Nov 03 00:37:15 GMT 2024","passed","Sun Nov 03 00:37:20 GMT 2024","","WHOLE-TESTS","WHOLE-TESTS",""
"","882","BC-IMPL.03","","Sun Nov 03 01:50:35 GMT 2024","passed","Sun Nov 03 01:50:35 GMT 2024","","WALK-THRU","WALK-THRU",""
"","5000","multidirectional.ioioioi","","Sun Nov 03 00:37:15 GMT 2024","passed","Sun Nov 03 00:37:20 GMT 2024","","WHOLE-TESTS","WHOLE-TESTS",""
"","23","CHAPTER-1-3.01","","Sun Nov 03 00:56:39 GMT 2024","passed","Sun Nov 03 00:56:39 GMT 2024","","SICP-BOOK","SICP-BOOK",""
"","2","INF-CTL-XP.18","","Sun Nov 03 01:21:32 GMT 2024","passed","Sun Nov 03 01:21:32 GMT 2024","","INFERENCE-CONTROL","INFERENCE-CONTROL",""
"","2","IBC-XP.21","","Sun Nov 03 01:23:34 GMT 2024","passed","Sun Nov 03 01:23:34 GMT 2024","","ITERATIVE-CHAINING","ITERATIVE-CHAINING",""
"","4","A2-OPENCOGGY.01","","Sun Nov 03 00:37:20 GMT 2024","passed","Sun Nov 03 00:37:20 GMT 2024","","HYPERON-EXPERIMENTAL-SCRIPTS","HYPERON-EXPERIMENTAL-SCRIPTS",""
"","5000","traverser.creation","","Sun Nov 03 00:37:15 GMT 2024","passed","Sun Nov 03 00:37:20 GMT 2024","","WHOLE-TESTS","WHOLE-TESTS",""
"","47","FC-XP.01","","Sun Nov 03 01:20:16 GMT 2024","failed","Sun Nov 03 01:20:16 GMT 2024","","FORWARD-CHAINING","FORWARD-CHAINING",""
"","2","D4-TYPE-PROP.18","","Sun Nov 03 00:47:10 GMT 2024","passed","Sun Nov 03 00:47:10 GMT 2024","","QUICK","QUICK",""
"","3","TYPES-PRELIM.07","","Sun Nov 03 00:52:07 GMT 2024","passed","Sun Nov 03 00:52:07 GMT 2024","","CHAINING","CHAINING",""
"","2","ADD-REMOVE-MATCH-SYMBOLS.03","","Sun Nov 03 00:54:23 GMT 2024","passed","Sun Nov 03 00:54:23 GMT 2024","","SPACES","SPACES",""
"","2","HYPERPOSING-UNSHARED.02","","Sun Nov 03 01:59:10 GMT 2024","passed","Sun Nov 03 01:59:10 GMT 2024","","BASIC","BASIC",""
"","2","C1-GROUNDED-BASIC.18","","Sun Nov 03 00:37:20 GMT 2024","passed","Sun Nov 03 00:37:20 GMT 2024","","HYPERON-EXPERIMENTAL-SCRIPTS","HYPERON-EXPERIMENTAL-SCRIPTS",""
"","2","CURRIED-CHAINER.06","","Sun Nov 03 01:18:13 GMT 2024","passed","Sun Nov 03 01:18:13 GMT 2024","","CURRIED-CHAINING","CURRIED-CHAINING",""
"","3","NUMTEST.08","","Sun Nov 03 01:17:36 GMT 2024","passed","Sun Nov 03 01:17:36 GMT 2024","","COMMON","COMMON",""
"","161","SPACE-SUBTRACTION-TESTS.08","","Sun Nov 03 00:38:57 GMT 2024","passed","Sun Nov 03 00:38:57 GMT 2024","","HYPERON-METTALOG-SANITY","HYPERON-METTALOG-SANITY",""
"","7000","metta-wam-issue-116.test_spo_1000","","Sun Nov 03 00:37:15 GMT 2024","passed","Sun Nov 03 00:37:22 GMT 2024","","WHOLE-TESTS","WHOLE-TESTS",""
"","41000","main-branch.tests4","","Sun Nov 03 00:37:15 GMT 2024","failed","Sun Nov 03 00:37:56 GMT 2024","","WHOLE-TESTS","WHOLE-TESTS",""
"","2","AI-SERVICE-COMPOSITION-SANITY.02","","Sun Nov 03 01:10:39 GMT 2024","passed","Sun Nov 03 01:10:39 GMT 2024","","AI-SERVICE","AI-SERVICE",""
"","2","TEST-IF-CLOSED.02","","Sun Nov 03 00:44:59 GMT 2024","passed","Sun Nov 03 00:44:59 GMT 2024","","ANTI-REGRESSION","ANTI-REGRESSION",""
"","74","REVERSE-ARITHMETIC.01","","Sun Nov 03 01:53:35 GMT 2024","failed","Sun Nov 03 01:53:35 GMT 2024","","BIDIRECTIONAL-COMPUTATION","BIDIRECTIONAL-COMPUTATION",""
"","2","D1-GADT.06","","Sun Nov 03 00:37:20 GMT 2024","passed","Sun Nov 03 00:37:20 GMT 2024","","HYPERON-EXPERIMENTAL-SCRIPTS","HYPERON-EXPERIMENTAL-SCRIPTS",""
"","1","D4-TYPE-PROP.10","","Sun Nov 03 00:47:10 GMT 2024","passed","Sun Nov 03 00:47:10 GMT 2024","","QUICK","QUICK",""
"","2","D2-HIGHERFUNC.16","","Sun Nov 03 00:37:20 GMT 2024","passed","Sun Nov 03 00:37:20 GMT 2024","","HYPERON-EXPERIMENTAL-SCRIPTS","HYPERON-EXPERIMENTAL-SCRIPTS",""
"","3","INF-CTL-XP.08","","Sun Nov 03 01:21:32 GMT 2024","passed","Sun Nov 03 01:21:32 GMT 2024","","INFERENCE-CONTROL","INFERENCE-CONTROL",""
"","2","D4-TYPE-PROP.16","","Sun Nov 03 01:13:31 GMT 2024","passed","Sun Nov 03 01:13:31 GMT 2024","","CHECK-TYPES","CHECK-TYPES",""
"","2","D4-TYPE-PROP.07","","Sun Nov 03 01:13:31 GMT 2024","passed","Sun Nov 03 01:13:31 GMT 2024","","CHECK-TYPES","CHECK-TYPES",""
"","2","ADD-REMOVE-MATCH-STRINGS.11","","Sun Nov 03 00:54:23 GMT 2024","passed","Sun Nov 03 00:54:23 GMT 2024","","SPACES","SPACES",""
"","2","SYNTHESIZE-VIA-TYPE-CHECKING.10","","Sun Nov 03 01:28:09 GMT 2024","passed","Sun Nov 03 01:28:09 GMT 2024","","EXPERIMENTS","EXPERIMENTS",""
"","5000","chaining.parent_go_1_comp","","Sun Nov 03 00:37:15 GMT 2024","passed","Sun Nov 03 00:37:20 GMT 2024","","WHOLE-TESTS","WHOLE-TESTS",""
"","2","STDLIB-METTALOG-TEST-PT2.55","","Sun Nov 03 00:56:29 GMT 2024","passed","Sun Nov 03 00:56:29 GMT 2024","","STDLIB-METTALOG","STDLIB-METTALOG",""
"","2","HYPERPOSE.10","","Sun Nov 03 00:42:53 GMT 2024","passed","Sun Nov 03 00:42:53 GMT 2024","","METTA-MORPH-TESTS","METTA-MORPH-TESTS",""
"","2","BACKWARD-CHAINER-XP.26","","Sun Nov 03 01:17:21 GMT 2024","passed","Sun Nov 03 01:17:21 GMT 2024","","BACKWARD-CHAINER","BACKWARD-CHAINER",""
"","1","ADD-REMOVE-MATCH-SS-STRINGS.12","","Sun Nov 03 00:54:23 GMT 2024","passed","Sun Nov 03 00:54:23 GMT 2024","","SPACES","SPACES",""
"","4000","std.nondeterm","","Sun Nov 03 00:37:15 GMT 2024","passed","Sun Nov 03 00:37:19 GMT 2024","","WHOLE-TESTS","WHOLE-TESTS",""
"","12","TEST-INFER-FUNCTION-APPLICATION-TYPE.06","","Sun Nov 03 01:59:10 GMT 2024","failed","Sun Nov 03 01:59:10 GMT 2024","","BASIC","BASIC",""
"","40000","main-branch.tests5","","Sun Nov 03 00:37:15 GMT 2024","failed","Sun Nov 03 00:37:55 GMT 2024","","WHOLE-TESTS","WHOLE-TESTS",""
"","2","C1-GROUNDED-BASIC.21","","Sun Nov 03 00:47:10 GMT 2024","passed","Sun Nov 03 00:47:10 GMT 2024","","QUICK","QUICK",""
"","3","FLIP-TEST.01","","Sun Nov 03 00:38:57 GMT 2024","passed","Sun Nov 03 00:38:57 GMT 2024","","HYPERON-METTALOG-SANITY","HYPERON-METTALOG-SANITY",""
"","3","IFC-XP.07","","Sun Nov 03 01:23:34 GMT 2024","passed","Sun Nov 03 01:23:34 GMT 2024","","ITERATIVE-CHAINING","ITERATIVE-CHAINING",""
"","41","IMPLICATIONDIRECTINTRODUCTIONDTLTEST.07","","Sun Nov 03 01:16:13 GMT 2024","failed","Sun Nov 03 01:16:13 GMT 2024","","DEPENDENT-TYPES","DEPENDENT-TYPES",""
"","7","HIGHER-ORDER-FUNCS.08","","Sun Nov 03 00:55:06 GMT 2024","passed","Sun Nov 03 00:55:06 GMT 2024","","STD","STD",""
"","2","NATPARITYTEST.06","","Sun Nov 03 01:20:22 GMT 2024","passed","Sun Nov 03 01:20:22 GMT 2024","","HOL","HOL",""
"","26000","language_models.pllm_penntree","","Sun Nov 03 00:37:15 GMT 2024","passed","Sun Nov 03 00:37:41 GMT 2024","","WHOLE-TESTS","WHOLE-TESTS",""
"","4000","graphml.graphml_test","","Sun Nov 03 00:37:15 GMT 2024","passed","Sun Nov 03 00:37:19 GMT 2024","","WHOLE-TESTS","WHOLE-TESTS",""
"","5000","spaces.add-remove-match-s-strings","","Sun Nov 03 00:37:15 GMT 2024","passed","Sun Nov 03 00:37:20 GMT 2024","","WHOLE-TESTS","WHOLE-TESTS",""
"","9","05-MATCH-SUPERPOSE-ELEMENT-LIKE-SPACE.02","","Sun Nov 03 01:53:49 GMT 2024","failed","Sun Nov 03 01:53:49 GMT 2024","","CONTAINERS-ARE-SPACES","CONTAINERS-ARE-SPACES",""
"","81","ADD-REMOVE-MATCH-FLOAT.16","","Sun Nov 03 00:54:23 GMT 2024","failed","Sun Nov 03 00:54:23 GMT 2024","","SPACES","SPACES",""
"","1","NATSTANDALONETEST.02","","Sun Nov 03 01:20:22 GMT 2024","passed","Sun Nov 03 01:20:22 GMT 2024","","HOL","HOL",""
"","6","TRUTHVALUETEST.05","","Sun Nov 03 01:18:04 GMT 2024","passed","Sun Nov 03 01:18:04 GMT 2024","","TRUTHVALUE","TRUTHVALUE",""
"","5000","hyperon-mettalog_sanity.intersection_tests","","Sun Nov 03 00:37:15 GMT 2024","passed","Sun Nov 03 00:37:20 GMT 2024","","WHOLE-TESTS","WHOLE-TESTS",""
"","4000","transpiler.let_superpose_if_case","","Sun Nov 03 00:37:15 GMT 2024","passed","Sun Nov 03 00:37:19 GMT 2024","","WHOLE-TESTS","WHOLE-TESTS",""
"","2","D2-HIGHERFUNC.08","","Sun Nov 03 01:13:31 GMT 2024","passed","Sun Nov 03 01:13:31 GMT 2024","","CHECK-TYPES","CHECK-TYPES",""
"","3","PLN-XP-LOCAL-V2.01","","Sun Nov 03 00:52:07 GMT 2024","passed","Sun Nov 03 00:52:07 GMT 2024","","CHAINING","CHAINING",""
"","2","ADD-REMOVE-MATCH-INTEGER.04","","Sun Nov 03 00:54:23 GMT 2024","passed","Sun Nov 03 00:54:23 GMT 2024","","SPACES","SPACES",""
"","6000","chaining.pln-xp-local_v2","","Sun Nov 03 00:37:15 GMT 2024","passed","Sun Nov 03 00:37:21 GMT 2024","","WHOLE-TESTS","WHOLE-TESTS",""
"","2","ADD-REMOVE-MATCH-S-SYMBOLS.06","","Sun Nov 03 00:54:23 GMT 2024","passed","Sun Nov 03 00:54:23 GMT 2024","","SPACES","SPACES",""
"","3","QUERIES.13","","Sun Nov 03 01:09:46 GMT 2024","passed","Sun Nov 03 01:09:46 GMT 2024","","STRIPS-TO-METTA-IMPROVED","STRIPS-TO-METTA-IMPROVED",""
"","105","MEMB.01","","Sun Nov 03 01:04:37 GMT 2024","failed","Sun Nov 03 01:04:37 GMT 2024","","LOGIC","LOGIC",""
"","2","F1-IMPORTS.09","","Sun Nov 03 00:37:10 GMT 2024","passed","Sun Nov 03 00:37:10 GMT 2024","","MODULE-SYSTEM","MODULE-SYSTEM",""
"","2","IFC-XP.02","","Sun Nov 03 01:23:34 GMT 2024","passed","Sun Nov 03 01:23:34 GMT 2024","","ITERATIVE-CHAINING","ITERATIVE-CHAINING",""
"","183","SYNTHESIZE-VIA-UNIFY-TEST.04","","Sun Nov 03 01:28:09 GMT 2024","failed","Sun Nov 03 01:28:09 GMT 2024","","EXPERIMENTS","EXPERIMENTS",""
"","43","INF-CTL-MONTH-BC-CONT-XP.18","","Sun Nov 03 01:21:32 GMT 2024","failed","Sun Nov 03 01:21:32 GMT 2024","","INFERENCE-CONTROL","INFERENCE-CONTROL",""
"","276","TESTS0.06","","Sun Nov 03 01:37:25 GMT 2024","failed","Sun Nov 03 01:37:25 GMT 2024","","NARS-V0","NARS-V0",""
"","2","MATCH-SUPERPOSED-SPACES.02","","Sun Nov 03 00:42:53 GMT 2024","passed","Sun Nov 03 00:42:53 GMT 2024","","METTA-MORPH-TESTS","METTA-MORPH-TESTS",""
"","2","AI-SERVICE-COMPOSITION-SANITY.06","","Sun Nov 03 01:10:39 GMT 2024","passed","Sun Nov 03 01:10:39 GMT 2024","","AI-SERVICE","AI-SERVICE",""
"","7","SPACE-SUBTRACTION-TESTS.09","","Sun Nov 03 00:38:57 GMT 2024","passed","Sun Nov 03 00:38:57 GMT 2024","","HYPERON-METTALOG-SANITY","HYPERON-METTALOG-SANITY",""
"","2","CURRIED-CHAINER.07","","Sun Nov 03 01:18:13 GMT 2024","passed","Sun Nov 03 01:18:13 GMT 2024","","CURRIED-CHAINING","CURRIED-CHAINING",""
"","2","ADD-REMOVE-MATCH-S-STRINGS.02","","Sun Nov 03 00:54:23 GMT 2024","passed","Sun Nov 03 00:54:23 GMT 2024","","SPACES","SPACES",""
"","416","SYNTHESIZE-VIA-CASE-TEST.08","","Sun Nov 03 01:28:09 GMT 2024","failed","Sun Nov 03 01:28:09 GMT 2024","","EXPERIMENTS","EXPERIMENTS",""
"","7000","chaining.v2-pln-xp","","Sun Nov 03 00:37:15 GMT 2024","passed","Sun Nov 03 00:37:22 GMT 2024","","WHOLE-TESTS","WHOLE-TESTS",""
"","2","F1-IMPORTS.16","","Sun Nov 03 00:37:10 GMT 2024","passed","Sun Nov 03 00:37:10 GMT 2024","","MODULE-SYSTEM","MODULE-SYSTEM",""
"","40000","nars_extras.TestNARS_listing","","Sun Nov 03 00:37:15 GMT 2024","failed","Sun Nov 03 00:37:55 GMT 2024","","WHOLE-TESTS","WHOLE-TESTS",""
"","14","TEST-INFER-FUNCTION-APPLICATION-TYPE.11","","Sun Nov 03 01:59:10 GMT 2024","failed","Sun Nov 03 01:59:10 GMT 2024","","BASIC","BASIC",""
"","2","TYPE-PROP.03","","Sun Nov 03 00:52:07 GMT 2024","passed","Sun Nov 03 00:52:07 GMT 2024","","CHAINING","CHAINING",""
"","2","ADD-REMOVE-MATCH-SS-SYMBOLS.12","","Sun Nov 03 00:54:23 GMT 2024","passed","Sun Nov 03 00:54:23 GMT 2024","","SPACES","SPACES",""
"","4000","main-branch.prereqs","","Sun Nov 03 00:37:15 GMT 2024","passed","Sun Nov 03 00:37:19 GMT 2024","","WHOLE-TESTS","WHOLE-TESTS",""
"","2","BC-XP.21","","Sun Nov 03 01:17:27 GMT 2024","passed","Sun Nov 03 01:17:27 GMT 2024","","BACKWARD-CHAINING","BACKWARD-CHAINING",""
"","3","SEALED-TEST.04","","Sun Nov 03 00:38:57 GMT 2024","passed","Sun Nov 03 00:38:57 GMT 2024","","HYPERON-METTALOG-SANITY","HYPERON-METTALOG-SANITY",""
"","2","D2-HIGHERFUNC.06","","Sun Nov 03 00:47:10 GMT 2024","passed","Sun Nov 03 00:47:10 GMT 2024","","QUICK","QUICK",""
"","54","OR-TEST.02","","Sun Nov 03 00:38:57 GMT 2024","failed","Sun Nov 03 00:38:57 GMT 2024","","HYPERON-METTALOG-SANITY","HYPERON-METTALOG-SANITY",""
"","80","NATTEST.02","","Sun Nov 03 01:20:22 GMT 2024","failed","Sun Nov 03 01:20:22 GMT 2024","","HOL","HOL",""
"","1","TYPES-PRELIM.13","","Sun Nov 03 00:52:07 GMT 2024","passed","Sun Nov 03 00:52:07 GMT 2024","","CHAINING","CHAINING",""
"","26","INF-CTL-XP.15","","Sun Nov 03 01:21:32 GMT 2024","failed","Sun Nov 03 01:21:32 GMT 2024","","INFERENCE-CONTROL","INFERENCE-CONTROL",""
"","234","DEDUCTIONIMPLICATIONDIRECTINTRODUCTIONDTLTEST.04","","Sun Nov 03 01:16:13 GMT 2024","passed","Sun Nov 03 01:16:13 GMT 2024","","DEPENDENT-TYPES","DEPENDENT-TYPES",""
"","1","SEQUENTIAL-NESTED.06","","Sun Nov 03 00:42:53 GMT 2024","passed","Sun Nov 03 00:42:53 GMT 2024","","METTA-MORPH-TESTS","METTA-MORPH-TESTS",""
"","3","03-SORING-VIA-INSERT.02","","Sun Nov 03 00:38:57 GMT 2024","passed","Sun Nov 03 00:38:57 GMT 2024","","HYPERON-METTALOG-SANITY","HYPERON-METTALOG-SANITY",""
"","2","NAIVE-FIB.02","","Sun Nov 03 02:05:29 GMT 2024","passed","Sun Nov 03 02:05:29 GMT 2024","","COMPARISONS","COMPARISONS",""
"","3","00A-LANG-COMPILED-CASE.06","","Sun Nov 03 01:49:09 GMT 2024","passed","Sun Nov 03 01:49:09 GMT 2024","","DIRECT-COMP","DIRECT-COMP",""
"","2","D2-HIGHERFUNC.12","","Sun Nov 03 00:47:10 GMT 2024","passed","Sun Nov 03 00:47:10 GMT 2024","","QUICK","QUICK",""
"","59","NATSTANDALONETEST.15","","Sun Nov 03 01:20:22 GMT 2024","failed","Sun Nov 03 01:20:22 GMT 2024","","HOL","HOL",""
"","2","SUPPORTRULEEXP.02","","Sun Nov 03 01:16:13 GMT 2024","passed","Sun Nov 03 01:16:13 GMT 2024","","DEPENDENT-TYPES","DEPENDENT-TYPES",""
"","2","C1-GROUNDED-BASIC.06","","Sun Nov 03 00:47:10 GMT 2024","passed","Sun Nov 03 00:47:10 GMT 2024","","QUICK","QUICK",""
"","7000","match.DeductionImplicationDirectIntroductionMatchTest","","Sun Nov 03 00:37:15 GMT 2024","passed","Sun Nov 03 00:37:22 GMT 2024","","WHOLE-TESTS","WHOLE-TESTS",""
"","2","ADD-ATOM-NAIVE-FIB.03","","Sun Nov 03 02:05:29 GMT 2024","passed","Sun Nov 03 02:05:29 GMT 2024","","COMPARISONS","COMPARISONS",""
"","2","FC-XP.17","","Sun Nov 03 01:20:16 GMT 2024","passed","Sun Nov 03 01:20:16 GMT 2024","","FORWARD-CHAINING","FORWARD-CHAINING",""
"","2","TESTS5.04","","Sun Nov 03 00:47:37 GMT 2024","passed","Sun Nov 03 00:47:37 GMT 2024","","MAIN-BRANCH","MAIN-BRANCH",""
"","2","BC-XP.01","","Sun Nov 03 01:17:27 GMT 2024","passed","Sun Nov 03 01:17:27 GMT 2024","","BACKWARD-CHAINING","BACKWARD-CHAINING",""
"","4","TYPE-PROP.41","","Sun Nov 03 01:13:11 GMT 2024","passed","Sun Nov 03 01:13:11 GMT 2024","","CHECK-TYPES-TEMP","CHECK-TYPES-TEMP",""
"","127","INF-ORDER-PROBS.08","","Sun Nov 03 01:05:14 GMT 2024","passed","Sun Nov 03 01:05:14 GMT 2024","","PROB-DEP-TYPES","PROB-DEP-TYPES",""
"","2","DEDUCTIONFORMULATEST.11","","Sun Nov 03 01:17:59 GMT 2024","passed","Sun Nov 03 01:17:59 GMT 2024","","FORMULA","FORMULA",""
"","411","IOIOIOI-USING-EQUALITY.03","","Sun Nov 03 01:56:50 GMT 2024","failed","Sun Nov 03 01:56:50 GMT 2024","","MULTIDIRECTIONAL","MULTIDIRECTIONAL",""
"","1","D4-TYPE-PROP.05","","Sun Nov 03 00:37:20 GMT 2024","passed","Sun Nov 03 00:37:20 GMT 2024","","HYPERON-EXPERIMENTAL-SCRIPTS","HYPERON-EXPERIMENTAL-SCRIPTS",""
"","73","IMPL-METTALOGTESTCURRIED.09","","Sun Nov 03 01:50:35 GMT 2024","passed","Sun Nov 03 01:50:35 GMT 2024","","WALK-THRU","WALK-THRU",""
"","2","TYPE-PROP.10","","Sun Nov 03 01:13:11 GMT 2024","passed","Sun Nov 03 01:13:11 GMT 2024","","CHECK-TYPES-TEMP","CHECK-TYPES-TEMP",""
"","4000","common.InTest","","Sun Nov 03 00:37:15 GMT 2024","passed","Sun Nov 03 00:37:19 GMT 2024","","WHOLE-TESTS","WHOLE-TESTS",""
"","4000","synth_buffer.time_synthesize_short","","Sun Nov 03 00:37:15 GMT 2024","passed","Sun Nov 03 00:37:19 GMT 2024","","WHOLE-TESTS","WHOLE-TESTS",""
"","126","TESTS0.02","","Sun Nov 03 01:32:21 GMT 2024","passed","Sun Nov 03 01:32:21 GMT 2024","","CURRENT","CURRENT",""
"","3","TESTS3.03","","Sun Nov 03 00:47:37 GMT 2024","passed","Sun Nov 03 00:47:37 GMT 2024","","MAIN-BRANCH","MAIN-BRANCH",""
"","2","BC-XP.02","","Sun Nov 03 01:17:27 GMT 2024","passed","Sun Nov 03 01:17:27 GMT 2024","","BACKWARD-CHAINING","BACKWARD-CHAINING",""
"","41000","ai-service.ai-service-composition-hard","","Sun Nov 03 00:37:15 GMT 2024","failed","Sun Nov 03 00:37:56 GMT 2024","","WHOLE-TESTS","WHOLE-TESTS",""
"","261","SELF-CONTAINED-SYNTHESIZE.11","","Sun Nov 03 01:28:09 GMT 2024","failed","Sun Nov 03 01:28:09 GMT 2024","","EXPERIMENTS","EXPERIMENTS",""
"","4000","multidirectional.obif_easy","","Sun Nov 03 00:37:15 GMT 2024","passed","Sun Nov 03 00:37:19 GMT 2024","","WHOLE-TESTS","WHOLE-TESTS",""
"","2","SEQUENTIAL-NESTED.08","","Sun Nov 03 00:42:53 GMT 2024","passed","Sun Nov 03 00:42:53 GMT 2024","","METTA-MORPH-TESTS","METTA-MORPH-TESTS",""
"","2","A3-TWOSIDE.04","","Sun Nov 03 00:37:20 GMT 2024","passed","Sun Nov 03 00:37:20 GMT 2024","","HYPERON-EXPERIMENTAL-SCRIPTS","HYPERON-EXPERIMENTAL-SCRIPTS",""
"","18","IFC-XP.19","","Sun Nov 03 01:23:34 GMT 2024","failed","Sun Nov 03 01:23:34 GMT 2024","","ITERATIVE-CHAINING","ITERATIVE-CHAINING",""
"","2","TYPE-PROP.40","","Sun Nov 03 01:13:11 GMT 2024","passed","Sun Nov 03 01:13:11 GMT 2024","","CHECK-TYPES-TEMP","CHECK-TYPES-TEMP",""
"","3","BCHAIN.06","","Sun Nov 03 01:50:35 GMT 2024","passed","Sun Nov 03 01:50:35 GMT 2024","","WALK-THRU","WALK-THRU",""
"","3","STDLIB-METTALOG-TEST-PT2.54","","Sun Nov 03 00:56:29 GMT 2024","passed","Sun Nov 03 00:56:29 GMT 2024","","STDLIB-METTALOG","STDLIB-METTALOG",""
"","236","NATTEST.06","","Sun Nov 03 01:20:22 GMT 2024","failed","Sun Nov 03 01:20:22 GMT 2024","","HOL","HOL",""
"","4000","multidirectional.ioioioi_using_equality","","Sun Nov 03 00:37:15 GMT 2024","passed","Sun Nov 03 00:37:19 GMT 2024","","WHOLE-TESTS","WHOLE-TESTS",""
"","2","BC-COMP.01","","Sun Nov 03 00:44:59 GMT 2024","passed","Sun Nov 03 00:44:59 GMT 2024","","ANTI-REGRESSION","ANTI-REGRESSION",""
"","2","UNIFY-VIA-LET.06","","Sun Nov 03 01:28:09 GMT 2024","passed","Sun Nov 03 01:28:09 GMT 2024","","EXPERIMENTS","EXPERIMENTS",""
"","3","CML-UNSHARED.02","","Sun Nov 03 01:59:10 GMT 2024","passed","Sun Nov 03 01:59:10 GMT 2024","","BASIC","BASIC",""
"","2","NATPARITYTEST.09","","Sun Nov 03 01:20:22 GMT 2024","passed","Sun Nov 03 01:20:22 GMT 2024","","HOL","HOL",""
"","49","APPEND-USING-EQUALITY.04","","Sun Nov 03 01:56:50 GMT 2024","failed","Sun Nov 03 01:56:50 GMT 2024","","MULTIDIRECTIONAL","MULTIDIRECTIONAL",""
"","103","C1-GROUNDED-BASIC.14","","Sun Nov 03 00:47:10 GMT 2024","failed","Sun Nov 03 00:47:10 GMT 2024","","QUICK","QUICK",""
"","276","TESTS0.08","","Sun Nov 03 00:47:37 GMT 2024","passed","Sun Nov 03 00:47:37 GMT 2024","","MAIN-BRANCH","MAIN-BRANCH",""
"","507","PARENT-GO-COMP.01","","Sun Nov 03 00:52:07 GMT 2024","passed","Sun Nov 03 00:52:07 GMT 2024","","CHAINING","CHAINING",""
"","2","STRING-TESTS.02","","Sun Nov 03 00:38:57 GMT 2024","passed","Sun Nov 03 00:38:57 GMT 2024","","HYPERON-METTALOG-SANITY","HYPERON-METTALOG-SANITY",""
"","15","TEST-INFER-FUNCTION-APPLICATION-TYPE.09","","Sun Nov 03 01:59:10 GMT 2024","failed","Sun Nov 03 01:59:10 GMT 2024","","BASIC","BASIC",""
"","1","CHAPTER-1-1.03","","Sun Nov 03 00:56:39 GMT 2024","passed","Sun Nov 03 00:56:39 GMT 2024","","SICP-BOOK","SICP-BOOK",""
"","2","B0-CHAINING-PRELIM.04","","Sun Nov 03 00:37:20 GMT 2024","passed","Sun Nov 03 00:37:20 GMT 2024","","HYPERON-EXPERIMENTAL-SCRIPTS","HYPERON-EXPERIMENTAL-SCRIPTS",""
"","3","FC-XP.30","","Sun Nov 03 01:20:16 GMT 2024","passed","Sun Nov 03 01:20:16 GMT 2024","","FORWARD-CHAINING","FORWARD-CHAINING",""
"","2","OR-TEST.15","","Sun Nov 03 00:38:57 GMT 2024","passed","Sun Nov 03 00:38:57 GMT 2024","","HYPERON-METTALOG-SANITY","HYPERON-METTALOG-SANITY",""
"","2","TEST-IF-CLOSED.05","","Sun Nov 03 00:44:59 GMT 2024","passed","Sun Nov 03 00:44:59 GMT 2024","","ANTI-REGRESSION","ANTI-REGRESSION",""
"","10","METTALOGTESTCURRIED2.07","","Sun Nov 03 00:44:59 GMT 2024","passed","Sun Nov 03 00:44:59 GMT 2024","","ANTI-REGRESSION","ANTI-REGRESSION",""
"","42","FORWARD-CHAINER-XP.05","","Sun Nov 03 01:20:07 GMT 2024","failed","Sun Nov 03 01:20:07 GMT 2024","","FORWARD-CHAINER","FORWARD-CHAINER",""
"","2","BACKWARD-CHAINER-XP.03","","Sun Nov 03 01:17:21 GMT 2024","passed","Sun Nov 03 01:17:21 GMT 2024","","BACKWARD-CHAINER","BACKWARD-CHAINER",""
"","2","STATE-TYPES.07","","Sun Nov 03 01:59:10 GMT 2024","passed","Sun Nov 03 01:59:10 GMT 2024","","BASIC","BASIC",""
"","2","KB-WRITE.02","","Sun Nov 03 00:55:06 GMT 2024","passed","Sun Nov 03 00:55:06 GMT 2024","","STD","STD",""
"","4","NESTED-PARAMETERS.01","","Sun Nov 03 00:42:53 GMT 2024","passed","Sun Nov 03 00:42:53 GMT 2024","","METTA-MORPH-TESTS","METTA-MORPH-TESTS",""
"","2","IFC-XP.34","","Sun Nov 03 01:23:34 GMT 2024","passed","Sun Nov 03 01:23:34 GMT 2024","","ITERATIVE-CHAINING","ITERATIVE-CHAINING",""
"","2","B0-CHAINING-PRELIM.02","","Sun Nov 03 00:37:20 GMT 2024","passed","Sun Nov 03 00:37:20 GMT 2024","","HYPERON-EXPERIMENTAL-SCRIPTS","HYPERON-EXPERIMENTAL-SCRIPTS",""
"","2","STRING-TESTS.10","","Sun Nov 03 00:38:57 GMT 2024","passed","Sun Nov 03 00:38:57 GMT 2024","","HYPERON-METTALOG-SANITY","HYPERON-METTALOG-SANITY",""
"","105","B4-NONDETERM.11","","Sun Nov 03 00:37:20 GMT 2024","passed","Sun Nov 03 00:37:20 GMT 2024","","HYPERON-EXPERIMENTAL-SCRIPTS","HYPERON-EXPERIMENTAL-SCRIPTS",""
"","2","HYPERPOSING-UNSHARED.04","","Sun Nov 03 01:59:10 GMT 2024","passed","Sun Nov 03 01:59:10 GMT 2024","","BASIC","BASIC",""
"","2","BCHAIN.02","","Sun Nov 03 01:50:35 GMT 2024","passed","Sun Nov 03 01:50:35 GMT 2024","","WALK-THRU","WALK-THRU",""
"","1","INF-CTL-MONTH-BC-CONT-XP.07","","Sun Nov 03 01:21:32 GMT 2024","passed","Sun Nov 03 01:21:32 GMT 2024","","INFERENCE-CONTROL","INFERENCE-CONTROL",""
"","3","C2-SPACES.01","","Sun Nov 03 00:37:20 GMT 2024","passed","Sun Nov 03 00:37:20 GMT 2024","","HYPERON-EXPERIMENTAL-SCRIPTS","HYPERON-EXPERIMENTAL-SCRIPTS",""
"","4000","hyperon-mettalog_sanity.sealed_test","","Sun Nov 03 00:37:15 GMT 2024","passed","Sun Nov 03 00:37:19 GMT 2024","","WHOLE-TESTS","WHOLE-TESTS",""
"","2","FIBO-AS-PRED.01","","Sun Nov 03 01:59:10 GMT 2024","passed","Sun Nov 03 01:59:10 GMT 2024","","BASIC","BASIC",""
"","14","STDLIB-METTALOG-TEST-PT2.34","","Sun Nov 03 00:56:29 GMT 2024","failed","Sun Nov 03 00:56:29 GMT 2024","","STDLIB-METTALOG","STDLIB-METTALOG",""
"","1","CML-UNSHARED.03","","Sun Nov 03 01:59:10 GMT 2024","passed","Sun Nov 03 01:59:10 GMT 2024","","BASIC","BASIC",""
"","45000","new.tests5","","Sun Nov 03 00:37:15 GMT 2024","failed","Sun Nov 03 00:38:00 GMT 2024","","WHOLE-TESTS","WHOLE-TESTS",""
"","7","SPACE-SUBTRACTION-TESTS.11","","Sun Nov 03 00:38:57 GMT 2024","passed","Sun Nov 03 00:38:57 GMT 2024","","HYPERON-METTALOG-SANITY","HYPERON-METTALOG-SANITY",""
"","162","IOIOIOI-USING-EQUALITY.01","","Sun Nov 03 01:56:50 GMT 2024","failed","Sun Nov 03 01:56:50 GMT 2024","","MULTIDIRECTIONAL","MULTIDIRECTIONAL",""
"","2","SPACE-INTERSECTION-TESTS.19","","Sun Nov 03 00:38:57 GMT 2024","passed","Sun Nov 03 00:38:57 GMT 2024","","HYPERON-METTALOG-SANITY","HYPERON-METTALOG-SANITY",""
"","6","SEALED-TEST.08","","Sun Nov 03 00:38:57 GMT 2024","passed","Sun Nov 03 00:38:57 GMT 2024","","HYPERON-METTALOG-SANITY","HYPERON-METTALOG-SANITY",""
"","6000","walk_thru.debug_mettalogTestCurried","","Sun Nov 03 00:37:15 GMT 2024","passed","Sun Nov 03 00:37:21 GMT 2024","","WHOLE-TESTS","WHOLE-TESTS",""
"","2","STDLIB-METTALOG-TEST-PT2.24","","Sun Nov 03 00:56:29 GMT 2024","passed","Sun Nov 03 00:56:29 GMT 2024","","STDLIB-METTALOG","STDLIB-METTALOG",""
"","1207","SYNTHESIZE-VIA-LET-TEST.06","","Sun Nov 03 01:28:09 GMT 2024","failed","Sun Nov 03 01:28:10 GMT 2024","","EXPERIMENTS","EXPERIMENTS",""
"","279","TESTS0.06","","Sun Nov 03 01:41:19 GMT 2024","failed","Sun Nov 03 01:41:19 GMT 2024","","NEW","NEW",""
"","2","CHAPTER-1-1.04","","Sun Nov 03 00:56:39 GMT 2024","passed","Sun Nov 03 00:56:39 GMT 2024","","SICP-BOOK","SICP-BOOK",""
"","2","TYPE-PROP.08","","Sun Nov 03 00:52:07 GMT 2024","passed","Sun Nov 03 00:52:07 GMT 2024","","CHAINING","CHAINING",""
"","2","ADD-REMOVE-MATCH-INTEGER.29","","Sun Nov 03 00:54:23 GMT 2024","passed","Sun Nov 03 00:54:23 GMT 2024","","SPACES","SPACES",""
"","40000","main-branch.tests2","","Sun Nov 03 00:37:15 GMT 2024","failed","Sun Nov 03 00:37:55 GMT 2024","","WHOLE-TESTS","WHOLE-TESTS",""
"","46","IMPLICATIONDIRECTINTRODUCTIONDTLTEST.13","","Sun Nov 03 01:16:13 GMT 2024","failed","Sun Nov 03 01:16:13 GMT 2024","","DEPENDENT-TYPES","DEPENDENT-TYPES",""
"","4000","common.ListTest","","Sun Nov 03 00:37:15 GMT 2024","passed","Sun Nov 03 00:37:19 GMT 2024","","WHOLE-TESTS","WHOLE-TESTS",""
"","1","D1-GADT.02","","Sun Nov 03 00:37:20 GMT 2024","passed","Sun Nov 03 00:37:20 GMT 2024","","HYPERON-EXPERIMENTAL-SCRIPTS","HYPERON-EXPERIMENTAL-SCRIPTS",""
"","2","C2-SPACES.04","","Sun Nov 03 00:37:10 GMT 2024","passed","Sun Nov 03 00:37:10 GMT 2024","","MODULE-SYSTEM","MODULE-SYSTEM",""
"","1","IFC-XP.29","","Sun Nov 03 01:23:34 GMT 2024","passed","Sun Nov 03 01:23:34 GMT 2024","","ITERATIVE-CHAINING","ITERATIVE-CHAINING",""
"","64","STDLIB-METTALOG-TEST-PT2.71","","Sun Nov 03 00:56:29 GMT 2024","failed","Sun Nov 03 00:56:29 GMT 2024","","STDLIB-METTALOG","STDLIB-METTALOG",""
"","2","A1-SYMBOLS.07","","Sun Nov 03 00:37:20 GMT 2024","passed","Sun Nov 03 00:37:20 GMT 2024","","HYPERON-EXPERIMENTAL-SCRIPTS","HYPERON-EXPERIMENTAL-SCRIPTS",""
"","2","UNIQUE-TEST.08","","Sun Nov 03 00:38:57 GMT 2024","passed","Sun Nov 03 00:38:57 GMT 2024","","HYPERON-METTALOG-SANITY","HYPERON-METTALOG-SANITY",""
"","3","UNIQUE-TEST.10","","Sun Nov 03 00:38:57 GMT 2024","passed","Sun Nov 03 00:38:57 GMT 2024","","HYPERON-METTALOG-SANITY","HYPERON-METTALOG-SANITY",""
"","2","UNIFY-VIA-LET.04","","Sun Nov 03 01:28:09 GMT 2024","passed","Sun Nov 03 01:28:09 GMT 2024","","EXPERIMENTS","EXPERIMENTS",""
"","148","NATTEST.01","","Sun Nov 03 01:20:22 GMT 2024","failed","Sun Nov 03 01:20:22 GMT 2024","","HOL","HOL",""
"","5000","walk_thru.comma_is_not_special","","Sun Nov 03 00:37:15 GMT 2024","passed","Sun Nov 03 00:37:20 GMT 2024","","WHOLE-TESTS","WHOLE-TESTS",""
"","2","D2-HIGHERFUNC.10","","Sun Nov 03 00:37:20 GMT 2024","passed","Sun Nov 03 00:37:20 GMT 2024","","HYPERON-EXPERIMENTAL-SCRIPTS","HYPERON-EXPERIMENTAL-SCRIPTS",""
"","4000","collatz.classical","","Sun Nov 03 00:37:15 GMT 2024","passed","Sun Nov 03 00:37:19 GMT 2024","","WHOLE-TESTS","WHOLE-TESTS",""
"","28000","inference-control.inf-ctl-month-xp","","Sun Nov 03 00:37:15 GMT 2024","passed","Sun Nov 03 00:37:43 GMT 2024","","WHOLE-TESTS","WHOLE-TESTS",""
"","1218","TRAINING-BI.02","","Sun Nov 03 02:11:44 GMT 2024","passed","Sun Nov 03 02:11:45 GMT 2024","","LANGUAGE-MODELS","LANGUAGE-MODELS",""
"","2","F1-MODULEA.01","","Sun Nov 03 00:47:10 GMT 2024","passed","Sun Nov 03 00:47:10 GMT 2024","","QUICK","QUICK",""
"","2","CHAPTER-2-4.06","","Sun Nov 03 00:56:39 GMT 2024","passed","Sun Nov 03 00:56:39 GMT 2024","","SICP-BOOK","SICP-BOOK",""
"","498","PC-XP.15","","Sun Nov 03 01:26:17 GMT 2024","failed","Sun Nov 03 01:26:17 GMT 2024","","POLYWARD-CHAINING","POLYWARD-CHAINING",""
"","1193","TESTS1-PRE.02","","Sun Nov 03 00:47:37 GMT 2024","failed","Sun Nov 03 00:47:38 GMT 2024","","MAIN-BRANCH","MAIN-BRANCH",""
"","2","STDLIB-METTALOG-TEST-PT2.67","","Sun Nov 03 00:56:29 GMT 2024","passed","Sun Nov 03 00:56:29 GMT 2024","","STDLIB-METTALOG","STDLIB-METTALOG",""
"","5000","hyperon-experimental_scripts.f1_imports","","Sun Nov 03 00:37:15 GMT 2024","passed","Sun Nov 03 00:37:20 GMT 2024","","WHOLE-TESTS","WHOLE-TESTS",""
"","2","SUPERCOLLAPSE.03","","Sun Nov 03 00:42:53 GMT 2024","passed","Sun Nov 03 00:42:53 GMT 2024","","METTA-MORPH-TESTS","METTA-MORPH-TESTS",""
"","4","HYPERON-EXPERIMENTAL-ISSUE-530.01","","Sun Nov 03 01:53:53 GMT 2024","passed","Sun Nov 03 01:53:53 GMT 2024","","DEBUGGING","DEBUGGING",""
"","507","TESTS0.07","","Sun Nov 03 01:41:19 GMT 2024","failed","Sun Nov 03 01:41:19 GMT 2024","","NEW","NEW",""
"","1","SEQUENTIAL-NESTED.03","","Sun Nov 03 00:42:53 GMT 2024","passed","Sun Nov 03 00:42:53 GMT 2024","","METTA-MORPH-TESTS","METTA-MORPH-TESTS",""
"","2","D1-GADT.03","","Sun Nov 03 01:13:31 GMT 2024","passed","Sun Nov 03 01:13:31 GMT 2024","","CHECK-TYPES","CHECK-TYPES",""
"","2","C1-GROUNDED-BASIC.20","","Sun Nov 03 00:37:20 GMT 2024","passed","Sun Nov 03 00:37:20 GMT 2024","","HYPERON-EXPERIMENTAL-SCRIPTS","HYPERON-EXPERIMENTAL-SCRIPTS",""
"","7","DEBUG-METTALOGTESTCURRIED.05","","Sun Nov 03 01:50:35 GMT 2024","passed","Sun Nov 03 01:50:35 GMT 2024","","WALK-THRU","WALK-THRU",""
"","2","FORWARD-CHAINER-XP.23","","Sun Nov 03 01:20:07 GMT 2024","passed","Sun Nov 03 01:20:07 GMT 2024","","FORWARD-CHAINER","FORWARD-CHAINER",""
"","1","BC-COMP.03","","Sun Nov 03 00:44:59 GMT 2024","passed","Sun Nov 03 00:44:59 GMT 2024","","ANTI-REGRESSION","ANTI-REGRESSION",""
"","2","ADD-REMOVE-MATCH-MIX-FLOAT-INTEGER.24","","Sun Nov 03 00:54:23 GMT 2024","passed","Sun Nov 03 00:54:23 GMT 2024","","SPACES","SPACES",""
"","2","BCHAIN-COMP.01","","Sun Nov 03 01:50:35 GMT 2024","passed","Sun Nov 03 01:50:35 GMT 2024","","WALK-THRU","WALK-THRU",""
"","2","TYPE-PROP.65","","Sun Nov 03 01:13:11 GMT 2024","passed","Sun Nov 03 01:13:11 GMT 2024","","CHECK-TYPES-TEMP","CHECK-TYPES-TEMP",""
"","2","MATCH-SUPERPOSED-SPACES.03","","Sun Nov 03 00:42:53 GMT 2024","passed","Sun Nov 03 00:42:53 GMT 2024","","METTA-MORPH-TESTS","METTA-MORPH-TESTS",""
"","1","INTERSECTION-TESTS.19","","Sun Nov 03 00:38:57 GMT 2024","passed","Sun Nov 03 00:38:57 GMT 2024","","HYPERON-METTALOG-SANITY","HYPERON-METTALOG-SANITY",""
"","44","BACKWARD-CHAINER-XP.01","","Sun Nov 03 01:17:21 GMT 2024","failed","Sun Nov 03 01:17:21 GMT 2024","","BACKWARD-CHAINER","BACKWARD-CHAINER",""
