"DESCRIPTION","DURATION IN MS","NAME","PARENT SUITE","START TIME","STATUS","STOP TIME","SUB SUITE","SUITE","TEST CLASS","TEST METHOD"
"","4000","equal.ImplicationDirectIntroductionEqualTest","","Sun Nov 10 00:36:26 GMT 2024","passed","Sun Nov 10 00:36:30 GMT 2024","","WHOLE-TESTS","WHOLE-TESTS",""
"","2","MAYBETEST.02","","Sun Nov 10 01:16:54 GMT 2024","passed","Sun Nov 10 01:16:54 GMT 2024","","COMMON","COMMON",""
"","2","BC-COMP.03","","Sun Nov 10 01:49:54 GMT 2024","passed","Sun Nov 10 01:49:54 GMT 2024","","WALK-THRU","WALK-THRU",""
"","574","TMPMATCH2.05","","Sun Nov 10 01:49:54 GMT 2024","passed","Sun Nov 10 01:49:54 GMT 2024","","WALK-THRU","WALK-THRU",""
"","47","IFC-XP.05","","Sun Nov 10 01:22:53 GMT 2024","failed","Sun Nov 10 01:22:53 GMT 2024","","ITERATIVE-CHAINING","ITERATIVE-CHAINING",""
"","2","C1-GROUNDED-BASIC.22","","Sun Nov 10 00:36:30 GMT 2024","passed","Sun Nov 10 00:36:30 GMT 2024","","HYPERON-EXPERIMENTAL-SCRIPTS","HYPERON-EXPERIMENTAL-SCRIPTS",""
"","2","AI-SERVICE-COMPOSITION-EASY.02","","Sun Nov 10 01:09:59 GMT 2024","passed","Sun Nov 10 01:09:59 GMT 2024","","AI-SERVICE","AI-SERVICE",""
"","1","SUPPORTRULEEXP.03","","Sun Nov 10 01:15:33 GMT 2024","passed","Sun Nov 10 01:15:33 GMT 2024","","DEPENDENT-TYPES","DEPENDENT-TYPES",""
"","22","STDLIB-METTALOG-TEST-PT2.49","","Sun Nov 10 00:55:44 GMT 2024","failed","Sun Nov 10 00:55:44 GMT 2024","","STDLIB-METTALOG","STDLIB-METTALOG",""
"","2","STDLIB-METTALOG-TEST-PT2.07","","Sun Nov 10 00:55:44 GMT 2024","passed","Sun Nov 10 00:55:44 GMT 2024","","STDLIB-METTALOG","STDLIB-METTALOG",""
"","2","CHAPTER-2-4.02","","Sun Nov 10 00:55:54 GMT 2024","passed","Sun Nov 10 00:55:54 GMT 2024","","SICP-BOOK","SICP-BOOK",""
"","3","ORDEREDSETTEST.10","","Sun Nov 10 01:16:54 GMT 2024","passed","Sun Nov 10 01:16:54 GMT 2024","","COMMON","COMMON",""
"","2","SHOW-TYPE.04","","Sun Nov 10 00:53:22 GMT 2024","passed","Sun Nov 10 00:53:22 GMT 2024","","INTROSPECT","INTROSPECT",""
"","43","STDLIB-METTALOG-TEST-PT2.03","","Sun Nov 10 00:55:44 GMT 2024","failed","Sun Nov 10 00:55:44 GMT 2024","","STDLIB-METTALOG","STDLIB-METTALOG",""
"","549","INF-CTL-MONTH-XP.04","","Sun Nov 10 01:20:51 GMT 2024","passed","Sun Nov 10 01:20:51 GMT 2024","","INFERENCE-CONTROL","INFERENCE-CONTROL",""
"","2","ZEROARGS.02","","Sun Nov 10 00:42:04 GMT 2024","passed","Sun Nov 10 00:42:04 GMT 2024","","METTA-MORPH-TESTS","METTA-MORPH-TESTS",""
"","280","IBC-XP.29","","Sun Nov 10 01:22:53 GMT 2024","passed","Sun Nov 10 01:22:53 GMT 2024","","ITERATIVE-CHAINING","ITERATIVE-CHAINING",""
"","2","CHAPTER-1-1.05","","Sun Nov 10 00:55:54 GMT 2024","passed","Sun Nov 10 00:55:54 GMT 2024","","SICP-BOOK","SICP-BOOK",""
"","3","SYNTHESIZE-VIA-TYPE-CHECKING.13","","Sun Nov 10 01:27:30 GMT 2024","passed","Sun Nov 10 01:27:30 GMT 2024","","EXPERIMENTS","EXPERIMENTS",""
"","2","PREREQS.04","","Sun Nov 10 00:46:49 GMT 2024","passed","Sun Nov 10 00:46:49 GMT 2024","","MAIN-BRANCH","MAIN-BRANCH",""
"","2","CHAPTER-1-1.06","","Sun Nov 10 00:55:54 GMT 2024","passed","Sun Nov 10 00:55:54 GMT 2024","","SICP-BOOK","SICP-BOOK",""
"","3","D2-HIGHERFUNC.01","","Sun Nov 10 00:46:20 GMT 2024","passed","Sun Nov 10 00:46:20 GMT 2024","","QUICK","QUICK",""
"","74","00-LANG-CASE.08","","Sun Nov 10 00:38:07 GMT 2024","passed","Sun Nov 10 00:38:07 GMT 2024","","HYPERON-METTALOG-SANITY","HYPERON-METTALOG-SANITY",""
"","2","BC-XP.01","","Sun Nov 10 00:51:18 GMT 2024","passed","Sun Nov 10 00:51:18 GMT 2024","","CHAINING","CHAINING",""
"","1","HYPERPOSING-UNSHARED.03","","Sun Nov 10 01:58:35 GMT 2024","passed","Sun Nov 10 01:58:35 GMT 2024","","BASIC","BASIC",""
"","3","D2-HIGHERFUNC.19","","Sun Nov 10 01:12:50 GMT 2024","passed","Sun Nov 10 01:12:50 GMT 2024","","CHECK-TYPES","CHECK-TYPES",""
"","2","BCHAIN-COMP.02","","Sun Nov 10 01:49:54 GMT 2024","passed","Sun Nov 10 01:49:54 GMT 2024","","WALK-THRU","WALK-THRU",""
"","2","ADD-REMOVE-MATCH-INTEGER.34","","Sun Nov 10 00:53:36 GMT 2024","passed","Sun Nov 10 00:53:36 GMT 2024","","SPACES","SPACES",""
"","2","STRING-TESTS.16","","Sun Nov 10 00:38:07 GMT 2024","passed","Sun Nov 10 00:38:07 GMT 2024","","HYPERON-METTALOG-SANITY","HYPERON-METTALOG-SANITY",""
"","2","ADD-REMOVE-MATCH-SYMBOLS.04","","Sun Nov 10 00:53:36 GMT 2024","passed","Sun Nov 10 00:53:36 GMT 2024","","SPACES","SPACES",""
"","2","INTERSECTION-TESTS.04","","Sun Nov 10 00:38:07 GMT 2024","passed","Sun Nov 10 00:38:07 GMT 2024","","HYPERON-METTALOG-SANITY","HYPERON-METTALOG-SANITY",""
"","41","OBIF-CLP.03","","Sun Nov 10 01:56:13 GMT 2024","failed","Sun Nov 10 01:56:13 GMT 2024","","MULTIDIRECTIONAL","MULTIDIRECTIONAL",""
"","74","SEQUENTIAL-NESTED.11","","Sun Nov 10 00:42:04 GMT 2024","passed","Sun Nov 10 00:42:04 GMT 2024","","METTA-MORPH-TESTS","METTA-MORPH-TESTS",""
"","2","OR-TEST.18","","Sun Nov 10 00:38:07 GMT 2024","passed","Sun Nov 10 00:38:07 GMT 2024","","HYPERON-METTALOG-SANITY","HYPERON-METTALOG-SANITY",""
"","4000","bidirectional_computation.send-more","","Sun Nov 10 00:36:26 GMT 2024","passed","Sun Nov 10 00:36:30 GMT 2024","","WHOLE-TESTS","WHOLE-TESTS",""
"","2","FC-XP.23","","Sun Nov 10 01:19:34 GMT 2024","passed","Sun Nov 10 01:19:34 GMT 2024","","FORWARD-CHAINING","FORWARD-CHAINING",""
"","5000","comparisons.inf-ctl-month-xp-short_3","","Sun Nov 10 00:36:26 GMT 2024","passed","Sun Nov 10 00:36:31 GMT 2024","","WHOLE-TESTS","WHOLE-TESTS",""
"","149","SHOW-TYPE.10","","Sun Nov 10 00:53:22 GMT 2024","failed","Sun Nov 10 00:53:22 GMT 2024","","INTROSPECT","INTROSPECT",""
"","6","INF-CTL-XP.03","","Sun Nov 10 01:20:51 GMT 2024","passed","Sun Nov 10 01:20:51 GMT 2024","","INFERENCE-CONTROL","INFERENCE-CONTROL",""
"","3","EXAM-SPACES.01","","Sun Nov 10 00:53:22 GMT 2024","passed","Sun Nov 10 00:53:22 GMT 2024","","INTROSPECT","INTROSPECT",""
"","2","BACKWARD-CHAINER-XP.17","","Sun Nov 10 01:16:41 GMT 2024","passed","Sun Nov 10 01:16:41 GMT 2024","","BACKWARD-CHAINER","BACKWARD-CHAINER",""
"","27000","inference-control.inf-ctl-month-xp","","Sun Nov 10 00:36:26 GMT 2024","passed","Sun Nov 10 00:36:53 GMT 2024","","WHOLE-TESTS","WHOLE-TESTS",""
"","2","SUBTRACTION-TEST.05","","Sun Nov 10 00:38:07 GMT 2024","passed","Sun Nov 10 00:38:07 GMT 2024","","HYPERON-METTALOG-SANITY","HYPERON-METTALOG-SANITY",""
"","18","NATSTANDALONETEST.11","","Sun Nov 10 01:19:39 GMT 2024","failed","Sun Nov 10 01:19:39 GMT 2024","","HOL","HOL",""
"","2","IBC-XP.03","","Sun Nov 10 01:22:53 GMT 2024","passed","Sun Nov 10 01:22:53 GMT 2024","","ITERATIVE-CHAINING","ITERATIVE-CHAINING",""
"","3","PREREQS.01","","Sun Nov 10 00:46:49 GMT 2024","passed","Sun Nov 10 00:46:49 GMT 2024","","MAIN-BRANCH","MAIN-BRANCH",""
"","5000","metta-morph_tests.tests0","","Sun Nov 10 00:36:26 GMT 2024","passed","Sun Nov 10 00:36:31 GMT 2024","","WHOLE-TESTS","WHOLE-TESTS",""
"","3","MINNARS-PREV.01","","Sun Nov 10 00:46:49 GMT 2024","passed","Sun Nov 10 00:46:49 GMT 2024","","MAIN-BRANCH","MAIN-BRANCH",""
"","2","06-MATCH-IN-SPACE.01","","Sun Nov 10 00:38:07 GMT 2024","passed","Sun Nov 10 00:38:07 GMT 2024","","HYPERON-METTALOG-SANITY","HYPERON-METTALOG-SANITY",""
"","2","IBC-XP.23","","Sun Nov 10 01:22:53 GMT 2024","passed","Sun Nov 10 01:22:53 GMT 2024","","ITERATIVE-CHAINING","ITERATIVE-CHAINING",""
"","2","TYPES-PRELIM.15","","Sun Nov 10 00:51:18 GMT 2024","passed","Sun Nov 10 00:51:18 GMT 2024","","CHAINING","CHAINING",""
"","3","PROB-DEP-TYPES.04","","Sun Nov 10 01:04:32 GMT 2024","passed","Sun Nov 10 01:04:32 GMT 2024","","PROB-DEP-TYPES","PROB-DEP-TYPES",""
"","46","IMPLICATIONDIRECTINTRODUCTIONDTLTEST.07","","Sun Nov 10 01:15:33 GMT 2024","failed","Sun Nov 10 01:15:33 GMT 2024","","DEPENDENT-TYPES","DEPENDENT-TYPES",""
"","45","TYPE-PROP.80","","Sun Nov 10 01:12:30 GMT 2024","failed","Sun Nov 10 01:12:30 GMT 2024","","CHECK-TYPES-TEMP","CHECK-TYPES-TEMP",""
"","2","FC-XP.18","","Sun Nov 10 01:19:34 GMT 2024","passed","Sun Nov 10 01:19:34 GMT 2024","","FORWARD-CHAINING","FORWARD-CHAINING",""
"","76","D5-AUTO-TYPES.06","","Sun Nov 10 01:12:50 GMT 2024","failed","Sun Nov 10 01:12:50 GMT 2024","","CHECK-TYPES","CHECK-TYPES",""
"","3","E2-STATES.01","","Sun Nov 10 00:36:30 GMT 2024","passed","Sun Nov 10 00:36:30 GMT 2024","","HYPERON-EXPERIMENTAL-SCRIPTS","HYPERON-EXPERIMENTAL-SCRIPTS",""
"","2","F1-IMPORTS.05","","Sun Nov 10 00:36:20 GMT 2024","passed","Sun Nov 10 00:36:20 GMT 2024","","MODULE-SYSTEM","MODULE-SYSTEM",""
"","1","D1-GADT.08","","Sun Nov 10 01:12:50 GMT 2024","passed","Sun Nov 10 01:12:50 GMT 2024","","CHECK-TYPES","CHECK-TYPES",""
"","2","NILS-IF-CONTROL-TEST-3.02","","Sun Nov 10 02:04:52 GMT 2024","passed","Sun Nov 10 02:04:52 GMT 2024","","COMPARISONS","COMPARISONS",""
"","5","PLN-STV.03","","Sun Nov 10 00:51:18 GMT 2024","passed","Sun Nov 10 00:51:18 GMT 2024","","CHAINING","CHAINING",""
"","46000","typed-variables.even-number","","Sun Nov 10 00:36:26 GMT 2024","failed","Sun Nov 10 00:37:12 GMT 2024","","WHOLE-TESTS","WHOLE-TESTS",""
"","78","STATE-TYPES.18","","Sun Nov 10 01:58:35 GMT 2024","failed","Sun Nov 10 01:58:35 GMT 2024","","BASIC","BASIC",""
"","82","05-MATCH-SUPERPOSE-ELEMENT-LIKE-SPACE.03","","Sun Nov 10 01:53:08 GMT 2024","failed","Sun Nov 10 01:53:08 GMT 2024","","CONTAINERS-ARE-SPACES","CONTAINERS-ARE-SPACES",""
"","2","F1-IMPORTS.16","","Sun Nov 10 00:36:20 GMT 2024","passed","Sun Nov 10 00:36:20 GMT 2024","","MODULE-SYSTEM","MODULE-SYSTEM",""
"","2","INTERSECTION-TESTS.18","","Sun Nov 10 00:38:07 GMT 2024","passed","Sun Nov 10 00:38:07 GMT 2024","","HYPERON-METTALOG-SANITY","HYPERON-METTALOG-SANITY",""
"","3","METTALOGTESTCURRIED2.01","","Sun Nov 10 01:49:54 GMT 2024","passed","Sun Nov 10 01:49:54 GMT 2024","","WALK-THRU","WALK-THRU",""
"","109","ADD-REMOVE-MATCH-SYMBOLS.14","","Sun Nov 10 00:53:36 GMT 2024","passed","Sun Nov 10 00:53:36 GMT 2024","","SPACES","SPACES",""
"","113","STDLIB-METTALOG-TEST-PT2.37","","Sun Nov 10 00:55:44 GMT 2024","failed","Sun Nov 10 00:55:44 GMT 2024","","STDLIB-METTALOG","STDLIB-METTALOG",""
"","3","INF-CTL-MONTH-BC-CONT-XP.01","","Sun Nov 10 01:20:51 GMT 2024","passed","Sun Nov 10 01:20:51 GMT 2024","","INFERENCE-CONTROL","INFERENCE-CONTROL",""
"","2","TYPES-PRELIM.07","","Sun Nov 10 00:51:18 GMT 2024","passed","Sun Nov 10 00:51:18 GMT 2024","","CHAINING","CHAINING",""
"","155","NALIFIER.01","","Sun Nov 10 00:42:04 GMT 2024","passed","Sun Nov 10 00:42:04 GMT 2024","","METTA-MORPH-TESTS","METTA-MORPH-TESTS",""
"","111","TYPES-PRELIM.08","","Sun Nov 10 00:51:18 GMT 2024","failed","Sun Nov 10 00:51:18 GMT 2024","","CHAINING","CHAINING",""
"","2541","TESTS1-PRE.04","","Sun Nov 10 00:46:49 GMT 2024","failed","Sun Nov 10 00:46:51 GMT 2024","","MAIN-BRANCH","MAIN-BRANCH",""
"","7000","hol.NatStandaloneTest","","Sun Nov 10 00:36:26 GMT 2024","passed","Sun Nov 10 00:36:33 GMT 2024","","WHOLE-TESTS","WHOLE-TESTS",""
"","2","PC-XP.02","","Sun Nov 10 01:25:38 GMT 2024","passed","Sun Nov 10 01:25:38 GMT 2024","","POLYWARD-CHAINING","POLYWARD-CHAINING",""
"","3","FORWARD-CHAINER-XP.04","","Sun Nov 10 01:19:25 GMT 2024","passed","Sun Nov 10 01:19:25 GMT 2024","","FORWARD-CHAINER","FORWARD-CHAINER",""
"","4000","debugging.hyperon_experimental_issue_481","","Sun Nov 10 00:36:26 GMT 2024","passed","Sun Nov 10 00:36:30 GMT 2024","","WHOLE-TESTS","WHOLE-TESTS",""
"","46","OBIF-CLP.02","","Sun Nov 10 01:56:13 GMT 2024","failed","Sun Nov 10 01:56:13 GMT 2024","","MULTIDIRECTIONAL","MULTIDIRECTIONAL",""
"","33","CHAPTER-2-2.08","","Sun Nov 10 00:55:54 GMT 2024","failed","Sun Nov 10 00:55:54 GMT 2024","","SICP-BOOK","SICP-BOOK",""
"","2","ADD-REMOVE-MATCH-INTEGER.03","","Sun Nov 10 00:53:36 GMT 2024","passed","Sun Nov 10 00:53:36 GMT 2024","","SPACES","SPACES",""
"","2","D1-GADT.11","","Sun Nov 10 00:46:20 GMT 2024","passed","Sun Nov 10 00:46:20 GMT 2024","","QUICK","QUICK",""
"","4","SEALED-TEST.01","","Sun Nov 10 00:38:07 GMT 2024","passed","Sun Nov 10 00:38:07 GMT 2024","","HYPERON-METTALOG-SANITY","HYPERON-METTALOG-SANITY",""
"","368","NATSTANDALONETEST.14","","Sun Nov 10 01:19:39 GMT 2024","failed","Sun Nov 10 01:19:39 GMT 2024","","HOL","HOL",""
"","3","TESTS0.05","","Sun Nov 10 01:44:34 GMT 2024","passed","Sun Nov 10 01:44:34 GMT 2024","","PREV","PREV",""
"","296","PROB-DEP-TYPES.07","","Sun Nov 10 01:04:32 GMT 2024","failed","Sun Nov 10 01:04:32 GMT 2024","","PROB-DEP-TYPES","PROB-DEP-TYPES",""
"","2","IBC-XP.04","","Sun Nov 10 01:22:53 GMT 2024","passed","Sun Nov 10 01:22:53 GMT 2024","","ITERATIVE-CHAINING","ITERATIVE-CHAINING",""
"","2","ADD-REMOVE-MATCH-SYMBOLS.11","","Sun Nov 10 00:53:36 GMT 2024","passed","Sun Nov 10 00:53:36 GMT 2024","","SPACES","SPACES",""
"","733","IBC-XP.24","","Sun Nov 10 01:22:53 GMT 2024","passed","Sun Nov 10 01:22:53 GMT 2024","","ITERATIVE-CHAINING","ITERATIVE-CHAINING",""
"","2","LTE.08","","Sun Nov 10 00:54:18 GMT 2024","passed","Sun Nov 10 00:54:18 GMT 2024","","STD","STD",""
"","2","BACKWARD-CHAINER-XP.36","","Sun Nov 10 01:16:41 GMT 2024","passed","Sun Nov 10 01:16:41 GMT 2024","","BACKWARD-CHAINER","BACKWARD-CHAINER",""
"","3","SEALED-TEST.06","","Sun Nov 10 00:38:07 GMT 2024","passed","Sun Nov 10 00:38:07 GMT 2024","","HYPERON-METTALOG-SANITY","HYPERON-METTALOG-SANITY",""
"","2","00A-LANG-COMPILED-CASE.04","","Sun Nov 10 01:48:28 GMT 2024","passed","Sun Nov 10 01:48:28 GMT 2024","","DIRECT-COMP","DIRECT-COMP",""
"","3","SUPERCOLLAPSE.01","","Sun Nov 10 00:42:04 GMT 2024","passed","Sun Nov 10 00:42:04 GMT 2024","","METTA-MORPH-TESTS","METTA-MORPH-TESTS",""
"","130","TESTS0.01","","Sun Nov 10 00:42:04 GMT 2024","passed","Sun Nov 10 00:42:04 GMT 2024","","METTA-MORPH-TESTS","METTA-MORPH-TESTS",""
"","3","LISTTEST.01","","Sun Nov 10 01:19:39 GMT 2024","passed","Sun Nov 10 01:19:39 GMT 2024","","HOL","HOL",""
"","2","TEST-IF-CLOSED.02","","Sun Nov 10 00:44:09 GMT 2024","passed","Sun Nov 10 00:44:09 GMT 2024","","ANTI-REGRESSION","ANTI-REGRESSION",""
"","5000","edges-to-edges.nte","","Sun Nov 10 00:36:26 GMT 2024","passed","Sun Nov 10 00:36:31 GMT 2024","","WHOLE-TESTS","WHOLE-TESTS",""
"","112","LOCATED-TEST.03","","Sun Nov 10 01:26:32 GMT 2024","passed","Sun Nov 10 01:26:32 GMT 2024","","LOCATED","LOCATED",""
"","4","SHOW-TYPE.06","","Sun Nov 10 00:53:22 GMT 2024","passed","Sun Nov 10 00:53:22 GMT 2024","","INTROSPECT","INTROSPECT",""
"","2","D1-GADT.06","","Sun Nov 10 01:12:50 GMT 2024","passed","Sun Nov 10 01:12:50 GMT 2024","","CHECK-TYPES","CHECK-TYPES",""
"","27","DEDUCTIONIMPLICATIONDIRECTINTRODUCTIONMATCHTEST.01","","Sun Nov 10 01:23:12 GMT 2024","passed","Sun Nov 10 01:23:12 GMT 2024","","MATCH","MATCH",""
"","5000","multidirectional.ioioioi","","Sun Nov 10 00:36:26 GMT 2024","passed","Sun Nov 10 00:36:31 GMT 2024","","WHOLE-TESTS","WHOLE-TESTS",""
"","2","HYPERPOSE.02","","Sun Nov 10 00:42:04 GMT 2024","passed","Sun Nov 10 00:42:04 GMT 2024","","METTA-MORPH-TESTS","METTA-MORPH-TESTS",""
"","2","LTE.07","","Sun Nov 10 00:54:18 GMT 2024","passed","Sun Nov 10 00:54:18 GMT 2024","","STD","STD",""
"","3","SUBTRACTION-TEST.09","","Sun Nov 10 00:38:07 GMT 2024","passed","Sun Nov 10 00:38:07 GMT 2024","","HYPERON-METTALOG-SANITY","HYPERON-METTALOG-SANITY",""
"","2","D2-HIGHERFUNC.09","","Sun Nov 10 00:46:20 GMT 2024","passed","Sun Nov 10 00:46:20 GMT 2024","","QUICK","QUICK",""
"","2","STDLIB-METTALOG-TEST-PT2.66","","Sun Nov 10 00:55:44 GMT 2024","passed","Sun Nov 10 00:55:44 GMT 2024","","STDLIB-METTALOG","STDLIB-METTALOG",""
"","124","SYNTHESIZE-VIA-UNIFY-TEST-LONGER.01","","Sun Nov 10 01:27:30 GMT 2024","passed","Sun Nov 10 01:27:30 GMT 2024","","EXPERIMENTS","EXPERIMENTS",""
"","2","STDLIB-METTALOG-TEST-PT2.41","","Sun Nov 10 00:55:44 GMT 2024","passed","Sun Nov 10 00:55:44 GMT 2024","","STDLIB-METTALOG","STDLIB-METTALOG",""
"","40000","combinator_logic_experiments.y_comb_examples","","Sun Nov 10 00:36:26 GMT 2024","failed","Sun Nov 10 00:37:06 GMT 2024","","WHOLE-TESTS","WHOLE-TESTS",""
"","2","TESTS5.08","","Sun Nov 10 00:46:49 GMT 2024","passed","Sun Nov 10 00:46:49 GMT 2024","","MAIN-BRANCH","MAIN-BRANCH",""
"","1","F1-MODULEA.07","","Sun Nov 10 00:36:20 GMT 2024","passed","Sun Nov 10 00:36:20 GMT 2024","","MODULE-SYSTEM","MODULE-SYSTEM",""
"","2","TYPE-PROP.33","","Sun Nov 10 01:12:30 GMT 2024","passed","Sun Nov 10 01:12:30 GMT 2024","","CHECK-TYPES-TEMP","CHECK-TYPES-TEMP",""
"","2","ADD-REMOVE-MATCH-S-SYMBOLS.16","","Sun Nov 10 00:53:36 GMT 2024","passed","Sun Nov 10 00:53:36 GMT 2024","","SPACES","SPACES",""
"","2","TESTS0.05","","Sun Nov 10 00:42:04 GMT 2024","passed","Sun Nov 10 00:42:04 GMT 2024","","METTA-MORPH-TESTS","METTA-MORPH-TESTS",""
"","2","BASE-TEST-REPR-PARSE-INTERSECTION.03","","Sun Nov 10 00:38:07 GMT 2024","passed","Sun Nov 10 00:38:07 GMT 2024","","HYPERON-METTALOG-SANITY","HYPERON-METTALOG-SANITY",""
"","26000","walk_thru.system_proofTestCurried","","Sun Nov 10 00:36:26 GMT 2024","passed","Sun Nov 10 00:36:52 GMT 2024","","WHOLE-TESTS","WHOLE-TESTS",""
"","2","FORWARD-CHAINER-TEST.14","","Sun Nov 10 01:19:25 GMT 2024","passed","Sun Nov 10 01:19:25 GMT 2024","","FORWARD-CHAINER","FORWARD-CHAINER",""
"","2","NONDETERM.03","","Sun Nov 10 00:54:18 GMT 2024","passed","Sun Nov 10 00:54:18 GMT 2024","","STD","STD",""
"","45","MODUSPONENSDTLTEST.01","","Sun Nov 10 01:15:33 GMT 2024","failed","Sun Nov 10 01:15:33 GMT 2024","","DEPENDENT-TYPES","DEPENDENT-TYPES",""
"","5000","traverser.basic","","Sun Nov 10 00:36:26 GMT 2024","passed","Sun Nov 10 00:36:31 GMT 2024","","WHOLE-TESTS","WHOLE-TESTS",""
"","83","COMBINED.03","","Sun Nov 10 01:54:40 GMT 2024","failed","Sun Nov 10 01:54:40 GMT 2024","","ITERATORS","ITERATORS",""
"","46000","new.tests4","","Sun Nov 10 00:36:26 GMT 2024","failed","Sun Nov 10 00:37:12 GMT 2024","","WHOLE-TESTS","WHOLE-TESTS",""
"","2","B3-DIRECT.02","","Sun Nov 10 00:36:30 GMT 2024","passed","Sun Nov 10 00:36:30 GMT 2024","","HYPERON-EXPERIMENTAL-SCRIPTS","HYPERON-EXPERIMENTAL-SCRIPTS",""
"","2","BACKWARD-CHAINER-XP.42","","Sun Nov 10 01:16:41 GMT 2024","passed","Sun Nov 10 01:16:41 GMT 2024","","BACKWARD-CHAINER","BACKWARD-CHAINER",""
"","5000","orientation.orientation-test","","Sun Nov 10 00:36:26 GMT 2024","passed","Sun Nov 10 00:36:31 GMT 2024","","WHOLE-TESTS","WHOLE-TESTS",""
"","2","BACKWARD-CHAINER-XP.12","","Sun Nov 10 01:16:41 GMT 2024","passed","Sun Nov 10 01:16:41 GMT 2024","","BACKWARD-CHAINER","BACKWARD-CHAINER",""
"","2","E2-STATES.10","","Sun Nov 10 00:36:30 GMT 2024","passed","Sun Nov 10 00:36:30 GMT 2024","","HYPERON-EXPERIMENTAL-SCRIPTS","HYPERON-EXPERIMENTAL-SCRIPTS",""
"","7000","comparisons.nils_if_control_test_5","","Sun Nov 10 00:36:26 GMT 2024","passed","Sun Nov 10 00:36:33 GMT 2024","","WHOLE-TESTS","WHOLE-TESTS",""
"","11","TESTS1.01","","Sun Nov 10 01:44:34 GMT 2024","failed","Sun Nov 10 01:44:34 GMT 2024","","PREV","PREV",""
"","2","NILS-IF-CONTROL-TEST-2.01","","Sun Nov 10 02:04:52 GMT 2024","passed","Sun Nov 10 02:04:52 GMT 2024","","COMPARISONS","COMPARISONS",""
"","51","FORWARD-CHAINER-XP.01","","Sun Nov 10 01:19:25 GMT 2024","failed","Sun Nov 10 01:19:25 GMT 2024","","FORWARD-CHAINER","FORWARD-CHAINER",""
"","5000","metta-morph_tests.match_void","","Sun Nov 10 00:36:26 GMT 2024","passed","Sun Nov 10 00:36:31 GMT 2024","","WHOLE-TESTS","WHOLE-TESTS",""
"","2","BCHAIN.04","","Sun Nov 10 00:44:09 GMT 2024","passed","Sun Nov 10 00:44:09 GMT 2024","","ANTI-REGRESSION","ANTI-REGRESSION",""
"","50","TYPE-PROP.67","","Sun Nov 10 01:12:30 GMT 2024","failed","Sun Nov 10 01:12:30 GMT 2024","","CHECK-TYPES-TEMP","CHECK-TYPES-TEMP",""
"","8","NARS-BUILDTUPLECOUNTS.01","","Sun Nov 10 01:35:30 GMT 2024","passed","Sun Nov 10 01:35:30 GMT 2024","","NARS-EXTRAS","NARS-EXTRAS",""
"","2","F1-MODULEA.10","","Sun Nov 10 00:36:30 GMT 2024","passed","Sun Nov 10 00:36:30 GMT 2024","","HYPERON-EXPERIMENTAL-SCRIPTS","HYPERON-EXPERIMENTAL-SCRIPTS",""
"","2","D2-HIGHERFUNC.10","","Sun Nov 10 00:46:20 GMT 2024","passed","Sun Nov 10 00:46:20 GMT 2024","","QUICK","QUICK",""
"","2","TESTS1.03","","Sun Nov 10 00:46:49 GMT 2024","passed","Sun Nov 10 00:46:49 GMT 2024","","MAIN-BRANCH","MAIN-BRANCH",""
"","2","F1-IMPORTS.12","","Sun Nov 10 00:36:20 GMT 2024","passed","Sun Nov 10 00:36:20 GMT 2024","","MODULE-SYSTEM","MODULE-SYSTEM",""
"","1","KEY-LOOKUPS-MANY.12","","Sun Nov 10 01:58:35 GMT 2024","passed","Sun Nov 10 01:58:35 GMT 2024","","BASIC","BASIC",""
"","40000","comparisons.fibo_Arg1i","","Sun Nov 10 00:36:26 GMT 2024","failed","Sun Nov 10 00:37:06 GMT 2024","","WHOLE-TESTS","WHOLE-TESTS",""
"","3","BCHAIN-COMP.04","","Sun Nov 10 00:44:09 GMT 2024","passed","Sun Nov 10 00:44:09 GMT 2024","","ANTI-REGRESSION","ANTI-REGRESSION",""
"","2","B5-TYPES-PRELIM.01","","Sun Nov 10 01:12:30 GMT 2024","passed","Sun Nov 10 01:12:30 GMT 2024","","CHECK-TYPES-TEMP","CHECK-TYPES-TEMP",""
"","13","CHAPTER-2-4.22","","Sun Nov 10 00:55:54 GMT 2024","failed","Sun Nov 10 00:55:54 GMT 2024","","SICP-BOOK","SICP-BOOK",""
"","1","ADD-REMOVE-MATCH-SYMBOLS.12","","Sun Nov 10 00:53:36 GMT 2024","passed","Sun Nov 10 00:53:36 GMT 2024","","SPACES","SPACES",""
"","2","F1-IMPORTS.03","","Sun Nov 10 00:46:20 GMT 2024","passed","Sun Nov 10 00:46:20 GMT 2024","","QUICK","QUICK",""
"","45000","bio-atomspace.pln-xp","","Sun Nov 10 00:36:26 GMT 2024","failed","Sun Nov 10 00:37:11 GMT 2024","","WHOLE-TESTS","WHOLE-TESTS",""
"","3","APPEND.02","","Sun Nov 10 01:56:13 GMT 2024","passed","Sun Nov 10 01:56:13 GMT 2024","","MULTIDIRECTIONAL","MULTIDIRECTIONAL",""
"","346","IBC-XP.15","","Sun Nov 10 01:22:53 GMT 2024","passed","Sun Nov 10 01:22:53 GMT 2024","","ITERATIVE-CHAINING","ITERATIVE-CHAINING",""
"","2","TYPES-PRELIM.05","","Sun Nov 10 00:51:18 GMT 2024","passed","Sun Nov 10 00:51:18 GMT 2024","","CHAINING","CHAINING",""
"","4000","metta-morph_tests.peano","","Sun Nov 10 00:36:26 GMT 2024","passed","Sun Nov 10 00:36:30 GMT 2024","","WHOLE-TESTS","WHOLE-TESTS",""
"","2","NAIVE-FIB.02","","Sun Nov 10 02:04:52 GMT 2024","passed","Sun Nov 10 02:04:52 GMT 2024","","COMPARISONS","COMPARISONS",""
"","81","ADD-REMOVE-MATCH-STRINGS.03","","Sun Nov 10 00:53:36 GMT 2024","failed","Sun Nov 10 00:53:36 GMT 2024","","SPACES","SPACES",""
"","1117","IBC-XP.28","","Sun Nov 10 01:22:53 GMT 2024","passed","Sun Nov 10 01:22:54 GMT 2024","","ITERATIVE-CHAINING","ITERATIVE-CHAINING",""
"","362","SELF-CONTAINED-SYNTHESIZE.08","","Sun Nov 10 01:27:30 GMT 2024","failed","Sun Nov 10 01:27:30 GMT 2024","","EXPERIMENTS","EXPERIMENTS",""
"","2","TMPMATCH1.04","","Sun Nov 10 01:49:54 GMT 2024","passed","Sun Nov 10 01:49:54 GMT 2024","","WALK-THRU","WALK-THRU",""
"","2","BC-XP.03","","Sun Nov 10 01:16:45 GMT 2024","passed","Sun Nov 10 01:16:45 GMT 2024","","BACKWARD-CHAINING","BACKWARD-CHAINING",""
"","1","ADD-REMOVE-MATCH-SYMBOLS.09","","Sun Nov 10 00:53:36 GMT 2024","passed","Sun Nov 10 00:53:36 GMT 2024","","SPACES","SPACES",""
"","1","D4-TYPE-PROP.09","","Sun Nov 10 00:36:30 GMT 2024","passed","Sun Nov 10 00:36:30 GMT 2024","","HYPERON-EXPERIMENTAL-SCRIPTS","HYPERON-EXPERIMENTAL-SCRIPTS",""
"","69","TESTS0.01","","Sun Nov 10 01:31:41 GMT 2024","failed","Sun Nov 10 01:31:41 GMT 2024","","CURRENT","CURRENT",""
"","3","D3-DEPTYPES.06","","Sun Nov 10 00:36:30 GMT 2024","passed","Sun Nov 10 00:36:30 GMT 2024","","HYPERON-EXPERIMENTAL-SCRIPTS","HYPERON-EXPERIMENTAL-SCRIPTS",""
"","4","TIME-SYNTHESIZE-SHORT.03","","Sun Nov 10 00:39:54 GMT 2024","passed","Sun Nov 10 00:39:54 GMT 2024","","SYNTH-BUFFER","SYNTH-BUFFER",""
"","15","CREATE-SERVER.02","","Sun Nov 10 01:54:21 GMT 2024","failed","Sun Nov 10 01:54:21 GMT 2024","","DISTRIBUTED-PROCESSING","DISTRIBUTED-PROCESSING",""
"","5000","hyperon-experimental_scripts.e2_states","","Sun Nov 10 00:36:26 GMT 2024","passed","Sun Nov 10 00:36:31 GMT 2024","","WHOLE-TESTS","WHOLE-TESTS",""
"","24","FACTORIAL.02","","Sun Nov 10 00:42:04 GMT 2024","passed","Sun Nov 10 00:42:04 GMT 2024","","METTA-MORPH-TESTS","METTA-MORPH-TESTS",""
"","2","KEY-LOOKUPS-MANY.05","","Sun Nov 10 01:58:35 GMT 2024","passed","Sun Nov 10 01:58:35 GMT 2024","","BASIC","BASIC",""
"","1","D4-TYPE-PROP.09","","Sun Nov 10 00:46:20 GMT 2024","passed","Sun Nov 10 00:46:20 GMT 2024","","QUICK","QUICK",""
"","2","D4-TYPE-PROP.18","","Sun Nov 10 00:46:20 GMT 2024","passed","Sun Nov 10 00:46:20 GMT 2024","","QUICK","QUICK",""
"","2","TYPE-PROP.08","","Sun Nov 10 00:51:18 GMT 2024","passed","Sun Nov 10 00:51:18 GMT 2024","","CHAINING","CHAINING",""
"","5","OR-TEST.01","","Sun Nov 10 00:38:07 GMT 2024","passed","Sun Nov 10 00:38:07 GMT 2024","","HYPERON-METTALOG-SANITY","HYPERON-METTALOG-SANITY",""
"","14","D1-GADT.09","","Sun Nov 10 00:46:20 GMT 2024","passed","Sun Nov 10 00:46:20 GMT 2024","","QUICK","QUICK",""
"","2","MAYBETEST.03","","Sun Nov 10 01:16:54 GMT 2024","passed","Sun Nov 10 01:16:54 GMT 2024","","COMMON","COMMON",""
"","36000","language_models.training_logicmoo","","Sun Nov 10 00:36:26 GMT 2024","passed","Sun Nov 10 00:37:02 GMT 2024","","WHOLE-TESTS","WHOLE-TESTS",""
"","2","IMPLICATIONDIRECTINTRODUCTIONENTAILTEST.03","","Sun Nov 10 01:19:04 GMT 2024","passed","Sun Nov 10 01:19:04 GMT 2024","","ENTAIL","ENTAIL",""
"","5000","check_types.d2_higherfunc","","Sun Nov 10 00:36:26 GMT 2024","passed","Sun Nov 10 00:36:31 GMT 2024","","WHOLE-TESTS","WHOLE-TESTS",""
"","4000","forward-chainer.forward-chainer-test","","Sun Nov 10 00:36:26 GMT 2024","passed","Sun Nov 10 00:36:30 GMT 2024","","WHOLE-TESTS","WHOLE-TESTS",""
"","235","SYNTHESIZE-VIA-UNIFY-TEST.08","","Sun Nov 10 01:27:30 GMT 2024","failed","Sun Nov 10 01:27:30 GMT 2024","","EXPERIMENTS","EXPERIMENTS",""
"","2","STDLIB-METTALOG-TEST-PT2.61","","Sun Nov 10 00:55:44 GMT 2024","passed","Sun Nov 10 00:55:44 GMT 2024","","STDLIB-METTALOG","STDLIB-METTALOG",""
"","2","STDLIB-METTALOG-TEST-PT2.63","","Sun Nov 10 00:55:44 GMT 2024","passed","Sun Nov 10 00:55:44 GMT 2024","","STDLIB-METTALOG","STDLIB-METTALOG",""
"","3","TYPE-PROP.26","","Sun Nov 10 01:12:30 GMT 2024","passed","Sun Nov 10 01:12:30 GMT 2024","","CHECK-TYPES-TEMP","CHECK-TYPES-TEMP",""
"","40000","main-branch.tests4","","Sun Nov 10 00:36:26 GMT 2024","failed","Sun Nov 10 00:37:06 GMT 2024","","WHOLE-TESTS","WHOLE-TESTS",""
"","2","HYPERPOSING-UNSHARED.06","","Sun Nov 10 01:58:35 GMT 2024","passed","Sun Nov 10 01:58:35 GMT 2024","","BASIC","BASIC",""
"","102","D5-AUTO-TYPES.04","","Sun Nov 10 01:12:50 GMT 2024","failed","Sun Nov 10 01:12:50 GMT 2024","","CHECK-TYPES","CHECK-TYPES",""
"","234","NATTEST.06","","Sun Nov 10 01:19:39 GMT 2024","failed","Sun Nov 10 01:19:39 GMT 2024","","HOL","HOL",""
"","2","D1-GADT.12","","Sun Nov 10 00:46:20 GMT 2024","passed","Sun Nov 10 00:46:20 GMT 2024","","QUICK","QUICK",""
"","2","SPACE-INTERSECTION-TESTS.04","","Sun Nov 10 00:38:07 GMT 2024","passed","Sun Nov 10 00:38:07 GMT 2024","","HYPERON-METTALOG-SANITY","HYPERON-METTALOG-SANITY",""
"","2","ADD-REMOVE-MATCH-INTEGER.18","","Sun Nov 10 00:53:36 GMT 2024","passed","Sun Nov 10 00:53:36 GMT 2024","","SPACES","SPACES",""
"","417","SYNTHESIZE-VIA-CASE-TEST.08","","Sun Nov 10 01:27:30 GMT 2024","failed","Sun Nov 10 01:27:30 GMT 2024","","EXPERIMENTS","EXPERIMENTS",""
"","2","UNIQUE-TEST.08","","Sun Nov 10 00:38:07 GMT 2024","passed","Sun Nov 10 00:38:07 GMT 2024","","HYPERON-METTALOG-SANITY","HYPERON-METTALOG-SANITY",""
"","2","TYPE-PROP.29","","Sun Nov 10 01:12:30 GMT 2024","passed","Sun Nov 10 01:12:30 GMT 2024","","CHECK-TYPES-TEMP","CHECK-TYPES-TEMP",""
"","2","06-MATCH-IN-SPACE.02","","Sun Nov 10 00:38:07 GMT 2024","passed","Sun Nov 10 00:38:07 GMT 2024","","HYPERON-METTALOG-SANITY","HYPERON-METTALOG-SANITY",""
"","4000","transpiler.let_superpose_if_case","","Sun Nov 10 00:36:26 GMT 2024","passed","Sun Nov 10 00:36:30 GMT 2024","","WHOLE-TESTS","WHOLE-TESTS",""
"","2","IMPL-METTALOGTESTCURRIED.02","","Sun Nov 10 01:49:54 GMT 2024","passed","Sun Nov 10 01:49:54 GMT 2024","","WALK-THRU","WALK-THRU",""
"","2","XOR-TEST.08","","Sun Nov 10 00:38:07 GMT 2024","passed","Sun Nov 10 00:38:07 GMT 2024","","HYPERON-METTALOG-SANITY","HYPERON-METTALOG-SANITY",""
"","5000","std.symbols","","Sun Nov 10 00:36:26 GMT 2024","passed","Sun Nov 10 00:36:31 GMT 2024","","WHOLE-TESTS","WHOLE-TESTS",""
"","1","F1-MODULEA.10","","Sun Nov 10 00:46:20 GMT 2024","passed","Sun Nov 10 00:46:20 GMT 2024","","QUICK","QUICK",""
"","4000","hyperon-experimental_scripts.a3_twoside","","Sun Nov 10 00:36:26 GMT 2024","passed","Sun Nov 10 00:36:30 GMT 2024","","WHOLE-TESTS","WHOLE-TESTS",""
"","279","SELF-CONTAINED-SYNTHESIZE.03","","Sun Nov 10 01:27:30 GMT 2024","failed","Sun Nov 10 01:27:30 GMT 2024","","EXPERIMENTS","EXPERIMENTS",""
"","3","FORWARD-CHAINER-XP.08","","Sun Nov 10 01:19:25 GMT 2024","passed","Sun Nov 10 01:19:25 GMT 2024","","FORWARD-CHAINER","FORWARD-CHAINER",""
"","58","C1-GROUNDED-BASIC.15","","Sun Nov 10 00:36:30 GMT 2024","failed","Sun Nov 10 00:36:30 GMT 2024","","HYPERON-EXPERIMENTAL-SCRIPTS","HYPERON-EXPERIMENTAL-SCRIPTS",""
"","2","MATCH-VOID.02","","Sun Nov 10 00:42:04 GMT 2024","passed","Sun Nov 10 00:42:04 GMT 2024","","METTA-MORPH-TESTS","METTA-MORPH-TESTS",""
"","103","ADD-ATOM-NAIVE-FIB.09","","Sun Nov 10 02:04:52 GMT 2024","passed","Sun Nov 10 02:04:52 GMT 2024","","COMPARISONS","COMPARISONS",""
"","2","SEQUENTIAL-NESTED.02","","Sun Nov 10 00:42:04 GMT 2024","passed","Sun Nov 10 00:42:04 GMT 2024","","METTA-MORPH-TESTS","METTA-MORPH-TESTS",""
"","5000","spaces.add-remove-match-ss-strings","","Sun Nov 10 00:36:26 GMT 2024","passed","Sun Nov 10 00:36:31 GMT 2024","","WHOLE-TESTS","WHOLE-TESTS",""
"","5000","spaces.add-remove-match-s-strings","","Sun Nov 10 00:36:26 GMT 2024","passed","Sun Nov 10 00:36:31 GMT 2024","","WHOLE-TESTS","WHOLE-TESTS",""
"","3","FC-XP.26","","Sun Nov 10 01:19:34 GMT 2024","passed","Sun Nov 10 01:19:34 GMT 2024","","FORWARD-CHAINING","FORWARD-CHAINING",""
"","3931","TRAINING-BI.03","","Sun Nov 10 02:11:07 GMT 2024","passed","Sun Nov 10 02:11:10 GMT 2024","","LANGUAGE-MODELS","LANGUAGE-MODELS",""
"","2","NUMTEST.06","","Sun Nov 10 01:16:54 GMT 2024","passed","Sun Nov 10 01:16:54 GMT 2024","","COMMON","COMMON",""
"","148","STDLIB-METTALOG-TEST-PT2.21","","Sun Nov 10 00:55:44 GMT 2024","failed","Sun Nov 10 00:55:44 GMT 2024","","STDLIB-METTALOG","STDLIB-METTALOG",""
"","7281","PROB-DEP-TYPES.13","","Sun Nov 10 01:04:32 GMT 2024","failed","Sun Nov 10 01:04:39 GMT 2024","","PROB-DEP-TYPES","PROB-DEP-TYPES",""
"","56","IFC-XP.26","","Sun Nov 10 01:22:53 GMT 2024","passed","Sun Nov 10 01:22:53 GMT 2024","","ITERATIVE-CHAINING","ITERATIVE-CHAINING",""
"","2","PLN-XP-LOCAL-V2.02","","Sun Nov 10 00:51:18 GMT 2024","passed","Sun Nov 10 00:51:18 GMT 2024","","CHAINING","CHAINING",""
"","2","ADD-REMOVE-MATCH-S-STRINGS.04","","Sun Nov 10 00:53:36 GMT 2024","passed","Sun Nov 10 00:53:36 GMT 2024","","SPACES","SPACES",""
"","1","D4-TYPE-PROP.10","","Sun Nov 10 00:36:30 GMT 2024","passed","Sun Nov 10 00:36:30 GMT 2024","","HYPERON-EXPERIMENTAL-SCRIPTS","HYPERON-EXPERIMENTAL-SCRIPTS",""
"","82","TYPE-PROP.60","","Sun Nov 10 01:12:30 GMT 2024","failed","Sun Nov 10 01:12:30 GMT 2024","","CHECK-TYPES-TEMP","CHECK-TYPES-TEMP",""
"","82","INTERSECTION-TESTS.29","","Sun Nov 10 00:38:07 GMT 2024","failed","Sun Nov 10 00:38:07 GMT 2024","","HYPERON-METTALOG-SANITY","HYPERON-METTALOG-SANITY",""
"","2","DEBUG-METTALOGTESTCURRIED.04","","Sun Nov 10 01:49:54 GMT 2024","passed","Sun Nov 10 01:49:54 GMT 2024","","WALK-THRU","WALK-THRU",""
"","2","ADD-REMOVE-MATCH-INTEGER.29","","Sun Nov 10 00:53:36 GMT 2024","passed","Sun Nov 10 00:53:36 GMT 2024","","SPACES","SPACES",""
"","2","IFC-XP.11","","Sun Nov 10 01:22:53 GMT 2024","passed","Sun Nov 10 01:22:53 GMT 2024","","ITERATIVE-CHAINING","ITERATIVE-CHAINING",""
"","241","DEDUCTIONIMPLICATIONDIRECTINTRODUCTIONDTLTEST.04","","Sun Nov 10 01:15:33 GMT 2024","passed","Sun Nov 10 01:15:33 GMT 2024","","DEPENDENT-TYPES","DEPENDENT-TYPES",""
"","5","SPACE-SUBTRACTION-TESTS.05","","Sun Nov 10 00:38:07 GMT 2024","passed","Sun Nov 10 00:38:07 GMT 2024","","HYPERON-METTALOG-SANITY","HYPERON-METTALOG-SANITY",""
"","2","FC-XP.24","","Sun Nov 10 01:19:34 GMT 2024","passed","Sun Nov 10 01:19:34 GMT 2024","","FORWARD-CHAINING","FORWARD-CHAINING",""
"","4","FC-XP.31","","Sun Nov 10 01:19:34 GMT 2024","passed","Sun Nov 10 01:19:34 GMT 2024","","FORWARD-CHAINING","FORWARD-CHAINING",""
"","2","BC-XP.18","","Sun Nov 10 01:16:45 GMT 2024","passed","Sun Nov 10 01:16:45 GMT 2024","","BACKWARD-CHAINING","BACKWARD-CHAINING",""
"","2","PC-XP.11","","Sun Nov 10 01:25:38 GMT 2024","passed","Sun Nov 10 01:25:38 GMT 2024","","POLYWARD-CHAINING","POLYWARD-CHAINING",""
"","2","STATES-SPACES.06","","Sun Nov 10 00:42:04 GMT 2024","passed","Sun Nov 10 00:42:04 GMT 2024","","METTA-MORPH-TESTS","METTA-MORPH-TESTS",""
"","3","FORWARD-CHAINER-TEST.04","","Sun Nov 10 01:19:25 GMT 2024","passed","Sun Nov 10 01:19:25 GMT 2024","","FORWARD-CHAINER","FORWARD-CHAINER",""
"","40000","nars_extras.TestNARS_listing","","Sun Nov 10 00:36:26 GMT 2024","failed","Sun Nov 10 00:37:06 GMT 2024","","WHOLE-TESTS","WHOLE-TESTS",""
"","2","SUPERCOLLAPSE.06","","Sun Nov 10 00:42:04 GMT 2024","passed","Sun Nov 10 00:42:04 GMT 2024","","METTA-MORPH-TESTS","METTA-MORPH-TESTS",""
"","139","INF-ORDER-PROBS.02","","Sun Nov 10 01:04:32 GMT 2024","passed","Sun Nov 10 01:04:32 GMT 2024","","PROB-DEP-TYPES","PROB-DEP-TYPES",""
"","5000","pln.gene-pln-xp","","Sun Nov 10 00:36:26 GMT 2024","passed","Sun Nov 10 00:36:31 GMT 2024","","WHOLE-TESTS","WHOLE-TESTS",""
"","46000","prev.tests2","","Sun Nov 10 00:36:26 GMT 2024","failed","Sun Nov 10 00:37:12 GMT 2024","","WHOLE-TESTS","WHOLE-TESTS",""
"","10000","chaining.pln-xp","","Sun Nov 10 00:36:26 GMT 2024","passed","Sun Nov 10 00:36:36 GMT 2024","","WHOLE-TESTS","WHOLE-TESTS",""
"","4000","debugging.hyperon_experimental_issue_500","","Sun Nov 10 00:36:26 GMT 2024","passed","Sun Nov 10 00:36:30 GMT 2024","","WHOLE-TESTS","WHOLE-TESTS",""
"","3","APPEND.01","","Sun Nov 10 01:56:13 GMT 2024","passed","Sun Nov 10 01:56:13 GMT 2024","","MULTIDIRECTIONAL","MULTIDIRECTIONAL",""
"","3","SPACE-SUBTRACTION-TESTS.01","","Sun Nov 10 00:38:07 GMT 2024","passed","Sun Nov 10 00:38:07 GMT 2024","","HYPERON-METTALOG-SANITY","HYPERON-METTALOG-SANITY",""
"","3","SHOW-TYPE.08","","Sun Nov 10 00:53:22 GMT 2024","passed","Sun Nov 10 00:53:22 GMT 2024","","INTROSPECT","INTROSPECT",""
"","4000","hyperon-experimental_scripts.f1_imports","","Sun Nov 10 00:36:26 GMT 2024","passed","Sun Nov 10 00:36:30 GMT 2024","","WHOLE-TESTS","WHOLE-TESTS",""
"","2","UNIQUE-TEST.05","","Sun Nov 10 00:38:07 GMT 2024","passed","Sun Nov 10 00:38:07 GMT 2024","","HYPERON-METTALOG-SANITY","HYPERON-METTALOG-SANITY",""
"","2","METTALOGTESTCURRIED2.06","","Sun Nov 10 00:44:09 GMT 2024","passed","Sun Nov 10 00:44:09 GMT 2024","","ANTI-REGRESSION","ANTI-REGRESSION",""
"","40000","basic.fwgc1","","Sun Nov 10 00:36:26 GMT 2024","failed","Sun Nov 10 00:37:06 GMT 2024","","WHOLE-TESTS","WHOLE-TESTS",""
"","2","B5-TYPES-PRELIM.22","","Sun Nov 10 00:36:30 GMT 2024","passed","Sun Nov 10 00:36:30 GMT 2024","","HYPERON-EXPERIMENTAL-SCRIPTS","HYPERON-EXPERIMENTAL-SCRIPTS",""
"","4000","backward-chaining.bc-xp","","Sun Nov 10 00:36:26 GMT 2024","passed","Sun Nov 10 00:36:30 GMT 2024","","WHOLE-TESTS","WHOLE-TESTS",""
"","3","IFC-XP.42","","Sun Nov 10 01:22:53 GMT 2024","passed","Sun Nov 10 01:22:53 GMT 2024","","ITERATIVE-CHAINING","ITERATIVE-CHAINING",""
"","4","NTE.01","","Sun Nov 10 01:02:33 GMT 2024","passed","Sun Nov 10 01:02:33 GMT 2024","","EDGES-TO-EDGES","EDGES-TO-EDGES",""
"","2","STRING-TESTS.10","","Sun Nov 10 00:38:07 GMT 2024","passed","Sun Nov 10 00:38:07 GMT 2024","","HYPERON-METTALOG-SANITY","HYPERON-METTALOG-SANITY",""
"","2","STATE-TYPES.07","","Sun Nov 10 01:58:35 GMT 2024","passed","Sun Nov 10 01:58:35 GMT 2024","","BASIC","BASIC",""
"","2","STDLIB-METTALOG-TEST-PT2.55","","Sun Nov 10 00:55:44 GMT 2024","passed","Sun Nov 10 00:55:44 GMT 2024","","STDLIB-METTALOG","STDLIB-METTALOG",""
"","2","ADD-REMOVE-MATCH-MIX-FLOAT-INTEGER.24","","Sun Nov 10 00:53:36 GMT 2024","passed","Sun Nov 10 00:53:36 GMT 2024","","SPACES","SPACES",""
"","55","ADD-REMOVE-MATCH-INTEGER.28","","Sun Nov 10 00:53:36 GMT 2024","passed","Sun Nov 10 00:53:36 GMT 2024","","SPACES","SPACES",""
"","67","STDLIB-METTALOG-TEST-PT2.72","","Sun Nov 10 00:55:44 GMT 2024","failed","Sun Nov 10 00:55:44 GMT 2024","","STDLIB-METTALOG","STDLIB-METTALOG",""
"","9","D1-GADT.13","","Sun Nov 10 00:36:30 GMT 2024","passed","Sun Nov 10 00:36:30 GMT 2024","","HYPERON-EXPERIMENTAL-SCRIPTS","HYPERON-EXPERIMENTAL-SCRIPTS",""
"","296","STDLIB-METTALOG-TEST-PT2.22","","Sun Nov 10 00:55:44 GMT 2024","failed","Sun Nov 10 00:55:44 GMT 2024","","STDLIB-METTALOG","STDLIB-METTALOG",""
"","2","B3-DIRECT.01","","Sun Nov 10 00:36:30 GMT 2024","passed","Sun Nov 10 00:36:30 GMT 2024","","HYPERON-EXPERIMENTAL-SCRIPTS","HYPERON-EXPERIMENTAL-SCRIPTS",""
"","2","SYNTHESIZE-VIA-TYPE-CHECKING.02","","Sun Nov 10 01:27:30 GMT 2024","passed","Sun Nov 10 01:27:30 GMT 2024","","EXPERIMENTS","EXPERIMENTS",""
"","2","IFC-XP.02","","Sun Nov 10 01:22:53 GMT 2024","passed","Sun Nov 10 01:22:53 GMT 2024","","ITERATIVE-CHAINING","ITERATIVE-CHAINING",""
"","470","PC-XP.15","","Sun Nov 10 01:25:38 GMT 2024","failed","Sun Nov 10 01:25:38 GMT 2024","","POLYWARD-CHAINING","POLYWARD-CHAINING",""
"","2","ADD-REMOVE-MATCH-MIX-FLOAT-INTEGER.07","","Sun Nov 10 00:53:36 GMT 2024","passed","Sun Nov 10 00:53:36 GMT 2024","","SPACES","SPACES",""
"","4000","metta-morph_tests.superpose_nested","","Sun Nov 10 00:36:26 GMT 2024","passed","Sun Nov 10 00:36:30 GMT 2024","","WHOLE-TESTS","WHOLE-TESTS",""
"","484","PROB-DEP-TYPES.09","","Sun Nov 10 01:04:32 GMT 2024","failed","Sun Nov 10 01:04:32 GMT 2024","","PROB-DEP-TYPES","PROB-DEP-TYPES",""
"","2","CHAPTER-1-1.09","","Sun Nov 10 00:55:54 GMT 2024","passed","Sun Nov 10 00:55:54 GMT 2024","","SICP-BOOK","SICP-BOOK",""
"","2","E2-STATES.03","","Sun Nov 10 01:12:50 GMT 2024","passed","Sun Nov 10 01:12:50 GMT 2024","","CHECK-TYPES","CHECK-TYPES",""
"","1","HYPERPOSING-UNSHARED.08","","Sun Nov 10 01:58:35 GMT 2024","passed","Sun Nov 10 01:58:35 GMT 2024","","BASIC","BASIC",""
"","2","IFC-XP.14","","Sun Nov 10 01:22:53 GMT 2024","passed","Sun Nov 10 01:22:53 GMT 2024","","ITERATIVE-CHAINING","ITERATIVE-CHAINING",""
"","3","TMPMATCH2.01","","Sun Nov 10 00:44:09 GMT 2024","passed","Sun Nov 10 00:44:09 GMT 2024","","ANTI-REGRESSION","ANTI-REGRESSION",""
"","2","D4-TYPE-PROP.10","","Sun Nov 10 00:46:20 GMT 2024","passed","Sun Nov 10 00:46:20 GMT 2024","","QUICK","QUICK",""
"","5","JOHN-CARRY-FLOWER-TEST.04","","Sun Nov 10 01:26:23 GMT 2024","passed","Sun Nov 10 01:26:23 GMT 2024","","JOHN-CARRY-FLOWER","JOHN-CARRY-FLOWER",""
"","2","ADD-REMOVE-MATCH-INTEGER.37","","Sun Nov 10 00:53:36 GMT 2024","passed","Sun Nov 10 00:53:36 GMT 2024","","SPACES","SPACES",""
"","2","BCHAIN.02","","Sun Nov 10 00:44:09 GMT 2024","passed","Sun Nov 10 00:44:09 GMT 2024","","ANTI-REGRESSION","ANTI-REGRESSION",""
"","2","ADD-REMOVE-MATCH-INTEGER.02","","Sun Nov 10 00:53:36 GMT 2024","passed","Sun Nov 10 00:53:36 GMT 2024","","SPACES","SPACES",""
"","3","A1-SYMBOLS.03","","Sun Nov 10 00:36:30 GMT 2024","passed","Sun Nov 10 00:36:30 GMT 2024","","HYPERON-EXPERIMENTAL-SCRIPTS","HYPERON-EXPERIMENTAL-SCRIPTS",""
"","45000","nars_v0.tests2","","Sun Nov 10 00:36:26 GMT 2024","failed","Sun Nov 10 00:37:11 GMT 2024","","WHOLE-TESTS","WHOLE-TESTS",""
"","2","B5-TYPES-PRELIM.22","","Sun Nov 10 01:12:30 GMT 2024","passed","Sun Nov 10 01:12:30 GMT 2024","","CHECK-TYPES-TEMP","CHECK-TYPES-TEMP",""
"","1102","TRAINING.04","","Sun Nov 10 02:11:07 GMT 2024","passed","Sun Nov 10 02:11:08 GMT 2024","","LANGUAGE-MODELS","LANGUAGE-MODELS",""
"","2","TMPMATCH2.02","","Sun Nov 10 00:44:09 GMT 2024","passed","Sun Nov 10 00:44:09 GMT 2024","","ANTI-REGRESSION","ANTI-REGRESSION",""
"","2","INTERSECTION-TESTS.24","","Sun Nov 10 00:38:07 GMT 2024","passed","Sun Nov 10 00:38:07 GMT 2024","","HYPERON-METTALOG-SANITY","HYPERON-METTALOG-SANITY",""
"","4","CHAPTER-1-3.05","","Sun Nov 10 00:55:54 GMT 2024","passed","Sun Nov 10 00:55:54 GMT 2024","","SICP-BOOK","SICP-BOOK",""
"","4","SEALED-TEST.10","","Sun Nov 10 00:38:07 GMT 2024","passed","Sun Nov 10 00:38:07 GMT 2024","","HYPERON-METTALOG-SANITY","HYPERON-METTALOG-SANITY",""
"","42","FORWARD-CHAINER-XP.28","","Sun Nov 10 01:19:25 GMT 2024","failed","Sun Nov 10 01:19:25 GMT 2024","","FORWARD-CHAINER","FORWARD-CHAINER",""
"","4000","spaces.add-remove-match-mix-float-integer","","Sun Nov 10 00:36:26 GMT 2024","passed","Sun Nov 10 00:36:30 GMT 2024","","WHOLE-TESTS","WHOLE-TESTS",""
"","2","TYPE-PROP.09","","Sun Nov 10 00:51:18 GMT 2024","passed","Sun Nov 10 00:51:18 GMT 2024","","CHAINING","CHAINING",""
"","7444","SUPPORTRULEEXP.04","","Sun Nov 10 01:15:33 GMT 2024","failed","Sun Nov 10 01:15:40 GMT 2024","","DEPENDENT-TYPES","DEPENDENT-TYPES",""
"","2","F1-IMPORTS.09","","Sun Nov 10 00:36:20 GMT 2024","passed","Sun Nov 10 00:36:20 GMT 2024","","MODULE-SYSTEM","MODULE-SYSTEM",""
"","91","B5-TYPES-PRELIM.11","","Sun Nov 10 00:36:30 GMT 2024","failed","Sun Nov 10 00:36:30 GMT 2024","","HYPERON-EXPERIMENTAL-SCRIPTS","HYPERON-EXPERIMENTAL-SCRIPTS",""
"","1163","RED-BLACK.03","","Sun Nov 10 01:08:08 GMT 2024","passed","Sun Nov 10 01:08:09 GMT 2024","","RED-BLACK-LAMBDA","RED-BLACK-LAMBDA",""
"","2","D2-HIGHERFUNC.04","","Sun Nov 10 00:46:20 GMT 2024","passed","Sun Nov 10 00:46:20 GMT 2024","","QUICK","QUICK",""
"","45000","prev.tests1","","Sun Nov 10 00:36:26 GMT 2024","failed","Sun Nov 10 00:37:11 GMT 2024","","WHOLE-TESTS","WHOLE-TESTS",""
"","2","C1-GROUNDED-BASIC.20","","Sun Nov 10 00:46:20 GMT 2024","passed","Sun Nov 10 00:46:20 GMT 2024","","QUICK","QUICK",""
"","2","D1-GADT.02","","Sun Nov 10 00:46:20 GMT 2024","passed","Sun Nov 10 00:46:20 GMT 2024","","QUICK","QUICK",""
"","3","IFC-XP.39","","Sun Nov 10 01:22:53 GMT 2024","passed","Sun Nov 10 01:22:53 GMT 2024","","ITERATIVE-CHAINING","ITERATIVE-CHAINING",""
"","2","B2-BACKCHAIN.02","","Sun Nov 10 00:36:30 GMT 2024","passed","Sun Nov 10 00:36:30 GMT 2024","","HYPERON-EXPERIMENTAL-SCRIPTS","HYPERON-EXPERIMENTAL-SCRIPTS",""
"","2","BASIC.12","","Sun Nov 10 01:09:46 GMT 2024","passed","Sun Nov 10 01:09:46 GMT 2024","","TRAVERSER","TRAVERSER",""
"","366","APPEND-USING-EQUALITY.03","","Sun Nov 10 01:56:13 GMT 2024","failed","Sun Nov 10 01:56:13 GMT 2024","","MULTIDIRECTIONAL","MULTIDIRECTIONAL",""
"","82","ADD-REMOVE-MATCH-INTEGER.14","","Sun Nov 10 00:53:36 GMT 2024","passed","Sun Nov 10 00:53:36 GMT 2024","","SPACES","SPACES",""
"","2","TESTS1-PRE.03","","Sun Nov 10 00:46:49 GMT 2024","passed","Sun Nov 10 00:46:49 GMT 2024","","MAIN-BRANCH","MAIN-BRANCH",""
"","2","ADD-REMOVE-MATCH-FLOAT.03","","Sun Nov 10 00:53:36 GMT 2024","passed","Sun Nov 10 00:53:36 GMT 2024","","SPACES","SPACES",""
"","2","TYPES-PRELIM.14","","Sun Nov 10 00:51:18 GMT 2024","passed","Sun Nov 10 00:51:18 GMT 2024","","CHAINING","CHAINING",""
"","4","IMPLICATIONDIRECTINTRODUCTIONDTLTEST.06","","Sun Nov 10 01:15:33 GMT 2024","passed","Sun Nov 10 01:15:33 GMT 2024","","DEPENDENT-TYPES","DEPENDENT-TYPES",""
"","279","SYNTHESIZE-VIA-LET-TEST.03","","Sun Nov 10 01:27:30 GMT 2024","failed","Sun Nov 10 01:27:30 GMT 2024","","EXPERIMENTS","EXPERIMENTS",""
"","4000","hyperon-experimental_scripts.a1_symbols","","Sun Nov 10 00:36:26 GMT 2024","passed","Sun Nov 10 00:36:30 GMT 2024","","WHOLE-TESTS","WHOLE-TESTS",""
"","2","BC-XP.01","","Sun Nov 10 01:16:45 GMT 2024","passed","Sun Nov 10 01:16:45 GMT 2024","","BACKWARD-CHAINING","BACKWARD-CHAINING",""
"","4","HYPERON-EXPERIMENTAL-ISSUE-516-REDDUCED.01","","Sun Nov 10 01:53:13 GMT 2024","passed","Sun Nov 10 01:53:13 GMT 2024","","DEBUGGING","DEBUGGING",""
"","5000","anti-regression.test_if_closed","","Sun Nov 10 00:36:26 GMT 2024","passed","Sun Nov 10 00:36:31 GMT 2024","","WHOLE-TESTS","WHOLE-TESTS",""
"","494","TESTS0.07","","Sun Nov 10 01:36:45 GMT 2024","failed","Sun Nov 10 01:36:45 GMT 2024","","NARS-V0","NARS-V0",""
"","882","IBC-XP.26","","Sun Nov 10 01:22:53 GMT 2024","passed","Sun Nov 10 01:22:53 GMT 2024","","ITERATIVE-CHAINING","ITERATIVE-CHAINING",""
"","106","TYPE-PROP.74","","Sun Nov 10 01:12:30 GMT 2024","failed","Sun Nov 10 01:12:30 GMT 2024","","CHECK-TYPES-TEMP","CHECK-TYPES-TEMP",""
"","2","TYPE-PROP.61","","Sun Nov 10 01:12:30 GMT 2024","passed","Sun Nov 10 01:12:30 GMT 2024","","CHECK-TYPES-TEMP","CHECK-TYPES-TEMP",""
"","3","KEY-LOOKUPS-MANY.01","","Sun Nov 10 01:58:35 GMT 2024","passed","Sun Nov 10 01:58:35 GMT 2024","","BASIC","BASIC",""
"","2172","TESTS5.07","","Sun Nov 10 00:46:49 GMT 2024","failed","Sun Nov 10 00:46:51 GMT 2024","","MAIN-BRANCH","MAIN-BRANCH",""
"","2","TYPE-PROP.34","","Sun Nov 10 01:12:30 GMT 2024","passed","Sun Nov 10 01:12:30 GMT 2024","","CHECK-TYPES-TEMP","CHECK-TYPES-TEMP",""
"","63","F1-IMPORTS.13","","Sun Nov 10 00:36:30 GMT 2024","failed","Sun Nov 10 00:36:30 GMT 2024","","HYPERON-EXPERIMENTAL-SCRIPTS","HYPERON-EXPERIMENTAL-SCRIPTS",""
"","13","D2-HIGHERFUNC.21","","Sun Nov 10 00:46:20 GMT 2024","passed","Sun Nov 10 00:46:20 GMT 2024","","QUICK","QUICK",""
"","2","BCHAIN-COMP.02","","Sun Nov 10 00:44:09 GMT 2024","passed","Sun Nov 10 00:44:09 GMT 2024","","ANTI-REGRESSION","ANTI-REGRESSION",""
"","2","00A-LANG-COMPILED-CASE.09","","Sun Nov 10 01:48:28 GMT 2024","passed","Sun Nov 10 01:48:28 GMT 2024","","DIRECT-COMP","DIRECT-COMP",""
"","42","FC-XP.13","","Sun Nov 10 01:19:34 GMT 2024","failed","Sun Nov 10 01:19:34 GMT 2024","","FORWARD-CHAINING","FORWARD-CHAINING",""
"","22","INF-CTL-MONTH-BC-XP.03","","Sun Nov 10 01:20:51 GMT 2024","failed","Sun Nov 10 01:20:51 GMT 2024","","INFERENCE-CONTROL","INFERENCE-CONTROL",""
"","57","INF-CTL-MONTH-XP.12","","Sun Nov 10 01:20:51 GMT 2024","failed","Sun Nov 10 01:20:51 GMT 2024","","INFERENCE-CONTROL","INFERENCE-CONTROL",""
"","1","INF-CTL-MONTH-BC-CONT-XP.08","","Sun Nov 10 01:20:51 GMT 2024","passed","Sun Nov 10 01:20:51 GMT 2024","","INFERENCE-CONTROL","INFERENCE-CONTROL",""
"","3","AI-SERVICE-COMPOSITION-EASY.06","","Sun Nov 10 01:09:59 GMT 2024","passed","Sun Nov 10 01:09:59 GMT 2024","","AI-SERVICE","AI-SERVICE",""
"","43000","synthesis.SynthesizeTest","","Sun Nov 10 00:36:26 GMT 2024","failed","Sun Nov 10 00:37:09 GMT 2024","","WHOLE-TESTS","WHOLE-TESTS",""
"","2","IBC-XP.27","","Sun Nov 10 01:22:53 GMT 2024","passed","Sun Nov 10 01:22:53 GMT 2024","","ITERATIVE-CHAINING","ITERATIVE-CHAINING",""
"","2","03-SORING-VIA-INSERT.04","","Sun Nov 10 00:38:07 GMT 2024","passed","Sun Nov 10 00:38:07 GMT 2024","","HYPERON-METTALOG-SANITY","HYPERON-METTALOG-SANITY",""
"","2","INF-CTL-MONTH-BC-CONT-XP.11","","Sun Nov 10 01:20:51 GMT 2024","passed","Sun Nov 10 01:20:51 GMT 2024","","INFERENCE-CONTROL","INFERENCE-CONTROL",""
"","25","UNIFYTEST.03","","Sun Nov 10 01:27:25 GMT 2024","failed","Sun Nov 10 01:27:25 GMT 2024","","SYNTHESIS","SYNTHESIS",""
"","2","TYPE-PROP.07","","Sun Nov 10 00:51:18 GMT 2024","passed","Sun Nov 10 00:51:18 GMT 2024","","CHAINING","CHAINING",""
"","1","CML-UNSHARED.05","","Sun Nov 10 01:58:35 GMT 2024","passed","Sun Nov 10 01:58:35 GMT 2024","","BASIC","BASIC",""
"","5000","stack-based.interpreter","","Sun Nov 10 00:36:26 GMT 2024","passed","Sun Nov 10 00:36:31 GMT 2024","","WHOLE-TESTS","WHOLE-TESTS",""
"","3","D4-TYPE-PROP.04","","Sun Nov 10 00:46:20 GMT 2024","passed","Sun Nov 10 00:46:20 GMT 2024","","QUICK","QUICK",""
"","2","ADD-REMOVE-MATCH-MIX-FLOAT-INTEGER.16","","Sun Nov 10 00:53:36 GMT 2024","passed","Sun Nov 10 00:53:36 GMT 2024","","SPACES","SPACES",""
"","116","SPACE-INTERSECTION-TESTS.17","","Sun Nov 10 00:38:07 GMT 2024","failed","Sun Nov 10 00:38:07 GMT 2024","","HYPERON-METTALOG-SANITY","HYPERON-METTALOG-SANITY",""
"","5000","chaining.parent_go_comp","","Sun Nov 10 00:36:26 GMT 2024","passed","Sun Nov 10 00:36:31 GMT 2024","","WHOLE-TESTS","WHOLE-TESTS",""
"","2","CURRIED-CHAINER.08","","Sun Nov 10 01:17:31 GMT 2024","passed","Sun Nov 10 01:17:31 GMT 2024","","CURRIED-CHAINING","CURRIED-CHAINING",""
"","2","STDLIB-METTALOG-TEST-PT2.46","","Sun Nov 10 00:55:44 GMT 2024","passed","Sun Nov 10 00:55:44 GMT 2024","","STDLIB-METTALOG","STDLIB-METTALOG",""
"","65","ADD-REMOVE-MATCH-STRINGS.09","","Sun Nov 10 00:53:36 GMT 2024","failed","Sun Nov 10 00:53:36 GMT 2024","","SPACES","SPACES",""
"","2","ADD-REMOVE-MATCH-S-STRINGS.02","","Sun Nov 10 00:53:36 GMT 2024","passed","Sun Nov 10 00:53:36 GMT 2024","","SPACES","SPACES",""
"","1","IBC-XP.08","","Sun Nov 10 01:22:53 GMT 2024","passed","Sun Nov 10 01:22:53 GMT 2024","","ITERATIVE-CHAINING","ITERATIVE-CHAINING",""
"","2","QUERIES.09","","Sun Nov 10 01:09:05 GMT 2024","passed","Sun Nov 10 01:09:05 GMT 2024","","STRIPS-TO-METTA-IMPROVED","STRIPS-TO-METTA-IMPROVED",""
"","2","D4-TYPE-PROP.06","","Sun Nov 10 00:36:30 GMT 2024","passed","Sun Nov 10 00:36:30 GMT 2024","","HYPERON-EXPERIMENTAL-SCRIPTS","HYPERON-EXPERIMENTAL-SCRIPTS",""
"","4","JOHN-CARRY-FLOWER-TEST.02","","Sun Nov 10 01:26:23 GMT 2024","passed","Sun Nov 10 01:26:23 GMT 2024","","JOHN-CARRY-FLOWER","JOHN-CARRY-FLOWER",""
"","301","PROB-DEP-TYPES.08","","Sun Nov 10 01:04:32 GMT 2024","failed","Sun Nov 10 01:04:32 GMT 2024","","PROB-DEP-TYPES","PROB-DEP-TYPES",""
"","4000","comparisons.inf-ctl-month-xp-long","","Sun Nov 10 00:36:26 GMT 2024","passed","Sun Nov 10 00:36:30 GMT 2024","","WHOLE-TESTS","WHOLE-TESTS",""
"","2","QUERIES.16","","Sun Nov 10 01:09:05 GMT 2024","passed","Sun Nov 10 01:09:05 GMT 2024","","STRIPS-TO-METTA-IMPROVED","STRIPS-TO-METTA-IMPROVED",""
"","15","TEST-INFER-FUNCTION-APPLICATION-TYPE.03","","Sun Nov 10 01:58:35 GMT 2024","failed","Sun Nov 10 01:58:35 GMT 2024","","BASIC","BASIC",""
"","2","ADD-REMOVE-MATCH-STRINGS.11","","Sun Nov 10 00:53:36 GMT 2024","passed","Sun Nov 10 00:53:36 GMT 2024","","SPACES","SPACES",""
"","2","ADD-REMOVE-MATCH-INTEGER.16","","Sun Nov 10 00:53:36 GMT 2024","passed","Sun Nov 10 00:53:36 GMT 2024","","SPACES","SPACES",""
"","2","TESTS0.04","","Sun Nov 10 00:42:04 GMT 2024","passed","Sun Nov 10 00:42:04 GMT 2024","","METTA-MORPH-TESTS","METTA-MORPH-TESTS",""
"","2","BC-XP.08","","Sun Nov 10 01:16:45 GMT 2024","passed","Sun Nov 10 01:16:45 GMT 2024","","BACKWARD-CHAINING","BACKWARD-CHAINING",""
"","2","D2-HIGHERFUNC.26","","Sun Nov 10 01:12:50 GMT 2024","passed","Sun Nov 10 01:12:50 GMT 2024","","CHECK-TYPES","CHECK-TYPES",""
"","11","00-LANG-CASE.11","","Sun Nov 10 00:38:07 GMT 2024","passed","Sun Nov 10 00:38:07 GMT 2024","","HYPERON-METTALOG-SANITY","HYPERON-METTALOG-SANITY",""
"","4000","hyperon-mettalog_sanity.first_answer","","Sun Nov 10 00:36:26 GMT 2024","passed","Sun Nov 10 00:36:30 GMT 2024","","WHOLE-TESTS","WHOLE-TESTS",""
"","2","NUMTEST.04","","Sun Nov 10 01:16:54 GMT 2024","passed","Sun Nov 10 01:16:54 GMT 2024","","COMMON","COMMON",""
"","7000","metta-morph_tests.factorial","","Sun Nov 10 00:36:26 GMT 2024","passed","Sun Nov 10 00:36:33 GMT 2024","","WHOLE-TESTS","WHOLE-TESTS",""
"","18","SUBTYPING-TEST.02","","Sun Nov 10 01:25:43 GMT 2024","failed","Sun Nov 10 01:25:43 GMT 2024","","SUBTYPING","SUBTYPING",""
"","128","INF-CTL-MONTH-BC-CONT-XP.25","","Sun Nov 10 01:20:51 GMT 2024","passed","Sun Nov 10 01:20:51 GMT 2024","","INFERENCE-CONTROL","INFERENCE-CONTROL",""
"","4000","transpiler.identity","","Sun Nov 10 00:36:26 GMT 2024","passed","Sun Nov 10 00:36:30 GMT 2024","","WHOLE-TESTS","WHOLE-TESTS",""
"","13","TEST-INFER-FUNCTION-APPLICATION-TYPE.06","","Sun Nov 10 01:58:35 GMT 2024","failed","Sun Nov 10 01:58:35 GMT 2024","","BASIC","BASIC",""
"","2","STATE-TYPES.16","","Sun Nov 10 01:58:35 GMT 2024","passed","Sun Nov 10 01:58:35 GMT 2024","","BASIC","BASIC",""
"","43","INF-CTL-MONTH-BC-CONT-XP.21","","Sun Nov 10 01:20:51 GMT 2024","failed","Sun Nov 10 01:20:51 GMT 2024","","INFERENCE-CONTROL","INFERENCE-CONTROL",""
"","2","B2-BACKCHAIN.01","","Sun Nov 10 00:36:30 GMT 2024","passed","Sun Nov 10 00:36:30 GMT 2024","","HYPERON-EXPERIMENTAL-SCRIPTS","HYPERON-EXPERIMENTAL-SCRIPTS",""
"","2","TYPE-PROP.18","","Sun Nov 10 01:12:30 GMT 2024","passed","Sun Nov 10 01:12:30 GMT 2024","","CHECK-TYPES-TEMP","CHECK-TYPES-TEMP",""
"","4000","distributed-processing.create-server","","Sun Nov 10 00:36:26 GMT 2024","passed","Sun Nov 10 00:36:30 GMT 2024","","WHOLE-TESTS","WHOLE-TESTS",""
"","5000","distributed-processing.use-two-servers","","Sun Nov 10 00:36:26 GMT 2024","passed","Sun Nov 10 00:36:31 GMT 2024","","WHOLE-TESTS","WHOLE-TESTS",""
"","13","IMPLICATIONDIRECTINTRODUCTIONDTLTEST.03","","Sun Nov 10 01:15:33 GMT 2024","passed","Sun Nov 10 01:15:33 GMT 2024","","DEPENDENT-TYPES","DEPENDENT-TYPES",""
"","2","ADD-REMOVE-MATCH-INTEGER.19","","Sun Nov 10 00:53:36 GMT 2024","passed","Sun Nov 10 00:53:36 GMT 2024","","SPACES","SPACES",""
"","2","OR-TEST.04","","Sun Nov 10 00:38:07 GMT 2024","passed","Sun Nov 10 00:38:07 GMT 2024","","HYPERON-METTALOG-SANITY","HYPERON-METTALOG-SANITY",""
"","5000","hyperon-mettalog_sanity.or_test","","Sun Nov 10 00:36:26 GMT 2024","passed","Sun Nov 10 00:36:31 GMT 2024","","WHOLE-TESTS","WHOLE-TESTS",""
"","2","B5-TYPES-PRELIM.21","","Sun Nov 10 00:36:30 GMT 2024","passed","Sun Nov 10 00:36:30 GMT 2024","","HYPERON-EXPERIMENTAL-SCRIPTS","HYPERON-EXPERIMENTAL-SCRIPTS",""
"","2","SUPERCOLLAPSE.08","","Sun Nov 10 00:42:04 GMT 2024","passed","Sun Nov 10 00:42:04 GMT 2024","","METTA-MORPH-TESTS","METTA-MORPH-TESTS",""
"","2","PREREQS.03","","Sun Nov 10 00:46:49 GMT 2024","passed","Sun Nov 10 00:46:49 GMT 2024","","MAIN-BRANCH","MAIN-BRANCH",""
"","2","BACKWARD-CHAINER-XP.45","","Sun Nov 10 01:16:41 GMT 2024","passed","Sun Nov 10 01:16:41 GMT 2024","","BACKWARD-CHAINER","BACKWARD-CHAINER",""
"","2","NATSTANDALONETEST.09","","Sun Nov 10 01:19:39 GMT 2024","passed","Sun Nov 10 01:19:39 GMT 2024","","HOL","HOL",""
"","32","NATDTLTEST.04","","Sun Nov 10 01:19:39 GMT 2024","failed","Sun Nov 10 01:19:39 GMT 2024","","HOL","HOL",""
"","9","D1-GADT.13","","Sun Nov 10 00:46:20 GMT 2024","passed","Sun Nov 10 00:46:20 GMT 2024","","QUICK","QUICK",""
"","98","TYPE-PROP.52","","Sun Nov 10 01:12:30 GMT 2024","failed","Sun Nov 10 01:12:30 GMT 2024","","CHECK-TYPES-TEMP","CHECK-TYPES-TEMP",""
"","6000","iterative-chaining.ifc-xp","","Sun Nov 10 00:36:26 GMT 2024","passed","Sun Nov 10 00:36:32 GMT 2024","","WHOLE-TESTS","WHOLE-TESTS",""
"","3","IF.01","","Sun Nov 10 00:42:04 GMT 2024","passed","Sun Nov 10 00:42:04 GMT 2024","","METTA-MORPH-TESTS","METTA-MORPH-TESTS",""
"","1","TYPE-PROP.06","","Sun Nov 10 01:12:30 GMT 2024","passed","Sun Nov 10 01:12:30 GMT 2024","","CHECK-TYPES-TEMP","CHECK-TYPES-TEMP",""
"","55","CHAPTER-2-4.09","","Sun Nov 10 00:55:54 GMT 2024","failed","Sun Nov 10 00:55:54 GMT 2024","","SICP-BOOK","SICP-BOOK",""
"","38","FORWARD-CHAINER-XP.21","","Sun Nov 10 01:19:25 GMT 2024","failed","Sun Nov 10 01:19:25 GMT 2024","","FORWARD-CHAINER","FORWARD-CHAINER",""
"","2","SPACE-INTERSECTION-TESTS.01","","Sun Nov 10 00:38:07 GMT 2024","passed","Sun Nov 10 00:38:07 GMT 2024","","HYPERON-METTALOG-SANITY","HYPERON-METTALOG-SANITY",""
"","3","B0-CHAINING-PRELIM.01","","Sun Nov 10 00:36:30 GMT 2024","passed","Sun Nov 10 00:36:30 GMT 2024","","HYPERON-EXPERIMENTAL-SCRIPTS","HYPERON-EXPERIMENTAL-SCRIPTS",""
"","172","D4-TYPE-PROP.10","","Sun Nov 10 01:12:50 GMT 2024","failed","Sun Nov 10 01:12:50 GMT 2024","","CHECK-TYPES","CHECK-TYPES",""
"","3","ADD-REMOVE-MATCH-S-SYMBOLS.09","","Sun Nov 10 00:53:36 GMT 2024","passed","Sun Nov 10 00:53:36 GMT 2024","","SPACES","SPACES",""
"","2","ADD-REMOVE-MATCH-MIX-FLOAT-INTEGER.22","","Sun Nov 10 00:53:36 GMT 2024","passed","Sun Nov 10 00:53:36 GMT 2024","","SPACES","SPACES",""
"","2","LISTTEST.13","","Sun Nov 10 01:16:54 GMT 2024","passed","Sun Nov 10 01:16:54 GMT 2024","","COMMON","COMMON",""
"","4000","walk_thru.tmpMatch2","","Sun Nov 10 00:36:26 GMT 2024","passed","Sun Nov 10 00:36:30 GMT 2024","","WHOLE-TESTS","WHOLE-TESTS",""
"","2","IFC-XP.33","","Sun Nov 10 01:22:53 GMT 2024","passed","Sun Nov 10 01:22:53 GMT 2024","","ITERATIVE-CHAINING","ITERATIVE-CHAINING",""
"","40000","stack-based.rewrites","","Sun Nov 10 00:36:26 GMT 2024","failed","Sun Nov 10 00:37:06 GMT 2024","","WHOLE-TESTS","WHOLE-TESTS",""
"","3","ADD-ATOM-NAIVE-FIB.03","","Sun Nov 10 02:04:52 GMT 2024","passed","Sun Nov 10 02:04:52 GMT 2024","","COMPARISONS","COMPARISONS",""
"","2","COMBINED.02","","Sun Nov 10 01:54:40 GMT 2024","passed","Sun Nov 10 01:54:40 GMT 2024","","ITERATORS","ITERATORS",""
"","2","BC-XP.16","","Sun Nov 10 01:16:45 GMT 2024","passed","Sun Nov 10 01:16:45 GMT 2024","","BACKWARD-CHAINING","BACKWARD-CHAINING",""
"","3","BC-COMP.05","","Sun Nov 10 00:44:09 GMT 2024","passed","Sun Nov 10 00:44:09 GMT 2024","","ANTI-REGRESSION","ANTI-REGRESSION",""
"","1","AI-SERVICE-COMPOSITION-SANITY.03","","Sun Nov 10 01:09:59 GMT 2024","passed","Sun Nov 10 01:09:59 GMT 2024","","AI-SERVICE","AI-SERVICE",""
"","2","IFC-XP.31","","Sun Nov 10 01:22:53 GMT 2024","passed","Sun Nov 10 01:22:53 GMT 2024","","ITERATIVE-CHAINING","ITERATIVE-CHAINING",""
"","83","ADD-REMOVE-MATCH-INTEGER.25","","Sun Nov 10 00:53:36 GMT 2024","passed","Sun Nov 10 00:53:36 GMT 2024","","SPACES","SPACES",""
"","1","TYPE-PROP.39","","Sun Nov 10 01:12:30 GMT 2024","passed","Sun Nov 10 01:12:30 GMT 2024","","CHECK-TYPES-TEMP","CHECK-TYPES-TEMP",""
"","2","D2-HIGHERFUNC.26","","Sun Nov 10 00:46:20 GMT 2024","passed","Sun Nov 10 00:46:20 GMT 2024","","QUICK","QUICK",""
"","3","ADD-REMOVE-MATCH-FLOAT.02","","Sun Nov 10 00:53:36 GMT 2024","passed","Sun Nov 10 00:53:36 GMT 2024","","SPACES","SPACES",""
"","2","NATSTANDALONETEST.07","","Sun Nov 10 01:19:39 GMT 2024","passed","Sun Nov 10 01:19:39 GMT 2024","","HOL","HOL",""
"","223","SYNTHESIZE-VIA-CASE-TEST.02","","Sun Nov 10 01:27:30 GMT 2024","failed","Sun Nov 10 01:27:30 GMT 2024","","EXPERIMENTS","EXPERIMENTS",""
"","2","HYPERPOSE.09","","Sun Nov 10 00:42:04 GMT 2024","passed","Sun Nov 10 00:42:04 GMT 2024","","METTA-MORPH-TESTS","METTA-MORPH-TESTS",""
"","2","ADD-REMOVE-MATCH-MIX-FLOAT-INTEGER.26","","Sun Nov 10 00:53:36 GMT 2024","passed","Sun Nov 10 00:53:36 GMT 2024","","SPACES","SPACES",""
"","40000","comparisons.nils_if_control_test_10","","Sun Nov 10 00:36:26 GMT 2024","failed","Sun Nov 10 00:37:06 GMT 2024","","WHOLE-TESTS","WHOLE-TESTS",""
"","216","PROB-DEP-TYPES.12","","Sun Nov 10 01:04:32 GMT 2024","passed","Sun Nov 10 01:04:32 GMT 2024","","PROB-DEP-TYPES","PROB-DEP-TYPES",""
"","45000","language_models.weighted_pllm","","Sun Nov 10 00:36:26 GMT 2024","failed","Sun Nov 10 00:37:11 GMT 2024","","WHOLE-TESTS","WHOLE-TESTS",""
"","2","STATES-SPACES.04","","Sun Nov 10 00:42:04 GMT 2024","passed","Sun Nov 10 00:42:04 GMT 2024","","METTA-MORPH-TESTS","METTA-MORPH-TESTS",""
"","2","KEY-LOOKUPS-MANY.09","","Sun Nov 10 01:58:35 GMT 2024","passed","Sun Nov 10 01:58:35 GMT 2024","","BASIC","BASIC",""
"","2","D4-TYPE-PROP.17","","Sun Nov 10 01:12:50 GMT 2024","passed","Sun Nov 10 01:12:50 GMT 2024","","CHECK-TYPES","CHECK-TYPES",""
"","2","D2-HIGHERFUNC.03","","Sun Nov 10 00:36:30 GMT 2024","passed","Sun Nov 10 00:36:30 GMT 2024","","HYPERON-EXPERIMENTAL-SCRIPTS","HYPERON-EXPERIMENTAL-SCRIPTS",""
"","2","BACKWARD-CHAINER-XP.16","","Sun Nov 10 01:16:41 GMT 2024","passed","Sun Nov 10 01:16:41 GMT 2024","","BACKWARD-CHAINER","BACKWARD-CHAINER",""
"","3","TESTS0.04","","Sun Nov 10 01:40:39 GMT 2024","passed","Sun Nov 10 01:40:39 GMT 2024","","NEW","NEW",""
"","4000","metta-morph_tests.hyperpose","","Sun Nov 10 00:36:26 GMT 2024","passed","Sun Nov 10 00:36:30 GMT 2024","","WHOLE-TESTS","WHOLE-TESTS",""
"","1","F1-MODULEA.09","","Sun Nov 10 00:46:20 GMT 2024","passed","Sun Nov 10 00:46:20 GMT 2024","","QUICK","QUICK",""
"","2","INTERSECTION-TESTS.15","","Sun Nov 10 00:38:07 GMT 2024","passed","Sun Nov 10 00:38:07 GMT 2024","","HYPERON-METTALOG-SANITY","HYPERON-METTALOG-SANITY",""
"","2","INTERSECTION-TESTS.10","","Sun Nov 10 00:38:07 GMT 2024","passed","Sun Nov 10 00:38:07 GMT 2024","","HYPERON-METTALOG-SANITY","HYPERON-METTALOG-SANITY",""
"","127","DEDUCTIONDTLTEST.04","","Sun Nov 10 01:15:33 GMT 2024","passed","Sun Nov 10 01:15:33 GMT 2024","","DEPENDENT-TYPES","DEPENDENT-TYPES",""
"","2","TEST-IF-CLOSED.07","","Sun Nov 10 01:49:54 GMT 2024","passed","Sun Nov 10 01:49:54 GMT 2024","","WALK-THRU","WALK-THRU",""
"","4000","basic.pathfinding-easy","","Sun Nov 10 00:36:26 GMT 2024","passed","Sun Nov 10 00:36:30 GMT 2024","","WHOLE-TESTS","WHOLE-TESTS",""
"","2","D2-HIGHERFUNC.15","","Sun Nov 10 00:46:20 GMT 2024","passed","Sun Nov 10 00:46:20 GMT 2024","","QUICK","QUICK",""
"","1","CHAPTER-1-2.04","","Sun Nov 10 00:55:54 GMT 2024","passed","Sun Nov 10 00:55:54 GMT 2024","","SICP-BOOK","SICP-BOOK",""
"","41000","aunt-kg.sergey_rodionov_formulation","","Sun Nov 10 00:36:26 GMT 2024","failed","Sun Nov 10 00:37:07 GMT 2024","","WHOLE-TESTS","WHOLE-TESTS",""
"","2","B5-TYPES-PRELIM.09","","Sun Nov 10 00:36:30 GMT 2024","passed","Sun Nov 10 00:36:30 GMT 2024","","HYPERON-EXPERIMENTAL-SCRIPTS","HYPERON-EXPERIMENTAL-SCRIPTS",""
"","3","LETLET.01","","Sun Nov 10 00:42:04 GMT 2024","passed","Sun Nov 10 00:42:04 GMT 2024","","METTA-MORPH-TESTS","METTA-MORPH-TESTS",""
"","3","FORWARD-CHAINER-TEST.03","","Sun Nov 10 01:19:25 GMT 2024","passed","Sun Nov 10 01:19:25 GMT 2024","","FORWARD-CHAINER","FORWARD-CHAINER",""
"","5000","metta-morph_tests.add_atom_match","","Sun Nov 10 00:36:26 GMT 2024","passed","Sun Nov 10 00:36:31 GMT 2024","","WHOLE-TESTS","WHOLE-TESTS",""
"","2","C1-GROUNDED-BASIC.22","","Sun Nov 10 00:46:20 GMT 2024","passed","Sun Nov 10 00:46:20 GMT 2024","","QUICK","QUICK",""
"","15","TEST-INFER-FUNCTION-APPLICATION-TYPE.11","","Sun Nov 10 01:58:35 GMT 2024","failed","Sun Nov 10 01:58:35 GMT 2024","","BASIC","BASIC",""
"","40000","SICP_book.chapter_1_3_2","","Sun Nov 10 00:36:26 GMT 2024","failed","Sun Nov 10 00:37:06 GMT 2024","","WHOLE-TESTS","WHOLE-TESTS",""
"","2","B5-TYPES-PRELIM.07","","Sun Nov 10 01:12:30 GMT 2024","passed","Sun Nov 10 01:12:30 GMT 2024","","CHECK-TYPES-TEMP","CHECK-TYPES-TEMP",""
"","2","E2-STATES.12","","Sun Nov 10 01:12:50 GMT 2024","passed","Sun Nov 10 01:12:50 GMT 2024","","CHECK-TYPES","CHECK-TYPES",""
"","3","STDLIB-METTALOG-TEST-PT2.67","","Sun Nov 10 00:55:44 GMT 2024","passed","Sun Nov 10 00:55:44 GMT 2024","","STDLIB-METTALOG","STDLIB-METTALOG",""
"","2","IMPLICATIONDIRECTINTRODUCTIONENTAILTEST.02","","Sun Nov 10 01:19:04 GMT 2024","passed","Sun Nov 10 01:19:04 GMT 2024","","ENTAIL","ENTAIL",""
"","2","F1-IMPORTS.08","","Sun Nov 10 00:36:20 GMT 2024","passed","Sun Nov 10 00:36:20 GMT 2024","","MODULE-SYSTEM","MODULE-SYSTEM",""
"","2","STDLIB-METTALOG-TEST-PT2.27","","Sun Nov 10 00:55:44 GMT 2024","passed","Sun Nov 10 00:55:44 GMT 2024","","STDLIB-METTALOG","STDLIB-METTALOG",""
"","3","FORWARD-CHAINER-TEST.11","","Sun Nov 10 01:19:25 GMT 2024","passed","Sun Nov 10 01:19:25 GMT 2024","","FORWARD-CHAINER","FORWARD-CHAINER",""
"","2","ADD-REMOVE-MATCH-MIX-FLOAT-INTEGER.13","","Sun Nov 10 00:53:36 GMT 2024","passed","Sun Nov 10 00:53:36 GMT 2024","","SPACES","SPACES",""
"","2","BACKWARD-CHAINER-XP.22","","Sun Nov 10 01:16:41 GMT 2024","passed","Sun Nov 10 01:16:41 GMT 2024","","BACKWARD-CHAINER","BACKWARD-CHAINER",""
"","2","CHAPTER-2-2.06","","Sun Nov 10 00:55:54 GMT 2024","passed","Sun Nov 10 00:55:54 GMT 2024","","SICP-BOOK","SICP-BOOK",""
"","4","C1-GROUNDED-BASIC.08","","Sun Nov 10 00:36:30 GMT 2024","passed","Sun Nov 10 00:36:30 GMT 2024","","HYPERON-EXPERIMENTAL-SCRIPTS","HYPERON-EXPERIMENTAL-SCRIPTS",""
"","2","ADD-REMOVE-MATCH-S-SYMBOLS.05","","Sun Nov 10 00:53:36 GMT 2024","passed","Sun Nov 10 00:53:36 GMT 2024","","SPACES","SPACES",""
"","522","TESTS0.02","","Sun Nov 10 00:46:49 GMT 2024","failed","Sun Nov 10 00:46:49 GMT 2024","","MAIN-BRANCH","MAIN-BRANCH",""
"","5000","basic.hyperposing-shared","","Sun Nov 10 00:36:26 GMT 2024","passed","Sun Nov 10 00:36:31 GMT 2024","","WHOLE-TESTS","WHOLE-TESTS",""
"","99","STDLIB-METTALOG-TEST-PT2.62","","Sun Nov 10 00:55:44 GMT 2024","failed","Sun Nov 10 00:55:44 GMT 2024","","STDLIB-METTALOG","STDLIB-METTALOG",""
"","148","FC-XP.20","","Sun Nov 10 01:19:34 GMT 2024","passed","Sun Nov 10 01:19:34 GMT 2024","","FORWARD-CHAINING","FORWARD-CHAINING",""
"","49","STDLIB-METTALOG-TEST-PT2.06","","Sun Nov 10 00:55:44 GMT 2024","failed","Sun Nov 10 00:55:44 GMT 2024","","STDLIB-METTALOG","STDLIB-METTALOG",""
"","6","SUBTYPING-TEST.06","","Sun Nov 10 01:25:43 GMT 2024","passed","Sun Nov 10 01:25:43 GMT 2024","","SUBTYPING","SUBTYPING",""
"","63","SPACE-INTERSECTION-TESTS.12","","Sun Nov 10 00:38:07 GMT 2024","failed","Sun Nov 10 00:38:07 GMT 2024","","HYPERON-METTALOG-SANITY","HYPERON-METTALOG-SANITY",""
"","2","HYPERPOSING-SHARED.06","","Sun Nov 10 01:58:35 GMT 2024","passed","Sun Nov 10 01:58:35 GMT 2024","","BASIC","BASIC",""
"","2","ADD-REMOVE-MATCH-SS-SYMBOLS.03","","Sun Nov 10 00:53:36 GMT 2024","passed","Sun Nov 10 00:53:36 GMT 2024","","SPACES","SPACES",""
"","117","PROB-DEP-TYPES.05","","Sun Nov 10 01:04:32 GMT 2024","passed","Sun Nov 10 01:04:32 GMT 2024","","PROB-DEP-TYPES","PROB-DEP-TYPES",""
"","3","NATDTLTEST.01","","Sun Nov 10 01:19:39 GMT 2024","passed","Sun Nov 10 01:19:39 GMT 2024","","HOL","HOL",""
"","8","D2-HIGHERFUNC.21","","Sun Nov 10 01:12:50 GMT 2024","passed","Sun Nov 10 01:12:50 GMT 2024","","CHECK-TYPES","CHECK-TYPES",""
"","3","LET-SUPERPOSE-LIST.01","","Sun Nov 10 01:49:29 GMT 2024","passed","Sun Nov 10 01:49:29 GMT 2024","","TRANSPILER","TRANSPILER",""
"","2","DEDUCTIONFORMULATEST.03","","Sun Nov 10 01:17:17 GMT 2024","passed","Sun Nov 10 01:17:17 GMT 2024","","FORMULA","FORMULA",""
"","2","BC-XP.02","","Sun Nov 10 00:51:18 GMT 2024","passed","Sun Nov 10 00:51:18 GMT 2024","","CHAINING","CHAINING",""
"","2","MATCH-SUPERPOSED-SPACES.03","","Sun Nov 10 00:42:04 GMT 2024","passed","Sun Nov 10 00:42:04 GMT 2024","","METTA-MORPH-TESTS","METTA-MORPH-TESTS",""
"","70","CHAPTER-2-4.07","","Sun Nov 10 00:55:54 GMT 2024","failed","Sun Nov 10 00:55:54 GMT 2024","","SICP-BOOK","SICP-BOOK",""
"","2","C1-GROUNDED-BASIC.03","","Sun Nov 10 00:46:20 GMT 2024","passed","Sun Nov 10 00:46:20 GMT 2024","","QUICK","QUICK",""
"","1","C1-GROUNDED-BASIC.18","","Sun Nov 10 00:36:30 GMT 2024","passed","Sun Nov 10 00:36:30 GMT 2024","","HYPERON-EXPERIMENTAL-SCRIPTS","HYPERON-EXPERIMENTAL-SCRIPTS",""
"","3","NUMTEST.01","","Sun Nov 10 01:16:54 GMT 2024","passed","Sun Nov 10 01:16:54 GMT 2024","","COMMON","COMMON",""
"","2","V2-PLN-XP-EASY-IMPL.01","","Sun Nov 10 00:51:18 GMT 2024","passed","Sun Nov 10 00:51:18 GMT 2024","","CHAINING","CHAINING",""
"","2","TESTS0.05","","Sun Nov 10 01:36:45 GMT 2024","passed","Sun Nov 10 01:36:45 GMT 2024","","NARS-V0","NARS-V0",""
"","1","C1-GROUNDED-BASIC.18","","Sun Nov 10 00:46:20 GMT 2024","passed","Sun Nov 10 00:46:20 GMT 2024","","QUICK","QUICK",""
"","5000","bidirectional_computation.relative-arithmetic","","Sun Nov 10 00:36:26 GMT 2024","passed","Sun Nov 10 00:36:31 GMT 2024","","WHOLE-TESTS","WHOLE-TESTS",""
"","4000","metta_to_amr.user","","Sun Nov 10 00:36:26 GMT 2024","passed","Sun Nov 10 00:36:30 GMT 2024","","WHOLE-TESTS","WHOLE-TESTS",""
"","2","DEDUCTIONFORMULATEST.05","","Sun Nov 10 01:17:17 GMT 2024","passed","Sun Nov 10 01:17:17 GMT 2024","","FORMULA","FORMULA",""
"","3","FC-XP.29","","Sun Nov 10 01:19:34 GMT 2024","passed","Sun Nov 10 01:19:34 GMT 2024","","FORWARD-CHAINING","FORWARD-CHAINING",""
"","2","CHAPTER-1-1.03","","Sun Nov 10 00:55:54 GMT 2024","passed","Sun Nov 10 00:55:54 GMT 2024","","SICP-BOOK","SICP-BOOK",""
"","3","BC-XP.17","","Sun Nov 10 01:16:45 GMT 2024","passed","Sun Nov 10 01:16:45 GMT 2024","","BACKWARD-CHAINING","BACKWARD-CHAINING",""
"","2","03-SORING-VIA-INSERT.02","","Sun Nov 10 00:38:07 GMT 2024","passed","Sun Nov 10 00:38:07 GMT 2024","","HYPERON-METTALOG-SANITY","HYPERON-METTALOG-SANITY",""
"","2","BC-XP.20","","Sun Nov 10 01:16:45 GMT 2024","passed","Sun Nov 10 01:16:45 GMT 2024","","BACKWARD-CHAINING","BACKWARD-CHAINING",""
"","2","BACKWARD-CHAINER-XP.27","","Sun Nov 10 01:16:41 GMT 2024","passed","Sun Nov 10 01:16:41 GMT 2024","","BACKWARD-CHAINER","BACKWARD-CHAINER",""
"","2","HYPERPOSING.09","","Sun Nov 10 01:58:35 GMT 2024","passed","Sun Nov 10 01:58:35 GMT 2024","","BASIC","BASIC",""
"","1","SEQUENTIAL-NESTED.06","","Sun Nov 10 00:42:04 GMT 2024","passed","Sun Nov 10 00:42:04 GMT 2024","","METTA-MORPH-TESTS","METTA-MORPH-TESTS",""
"","3","KEY-LOOKUPS-MANY.06","","Sun Nov 10 01:58:35 GMT 2024","passed","Sun Nov 10 01:58:35 GMT 2024","","BASIC","BASIC",""
"","2","BC-XP.03","","Sun Nov 10 00:51:18 GMT 2024","passed","Sun Nov 10 00:51:18 GMT 2024","","CHAINING","CHAINING",""
"","2","BACKWARD-CHAINER-XP.02","","Sun Nov 10 01:16:41 GMT 2024","passed","Sun Nov 10 01:16:41 GMT 2024","","BACKWARD-CHAINER","BACKWARD-CHAINER",""
"","6000","metta-morph_tests.nalifier","","Sun Nov 10 00:36:26 GMT 2024","passed","Sun Nov 10 00:36:32 GMT 2024","","WHOLE-TESTS","WHOLE-TESTS",""
"","3","SUPERPOSE-NESTED.01","","Sun Nov 10 00:42:04 GMT 2024","passed","Sun Nov 10 00:42:04 GMT 2024","","METTA-MORPH-TESTS","METTA-MORPH-TESTS",""
"","11","STDLIB-METTALOG-TEST-PT2.05","","Sun Nov 10 00:55:44 GMT 2024","failed","Sun Nov 10 00:55:44 GMT 2024","","STDLIB-METTALOG","STDLIB-METTALOG",""
"","78","STATE-TYPES.06","","Sun Nov 10 01:58:35 GMT 2024","failed","Sun Nov 10 01:58:35 GMT 2024","","BASIC","BASIC",""
"","1","TESTS2.06","","Sun Nov 10 00:46:49 GMT 2024","passed","Sun Nov 10 00:46:49 GMT 2024","","MAIN-BRANCH","MAIN-BRANCH",""
"","2","06-MATCH-IN-SPACE.06","","Sun Nov 10 00:38:07 GMT 2024","passed","Sun Nov 10 00:38:07 GMT 2024","","HYPERON-METTALOG-SANITY","HYPERON-METTALOG-SANITY",""
"","2","TYPE-PROP.10","","Sun Nov 10 01:12:30 GMT 2024","passed","Sun Nov 10 01:12:30 GMT 2024","","CHECK-TYPES-TEMP","CHECK-TYPES-TEMP",""
"","40000","main-branch.tests3","","Sun Nov 10 00:36:26 GMT 2024","failed","Sun Nov 10 00:37:06 GMT 2024","","WHOLE-TESTS","WHOLE-TESTS",""
"","2","FORWARD-CHAINER-XP.07","","Sun Nov 10 01:19:25 GMT 2024","passed","Sun Nov 10 01:19:25 GMT 2024","","FORWARD-CHAINER","FORWARD-CHAINER",""
"","3","02-CURRIED-PLUS.01","","Sun Nov 10 00:38:07 GMT 2024","passed","Sun Nov 10 00:38:07 GMT 2024","","HYPERON-METTALOG-SANITY","HYPERON-METTALOG-SANITY",""
"","40000","bio-atomspace.pln-xp-mettalog","","Sun Nov 10 00:36:26 GMT 2024","failed","Sun Nov 10 00:37:06 GMT 2024","","WHOLE-TESTS","WHOLE-TESTS",""
"","2","TYPE-PROP.32","","Sun Nov 10 01:12:30 GMT 2024","passed","Sun Nov 10 01:12:30 GMT 2024","","CHECK-TYPES-TEMP","CHECK-TYPES-TEMP",""
"","7000","metta-wam-issue-116.test_spo_1000","","Sun Nov 10 00:36:26 GMT 2024","passed","Sun Nov 10 00:36:33 GMT 2024","","WHOLE-TESTS","WHOLE-TESTS",""
"","4000","dependent-types.MinerDTLTest","","Sun Nov 10 00:36:26 GMT 2024","passed","Sun Nov 10 00:36:30 GMT 2024","","WHOLE-TESTS","WHOLE-TESTS",""
"","3","INF-CTL-XP.04","","Sun Nov 10 01:20:51 GMT 2024","passed","Sun Nov 10 01:20:51 GMT 2024","","INFERENCE-CONTROL","INFERENCE-CONTROL",""
"","31","TYPE-PROP.58","","Sun Nov 10 01:12:30 GMT 2024","failed","Sun Nov 10 01:12:30 GMT 2024","","CHECK-TYPES-TEMP","CHECK-TYPES-TEMP",""
"","4","NUMTEST.03","","Sun Nov 10 01:16:54 GMT 2024","passed","Sun Nov 10 01:16:54 GMT 2024","","COMMON","COMMON",""
"","4000","metta-morph_tests.and_or","","Sun Nov 10 00:36:26 GMT 2024","passed","Sun Nov 10 00:36:30 GMT 2024","","WHOLE-TESTS","WHOLE-TESTS",""
"","2","ADD-REMOVE-MATCH-SYMBOLS.15","","Sun Nov 10 00:53:36 GMT 2024","passed","Sun Nov 10 00:53:36 GMT 2024","","SPACES","SPACES",""
"","2","SUPERCOLLAPSE.05","","Sun Nov 10 00:42:04 GMT 2024","passed","Sun Nov 10 00:42:04 GMT 2024","","METTA-MORPH-TESTS","METTA-MORPH-TESTS",""
"","2","STATE-TYPES.09","","Sun Nov 10 01:58:35 GMT 2024","passed","Sun Nov 10 01:58:35 GMT 2024","","BASIC","BASIC",""
"","5000","basic.hyperposing","","Sun Nov 10 00:36:26 GMT 2024","passed","Sun Nov 10 00:36:31 GMT 2024","","WHOLE-TESTS","WHOLE-TESTS",""
"","7000","nars_extras.RUN_minnars","","Sun Nov 10 00:36:26 GMT 2024","passed","Sun Nov 10 00:36:33 GMT 2024","","WHOLE-TESTS","WHOLE-TESTS",""
"","1","ADD-REMOVE-MATCH-MIX-FLOAT-INTEGER.15","","Sun Nov 10 00:53:36 GMT 2024","passed","Sun Nov 10 00:53:36 GMT 2024","","SPACES","SPACES",""
"","1","MATCH-VOID.08","","Sun Nov 10 00:42:04 GMT 2024","passed","Sun Nov 10 00:42:04 GMT 2024","","METTA-MORPH-TESTS","METTA-MORPH-TESTS",""
"","125","INF-ORDER-PROBS.08","","Sun Nov 10 01:04:32 GMT 2024","passed","Sun Nov 10 01:04:32 GMT 2024","","PROB-DEP-TYPES","PROB-DEP-TYPES",""
"","517","PARENT-GO-1-COMP.01","","Sun Nov 10 00:51:18 GMT 2024","passed","Sun Nov 10 00:51:18 GMT 2024","","CHAINING","CHAINING",""
"","2","SEQUENTIAL-NESTED.04","","Sun Nov 10 00:42:04 GMT 2024","passed","Sun Nov 10 00:42:04 GMT 2024","","METTA-MORPH-TESTS","METTA-MORPH-TESTS",""
"","4","E2-STATES.02","","Sun Nov 10 00:36:30 GMT 2024","passed","Sun Nov 10 00:36:30 GMT 2024","","HYPERON-EXPERIMENTAL-SCRIPTS","HYPERON-EXPERIMENTAL-SCRIPTS",""
"","1","TYPES-PRELIM.19","","Sun Nov 10 00:51:18 GMT 2024","passed","Sun Nov 10 00:51:18 GMT 2024","","CHAINING","CHAINING",""
"","18","NATSTANDALONETEST.10","","Sun Nov 10 01:19:39 GMT 2024","failed","Sun Nov 10 01:19:39 GMT 2024","","HOL","HOL",""
"","4000","truthvalue.TruthValueTest","","Sun Nov 10 00:36:26 GMT 2024","passed","Sun Nov 10 00:36:30 GMT 2024","","WHOLE-TESTS","WHOLE-TESTS",""
"","2","UNIFY-VIA-LET.05","","Sun Nov 10 01:27:30 GMT 2024","passed","Sun Nov 10 01:27:30 GMT 2024","","EXPERIMENTS","EXPERIMENTS",""
"","2","LISTTEST.05","","Sun Nov 10 01:16:54 GMT 2024","passed","Sun Nov 10 01:16:54 GMT 2024","","COMMON","COMMON",""
"","1","BACKWARD-CHAINER-XP.33","","Sun Nov 10 01:16:41 GMT 2024","passed","Sun Nov 10 01:16:41 GMT 2024","","BACKWARD-CHAINER","BACKWARD-CHAINER",""
"","67","STDLIB-METTALOG-TEST-PT2.73","","Sun Nov 10 00:55:44 GMT 2024","failed","Sun Nov 10 00:55:44 GMT 2024","","STDLIB-METTALOG","STDLIB-METTALOG",""
"","2","BC-XP.05","","Sun Nov 10 01:16:45 GMT 2024","passed","Sun Nov 10 01:16:45 GMT 2024","","BACKWARD-CHAINING","BACKWARD-CHAINING",""
"","2","PC-XP.10","","Sun Nov 10 01:25:38 GMT 2024","passed","Sun Nov 10 01:25:38 GMT 2024","","POLYWARD-CHAINING","POLYWARD-CHAINING",""
"","5000","comparisons.inf-ctl-month-xp-short_5","","Sun Nov 10 00:36:26 GMT 2024","passed","Sun Nov 10 00:36:31 GMT 2024","","WHOLE-TESTS","WHOLE-TESTS",""
"","290","TESTS0.06","","Sun Nov 10 01:36:45 GMT 2024","failed","Sun Nov 10 01:36:45 GMT 2024","","NARS-V0","NARS-V0",""
"","5000","synth_buffer.time_synthesize_short","","Sun Nov 10 00:36:26 GMT 2024","passed","Sun Nov 10 00:36:31 GMT 2024","","WHOLE-TESTS","WHOLE-TESTS",""
"","1","ADD-REMOVE-MATCH-SS-STRINGS.11","","Sun Nov 10 00:53:36 GMT 2024","passed","Sun Nov 10 00:53:36 GMT 2024","","SPACES","SPACES",""
"","1","TMPMATCH2.03","","Sun Nov 10 01:49:54 GMT 2024","passed","Sun Nov 10 01:49:54 GMT 2024","","WALK-THRU","WALK-THRU",""
"","1","INTERSECTION-TESTS.11","","Sun Nov 10 00:38:07 GMT 2024","passed","Sun Nov 10 00:38:07 GMT 2024","","HYPERON-METTALOG-SANITY","HYPERON-METTALOG-SANITY",""
"","5000","fizzbuzz.simple","","Sun Nov 10 00:36:26 GMT 2024","passed","Sun Nov 10 00:36:31 GMT 2024","","WHOLE-TESTS","WHOLE-TESTS",""
"","5000","hyperon-mettalog_sanity.structure-tests","","Sun Nov 10 00:36:26 GMT 2024","passed","Sun Nov 10 00:36:31 GMT 2024","","WHOLE-TESTS","WHOLE-TESTS",""
"","15","SPACE-INTERSECTION-TESTS.16","","Sun Nov 10 00:38:07 GMT 2024","failed","Sun Nov 10 00:38:07 GMT 2024","","HYPERON-METTALOG-SANITY","HYPERON-METTALOG-SANITY",""
"","4000","quick.d4_type_prop","","Sun Nov 10 00:36:26 GMT 2024","passed","Sun Nov 10 00:36:30 GMT 2024","","WHOLE-TESTS","WHOLE-TESTS",""
"","56","STDLIB-METTALOG-TEST-PT2.08","","Sun Nov 10 00:55:44 GMT 2024","failed","Sun Nov 10 00:55:44 GMT 2024","","STDLIB-METTALOG","STDLIB-METTALOG",""
"","3","TESTS5.01","","Sun Nov 10 01:31:41 GMT 2024","passed","Sun Nov 10 01:31:41 GMT 2024","","CURRENT","CURRENT",""
"","2","TESTS0.03","","Sun Nov 10 00:46:49 GMT 2024","passed","Sun Nov 10 00:46:49 GMT 2024","","MAIN-BRANCH","MAIN-BRANCH",""
"","2","STRING-TESTS.08","","Sun Nov 10 00:38:07 GMT 2024","passed","Sun Nov 10 00:38:07 GMT 2024","","HYPERON-METTALOG-SANITY","HYPERON-METTALOG-SANITY",""
"","5000","metta-morph_tests.collapse","","Sun Nov 10 00:36:26 GMT 2024","passed","Sun Nov 10 00:36:31 GMT 2024","","WHOLE-TESTS","WHOLE-TESTS",""
"","3","INF-CTL-XP.06","","Sun Nov 10 01:20:51 GMT 2024","passed","Sun Nov 10 01:20:51 GMT 2024","","INFERENCE-CONTROL","INFERENCE-CONTROL",""
"","4000","game_of_clue.game_of_clue","","Sun Nov 10 00:36:26 GMT 2024","passed","Sun Nov 10 00:36:30 GMT 2024","","WHOLE-TESTS","WHOLE-TESTS",""
"","42","FC-XP.09","","Sun Nov 10 01:19:34 GMT 2024","failed","Sun Nov 10 01:19:34 GMT 2024","","FORWARD-CHAINING","FORWARD-CHAINING",""
"","2","C1-GROUNDED-BASIC.20","","Sun Nov 10 00:36:30 GMT 2024","passed","Sun Nov 10 00:36:30 GMT 2024","","HYPERON-EXPERIMENTAL-SCRIPTS","HYPERON-EXPERIMENTAL-SCRIPTS",""
"","41000","basic.fibo-as-pred","","Sun Nov 10 00:36:26 GMT 2024","failed","Sun Nov 10 00:37:07 GMT 2024","","WHOLE-TESTS","WHOLE-TESTS",""
"","3","UNIQUE-TEST.13","","Sun Nov 10 00:38:07 GMT 2024","passed","Sun Nov 10 00:38:07 GMT 2024","","HYPERON-METTALOG-SANITY","HYPERON-METTALOG-SANITY",""
"","29","INF-CTL-MONTH-XP-SHORT-5.01","","Sun Nov 10 02:04:52 GMT 2024","failed","Sun Nov 10 02:04:52 GMT 2024","","COMPARISONS","COMPARISONS",""
"","2","SYNTHESIZE-VIA-LET-TEST.04","","Sun Nov 10 01:27:30 GMT 2024","passed","Sun Nov 10 01:27:30 GMT 2024","","EXPERIMENTS","EXPERIMENTS",""
"","4000","hyperon-mettalog_sanity.02-curried-plus","","Sun Nov 10 00:36:26 GMT 2024","passed","Sun Nov 10 00:36:30 GMT 2024","","WHOLE-TESTS","WHOLE-TESTS",""
"","2","NUMTEST.08","","Sun Nov 10 01:16:54 GMT 2024","passed","Sun Nov 10 01:16:54 GMT 2024","","COMMON","COMMON",""
"","2","CURRIED-CHAINER.05","","Sun Nov 10 01:17:31 GMT 2024","passed","Sun Nov 10 01:17:31 GMT 2024","","CURRIED-CHAINING","CURRIED-CHAINING",""
"","3","IMPLICATIONDIRECTINTRODUCTIONENTAILTEST.01","","Sun Nov 10 01:19:04 GMT 2024","passed","Sun Nov 10 01:19:04 GMT 2024","","ENTAIL","ENTAIL",""
"","5","UTILS-TEST.03","","Sun Nov 10 01:16:37 GMT 2024","passed","Sun Nov 10 01:16:37 GMT 2024","","UTILS","UTILS",""
"","4000","chaining.chaining_prelim","","Sun Nov 10 00:36:26 GMT 2024","passed","Sun Nov 10 00:36:30 GMT 2024","","WHOLE-TESTS","WHOLE-TESTS",""
"","11000","bigram-sentence-evaluator.wordVectors","","Sun Nov 10 00:36:26 GMT 2024","passed","Sun Nov 10 00:36:37 GMT 2024","","WHOLE-TESTS","WHOLE-TESTS",""
"","2","TESTS2.08","","Sun Nov 10 00:46:49 GMT 2024","passed","Sun Nov 10 00:46:49 GMT 2024","","MAIN-BRANCH","MAIN-BRANCH",""
"","1","CHAPTER-1-3.02","","Sun Nov 10 00:55:54 GMT 2024","passed","Sun Nov 10 00:55:54 GMT 2024","","SICP-BOOK","SICP-BOOK",""
"","2","OR-TEST.05","","Sun Nov 10 00:38:07 GMT 2024","passed","Sun Nov 10 00:38:07 GMT 2024","","HYPERON-METTALOG-SANITY","HYPERON-METTALOG-SANITY",""
"","1","CHAPTER-1-1.20","","Sun Nov 10 00:55:54 GMT 2024","passed","Sun Nov 10 00:55:54 GMT 2024","","SICP-BOOK","SICP-BOOK",""
"","2","NATSTANDALONETEST.04","","Sun Nov 10 01:19:39 GMT 2024","passed","Sun Nov 10 01:19:39 GMT 2024","","HOL","HOL",""
"","2","D4-TYPE-PROP.16","","Sun Nov 10 01:12:50 GMT 2024","passed","Sun Nov 10 01:12:50 GMT 2024","","CHECK-TYPES","CHECK-TYPES",""
"","2","FORWARD-CHAINER-TEST.08","","Sun Nov 10 01:19:25 GMT 2024","passed","Sun Nov 10 01:19:25 GMT 2024","","FORWARD-CHAINER","FORWARD-CHAINER",""
"","2","ADD-REMOVE-MATCH-STRINGS.12","","Sun Nov 10 00:53:36 GMT 2024","passed","Sun Nov 10 00:53:36 GMT 2024","","SPACES","SPACES",""
"","5000","chaining.bc-xp","","Sun Nov 10 00:36:26 GMT 2024","passed","Sun Nov 10 00:36:31 GMT 2024","","WHOLE-TESTS","WHOLE-TESTS",""
"","2","METTALOGTESTCURRIED2.03","","Sun Nov 10 00:44:09 GMT 2024","passed","Sun Nov 10 00:44:09 GMT 2024","","ANTI-REGRESSION","ANTI-REGRESSION",""
"","2","APPEND.05","","Sun Nov 10 01:56:13 GMT 2024","passed","Sun Nov 10 01:56:13 GMT 2024","","MULTIDIRECTIONAL","MULTIDIRECTIONAL",""
"","2","D4-TYPE-PROP.22","","Sun Nov 10 01:12:50 GMT 2024","passed","Sun Nov 10 01:12:50 GMT 2024","","CHECK-TYPES","CHECK-TYPES",""
"","2","NATPARITYTEST.08","","Sun Nov 10 01:19:39 GMT 2024","passed","Sun Nov 10 01:19:39 GMT 2024","","HOL","HOL",""
"","2","TYPE-PROP.28","","Sun Nov 10 01:12:30 GMT 2024","passed","Sun Nov 10 01:12:30 GMT 2024","","CHECK-TYPES-TEMP","CHECK-TYPES-TEMP",""
"","2","DEDUCTIONFORMULATEST.08","","Sun Nov 10 01:17:17 GMT 2024","passed","Sun Nov 10 01:17:17 GMT 2024","","FORMULA","FORMULA",""
"","2","D2-HIGHERFUNC.05","","Sun Nov 10 00:36:30 GMT 2024","passed","Sun Nov 10 00:36:30 GMT 2024","","HYPERON-EXPERIMENTAL-SCRIPTS","HYPERON-EXPERIMENTAL-SCRIPTS",""
"","4000","red-black-lambda.lambda-theory","","Sun Nov 10 00:36:26 GMT 2024","passed","Sun Nov 10 00:36:30 GMT 2024","","WHOLE-TESTS","WHOLE-TESTS",""
"","4","SEALED-TEST.04","","Sun Nov 10 00:38:07 GMT 2024","passed","Sun Nov 10 00:38:07 GMT 2024","","HYPERON-METTALOG-SANITY","HYPERON-METTALOG-SANITY",""
"","98","TRUTHVALUETEST.09","","Sun Nov 10 01:17:22 GMT 2024","passed","Sun Nov 10 01:17:22 GMT 2024","","TRUTHVALUE","TRUTHVALUE",""
"","4000","comparisons.inf-ctl-month-xp-short_1","","Sun Nov 10 00:36:26 GMT 2024","passed","Sun Nov 10 00:36:30 GMT 2024","","WHOLE-TESTS","WHOLE-TESTS",""
"","79","STATE-TYPES.04","","Sun Nov 10 01:58:35 GMT 2024","failed","Sun Nov 10 01:58:35 GMT 2024","","BASIC","BASIC",""
"","92","B4-NONDETERM.01","","Sun Nov 10 00:36:30 GMT 2024","passed","Sun Nov 10 00:36:30 GMT 2024","","HYPERON-EXPERIMENTAL-SCRIPTS","HYPERON-EXPERIMENTAL-SCRIPTS",""
"","2","IMPL-METTALOGTESTCURRIED.08","","Sun Nov 10 01:49:54 GMT 2024","passed","Sun Nov 10 01:49:54 GMT 2024","","WALK-THRU","WALK-THRU",""
"","3","SPACE-INTERSECTION-TESTS.11","","Sun Nov 10 00:38:07 GMT 2024","passed","Sun Nov 10 00:38:07 GMT 2024","","HYPERON-METTALOG-SANITY","HYPERON-METTALOG-SANITY",""
"","1","SUPPORTRULEEXP.02","","Sun Nov 10 01:15:33 GMT 2024","passed","Sun Nov 10 01:15:33 GMT 2024","","DEPENDENT-TYPES","DEPENDENT-TYPES",""
"","3","UNIQUE-TEST.11","","Sun Nov 10 00:38:07 GMT 2024","passed","Sun Nov 10 00:38:07 GMT 2024","","HYPERON-METTALOG-SANITY","HYPERON-METTALOG-SANITY",""
"","200","QUERIES.18","","Sun Nov 10 01:09:05 GMT 2024","failed","Sun Nov 10 01:09:05 GMT 2024","","STRIPS-TO-METTA-IMPROVED","STRIPS-TO-METTA-IMPROVED",""
"","20","IMPLICATIONDIRECTINTRODUCTIONENTAILTEST.06","","Sun Nov 10 01:19:04 GMT 2024","passed","Sun Nov 10 01:19:04 GMT 2024","","ENTAIL","ENTAIL",""
"","3","NATPARITYTEST.01","","Sun Nov 10 01:19:39 GMT 2024","passed","Sun Nov 10 01:19:39 GMT 2024","","HOL","HOL",""
"","1479","TESTS4.02","","Sun Nov 10 00:46:49 GMT 2024","failed","Sun Nov 10 00:46:50 GMT 2024","","MAIN-BRANCH","MAIN-BRANCH",""
"","2","FORWARD-CHAINER-XP.27","","Sun Nov 10 01:19:25 GMT 2024","passed","Sun Nov 10 01:19:25 GMT 2024","","FORWARD-CHAINER","FORWARD-CHAINER",""
"","2","SPACE-INTERSECTION-TESTS.20","","Sun Nov 10 00:38:07 GMT 2024","passed","Sun Nov 10 00:38:07 GMT 2024","","HYPERON-METTALOG-SANITY","HYPERON-METTALOG-SANITY",""
"","2155","LTE.09","","Sun Nov 10 00:54:18 GMT 2024","passed","Sun Nov 10 00:54:20 GMT 2024","","STD","STD",""
"","2","TYPE-PROP.02","","Sun Nov 10 00:51:18 GMT 2024","passed","Sun Nov 10 00:51:18 GMT 2024","","CHAINING","CHAINING",""
"","69","F1-IMPORTS.14","","Sun Nov 10 00:36:20 GMT 2024","passed","Sun Nov 10 00:36:20 GMT 2024","","MODULE-SYSTEM","MODULE-SYSTEM",""
"","2","TYPE-PROP.25","","Sun Nov 10 01:12:30 GMT 2024","passed","Sun Nov 10 01:12:30 GMT 2024","","CHECK-TYPES-TEMP","CHECK-TYPES-TEMP",""
"","2","IFC-XP.07","","Sun Nov 10 01:22:53 GMT 2024","passed","Sun Nov 10 01:22:53 GMT 2024","","ITERATIVE-CHAINING","ITERATIVE-CHAINING",""
"","78","TYPE-PROP.53","","Sun Nov 10 01:12:30 GMT 2024","failed","Sun Nov 10 01:12:30 GMT 2024","","CHECK-TYPES-TEMP","CHECK-TYPES-TEMP",""
"","2","D1-GADT.08","","Sun Nov 10 00:36:30 GMT 2024","passed","Sun Nov 10 00:36:30 GMT 2024","","HYPERON-EXPERIMENTAL-SCRIPTS","HYPERON-EXPERIMENTAL-SCRIPTS",""
"","2","INF-CTL-XP.05","","Sun Nov 10 01:20:51 GMT 2024","passed","Sun Nov 10 01:20:51 GMT 2024","","INFERENCE-CONTROL","INFERENCE-CONTROL",""
"","1","D2-HIGHERFUNC.04","","Sun Nov 10 01:12:50 GMT 2024","passed","Sun Nov 10 01:12:50 GMT 2024","","CHECK-TYPES","CHECK-TYPES",""
"","17","UNIFYTEST.01","","Sun Nov 10 01:27:25 GMT 2024","failed","Sun Nov 10 01:27:25 GMT 2024","","SYNTHESIS","SYNTHESIS",""
"","2","ADD-REMOVE-MATCH-MIX-FLOAT-INTEGER.09","","Sun Nov 10 00:53:36 GMT 2024","passed","Sun Nov 10 00:53:36 GMT 2024","","SPACES","SPACES",""
"","3","OBIF-EASY.01","","Sun Nov 10 01:56:13 GMT 2024","passed","Sun Nov 10 01:56:13 GMT 2024","","MULTIDIRECTIONAL","MULTIDIRECTIONAL",""
"","2","FIBO-AS-PRED.01","","Sun Nov 10 01:58:35 GMT 2024","passed","Sun Nov 10 01:58:35 GMT 2024","","BASIC","BASIC",""
"","3","TYPES3.01","","Sun Nov 10 00:42:04 GMT 2024","passed","Sun Nov 10 00:42:04 GMT 2024","","METTA-MORPH-TESTS","METTA-MORPH-TESTS",""
"","2","TESTS2.02","","Sun Nov 10 00:46:49 GMT 2024","passed","Sun Nov 10 00:46:49 GMT 2024","","MAIN-BRANCH","MAIN-BRANCH",""
"","2","STDLIB-METTALOG-TEST-PT2.45","","Sun Nov 10 00:55:44 GMT 2024","passed","Sun Nov 10 00:55:44 GMT 2024","","STDLIB-METTALOG","STDLIB-METTALOG",""
"","163","NALIFIER-PREV.01","","Sun Nov 10 00:46:49 GMT 2024","passed","Sun Nov 10 00:46:49 GMT 2024","","MAIN-BRANCH","MAIN-BRANCH",""
"","2","LET-SUPERPOSE-LIST.01","","Sun Nov 10 00:42:04 GMT 2024","passed","Sun Nov 10 00:42:04 GMT 2024","","METTA-MORPH-TESTS","METTA-MORPH-TESTS",""
"","91","SHOW-TYPE.12","","Sun Nov 10 00:53:22 GMT 2024","failed","Sun Nov 10 00:53:22 GMT 2024","","INTROSPECT","INTROSPECT",""
"","28","TYPE-PROP.69","","Sun Nov 10 01:12:30 GMT 2024","failed","Sun Nov 10 01:12:30 GMT 2024","","CHECK-TYPES-TEMP","CHECK-TYPES-TEMP",""
"","1","XOR-TEST.10","","Sun Nov 10 00:38:07 GMT 2024","passed","Sun Nov 10 00:38:07 GMT 2024","","HYPERON-METTALOG-SANITY","HYPERON-METTALOG-SANITY",""
"","4000","hyperon-experimental_scripts.b3_direct","","Sun Nov 10 00:36:26 GMT 2024","passed","Sun Nov 10 00:36:30 GMT 2024","","WHOLE-TESTS","WHOLE-TESTS",""
"","2","BACKWARD-CHAINER-XP.21","","Sun Nov 10 01:16:41 GMT 2024","passed","Sun Nov 10 01:16:41 GMT 2024","","BACKWARD-CHAINER","BACKWARD-CHAINER",""
"","40000","basic.fibo","","Sun Nov 10 00:36:26 GMT 2024","failed","Sun Nov 10 00:37:06 GMT 2024","","WHOLE-TESTS","WHOLE-TESTS",""
"","10","TYPE-PROP.57","","Sun Nov 10 01:12:30 GMT 2024","failed","Sun Nov 10 01:12:30 GMT 2024","","CHECK-TYPES-TEMP","CHECK-TYPES-TEMP",""
"","126","TRUTHVALUETEST.08","","Sun Nov 10 01:17:22 GMT 2024","passed","Sun Nov 10 01:17:22 GMT 2024","","TRUTHVALUE","TRUTHVALUE",""
"","2","HIGHER-ORDER-FUNCS.05","","Sun Nov 10 00:54:18 GMT 2024","passed","Sun Nov 10 00:54:18 GMT 2024","","STD","STD",""
"","2","E1-KB-WRITE.02","","Sun Nov 10 00:36:30 GMT 2024","passed","Sun Nov 10 00:36:30 GMT 2024","","HYPERON-EXPERIMENTAL-SCRIPTS","HYPERON-EXPERIMENTAL-SCRIPTS",""
"","41000","main-branch.tests1","","Sun Nov 10 00:36:26 GMT 2024","failed","Sun Nov 10 00:37:07 GMT 2024","","WHOLE-TESTS","WHOLE-TESTS",""
"","3","HYPERPOSING.04","","Sun Nov 10 01:58:35 GMT 2024","passed","Sun Nov 10 01:58:35 GMT 2024","","BASIC","BASIC",""
"","63","E2-STATES.08","","Sun Nov 10 01:12:50 GMT 2024","failed","Sun Nov 10 01:12:50 GMT 2024","","CHECK-TYPES","CHECK-TYPES",""
"","5000","experiments.synthesize-via-superpose","","Sun Nov 10 00:36:26 GMT 2024","passed","Sun Nov 10 00:36:31 GMT 2024","","WHOLE-TESTS","WHOLE-TESTS",""
"","2","ADD-REMOVE-MATCH-S-SYMBOLS.06","","Sun Nov 10 00:53:36 GMT 2024","passed","Sun Nov 10 00:53:36 GMT 2024","","SPACES","SPACES",""
"","2","ORIENTATION-TEST.01","","Sun Nov 10 01:26:37 GMT 2024","passed","Sun Nov 10 01:26:37 GMT 2024","","ORIENTATION","ORIENTATION",""
"","3","LET-SUPERPOSE-IF-CASE.01","","Sun Nov 10 01:49:29 GMT 2024","passed","Sun Nov 10 01:49:29 GMT 2024","","TRANSPILER","TRANSPILER",""
"","3","00A-LANG-COMPILED-CASE.01","","Sun Nov 10 01:48:28 GMT 2024","passed","Sun Nov 10 01:48:28 GMT 2024","","DIRECT-COMP","DIRECT-COMP",""
"","3","ADD-ATOM-MATCH.01","","Sun Nov 10 00:42:04 GMT 2024","passed","Sun Nov 10 00:42:04 GMT 2024","","METTA-MORPH-TESTS","METTA-MORPH-TESTS",""
"","4000","features.intersection_tests","","Sun Nov 10 00:36:26 GMT 2024","passed","Sun Nov 10 00:36:30 GMT 2024","","WHOLE-TESTS","WHOLE-TESTS",""
"","15","AI-SERVICE-COMPOSITION-EASY.07","","Sun Nov 10 01:09:59 GMT 2024","passed","Sun Nov 10 01:09:59 GMT 2024","","AI-SERVICE","AI-SERVICE",""
"","42000","python_from_metta.fs","","Sun Nov 10 00:36:26 GMT 2024","failed","Sun Nov 10 00:37:08 GMT 2024","","WHOLE-TESTS","WHOLE-TESTS",""
"","5000","prob-dep-types.inf_order_probs","","Sun Nov 10 00:36:26 GMT 2024","passed","Sun Nov 10 00:36:31 GMT 2024","","WHOLE-TESTS","WHOLE-TESTS",""
"","3","FIRST-ANSWER.01","","Sun Nov 10 00:38:07 GMT 2024","passed","Sun Nov 10 00:38:07 GMT 2024","","HYPERON-METTALOG-SANITY","HYPERON-METTALOG-SANITY",""
"","2","D2-HIGHERFUNC.19","","Sun Nov 10 00:36:30 GMT 2024","passed","Sun Nov 10 00:36:30 GMT 2024","","HYPERON-EXPERIMENTAL-SCRIPTS","HYPERON-EXPERIMENTAL-SCRIPTS",""
"","3","F1-MODULEA.01","","Sun Nov 10 00:36:30 GMT 2024","passed","Sun Nov 10 00:36:30 GMT 2024","","HYPERON-EXPERIMENTAL-SCRIPTS","HYPERON-EXPERIMENTAL-SCRIPTS",""
"","4","SUBTRACTION-TEST.08","","Sun Nov 10 00:38:07 GMT 2024","passed","Sun Nov 10 00:38:07 GMT 2024","","HYPERON-METTALOG-SANITY","HYPERON-METTALOG-SANITY",""
"","2","ADD-REMOVE-MATCH-INTEGER.43","","Sun Nov 10 00:53:36 GMT 2024","passed","Sun Nov 10 00:53:36 GMT 2024","","SPACES","SPACES",""
"","5000","hyperon-mettalog_sanity.xor_test","","Sun Nov 10 00:36:26 GMT 2024","passed","Sun Nov 10 00:36:31 GMT 2024","","WHOLE-TESTS","WHOLE-TESTS",""
"","2","F1-MODULEA.04","","Sun Nov 10 00:36:30 GMT 2024","passed","Sun Nov 10 00:36:30 GMT 2024","","HYPERON-EXPERIMENTAL-SCRIPTS","HYPERON-EXPERIMENTAL-SCRIPTS",""
"","2","ADD-REMOVE-MATCH-INTEGER.27","","Sun Nov 10 00:53:36 GMT 2024","passed","Sun Nov 10 00:53:36 GMT 2024","","SPACES","SPACES",""
"","5","SORING-VIA-INSERT.01","","Sun Nov 10 01:12:30 GMT 2024","passed","Sun Nov 10 01:12:30 GMT 2024","","CHECK-TYPES-TEMP","CHECK-TYPES-TEMP",""
"","4000","direct_comp.00a_lang_compiled_case","","Sun Nov 10 00:36:26 GMT 2024","passed","Sun Nov 10 00:36:30 GMT 2024","","WHOLE-TESTS","WHOLE-TESTS",""
"","2","TESTS0.02","","Sun Nov 10 01:44:34 GMT 2024","passed","Sun Nov 10 01:44:34 GMT 2024","","PREV","PREV",""
"","2","D4-TYPE-PROP.15","","Sun Nov 10 00:46:20 GMT 2024","passed","Sun Nov 10 00:46:20 GMT 2024","","QUICK","QUICK",""
"","2","INF-ORDER-PROBS.09","","Sun Nov 10 01:04:32 GMT 2024","passed","Sun Nov 10 01:04:32 GMT 2024","","PROB-DEP-TYPES","PROB-DEP-TYPES",""
"","397","MODUSPONENSDTLTEST.03","","Sun Nov 10 01:15:33 GMT 2024","failed","Sun Nov 10 01:15:33 GMT 2024","","DEPENDENT-TYPES","DEPENDENT-TYPES",""
"","40000","SICP_book.chapter_2_2","","Sun Nov 10 00:36:26 GMT 2024","failed","Sun Nov 10 00:37:06 GMT 2024","","WHOLE-TESTS","WHOLE-TESTS",""
"","2","C1-GROUNDED-BASIC.17","","Sun Nov 10 00:46:20 GMT 2024","passed","Sun Nov 10 00:46:20 GMT 2024","","QUICK","QUICK",""
"","2","FORWARD-CHAINER-TEST.10","","Sun Nov 10 01:19:25 GMT 2024","passed","Sun Nov 10 01:19:25 GMT 2024","","FORWARD-CHAINER","FORWARD-CHAINER",""
"","2","ADD-REMOVE-MATCH-SYMBOLS.02","","Sun Nov 10 00:53:36 GMT 2024","passed","Sun Nov 10 00:53:36 GMT 2024","","SPACES","SPACES",""
"","2","ADD-REMOVE-MATCH-MIX-FLOAT-INTEGER.10","","Sun Nov 10 00:53:36 GMT 2024","passed","Sun Nov 10 00:53:36 GMT 2024","","SPACES","SPACES",""
"","4000","transpiler.letlet","","Sun Nov 10 00:36:26 GMT 2024","passed","Sun Nov 10 00:36:30 GMT 2024","","WHOLE-TESTS","WHOLE-TESTS",""
"","4","SHOW-TYPE.05","","Sun Nov 10 00:53:22 GMT 2024","passed","Sun Nov 10 00:53:22 GMT 2024","","INTROSPECT","INTROSPECT",""
"","2","D2-HIGHERFUNC.25","","Sun Nov 10 00:46:20 GMT 2024","passed","Sun Nov 10 00:46:20 GMT 2024","","QUICK","QUICK",""
"","17168","NARS-BUILDTUPLECOUNTS.02","","Sun Nov 10 01:35:30 GMT 2024","failed","Sun Nov 10 01:35:47 GMT 2024","","NARS-EXTRAS","NARS-EXTRAS",""
"","2","D4-TYPE-PROP.12","","Sun Nov 10 00:46:20 GMT 2024","passed","Sun Nov 10 00:46:20 GMT 2024","","QUICK","QUICK",""
"","2","OR-TEST.15","","Sun Nov 10 00:38:07 GMT 2024","passed","Sun Nov 10 00:38:07 GMT 2024","","HYPERON-METTALOG-SANITY","HYPERON-METTALOG-SANITY",""
"","15000","metta-wam-issue-116.test_spo_116378","","Sun Nov 10 00:36:26 GMT 2024","failed","Sun Nov 10 00:36:41 GMT 2024","","WHOLE-TESTS","WHOLE-TESTS",""
"","3","STDLIB-METTALOG-TEST-PT2.70","","Sun Nov 10 00:55:44 GMT 2024","passed","Sun Nov 10 00:55:44 GMT 2024","","STDLIB-METTALOG","STDLIB-METTALOG",""
"","3","F1-IMPORTS.17","","Sun Nov 10 00:36:30 GMT 2024","passed","Sun Nov 10 00:36:30 GMT 2024","","HYPERON-EXPERIMENTAL-SCRIPTS","HYPERON-EXPERIMENTAL-SCRIPTS",""
"","2","D2-HIGHERFUNC.02","","Sun Nov 10 00:36:30 GMT 2024","passed","Sun Nov 10 00:36:30 GMT 2024","","HYPERON-EXPERIMENTAL-SCRIPTS","HYPERON-EXPERIMENTAL-SCRIPTS",""
"","4","C1-GROUNDED-BASIC.08","","Sun Nov 10 00:46:20 GMT 2024","passed","Sun Nov 10 00:46:20 GMT 2024","","QUICK","QUICK",""
"","2","INTERSECTION-TESTS.32","","Sun Nov 10 00:38:07 GMT 2024","passed","Sun Nov 10 00:38:07 GMT 2024","","HYPERON-METTALOG-SANITY","HYPERON-METTALOG-SANITY",""
"","6000","walk_thru.debug_mettalogTestCurried","","Sun Nov 10 00:36:26 GMT 2024","passed","Sun Nov 10 00:36:32 GMT 2024","","WHOLE-TESTS","WHOLE-TESTS",""
"","6000","experiments.synthesize-via-unify-test","","Sun Nov 10 00:36:26 GMT 2024","passed","Sun Nov 10 00:36:32 GMT 2024","","WHOLE-TESTS","WHOLE-TESTS",""
"","2","D2-HIGHERFUNC.11","","Sun Nov 10 00:36:30 GMT 2024","passed","Sun Nov 10 00:36:30 GMT 2024","","HYPERON-EXPERIMENTAL-SCRIPTS","HYPERON-EXPERIMENTAL-SCRIPTS",""
"","3","NESTED-PARAMETERS.01","","Sun Nov 10 00:42:04 GMT 2024","passed","Sun Nov 10 00:42:04 GMT 2024","","METTA-MORPH-TESTS","METTA-MORPH-TESTS",""
"","2","D1-GADT.14","","Sun Nov 10 01:12:50 GMT 2024","passed","Sun Nov 10 01:12:50 GMT 2024","","CHECK-TYPES","CHECK-TYPES",""
"","132","NATSIMPLETEST.01","","Sun Nov 10 01:19:39 GMT 2024","failed","Sun Nov 10 01:19:39 GMT 2024","","HOL","HOL",""
"","2","ADD-ATOM-NAIVE-FIB.07","","Sun Nov 10 02:04:52 GMT 2024","passed","Sun Nov 10 02:04:52 GMT 2024","","COMPARISONS","COMPARISONS",""
"","4","D2-HIGHERFUNC.01","","Sun Nov 10 00:36:30 GMT 2024","passed","Sun Nov 10 00:36:30 GMT 2024","","HYPERON-EXPERIMENTAL-SCRIPTS","HYPERON-EXPERIMENTAL-SCRIPTS",""
"","2","BC-XP.26","","Sun Nov 10 01:16:45 GMT 2024","passed","Sun Nov 10 01:16:45 GMT 2024","","BACKWARD-CHAINING","BACKWARD-CHAINING",""
"","78","F1-IMPORTS.18","","Sun Nov 10 00:36:30 GMT 2024","passed","Sun Nov 10 00:36:30 GMT 2024","","HYPERON-EXPERIMENTAL-SCRIPTS","HYPERON-EXPERIMENTAL-SCRIPTS",""
"","2","TESTS5.02","","Sun Nov 10 00:46:49 GMT 2024","passed","Sun Nov 10 00:46:49 GMT 2024","","MAIN-BRANCH","MAIN-BRANCH",""
"","5","CHAPTER-1-1.22","","Sun Nov 10 00:55:54 GMT 2024","passed","Sun Nov 10 00:55:54 GMT 2024","","SICP-BOOK","SICP-BOOK",""
"","2","TEST-IF-CLOSED.05","","Sun Nov 10 01:49:54 GMT 2024","passed","Sun Nov 10 01:49:54 GMT 2024","","WALK-THRU","WALK-THRU",""
"","4","HYPERON-EXPERIMENTAL-ISSUE-530.01","","Sun Nov 10 01:53:13 GMT 2024","passed","Sun Nov 10 01:53:13 GMT 2024","","DEBUGGING","DEBUGGING",""
"","3","SPACE-INTERSECTION-TESTS.14","","Sun Nov 10 00:38:07 GMT 2024","passed","Sun Nov 10 00:38:07 GMT 2024","","HYPERON-METTALOG-SANITY","HYPERON-METTALOG-SANITY",""
"","17","TEST-INFER-FUNCTION-APPLICATION-TYPE.08","","Sun Nov 10 01:58:35 GMT 2024","failed","Sun Nov 10 01:58:35 GMT 2024","","BASIC","BASIC",""
"","1192","TESTS1.02","","Sun Nov 10 00:46:49 GMT 2024","failed","Sun Nov 10 00:46:50 GMT 2024","","MAIN-BRANCH","MAIN-BRANCH",""
"","2","KB-WRITE.03","","Sun Nov 10 00:54:18 GMT 2024","passed","Sun Nov 10 00:54:18 GMT 2024","","STD","STD",""
"","2","INTERSECTION-TESTS.25","","Sun Nov 10 00:38:07 GMT 2024","passed","Sun Nov 10 00:38:07 GMT 2024","","HYPERON-METTALOG-SANITY","HYPERON-METTALOG-SANITY",""
"","117","B5-TYPES-PRELIM.08","","Sun Nov 10 00:36:30 GMT 2024","failed","Sun Nov 10 00:36:30 GMT 2024","","HYPERON-EXPERIMENTAL-SCRIPTS","HYPERON-EXPERIMENTAL-SCRIPTS",""
"","1","FC-XP.22","","Sun Nov 10 01:19:34 GMT 2024","passed","Sun Nov 10 01:19:34 GMT 2024","","FORWARD-CHAINING","FORWARD-CHAINING",""
"","2","C1-GROUNDED-BASIC.02","","Sun Nov 10 00:36:30 GMT 2024","passed","Sun Nov 10 00:36:30 GMT 2024","","HYPERON-EXPERIMENTAL-SCRIPTS","HYPERON-EXPERIMENTAL-SCRIPTS",""
"","2","00-LANG-CASE.04","","Sun Nov 10 00:38:07 GMT 2024","passed","Sun Nov 10 00:38:07 GMT 2024","","HYPERON-METTALOG-SANITY","HYPERON-METTALOG-SANITY",""
"","2","LISTTEST.10","","Sun Nov 10 01:16:54 GMT 2024","passed","Sun Nov 10 01:16:54 GMT 2024","","COMMON","COMMON",""
"","2","NATSTANDALONETEST.05","","Sun Nov 10 01:19:39 GMT 2024","passed","Sun Nov 10 01:19:39 GMT 2024","","HOL","HOL",""
"","105","D5-AUTO-TYPES.04","","Sun Nov 10 00:36:30 GMT 2024","failed","Sun Nov 10 00:36:30 GMT 2024","","HYPERON-EXPERIMENTAL-SCRIPTS","HYPERON-EXPERIMENTAL-SCRIPTS",""
"","2","D1-GADT.07","","Sun Nov 10 00:36:30 GMT 2024","passed","Sun Nov 10 00:36:30 GMT 2024","","HYPERON-EXPERIMENTAL-SCRIPTS","HYPERON-EXPERIMENTAL-SCRIPTS",""
"","2","TYPE-PROP.31","","Sun Nov 10 01:12:30 GMT 2024","passed","Sun Nov 10 01:12:30 GMT 2024","","CHECK-TYPES-TEMP","CHECK-TYPES-TEMP",""
"","2","IBC-XP.21","","Sun Nov 10 01:22:53 GMT 2024","passed","Sun Nov 10 01:22:53 GMT 2024","","ITERATIVE-CHAINING","ITERATIVE-CHAINING",""
"","2","INTERSECTION-TESTS.19","","Sun Nov 10 00:38:07 GMT 2024","passed","Sun Nov 10 00:38:07 GMT 2024","","HYPERON-METTALOG-SANITY","HYPERON-METTALOG-SANITY",""
"","3","IMPLICATIONDIRECTINTRODUCTIONDTLTEST.10","","Sun Nov 10 01:15:33 GMT 2024","passed","Sun Nov 10 01:15:33 GMT 2024","","DEPENDENT-TYPES","DEPENDENT-TYPES",""
"","43","BACKWARD-CHAINER-XP.25","","Sun Nov 10 01:16:41 GMT 2024","failed","Sun Nov 10 01:16:41 GMT 2024","","BACKWARD-CHAINER","BACKWARD-CHAINER",""
"","3","TYPE-PROP.01","","Sun Nov 10 00:51:18 GMT 2024","passed","Sun Nov 10 00:51:18 GMT 2024","","CHAINING","CHAINING",""
"","5","IMPLICATIONDIRECTINTRODUCTIONDTLTEST.12","","Sun Nov 10 01:15:33 GMT 2024","passed","Sun Nov 10 01:15:33 GMT 2024","","DEPENDENT-TYPES","DEPENDENT-TYPES",""
"","2","D4-TYPE-PROP.02","","Sun Nov 10 01:12:50 GMT 2024","passed","Sun Nov 10 01:12:50 GMT 2024","","CHECK-TYPES","CHECK-TYPES",""
"","309","LOCATED-TEST.02","","Sun Nov 10 01:26:32 GMT 2024","failed","Sun Nov 10 01:26:32 GMT 2024","","LOCATED","LOCATED",""
"","2","D1-GADT.02","","Sun Nov 10 00:36:30 GMT 2024","passed","Sun Nov 10 00:36:30 GMT 2024","","HYPERON-EXPERIMENTAL-SCRIPTS","HYPERON-EXPERIMENTAL-SCRIPTS",""
"","2","BC-XP.06","","Sun Nov 10 01:16:45 GMT 2024","passed","Sun Nov 10 01:16:45 GMT 2024","","BACKWARD-CHAINING","BACKWARD-CHAINING",""
"","5","TYPES-PRELIM.04","","Sun Nov 10 00:51:18 GMT 2024","passed","Sun Nov 10 00:51:18 GMT 2024","","CHAINING","CHAINING",""
"","7","SPACE-SUBTRACTION-TESTS.11","","Sun Nov 10 00:38:07 GMT 2024","passed","Sun Nov 10 00:38:07 GMT 2024","","HYPERON-METTALOG-SANITY","HYPERON-METTALOG-SANITY",""
"","6","F1-IMPORTS.02","","Sun Nov 10 00:36:30 GMT 2024","passed","Sun Nov 10 00:36:30 GMT 2024","","HYPERON-EXPERIMENTAL-SCRIPTS","HYPERON-EXPERIMENTAL-SCRIPTS",""
"","1","HYPERPOSE.05","","Sun Nov 10 00:42:04 GMT 2024","passed","Sun Nov 10 00:42:04 GMT 2024","","METTA-MORPH-TESTS","METTA-MORPH-TESTS",""
"","2","ADD-REMOVE-MATCH-INTEGER.20","","Sun Nov 10 00:53:36 GMT 2024","passed","Sun Nov 10 00:53:36 GMT 2024","","SPACES","SPACES",""
"","2","TYPE-PROP.15","","Sun Nov 10 01:12:30 GMT 2024","passed","Sun Nov 10 01:12:30 GMT 2024","","CHECK-TYPES-TEMP","CHECK-TYPES-TEMP",""
"","46000","prev.tests5","","Sun Nov 10 00:36:26 GMT 2024","failed","Sun Nov 10 00:37:12 GMT 2024","","WHOLE-TESTS","WHOLE-TESTS",""
"","3","CHAPTER-2-2.04","","Sun Nov 10 00:55:54 GMT 2024","passed","Sun Nov 10 00:55:54 GMT 2024","","SICP-BOOK","SICP-BOOK",""
"","2","IMPL-METTALOGTESTCURRIED.03","","Sun Nov 10 01:49:54 GMT 2024","passed","Sun Nov 10 01:49:54 GMT 2024","","WALK-THRU","WALK-THRU",""
"","2","TYPE-PROP.48","","Sun Nov 10 01:12:30 GMT 2024","passed","Sun Nov 10 01:12:30 GMT 2024","","CHECK-TYPES-TEMP","CHECK-TYPES-TEMP",""
"","4000","spaces.add-remove-match-s-symbols","","Sun Nov 10 00:36:26 GMT 2024","passed","Sun Nov 10 00:36:30 GMT 2024","","WHOLE-TESTS","WHOLE-TESTS",""
"","83","00-LANG-CASE.07","","Sun Nov 10 00:38:07 GMT 2024","passed","Sun Nov 10 00:38:07 GMT 2024","","HYPERON-METTALOG-SANITY","HYPERON-METTALOG-SANITY",""
"","5000","comparisons.add-atom-naive-fib","","Sun Nov 10 00:36:26 GMT 2024","passed","Sun Nov 10 00:36:31 GMT 2024","","WHOLE-TESTS","WHOLE-TESTS",""
"","1","E2-STATES.09","","Sun Nov 10 00:36:30 GMT 2024","passed","Sun Nov 10 00:36:30 GMT 2024","","HYPERON-EXPERIMENTAL-SCRIPTS","HYPERON-EXPERIMENTAL-SCRIPTS",""
"","2","B5-TYPES-PRELIM.04","","Sun Nov 10 00:36:30 GMT 2024","passed","Sun Nov 10 00:36:30 GMT 2024","","HYPERON-EXPERIMENTAL-SCRIPTS","HYPERON-EXPERIMENTAL-SCRIPTS",""
"","2","CHAPTER-1-1.04","","Sun Nov 10 00:55:54 GMT 2024","passed","Sun Nov 10 00:55:54 GMT 2024","","SICP-BOOK","SICP-BOOK",""
"","3","GADT.01","","Sun Nov 10 00:54:18 GMT 2024","passed","Sun Nov 10 00:54:18 GMT 2024","","STD","STD",""
"","2","SYNTHESIZE-VIA-TYPE-CHECKING.04","","Sun Nov 10 01:27:30 GMT 2024","passed","Sun Nov 10 01:27:30 GMT 2024","","EXPERIMENTS","EXPERIMENTS",""
"","2","D4-TYPE-PROP.11","","Sun Nov 10 00:46:20 GMT 2024","passed","Sun Nov 10 00:46:20 GMT 2024","","QUICK","QUICK",""
"","122","TYPE-PROP.54","","Sun Nov 10 01:12:30 GMT 2024","failed","Sun Nov 10 01:12:30 GMT 2024","","CHECK-TYPES-TEMP","CHECK-TYPES-TEMP",""
"","2","EXAM-SPACES.02","","Sun Nov 10 00:53:22 GMT 2024","passed","Sun Nov 10 00:53:22 GMT 2024","","INTROSPECT","INTROSPECT",""
"","2","05-MATCH-SUPERPOSE-ELEMENT-LIKE-SPACE.04","","Sun Nov 10 01:53:08 GMT 2024","passed","Sun Nov 10 01:53:08 GMT 2024","","CONTAINERS-ARE-SPACES","CONTAINERS-ARE-SPACES",""
"","1","HYPERPOSING-SHARED.02","","Sun Nov 10 01:58:35 GMT 2024","passed","Sun Nov 10 01:58:35 GMT 2024","","BASIC","BASIC",""
"","3","BC-XP.09","","Sun Nov 10 01:16:45 GMT 2024","passed","Sun Nov 10 01:16:45 GMT 2024","","BACKWARD-CHAINING","BACKWARD-CHAINING",""
"","4","DEDUCTIONIMPLICATIONDIRECTINTRODUCTIONDTLTEST.02","","Sun Nov 10 01:15:33 GMT 2024","passed","Sun Nov 10 01:15:33 GMT 2024","","DEPENDENT-TYPES","DEPENDENT-TYPES",""
"","96","STDLIB-METTALOG-TEST-PT2.01","","Sun Nov 10 00:55:44 GMT 2024","failed","Sun Nov 10 00:55:44 GMT 2024","","STDLIB-METTALOG","STDLIB-METTALOG",""
"","40000","basic.pathfinding-edge","","Sun Nov 10 00:36:26 GMT 2024","failed","Sun Nov 10 00:37:06 GMT 2024","","WHOLE-TESTS","WHOLE-TESTS",""
"","3608","TRAINING.02","","Sun Nov 10 02:11:07 GMT 2024","passed","Sun Nov 10 02:11:10 GMT 2024","","LANGUAGE-MODELS","LANGUAGE-MODELS",""
"","84","ADD-REMOVE-MATCH-INTEGER.38","","Sun Nov 10 00:53:36 GMT 2024","passed","Sun Nov 10 00:53:36 GMT 2024","","SPACES","SPACES",""
"","2","CHAPTER-1-1.02","","Sun Nov 10 00:55:54 GMT 2024","passed","Sun Nov 10 00:55:54 GMT 2024","","SICP-BOOK","SICP-BOOK",""
"","2","TESTS1.01","","Sun Nov 10 00:46:49 GMT 2024","passed","Sun Nov 10 00:46:49 GMT 2024","","MAIN-BRANCH","MAIN-BRANCH",""
"","5000","graphml.graphml_csv_test","","Sun Nov 10 00:36:26 GMT 2024","passed","Sun Nov 10 00:36:31 GMT 2024","","WHOLE-TESTS","WHOLE-TESTS",""
"","149","SHOW-TYPE.02","","Sun Nov 10 00:53:22 GMT 2024","failed","Sun Nov 10 00:53:22 GMT 2024","","INTROSPECT","INTROSPECT",""
"","2","ADD-REMOVE-MATCH-SS-SYMBOLS.04","","Sun Nov 10 00:53:36 GMT 2024","passed","Sun Nov 10 00:53:36 GMT 2024","","SPACES","SPACES",""
"","3","FC-XP.25","","Sun Nov 10 01:19:34 GMT 2024","passed","Sun Nov 10 01:19:34 GMT 2024","","FORWARD-CHAINING","FORWARD-CHAINING",""
"","2","C1-GROUNDED-BASIC.05","","Sun Nov 10 00:36:30 GMT 2024","passed","Sun Nov 10 00:36:30 GMT 2024","","HYPERON-EXPERIMENTAL-SCRIPTS","HYPERON-EXPERIMENTAL-SCRIPTS",""
"","14","D1-GADT.04","","Sun Nov 10 00:36:30 GMT 2024","passed","Sun Nov 10 00:36:30 GMT 2024","","HYPERON-EXPERIMENTAL-SCRIPTS","HYPERON-EXPERIMENTAL-SCRIPTS",""
"","3","UNIQUE-TEST.07","","Sun Nov 10 00:38:07 GMT 2024","passed","Sun Nov 10 00:38:07 GMT 2024","","HYPERON-METTALOG-SANITY","HYPERON-METTALOG-SANITY",""
"","3","SHOW-TYPE.01","","Sun Nov 10 00:53:22 GMT 2024","passed","Sun Nov 10 00:53:22 GMT 2024","","INTROSPECT","INTROSPECT",""
"","8000","comparisons.nils_if_control_test_2","","Sun Nov 10 00:36:26 GMT 2024","passed","Sun Nov 10 00:36:34 GMT 2024","","WHOLE-TESTS","WHOLE-TESTS",""
"","40000","subtyping.subtyping-test","","Sun Nov 10 00:36:26 GMT 2024","failed","Sun Nov 10 00:37:06 GMT 2024","","WHOLE-TESTS","WHOLE-TESTS",""
"","386","NATSIMPLETEST.04","","Sun Nov 10 01:19:39 GMT 2024","failed","Sun Nov 10 01:19:39 GMT 2024","","HOL","HOL",""
"","3","INF-CTL-MONTH-BC-CONT-XP.06","","Sun Nov 10 01:20:51 GMT 2024","passed","Sun Nov 10 01:20:51 GMT 2024","","INFERENCE-CONTROL","INFERENCE-CONTROL",""
"","5000","metta-morph_tests.sequential_nested","","Sun Nov 10 00:36:26 GMT 2024","passed","Sun Nov 10 00:36:31 GMT 2024","","WHOLE-TESTS","WHOLE-TESTS",""
"","2","F1-MODULEA.07","","Sun Nov 10 00:36:30 GMT 2024","passed","Sun Nov 10 00:36:30 GMT 2024","","HYPERON-EXPERIMENTAL-SCRIPTS","HYPERON-EXPERIMENTAL-SCRIPTS",""
"","2","SYNTHESIZE-VIA-TYPE-CHECKING.01","","Sun Nov 10 01:27:30 GMT 2024","passed","Sun Nov 10 01:27:30 GMT 2024","","EXPERIMENTS","EXPERIMENTS",""
"","2","ADD-REMOVE-MATCH-S-SYMBOLS.12","","Sun Nov 10 00:53:36 GMT 2024","passed","Sun Nov 10 00:53:36 GMT 2024","","SPACES","SPACES",""
"","2","DEBUG-METTALOGTESTCURRIED.11","","Sun Nov 10 01:49:54 GMT 2024","passed","Sun Nov 10 01:49:54 GMT 2024","","WALK-THRU","WALK-THRU",""
"","4","SPACE-SUBTRACTION-TESTS.04","","Sun Nov 10 00:38:07 GMT 2024","passed","Sun Nov 10 00:38:07 GMT 2024","","HYPERON-METTALOG-SANITY","HYPERON-METTALOG-SANITY",""
"","2","TYPE-PROP.42","","Sun Nov 10 01:12:30 GMT 2024","passed","Sun Nov 10 01:12:30 GMT 2024","","CHECK-TYPES-TEMP","CHECK-TYPES-TEMP",""
"","2","C2-SPACES.02","","Sun Nov 10 00:36:30 GMT 2024","passed","Sun Nov 10 00:36:30 GMT 2024","","HYPERON-EXPERIMENTAL-SCRIPTS","HYPERON-EXPERIMENTAL-SCRIPTS",""
"","2","INF-CTL-XP.02","","Sun Nov 10 01:20:51 GMT 2024","passed","Sun Nov 10 01:20:51 GMT 2024","","INFERENCE-CONTROL","INFERENCE-CONTROL",""
"","3","01-LANG-INC.01","","Sun Nov 10 00:38:07 GMT 2024","passed","Sun Nov 10 00:38:07 GMT 2024","","HYPERON-METTALOG-SANITY","HYPERON-METTALOG-SANITY",""
"","4","BC-COMP.06","","Sun Nov 10 00:44:09 GMT 2024","passed","Sun Nov 10 00:44:09 GMT 2024","","ANTI-REGRESSION","ANTI-REGRESSION",""
"","81","INF-CTL-MONTH-XP-SHORT-1.02","","Sun Nov 10 02:04:52 GMT 2024","failed","Sun Nov 10 02:04:52 GMT 2024","","COMPARISONS","COMPARISONS",""
"","6000","distributed-processing.use-one-server","","Sun Nov 10 00:36:26 GMT 2024","passed","Sun Nov 10 00:36:32 GMT 2024","","WHOLE-TESTS","WHOLE-TESTS",""
"","402","INF-CTL-XP.07","","Sun Nov 10 01:20:51 GMT 2024","passed","Sun Nov 10 01:20:51 GMT 2024","","INFERENCE-CONTROL","INFERENCE-CONTROL",""
"","19","INF-CTL-MONTH-XP-SHORT-6.01","","Sun Nov 10 02:04:52 GMT 2024","failed","Sun Nov 10 02:04:52 GMT 2024","","COMPARISONS","COMPARISONS",""
"","13","D2-HIGHERFUNC.20","","Sun Nov 10 01:12:50 GMT 2024","passed","Sun Nov 10 01:12:50 GMT 2024","","CHECK-TYPES","CHECK-TYPES",""
"","10302","SIMPLE.01","","Sun Nov 10 01:02:48 GMT 2024","passed","Sun Nov 10 01:02:58 GMT 2024","","FIZZBUZZ","FIZZBUZZ",""
"","2","INF-CTL-MONTH-XP-SHORT-3.06","","Sun Nov 10 02:04:52 GMT 2024","passed","Sun Nov 10 02:04:52 GMT 2024","","COMPARISONS","COMPARISONS",""
"","4000","std.gadt","","Sun Nov 10 00:36:26 GMT 2024","passed","Sun Nov 10 00:36:30 GMT 2024","","WHOLE-TESTS","WHOLE-TESTS",""
"","5","ADD-REMOVE-MATCH-INTEGER.30","","Sun Nov 10 00:53:36 GMT 2024","passed","Sun Nov 10 00:53:36 GMT 2024","","SPACES","SPACES",""
"","177","DEDUCTIONMATCHTEST.01","","Sun Nov 10 01:23:12 GMT 2024","failed","Sun Nov 10 01:23:12 GMT 2024","","MATCH","MATCH",""
"","6000","dependent-types.bchain","","Sun Nov 10 00:36:26 GMT 2024","passed","Sun Nov 10 00:36:32 GMT 2024","","WHOLE-TESTS","WHOLE-TESTS",""
"","2","HYPERPOSING.06","","Sun Nov 10 01:58:35 GMT 2024","passed","Sun Nov 10 01:58:35 GMT 2024","","BASIC","BASIC",""
"","5000","located.located-test","","Sun Nov 10 00:36:26 GMT 2024","passed","Sun Nov 10 00:36:31 GMT 2024","","WHOLE-TESTS","WHOLE-TESTS",""
"","19","INF-CTL-MONTH-XP.07","","Sun Nov 10 01:20:51 GMT 2024","failed","Sun Nov 10 01:20:51 GMT 2024","","INFERENCE-CONTROL","INFERENCE-CONTROL",""
"","46","FORWARD-CHAINER-XP.05","","Sun Nov 10 01:19:25 GMT 2024","failed","Sun Nov 10 01:19:25 GMT 2024","","FORWARD-CHAINER","FORWARD-CHAINER",""
"","5000","quick.d1_gadt","","Sun Nov 10 00:36:26 GMT 2024","passed","Sun Nov 10 00:36:31 GMT 2024","","WHOLE-TESTS","WHOLE-TESTS",""
"","2","ADD-REMOVE-MATCH-MIX-FLOAT-INTEGER.23","","Sun Nov 10 00:53:36 GMT 2024","passed","Sun Nov 10 00:53:36 GMT 2024","","SPACES","SPACES",""
"","40000","hol.NatSimpleTest","","Sun Nov 10 00:36:26 GMT 2024","passed","Sun Nov 10 00:37:06 GMT 2024","","WHOLE-TESTS","WHOLE-TESTS",""
"","166","APPEND-USING-EQUALITY.01","","Sun Nov 10 01:56:13 GMT 2024","failed","Sun Nov 10 01:56:13 GMT 2024","","MULTIDIRECTIONAL","MULTIDIRECTIONAL",""
"","2","TYPE-PROP.24","","Sun Nov 10 01:12:30 GMT 2024","passed","Sun Nov 10 01:12:30 GMT 2024","","CHECK-TYPES-TEMP","CHECK-TYPES-TEMP",""
"","2","F1-IMPORTS.06","","Sun Nov 10 00:36:30 GMT 2024","passed","Sun Nov 10 00:36:30 GMT 2024","","HYPERON-EXPERIMENTAL-SCRIPTS","HYPERON-EXPERIMENTAL-SCRIPTS",""
"","2","ADD-REMOVE-MATCH-INTEGER.33","","Sun Nov 10 00:53:36 GMT 2024","passed","Sun Nov 10 00:53:36 GMT 2024","","SPACES","SPACES",""
"","2","B5-TYPES-PRELIM.20","","Sun Nov 10 00:36:30 GMT 2024","passed","Sun Nov 10 00:36:30 GMT 2024","","HYPERON-EXPERIMENTAL-SCRIPTS","HYPERON-EXPERIMENTAL-SCRIPTS",""
"","4000","SICP_book.chapter_1_1","","Sun Nov 10 00:36:26 GMT 2024","passed","Sun Nov 10 00:36:30 GMT 2024","","WHOLE-TESTS","WHOLE-TESTS",""
"","1","BACKWARD-CHAINER-XP.20","","Sun Nov 10 01:16:41 GMT 2024","passed","Sun Nov 10 01:16:41 GMT 2024","","BACKWARD-CHAINER","BACKWARD-CHAINER",""
"","43000","synth_buffer.time_synthesize_long","","Sun Nov 10 00:36:26 GMT 2024","failed","Sun Nov 10 00:37:09 GMT 2024","","WHOLE-TESTS","WHOLE-TESTS",""
"","156","ADD-REMOVE-MATCH-MIX-FLOAT-INTEGER.25","","Sun Nov 10 00:53:36 GMT 2024","failed","Sun Nov 10 00:53:36 GMT 2024","","SPACES","SPACES",""
"","4000","loop-checks.06_loop_1","","Sun Nov 10 00:36:26 GMT 2024","passed","Sun Nov 10 00:36:30 GMT 2024","","WHOLE-TESTS","WHOLE-TESTS",""
"","4000","bidirectional_computation.reverse-arithmetic","","Sun Nov 10 00:36:26 GMT 2024","passed","Sun Nov 10 00:36:30 GMT 2024","","WHOLE-TESTS","WHOLE-TESTS",""
"","5000","experiments.synthesize-via-type-checking","","Sun Nov 10 00:36:26 GMT 2024","passed","Sun Nov 10 00:36:31 GMT 2024","","WHOLE-TESTS","WHOLE-TESTS",""
"","2","XOR-TEST.04","","Sun Nov 10 00:38:07 GMT 2024","passed","Sun Nov 10 00:38:07 GMT 2024","","HYPERON-METTALOG-SANITY","HYPERON-METTALOG-SANITY",""
"","3","SUBTRACTION-TEST.10","","Sun Nov 10 00:38:07 GMT 2024","passed","Sun Nov 10 00:38:07 GMT 2024","","HYPERON-METTALOG-SANITY","HYPERON-METTALOG-SANITY",""
"","4000","basic.state_types","","Sun Nov 10 00:36:26 GMT 2024","passed","Sun Nov 10 00:36:30 GMT 2024","","WHOLE-TESTS","WHOLE-TESTS",""
"","2","FORWARD-CHAINER-TEST.06","","Sun Nov 10 01:19:25 GMT 2024","passed","Sun Nov 10 01:19:25 GMT 2024","","FORWARD-CHAINER","FORWARD-CHAINER",""
"","5000","match.MinerMatchTest","","Sun Nov 10 00:36:26 GMT 2024","passed","Sun Nov 10 00:36:31 GMT 2024","","WHOLE-TESTS","WHOLE-TESTS",""
"","5000","entail.ImplicationDirectIntroductionEntailTest","","Sun Nov 10 00:36:26 GMT 2024","passed","Sun Nov 10 00:36:31 GMT 2024","","WHOLE-TESTS","WHOLE-TESTS",""
"","1175","RED-BLACK.02","","Sun Nov 10 01:08:08 GMT 2024","passed","Sun Nov 10 01:08:09 GMT 2024","","RED-BLACK-LAMBDA","RED-BLACK-LAMBDA",""
"","5000","chaining.parent_go_1","","Sun Nov 10 00:36:26 GMT 2024","passed","Sun Nov 10 00:36:31 GMT 2024","","WHOLE-TESTS","WHOLE-TESTS",""
"","46000","stdlib-mettalog.stdlib_mettalog_test","","Sun Nov 10 00:36:26 GMT 2024","failed","Sun Nov 10 00:37:12 GMT 2024","","WHOLE-TESTS","WHOLE-TESTS",""
"","2","C1-GROUNDED-BASIC.04","","Sun Nov 10 00:36:30 GMT 2024","passed","Sun Nov 10 00:36:30 GMT 2024","","HYPERON-EXPERIMENTAL-SCRIPTS","HYPERON-EXPERIMENTAL-SCRIPTS",""
"","2","E2-STATES.06","","Sun Nov 10 01:12:50 GMT 2024","passed","Sun Nov 10 01:12:50 GMT 2024","","CHECK-TYPES","CHECK-TYPES",""
"","2","INF-CTL-MONTH-BC-CONT-XP.03","","Sun Nov 10 01:20:51 GMT 2024","passed","Sun Nov 10 01:20:51 GMT 2024","","INFERENCE-CONTROL","INFERENCE-CONTROL",""
"","4000","basic.pathfinding-hard-f","","Sun Nov 10 00:36:26 GMT 2024","passed","Sun Nov 10 00:36:30 GMT 2024","","WHOLE-TESTS","WHOLE-TESTS",""
"","3","TYPE-PROP.62","","Sun Nov 10 01:12:30 GMT 2024","passed","Sun Nov 10 01:12:30 GMT 2024","","CHECK-TYPES-TEMP","CHECK-TYPES-TEMP",""
"","2","STATE-TYPES.15","","Sun Nov 10 01:58:35 GMT 2024","passed","Sun Nov 10 01:58:35 GMT 2024","","BASIC","BASIC",""
"","3","E2-STATES.01","","Sun Nov 10 01:12:50 GMT 2024","passed","Sun Nov 10 01:12:50 GMT 2024","","CHECK-TYPES","CHECK-TYPES",""
"","2","CHAPTER-1-1.08","","Sun Nov 10 00:55:54 GMT 2024","passed","Sun Nov 10 00:55:54 GMT 2024","","SICP-BOOK","SICP-BOOK",""
"","3","TEST-IF-CLOSED.02","","Sun Nov 10 01:49:54 GMT 2024","passed","Sun Nov 10 01:49:54 GMT 2024","","WALK-THRU","WALK-THRU",""
"","56","D5-AUTO-TYPES.01","","Sun Nov 10 00:36:30 GMT 2024","failed","Sun Nov 10 00:36:30 GMT 2024","","HYPERON-EXPERIMENTAL-SCRIPTS","HYPERON-EXPERIMENTAL-SCRIPTS",""
"","3","STDLIB-METTALOG-TEST-PT2.65","","Sun Nov 10 00:55:44 GMT 2024","passed","Sun Nov 10 00:55:44 GMT 2024","","STDLIB-METTALOG","STDLIB-METTALOG",""
"","8","REWRITES.02","","Sun Nov 10 01:08:15 GMT 2024","passed","Sun Nov 10 01:08:15 GMT 2024","","STACK-BASED","STACK-BASED",""
"","108","STDLIB-METTALOG-TEST-PT2.75","","Sun Nov 10 00:55:44 GMT 2024","failed","Sun Nov 10 00:55:44 GMT 2024","","STDLIB-METTALOG","STDLIB-METTALOG",""
"","2","FORWARD-CHAINER-XP.02","","Sun Nov 10 01:19:25 GMT 2024","passed","Sun Nov 10 01:19:25 GMT 2024","","FORWARD-CHAINER","FORWARD-CHAINER",""
"","2","BC-XP.13","","Sun Nov 10 01:16:45 GMT 2024","passed","Sun Nov 10 01:16:45 GMT 2024","","BACKWARD-CHAINING","BACKWARD-CHAINING",""
"","3","BC-XP.07","","Sun Nov 10 01:16:45 GMT 2024","passed","Sun Nov 10 01:16:45 GMT 2024","","BACKWARD-CHAINING","BACKWARD-CHAINING",""
"","2","D2-HIGHERFUNC.23","","Sun Nov 10 00:36:30 GMT 2024","passed","Sun Nov 10 00:36:30 GMT 2024","","HYPERON-EXPERIMENTAL-SCRIPTS","HYPERON-EXPERIMENTAL-SCRIPTS",""
"","3","ADD-ATOM-NAIVE-FIB.02","","Sun Nov 10 02:04:52 GMT 2024","passed","Sun Nov 10 02:04:52 GMT 2024","","COMPARISONS","COMPARISONS",""
"","2","FORWARD-CHAINER-TEST.07","","Sun Nov 10 01:19:25 GMT 2024","passed","Sun Nov 10 01:19:25 GMT 2024","","FORWARD-CHAINER","FORWARD-CHAINER",""
"","44","FORWARD-CHAINER-TEST.09","","Sun Nov 10 01:19:25 GMT 2024","failed","Sun Nov 10 01:19:25 GMT 2024","","FORWARD-CHAINER","FORWARD-CHAINER",""
"","2","SUBTRACTION-TEST.07","","Sun Nov 10 00:38:07 GMT 2024","passed","Sun Nov 10 00:38:07 GMT 2024","","HYPERON-METTALOG-SANITY","HYPERON-METTALOG-SANITY",""
"","4000","check_types-temp.b5_types_prelim","","Sun Nov 10 00:36:26 GMT 2024","passed","Sun Nov 10 00:36:30 GMT 2024","","WHOLE-TESTS","WHOLE-TESTS",""
"","4000","comparisons.inf-ctl-month-xp-short_6","","Sun Nov 10 00:36:26 GMT 2024","passed","Sun Nov 10 00:36:30 GMT 2024","","WHOLE-TESTS","WHOLE-TESTS",""
"","12","F1-IMPORTS.04","","Sun Nov 10 00:36:20 GMT 2024","failed","Sun Nov 10 00:36:20 GMT 2024","","MODULE-SYSTEM","MODULE-SYSTEM",""
"","2","F1-IMPORTS.20","","Sun Nov 10 00:36:30 GMT 2024","passed","Sun Nov 10 00:36:30 GMT 2024","","HYPERON-EXPERIMENTAL-SCRIPTS","HYPERON-EXPERIMENTAL-SCRIPTS",""
"","63","STDLIB-METTALOG-TEST-PT2.57","","Sun Nov 10 00:55:44 GMT 2024","failed","Sun Nov 10 00:55:44 GMT 2024","","STDLIB-METTALOG","STDLIB-METTALOG",""
"","54","D5-AUTO-TYPES.03","","Sun Nov 10 01:12:50 GMT 2024","failed","Sun Nov 10 01:12:50 GMT 2024","","CHECK-TYPES","CHECK-TYPES",""
"","2","INF-CTL-MONTH-BC-CONT-XP.13","","Sun Nov 10 01:20:51 GMT 2024","passed","Sun Nov 10 01:20:51 GMT 2024","","INFERENCE-CONTROL","INFERENCE-CONTROL",""
"","1","DEBUG-METTALOGTESTCURRIED.12","","Sun Nov 10 01:49:54 GMT 2024","passed","Sun Nov 10 01:49:54 GMT 2024","","WALK-THRU","WALK-THRU",""
"","2070","TESTS2.09","","Sun Nov 10 00:46:49 GMT 2024","failed","Sun Nov 10 00:46:51 GMT 2024","","MAIN-BRANCH","MAIN-BRANCH",""
"","6","TRUTHVALUETEST.05","","Sun Nov 10 01:17:22 GMT 2024","passed","Sun Nov 10 01:17:22 GMT 2024","","TRUTHVALUE","TRUTHVALUE",""
"","2","D4-TYPE-PROP.13","","Sun Nov 10 00:46:20 GMT 2024","passed","Sun Nov 10 00:46:20 GMT 2024","","QUICK","QUICK",""
"","4","MATCH-FEVAL.01","","Sun Nov 10 00:42:04 GMT 2024","passed","Sun Nov 10 00:42:04 GMT 2024","","METTA-MORPH-TESTS","METTA-MORPH-TESTS",""
"","1093","TRAINING.03","","Sun Nov 10 02:11:07 GMT 2024","passed","Sun Nov 10 02:11:08 GMT 2024","","LANGUAGE-MODELS","LANGUAGE-MODELS",""
"","2","C1-GROUNDED-BASIC.21","","Sun Nov 10 00:46:20 GMT 2024","passed","Sun Nov 10 00:46:20 GMT 2024","","QUICK","QUICK",""
"","13","D2-HIGHERFUNC.21","","Sun Nov 10 00:36:30 GMT 2024","passed","Sun Nov 10 00:36:30 GMT 2024","","HYPERON-EXPERIMENTAL-SCRIPTS","HYPERON-EXPERIMENTAL-SCRIPTS",""
"","3","D2-HIGHERFUNC.26","","Sun Nov 10 00:36:30 GMT 2024","passed","Sun Nov 10 00:36:30 GMT 2024","","HYPERON-EXPERIMENTAL-SCRIPTS","HYPERON-EXPERIMENTAL-SCRIPTS",""
"","1","B5-TYPES-PRELIM.06","","Sun Nov 10 00:36:30 GMT 2024","passed","Sun Nov 10 00:36:30 GMT 2024","","HYPERON-EXPERIMENTAL-SCRIPTS","HYPERON-EXPERIMENTAL-SCRIPTS",""
"","1250","TESTS1-PRE.02","","Sun Nov 10 00:46:49 GMT 2024","failed","Sun Nov 10 00:46:50 GMT 2024","","MAIN-BRANCH","MAIN-BRANCH",""
"","3","FORWARD-CHAINER-TEST.15","","Sun Nov 10 01:19:25 GMT 2024","passed","Sun Nov 10 01:19:25 GMT 2024","","FORWARD-CHAINER","FORWARD-CHAINER",""
"","2","QUERIES.13","","Sun Nov 10 01:09:05 GMT 2024","passed","Sun Nov 10 01:09:05 GMT 2024","","STRIPS-TO-METTA-IMPROVED","STRIPS-TO-METTA-IMPROVED",""
"","3","D1-GADT.01","","Sun Nov 10 00:46:20 GMT 2024","passed","Sun Nov 10 00:46:20 GMT 2024","","QUICK","QUICK",""
"","14","D1-GADT.09","","Sun Nov 10 01:12:50 GMT 2024","passed","Sun Nov 10 01:12:50 GMT 2024","","CHECK-TYPES","CHECK-TYPES",""
"","1","ORDEREDSETTEST.05","","Sun Nov 10 01:16:54 GMT 2024","passed","Sun Nov 10 01:16:54 GMT 2024","","COMMON","COMMON",""
"","399","TESTS0.06","","Sun Nov 10 01:44:34 GMT 2024","passed","Sun Nov 10 01:44:34 GMT 2024","","PREV","PREV",""
"","71","UNIFY-VIA-CASE.04","","Sun Nov 10 01:27:30 GMT 2024","failed","Sun Nov 10 01:27:30 GMT 2024","","EXPERIMENTS","EXPERIMENTS",""
"","6000","std.lte","","Sun Nov 10 00:36:26 GMT 2024","passed","Sun Nov 10 00:36:32 GMT 2024","","WHOLE-TESTS","WHOLE-TESTS",""
"","3","TMPMATCH1.01","","Sun Nov 10 00:44:09 GMT 2024","passed","Sun Nov 10 00:44:09 GMT 2024","","ANTI-REGRESSION","ANTI-REGRESSION",""
"","2","ADD-REMOVE-MATCH-FLOAT.11","","Sun Nov 10 00:53:36 GMT 2024","passed","Sun Nov 10 00:53:36 GMT 2024","","SPACES","SPACES",""
"","4000","std.kb_write","","Sun Nov 10 00:36:26 GMT 2024","passed","Sun Nov 10 00:36:30 GMT 2024","","WHOLE-TESTS","WHOLE-TESTS",""
"","2","B5-TYPES-PRELIM.03","","Sun Nov 10 01:12:30 GMT 2024","passed","Sun Nov 10 01:12:30 GMT 2024","","CHECK-TYPES-TEMP","CHECK-TYPES-TEMP",""
"","48","TYPE-PROP.79","","Sun Nov 10 01:12:30 GMT 2024","failed","Sun Nov 10 01:12:30 GMT 2024","","CHECK-TYPES-TEMP","CHECK-TYPES-TEMP",""
"","2","B5-TYPES-PRELIM.16","","Sun Nov 10 01:12:30 GMT 2024","passed","Sun Nov 10 01:12:30 GMT 2024","","CHECK-TYPES-TEMP","CHECK-TYPES-TEMP",""
"","3","F1-IMPORTS.01","","Sun Nov 10 00:46:20 GMT 2024","passed","Sun Nov 10 00:46:20 GMT 2024","","QUICK","QUICK",""
"","3","C2-SPACES.05","","Sun Nov 10 00:36:30 GMT 2024","passed","Sun Nov 10 00:36:30 GMT 2024","","HYPERON-EXPERIMENTAL-SCRIPTS","HYPERON-EXPERIMENTAL-SCRIPTS",""
"","2","CHAPTER-2-4.05","","Sun Nov 10 00:55:54 GMT 2024","passed","Sun Nov 10 00:55:54 GMT 2024","","SICP-BOOK","SICP-BOOK",""
"","46000","SICP_book.chapter_2_3","","Sun Nov 10 00:36:26 GMT 2024","failed","Sun Nov 10 00:37:12 GMT 2024","","WHOLE-TESTS","WHOLE-TESTS",""
"","2","ADD-REMOVE-MATCH-INTEGER.41","","Sun Nov 10 00:53:36 GMT 2024","passed","Sun Nov 10 00:53:36 GMT 2024","","SPACES","SPACES",""
"","2","C1-GROUNDED-BASIC.09","","Sun Nov 10 00:36:30 GMT 2024","passed","Sun Nov 10 00:36:30 GMT 2024","","HYPERON-EXPERIMENTAL-SCRIPTS","HYPERON-EXPERIMENTAL-SCRIPTS",""
"","5000","common.EqualityTypeTest","","Sun Nov 10 00:36:26 GMT 2024","passed","Sun Nov 10 00:36:31 GMT 2024","","WHOLE-TESTS","WHOLE-TESTS",""
"","3","ADD-REMOVE-MATCH-SYMBOLS.16","","Sun Nov 10 00:53:36 GMT 2024","passed","Sun Nov 10 00:53:36 GMT 2024","","SPACES","SPACES",""
"","45","FORWARD-CHAINER-TEST.05","","Sun Nov 10 01:19:25 GMT 2024","failed","Sun Nov 10 01:19:25 GMT 2024","","FORWARD-CHAINER","FORWARD-CHAINER",""
"","2","F1-IMPORTS.02","","Sun Nov 10 00:36:20 GMT 2024","passed","Sun Nov 10 00:36:20 GMT 2024","","MODULE-SYSTEM","MODULE-SYSTEM",""
"","2","INF-CTL-MONTH-XP-SHORT-3.09","","Sun Nov 10 02:04:52 GMT 2024","passed","Sun Nov 10 02:04:52 GMT 2024","","COMPARISONS","COMPARISONS",""
"","2","TESTS5.04","","Sun Nov 10 00:46:49 GMT 2024","passed","Sun Nov 10 00:46:49 GMT 2024","","MAIN-BRANCH","MAIN-BRANCH",""
"","5000","traverser.creation","","Sun Nov 10 00:36:26 GMT 2024","passed","Sun Nov 10 00:36:31 GMT 2024","","WHOLE-TESTS","WHOLE-TESTS",""
"","1245","PUZZLE.01","","Sun Nov 10 01:03:52 GMT 2024","passed","Sun Nov 10 01:03:53 GMT 2024","","LOGIC","LOGIC",""
"","92","00A-LANG-COMPILED-CASE.08","","Sun Nov 10 01:48:28 GMT 2024","passed","Sun Nov 10 01:48:28 GMT 2024","","DIRECT-COMP","DIRECT-COMP",""
"","2","FC-XP.16","","Sun Nov 10 01:19:34 GMT 2024","passed","Sun Nov 10 01:19:34 GMT 2024","","FORWARD-CHAINING","FORWARD-CHAINING",""
"","3","STATE-TYPES.21","","Sun Nov 10 01:58:35 GMT 2024","passed","Sun Nov 10 01:58:35 GMT 2024","","BASIC","BASIC",""
"","1","INTERSECTION-TESTS.13","","Sun Nov 10 00:38:07 GMT 2024","passed","Sun Nov 10 00:38:07 GMT 2024","","HYPERON-METTALOG-SANITY","HYPERON-METTALOG-SANITY",""
"","2","D2-HIGHERFUNC.27","","Sun Nov 10 00:46:20 GMT 2024","passed","Sun Nov 10 00:46:20 GMT 2024","","QUICK","QUICK",""
"","2","NATPARITYTEST.11","","Sun Nov 10 01:19:39 GMT 2024","passed","Sun Nov 10 01:19:39 GMT 2024","","HOL","HOL",""
"","2","HYPERPOSING-UNSHARED.04","","Sun Nov 10 01:58:35 GMT 2024","passed","Sun Nov 10 01:58:35 GMT 2024","","BASIC","BASIC",""
"","109","NON-DETERMINISM.02","","Sun Nov 10 01:27:30 GMT 2024","passed","Sun Nov 10 01:27:30 GMT 2024","","EXPERIMENTS","EXPERIMENTS",""
"","2","DEBUG-METTALOGTESTCURRIED.03","","Sun Nov 10 01:49:54 GMT 2024","passed","Sun Nov 10 01:49:54 GMT 2024","","WALK-THRU","WALK-THRU",""
"","3","SPACE-INTERSECTION-TESTS.05","","Sun Nov 10 00:38:07 GMT 2024","passed","Sun Nov 10 00:38:07 GMT 2024","","HYPERON-METTALOG-SANITY","HYPERON-METTALOG-SANITY",""
"","2","ADD-REMOVE-MATCH-SS-STRINGS.04","","Sun Nov 10 00:53:36 GMT 2024","passed","Sun Nov 10 00:53:36 GMT 2024","","SPACES","SPACES",""
"","4","TRUTHVALUETEST.02","","Sun Nov 10 01:17:22 GMT 2024","passed","Sun Nov 10 01:17:22 GMT 2024","","TRUTHVALUE","TRUTHVALUE",""
"","2","D4-TYPE-PROP.06","","Sun Nov 10 00:46:20 GMT 2024","passed","Sun Nov 10 00:46:20 GMT 2024","","QUICK","QUICK",""
"","1022","PLLM-PENNTREE.04","","Sun Nov 10 02:11:07 GMT 2024","passed","Sun Nov 10 02:11:08 GMT 2024","","LANGUAGE-MODELS","LANGUAGE-MODELS",""
"","2","F1-MODULEA.04","","Sun Nov 10 00:46:20 GMT 2024","passed","Sun Nov 10 00:46:20 GMT 2024","","QUICK","QUICK",""
"","2","D4-TYPE-PROP.08","","Sun Nov 10 00:36:30 GMT 2024","passed","Sun Nov 10 00:36:30 GMT 2024","","HYPERON-EXPERIMENTAL-SCRIPTS","HYPERON-EXPERIMENTAL-SCRIPTS",""
"","1075","TRAINING.01","","Sun Nov 10 02:11:07 GMT 2024","passed","Sun Nov 10 02:11:08 GMT 2024","","LANGUAGE-MODELS","LANGUAGE-MODELS",""
"","2","00-LANG-CASE.14","","Sun Nov 10 00:38:07 GMT 2024","passed","Sun Nov 10 00:38:07 GMT 2024","","HYPERON-METTALOG-SANITY","HYPERON-METTALOG-SANITY",""
"","2","BACKWARD-CHAINER-XP.11","","Sun Nov 10 01:16:41 GMT 2024","passed","Sun Nov 10 01:16:41 GMT 2024","","BACKWARD-CHAINER","BACKWARD-CHAINER",""
"","3","D2-HIGHERFUNC.01","","Sun Nov 10 01:12:50 GMT 2024","passed","Sun Nov 10 01:12:50 GMT 2024","","CHECK-TYPES","CHECK-TYPES",""
"","2","F1-IMPORTS.15","","Sun Nov 10 00:36:20 GMT 2024","passed","Sun Nov 10 00:36:20 GMT 2024","","MODULE-SYSTEM","MODULE-SYSTEM",""
"","4000","graphml.graphml_test","","Sun Nov 10 00:36:26 GMT 2024","passed","Sun Nov 10 00:36:30 GMT 2024","","WHOLE-TESTS","WHOLE-TESTS",""
"","46000","nars_v0.tests4","","Sun Nov 10 00:36:26 GMT 2024","failed","Sun Nov 10 00:37:12 GMT 2024","","WHOLE-TESTS","WHOLE-TESTS",""
"","4000","introspect.exam-spaces","","Sun Nov 10 00:36:26 GMT 2024","passed","Sun Nov 10 00:36:30 GMT 2024","","WHOLE-TESTS","WHOLE-TESTS",""
"","2","STATES-SPACES.03","","Sun Nov 10 00:42:04 GMT 2024","passed","Sun Nov 10 00:42:04 GMT 2024","","METTA-MORPH-TESTS","METTA-MORPH-TESTS",""
"","74","F1-IMPORTS.17","","Sun Nov 10 00:36:20 GMT 2024","passed","Sun Nov 10 00:36:20 GMT 2024","","MODULE-SYSTEM","MODULE-SYSTEM",""
"","2","INF-CTL-MONTH-XP-SHORT-3.08","","Sun Nov 10 02:04:52 GMT 2024","passed","Sun Nov 10 02:04:52 GMT 2024","","COMPARISONS","COMPARISONS",""
"","2","MATCH-VOID.03","","Sun Nov 10 00:42:04 GMT 2024","passed","Sun Nov 10 00:42:04 GMT 2024","","METTA-MORPH-TESTS","METTA-MORPH-TESTS",""
"","1","DEFINE-IF-LIKE.04","","Sun Nov 10 01:48:28 GMT 2024","passed","Sun Nov 10 01:48:28 GMT 2024","","DIRECT-COMP","DIRECT-COMP",""
"","2","QUERIES.05","","Sun Nov 10 01:09:05 GMT 2024","passed","Sun Nov 10 01:09:05 GMT 2024","","STRIPS-TO-METTA-IMPROVED","STRIPS-TO-METTA-IMPROVED",""
"","2","TYPE-PROP.37","","Sun Nov 10 01:12:30 GMT 2024","passed","Sun Nov 10 01:12:30 GMT 2024","","CHECK-TYPES-TEMP","CHECK-TYPES-TEMP",""
"","4000","basic.hyperposing-unshared","","Sun Nov 10 00:36:26 GMT 2024","passed","Sun Nov 10 00:36:30 GMT 2024","","WHOLE-TESTS","WHOLE-TESTS",""
"","2","INF-CTL-MONTH-BC-CONT-XP.24","","Sun Nov 10 01:20:51 GMT 2024","passed","Sun Nov 10 01:20:51 GMT 2024","","INFERENCE-CONTROL","INFERENCE-CONTROL",""
"","28","INF-CTL-MONTH-XP.10","","Sun Nov 10 01:20:51 GMT 2024","failed","Sun Nov 10 01:20:51 GMT 2024","","INFERENCE-CONTROL","INFERENCE-CONTROL",""
"","2","TEST-IF-CLOSED.08","","Sun Nov 10 00:44:09 GMT 2024","passed","Sun Nov 10 00:44:09 GMT 2024","","ANTI-REGRESSION","ANTI-REGRESSION",""
"","40000","ai-service.ai-service-composition-hard","","Sun Nov 10 00:36:26 GMT 2024","failed","Sun Nov 10 00:37:06 GMT 2024","","WHOLE-TESTS","WHOLE-TESTS",""
"","15","00-LANG-CASE.12","","Sun Nov 10 00:38:07 GMT 2024","passed","Sun Nov 10 00:38:07 GMT 2024","","HYPERON-METTALOG-SANITY","HYPERON-METTALOG-SANITY",""
"","152","EXAMPLES-QUANTS.02","","Sun Nov 10 01:57:28 GMT 2024","failed","Sun Nov 10 01:57:28 GMT 2024","","POLYMORPHIC-TYPES","POLYMORPHIC-TYPES",""
"","3","STDLIB-METTALOG-TEST-PT2.69","","Sun Nov 10 00:55:44 GMT 2024","passed","Sun Nov 10 00:55:44 GMT 2024","","STDLIB-METTALOG","STDLIB-METTALOG",""
"","3","BCHAIN.06","","Sun Nov 10 00:44:09 GMT 2024","passed","Sun Nov 10 00:44:09 GMT 2024","","ANTI-REGRESSION","ANTI-REGRESSION",""
"","61","IOIOIOI-USING-EQUALITY.02","","Sun Nov 10 01:56:13 GMT 2024","failed","Sun Nov 10 01:56:13 GMT 2024","","MULTIDIRECTIONAL","MULTIDIRECTIONAL",""
"","2","INF-CTL-MONTH-XP-SHORT-3.12","","Sun Nov 10 02:04:52 GMT 2024","passed","Sun Nov 10 02:04:52 GMT 2024","","COMPARISONS","COMPARISONS",""
"","2","UNIQUE-TEST.06","","Sun Nov 10 00:38:07 GMT 2024","passed","Sun Nov 10 00:38:07 GMT 2024","","HYPERON-METTALOG-SANITY","HYPERON-METTALOG-SANITY",""
"","5000","check_types.d1_gadt","","Sun Nov 10 00:36:26 GMT 2024","passed","Sun Nov 10 00:36:31 GMT 2024","","WHOLE-TESTS","WHOLE-TESTS",""
"","6000","perfect-numbers.basic","","Sun Nov 10 00:36:26 GMT 2024","passed","Sun Nov 10 00:36:32 GMT 2024","","WHOLE-TESTS","WHOLE-TESTS",""
"","282","QUERIES.06","","Sun Nov 10 01:09:05 GMT 2024","passed","Sun Nov 10 01:09:05 GMT 2024","","STRIPS-TO-METTA-IMPROVED","STRIPS-TO-METTA-IMPROVED",""
"","4000","metta-morph_tests.match_superposed_spaces","","Sun Nov 10 00:36:26 GMT 2024","passed","Sun Nov 10 00:36:30 GMT 2024","","WHOLE-TESTS","WHOLE-TESTS",""
"","39","CHAPTER-1-1.21","","Sun Nov 10 00:55:54 GMT 2024","passed","Sun Nov 10 00:55:54 GMT 2024","","SICP-BOOK","SICP-BOOK",""
"","76","PROB-DEP-TYPES.01","","Sun Nov 10 01:04:32 GMT 2024","passed","Sun Nov 10 01:04:32 GMT 2024","","PROB-DEP-TYPES","PROB-DEP-TYPES",""
"","2","B5-TYPES-PRELIM.04","","Sun Nov 10 01:12:30 GMT 2024","passed","Sun Nov 10 01:12:30 GMT 2024","","CHECK-TYPES-TEMP","CHECK-TYPES-TEMP",""
"","3","INTERSECTION-TESTS.30","","Sun Nov 10 00:38:07 GMT 2024","passed","Sun Nov 10 00:38:07 GMT 2024","","HYPERON-METTALOG-SANITY","HYPERON-METTALOG-SANITY",""
"","2","NATSTANDALONETEST.02","","Sun Nov 10 01:19:39 GMT 2024","passed","Sun Nov 10 01:19:39 GMT 2024","","HOL","HOL",""
"","2","B5-TYPES-PRELIM.05","","Sun Nov 10 01:12:30 GMT 2024","passed","Sun Nov 10 01:12:30 GMT 2024","","CHECK-TYPES-TEMP","CHECK-TYPES-TEMP",""
"","2","C1-GROUNDED-BASIC.10","","Sun Nov 10 00:36:30 GMT 2024","passed","Sun Nov 10 00:36:30 GMT 2024","","HYPERON-EXPERIMENTAL-SCRIPTS","HYPERON-EXPERIMENTAL-SCRIPTS",""
"","1","D4-TYPE-PROP.07","","Sun Nov 10 00:46:20 GMT 2024","passed","Sun Nov 10 00:46:20 GMT 2024","","QUICK","QUICK",""
"","17","CHAPTER-1-1.16","","Sun Nov 10 00:55:54 GMT 2024","passed","Sun Nov 10 00:55:54 GMT 2024","","SICP-BOOK","SICP-BOOK",""
"","4000","experiments.unify-via-case","","Sun Nov 10 00:36:26 GMT 2024","passed","Sun Nov 10 00:36:30 GMT 2024","","WHOLE-TESTS","WHOLE-TESTS",""
"","1555","SYNTHESIZE-VIA-CASE-TEST.11","","Sun Nov 10 01:27:30 GMT 2024","failed","Sun Nov 10 01:27:31 GMT 2024","","EXPERIMENTS","EXPERIMENTS",""
"","2","DEDUCTIONDTLTEST.02","","Sun Nov 10 01:15:33 GMT 2024","passed","Sun Nov 10 01:15:33 GMT 2024","","DEPENDENT-TYPES","DEPENDENT-TYPES",""
"","1","HYPERPOSING.08","","Sun Nov 10 01:58:35 GMT 2024","passed","Sun Nov 10 01:58:35 GMT 2024","","BASIC","BASIC",""
"","64","NONDETERM.02","","Sun Nov 10 00:54:18 GMT 2024","passed","Sun Nov 10 00:54:18 GMT 2024","","STD","STD",""
"","66","E3-MATCH-STATES.03","","Sun Nov 10 00:36:30 GMT 2024","failed","Sun Nov 10 00:36:30 GMT 2024","","HYPERON-EXPERIMENTAL-SCRIPTS","HYPERON-EXPERIMENTAL-SCRIPTS",""
"","14","D1-GADT.05","","Sun Nov 10 00:46:20 GMT 2024","passed","Sun Nov 10 00:46:20 GMT 2024","","QUICK","QUICK",""
"","2","UNIFY-VIA-CASE.03","","Sun Nov 10 01:27:30 GMT 2024","passed","Sun Nov 10 01:27:30 GMT 2024","","EXPERIMENTS","EXPERIMENTS",""
"","118","STDLIB-METTALOG-TEST-PT2.60","","Sun Nov 10 00:55:44 GMT 2024","failed","Sun Nov 10 00:55:44 GMT 2024","","STDLIB-METTALOG","STDLIB-METTALOG",""
"","3","D2-HIGHERFUNC.02","","Sun Nov 10 01:12:50 GMT 2024","passed","Sun Nov 10 01:12:50 GMT 2024","","CHECK-TYPES","CHECK-TYPES",""
"","2","CHAPTER-1-1.10","","Sun Nov 10 00:55:54 GMT 2024","passed","Sun Nov 10 00:55:54 GMT 2024","","SICP-BOOK","SICP-BOOK",""
"","2","ORDEREDSETTEST.04","","Sun Nov 10 01:16:54 GMT 2024","passed","Sun Nov 10 01:16:54 GMT 2024","","COMMON","COMMON",""
"","4000","basic.pathfinding-easy-f","","Sun Nov 10 00:36:26 GMT 2024","passed","Sun Nov 10 00:36:30 GMT 2024","","WHOLE-TESTS","WHOLE-TESTS",""
"","1170","TRAINING-BI.01","","Sun Nov 10 02:11:07 GMT 2024","passed","Sun Nov 10 02:11:08 GMT 2024","","LANGUAGE-MODELS","LANGUAGE-MODELS",""
"","1","UTILS-TEST.04","","Sun Nov 10 01:16:37 GMT 2024","passed","Sun Nov 10 01:16:37 GMT 2024","","UTILS","UTILS",""
"","2","C2-SPACES.05","","Sun Nov 10 00:36:20 GMT 2024","passed","Sun Nov 10 00:36:20 GMT 2024","","MODULE-SYSTEM","MODULE-SYSTEM",""
"","2","BACKWARD-CHAINER-XP.40","","Sun Nov 10 01:16:41 GMT 2024","passed","Sun Nov 10 01:16:41 GMT 2024","","BACKWARD-CHAINER","BACKWARD-CHAINER",""
"","2","PROB-DEP-TYPES.02","","Sun Nov 10 01:04:32 GMT 2024","passed","Sun Nov 10 01:04:32 GMT 2024","","PROB-DEP-TYPES","PROB-DEP-TYPES",""
"","2","C1-GROUNDED-BASIC.06","","Sun Nov 10 00:46:20 GMT 2024","passed","Sun Nov 10 00:46:20 GMT 2024","","QUICK","QUICK",""
"","3","LET-SUPERPOSE-IF-CASE.01","","Sun Nov 10 00:42:04 GMT 2024","passed","Sun Nov 10 00:42:04 GMT 2024","","METTA-MORPH-TESTS","METTA-MORPH-TESTS",""
"","2","TYPE-PROP.03","","Sun Nov 10 00:51:18 GMT 2024","passed","Sun Nov 10 00:51:18 GMT 2024","","CHAINING","CHAINING",""
"","2","SUBTRACTION-TEST.06","","Sun Nov 10 00:38:07 GMT 2024","passed","Sun Nov 10 00:38:07 GMT 2024","","HYPERON-METTALOG-SANITY","HYPERON-METTALOG-SANITY",""
"","1","HIGHER-ORDER-FUNCS.07","","Sun Nov 10 00:54:18 GMT 2024","passed","Sun Nov 10 00:54:18 GMT 2024","","STD","STD",""
"","2","FC-XP.27","","Sun Nov 10 01:19:34 GMT 2024","passed","Sun Nov 10 01:19:34 GMT 2024","","FORWARD-CHAINING","FORWARD-CHAINING",""
"","2","KEY-LOOKUPS-MANY.10","","Sun Nov 10 01:58:35 GMT 2024","passed","Sun Nov 10 01:58:35 GMT 2024","","BASIC","BASIC",""
"","2","OR-TEST.16","","Sun Nov 10 00:38:07 GMT 2024","passed","Sun Nov 10 00:38:07 GMT 2024","","HYPERON-METTALOG-SANITY","HYPERON-METTALOG-SANITY",""
"","2","D4-TYPE-PROP.06","","Sun Nov 10 01:12:50 GMT 2024","passed","Sun Nov 10 01:12:50 GMT 2024","","CHECK-TYPES","CHECK-TYPES",""
"","9963","CLASSICAL.01","","Sun Nov 10 01:02:48 GMT 2024","passed","Sun Nov 10 01:02:57 GMT 2024","","FIZZBUZZ","FIZZBUZZ",""
"","3","MATCH-FEVAL.01","","Sun Nov 10 01:49:29 GMT 2024","passed","Sun Nov 10 01:49:29 GMT 2024","","TRANSPILER","TRANSPILER",""
"","2","KEY-LOOKUPS-MANY.07","","Sun Nov 10 01:58:35 GMT 2024","passed","Sun Nov 10 01:58:35 GMT 2024","","BASIC","BASIC",""
"","2","SUPERPOSE-NESTED.02","","Sun Nov 10 00:42:04 GMT 2024","passed","Sun Nov 10 00:42:04 GMT 2024","","METTA-MORPH-TESTS","METTA-MORPH-TESTS",""
"","91","ADD-REMOVE-MATCH-MIX-FLOAT-INTEGER.27","","Sun Nov 10 00:53:36 GMT 2024","failed","Sun Nov 10 00:53:36 GMT 2024","","SPACES","SPACES",""
"","2","D4-TYPE-PROP.01","","Sun Nov 10 00:36:30 GMT 2024","passed","Sun Nov 10 00:36:30 GMT 2024","","HYPERON-EXPERIMENTAL-SCRIPTS","HYPERON-EXPERIMENTAL-SCRIPTS",""
"","2","LOCATED-TEST.01","","Sun Nov 10 01:26:32 GMT 2024","passed","Sun Nov 10 01:26:32 GMT 2024","","LOCATED","LOCATED",""
"","46","BACKWARD-CHAINER-XP.06","","Sun Nov 10 01:16:41 GMT 2024","failed","Sun Nov 10 01:16:41 GMT 2024","","BACKWARD-CHAINER","BACKWARD-CHAINER",""
"","2","DEDUCTIONFORMULATEST.04","","Sun Nov 10 01:17:17 GMT 2024","passed","Sun Nov 10 01:17:17 GMT 2024","","FORMULA","FORMULA",""
"","3","REWRITES.01","","Sun Nov 10 01:08:15 GMT 2024","passed","Sun Nov 10 01:08:15 GMT 2024","","STACK-BASED","STACK-BASED",""
"","8000","bigram-sentence-evaluator.trigramModel","","Sun Nov 10 00:36:26 GMT 2024","passed","Sun Nov 10 00:36:34 GMT 2024","","WHOLE-TESTS","WHOLE-TESTS",""
"","3","B1-EQUAL-CHAIN.01","","Sun Nov 10 00:36:30 GMT 2024","passed","Sun Nov 10 00:36:30 GMT 2024","","HYPERON-EXPERIMENTAL-SCRIPTS","HYPERON-EXPERIMENTAL-SCRIPTS",""
"","2","NATDTLTEST.02","","Sun Nov 10 01:19:39 GMT 2024","passed","Sun Nov 10 01:19:39 GMT 2024","","HOL","HOL",""
"","18","IFC-XP.17","","Sun Nov 10 01:22:53 GMT 2024","failed","Sun Nov 10 01:22:53 GMT 2024","","ITERATIVE-CHAINING","ITERATIVE-CHAINING",""
"","2","D2-HIGHERFUNC.18","","Sun Nov 10 00:36:30 GMT 2024","passed","Sun Nov 10 00:36:30 GMT 2024","","HYPERON-EXPERIMENTAL-SCRIPTS","HYPERON-EXPERIMENTAL-SCRIPTS",""
"","230","INF-CTL-MONTH-BC-CONT-XP.19","","Sun Nov 10 01:20:51 GMT 2024","failed","Sun Nov 10 01:20:51 GMT 2024","","INFERENCE-CONTROL","INFERENCE-CONTROL",""
"","5000","nars_extras.NARS_BuildTupleCounts","","Sun Nov 10 00:36:26 GMT 2024","passed","Sun Nov 10 00:36:31 GMT 2024","","WHOLE-TESTS","WHOLE-TESTS",""
"","2","LTE.03","","Sun Nov 10 00:54:18 GMT 2024","passed","Sun Nov 10 00:54:18 GMT 2024","","STD","STD",""
"","5000","hyperon-experimental_scripts.b0_chaining_prelim","","Sun Nov 10 00:36:26 GMT 2024","passed","Sun Nov 10 00:36:31 GMT 2024","","WHOLE-TESTS","WHOLE-TESTS",""
"","49","IBC-XP.07","","Sun Nov 10 01:22:53 GMT 2024","failed","Sun Nov 10 01:22:53 GMT 2024","","ITERATIVE-CHAINING","ITERATIVE-CHAINING",""
"","3","INTEST.01","","Sun Nov 10 01:16:54 GMT 2024","passed","Sun Nov 10 01:16:54 GMT 2024","","COMMON","COMMON",""
"","80","INTERSECTION-TESTS.06","","Sun Nov 10 00:38:07 GMT 2024","passed","Sun Nov 10 00:38:07 GMT 2024","","HYPERON-METTALOG-SANITY","HYPERON-METTALOG-SANITY",""
"","3","NON-DETERMINISM.01","","Sun Nov 10 01:27:30 GMT 2024","passed","Sun Nov 10 01:27:30 GMT 2024","","EXPERIMENTS","EXPERIMENTS",""
"","18","UNIFYTEST.02","","Sun Nov 10 01:27:25 GMT 2024","failed","Sun Nov 10 01:27:25 GMT 2024","","SYNTHESIS","SYNTHESIS",""
"","17","IFC-XP.19","","Sun Nov 10 01:22:53 GMT 2024","failed","Sun Nov 10 01:22:53 GMT 2024","","ITERATIVE-CHAINING","ITERATIVE-CHAINING",""
"","3","TESTS0.02","","Sun Nov 10 01:40:39 GMT 2024","passed","Sun Nov 10 01:40:39 GMT 2024","","NEW","NEW",""
"","2","DEFINE-IF-LIKE.02","","Sun Nov 10 01:48:28 GMT 2024","passed","Sun Nov 10 01:48:28 GMT 2024","","DIRECT-COMP","DIRECT-COMP",""
"","2","TEST-SPO-1000.01","","Sun Nov 10 00:44:44 GMT 2024","passed","Sun Nov 10 00:44:44 GMT 2024","","METTA-WAM-ISSUE-116","METTA-WAM-ISSUE-116",""
"","3","UNIQUE-TEST.02","","Sun Nov 10 00:38:07 GMT 2024","passed","Sun Nov 10 00:38:07 GMT 2024","","HYPERON-METTALOG-SANITY","HYPERON-METTALOG-SANITY",""
"","3","FORWARD-CHAINER-TEST.16","","Sun Nov 10 01:19:25 GMT 2024","passed","Sun Nov 10 01:19:25 GMT 2024","","FORWARD-CHAINER","FORWARD-CHAINER",""
"","2","TYPE-PROP.63","","Sun Nov 10 01:12:30 GMT 2024","passed","Sun Nov 10 01:12:30 GMT 2024","","CHECK-TYPES-TEMP","CHECK-TYPES-TEMP",""
"","45","TREE.02","","Sun Nov 10 01:01:12 GMT 2024","failed","Sun Nov 10 01:01:12 GMT 2024","","COMBINATOR-CALCULI","COMBINATOR-CALCULI",""
"","2","CHAPTER-2-4.14","","Sun Nov 10 00:55:54 GMT 2024","passed","Sun Nov 10 00:55:54 GMT 2024","","SICP-BOOK","SICP-BOOK",""
"","3","A1-SYMBOLS.05","","Sun Nov 10 00:36:30 GMT 2024","passed","Sun Nov 10 00:36:30 GMT 2024","","HYPERON-EXPERIMENTAL-SCRIPTS","HYPERON-EXPERIMENTAL-SCRIPTS",""
"","3","ADD-REMOVE-MATCH-S-STRINGS.03","","Sun Nov 10 00:53:36 GMT 2024","passed","Sun Nov 10 00:53:36 GMT 2024","","SPACES","SPACES",""
"","798","NATSIMPLETEST.05","","Sun Nov 10 01:19:39 GMT 2024","passed","Sun Nov 10 01:19:39 GMT 2024","","HOL","HOL",""
"","2","NATPARITYTEST.15","","Sun Nov 10 01:19:39 GMT 2024","passed","Sun Nov 10 01:19:39 GMT 2024","","HOL","HOL",""
"","59","DEBUG-METTALOGTESTCURRIED.07","","Sun Nov 10 01:49:54 GMT 2024","passed","Sun Nov 10 01:49:54 GMT 2024","","WALK-THRU","WALK-THRU",""
"","2","FC-XP.02","","Sun Nov 10 01:19:34 GMT 2024","passed","Sun Nov 10 01:19:34 GMT 2024","","FORWARD-CHAINING","FORWARD-CHAINING",""
"","16","IMPLICATIONDIRECTINTRODUCTIONMATCHTEST.01","","Sun Nov 10 01:23:12 GMT 2024","failed","Sun Nov 10 01:23:12 GMT 2024","","MATCH","MATCH",""
"","2","D2-HIGHERFUNC.13","","Sun Nov 10 01:12:50 GMT 2024","passed","Sun Nov 10 01:12:50 GMT 2024","","CHECK-TYPES","CHECK-TYPES",""
"","5000","common.OrderedSetTest","","Sun Nov 10 00:36:26 GMT 2024","passed","Sun Nov 10 00:36:31 GMT 2024","","WHOLE-TESTS","WHOLE-TESTS",""
"","67","ADD-REMOVE-MATCH-INTEGER.40","","Sun Nov 10 00:53:36 GMT 2024","passed","Sun Nov 10 00:53:36 GMT 2024","","SPACES","SPACES",""
"","4","TESTS1.01","","Sun Nov 10 01:31:41 GMT 2024","passed","Sun Nov 10 01:31:41 GMT 2024","","CURRENT","CURRENT",""
"","1","MATCH-VOID.06","","Sun Nov 10 00:42:04 GMT 2024","passed","Sun Nov 10 00:42:04 GMT 2024","","METTA-MORPH-TESTS","METTA-MORPH-TESTS",""
"","83","PROB-DEP-TYPES.03","","Sun Nov 10 01:04:32 GMT 2024","passed","Sun Nov 10 01:04:32 GMT 2024","","PROB-DEP-TYPES","PROB-DEP-TYPES",""
"","136","CREATION.01","","Sun Nov 10 01:09:46 GMT 2024","failed","Sun Nov 10 01:09:46 GMT 2024","","TRAVERSER","TRAVERSER",""
"","2","CHAPTER-2-4.11","","Sun Nov 10 00:55:54 GMT 2024","passed","Sun Nov 10 00:55:54 GMT 2024","","SICP-BOOK","SICP-BOOK",""
"","4000","metta-morph_tests.types","","Sun Nov 10 00:36:26 GMT 2024","passed","Sun Nov 10 00:36:30 GMT 2024","","WHOLE-TESTS","WHOLE-TESTS",""
"","9","05-MATCH-SUPERPOSE-ELEMENT-LIKE-SPACE.02","","Sun Nov 10 01:53:08 GMT 2024","failed","Sun Nov 10 01:53:08 GMT 2024","","CONTAINERS-ARE-SPACES","CONTAINERS-ARE-SPACES",""
"","5000","forward-chaining.fc-xp","","Sun Nov 10 00:36:26 GMT 2024","passed","Sun Nov 10 00:36:31 GMT 2024","","WHOLE-TESTS","WHOLE-TESTS",""
"","3","SYNTHESIZE-VIA-SUPERPOSE.01","","Sun Nov 10 01:27:30 GMT 2024","passed","Sun Nov 10 01:27:30 GMT 2024","","EXPERIMENTS","EXPERIMENTS",""
"","4000","backward-chainer.backward-chainer-xp","","Sun Nov 10 00:36:26 GMT 2024","passed","Sun Nov 10 00:36:30 GMT 2024","","WHOLE-TESTS","WHOLE-TESTS",""
"","2","LTE.06","","Sun Nov 10 00:54:18 GMT 2024","passed","Sun Nov 10 00:54:18 GMT 2024","","STD","STD",""
"","1653","SELF-CONTAINED-SYNTHESIZE.12","","Sun Nov 10 01:27:30 GMT 2024","failed","Sun Nov 10 01:27:31 GMT 2024","","EXPERIMENTS","EXPERIMENTS",""
"","18","TYPE-PROP.68","","Sun Nov 10 01:12:30 GMT 2024","passed","Sun Nov 10 01:12:30 GMT 2024","","CHECK-TYPES-TEMP","CHECK-TYPES-TEMP",""
"","2","B5-TYPES-PRELIM.13","","Sun Nov 10 01:12:30 GMT 2024","passed","Sun Nov 10 01:12:30 GMT 2024","","CHECK-TYPES-TEMP","CHECK-TYPES-TEMP",""
"","2","IOIOIOI.05","","Sun Nov 10 01:56:13 GMT 2024","passed","Sun Nov 10 01:56:13 GMT 2024","","MULTIDIRECTIONAL","MULTIDIRECTIONAL",""
"","2","BACKWARD-CHAINER-XP.07","","Sun Nov 10 01:16:41 GMT 2024","passed","Sun Nov 10 01:16:41 GMT 2024","","BACKWARD-CHAINER","BACKWARD-CHAINER",""
"","1","TESTS2.04","","Sun Nov 10 00:46:49 GMT 2024","passed","Sun Nov 10 00:46:49 GMT 2024","","MAIN-BRANCH","MAIN-BRANCH",""
"","2","00-LANG-CASE.06","","Sun Nov 10 00:38:07 GMT 2024","passed","Sun Nov 10 00:38:07 GMT 2024","","HYPERON-METTALOG-SANITY","HYPERON-METTALOG-SANITY",""
"","3","CHAINING-PRELIM.03","","Sun Nov 10 00:51:18 GMT 2024","passed","Sun Nov 10 00:51:18 GMT 2024","","CHAINING","CHAINING",""
"","29000","language_models.training_bi","","Sun Nov 10 00:36:26 GMT 2024","passed","Sun Nov 10 00:36:55 GMT 2024","","WHOLE-TESTS","WHOLE-TESTS",""
"","1","TEST-IF-CLOSED.10","","Sun Nov 10 00:44:09 GMT 2024","passed","Sun Nov 10 00:44:09 GMT 2024","","ANTI-REGRESSION","ANTI-REGRESSION",""
"","133","NTE.03","","Sun Nov 10 01:02:33 GMT 2024","passed","Sun Nov 10 01:02:33 GMT 2024","","EDGES-TO-EDGES","EDGES-TO-EDGES",""
"","3","STDLIB-METTALOG-TEST-PT2.54","","Sun Nov 10 00:55:44 GMT 2024","passed","Sun Nov 10 00:55:44 GMT 2024","","STDLIB-METTALOG","STDLIB-METTALOG",""
"","1036","TRAINING-BI.05","","Sun Nov 10 02:11:07 GMT 2024","passed","Sun Nov 10 02:11:08 GMT 2024","","LANGUAGE-MODELS","LANGUAGE-MODELS",""
"","4000","utils.utils-test","","Sun Nov 10 00:36:26 GMT 2024","passed","Sun Nov 10 00:36:30 GMT 2024","","WHOLE-TESTS","WHOLE-TESTS",""
"","4000","basic.key-lookups-many","","Sun Nov 10 00:36:26 GMT 2024","passed","Sun Nov 10 00:36:30 GMT 2024","","WHOLE-TESTS","WHOLE-TESTS",""
"","226","INF-CTL-MONTH-XP.13","","Sun Nov 10 01:20:51 GMT 2024","failed","Sun Nov 10 01:20:51 GMT 2024","","INFERENCE-CONTROL","INFERENCE-CONTROL",""
"","1","KEY-LOOKUPS-MANY.02","","Sun Nov 10 01:58:35 GMT 2024","passed","Sun Nov 10 01:58:35 GMT 2024","","BASIC","BASIC",""
"","5000","hyperon-experimental_scripts.d5_auto_types","","Sun Nov 10 00:36:26 GMT 2024","passed","Sun Nov 10 00:36:31 GMT 2024","","WHOLE-TESTS","WHOLE-TESTS",""
"","4000","anti-regression.tmpMatch2","","Sun Nov 10 00:36:26 GMT 2024","passed","Sun Nov 10 00:36:30 GMT 2024","","WHOLE-TESTS","WHOLE-TESTS",""
"","2","TYPES-PRELIM.02","","Sun Nov 10 00:51:18 GMT 2024","passed","Sun Nov 10 00:51:18 GMT 2024","","CHAINING","CHAINING",""
"","2","TMPMATCH1.03","","Sun Nov 10 00:44:09 GMT 2024","passed","Sun Nov 10 00:44:09 GMT 2024","","ANTI-REGRESSION","ANTI-REGRESSION",""
"","1","CHAPTER-1-2.03","","Sun Nov 10 00:55:54 GMT 2024","passed","Sun Nov 10 00:55:54 GMT 2024","","SICP-BOOK","SICP-BOOK",""
"","5000","hyperon-experimental_scripts.b5_types_prelim","","Sun Nov 10 00:36:26 GMT 2024","passed","Sun Nov 10 00:36:31 GMT 2024","","WHOLE-TESTS","WHOLE-TESTS",""
"","21","ORDEREDSETTEST.11","","Sun Nov 10 01:16:54 GMT 2024","passed","Sun Nov 10 01:16:54 GMT 2024","","COMMON","COMMON",""
"","5000","collatz.peano","","Sun Nov 10 00:36:26 GMT 2024","passed","Sun Nov 10 00:36:31 GMT 2024","","WHOLE-TESTS","WHOLE-TESTS",""
"","45000","prev.tests3","","Sun Nov 10 00:36:26 GMT 2024","failed","Sun Nov 10 00:37:11 GMT 2024","","WHOLE-TESTS","WHOLE-TESTS",""
"","152","STDLIB-METTALOG-TEST-PT2.48","","Sun Nov 10 00:55:44 GMT 2024","failed","Sun Nov 10 00:55:44 GMT 2024","","STDLIB-METTALOG","STDLIB-METTALOG",""
"","1","BASE-TEST-REPR-PARSE-INTERSECTION.04","","Sun Nov 10 00:38:07 GMT 2024","passed","Sun Nov 10 00:38:07 GMT 2024","","HYPERON-METTALOG-SANITY","HYPERON-METTALOG-SANITY",""
"","831","JOHN-CARRY-FLOWER-TEST.05","","Sun Nov 10 01:26:23 GMT 2024","failed","Sun Nov 10 01:26:23 GMT 2024","","JOHN-CARRY-FLOWER","JOHN-CARRY-FLOWER",""
"","2","B0-CHAINING-PRELIM.04","","Sun Nov 10 00:36:30 GMT 2024","passed","Sun Nov 10 00:36:30 GMT 2024","","HYPERON-EXPERIMENTAL-SCRIPTS","HYPERON-EXPERIMENTAL-SCRIPTS",""
"","125","MODUSPONENSDTLTEST.04","","Sun Nov 10 01:15:33 GMT 2024","failed","Sun Nov 10 01:15:33 GMT 2024","","DEPENDENT-TYPES","DEPENDENT-TYPES",""
"","2","BC-XP.04","","Sun Nov 10 01:16:45 GMT 2024","passed","Sun Nov 10 01:16:45 GMT 2024","","BACKWARD-CHAINING","BACKWARD-CHAINING",""
"","6000","aunt-kg.simple_conversion","","Sun Nov 10 00:36:26 GMT 2024","passed","Sun Nov 10 00:36:32 GMT 2024","","WHOLE-TESTS","WHOLE-TESTS",""
"","2","TMPMATCH1.03","","Sun Nov 10 01:49:54 GMT 2024","passed","Sun Nov 10 01:49:54 GMT 2024","","WALK-THRU","WALK-THRU",""
"","2","D2-HIGHERFUNC.12","","Sun Nov 10 01:12:50 GMT 2024","passed","Sun Nov 10 01:12:50 GMT 2024","","CHECK-TYPES","CHECK-TYPES",""
"","5000","check_types-temp.type_prop","","Sun Nov 10 00:36:26 GMT 2024","passed","Sun Nov 10 00:36:31 GMT 2024","","WHOLE-TESTS","WHOLE-TESTS",""
"","42","INF-CTL-MONTH-BC-CONT-XP.18","","Sun Nov 10 01:20:51 GMT 2024","failed","Sun Nov 10 01:20:51 GMT 2024","","INFERENCE-CONTROL","INFERENCE-CONTROL",""
"","2","INTERSECTION-TESTS.05","","Sun Nov 10 00:38:07 GMT 2024","passed","Sun Nov 10 00:38:07 GMT 2024","","HYPERON-METTALOG-SANITY","HYPERON-METTALOG-SANITY",""
"","2","TEST-IF-CLOSED.06","","Sun Nov 10 00:44:09 GMT 2024","passed","Sun Nov 10 00:44:09 GMT 2024","","ANTI-REGRESSION","ANTI-REGRESSION",""
"","3","ADD-ATOM-NAIVE-FIB.04","","Sun Nov 10 02:04:52 GMT 2024","passed","Sun Nov 10 02:04:52 GMT 2024","","COMPARISONS","COMPARISONS",""
"","2","D2-HIGHERFUNC.25","","Sun Nov 10 01:12:50 GMT 2024","passed","Sun Nov 10 01:12:50 GMT 2024","","CHECK-TYPES","CHECK-TYPES",""
"","3","APPEND.04","","Sun Nov 10 01:56:13 GMT 2024","passed","Sun Nov 10 01:56:13 GMT 2024","","MULTIDIRECTIONAL","MULTIDIRECTIONAL",""
"","1136","PLLM-PENNTREE.02","","Sun Nov 10 02:11:07 GMT 2024","passed","Sun Nov 10 02:11:08 GMT 2024","","LANGUAGE-MODELS","LANGUAGE-MODELS",""
"","1","TYPE-PROP.45","","Sun Nov 10 01:12:30 GMT 2024","passed","Sun Nov 10 01:12:30 GMT 2024","","CHECK-TYPES-TEMP","CHECK-TYPES-TEMP",""
"","1363","PLLM-PENNTREE.06","","Sun Nov 10 02:11:07 GMT 2024","passed","Sun Nov 10 02:11:08 GMT 2024","","LANGUAGE-MODELS","LANGUAGE-MODELS",""
"","2","ADD-REMOVE-MATCH-SYMBOLS.10","","Sun Nov 10 00:53:36 GMT 2024","passed","Sun Nov 10 00:53:36 GMT 2024","","SPACES","SPACES",""
"","2","D4-TYPE-PROP.15","","Sun Nov 10 01:12:50 GMT 2024","passed","Sun Nov 10 01:12:50 GMT 2024","","CHECK-TYPES","CHECK-TYPES",""
"","3","E2-STATES.03","","Sun Nov 10 00:36:30 GMT 2024","passed","Sun Nov 10 00:36:30 GMT 2024","","HYPERON-EXPERIMENTAL-SCRIPTS","HYPERON-EXPERIMENTAL-SCRIPTS",""
"","1027","PLLM-PENNTREE.07","","Sun Nov 10 02:11:07 GMT 2024","passed","Sun Nov 10 02:11:08 GMT 2024","","LANGUAGE-MODELS","LANGUAGE-MODELS",""
"","2","E2-STATES.09","","Sun Nov 10 01:12:50 GMT 2024","passed","Sun Nov 10 01:12:50 GMT 2024","","CHECK-TYPES","CHECK-TYPES",""
"","4000","metta-morph_tests.let_superpose_list","","Sun Nov 10 00:36:26 GMT 2024","passed","Sun Nov 10 00:36:30 GMT 2024","","WHOLE-TESTS","WHOLE-TESTS",""
"","4000","walk_thru.test_if_closed","","Sun Nov 10 00:36:26 GMT 2024","passed","Sun Nov 10 00:36:30 GMT 2024","","WHOLE-TESTS","WHOLE-TESTS",""
"","2","D1-GADT.01","","Sun Nov 10 01:12:50 GMT 2024","passed","Sun Nov 10 01:12:50 GMT 2024","","CHECK-TYPES","CHECK-TYPES",""
"","8000","john-carry-flower.john-carry-flower-test","","Sun Nov 10 00:36:26 GMT 2024","passed","Sun Nov 10 00:36:34 GMT 2024","","WHOLE-TESTS","WHOLE-TESTS",""
"","2","B5-TYPES-PRELIM.10","","Sun Nov 10 00:36:30 GMT 2024","passed","Sun Nov 10 00:36:30 GMT 2024","","HYPERON-EXPERIMENTAL-SCRIPTS","HYPERON-EXPERIMENTAL-SCRIPTS",""
"","2","TEST-IF-CLOSED.11","","Sun Nov 10 00:44:09 GMT 2024","passed","Sun Nov 10 00:44:09 GMT 2024","","ANTI-REGRESSION","ANTI-REGRESSION",""
"","388","BASIC.05","","Sun Nov 10 01:09:46 GMT 2024","passed","Sun Nov 10 01:09:46 GMT 2024","","TRAVERSER","TRAVERSER",""
"","3","STDLIB-METTALOG-TEST-PT2.52","","Sun Nov 10 00:55:44 GMT 2024","passed","Sun Nov 10 00:55:44 GMT 2024","","STDLIB-METTALOG","STDLIB-METTALOG",""
"","55","REVERSE-ARITHMETIC.01","","Sun Nov 10 01:52:55 GMT 2024","failed","Sun Nov 10 01:52:55 GMT 2024","","BIDIRECTIONAL-COMPUTATION","BIDIRECTIONAL-COMPUTATION",""
"","2","C1-GROUNDED-BASIC.16","","Sun Nov 10 00:46:20 GMT 2024","passed","Sun Nov 10 00:46:20 GMT 2024","","QUICK","QUICK",""
"","2","BCHAIN.03","","Sun Nov 10 00:44:09 GMT 2024","passed","Sun Nov 10 00:44:09 GMT 2024","","ANTI-REGRESSION","ANTI-REGRESSION",""
"","1","BACKWARD-CHAINER-XP.30","","Sun Nov 10 01:16:41 GMT 2024","passed","Sun Nov 10 01:16:41 GMT 2024","","BACKWARD-CHAINER","BACKWARD-CHAINER",""
"","3","BCHAIN-COMP.06","","Sun Nov 10 01:49:54 GMT 2024","passed","Sun Nov 10 01:49:54 GMT 2024","","WALK-THRU","WALK-THRU",""
"","3","ALL-ANY.01","","Sun Nov 10 01:03:52 GMT 2024","passed","Sun Nov 10 01:03:52 GMT 2024","","LOGIC","LOGIC",""
"","247","CREATION.03","","Sun Nov 10 01:09:46 GMT 2024","failed","Sun Nov 10 01:09:46 GMT 2024","","TRAVERSER","TRAVERSER",""
"","2","ADD-REMOVE-MATCH-SS-SYMBOLS.11","","Sun Nov 10 00:53:36 GMT 2024","passed","Sun Nov 10 00:53:36 GMT 2024","","SPACES","SPACES",""
"","2","TESTS0.06","","Sun Nov 10 01:31:41 GMT 2024","passed","Sun Nov 10 01:31:41 GMT 2024","","CURRENT","CURRENT",""
"","2","BACKWARD-CHAINER-XP.04","","Sun Nov 10 01:16:41 GMT 2024","passed","Sun Nov 10 01:16:41 GMT 2024","","BACKWARD-CHAINER","BACKWARD-CHAINER",""
"","1","TESTS1.05","","Sun Nov 10 00:46:49 GMT 2024","passed","Sun Nov 10 00:46:49 GMT 2024","","MAIN-BRANCH","MAIN-BRANCH",""
"","2","BC-XP.23","","Sun Nov 10 01:16:45 GMT 2024","passed","Sun Nov 10 01:16:45 GMT 2024","","BACKWARD-CHAINING","BACKWARD-CHAINING",""
"","9","JOHN-CARRY-FLOWER-TEST.01","","Sun Nov 10 01:26:23 GMT 2024","passed","Sun Nov 10 01:26:23 GMT 2024","","JOHN-CARRY-FLOWER","JOHN-CARRY-FLOWER",""
"","40000","parallelism.builtins","","Sun Nov 10 00:36:26 GMT 2024","failed","Sun Nov 10 00:37:06 GMT 2024","","WHOLE-TESTS","WHOLE-TESTS",""
"","2","QUERIES.04","","Sun Nov 10 01:09:05 GMT 2024","passed","Sun Nov 10 01:09:05 GMT 2024","","STRIPS-TO-METTA-IMPROVED","STRIPS-TO-METTA-IMPROVED",""
"","2","D4-TYPE-PROP.07","","Sun Nov 10 00:36:30 GMT 2024","passed","Sun Nov 10 00:36:30 GMT 2024","","HYPERON-EXPERIMENTAL-SCRIPTS","HYPERON-EXPERIMENTAL-SCRIPTS",""
"","262","SYNTHESIZE-VIA-CASE-TEST.10","","Sun Nov 10 01:27:30 GMT 2024","failed","Sun Nov 10 01:27:30 GMT 2024","","EXPERIMENTS","EXPERIMENTS",""
"","2","TYPE-PROP.46","","Sun Nov 10 01:12:30 GMT 2024","passed","Sun Nov 10 01:12:30 GMT 2024","","CHECK-TYPES-TEMP","CHECK-TYPES-TEMP",""
"","3","CML-UNSHARED.01","","Sun Nov 10 01:58:35 GMT 2024","passed","Sun Nov 10 01:58:35 GMT 2024","","BASIC","BASIC",""
"","5000","hyperon-experimental_scripts.d2_higherfunc","","Sun Nov 10 00:36:26 GMT 2024","passed","Sun Nov 10 00:36:31 GMT 2024","","WHOLE-TESTS","WHOLE-TESTS",""
"","5","OR-TEST.14","","Sun Nov 10 00:38:07 GMT 2024","passed","Sun Nov 10 00:38:07 GMT 2024","","HYPERON-METTALOG-SANITY","HYPERON-METTALOG-SANITY",""
"","63","B5-TYPES-PRELIM.02","","Sun Nov 10 00:36:30 GMT 2024","failed","Sun Nov 10 00:36:30 GMT 2024","","HYPERON-EXPERIMENTAL-SCRIPTS","HYPERON-EXPERIMENTAL-SCRIPTS",""
"","2","FC-XP.03","","Sun Nov 10 01:19:34 GMT 2024","passed","Sun Nov 10 01:19:34 GMT 2024","","FORWARD-CHAINING","FORWARD-CHAINING",""
"","2","CHAPTER-1-1.19","","Sun Nov 10 00:55:54 GMT 2024","passed","Sun Nov 10 00:55:54 GMT 2024","","SICP-BOOK","SICP-BOOK",""
"","2","DEBUG-METTALOGTESTCURRIED.01","","Sun Nov 10 01:49:54 GMT 2024","passed","Sun Nov 10 01:49:54 GMT 2024","","WALK-THRU","WALK-THRU",""
"","42000","examples.benchmark","","Sun Nov 10 00:36:26 GMT 2024","failed","Sun Nov 10 00:37:08 GMT 2024","","WHOLE-TESTS","WHOLE-TESTS",""
"","7000","dependent-types.DeductionDTLTest","","Sun Nov 10 00:36:26 GMT 2024","passed","Sun Nov 10 00:36:33 GMT 2024","","WHOLE-TESTS","WHOLE-TESTS",""
"","2","BC-XP.14","","Sun Nov 10 01:16:45 GMT 2024","passed","Sun Nov 10 01:16:45 GMT 2024","","BACKWARD-CHAINING","BACKWARD-CHAINING",""
"","2","CML-UNSHARED.06","","Sun Nov 10 01:58:35 GMT 2024","passed","Sun Nov 10 01:58:35 GMT 2024","","BASIC","BASIC",""
"","2","D2-HIGHERFUNC.10","","Sun Nov 10 00:36:30 GMT 2024","passed","Sun Nov 10 00:36:30 GMT 2024","","HYPERON-EXPERIMENTAL-SCRIPTS","HYPERON-EXPERIMENTAL-SCRIPTS",""
"","2","TYPE-PROP.65","","Sun Nov 10 01:12:30 GMT 2024","passed","Sun Nov 10 01:12:30 GMT 2024","","CHECK-TYPES-TEMP","CHECK-TYPES-TEMP",""
"","2","IBC-XP.06","","Sun Nov 10 01:22:53 GMT 2024","passed","Sun Nov 10 01:22:53 GMT 2024","","ITERATIVE-CHAINING","ITERATIVE-CHAINING",""
"","2","C1-GROUNDED-BASIC.05","","Sun Nov 10 00:46:20 GMT 2024","passed","Sun Nov 10 00:46:20 GMT 2024","","QUICK","QUICK",""
"","10","METTALOGTESTCURRIED2.07","","Sun Nov 10 00:44:09 GMT 2024","passed","Sun Nov 10 00:44:09 GMT 2024","","ANTI-REGRESSION","ANTI-REGRESSION",""
"","2","C1-GROUNDED-BASIC.11","","Sun Nov 10 00:36:30 GMT 2024","passed","Sun Nov 10 00:36:30 GMT 2024","","HYPERON-EXPERIMENTAL-SCRIPTS","HYPERON-EXPERIMENTAL-SCRIPTS",""
"","77","D2-HIGHERFUNC.07","","Sun Nov 10 00:46:20 GMT 2024","failed","Sun Nov 10 00:46:20 GMT 2024","","QUICK","QUICK",""
"","3","C3-PLN-STV.01","","Sun Nov 10 00:36:30 GMT 2024","passed","Sun Nov 10 00:36:30 GMT 2024","","HYPERON-EXPERIMENTAL-SCRIPTS","HYPERON-EXPERIMENTAL-SCRIPTS",""
"","1160","RED-BLACK.01","","Sun Nov 10 01:08:08 GMT 2024","passed","Sun Nov 10 01:08:09 GMT 2024","","RED-BLACK-LAMBDA","RED-BLACK-LAMBDA",""
"","99","SUBTYPING-TEST.05","","Sun Nov 10 01:25:43 GMT 2024","failed","Sun Nov 10 01:25:43 GMT 2024","","SUBTYPING","SUBTYPING",""
"","2","TESTS3.01","","Sun Nov 10 00:46:49 GMT 2024","passed","Sun Nov 10 00:46:49 GMT 2024","","MAIN-BRANCH","MAIN-BRANCH",""
"","2","C1-GROUNDED-BASIC.09","","Sun Nov 10 00:46:20 GMT 2024","passed","Sun Nov 10 00:46:20 GMT 2024","","QUICK","QUICK",""
"","2","ADD-REMOVE-MATCH-S-SYMBOLS.03","","Sun Nov 10 00:53:36 GMT 2024","passed","Sun Nov 10 00:53:36 GMT 2024","","SPACES","SPACES",""
"","2","IFC-XP.04","","Sun Nov 10 01:22:53 GMT 2024","passed","Sun Nov 10 01:22:53 GMT 2024","","ITERATIVE-CHAINING","ITERATIVE-CHAINING",""
"","6","DEBUG-METTALOGTESTCURRIED.05","","Sun Nov 10 01:49:54 GMT 2024","passed","Sun Nov 10 01:49:54 GMT 2024","","WALK-THRU","WALK-THRU",""
"","19","INF-CTL-MONTH-XP.08","","Sun Nov 10 01:20:51 GMT 2024","failed","Sun Nov 10 01:20:51 GMT 2024","","INFERENCE-CONTROL","INFERENCE-CONTROL",""
"","1305","TESTS3.02","","Sun Nov 10 00:46:49 GMT 2024","failed","Sun Nov 10 00:46:50 GMT 2024","","MAIN-BRANCH","MAIN-BRANCH",""
"","2","TESTS0.04","","Sun Nov 10 01:31:41 GMT 2024","passed","Sun Nov 10 01:31:41 GMT 2024","","CURRENT","CURRENT",""
"","2","TYPES-PRELIM.20","","Sun Nov 10 00:51:18 GMT 2024","passed","Sun Nov 10 00:51:18 GMT 2024","","CHAINING","CHAINING",""
"","403","IBC-XP.33","","Sun Nov 10 01:22:53 GMT 2024","failed","Sun Nov 10 01:22:53 GMT 2024","","ITERATIVE-CHAINING","ITERATIVE-CHAINING",""
"","3","FC-XP.11","","Sun Nov 10 01:19:34 GMT 2024","passed","Sun Nov 10 01:19:34 GMT 2024","","FORWARD-CHAINING","FORWARD-CHAINING",""
"","45000","nars_v0.tests3","","Sun Nov 10 00:36:26 GMT 2024","failed","Sun Nov 10 00:37:11 GMT 2024","","WHOLE-TESTS","WHOLE-TESTS",""
"","1","D1-GADT.14","","Sun Nov 10 00:46:20 GMT 2024","passed","Sun Nov 10 00:46:20 GMT 2024","","QUICK","QUICK",""
"","115","CREATION.02","","Sun Nov 10 01:09:46 GMT 2024","failed","Sun Nov 10 01:09:46 GMT 2024","","TRAVERSER","TRAVERSER",""
"","2","INTERSECTION-TESTS.22","","Sun Nov 10 00:38:07 GMT 2024","passed","Sun Nov 10 00:38:07 GMT 2024","","HYPERON-METTALOG-SANITY","HYPERON-METTALOG-SANITY",""
"","81","TOO-EAGER-MATH.01","","Sun Nov 10 01:57:33 GMT 2024","passed","Sun Nov 10 01:57:33 GMT 2024","","POSSIBLY-WRONG","POSSIBLY-WRONG",""
"","2","FORWARD-CHAINER-XP.22","","Sun Nov 10 01:19:25 GMT 2024","passed","Sun Nov 10 01:19:25 GMT 2024","","FORWARD-CHAINER","FORWARD-CHAINER",""
"","12","D3-DEPTYPES.04","","Sun Nov 10 01:12:50 GMT 2024","passed","Sun Nov 10 01:12:50 GMT 2024","","CHECK-TYPES","CHECK-TYPES",""
"","3","IFC-XP.18","","Sun Nov 10 01:22:53 GMT 2024","passed","Sun Nov 10 01:22:53 GMT 2024","","ITERATIVE-CHAINING","ITERATIVE-CHAINING",""
"","1","B4-NONDETERM.02","","Sun Nov 10 00:36:30 GMT 2024","passed","Sun Nov 10 00:36:30 GMT 2024","","HYPERON-EXPERIMENTAL-SCRIPTS","HYPERON-EXPERIMENTAL-SCRIPTS",""
"","126","ADD-REMOVE-MATCH-SS-STRINGS.14","","Sun Nov 10 00:53:36 GMT 2024","passed","Sun Nov 10 00:53:36 GMT 2024","","SPACES","SPACES",""
"","3","D4-TYPE-PROP.04","","Sun Nov 10 01:12:50 GMT 2024","passed","Sun Nov 10 01:12:50 GMT 2024","","CHECK-TYPES","CHECK-TYPES",""
"","3","QUERIES.02","","Sun Nov 10 01:09:05 GMT 2024","passed","Sun Nov 10 01:09:05 GMT 2024","","STRIPS-TO-METTA-IMPROVED","STRIPS-TO-METTA-IMPROVED",""
"","41000","iterators.combined","","Sun Nov 10 00:36:26 GMT 2024","failed","Sun Nov 10 00:37:07 GMT 2024","","WHOLE-TESTS","WHOLE-TESTS",""
"","2","OR-TEST.06","","Sun Nov 10 00:38:07 GMT 2024","passed","Sun Nov 10 00:38:07 GMT 2024","","HYPERON-METTALOG-SANITY","HYPERON-METTALOG-SANITY",""
"","2","ADD-REMOVE-MATCH-STRINGS.15","","Sun Nov 10 00:53:36 GMT 2024","passed","Sun Nov 10 00:53:36 GMT 2024","","SPACES","SPACES",""
"","2","CHAPTER-2-4.04","","Sun Nov 10 00:55:54 GMT 2024","passed","Sun Nov 10 00:55:54 GMT 2024","","SICP-BOOK","SICP-BOOK",""
"","1","TYPE-PROP.08","","Sun Nov 10 01:12:30 GMT 2024","passed","Sun Nov 10 01:12:30 GMT 2024","","CHECK-TYPES-TEMP","CHECK-TYPES-TEMP",""
"","2","OR-TEST.12","","Sun Nov 10 00:38:07 GMT 2024","passed","Sun Nov 10 00:38:07 GMT 2024","","HYPERON-METTALOG-SANITY","HYPERON-METTALOG-SANITY",""
"","14","D1-GADT.13","","Sun Nov 10 01:12:50 GMT 2024","passed","Sun Nov 10 01:12:50 GMT 2024","","CHECK-TYPES","CHECK-TYPES",""
"","930","BC-IMPL.03","","Sun Nov 10 01:49:54 GMT 2024","passed","Sun Nov 10 01:49:54 GMT 2024","","WALK-THRU","WALK-THRU",""
"","4000","polyward-chaining.pc-xp","","Sun Nov 10 00:36:26 GMT 2024","passed","Sun Nov 10 00:36:30 GMT 2024","","WHOLE-TESTS","WHOLE-TESTS",""
"","46000","current.tests2","","Sun Nov 10 00:36:26 GMT 2024","failed","Sun Nov 10 00:37:12 GMT 2024","","WHOLE-TESTS","WHOLE-TESTS",""
"","2","00-LANG-CASE.15","","Sun Nov 10 00:38:07 GMT 2024","passed","Sun Nov 10 00:38:07 GMT 2024","","HYPERON-METTALOG-SANITY","HYPERON-METTALOG-SANITY",""
"","2","SEQUENTIAL-NESTED.07","","Sun Nov 10 00:42:04 GMT 2024","passed","Sun Nov 10 00:42:04 GMT 2024","","METTA-MORPH-TESTS","METTA-MORPH-TESTS",""
"","2","FORWARD-CHAINER-XP.16","","Sun Nov 10 01:19:25 GMT 2024","passed","Sun Nov 10 01:19:25 GMT 2024","","FORWARD-CHAINER","FORWARD-CHAINER",""
"","2","TESTS0.03","","Sun Nov 10 01:44:34 GMT 2024","passed","Sun Nov 10 01:44:34 GMT 2024","","PREV","PREV",""
"","2","UNIFY-VIA-LET.04","","Sun Nov 10 01:27:30 GMT 2024","passed","Sun Nov 10 01:27:30 GMT 2024","","EXPERIMENTS","EXPERIMENTS",""
"","2","00-LANG-CASE.18","","Sun Nov 10 00:38:07 GMT 2024","passed","Sun Nov 10 00:38:07 GMT 2024","","HYPERON-METTALOG-SANITY","HYPERON-METTALOG-SANITY",""
"","15000","anti-regression.mettalogTestCurried","","Sun Nov 10 00:36:26 GMT 2024","failed","Sun Nov 10 00:36:41 GMT 2024","","WHOLE-TESTS","WHOLE-TESTS",""
"","4000","multidirectional.obif_clp","","Sun Nov 10 00:36:26 GMT 2024","passed","Sun Nov 10 00:36:30 GMT 2024","","WHOLE-TESTS","WHOLE-TESTS",""
"","2","GROUNDED-BASIC.01","","Sun Nov 10 00:54:18 GMT 2024","passed","Sun Nov 10 00:54:18 GMT 2024","","STD","STD",""
"","6000","nars_v0.tests0","","Sun Nov 10 00:36:26 GMT 2024","passed","Sun Nov 10 00:36:32 GMT 2024","","WHOLE-TESTS","WHOLE-TESTS",""
"","2","D2-HIGHERFUNC.06","","Sun Nov 10 01:12:50 GMT 2024","passed","Sun Nov 10 01:12:50 GMT 2024","","CHECK-TYPES","CHECK-TYPES",""
"","16","D1-GADT.09","","Sun Nov 10 00:36:30 GMT 2024","passed","Sun Nov 10 00:36:30 GMT 2024","","HYPERON-EXPERIMENTAL-SCRIPTS","HYPERON-EXPERIMENTAL-SCRIPTS",""
"","1","MATCH-SUPERPOSED-SPACES.05","","Sun Nov 10 00:42:04 GMT 2024","passed","Sun Nov 10 00:42:04 GMT 2024","","METTA-MORPH-TESTS","METTA-MORPH-TESTS",""
"","2","SUPERCOLLAPSE.02","","Sun Nov 10 00:42:04 GMT 2024","passed","Sun Nov 10 00:42:04 GMT 2024","","METTA-MORPH-TESTS","METTA-MORPH-TESTS",""
"","2","TMPMATCH1.02","","Sun Nov 10 01:49:54 GMT 2024","passed","Sun Nov 10 01:49:54 GMT 2024","","WALK-THRU","WALK-THRU",""
"","4000","spaces.add-remove-match-integer","","Sun Nov 10 00:36:26 GMT 2024","passed","Sun Nov 10 00:36:30 GMT 2024","","WHOLE-TESTS","WHOLE-TESTS",""
"","2","TMPMATCH1.01","","Sun Nov 10 01:49:54 GMT 2024","passed","Sun Nov 10 01:49:54 GMT 2024","","WALK-THRU","WALK-THRU",""
"","203","IFC-XP.25","","Sun Nov 10 01:22:53 GMT 2024","failed","Sun Nov 10 01:22:53 GMT 2024","","ITERATIVE-CHAINING","ITERATIVE-CHAINING",""
"","2","NATPARITYTEST.16","","Sun Nov 10 01:19:39 GMT 2024","passed","Sun Nov 10 01:19:39 GMT 2024","","HOL","HOL",""
"","39","CHAPTER-2-2.07","","Sun Nov 10 00:55:54 GMT 2024","failed","Sun Nov 10 00:55:54 GMT 2024","","SICP-BOOK","SICP-BOOK",""
"","2","D1-GADT.14","","Sun Nov 10 00:36:30 GMT 2024","passed","Sun Nov 10 00:36:30 GMT 2024","","HYPERON-EXPERIMENTAL-SCRIPTS","HYPERON-EXPERIMENTAL-SCRIPTS",""
"","2","D2-HIGHERFUNC.05","","Sun Nov 10 00:46:20 GMT 2024","passed","Sun Nov 10 00:46:20 GMT 2024","","QUICK","QUICK",""
"","2","TYPES2.05","","Sun Nov 10 00:42:04 GMT 2024","passed","Sun Nov 10 00:42:04 GMT 2024","","METTA-MORPH-TESTS","METTA-MORPH-TESTS",""
"","2","ADD-REMOVE-MATCH-SS-STRINGS.01","","Sun Nov 10 00:53:36 GMT 2024","passed","Sun Nov 10 00:53:36 GMT 2024","","SPACES","SPACES",""
"","45000","new.tests2","","Sun Nov 10 00:36:26 GMT 2024","failed","Sun Nov 10 00:37:11 GMT 2024","","WHOLE-TESTS","WHOLE-TESTS",""
"","2","IBC-XP.30","","Sun Nov 10 01:22:53 GMT 2024","passed","Sun Nov 10 01:22:53 GMT 2024","","ITERATIVE-CHAINING","ITERATIVE-CHAINING",""
"","1","00-LANG-CASE.02","","Sun Nov 10 00:38:07 GMT 2024","passed","Sun Nov 10 00:38:07 GMT 2024","","HYPERON-METTALOG-SANITY","HYPERON-METTALOG-SANITY",""
"","210","SYNTHESIZE-VIA-UNIFY-TEST.03","","Sun Nov 10 01:27:30 GMT 2024","failed","Sun Nov 10 01:27:30 GMT 2024","","EXPERIMENTS","EXPERIMENTS",""
"","2","CHAPTER-1-1.17","","Sun Nov 10 00:55:54 GMT 2024","passed","Sun Nov 10 00:55:54 GMT 2024","","SICP-BOOK","SICP-BOOK",""
"","1","BACKWARD-CHAINER-XP.37","","Sun Nov 10 01:16:41 GMT 2024","passed","Sun Nov 10 01:16:41 GMT 2024","","BACKWARD-CHAINER","BACKWARD-CHAINER",""
"","3","TYPES.01","","Sun Nov 10 00:42:04 GMT 2024","passed","Sun Nov 10 00:42:04 GMT 2024","","METTA-MORPH-TESTS","METTA-MORPH-TESTS",""
"","2","D1-GADT.11","","Sun Nov 10 01:12:50 GMT 2024","passed","Sun Nov 10 01:12:50 GMT 2024","","CHECK-TYPES","CHECK-TYPES",""
"","2","TESTS0.03","","Sun Nov 10 00:42:04 GMT 2024","passed","Sun Nov 10 00:42:04 GMT 2024","","METTA-MORPH-TESTS","METTA-MORPH-TESTS",""
"","4000","hyperon-experimental_scripts.c1_grounded_basic","","Sun Nov 10 00:36:26 GMT 2024","passed","Sun Nov 10 00:36:30 GMT 2024","","WHOLE-TESTS","WHOLE-TESTS",""
"","2","BCHAIN-COMP.03","","Sun Nov 10 01:49:54 GMT 2024","passed","Sun Nov 10 01:49:54 GMT 2024","","WALK-THRU","WALK-THRU",""
"","3","ADD-REMOVE-MATCH-S-STRINGS.16","","Sun Nov 10 00:53:36 GMT 2024","passed","Sun Nov 10 00:53:36 GMT 2024","","SPACES","SPACES",""
"","132","TESTS0.04","","Sun Nov 10 00:46:49 GMT 2024","passed","Sun Nov 10 00:46:49 GMT 2024","","MAIN-BRANCH","MAIN-BRANCH",""
"","2","ADD-REMOVE-MATCH-SS-STRINGS.06","","Sun Nov 10 00:53:36 GMT 2024","passed","Sun Nov 10 00:53:36 GMT 2024","","SPACES","SPACES",""
"","2","LET-SUPERPOSE-IF-CASE.02","","Sun Nov 10 00:42:04 GMT 2024","passed","Sun Nov 10 00:42:04 GMT 2024","","METTA-MORPH-TESTS","METTA-MORPH-TESTS",""
"","169","BASIC.03","","Sun Nov 10 01:09:46 GMT 2024","passed","Sun Nov 10 01:09:46 GMT 2024","","TRAVERSER","TRAVERSER",""
"","2","STRING-TESTS.17","","Sun Nov 10 00:38:07 GMT 2024","passed","Sun Nov 10 00:38:07 GMT 2024","","HYPERON-METTALOG-SANITY","HYPERON-METTALOG-SANITY",""
"","2","C1-GROUNDED-BASIC.10","","Sun Nov 10 00:46:20 GMT 2024","passed","Sun Nov 10 00:46:20 GMT 2024","","QUICK","QUICK",""
"","3","ADD-REMOVE-MATCH-SS-STRINGS.09","","Sun Nov 10 00:53:36 GMT 2024","passed","Sun Nov 10 00:53:36 GMT 2024","","SPACES","SPACES",""
"","2","BACKWARD-CHAINER-XP.29","","Sun Nov 10 01:16:41 GMT 2024","passed","Sun Nov 10 01:16:41 GMT 2024","","BACKWARD-CHAINER","BACKWARD-CHAINER",""
"","2","LISTTEST.18","","Sun Nov 10 01:16:54 GMT 2024","passed","Sun Nov 10 01:16:54 GMT 2024","","COMMON","COMMON",""
"","3","IS-SPACE.01","","Sun Nov 10 00:38:07 GMT 2024","passed","Sun Nov 10 00:38:07 GMT 2024","","HYPERON-METTALOG-SANITY","HYPERON-METTALOG-SANITY",""
"","5000","hyperon-mettalog_sanity.sealed_test","","Sun Nov 10 00:36:26 GMT 2024","passed","Sun Nov 10 00:36:31 GMT 2024","","WHOLE-TESTS","WHOLE-TESTS",""
"","2","STDLIB-METTALOG-TEST-PT2.50","","Sun Nov 10 00:55:44 GMT 2024","passed","Sun Nov 10 00:55:44 GMT 2024","","STDLIB-METTALOG","STDLIB-METTALOG",""
"","1","TESTS1-PRE.07","","Sun Nov 10 00:46:49 GMT 2024","passed","Sun Nov 10 00:46:49 GMT 2024","","MAIN-BRANCH","MAIN-BRANCH",""
"","58","IMPLICATIONDIRECTINTRODUCTIONDTLTEST.01","","Sun Nov 10 01:15:33 GMT 2024","failed","Sun Nov 10 01:15:33 GMT 2024","","DEPENDENT-TYPES","DEPENDENT-TYPES",""
"","2","D3-DEPTYPES.05","","Sun Nov 10 01:12:50 GMT 2024","passed","Sun Nov 10 01:12:50 GMT 2024","","CHECK-TYPES","CHECK-TYPES",""
"","14","HYPERON-EXPERIMENTAL-ISSUE-481.03","","Sun Nov 10 01:53:13 GMT 2024","passed","Sun Nov 10 01:53:13 GMT 2024","","DEBUGGING","DEBUGGING",""
"","2","IBC-XP.12","","Sun Nov 10 01:22:53 GMT 2024","passed","Sun Nov 10 01:22:53 GMT 2024","","ITERATIVE-CHAINING","ITERATIVE-CHAINING",""
"","2","A3-TWOSIDE.01","","Sun Nov 10 00:36:30 GMT 2024","passed","Sun Nov 10 00:36:30 GMT 2024","","HYPERON-EXPERIMENTAL-SCRIPTS","HYPERON-EXPERIMENTAL-SCRIPTS",""
"","2","F1-IMPORTS.01","","Sun Nov 10 00:36:20 GMT 2024","passed","Sun Nov 10 00:36:20 GMT 2024","","MODULE-SYSTEM","MODULE-SYSTEM",""
"","42","IFC-XP.32","","Sun Nov 10 01:22:53 GMT 2024","failed","Sun Nov 10 01:22:53 GMT 2024","","ITERATIVE-CHAINING","ITERATIVE-CHAINING",""
"","3","TYPES2.01","","Sun Nov 10 00:42:04 GMT 2024","passed","Sun Nov 10 00:42:04 GMT 2024","","METTA-MORPH-TESTS","METTA-MORPH-TESTS",""
"","40000","current.tests1","","Sun Nov 10 00:36:26 GMT 2024","failed","Sun Nov 10 00:37:06 GMT 2024","","WHOLE-TESTS","WHOLE-TESTS",""
"","2","IMPL-METTALOGTESTCURRIED.12","","Sun Nov 10 01:49:54 GMT 2024","passed","Sun Nov 10 01:49:54 GMT 2024","","WALK-THRU","WALK-THRU",""
"","2","D2-HIGHERFUNC.10","","Sun Nov 10 01:12:50 GMT 2024","passed","Sun Nov 10 01:12:50 GMT 2024","","CHECK-TYPES","CHECK-TYPES",""
"","9000","dependent-types.MinerCurriedDTLTest","","Sun Nov 10 00:36:26 GMT 2024","passed","Sun Nov 10 00:36:35 GMT 2024","","WHOLE-TESTS","WHOLE-TESTS",""
"","2","INF-CTL-MONTH-XP.03","","Sun Nov 10 01:20:51 GMT 2024","passed","Sun Nov 10 01:20:51 GMT 2024","","INFERENCE-CONTROL","INFERENCE-CONTROL",""
"","605","SELF-CONTAINED-SYNTHESIZE.01","","Sun Nov 10 01:27:30 GMT 2024","failed","Sun Nov 10 01:27:30 GMT 2024","","EXPERIMENTS","EXPERIMENTS",""
"","2","SPACE-SUBTRACTION-TESTS.06","","Sun Nov 10 00:38:07 GMT 2024","passed","Sun Nov 10 00:38:07 GMT 2024","","HYPERON-METTALOG-SANITY","HYPERON-METTALOG-SANITY",""
"","2","BCHAIN-COMP.05","","Sun Nov 10 00:44:09 GMT 2024","passed","Sun Nov 10 00:44:09 GMT 2024","","ANTI-REGRESSION","ANTI-REGRESSION",""
"","2","E2-STATES.10","","Sun Nov 10 01:12:50 GMT 2024","passed","Sun Nov 10 01:12:50 GMT 2024","","CHECK-TYPES","CHECK-TYPES",""
"","2","TYPE-PROP.71","","Sun Nov 10 01:12:30 GMT 2024","passed","Sun Nov 10 01:12:30 GMT 2024","","CHECK-TYPES-TEMP","CHECK-TYPES-TEMP",""
"","2","D2-HIGHERFUNC.05","","Sun Nov 10 01:12:50 GMT 2024","passed","Sun Nov 10 01:12:50 GMT 2024","","CHECK-TYPES","CHECK-TYPES",""
"","2","FC-XP.08","","Sun Nov 10 01:19:34 GMT 2024","passed","Sun Nov 10 01:19:34 GMT 2024","","FORWARD-CHAINING","FORWARD-CHAINING",""
"","1","HYPERPOSING-UNSHARED.07","","Sun Nov 10 01:58:35 GMT 2024","passed","Sun Nov 10 01:58:35 GMT 2024","","BASIC","BASIC",""
"","3","CURRIED-CHAINER.06","","Sun Nov 10 01:17:31 GMT 2024","passed","Sun Nov 10 01:17:31 GMT 2024","","CURRIED-CHAINING","CURRIED-CHAINING",""
"","1","INF-CTL-MONTH-BC-CONT-XP.23","","Sun Nov 10 01:20:51 GMT 2024","passed","Sun Nov 10 01:20:51 GMT 2024","","INFERENCE-CONTROL","INFERENCE-CONTROL",""
"","4000","hyperon-mettalog_sanity.unique_test","","Sun Nov 10 00:36:26 GMT 2024","passed","Sun Nov 10 00:36:30 GMT 2024","","WHOLE-TESTS","WHOLE-TESTS",""
"","2","STDLIB-METTALOG-TEST-PT2.09","","Sun Nov 10 00:55:44 GMT 2024","passed","Sun Nov 10 00:55:44 GMT 2024","","STDLIB-METTALOG","STDLIB-METTALOG",""
"","11","D3-DEPTYPES.04","","Sun Nov 10 00:36:30 GMT 2024","passed","Sun Nov 10 00:36:30 GMT 2024","","HYPERON-EXPERIMENTAL-SCRIPTS","HYPERON-EXPERIMENTAL-SCRIPTS",""
"","5000","features.represent_and_parse_tests","","Sun Nov 10 00:36:26 GMT 2024","passed","Sun Nov 10 00:36:31 GMT 2024","","WHOLE-TESTS","WHOLE-TESTS",""
"","2","CML-UNSHARED.02","","Sun Nov 10 01:58:35 GMT 2024","passed","Sun Nov 10 01:58:35 GMT 2024","","BASIC","BASIC",""
"","2","SYNTHESIZE-VIA-TYPE-CHECKING.07","","Sun Nov 10 01:27:30 GMT 2024","passed","Sun Nov 10 01:27:30 GMT 2024","","EXPERIMENTS","EXPERIMENTS",""
"","17000","nondet_unify.run","","Sun Nov 10 00:36:26 GMT 2024","passed","Sun Nov 10 00:36:43 GMT 2024","","WHOLE-TESTS","WHOLE-TESTS",""
"","2","ADD-REMOVE-MATCH-SS-STRINGS.10","","Sun Nov 10 00:53:36 GMT 2024","passed","Sun Nov 10 00:53:36 GMT 2024","","SPACES","SPACES",""
"","60","IMPL-METTALOGTESTCURRIED.09","","Sun Nov 10 01:49:54 GMT 2024","passed","Sun Nov 10 01:49:54 GMT 2024","","WALK-THRU","WALK-THRU",""
"","46","BACKWARD-CHAINER-XP.01","","Sun Nov 10 01:16:41 GMT 2024","failed","Sun Nov 10 01:16:41 GMT 2024","","BACKWARD-CHAINER","BACKWARD-CHAINER",""
"","112","SPACE-INTERSECTION-TESTS.10","","Sun Nov 10 00:38:07 GMT 2024","failed","Sun Nov 10 00:38:07 GMT 2024","","HYPERON-METTALOG-SANITY","HYPERON-METTALOG-SANITY",""
"","4000","metta-morph_tests.if","","Sun Nov 10 00:36:26 GMT 2024","passed","Sun Nov 10 00:36:30 GMT 2024","","WHOLE-TESTS","WHOLE-TESTS",""
"","2","ADD-REMOVE-MATCH-S-STRINGS.11","","Sun Nov 10 00:53:36 GMT 2024","passed","Sun Nov 10 00:53:36 GMT 2024","","SPACES","SPACES",""
"","2","SUBTRACTION-TEST.02","","Sun Nov 10 00:38:07 GMT 2024","passed","Sun Nov 10 00:38:07 GMT 2024","","HYPERON-METTALOG-SANITY","HYPERON-METTALOG-SANITY",""
"","11053","NILS-IF-CONTROL-TEST-2.03","","Sun Nov 10 02:04:52 GMT 2024","passed","Sun Nov 10 02:05:03 GMT 2024","","COMPARISONS","COMPARISONS",""
"","118","TESTS0.01","","Sun Nov 10 01:44:34 GMT 2024","passed","Sun Nov 10 01:44:34 GMT 2024","","PREV","PREV",""
"","2","ADD-REMOVE-MATCH-MIX-FLOAT-INTEGER.04","","Sun Nov 10 00:53:36 GMT 2024","passed","Sun Nov 10 00:53:36 GMT 2024","","SPACES","SPACES",""
"","1","EVIDENTIALTRUTHVALUETEST.03","","Sun Nov 10 01:17:22 GMT 2024","passed","Sun Nov 10 01:17:22 GMT 2024","","TRUTHVALUE","TRUTHVALUE",""
"","2","PREREQS.05","","Sun Nov 10 00:46:49 GMT 2024","passed","Sun Nov 10 00:46:49 GMT 2024","","MAIN-BRANCH","MAIN-BRANCH",""
"","2","A1-SYMBOLS.02","","Sun Nov 10 00:36:30 GMT 2024","passed","Sun Nov 10 00:36:30 GMT 2024","","HYPERON-EXPERIMENTAL-SCRIPTS","HYPERON-EXPERIMENTAL-SCRIPTS",""
"","43","FORWARD-CHAINER-TEST.13","","Sun Nov 10 01:19:25 GMT 2024","failed","Sun Nov 10 01:19:25 GMT 2024","","FORWARD-CHAINER","FORWARD-CHAINER",""
"","2","TYPE-PROP.04","","Sun Nov 10 01:12:30 GMT 2024","passed","Sun Nov 10 01:12:30 GMT 2024","","CHECK-TYPES-TEMP","CHECK-TYPES-TEMP",""
"","3","D4-TYPE-PROP.01","","Sun Nov 10 01:12:50 GMT 2024","passed","Sun Nov 10 01:12:50 GMT 2024","","CHECK-TYPES","CHECK-TYPES",""
"","2","D2-HIGHERFUNC.11","","Sun Nov 10 00:46:20 GMT 2024","passed","Sun Nov 10 00:46:20 GMT 2024","","QUICK","QUICK",""
"","2","D4-TYPE-PROP.17","","Sun Nov 10 00:36:30 GMT 2024","passed","Sun Nov 10 00:36:30 GMT 2024","","HYPERON-EXPERIMENTAL-SCRIPTS","HYPERON-EXPERIMENTAL-SCRIPTS",""
"","2","BC-XP.11","","Sun Nov 10 01:16:45 GMT 2024","passed","Sun Nov 10 01:16:45 GMT 2024","","BACKWARD-CHAINING","BACKWARD-CHAINING",""
"","2","SUBTRACTION-TEST.03","","Sun Nov 10 00:38:07 GMT 2024","passed","Sun Nov 10 00:38:07 GMT 2024","","HYPERON-METTALOG-SANITY","HYPERON-METTALOG-SANITY",""
"","1","C1-GROUNDED-BASIC.16","","Sun Nov 10 00:36:30 GMT 2024","passed","Sun Nov 10 00:36:30 GMT 2024","","HYPERON-EXPERIMENTAL-SCRIPTS","HYPERON-EXPERIMENTAL-SCRIPTS",""
"","3","INF-CTL-MONTH-BC-XP.01","","Sun Nov 10 01:20:51 GMT 2024","passed","Sun Nov 10 01:20:51 GMT 2024","","INFERENCE-CONTROL","INFERENCE-CONTROL",""
"","45000","new.tests5","","Sun Nov 10 00:36:26 GMT 2024","failed","Sun Nov 10 00:37:11 GMT 2024","","WHOLE-TESTS","WHOLE-TESTS",""
"","2","STRING-TESTS.11","","Sun Nov 10 00:38:07 GMT 2024","passed","Sun Nov 10 00:38:07 GMT 2024","","HYPERON-METTALOG-SANITY","HYPERON-METTALOG-SANITY",""
"","21000","comparisons.nils_if_control_test_6","","Sun Nov 10 00:36:26 GMT 2024","passed","Sun Nov 10 00:36:47 GMT 2024","","WHOLE-TESTS","WHOLE-TESTS",""
"","2","PC-XP.04","","Sun Nov 10 01:25:38 GMT 2024","passed","Sun Nov 10 01:25:38 GMT 2024","","POLYWARD-CHAINING","POLYWARD-CHAINING",""
"","4000","forward-chainer.forward-chainer-xp","","Sun Nov 10 00:36:26 GMT 2024","passed","Sun Nov 10 00:36:30 GMT 2024","","WHOLE-TESTS","WHOLE-TESTS",""
"","22","INF-CTL-MONTH-XP.06","","Sun Nov 10 01:20:51 GMT 2024","failed","Sun Nov 10 01:20:51 GMT 2024","","INFERENCE-CONTROL","INFERENCE-CONTROL",""
"","2","ADD-REMOVE-MATCH-FLOAT.15","","Sun Nov 10 00:53:36 GMT 2024","passed","Sun Nov 10 00:53:36 GMT 2024","","SPACES","SPACES",""
"","71","B4-NONDETERM.03","","Sun Nov 10 00:36:30 GMT 2024","passed","Sun Nov 10 00:36:30 GMT 2024","","HYPERON-EXPERIMENTAL-SCRIPTS","HYPERON-EXPERIMENTAL-SCRIPTS",""
"","2","FORWARD-CHAINER-XP.14","","Sun Nov 10 01:19:25 GMT 2024","passed","Sun Nov 10 01:19:25 GMT 2024","","FORWARD-CHAINER","FORWARD-CHAINER",""
"","5000","quick.d2_higherfunc","","Sun Nov 10 00:36:26 GMT 2024","passed","Sun Nov 10 00:36:31 GMT 2024","","WHOLE-TESTS","WHOLE-TESTS",""
"","2","C1-GROUNDED-BASIC.04","","Sun Nov 10 00:46:20 GMT 2024","passed","Sun Nov 10 00:46:20 GMT 2024","","QUICK","QUICK",""
"","101","STATE-TYPES.02","","Sun Nov 10 01:58:35 GMT 2024","failed","Sun Nov 10 01:58:35 GMT 2024","","BASIC","BASIC",""
"","40000","dependent-types.MinerDTL1Test","","Sun Nov 10 00:36:26 GMT 2024","failed","Sun Nov 10 00:37:06 GMT 2024","","WHOLE-TESTS","WHOLE-TESTS",""
"","2","F1-IMPORTS.14","","Sun Nov 10 00:46:20 GMT 2024","passed","Sun Nov 10 00:46:20 GMT 2024","","QUICK","QUICK",""
"","122","TESTS0.01","","Sun Nov 10 01:36:45 GMT 2024","passed","Sun Nov 10 01:36:45 GMT 2024","","NARS-V0","NARS-V0",""
"","3","E2-STATES.12","","Sun Nov 10 00:36:30 GMT 2024","passed","Sun Nov 10 00:36:30 GMT 2024","","HYPERON-EXPERIMENTAL-SCRIPTS","HYPERON-EXPERIMENTAL-SCRIPTS",""
"","294","SELF-CONTAINED-SYNTHESIZE.10","","Sun Nov 10 01:27:30 GMT 2024","failed","Sun Nov 10 01:27:30 GMT 2024","","EXPERIMENTS","EXPERIMENTS",""
"","81","ADD-REMOVE-MATCH-STRINGS.16","","Sun Nov 10 00:53:36 GMT 2024","failed","Sun Nov 10 00:53:36 GMT 2024","","SPACES","SPACES",""
"","78","TYPE-PROP.82","","Sun Nov 10 01:12:30 GMT 2024","failed","Sun Nov 10 01:12:30 GMT 2024","","CHECK-TYPES-TEMP","CHECK-TYPES-TEMP",""
"","3","BACKWARD-CHAINER-XP.43","","Sun Nov 10 01:16:41 GMT 2024","passed","Sun Nov 10 01:16:41 GMT 2024","","BACKWARD-CHAINER","BACKWARD-CHAINER",""
"","3","CHAINING-PRELIM.02","","Sun Nov 10 00:51:18 GMT 2024","passed","Sun Nov 10 00:51:18 GMT 2024","","CHAINING","CHAINING",""
"","40000","SICP_book.chapter_1_3","","Sun Nov 10 00:36:26 GMT 2024","failed","Sun Nov 10 00:37:06 GMT 2024","","WHOLE-TESTS","WHOLE-TESTS",""
"","3","TYPE-PROP.30","","Sun Nov 10 01:12:30 GMT 2024","passed","Sun Nov 10 01:12:30 GMT 2024","","CHECK-TYPES-TEMP","CHECK-TYPES-TEMP",""
"","2","D4-TYPE-PROP.11","","Sun Nov 10 01:12:50 GMT 2024","passed","Sun Nov 10 01:12:50 GMT 2024","","CHECK-TYPES","CHECK-TYPES",""
"","45000","prev.tests4","","Sun Nov 10 00:36:26 GMT 2024","failed","Sun Nov 10 00:37:11 GMT 2024","","WHOLE-TESTS","WHOLE-TESTS",""
"","4000","metta-morph_tests.multifunction","","Sun Nov 10 00:36:26 GMT 2024","passed","Sun Nov 10 00:36:30 GMT 2024","","WHOLE-TESTS","WHOLE-TESTS",""
"","2","STRING-TESTS.05","","Sun Nov 10 00:38:07 GMT 2024","passed","Sun Nov 10 00:38:07 GMT 2024","","HYPERON-METTALOG-SANITY","HYPERON-METTALOG-SANITY",""
"","54","NATSTANDALONETEST.15","","Sun Nov 10 01:19:39 GMT 2024","failed","Sun Nov 10 01:19:39 GMT 2024","","HOL","HOL",""
"","731","GENE-QUERY.01","","Sun Nov 10 01:12:22 GMT 2024","passed","Sun Nov 10 01:12:22 GMT 2024","","QUERY","QUERY",""
"","1","HYPERPOSING-SHARED.07","","Sun Nov 10 01:58:35 GMT 2024","passed","Sun Nov 10 01:58:35 GMT 2024","","BASIC","BASIC",""
"","5000","equal.DeductionEqualTest","","Sun Nov 10 00:36:26 GMT 2024","passed","Sun Nov 10 00:36:31 GMT 2024","","WHOLE-TESTS","WHOLE-TESTS",""
"","70","F1-IMPORTS.13","","Sun Nov 10 00:46:20 GMT 2024","failed","Sun Nov 10 00:46:20 GMT 2024","","QUICK","QUICK",""
"","2","INTERSECTION-TESTS.03","","Sun Nov 10 00:38:07 GMT 2024","passed","Sun Nov 10 00:38:07 GMT 2024","","HYPERON-METTALOG-SANITY","HYPERON-METTALOG-SANITY",""
"","2","SYNTHESIZE-VIA-SUPERPOSE.02","","Sun Nov 10 01:27:30 GMT 2024","passed","Sun Nov 10 01:27:30 GMT 2024","","EXPERIMENTS","EXPERIMENTS",""
"","2","D2-HIGHERFUNC.09","","Sun Nov 10 01:12:50 GMT 2024","passed","Sun Nov 10 01:12:50 GMT 2024","","CHECK-TYPES","CHECK-TYPES",""
"","2","NILS-IF-CONTROL-TEST-2.02","","Sun Nov 10 02:04:52 GMT 2024","passed","Sun Nov 10 02:04:52 GMT 2024","","COMPARISONS","COMPARISONS",""
"","4000","walk_thru.mettalogTestCurried2","","Sun Nov 10 00:36:26 GMT 2024","passed","Sun Nov 10 00:36:30 GMT 2024","","WHOLE-TESTS","WHOLE-TESTS",""
"","2","IMPLICATIONDIRECTINTRODUCTIONENTAILTEST.05","","Sun Nov 10 01:19:04 GMT 2024","passed","Sun Nov 10 01:19:04 GMT 2024","","ENTAIL","ENTAIL",""
"","3","PEANO.01","","Sun Nov 10 00:42:04 GMT 2024","passed","Sun Nov 10 00:42:04 GMT 2024","","METTA-MORPH-TESTS","METTA-MORPH-TESTS",""
"","2","B5-TYPES-PRELIM.25","","Sun Nov 10 01:12:30 GMT 2024","passed","Sun Nov 10 01:12:30 GMT 2024","","CHECK-TYPES-TEMP","CHECK-TYPES-TEMP",""
"","2","C2-SPACES.03","","Sun Nov 10 00:36:20 GMT 2024","passed","Sun Nov 10 00:36:20 GMT 2024","","MODULE-SYSTEM","MODULE-SYSTEM",""
"","3","FLIP-TEST.01","","Sun Nov 10 00:38:07 GMT 2024","passed","Sun Nov 10 00:38:07 GMT 2024","","HYPERON-METTALOG-SANITY","HYPERON-METTALOG-SANITY",""
"","2","OBIF-EASY.02","","Sun Nov 10 01:56:13 GMT 2024","passed","Sun Nov 10 01:56:13 GMT 2024","","MULTIDIRECTIONAL","MULTIDIRECTIONAL",""
"","4000","hyperon-mettalog_sanity.00_lang_case","","Sun Nov 10 00:36:26 GMT 2024","passed","Sun Nov 10 00:36:30 GMT 2024","","WHOLE-TESTS","WHOLE-TESTS",""
"","237","IMPLICATIONDIRECTINTRODUCTIONDTLTEST.14","","Sun Nov 10 01:15:33 GMT 2024","passed","Sun Nov 10 01:15:33 GMT 2024","","DEPENDENT-TYPES","DEPENDENT-TYPES",""
"","4000","aunt-kg.baseline_formulation","","Sun Nov 10 00:36:26 GMT 2024","passed","Sun Nov 10 00:36:30 GMT 2024","","WHOLE-TESTS","WHOLE-TESTS",""
"","5","TYPE-PROP.72","","Sun Nov 10 01:12:30 GMT 2024","passed","Sun Nov 10 01:12:30 GMT 2024","","CHECK-TYPES-TEMP","CHECK-TYPES-TEMP",""
"","3","TYPE-PROP.56","","Sun Nov 10 01:12:30 GMT 2024","passed","Sun Nov 10 01:12:30 GMT 2024","","CHECK-TYPES-TEMP","CHECK-TYPES-TEMP",""
"","4000","std.nondeterm","","Sun Nov 10 00:36:26 GMT 2024","passed","Sun Nov 10 00:36:30 GMT 2024","","WHOLE-TESTS","WHOLE-TESTS",""
"","5000","SICP_book.chapter_2_4","","Sun Nov 10 00:36:26 GMT 2024","passed","Sun Nov 10 00:36:31 GMT 2024","","WHOLE-TESTS","WHOLE-TESTS",""
"","104","TOO-EAGER-MATH.03","","Sun Nov 10 01:57:33 GMT 2024","passed","Sun Nov 10 01:57:33 GMT 2024","","POSSIBLY-WRONG","POSSIBLY-WRONG",""
"","2","ADD-REMOVE-MATCH-FLOAT.09","","Sun Nov 10 00:53:36 GMT 2024","passed","Sun Nov 10 00:53:36 GMT 2024","","SPACES","SPACES",""
"","35","INF-CTL-MONTH-XP.11","","Sun Nov 10 01:20:51 GMT 2024","failed","Sun Nov 10 01:20:51 GMT 2024","","INFERENCE-CONTROL","INFERENCE-CONTROL",""
"","88","MEMB.01","","Sun Nov 10 01:03:52 GMT 2024","failed","Sun Nov 10 01:03:52 GMT 2024","","LOGIC","LOGIC",""
"","139","SHOW-TYPE.07","","Sun Nov 10 00:53:22 GMT 2024","failed","Sun Nov 10 00:53:22 GMT 2024","","INTROSPECT","INTROSPECT",""
"","3","TYPE-PROP.01","","Sun Nov 10 01:12:30 GMT 2024","passed","Sun Nov 10 01:12:30 GMT 2024","","CHECK-TYPES-TEMP","CHECK-TYPES-TEMP",""
"","2","CHAPTER-2-4.10","","Sun Nov 10 00:55:54 GMT 2024","passed","Sun Nov 10 00:55:54 GMT 2024","","SICP-BOOK","SICP-BOOK",""
"","2","D1-GADT.10","","Sun Nov 10 01:12:50 GMT 2024","passed","Sun Nov 10 01:12:50 GMT 2024","","CHECK-TYPES","CHECK-TYPES",""
"","1","TMPMATCH2.04","","Sun Nov 10 00:44:09 GMT 2024","passed","Sun Nov 10 00:44:09 GMT 2024","","ANTI-REGRESSION","ANTI-REGRESSION",""
"","2","DEDUCTIONFORMULATEST.11","","Sun Nov 10 01:17:17 GMT 2024","passed","Sun Nov 10 01:17:17 GMT 2024","","FORMULA","FORMULA",""
"","2","ADD-REMOVE-MATCH-S-STRINGS.09","","Sun Nov 10 00:53:36 GMT 2024","passed","Sun Nov 10 00:53:36 GMT 2024","","SPACES","SPACES",""
"","5000","quick.c1_grounded_basic","","Sun Nov 10 00:36:26 GMT 2024","passed","Sun Nov 10 00:36:31 GMT 2024","","WHOLE-TESTS","WHOLE-TESTS",""
"","73","F1-IMPORTS.21","","Sun Nov 10 00:36:30 GMT 2024","passed","Sun Nov 10 00:36:30 GMT 2024","","HYPERON-EXPERIMENTAL-SCRIPTS","HYPERON-EXPERIMENTAL-SCRIPTS",""
"","95","C1-GROUNDED-BASIC.14","","Sun Nov 10 00:46:20 GMT 2024","failed","Sun Nov 10 00:46:20 GMT 2024","","QUICK","QUICK",""
"","2","IMPL-METTALOGTESTCURRIED.01","","Sun Nov 10 01:49:54 GMT 2024","passed","Sun Nov 10 01:49:54 GMT 2024","","WALK-THRU","WALK-THRU",""
"","3","D1-GADT.11","","Sun Nov 10 00:36:30 GMT 2024","passed","Sun Nov 10 00:36:30 GMT 2024","","HYPERON-EXPERIMENTAL-SCRIPTS","HYPERON-EXPERIMENTAL-SCRIPTS",""
"","2","ADD-REMOVE-MATCH-INTEGER.08","","Sun Nov 10 00:53:36 GMT 2024","passed","Sun Nov 10 00:53:36 GMT 2024","","SPACES","SPACES",""
"","2","F1-IMPORTS.20","","Sun Nov 10 00:46:20 GMT 2024","passed","Sun Nov 10 00:46:20 GMT 2024","","QUICK","QUICK",""
"","2","TYPE-PROP.77","","Sun Nov 10 01:12:30 GMT 2024","passed","Sun Nov 10 01:12:30 GMT 2024","","CHECK-TYPES-TEMP","CHECK-TYPES-TEMP",""
"","42","SUBTYPING-TEST.04","","Sun Nov 10 01:25:43 GMT 2024","passed","Sun Nov 10 01:25:43 GMT 2024","","SUBTYPING","SUBTYPING",""
"","5000","check_types.d4_type_prop","","Sun Nov 10 00:36:26 GMT 2024","passed","Sun Nov 10 00:36:31 GMT 2024","","WHOLE-TESTS","WHOLE-TESTS",""
"","3","CHAPTER-2-4.01","","Sun Nov 10 00:55:54 GMT 2024","passed","Sun Nov 10 00:55:54 GMT 2024","","SICP-BOOK","SICP-BOOK",""
"","39","STDLIB-METTALOG-TEST-PT2.18","","Sun Nov 10 00:55:44 GMT 2024","failed","Sun Nov 10 00:55:44 GMT 2024","","STDLIB-METTALOG","STDLIB-METTALOG",""
"","1","ADD-REMOVE-MATCH-S-STRINGS.06","","Sun Nov 10 00:53:36 GMT 2024","passed","Sun Nov 10 00:53:36 GMT 2024","","SPACES","SPACES",""
"","1","TYPES-PRELIM.06","","Sun Nov 10 00:51:18 GMT 2024","passed","Sun Nov 10 00:51:18 GMT 2024","","CHAINING","CHAINING",""
"","6000","typed-variables.enforced-types","","Sun Nov 10 00:36:26 GMT 2024","passed","Sun Nov 10 00:36:32 GMT 2024","","WHOLE-TESTS","WHOLE-TESTS",""
"","1","DEBUG-METTALOGTESTCURRIED.10","","Sun Nov 10 01:49:54 GMT 2024","passed","Sun Nov 10 01:49:54 GMT 2024","","WALK-THRU","WALK-THRU",""
"","4000","std.grounded_basic","","Sun Nov 10 00:36:26 GMT 2024","passed","Sun Nov 10 00:36:30 GMT 2024","","WHOLE-TESTS","WHOLE-TESTS",""
"","2","LISTTEST.15","","Sun Nov 10 01:16:54 GMT 2024","passed","Sun Nov 10 01:16:54 GMT 2024","","COMMON","COMMON",""
"","2","INF-CTL-MONTH-BC-CONT-XP.10","","Sun Nov 10 01:20:51 GMT 2024","passed","Sun Nov 10 01:20:51 GMT 2024","","INFERENCE-CONTROL","INFERENCE-CONTROL",""
"","4000","fizzbuzz.classical","","Sun Nov 10 00:36:26 GMT 2024","passed","Sun Nov 10 00:36:30 GMT 2024","","WHOLE-TESTS","WHOLE-TESTS",""
"","79","BASE-TEST-REPR-PARSE-INTERSECTION.02","","Sun Nov 10 00:38:07 GMT 2024","passed","Sun Nov 10 00:38:07 GMT 2024","","HYPERON-METTALOG-SANITY","HYPERON-METTALOG-SANITY",""
"","7000","match.DeductionImplicationDirectIntroductionMatchTest","","Sun Nov 10 00:36:26 GMT 2024","passed","Sun Nov 10 00:36:33 GMT 2024","","WHOLE-TESTS","WHOLE-TESTS",""
"","2","LISTTEST.17","","Sun Nov 10 01:16:54 GMT 2024","passed","Sun Nov 10 01:16:54 GMT 2024","","COMMON","COMMON",""
"","44","PC-XP.01","","Sun Nov 10 01:25:38 GMT 2024","failed","Sun Nov 10 01:25:38 GMT 2024","","POLYWARD-CHAINING","POLYWARD-CHAINING",""
"","22","KB-WRITE.01","","Sun Nov 10 00:54:18 GMT 2024","failed","Sun Nov 10 00:54:18 GMT 2024","","STD","STD",""
"","538","BC-XP.06","","Sun Nov 10 00:51:18 GMT 2024","failed","Sun Nov 10 00:51:18 GMT 2024","","CHAINING","CHAINING",""
"","2","STDLIB-METTALOG-TEST-PT2.47","","Sun Nov 10 00:55:44 GMT 2024","passed","Sun Nov 10 00:55:44 GMT 2024","","STDLIB-METTALOG","STDLIB-METTALOG",""
"","4","UTILS-TEST.01","","Sun Nov 10 01:16:37 GMT 2024","passed","Sun Nov 10 01:16:37 GMT 2024","","UTILS","UTILS",""
"","5000","common.InTest","","Sun Nov 10 00:36:26 GMT 2024","passed","Sun Nov 10 00:36:31 GMT 2024","","WHOLE-TESTS","WHOLE-TESTS",""
"","2","FORWARD-CHAINER-XP.26","","Sun Nov 10 01:19:25 GMT 2024","passed","Sun Nov 10 01:19:25 GMT 2024","","FORWARD-CHAINER","FORWARD-CHAINER",""
"","17","STDLIB-METTALOG-TEST-PT2.34","","Sun Nov 10 00:55:44 GMT 2024","failed","Sun Nov 10 00:55:44 GMT 2024","","STDLIB-METTALOG","STDLIB-METTALOG",""
"","2","TYPES-PRELIM.17","","Sun Nov 10 00:51:18 GMT 2024","passed","Sun Nov 10 00:51:18 GMT 2024","","CHAINING","CHAINING",""
"","2","SYNTHESIZE-VIA-TYPE-CHECKING.10","","Sun Nov 10 01:27:30 GMT 2024","passed","Sun Nov 10 01:27:30 GMT 2024","","EXPERIMENTS","EXPERIMENTS",""
"","3","SPACE-INTERSECTION-TESTS.19","","Sun Nov 10 00:38:07 GMT 2024","passed","Sun Nov 10 00:38:07 GMT 2024","","HYPERON-METTALOG-SANITY","HYPERON-METTALOG-SANITY",""
"","2","ADD-REMOVE-MATCH-MIX-FLOAT-INTEGER.08","","Sun Nov 10 00:53:36 GMT 2024","passed","Sun Nov 10 00:53:36 GMT 2024","","SPACES","SPACES",""
"","4000","introspect.show-space-self","","Sun Nov 10 00:36:26 GMT 2024","passed","Sun Nov 10 00:36:30 GMT 2024","","WHOLE-TESTS","WHOLE-TESTS",""
"","4000","basic.test_list_concatenation","","Sun Nov 10 00:36:26 GMT 2024","passed","Sun Nov 10 00:36:30 GMT 2024","","WHOLE-TESTS","WHOLE-TESTS",""
"","2","B0-CHAINING-PRELIM.02","","Sun Nov 10 00:36:30 GMT 2024","passed","Sun Nov 10 00:36:30 GMT 2024","","HYPERON-EXPERIMENTAL-SCRIPTS","HYPERON-EXPERIMENTAL-SCRIPTS",""
"","2","INF-CTL-MONTH-BC-CONT-XP.12","","Sun Nov 10 01:20:51 GMT 2024","passed","Sun Nov 10 01:20:51 GMT 2024","","INFERENCE-CONTROL","INFERENCE-CONTROL",""
"","2","00A-LANG-COMPILED-CASE.12","","Sun Nov 10 01:48:28 GMT 2024","passed","Sun Nov 10 01:48:28 GMT 2024","","DIRECT-COMP","DIRECT-COMP",""
"","3","AND-OR.01","","Sun Nov 10 00:42:04 GMT 2024","passed","Sun Nov 10 00:42:04 GMT 2024","","METTA-MORPH-TESTS","METTA-MORPH-TESTS",""
"","4000","possibly_wrong.too_eager_math","","Sun Nov 10 00:36:26 GMT 2024","passed","Sun Nov 10 00:36:30 GMT 2024","","WHOLE-TESTS","WHOLE-TESTS",""
"","2","TESTS0.02","","Sun Nov 10 00:42:04 GMT 2024","passed","Sun Nov 10 00:42:04 GMT 2024","","METTA-MORPH-TESTS","METTA-MORPH-TESTS",""
"","2","BACKWARD-CHAINER-XP.44","","Sun Nov 10 01:16:41 GMT 2024","passed","Sun Nov 10 01:16:41 GMT 2024","","BACKWARD-CHAINER","BACKWARD-CHAINER",""
"","15","D1-GADT.05","","Sun Nov 10 01:12:50 GMT 2024","passed","Sun Nov 10 01:12:50 GMT 2024","","CHECK-TYPES","CHECK-TYPES",""
"","2","BCHAIN-COMP.03","","Sun Nov 10 00:44:09 GMT 2024","passed","Sun Nov 10 00:44:09 GMT 2024","","ANTI-REGRESSION","ANTI-REGRESSION",""
"","5","SEALED-TEST.02","","Sun Nov 10 00:38:07 GMT 2024","passed","Sun Nov 10 00:38:07 GMT 2024","","HYPERON-METTALOG-SANITY","HYPERON-METTALOG-SANITY",""
"","2","IFC-XP.27","","Sun Nov 10 01:22:53 GMT 2024","passed","Sun Nov 10 01:22:53 GMT 2024","","ITERATIVE-CHAINING","ITERATIVE-CHAINING",""
"","3","SYNTHESIZE-VIA-CASE-TEST.04","","Sun Nov 10 01:27:30 GMT 2024","passed","Sun Nov 10 01:27:30 GMT 2024","","EXPERIMENTS","EXPERIMENTS",""
"","7","C3-PLN-STV.02","","Sun Nov 10 00:36:30 GMT 2024","passed","Sun Nov 10 00:36:30 GMT 2024","","HYPERON-EXPERIMENTAL-SCRIPTS","HYPERON-EXPERIMENTAL-SCRIPTS",""
"","2","F1-MODULEA.05","","Sun Nov 10 00:36:30 GMT 2024","passed","Sun Nov 10 00:36:30 GMT 2024","","HYPERON-EXPERIMENTAL-SCRIPTS","HYPERON-EXPERIMENTAL-SCRIPTS",""
"","3","CHAPTER-2-2.12","","Sun Nov 10 00:55:54 GMT 2024","passed","Sun Nov 10 00:55:54 GMT 2024","","SICP-BOOK","SICP-BOOK",""
"","62","STDLIB-METTALOG-TEST-PT2.15","","Sun Nov 10 00:55:44 GMT 2024","failed","Sun Nov 10 00:55:44 GMT 2024","","STDLIB-METTALOG","STDLIB-METTALOG",""
"","59","STDLIB-METTALOG-TEST-PT2.74","","Sun Nov 10 00:55:44 GMT 2024","failed","Sun Nov 10 00:55:44 GMT 2024","","STDLIB-METTALOG","STDLIB-METTALOG",""
"","1","BASIC.08","","Sun Nov 10 01:09:46 GMT 2024","passed","Sun Nov 10 01:09:46 GMT 2024","","TRAVERSER","TRAVERSER",""
"","273","SELF-CONTAINED-SYNTHESIZE.06","","Sun Nov 10 01:27:30 GMT 2024","failed","Sun Nov 10 01:27:30 GMT 2024","","EXPERIMENTS","EXPERIMENTS",""
"","11","HIGHER-ORDER-FUNCS.02","","Sun Nov 10 00:54:18 GMT 2024","failed","Sun Nov 10 00:54:18 GMT 2024","","STD","STD",""
"","4000","transpiler.let_superpose_list","","Sun Nov 10 00:36:26 GMT 2024","passed","Sun Nov 10 00:36:30 GMT 2024","","WHOLE-TESTS","WHOLE-TESTS",""
"","74","00A-LANG-COMPILED-CASE.07","","Sun Nov 10 01:48:28 GMT 2024","passed","Sun Nov 10 01:48:28 GMT 2024","","DIRECT-COMP","DIRECT-COMP",""
"","4000","hyperon-mettalog_sanity.string-tests","","Sun Nov 10 00:36:26 GMT 2024","passed","Sun Nov 10 00:36:30 GMT 2024","","WHOLE-TESTS","WHOLE-TESTS",""
"","6000","hol.NatParityTest","","Sun Nov 10 00:36:26 GMT 2024","passed","Sun Nov 10 00:36:32 GMT 2024","","WHOLE-TESTS","WHOLE-TESTS",""
"","3","F1-IMPORTS.11","","Sun Nov 10 00:36:20 GMT 2024","passed","Sun Nov 10 00:36:20 GMT 2024","","MODULE-SYSTEM","MODULE-SYSTEM",""
"","2","ADD-REMOVE-MATCH-INTEGER.15","","Sun Nov 10 00:53:36 GMT 2024","passed","Sun Nov 10 00:53:36 GMT 2024","","SPACES","SPACES",""
"","6","TRUTHVALUETEST.01","","Sun Nov 10 01:17:22 GMT 2024","passed","Sun Nov 10 01:17:22 GMT 2024","","TRUTHVALUE","TRUTHVALUE",""
"","5000","curried-chaining.curried-chainer","","Sun Nov 10 00:36:26 GMT 2024","passed","Sun Nov 10 00:36:31 GMT 2024","","WHOLE-TESTS","WHOLE-TESTS",""
"","57","D5-AUTO-TYPES.02","","Sun Nov 10 01:12:50 GMT 2024","failed","Sun Nov 10 01:12:50 GMT 2024","","CHECK-TYPES","CHECK-TYPES",""
"","2","ADD-REMOVE-MATCH-INTEGER.24","","Sun Nov 10 00:53:36 GMT 2024","passed","Sun Nov 10 00:53:36 GMT 2024","","SPACES","SPACES",""
"","2","BC-COMP.01","","Sun Nov 10 00:44:09 GMT 2024","passed","Sun Nov 10 00:44:09 GMT 2024","","ANTI-REGRESSION","ANTI-REGRESSION",""
"","2","IMPL-METTALOGTESTCURRIED.10","","Sun Nov 10 01:49:54 GMT 2024","passed","Sun Nov 10 01:49:54 GMT 2024","","WALK-THRU","WALK-THRU",""
"","2","TEST-IF-CLOSED.09","","Sun Nov 10 00:44:09 GMT 2024","passed","Sun Nov 10 00:44:09 GMT 2024","","ANTI-REGRESSION","ANTI-REGRESSION",""
"","2","FORWARD-CHAINER-XP.18","","Sun Nov 10 01:19:25 GMT 2024","passed","Sun Nov 10 01:19:25 GMT 2024","","FORWARD-CHAINER","FORWARD-CHAINER",""
"","2","ADD-REMOVE-MATCH-S-SYMBOLS.02","","Sun Nov 10 00:53:36 GMT 2024","passed","Sun Nov 10 00:53:36 GMT 2024","","SPACES","SPACES",""
"","2","HYPERPOSE.07","","Sun Nov 10 00:42:04 GMT 2024","passed","Sun Nov 10 00:42:04 GMT 2024","","METTA-MORPH-TESTS","METTA-MORPH-TESTS",""
"","2","D1-GADT.06","","Sun Nov 10 00:36:30 GMT 2024","passed","Sun Nov 10 00:36:30 GMT 2024","","HYPERON-EXPERIMENTAL-SCRIPTS","HYPERON-EXPERIMENTAL-SCRIPTS",""
"","297","NATSTANDALONETEST.13","","Sun Nov 10 01:19:39 GMT 2024","failed","Sun Nov 10 01:19:39 GMT 2024","","HOL","HOL",""
"","2","LET-SUPERPOSE-LIST.02","","Sun Nov 10 01:49:29 GMT 2024","passed","Sun Nov 10 01:49:29 GMT 2024","","TRANSPILER","TRANSPILER",""
"","3","INTERSECTION-TESTS.27","","Sun Nov 10 00:38:07 GMT 2024","passed","Sun Nov 10 00:38:07 GMT 2024","","HYPERON-METTALOG-SANITY","HYPERON-METTALOG-SANITY",""
"","2","OBIF.02","","Sun Nov 10 01:56:13 GMT 2024","passed","Sun Nov 10 01:56:13 GMT 2024","","MULTIDIRECTIONAL","MULTIDIRECTIONAL",""
"","2","BACKWARD-CHAINER-XP.19","","Sun Nov 10 01:16:41 GMT 2024","passed","Sun Nov 10 01:16:41 GMT 2024","","BACKWARD-CHAINER","BACKWARD-CHAINER",""
"","3","D2-HIGHERFUNC.18","","Sun Nov 10 01:12:50 GMT 2024","passed","Sun Nov 10 01:12:50 GMT 2024","","CHECK-TYPES","CHECK-TYPES",""
"","2","ADD-REMOVE-MATCH-MIX-FLOAT-INTEGER.11","","Sun Nov 10 00:53:36 GMT 2024","passed","Sun Nov 10 00:53:36 GMT 2024","","SPACES","SPACES",""
"","3","FORWARD-CHAINER-XP.31","","Sun Nov 10 01:19:25 GMT 2024","passed","Sun Nov 10 01:19:25 GMT 2024","","FORWARD-CHAINER","FORWARD-CHAINER",""
"","3","SYNTHESIZE-VIA-TYPE-CHECKING.12","","Sun Nov 10 01:27:30 GMT 2024","passed","Sun Nov 10 01:27:30 GMT 2024","","EXPERIMENTS","EXPERIMENTS",""
"","45000","current.tests3","","Sun Nov 10 00:36:26 GMT 2024","failed","Sun Nov 10 00:37:11 GMT 2024","","WHOLE-TESTS","WHOLE-TESTS",""
"","2","FORWARD-CHAINER-XP.15","","Sun Nov 10 01:19:25 GMT 2024","passed","Sun Nov 10 01:19:25 GMT 2024","","FORWARD-CHAINER","FORWARD-CHAINER",""
"","72","D2-HIGHERFUNC.07","","Sun Nov 10 01:12:50 GMT 2024","failed","Sun Nov 10 01:12:50 GMT 2024","","CHECK-TYPES","CHECK-TYPES",""
"","2","LTE.05","","Sun Nov 10 00:54:18 GMT 2024","passed","Sun Nov 10 00:54:18 GMT 2024","","STD","STD",""
"","13","CHAPTER-2-4.21","","Sun Nov 10 00:55:54 GMT 2024","failed","Sun Nov 10 00:55:54 GMT 2024","","SICP-BOOK","SICP-BOOK",""
"","2","TESTS1.02","","Sun Nov 10 01:31:41 GMT 2024","passed","Sun Nov 10 01:31:41 GMT 2024","","CURRENT","CURRENT",""
"","2","C2-SPACES.03","","Sun Nov 10 00:36:30 GMT 2024","passed","Sun Nov 10 00:36:30 GMT 2024","","HYPERON-EXPERIMENTAL-SCRIPTS","HYPERON-EXPERIMENTAL-SCRIPTS",""
"","172","QUERIES.10","","Sun Nov 10 01:09:05 GMT 2024","passed","Sun Nov 10 01:09:05 GMT 2024","","STRIPS-TO-METTA-IMPROVED","STRIPS-TO-METTA-IMPROVED",""
"","2","F1-IMPORTS.15","","Sun Nov 10 00:36:30 GMT 2024","passed","Sun Nov 10 00:36:30 GMT 2024","","HYPERON-EXPERIMENTAL-SCRIPTS","HYPERON-EXPERIMENTAL-SCRIPTS",""
"","3","DEDUCTIONDTLTEST.03","","Sun Nov 10 01:15:33 GMT 2024","passed","Sun Nov 10 01:15:33 GMT 2024","","DEPENDENT-TYPES","DEPENDENT-TYPES",""
"","2","LISTTEST.03","","Sun Nov 10 01:16:54 GMT 2024","passed","Sun Nov 10 01:16:54 GMT 2024","","COMMON","COMMON",""
"","13","D4-TYPE-PROP.03","","Sun Nov 10 00:36:30 GMT 2024","passed","Sun Nov 10 00:36:30 GMT 2024","","HYPERON-EXPERIMENTAL-SCRIPTS","HYPERON-EXPERIMENTAL-SCRIPTS",""
"","6000","main-branch.nalifier_Prev","","Sun Nov 10 00:36:26 GMT 2024","passed","Sun Nov 10 00:36:32 GMT 2024","","WHOLE-TESTS","WHOLE-TESTS",""
"","2","B5-TYPES-PRELIM.03","","Sun Nov 10 00:36:30 GMT 2024","passed","Sun Nov 10 00:36:30 GMT 2024","","HYPERON-EXPERIMENTAL-SCRIPTS","HYPERON-EXPERIMENTAL-SCRIPTS",""
"","3","D4-TYPE-PROP.04","","Sun Nov 10 00:36:30 GMT 2024","passed","Sun Nov 10 00:36:30 GMT 2024","","HYPERON-EXPERIMENTAL-SCRIPTS","HYPERON-EXPERIMENTAL-SCRIPTS",""
"","2","BACKWARD-CHAINER-XP.32","","Sun Nov 10 01:16:41 GMT 2024","passed","Sun Nov 10 01:16:41 GMT 2024","","BACKWARD-CHAINER","BACKWARD-CHAINER",""
"","2","B5-TYPES-PRELIM.16","","Sun Nov 10 00:36:30 GMT 2024","passed","Sun Nov 10 00:36:30 GMT 2024","","HYPERON-EXPERIMENTAL-SCRIPTS","HYPERON-EXPERIMENTAL-SCRIPTS",""
"","8","D2-HIGHERFUNC.22","","Sun Nov 10 00:46:20 GMT 2024","passed","Sun Nov 10 00:46:20 GMT 2024","","QUICK","QUICK",""
"","21","INF-CTL-MONTH-XP.09","","Sun Nov 10 01:20:51 GMT 2024","failed","Sun Nov 10 01:20:51 GMT 2024","","INFERENCE-CONTROL","INFERENCE-CONTROL",""
"","491","PROB-DEP-TYPES.10","","Sun Nov 10 01:04:32 GMT 2024","failed","Sun Nov 10 01:04:32 GMT 2024","","PROB-DEP-TYPES","PROB-DEP-TYPES",""
"","3","UNIFY-VIA-CASE.01","","Sun Nov 10 01:27:30 GMT 2024","passed","Sun Nov 10 01:27:30 GMT 2024","","EXPERIMENTS","EXPERIMENTS",""
"","43000","language_models.training_terms","","Sun Nov 10 00:36:26 GMT 2024","failed","Sun Nov 10 00:37:09 GMT 2024","","WHOLE-TESTS","WHOLE-TESTS",""
"","509","NTE.02","","Sun Nov 10 01:02:33 GMT 2024","passed","Sun Nov 10 01:02:33 GMT 2024","","EDGES-TO-EDGES","EDGES-TO-EDGES",""
"","2","F1-IMPORTS.11","","Sun Nov 10 00:36:30 GMT 2024","passed","Sun Nov 10 00:36:30 GMT 2024","","HYPERON-EXPERIMENTAL-SCRIPTS","HYPERON-EXPERIMENTAL-SCRIPTS",""
"","2","INF-CTL-MONTH-XP-SHORT-3.02","","Sun Nov 10 02:04:52 GMT 2024","passed","Sun Nov 10 02:04:52 GMT 2024","","COMPARISONS","COMPARISONS",""
"","1","QUERIES.03","","Sun Nov 10 01:09:05 GMT 2024","passed","Sun Nov 10 01:09:05 GMT 2024","","STRIPS-TO-METTA-IMPROVED","STRIPS-TO-METTA-IMPROVED",""
"","2","D4-TYPE-PROP.11","","Sun Nov 10 00:36:30 GMT 2024","passed","Sun Nov 10 00:36:30 GMT 2024","","HYPERON-EXPERIMENTAL-SCRIPTS","HYPERON-EXPERIMENTAL-SCRIPTS",""
"","2","SUPERCOLLAPSE.03","","Sun Nov 10 00:42:04 GMT 2024","passed","Sun Nov 10 00:42:04 GMT 2024","","METTA-MORPH-TESTS","METTA-MORPH-TESTS",""
"","53","B5-TYPES-PRELIM.15","","Sun Nov 10 01:12:30 GMT 2024","failed","Sun Nov 10 01:12:30 GMT 2024","","CHECK-TYPES-TEMP","CHECK-TYPES-TEMP",""
"","2","TYPE-PROP.16","","Sun Nov 10 01:12:30 GMT 2024","passed","Sun Nov 10 01:12:30 GMT 2024","","CHECK-TYPES-TEMP","CHECK-TYPES-TEMP",""
"","2","IMPL-METTALOGTESTCURRIED.06","","Sun Nov 10 01:49:54 GMT 2024","passed","Sun Nov 10 01:49:54 GMT 2024","","WALK-THRU","WALK-THRU",""
"","2","B1-EQUAL-CHAIN.06","","Sun Nov 10 00:36:30 GMT 2024","passed","Sun Nov 10 00:36:30 GMT 2024","","HYPERON-EXPERIMENTAL-SCRIPTS","HYPERON-EXPERIMENTAL-SCRIPTS",""
"","2","CHAPTER-2-2.09","","Sun Nov 10 00:55:54 GMT 2024","passed","Sun Nov 10 00:55:54 GMT 2024","","SICP-BOOK","SICP-BOOK",""
"","2","IFC-XP.09","","Sun Nov 10 01:22:53 GMT 2024","passed","Sun Nov 10 01:22:53 GMT 2024","","ITERATIVE-CHAINING","ITERATIVE-CHAINING",""
"","2","NATPARITYTEST.07","","Sun Nov 10 01:19:39 GMT 2024","passed","Sun Nov 10 01:19:39 GMT 2024","","HOL","HOL",""
"","2","BACKWARD-CHAIN.02","","Sun Nov 10 00:51:18 GMT 2024","passed","Sun Nov 10 00:51:18 GMT 2024","","CHAINING","CHAINING",""
"","111","ADD-REMOVE-MATCH-S-STRINGS.14","","Sun Nov 10 00:53:36 GMT 2024","passed","Sun Nov 10 00:53:36 GMT 2024","","SPACES","SPACES",""
"","4000","walk_thru.comma_is_not_special","","Sun Nov 10 00:36:26 GMT 2024","passed","Sun Nov 10 00:36:30 GMT 2024","","WHOLE-TESTS","WHOLE-TESTS",""
"","1","D4-TYPE-PROP.08","","Sun Nov 10 00:46:20 GMT 2024","passed","Sun Nov 10 00:46:20 GMT 2024","","QUICK","QUICK",""
"","2","TYPE-PROP.09","","Sun Nov 10 01:12:30 GMT 2024","passed","Sun Nov 10 01:12:30 GMT 2024","","CHECK-TYPES-TEMP","CHECK-TYPES-TEMP",""
"","5000","debugging.hyperon_experimental_issue_514","","Sun Nov 10 00:36:26 GMT 2024","passed","Sun Nov 10 00:36:31 GMT 2024","","WHOLE-TESTS","WHOLE-TESTS",""
"","2","UNIFY-VIA-LET.03","","Sun Nov 10 01:27:30 GMT 2024","passed","Sun Nov 10 01:27:30 GMT 2024","","EXPERIMENTS","EXPERIMENTS",""
"","82","E2-STATES.07","","Sun Nov 10 01:12:50 GMT 2024","failed","Sun Nov 10 01:12:50 GMT 2024","","CHECK-TYPES","CHECK-TYPES",""
"","1","HYPERPOSE.08","","Sun Nov 10 00:42:04 GMT 2024","passed","Sun Nov 10 00:42:04 GMT 2024","","METTA-MORPH-TESTS","METTA-MORPH-TESTS",""
"","2","B3-DIRECT.03","","Sun Nov 10 00:36:30 GMT 2024","passed","Sun Nov 10 00:36:30 GMT 2024","","HYPERON-EXPERIMENTAL-SCRIPTS","HYPERON-EXPERIMENTAL-SCRIPTS",""
"","2","PREREQS.02","","Sun Nov 10 00:46:49 GMT 2024","passed","Sun Nov 10 00:46:49 GMT 2024","","MAIN-BRANCH","MAIN-BRANCH",""
"","3","STRING-TESTS.01","","Sun Nov 10 00:38:07 GMT 2024","passed","Sun Nov 10 00:38:07 GMT 2024","","HYPERON-METTALOG-SANITY","HYPERON-METTALOG-SANITY",""
"","2","SEQUENTIAL-NESTED.08","","Sun Nov 10 00:42:04 GMT 2024","passed","Sun Nov 10 00:42:04 GMT 2024","","METTA-MORPH-TESTS","METTA-MORPH-TESTS",""
"","3","TESTS0.01","","Sun Nov 10 00:46:49 GMT 2024","passed","Sun Nov 10 00:46:49 GMT 2024","","MAIN-BRANCH","MAIN-BRANCH",""
"","651","TESTS0.07","","Sun Nov 10 00:42:04 GMT 2024","passed","Sun Nov 10 00:42:04 GMT 2024","","METTA-MORPH-TESTS","METTA-MORPH-TESTS",""
"","7000","chaining.v2-pln-xp-easy-impl","","Sun Nov 10 00:36:26 GMT 2024","passed","Sun Nov 10 00:36:33 GMT 2024","","WHOLE-TESTS","WHOLE-TESTS",""
"","3","TESTS3.07","","Sun Nov 10 00:46:49 GMT 2024","passed","Sun Nov 10 00:46:49 GMT 2024","","MAIN-BRANCH","MAIN-BRANCH",""
"","126","STDLIB-METTALOG-TEST-PT2.20","","Sun Nov 10 00:55:44 GMT 2024","failed","Sun Nov 10 00:55:44 GMT 2024","","STDLIB-METTALOG","STDLIB-METTALOG",""
"","42","FC-XP.28","","Sun Nov 10 01:19:34 GMT 2024","failed","Sun Nov 10 01:19:34 GMT 2024","","FORWARD-CHAINING","FORWARD-CHAINING",""
"","3","STDLIB-METTALOG-TEST-PT2.56","","Sun Nov 10 00:55:44 GMT 2024","passed","Sun Nov 10 00:55:44 GMT 2024","","STDLIB-METTALOG","STDLIB-METTALOG",""
"","6000","inference-control.inf-ctl-xp","","Sun Nov 10 00:36:26 GMT 2024","passed","Sun Nov 10 00:36:32 GMT 2024","","WHOLE-TESTS","WHOLE-TESTS",""
"","2","INF-CTL-MONTH-XP-SHORT-3.07","","Sun Nov 10 02:04:52 GMT 2024","passed","Sun Nov 10 02:04:52 GMT 2024","","COMPARISONS","COMPARISONS",""
"","2","NATPARITYTEST.06","","Sun Nov 10 01:19:39 GMT 2024","passed","Sun Nov 10 01:19:39 GMT 2024","","HOL","HOL",""
"","46000","constraint.types","","Sun Nov 10 00:36:26 GMT 2024","failed","Sun Nov 10 00:37:12 GMT 2024","","WHOLE-TESTS","WHOLE-TESTS",""
"","3","QUERIES.01","","Sun Nov 10 01:09:05 GMT 2024","passed","Sun Nov 10 01:09:05 GMT 2024","","STRIPS-TO-METTA-IMPROVED","STRIPS-TO-METTA-IMPROVED",""
"","2","ADD-REMOVE-MATCH-S-SYMBOLS.10","","Sun Nov 10 00:53:36 GMT 2024","passed","Sun Nov 10 00:53:36 GMT 2024","","SPACES","SPACES",""
"","231","SYNTHESIZE-VIA-LET-TEST.02","","Sun Nov 10 01:27:30 GMT 2024","failed","Sun Nov 10 01:27:30 GMT 2024","","EXPERIMENTS","EXPERIMENTS",""
"","2","SPACE-INTERSECTION-TESTS.18","","Sun Nov 10 00:38:07 GMT 2024","passed","Sun Nov 10 00:38:07 GMT 2024","","HYPERON-METTALOG-SANITY","HYPERON-METTALOG-SANITY",""
"","7000","soap_opera_corpus.so_convert","","Sun Nov 10 00:36:26 GMT 2024","passed","Sun Nov 10 00:36:33 GMT 2024","","WHOLE-TESTS","WHOLE-TESTS",""
"","54","B5-TYPES-PRELIM.14","","Sun Nov 10 01:12:30 GMT 2024","failed","Sun Nov 10 01:12:30 GMT 2024","","CHECK-TYPES-TEMP","CHECK-TYPES-TEMP",""
"","1","HYPERPOSING.05","","Sun Nov 10 01:58:35 GMT 2024","passed","Sun Nov 10 01:58:35 GMT 2024","","BASIC","BASIC",""
"","68","PATHFINDING-EASY.01","","Sun Nov 10 01:58:35 GMT 2024","failed","Sun Nov 10 01:58:35 GMT 2024","","BASIC","BASIC",""
"","69","STDLIB-METTALOG-TEST-PT2.71","","Sun Nov 10 00:55:44 GMT 2024","failed","Sun Nov 10 00:55:44 GMT 2024","","STDLIB-METTALOG","STDLIB-METTALOG",""
"","3","ADD-REMOVE-MATCH-S-SYMBOLS.01","","Sun Nov 10 00:53:36 GMT 2024","passed","Sun Nov 10 00:53:36 GMT 2024","","SPACES","SPACES",""
"","2","INF-CTL-MONTH-BC-CONT-XP.22","","Sun Nov 10 01:20:51 GMT 2024","passed","Sun Nov 10 01:20:51 GMT 2024","","INFERENCE-CONTROL","INFERENCE-CONTROL",""
"","4","NUMTEST.02","","Sun Nov 10 01:16:54 GMT 2024","passed","Sun Nov 10 01:16:54 GMT 2024","","COMMON","COMMON",""
"","2","ADD-REMOVE-MATCH-STRINGS.02","","Sun Nov 10 00:53:36 GMT 2024","passed","Sun Nov 10 00:53:36 GMT 2024","","SPACES","SPACES",""
"","2","FORWARD-CHAINER-XP.17","","Sun Nov 10 01:19:25 GMT 2024","passed","Sun Nov 10 01:19:25 GMT 2024","","FORWARD-CHAINER","FORWARD-CHAINER",""
"","2","D2-HIGHERFUNC.12","","Sun Nov 10 00:46:20 GMT 2024","passed","Sun Nov 10 00:46:20 GMT 2024","","QUICK","QUICK",""
"","6000","main-branch.minnars_Prev","","Sun Nov 10 00:36:26 GMT 2024","passed","Sun Nov 10 00:36:32 GMT 2024","","WHOLE-TESTS","WHOLE-TESTS",""
"","5000","query.gene-query","","Sun Nov 10 00:36:26 GMT 2024","passed","Sun Nov 10 00:36:31 GMT 2024","","WHOLE-TESTS","WHOLE-TESTS",""
"","3","IOIOIOI.01","","Sun Nov 10 01:56:13 GMT 2024","passed","Sun Nov 10 01:56:13 GMT 2024","","MULTIDIRECTIONAL","MULTIDIRECTIONAL",""
"","2","OR-TEST.09","","Sun Nov 10 00:38:07 GMT 2024","passed","Sun Nov 10 00:38:07 GMT 2024","","HYPERON-METTALOG-SANITY","HYPERON-METTALOG-SANITY",""
"","2","BCHAIN.05","","Sun Nov 10 01:49:54 GMT 2024","passed","Sun Nov 10 01:49:54 GMT 2024","","WALK-THRU","WALK-THRU",""
"","13","D2-HIGHERFUNC.22","","Sun Nov 10 00:36:30 GMT 2024","passed","Sun Nov 10 00:36:30 GMT 2024","","HYPERON-EXPERIMENTAL-SCRIPTS","HYPERON-EXPERIMENTAL-SCRIPTS",""
"","2","FC-XP.10","","Sun Nov 10 01:19:34 GMT 2024","passed","Sun Nov 10 01:19:34 GMT 2024","","FORWARD-CHAINING","FORWARD-CHAINING",""
"","2","LTE.01","","Sun Nov 10 00:54:18 GMT 2024","passed","Sun Nov 10 00:54:18 GMT 2024","","STD","STD",""
"","2","00A-LANG-COMPILED-CASE.06","","Sun Nov 10 01:48:28 GMT 2024","passed","Sun Nov 10 01:48:28 GMT 2024","","DIRECT-COMP","DIRECT-COMP",""
"","48","DEFINE-IF-LIKE.01","","Sun Nov 10 01:48:28 GMT 2024","failed","Sun Nov 10 01:48:28 GMT 2024","","DIRECT-COMP","DIRECT-COMP",""
"","3","DEDUCTIONIMPLICATIONDIRECTINTRODUCTIONDTLTEST.01","","Sun Nov 10 01:15:33 GMT 2024","passed","Sun Nov 10 01:15:33 GMT 2024","","DEPENDENT-TYPES","DEPENDENT-TYPES",""
"","6000","chaining.pln-xp-local_v2","","Sun Nov 10 00:36:26 GMT 2024","passed","Sun Nov 10 00:36:32 GMT 2024","","WHOLE-TESTS","WHOLE-TESTS",""
"","2","ADD-REMOVE-MATCH-SS-SYMBOLS.01","","Sun Nov 10 00:53:36 GMT 2024","passed","Sun Nov 10 00:53:36 GMT 2024","","SPACES","SPACES",""
"","2","ADD-REMOVE-MATCH-INTEGER.35","","Sun Nov 10 00:53:36 GMT 2024","passed","Sun Nov 10 00:53:36 GMT 2024","","SPACES","SPACES",""
"","4","RUN-MINNARS.01","","Sun Nov 10 01:35:30 GMT 2024","passed","Sun Nov 10 01:35:30 GMT 2024","","NARS-EXTRAS","NARS-EXTRAS",""
"","2","C2-SPACES.02","","Sun Nov 10 00:36:20 GMT 2024","passed","Sun Nov 10 00:36:20 GMT 2024","","MODULE-SYSTEM","MODULE-SYSTEM",""
"","3","TYPE-PROP.02","","Sun Nov 10 01:12:30 GMT 2024","passed","Sun Nov 10 01:12:30 GMT 2024","","CHECK-TYPES-TEMP","CHECK-TYPES-TEMP",""
"","2","IFC-XP.12","","Sun Nov 10 01:22:53 GMT 2024","passed","Sun Nov 10 01:22:53 GMT 2024","","ITERATIVE-CHAINING","ITERATIVE-CHAINING",""
"","2","TYPES2.02","","Sun Nov 10 00:42:04 GMT 2024","passed","Sun Nov 10 00:42:04 GMT 2024","","METTA-MORPH-TESTS","METTA-MORPH-TESTS",""
"","2","DEDUCTIONFORMULATEST.02","","Sun Nov 10 01:17:17 GMT 2024","passed","Sun Nov 10 01:17:17 GMT 2024","","FORMULA","FORMULA",""
"","5000","main-branch.tests0","","Sun Nov 10 00:36:26 GMT 2024","passed","Sun Nov 10 00:36:31 GMT 2024","","WHOLE-TESTS","WHOLE-TESTS",""
"","46","FORWARD-CHAINER-XP.09","","Sun Nov 10 01:19:25 GMT 2024","failed","Sun Nov 10 01:19:25 GMT 2024","","FORWARD-CHAINER","FORWARD-CHAINER",""
"","2","B5-TYPES-PRELIM.20","","Sun Nov 10 01:12:30 GMT 2024","passed","Sun Nov 10 01:12:30 GMT 2024","","CHECK-TYPES-TEMP","CHECK-TYPES-TEMP",""
"","14","E3-MATCH-STATES.06","","Sun Nov 10 00:36:30 GMT 2024","failed","Sun Nov 10 00:36:30 GMT 2024","","HYPERON-EXPERIMENTAL-SCRIPTS","HYPERON-EXPERIMENTAL-SCRIPTS",""
"","2","D2-HIGHERFUNC.03","","Sun Nov 10 00:46:20 GMT 2024","passed","Sun Nov 10 00:46:20 GMT 2024","","QUICK","QUICK",""
"","2","SYNTHESIZE-VIA-TYPE-CHECKING.11","","Sun Nov 10 01:27:30 GMT 2024","passed","Sun Nov 10 01:27:30 GMT 2024","","EXPERIMENTS","EXPERIMENTS",""
"","2","INF-ORDER-PROBS.11","","Sun Nov 10 01:04:32 GMT 2024","passed","Sun Nov 10 01:04:32 GMT 2024","","PROB-DEP-TYPES","PROB-DEP-TYPES",""
"","1","00-LANG-CASE.05","","Sun Nov 10 00:38:07 GMT 2024","passed","Sun Nov 10 00:38:07 GMT 2024","","HYPERON-METTALOG-SANITY","HYPERON-METTALOG-SANITY",""
"","5000","common.NumTest","","Sun Nov 10 00:36:26 GMT 2024","passed","Sun Nov 10 00:36:31 GMT 2024","","WHOLE-TESTS","WHOLE-TESTS",""
"","2","CHAPTER-2-4.08","","Sun Nov 10 00:55:54 GMT 2024","passed","Sun Nov 10 00:55:54 GMT 2024","","SICP-BOOK","SICP-BOOK",""
"","2","V2-PLN-XP-SYS-IMPL.01","","Sun Nov 10 00:51:18 GMT 2024","passed","Sun Nov 10 00:51:18 GMT 2024","","CHAINING","CHAINING",""
"","4000","hyperon-experimental_scripts.e1_kb_write","","Sun Nov 10 00:36:26 GMT 2024","passed","Sun Nov 10 00:36:30 GMT 2024","","WHOLE-TESTS","WHOLE-TESTS",""
"","2","BACKWARD-CHAINER-XP.31","","Sun Nov 10 01:16:41 GMT 2024","passed","Sun Nov 10 01:16:41 GMT 2024","","BACKWARD-CHAINER","BACKWARD-CHAINER",""
"","2","ADD-REMOVE-MATCH-INTEGER.22","","Sun Nov 10 00:53:36 GMT 2024","passed","Sun Nov 10 00:53:36 GMT 2024","","SPACES","SPACES",""
"","2","STDLIB-METTALOG-TEST-PT2.64","","Sun Nov 10 00:55:44 GMT 2024","passed","Sun Nov 10 00:55:44 GMT 2024","","STDLIB-METTALOG","STDLIB-METTALOG",""
"","28","INF-CTL-XP.12","","Sun Nov 10 01:20:51 GMT 2024","failed","Sun Nov 10 01:20:51 GMT 2024","","INFERENCE-CONTROL","INFERENCE-CONTROL",""
"","3","D4-TYPE-PROP.16","","Sun Nov 10 00:36:30 GMT 2024","passed","Sun Nov 10 00:36:30 GMT 2024","","HYPERON-EXPERIMENTAL-SCRIPTS","HYPERON-EXPERIMENTAL-SCRIPTS",""
"","2","BACKWARD-CHAINER-XP.28","","Sun Nov 10 01:16:41 GMT 2024","passed","Sun Nov 10 01:16:41 GMT 2024","","BACKWARD-CHAINER","BACKWARD-CHAINER",""
"","3","E2-STATES.02","","Sun Nov 10 01:12:50 GMT 2024","passed","Sun Nov 10 01:12:50 GMT 2024","","CHECK-TYPES","CHECK-TYPES",""
"","1","B5-TYPES-PRELIM.17","","Sun Nov 10 01:12:30 GMT 2024","passed","Sun Nov 10 01:12:30 GMT 2024","","CHECK-TYPES-TEMP","CHECK-TYPES-TEMP",""
"","3","STATE-TYPES.01","","Sun Nov 10 01:58:35 GMT 2024","passed","Sun Nov 10 01:58:35 GMT 2024","","BASIC","BASIC",""
"","240","BACKWARD-CHAIN.01","","Sun Nov 10 00:51:18 GMT 2024","failed","Sun Nov 10 00:51:18 GMT 2024","","CHAINING","CHAINING",""
"","2479","TESTS1.04","","Sun Nov 10 00:46:49 GMT 2024","failed","Sun Nov 10 00:46:51 GMT 2024","","MAIN-BRANCH","MAIN-BRANCH",""
"","2","DEDUCTIONFORMULATEST.06","","Sun Nov 10 01:17:17 GMT 2024","passed","Sun Nov 10 01:17:17 GMT 2024","","FORMULA","FORMULA",""
"","2","TESTS2.10","","Sun Nov 10 00:46:49 GMT 2024","passed","Sun Nov 10 00:46:49 GMT 2024","","MAIN-BRANCH","MAIN-BRANCH",""
"","2","SYNTHESIZE-VIA-TYPE-CHECKING.06","","Sun Nov 10 01:27:30 GMT 2024","passed","Sun Nov 10 01:27:30 GMT 2024","","EXPERIMENTS","EXPERIMENTS",""
"","25","SHOW-TYPE.09","","Sun Nov 10 00:53:22 GMT 2024","passed","Sun Nov 10 00:53:22 GMT 2024","","INTROSPECT","INTROSPECT",""
"","1","IFC-XP.06","","Sun Nov 10 01:22:53 GMT 2024","passed","Sun Nov 10 01:22:53 GMT 2024","","ITERATIVE-CHAINING","ITERATIVE-CHAINING",""
"","2","INF-CTL-MONTH-BC-CONT-XP.26","","Sun Nov 10 01:20:51 GMT 2024","passed","Sun Nov 10 01:20:51 GMT 2024","","INFERENCE-CONTROL","INFERENCE-CONTROL",""
"","2","BC-COMP.01","","Sun Nov 10 01:49:54 GMT 2024","passed","Sun Nov 10 01:49:54 GMT 2024","","WALK-THRU","WALK-THRU",""
"","4000","metta-morph_tests.zeroargs","","Sun Nov 10 00:36:26 GMT 2024","passed","Sun Nov 10 00:36:30 GMT 2024","","WHOLE-TESTS","WHOLE-TESTS",""
"","5","UNIQUE-TEST.14","","Sun Nov 10 00:38:07 GMT 2024","passed","Sun Nov 10 00:38:07 GMT 2024","","HYPERON-METTALOG-SANITY","HYPERON-METTALOG-SANITY",""
"","2","IOIOIOI-USING-EQUALITY.05","","Sun Nov 10 01:56:13 GMT 2024","passed","Sun Nov 10 01:56:13 GMT 2024","","MULTIDIRECTIONAL","MULTIDIRECTIONAL",""
"","74","D2-HIGHERFUNC.07","","Sun Nov 10 00:36:30 GMT 2024","failed","Sun Nov 10 00:36:30 GMT 2024","","HYPERON-EXPERIMENTAL-SCRIPTS","HYPERON-EXPERIMENTAL-SCRIPTS",""
"","116","NATTEST.03","","Sun Nov 10 01:19:39 GMT 2024","failed","Sun Nov 10 01:19:39 GMT 2024","","HOL","HOL",""
"","2","FORWARD-CHAINER-XP.12","","Sun Nov 10 01:19:25 GMT 2024","passed","Sun Nov 10 01:19:25 GMT 2024","","FORWARD-CHAINER","FORWARD-CHAINER",""
"","3","TEST-INFER-FUNCTION-APPLICATION-TYPE.01","","Sun Nov 10 01:58:35 GMT 2024","passed","Sun Nov 10 01:58:35 GMT 2024","","BASIC","BASIC",""
"","54","COMBINED.04","","Sun Nov 10 01:54:40 GMT 2024","failed","Sun Nov 10 01:54:40 GMT 2024","","ITERATORS","ITERATORS",""
"","2","ADD-REMOVE-MATCH-STRINGS.06","","Sun Nov 10 00:53:36 GMT 2024","passed","Sun Nov 10 00:53:36 GMT 2024","","SPACES","SPACES",""
"","2","ADD-REMOVE-MATCH-SS-STRINGS.15","","Sun Nov 10 00:53:36 GMT 2024","passed","Sun Nov 10 00:53:36 GMT 2024","","SPACES","SPACES",""
"","2","INTERSECTION-TESTS.14","","Sun Nov 10 00:38:07 GMT 2024","passed","Sun Nov 10 00:38:07 GMT 2024","","HYPERON-METTALOG-SANITY","HYPERON-METTALOG-SANITY",""
"","156","SYNTHESIZE-VIA-UNIFY-TEST.11","","Sun Nov 10 01:27:30 GMT 2024","failed","Sun Nov 10 01:27:30 GMT 2024","","EXPERIMENTS","EXPERIMENTS",""
"","4","PLN-XP-LOCAL-V2.01","","Sun Nov 10 00:51:18 GMT 2024","passed","Sun Nov 10 00:51:18 GMT 2024","","CHAINING","CHAINING",""
"","2","AI-SERVICE-COMPOSITION-SANITY.05","","Sun Nov 10 01:09:59 GMT 2024","passed","Sun Nov 10 01:09:59 GMT 2024","","AI-SERVICE","AI-SERVICE",""
"","17","HYPERON-EXPERIMENTAL-ISSUE-481.02","","Sun Nov 10 01:53:13 GMT 2024","passed","Sun Nov 10 01:53:13 GMT 2024","","DEBUGGING","DEBUGGING",""
"","2","F1-MODULEA.01","","Sun Nov 10 00:46:20 GMT 2024","passed","Sun Nov 10 00:46:20 GMT 2024","","QUICK","QUICK",""
"","2","BC-XP.04","","Sun Nov 10 00:51:18 GMT 2024","passed","Sun Nov 10 00:51:18 GMT 2024","","CHAINING","CHAINING",""
"","5000","bidirectional_computation.send-more-money","","Sun Nov 10 00:36:26 GMT 2024","passed","Sun Nov 10 00:36:31 GMT 2024","","WHOLE-TESTS","WHOLE-TESTS",""
"","5000","anti-regression.mettalogTestCurried2","","Sun Nov 10 00:36:26 GMT 2024","passed","Sun Nov 10 00:36:31 GMT 2024","","WHOLE-TESTS","WHOLE-TESTS",""
"","51","HYPERON-EXPERIMENTAL-ISSUE-481.01","","Sun Nov 10 01:53:13 GMT 2024","failed","Sun Nov 10 01:53:13 GMT 2024","","DEBUGGING","DEBUGGING",""
"","4000","chaining.pln_stv","","Sun Nov 10 00:36:26 GMT 2024","passed","Sun Nov 10 00:36:30 GMT 2024","","WHOLE-TESTS","WHOLE-TESTS",""
"","274","INF-CTL-XP.09","","Sun Nov 10 01:20:51 GMT 2024","passed","Sun Nov 10 01:20:51 GMT 2024","","INFERENCE-CONTROL","INFERENCE-CONTROL",""
"","2","D2-HIGHERFUNC.27","","Sun Nov 10 01:12:50 GMT 2024","passed","Sun Nov 10 01:12:50 GMT 2024","","CHECK-TYPES","CHECK-TYPES",""
"","160","SYNTHESIZE-VIA-LET-TEST.09","","Sun Nov 10 01:27:30 GMT 2024","passed","Sun Nov 10 01:27:30 GMT 2024","","EXPERIMENTS","EXPERIMENTS",""
"","41000","fizzbuzz.constructive","","Sun Nov 10 00:36:26 GMT 2024","failed","Sun Nov 10 00:37:07 GMT 2024","","WHOLE-TESTS","WHOLE-TESTS",""
"","5000","hyperon-mettalog_sanity.space_subtraction_tests","","Sun Nov 10 00:36:26 GMT 2024","passed","Sun Nov 10 00:36:31 GMT 2024","","WHOLE-TESTS","WHOLE-TESTS",""
"","2","HYPERPOSE.10","","Sun Nov 10 00:42:04 GMT 2024","passed","Sun Nov 10 00:42:04 GMT 2024","","METTA-MORPH-TESTS","METTA-MORPH-TESTS",""
"","2","TEST-IF-CLOSED.03","","Sun Nov 10 01:49:54 GMT 2024","passed","Sun Nov 10 01:49:54 GMT 2024","","WALK-THRU","WALK-THRU",""
"","4","LET-SUPERPOSE-LIST.02","","Sun Nov 10 00:42:04 GMT 2024","passed","Sun Nov 10 00:42:04 GMT 2024","","METTA-MORPH-TESTS","METTA-MORPH-TESTS",""
"","2","GROUNDED-BASIC.04","","Sun Nov 10 00:54:18 GMT 2024","passed","Sun Nov 10 00:54:18 GMT 2024","","STD","STD",""
"","2","TESTS0.05","","Sun Nov 10 01:31:41 GMT 2024","passed","Sun Nov 10 01:31:41 GMT 2024","","CURRENT","CURRENT",""
"","4","SPACE-INTERSECTION-TESTS.06","","Sun Nov 10 00:38:07 GMT 2024","passed","Sun Nov 10 00:38:07 GMT 2024","","HYPERON-METTALOG-SANITY","HYPERON-METTALOG-SANITY",""
"","1","BCHAIN.02","","Sun Nov 10 01:49:54 GMT 2024","passed","Sun Nov 10 01:49:54 GMT 2024","","WALK-THRU","WALK-THRU",""
"","1","IFC-XP.10","","Sun Nov 10 01:22:53 GMT 2024","passed","Sun Nov 10 01:22:53 GMT 2024","","ITERATIVE-CHAINING","ITERATIVE-CHAINING",""
"","2","STRING-TESTS.06","","Sun Nov 10 00:38:07 GMT 2024","passed","Sun Nov 10 00:38:07 GMT 2024","","HYPERON-METTALOG-SANITY","HYPERON-METTALOG-SANITY",""
"","4000","introspect.show-type","","Sun Nov 10 00:36:26 GMT 2024","passed","Sun Nov 10 00:36:30 GMT 2024","","WHOLE-TESTS","WHOLE-TESTS",""
"","3","HYPERPOSE.01","","Sun Nov 10 00:42:04 GMT 2024","passed","Sun Nov 10 00:42:04 GMT 2024","","METTA-MORPH-TESTS","METTA-MORPH-TESTS",""
"","4000","hyperon-experimental_scripts.d4_type_prop","","Sun Nov 10 00:36:26 GMT 2024","passed","Sun Nov 10 00:36:30 GMT 2024","","WHOLE-TESTS","WHOLE-TESTS",""
"","40000","python_from_metta.requests","","Sun Nov 10 00:36:26 GMT 2024","failed","Sun Nov 10 00:37:06 GMT 2024","","WHOLE-TESTS","WHOLE-TESTS",""
"","5000","formula.DeductionFormulaTest","","Sun Nov 10 00:36:26 GMT 2024","passed","Sun Nov 10 00:36:31 GMT 2024","","WHOLE-TESTS","WHOLE-TESTS",""
"","4","INF-ORDER-PROBS.05","","Sun Nov 10 01:04:32 GMT 2024","passed","Sun Nov 10 01:04:32 GMT 2024","","PROB-DEP-TYPES","PROB-DEP-TYPES",""
"","3","FORWARD-CHAINER-XP.30","","Sun Nov 10 01:19:25 GMT 2024","passed","Sun Nov 10 01:19:25 GMT 2024","","FORWARD-CHAINER","FORWARD-CHAINER",""
"","2","DEFINE-IF-LIKE.06","","Sun Nov 10 01:48:28 GMT 2024","passed","Sun Nov 10 01:48:28 GMT 2024","","DIRECT-COMP","DIRECT-COMP",""
"","2","ADD-REMOVE-MATCH-SS-STRINGS.16","","Sun Nov 10 00:53:36 GMT 2024","passed","Sun Nov 10 00:53:36 GMT 2024","","SPACES","SPACES",""
"","47000","direct_comp.compiler_walkthru","","Sun Nov 10 00:36:26 GMT 2024","failed","Sun Nov 10 00:37:13 GMT 2024","","WHOLE-TESTS","WHOLE-TESTS",""
"","134","BASIC.01","","Sun Nov 10 01:09:46 GMT 2024","passed","Sun Nov 10 01:09:46 GMT 2024","","TRAVERSER","TRAVERSER",""
"","6","IMPL-METTALOGTESTCURRIED.05","","Sun Nov 10 01:49:54 GMT 2024","passed","Sun Nov 10 01:49:54 GMT 2024","","WALK-THRU","WALK-THRU",""
"","78","E2-STATES.07","","Sun Nov 10 00:36:30 GMT 2024","failed","Sun Nov 10 00:36:30 GMT 2024","","HYPERON-EXPERIMENTAL-SCRIPTS","HYPERON-EXPERIMENTAL-SCRIPTS",""
"","40000","debugging.hyperon_experimental_issue_530","","Sun Nov 10 00:36:26 GMT 2024","failed","Sun Nov 10 00:37:06 GMT 2024","","WHOLE-TESTS","WHOLE-TESTS",""
"","2","ADD-REMOVE-MATCH-INTEGER.07","","Sun Nov 10 00:53:36 GMT 2024","passed","Sun Nov 10 00:53:36 GMT 2024","","SPACES","SPACES",""
"","2","BCHAIN.01","","Sun Nov 10 00:44:09 GMT 2024","passed","Sun Nov 10 00:44:09 GMT 2024","","ANTI-REGRESSION","ANTI-REGRESSION",""
"","371","IBC-XP.13","","Sun Nov 10 01:22:53 GMT 2024","passed","Sun Nov 10 01:22:53 GMT 2024","","ITERATIVE-CHAINING","ITERATIVE-CHAINING",""
"","2","F1-MODULEA.08","","Sun Nov 10 00:36:30 GMT 2024","passed","Sun Nov 10 00:36:30 GMT 2024","","HYPERON-EXPERIMENTAL-SCRIPTS","HYPERON-EXPERIMENTAL-SCRIPTS",""
"","2","ADD-REMOVE-MATCH-SS-SYMBOLS.12","","Sun Nov 10 00:53:36 GMT 2024","passed","Sun Nov 10 00:53:36 GMT 2024","","SPACES","SPACES",""
"","2","ADD-REMOVE-MATCH-MIX-FLOAT-INTEGER.21","","Sun Nov 10 00:53:36 GMT 2024","passed","Sun Nov 10 00:53:36 GMT 2024","","SPACES","SPACES",""
"","2","HYPERPOSING-SHARED.09","","Sun Nov 10 01:58:35 GMT 2024","passed","Sun Nov 10 01:58:35 GMT 2024","","BASIC","BASIC",""
"","53","APPEND-USING-EQUALITY.04","","Sun Nov 10 01:56:13 GMT 2024","failed","Sun Nov 10 01:56:13 GMT 2024","","MULTIDIRECTIONAL","MULTIDIRECTIONAL",""
"","4000","hyperon-experimental_scripts.d3_deptypes","","Sun Nov 10 00:36:26 GMT 2024","passed","Sun Nov 10 00:36:30 GMT 2024","","WHOLE-TESTS","WHOLE-TESTS",""
"","2","ADD-REMOVE-MATCH-SS-SYMBOLS.10","","Sun Nov 10 00:53:36 GMT 2024","passed","Sun Nov 10 00:53:36 GMT 2024","","SPACES","SPACES",""
"","3","DEDUCTIONEQUALTEST.02","","Sun Nov 10 01:19:14 GMT 2024","passed","Sun Nov 10 01:19:14 GMT 2024","","EQUAL","EQUAL",""
"","2","MATCH-VOID.07","","Sun Nov 10 00:42:04 GMT 2024","passed","Sun Nov 10 00:42:04 GMT 2024","","METTA-MORPH-TESTS","METTA-MORPH-TESTS",""
"","2","TMPMATCH2.02","","Sun Nov 10 01:49:54 GMT 2024","passed","Sun Nov 10 01:49:54 GMT 2024","","WALK-THRU","WALK-THRU",""
"","1","NATPARITYTEST.04","","Sun Nov 10 01:19:39 GMT 2024","passed","Sun Nov 10 01:19:39 GMT 2024","","HOL","HOL",""
"","1257","SYNTHESIZE-VIA-LET-TEST.08","","Sun Nov 10 01:27:30 GMT 2024","failed","Sun Nov 10 01:27:31 GMT 2024","","EXPERIMENTS","EXPERIMENTS",""
"","46000","walk_thru.bc_comp","","Sun Nov 10 00:36:26 GMT 2024","failed","Sun Nov 10 00:37:12 GMT 2024","","WHOLE-TESTS","WHOLE-TESTS",""
"","2","GROUNDED-BASIC.02","","Sun Nov 10 00:54:18 GMT 2024","passed","Sun Nov 10 00:54:18 GMT 2024","","STD","STD",""
"","13","TEST-INFER-FUNCTION-APPLICATION-TYPE.05","","Sun Nov 10 01:58:35 GMT 2024","failed","Sun Nov 10 01:58:35 GMT 2024","","BASIC","BASIC",""
"","5000","hyperon-experimental_scripts.b4_nondeterm","","Sun Nov 10 00:36:26 GMT 2024","passed","Sun Nov 10 00:36:31 GMT 2024","","WHOLE-TESTS","WHOLE-TESTS",""
"","2","ADD-REMOVE-MATCH-SS-SYMBOLS.09","","Sun Nov 10 00:53:36 GMT 2024","passed","Sun Nov 10 00:53:36 GMT 2024","","SPACES","SPACES",""
"","82","STDLIB-METTALOG-TEST-PT2.38","","Sun Nov 10 00:55:44 GMT 2024","failed","Sun Nov 10 00:55:44 GMT 2024","","STDLIB-METTALOG","STDLIB-METTALOG",""
"","2","SUPERCOLLAPSE.07","","Sun Nov 10 00:42:04 GMT 2024","passed","Sun Nov 10 00:42:04 GMT 2024","","METTA-MORPH-TESTS","METTA-MORPH-TESTS",""
"","2","BC-XP.27","","Sun Nov 10 01:16:45 GMT 2024","passed","Sun Nov 10 01:16:45 GMT 2024","","BACKWARD-CHAINING","BACKWARD-CHAINING",""
"","2","TESTS4.05","","Sun Nov 10 00:46:49 GMT 2024","passed","Sun Nov 10 00:46:49 GMT 2024","","MAIN-BRANCH","MAIN-BRANCH",""
"","3","BCHAIN-COMP.01","","Sun Nov 10 00:44:09 GMT 2024","passed","Sun Nov 10 00:44:09 GMT 2024","","ANTI-REGRESSION","ANTI-REGRESSION",""
"","2","ORDEREDSETTEST.02","","Sun Nov 10 01:16:54 GMT 2024","passed","Sun Nov 10 01:16:54 GMT 2024","","COMMON","COMMON",""
"","3","D4-TYPE-PROP.08","","Sun Nov 10 01:12:50 GMT 2024","passed","Sun Nov 10 01:12:50 GMT 2024","","CHECK-TYPES","CHECK-TYPES",""
"","2","XOR-TEST.09","","Sun Nov 10 00:38:07 GMT 2024","passed","Sun Nov 10 00:38:07 GMT 2024","","HYPERON-METTALOG-SANITY","HYPERON-METTALOG-SANITY",""
"","2","ADD-REMOVE-MATCH-SS-SYMBOLS.05","","Sun Nov 10 00:53:36 GMT 2024","passed","Sun Nov 10 00:53:36 GMT 2024","","SPACES","SPACES",""
"","39","IBC-XP.16","","Sun Nov 10 01:22:53 GMT 2024","failed","Sun Nov 10 01:22:53 GMT 2024","","ITERATIVE-CHAINING","ITERATIVE-CHAINING",""
"","116","TYPE-PROP.75","","Sun Nov 10 01:12:30 GMT 2024","failed","Sun Nov 10 01:12:30 GMT 2024","","CHECK-TYPES-TEMP","CHECK-TYPES-TEMP",""
"","2","SUBTRACTION-TEST.04","","Sun Nov 10 00:38:07 GMT 2024","passed","Sun Nov 10 00:38:07 GMT 2024","","HYPERON-METTALOG-SANITY","HYPERON-METTALOG-SANITY",""
"","127","BASE-TEST-REPR-PARSE-INTERSECTION.01","","Sun Nov 10 00:38:07 GMT 2024","passed","Sun Nov 10 00:38:07 GMT 2024","","HYPERON-METTALOG-SANITY","HYPERON-METTALOG-SANITY",""
"","3","TYPES-PRELIM.01","","Sun Nov 10 00:51:18 GMT 2024","passed","Sun Nov 10 00:51:18 GMT 2024","","CHAINING","CHAINING",""
"","2","B5-TYPES-PRELIM.17","","Sun Nov 10 00:36:30 GMT 2024","passed","Sun Nov 10 00:36:30 GMT 2024","","HYPERON-EXPERIMENTAL-SCRIPTS","HYPERON-EXPERIMENTAL-SCRIPTS",""
"","2","AI-SERVICE-COMPOSITION-SANITY.06","","Sun Nov 10 01:09:59 GMT 2024","passed","Sun Nov 10 01:09:59 GMT 2024","","AI-SERVICE","AI-SERVICE",""
"","26000","language_models.pllm_penntree","","Sun Nov 10 00:36:26 GMT 2024","passed","Sun Nov 10 00:36:52 GMT 2024","","WHOLE-TESTS","WHOLE-TESTS",""
"","2","ADD-REMOVE-MATCH-MIX-FLOAT-INTEGER.03","","Sun Nov 10 00:53:36 GMT 2024","passed","Sun Nov 10 00:53:36 GMT 2024","","SPACES","SPACES",""
"","2","D2-HIGHERFUNC.16","","Sun Nov 10 01:12:50 GMT 2024","passed","Sun Nov 10 01:12:50 GMT 2024","","CHECK-TYPES","CHECK-TYPES",""
"","2","ADD-REMOVE-MATCH-S-SYMBOLS.11","","Sun Nov 10 00:53:36 GMT 2024","passed","Sun Nov 10 00:53:36 GMT 2024","","SPACES","SPACES",""
"","2","ADD-ATOM-NAIVE-FIB.01","","Sun Nov 10 02:04:52 GMT 2024","passed","Sun Nov 10 02:04:52 GMT 2024","","COMPARISONS","COMPARISONS",""
"","40000","experiments.synthesize-via-case-test","","Sun Nov 10 00:36:26 GMT 2024","failed","Sun Nov 10 00:37:06 GMT 2024","","WHOLE-TESTS","WHOLE-TESTS",""
"","4000","experiments.unify-via-let","","Sun Nov 10 00:36:26 GMT 2024","passed","Sun Nov 10 00:36:30 GMT 2024","","WHOLE-TESTS","WHOLE-TESTS",""
"","2","BACKWARD-CHAINER-XP.09","","Sun Nov 10 01:16:41 GMT 2024","passed","Sun Nov 10 01:16:41 GMT 2024","","BACKWARD-CHAINER","BACKWARD-CHAINER",""
"","86","ADD-REMOVE-MATCH-FLOAT.14","","Sun Nov 10 00:53:36 GMT 2024","passed","Sun Nov 10 00:53:36 GMT 2024","","SPACES","SPACES",""
"","2","BACKWARD-CHAINER-XP.39","","Sun Nov 10 01:16:41 GMT 2024","passed","Sun Nov 10 01:16:41 GMT 2024","","BACKWARD-CHAINER","BACKWARD-CHAINER",""
"","4000","hyperon-experimental_scripts.c2_spaces","","Sun Nov 10 00:36:26 GMT 2024","passed","Sun Nov 10 00:36:30 GMT 2024","","WHOLE-TESTS","WHOLE-TESTS",""
"","4000","metta-morph_tests.states_spaces","","Sun Nov 10 00:36:26 GMT 2024","passed","Sun Nov 10 00:36:30 GMT 2024","","WHOLE-TESTS","WHOLE-TESTS",""
"","2","HYPERPOSING-UNSHARED.09","","Sun Nov 10 01:58:35 GMT 2024","passed","Sun Nov 10 01:58:35 GMT 2024","","BASIC","BASIC",""
"","64","C1-GROUNDED-BASIC.19","","Sun Nov 10 00:36:30 GMT 2024","passed","Sun Nov 10 00:36:30 GMT 2024","","HYPERON-EXPERIMENTAL-SCRIPTS","HYPERON-EXPERIMENTAL-SCRIPTS",""
"","2","ADD-REMOVE-MATCH-SS-SYMBOLS.02","","Sun Nov 10 00:53:36 GMT 2024","passed","Sun Nov 10 00:53:36 GMT 2024","","SPACES","SPACES",""
"","2","TRUTHVALUETEST.06","","Sun Nov 10 01:17:22 GMT 2024","passed","Sun Nov 10 01:17:22 GMT 2024","","TRUTHVALUE","TRUTHVALUE",""
"","2","TYPE-PROP.07","","Sun Nov 10 01:12:30 GMT 2024","passed","Sun Nov 10 01:12:30 GMT 2024","","CHECK-TYPES-TEMP","CHECK-TYPES-TEMP",""
"","2","XOR-TEST.11","","Sun Nov 10 00:38:07 GMT 2024","passed","Sun Nov 10 00:38:07 GMT 2024","","HYPERON-METTALOG-SANITY","HYPERON-METTALOG-SANITY",""
"","5000","basic.test_infer_function_application_type","","Sun Nov 10 00:36:26 GMT 2024","passed","Sun Nov 10 00:36:31 GMT 2024","","WHOLE-TESTS","WHOLE-TESTS",""
"","3","OR-TEST.13","","Sun Nov 10 00:38:07 GMT 2024","passed","Sun Nov 10 00:38:07 GMT 2024","","HYPERON-METTALOG-SANITY","HYPERON-METTALOG-SANITY",""
"","2","TYPE-PROP.40","","Sun Nov 10 01:12:30 GMT 2024","passed","Sun Nov 10 01:12:30 GMT 2024","","CHECK-TYPES-TEMP","CHECK-TYPES-TEMP",""
"","81","PREREQS.08","","Sun Nov 10 00:46:49 GMT 2024","failed","Sun Nov 10 00:46:49 GMT 2024","","MAIN-BRANCH","MAIN-BRANCH",""
"","3","FC-XP.30","","Sun Nov 10 01:19:34 GMT 2024","passed","Sun Nov 10 01:19:34 GMT 2024","","FORWARD-CHAINING","FORWARD-CHAINING",""
"","2","STDLIB-METTALOG-TEST-PT2.32","","Sun Nov 10 00:55:44 GMT 2024","passed","Sun Nov 10 00:55:44 GMT 2024","","STDLIB-METTALOG","STDLIB-METTALOG",""
"","2","HYPERPOSING-UNSHARED.05","","Sun Nov 10 01:58:35 GMT 2024","passed","Sun Nov 10 01:58:35 GMT 2024","","BASIC","BASIC",""
"","2","D4-TYPE-PROP.16","","Sun Nov 10 00:46:20 GMT 2024","passed","Sun Nov 10 00:46:20 GMT 2024","","QUICK","QUICK",""
"","2","D2-HIGHERFUNC.16","","Sun Nov 10 00:36:30 GMT 2024","passed","Sun Nov 10 00:36:30 GMT 2024","","HYPERON-EXPERIMENTAL-SCRIPTS","HYPERON-EXPERIMENTAL-SCRIPTS",""
"","3","00-LANG-CASE.01","","Sun Nov 10 00:38:07 GMT 2024","passed","Sun Nov 10 00:38:07 GMT 2024","","HYPERON-METTALOG-SANITY","HYPERON-METTALOG-SANITY",""
"","12000","walk_thru.bc_impl","","Sun Nov 10 00:36:26 GMT 2024","passed","Sun Nov 10 00:36:38 GMT 2024","","WHOLE-TESTS","WHOLE-TESTS",""
"","2","BACKWARD-CHAINER-XP.15","","Sun Nov 10 01:16:41 GMT 2024","passed","Sun Nov 10 01:16:41 GMT 2024","","BACKWARD-CHAINER","BACKWARD-CHAINER",""
"","2","B5-TYPES-PRELIM.09","","Sun Nov 10 01:12:30 GMT 2024","passed","Sun Nov 10 01:12:30 GMT 2024","","CHECK-TYPES-TEMP","CHECK-TYPES-TEMP",""
"","2","PLN-STV.01","","Sun Nov 10 00:51:18 GMT 2024","passed","Sun Nov 10 00:51:18 GMT 2024","","CHAINING","CHAINING",""
"","162","SYNTHESIZE-VIA-UNIFY-TEST.02","","Sun Nov 10 01:27:30 GMT 2024","failed","Sun Nov 10 01:27:30 GMT 2024","","EXPERIMENTS","EXPERIMENTS",""
"","2","ADD-ATOM-NAIVE-FIB.06","","Sun Nov 10 02:04:52 GMT 2024","passed","Sun Nov 10 02:04:52 GMT 2024","","COMPARISONS","COMPARISONS",""
"","82","TYPE-PROP.66","","Sun Nov 10 01:12:30 GMT 2024","failed","Sun Nov 10 01:12:30 GMT 2024","","CHECK-TYPES-TEMP","CHECK-TYPES-TEMP",""
"","2","C1-GROUNDED-BASIC.12","","Sun Nov 10 00:36:30 GMT 2024","passed","Sun Nov 10 00:36:30 GMT 2024","","HYPERON-EXPERIMENTAL-SCRIPTS","HYPERON-EXPERIMENTAL-SCRIPTS",""
"","84","CREATE-SERVER.03","","Sun Nov 10 01:54:21 GMT 2024","failed","Sun Nov 10 01:54:21 GMT 2024","","DISTRIBUTED-PROCESSING","DISTRIBUTED-PROCESSING",""
"","2","IBC-XP.11","","Sun Nov 10 01:22:53 GMT 2024","passed","Sun Nov 10 01:22:53 GMT 2024","","ITERATIVE-CHAINING","ITERATIVE-CHAINING",""
"","63","D5-AUTO-TYPES.05","","Sun Nov 10 00:36:30 GMT 2024","failed","Sun Nov 10 00:36:30 GMT 2024","","HYPERON-EXPERIMENTAL-SCRIPTS","HYPERON-EXPERIMENTAL-SCRIPTS",""
"","3","TESTS0.02","","Sun Nov 10 01:36:45 GMT 2024","passed","Sun Nov 10 01:36:45 GMT 2024","","NARS-V0","NARS-V0",""
"","14","IMPLICATIONDIRECTINTRODUCTIONENTAILTEST.04","","Sun Nov 10 01:19:04 GMT 2024","passed","Sun Nov 10 01:19:04 GMT 2024","","ENTAIL","ENTAIL",""
"","87","EXAM-SPACES.04","","Sun Nov 10 00:53:22 GMT 2024","passed","Sun Nov 10 00:53:22 GMT 2024","","INTROSPECT","INTROSPECT",""
"","2","FORWARD-CHAINER-XP.24","","Sun Nov 10 01:19:25 GMT 2024","passed","Sun Nov 10 01:19:25 GMT 2024","","FORWARD-CHAINER","FORWARD-CHAINER",""
"","5000","strips-to-metta-flat.queries_flat","","Sun Nov 10 00:36:26 GMT 2024","passed","Sun Nov 10 00:36:31 GMT 2024","","WHOLE-TESTS","WHOLE-TESTS",""
"","5000","collatz.classical","","Sun Nov 10 00:36:26 GMT 2024","passed","Sun Nov 10 00:36:31 GMT 2024","","WHOLE-TESTS","WHOLE-TESTS",""
"","3","FORWARD-CHAINER-TEST.12","","Sun Nov 10 01:19:25 GMT 2024","passed","Sun Nov 10 01:19:25 GMT 2024","","FORWARD-CHAINER","FORWARD-CHAINER",""
"","2","F1-IMPORTS.06","","Sun Nov 10 00:46:20 GMT 2024","passed","Sun Nov 10 00:46:20 GMT 2024","","QUICK","QUICK",""
"","2","D3-DEPTYPES.02","","Sun Nov 10 01:12:50 GMT 2024","passed","Sun Nov 10 01:12:50 GMT 2024","","CHECK-TYPES","CHECK-TYPES",""
"","3","FC-XP.04","","Sun Nov 10 01:19:34 GMT 2024","passed","Sun Nov 10 01:19:34 GMT 2024","","FORWARD-CHAINING","FORWARD-CHAINING",""
"","40000","basic.coins","","Sun Nov 10 00:36:26 GMT 2024","failed","Sun Nov 10 00:37:06 GMT 2024","","WHOLE-TESTS","WHOLE-TESTS",""
"","7000","stdlib-mettalog.stdlib_mettalog_test_pt2","","Sun Nov 10 00:36:26 GMT 2024","passed","Sun Nov 10 00:36:33 GMT 2024","","WHOLE-TESTS","WHOLE-TESTS",""
"","2","HYPERPOSING-SHARED.10","","Sun Nov 10 01:58:35 GMT 2024","passed","Sun Nov 10 01:58:35 GMT 2024","","BASIC","BASIC",""
"","2","HYPERPOSING-UNSHARED.10","","Sun Nov 10 01:58:35 GMT 2024","passed","Sun Nov 10 01:58:35 GMT 2024","","BASIC","BASIC",""
"","2","ADD-REMOVE-MATCH-SS-SYMBOLS.15","","Sun Nov 10 00:53:36 GMT 2024","passed","Sun Nov 10 00:53:36 GMT 2024","","SPACES","SPACES",""
"","2","IFC-XP.16","","Sun Nov 10 01:22:53 GMT 2024","passed","Sun Nov 10 01:22:53 GMT 2024","","ITERATIVE-CHAINING","ITERATIVE-CHAINING",""
"","3","INF-CTL-XP.01","","Sun Nov 10 01:20:51 GMT 2024","passed","Sun Nov 10 01:20:51 GMT 2024","","INFERENCE-CONTROL","INFERENCE-CONTROL",""
"","2","F1-MODULEA.07","","Sun Nov 10 00:46:20 GMT 2024","passed","Sun Nov 10 00:46:20 GMT 2024","","QUICK","QUICK",""
"","27","INF-CTL-XP.16","","Sun Nov 10 01:20:51 GMT 2024","failed","Sun Nov 10 01:20:51 GMT 2024","","INFERENCE-CONTROL","INFERENCE-CONTROL",""
"","2","MATCH-VOID.10","","Sun Nov 10 00:42:04 GMT 2024","passed","Sun Nov 10 00:42:04 GMT 2024","","METTA-MORPH-TESTS","METTA-MORPH-TESTS",""
"","2","F1-MODULEA.02","","Sun Nov 10 00:36:30 GMT 2024","passed","Sun Nov 10 00:36:30 GMT 2024","","HYPERON-EXPERIMENTAL-SCRIPTS","HYPERON-EXPERIMENTAL-SCRIPTS",""
"","183","SYNTHESIZE-VIA-UNIFY-TEST.05","","Sun Nov 10 01:27:30 GMT 2024","failed","Sun Nov 10 01:27:30 GMT 2024","","EXPERIMENTS","EXPERIMENTS",""
"","3","UNIQUE-TEST.01","","Sun Nov 10 00:38:07 GMT 2024","passed","Sun Nov 10 00:38:07 GMT 2024","","HYPERON-METTALOG-SANITY","HYPERON-METTALOG-SANITY",""
"","329","BASIC.04","","Sun Nov 10 01:09:46 GMT 2024","passed","Sun Nov 10 01:09:46 GMT 2024","","TRAVERSER","TRAVERSER",""
"","2","ADD-REMOVE-MATCH-S-STRINGS.10","","Sun Nov 10 00:53:36 GMT 2024","passed","Sun Nov 10 00:53:36 GMT 2024","","SPACES","SPACES",""
"","4000","check_types-temp.soring-via-insert","","Sun Nov 10 00:36:26 GMT 2024","passed","Sun Nov 10 00:36:30 GMT 2024","","WHOLE-TESTS","WHOLE-TESTS",""
"","2","BC-XP.25","","Sun Nov 10 01:16:45 GMT 2024","passed","Sun Nov 10 01:16:45 GMT 2024","","BACKWARD-CHAINING","BACKWARD-CHAINING",""
"","197","USE-TWO-SERVERS.01","","Sun Nov 10 01:54:21 GMT 2024","failed","Sun Nov 10 01:54:21 GMT 2024","","DISTRIBUTED-PROCESSING","DISTRIBUTED-PROCESSING",""
"","2","LTE.02","","Sun Nov 10 00:54:18 GMT 2024","passed","Sun Nov 10 00:54:18 GMT 2024","","STD","STD",""
"","2","INF-CTL-MONTH-BC-CONT-XP.27","","Sun Nov 10 01:20:51 GMT 2024","passed","Sun Nov 10 01:20:51 GMT 2024","","INFERENCE-CONTROL","INFERENCE-CONTROL",""
"","14","D1-GADT.04","","Sun Nov 10 00:46:20 GMT 2024","passed","Sun Nov 10 00:46:20 GMT 2024","","QUICK","QUICK",""
"","87","INF-CTL-MONTH-XP-SHORT-3.15","","Sun Nov 10 02:04:52 GMT 2024","failed","Sun Nov 10 02:04:52 GMT 2024","","COMPARISONS","COMPARISONS",""
"","3","D3-DEPTYPES.01","","Sun Nov 10 01:12:50 GMT 2024","passed","Sun Nov 10 01:12:50 GMT 2024","","CHECK-TYPES","CHECK-TYPES",""
"","2","B4-NONDETERM.09","","Sun Nov 10 00:36:30 GMT 2024","passed","Sun Nov 10 00:36:30 GMT 2024","","HYPERON-EXPERIMENTAL-SCRIPTS","HYPERON-EXPERIMENTAL-SCRIPTS",""
"","3","F1-IMPORTS.16","","Sun Nov 10 00:36:30 GMT 2024","passed","Sun Nov 10 00:36:30 GMT 2024","","HYPERON-EXPERIMENTAL-SCRIPTS","HYPERON-EXPERIMENTAL-SCRIPTS",""
"","39","STDLIB-METTALOG-TEST-PT2.16","","Sun Nov 10 00:55:44 GMT 2024","failed","Sun Nov 10 00:55:44 GMT 2024","","STDLIB-METTALOG","STDLIB-METTALOG",""
"","1","TYPE-PROP.27","","Sun Nov 10 01:12:30 GMT 2024","passed","Sun Nov 10 01:12:30 GMT 2024","","CHECK-TYPES-TEMP","CHECK-TYPES-TEMP",""
"","2","UNWEIGHTED-PLLM.05","","Sun Nov 10 02:11:07 GMT 2024","passed","Sun Nov 10 02:11:07 GMT 2024","","LANGUAGE-MODELS","LANGUAGE-MODELS",""
"","56","D5-AUTO-TYPES.05","","Sun Nov 10 01:12:50 GMT 2024","failed","Sun Nov 10 01:12:50 GMT 2024","","CHECK-TYPES","CHECK-TYPES",""
"","2","METTALOGTESTCURRIED2.05","","Sun Nov 10 01:49:54 GMT 2024","passed","Sun Nov 10 01:49:54 GMT 2024","","WALK-THRU","WALK-THRU",""
"","5000","hol.NatDTLTest","","Sun Nov 10 00:36:26 GMT 2024","passed","Sun Nov 10 00:36:31 GMT 2024","","WHOLE-TESTS","WHOLE-TESTS",""
"","3","F1-MODULEA.05","","Sun Nov 10 00:46:20 GMT 2024","passed","Sun Nov 10 00:46:20 GMT 2024","","QUICK","QUICK",""
"","2","TYPES2.04","","Sun Nov 10 00:42:04 GMT 2024","passed","Sun Nov 10 00:42:04 GMT 2024","","METTA-MORPH-TESTS","METTA-MORPH-TESTS",""
"","2","CHAPTER-1-1.14","","Sun Nov 10 00:55:54 GMT 2024","passed","Sun Nov 10 00:55:54 GMT 2024","","SICP-BOOK","SICP-BOOK",""
"","3","00A-LANG-COMPILED-CASE.02","","Sun Nov 10 01:48:28 GMT 2024","passed","Sun Nov 10 01:48:28 GMT 2024","","DIRECT-COMP","DIRECT-COMP",""
"","5000","match.ImplicationDirectIntroductionMatchTest","","Sun Nov 10 00:36:26 GMT 2024","passed","Sun Nov 10 00:36:31 GMT 2024","","WHOLE-TESTS","WHOLE-TESTS",""
"","2","INF-CTL-MONTH-BC-CONT-XP.07","","Sun Nov 10 01:20:51 GMT 2024","passed","Sun Nov 10 01:20:51 GMT 2024","","INFERENCE-CONTROL","INFERENCE-CONTROL",""
"","2","DEDUCTIONFORMULATEST.12","","Sun Nov 10 01:17:17 GMT 2024","passed","Sun Nov 10 01:17:17 GMT 2024","","FORMULA","FORMULA",""
"","6","PREREQS.09","","Sun Nov 10 00:46:49 GMT 2024","passed","Sun Nov 10 00:46:49 GMT 2024","","MAIN-BRANCH","MAIN-BRANCH",""
"","15","STDLIB-METTALOG-TEST-PT2.35","","Sun Nov 10 00:55:44 GMT 2024","passed","Sun Nov 10 00:55:44 GMT 2024","","STDLIB-METTALOG","STDLIB-METTALOG",""
"","65","CREATE-SERVER.04","","Sun Nov 10 01:54:21 GMT 2024","failed","Sun Nov 10 01:54:21 GMT 2024","","DISTRIBUTED-PROCESSING","DISTRIBUTED-PROCESSING",""
"","2","TESTS0.03","","Sun Nov 10 01:31:41 GMT 2024","passed","Sun Nov 10 01:31:41 GMT 2024","","CURRENT","CURRENT",""
"","2","NUMTEST.10","","Sun Nov 10 01:16:54 GMT 2024","passed","Sun Nov 10 01:16:54 GMT 2024","","COMMON","COMMON",""
"","3","ORDEREDSETTEST.01","","Sun Nov 10 01:16:54 GMT 2024","passed","Sun Nov 10 01:16:54 GMT 2024","","COMMON","COMMON",""
"","2","D2-HIGHERFUNC.17","","Sun Nov 10 00:36:30 GMT 2024","passed","Sun Nov 10 00:36:30 GMT 2024","","HYPERON-EXPERIMENTAL-SCRIPTS","HYPERON-EXPERIMENTAL-SCRIPTS",""
"","2","MATCH-VOID.09","","Sun Nov 10 00:42:04 GMT 2024","passed","Sun Nov 10 00:42:04 GMT 2024","","METTA-MORPH-TESTS","METTA-MORPH-TESTS",""
"","2","D1-GADT.03","","Sun Nov 10 00:36:30 GMT 2024","passed","Sun Nov 10 00:36:30 GMT 2024","","HYPERON-EXPERIMENTAL-SCRIPTS","HYPERON-EXPERIMENTAL-SCRIPTS",""
"","2","TESTS4.03","","Sun Nov 10 00:46:49 GMT 2024","passed","Sun Nov 10 00:46:49 GMT 2024","","MAIN-BRANCH","MAIN-BRANCH",""
"","116","UNWEIGHTED-PLLM.06","","Sun Nov 10 02:11:07 GMT 2024","failed","Sun Nov 10 02:11:07 GMT 2024","","LANGUAGE-MODELS","LANGUAGE-MODELS",""
"","2","CML-UNSHARED.09","","Sun Nov 10 01:58:35 GMT 2024","passed","Sun Nov 10 01:58:35 GMT 2024","","BASIC","BASIC",""
"","2","PC-XP.07","","Sun Nov 10 01:25:38 GMT 2024","passed","Sun Nov 10 01:25:38 GMT 2024","","POLYWARD-CHAINING","POLYWARD-CHAINING",""
"","2","ORDEREDSETTEST.08","","Sun Nov 10 01:16:54 GMT 2024","passed","Sun Nov 10 01:16:54 GMT 2024","","COMMON","COMMON",""
"","220","INF-CTL-MONTH-XP-LONG.01","","Sun Nov 10 02:04:52 GMT 2024","failed","Sun Nov 10 02:04:52 GMT 2024","","COMPARISONS","COMPARISONS",""
"","2","UNIFY-VIA-CASE.02","","Sun Nov 10 01:27:30 GMT 2024","passed","Sun Nov 10 01:27:30 GMT 2024","","EXPERIMENTS","EXPERIMENTS",""
"","1","ADD-REMOVE-MATCH-SS-STRINGS.02","","Sun Nov 10 00:53:36 GMT 2024","passed","Sun Nov 10 00:53:36 GMT 2024","","SPACES","SPACES",""
"","2","D2-HIGHERFUNC.19","","Sun Nov 10 00:46:20 GMT 2024","passed","Sun Nov 10 00:46:20 GMT 2024","","QUICK","QUICK",""
"","4000","metta-morph_tests.letlet","","Sun Nov 10 00:36:26 GMT 2024","passed","Sun Nov 10 00:36:30 GMT 2024","","WHOLE-TESTS","WHOLE-TESTS",""
"","4000","walk_thru.bchain","","Sun Nov 10 00:36:26 GMT 2024","passed","Sun Nov 10 00:36:30 GMT 2024","","WHOLE-TESTS","WHOLE-TESTS",""
"","40000","combinator-calculi.y_comb_examples","","Sun Nov 10 00:36:26 GMT 2024","failed","Sun Nov 10 00:37:06 GMT 2024","","WHOLE-TESTS","WHOLE-TESTS",""
"","5","ADD-REMOVE-MATCH-MIX-FLOAT-INTEGER.30","","Sun Nov 10 00:53:36 GMT 2024","passed","Sun Nov 10 00:53:36 GMT 2024","","SPACES","SPACES",""
"","2","B4-NONDETERM.08","","Sun Nov 10 00:36:30 GMT 2024","passed","Sun Nov 10 00:36:30 GMT 2024","","HYPERON-EXPERIMENTAL-SCRIPTS","HYPERON-EXPERIMENTAL-SCRIPTS",""
"","14","CHAPTER-2-4.20","","Sun Nov 10 00:55:54 GMT 2024","failed","Sun Nov 10 00:55:54 GMT 2024","","SICP-BOOK","SICP-BOOK",""
"","2","D2-HIGHERFUNC.23","","Sun Nov 10 00:46:20 GMT 2024","passed","Sun Nov 10 00:46:20 GMT 2024","","QUICK","QUICK",""
"","2","ADD-REMOVE-MATCH-STRINGS.10","","Sun Nov 10 00:53:36 GMT 2024","passed","Sun Nov 10 00:53:36 GMT 2024","","SPACES","SPACES",""
"","2","B5-TYPES-PRELIM.23","","Sun Nov 10 00:36:30 GMT 2024","passed","Sun Nov 10 00:36:30 GMT 2024","","HYPERON-EXPERIMENTAL-SCRIPTS","HYPERON-EXPERIMENTAL-SCRIPTS",""
"","3","TEST-LIST-CONCATENATION.01","","Sun Nov 10 01:58:35 GMT 2024","passed","Sun Nov 10 01:58:35 GMT 2024","","BASIC","BASIC",""
"","5000","new.tests0","","Sun Nov 10 00:36:26 GMT 2024","passed","Sun Nov 10 00:36:31 GMT 2024","","WHOLE-TESTS","WHOLE-TESTS",""
"","2","BACKWARD-CHAINER-XP.14","","Sun Nov 10 01:16:41 GMT 2024","passed","Sun Nov 10 01:16:41 GMT 2024","","BACKWARD-CHAINER","BACKWARD-CHAINER",""
"","93","NUMTEST.07","","Sun Nov 10 01:16:54 GMT 2024","failed","Sun Nov 10 01:16:54 GMT 2024","","COMMON","COMMON",""
"","2","CHAPTER-1-1.13","","Sun Nov 10 00:55:54 GMT 2024","passed","Sun Nov 10 00:55:54 GMT 2024","","SICP-BOOK","SICP-BOOK",""
"","3","LISTTEST.08","","Sun Nov 10 01:16:54 GMT 2024","passed","Sun Nov 10 01:16:54 GMT 2024","","COMMON","COMMON",""
"","2","TMPMATCH1.04","","Sun Nov 10 00:44:09 GMT 2024","passed","Sun Nov 10 00:44:09 GMT 2024","","ANTI-REGRESSION","ANTI-REGRESSION",""
"","2","C1-GROUNDED-BASIC.13","","Sun Nov 10 00:36:30 GMT 2024","passed","Sun Nov 10 00:36:30 GMT 2024","","HYPERON-EXPERIMENTAL-SCRIPTS","HYPERON-EXPERIMENTAL-SCRIPTS",""
"","2","E2-STATES.05","","Sun Nov 10 00:36:30 GMT 2024","passed","Sun Nov 10 00:36:30 GMT 2024","","HYPERON-EXPERIMENTAL-SCRIPTS","HYPERON-EXPERIMENTAL-SCRIPTS",""
"","2","C1-GROUNDED-BASIC.07","","Sun Nov 10 00:46:20 GMT 2024","passed","Sun Nov 10 00:46:20 GMT 2024","","QUICK","QUICK",""
"","3","NATSTANDALONETEST.01","","Sun Nov 10 01:19:39 GMT 2024","passed","Sun Nov 10 01:19:39 GMT 2024","","HOL","HOL",""
"","2","IBC-XP.17","","Sun Nov 10 01:22:53 GMT 2024","passed","Sun Nov 10 01:22:53 GMT 2024","","ITERATIVE-CHAINING","ITERATIVE-CHAINING",""
"","2","STDLIB-METTALOG-TEST-PT2.24","","Sun Nov 10 00:55:44 GMT 2024","passed","Sun Nov 10 00:55:44 GMT 2024","","STDLIB-METTALOG","STDLIB-METTALOG",""
"","46","TYPES-PRELIM.11","","Sun Nov 10 00:51:18 GMT 2024","failed","Sun Nov 10 00:51:18 GMT 2024","","CHAINING","CHAINING",""
"","44","BACKWARD-CHAINER-XP.13","","Sun Nov 10 01:16:41 GMT 2024","failed","Sun Nov 10 01:16:41 GMT 2024","","BACKWARD-CHAINER","BACKWARD-CHAINER",""
"","64","STDLIB-METTALOG-TEST-PT2.12","","Sun Nov 10 00:55:44 GMT 2024","failed","Sun Nov 10 00:55:44 GMT 2024","","STDLIB-METTALOG","STDLIB-METTALOG",""
"","2","CHAPTER-2-4.16","","Sun Nov 10 00:55:54 GMT 2024","passed","Sun Nov 10 00:55:54 GMT 2024","","SICP-BOOK","SICP-BOOK",""
"","4000","metta-morph_tests.types2","","Sun Nov 10 00:36:26 GMT 2024","passed","Sun Nov 10 00:36:30 GMT 2024","","WHOLE-TESTS","WHOLE-TESTS",""
"","45","FC-XP.05","","Sun Nov 10 01:19:34 GMT 2024","failed","Sun Nov 10 01:19:34 GMT 2024","","FORWARD-CHAINING","FORWARD-CHAINING",""
"","13","D4-TYPE-PROP.03","","Sun Nov 10 00:46:20 GMT 2024","passed","Sun Nov 10 00:46:20 GMT 2024","","QUICK","QUICK",""
"","72","STDLIB-METTALOG-TEST-PT2.17","","Sun Nov 10 00:55:44 GMT 2024","failed","Sun Nov 10 00:55:44 GMT 2024","","STDLIB-METTALOG","STDLIB-METTALOG",""
"","4000","chaining.backward_chain","","Sun Nov 10 00:36:26 GMT 2024","passed","Sun Nov 10 00:36:30 GMT 2024","","WHOLE-TESTS","WHOLE-TESTS",""
"","2","IBC-XP.20","","Sun Nov 10 01:22:53 GMT 2024","passed","Sun Nov 10 01:22:53 GMT 2024","","ITERATIVE-CHAINING","ITERATIVE-CHAINING",""
"","3","HYPERPOSING-SHARED.01","","Sun Nov 10 01:58:35 GMT 2024","passed","Sun Nov 10 01:58:35 GMT 2024","","BASIC","BASIC",""
"","2","ORDEREDSETTEST.06","","Sun Nov 10 01:16:54 GMT 2024","passed","Sun Nov 10 01:16:54 GMT 2024","","COMMON","COMMON",""
"","2","LISTTEST.02","","Sun Nov 10 01:16:54 GMT 2024","passed","Sun Nov 10 01:16:54 GMT 2024","","COMMON","COMMON",""
"","2","FORWARD-CHAINER-XP.10","","Sun Nov 10 01:19:25 GMT 2024","passed","Sun Nov 10 01:19:25 GMT 2024","","FORWARD-CHAINER","FORWARD-CHAINER",""
"","3","06-MATCH-IN-SPACE.04","","Sun Nov 10 00:38:07 GMT 2024","passed","Sun Nov 10 00:38:07 GMT 2024","","HYPERON-METTALOG-SANITY","HYPERON-METTALOG-SANITY",""
"","261","SYNTHESIZE-VIA-LET-TEST.05","","Sun Nov 10 01:27:30 GMT 2024","failed","Sun Nov 10 01:27:30 GMT 2024","","EXPERIMENTS","EXPERIMENTS",""
"","2","HIGHER-ORDER-FUNCS.10","","Sun Nov 10 00:54:18 GMT 2024","passed","Sun Nov 10 00:54:18 GMT 2024","","STD","STD",""
"","3","D1-GADT.12","","Sun Nov 10 00:36:30 GMT 2024","passed","Sun Nov 10 00:36:30 GMT 2024","","HYPERON-EXPERIMENTAL-SCRIPTS","HYPERON-EXPERIMENTAL-SCRIPTS",""
"","41000","comparisons.fibo_arg1c","","Sun Nov 10 00:36:26 GMT 2024","failed","Sun Nov 10 00:37:07 GMT 2024","","WHOLE-TESTS","WHOLE-TESTS",""
"","65","F1-IMPORTS.21","","Sun Nov 10 00:46:20 GMT 2024","passed","Sun Nov 10 00:46:20 GMT 2024","","QUICK","QUICK",""
"","2","INTERSECTION-TESTS.08","","Sun Nov 10 00:38:07 GMT 2024","passed","Sun Nov 10 00:38:07 GMT 2024","","HYPERON-METTALOG-SANITY","HYPERON-METTALOG-SANITY",""
"","2","INTERSECTION-TESTS.09","","Sun Nov 10 00:38:07 GMT 2024","passed","Sun Nov 10 00:38:07 GMT 2024","","HYPERON-METTALOG-SANITY","HYPERON-METTALOG-SANITY",""
"","54","STDLIB-METTALOG-TEST-PT2.23","","Sun Nov 10 00:55:44 GMT 2024","failed","Sun Nov 10 00:55:44 GMT 2024","","STDLIB-METTALOG","STDLIB-METTALOG",""
"","45","TESTS1-PRE.05","","Sun Nov 10 00:46:49 GMT 2024","failed","Sun Nov 10 00:46:49 GMT 2024","","MAIN-BRANCH","MAIN-BRANCH",""
"","125","TYPE-PROP.76","","Sun Nov 10 01:12:30 GMT 2024","failed","Sun Nov 10 01:12:30 GMT 2024","","CHECK-TYPES-TEMP","CHECK-TYPES-TEMP",""
"","877","BC-IMPL.01","","Sun Nov 10 01:49:54 GMT 2024","passed","Sun Nov 10 01:49:54 GMT 2024","","WALK-THRU","WALK-THRU",""
"","2","NATPARITYTEST.09","","Sun Nov 10 01:19:39 GMT 2024","passed","Sun Nov 10 01:19:39 GMT 2024","","HOL","HOL",""
"","69","IMPL-METTALOGTESTCURRIED.07","","Sun Nov 10 01:49:54 GMT 2024","passed","Sun Nov 10 01:49:54 GMT 2024","","WALK-THRU","WALK-THRU",""
"","5","SPACE-SUBTRACTION-TESTS.10","","Sun Nov 10 00:38:07 GMT 2024","passed","Sun Nov 10 00:38:07 GMT 2024","","HYPERON-METTALOG-SANITY","HYPERON-METTALOG-SANITY",""
"","7000","chaining.v2-pln-xp-sys-impl","","Sun Nov 10 00:36:26 GMT 2024","passed","Sun Nov 10 00:36:33 GMT 2024","","WHOLE-TESTS","WHOLE-TESTS",""
"","3","BC-COMP.04","","Sun Nov 10 00:44:09 GMT 2024","passed","Sun Nov 10 00:44:09 GMT 2024","","ANTI-REGRESSION","ANTI-REGRESSION",""
"","5","GROUNDED-BASIC.05","","Sun Nov 10 00:54:18 GMT 2024","passed","Sun Nov 10 00:54:18 GMT 2024","","STD","STD",""
"","99","GROUNDED-BASIC.03","","Sun Nov 10 00:54:18 GMT 2024","passed","Sun Nov 10 00:54:18 GMT 2024","","STD","STD",""
"","1","V2-PLN-XP.04","","Sun Nov 10 00:51:18 GMT 2024","passed","Sun Nov 10 00:51:18 GMT 2024","","CHAINING","CHAINING",""
"","3","IDENTITY.01","","Sun Nov 10 00:42:04 GMT 2024","passed","Sun Nov 10 00:42:04 GMT 2024","","METTA-MORPH-TESTS","METTA-MORPH-TESTS",""
"","142","FORWARD-CHAINER-XP.20","","Sun Nov 10 01:19:25 GMT 2024","passed","Sun Nov 10 01:19:25 GMT 2024","","FORWARD-CHAINER","FORWARD-CHAINER",""
"","5000","spaces.add-remove-match-symbols","","Sun Nov 10 00:36:26 GMT 2024","passed","Sun Nov 10 00:36:31 GMT 2024","","WHOLE-TESTS","WHOLE-TESTS",""
"","3","QUERIES.12","","Sun Nov 10 01:09:05 GMT 2024","passed","Sun Nov 10 01:09:05 GMT 2024","","STRIPS-TO-METTA-IMPROVED","STRIPS-TO-METTA-IMPROVED",""
"","15000","anti-regression.system_proofTestCurried","","Sun Nov 10 00:36:26 GMT 2024","failed","Sun Nov 10 00:36:41 GMT 2024","","WHOLE-TESTS","WHOLE-TESTS",""
"","149","TESTS0.01","","Sun Nov 10 01:40:39 GMT 2024","passed","Sun Nov 10 01:40:39 GMT 2024","","NEW","NEW",""
"","1","CURRIED-CHAINER.04","","Sun Nov 10 01:17:31 GMT 2024","passed","Sun Nov 10 01:17:31 GMT 2024","","CURRIED-CHAINING","CURRIED-CHAINING",""
"","23990","TIME-SYNTHESIZE-SHORT.02","","Sun Nov 10 00:39:54 GMT 2024","passed","Sun Nov 10 00:40:17 GMT 2024","","SYNTH-BUFFER","SYNTH-BUFFER",""
"","482","TESTS0.08","","Sun Nov 10 01:31:41 GMT 2024","failed","Sun Nov 10 01:31:41 GMT 2024","","CURRENT","CURRENT",""
"","1","TYPE-PROP.36","","Sun Nov 10 01:12:30 GMT 2024","passed","Sun Nov 10 01:12:30 GMT 2024","","CHECK-TYPES-TEMP","CHECK-TYPES-TEMP",""
"","6000","bigram-sentence-evaluator.unigrams","","Sun Nov 10 00:36:26 GMT 2024","passed","Sun Nov 10 00:36:32 GMT 2024","","WHOLE-TESTS","WHOLE-TESTS",""
"","2","BACKWARD-CHAINER-XP.41","","Sun Nov 10 01:16:41 GMT 2024","passed","Sun Nov 10 01:16:41 GMT 2024","","BACKWARD-CHAINER","BACKWARD-CHAINER",""
"","62","STDLIB-METTALOG-TEST-PT2.25","","Sun Nov 10 00:55:44 GMT 2024","failed","Sun Nov 10 00:55:44 GMT 2024","","STDLIB-METTALOG","STDLIB-METTALOG",""
"","3","CHAPTER-1-1.01","","Sun Nov 10 00:55:54 GMT 2024","passed","Sun Nov 10 00:55:54 GMT 2024","","SICP-BOOK","SICP-BOOK",""
"","145","BASIC.10","","Sun Nov 10 01:09:46 GMT 2024","failed","Sun Nov 10 01:09:46 GMT 2024","","TRAVERSER","TRAVERSER",""
"","2","NATDTLTEST.03","","Sun Nov 10 01:19:39 GMT 2024","passed","Sun Nov 10 01:19:39 GMT 2024","","HOL","HOL",""
"","1","00-LANG-CASE.10","","Sun Nov 10 00:38:07 GMT 2024","passed","Sun Nov 10 00:38:07 GMT 2024","","HYPERON-METTALOG-SANITY","HYPERON-METTALOG-SANITY",""
"","2","METTALOGTESTCURRIED2.01","","Sun Nov 10 00:44:09 GMT 2024","passed","Sun Nov 10 00:44:09 GMT 2024","","ANTI-REGRESSION","ANTI-REGRESSION",""
"","1","NATPARITYTEST.13","","Sun Nov 10 01:19:39 GMT 2024","passed","Sun Nov 10 01:19:39 GMT 2024","","HOL","HOL",""
"","114","TYPE-PROP.73","","Sun Nov 10 01:12:30 GMT 2024","failed","Sun Nov 10 01:12:30 GMT 2024","","CHECK-TYPES-TEMP","CHECK-TYPES-TEMP",""
"","2","D1-GADT.06","","Sun Nov 10 00:46:20 GMT 2024","passed","Sun Nov 10 00:46:20 GMT 2024","","QUICK","QUICK",""
"","15","STDLIB-METTALOG-TEST-PT2.53","","Sun Nov 10 00:55:44 GMT 2024","failed","Sun Nov 10 00:55:44 GMT 2024","","STDLIB-METTALOG","STDLIB-METTALOG",""
"","2","SEQUENTIAL-NESTED.01","","Sun Nov 10 00:42:04 GMT 2024","passed","Sun Nov 10 00:42:04 GMT 2024","","METTA-MORPH-TESTS","METTA-MORPH-TESTS",""
"","2","D2-HIGHERFUNC.24","","Sun Nov 10 00:36:30 GMT 2024","passed","Sun Nov 10 00:36:30 GMT 2024","","HYPERON-EXPERIMENTAL-SCRIPTS","HYPERON-EXPERIMENTAL-SCRIPTS",""
"","2","D2-HIGHERFUNC.16","","Sun Nov 10 00:46:20 GMT 2024","passed","Sun Nov 10 00:46:20 GMT 2024","","QUICK","QUICK",""
"","2","TYPE-PROP.20","","Sun Nov 10 01:12:30 GMT 2024","passed","Sun Nov 10 01:12:30 GMT 2024","","CHECK-TYPES-TEMP","CHECK-TYPES-TEMP",""
"","1","NATPARITYTEST.14","","Sun Nov 10 01:19:39 GMT 2024","passed","Sun Nov 10 01:19:39 GMT 2024","","HOL","HOL",""
"","2","BC-XP.28","","Sun Nov 10 01:16:45 GMT 2024","passed","Sun Nov 10 01:16:45 GMT 2024","","BACKWARD-CHAINING","BACKWARD-CHAINING",""
"","2","TMPMATCH1.02","","Sun Nov 10 00:44:09 GMT 2024","passed","Sun Nov 10 00:44:09 GMT 2024","","ANTI-REGRESSION","ANTI-REGRESSION",""
"","3","TEST-IF-CLOSED.06","","Sun Nov 10 01:49:54 GMT 2024","passed","Sun Nov 10 01:49:54 GMT 2024","","WALK-THRU","WALK-THRU",""
"","2","PC-XP.13","","Sun Nov 10 01:25:38 GMT 2024","passed","Sun Nov 10 01:25:38 GMT 2024","","POLYWARD-CHAINING","POLYWARD-CHAINING",""
"","2","BC-XP.15","","Sun Nov 10 01:16:45 GMT 2024","passed","Sun Nov 10 01:16:45 GMT 2024","","BACKWARD-CHAINING","BACKWARD-CHAINING",""
"","1","HYPERPOSING-SHARED.05","","Sun Nov 10 01:58:35 GMT 2024","passed","Sun Nov 10 01:58:35 GMT 2024","","BASIC","BASIC",""
"","254","SYNTHESIZE-VIA-CASE-TEST.05","","Sun Nov 10 01:27:30 GMT 2024","failed","Sun Nov 10 01:27:30 GMT 2024","","EXPERIMENTS","EXPERIMENTS",""
"","4","TRUTHVALUETEST.03","","Sun Nov 10 01:17:22 GMT 2024","passed","Sun Nov 10 01:17:22 GMT 2024","","TRUTHVALUE","TRUTHVALUE",""
"","41000","SICP_book.chapter_1_2","","Sun Nov 10 00:36:26 GMT 2024","failed","Sun Nov 10 00:37:07 GMT 2024","","WHOLE-TESTS","WHOLE-TESTS",""
"","5000","synthesis.UnifyTest","","Sun Nov 10 00:36:26 GMT 2024","passed","Sun Nov 10 00:36:31 GMT 2024","","WHOLE-TESTS","WHOLE-TESTS",""
"","7264","PROB-DEP-TYPES.14","","Sun Nov 10 01:04:32 GMT 2024","failed","Sun Nov 10 01:04:39 GMT 2024","","PROB-DEP-TYPES","PROB-DEP-TYPES",""
"","83","QUERIES.17","","Sun Nov 10 01:09:05 GMT 2024","failed","Sun Nov 10 01:09:05 GMT 2024","","STRIPS-TO-METTA-IMPROVED","STRIPS-TO-METTA-IMPROVED",""
"","2","STRING-TESTS.12","","Sun Nov 10 00:38:07 GMT 2024","passed","Sun Nov 10 00:38:07 GMT 2024","","HYPERON-METTALOG-SANITY","HYPERON-METTALOG-SANITY",""
"","44","IFC-XP.20","","Sun Nov 10 01:22:53 GMT 2024","failed","Sun Nov 10 01:22:53 GMT 2024","","ITERATIVE-CHAINING","ITERATIVE-CHAINING",""
"","52","IFC-XP.01","","Sun Nov 10 01:22:53 GMT 2024","failed","Sun Nov 10 01:22:53 GMT 2024","","ITERATIVE-CHAINING","ITERATIVE-CHAINING",""
"","2","CHAPTER-2-4.03","","Sun Nov 10 00:55:54 GMT 2024","passed","Sun Nov 10 00:55:54 GMT 2024","","SICP-BOOK","SICP-BOOK",""
"","15000","anti-regression.debug_mettalogTestCurried","","Sun Nov 10 00:36:26 GMT 2024","failed","Sun Nov 10 00:36:41 GMT 2024","","WHOLE-TESTS","WHOLE-TESTS",""
"","1","SPACE-INTERSECTION-TESTS.02","","Sun Nov 10 00:38:07 GMT 2024","passed","Sun Nov 10 00:38:07 GMT 2024","","HYPERON-METTALOG-SANITY","HYPERON-METTALOG-SANITY",""
"","3","TYPE-PROP.41","","Sun Nov 10 01:12:30 GMT 2024","passed","Sun Nov 10 01:12:30 GMT 2024","","CHECK-TYPES-TEMP","CHECK-TYPES-TEMP",""
"","4000","check_types.d5_auto_types","","Sun Nov 10 00:36:26 GMT 2024","passed","Sun Nov 10 00:36:30 GMT 2024","","WHOLE-TESTS","WHOLE-TESTS",""
"","3","C2-SPACES.04","","Sun Nov 10 00:36:30 GMT 2024","passed","Sun Nov 10 00:36:30 GMT 2024","","HYPERON-EXPERIMENTAL-SCRIPTS","HYPERON-EXPERIMENTAL-SCRIPTS",""
"","14","REVERSE-ARITHMETIC.02","","Sun Nov 10 01:52:55 GMT 2024","failed","Sun Nov 10 01:52:55 GMT 2024","","BIDIRECTIONAL-COMPUTATION","BIDIRECTIONAL-COMPUTATION",""
"","2","AI-SERVICE-COMPOSITION-SANITY.04","","Sun Nov 10 01:09:59 GMT 2024","passed","Sun Nov 10 01:09:59 GMT 2024","","AI-SERVICE","AI-SERVICE",""
"","4000","anti-regression.bchain_comp","","Sun Nov 10 00:36:26 GMT 2024","passed","Sun Nov 10 00:36:30 GMT 2024","","WHOLE-TESTS","WHOLE-TESTS",""
"","2","LISTTEST.11","","Sun Nov 10 01:16:54 GMT 2024","passed","Sun Nov 10 01:16:54 GMT 2024","","COMMON","COMMON",""
"","6","V2-PLN-XP.02","","Sun Nov 10 00:51:18 GMT 2024","passed","Sun Nov 10 00:51:18 GMT 2024","","CHAINING","CHAINING",""
"","3","FC-XP.19","","Sun Nov 10 01:19:34 GMT 2024","passed","Sun Nov 10 01:19:34 GMT 2024","","FORWARD-CHAINING","FORWARD-CHAINING",""
"","267","SHOW-TYPE.16","","Sun Nov 10 00:53:22 GMT 2024","failed","Sun Nov 10 00:53:22 GMT 2024","","INTROSPECT","INTROSPECT",""
"","16","INF-CTL-XP.15","","Sun Nov 10 01:20:51 GMT 2024","failed","Sun Nov 10 01:20:51 GMT 2024","","INFERENCE-CONTROL","INFERENCE-CONTROL",""
"","1","D4-TYPE-PROP.21","","Sun Nov 10 01:12:50 GMT 2024","passed","Sun Nov 10 01:12:50 GMT 2024","","CHECK-TYPES","CHECK-TYPES",""
"","5","C1-GROUNDED-BASIC.01","","Sun Nov 10 01:12:30 GMT 2024","passed","Sun Nov 10 01:12:30 GMT 2024","","CHECK-TYPES-TEMP","CHECK-TYPES-TEMP",""
"","2","UNIQUE-TEST.04","","Sun Nov 10 00:38:07 GMT 2024","passed","Sun Nov 10 00:38:07 GMT 2024","","HYPERON-METTALOG-SANITY","HYPERON-METTALOG-SANITY",""
"","2","C1-GROUNDED-BASIC.13","","Sun Nov 10 00:46:20 GMT 2024","passed","Sun Nov 10 00:46:20 GMT 2024","","QUICK","QUICK",""
"","807","INF-ORDER-PROBS.07","","Sun Nov 10 01:04:32 GMT 2024","passed","Sun Nov 10 01:04:32 GMT 2024","","PROB-DEP-TYPES","PROB-DEP-TYPES",""
"","5000","dependent-types.SupportRuleExp","","Sun Nov 10 00:36:26 GMT 2024","passed","Sun Nov 10 00:36:31 GMT 2024","","WHOLE-TESTS","WHOLE-TESTS",""
"","2","CML-UNSHARED.07","","Sun Nov 10 01:58:35 GMT 2024","passed","Sun Nov 10 01:58:35 GMT 2024","","BASIC","BASIC",""
"","5000","hyperon-experimental_scripts.b2_backchain","","Sun Nov 10 00:36:26 GMT 2024","passed","Sun Nov 10 00:36:31 GMT 2024","","WHOLE-TESTS","WHOLE-TESTS",""
"","3","MINNARS.01","","Sun Nov 10 00:42:04 GMT 2024","passed","Sun Nov 10 00:42:04 GMT 2024","","METTA-MORPH-TESTS","METTA-MORPH-TESTS",""
"","5000","containers_are_spaces.05_match_superpose_element_like_space","","Sun Nov 10 00:36:26 GMT 2024","passed","Sun Nov 10 00:36:31 GMT 2024","","WHOLE-TESTS","WHOLE-TESTS",""
"","105","STDLIB-METTALOG-TEST-PT2.58","","Sun Nov 10 00:55:44 GMT 2024","failed","Sun Nov 10 00:55:44 GMT 2024","","STDLIB-METTALOG","STDLIB-METTALOG",""
"","3","BC-XP.10","","Sun Nov 10 01:16:45 GMT 2024","passed","Sun Nov 10 01:16:45 GMT 2024","","BACKWARD-CHAINING","BACKWARD-CHAINING",""
"","1171","TRAINING-BI.04","","Sun Nov 10 02:11:07 GMT 2024","passed","Sun Nov 10 02:11:08 GMT 2024","","LANGUAGE-MODELS","LANGUAGE-MODELS",""
"","4000","logic.memb","","Sun Nov 10 00:36:26 GMT 2024","passed","Sun Nov 10 00:36:30 GMT 2024","","WHOLE-TESTS","WHOLE-TESTS",""
"","2","C1-GROUNDED-BASIC.12","","Sun Nov 10 00:46:20 GMT 2024","passed","Sun Nov 10 00:46:20 GMT 2024","","QUICK","QUICK",""
"","2","UNIFY-VIA-LET.02","","Sun Nov 10 01:27:30 GMT 2024","passed","Sun Nov 10 01:27:30 GMT 2024","","EXPERIMENTS","EXPERIMENTS",""
"","3","BCHAIN.01","","Sun Nov 10 01:49:54 GMT 2024","passed","Sun Nov 10 01:49:54 GMT 2024","","WALK-THRU","WALK-THRU",""
"","99","B4-NONDETERM.10","","Sun Nov 10 00:36:30 GMT 2024","passed","Sun Nov 10 00:36:30 GMT 2024","","HYPERON-EXPERIMENTAL-SCRIPTS","HYPERON-EXPERIMENTAL-SCRIPTS",""
"","17000","main-branch.tests1_pre","","Sun Nov 10 00:36:26 GMT 2024","passed","Sun Nov 10 00:36:43 GMT 2024","","WHOLE-TESTS","WHOLE-TESTS",""
"","40000","comparisons.nils_if_control_test_3","","Sun Nov 10 00:36:26 GMT 2024","failed","Sun Nov 10 00:37:06 GMT 2024","","WHOLE-TESTS","WHOLE-TESTS",""
"","87","STDLIB-METTALOG-TEST-PT2.59","","Sun Nov 10 00:55:44 GMT 2024","failed","Sun Nov 10 00:55:44 GMT 2024","","STDLIB-METTALOG","STDLIB-METTALOG",""
"","5000","entail.DeductionEntailTest","","Sun Nov 10 00:36:26 GMT 2024","passed","Sun Nov 10 00:36:31 GMT 2024","","WHOLE-TESTS","WHOLE-TESTS",""
"","2","ADD-REMOVE-MATCH-INTEGER.01","","Sun Nov 10 00:53:36 GMT 2024","passed","Sun Nov 10 00:53:36 GMT 2024","","SPACES","SPACES",""
"","3","E3-MATCH-STATES.01","","Sun Nov 10 00:36:30 GMT 2024","passed","Sun Nov 10 00:36:30 GMT 2024","","HYPERON-EXPERIMENTAL-SCRIPTS","HYPERON-EXPERIMENTAL-SCRIPTS",""
"","73","C1-GROUNDED-BASIC.19","","Sun Nov 10 00:46:20 GMT 2024","passed","Sun Nov 10 00:46:20 GMT 2024","","QUICK","QUICK",""
"","40","INF-CTL-MONTH-BC-CONT-XP.20","","Sun Nov 10 01:20:51 GMT 2024","failed","Sun Nov 10 01:20:51 GMT 2024","","INFERENCE-CONTROL","INFERENCE-CONTROL",""
"","4","TYPE-PROP.38","","Sun Nov 10 01:12:30 GMT 2024","passed","Sun Nov 10 01:12:30 GMT 2024","","CHECK-TYPES-TEMP","CHECK-TYPES-TEMP",""
"","2","IBC-XP.19","","Sun Nov 10 01:22:53 GMT 2024","passed","Sun Nov 10 01:22:53 GMT 2024","","ITERATIVE-CHAINING","ITERATIVE-CHAINING",""
"","3","B5-TYPES-PRELIM.01","","Sun Nov 10 00:36:30 GMT 2024","passed","Sun Nov 10 00:36:30 GMT 2024","","HYPERON-EXPERIMENTAL-SCRIPTS","HYPERON-EXPERIMENTAL-SCRIPTS",""
"","2","STDLIB-METTALOG-TEST-PT2.42","","Sun Nov 10 00:55:44 GMT 2024","passed","Sun Nov 10 00:55:44 GMT 2024","","STDLIB-METTALOG","STDLIB-METTALOG",""
"","4000","hyperon-mettalog_sanity.06_match_in_space","","Sun Nov 10 00:36:26 GMT 2024","passed","Sun Nov 10 00:36:30 GMT 2024","","WHOLE-TESTS","WHOLE-TESTS",""
"","127","ADD-ATOM-NAIVE-FIB.05","","Sun Nov 10 02:04:52 GMT 2024","failed","Sun Nov 10 02:04:52 GMT 2024","","COMPARISONS","COMPARISONS",""
"","3","D2-HIGHERFUNC.17","","Sun Nov 10 01:12:50 GMT 2024","passed","Sun Nov 10 01:12:50 GMT 2024","","CHECK-TYPES","CHECK-TYPES",""
"","2","SPACE-INTERSECTION-TESTS.15","","Sun Nov 10 00:38:07 GMT 2024","passed","Sun Nov 10 00:38:07 GMT 2024","","HYPERON-METTALOG-SANITY","HYPERON-METTALOG-SANITY",""
"","2","A1-SYMBOLS.06","","Sun Nov 10 00:36:30 GMT 2024","passed","Sun Nov 10 00:36:30 GMT 2024","","HYPERON-EXPERIMENTAL-SCRIPTS","HYPERON-EXPERIMENTAL-SCRIPTS",""
"","3","COMMA-IS-NOT-SPECIAL.01","","Sun Nov 10 01:49:54 GMT 2024","passed","Sun Nov 10 01:49:54 GMT 2024","","WALK-THRU","WALK-THRU",""
"","2","HYPERPOSE.03","","Sun Nov 10 00:42:04 GMT 2024","passed","Sun Nov 10 00:42:04 GMT 2024","","METTA-MORPH-TESTS","METTA-MORPH-TESTS",""
"","14","V2-PLN-XP-EASY-IMPL.02","","Sun Nov 10 00:51:18 GMT 2024","passed","Sun Nov 10 00:51:18 GMT 2024","","CHAINING","CHAINING",""
"","2","IFC-XP.40","","Sun Nov 10 01:22:53 GMT 2024","passed","Sun Nov 10 01:22:53 GMT 2024","","ITERATIVE-CHAINING","ITERATIVE-CHAINING",""
"","2","C1-GROUNDED-BASIC.06","","Sun Nov 10 00:36:30 GMT 2024","passed","Sun Nov 10 00:36:30 GMT 2024","","HYPERON-EXPERIMENTAL-SCRIPTS","HYPERON-EXPERIMENTAL-SCRIPTS",""
"","94","NATTEST.02","","Sun Nov 10 01:19:39 GMT 2024","failed","Sun Nov 10 01:19:39 GMT 2024","","HOL","HOL",""
"","1","CURRIED-CHAINER.02","","Sun Nov 10 01:17:31 GMT 2024","passed","Sun Nov 10 01:17:31 GMT 2024","","CURRIED-CHAINING","CURRIED-CHAINING",""
"","1","INF-CTL-MONTH-BC-CONT-XP.15","","Sun Nov 10 01:20:51 GMT 2024","passed","Sun Nov 10 01:20:51 GMT 2024","","INFERENCE-CONTROL","INFERENCE-CONTROL",""
"","3","NILS-IF-CONTROL-TEST-3.01","","Sun Nov 10 02:04:52 GMT 2024","passed","Sun Nov 10 02:04:52 GMT 2024","","COMPARISONS","COMPARISONS",""
"","592","APPEND.03","","Sun Nov 10 01:56:13 GMT 2024","passed","Sun Nov 10 01:56:13 GMT 2024","","MULTIDIRECTIONAL","MULTIDIRECTIONAL",""
"","2","BACKWARD-CHAINER-XP.18","","Sun Nov 10 01:16:41 GMT 2024","passed","Sun Nov 10 01:16:41 GMT 2024","","BACKWARD-CHAINER","BACKWARD-CHAINER",""
"","3","SYNTHESIZE-VIA-TYPE-CHECKING.09","","Sun Nov 10 01:27:30 GMT 2024","passed","Sun Nov 10 01:27:30 GMT 2024","","EXPERIMENTS","EXPERIMENTS",""
"","5000","dependent-types.ModusPonensDTLTest","","Sun Nov 10 00:36:26 GMT 2024","passed","Sun Nov 10 00:36:31 GMT 2024","","WHOLE-TESTS","WHOLE-TESTS",""
"","3","SUBTYPING-TEST.01","","Sun Nov 10 01:25:43 GMT 2024","passed","Sun Nov 10 01:25:43 GMT 2024","","SUBTYPING","SUBTYPING",""
"","2","CHAPTER-2-4.06","","Sun Nov 10 00:55:54 GMT 2024","passed","Sun Nov 10 00:55:54 GMT 2024","","SICP-BOOK","SICP-BOOK",""
"","1057","PLLM-PENNTREE.01","","Sun Nov 10 02:11:07 GMT 2024","passed","Sun Nov 10 02:11:08 GMT 2024","","LANGUAGE-MODELS","LANGUAGE-MODELS",""
"","2","IFC-XP.29","","Sun Nov 10 01:22:53 GMT 2024","passed","Sun Nov 10 01:22:53 GMT 2024","","ITERATIVE-CHAINING","ITERATIVE-CHAINING",""
"","5000","metta-morph_tests.types3","","Sun Nov 10 00:36:26 GMT 2024","passed","Sun Nov 10 00:36:31 GMT 2024","","WHOLE-TESTS","WHOLE-TESTS",""
"","41000","comparisons.nils_if_control_test_4","","Sun Nov 10 00:36:26 GMT 2024","failed","Sun Nov 10 00:37:07 GMT 2024","","WHOLE-TESTS","WHOLE-TESTS",""
"","15","D4-TYPE-PROP.03","","Sun Nov 10 01:12:50 GMT 2024","passed","Sun Nov 10 01:12:50 GMT 2024","","CHECK-TYPES","CHECK-TYPES",""
"","2","IMPLICATIONDIRECTINTRODUCTIONDTLTEST.02","","Sun Nov 10 01:15:33 GMT 2024","passed","Sun Nov 10 01:15:33 GMT 2024","","DEPENDENT-TYPES","DEPENDENT-TYPES",""
"","20","INF-CTL-XP.14","","Sun Nov 10 01:20:51 GMT 2024","failed","Sun Nov 10 01:20:51 GMT 2024","","INFERENCE-CONTROL","INFERENCE-CONTROL",""
"","2","D4-TYPE-PROP.23","","Sun Nov 10 01:12:50 GMT 2024","passed","Sun Nov 10 01:12:50 GMT 2024","","CHECK-TYPES","CHECK-TYPES",""
"","15","TEST-INFER-FUNCTION-APPLICATION-TYPE.07","","Sun Nov 10 01:58:35 GMT 2024","failed","Sun Nov 10 01:58:35 GMT 2024","","BASIC","BASIC",""
"","4000","multidirectional.append_using_equality","","Sun Nov 10 00:36:26 GMT 2024","passed","Sun Nov 10 00:36:30 GMT 2024","","WHOLE-TESTS","WHOLE-TESTS",""
"","2","ADD-REMOVE-MATCH-SS-SYMBOLS.06","","Sun Nov 10 00:53:36 GMT 2024","passed","Sun Nov 10 00:53:36 GMT 2024","","SPACES","SPACES",""
"","2","B1-EQUAL-CHAIN.02","","Sun Nov 10 00:36:30 GMT 2024","passed","Sun Nov 10 00:36:30 GMT 2024","","HYPERON-EXPERIMENTAL-SCRIPTS","HYPERON-EXPERIMENTAL-SCRIPTS",""
"","2","XOR-TEST.03","","Sun Nov 10 00:38:07 GMT 2024","passed","Sun Nov 10 00:38:07 GMT 2024","","HYPERON-METTALOG-SANITY","HYPERON-METTALOG-SANITY",""
"","2","LTE.04","","Sun Nov 10 00:54:18 GMT 2024","passed","Sun Nov 10 00:54:18 GMT 2024","","STD","STD",""
"","17","STDLIB-METTALOG-TEST-PT2.68","","Sun Nov 10 00:55:44 GMT 2024","failed","Sun Nov 10 00:55:44 GMT 2024","","STDLIB-METTALOG","STDLIB-METTALOG",""
"","174","IFC-XP.24","","Sun Nov 10 01:22:53 GMT 2024","failed","Sun Nov 10 01:22:53 GMT 2024","","ITERATIVE-CHAINING","ITERATIVE-CHAINING",""
"","4000","debugging.hyperon_experimental_issue_516","","Sun Nov 10 00:36:26 GMT 2024","passed","Sun Nov 10 00:36:30 GMT 2024","","WHOLE-TESTS","WHOLE-TESTS",""
"","2","ADD-REMOVE-MATCH-MIX-FLOAT-INTEGER.12","","Sun Nov 10 00:53:36 GMT 2024","passed","Sun Nov 10 00:53:36 GMT 2024","","SPACES","SPACES",""
"","2","HYPERPOSING.07","","Sun Nov 10 01:58:35 GMT 2024","passed","Sun Nov 10 01:58:35 GMT 2024","","BASIC","BASIC",""
"","2","TYPE-PROP.43","","Sun Nov 10 01:12:30 GMT 2024","passed","Sun Nov 10 01:12:30 GMT 2024","","CHECK-TYPES-TEMP","CHECK-TYPES-TEMP",""
"","2","DEDUCTIONFORMULATEST.10","","Sun Nov 10 01:17:17 GMT 2024","passed","Sun Nov 10 01:17:17 GMT 2024","","FORMULA","FORMULA",""
"","3","FORWARD-CHAINER-XP.03","","Sun Nov 10 01:19:25 GMT 2024","passed","Sun Nov 10 01:19:25 GMT 2024","","FORWARD-CHAINER","FORWARD-CHAINER",""
"","5000","chaining.type_prop","","Sun Nov 10 00:36:26 GMT 2024","passed","Sun Nov 10 00:36:31 GMT 2024","","WHOLE-TESTS","WHOLE-TESTS",""
"","4","EVIDENTIALTRUTHVALUETEST.04","","Sun Nov 10 01:17:22 GMT 2024","passed","Sun Nov 10 01:17:22 GMT 2024","","TRUTHVALUE","TRUTHVALUE",""
"","2","BACKWARD-CHAINER-XP.34","","Sun Nov 10 01:16:41 GMT 2024","passed","Sun Nov 10 01:16:41 GMT 2024","","BACKWARD-CHAINER","BACKWARD-CHAINER",""
"","2","00-LANG-CASE.09","","Sun Nov 10 00:38:07 GMT 2024","passed","Sun Nov 10 00:38:07 GMT 2024","","HYPERON-METTALOG-SANITY","HYPERON-METTALOG-SANITY",""
"","4000","spaces.add-remove-match-ss-symbols","","Sun Nov 10 00:36:26 GMT 2024","passed","Sun Nov 10 00:36:30 GMT 2024","","WHOLE-TESTS","WHOLE-TESTS",""
"","94","OR-TEST.20","","Sun Nov 10 00:38:07 GMT 2024","failed","Sun Nov 10 00:38:07 GMT 2024","","HYPERON-METTALOG-SANITY","HYPERON-METTALOG-SANITY",""
"","2","DEDUCTIONFORMULATEST.07","","Sun Nov 10 01:17:17 GMT 2024","passed","Sun Nov 10 01:17:17 GMT 2024","","FORMULA","FORMULA",""
"","47","DEDUCTIONIMPLICATIONDIRECTINTRODUCTIONDTLTEST.03","","Sun Nov 10 01:15:33 GMT 2024","failed","Sun Nov 10 01:15:33 GMT 2024","","DEPENDENT-TYPES","DEPENDENT-TYPES",""
"","2","TYPES-PRELIM.09","","Sun Nov 10 00:51:18 GMT 2024","passed","Sun Nov 10 00:51:18 GMT 2024","","CHAINING","CHAINING",""
"","5000","hyperon-mettalog_sanity.03-soring-via-insert","","Sun Nov 10 00:36:26 GMT 2024","passed","Sun Nov 10 00:36:31 GMT 2024","","WHOLE-TESTS","WHOLE-TESTS",""
"","3","LISTTEST.19","","Sun Nov 10 01:16:54 GMT 2024","passed","Sun Nov 10 01:16:54 GMT 2024","","COMMON","COMMON",""
"","24108","SYNTHESIZE.01","","Sun Nov 10 00:39:54 GMT 2024","passed","Sun Nov 10 00:40:18 GMT 2024","","SYNTH-BUFFER","SYNTH-BUFFER",""
"","46","IMPLICATIONDIRECTINTRODUCTIONDTLTEST.09","","Sun Nov 10 01:15:33 GMT 2024","failed","Sun Nov 10 01:15:33 GMT 2024","","DEPENDENT-TYPES","DEPENDENT-TYPES",""
"","81","ADD-REMOVE-MATCH-STRINGS.14","","Sun Nov 10 00:53:36 GMT 2024","failed","Sun Nov 10 00:53:36 GMT 2024","","SPACES","SPACES",""
"","16","TEST-INFER-FUNCTION-APPLICATION-TYPE.09","","Sun Nov 10 01:58:35 GMT 2024","failed","Sun Nov 10 01:58:35 GMT 2024","","BASIC","BASIC",""
"","3","SUPERPOSE-NESTED.03","","Sun Nov 10 00:42:04 GMT 2024","passed","Sun Nov 10 00:42:04 GMT 2024","","METTA-MORPH-TESTS","METTA-MORPH-TESTS",""
"","121","TESTS0.05","","Sun Nov 10 00:46:49 GMT 2024","passed","Sun Nov 10 00:46:49 GMT 2024","","MAIN-BRANCH","MAIN-BRANCH",""
"","2","INF-CTL-MONTH-XP-SHORT-3.05","","Sun Nov 10 02:04:52 GMT 2024","passed","Sun Nov 10 02:04:52 GMT 2024","","COMPARISONS","COMPARISONS",""
"","90","SHOW-TYPE.13","","Sun Nov 10 00:53:22 GMT 2024","failed","Sun Nov 10 00:53:22 GMT 2024","","INTROSPECT","INTROSPECT",""
"","1","IFC-XP.28","","Sun Nov 10 01:22:53 GMT 2024","passed","Sun Nov 10 01:22:53 GMT 2024","","ITERATIVE-CHAINING","ITERATIVE-CHAINING",""
"","5","NATTEST.05","","Sun Nov 10 01:19:39 GMT 2024","passed","Sun Nov 10 01:19:39 GMT 2024","","HOL","HOL",""
"","3","06-MATCH-IN-SPACE.05","","Sun Nov 10 00:38:07 GMT 2024","passed","Sun Nov 10 00:38:07 GMT 2024","","HYPERON-METTALOG-SANITY","HYPERON-METTALOG-SANITY",""
"","5000","debugging.hyperon_experimental_issue_492","","Sun Nov 10 00:36:26 GMT 2024","passed","Sun Nov 10 00:36:31 GMT 2024","","WHOLE-TESTS","WHOLE-TESTS",""
"","5000","hyperon-experimental_scripts.a2_opencoggy","","Sun Nov 10 00:36:26 GMT 2024","passed","Sun Nov 10 00:36:31 GMT 2024","","WHOLE-TESTS","WHOLE-TESTS",""
"","142","TEST-SPO-5000.01","","Sun Nov 10 00:44:44 GMT 2024","passed","Sun Nov 10 00:44:44 GMT 2024","","METTA-WAM-ISSUE-116","METTA-WAM-ISSUE-116",""
"","2","IFC-XP.23","","Sun Nov 10 01:22:53 GMT 2024","passed","Sun Nov 10 01:22:53 GMT 2024","","ITERATIVE-CHAINING","ITERATIVE-CHAINING",""
"","58","TYPES-PRELIM.21","","Sun Nov 10 00:51:18 GMT 2024","failed","Sun Nov 10 00:51:18 GMT 2024","","CHAINING","CHAINING",""
"","2","PC-XP.06","","Sun Nov 10 01:25:38 GMT 2024","passed","Sun Nov 10 01:25:38 GMT 2024","","POLYWARD-CHAINING","POLYWARD-CHAINING",""
"","1","TYPES-PRELIM.13","","Sun Nov 10 00:51:18 GMT 2024","passed","Sun Nov 10 00:51:18 GMT 2024","","CHAINING","CHAINING",""
"","2","TYPE-PROP.47","","Sun Nov 10 01:12:30 GMT 2024","passed","Sun Nov 10 01:12:30 GMT 2024","","CHECK-TYPES-TEMP","CHECK-TYPES-TEMP",""
"","6000","nars_extras.RUN_minnars_trimmed","","Sun Nov 10 00:36:26 GMT 2024","passed","Sun Nov 10 00:36:32 GMT 2024","","WHOLE-TESTS","WHOLE-TESTS",""
"","2","MATCH-SUPERPOSED-SPACES.02","","Sun Nov 10 00:42:04 GMT 2024","passed","Sun Nov 10 00:42:04 GMT 2024","","METTA-MORPH-TESTS","METTA-MORPH-TESTS",""
"","5","OR-TEST.11","","Sun Nov 10 00:38:07 GMT 2024","passed","Sun Nov 10 00:38:07 GMT 2024","","HYPERON-METTALOG-SANITY","HYPERON-METTALOG-SANITY",""
"","5000","transpiler.match_feval","","Sun Nov 10 00:36:26 GMT 2024","passed","Sun Nov 10 00:36:31 GMT 2024","","WHOLE-TESTS","WHOLE-TESTS",""
"","2","NATPARITYTEST.12","","Sun Nov 10 01:19:39 GMT 2024","passed","Sun Nov 10 01:19:39 GMT 2024","","HOL","HOL",""
"","2","ADD-REMOVE-MATCH-FLOAT.05","","Sun Nov 10 00:53:36 GMT 2024","passed","Sun Nov 10 00:53:36 GMT 2024","","SPACES","SPACES",""
"","3","D1-GADT.10","","Sun Nov 10 00:36:30 GMT 2024","passed","Sun Nov 10 00:36:30 GMT 2024","","HYPERON-EXPERIMENTAL-SCRIPTS","HYPERON-EXPERIMENTAL-SCRIPTS",""
"","2","B5-TYPES-PRELIM.25","","Sun Nov 10 00:36:30 GMT 2024","passed","Sun Nov 10 00:36:30 GMT 2024","","HYPERON-EXPERIMENTAL-SCRIPTS","HYPERON-EXPERIMENTAL-SCRIPTS",""
"","40","IFC-XP.13","","Sun Nov 10 01:22:53 GMT 2024","failed","Sun Nov 10 01:22:53 GMT 2024","","ITERATIVE-CHAINING","ITERATIVE-CHAINING",""
"","2","B5-TYPES-PRELIM.10","","Sun Nov 10 01:12:30 GMT 2024","passed","Sun Nov 10 01:12:30 GMT 2024","","CHECK-TYPES-TEMP","CHECK-TYPES-TEMP",""
"","2","D4-TYPE-PROP.14","","Sun Nov 10 01:12:50 GMT 2024","passed","Sun Nov 10 01:12:50 GMT 2024","","CHECK-TYPES","CHECK-TYPES",""
"","136","INTERSECTION-TESTS.21","","Sun Nov 10 00:38:07 GMT 2024","failed","Sun Nov 10 00:38:07 GMT 2024","","HYPERON-METTALOG-SANITY","HYPERON-METTALOG-SANITY",""
"","1","METTALOGTESTCURRIED2.04","","Sun Nov 10 00:44:09 GMT 2024","passed","Sun Nov 10 00:44:09 GMT 2024","","ANTI-REGRESSION","ANTI-REGRESSION",""
"","6000","prev.tests0","","Sun Nov 10 00:36:26 GMT 2024","passed","Sun Nov 10 00:36:32 GMT 2024","","WHOLE-TESTS","WHOLE-TESTS",""
"","7000","basic.hanoi-one-space","","Sun Nov 10 00:36:26 GMT 2024","passed","Sun Nov 10 00:36:33 GMT 2024","","WHOLE-TESTS","WHOLE-TESTS",""
"","43000","inference-control.inf-ctl-month-bc-cont-xp","","Sun Nov 10 00:36:26 GMT 2024","failed","Sun Nov 10 00:37:09 GMT 2024","","WHOLE-TESTS","WHOLE-TESTS",""
"","220","PROB-DEP-TYPES.11","","Sun Nov 10 01:04:32 GMT 2024","passed","Sun Nov 10 01:04:32 GMT 2024","","PROB-DEP-TYPES","PROB-DEP-TYPES",""
"","2","DEFINE-IF-LIKE.03","","Sun Nov 10 01:48:28 GMT 2024","passed","Sun Nov 10 01:48:28 GMT 2024","","DIRECT-COMP","DIRECT-COMP",""
"","2","C2-SPACES.04","","Sun Nov 10 00:36:20 GMT 2024","passed","Sun Nov 10 00:36:20 GMT 2024","","MODULE-SYSTEM","MODULE-SYSTEM",""
"","2","A3-TWOSIDE.02","","Sun Nov 10 00:36:30 GMT 2024","passed","Sun Nov 10 00:36:30 GMT 2024","","HYPERON-EXPERIMENTAL-SCRIPTS","HYPERON-EXPERIMENTAL-SCRIPTS",""
"","1","D4-TYPE-PROP.09","","Sun Nov 10 01:12:50 GMT 2024","passed","Sun Nov 10 01:12:50 GMT 2024","","CHECK-TYPES","CHECK-TYPES",""
"","3","PEANO.01","","Sun Nov 10 01:49:29 GMT 2024","passed","Sun Nov 10 01:49:29 GMT 2024","","TRANSPILER","TRANSPILER",""
"","2","IS-SPACE.02","","Sun Nov 10 00:38:07 GMT 2024","passed","Sun Nov 10 00:38:07 GMT 2024","","HYPERON-METTALOG-SANITY","HYPERON-METTALOG-SANITY",""
"","4000","metta-morph_tests.match_feval","","Sun Nov 10 00:36:26 GMT 2024","passed","Sun Nov 10 00:36:30 GMT 2024","","WHOLE-TESTS","WHOLE-TESTS",""
"","2","FC-XP.07","","Sun Nov 10 01:19:34 GMT 2024","passed","Sun Nov 10 01:19:34 GMT 2024","","FORWARD-CHAINING","FORWARD-CHAINING",""
"","4","IFC-XP.41","","Sun Nov 10 01:22:53 GMT 2024","passed","Sun Nov 10 01:22:53 GMT 2024","","ITERATIVE-CHAINING","ITERATIVE-CHAINING",""
"","2","SYNTHESIZE-VIA-SUPERPOSE.03","","Sun Nov 10 01:27:30 GMT 2024","passed","Sun Nov 10 01:27:30 GMT 2024","","EXPERIMENTS","EXPERIMENTS",""
"","2","D3-DEPTYPES.02","","Sun Nov 10 00:36:30 GMT 2024","passed","Sun Nov 10 00:36:30 GMT 2024","","HYPERON-EXPERIMENTAL-SCRIPTS","HYPERON-EXPERIMENTAL-SCRIPTS",""
"","23","INF-CTL-XP.13","","Sun Nov 10 01:20:51 GMT 2024","failed","Sun Nov 10 01:20:51 GMT 2024","","INFERENCE-CONTROL","INFERENCE-CONTROL",""
"","132","TESTS0.02","","Sun Nov 10 01:31:41 GMT 2024","passed","Sun Nov 10 01:31:41 GMT 2024","","CURRENT","CURRENT",""
"","562","TMPMATCH2.05","","Sun Nov 10 00:44:09 GMT 2024","passed","Sun Nov 10 00:44:09 GMT 2024","","ANTI-REGRESSION","ANTI-REGRESSION",""
"","2","DEDUCTIONFORMULATEST.01","","Sun Nov 10 01:17:17 GMT 2024","passed","Sun Nov 10 01:17:17 GMT 2024","","FORMULA","FORMULA",""
"","1","BC-COMP.02","","Sun Nov 10 00:44:09 GMT 2024","passed","Sun Nov 10 00:44:09 GMT 2024","","ANTI-REGRESSION","ANTI-REGRESSION",""
"","1","D1-GADT.08","","Sun Nov 10 00:46:20 GMT 2024","passed","Sun Nov 10 00:46:20 GMT 2024","","QUICK","QUICK",""
"","5000","check_types-temp.c1_grounded_basic","","Sun Nov 10 00:36:26 GMT 2024","passed","Sun Nov 10 00:36:31 GMT 2024","","WHOLE-TESTS","WHOLE-TESTS",""
"","1","METTALOGTESTCURRIED2.03","","Sun Nov 10 01:49:54 GMT 2024","passed","Sun Nov 10 01:49:54 GMT 2024","","WALK-THRU","WALK-THRU",""
"","2","D2-HIGHERFUNC.03","","Sun Nov 10 01:12:50 GMT 2024","passed","Sun Nov 10 01:12:50 GMT 2024","","CHECK-TYPES","CHECK-TYPES",""
"","3","CHAPTER-2-2.01","","Sun Nov 10 00:55:54 GMT 2024","passed","Sun Nov 10 00:55:54 GMT 2024","","SICP-BOOK","SICP-BOOK",""
"","2","ADD-REMOVE-MATCH-INTEGER.09","","Sun Nov 10 00:53:36 GMT 2024","passed","Sun Nov 10 00:53:36 GMT 2024","","SPACES","SPACES",""
"","3","HYPERPOSING-UNSHARED.01","","Sun Nov 10 01:58:35 GMT 2024","passed","Sun Nov 10 01:58:35 GMT 2024","","BASIC","BASIC",""
"","2","D1-GADT.07","","Sun Nov 10 00:46:20 GMT 2024","passed","Sun Nov 10 00:46:20 GMT 2024","","QUICK","QUICK",""
"","5000","hyperon-experimental_scripts.f1_moduleA","","Sun Nov 10 00:36:26 GMT 2024","passed","Sun Nov 10 00:36:31 GMT 2024","","WHOLE-TESTS","WHOLE-TESTS",""
"","2","B2-BACKCHAIN.03","","Sun Nov 10 00:36:30 GMT 2024","passed","Sun Nov 10 00:36:30 GMT 2024","","HYPERON-EXPERIMENTAL-SCRIPTS","HYPERON-EXPERIMENTAL-SCRIPTS",""
"","44","IMPLICATIONDIRECTINTRODUCTIONDTLTEST.11","","Sun Nov 10 01:15:33 GMT 2024","failed","Sun Nov 10 01:15:33 GMT 2024","","DEPENDENT-TYPES","DEPENDENT-TYPES",""
"","143","SPACE-INTERSECTION-TESTS.07","","Sun Nov 10 00:38:07 GMT 2024","failed","Sun Nov 10 00:38:07 GMT 2024","","HYPERON-METTALOG-SANITY","HYPERON-METTALOG-SANITY",""
"","2","ADD-REMOVE-MATCH-MIX-FLOAT-INTEGER.20","","Sun Nov 10 00:53:36 GMT 2024","passed","Sun Nov 10 00:53:36 GMT 2024","","SPACES","SPACES",""
"","2","HIGHER-ORDER-FUNCS.11","","Sun Nov 10 00:54:18 GMT 2024","passed","Sun Nov 10 00:54:18 GMT 2024","","STD","STD",""
"","2","B5-TYPES-PRELIM.21","","Sun Nov 10 01:12:30 GMT 2024","passed","Sun Nov 10 01:12:30 GMT 2024","","CHECK-TYPES-TEMP","CHECK-TYPES-TEMP",""
"","6","INF-ORDER-PROBS.10","","Sun Nov 10 01:04:32 GMT 2024","passed","Sun Nov 10 01:04:32 GMT 2024","","PROB-DEP-TYPES","PROB-DEP-TYPES",""
"","2","SEQUENTIAL-NESTED.05","","Sun Nov 10 00:42:04 GMT 2024","passed","Sun Nov 10 00:42:04 GMT 2024","","METTA-MORPH-TESTS","METTA-MORPH-TESTS",""
"","62","E2-STATES.08","","Sun Nov 10 00:36:30 GMT 2024","failed","Sun Nov 10 00:36:30 GMT 2024","","HYPERON-EXPERIMENTAL-SCRIPTS","HYPERON-EXPERIMENTAL-SCRIPTS",""
"","135","JOHN-CARRY-FLOWER-TEST.03","","Sun Nov 10 01:26:23 GMT 2024","passed","Sun Nov 10 01:26:23 GMT 2024","","JOHN-CARRY-FLOWER","JOHN-CARRY-FLOWER",""
"","3","C1-GROUNDED-BASIC.01","","Sun Nov 10 00:46:20 GMT 2024","passed","Sun Nov 10 00:46:20 GMT 2024","","QUICK","QUICK",""
"","162","QUERIES.11","","Sun Nov 10 01:09:05 GMT 2024","failed","Sun Nov 10 01:09:05 GMT 2024","","STRIPS-TO-METTA-IMPROVED","STRIPS-TO-METTA-IMPROVED",""
"","119","SYMBOLS.01","","Sun Nov 10 00:54:18 GMT 2024","passed","Sun Nov 10 00:54:18 GMT 2024","","STD","STD",""
"","2","QUERIES.14","","Sun Nov 10 01:09:05 GMT 2024","passed","Sun Nov 10 01:09:05 GMT 2024","","STRIPS-TO-METTA-IMPROVED","STRIPS-TO-METTA-IMPROVED",""
"","3","D4-TYPE-PROP.01","","Sun Nov 10 00:46:20 GMT 2024","passed","Sun Nov 10 00:46:20 GMT 2024","","QUICK","QUICK",""
"","44000","examples.expression","","Sun Nov 10 00:36:26 GMT 2024","failed","Sun Nov 10 00:37:10 GMT 2024","","WHOLE-TESTS","WHOLE-TESTS",""
"","3","HIGHER-ORDER-FUNCS.01","","Sun Nov 10 00:54:18 GMT 2024","passed","Sun Nov 10 00:54:18 GMT 2024","","STD","STD",""
"","2","INF-CTL-XP.10","","Sun Nov 10 01:20:51 GMT 2024","passed","Sun Nov 10 01:20:51 GMT 2024","","INFERENCE-CONTROL","INFERENCE-CONTROL",""
"","2","INF-CTL-XP.18","","Sun Nov 10 01:20:51 GMT 2024","passed","Sun Nov 10 01:20:51 GMT 2024","","INFERENCE-CONTROL","INFERENCE-CONTROL",""
"","2","B1-EQUAL-CHAIN.04","","Sun Nov 10 00:36:30 GMT 2024","passed","Sun Nov 10 00:36:30 GMT 2024","","HYPERON-EXPERIMENTAL-SCRIPTS","HYPERON-EXPERIMENTAL-SCRIPTS",""
"","2","E1-KB-WRITE.01","","Sun Nov 10 00:36:30 GMT 2024","passed","Sun Nov 10 00:36:30 GMT 2024","","HYPERON-EXPERIMENTAL-SCRIPTS","HYPERON-EXPERIMENTAL-SCRIPTS",""
"","60","C1-GROUNDED-BASIC.15","","Sun Nov 10 00:46:20 GMT 2024","failed","Sun Nov 10 00:46:20 GMT 2024","","QUICK","QUICK",""
"","2","ADD-REMOVE-MATCH-FLOAT.12","","Sun Nov 10 00:53:36 GMT 2024","passed","Sun Nov 10 00:53:36 GMT 2024","","SPACES","SPACES",""
"","2","MATCH-SUPERPOSED-SPACES.01","","Sun Nov 10 00:42:04 GMT 2024","passed","Sun Nov 10 00:42:04 GMT 2024","","METTA-MORPH-TESTS","METTA-MORPH-TESTS",""
"","3","STATE-TYPES.23","","Sun Nov 10 01:58:35 GMT 2024","passed","Sun Nov 10 01:58:35 GMT 2024","","BASIC","BASIC",""
"","2","B5-TYPES-PRELIM.26","","Sun Nov 10 01:12:30 GMT 2024","passed","Sun Nov 10 01:12:30 GMT 2024","","CHECK-TYPES-TEMP","CHECK-TYPES-TEMP",""
"","92","ADD-ATOM-NAIVE-FIB.10","","Sun Nov 10 02:04:52 GMT 2024","passed","Sun Nov 10 02:04:52 GMT 2024","","COMPARISONS","COMPARISONS",""
"","480","PARENT-GO-COMP.01","","Sun Nov 10 00:51:18 GMT 2024","passed","Sun Nov 10 00:51:18 GMT 2024","","CHAINING","CHAINING",""
"","2","CHAPTER-2-4.13","","Sun Nov 10 00:55:54 GMT 2024","passed","Sun Nov 10 00:55:54 GMT 2024","","SICP-BOOK","SICP-BOOK",""
"","3","CREATE-SERVER.01","","Sun Nov 10 01:54:21 GMT 2024","passed","Sun Nov 10 01:54:21 GMT 2024","","DISTRIBUTED-PROCESSING","DISTRIBUTED-PROCESSING",""
"","5000","direct_comp.define_if_like","","Sun Nov 10 00:36:26 GMT 2024","passed","Sun Nov 10 00:36:31 GMT 2024","","WHOLE-TESTS","WHOLE-TESTS",""
"","2","BACKWARD-CHAIN.03","","Sun Nov 10 00:51:18 GMT 2024","passed","Sun Nov 10 00:51:18 GMT 2024","","CHAINING","CHAINING",""
"","2","ADD-REMOVE-MATCH-INTEGER.36","","Sun Nov 10 00:53:36 GMT 2024","passed","Sun Nov 10 00:53:36 GMT 2024","","SPACES","SPACES",""
"","1","KEY-LOOKUPS-MANY.08","","Sun Nov 10 01:58:35 GMT 2024","passed","Sun Nov 10 01:58:35 GMT 2024","","BASIC","BASIC",""
"","5000","metta_to_amr.amr-connect","","Sun Nov 10 00:36:26 GMT 2024","passed","Sun Nov 10 00:36:31 GMT 2024","","WHOLE-TESTS","WHOLE-TESTS",""
"","4000","hyperon-mettalog_sanity.represent_and_parse_tests","","Sun Nov 10 00:36:26 GMT 2024","passed","Sun Nov 10 00:36:30 GMT 2024","","WHOLE-TESTS","WHOLE-TESTS",""
"","5","ADD-REMOVE-MATCH-MIX-FLOAT-INTEGER.29","","Sun Nov 10 00:53:36 GMT 2024","passed","Sun Nov 10 00:53:36 GMT 2024","","SPACES","SPACES",""
"","4","TESTS0.03","","Sun Nov 10 01:40:39 GMT 2024","passed","Sun Nov 10 01:40:39 GMT 2024","","NEW","NEW",""
"","4000","experiments.non-determinism","","Sun Nov 10 00:36:26 GMT 2024","passed","Sun Nov 10 00:36:30 GMT 2024","","WHOLE-TESTS","WHOLE-TESTS",""
"","2","F1-IMPORTS.19","","Sun Nov 10 00:46:20 GMT 2024","passed","Sun Nov 10 00:46:20 GMT 2024","","QUICK","QUICK",""
"","2","TYPES-PRELIM.10","","Sun Nov 10 00:51:18 GMT 2024","passed","Sun Nov 10 00:51:18 GMT 2024","","CHAINING","CHAINING",""
"","5000","logic.all_any","","Sun Nov 10 00:36:26 GMT 2024","passed","Sun Nov 10 00:36:31 GMT 2024","","WHOLE-TESTS","WHOLE-TESTS",""
"","178","EXAMPLES-QUANTS.01","","Sun Nov 10 01:57:28 GMT 2024","failed","Sun Nov 10 01:57:28 GMT 2024","","POLYMORPHIC-TYPES","POLYMORPHIC-TYPES",""
"","4000","iterators.lazy_test","","Sun Nov 10 00:36:26 GMT 2024","passed","Sun Nov 10 00:36:30 GMT 2024","","WHOLE-TESTS","WHOLE-TESTS",""
"","2","EXAM-SPACES.03","","Sun Nov 10 00:53:22 GMT 2024","passed","Sun Nov 10 00:53:22 GMT 2024","","INTROSPECT","INTROSPECT",""
"","2","INF-CTL-MONTH-BC-CONT-XP.16","","Sun Nov 10 01:20:51 GMT 2024","passed","Sun Nov 10 01:20:51 GMT 2024","","INFERENCE-CONTROL","INFERENCE-CONTROL",""
"","2","E2-STATES.04","","Sun Nov 10 00:36:30 GMT 2024","passed","Sun Nov 10 00:36:30 GMT 2024","","HYPERON-EXPERIMENTAL-SCRIPTS","HYPERON-EXPERIMENTAL-SCRIPTS",""
"","6000","anti-regression.bc_comp","","Sun Nov 10 00:36:26 GMT 2024","passed","Sun Nov 10 00:36:32 GMT 2024","","WHOLE-TESTS","WHOLE-TESTS",""
"","2","DEBUG-METTALOGTESTCURRIED.08","","Sun Nov 10 01:49:54 GMT 2024","passed","Sun Nov 10 01:49:54 GMT 2024","","WALK-THRU","WALK-THRU",""
"","2","ADD-REMOVE-MATCH-FLOAT.06","","Sun Nov 10 00:53:36 GMT 2024","passed","Sun Nov 10 00:53:36 GMT 2024","","SPACES","SPACES",""
"","2","D2-HIGHERFUNC.12","","Sun Nov 10 00:36:30 GMT 2024","passed","Sun Nov 10 00:36:30 GMT 2024","","HYPERON-EXPERIMENTAL-SCRIPTS","HYPERON-EXPERIMENTAL-SCRIPTS",""
"","2","D4-TYPE-PROP.19","","Sun Nov 10 01:12:50 GMT 2024","passed","Sun Nov 10 01:12:50 GMT 2024","","CHECK-TYPES","CHECK-TYPES",""
"","1","D2-HIGHERFUNC.13","","Sun Nov 10 00:36:30 GMT 2024","passed","Sun Nov 10 00:36:30 GMT 2024","","HYPERON-EXPERIMENTAL-SCRIPTS","HYPERON-EXPERIMENTAL-SCRIPTS",""
"","2","IBC-XP.09","","Sun Nov 10 01:22:53 GMT 2024","passed","Sun Nov 10 01:22:53 GMT 2024","","ITERATIVE-CHAINING","ITERATIVE-CHAINING",""
"","9","TEST-INFER-FUNCTION-APPLICATION-TYPE.10","","Sun Nov 10 01:58:35 GMT 2024","failed","Sun Nov 10 01:58:35 GMT 2024","","BASIC","BASIC",""
"","1921","TESTS3.04","","Sun Nov 10 00:46:49 GMT 2024","failed","Sun Nov 10 00:46:50 GMT 2024","","MAIN-BRANCH","MAIN-BRANCH",""
"","5000","metta-morph_tests.let_superpose_if_case","","Sun Nov 10 00:36:26 GMT 2024","passed","Sun Nov 10 00:36:31 GMT 2024","","WHOLE-TESTS","WHOLE-TESTS",""
"","8000","iterative-chaining.ibc-xp","","Sun Nov 10 00:36:26 GMT 2024","passed","Sun Nov 10 00:36:34 GMT 2024","","WHOLE-TESTS","WHOLE-TESTS",""
"","6","HYPERON-EXPERIMENTAL-ISSUE-516.01","","Sun Nov 10 01:53:13 GMT 2024","passed","Sun Nov 10 01:53:13 GMT 2024","","DEBUGGING","DEBUGGING",""
"","2","IFC-XP.15","","Sun Nov 10 01:22:53 GMT 2024","passed","Sun Nov 10 01:22:53 GMT 2024","","ITERATIVE-CHAINING","ITERATIVE-CHAINING",""
"","11","C1-GROUNDED-BASIC.23","","Sun Nov 10 00:36:30 GMT 2024","passed","Sun Nov 10 00:36:30 GMT 2024","","HYPERON-EXPERIMENTAL-SCRIPTS","HYPERON-EXPERIMENTAL-SCRIPTS",""
"","1","TYPE-PROP.05","","Sun Nov 10 01:12:30 GMT 2024","passed","Sun Nov 10 01:12:30 GMT 2024","","CHECK-TYPES-TEMP","CHECK-TYPES-TEMP",""
"","2","METTALOGTESTCURRIED2.02","","Sun Nov 10 01:49:54 GMT 2024","passed","Sun Nov 10 01:49:54 GMT 2024","","WALK-THRU","WALK-THRU",""
"","2","C1-GROUNDED-BASIC.11","","Sun Nov 10 00:46:20 GMT 2024","passed","Sun Nov 10 00:46:20 GMT 2024","","QUICK","QUICK",""
"","23000","language_models.training","","Sun Nov 10 00:36:26 GMT 2024","passed","Sun Nov 10 00:36:49 GMT 2024","","WHOLE-TESTS","WHOLE-TESTS",""
"","156","NATTEST.01","","Sun Nov 10 01:19:39 GMT 2024","failed","Sun Nov 10 01:19:39 GMT 2024","","HOL","HOL",""
"","2","SUPERCOLLAPSE.04","","Sun Nov 10 00:42:04 GMT 2024","passed","Sun Nov 10 00:42:04 GMT 2024","","METTA-MORPH-TESTS","METTA-MORPH-TESTS",""
"","3","INF-CTL-MONTH-XP.02","","Sun Nov 10 01:20:51 GMT 2024","passed","Sun Nov 10 01:20:51 GMT 2024","","INFERENCE-CONTROL","INFERENCE-CONTROL",""
"","3","COLLAPSE.01","","Sun Nov 10 00:42:04 GMT 2024","passed","Sun Nov 10 00:42:04 GMT 2024","","METTA-MORPH-TESTS","METTA-MORPH-TESTS",""
"","2","BACKWARD-CHAINER-XP.10","","Sun Nov 10 01:16:41 GMT 2024","passed","Sun Nov 10 01:16:41 GMT 2024","","BACKWARD-CHAINER","BACKWARD-CHAINER",""
"","670","TESTS0.07","","Sun Nov 10 01:40:39 GMT 2024","failed","Sun Nov 10 01:40:39 GMT 2024","","NEW","NEW",""
"","2","LISTTEST.12","","Sun Nov 10 01:16:54 GMT 2024","passed","Sun Nov 10 01:16:54 GMT 2024","","COMMON","COMMON",""
"","19","TEST-INFER-FUNCTION-APPLICATION-TYPE.02","","Sun Nov 10 01:58:35 GMT 2024","failed","Sun Nov 10 01:58:35 GMT 2024","","BASIC","BASIC",""
"","1","AI-SERVICE-COMPOSITION-EASY.03","","Sun Nov 10 01:09:59 GMT 2024","passed","Sun Nov 10 01:09:59 GMT 2024","","AI-SERVICE","AI-SERVICE",""
"","15","MATCH-VOID.04","","Sun Nov 10 00:42:04 GMT 2024","passed","Sun Nov 10 00:42:04 GMT 2024","","METTA-MORPH-TESTS","METTA-MORPH-TESTS",""
"","2","PC-XP.14","","Sun Nov 10 01:25:38 GMT 2024","passed","Sun Nov 10 01:25:38 GMT 2024","","POLYWARD-CHAINING","POLYWARD-CHAINING",""
"","95","INF-ORDER-PROBS.03","","Sun Nov 10 01:04:32 GMT 2024","failed","Sun Nov 10 01:04:32 GMT 2024","","PROB-DEP-TYPES","PROB-DEP-TYPES",""
"","2","STRING-TESTS.21","","Sun Nov 10 00:38:07 GMT 2024","passed","Sun Nov 10 00:38:07 GMT 2024","","HYPERON-METTALOG-SANITY","HYPERON-METTALOG-SANITY",""
"","2","D4-TYPE-PROP.17","","Sun Nov 10 00:46:20 GMT 2024","passed","Sun Nov 10 00:46:20 GMT 2024","","QUICK","QUICK",""
"","99","B4-NONDETERM.11","","Sun Nov 10 00:36:30 GMT 2024","passed","Sun Nov 10 00:36:30 GMT 2024","","HYPERON-EXPERIMENTAL-SCRIPTS","HYPERON-EXPERIMENTAL-SCRIPTS",""
"","2","SELF-CONTAINED-SYNTHESIZE.05","","Sun Nov 10 01:27:30 GMT 2024","passed","Sun Nov 10 01:27:30 GMT 2024","","EXPERIMENTS","EXPERIMENTS",""
"","5000","hyperon-mettalog_sanity.01_lang_inc","","Sun Nov 10 00:36:26 GMT 2024","passed","Sun Nov 10 00:36:31 GMT 2024","","WHOLE-TESTS","WHOLE-TESTS",""
"","5","CHAPTER-1-3.03","","Sun Nov 10 00:55:54 GMT 2024","passed","Sun Nov 10 00:55:54 GMT 2024","","SICP-BOOK","SICP-BOOK",""
"","1","CML-UNSHARED.03","","Sun Nov 10 01:58:35 GMT 2024","passed","Sun Nov 10 01:58:35 GMT 2024","","BASIC","BASIC",""
"","2","ADD-REMOVE-MATCH-INTEGER.31","","Sun Nov 10 00:53:36 GMT 2024","passed","Sun Nov 10 00:53:36 GMT 2024","","SPACES","SPACES",""
"","1","F1-IMPORTS.15","","Sun Nov 10 00:46:20 GMT 2024","passed","Sun Nov 10 00:46:20 GMT 2024","","QUICK","QUICK",""
"","2","FORWARD-CHAINER-XP.25","","Sun Nov 10 01:19:25 GMT 2024","passed","Sun Nov 10 01:19:25 GMT 2024","","FORWARD-CHAINER","FORWARD-CHAINER",""
"","10","CHAPTER-2-4.19","","Sun Nov 10 00:55:54 GMT 2024","failed","Sun Nov 10 00:55:54 GMT 2024","","SICP-BOOK","SICP-BOOK",""
"","1","D2-HIGHERFUNC.08","","Sun Nov 10 00:46:20 GMT 2024","passed","Sun Nov 10 00:46:20 GMT 2024","","QUICK","QUICK",""
"","3","DEDUCTIONEQUALTEST.01","","Sun Nov 10 01:19:14 GMT 2024","passed","Sun Nov 10 01:19:14 GMT 2024","","EQUAL","EQUAL",""
"","40000","basic.hanoi-peg-space","","Sun Nov 10 00:36:26 GMT 2024","failed","Sun Nov 10 00:37:06 GMT 2024","","WHOLE-TESTS","WHOLE-TESTS",""
"","2","D2-HIGHERFUNC.17","","Sun Nov 10 00:46:20 GMT 2024","passed","Sun Nov 10 00:46:20 GMT 2024","","QUICK","QUICK",""
"","2","METTALOGTESTCURRIED2.05","","Sun Nov 10 00:44:09 GMT 2024","passed","Sun Nov 10 00:44:09 GMT 2024","","ANTI-REGRESSION","ANTI-REGRESSION",""
"","1718","TESTS5.03","","Sun Nov 10 00:46:49 GMT 2024","failed","Sun Nov 10 00:46:50 GMT 2024","","MAIN-BRANCH","MAIN-BRANCH",""
"","2","CML-UNSHARED.08","","Sun Nov 10 01:58:35 GMT 2024","passed","Sun Nov 10 01:58:35 GMT 2024","","BASIC","BASIC",""
"","2","KEY-LOOKUPS-MANY.03","","Sun Nov 10 01:58:35 GMT 2024","passed","Sun Nov 10 01:58:35 GMT 2024","","BASIC","BASIC",""
"","3","D1-GADT.01","","Sun Nov 10 00:36:30 GMT 2024","passed","Sun Nov 10 00:36:30 GMT 2024","","HYPERON-EXPERIMENTAL-SCRIPTS","HYPERON-EXPERIMENTAL-SCRIPTS",""
"","2","BC-XP.29","","Sun Nov 10 01:16:45 GMT 2024","passed","Sun Nov 10 01:16:45 GMT 2024","","BACKWARD-CHAINING","BACKWARD-CHAINING",""
"","2","ADD-REMOVE-MATCH-S-STRINGS.01","","Sun Nov 10 00:53:36 GMT 2024","passed","Sun Nov 10 00:53:36 GMT 2024","","SPACES","SPACES",""
"","2","UNIFY-VIA-LET.06","","Sun Nov 10 01:27:30 GMT 2024","passed","Sun Nov 10 01:27:30 GMT 2024","","EXPERIMENTS","EXPERIMENTS",""
"","2","BACKWARD-CHAINER-XP.23","","Sun Nov 10 01:16:41 GMT 2024","passed","Sun Nov 10 01:16:41 GMT 2024","","BACKWARD-CHAINER","BACKWARD-CHAINER",""
"","3","B1-EQUAL-CHAIN.03","","Sun Nov 10 00:36:30 GMT 2024","passed","Sun Nov 10 00:36:30 GMT 2024","","HYPERON-EXPERIMENTAL-SCRIPTS","HYPERON-EXPERIMENTAL-SCRIPTS",""
"","2","ADD-REMOVE-MATCH-S-SYMBOLS.04","","Sun Nov 10 00:53:36 GMT 2024","passed","Sun Nov 10 00:53:36 GMT 2024","","SPACES","SPACES",""
"","1","HYPERPOSING.02","","Sun Nov 10 01:58:35 GMT 2024","passed","Sun Nov 10 01:58:35 GMT 2024","","BASIC","BASIC",""
"","2","INTERSECTION-TESTS.20","","Sun Nov 10 00:38:07 GMT 2024","passed","Sun Nov 10 00:38:07 GMT 2024","","HYPERON-METTALOG-SANITY","HYPERON-METTALOG-SANITY",""
"","40000","main-branch.tests5","","Sun Nov 10 00:36:26 GMT 2024","failed","Sun Nov 10 00:37:06 GMT 2024","","WHOLE-TESTS","WHOLE-TESTS",""
"","2","LISTTEST.06","","Sun Nov 10 01:16:54 GMT 2024","passed","Sun Nov 10 01:16:54 GMT 2024","","COMMON","COMMON",""
"","2","PC-XP.08","","Sun Nov 10 01:25:38 GMT 2024","passed","Sun Nov 10 01:25:38 GMT 2024","","POLYWARD-CHAINING","POLYWARD-CHAINING",""
"","20","CML-UNSHARED.10","","Sun Nov 10 01:58:35 GMT 2024","passed","Sun Nov 10 01:58:35 GMT 2024","","BASIC","BASIC",""
"","41000","dependent-types.MinerDTL3Test","","Sun Nov 10 00:36:26 GMT 2024","failed","Sun Nov 10 00:37:07 GMT 2024","","WHOLE-TESTS","WHOLE-TESTS",""
"","1","CHAPTER-2-2.05","","Sun Nov 10 00:55:54 GMT 2024","passed","Sun Nov 10 00:55:54 GMT 2024","","SICP-BOOK","SICP-BOOK",""
"","81","TESTS1.01","","Sun Nov 10 01:36:45 GMT 2024","failed","Sun Nov 10 01:36:45 GMT 2024","","NARS-V0","NARS-V0",""
"","1","TESTS5.06","","Sun Nov 10 00:46:49 GMT 2024","passed","Sun Nov 10 00:46:49 GMT 2024","","MAIN-BRANCH","MAIN-BRANCH",""
"","2","INF-CTL-MONTH-BC-CONT-XP.05","","Sun Nov 10 01:20:51 GMT 2024","passed","Sun Nov 10 01:20:51 GMT 2024","","INFERENCE-CONTROL","INFERENCE-CONTROL",""
"","180","SYNTHESIZE-VIA-UNIFY-TEST.07","","Sun Nov 10 01:27:30 GMT 2024","failed","Sun Nov 10 01:27:30 GMT 2024","","EXPERIMENTS","EXPERIMENTS",""
"","3","ADD-REMOVE-MATCH-FLOAT.01","","Sun Nov 10 00:53:36 GMT 2024","passed","Sun Nov 10 00:53:36 GMT 2024","","SPACES","SPACES",""
"","2","INF-CTL-MONTH-BC-CONT-XP.14","","Sun Nov 10 01:20:51 GMT 2024","passed","Sun Nov 10 01:20:51 GMT 2024","","INFERENCE-CONTROL","INFERENCE-CONTROL",""
"","2","OR-TEST.03","","Sun Nov 10 00:38:07 GMT 2024","passed","Sun Nov 10 00:38:07 GMT 2024","","HYPERON-METTALOG-SANITY","HYPERON-METTALOG-SANITY",""
"","4000","metta-morph_tests.supercollapse","","Sun Nov 10 00:36:26 GMT 2024","passed","Sun Nov 10 00:36:30 GMT 2024","","WHOLE-TESTS","WHOLE-TESTS",""
"","3","D2-HIGHERFUNC.15","","Sun Nov 10 00:36:30 GMT 2024","passed","Sun Nov 10 00:36:30 GMT 2024","","HYPERON-EXPERIMENTAL-SCRIPTS","HYPERON-EXPERIMENTAL-SCRIPTS",""
"","2","OR-TEST.19","","Sun Nov 10 00:38:07 GMT 2024","passed","Sun Nov 10 00:38:07 GMT 2024","","HYPERON-METTALOG-SANITY","HYPERON-METTALOG-SANITY",""
"","2","CHAPTER-2-4.15","","Sun Nov 10 00:55:54 GMT 2024","passed","Sun Nov 10 00:55:54 GMT 2024","","SICP-BOOK","SICP-BOOK",""
"","2","ADD-REMOVE-MATCH-INTEGER.12","","Sun Nov 10 00:53:36 GMT 2024","passed","Sun Nov 10 00:53:36 GMT 2024","","SPACES","SPACES",""
"","2","GENE-PLN-XP.02","","Sun Nov 10 01:12:17 GMT 2024","passed","Sun Nov 10 01:12:17 GMT 2024","","PLN","PLN",""
"","4","V2-PLN-XP.03","","Sun Nov 10 00:51:18 GMT 2024","passed","Sun Nov 10 00:51:18 GMT 2024","","CHAINING","CHAINING",""
"","2232","SELF-CONTAINED-SYNTHESIZE.07","","Sun Nov 10 01:27:30 GMT 2024","failed","Sun Nov 10 01:27:32 GMT 2024","","EXPERIMENTS","EXPERIMENTS",""
"","5000","polymorphic-types.examples-quants","","Sun Nov 10 00:36:26 GMT 2024","passed","Sun Nov 10 00:36:31 GMT 2024","","WHOLE-TESTS","WHOLE-TESTS",""
"","2","DEFINE-IF-LIKE.05","","Sun Nov 10 01:48:28 GMT 2024","passed","Sun Nov 10 01:48:28 GMT 2024","","DIRECT-COMP","DIRECT-COMP",""
"","67","V2-PLN-XP.01","","Sun Nov 10 00:51:18 GMT 2024","failed","Sun Nov 10 00:51:18 GMT 2024","","CHAINING","CHAINING",""
"","3","B2-BACKCHAIN.05","","Sun Nov 10 00:36:30 GMT 2024","passed","Sun Nov 10 00:36:30 GMT 2024","","HYPERON-EXPERIMENTAL-SCRIPTS","HYPERON-EXPERIMENTAL-SCRIPTS",""
"","2","CHAPTER-1-1.07","","Sun Nov 10 00:55:54 GMT 2024","passed","Sun Nov 10 00:55:54 GMT 2024","","SICP-BOOK","SICP-BOOK",""
"","3","LISTTEST.16","","Sun Nov 10 01:16:54 GMT 2024","passed","Sun Nov 10 01:16:54 GMT 2024","","COMMON","COMMON",""
"","2","BACKWARD-CHAINER-XP.05","","Sun Nov 10 01:16:41 GMT 2024","passed","Sun Nov 10 01:16:41 GMT 2024","","BACKWARD-CHAINER","BACKWARD-CHAINER",""
"","3","INTERSECTION-TESTS.26","","Sun Nov 10 00:38:07 GMT 2024","passed","Sun Nov 10 00:38:07 GMT 2024","","HYPERON-METTALOG-SANITY","HYPERON-METTALOG-SANITY",""
"","2","STDLIB-METTALOG-TEST-PT2.36","","Sun Nov 10 00:55:44 GMT 2024","passed","Sun Nov 10 00:55:44 GMT 2024","","STDLIB-METTALOG","STDLIB-METTALOG",""
"","3","TRUTHVALUETEST.04","","Sun Nov 10 01:17:22 GMT 2024","passed","Sun Nov 10 01:17:22 GMT 2024","","TRUTHVALUE","TRUTHVALUE",""
"","2","ADD-REMOVE-MATCH-STRINGS.05","","Sun Nov 10 00:53:36 GMT 2024","passed","Sun Nov 10 00:53:36 GMT 2024","","SPACES","SPACES",""
"","1","BCHAIN.03","","Sun Nov 10 01:49:54 GMT 2024","passed","Sun Nov 10 01:49:54 GMT 2024","","WALK-THRU","WALK-THRU",""
"","2","TYPE-PROP.49","","Sun Nov 10 01:12:30 GMT 2024","passed","Sun Nov 10 01:12:30 GMT 2024","","CHECK-TYPES-TEMP","CHECK-TYPES-TEMP",""
"","8000","ai-service.ai-service-composition-easy","","Sun Nov 10 00:36:26 GMT 2024","passed","Sun Nov 10 00:36:34 GMT 2024","","WHOLE-TESTS","WHOLE-TESTS",""
"","2","BASIC.07","","Sun Nov 10 01:09:46 GMT 2024","passed","Sun Nov 10 01:09:46 GMT 2024","","TRAVERSER","TRAVERSER",""
"","1","B2-BACKCHAIN.04","","Sun Nov 10 00:36:30 GMT 2024","passed","Sun Nov 10 00:36:30 GMT 2024","","HYPERON-EXPERIMENTAL-SCRIPTS","HYPERON-EXPERIMENTAL-SCRIPTS",""
"","72","STATE-TYPES.19","","Sun Nov 10 01:58:35 GMT 2024","failed","Sun Nov 10 01:58:35 GMT 2024","","BASIC","BASIC",""
"","4000","basic.cml-unshared","","Sun Nov 10 00:36:26 GMT 2024","passed","Sun Nov 10 00:36:30 GMT 2024","","WHOLE-TESTS","WHOLE-TESTS",""
"","2","A1-SYMBOLS.07","","Sun Nov 10 00:36:30 GMT 2024","passed","Sun Nov 10 00:36:30 GMT 2024","","HYPERON-EXPERIMENTAL-SCRIPTS","HYPERON-EXPERIMENTAL-SCRIPTS",""
"","2","F1-MODULEA.02","","Sun Nov 10 00:46:20 GMT 2024","passed","Sun Nov 10 00:46:20 GMT 2024","","QUICK","QUICK",""
"","5000","std.higher_order_funcs","","Sun Nov 10 00:36:26 GMT 2024","passed","Sun Nov 10 00:36:31 GMT 2024","","WHOLE-TESTS","WHOLE-TESTS",""
"","2","D4-TYPE-PROP.14","","Sun Nov 10 00:46:20 GMT 2024","passed","Sun Nov 10 00:46:20 GMT 2024","","QUICK","QUICK",""
"","106","PREREQS.07","","Sun Nov 10 00:46:49 GMT 2024","failed","Sun Nov 10 00:46:49 GMT 2024","","MAIN-BRANCH","MAIN-BRANCH",""
"","66","OBIF-CLP.01","","Sun Nov 10 01:56:13 GMT 2024","failed","Sun Nov 10 01:56:13 GMT 2024","","MULTIDIRECTIONAL","MULTIDIRECTIONAL",""
"","3","SUBTRACTION-TEST.01","","Sun Nov 10 00:38:07 GMT 2024","passed","Sun Nov 10 00:38:07 GMT 2024","","HYPERON-METTALOG-SANITY","HYPERON-METTALOG-SANITY",""
"","15","TEST-INFER-FUNCTION-APPLICATION-TYPE.12","","Sun Nov 10 01:58:35 GMT 2024","failed","Sun Nov 10 01:58:35 GMT 2024","","BASIC","BASIC",""
"","2","TEST-IF-CLOSED.04","","Sun Nov 10 01:49:54 GMT 2024","passed","Sun Nov 10 01:49:54 GMT 2024","","WALK-THRU","WALK-THRU",""
"","2","AI-SERVICE-COMPOSITION-EASY.05","","Sun Nov 10 01:09:59 GMT 2024","passed","Sun Nov 10 01:09:59 GMT 2024","","AI-SERVICE","AI-SERVICE",""
"","1","ADD-REMOVE-MATCH-SS-STRINGS.12","","Sun Nov 10 00:53:36 GMT 2024","passed","Sun Nov 10 00:53:36 GMT 2024","","SPACES","SPACES",""
"","2","D4-TYPE-PROP.02","","Sun Nov 10 00:36:30 GMT 2024","passed","Sun Nov 10 00:36:30 GMT 2024","","HYPERON-EXPERIMENTAL-SCRIPTS","HYPERON-EXPERIMENTAL-SCRIPTS",""
"","7303","INF-ORDER-PROBS.04","","Sun Nov 10 01:04:32 GMT 2024","passed","Sun Nov 10 01:04:39 GMT 2024","","PROB-DEP-TYPES","PROB-DEP-TYPES",""
"","1228","PLLM-PENNTREE.05","","Sun Nov 10 02:11:07 GMT 2024","passed","Sun Nov 10 02:11:08 GMT 2024","","LANGUAGE-MODELS","LANGUAGE-MODELS",""
"","36","TYPE-PROP.55","","Sun Nov 10 01:12:30 GMT 2024","failed","Sun Nov 10 01:12:30 GMT 2024","","CHECK-TYPES-TEMP","CHECK-TYPES-TEMP",""
"","105","SHOW-TYPE.14","","Sun Nov 10 00:53:22 GMT 2024","failed","Sun Nov 10 00:53:22 GMT 2024","","INTROSPECT","INTROSPECT",""
"","256","SYNTHESIZE-VIA-CASE-TEST.09","","Sun Nov 10 01:27:30 GMT 2024","failed","Sun Nov 10 01:27:30 GMT 2024","","EXPERIMENTS","EXPERIMENTS",""
"","14","MATCH-VOID.05","","Sun Nov 10 00:42:04 GMT 2024","passed","Sun Nov 10 00:42:04 GMT 2024","","METTA-MORPH-TESTS","METTA-MORPH-TESTS",""
"","3","C3-PLN-STV.03","","Sun Nov 10 00:36:30 GMT 2024","passed","Sun Nov 10 00:36:30 GMT 2024","","HYPERON-EXPERIMENTAL-SCRIPTS","HYPERON-EXPERIMENTAL-SCRIPTS",""
"","2","SYNTHESIZE-VIA-SUPERPOSE.04","","Sun Nov 10 01:27:30 GMT 2024","passed","Sun Nov 10 01:27:30 GMT 2024","","EXPERIMENTS","EXPERIMENTS",""
"","7","SPACE-SUBTRACTION-TESTS.09","","Sun Nov 10 00:38:07 GMT 2024","passed","Sun Nov 10 00:38:07 GMT 2024","","HYPERON-METTALOG-SANITY","HYPERON-METTALOG-SANITY",""
"","2","IFC-XP.22","","Sun Nov 10 01:22:53 GMT 2024","passed","Sun Nov 10 01:22:53 GMT 2024","","ITERATIVE-CHAINING","ITERATIVE-CHAINING",""
"","25000","language_models.unweighted_pllm","","Sun Nov 10 00:36:26 GMT 2024","passed","Sun Nov 10 00:36:51 GMT 2024","","WHOLE-TESTS","WHOLE-TESTS",""
"","76","NONDETERM.01","","Sun Nov 10 00:54:18 GMT 2024","passed","Sun Nov 10 00:54:18 GMT 2024","","STD","STD",""
"","277","NATSIMPLETEST.03","","Sun Nov 10 01:19:39 GMT 2024","failed","Sun Nov 10 01:19:39 GMT 2024","","HOL","HOL",""
"","4000","spaces.add-remove-match-strings","","Sun Nov 10 00:36:26 GMT 2024","passed","Sun Nov 10 00:36:30 GMT 2024","","WHOLE-TESTS","WHOLE-TESTS",""
"","45","CHAPTER-1-1.18","","Sun Nov 10 00:55:54 GMT 2024","passed","Sun Nov 10 00:55:54 GMT 2024","","SICP-BOOK","SICP-BOOK",""
"","2","SEQUENTIAL-NESTED.12","","Sun Nov 10 00:42:04 GMT 2024","passed","Sun Nov 10 00:42:04 GMT 2024","","METTA-MORPH-TESTS","METTA-MORPH-TESTS",""
"","3","HIGHER-ORDER-FUNCS.06","","Sun Nov 10 00:54:18 GMT 2024","passed","Sun Nov 10 00:54:18 GMT 2024","","STD","STD",""
"","2","F1-MODULEA.08","","Sun Nov 10 00:46:20 GMT 2024","passed","Sun Nov 10 00:46:20 GMT 2024","","QUICK","QUICK",""
"","108","HYPERON-EXPERIMENTAL-ISSUE-492.01","","Sun Nov 10 01:53:13 GMT 2024","failed","Sun Nov 10 01:53:13 GMT 2024","","DEBUGGING","DEBUGGING",""
"","2","TYPES-PRELIM.16","","Sun Nov 10 00:51:18 GMT 2024","passed","Sun Nov 10 00:51:18 GMT 2024","","CHAINING","CHAINING",""
"","2","B5-TYPES-PRELIM.12","","Sun Nov 10 00:36:30 GMT 2024","passed","Sun Nov 10 00:36:30 GMT 2024","","HYPERON-EXPERIMENTAL-SCRIPTS","HYPERON-EXPERIMENTAL-SCRIPTS",""
"","2","D4-TYPE-PROP.13","","Sun Nov 10 01:12:50 GMT 2024","passed","Sun Nov 10 01:12:50 GMT 2024","","CHECK-TYPES","CHECK-TYPES",""
"","2","D2-HIGHERFUNC.24","","Sun Nov 10 00:46:20 GMT 2024","passed","Sun Nov 10 00:46:20 GMT 2024","","QUICK","QUICK",""
"","2","BC-XP.24","","Sun Nov 10 01:16:45 GMT 2024","passed","Sun Nov 10 01:16:45 GMT 2024","","BACKWARD-CHAINING","BACKWARD-CHAINING",""
"","3","D3-DEPTYPES.03","","Sun Nov 10 01:12:50 GMT 2024","passed","Sun Nov 10 01:12:50 GMT 2024","","CHECK-TYPES","CHECK-TYPES",""
"","2","IFC-XP.34","","Sun Nov 10 01:22:53 GMT 2024","passed","Sun Nov 10 01:22:53 GMT 2024","","ITERATIVE-CHAINING","ITERATIVE-CHAINING",""
"","5","UNIQUE-TEST.12","","Sun Nov 10 00:38:07 GMT 2024","passed","Sun Nov 10 00:38:07 GMT 2024","","HYPERON-METTALOG-SANITY","HYPERON-METTALOG-SANITY",""
"","4000","hyperon-experimental_scripts.b1_equal_chain","","Sun Nov 10 00:36:26 GMT 2024","passed","Sun Nov 10 00:36:30 GMT 2024","","WHOLE-TESTS","WHOLE-TESTS",""
"","7","EVIDENTIALTRUTHVALUETEST.02","","Sun Nov 10 01:17:22 GMT 2024","passed","Sun Nov 10 01:17:22 GMT 2024","","TRUTHVALUE","TRUTHVALUE",""
"","2","TYPE-PROP.13","","Sun Nov 10 01:12:30 GMT 2024","passed","Sun Nov 10 01:12:30 GMT 2024","","CHECK-TYPES-TEMP","CHECK-TYPES-TEMP",""
"","3","D2-HIGHERFUNC.02","","Sun Nov 10 00:46:20 GMT 2024","passed","Sun Nov 10 00:46:20 GMT 2024","","QUICK","QUICK",""
"","4","IMPLICATIONDIRECTINTRODUCTIONDTLTEST.08","","Sun Nov 10 01:15:33 GMT 2024","passed","Sun Nov 10 01:15:33 GMT 2024","","DEPENDENT-TYPES","DEPENDENT-TYPES",""
"","71","B5-TYPES-PRELIM.24","","Sun Nov 10 00:36:30 GMT 2024","failed","Sun Nov 10 00:36:30 GMT 2024","","HYPERON-EXPERIMENTAL-SCRIPTS","HYPERON-EXPERIMENTAL-SCRIPTS",""
"","1","D2-HIGHERFUNC.13","","Sun Nov 10 00:46:20 GMT 2024","passed","Sun Nov 10 00:46:20 GMT 2024","","QUICK","QUICK",""
"","249","REWRITES.03","","Sun Nov 10 01:08:15 GMT 2024","failed","Sun Nov 10 01:08:15 GMT 2024","","STACK-BASED","STACK-BASED",""
"","2","TEST-IF-CLOSED.04","","Sun Nov 10 00:44:09 GMT 2024","passed","Sun Nov 10 00:44:09 GMT 2024","","ANTI-REGRESSION","ANTI-REGRESSION",""
"","7","GENE-PLN-XP.01","","Sun Nov 10 01:12:17 GMT 2024","passed","Sun Nov 10 01:12:17 GMT 2024","","PLN","PLN",""
"","2","BCHAIN-COMP.06","","Sun Nov 10 00:44:09 GMT 2024","passed","Sun Nov 10 00:44:09 GMT 2024","","ANTI-REGRESSION","ANTI-REGRESSION",""
"","2","NUMTEST.05","","Sun Nov 10 01:16:54 GMT 2024","passed","Sun Nov 10 01:16:54 GMT 2024","","COMMON","COMMON",""
"","14","CHAPTER-2-4.17","","Sun Nov 10 00:55:54 GMT 2024","failed","Sun Nov 10 00:55:54 GMT 2024","","SICP-BOOK","SICP-BOOK",""
"","2","F1-MODULEA.03","","Sun Nov 10 00:36:20 GMT 2024","passed","Sun Nov 10 00:36:20 GMT 2024","","MODULE-SYSTEM","MODULE-SYSTEM",""
"","3","UNIFY-VIA-CASE.05","","Sun Nov 10 01:27:30 GMT 2024","passed","Sun Nov 10 01:27:30 GMT 2024","","EXPERIMENTS","EXPERIMENTS",""
"","3","IBC-XP.25","","Sun Nov 10 01:22:53 GMT 2024","passed","Sun Nov 10 01:22:53 GMT 2024","","ITERATIVE-CHAINING","ITERATIVE-CHAINING",""
"","3","NUMTEST.09","","Sun Nov 10 01:16:54 GMT 2024","passed","Sun Nov 10 01:16:54 GMT 2024","","COMMON","COMMON",""
"","2","STRING-TESTS.13","","Sun Nov 10 00:38:07 GMT 2024","passed","Sun Nov 10 00:38:07 GMT 2024","","HYPERON-METTALOG-SANITY","HYPERON-METTALOG-SANITY",""
"","3","BC-XP.02","","Sun Nov 10 01:16:45 GMT 2024","passed","Sun Nov 10 01:16:45 GMT 2024","","BACKWARD-CHAINING","BACKWARD-CHAINING",""
"","2","D1-GADT.07","","Sun Nov 10 01:12:50 GMT 2024","passed","Sun Nov 10 01:12:50 GMT 2024","","CHECK-TYPES","CHECK-TYPES",""
"","1","HYPERPOSING-UNSHARED.02","","Sun Nov 10 01:58:35 GMT 2024","passed","Sun Nov 10 01:58:35 GMT 2024","","BASIC","BASIC",""
"","9","TYPE-PROP.03","","Sun Nov 10 01:12:30 GMT 2024","passed","Sun Nov 10 01:12:30 GMT 2024","","CHECK-TYPES-TEMP","CHECK-TYPES-TEMP",""
"","3","B0-CHAINING-PRELIM.05","","Sun Nov 10 00:36:30 GMT 2024","passed","Sun Nov 10 00:36:30 GMT 2024","","HYPERON-EXPERIMENTAL-SCRIPTS","HYPERON-EXPERIMENTAL-SCRIPTS",""
"","2","ADD-REMOVE-MATCH-MIX-FLOAT-INTEGER.19","","Sun Nov 10 00:53:36 GMT 2024","passed","Sun Nov 10 00:53:36 GMT 2024","","SPACES","SPACES",""
"","5000","walk_thru.tmpMatch1","","Sun Nov 10 00:36:26 GMT 2024","passed","Sun Nov 10 00:36:31 GMT 2024","","WHOLE-TESTS","WHOLE-TESTS",""
"","2","HIGHER-ORDER-FUNCS.03","","Sun Nov 10 00:54:18 GMT 2024","passed","Sun Nov 10 00:54:18 GMT 2024","","STD","STD",""
"","5000","metta-morph_tests.identity","","Sun Nov 10 00:36:26 GMT 2024","passed","Sun Nov 10 00:36:31 GMT 2024","","WHOLE-TESTS","WHOLE-TESTS",""
"","187","SYNTHESIZE-VIA-UNIFY-TEST.06","","Sun Nov 10 01:27:30 GMT 2024","failed","Sun Nov 10 01:27:30 GMT 2024","","EXPERIMENTS","EXPERIMENTS",""
"","2","D4-TYPE-PROP.14","","Sun Nov 10 00:36:30 GMT 2024","passed","Sun Nov 10 00:36:30 GMT 2024","","HYPERON-EXPERIMENTAL-SCRIPTS","HYPERON-EXPERIMENTAL-SCRIPTS",""
"","112","C1-GROUNDED-BASIC.14","","Sun Nov 10 00:36:30 GMT 2024","failed","Sun Nov 10 00:36:30 GMT 2024","","HYPERON-EXPERIMENTAL-SCRIPTS","HYPERON-EXPERIMENTAL-SCRIPTS",""
"","4","SEALED-TEST.08","","Sun Nov 10 00:38:07 GMT 2024","passed","Sun Nov 10 00:38:07 GMT 2024","","HYPERON-METTALOG-SANITY","HYPERON-METTALOG-SANITY",""
"","2","PC-XP.03","","Sun Nov 10 01:25:38 GMT 2024","passed","Sun Nov 10 01:25:38 GMT 2024","","POLYWARD-CHAINING","POLYWARD-CHAINING",""
"","2","B5-TYPES-PRELIM.05","","Sun Nov 10 00:36:30 GMT 2024","passed","Sun Nov 10 00:36:30 GMT 2024","","HYPERON-EXPERIMENTAL-SCRIPTS","HYPERON-EXPERIMENTAL-SCRIPTS",""
"","257","NATSIMPLETEST.02","","Sun Nov 10 01:19:39 GMT 2024","failed","Sun Nov 10 01:19:39 GMT 2024","","HOL","HOL",""
"","5000","prob-dep-types.prob_dep_types","","Sun Nov 10 00:36:26 GMT 2024","passed","Sun Nov 10 00:36:31 GMT 2024","","WHOLE-TESTS","WHOLE-TESTS",""
"","3","TREE.01","","Sun Nov 10 01:01:12 GMT 2024","passed","Sun Nov 10 01:01:12 GMT 2024","","COMBINATOR-CALCULI","COMBINATOR-CALCULI",""
"","2","FC-XP.15","","Sun Nov 10 01:19:34 GMT 2024","passed","Sun Nov 10 01:19:34 GMT 2024","","FORWARD-CHAINING","FORWARD-CHAINING",""
"","46000","nars_v0.tests1","","Sun Nov 10 00:36:26 GMT 2024","failed","Sun Nov 10 00:37:12 GMT 2024","","WHOLE-TESTS","WHOLE-TESTS",""
"","2","B5-TYPES-PRELIM.12","","Sun Nov 10 01:12:30 GMT 2024","passed","Sun Nov 10 01:12:30 GMT 2024","","CHECK-TYPES-TEMP","CHECK-TYPES-TEMP",""
"","2","FC-XP.12","","Sun Nov 10 01:19:34 GMT 2024","passed","Sun Nov 10 01:19:34 GMT 2024","","FORWARD-CHAINING","FORWARD-CHAINING",""
"","40000","match.tmpMatch","","Sun Nov 10 00:36:26 GMT 2024","failed","Sun Nov 10 00:37:06 GMT 2024","","WHOLE-TESTS","WHOLE-TESTS",""
"","40000","experiments.synthesize-via-let-test","","Sun Nov 10 00:36:26 GMT 2024","failed","Sun Nov 10 00:37:06 GMT 2024","","WHOLE-TESTS","WHOLE-TESTS",""
"","2","AI-SERVICE-COMPOSITION-EASY.01","","Sun Nov 10 01:09:59 GMT 2024","passed","Sun Nov 10 01:09:59 GMT 2024","","AI-SERVICE","AI-SERVICE",""
"","2","D2-HIGHERFUNC.23","","Sun Nov 10 01:12:50 GMT 2024","passed","Sun Nov 10 01:12:50 GMT 2024","","CHECK-TYPES","CHECK-TYPES",""
"","4","CURRIED-CHAINER.07","","Sun Nov 10 01:17:31 GMT 2024","passed","Sun Nov 10 01:17:31 GMT 2024","","CURRIED-CHAINING","CURRIED-CHAINING",""
"","3","CHAINING-PRELIM.01","","Sun Nov 10 00:51:18 GMT 2024","passed","Sun Nov 10 00:51:18 GMT 2024","","CHAINING","CHAINING",""
"","2","D2-HIGHERFUNC.08","","Sun Nov 10 01:12:50 GMT 2024","passed","Sun Nov 10 01:12:50 GMT 2024","","CHECK-TYPES","CHECK-TYPES",""
"","552","NATPARITYTEST.17","","Sun Nov 10 01:19:39 GMT 2024","passed","Sun Nov 10 01:19:39 GMT 2024","","HOL","HOL",""
"","3","STATE-TYPES.17","","Sun Nov 10 01:58:35 GMT 2024","passed","Sun Nov 10 01:58:35 GMT 2024","","BASIC","BASIC",""
"","2","HYPERPOSING.10","","Sun Nov 10 01:58:35 GMT 2024","passed","Sun Nov 10 01:58:35 GMT 2024","","BASIC","BASIC",""
"","2","ADD-REMOVE-MATCH-INTEGER.32","","Sun Nov 10 00:53:36 GMT 2024","passed","Sun Nov 10 00:53:36 GMT 2024","","SPACES","SPACES",""
"","23","INF-CTL-XP.17","","Sun Nov 10 01:20:51 GMT 2024","failed","Sun Nov 10 01:20:51 GMT 2024","","INFERENCE-CONTROL","INFERENCE-CONTROL",""
"","2","KB-WRITE.02","","Sun Nov 10 00:54:18 GMT 2024","passed","Sun Nov 10 00:54:18 GMT 2024","","STD","STD",""
"","2","D1-GADT.03","","Sun Nov 10 01:12:50 GMT 2024","passed","Sun Nov 10 01:12:50 GMT 2024","","CHECK-TYPES","CHECK-TYPES",""
"","663","TESTS0.07","","Sun Nov 10 01:44:34 GMT 2024","passed","Sun Nov 10 01:44:34 GMT 2024","","PREV","PREV",""
"","530","PARENT-GO-1.01","","Sun Nov 10 00:51:18 GMT 2024","passed","Sun Nov 10 00:51:18 GMT 2024","","CHAINING","CHAINING",""
"","1","TYPE-PROP.12","","Sun Nov 10 01:12:30 GMT 2024","passed","Sun Nov 10 01:12:30 GMT 2024","","CHECK-TYPES-TEMP","CHECK-TYPES-TEMP",""
"","2","BACKWARD-CHAINER-XP.24","","Sun Nov 10 01:16:41 GMT 2024","passed","Sun Nov 10 01:16:41 GMT 2024","","BACKWARD-CHAINER","BACKWARD-CHAINER",""
"","4","ORDEREDSETTEST.09","","Sun Nov 10 01:16:54 GMT 2024","passed","Sun Nov 10 01:16:54 GMT 2024","","COMMON","COMMON",""
"","2","XOR-TEST.02","","Sun Nov 10 00:38:07 GMT 2024","passed","Sun Nov 10 00:38:07 GMT 2024","","HYPERON-METTALOG-SANITY","HYPERON-METTALOG-SANITY",""
"","2","ADD-REMOVE-MATCH-MIX-FLOAT-INTEGER.01","","Sun Nov 10 00:53:36 GMT 2024","passed","Sun Nov 10 00:53:36 GMT 2024","","SPACES","SPACES",""
"","3","IMPLICATIONDIRECTINTRODUCTIONDTLTEST.05","","Sun Nov 10 01:15:33 GMT 2024","passed","Sun Nov 10 01:15:33 GMT 2024","","DEPENDENT-TYPES","DEPENDENT-TYPES",""
"","97","ADD-ATOM-MATCH.01","","Sun Nov 10 01:48:28 GMT 2024","failed","Sun Nov 10 01:48:28 GMT 2024","","DIRECT-COMP","DIRECT-COMP",""
"","2","TMPMATCH2.04","","Sun Nov 10 01:49:54 GMT 2024","passed","Sun Nov 10 01:49:54 GMT 2024","","WALK-THRU","WALK-THRU",""
"","2","TREE.03","","Sun Nov 10 01:01:12 GMT 2024","passed","Sun Nov 10 01:01:12 GMT 2024","","COMBINATOR-CALCULI","COMBINATOR-CALCULI",""
"","2","HYPERPOSE.04","","Sun Nov 10 00:42:04 GMT 2024","passed","Sun Nov 10 00:42:04 GMT 2024","","METTA-MORPH-TESTS","METTA-MORPH-TESTS",""
"","2","ADD-REMOVE-MATCH-S-STRINGS.05","","Sun Nov 10 00:53:36 GMT 2024","passed","Sun Nov 10 00:53:36 GMT 2024","","SPACES","SPACES",""
"","2","INTERSECTION-TESTS.17","","Sun Nov 10 00:38:07 GMT 2024","passed","Sun Nov 10 00:38:07 GMT 2024","","HYPERON-METTALOG-SANITY","HYPERON-METTALOG-SANITY",""
"","127","SYNTHESIZE-VIA-UNIFY-TEST.10","","Sun Nov 10 01:27:30 GMT 2024","failed","Sun Nov 10 01:27:30 GMT 2024","","EXPERIMENTS","EXPERIMENTS",""
"","40000","basic.pathfinding-med-f","","Sun Nov 10 00:36:26 GMT 2024","failed","Sun Nov 10 00:37:06 GMT 2024","","WHOLE-TESTS","WHOLE-TESTS",""
"","138","INF-CTL-MONTH-BC-XP.02","","Sun Nov 10 01:20:51 GMT 2024","failed","Sun Nov 10 01:20:51 GMT 2024","","INFERENCE-CONTROL","INFERENCE-CONTROL",""
"","2","NATPARITYTEST.10","","Sun Nov 10 01:19:39 GMT 2024","passed","Sun Nov 10 01:19:39 GMT 2024","","HOL","HOL",""
"","2","STATE-TYPES.11","","Sun Nov 10 01:58:35 GMT 2024","passed","Sun Nov 10 01:58:35 GMT 2024","","BASIC","BASIC",""
"","3","D2-HIGHERFUNC.18","","Sun Nov 10 00:46:20 GMT 2024","passed","Sun Nov 10 00:46:20 GMT 2024","","QUICK","QUICK",""
"","91","TOO-EAGER-MATH.02","","Sun Nov 10 01:57:33 GMT 2024","passed","Sun Nov 10 01:57:33 GMT 2024","","POSSIBLY-WRONG","POSSIBLY-WRONG",""
"","5000","multidirectional.obif_easy","","Sun Nov 10 00:36:26 GMT 2024","passed","Sun Nov 10 00:36:31 GMT 2024","","WHOLE-TESTS","WHOLE-TESTS",""
"","3","LISTTEST.01","","Sun Nov 10 01:16:54 GMT 2024","passed","Sun Nov 10 01:16:54 GMT 2024","","COMMON","COMMON",""
"","2","KEY-LOOKUPS-MANY.11","","Sun Nov 10 01:58:35 GMT 2024","passed","Sun Nov 10 01:58:35 GMT 2024","","BASIC","BASIC",""
"","2","IFC-XP.03","","Sun Nov 10 01:22:53 GMT 2024","passed","Sun Nov 10 01:22:53 GMT 2024","","ITERATIVE-CHAINING","ITERATIVE-CHAINING",""
"","2","TYPES2.03","","Sun Nov 10 00:42:04 GMT 2024","passed","Sun Nov 10 00:42:04 GMT 2024","","METTA-MORPH-TESTS","METTA-MORPH-TESTS",""
"","2","IBC-XP.18","","Sun Nov 10 01:22:53 GMT 2024","passed","Sun Nov 10 01:22:53 GMT 2024","","ITERATIVE-CHAINING","ITERATIVE-CHAINING",""
"","57","B5-TYPES-PRELIM.24","","Sun Nov 10 01:12:30 GMT 2024","failed","Sun Nov 10 01:12:30 GMT 2024","","CHECK-TYPES-TEMP","CHECK-TYPES-TEMP",""
"","3","TESTS5.01","","Sun Nov 10 01:40:39 GMT 2024","passed","Sun Nov 10 01:40:39 GMT 2024","","NEW","NEW",""
"","3","A1-SYMBOLS.01","","Sun Nov 10 00:36:30 GMT 2024","passed","Sun Nov 10 00:36:30 GMT 2024","","HYPERON-EXPERIMENTAL-SCRIPTS","HYPERON-EXPERIMENTAL-SCRIPTS",""
"","272","SYNTHESIZE-VIA-CASE-TEST.03","","Sun Nov 10 01:27:30 GMT 2024","failed","Sun Nov 10 01:27:30 GMT 2024","","EXPERIMENTS","EXPERIMENTS",""
"","2","D1-GADT.02","","Sun Nov 10 01:12:50 GMT 2024","passed","Sun Nov 10 01:12:50 GMT 2024","","CHECK-TYPES","CHECK-TYPES",""
"","2","BCHAIN-COMP.05","","Sun Nov 10 01:49:54 GMT 2024","passed","Sun Nov 10 01:49:54 GMT 2024","","WALK-THRU","WALK-THRU",""
"","3","MODUSPONENSDTLTEST.02","","Sun Nov 10 01:15:33 GMT 2024","passed","Sun Nov 10 01:15:33 GMT 2024","","DEPENDENT-TYPES","DEPENDENT-TYPES",""
"","2","D4-TYPE-PROP.18","","Sun Nov 10 00:36:30 GMT 2024","passed","Sun Nov 10 00:36:30 GMT 2024","","HYPERON-EXPERIMENTAL-SCRIPTS","HYPERON-EXPERIMENTAL-SCRIPTS",""
"","2","UNIQUE-TEST.03","","Sun Nov 10 00:38:07 GMT 2024","passed","Sun Nov 10 00:38:07 GMT 2024","","HYPERON-METTALOG-SANITY","HYPERON-METTALOG-SANITY",""
"","4","SEALED-TEST.03","","Sun Nov 10 00:38:07 GMT 2024","passed","Sun Nov 10 00:38:07 GMT 2024","","HYPERON-METTALOG-SANITY","HYPERON-METTALOG-SANITY",""
"","2","STATE-TYPES.12","","Sun Nov 10 01:58:35 GMT 2024","passed","Sun Nov 10 01:58:35 GMT 2024","","BASIC","BASIC",""
"","3","STATE-TYPES.10","","Sun Nov 10 01:58:35 GMT 2024","passed","Sun Nov 10 01:58:35 GMT 2024","","BASIC","BASIC",""
"","2","STRING-TESTS.03","","Sun Nov 10 00:38:07 GMT 2024","passed","Sun Nov 10 00:38:07 GMT 2024","","HYPERON-METTALOG-SANITY","HYPERON-METTALOG-SANITY",""
"","2","IBC-XP.31","","Sun Nov 10 01:22:53 GMT 2024","passed","Sun Nov 10 01:22:53 GMT 2024","","ITERATIVE-CHAINING","ITERATIVE-CHAINING",""
"","378","TESTS0.06","","Sun Nov 10 00:42:04 GMT 2024","passed","Sun Nov 10 00:42:04 GMT 2024","","METTA-MORPH-TESTS","METTA-MORPH-TESTS",""
"","1","HYPERPOSING-SHARED.03","","Sun Nov 10 01:58:35 GMT 2024","passed","Sun Nov 10 01:58:35 GMT 2024","","BASIC","BASIC",""
"","74","TESTS1.01","","Sun Nov 10 01:40:39 GMT 2024","failed","Sun Nov 10 01:40:39 GMT 2024","","NEW","NEW",""
"","383","IOIOIOI-USING-EQUALITY.03","","Sun Nov 10 01:56:13 GMT 2024","failed","Sun Nov 10 01:56:13 GMT 2024","","MULTIDIRECTIONAL","MULTIDIRECTIONAL",""
"","282","TESTS0.07","","Sun Nov 10 01:31:41 GMT 2024","failed","Sun Nov 10 01:31:41 GMT 2024","","CURRENT","CURRENT",""
"","14","D2-HIGHERFUNC.22","","Sun Nov 10 01:12:50 GMT 2024","passed","Sun Nov 10 01:12:50 GMT 2024","","CHECK-TYPES","CHECK-TYPES",""
"","7","GENE-PLN-XP.03","","Sun Nov 10 01:12:17 GMT 2024","passed","Sun Nov 10 01:12:17 GMT 2024","","PLN","PLN",""
"","2","SYNTHESIZE-VIA-TYPE-CHECKING.08","","Sun Nov 10 01:27:30 GMT 2024","passed","Sun Nov 10 01:27:30 GMT 2024","","EXPERIMENTS","EXPERIMENTS",""
"","5000","debugging.hyperon_experimental_issue_516_redduced","","Sun Nov 10 00:36:26 GMT 2024","passed","Sun Nov 10 00:36:31 GMT 2024","","WHOLE-TESTS","WHOLE-TESTS",""
"","2","B5-TYPES-PRELIM.13","","Sun Nov 10 00:36:30 GMT 2024","passed","Sun Nov 10 00:36:30 GMT 2024","","HYPERON-EXPERIMENTAL-SCRIPTS","HYPERON-EXPERIMENTAL-SCRIPTS",""
"","179","SPACE-SUBTRACTION-TESTS.08","","Sun Nov 10 00:38:07 GMT 2024","passed","Sun Nov 10 00:38:07 GMT 2024","","HYPERON-METTALOG-SANITY","HYPERON-METTALOG-SANITY",""
"","57","B5-TYPES-PRELIM.14","","Sun Nov 10 00:36:30 GMT 2024","failed","Sun Nov 10 00:36:30 GMT 2024","","HYPERON-EXPERIMENTAL-SCRIPTS","HYPERON-EXPERIMENTAL-SCRIPTS",""
"","2","D4-TYPE-PROP.19","","Sun Nov 10 00:36:30 GMT 2024","passed","Sun Nov 10 00:36:30 GMT 2024","","HYPERON-EXPERIMENTAL-SCRIPTS","HYPERON-EXPERIMENTAL-SCRIPTS",""
"","2","TYPE-PROP.51","","Sun Nov 10 01:12:30 GMT 2024","passed","Sun Nov 10 01:12:30 GMT 2024","","CHECK-TYPES-TEMP","CHECK-TYPES-TEMP",""
"","2","TYPE-PROP.04","","Sun Nov 10 00:51:18 GMT 2024","passed","Sun Nov 10 00:51:18 GMT 2024","","CHAINING","CHAINING",""
"","2","B0-CHAINING-PRELIM.03","","Sun Nov 10 00:36:30 GMT 2024","passed","Sun Nov 10 00:36:30 GMT 2024","","HYPERON-EXPERIMENTAL-SCRIPTS","HYPERON-EXPERIMENTAL-SCRIPTS",""
"","2","SUPERPOSE-NESTED.04","","Sun Nov 10 00:42:04 GMT 2024","passed","Sun Nov 10 00:42:04 GMT 2024","","METTA-MORPH-TESTS","METTA-MORPH-TESTS",""
"","2","STRING-TESTS.14","","Sun Nov 10 00:38:07 GMT 2024","passed","Sun Nov 10 00:38:07 GMT 2024","","HYPERON-METTALOG-SANITY","HYPERON-METTALOG-SANITY",""
"","2","AI-SERVICE-COMPOSITION-SANITY.07","","Sun Nov 10 01:09:59 GMT 2024","passed","Sun Nov 10 01:09:59 GMT 2024","","AI-SERVICE","AI-SERVICE",""
"","5","HIGHER-ORDER-FUNCS.08","","Sun Nov 10 00:54:18 GMT 2024","passed","Sun Nov 10 00:54:18 GMT 2024","","STD","STD",""
"","105","STDLIB-METTALOG-TEST-PT2.02","","Sun Nov 10 00:55:44 GMT 2024","failed","Sun Nov 10 00:55:44 GMT 2024","","STDLIB-METTALOG","STDLIB-METTALOG",""
"","3","BCHAIN-COMP.01","","Sun Nov 10 01:49:54 GMT 2024","passed","Sun Nov 10 01:49:54 GMT 2024","","WALK-THRU","WALK-THRU",""
"","10","C1-GROUNDED-BASIC.23","","Sun Nov 10 00:46:20 GMT 2024","passed","Sun Nov 10 00:46:20 GMT 2024","","QUICK","QUICK",""
"","2","F1-IMPORTS.17","","Sun Nov 10 00:46:20 GMT 2024","passed","Sun Nov 10 00:46:20 GMT 2024","","QUICK","QUICK",""
"","1","C1-GROUNDED-BASIC.21","","Sun Nov 10 00:36:30 GMT 2024","passed","Sun Nov 10 00:36:30 GMT 2024","","HYPERON-EXPERIMENTAL-SCRIPTS","HYPERON-EXPERIMENTAL-SCRIPTS",""
"","3","LETLET.01","","Sun Nov 10 01:49:29 GMT 2024","passed","Sun Nov 10 01:49:29 GMT 2024","","TRANSPILER","TRANSPILER",""
"","504","TESTS5.01","","Sun Nov 10 00:46:49 GMT 2024","failed","Sun Nov 10 00:46:49 GMT 2024","","MAIN-BRANCH","MAIN-BRANCH",""
"","1","NATPARITYTEST.02","","Sun Nov 10 01:19:39 GMT 2024","passed","Sun Nov 10 01:19:39 GMT 2024","","HOL","HOL",""
"","3","STRING-TESTS.07","","Sun Nov 10 00:38:07 GMT 2024","passed","Sun Nov 10 00:38:07 GMT 2024","","HYPERON-METTALOG-SANITY","HYPERON-METTALOG-SANITY",""
"","2","STATE-TYPES.22","","Sun Nov 10 01:58:35 GMT 2024","passed","Sun Nov 10 01:58:35 GMT 2024","","BASIC","BASIC",""
"","4000","chaining.parent_go_1_comp","","Sun Nov 10 00:36:26 GMT 2024","passed","Sun Nov 10 00:36:30 GMT 2024","","WHOLE-TESTS","WHOLE-TESTS",""
"","2","MATCH-SUPERPOSED-SPACES.04","","Sun Nov 10 00:42:04 GMT 2024","passed","Sun Nov 10 00:42:04 GMT 2024","","METTA-MORPH-TESTS","METTA-MORPH-TESTS",""
"","16","C3-PLN-STV.05","","Sun Nov 10 00:36:30 GMT 2024","passed","Sun Nov 10 00:36:30 GMT 2024","","HYPERON-EXPERIMENTAL-SCRIPTS","HYPERON-EXPERIMENTAL-SCRIPTS",""
"","2","EVIDENTIALTRUTHVALUETEST.01","","Sun Nov 10 01:17:22 GMT 2024","passed","Sun Nov 10 01:17:22 GMT 2024","","TRUTHVALUE","TRUTHVALUE",""
"","5000","check_types.e2_states","","Sun Nov 10 00:36:26 GMT 2024","passed","Sun Nov 10 00:36:31 GMT 2024","","WHOLE-TESTS","WHOLE-TESTS",""
"","2","STDLIB-METTALOG-TEST-PT2.28","","Sun Nov 10 00:55:44 GMT 2024","passed","Sun Nov 10 00:55:44 GMT 2024","","STDLIB-METTALOG","STDLIB-METTALOG",""
"","6","SEALED-TEST.07","","Sun Nov 10 00:38:07 GMT 2024","passed","Sun Nov 10 00:38:07 GMT 2024","","HYPERON-METTALOG-SANITY","HYPERON-METTALOG-SANITY",""
"","3","INF-CTL-MONTH-XP.05","","Sun Nov 10 01:20:51 GMT 2024","passed","Sun Nov 10 01:20:51 GMT 2024","","INFERENCE-CONTROL","INFERENCE-CONTROL",""
"","2","D3-DEPTYPES.05","","Sun Nov 10 00:36:30 GMT 2024","passed","Sun Nov 10 00:36:30 GMT 2024","","HYPERON-EXPERIMENTAL-SCRIPTS","HYPERON-EXPERIMENTAL-SCRIPTS",""
"","164","INF-ORDER-PROBS.01","","Sun Nov 10 01:04:32 GMT 2024","passed","Sun Nov 10 01:04:32 GMT 2024","","PROB-DEP-TYPES","PROB-DEP-TYPES",""
"","2","ADD-REMOVE-MATCH-STRINGS.01","","Sun Nov 10 00:53:36 GMT 2024","passed","Sun Nov 10 00:53:36 GMT 2024","","SPACES","SPACES",""
"","2","SEQUENTIAL-NESTED.09","","Sun Nov 10 00:42:04 GMT 2024","passed","Sun Nov 10 00:42:04 GMT 2024","","METTA-MORPH-TESTS","METTA-MORPH-TESTS",""
"","2","D1-GADT.10","","Sun Nov 10 00:46:20 GMT 2024","passed","Sun Nov 10 00:46:20 GMT 2024","","QUICK","QUICK",""
"","2079","TESTS2.07","","Sun Nov 10 00:46:49 GMT 2024","failed","Sun Nov 10 00:46:51 GMT 2024","","MAIN-BRANCH","MAIN-BRANCH",""
"","5000","std.get-atoms-test","","Sun Nov 10 00:36:26 GMT 2024","passed","Sun Nov 10 00:36:31 GMT 2024","","WHOLE-TESTS","WHOLE-TESTS",""
"","5","OR-TEST.07","","Sun Nov 10 00:38:07 GMT 2024","passed","Sun Nov 10 00:38:07 GMT 2024","","HYPERON-METTALOG-SANITY","HYPERON-METTALOG-SANITY",""
"","1","HYPERPOSING-SHARED.04","","Sun Nov 10 01:58:35 GMT 2024","passed","Sun Nov 10 01:58:35 GMT 2024","","BASIC","BASIC",""
"","6000","module-system.f1_imports","","Sun Nov 10 00:36:26 GMT 2024","passed","Sun Nov 10 00:36:32 GMT 2024","","WHOLE-TESTS","WHOLE-TESTS",""
"","3","ADD-REMOVE-MATCH-S-SYMBOLS.15","","Sun Nov 10 00:53:36 GMT 2024","passed","Sun Nov 10 00:53:36 GMT 2024","","SPACES","SPACES",""
"","46000","current.tests5","","Sun Nov 10 00:36:26 GMT 2024","failed","Sun Nov 10 00:37:12 GMT 2024","","WHOLE-TESTS","WHOLE-TESTS",""
"","40000","dependent-types.MinerDTL2Test","","Sun Nov 10 00:36:26 GMT 2024","failed","Sun Nov 10 00:37:06 GMT 2024","","WHOLE-TESTS","WHOLE-TESTS",""
"","2","D4-TYPE-PROP.18","","Sun Nov 10 01:12:50 GMT 2024","passed","Sun Nov 10 01:12:50 GMT 2024","","CHECK-TYPES","CHECK-TYPES",""
"","3","FC-XP.06","","Sun Nov 10 01:19:34 GMT 2024","passed","Sun Nov 10 01:19:34 GMT 2024","","FORWARD-CHAINING","FORWARD-CHAINING",""
"","2","BCHAIN.05","","Sun Nov 10 00:44:09 GMT 2024","passed","Sun Nov 10 00:44:09 GMT 2024","","ANTI-REGRESSION","ANTI-REGRESSION",""
"","2","PC-XP.05","","Sun Nov 10 01:25:38 GMT 2024","passed","Sun Nov 10 01:25:38 GMT 2024","","POLYWARD-CHAINING","POLYWARD-CHAINING",""
"","2","TEST-IF-CLOSED.08","","Sun Nov 10 01:49:54 GMT 2024","passed","Sun Nov 10 01:49:54 GMT 2024","","WALK-THRU","WALK-THRU",""
"","4000","metta_to_amr.dep-types","","Sun Nov 10 00:36:26 GMT 2024","passed","Sun Nov 10 00:36:30 GMT 2024","","WHOLE-TESTS","WHOLE-TESTS",""
"","3","IDENTITY.01","","Sun Nov 10 01:49:29 GMT 2024","passed","Sun Nov 10 01:49:29 GMT 2024","","TRANSPILER","TRANSPILER",""
"","2","PLN-STV.02","","Sun Nov 10 00:51:18 GMT 2024","passed","Sun Nov 10 00:51:18 GMT 2024","","CHAINING","CHAINING",""
"","2","TESTS3.03","","Sun Nov 10 00:46:49 GMT 2024","passed","Sun Nov 10 00:46:49 GMT 2024","","MAIN-BRANCH","MAIN-BRANCH",""
"","3","TEST-SPO-100.01","","Sun Nov 10 00:44:44 GMT 2024","passed","Sun Nov 10 00:44:44 GMT 2024","","METTA-WAM-ISSUE-116","METTA-WAM-ISSUE-116",""
"","251","TIME-SYNTHESIZE-SHORT.01","","Sun Nov 10 00:39:54 GMT 2024","passed","Sun Nov 10 00:39:54 GMT 2024","","SYNTH-BUFFER","SYNTH-BUFFER",""
"","5000","ai-service.ai-service-composition-sanity","","Sun Nov 10 00:36:26 GMT 2024","passed","Sun Nov 10 00:36:31 GMT 2024","","WHOLE-TESTS","WHOLE-TESTS",""
"","64","STDLIB-METTALOG-TEST-PT2.10","","Sun Nov 10 00:55:44 GMT 2024","failed","Sun Nov 10 00:55:44 GMT 2024","","STDLIB-METTALOG","STDLIB-METTALOG",""
"","204","SHOW-TYPE.17","","Sun Nov 10 00:53:22 GMT 2024","failed","Sun Nov 10 00:53:22 GMT 2024","","INTROSPECT","INTROSPECT",""
"","4","INF-ORDER-PROBS.06","","Sun Nov 10 01:04:32 GMT 2024","passed","Sun Nov 10 01:04:32 GMT 2024","","PROB-DEP-TYPES","PROB-DEP-TYPES",""
"","267","BASIC.06","","Sun Nov 10 01:09:46 GMT 2024","passed","Sun Nov 10 01:09:46 GMT 2024","","TRAVERSER","TRAVERSER",""
"","1","BACKWARD-CHAINER-XP.03","","Sun Nov 10 01:16:41 GMT 2024","passed","Sun Nov 10 01:16:41 GMT 2024","","BACKWARD-CHAINER","BACKWARD-CHAINER",""
"","56","STDLIB-METTALOG-TEST-PT2.13","","Sun Nov 10 00:55:44 GMT 2024","failed","Sun Nov 10 00:55:44 GMT 2024","","STDLIB-METTALOG","STDLIB-METTALOG",""
"","46","IMPLICATIONDIRECTINTRODUCTIONDTLTEST.13","","Sun Nov 10 01:15:33 GMT 2024","failed","Sun Nov 10 01:15:33 GMT 2024","","DEPENDENT-TYPES","DEPENDENT-TYPES",""
"","3","HYPERPOSING.03","","Sun Nov 10 01:58:35 GMT 2024","passed","Sun Nov 10 01:58:35 GMT 2024","","BASIC","BASIC",""
"","3","CURRIED-CHAINER.01","","Sun Nov 10 01:17:31 GMT 2024","passed","Sun Nov 10 01:17:31 GMT 2024","","CURRIED-CHAINING","CURRIED-CHAINING",""
"","2","GADT.02","","Sun Nov 10 00:54:18 GMT 2024","passed","Sun Nov 10 00:54:18 GMT 2024","","STD","STD",""
"","2","C1-GROUNDED-BASIC.03","","Sun Nov 10 00:36:30 GMT 2024","passed","Sun Nov 10 00:36:30 GMT 2024","","HYPERON-EXPERIMENTAL-SCRIPTS","HYPERON-EXPERIMENTAL-SCRIPTS",""
"","3","CML-UNSHARED.04","","Sun Nov 10 01:58:35 GMT 2024","passed","Sun Nov 10 01:58:35 GMT 2024","","BASIC","BASIC",""
"","2","LISTTEST.07","","Sun Nov 10 01:16:54 GMT 2024","passed","Sun Nov 10 01:16:54 GMT 2024","","COMMON","COMMON",""
"","74","NTE.04","","Sun Nov 10 01:02:33 GMT 2024","passed","Sun Nov 10 01:02:33 GMT 2024","","EDGES-TO-EDGES","EDGES-TO-EDGES",""
"","4000","common.MaybeTest","","Sun Nov 10 00:36:26 GMT 2024","passed","Sun Nov 10 00:36:30 GMT 2024","","WHOLE-TESTS","WHOLE-TESTS",""
"","2","TESTS0.03","","Sun Nov 10 01:36:45 GMT 2024","passed","Sun Nov 10 01:36:45 GMT 2024","","NARS-V0","NARS-V0",""
"","1","BC-XP.05","","Sun Nov 10 00:51:18 GMT 2024","passed","Sun Nov 10 00:51:18 GMT 2024","","CHAINING","CHAINING",""
"","2","ADD-REMOVE-MATCH-S-STRINGS.12","","Sun Nov 10 00:53:36 GMT 2024","passed","Sun Nov 10 00:53:36 GMT 2024","","SPACES","SPACES",""
"","5000","nondet_unify.prover","","Sun Nov 10 00:36:26 GMT 2024","passed","Sun Nov 10 00:36:31 GMT 2024","","WHOLE-TESTS","WHOLE-TESTS",""
"","2","TMPMATCH2.03","","Sun Nov 10 00:44:09 GMT 2024","passed","Sun Nov 10 00:44:09 GMT 2024","","ANTI-REGRESSION","ANTI-REGRESSION",""
"","5000","anti-regression.comma_is_not_special","","Sun Nov 10 00:36:26 GMT 2024","passed","Sun Nov 10 00:36:31 GMT 2024","","WHOLE-TESTS","WHOLE-TESTS",""
"","2","B5-TYPES-PRELIM.19","","Sun Nov 10 01:12:30 GMT 2024","passed","Sun Nov 10 01:12:30 GMT 2024","","CHECK-TYPES-TEMP","CHECK-TYPES-TEMP",""
"","2","IBC-XP.05","","Sun Nov 10 01:22:53 GMT 2024","passed","Sun Nov 10 01:22:53 GMT 2024","","ITERATIVE-CHAINING","ITERATIVE-CHAINING",""
"","11","TYPE-PROP.59","","Sun Nov 10 01:12:30 GMT 2024","failed","Sun Nov 10 01:12:30 GMT 2024","","CHECK-TYPES-TEMP","CHECK-TYPES-TEMP",""
"","2","D2-HIGHERFUNC.25","","Sun Nov 10 00:36:30 GMT 2024","passed","Sun Nov 10 00:36:30 GMT 2024","","HYPERON-EXPERIMENTAL-SCRIPTS","HYPERON-EXPERIMENTAL-SCRIPTS",""
"","2","STDLIB-METTALOG-TEST-PT2.51","","Sun Nov 10 00:55:44 GMT 2024","passed","Sun Nov 10 00:55:44 GMT 2024","","STDLIB-METTALOG","STDLIB-METTALOG",""
"","1","STATE-TYPES.14","","Sun Nov 10 01:58:35 GMT 2024","passed","Sun Nov 10 01:58:35 GMT 2024","","BASIC","BASIC",""
"","2","A3-TWOSIDE.03","","Sun Nov 10 00:36:30 GMT 2024","passed","Sun Nov 10 00:36:30 GMT 2024","","HYPERON-EXPERIMENTAL-SCRIPTS","HYPERON-EXPERIMENTAL-SCRIPTS",""
"","2","PC-XP.12","","Sun Nov 10 01:25:38 GMT 2024","passed","Sun Nov 10 01:25:38 GMT 2024","","POLYWARD-CHAINING","POLYWARD-CHAINING",""
"","1","TYPE-PROP.11","","Sun Nov 10 01:12:30 GMT 2024","passed","Sun Nov 10 01:12:30 GMT 2024","","CHECK-TYPES-TEMP","CHECK-TYPES-TEMP",""
"","119","TESTS0.07","","Sun Nov 10 00:46:49 GMT 2024","passed","Sun Nov 10 00:46:49 GMT 2024","","MAIN-BRANCH","MAIN-BRANCH",""
"","2","INF-CTL-MONTH-BC-CONT-XP.17","","Sun Nov 10 01:20:51 GMT 2024","passed","Sun Nov 10 01:20:51 GMT 2024","","INFERENCE-CONTROL","INFERENCE-CONTROL",""
"","2","TYPES-PRELIM.03","","Sun Nov 10 00:51:18 GMT 2024","passed","Sun Nov 10 00:51:18 GMT 2024","","CHAINING","CHAINING",""
"","52","STDLIB-METTALOG-TEST-PT2.11","","Sun Nov 10 00:55:44 GMT 2024","failed","Sun Nov 10 00:55:44 GMT 2024","","STDLIB-METTALOG","STDLIB-METTALOG",""
"","3","STATE-TYPES.03","","Sun Nov 10 01:58:35 GMT 2024","passed","Sun Nov 10 01:58:35 GMT 2024","","BASIC","BASIC",""
"","2","METTALOGTESTCURRIED2.02","","Sun Nov 10 00:44:09 GMT 2024","passed","Sun Nov 10 00:44:09 GMT 2024","","ANTI-REGRESSION","ANTI-REGRESSION",""
"","4","TYPE-PROP.35","","Sun Nov 10 01:12:30 GMT 2024","passed","Sun Nov 10 01:12:30 GMT 2024","","CHECK-TYPES-TEMP","CHECK-TYPES-TEMP",""
"","4","FORWARD-CHAINER-XP.29","","Sun Nov 10 01:19:25 GMT 2024","passed","Sun Nov 10 01:19:25 GMT 2024","","FORWARD-CHAINER","FORWARD-CHAINER",""
"","4","ORIENTATION-TEST.03","","Sun Nov 10 01:26:37 GMT 2024","passed","Sun Nov 10 01:26:37 GMT 2024","","ORIENTATION","ORIENTATION",""
"","2","STRING-TESTS.04","","Sun Nov 10 00:38:07 GMT 2024","passed","Sun Nov 10 00:38:07 GMT 2024","","HYPERON-METTALOG-SANITY","HYPERON-METTALOG-SANITY",""
"","345","SYNTHESIZE-VIA-CASE-TEST.07","","Sun Nov 10 01:27:30 GMT 2024","failed","Sun Nov 10 01:27:30 GMT 2024","","EXPERIMENTS","EXPERIMENTS",""
"","2","STRING-TESTS.02","","Sun Nov 10 00:38:07 GMT 2024","passed","Sun Nov 10 00:38:07 GMT 2024","","HYPERON-METTALOG-SANITY","HYPERON-METTALOG-SANITY",""
"","2","B5-TYPES-PRELIM.06","","Sun Nov 10 01:12:30 GMT 2024","passed","Sun Nov 10 01:12:30 GMT 2024","","CHECK-TYPES-TEMP","CHECK-TYPES-TEMP",""
"","2","FORWARD-CHAINER-XP.11","","Sun Nov 10 01:19:25 GMT 2024","passed","Sun Nov 10 01:19:25 GMT 2024","","FORWARD-CHAINER","FORWARD-CHAINER",""
"","2","F1-IMPORTS.12","","Sun Nov 10 00:36:30 GMT 2024","passed","Sun Nov 10 00:36:30 GMT 2024","","HYPERON-EXPERIMENTAL-SCRIPTS","HYPERON-EXPERIMENTAL-SCRIPTS",""
"","2","BC-XP.22","","Sun Nov 10 01:16:45 GMT 2024","passed","Sun Nov 10 01:16:45 GMT 2024","","BACKWARD-CHAINING","BACKWARD-CHAINING",""
"","435","SYNTHESIZE-VIA-LET-TEST.01","","Sun Nov 10 01:27:30 GMT 2024","failed","Sun Nov 10 01:27:30 GMT 2024","","EXPERIMENTS","EXPERIMENTS",""
"","14","MATCH-VOID.11","","Sun Nov 10 00:42:04 GMT 2024","passed","Sun Nov 10 00:42:04 GMT 2024","","METTA-MORPH-TESTS","METTA-MORPH-TESTS",""
"","2","D2-HIGHERFUNC.24","","Sun Nov 10 01:12:50 GMT 2024","passed","Sun Nov 10 01:12:50 GMT 2024","","CHECK-TYPES","CHECK-TYPES",""
"","2","TEST-IF-CLOSED.07","","Sun Nov 10 00:44:09 GMT 2024","passed","Sun Nov 10 00:44:09 GMT 2024","","ANTI-REGRESSION","ANTI-REGRESSION",""
"","2","F1-IMPORTS.03","","Sun Nov 10 00:36:30 GMT 2024","passed","Sun Nov 10 00:36:30 GMT 2024","","HYPERON-EXPERIMENTAL-SCRIPTS","HYPERON-EXPERIMENTAL-SCRIPTS",""
"","3","MAYBETEST.01","","Sun Nov 10 01:16:54 GMT 2024","passed","Sun Nov 10 01:16:54 GMT 2024","","COMMON","COMMON",""
"","2","IMPL-METTALOGTESTCURRIED.11","","Sun Nov 10 01:49:54 GMT 2024","passed","Sun Nov 10 01:49:54 GMT 2024","","WALK-THRU","WALK-THRU",""
"","2","INF-CTL-MONTH-XP-SHORT-3.11","","Sun Nov 10 02:04:52 GMT 2024","passed","Sun Nov 10 02:04:52 GMT 2024","","COMPARISONS","COMPARISONS",""
"","47","FORWARD-CHAINER-TEST.01","","Sun Nov 10 01:19:25 GMT 2024","failed","Sun Nov 10 01:19:25 GMT 2024","","FORWARD-CHAINER","FORWARD-CHAINER",""
"","4000","hyperon-mettalog_sanity.intersection_tests","","Sun Nov 10 00:36:26 GMT 2024","passed","Sun Nov 10 00:36:30 GMT 2024","","WHOLE-TESTS","WHOLE-TESTS",""
"","3","00-LANG-CASE.03","","Sun Nov 10 00:38:07 GMT 2024","passed","Sun Nov 10 00:38:07 GMT 2024","","HYPERON-METTALOG-SANITY","HYPERON-METTALOG-SANITY",""
"","46000","current.tests4","","Sun Nov 10 00:36:26 GMT 2024","failed","Sun Nov 10 00:37:12 GMT 2024","","WHOLE-TESTS","WHOLE-TESTS",""
"","2","TYPES-PRELIM.18","","Sun Nov 10 00:51:18 GMT 2024","passed","Sun Nov 10 00:51:18 GMT 2024","","CHAINING","CHAINING",""
"","2","INF-CTL-MONTH-BC-CONT-XP.09","","Sun Nov 10 01:20:51 GMT 2024","passed","Sun Nov 10 01:20:51 GMT 2024","","INFERENCE-CONTROL","INFERENCE-CONTROL",""
"","2","INTERSECTION-TESTS.12","","Sun Nov 10 00:38:07 GMT 2024","passed","Sun Nov 10 00:38:07 GMT 2024","","HYPERON-METTALOG-SANITY","HYPERON-METTALOG-SANITY",""
"","5000","hyperon-mettalog_sanity.base_test_repr_parse_intersection","","Sun Nov 10 00:36:26 GMT 2024","passed","Sun Nov 10 00:36:31 GMT 2024","","WHOLE-TESTS","WHOLE-TESTS",""
"","2","ADD-REMOVE-MATCH-MIX-FLOAT-INTEGER.05","","Sun Nov 10 00:53:36 GMT 2024","passed","Sun Nov 10 00:53:36 GMT 2024","","SPACES","SPACES",""
"","82","ADD-REMOVE-MATCH-MIX-FLOAT-INTEGER.14","","Sun Nov 10 00:53:36 GMT 2024","passed","Sun Nov 10 00:53:36 GMT 2024","","SPACES","SPACES",""
"","1","E3-MATCH-STATES.04","","Sun Nov 10 00:36:30 GMT 2024","passed","Sun Nov 10 00:36:30 GMT 2024","","HYPERON-EXPERIMENTAL-SCRIPTS","HYPERON-EXPERIMENTAL-SCRIPTS",""
"","4000","quick.f1_moduleA","","Sun Nov 10 00:36:26 GMT 2024","passed","Sun Nov 10 00:36:30 GMT 2024","","WHOLE-TESTS","WHOLE-TESTS",""
"","3","D3-DEPTYPES.01","","Sun Nov 10 00:36:30 GMT 2024","passed","Sun Nov 10 00:36:30 GMT 2024","","HYPERON-EXPERIMENTAL-SCRIPTS","HYPERON-EXPERIMENTAL-SCRIPTS",""
"","3","FORWARD-CHAINER-XP.19","","Sun Nov 10 01:19:25 GMT 2024","passed","Sun Nov 10 01:19:25 GMT 2024","","FORWARD-CHAINER","FORWARD-CHAINER",""
"","1374","TESTS5.05","","Sun Nov 10 00:46:49 GMT 2024","failed","Sun Nov 10 00:46:50 GMT 2024","","MAIN-BRANCH","MAIN-BRANCH",""
"","6000","hyperon-experimental_scripts.c3_pln_stv","","Sun Nov 10 00:36:26 GMT 2024","passed","Sun Nov 10 00:36:32 GMT 2024","","WHOLE-TESTS","WHOLE-TESTS",""
"","2","ADD-REMOVE-MATCH-MIX-FLOAT-INTEGER.02","","Sun Nov 10 00:53:36 GMT 2024","passed","Sun Nov 10 00:53:36 GMT 2024","","SPACES","SPACES",""
"","2","SPACE-SUBTRACTION-TESTS.02","","Sun Nov 10 00:38:07 GMT 2024","passed","Sun Nov 10 00:38:07 GMT 2024","","HYPERON-METTALOG-SANITY","HYPERON-METTALOG-SANITY",""
"","51","IOIOIOI-USING-EQUALITY.04","","Sun Nov 10 01:56:13 GMT 2024","failed","Sun Nov 10 01:56:13 GMT 2024","","MULTIDIRECTIONAL","MULTIDIRECTIONAL",""
"","37","FORWARD-CHAINER-XP.13","","Sun Nov 10 01:19:25 GMT 2024","failed","Sun Nov 10 01:19:25 GMT 2024","","FORWARD-CHAINER","FORWARD-CHAINER",""
"","1","B4-NONDETERM.06","","Sun Nov 10 00:36:30 GMT 2024","passed","Sun Nov 10 00:36:30 GMT 2024","","HYPERON-EXPERIMENTAL-SCRIPTS","HYPERON-EXPERIMENTAL-SCRIPTS",""
"","3","NAIVE-FIB.01","","Sun Nov 10 02:04:52 GMT 2024","passed","Sun Nov 10 02:04:52 GMT 2024","","COMPARISONS","COMPARISONS",""
"","1","D4-TYPE-PROP.05","","Sun Nov 10 00:46:20 GMT 2024","passed","Sun Nov 10 00:46:20 GMT 2024","","QUICK","QUICK",""
"","1","METTALOGTESTCURRIED2.04","","Sun Nov 10 01:49:54 GMT 2024","passed","Sun Nov 10 01:49:54 GMT 2024","","WALK-THRU","WALK-THRU",""
"","2","D4-TYPE-PROP.20","","Sun Nov 10 01:12:50 GMT 2024","passed","Sun Nov 10 01:12:50 GMT 2024","","CHECK-TYPES","CHECK-TYPES",""
"","2","ALL-ANY.02","","Sun Nov 10 01:03:52 GMT 2024","passed","Sun Nov 10 01:03:52 GMT 2024","","LOGIC","LOGIC",""
"","3","00A-LANG-COMPILED-CASE.11","","Sun Nov 10 01:48:28 GMT 2024","passed","Sun Nov 10 01:48:28 GMT 2024","","DIRECT-COMP","DIRECT-COMP",""
"","2","STDLIB-METTALOG-TEST-PT2.19","","Sun Nov 10 00:55:44 GMT 2024","passed","Sun Nov 10 00:55:44 GMT 2024","","STDLIB-METTALOG","STDLIB-METTALOG",""
"","131","SPACE-INTERSECTION-TESTS.09","","Sun Nov 10 00:38:07 GMT 2024","failed","Sun Nov 10 00:38:07 GMT 2024","","HYPERON-METTALOG-SANITY","HYPERON-METTALOG-SANITY",""
"","2","FLIP-TEST.02","","Sun Nov 10 00:38:07 GMT 2024","passed","Sun Nov 10 00:38:07 GMT 2024","","HYPERON-METTALOG-SANITY","HYPERON-METTALOG-SANITY",""
"","1562","SYNTHESIZE-VIA-LET-TEST.11","","Sun Nov 10 01:27:30 GMT 2024","failed","Sun Nov 10 01:27:31 GMT 2024","","EXPERIMENTS","EXPERIMENTS",""
"","2","BACKWARD-CHAINER-XP.38","","Sun Nov 10 01:16:41 GMT 2024","passed","Sun Nov 10 01:16:41 GMT 2024","","BACKWARD-CHAINER","BACKWARD-CHAINER",""
"","1166","TRAINING-BI.02","","Sun Nov 10 02:11:07 GMT 2024","passed","Sun Nov 10 02:11:08 GMT 2024","","LANGUAGE-MODELS","LANGUAGE-MODELS",""
"","81","INF-CTL-MONTH-XP-SHORT-5.02","","Sun Nov 10 02:04:52 GMT 2024","failed","Sun Nov 10 02:04:52 GMT 2024","","COMPARISONS","COMPARISONS",""
"","5000","logic.puzzle","","Sun Nov 10 00:36:26 GMT 2024","passed","Sun Nov 10 00:36:31 GMT 2024","","WHOLE-TESTS","WHOLE-TESTS",""
"","13","CHAPTER-2-4.18","","Sun Nov 10 00:55:54 GMT 2024","failed","Sun Nov 10 00:55:54 GMT 2024","","SICP-BOOK","SICP-BOOK",""
"","2","D2-HIGHERFUNC.06","","Sun Nov 10 00:36:30 GMT 2024","passed","Sun Nov 10 00:36:30 GMT 2024","","HYPERON-EXPERIMENTAL-SCRIPTS","HYPERON-EXPERIMENTAL-SCRIPTS",""
"","2","ADD-REMOVE-MATCH-FLOAT.10","","Sun Nov 10 00:53:36 GMT 2024","passed","Sun Nov 10 00:53:36 GMT 2024","","SPACES","SPACES",""
"","71","D5-AUTO-TYPES.01","","Sun Nov 10 01:12:50 GMT 2024","failed","Sun Nov 10 01:12:50 GMT 2024","","CHECK-TYPES","CHECK-TYPES",""
"","3","DEBUG-METTALOGTESTCURRIED.06","","Sun Nov 10 01:49:54 GMT 2024","passed","Sun Nov 10 01:49:54 GMT 2024","","WALK-THRU","WALK-THRU",""
"","5000","direct_comp.add_atom_match","","Sun Nov 10 00:36:26 GMT 2024","passed","Sun Nov 10 00:36:31 GMT 2024","","WHOLE-TESTS","WHOLE-TESTS",""
"","2","ORDEREDSETTEST.07","","Sun Nov 10 01:16:54 GMT 2024","passed","Sun Nov 10 01:16:54 GMT 2024","","COMMON","COMMON",""
"","41000","experiments.self-contained-synthesize","","Sun Nov 10 00:36:26 GMT 2024","failed","Sun Nov 10 00:37:07 GMT 2024","","WHOLE-TESTS","WHOLE-TESTS",""
"","2877","GENE-QUERY.02","","Sun Nov 10 01:12:22 GMT 2024","failed","Sun Nov 10 01:12:24 GMT 2024","","QUERY","QUERY",""
"","5","ADD-REMOVE-MATCH-INTEGER.42","","Sun Nov 10 00:53:36 GMT 2024","passed","Sun Nov 10 00:53:36 GMT 2024","","SPACES","SPACES",""
"","2","OR-TEST.10","","Sun Nov 10 00:38:07 GMT 2024","passed","Sun Nov 10 00:38:07 GMT 2024","","HYPERON-METTALOG-SANITY","HYPERON-METTALOG-SANITY",""
"","2","D4-TYPE-PROP.02","","Sun Nov 10 00:46:20 GMT 2024","passed","Sun Nov 10 00:46:20 GMT 2024","","QUICK","QUICK",""
"","2","BCHAIN-COMP.04","","Sun Nov 10 01:49:54 GMT 2024","passed","Sun Nov 10 01:49:54 GMT 2024","","WALK-THRU","WALK-THRU",""
"","168","IOIOIOI-USING-EQUALITY.01","","Sun Nov 10 01:56:13 GMT 2024","failed","Sun Nov 10 01:56:13 GMT 2024","","MULTIDIRECTIONAL","MULTIDIRECTIONAL",""
"","2","INTERSECTION-TESTS.01","","Sun Nov 10 00:38:07 GMT 2024","passed","Sun Nov 10 00:38:07 GMT 2024","","HYPERON-METTALOG-SANITY","HYPERON-METTALOG-SANITY",""
"","1","ADD-REMOVE-MATCH-INTEGER.10","","Sun Nov 10 00:53:36 GMT 2024","passed","Sun Nov 10 00:53:36 GMT 2024","","SPACES","SPACES",""
"","3","NATSTANDALONETEST.06","","Sun Nov 10 01:19:39 GMT 2024","passed","Sun Nov 10 01:19:39 GMT 2024","","HOL","HOL",""
"","5000","hyperon-mettalog_sanity.first_answer_long","","Sun Nov 10 00:36:26 GMT 2024","passed","Sun Nov 10 00:36:31 GMT 2024","","WHOLE-TESTS","WHOLE-TESTS",""
"","50","STRUCTURE-TESTS.01","","Sun Nov 10 00:38:07 GMT 2024","passed","Sun Nov 10 00:38:07 GMT 2024","","HYPERON-METTALOG-SANITY","HYPERON-METTALOG-SANITY",""
"","9","C3-PLN-STV.04","","Sun Nov 10 00:36:30 GMT 2024","passed","Sun Nov 10 00:36:30 GMT 2024","","HYPERON-EXPERIMENTAL-SCRIPTS","HYPERON-EXPERIMENTAL-SCRIPTS",""
"","1","HIGHER-ORDER-FUNCS.04","","Sun Nov 10 00:54:18 GMT 2024","passed","Sun Nov 10 00:54:18 GMT 2024","","STD","STD",""
"","2","TYPE-PROP.21","","Sun Nov 10 01:12:30 GMT 2024","passed","Sun Nov 10 01:12:30 GMT 2024","","CHECK-TYPES-TEMP","CHECK-TYPES-TEMP",""
"","3","ADD-REMOVE-MATCH-SYMBOLS.03","","Sun Nov 10 00:53:36 GMT 2024","passed","Sun Nov 10 00:53:36 GMT 2024","","SPACES","SPACES",""
"","2","ADD-REMOVE-MATCH-MIX-FLOAT-INTEGER.06","","Sun Nov 10 00:53:36 GMT 2024","passed","Sun Nov 10 00:53:36 GMT 2024","","SPACES","SPACES",""
"","2","BC-XP.12","","Sun Nov 10 01:16:45 GMT 2024","passed","Sun Nov 10 01:16:45 GMT 2024","","BACKWARD-CHAINING","BACKWARD-CHAINING",""
"","147","ADD-REMOVE-MATCH-S-SYMBOLS.14","","Sun Nov 10 00:53:36 GMT 2024","passed","Sun Nov 10 00:53:36 GMT 2024","","SPACES","SPACES",""
"","6","CHAPTER-1-2.01","","Sun Nov 10 00:55:54 GMT 2024","passed","Sun Nov 10 00:55:54 GMT 2024","","SICP-BOOK","SICP-BOOK",""
"","2","TYPE-PROP.78","","Sun Nov 10 01:12:30 GMT 2024","passed","Sun Nov 10 01:12:30 GMT 2024","","CHECK-TYPES-TEMP","CHECK-TYPES-TEMP",""
"","3","CHAPTER-2-2.10","","Sun Nov 10 00:55:54 GMT 2024","passed","Sun Nov 10 00:55:54 GMT 2024","","SICP-BOOK","SICP-BOOK",""
"","4000","loop-checks.06_loop_0","","Sun Nov 10 00:36:26 GMT 2024","passed","Sun Nov 10 00:36:30 GMT 2024","","WHOLE-TESTS","WHOLE-TESTS",""
"","2","MULTIFUNCTION.01","","Sun Nov 10 00:42:04 GMT 2024","passed","Sun Nov 10 00:42:04 GMT 2024","","METTA-MORPH-TESTS","METTA-MORPH-TESTS",""
"","2","STDLIB-METTALOG-TEST-PT2.40","","Sun Nov 10 00:55:44 GMT 2024","passed","Sun Nov 10 00:55:44 GMT 2024","","STDLIB-METTALOG","STDLIB-METTALOG",""
"","86","INF-CTL-MONTH-XP-SHORT-6.02","","Sun Nov 10 02:04:52 GMT 2024","failed","Sun Nov 10 02:04:52 GMT 2024","","COMPARISONS","COMPARISONS",""
"","3","A2-OPENCOGGY.01","","Sun Nov 10 00:36:30 GMT 2024","passed","Sun Nov 10 00:36:30 GMT 2024","","HYPERON-EXPERIMENTAL-SCRIPTS","HYPERON-EXPERIMENTAL-SCRIPTS",""
"","16000","bigram-sentence-evaluator.bigrams","","Sun Nov 10 00:36:26 GMT 2024","passed","Sun Nov 10 00:36:42 GMT 2024","","WHOLE-TESTS","WHOLE-TESTS",""
"","6000","metta-morph_tests.minnars","","Sun Nov 10 00:36:26 GMT 2024","passed","Sun Nov 10 00:36:32 GMT 2024","","WHOLE-TESTS","WHOLE-TESTS",""
"","1604","SELF-CONTAINED-SYNTHESIZE.09","","Sun Nov 10 01:27:30 GMT 2024","failed","Sun Nov 10 01:27:31 GMT 2024","","EXPERIMENTS","EXPERIMENTS",""
"","4000","truthvalue.EvidentialTruthValueTest","","Sun Nov 10 00:36:26 GMT 2024","passed","Sun Nov 10 00:36:30 GMT 2024","","WHOLE-TESTS","WHOLE-TESTS",""
"","3","A3-TWOSIDE.04","","Sun Nov 10 00:36:30 GMT 2024","passed","Sun Nov 10 00:36:30 GMT 2024","","HYPERON-EXPERIMENTAL-SCRIPTS","HYPERON-EXPERIMENTAL-SCRIPTS",""
"","2","D4-TYPE-PROP.07","","Sun Nov 10 01:12:50 GMT 2024","passed","Sun Nov 10 01:12:50 GMT 2024","","CHECK-TYPES","CHECK-TYPES",""
"","2","MATCH-VOID.01","","Sun Nov 10 00:42:04 GMT 2024","passed","Sun Nov 10 00:42:04 GMT 2024","","METTA-MORPH-TESTS","METTA-MORPH-TESTS",""
"","5000","hyperon-mettalog_sanity.space_intersection_tests","","Sun Nov 10 00:36:26 GMT 2024","passed","Sun Nov 10 00:36:31 GMT 2024","","WHOLE-TESTS","WHOLE-TESTS",""
"","2","STATES-SPACES.02","","Sun Nov 10 00:42:04 GMT 2024","passed","Sun Nov 10 00:42:04 GMT 2024","","METTA-MORPH-TESTS","METTA-MORPH-TESTS",""
"","42","BACKWARD-CHAINER-XP.35","","Sun Nov 10 01:16:41 GMT 2024","failed","Sun Nov 10 01:16:41 GMT 2024","","BACKWARD-CHAINER","BACKWARD-CHAINER",""
"","15","TEST-INFER-FUNCTION-APPLICATION-TYPE.04","","Sun Nov 10 01:58:35 GMT 2024","failed","Sun Nov 10 01:58:35 GMT 2024","","BASIC","BASIC",""
"","76","DEBUG-METTALOGTESTCURRIED.09","","Sun Nov 10 01:49:54 GMT 2024","passed","Sun Nov 10 01:49:54 GMT 2024","","WALK-THRU","WALK-THRU",""
"","77","D5-AUTO-TYPES.06","","Sun Nov 10 00:36:30 GMT 2024","failed","Sun Nov 10 00:36:30 GMT 2024","","HYPERON-EXPERIMENTAL-SCRIPTS","HYPERON-EXPERIMENTAL-SCRIPTS",""
"","2","D4-TYPE-PROP.05","","Sun Nov 10 00:36:30 GMT 2024","passed","Sun Nov 10 00:36:30 GMT 2024","","HYPERON-EXPERIMENTAL-SCRIPTS","HYPERON-EXPERIMENTAL-SCRIPTS",""
"","2","BC-COMP.03","","Sun Nov 10 00:44:09 GMT 2024","passed","Sun Nov 10 00:44:09 GMT 2024","","ANTI-REGRESSION","ANTI-REGRESSION",""
"","2","CHAPTER-1-1.15","","Sun Nov 10 00:55:54 GMT 2024","passed","Sun Nov 10 00:55:54 GMT 2024","","SICP-BOOK","SICP-BOOK",""
"","43","TYPES-PRELIM.12","","Sun Nov 10 00:51:18 GMT 2024","failed","Sun Nov 10 00:51:18 GMT 2024","","CHAINING","CHAINING",""
"","4000","check_types.d3_deptypes","","Sun Nov 10 00:36:26 GMT 2024","passed","Sun Nov 10 00:36:30 GMT 2024","","WHOLE-TESTS","WHOLE-TESTS",""
"","40000","loop-checks.06_loop_2","","Sun Nov 10 00:36:26 GMT 2024","failed","Sun Nov 10 00:37:06 GMT 2024","","WHOLE-TESTS","WHOLE-TESTS",""
"","4000","multidirectional.ioioioi_using_equality","","Sun Nov 10 00:36:26 GMT 2024","passed","Sun Nov 10 00:36:30 GMT 2024","","WHOLE-TESTS","WHOLE-TESTS",""
"","3","FORWARD-CHAINER-XP.06","","Sun Nov 10 01:19:25 GMT 2024","passed","Sun Nov 10 01:19:25 GMT 2024","","FORWARD-CHAINER","FORWARD-CHAINER",""
"","41000","SICP_book.chapter_2_1","","Sun Nov 10 00:36:26 GMT 2024","failed","Sun Nov 10 00:37:07 GMT 2024","","WHOLE-TESTS","WHOLE-TESTS",""
"","56","D5-AUTO-TYPES.03","","Sun Nov 10 00:36:30 GMT 2024","failed","Sun Nov 10 00:36:30 GMT 2024","","HYPERON-EXPERIMENTAL-SCRIPTS","HYPERON-EXPERIMENTAL-SCRIPTS",""
"","2","BASIC.11","","Sun Nov 10 01:09:46 GMT 2024","passed","Sun Nov 10 01:09:46 GMT 2024","","TRAVERSER","TRAVERSER",""
"","3","ZEROARGS.01","","Sun Nov 10 00:42:04 GMT 2024","passed","Sun Nov 10 00:42:04 GMT 2024","","METTA-MORPH-TESTS","METTA-MORPH-TESTS",""
"","62","NATSTANDALONETEST.12","","Sun Nov 10 01:19:39 GMT 2024","failed","Sun Nov 10 01:19:39 GMT 2024","","HOL","HOL",""
"","2","NATSTANDALONETEST.03","","Sun Nov 10 01:19:39 GMT 2024","passed","Sun Nov 10 01:19:39 GMT 2024","","HOL","HOL",""
"","5000","match.DeductionMatchTest","","Sun Nov 10 00:36:26 GMT 2024","passed","Sun Nov 10 00:36:31 GMT 2024","","WHOLE-TESTS","WHOLE-TESTS",""
"","3578","PROB-DEP-TYPES.16","","Sun Nov 10 01:04:32 GMT 2024","failed","Sun Nov 10 01:04:35 GMT 2024","","PROB-DEP-TYPES","PROB-DEP-TYPES",""
"","2","AI-SERVICE-COMPOSITION-EASY.04","","Sun Nov 10 01:09:59 GMT 2024","passed","Sun Nov 10 01:09:59 GMT 2024","","AI-SERVICE","AI-SERVICE",""
"","2","CHAPTER-2-2.03","","Sun Nov 10 00:55:54 GMT 2024","passed","Sun Nov 10 00:55:54 GMT 2024","","SICP-BOOK","SICP-BOOK",""
"","1","INF-CTL-MONTH-XP-SHORT-3.04","","Sun Nov 10 02:04:52 GMT 2024","passed","Sun Nov 10 02:04:52 GMT 2024","","COMPARISONS","COMPARISONS",""
"","584","IOIOIOI.03","","Sun Nov 10 01:56:13 GMT 2024","passed","Sun Nov 10 01:56:13 GMT 2024","","MULTIDIRECTIONAL","MULTIDIRECTIONAL",""
"","2","ADD-REMOVE-MATCH-MIX-FLOAT-INTEGER.18","","Sun Nov 10 00:53:36 GMT 2024","passed","Sun Nov 10 00:53:36 GMT 2024","","SPACES","SPACES",""
"","5","SPACE-INTERSECTION-TESTS.03","","Sun Nov 10 00:38:07 GMT 2024","passed","Sun Nov 10 00:38:07 GMT 2024","","HYPERON-METTALOG-SANITY","HYPERON-METTALOG-SANITY",""
"","2","STRING-TESTS.15","","Sun Nov 10 00:38:07 GMT 2024","passed","Sun Nov 10 00:38:07 GMT 2024","","HYPERON-METTALOG-SANITY","HYPERON-METTALOG-SANITY",""
"","1","INTERSECTION-TESTS.02","","Sun Nov 10 00:38:07 GMT 2024","passed","Sun Nov 10 00:38:07 GMT 2024","","HYPERON-METTALOG-SANITY","HYPERON-METTALOG-SANITY",""
"","2","ADD-REMOVE-MATCH-INTEGER.17","","Sun Nov 10 00:53:36 GMT 2024","passed","Sun Nov 10 00:53:36 GMT 2024","","SPACES","SPACES",""
"","2","E2-STATES.04","","Sun Nov 10 01:12:50 GMT 2024","passed","Sun Nov 10 01:12:50 GMT 2024","","CHECK-TYPES","CHECK-TYPES",""
"","2","ADD-REMOVE-MATCH-SYMBOLS.05","","Sun Nov 10 00:53:36 GMT 2024","passed","Sun Nov 10 00:53:36 GMT 2024","","SPACES","SPACES",""
"","28","CHAPTER-1-3.01","","Sun Nov 10 00:55:54 GMT 2024","passed","Sun Nov 10 00:55:54 GMT 2024","","SICP-BOOK","SICP-BOOK",""
"","2","TEST-IF-CLOSED.09","","Sun Nov 10 01:49:54 GMT 2024","passed","Sun Nov 10 01:49:54 GMT 2024","","WALK-THRU","WALK-THRU",""
"","5","FIRST-ANSWER.02","","Sun Nov 10 00:38:07 GMT 2024","passed","Sun Nov 10 00:38:07 GMT 2024","","HYPERON-METTALOG-SANITY","HYPERON-METTALOG-SANITY",""
"","5000","multidirectional.append","","Sun Nov 10 00:36:26 GMT 2024","passed","Sun Nov 10 00:36:31 GMT 2024","","WHOLE-TESTS","WHOLE-TESTS",""
"","2","ADD-REMOVE-MATCH-INTEGER.21","","Sun Nov 10 00:53:36 GMT 2024","passed","Sun Nov 10 00:53:36 GMT 2024","","SPACES","SPACES",""
"","2","INF-CTL-MONTH-XP-SHORT-3.13","","Sun Nov 10 02:04:52 GMT 2024","passed","Sun Nov 10 02:04:52 GMT 2024","","COMPARISONS","COMPARISONS",""
"","2","ADD-REMOVE-MATCH-SS-SYMBOLS.16","","Sun Nov 10 00:53:36 GMT 2024","passed","Sun Nov 10 00:53:36 GMT 2024","","SPACES","SPACES",""
"","2","PREREQS.06","","Sun Nov 10 00:46:49 GMT 2024","passed","Sun Nov 10 00:46:49 GMT 2024","","MAIN-BRANCH","MAIN-BRANCH",""
"","2","IOIOIOI.04","","Sun Nov 10 01:56:13 GMT 2024","passed","Sun Nov 10 01:56:13 GMT 2024","","MULTIDIRECTIONAL","MULTIDIRECTIONAL",""
"","262","TESTS0.08","","Sun Nov 10 00:46:49 GMT 2024","passed","Sun Nov 10 00:46:49 GMT 2024","","MAIN-BRANCH","MAIN-BRANCH",""
"","2","B1-EQUAL-CHAIN.05","","Sun Nov 10 00:36:30 GMT 2024","passed","Sun Nov 10 00:36:30 GMT 2024","","HYPERON-EXPERIMENTAL-SCRIPTS","HYPERON-EXPERIMENTAL-SCRIPTS",""
"","282","SELF-CONTAINED-SYNTHESIZE.04","","Sun Nov 10 01:27:30 GMT 2024","failed","Sun Nov 10 01:27:30 GMT 2024","","EXPERIMENTS","EXPERIMENTS",""
"","4000","hyperon-experimental_scripts.e3_match_states","","Sun Nov 10 00:36:26 GMT 2024","passed","Sun Nov 10 00:36:30 GMT 2024","","WHOLE-TESTS","WHOLE-TESTS",""
"","2","SHOW-TYPE.11","","Sun Nov 10 00:53:22 GMT 2024","passed","Sun Nov 10 00:53:22 GMT 2024","","INTROSPECT","INTROSPECT",""
"","2","CHAPTER-2-2.02","","Sun Nov 10 00:55:54 GMT 2024","passed","Sun Nov 10 00:55:54 GMT 2024","","SICP-BOOK","SICP-BOOK",""
"","349","TESTS0.06","","Sun Nov 10 01:40:39 GMT 2024","failed","Sun Nov 10 01:40:39 GMT 2024","","NEW","NEW",""
"","5000","multidirectional.obif","","Sun Nov 10 00:36:26 GMT 2024","passed","Sun Nov 10 00:36:31 GMT 2024","","WHOLE-TESTS","WHOLE-TESTS",""
"","2","B5-TYPES-PRELIM.26","","Sun Nov 10 00:36:30 GMT 2024","passed","Sun Nov 10 00:36:30 GMT 2024","","HYPERON-EXPERIMENTAL-SCRIPTS","HYPERON-EXPERIMENTAL-SCRIPTS",""
"","39","IMPLICATIONDIRECTINTRODUCTIONDTLTEST.15","","Sun Nov 10 01:15:33 GMT 2024","failed","Sun Nov 10 01:15:33 GMT 2024","","DEPENDENT-TYPES","DEPENDENT-TYPES",""
"","3","TYPE-PROP.22","","Sun Nov 10 01:12:30 GMT 2024","passed","Sun Nov 10 01:12:30 GMT 2024","","CHECK-TYPES-TEMP","CHECK-TYPES-TEMP",""
"","29","INF-CTL-MONTH-XP-SHORT-1.01","","Sun Nov 10 02:04:52 GMT 2024","failed","Sun Nov 10 02:04:52 GMT 2024","","COMPARISONS","COMPARISONS",""
"","2","TMPMATCH2.01","","Sun Nov 10 01:49:54 GMT 2024","passed","Sun Nov 10 01:49:54 GMT 2024","","WALK-THRU","WALK-THRU",""
"","14","D1-GADT.04","","Sun Nov 10 01:12:50 GMT 2024","passed","Sun Nov 10 01:12:50 GMT 2024","","CHECK-TYPES","CHECK-TYPES",""
"","2","LISTTEST.09","","Sun Nov 10 01:16:54 GMT 2024","passed","Sun Nov 10 01:16:54 GMT 2024","","COMMON","COMMON",""
"","5000","main-branch.prereqs","","Sun Nov 10 00:36:26 GMT 2024","passed","Sun Nov 10 00:36:31 GMT 2024","","WHOLE-TESTS","WHOLE-TESTS",""
"","2","D4-TYPE-PROP.15","","Sun Nov 10 00:36:30 GMT 2024","passed","Sun Nov 10 00:36:30 GMT 2024","","HYPERON-EXPERIMENTAL-SCRIPTS","HYPERON-EXPERIMENTAL-SCRIPTS",""
"","4","SEALED-TEST.05","","Sun Nov 10 00:38:07 GMT 2024","passed","Sun Nov 10 00:38:07 GMT 2024","","HYPERON-METTALOG-SANITY","HYPERON-METTALOG-SANITY",""
"","3","INF-CTL-XP.08","","Sun Nov 10 01:20:51 GMT 2024","passed","Sun Nov 10 01:20:51 GMT 2024","","INFERENCE-CONTROL","INFERENCE-CONTROL",""
"","5000","walk_thru.bchain_comp","","Sun Nov 10 00:36:26 GMT 2024","passed","Sun Nov 10 00:36:31 GMT 2024","","WHOLE-TESTS","WHOLE-TESTS",""
"","2","D3-DEPTYPES.06","","Sun Nov 10 01:12:50 GMT 2024","passed","Sun Nov 10 01:12:50 GMT 2024","","CHECK-TYPES","CHECK-TYPES",""
"","12","D1-GADT.05","","Sun Nov 10 00:36:30 GMT 2024","passed","Sun Nov 10 00:36:30 GMT 2024","","HYPERON-EXPERIMENTAL-SCRIPTS","HYPERON-EXPERIMENTAL-SCRIPTS",""
"","2","ADD-REMOVE-MATCH-INTEGER.04","","Sun Nov 10 00:53:36 GMT 2024","passed","Sun Nov 10 00:53:36 GMT 2024","","SPACES","SPACES",""
"","2","D1-GADT.12","","Sun Nov 10 01:12:50 GMT 2024","passed","Sun Nov 10 01:12:50 GMT 2024","","CHECK-TYPES","CHECK-TYPES",""
"","1194","SYNTHESIZE-VIA-CASE-TEST.06","","Sun Nov 10 01:27:30 GMT 2024","failed","Sun Nov 10 01:27:31 GMT 2024","","EXPERIMENTS","EXPERIMENTS",""
"","2","QUERIES.08","","Sun Nov 10 01:09:05 GMT 2024","passed","Sun Nov 10 01:09:05 GMT 2024","","STRIPS-TO-METTA-IMPROVED","STRIPS-TO-METTA-IMPROVED",""
"","40000","experiments.synthesize-via-unify-test-longer","","Sun Nov 10 00:36:26 GMT 2024","failed","Sun Nov 10 00:37:06 GMT 2024","","WHOLE-TESTS","WHOLE-TESTS",""
"","49","IMPLICATIONDIRECTINTRODUCTIONDTLTEST.04","","Sun Nov 10 01:15:33 GMT 2024","failed","Sun Nov 10 01:15:33 GMT 2024","","DEPENDENT-TYPES","DEPENDENT-TYPES",""
"","9","E3-MATCH-STATES.05","","Sun Nov 10 00:36:30 GMT 2024","failed","Sun Nov 10 00:36:30 GMT 2024","","HYPERON-EXPERIMENTAL-SCRIPTS","HYPERON-EXPERIMENTAL-SCRIPTS",""
"","3","RUN-MINNARS-TRIMMED.01","","Sun Nov 10 01:35:30 GMT 2024","passed","Sun Nov 10 01:35:30 GMT 2024","","NARS-EXTRAS","NARS-EXTRAS",""
"","2","ADD-REMOVE-MATCH-SYMBOLS.06","","Sun Nov 10 00:53:36 GMT 2024","passed","Sun Nov 10 00:53:36 GMT 2024","","SPACES","SPACES",""
"","42000","basic.pathfinding-hard","","Sun Nov 10 00:36:26 GMT 2024","failed","Sun Nov 10 00:37:08 GMT 2024","","WHOLE-TESTS","WHOLE-TESTS",""
"","2","C1-GROUNDED-BASIC.07","","Sun Nov 10 00:36:30 GMT 2024","passed","Sun Nov 10 00:36:30 GMT 2024","","HYPERON-EXPERIMENTAL-SCRIPTS","HYPERON-EXPERIMENTAL-SCRIPTS",""
"","2","ADD-ATOM-NAIVE-FIB.08","","Sun Nov 10 02:04:52 GMT 2024","passed","Sun Nov 10 02:04:52 GMT 2024","","COMPARISONS","COMPARISONS",""
"","2","STDLIB-METTALOG-TEST-PT2.31","","Sun Nov 10 00:55:44 GMT 2024","passed","Sun Nov 10 00:55:44 GMT 2024","","STDLIB-METTALOG","STDLIB-METTALOG",""
"","5000","red-black-lambda.red-black","","Sun Nov 10 00:36:26 GMT 2024","passed","Sun Nov 10 00:36:31 GMT 2024","","WHOLE-TESTS","WHOLE-TESTS",""
"","1","IBC-XP.32","","Sun Nov 10 01:22:53 GMT 2024","passed","Sun Nov 10 01:22:53 GMT 2024","","ITERATIVE-CHAINING","ITERATIVE-CHAINING",""
"","2","TYPE-PROP.64","","Sun Nov 10 01:12:30 GMT 2024","passed","Sun Nov 10 01:12:30 GMT 2024","","CHECK-TYPES-TEMP","CHECK-TYPES-TEMP",""
"","82","SYNTHESIZE-VIA-LET-TEST.10","","Sun Nov 10 01:27:30 GMT 2024","passed","Sun Nov 10 01:27:30 GMT 2024","","EXPERIMENTS","EXPERIMENTS",""
"","2","ADD-REMOVE-MATCH-STRINGS.04","","Sun Nov 10 00:53:36 GMT 2024","passed","Sun Nov 10 00:53:36 GMT 2024","","SPACES","SPACES",""
"","2","AI-SERVICE-COMPOSITION-SANITY.02","","Sun Nov 10 01:09:59 GMT 2024","passed","Sun Nov 10 01:09:59 GMT 2024","","AI-SERVICE","AI-SERVICE",""
"","2","TYPE-PROP.70","","Sun Nov 10 01:12:30 GMT 2024","passed","Sun Nov 10 01:12:30 GMT 2024","","CHECK-TYPES-TEMP","CHECK-TYPES-TEMP",""
"","2","STDLIB-METTALOG-TEST-PT2.29","","Sun Nov 10 00:55:44 GMT 2024","passed","Sun Nov 10 00:55:44 GMT 2024","","STDLIB-METTALOG","STDLIB-METTALOG",""
"","2","INF-CTL-MONTH-XP-SHORT-3.14","","Sun Nov 10 02:04:52 GMT 2024","passed","Sun Nov 10 02:04:52 GMT 2024","","COMPARISONS","COMPARISONS",""
"","23","STDLIB-METTALOG-TEST-PT2.26","","Sun Nov 10 00:55:44 GMT 2024","failed","Sun Nov 10 00:55:44 GMT 2024","","STDLIB-METTALOG","STDLIB-METTALOG",""
"","2","TYPE-PROP.17","","Sun Nov 10 01:12:30 GMT 2024","passed","Sun Nov 10 01:12:30 GMT 2024","","CHECK-TYPES-TEMP","CHECK-TYPES-TEMP",""
"","5000","anti-regression.tmpMatch1","","Sun Nov 10 00:36:26 GMT 2024","passed","Sun Nov 10 00:36:31 GMT 2024","","WHOLE-TESTS","WHOLE-TESTS",""
"","1","D2-HIGHERFUNC.14","","Sun Nov 10 00:46:20 GMT 2024","passed","Sun Nov 10 00:46:20 GMT 2024","","QUICK","QUICK",""
"","2","BACKWARD-CHAINER-XP.26","","Sun Nov 10 01:16:41 GMT 2024","passed","Sun Nov 10 01:16:41 GMT 2024","","BACKWARD-CHAINER","BACKWARD-CHAINER",""
"","2","00-LANG-CASE.16","","Sun Nov 10 00:38:07 GMT 2024","passed","Sun Nov 10 00:38:07 GMT 2024","","HYPERON-METTALOG-SANITY","HYPERON-METTALOG-SANITY",""
"","2","03-SORING-VIA-INSERT.06","","Sun Nov 10 00:38:07 GMT 2024","passed","Sun Nov 10 00:38:07 GMT 2024","","HYPERON-METTALOG-SANITY","HYPERON-METTALOG-SANITY",""
"","1","F1-IMPORTS.10","","Sun Nov 10 00:36:20 GMT 2024","passed","Sun Nov 10 00:36:20 GMT 2024","","MODULE-SYSTEM","MODULE-SYSTEM",""
"","2","STRING-TESTS.20","","Sun Nov 10 00:38:07 GMT 2024","passed","Sun Nov 10 00:38:07 GMT 2024","","HYPERON-METTALOG-SANITY","HYPERON-METTALOG-SANITY",""
"","277","BASIC.02","","Sun Nov 10 01:09:46 GMT 2024","passed","Sun Nov 10 01:09:46 GMT 2024","","TRAVERSER","TRAVERSER",""
"","2","BC-XP.21","","Sun Nov 10 01:16:45 GMT 2024","passed","Sun Nov 10 01:16:45 GMT 2024","","BACKWARD-CHAINING","BACKWARD-CHAINING",""
"","1","F1-MODULEA.06","","Sun Nov 10 00:36:20 GMT 2024","passed","Sun Nov 10 00:36:20 GMT 2024","","MODULE-SYSTEM","MODULE-SYSTEM",""
"","3","UTILS-TEST.02","","Sun Nov 10 01:16:37 GMT 2024","passed","Sun Nov 10 01:16:37 GMT 2024","","UTILS","UTILS",""
"","2","STATES-SPACES.05","","Sun Nov 10 00:42:04 GMT 2024","passed","Sun Nov 10 00:42:04 GMT 2024","","METTA-MORPH-TESTS","METTA-MORPH-TESTS",""
"","2","HYPERPOSE.06","","Sun Nov 10 00:42:04 GMT 2024","passed","Sun Nov 10 00:42:04 GMT 2024","","METTA-MORPH-TESTS","METTA-MORPH-TESTS",""
"","2","QUERIES.15","","Sun Nov 10 01:09:05 GMT 2024","passed","Sun Nov 10 01:09:05 GMT 2024","","STRIPS-TO-METTA-IMPROVED","STRIPS-TO-METTA-IMPROVED",""
"","5000","bidirectional_computation.fish-riddle","","Sun Nov 10 00:36:26 GMT 2024","passed","Sun Nov 10 00:36:31 GMT 2024","","WHOLE-TESTS","WHOLE-TESTS",""
"","2","F1-IMPORTS.11","","Sun Nov 10 00:46:20 GMT 2024","passed","Sun Nov 10 00:46:20 GMT 2024","","QUICK","QUICK",""
"","5000","metta-wam-issue-116.test_spo_5000","","Sun Nov 10 00:36:26 GMT 2024","passed","Sun Nov 10 00:36:31 GMT 2024","","WHOLE-TESTS","WHOLE-TESTS",""
"","3","F1-MODULEA.09","","Sun Nov 10 00:36:30 GMT 2024","passed","Sun Nov 10 00:36:30 GMT 2024","","HYPERON-EXPERIMENTAL-SCRIPTS","HYPERON-EXPERIMENTAL-SCRIPTS",""
"","128","SPACE-INTERSECTION-TESTS.08","","Sun Nov 10 00:38:07 GMT 2024","failed","Sun Nov 10 00:38:07 GMT 2024","","HYPERON-METTALOG-SANITY","HYPERON-METTALOG-SANITY",""
"","2","STDLIB-METTALOG-TEST-PT2.39","","Sun Nov 10 00:55:44 GMT 2024","passed","Sun Nov 10 00:55:44 GMT 2024","","STDLIB-METTALOG","STDLIB-METTALOG",""
"","38","STDLIB-METTALOG-TEST-PT2.04","","Sun Nov 10 00:55:44 GMT 2024","failed","Sun Nov 10 00:55:44 GMT 2024","","STDLIB-METTALOG","STDLIB-METTALOG",""
"","5000","hol.NatTest","","Sun Nov 10 00:36:26 GMT 2024","passed","Sun Nov 10 00:36:31 GMT 2024","","WHOLE-TESTS","WHOLE-TESTS",""
"","2","CHAPTER-2-4.12","","Sun Nov 10 00:55:54 GMT 2024","passed","Sun Nov 10 00:55:54 GMT 2024","","SICP-BOOK","SICP-BOOK",""
"","3","ORIENTATION-TEST.02","","Sun Nov 10 01:26:37 GMT 2024","passed","Sun Nov 10 01:26:37 GMT 2024","","ORIENTATION","ORIENTATION",""
"","2","ADD-REMOVE-MATCH-INTEGER.11","","Sun Nov 10 00:53:36 GMT 2024","passed","Sun Nov 10 00:53:36 GMT 2024","","SPACES","SPACES",""
"","3","UNIQUE-TEST.10","","Sun Nov 10 00:38:07 GMT 2024","passed","Sun Nov 10 00:38:07 GMT 2024","","HYPERON-METTALOG-SANITY","HYPERON-METTALOG-SANITY",""
"","2","B5-TYPES-PRELIM.23","","Sun Nov 10 01:12:30 GMT 2024","passed","Sun Nov 10 01:12:30 GMT 2024","","CHECK-TYPES-TEMP","CHECK-TYPES-TEMP",""
"","2","BCHAIN.06","","Sun Nov 10 01:49:54 GMT 2024","passed","Sun Nov 10 01:49:54 GMT 2024","","WALK-THRU","WALK-THRU",""
"","2","F1-IMPORTS.13","","Sun Nov 10 00:36:20 GMT 2024","passed","Sun Nov 10 00:36:20 GMT 2024","","MODULE-SYSTEM","MODULE-SYSTEM",""
"","2","TESTS2.01","","Sun Nov 10 00:46:49 GMT 2024","passed","Sun Nov 10 00:46:49 GMT 2024","","MAIN-BRANCH","MAIN-BRANCH",""
"","2","ADD-REMOVE-MATCH-SS-STRINGS.03","","Sun Nov 10 00:53:36 GMT 2024","passed","Sun Nov 10 00:53:36 GMT 2024","","SPACES","SPACES",""
"","2","XOR-TEST.06","","Sun Nov 10 00:38:07 GMT 2024","passed","Sun Nov 10 00:38:07 GMT 2024","","HYPERON-METTALOG-SANITY","HYPERON-METTALOG-SANITY",""
"","6000","walk_thru.impl_mettalogTestCurried","","Sun Nov 10 00:36:26 GMT 2024","passed","Sun Nov 10 00:36:32 GMT 2024","","WHOLE-TESTS","WHOLE-TESTS",""
"","2","IBC-XP.01","","Sun Nov 10 01:22:53 GMT 2024","passed","Sun Nov 10 01:22:53 GMT 2024","","ITERATIVE-CHAINING","ITERATIVE-CHAINING",""
"","3","E2-STATES.11","","Sun Nov 10 01:12:50 GMT 2024","passed","Sun Nov 10 01:12:50 GMT 2024","","CHECK-TYPES","CHECK-TYPES",""
"","2","CHAPTER-1-2.02","","Sun Nov 10 00:55:54 GMT 2024","passed","Sun Nov 10 00:55:54 GMT 2024","","SICP-BOOK","SICP-BOOK",""
"","2","BCHAIN.04","","Sun Nov 10 01:49:54 GMT 2024","passed","Sun Nov 10 01:49:54 GMT 2024","","WALK-THRU","WALK-THRU",""
"","4000","module-system.c2_spaces","","Sun Nov 10 00:36:26 GMT 2024","passed","Sun Nov 10 00:36:30 GMT 2024","","WHOLE-TESTS","WHOLE-TESTS",""
"","348","METTALOGTESTCURRIED2.07","","Sun Nov 10 01:49:54 GMT 2024","passed","Sun Nov 10 01:49:54 GMT 2024","","WALK-THRU","WALK-THRU",""
"","41000","comparisons.naive-fib","","Sun Nov 10 00:36:26 GMT 2024","failed","Sun Nov 10 00:37:07 GMT 2024","","WHOLE-TESTS","WHOLE-TESTS",""
"","2","DEBUG-METTALOGTESTCURRIED.02","","Sun Nov 10 01:49:54 GMT 2024","passed","Sun Nov 10 01:49:54 GMT 2024","","WALK-THRU","WALK-THRU",""
"","1","NATSTANDALONETEST.08","","Sun Nov 10 01:19:39 GMT 2024","passed","Sun Nov 10 01:19:39 GMT 2024","","HOL","HOL",""
"","2","00A-LANG-COMPILED-CASE.03","","Sun Nov 10 01:48:28 GMT 2024","passed","Sun Nov 10 01:48:28 GMT 2024","","DIRECT-COMP","DIRECT-COMP",""
"","3","FORWARD-CHAINER-TEST.02","","Sun Nov 10 01:19:25 GMT 2024","passed","Sun Nov 10 01:19:25 GMT 2024","","FORWARD-CHAINER","FORWARD-CHAINER",""
"","2","SPACE-INTERSECTION-TESTS.13","","Sun Nov 10 00:38:07 GMT 2024","passed","Sun Nov 10 00:38:07 GMT 2024","","HYPERON-METTALOG-SANITY","HYPERON-METTALOG-SANITY",""
"","121","INF-CTL-MONTH-XP.01","","Sun Nov 10 01:20:51 GMT 2024","passed","Sun Nov 10 01:20:51 GMT 2024","","INFERENCE-CONTROL","INFERENCE-CONTROL",""
"","82","STATE-TYPES.08","","Sun Nov 10 01:58:35 GMT 2024","failed","Sun Nov 10 01:58:35 GMT 2024","","BASIC","BASIC",""
"","3","STATES-SPACES.01","","Sun Nov 10 00:42:04 GMT 2024","passed","Sun Nov 10 00:42:04 GMT 2024","","METTA-MORPH-TESTS","METTA-MORPH-TESTS",""
"","2","IFC-XP.30","","Sun Nov 10 01:22:53 GMT 2024","passed","Sun Nov 10 01:22:53 GMT 2024","","ITERATIVE-CHAINING","ITERATIVE-CHAINING",""
"","100","SHOW-TYPE.03","","Sun Nov 10 00:53:22 GMT 2024","failed","Sun Nov 10 00:53:22 GMT 2024","","INTROSPECT","INTROSPECT",""
"","113","USE-TWO-SERVERS.02","","Sun Nov 10 01:54:21 GMT 2024","failed","Sun Nov 10 01:54:21 GMT 2024","","DISTRIBUTED-PROCESSING","DISTRIBUTED-PROCESSING",""
"","1","METTALOGTESTCURRIED2.06","","Sun Nov 10 01:49:54 GMT 2024","passed","Sun Nov 10 01:49:54 GMT 2024","","WALK-THRU","WALK-THRU",""
"","286","SHOW-TYPE.15","","Sun Nov 10 00:53:22 GMT 2024","failed","Sun Nov 10 00:53:22 GMT 2024","","INTROSPECT","INTROSPECT",""
"","2","FORWARD-CHAINER-XP.23","","Sun Nov 10 01:19:25 GMT 2024","passed","Sun Nov 10 01:19:25 GMT 2024","","FORWARD-CHAINER","FORWARD-CHAINER",""
"","2","B5-TYPES-PRELIM.07","","Sun Nov 10 00:36:30 GMT 2024","passed","Sun Nov 10 00:36:30 GMT 2024","","HYPERON-EXPERIMENTAL-SCRIPTS","HYPERON-EXPERIMENTAL-SCRIPTS",""
"","2","AI-SERVICE-COMPOSITION-SANITY.01","","Sun Nov 10 01:09:59 GMT 2024","passed","Sun Nov 10 01:09:59 GMT 2024","","AI-SERVICE","AI-SERVICE",""
"","82","F1-IMPORTS.18","","Sun Nov 10 00:46:20 GMT 2024","passed","Sun Nov 10 00:46:20 GMT 2024","","QUICK","QUICK",""
"","2","INF-CTL-MONTH-XP-SHORT-3.03","","Sun Nov 10 02:04:52 GMT 2024","passed","Sun Nov 10 02:04:52 GMT 2024","","COMPARISONS","COMPARISONS",""
"","3","LISTTEST.14","","Sun Nov 10 01:16:54 GMT 2024","passed","Sun Nov 10 01:16:54 GMT 2024","","COMMON","COMMON",""
"","2","STDLIB-METTALOG-TEST-PT2.30","","Sun Nov 10 00:55:44 GMT 2024","passed","Sun Nov 10 00:55:44 GMT 2024","","STDLIB-METTALOG","STDLIB-METTALOG",""
"","3","00-LANG-CASE.13","","Sun Nov 10 00:38:07 GMT 2024","passed","Sun Nov 10 00:38:07 GMT 2024","","HYPERON-METTALOG-SANITY","HYPERON-METTALOG-SANITY",""
"","14","D2-HIGHERFUNC.20","","Sun Nov 10 00:36:30 GMT 2024","passed","Sun Nov 10 00:36:30 GMT 2024","","HYPERON-EXPERIMENTAL-SCRIPTS","HYPERON-EXPERIMENTAL-SCRIPTS",""
"","2","IFC-XP.08","","Sun Nov 10 01:22:53 GMT 2024","passed","Sun Nov 10 01:22:53 GMT 2024","","ITERATIVE-CHAINING","ITERATIVE-CHAINING",""
"","2","STDLIB-METTALOG-TEST-PT2.33","","Sun Nov 10 00:55:44 GMT 2024","passed","Sun Nov 10 00:55:44 GMT 2024","","STDLIB-METTALOG","STDLIB-METTALOG",""
"","3","C2-SPACES.01","","Sun Nov 10 00:36:20 GMT 2024","passed","Sun Nov 10 00:36:20 GMT 2024","","MODULE-SYSTEM","MODULE-SYSTEM",""
"","1","BC-XP.19","","Sun Nov 10 01:16:45 GMT 2024","passed","Sun Nov 10 01:16:45 GMT 2024","","BACKWARD-CHAINING","BACKWARD-CHAINING",""
"","2","TESTS0.06","","Sun Nov 10 00:46:49 GMT 2024","passed","Sun Nov 10 00:46:49 GMT 2024","","MAIN-BRANCH","MAIN-BRANCH",""
"","3","TEST-IF-CLOSED.01","","Sun Nov 10 00:44:09 GMT 2024","passed","Sun Nov 10 00:44:09 GMT 2024","","ANTI-REGRESSION","ANTI-REGRESSION",""
"","89","INTERSECTION-TESTS.31","","Sun Nov 10 00:38:07 GMT 2024","failed","Sun Nov 10 00:38:07 GMT 2024","","HYPERON-METTALOG-SANITY","HYPERON-METTALOG-SANITY",""
"","104","B5-TYPES-PRELIM.08","","Sun Nov 10 01:12:30 GMT 2024","failed","Sun Nov 10 01:12:30 GMT 2024","","CHECK-TYPES-TEMP","CHECK-TYPES-TEMP",""
"","1","E3-MATCH-STATES.02","","Sun Nov 10 00:36:30 GMT 2024","passed","Sun Nov 10 00:36:30 GMT 2024","","HYPERON-EXPERIMENTAL-SCRIPTS","HYPERON-EXPERIMENTAL-SCRIPTS",""
"","4","OBIF.01","","Sun Nov 10 01:56:13 GMT 2024","passed","Sun Nov 10 01:56:13 GMT 2024","","MULTIDIRECTIONAL","MULTIDIRECTIONAL",""
"","89","INTERSECTION-TESTS.28","","Sun Nov 10 00:38:07 GMT 2024","failed","Sun Nov 10 00:38:07 GMT 2024","","HYPERON-METTALOG-SANITY","HYPERON-METTALOG-SANITY",""
"","2","STRING-TESTS.19","","Sun Nov 10 00:38:07 GMT 2024","passed","Sun Nov 10 00:38:07 GMT 2024","","HYPERON-METTALOG-SANITY","HYPERON-METTALOG-SANITY",""
"","2","INF-CTL-MONTH-BC-CONT-XP.02","","Sun Nov 10 01:20:51 GMT 2024","passed","Sun Nov 10 01:20:51 GMT 2024","","INFERENCE-CONTROL","INFERENCE-CONTROL",""
"","2","UNIFY-VIA-CASE.06","","Sun Nov 10 01:27:30 GMT 2024","passed","Sun Nov 10 01:27:30 GMT 2024","","EXPERIMENTS","EXPERIMENTS",""
"","2","D3-DEPTYPES.03","","Sun Nov 10 00:36:30 GMT 2024","passed","Sun Nov 10 00:36:30 GMT 2024","","HYPERON-EXPERIMENTAL-SCRIPTS","HYPERON-EXPERIMENTAL-SCRIPTS",""
"","2","CHAPTER-2-2.11","","Sun Nov 10 00:55:54 GMT 2024","passed","Sun Nov 10 00:55:54 GMT 2024","","SICP-BOOK","SICP-BOOK",""
"","14","D2-HIGHERFUNC.20","","Sun Nov 10 00:46:20 GMT 2024","passed","Sun Nov 10 00:46:20 GMT 2024","","QUICK","QUICK",""
"","54","DEDUCTIONDTLTEST.01","","Sun Nov 10 01:15:33 GMT 2024","failed","Sun Nov 10 01:15:33 GMT 2024","","DEPENDENT-TYPES","DEPENDENT-TYPES",""
"","2","D2-HIGHERFUNC.11","","Sun Nov 10 01:12:50 GMT 2024","passed","Sun Nov 10 01:12:50 GMT 2024","","CHECK-TYPES","CHECK-TYPES",""
"","2","01-LANG-INC.02","","Sun Nov 10 00:38:07 GMT 2024","passed","Sun Nov 10 00:38:07 GMT 2024","","HYPERON-METTALOG-SANITY","HYPERON-METTALOG-SANITY",""
"","2","BC-COMP.02","","Sun Nov 10 01:49:54 GMT 2024","passed","Sun Nov 10 01:49:54 GMT 2024","","WALK-THRU","WALK-THRU",""
"","3","IFC-XP.21","","Sun Nov 10 01:22:53 GMT 2024","passed","Sun Nov 10 01:22:53 GMT 2024","","ITERATIVE-CHAINING","ITERATIVE-CHAINING",""
"","2","BASIC.09","","Sun Nov 10 01:09:46 GMT 2024","passed","Sun Nov 10 01:09:46 GMT 2024","","TRAVERSER","TRAVERSER",""
"","2","KEY-LOOKUPS-MANY.13","","Sun Nov 10 01:58:35 GMT 2024","passed","Sun Nov 10 01:58:35 GMT 2024","","BASIC","BASIC",""
"","2","D2-HIGHERFUNC.09","","Sun Nov 10 00:36:30 GMT 2024","passed","Sun Nov 10 00:36:30 GMT 2024","","HYPERON-EXPERIMENTAL-SCRIPTS","HYPERON-EXPERIMENTAL-SCRIPTS",""
"","2","ADD-REMOVE-MATCH-INTEGER.05","","Sun Nov 10 00:53:36 GMT 2024","passed","Sun Nov 10 00:53:36 GMT 2024","","SPACES","SPACES",""
"","2","INTERSECTION-TESTS.16","","Sun Nov 10 00:38:07 GMT 2024","passed","Sun Nov 10 00:38:07 GMT 2024","","HYPERON-METTALOG-SANITY","HYPERON-METTALOG-SANITY",""
"","44000","synth_buffer.time_synthesize","","Sun Nov 10 00:36:26 GMT 2024","failed","Sun Nov 10 00:37:10 GMT 2024","","WHOLE-TESTS","WHOLE-TESTS",""
"","55","D5-AUTO-TYPES.02","","Sun Nov 10 00:36:30 GMT 2024","failed","Sun Nov 10 00:36:30 GMT 2024","","HYPERON-EXPERIMENTAL-SCRIPTS","HYPERON-EXPERIMENTAL-SCRIPTS",""
"","5","F1-IMPORTS.02","","Sun Nov 10 00:46:20 GMT 2024","passed","Sun Nov 10 00:46:20 GMT 2024","","QUICK","QUICK",""
"","2","BACKWARD-CHAINER-XP.08","","Sun Nov 10 01:16:41 GMT 2024","passed","Sun Nov 10 01:16:41 GMT 2024","","BACKWARD-CHAINER","BACKWARD-CHAINER",""
"","61","FC-XP.01","","Sun Nov 10 01:19:34 GMT 2024","failed","Sun Nov 10 01:19:34 GMT 2024","","FORWARD-CHAINING","FORWARD-CHAINING",""
"","17","INF-CTL-XP.11","","Sun Nov 10 01:20:51 GMT 2024","failed","Sun Nov 10 01:20:51 GMT 2024","","INFERENCE-CONTROL","INFERENCE-CONTROL",""
"","1","HYPERPOSING-SHARED.08","","Sun Nov 10 01:58:35 GMT 2024","passed","Sun Nov 10 01:58:35 GMT 2024","","BASIC","BASIC",""
"","2","E2-STATES.05","","Sun Nov 10 01:12:50 GMT 2024","passed","Sun Nov 10 01:12:50 GMT 2024","","CHECK-TYPES","CHECK-TYPES",""
"","2","INF-CTL-MONTH-XP-SHORT-3.10","","Sun Nov 10 02:04:52 GMT 2024","passed","Sun Nov 10 02:04:52 GMT 2024","","COMPARISONS","COMPARISONS",""
"","2","TYPE-PROP.14","","Sun Nov 10 01:12:30 GMT 2024","passed","Sun Nov 10 01:12:30 GMT 2024","","CHECK-TYPES-TEMP","CHECK-TYPES-TEMP",""
"","40000","main-branch.tests2","","Sun Nov 10 00:36:26 GMT 2024","failed","Sun Nov 10 00:37:06 GMT 2024","","WHOLE-TESTS","WHOLE-TESTS",""
"","2","TYPE-PROP.23","","Sun Nov 10 01:12:30 GMT 2024","passed","Sun Nov 10 01:12:30 GMT 2024","","CHECK-TYPES-TEMP","CHECK-TYPES-TEMP",""
"","3","IOIOIOI.02","","Sun Nov 10 01:56:13 GMT 2024","passed","Sun Nov 10 01:56:13 GMT 2024","","MULTIDIRECTIONAL","MULTIDIRECTIONAL",""
"","2","C1-GROUNDED-BASIC.01","","Sun Nov 10 00:36:30 GMT 2024","passed","Sun Nov 10 00:36:30 GMT 2024","","HYPERON-EXPERIMENTAL-SCRIPTS","HYPERON-EXPERIMENTAL-SCRIPTS",""
"","3","HIGHER-ORDER-FUNCS.09","","Sun Nov 10 00:54:18 GMT 2024","passed","Sun Nov 10 00:54:18 GMT 2024","","STD","STD",""
"","2","B5-TYPES-PRELIM.18","","Sun Nov 10 00:36:30 GMT 2024","passed","Sun Nov 10 00:36:30 GMT 2024","","HYPERON-EXPERIMENTAL-SCRIPTS","HYPERON-EXPERIMENTAL-SCRIPTS",""
"","3","COMMA-IS-NOT-SPECIAL.01","","Sun Nov 10 00:44:09 GMT 2024","passed","Sun Nov 10 00:44:09 GMT 2024","","ANTI-REGRESSION","ANTI-REGRESSION",""
"","2","TESTS4.01","","Sun Nov 10 00:46:49 GMT 2024","passed","Sun Nov 10 00:46:49 GMT 2024","","MAIN-BRANCH","MAIN-BRANCH",""
"","21","FACTORIAL.01","","Sun Nov 10 00:42:04 GMT 2024","passed","Sun Nov 10 00:42:04 GMT 2024","","METTA-MORPH-TESTS","METTA-MORPH-TESTS",""
"","3","TESTS0.04","","Sun Nov 10 01:36:45 GMT 2024","passed","Sun Nov 10 01:36:45 GMT 2024","","NARS-V0","NARS-V0",""
"","2718","TESTS3.06","","Sun Nov 10 00:46:49 GMT 2024","failed","Sun Nov 10 00:46:51 GMT 2024","","MAIN-BRANCH","MAIN-BRANCH",""
"","4000","hyperon-mettalog_sanity.flip_test","","Sun Nov 10 00:36:26 GMT 2024","passed","Sun Nov 10 00:36:30 GMT 2024","","WHOLE-TESTS","WHOLE-TESTS",""
"","5000","current.tests0","","Sun Nov 10 00:36:26 GMT 2024","passed","Sun Nov 10 00:36:31 GMT 2024","","WHOLE-TESTS","WHOLE-TESTS",""
"","2","TEST-IF-CLOSED.03","","Sun Nov 10 00:44:09 GMT 2024","passed","Sun Nov 10 00:44:09 GMT 2024","","ANTI-REGRESSION","ANTI-REGRESSION",""
"","2","ADD-REMOVE-MATCH-MIX-FLOAT-INTEGER.28","","Sun Nov 10 00:53:36 GMT 2024","passed","Sun Nov 10 00:53:36 GMT 2024","","SPACES","SPACES",""
"","40000","combinator-calculi.tree","","Sun Nov 10 00:36:26 GMT 2024","failed","Sun Nov 10 00:37:06 GMT 2024","","WHOLE-TESTS","WHOLE-TESTS",""
"","2","B4-NONDETERM.04","","Sun Nov 10 00:36:30 GMT 2024","passed","Sun Nov 10 00:36:30 GMT 2024","","HYPERON-EXPERIMENTAL-SCRIPTS","HYPERON-EXPERIMENTAL-SCRIPTS",""
"","2","TESTS0.04","","Sun Nov 10 01:44:34 GMT 2024","passed","Sun Nov 10 01:44:34 GMT 2024","","PREV","PREV",""
"","3","TESTS3.05","","Sun Nov 10 00:46:49 GMT 2024","passed","Sun Nov 10 00:46:49 GMT 2024","","MAIN-BRANCH","MAIN-BRANCH",""
"","2","IS-SPACE.03","","Sun Nov 10 00:38:07 GMT 2024","passed","Sun Nov 10 00:38:07 GMT 2024","","HYPERON-METTALOG-SANITY","HYPERON-METTALOG-SANITY",""
"","2","XOR-TEST.05","","Sun Nov 10 00:38:07 GMT 2024","passed","Sun Nov 10 00:38:07 GMT 2024","","HYPERON-METTALOG-SANITY","HYPERON-METTALOG-SANITY",""
"","2","INTERSECTION-TESTS.07","","Sun Nov 10 00:38:07 GMT 2024","passed","Sun Nov 10 00:38:07 GMT 2024","","HYPERON-METTALOG-SANITY","HYPERON-METTALOG-SANITY",""
"","5","TRUTHVALUETEST.07","","Sun Nov 10 01:17:22 GMT 2024","passed","Sun Nov 10 01:17:22 GMT 2024","","TRUTHVALUE","TRUTHVALUE",""
"","2","STRING-TESTS.09","","Sun Nov 10 00:38:07 GMT 2024","passed","Sun Nov 10 00:38:07 GMT 2024","","HYPERON-METTALOG-SANITY","HYPERON-METTALOG-SANITY",""
"","3","F1-IMPORTS.01","","Sun Nov 10 00:36:30 GMT 2024","passed","Sun Nov 10 00:36:30 GMT 2024","","HYPERON-EXPERIMENTAL-SCRIPTS","HYPERON-EXPERIMENTAL-SCRIPTS",""
"","2","PC-XP.09","","Sun Nov 10 01:25:38 GMT 2024","passed","Sun Nov 10 01:25:38 GMT 2024","","POLYWARD-CHAINING","POLYWARD-CHAINING",""
"","1","TYPE-PROP.05","","Sun Nov 10 00:51:18 GMT 2024","passed","Sun Nov 10 00:51:18 GMT 2024","","CHAINING","CHAINING",""
"","3","TEST-IF-CLOSED.01","","Sun Nov 10 01:49:54 GMT 2024","passed","Sun Nov 10 01:49:54 GMT 2024","","WALK-THRU","WALK-THRU",""
"","2","FC-XP.17","","Sun Nov 10 01:19:34 GMT 2024","passed","Sun Nov 10 01:19:34 GMT 2024","","FORWARD-CHAINING","FORWARD-CHAINING",""
"","2","D2-HIGHERFUNC.08","","Sun Nov 10 00:36:30 GMT 2024","passed","Sun Nov 10 00:36:30 GMT 2024","","HYPERON-EXPERIMENTAL-SCRIPTS","HYPERON-EXPERIMENTAL-SCRIPTS",""
"","2","IBC-XP.10","","Sun Nov 10 01:22:53 GMT 2024","passed","Sun Nov 10 01:22:53 GMT 2024","","ITERATIVE-CHAINING","ITERATIVE-CHAINING",""
"","3","C1-GROUNDED-BASIC.17","","Sun Nov 10 00:36:30 GMT 2024","passed","Sun Nov 10 00:36:30 GMT 2024","","HYPERON-EXPERIMENTAL-SCRIPTS","HYPERON-EXPERIMENTAL-SCRIPTS",""
"","130","DEDUCTIONENTAILTEST.01","","Sun Nov 10 01:19:04 GMT 2024","failed","Sun Nov 10 01:19:04 GMT 2024","","ENTAIL","ENTAIL",""
"","4000","module-system.f1_moduleA","","Sun Nov 10 00:36:26 GMT 2024","passed","Sun Nov 10 00:36:30 GMT 2024","","WHOLE-TESTS","WHOLE-TESTS",""
"","2","D2-HIGHERFUNC.06","","Sun Nov 10 00:46:20 GMT 2024","passed","Sun Nov 10 00:46:20 GMT 2024","","QUICK","QUICK",""
"","3","UNIQUE-TEST.09","","Sun Nov 10 00:38:07 GMT 2024","passed","Sun Nov 10 00:38:07 GMT 2024","","HYPERON-METTALOG-SANITY","HYPERON-METTALOG-SANITY",""
"","2","KEY-LOOKUPS-MANY.04","","Sun Nov 10 01:58:35 GMT 2024","passed","Sun Nov 10 01:58:35 GMT 2024","","BASIC","BASIC",""
"","2","SPACE-SUBTRACTION-TESTS.03","","Sun Nov 10 00:38:07 GMT 2024","passed","Sun Nov 10 00:38:07 GMT 2024","","HYPERON-METTALOG-SANITY","HYPERON-METTALOG-SANITY",""
"","2","TYPE-PROP.50","","Sun Nov 10 01:12:30 GMT 2024","passed","Sun Nov 10 01:12:30 GMT 2024","","CHECK-TYPES-TEMP","CHECK-TYPES-TEMP",""
"","5000","spaces.add-remove-match-float","","Sun Nov 10 00:36:26 GMT 2024","passed","Sun Nov 10 00:36:31 GMT 2024","","WHOLE-TESTS","WHOLE-TESTS",""
"","2","APPEND-USING-EQUALITY.05","","Sun Nov 10 01:56:13 GMT 2024","passed","Sun Nov 10 01:56:13 GMT 2024","","MULTIDIRECTIONAL","MULTIDIRECTIONAL",""
"","5000","metta_to_amr.instances","","Sun Nov 10 00:36:26 GMT 2024","passed","Sun Nov 10 00:36:31 GMT 2024","","WHOLE-TESTS","WHOLE-TESTS",""
"","2","B5-TYPES-PRELIM.18","","Sun Nov 10 01:12:30 GMT 2024","passed","Sun Nov 10 01:12:30 GMT 2024","","CHECK-TYPES-TEMP","CHECK-TYPES-TEMP",""
"","2","F1-IMPORTS.14","","Sun Nov 10 00:36:30 GMT 2024","passed","Sun Nov 10 00:36:30 GMT 2024","","HYPERON-EXPERIMENTAL-SCRIPTS","HYPERON-EXPERIMENTAL-SCRIPTS",""
"","2","TYPE-PROP.06","","Sun Nov 10 00:51:18 GMT 2024","passed","Sun Nov 10 00:51:18 GMT 2024","","CHAINING","CHAINING",""
"","2","C1-GROUNDED-BASIC.02","","Sun Nov 10 00:46:20 GMT 2024","passed","Sun Nov 10 00:46:20 GMT 2024","","QUICK","QUICK",""
"","2","STRING-TESTS.18","","Sun Nov 10 00:38:07 GMT 2024","passed","Sun Nov 10 00:38:07 GMT 2024","","HYPERON-METTALOG-SANITY","HYPERON-METTALOG-SANITY",""
"","2","D2-HIGHERFUNC.04","","Sun Nov 10 00:36:30 GMT 2024","passed","Sun Nov 10 00:36:30 GMT 2024","","HYPERON-EXPERIMENTAL-SCRIPTS","HYPERON-EXPERIMENTAL-SCRIPTS",""
"","9","STDLIB-METTALOG-TEST-PT2.14","","Sun Nov 10 00:55:44 GMT 2024","passed","Sun Nov 10 00:55:44 GMT 2024","","STDLIB-METTALOG","STDLIB-METTALOG",""
"","998","TESTS2.03","","Sun Nov 10 00:46:49 GMT 2024","failed","Sun Nov 10 00:46:49 GMT 2024","","MAIN-BRANCH","MAIN-BRANCH",""
"","3","E2-STATES.11","","Sun Nov 10 00:36:30 GMT 2024","passed","Sun Nov 10 00:36:30 GMT 2024","","HYPERON-EXPERIMENTAL-SCRIPTS","HYPERON-EXPERIMENTAL-SCRIPTS",""
"","2","XOR-TEST.07","","Sun Nov 10 00:38:07 GMT 2024","passed","Sun Nov 10 00:38:07 GMT 2024","","HYPERON-METTALOG-SANITY","HYPERON-METTALOG-SANITY",""
"","3","UNIFY-VIA-LET.01","","Sun Nov 10 01:27:30 GMT 2024","passed","Sun Nov 10 01:27:30 GMT 2024","","EXPERIMENTS","EXPERIMENTS",""
"","4000","hyperon-experimental_scripts.d1_gadt","","Sun Nov 10 00:36:26 GMT 2024","passed","Sun Nov 10 00:36:30 GMT 2024","","WHOLE-TESTS","WHOLE-TESTS",""
"","4000","common.ListTest","","Sun Nov 10 00:36:26 GMT 2024","passed","Sun Nov 10 00:36:30 GMT 2024","","WHOLE-TESTS","WHOLE-TESTS",""
"","2","IBC-XP.02","","Sun Nov 10 01:22:53 GMT 2024","passed","Sun Nov 10 01:22:53 GMT 2024","","ITERATIVE-CHAINING","ITERATIVE-CHAINING",""
"","2","ORDEREDSETTEST.03","","Sun Nov 10 01:16:54 GMT 2024","passed","Sun Nov 10 01:16:54 GMT 2024","","COMMON","COMMON",""
"","2","D3-DEPTYPES.07","","Sun Nov 10 01:12:50 GMT 2024","passed","Sun Nov 10 01:12:50 GMT 2024","","CHECK-TYPES","CHECK-TYPES",""
"","2","LET-SUPERPOSE-IF-CASE.02","","Sun Nov 10 01:49:29 GMT 2024","passed","Sun Nov 10 01:49:29 GMT 2024","","TRANSPILER","TRANSPILER",""
"","296","SPACE-SUBTRACTION-TESTS.07","","Sun Nov 10 00:38:07 GMT 2024","passed","Sun Nov 10 00:38:07 GMT 2024","","HYPERON-METTALOG-SANITY","HYPERON-METTALOG-SANITY",""
"","229","SELF-CONTAINED-SYNTHESIZE.02","","Sun Nov 10 01:27:30 GMT 2024","failed","Sun Nov 10 01:27:30 GMT 2024","","EXPERIMENTS","EXPERIMENTS",""
"","2","ADD-REMOVE-MATCH-FLOAT.04","","Sun Nov 10 00:53:36 GMT 2024","passed","Sun Nov 10 00:53:36 GMT 2024","","SPACES","SPACES",""
"","2","DEDUCTIONFORMULATEST.09","","Sun Nov 10 01:17:17 GMT 2024","passed","Sun Nov 10 01:17:17 GMT 2024","","FORMULA","FORMULA",""
"","5","SEALED-TEST.09","","Sun Nov 10 00:38:07 GMT 2024","passed","Sun Nov 10 00:38:07 GMT 2024","","HYPERON-METTALOG-SANITY","HYPERON-METTALOG-SANITY",""
"","1","ADD-REMOVE-MATCH-INTEGER.06","","Sun Nov 10 00:53:36 GMT 2024","passed","Sun Nov 10 00:53:36 GMT 2024","","SPACES","SPACES",""
"","2","B4-NONDETERM.07","","Sun Nov 10 00:36:30 GMT 2024","passed","Sun Nov 10 00:36:30 GMT 2024","","HYPERON-EXPERIMENTAL-SCRIPTS","HYPERON-EXPERIMENTAL-SCRIPTS",""
"","3563","PROB-DEP-TYPES.15","","Sun Nov 10 01:04:32 GMT 2024","failed","Sun Nov 10 01:04:35 GMT 2024","","PROB-DEP-TYPES","PROB-DEP-TYPES",""
"","135","INTERPRETER.01","","Sun Nov 10 01:08:15 GMT 2024","failed","Sun Nov 10 01:08:15 GMT 2024","","STACK-BASED","STACK-BASED",""
"","6","OR-TEST.17","","Sun Nov 10 00:38:07 GMT 2024","passed","Sun Nov 10 00:38:07 GMT 2024","","HYPERON-METTALOG-SANITY","HYPERON-METTALOG-SANITY",""
"","2","OR-TEST.08","","Sun Nov 10 00:38:07 GMT 2024","passed","Sun Nov 10 00:38:07 GMT 2024","","HYPERON-METTALOG-SANITY","HYPERON-METTALOG-SANITY",""
"","2","QUERIES.07","","Sun Nov 10 01:09:05 GMT 2024","passed","Sun Nov 10 01:09:05 GMT 2024","","STRIPS-TO-METTA-IMPROVED","STRIPS-TO-METTA-IMPROVED",""
"","2","00-LANG-CASE.17","","Sun Nov 10 00:38:07 GMT 2024","passed","Sun Nov 10 00:38:07 GMT 2024","","HYPERON-METTALOG-SANITY","HYPERON-METTALOG-SANITY",""
"","2","ADD-REMOVE-MATCH-INTEGER.23","","Sun Nov 10 00:53:36 GMT 2024","passed","Sun Nov 10 00:53:36 GMT 2024","","SPACES","SPACES",""
"","2","IFC-XP.37","","Sun Nov 10 01:22:53 GMT 2024","passed","Sun Nov 10 01:22:53 GMT 2024","","ITERATIVE-CHAINING","ITERATIVE-CHAINING",""
"","1","D4-TYPE-PROP.12","","Sun Nov 10 00:36:30 GMT 2024","passed","Sun Nov 10 00:36:30 GMT 2024","","HYPERON-EXPERIMENTAL-SCRIPTS","HYPERON-EXPERIMENTAL-SCRIPTS",""
"","56","APPEND-USING-EQUALITY.02","","Sun Nov 10 01:56:13 GMT 2024","failed","Sun Nov 10 01:56:13 GMT 2024","","MULTIDIRECTIONAL","MULTIDIRECTIONAL",""
"","120","ADD-REMOVE-MATCH-SS-SYMBOLS.14","","Sun Nov 10 00:53:36 GMT 2024","passed","Sun Nov 10 00:53:36 GMT 2024","","SPACES","SPACES",""
"","952","BC-IMPL.02","","Sun Nov 10 01:49:54 GMT 2024","passed","Sun Nov 10 01:49:54 GMT 2024","","WALK-THRU","WALK-THRU",""
"","44","SUBTYPING-TEST.03","","Sun Nov 10 01:25:43 GMT 2024","passed","Sun Nov 10 01:25:43 GMT 2024","","SUBTYPING","SUBTYPING",""
"","3","D4-TYPE-PROP.12","","Sun Nov 10 01:12:50 GMT 2024","passed","Sun Nov 10 01:12:50 GMT 2024","","CHECK-TYPES","CHECK-TYPES",""
"","2","F1-IMPORTS.12","","Sun Nov 10 00:46:20 GMT 2024","passed","Sun Nov 10 00:46:20 GMT 2024","","QUICK","QUICK",""
"","5000","hol.ListTest","","Sun Nov 10 00:36:26 GMT 2024","passed","Sun Nov 10 00:36:31 GMT 2024","","WHOLE-TESTS","WHOLE-TESTS",""
"","2","ADD-REMOVE-MATCH-SYMBOLS.01","","Sun Nov 10 00:53:36 GMT 2024","passed","Sun Nov 10 00:53:36 GMT 2024","","SPACES","SPACES",""
"","48","DEDUCTIONIMPLICATIONDIRECTINTRODUCTIONDTLTEST.05","","Sun Nov 10 01:15:33 GMT 2024","failed","Sun Nov 10 01:15:33 GMT 2024","","DEPENDENT-TYPES","DEPENDENT-TYPES",""
"","37","IBC-XP.22","","Sun Nov 10 01:22:53 GMT 2024","failed","Sun Nov 10 01:22:53 GMT 2024","","ITERATIVE-CHAINING","ITERATIVE-CHAINING",""
"","2","00A-LANG-COMPILED-CASE.05","","Sun Nov 10 01:48:28 GMT 2024","passed","Sun Nov 10 01:48:28 GMT 2024","","DIRECT-COMP","DIRECT-COMP",""
"","5000","metta-morph_tests.nested_parameters","","Sun Nov 10 00:36:26 GMT 2024","passed","Sun Nov 10 00:36:31 GMT 2024","","WHOLE-TESTS","WHOLE-TESTS",""
"","2","ADD-REMOVE-MATCH-INTEGER.39","","Sun Nov 10 00:53:36 GMT 2024","passed","Sun Nov 10 00:53:36 GMT 2024","","SPACES","SPACES",""
"","2","NATPARITYTEST.05","","Sun Nov 10 01:19:39 GMT 2024","passed","Sun Nov 10 01:19:39 GMT 2024","","HOL","HOL",""
"","40","FC-XP.21","","Sun Nov 10 01:19:34 GMT 2024","failed","Sun Nov 10 01:19:34 GMT 2024","","FORWARD-CHAINING","FORWARD-CHAINING",""
"","90","ADD-REMOVE-MATCH-FLOAT.16","","Sun Nov 10 00:53:36 GMT 2024","failed","Sun Nov 10 00:53:36 GMT 2024","","SPACES","SPACES",""
"","2","SUPPORTRULEEXP.01","","Sun Nov 10 01:15:33 GMT 2024","passed","Sun Nov 10 01:15:33 GMT 2024","","DEPENDENT-TYPES","DEPENDENT-TYPES",""
"","18","05-MATCH-SUPERPOSE-ELEMENT-LIKE-SPACE.01","","Sun Nov 10 01:53:08 GMT 2024","failed","Sun Nov 10 01:53:08 GMT 2024","","CONTAINERS-ARE-SPACES","CONTAINERS-ARE-SPACES",""
"","3","E2-STATES.06","","Sun Nov 10 00:36:30 GMT 2024","passed","Sun Nov 10 00:36:30 GMT 2024","","HYPERON-EXPERIMENTAL-SCRIPTS","HYPERON-EXPERIMENTAL-SCRIPTS",""
"","2","CHAPTER-1-1.12","","Sun Nov 10 00:55:54 GMT 2024","passed","Sun Nov 10 00:55:54 GMT 2024","","SICP-BOOK","SICP-BOOK",""
"","300","IBC-XP.14","","Sun Nov 10 01:22:53 GMT 2024","passed","Sun Nov 10 01:22:53 GMT 2024","","ITERATIVE-CHAINING","ITERATIVE-CHAINING",""
"","587","SYNTHESIZE-VIA-CASE-TEST.01","","Sun Nov 10 01:27:30 GMT 2024","failed","Sun Nov 10 01:27:30 GMT 2024","","EXPERIMENTS","EXPERIMENTS",""
"","2","SYNTHESIZE-VIA-TYPE-CHECKING.05","","Sun Nov 10 01:27:30 GMT 2024","passed","Sun Nov 10 01:27:30 GMT 2024","","EXPERIMENTS","EXPERIMENTS",""
"","5000","metta-wam-issue-116.test_spo_100","","Sun Nov 10 00:36:26 GMT 2024","passed","Sun Nov 10 00:36:31 GMT 2024","","WHOLE-TESTS","WHOLE-TESTS",""
"","1","CURRIED-CHAINER.03","","Sun Nov 10 01:17:31 GMT 2024","passed","Sun Nov 10 01:17:31 GMT 2024","","CURRIED-CHAINING","CURRIED-CHAINING",""
"","180","SYNTHESIZE-VIA-UNIFY-TEST.01","","Sun Nov 10 01:27:30 GMT 2024","failed","Sun Nov 10 01:27:30 GMT 2024","","EXPERIMENTS","EXPERIMENTS",""
"","2","D4-TYPE-PROP.19","","Sun Nov 10 00:46:20 GMT 2024","passed","Sun Nov 10 00:46:20 GMT 2024","","QUICK","QUICK",""
"","2","IFC-XP.38","","Sun Nov 10 01:22:53 GMT 2024","passed","Sun Nov 10 01:22:53 GMT 2024","","ITERATIVE-CHAINING","ITERATIVE-CHAINING",""
"","2","STATE-TYPES.13","","Sun Nov 10 01:58:35 GMT 2024","passed","Sun Nov 10 01:58:35 GMT 2024","","BASIC","BASIC",""
"","3","COMBINED.01","","Sun Nov 10 01:54:40 GMT 2024","passed","Sun Nov 10 01:54:40 GMT 2024","","ITERATORS","ITERATORS",""
"","2","UNIFY-VIA-LET.07","","Sun Nov 10 01:27:30 GMT 2024","passed","Sun Nov 10 01:27:30 GMT 2024","","EXPERIMENTS","EXPERIMENTS",""
"","2","ADD-REMOVE-MATCH-INTEGER.26","","Sun Nov 10 00:53:36 GMT 2024","passed","Sun Nov 10 00:53:36 GMT 2024","","SPACES","SPACES",""
"","2","SYNTHESIZE-VIA-TYPE-CHECKING.03","","Sun Nov 10 01:27:30 GMT 2024","passed","Sun Nov 10 01:27:30 GMT 2024","","EXPERIMENTS","EXPERIMENTS",""
"","43000","inference-control.inf-ctl-month-bc-xp","","Sun Nov 10 00:36:26 GMT 2024","failed","Sun Nov 10 00:37:09 GMT 2024","","WHOLE-TESTS","WHOLE-TESTS",""
"","4000","chaining.types_prelim","","Sun Nov 10 00:36:26 GMT 2024","passed","Sun Nov 10 00:36:30 GMT 2024","","WHOLE-TESTS","WHOLE-TESTS",""
"","212","SYNTHESIZE-VIA-UNIFY-TEST.09","","Sun Nov 10 01:27:30 GMT 2024","failed","Sun Nov 10 01:27:30 GMT 2024","","EXPERIMENTS","EXPERIMENTS",""
"","4000","hyperon-mettalog_sanity.is_space","","Sun Nov 10 00:36:26 GMT 2024","passed","Sun Nov 10 00:36:30 GMT 2024","","WHOLE-TESTS","WHOLE-TESTS",""
"","1219","SYNTHESIZE-VIA-LET-TEST.06","","Sun Nov 10 01:27:30 GMT 2024","failed","Sun Nov 10 01:27:31 GMT 2024","","EXPERIMENTS","EXPERIMENTS",""
"","3","F1-IMPORTS.19","","Sun Nov 10 00:36:30 GMT 2024","passed","Sun Nov 10 00:36:30 GMT 2024","","HYPERON-EXPERIMENTAL-SCRIPTS","HYPERON-EXPERIMENTAL-SCRIPTS",""
"","2","D3-DEPTYPES.07","","Sun Nov 10 00:36:30 GMT 2024","passed","Sun Nov 10 00:36:30 GMT 2024","","HYPERON-EXPERIMENTAL-SCRIPTS","HYPERON-EXPERIMENTAL-SCRIPTS",""
"","2","F1-MODULEA.01","","Sun Nov 10 00:36:20 GMT 2024","passed","Sun Nov 10 00:36:20 GMT 2024","","MODULE-SYSTEM","MODULE-SYSTEM",""
"","3","PROB-DEP-TYPES.06","","Sun Nov 10 01:04:32 GMT 2024","passed","Sun Nov 10 01:04:32 GMT 2024","","PROB-DEP-TYPES","PROB-DEP-TYPES",""
"","2","INF-CTL-MONTH-BC-CONT-XP.04","","Sun Nov 10 01:20:51 GMT 2024","passed","Sun Nov 10 01:20:51 GMT 2024","","INFERENCE-CONTROL","INFERENCE-CONTROL",""
"","2","TYPE-PROP.81","","Sun Nov 10 01:12:30 GMT 2024","passed","Sun Nov 10 01:12:30 GMT 2024","","CHECK-TYPES-TEMP","CHECK-TYPES-TEMP",""
"","2","ADD-REMOVE-MATCH-INTEGER.13","","Sun Nov 10 00:53:36 GMT 2024","passed","Sun Nov 10 00:53:36 GMT 2024","","SPACES","SPACES",""
"","3","06-MATCH-IN-SPACE.03","","Sun Nov 10 00:38:07 GMT 2024","passed","Sun Nov 10 00:38:07 GMT 2024","","HYPERON-METTALOG-SANITY","HYPERON-METTALOG-SANITY",""
"","5000","anti-regression.bchain","","Sun Nov 10 00:36:26 GMT 2024","passed","Sun Nov 10 00:36:31 GMT 2024","","WHOLE-TESTS","WHOLE-TESTS",""
"","3","D1-GADT.03","","Sun Nov 10 00:46:20 GMT 2024","passed","Sun Nov 10 00:46:20 GMT 2024","","QUICK","QUICK",""
"","1165","TESTS2.05","","Sun Nov 10 00:46:49 GMT 2024","failed","Sun Nov 10 00:46:50 GMT 2024","","MAIN-BRANCH","MAIN-BRANCH",""
"","175","SYNTHESIZE-VIA-UNIFY-TEST.04","","Sun Nov 10 01:27:30 GMT 2024","failed","Sun Nov 10 01:27:30 GMT 2024","","EXPERIMENTS","EXPERIMENTS",""
"","21","NATTEST.04","","Sun Nov 10 01:19:39 GMT 2024","failed","Sun Nov 10 01:19:39 GMT 2024","","HOL","HOL",""
"","1691","PLLM-PENNTREE.03","","Sun Nov 10 02:11:07 GMT 2024","passed","Sun Nov 10 02:11:08 GMT 2024","","LANGUAGE-MODELS","LANGUAGE-MODELS",""
"","6000","chaining.v2-pln-xp","","Sun Nov 10 00:36:26 GMT 2024","passed","Sun Nov 10 00:36:32 GMT 2024","","WHOLE-TESTS","WHOLE-TESTS",""
"","4000","transpiler.peano","","Sun Nov 10 00:36:26 GMT 2024","passed","Sun Nov 10 00:36:30 GMT 2024","","WHOLE-TESTS","WHOLE-TESTS",""
"","2","TYPE-PROP.44","","Sun Nov 10 01:12:30 GMT 2024","passed","Sun Nov 10 01:12:30 GMT 2024","","CHECK-TYPES-TEMP","CHECK-TYPES-TEMP",""
"","2","00A-LANG-COMPILED-CASE.10","","Sun Nov 10 01:48:28 GMT 2024","passed","Sun Nov 10 01:48:28 GMT 2024","","DIRECT-COMP","DIRECT-COMP",""
"","3","XOR-TEST.01","","Sun Nov 10 00:38:07 GMT 2024","passed","Sun Nov 10 00:38:07 GMT 2024","","HYPERON-METTALOG-SANITY","HYPERON-METTALOG-SANITY",""
"","58","B5-TYPES-PRELIM.02","","Sun Nov 10 01:12:30 GMT 2024","failed","Sun Nov 10 01:12:30 GMT 2024","","CHECK-TYPES-TEMP","CHECK-TYPES-TEMP",""
"","46000","new.tests3","","Sun Nov 10 00:36:26 GMT 2024","failed","Sun Nov 10 00:37:12 GMT 2024","","WHOLE-TESTS","WHOLE-TESTS",""
"","2","B4-NONDETERM.05","","Sun Nov 10 00:36:30 GMT 2024","passed","Sun Nov 10 00:36:30 GMT 2024","","HYPERON-EXPERIMENTAL-SCRIPTS","HYPERON-EXPERIMENTAL-SCRIPTS",""
"","2","D4-TYPE-PROP.05","","Sun Nov 10 01:12:50 GMT 2024","passed","Sun Nov 10 01:12:50 GMT 2024","","CHECK-TYPES","CHECK-TYPES",""
"","3","IFC-XP.35","","Sun Nov 10 01:22:53 GMT 2024","passed","Sun Nov 10 01:22:53 GMT 2024","","ITERATIVE-CHAINING","ITERATIVE-CHAINING",""
"","2","TEST-IF-CLOSED.05","","Sun Nov 10 00:44:09 GMT 2024","passed","Sun Nov 10 00:44:09 GMT 2024","","ANTI-REGRESSION","ANTI-REGRESSION",""
"","2","IMPL-METTALOGTESTCURRIED.04","","Sun Nov 10 01:49:54 GMT 2024","passed","Sun Nov 10 01:49:54 GMT 2024","","WALK-THRU","WALK-THRU",""
"","48","OR-TEST.02","","Sun Nov 10 00:38:07 GMT 2024","failed","Sun Nov 10 00:38:07 GMT 2024","","HYPERON-METTALOG-SANITY","HYPERON-METTALOG-SANITY",""
"","2","D2-HIGHERFUNC.15","","Sun Nov 10 01:12:50 GMT 2024","passed","Sun Nov 10 01:12:50 GMT 2024","","CHECK-TYPES","CHECK-TYPES",""
"","20","CHAPTER-1-3.04","","Sun Nov 10 00:55:54 GMT 2024","passed","Sun Nov 10 00:55:54 GMT 2024","","SICP-BOOK","SICP-BOOK",""
"","45000","nars_v0.tests5","","Sun Nov 10 00:36:26 GMT 2024","failed","Sun Nov 10 00:37:11 GMT 2024","","WHOLE-TESTS","WHOLE-TESTS",""
"","3","ADD-REMOVE-MATCH-S-STRINGS.15","","Sun Nov 10 00:53:36 GMT 2024","passed","Sun Nov 10 00:53:36 GMT 2024","","SPACES","SPACES",""
"","1","NATPARITYTEST.03","","Sun Nov 10 01:19:39 GMT 2024","passed","Sun Nov 10 01:19:39 GMT 2024","","HOL","HOL",""
"","93","B5-TYPES-PRELIM.11","","Sun Nov 10 01:12:30 GMT 2024","failed","Sun Nov 10 01:12:30 GMT 2024","","CHECK-TYPES-TEMP","CHECK-TYPES-TEMP",""
"","3","TESTS0.05","","Sun Nov 10 01:40:39 GMT 2024","passed","Sun Nov 10 01:40:39 GMT 2024","","NEW","NEW",""
"","5000","hyperon-mettalog_sanity.subtraction_test","","Sun Nov 10 00:36:26 GMT 2024","passed","Sun Nov 10 00:36:31 GMT 2024","","WHOLE-TESTS","WHOLE-TESTS",""
"","40000","strips-to-metta-improved.queries","","Sun Nov 10 00:36:26 GMT 2024","failed","Sun Nov 10 00:37:06 GMT 2024","","WHOLE-TESTS","WHOLE-TESTS",""
"","340","SYNTHESIZE-VIA-LET-TEST.07","","Sun Nov 10 01:27:30 GMT 2024","failed","Sun Nov 10 01:27:30 GMT 2024","","EXPERIMENTS","EXPERIMENTS",""
"","41000","walk_thru.mettalogTestCurried","","Sun Nov 10 00:36:26 GMT 2024","failed","Sun Nov 10 00:37:07 GMT 2024","","WHOLE-TESTS","WHOLE-TESTS",""
"","1","D4-TYPE-PROP.13","","Sun Nov 10 00:36:30 GMT 2024","passed","Sun Nov 10 00:36:30 GMT 2024","","HYPERON-EXPERIMENTAL-SCRIPTS","HYPERON-EXPERIMENTAL-SCRIPTS",""
"","2","TESTS1-PRE.01","","Sun Nov 10 00:46:49 GMT 2024","passed","Sun Nov 10 00:46:49 GMT 2024","","MAIN-BRANCH","MAIN-BRANCH",""
"","66","STDLIB-METTALOG-TEST-PT2.43","","Sun Nov 10 00:55:44 GMT 2024","failed","Sun Nov 10 00:55:44 GMT 2024","","STDLIB-METTALOG","STDLIB-METTALOG",""
"","40000","dependent-types.DeductionImplicationDirectIntroductionDTLTest","","Sun Nov 10 00:36:26 GMT 2024","failed","Sun Nov 10 00:37:06 GMT 2024","","WHOLE-TESTS","WHOLE-TESTS",""
"","4000","synth_buffer.synthesize","","Sun Nov 10 00:36:26 GMT 2024","passed","Sun Nov 10 00:36:30 GMT 2024","","WHOLE-TESTS","WHOLE-TESTS",""
"","3","C2-SPACES.01","","Sun Nov 10 00:36:30 GMT 2024","passed","Sun Nov 10 00:36:30 GMT 2024","","HYPERON-EXPERIMENTAL-SCRIPTS","HYPERON-EXPERIMENTAL-SCRIPTS",""
"","2","D2-HIGHERFUNC.14","","Sun Nov 10 01:12:50 GMT 2024","passed","Sun Nov 10 01:12:50 GMT 2024","","CHECK-TYPES","CHECK-TYPES",""
"","2","03-SORING-VIA-INSERT.05","","Sun Nov 10 00:38:07 GMT 2024","passed","Sun Nov 10 00:38:07 GMT 2024","","HYPERON-METTALOG-SANITY","HYPERON-METTALOG-SANITY",""
"","2","A1-SYMBOLS.04","","Sun Nov 10 00:36:30 GMT 2024","passed","Sun Nov 10 00:36:30 GMT 2024","","HYPERON-EXPERIMENTAL-SCRIPTS","HYPERON-EXPERIMENTAL-SCRIPTS",""
"","2","FC-XP.14","","Sun Nov 10 01:19:34 GMT 2024","passed","Sun Nov 10 01:19:34 GMT 2024","","FORWARD-CHAINING","FORWARD-CHAINING",""
"","5","03-SORING-VIA-INSERT.01","","Sun Nov 10 00:38:07 GMT 2024","passed","Sun Nov 10 00:38:07 GMT 2024","","HYPERON-METTALOG-SANITY","HYPERON-METTALOG-SANITY",""
"","1","TYPE-PROP.19","","Sun Nov 10 01:12:30 GMT 2024","passed","Sun Nov 10 01:12:30 GMT 2024","","CHECK-TYPES-TEMP","CHECK-TYPES-TEMP",""
"","2","INF-CTL-MONTH-XP-SHORT-3.01","","Sun Nov 10 02:04:52 GMT 2024","passed","Sun Nov 10 02:04:52 GMT 2024","","COMPARISONS","COMPARISONS",""
"","3","HYPERON-EXPERIMENTAL-ISSUE-516-REDDUCED.02","","Sun Nov 10 01:53:13 GMT 2024","passed","Sun Nov 10 01:53:13 GMT 2024","","DEBUGGING","DEBUGGING",""
"","41000","dependent-types.ImplicationDirectIntroductionDTLTest","","Sun Nov 10 00:36:26 GMT 2024","failed","Sun Nov 10 00:37:07 GMT 2024","","WHOLE-TESTS","WHOLE-TESTS",""
"","15","UNWEIGHTED-PLLM.04","","Sun Nov 10 02:11:07 GMT 2024","failed","Sun Nov 10 02:11:07 GMT 2024","","LANGUAGE-MODELS","LANGUAGE-MODELS",""
"","1","SEQUENTIAL-NESTED.03","","Sun Nov 10 00:42:04 GMT 2024","passed","Sun Nov 10 00:42:04 GMT 2024","","METTA-MORPH-TESTS","METTA-MORPH-TESTS",""
"","3","D2-HIGHERFUNC.27","","Sun Nov 10 00:36:30 GMT 2024","passed","Sun Nov 10 00:36:30 GMT 2024","","HYPERON-EXPERIMENTAL-SCRIPTS","HYPERON-EXPERIMENTAL-SCRIPTS",""
"","7000","bigram-sentence-evaluator.taus","","Sun Nov 10 00:36:26 GMT 2024","passed","Sun Nov 10 00:36:33 GMT 2024","","WHOLE-TESTS","WHOLE-TESTS",""
"","2","STDLIB-METTALOG-TEST-PT2.44","","Sun Nov 10 00:55:44 GMT 2024","passed","Sun Nov 10 00:55:44 GMT 2024","","STDLIB-METTALOG","STDLIB-METTALOG",""
"","37","TESTS1-PRE.06","","Sun Nov 10 00:46:49 GMT 2024","failed","Sun Nov 10 00:46:49 GMT 2024","","MAIN-BRANCH","MAIN-BRANCH",""
"","2","CHAPTER-1-1.11","","Sun Nov 10 00:55:54 GMT 2024","passed","Sun Nov 10 00:55:54 GMT 2024","","SICP-BOOK","SICP-BOOK",""
"","2","STATE-TYPES.20","","Sun Nov 10 01:58:35 GMT 2024","passed","Sun Nov 10 01:58:35 GMT 2024","","BASIC","BASIC",""
"","46000","new.tests1","","Sun Nov 10 00:36:26 GMT 2024","failed","Sun Nov 10 00:37:12 GMT 2024","","WHOLE-TESTS","WHOLE-TESTS",""
"","2","ADD-REMOVE-MATCH-SS-STRINGS.05","","Sun Nov 10 00:53:36 GMT 2024","passed","Sun Nov 10 00:53:36 GMT 2024","","SPACES","SPACES",""
"","55","B5-TYPES-PRELIM.15","","Sun Nov 10 00:36:30 GMT 2024","failed","Sun Nov 10 00:36:30 GMT 2024","","HYPERON-EXPERIMENTAL-SCRIPTS","HYPERON-EXPERIMENTAL-SCRIPTS",""
"","2","ADD-REMOVE-MATCH-MIX-FLOAT-INTEGER.17","","Sun Nov 10 00:53:36 GMT 2024","passed","Sun Nov 10 00:53:36 GMT 2024","","SPACES","SPACES",""
"","43","IFC-XP.36","","Sun Nov 10 01:22:53 GMT 2024","failed","Sun Nov 10 01:22:53 GMT 2024","","ITERATIVE-CHAINING","ITERATIVE-CHAINING",""
"","2","V2-PLN-XP-SYS-IMPL.02","","Sun Nov 10 00:51:18 GMT 2024","passed","Sun Nov 10 00:51:18 GMT 2024","","CHAINING","CHAINING",""
"","2","SEQUENTIAL-NESTED.10","","Sun Nov 10 00:42:04 GMT 2024","passed","Sun Nov 10 00:42:04 GMT 2024","","METTA-MORPH-TESTS","METTA-MORPH-TESTS",""
"","2","LISTTEST.04","","Sun Nov 10 01:16:54 GMT 2024","passed","Sun Nov 10 01:16:54 GMT 2024","","COMMON","COMMON",""
"","2","STATE-TYPES.05","","Sun Nov 10 01:58:35 GMT 2024","passed","Sun Nov 10 01:58:35 GMT 2024","","BASIC","BASIC",""
"","2","D2-HIGHERFUNC.14","","Sun Nov 10 00:36:30 GMT 2024","passed","Sun Nov 10 00:36:30 GMT 2024","","HYPERON-EXPERIMENTAL-SCRIPTS","HYPERON-EXPERIMENTAL-SCRIPTS",""
"","2","03-SORING-VIA-INSERT.03","","Sun Nov 10 00:38:07 GMT 2024","passed","Sun Nov 10 00:38:07 GMT 2024","","HYPERON-METTALOG-SANITY","HYPERON-METTALOG-SANITY",""
"","2","F1-IMPORTS.16","","Sun Nov 10 00:46:20 GMT 2024","passed","Sun Nov 10 00:46:20 GMT 2024","","QUICK","QUICK",""
"","261","SELF-CONTAINED-SYNTHESIZE.11","","Sun Nov 10 01:27:30 GMT 2024","failed","Sun Nov 10 01:27:30 GMT 2024","","EXPERIMENTS","EXPERIMENTS",""
"","3","HYPERPOSING.01","","Sun Nov 10 01:58:35 GMT 2024","passed","Sun Nov 10 01:58:35 GMT 2024","","BASIC","BASIC",""
"","5000","quick.f1_imports","","Sun Nov 10 00:36:26 GMT 2024","passed","Sun Nov 10 00:36:31 GMT 2024","","WHOLE-TESTS","WHOLE-TESTS",""
"","1","B5-TYPES-PRELIM.19","","Sun Nov 10 00:36:30 GMT 2024","passed","Sun Nov 10 00:36:30 GMT 2024","","HYPERON-EXPERIMENTAL-SCRIPTS","HYPERON-EXPERIMENTAL-SCRIPTS",""
