"DESCRIPTION","DURATION IN MS","NAME","PARENT SUITE","START TIME","STATUS","STOP TIME","SUB SUITE","SUITE","TEST CLASS","TEST METHOD"
"","2","OR-TEST.08","","Thu Nov 07 00:35:23 GMT 2024","passed","Thu Nov 07 00:35:23 GMT 2024","","HYPERON-METTALOG-SANITY","HYPERON-METTALOG-SANITY",""
"","3","IBC-XP.11","","Thu Nov 07 01:19:47 GMT 2024","passed","Thu Nov 07 01:19:47 GMT 2024","","ITERATIVE-CHAINING","ITERATIVE-CHAINING",""
"","104","ADD-ATOM-NAIVE-FIB.10","","Thu Nov 07 02:01:42 GMT 2024","passed","Thu Nov 07 02:01:42 GMT 2024","","COMPARISONS","COMPARISONS",""
"","2","ADD-REMOVE-MATCH-MIX-FLOAT-INTEGER.26","","Thu Nov 07 00:50:40 GMT 2024","passed","Thu Nov 07 00:50:40 GMT 2024","","SPACES","SPACES",""
"","5000","comparisons.inf-ctl-month-xp-short_6","","Thu Nov 07 00:33:43 GMT 2024","passed","Thu Nov 07 00:33:48 GMT 2024","","WHOLE-TESTS","WHOLE-TESTS",""
"","2","TESTS0.04","","Thu Nov 07 01:28:35 GMT 2024","passed","Thu Nov 07 01:28:35 GMT 2024","","CURRENT","CURRENT",""
"","1","HYPERPOSING-SHARED.02","","Thu Nov 07 01:55:24 GMT 2024","passed","Thu Nov 07 01:55:24 GMT 2024","","BASIC","BASIC",""
"","3","QUERIES.12","","Thu Nov 07 01:06:05 GMT 2024","passed","Thu Nov 07 01:06:05 GMT 2024","","STRIPS-TO-METTA-IMPROVED","STRIPS-TO-METTA-IMPROVED",""
"","120","INF-ORDER-PROBS.08","","Thu Nov 07 01:01:34 GMT 2024","passed","Thu Nov 07 01:01:34 GMT 2024","","PROB-DEP-TYPES","PROB-DEP-TYPES",""
"","2","TYPE-PROP.26","","Thu Nov 07 01:09:27 GMT 2024","passed","Thu Nov 07 01:09:27 GMT 2024","","CHECK-TYPES-TEMP","CHECK-TYPES-TEMP",""
"","3","CHAPTER-2-4.11","","Thu Nov 07 00:52:57 GMT 2024","passed","Thu Nov 07 00:52:57 GMT 2024","","SICP-BOOK","SICP-BOOK",""
"","101","STDLIB-METTALOG-TEST-PT2.02","","Thu Nov 07 00:52:48 GMT 2024","failed","Thu Nov 07 00:52:48 GMT 2024","","STDLIB-METTALOG","STDLIB-METTALOG",""
"","1","CHAPTER-1-1.02","","Thu Nov 07 00:52:57 GMT 2024","passed","Thu Nov 07 00:52:57 GMT 2024","","SICP-BOOK","SICP-BOOK",""
"","2","MATCH-SUPERPOSED-SPACES.05","","Thu Nov 07 00:39:12 GMT 2024","passed","Thu Nov 07 00:39:12 GMT 2024","","METTA-MORPH-TESTS","METTA-MORPH-TESTS",""
"","3","SYNTHESIZE-VIA-CASE-TEST.04","","Thu Nov 07 01:24:23 GMT 2024","passed","Thu Nov 07 01:24:23 GMT 2024","","EXPERIMENTS","EXPERIMENTS",""
"","2","UNIFY-VIA-CASE.03","","Thu Nov 07 01:24:23 GMT 2024","passed","Thu Nov 07 01:24:23 GMT 2024","","EXPERIMENTS","EXPERIMENTS",""
"","2","PEANO.01","","Thu Nov 07 00:39:12 GMT 2024","passed","Thu Nov 07 00:39:12 GMT 2024","","METTA-MORPH-TESTS","METTA-MORPH-TESTS",""
"","4","ORIENTATION-TEST.03","","Thu Nov 07 01:23:31 GMT 2024","passed","Thu Nov 07 01:23:31 GMT 2024","","ORIENTATION","ORIENTATION",""
"","51","HYPERON-EXPERIMENTAL-ISSUE-481.01","","Thu Nov 07 01:50:06 GMT 2024","failed","Thu Nov 07 01:50:06 GMT 2024","","DEBUGGING","DEBUGGING",""
"","4","SEALED-TEST.04","","Thu Nov 07 00:35:23 GMT 2024","passed","Thu Nov 07 00:35:23 GMT 2024","","HYPERON-METTALOG-SANITY","HYPERON-METTALOG-SANITY",""
"","1","F1-IMPORTS.19","","Thu Nov 07 00:43:23 GMT 2024","passed","Thu Nov 07 00:43:23 GMT 2024","","QUICK","QUICK",""
"","3","D2-HIGHERFUNC.13","","Thu Nov 07 00:43:23 GMT 2024","passed","Thu Nov 07 00:43:23 GMT 2024","","QUICK","QUICK",""
"","2","ADD-REMOVE-MATCH-MIX-FLOAT-INTEGER.11","","Thu Nov 07 00:50:40 GMT 2024","passed","Thu Nov 07 00:50:40 GMT 2024","","SPACES","SPACES",""
"","2","PREREQS.04","","Thu Nov 07 00:43:52 GMT 2024","passed","Thu Nov 07 00:43:52 GMT 2024","","MAIN-BRANCH","MAIN-BRANCH",""
"","2","IFC-XP.39","","Thu Nov 07 01:19:47 GMT 2024","passed","Thu Nov 07 01:19:47 GMT 2024","","ITERATIVE-CHAINING","ITERATIVE-CHAINING",""
"","3","TREE.01","","Thu Nov 07 00:58:15 GMT 2024","passed","Thu Nov 07 00:58:15 GMT 2024","","COMBINATOR-CALCULI","COMBINATOR-CALCULI",""
"","2","D2-HIGHERFUNC.25","","Thu Nov 07 00:33:48 GMT 2024","passed","Thu Nov 07 00:33:48 GMT 2024","","HYPERON-EXPERIMENTAL-SCRIPTS","HYPERON-EXPERIMENTAL-SCRIPTS",""
"","45","IFC-XP.20","","Thu Nov 07 01:19:47 GMT 2024","failed","Thu Nov 07 01:19:47 GMT 2024","","ITERATIVE-CHAINING","ITERATIVE-CHAINING",""
"","2","HYPERPOSE.01","","Thu Nov 07 00:39:12 GMT 2024","passed","Thu Nov 07 00:39:12 GMT 2024","","METTA-MORPH-TESTS","METTA-MORPH-TESTS",""
"","4","UTILS-TEST.01","","Thu Nov 07 01:13:32 GMT 2024","passed","Thu Nov 07 01:13:32 GMT 2024","","UTILS","UTILS",""
"","4000","debugging.hyperon_experimental_issue_514","","Thu Nov 07 00:33:43 GMT 2024","passed","Thu Nov 07 00:33:47 GMT 2024","","WHOLE-TESTS","WHOLE-TESTS",""
"","115","SYMBOLS.01","","Thu Nov 07 00:51:23 GMT 2024","passed","Thu Nov 07 00:51:23 GMT 2024","","STD","STD",""
"","2","IFC-XP.41","","Thu Nov 07 01:19:47 GMT 2024","passed","Thu Nov 07 01:19:47 GMT 2024","","ITERATIVE-CHAINING","ITERATIVE-CHAINING",""
"","5000","basic.key-lookups-many","","Thu Nov 07 00:33:43 GMT 2024","passed","Thu Nov 07 00:33:48 GMT 2024","","WHOLE-TESTS","WHOLE-TESTS",""
"","2154","LTE.09","","Thu Nov 07 00:51:23 GMT 2024","passed","Thu Nov 07 00:51:25 GMT 2024","","STD","STD",""
"","109","BASE-TEST-REPR-PARSE-INTERSECTION.01","","Thu Nov 07 00:35:23 GMT 2024","passed","Thu Nov 07 00:35:23 GMT 2024","","HYPERON-METTALOG-SANITY","HYPERON-METTALOG-SANITY",""
"","5000","match.DeductionImplicationDirectIntroductionMatchTest","","Thu Nov 07 00:33:43 GMT 2024","passed","Thu Nov 07 00:33:48 GMT 2024","","WHOLE-TESTS","WHOLE-TESTS",""
"","68","STATE-TYPES.19","","Thu Nov 07 01:55:24 GMT 2024","failed","Thu Nov 07 01:55:24 GMT 2024","","BASIC","BASIC",""
"","1","D3-DEPTYPES.02","","Thu Nov 07 01:09:47 GMT 2024","passed","Thu Nov 07 01:09:47 GMT 2024","","CHECK-TYPES","CHECK-TYPES",""
"","2","C1-GROUNDED-BASIC.20","","Thu Nov 07 00:33:48 GMT 2024","passed","Thu Nov 07 00:33:48 GMT 2024","","HYPERON-EXPERIMENTAL-SCRIPTS","HYPERON-EXPERIMENTAL-SCRIPTS",""
"","4000","chaining.bc-xp","","Thu Nov 07 00:33:43 GMT 2024","passed","Thu Nov 07 00:33:47 GMT 2024","","WHOLE-TESTS","WHOLE-TESTS",""
"","1","OR-TEST.18","","Thu Nov 07 00:35:23 GMT 2024","passed","Thu Nov 07 00:35:23 GMT 2024","","HYPERON-METTALOG-SANITY","HYPERON-METTALOG-SANITY",""
"","52","D5-AUTO-TYPES.03","","Thu Nov 07 01:09:47 GMT 2024","failed","Thu Nov 07 01:09:47 GMT 2024","","CHECK-TYPES","CHECK-TYPES",""
"","1054","PLLM-PENNTREE.02","","Thu Nov 07 02:07:54 GMT 2024","passed","Thu Nov 07 02:07:55 GMT 2024","","LANGUAGE-MODELS","LANGUAGE-MODELS",""
"","43000","examples.benchmark","","Thu Nov 07 00:33:43 GMT 2024","failed","Thu Nov 07 00:34:26 GMT 2024","","WHOLE-TESTS","WHOLE-TESTS",""
"","2","ADD-REMOVE-MATCH-STRINGS.12","","Thu Nov 07 00:50:40 GMT 2024","passed","Thu Nov 07 00:50:40 GMT 2024","","SPACES","SPACES",""
"","2","FORWARD-CHAINER-TEST.06","","Thu Nov 07 01:16:20 GMT 2024","passed","Thu Nov 07 01:16:20 GMT 2024","","FORWARD-CHAINER","FORWARD-CHAINER",""
"","19","IMPLICATIONDIRECTINTRODUCTIONENTAILTEST.06","","Thu Nov 07 01:15:59 GMT 2024","passed","Thu Nov 07 01:15:59 GMT 2024","","ENTAIL","ENTAIL",""
"","4000","comparisons.inf-ctl-month-xp-long","","Thu Nov 07 00:33:43 GMT 2024","passed","Thu Nov 07 00:33:47 GMT 2024","","WHOLE-TESTS","WHOLE-TESTS",""
"","2","SHOW-TYPE.11","","Thu Nov 07 00:50:25 GMT 2024","passed","Thu Nov 07 00:50:25 GMT 2024","","INTROSPECT","INTROSPECT",""
"","2","ADD-REMOVE-MATCH-MIX-FLOAT-INTEGER.24","","Thu Nov 07 00:50:40 GMT 2024","passed","Thu Nov 07 00:50:40 GMT 2024","","SPACES","SPACES",""
"","2","NATPARITYTEST.14","","Thu Nov 07 01:16:36 GMT 2024","passed","Thu Nov 07 01:16:36 GMT 2024","","HOL","HOL",""
"","3","B0-CHAINING-PRELIM.01","","Thu Nov 07 00:33:48 GMT 2024","passed","Thu Nov 07 00:33:48 GMT 2024","","HYPERON-EXPERIMENTAL-SCRIPTS","HYPERON-EXPERIMENTAL-SCRIPTS",""
"","5000","common.ListTest","","Thu Nov 07 00:33:43 GMT 2024","passed","Thu Nov 07 00:33:48 GMT 2024","","WHOLE-TESTS","WHOLE-TESTS",""
"","2","BC-COMP.03","","Thu Nov 07 01:46:51 GMT 2024","passed","Thu Nov 07 01:46:51 GMT 2024","","WALK-THRU","WALK-THRU",""
"","1","CML-UNSHARED.06","","Thu Nov 07 01:55:24 GMT 2024","passed","Thu Nov 07 01:55:24 GMT 2024","","BASIC","BASIC",""
"","4000","hyperon-experimental_scripts.b3_direct","","Thu Nov 07 00:33:43 GMT 2024","passed","Thu Nov 07 00:33:47 GMT 2024","","WHOLE-TESTS","WHOLE-TESTS",""
"","3","INTERSECTION-TESTS.05","","Thu Nov 07 00:35:23 GMT 2024","passed","Thu Nov 07 00:35:23 GMT 2024","","HYPERON-METTALOG-SANITY","HYPERON-METTALOG-SANITY",""
"","477","TESTS0.07","","Thu Nov 07 01:37:35 GMT 2024","failed","Thu Nov 07 01:37:35 GMT 2024","","NEW","NEW",""
"","58","IFC-XP.26","","Thu Nov 07 01:19:47 GMT 2024","passed","Thu Nov 07 01:19:47 GMT 2024","","ITERATIVE-CHAINING","ITERATIVE-CHAINING",""
"","1165","TRAINING.04","","Thu Nov 07 02:07:54 GMT 2024","passed","Thu Nov 07 02:07:55 GMT 2024","","LANGUAGE-MODELS","LANGUAGE-MODELS",""
"","2","ADD-REMOVE-MATCH-FLOAT.15","","Thu Nov 07 00:50:40 GMT 2024","passed","Thu Nov 07 00:50:40 GMT 2024","","SPACES","SPACES",""
"","2","HIGHER-ORDER-FUNCS.11","","Thu Nov 07 00:51:23 GMT 2024","passed","Thu Nov 07 00:51:23 GMT 2024","","STD","STD",""
"","41000","dependent-types.MinerDTL1Test","","Thu Nov 07 00:33:43 GMT 2024","failed","Thu Nov 07 00:34:24 GMT 2024","","WHOLE-TESTS","WHOLE-TESTS",""
"","2","BASIC.12","","Thu Nov 07 01:06:47 GMT 2024","passed","Thu Nov 07 01:06:47 GMT 2024","","TRAVERSER","TRAVERSER",""
"","2","F1-IMPORTS.10","","Thu Nov 07 00:33:38 GMT 2024","passed","Thu Nov 07 00:33:38 GMT 2024","","MODULE-SYSTEM","MODULE-SYSTEM",""
"","113","DEDUCTIONDTLTEST.04","","Thu Nov 07 01:12:29 GMT 2024","passed","Thu Nov 07 01:12:29 GMT 2024","","DEPENDENT-TYPES","DEPENDENT-TYPES",""
"","42","TESTS1-PRE.06","","Thu Nov 07 00:43:52 GMT 2024","failed","Thu Nov 07 00:43:52 GMT 2024","","MAIN-BRANCH","MAIN-BRANCH",""
"","270","SYNTHESIZE-VIA-CASE-TEST.03","","Thu Nov 07 01:24:23 GMT 2024","failed","Thu Nov 07 01:24:23 GMT 2024","","EXPERIMENTS","EXPERIMENTS",""
"","41000","current.tests1","","Thu Nov 07 00:33:43 GMT 2024","failed","Thu Nov 07 00:34:24 GMT 2024","","WHOLE-TESTS","WHOLE-TESTS",""
"","1040","PLLM-PENNTREE.07","","Thu Nov 07 02:07:54 GMT 2024","passed","Thu Nov 07 02:07:55 GMT 2024","","LANGUAGE-MODELS","LANGUAGE-MODELS",""
"","2","IOIOIOI.05","","Thu Nov 07 01:53:05 GMT 2024","passed","Thu Nov 07 01:53:05 GMT 2024","","MULTIDIRECTIONAL","MULTIDIRECTIONAL",""
"","2","XOR-TEST.01","","Thu Nov 07 00:35:23 GMT 2024","passed","Thu Nov 07 00:35:23 GMT 2024","","HYPERON-METTALOG-SANITY","HYPERON-METTALOG-SANITY",""
"","2","FORWARD-CHAINER-TEST.02","","Thu Nov 07 01:16:20 GMT 2024","passed","Thu Nov 07 01:16:20 GMT 2024","","FORWARD-CHAINER","FORWARD-CHAINER",""
"","4000","hyperon-experimental_scripts.d5_auto_types","","Thu Nov 07 00:33:43 GMT 2024","passed","Thu Nov 07 00:33:47 GMT 2024","","WHOLE-TESTS","WHOLE-TESTS",""
"","2","ZEROARGS.01","","Thu Nov 07 00:39:12 GMT 2024","passed","Thu Nov 07 00:39:12 GMT 2024","","METTA-MORPH-TESTS","METTA-MORPH-TESTS",""
"","3","E2-STATES.11","","Thu Nov 07 00:33:48 GMT 2024","passed","Thu Nov 07 00:33:48 GMT 2024","","HYPERON-EXPERIMENTAL-SCRIPTS","HYPERON-EXPERIMENTAL-SCRIPTS",""
"","3","TEST-IF-CLOSED.01","","Thu Nov 07 00:41:17 GMT 2024","passed","Thu Nov 07 00:41:17 GMT 2024","","ANTI-REGRESSION","ANTI-REGRESSION",""
"","3","AI-SERVICE-COMPOSITION-SANITY.02","","Thu Nov 07 01:06:59 GMT 2024","passed","Thu Nov 07 01:06:59 GMT 2024","","AI-SERVICE","AI-SERVICE",""
"","2","STRING-TESTS.18","","Thu Nov 07 00:35:23 GMT 2024","passed","Thu Nov 07 00:35:23 GMT 2024","","HYPERON-METTALOG-SANITY","HYPERON-METTALOG-SANITY",""
"","4000","basic.hyperposing-unshared","","Thu Nov 07 00:33:43 GMT 2024","passed","Thu Nov 07 00:33:47 GMT 2024","","WHOLE-TESTS","WHOLE-TESTS",""
"","2","IFC-XP.33","","Thu Nov 07 01:19:47 GMT 2024","passed","Thu Nov 07 01:19:47 GMT 2024","","ITERATIVE-CHAINING","ITERATIVE-CHAINING",""
"","45000","new.tests2","","Thu Nov 07 00:33:43 GMT 2024","failed","Thu Nov 07 00:34:28 GMT 2024","","WHOLE-TESTS","WHOLE-TESTS",""
"","3","TEST-SPO-100.01","","Thu Nov 07 00:41:51 GMT 2024","passed","Thu Nov 07 00:41:51 GMT 2024","","METTA-WAM-ISSUE-116","METTA-WAM-ISSUE-116",""
"","244","IMPLICATIONDIRECTINTRODUCTIONDTLTEST.14","","Thu Nov 07 01:12:29 GMT 2024","passed","Thu Nov 07 01:12:29 GMT 2024","","DEPENDENT-TYPES","DEPENDENT-TYPES",""
"","2","E2-STATES.05","","Thu Nov 07 01:09:47 GMT 2024","passed","Thu Nov 07 01:09:47 GMT 2024","","CHECK-TYPES","CHECK-TYPES",""
"","46","TESTS1-PRE.05","","Thu Nov 07 00:43:52 GMT 2024","failed","Thu Nov 07 00:43:52 GMT 2024","","MAIN-BRANCH","MAIN-BRANCH",""
"","2","B5-TYPES-PRELIM.17","","Thu Nov 07 00:33:48 GMT 2024","passed","Thu Nov 07 00:33:48 GMT 2024","","HYPERON-EXPERIMENTAL-SCRIPTS","HYPERON-EXPERIMENTAL-SCRIPTS",""
"","2","TEST-SPO-1000.01","","Thu Nov 07 00:41:51 GMT 2024","passed","Thu Nov 07 00:41:51 GMT 2024","","METTA-WAM-ISSUE-116","METTA-WAM-ISSUE-116",""
"","2","F1-MODULEA.08","","Thu Nov 07 00:33:48 GMT 2024","passed","Thu Nov 07 00:33:48 GMT 2024","","HYPERON-EXPERIMENTAL-SCRIPTS","HYPERON-EXPERIMENTAL-SCRIPTS",""
"","2","SUPERCOLLAPSE.03","","Thu Nov 07 00:39:12 GMT 2024","passed","Thu Nov 07 00:39:12 GMT 2024","","METTA-MORPH-TESTS","METTA-MORPH-TESTS",""
"","13","C1-GROUNDED-BASIC.23","","Thu Nov 07 00:33:48 GMT 2024","passed","Thu Nov 07 00:33:48 GMT 2024","","HYPERON-EXPERIMENTAL-SCRIPTS","HYPERON-EXPERIMENTAL-SCRIPTS",""
"","2","BACKWARD-CHAINER-XP.22","","Thu Nov 07 01:13:36 GMT 2024","passed","Thu Nov 07 01:13:36 GMT 2024","","BACKWARD-CHAINER","BACKWARD-CHAINER",""
"","3","LISTTEST.01","","Thu Nov 07 01:13:50 GMT 2024","passed","Thu Nov 07 01:13:50 GMT 2024","","COMMON","COMMON",""
"","377","SELF-CONTAINED-SYNTHESIZE.08","","Thu Nov 07 01:24:23 GMT 2024","failed","Thu Nov 07 01:24:23 GMT 2024","","EXPERIMENTS","EXPERIMENTS",""
"","107","NON-DETERMINISM.02","","Thu Nov 07 01:24:23 GMT 2024","passed","Thu Nov 07 01:24:23 GMT 2024","","EXPERIMENTS","EXPERIMENTS",""
"","2","BC-XP.08","","Thu Nov 07 01:13:41 GMT 2024","passed","Thu Nov 07 01:13:41 GMT 2024","","BACKWARD-CHAINING","BACKWARD-CHAINING",""
"","2","IFC-XP.08","","Thu Nov 07 01:19:47 GMT 2024","passed","Thu Nov 07 01:19:47 GMT 2024","","ITERATIVE-CHAINING","ITERATIVE-CHAINING",""
"","3","OBIF.01","","Thu Nov 07 01:53:05 GMT 2024","passed","Thu Nov 07 01:53:05 GMT 2024","","MULTIDIRECTIONAL","MULTIDIRECTIONAL",""
"","2","ADD-REMOVE-MATCH-MIX-FLOAT-INTEGER.13","","Thu Nov 07 00:50:40 GMT 2024","passed","Thu Nov 07 00:50:40 GMT 2024","","SPACES","SPACES",""
"","17","HYPERON-EXPERIMENTAL-ISSUE-481.02","","Thu Nov 07 01:50:06 GMT 2024","passed","Thu Nov 07 01:50:06 GMT 2024","","DEBUGGING","DEBUGGING",""
"","4000","basic.pathfinding-easy-f","","Thu Nov 07 00:33:43 GMT 2024","passed","Thu Nov 07 00:33:47 GMT 2024","","WHOLE-TESTS","WHOLE-TESTS",""
"","1","BACKWARD-CHAINER-XP.26","","Thu Nov 07 01:13:36 GMT 2024","passed","Thu Nov 07 01:13:36 GMT 2024","","BACKWARD-CHAINER","BACKWARD-CHAINER",""
"","3","FORWARD-CHAINER-XP.02","","Thu Nov 07 01:16:20 GMT 2024","passed","Thu Nov 07 01:16:20 GMT 2024","","FORWARD-CHAINER","FORWARD-CHAINER",""
"","112","PROB-DEP-TYPES.05","","Thu Nov 07 01:01:34 GMT 2024","passed","Thu Nov 07 01:01:34 GMT 2024","","PROB-DEP-TYPES","PROB-DEP-TYPES",""
"","2","03-SORING-VIA-INSERT.04","","Thu Nov 07 00:35:23 GMT 2024","passed","Thu Nov 07 00:35:23 GMT 2024","","HYPERON-METTALOG-SANITY","HYPERON-METTALOG-SANITY",""
"","2","ADD-REMOVE-MATCH-INTEGER.29","","Thu Nov 07 00:50:40 GMT 2024","passed","Thu Nov 07 00:50:40 GMT 2024","","SPACES","SPACES",""
"","5","INF-ORDER-PROBS.06","","Thu Nov 07 01:01:34 GMT 2024","passed","Thu Nov 07 01:01:34 GMT 2024","","PROB-DEP-TYPES","PROB-DEP-TYPES",""
"","62","F1-IMPORTS.13","","Thu Nov 07 00:43:23 GMT 2024","failed","Thu Nov 07 00:43:23 GMT 2024","","QUICK","QUICK",""
"","2","IS-SPACE.02","","Thu Nov 07 00:35:23 GMT 2024","passed","Thu Nov 07 00:35:23 GMT 2024","","HYPERON-METTALOG-SANITY","HYPERON-METTALOG-SANITY",""
"","41000","basic.pathfinding-hard","","Thu Nov 07 00:33:43 GMT 2024","failed","Thu Nov 07 00:34:24 GMT 2024","","WHOLE-TESTS","WHOLE-TESTS",""
"","5000","metta-morph_tests.collapse","","Thu Nov 07 00:33:43 GMT 2024","passed","Thu Nov 07 00:33:48 GMT 2024","","WHOLE-TESTS","WHOLE-TESTS",""
"","1","STATES-SPACES.05","","Thu Nov 07 00:39:12 GMT 2024","passed","Thu Nov 07 00:39:12 GMT 2024","","METTA-MORPH-TESTS","METTA-MORPH-TESTS",""
"","1","INTERSECTION-TESTS.13","","Thu Nov 07 00:35:23 GMT 2024","passed","Thu Nov 07 00:35:23 GMT 2024","","HYPERON-METTALOG-SANITY","HYPERON-METTALOG-SANITY",""
"","49","REVERSE-ARITHMETIC.01","","Thu Nov 07 01:49:50 GMT 2024","failed","Thu Nov 07 01:49:50 GMT 2024","","BIDIRECTIONAL-COMPUTATION","BIDIRECTIONAL-COMPUTATION",""
"","101","STDLIB-METTALOG-TEST-PT2.75","","Thu Nov 07 00:52:48 GMT 2024","failed","Thu Nov 07 00:52:48 GMT 2024","","STDLIB-METTALOG","STDLIB-METTALOG",""
"","2","00A-LANG-COMPILED-CASE.06","","Thu Nov 07 01:45:24 GMT 2024","passed","Thu Nov 07 01:45:24 GMT 2024","","DIRECT-COMP","DIRECT-COMP",""
"","2","DEBUG-METTALOGTESTCURRIED.06","","Thu Nov 07 01:46:51 GMT 2024","passed","Thu Nov 07 01:46:51 GMT 2024","","WALK-THRU","WALK-THRU",""
"","15","CHAPTER-2-4.19","","Thu Nov 07 00:52:57 GMT 2024","failed","Thu Nov 07 00:52:57 GMT 2024","","SICP-BOOK","SICP-BOOK",""
"","2","TYPE-PROP.34","","Thu Nov 07 01:09:27 GMT 2024","passed","Thu Nov 07 01:09:27 GMT 2024","","CHECK-TYPES-TEMP","CHECK-TYPES-TEMP",""
"","2","ADD-REMOVE-MATCH-INTEGER.37","","Thu Nov 07 00:50:40 GMT 2024","passed","Thu Nov 07 00:50:40 GMT 2024","","SPACES","SPACES",""
"","499","PROB-DEP-TYPES.10","","Thu Nov 07 01:01:34 GMT 2024","failed","Thu Nov 07 01:01:34 GMT 2024","","PROB-DEP-TYPES","PROB-DEP-TYPES",""
"","2","BACKWARD-CHAINER-XP.12","","Thu Nov 07 01:13:36 GMT 2024","passed","Thu Nov 07 01:13:36 GMT 2024","","BACKWARD-CHAINER","BACKWARD-CHAINER",""
"","2","HIGHER-ORDER-FUNCS.10","","Thu Nov 07 00:51:23 GMT 2024","passed","Thu Nov 07 00:51:23 GMT 2024","","STD","STD",""
"","232","SYNTHESIZE-VIA-UNIFY-TEST.09","","Thu Nov 07 01:24:23 GMT 2024","failed","Thu Nov 07 01:24:23 GMT 2024","","EXPERIMENTS","EXPERIMENTS",""
"","3","ADD-REMOVE-MATCH-S-SYMBOLS.01","","Thu Nov 07 00:50:40 GMT 2024","passed","Thu Nov 07 00:50:40 GMT 2024","","SPACES","SPACES",""
"","2","TYPE-PROP.28","","Thu Nov 07 01:09:27 GMT 2024","passed","Thu Nov 07 01:09:27 GMT 2024","","CHECK-TYPES-TEMP","CHECK-TYPES-TEMP",""
"","2","D1-GADT.03","","Thu Nov 07 00:43:23 GMT 2024","passed","Thu Nov 07 00:43:23 GMT 2024","","QUICK","QUICK",""
"","2","CHAPTER-2-4.03","","Thu Nov 07 00:52:57 GMT 2024","passed","Thu Nov 07 00:52:57 GMT 2024","","SICP-BOOK","SICP-BOOK",""
"","1","NATPARITYTEST.07","","Thu Nov 07 01:16:36 GMT 2024","passed","Thu Nov 07 01:16:36 GMT 2024","","HOL","HOL",""
"","5000","basic.pathfinding-hard-f","","Thu Nov 07 00:33:43 GMT 2024","passed","Thu Nov 07 00:33:48 GMT 2024","","WHOLE-TESTS","WHOLE-TESTS",""
"","2","BACKWARD-CHAINER-XP.27","","Thu Nov 07 01:13:36 GMT 2024","passed","Thu Nov 07 01:13:36 GMT 2024","","BACKWARD-CHAINER","BACKWARD-CHAINER",""
"","2","TYPE-PROP.13","","Thu Nov 07 01:09:27 GMT 2024","passed","Thu Nov 07 01:09:27 GMT 2024","","CHECK-TYPES-TEMP","CHECK-TYPES-TEMP",""
"","2","STDLIB-METTALOG-TEST-PT2.47","","Thu Nov 07 00:52:48 GMT 2024","passed","Thu Nov 07 00:52:48 GMT 2024","","STDLIB-METTALOG","STDLIB-METTALOG",""
"","18","INF-CTL-XP.14","","Thu Nov 07 01:17:45 GMT 2024","failed","Thu Nov 07 01:17:45 GMT 2024","","INFERENCE-CONTROL","INFERENCE-CONTROL",""
"","4000","walk_thru.tmpMatch2","","Thu Nov 07 00:33:43 GMT 2024","passed","Thu Nov 07 00:33:47 GMT 2024","","WHOLE-TESTS","WHOLE-TESTS",""
"","42","FORWARD-CHAINER-XP.21","","Thu Nov 07 01:16:20 GMT 2024","failed","Thu Nov 07 01:16:20 GMT 2024","","FORWARD-CHAINER","FORWARD-CHAINER",""
"","7000","comparisons.nils_if_control_test_2","","Thu Nov 07 00:33:43 GMT 2024","passed","Thu Nov 07 00:33:50 GMT 2024","","WHOLE-TESTS","WHOLE-TESTS",""
"","13","D2-HIGHERFUNC.22","","Thu Nov 07 00:43:23 GMT 2024","passed","Thu Nov 07 00:43:23 GMT 2024","","QUICK","QUICK",""
"","77","D5-AUTO-TYPES.06","","Thu Nov 07 00:33:48 GMT 2024","failed","Thu Nov 07 00:33:48 GMT 2024","","HYPERON-EXPERIMENTAL-SCRIPTS","HYPERON-EXPERIMENTAL-SCRIPTS",""
"","18","UNIFYTEST.01","","Thu Nov 07 01:24:19 GMT 2024","failed","Thu Nov 07 01:24:19 GMT 2024","","SYNTHESIS","SYNTHESIS",""
"","2","ADD-REMOVE-MATCH-SS-STRINGS.03","","Thu Nov 07 00:50:40 GMT 2024","passed","Thu Nov 07 00:50:40 GMT 2024","","SPACES","SPACES",""
"","2","ADD-REMOVE-MATCH-INTEGER.13","","Thu Nov 07 00:50:40 GMT 2024","passed","Thu Nov 07 00:50:40 GMT 2024","","SPACES","SPACES",""
"","2","D3-DEPTYPES.05","","Thu Nov 07 00:33:48 GMT 2024","passed","Thu Nov 07 00:33:48 GMT 2024","","HYPERON-EXPERIMENTAL-SCRIPTS","HYPERON-EXPERIMENTAL-SCRIPTS",""
"","57","STDLIB-METTALOG-TEST-PT2.13","","Thu Nov 07 00:52:48 GMT 2024","failed","Thu Nov 07 00:52:48 GMT 2024","","STDLIB-METTALOG","STDLIB-METTALOG",""
"","3","D3-DEPTYPES.01","","Thu Nov 07 00:33:48 GMT 2024","passed","Thu Nov 07 00:33:48 GMT 2024","","HYPERON-EXPERIMENTAL-SCRIPTS","HYPERON-EXPERIMENTAL-SCRIPTS",""
"","2","TMPMATCH2.03","","Thu Nov 07 00:41:17 GMT 2024","passed","Thu Nov 07 00:41:17 GMT 2024","","ANTI-REGRESSION","ANTI-REGRESSION",""
"","3","SUPPORTRULEEXP.01","","Thu Nov 07 01:12:29 GMT 2024","passed","Thu Nov 07 01:12:29 GMT 2024","","DEPENDENT-TYPES","DEPENDENT-TYPES",""
"","3","SUBTRACTION-TEST.08","","Thu Nov 07 00:35:23 GMT 2024","passed","Thu Nov 07 00:35:23 GMT 2024","","HYPERON-METTALOG-SANITY","HYPERON-METTALOG-SANITY",""
"","11","V2-PLN-XP-EASY-IMPL.02","","Thu Nov 07 00:48:22 GMT 2024","passed","Thu Nov 07 00:48:22 GMT 2024","","CHAINING","CHAINING",""
"","6000","prev.tests0","","Thu Nov 07 00:33:43 GMT 2024","passed","Thu Nov 07 00:33:49 GMT 2024","","WHOLE-TESTS","WHOLE-TESTS",""
"","2","TYPE-PROP.51","","Thu Nov 07 01:09:27 GMT 2024","passed","Thu Nov 07 01:09:27 GMT 2024","","CHECK-TYPES-TEMP","CHECK-TYPES-TEMP",""
"","3","BCHAIN.06","","Thu Nov 07 00:41:17 GMT 2024","passed","Thu Nov 07 00:41:17 GMT 2024","","ANTI-REGRESSION","ANTI-REGRESSION",""
"","16","D1-GADT.04","","Thu Nov 07 01:09:47 GMT 2024","passed","Thu Nov 07 01:09:47 GMT 2024","","CHECK-TYPES","CHECK-TYPES",""
"","3","TESTS5.08","","Thu Nov 07 00:43:52 GMT 2024","passed","Thu Nov 07 00:43:52 GMT 2024","","MAIN-BRANCH","MAIN-BRANCH",""
"","2","TYPE-PROP.04","","Thu Nov 07 01:09:27 GMT 2024","passed","Thu Nov 07 01:09:27 GMT 2024","","CHECK-TYPES-TEMP","CHECK-TYPES-TEMP",""
"","2","B5-TYPES-PRELIM.19","","Thu Nov 07 00:33:48 GMT 2024","passed","Thu Nov 07 00:33:48 GMT 2024","","HYPERON-EXPERIMENTAL-SCRIPTS","HYPERON-EXPERIMENTAL-SCRIPTS",""
"","2","METTALOGTESTCURRIED2.04","","Thu Nov 07 00:41:17 GMT 2024","passed","Thu Nov 07 00:41:17 GMT 2024","","ANTI-REGRESSION","ANTI-REGRESSION",""
"","286","SYNTHESIZE-VIA-LET-TEST.05","","Thu Nov 07 01:24:23 GMT 2024","failed","Thu Nov 07 01:24:23 GMT 2024","","EXPERIMENTS","EXPERIMENTS",""
"","2","STDLIB-METTALOG-TEST-PT2.40","","Thu Nov 07 00:52:48 GMT 2024","passed","Thu Nov 07 00:52:48 GMT 2024","","STDLIB-METTALOG","STDLIB-METTALOG",""
"","2","F1-MODULEA.03","","Thu Nov 07 00:33:38 GMT 2024","passed","Thu Nov 07 00:33:38 GMT 2024","","MODULE-SYSTEM","MODULE-SYSTEM",""
"","335","METTALOGTESTCURRIED2.07","","Thu Nov 07 01:46:51 GMT 2024","passed","Thu Nov 07 01:46:51 GMT 2024","","WALK-THRU","WALK-THRU",""
"","2","DEDUCTIONFORMULATEST.02","","Thu Nov 07 01:14:12 GMT 2024","passed","Thu Nov 07 01:14:12 GMT 2024","","FORMULA","FORMULA",""
"","2","STRING-TESTS.08","","Thu Nov 07 00:35:23 GMT 2024","passed","Thu Nov 07 00:35:23 GMT 2024","","HYPERON-METTALOG-SANITY","HYPERON-METTALOG-SANITY",""
"","2","F1-IMPORTS.05","","Thu Nov 07 00:33:38 GMT 2024","passed","Thu Nov 07 00:33:38 GMT 2024","","MODULE-SYSTEM","MODULE-SYSTEM",""
"","2","D4-TYPE-PROP.09","","Thu Nov 07 00:43:23 GMT 2024","passed","Thu Nov 07 00:43:23 GMT 2024","","QUICK","QUICK",""
"","56","D5-AUTO-TYPES.01","","Thu Nov 07 01:09:47 GMT 2024","failed","Thu Nov 07 01:09:47 GMT 2024","","CHECK-TYPES","CHECK-TYPES",""
"","3","ORDEREDSETTEST.02","","Thu Nov 07 01:13:50 GMT 2024","passed","Thu Nov 07 01:13:50 GMT 2024","","COMMON","COMMON",""
"","5000","dependent-types.SupportRuleExp","","Thu Nov 07 00:33:43 GMT 2024","passed","Thu Nov 07 00:33:48 GMT 2024","","WHOLE-TESTS","WHOLE-TESTS",""
"","106","MEMB.01","","Thu Nov 07 01:00:57 GMT 2024","failed","Thu Nov 07 01:00:57 GMT 2024","","LOGIC","LOGIC",""
"","4000","hyperon-mettalog_sanity.sealed_test","","Thu Nov 07 00:33:43 GMT 2024","passed","Thu Nov 07 00:33:47 GMT 2024","","WHOLE-TESTS","WHOLE-TESTS",""
"","3","D4-TYPE-PROP.06","","Thu Nov 07 01:09:47 GMT 2024","passed","Thu Nov 07 01:09:47 GMT 2024","","CHECK-TYPES","CHECK-TYPES",""
"","2","PC-XP.03","","Thu Nov 07 01:22:32 GMT 2024","passed","Thu Nov 07 01:22:32 GMT 2024","","POLYWARD-CHAINING","POLYWARD-CHAINING",""
"","5000","check_types.d3_deptypes","","Thu Nov 07 00:33:43 GMT 2024","passed","Thu Nov 07 00:33:48 GMT 2024","","WHOLE-TESTS","WHOLE-TESTS",""
"","4","HYPERON-EXPERIMENTAL-ISSUE-516-REDDUCED.02","","Thu Nov 07 01:50:06 GMT 2024","passed","Thu Nov 07 01:50:06 GMT 2024","","DEBUGGING","DEBUGGING",""
"","2","NATDTLTEST.01","","Thu Nov 07 01:16:36 GMT 2024","passed","Thu Nov 07 01:16:36 GMT 2024","","HOL","HOL",""
"","2","TYPE-PROP.49","","Thu Nov 07 01:09:27 GMT 2024","passed","Thu Nov 07 01:09:27 GMT 2024","","CHECK-TYPES-TEMP","CHECK-TYPES-TEMP",""
"","1","ADD-REMOVE-MATCH-MIX-FLOAT-INTEGER.22","","Thu Nov 07 00:50:40 GMT 2024","passed","Thu Nov 07 00:50:40 GMT 2024","","SPACES","SPACES",""
"","3","SUPERCOLLAPSE.01","","Thu Nov 07 00:39:12 GMT 2024","passed","Thu Nov 07 00:39:12 GMT 2024","","METTA-MORPH-TESTS","METTA-MORPH-TESTS",""
"","115","INF-CTL-MONTH-XP.01","","Thu Nov 07 01:17:45 GMT 2024","passed","Thu Nov 07 01:17:45 GMT 2024","","INFERENCE-CONTROL","INFERENCE-CONTROL",""
"","2","F1-MODULEA.06","","Thu Nov 07 00:33:38 GMT 2024","passed","Thu Nov 07 00:33:38 GMT 2024","","MODULE-SYSTEM","MODULE-SYSTEM",""
"","2","F1-MODULEA.07","","Thu Nov 07 00:33:38 GMT 2024","passed","Thu Nov 07 00:33:38 GMT 2024","","MODULE-SYSTEM","MODULE-SYSTEM",""
"","1124","TRAINING-BI.05","","Thu Nov 07 02:07:54 GMT 2024","passed","Thu Nov 07 02:07:55 GMT 2024","","LANGUAGE-MODELS","LANGUAGE-MODELS",""
"","2","D3-DEPTYPES.07","","Thu Nov 07 01:09:47 GMT 2024","passed","Thu Nov 07 01:09:47 GMT 2024","","CHECK-TYPES","CHECK-TYPES",""
"","5000","hyperon-experimental_scripts.d2_higherfunc","","Thu Nov 07 00:33:43 GMT 2024","passed","Thu Nov 07 00:33:48 GMT 2024","","WHOLE-TESTS","WHOLE-TESTS",""
"","3","ALL-ANY.01","","Thu Nov 07 01:00:57 GMT 2024","passed","Thu Nov 07 01:00:57 GMT 2024","","LOGIC","LOGIC",""
"","2","C1-GROUNDED-BASIC.03","","Thu Nov 07 00:43:23 GMT 2024","passed","Thu Nov 07 00:43:23 GMT 2024","","QUICK","QUICK",""
"","312","LOCATED-TEST.02","","Thu Nov 07 01:23:26 GMT 2024","failed","Thu Nov 07 01:23:26 GMT 2024","","LOCATED","LOCATED",""
"","2","IBC-XP.31","","Thu Nov 07 01:19:47 GMT 2024","passed","Thu Nov 07 01:19:47 GMT 2024","","ITERATIVE-CHAINING","ITERATIVE-CHAINING",""
"","5","V2-PLN-XP.02","","Thu Nov 07 00:48:22 GMT 2024","passed","Thu Nov 07 00:48:22 GMT 2024","","CHAINING","CHAINING",""
"","1","HYPERPOSING.08","","Thu Nov 07 01:55:24 GMT 2024","passed","Thu Nov 07 01:55:24 GMT 2024","","BASIC","BASIC",""
"","2","ADD-REMOVE-MATCH-INTEGER.36","","Thu Nov 07 00:50:40 GMT 2024","passed","Thu Nov 07 00:50:40 GMT 2024","","SPACES","SPACES",""
"","61","NATSTANDALONETEST.12","","Thu Nov 07 01:16:36 GMT 2024","failed","Thu Nov 07 01:16:36 GMT 2024","","HOL","HOL",""
"","2","HYPERPOSE.07","","Thu Nov 07 00:39:12 GMT 2024","passed","Thu Nov 07 00:39:12 GMT 2024","","METTA-MORPH-TESTS","METTA-MORPH-TESTS",""
"","4000","anti-regression.tmpMatch1","","Thu Nov 07 00:33:43 GMT 2024","passed","Thu Nov 07 00:33:47 GMT 2024","","WHOLE-TESTS","WHOLE-TESTS",""
"","2","QUERIES.14","","Thu Nov 07 01:06:05 GMT 2024","passed","Thu Nov 07 01:06:05 GMT 2024","","STRIPS-TO-METTA-IMPROVED","STRIPS-TO-METTA-IMPROVED",""
"","2","D2-HIGHERFUNC.16","","Thu Nov 07 01:09:47 GMT 2024","passed","Thu Nov 07 01:09:47 GMT 2024","","CHECK-TYPES","CHECK-TYPES",""
"","2","HYPERPOSE.06","","Thu Nov 07 00:39:12 GMT 2024","passed","Thu Nov 07 00:39:12 GMT 2024","","METTA-MORPH-TESTS","METTA-MORPH-TESTS",""
"","1","LTE.05","","Thu Nov 07 00:51:23 GMT 2024","passed","Thu Nov 07 00:51:23 GMT 2024","","STD","STD",""
"","2","BC-XP.20","","Thu Nov 07 01:13:41 GMT 2024","passed","Thu Nov 07 01:13:41 GMT 2024","","BACKWARD-CHAINING","BACKWARD-CHAINING",""
"","1","ADD-REMOVE-MATCH-S-STRINGS.11","","Thu Nov 07 00:50:40 GMT 2024","passed","Thu Nov 07 00:50:40 GMT 2024","","SPACES","SPACES",""
"","2","INF-CTL-MONTH-BC-CONT-XP.14","","Thu Nov 07 01:17:45 GMT 2024","passed","Thu Nov 07 01:17:45 GMT 2024","","INFERENCE-CONTROL","INFERENCE-CONTROL",""
"","41000","basic.fwgc1","","Thu Nov 07 00:33:43 GMT 2024","failed","Thu Nov 07 00:34:24 GMT 2024","","WHOLE-TESTS","WHOLE-TESTS",""
"","6000","bigram-sentence-evaluator.unigrams","","Thu Nov 07 00:33:43 GMT 2024","passed","Thu Nov 07 00:33:49 GMT 2024","","WHOLE-TESTS","WHOLE-TESTS",""
"","2","QUERIES.08","","Thu Nov 07 01:06:05 GMT 2024","passed","Thu Nov 07 01:06:05 GMT 2024","","STRIPS-TO-METTA-IMPROVED","STRIPS-TO-METTA-IMPROVED",""
"","3","DEDUCTIONDTLTEST.03","","Thu Nov 07 01:12:29 GMT 2024","passed","Thu Nov 07 01:12:29 GMT 2024","","DEPENDENT-TYPES","DEPENDENT-TYPES",""
"","3","REWRITES.01","","Thu Nov 07 01:05:16 GMT 2024","passed","Thu Nov 07 01:05:16 GMT 2024","","STACK-BASED","STACK-BASED",""
"","2","INTERSECTION-TESTS.10","","Thu Nov 07 00:35:23 GMT 2024","passed","Thu Nov 07 00:35:23 GMT 2024","","HYPERON-METTALOG-SANITY","HYPERON-METTALOG-SANITY",""
"","3","FC-XP.29","","Thu Nov 07 01:16:31 GMT 2024","passed","Thu Nov 07 01:16:31 GMT 2024","","FORWARD-CHAINING","FORWARD-CHAINING",""
"","2","C2-SPACES.03","","Thu Nov 07 00:33:38 GMT 2024","passed","Thu Nov 07 00:33:38 GMT 2024","","MODULE-SYSTEM","MODULE-SYSTEM",""
"","2","UNIQUE-TEST.03","","Thu Nov 07 00:35:23 GMT 2024","passed","Thu Nov 07 00:35:23 GMT 2024","","HYPERON-METTALOG-SANITY","HYPERON-METTALOG-SANITY",""
"","2","C1-GROUNDED-BASIC.06","","Thu Nov 07 00:43:23 GMT 2024","passed","Thu Nov 07 00:43:23 GMT 2024","","QUICK","QUICK",""
"","2","NATPARITYTEST.06","","Thu Nov 07 01:16:36 GMT 2024","passed","Thu Nov 07 01:16:36 GMT 2024","","HOL","HOL",""
"","4000","experiments.unify-via-let","","Thu Nov 07 00:33:43 GMT 2024","passed","Thu Nov 07 00:33:47 GMT 2024","","WHOLE-TESTS","WHOLE-TESTS",""
"","3","00A-LANG-COMPILED-CASE.10","","Thu Nov 07 01:45:24 GMT 2024","passed","Thu Nov 07 01:45:24 GMT 2024","","DIRECT-COMP","DIRECT-COMP",""
"","9","TEST-INFER-FUNCTION-APPLICATION-TYPE.11","","Thu Nov 07 01:55:24 GMT 2024","failed","Thu Nov 07 01:55:24 GMT 2024","","BASIC","BASIC",""
"","12","TEST-INFER-FUNCTION-APPLICATION-TYPE.04","","Thu Nov 07 01:55:24 GMT 2024","failed","Thu Nov 07 01:55:24 GMT 2024","","BASIC","BASIC",""
"","2","BACKWARD-CHAINER-XP.38","","Thu Nov 07 01:13:36 GMT 2024","passed","Thu Nov 07 01:13:36 GMT 2024","","BACKWARD-CHAINER","BACKWARD-CHAINER",""
"","3","D4-TYPE-PROP.08","","Thu Nov 07 01:09:47 GMT 2024","passed","Thu Nov 07 01:09:47 GMT 2024","","CHECK-TYPES","CHECK-TYPES",""
"","2","STDLIB-METTALOG-TEST-PT2.42","","Thu Nov 07 00:52:48 GMT 2024","passed","Thu Nov 07 00:52:48 GMT 2024","","STDLIB-METTALOG","STDLIB-METTALOG",""
"","5","UNIQUE-TEST.11","","Thu Nov 07 00:35:23 GMT 2024","passed","Thu Nov 07 00:35:23 GMT 2024","","HYPERON-METTALOG-SANITY","HYPERON-METTALOG-SANITY",""
"","2","ADD-REMOVE-MATCH-INTEGER.11","","Thu Nov 07 00:50:40 GMT 2024","passed","Thu Nov 07 00:50:40 GMT 2024","","SPACES","SPACES",""
"","23802","TIME-SYNTHESIZE-SHORT.02","","Thu Nov 07 00:37:04 GMT 2024","passed","Thu Nov 07 00:37:27 GMT 2024","","SYNTH-BUFFER","SYNTH-BUFFER",""
"","404","IBC-XP.33","","Thu Nov 07 01:19:47 GMT 2024","failed","Thu Nov 07 01:19:47 GMT 2024","","ITERATIVE-CHAINING","ITERATIVE-CHAINING",""
"","11","JOHN-CARRY-FLOWER-TEST.01","","Thu Nov 07 01:23:17 GMT 2024","passed","Thu Nov 07 01:23:17 GMT 2024","","JOHN-CARRY-FLOWER","JOHN-CARRY-FLOWER",""
"","248","TIME-SYNTHESIZE-SHORT.01","","Thu Nov 07 00:37:04 GMT 2024","passed","Thu Nov 07 00:37:04 GMT 2024","","SYNTH-BUFFER","SYNTH-BUFFER",""
"","2","DEDUCTIONFORMULATEST.09","","Thu Nov 07 01:14:12 GMT 2024","passed","Thu Nov 07 01:14:12 GMT 2024","","FORMULA","FORMULA",""
"","2","BC-COMP.05","","Thu Nov 07 00:41:17 GMT 2024","passed","Thu Nov 07 00:41:17 GMT 2024","","ANTI-REGRESSION","ANTI-REGRESSION",""
"","2","00A-LANG-COMPILED-CASE.03","","Thu Nov 07 01:45:24 GMT 2024","passed","Thu Nov 07 01:45:24 GMT 2024","","DIRECT-COMP","DIRECT-COMP",""
"","2","TESTS1.03","","Thu Nov 07 00:43:52 GMT 2024","passed","Thu Nov 07 00:43:52 GMT 2024","","MAIN-BRANCH","MAIN-BRANCH",""
"","2","D1-GADT.10","","Thu Nov 07 00:33:48 GMT 2024","passed","Thu Nov 07 00:33:48 GMT 2024","","HYPERON-EXPERIMENTAL-SCRIPTS","HYPERON-EXPERIMENTAL-SCRIPTS",""
"","4000","polymorphic-types.examples-quants","","Thu Nov 07 00:33:43 GMT 2024","passed","Thu Nov 07 00:33:47 GMT 2024","","WHOLE-TESTS","WHOLE-TESTS",""
"","46000","constraint.types","","Thu Nov 07 00:33:43 GMT 2024","failed","Thu Nov 07 00:34:29 GMT 2024","","WHOLE-TESTS","WHOLE-TESTS",""
"","88","BASE-TEST-REPR-PARSE-INTERSECTION.02","","Thu Nov 07 00:35:23 GMT 2024","passed","Thu Nov 07 00:35:23 GMT 2024","","HYPERON-METTALOG-SANITY","HYPERON-METTALOG-SANITY",""
"","3","D2-HIGHERFUNC.01","","Thu Nov 07 00:43:23 GMT 2024","passed","Thu Nov 07 00:43:23 GMT 2024","","QUICK","QUICK",""
"","46000","prev.tests5","","Thu Nov 07 00:33:43 GMT 2024","failed","Thu Nov 07 00:34:29 GMT 2024","","WHOLE-TESTS","WHOLE-TESTS",""
"","68","B5-TYPES-PRELIM.24","","Thu Nov 07 01:09:27 GMT 2024","failed","Thu Nov 07 01:09:27 GMT 2024","","CHECK-TYPES-TEMP","CHECK-TYPES-TEMP",""
"","2","B2-BACKCHAIN.03","","Thu Nov 07 00:33:48 GMT 2024","passed","Thu Nov 07 00:33:48 GMT 2024","","HYPERON-EXPERIMENTAL-SCRIPTS","HYPERON-EXPERIMENTAL-SCRIPTS",""
"","1","TYPE-PROP.17","","Thu Nov 07 01:09:27 GMT 2024","passed","Thu Nov 07 01:09:27 GMT 2024","","CHECK-TYPES-TEMP","CHECK-TYPES-TEMP",""
"","3","UNIQUE-TEST.01","","Thu Nov 07 00:35:23 GMT 2024","passed","Thu Nov 07 00:35:23 GMT 2024","","HYPERON-METTALOG-SANITY","HYPERON-METTALOG-SANITY",""
"","4000","multidirectional.obif_easy","","Thu Nov 07 00:33:43 GMT 2024","passed","Thu Nov 07 00:33:47 GMT 2024","","WHOLE-TESTS","WHOLE-TESTS",""
"","5000","hyperon-experimental_scripts.d4_type_prop","","Thu Nov 07 00:33:43 GMT 2024","passed","Thu Nov 07 00:33:48 GMT 2024","","WHOLE-TESTS","WHOLE-TESTS",""
"","2","ADD-REMOVE-MATCH-SS-SYMBOLS.10","","Thu Nov 07 00:50:40 GMT 2024","passed","Thu Nov 07 00:50:40 GMT 2024","","SPACES","SPACES",""
"","2","INF-CTL-MONTH-XP-SHORT-3.03","","Thu Nov 07 02:01:42 GMT 2024","passed","Thu Nov 07 02:01:42 GMT 2024","","COMPARISONS","COMPARISONS",""
"","1","AI-SERVICE-COMPOSITION-SANITY.03","","Thu Nov 07 01:06:59 GMT 2024","passed","Thu Nov 07 01:06:59 GMT 2024","","AI-SERVICE","AI-SERVICE",""
"","607","SYNTHESIZE-VIA-CASE-TEST.01","","Thu Nov 07 01:24:23 GMT 2024","failed","Thu Nov 07 01:24:23 GMT 2024","","EXPERIMENTS","EXPERIMENTS",""
"","38","OBIF-CLP.03","","Thu Nov 07 01:53:05 GMT 2024","failed","Thu Nov 07 01:53:05 GMT 2024","","MULTIDIRECTIONAL","MULTIDIRECTIONAL",""
"","2419","TESTS1.04","","Thu Nov 07 00:43:52 GMT 2024","failed","Thu Nov 07 00:43:54 GMT 2024","","MAIN-BRANCH","MAIN-BRANCH",""
"","2","C1-GROUNDED-BASIC.22","","Thu Nov 07 00:43:23 GMT 2024","passed","Thu Nov 07 00:43:23 GMT 2024","","QUICK","QUICK",""
"","2","BACKWARD-CHAINER-XP.29","","Thu Nov 07 01:13:36 GMT 2024","passed","Thu Nov 07 01:13:36 GMT 2024","","BACKWARD-CHAINER","BACKWARD-CHAINER",""
"","1","STDLIB-METTALOG-TEST-PT2.44","","Thu Nov 07 00:52:48 GMT 2024","passed","Thu Nov 07 00:52:48 GMT 2024","","STDLIB-METTALOG","STDLIB-METTALOG",""
"","3","TESTS0.03","","Thu Nov 07 01:37:35 GMT 2024","passed","Thu Nov 07 01:37:35 GMT 2024","","NEW","NEW",""
"","2","D2-HIGHERFUNC.12","","Thu Nov 07 01:09:47 GMT 2024","passed","Thu Nov 07 01:09:47 GMT 2024","","CHECK-TYPES","CHECK-TYPES",""
"","3","INF-CTL-MONTH-XP.05","","Thu Nov 07 01:17:45 GMT 2024","passed","Thu Nov 07 01:17:45 GMT 2024","","INFERENCE-CONTROL","INFERENCE-CONTROL",""
"","2","TYPE-PROP.22","","Thu Nov 07 01:09:27 GMT 2024","passed","Thu Nov 07 01:09:27 GMT 2024","","CHECK-TYPES-TEMP","CHECK-TYPES-TEMP",""
"","2","D4-TYPE-PROP.01","","Thu Nov 07 00:43:23 GMT 2024","passed","Thu Nov 07 00:43:23 GMT 2024","","QUICK","QUICK",""
"","1","TESTS2.08","","Thu Nov 07 00:43:52 GMT 2024","passed","Thu Nov 07 00:43:52 GMT 2024","","MAIN-BRANCH","MAIN-BRANCH",""
"","85","QUERIES.17","","Thu Nov 07 01:06:05 GMT 2024","failed","Thu Nov 07 01:06:05 GMT 2024","","STRIPS-TO-METTA-IMPROVED","STRIPS-TO-METTA-IMPROVED",""
"","4000","chaining.parent_go_comp","","Thu Nov 07 00:33:43 GMT 2024","passed","Thu Nov 07 00:33:47 GMT 2024","","WHOLE-TESTS","WHOLE-TESTS",""
"","280","QUERIES.06","","Thu Nov 07 01:06:05 GMT 2024","passed","Thu Nov 07 01:06:05 GMT 2024","","STRIPS-TO-METTA-IMPROVED","STRIPS-TO-METTA-IMPROVED",""
"","3","PC-XP.07","","Thu Nov 07 01:22:32 GMT 2024","passed","Thu Nov 07 01:22:32 GMT 2024","","POLYWARD-CHAINING","POLYWARD-CHAINING",""
"","1","C1-GROUNDED-BASIC.12","","Thu Nov 07 00:43:23 GMT 2024","passed","Thu Nov 07 00:43:23 GMT 2024","","QUICK","QUICK",""
"","1","ADD-REMOVE-MATCH-FLOAT.02","","Thu Nov 07 00:50:40 GMT 2024","passed","Thu Nov 07 00:50:40 GMT 2024","","SPACES","SPACES",""
"","2","LET-SUPERPOSE-LIST.02","","Thu Nov 07 00:39:12 GMT 2024","passed","Thu Nov 07 00:39:12 GMT 2024","","METTA-MORPH-TESTS","METTA-MORPH-TESTS",""
"","14","TEST-INFER-FUNCTION-APPLICATION-TYPE.10","","Thu Nov 07 01:55:24 GMT 2024","failed","Thu Nov 07 01:55:24 GMT 2024","","BASIC","BASIC",""
"","22","CHAPTER-1-3.04","","Thu Nov 07 00:52:57 GMT 2024","passed","Thu Nov 07 00:52:57 GMT 2024","","SICP-BOOK","SICP-BOOK",""
"","2","TYPE-PROP.30","","Thu Nov 07 01:09:27 GMT 2024","passed","Thu Nov 07 01:09:27 GMT 2024","","CHECK-TYPES-TEMP","CHECK-TYPES-TEMP",""
"","1","F1-MODULEA.07","","Thu Nov 07 00:33:48 GMT 2024","passed","Thu Nov 07 00:33:48 GMT 2024","","HYPERON-EXPERIMENTAL-SCRIPTS","HYPERON-EXPERIMENTAL-SCRIPTS",""
"","4000","metta-wam-issue-116.test_spo_100","","Thu Nov 07 00:33:43 GMT 2024","passed","Thu Nov 07 00:33:47 GMT 2024","","WHOLE-TESTS","WHOLE-TESTS",""
"","2","PC-XP.08","","Thu Nov 07 01:22:32 GMT 2024","passed","Thu Nov 07 01:22:32 GMT 2024","","POLYWARD-CHAINING","POLYWARD-CHAINING",""
"","3","FORWARD-CHAINER-XP.27","","Thu Nov 07 01:16:20 GMT 2024","passed","Thu Nov 07 01:16:20 GMT 2024","","FORWARD-CHAINER","FORWARD-CHAINER",""
"","2","ORDEREDSETTEST.05","","Thu Nov 07 01:13:50 GMT 2024","passed","Thu Nov 07 01:13:50 GMT 2024","","COMMON","COMMON",""
"","2","D2-HIGHERFUNC.08","","Thu Nov 07 00:43:23 GMT 2024","passed","Thu Nov 07 00:43:23 GMT 2024","","QUICK","QUICK",""
"","5000","introspect.show-space-self","","Thu Nov 07 00:33:43 GMT 2024","passed","Thu Nov 07 00:33:48 GMT 2024","","WHOLE-TESTS","WHOLE-TESTS",""
"","2","BC-XP.01","","Thu Nov 07 00:48:22 GMT 2024","passed","Thu Nov 07 00:48:22 GMT 2024","","CHAINING","CHAINING",""
"","72","STATE-TYPES.06","","Thu Nov 07 01:55:24 GMT 2024","failed","Thu Nov 07 01:55:24 GMT 2024","","BASIC","BASIC",""
"","54","TYPES-PRELIM.21","","Thu Nov 07 00:48:22 GMT 2024","failed","Thu Nov 07 00:48:22 GMT 2024","","CHAINING","CHAINING",""
"","48","D5-AUTO-TYPES.05","","Thu Nov 07 01:09:47 GMT 2024","failed","Thu Nov 07 01:09:47 GMT 2024","","CHECK-TYPES","CHECK-TYPES",""
"","3","AI-SERVICE-COMPOSITION-SANITY.01","","Thu Nov 07 01:06:59 GMT 2024","passed","Thu Nov 07 01:06:59 GMT 2024","","AI-SERVICE","AI-SERVICE",""
"","2","TMPMATCH2.04","","Thu Nov 07 00:41:17 GMT 2024","passed","Thu Nov 07 00:41:17 GMT 2024","","ANTI-REGRESSION","ANTI-REGRESSION",""
"","2","CURRIED-CHAINER.05","","Thu Nov 07 01:14:28 GMT 2024","passed","Thu Nov 07 01:14:28 GMT 2024","","CURRIED-CHAINING","CURRIED-CHAINING",""
"","3","OR-TEST.17","","Thu Nov 07 00:35:23 GMT 2024","passed","Thu Nov 07 00:35:23 GMT 2024","","HYPERON-METTALOG-SANITY","HYPERON-METTALOG-SANITY",""
"","14","REVERSE-ARITHMETIC.02","","Thu Nov 07 01:49:50 GMT 2024","failed","Thu Nov 07 01:49:50 GMT 2024","","BIDIRECTIONAL-COMPUTATION","BIDIRECTIONAL-COMPUTATION",""
"","5000","match.ImplicationDirectIntroductionMatchTest","","Thu Nov 07 00:33:43 GMT 2024","passed","Thu Nov 07 00:33:48 GMT 2024","","WHOLE-TESTS","WHOLE-TESTS",""
"","3","FORWARD-CHAINER-XP.30","","Thu Nov 07 01:16:20 GMT 2024","passed","Thu Nov 07 01:16:20 GMT 2024","","FORWARD-CHAINER","FORWARD-CHAINER",""
"","5","JOHN-CARRY-FLOWER-TEST.04","","Thu Nov 07 01:23:17 GMT 2024","passed","Thu Nov 07 01:23:17 GMT 2024","","JOHN-CARRY-FLOWER","JOHN-CARRY-FLOWER",""
"","1","NATPARITYTEST.15","","Thu Nov 07 01:16:36 GMT 2024","passed","Thu Nov 07 01:16:36 GMT 2024","","HOL","HOL",""
"","3","CHAPTER-2-4.01","","Thu Nov 07 00:52:57 GMT 2024","passed","Thu Nov 07 00:52:57 GMT 2024","","SICP-BOOK","SICP-BOOK",""
"","2","STRING-TESTS.14","","Thu Nov 07 00:35:23 GMT 2024","passed","Thu Nov 07 00:35:23 GMT 2024","","HYPERON-METTALOG-SANITY","HYPERON-METTALOG-SANITY",""
"","46","TREE.02","","Thu Nov 07 00:58:15 GMT 2024","failed","Thu Nov 07 00:58:15 GMT 2024","","COMBINATOR-CALCULI","COMBINATOR-CALCULI",""
"","2","B5-TYPES-PRELIM.22","","Thu Nov 07 01:09:27 GMT 2024","passed","Thu Nov 07 01:09:27 GMT 2024","","CHECK-TYPES-TEMP","CHECK-TYPES-TEMP",""
"","5000","pln.gene-pln-xp","","Thu Nov 07 00:33:43 GMT 2024","passed","Thu Nov 07 00:33:48 GMT 2024","","WHOLE-TESTS","WHOLE-TESTS",""
"","2","TYPE-PROP.46","","Thu Nov 07 01:09:27 GMT 2024","passed","Thu Nov 07 01:09:27 GMT 2024","","CHECK-TYPES-TEMP","CHECK-TYPES-TEMP",""
"","3","IBC-XP.09","","Thu Nov 07 01:19:47 GMT 2024","passed","Thu Nov 07 01:19:47 GMT 2024","","ITERATIVE-CHAINING","ITERATIVE-CHAINING",""
"","68","D2-HIGHERFUNC.07","","Thu Nov 07 00:43:23 GMT 2024","failed","Thu Nov 07 00:43:23 GMT 2024","","QUICK","QUICK",""
"","45","DEBUG-METTALOGTESTCURRIED.07","","Thu Nov 07 01:46:51 GMT 2024","passed","Thu Nov 07 01:46:51 GMT 2024","","WALK-THRU","WALK-THRU",""
"","4000","logic.all_any","","Thu Nov 07 00:33:43 GMT 2024","passed","Thu Nov 07 00:33:47 GMT 2024","","WHOLE-TESTS","WHOLE-TESTS",""
"","3","D1-GADT.01","","Thu Nov 07 00:43:23 GMT 2024","passed","Thu Nov 07 00:43:23 GMT 2024","","QUICK","QUICK",""
"","164","QUERIES.10","","Thu Nov 07 01:06:05 GMT 2024","passed","Thu Nov 07 01:06:05 GMT 2024","","STRIPS-TO-METTA-IMPROVED","STRIPS-TO-METTA-IMPROVED",""
"","58","B5-TYPES-PRELIM.14","","Thu Nov 07 01:09:27 GMT 2024","failed","Thu Nov 07 01:09:27 GMT 2024","","CHECK-TYPES-TEMP","CHECK-TYPES-TEMP",""
"","4000","metta-morph_tests.let_superpose_list","","Thu Nov 07 00:33:43 GMT 2024","passed","Thu Nov 07 00:33:47 GMT 2024","","WHOLE-TESTS","WHOLE-TESTS",""
"","5000","prob-dep-types.prob_dep_types","","Thu Nov 07 00:33:43 GMT 2024","passed","Thu Nov 07 00:33:48 GMT 2024","","WHOLE-TESTS","WHOLE-TESTS",""
"","3","BC-XP.25","","Thu Nov 07 01:13:41 GMT 2024","passed","Thu Nov 07 01:13:41 GMT 2024","","BACKWARD-CHAINING","BACKWARD-CHAINING",""
"","3","UNIQUE-TEST.06","","Thu Nov 07 00:35:23 GMT 2024","passed","Thu Nov 07 00:35:23 GMT 2024","","HYPERON-METTALOG-SANITY","HYPERON-METTALOG-SANITY",""
"","4000","metta-morph_tests.identity","","Thu Nov 07 00:33:43 GMT 2024","passed","Thu Nov 07 00:33:47 GMT 2024","","WHOLE-TESTS","WHOLE-TESTS",""
"","2","F1-IMPORTS.03","","Thu Nov 07 00:33:48 GMT 2024","passed","Thu Nov 07 00:33:48 GMT 2024","","HYPERON-EXPERIMENTAL-SCRIPTS","HYPERON-EXPERIMENTAL-SCRIPTS",""
"","2","BACKWARD-CHAINER-XP.09","","Thu Nov 07 01:13:36 GMT 2024","passed","Thu Nov 07 01:13:36 GMT 2024","","BACKWARD-CHAINER","BACKWARD-CHAINER",""
"","43000","synthesis.SynthesizeTest","","Thu Nov 07 00:33:43 GMT 2024","failed","Thu Nov 07 00:34:26 GMT 2024","","WHOLE-TESTS","WHOLE-TESTS",""
"","40000","comparisons.nils_if_control_test_3","","Thu Nov 07 00:33:43 GMT 2024","failed","Thu Nov 07 00:34:23 GMT 2024","","WHOLE-TESTS","WHOLE-TESTS",""
"","2","B5-TYPES-PRELIM.09","","Thu Nov 07 01:09:27 GMT 2024","passed","Thu Nov 07 01:09:27 GMT 2024","","CHECK-TYPES-TEMP","CHECK-TYPES-TEMP",""
"","17","IFC-XP.17","","Thu Nov 07 01:19:47 GMT 2024","failed","Thu Nov 07 01:19:47 GMT 2024","","ITERATIVE-CHAINING","ITERATIVE-CHAINING",""
"","3","TMPMATCH2.01","","Thu Nov 07 01:46:51 GMT 2024","passed","Thu Nov 07 01:46:51 GMT 2024","","WALK-THRU","WALK-THRU",""
"","5000","walk_thru.impl_mettalogTestCurried","","Thu Nov 07 00:33:43 GMT 2024","passed","Thu Nov 07 00:33:48 GMT 2024","","WHOLE-TESTS","WHOLE-TESTS",""
"","6000","bigram-sentence-evaluator.taus","","Thu Nov 07 00:33:43 GMT 2024","passed","Thu Nov 07 00:33:49 GMT 2024","","WHOLE-TESTS","WHOLE-TESTS",""
"","5000","red-black-lambda.red-black","","Thu Nov 07 00:33:43 GMT 2024","passed","Thu Nov 07 00:33:48 GMT 2024","","WHOLE-TESTS","WHOLE-TESTS",""
"","6000","new.tests0","","Thu Nov 07 00:33:43 GMT 2024","passed","Thu Nov 07 00:33:49 GMT 2024","","WHOLE-TESTS","WHOLE-TESTS",""
"","15000","anti-regression.system_proofTestCurried","","Thu Nov 07 00:33:43 GMT 2024","failed","Thu Nov 07 00:33:58 GMT 2024","","WHOLE-TESTS","WHOLE-TESTS",""
"","4000","hyperon-mettalog_sanity.03-soring-via-insert","","Thu Nov 07 00:33:43 GMT 2024","passed","Thu Nov 07 00:33:47 GMT 2024","","WHOLE-TESTS","WHOLE-TESTS",""
"","2","B5-TYPES-PRELIM.25","","Thu Nov 07 01:09:27 GMT 2024","passed","Thu Nov 07 01:09:27 GMT 2024","","CHECK-TYPES-TEMP","CHECK-TYPES-TEMP",""
"","1","ADD-ATOM-NAIVE-FIB.02","","Thu Nov 07 02:01:42 GMT 2024","passed","Thu Nov 07 02:01:42 GMT 2024","","COMPARISONS","COMPARISONS",""
"","2","ADD-REMOVE-MATCH-SYMBOLS.03","","Thu Nov 07 00:50:40 GMT 2024","passed","Thu Nov 07 00:50:40 GMT 2024","","SPACES","SPACES",""
"","2","LTE.08","","Thu Nov 07 00:51:23 GMT 2024","passed","Thu Nov 07 00:51:23 GMT 2024","","STD","STD",""
"","79","TYPE-PROP.60","","Thu Nov 07 01:09:27 GMT 2024","failed","Thu Nov 07 01:09:27 GMT 2024","","CHECK-TYPES-TEMP","CHECK-TYPES-TEMP",""
"","25","SHOW-TYPE.09","","Thu Nov 07 00:50:25 GMT 2024","passed","Thu Nov 07 00:50:25 GMT 2024","","INTROSPECT","INTROSPECT",""
"","2457","TESTS1-PRE.04","","Thu Nov 07 00:43:52 GMT 2024","failed","Thu Nov 07 00:43:54 GMT 2024","","MAIN-BRANCH","MAIN-BRANCH",""
"","12","D1-GADT.09","","Thu Nov 07 00:33:48 GMT 2024","passed","Thu Nov 07 00:33:48 GMT 2024","","HYPERON-EXPERIMENTAL-SCRIPTS","HYPERON-EXPERIMENTAL-SCRIPTS",""
"","304","SPACE-SUBTRACTION-TESTS.07","","Thu Nov 07 00:35:23 GMT 2024","passed","Thu Nov 07 00:35:23 GMT 2024","","HYPERON-METTALOG-SANITY","HYPERON-METTALOG-SANITY",""
"","2","MATCH-VOID.10","","Thu Nov 07 00:39:12 GMT 2024","passed","Thu Nov 07 00:39:12 GMT 2024","","METTA-MORPH-TESTS","METTA-MORPH-TESTS",""
"","2","INF-CTL-MONTH-BC-CONT-XP.11","","Thu Nov 07 01:17:45 GMT 2024","passed","Thu Nov 07 01:17:45 GMT 2024","","INFERENCE-CONTROL","INFERENCE-CONTROL",""
"","5000","equal.ImplicationDirectIntroductionEqualTest","","Thu Nov 07 00:33:43 GMT 2024","passed","Thu Nov 07 00:33:48 GMT 2024","","WHOLE-TESTS","WHOLE-TESTS",""
"","82","TOO-EAGER-MATH.01","","Thu Nov 07 01:54:22 GMT 2024","passed","Thu Nov 07 01:54:22 GMT 2024","","POSSIBLY-WRONG","POSSIBLY-WRONG",""
"","4000","introspect.exam-spaces","","Thu Nov 07 00:33:43 GMT 2024","passed","Thu Nov 07 00:33:47 GMT 2024","","WHOLE-TESTS","WHOLE-TESTS",""
"","12","HIGHER-ORDER-FUNCS.02","","Thu Nov 07 00:51:23 GMT 2024","failed","Thu Nov 07 00:51:23 GMT 2024","","STD","STD",""
"","4","C1-GROUNDED-BASIC.08","","Thu Nov 07 00:33:48 GMT 2024","passed","Thu Nov 07 00:33:48 GMT 2024","","HYPERON-EXPERIMENTAL-SCRIPTS","HYPERON-EXPERIMENTAL-SCRIPTS",""
"","5","OR-TEST.01","","Thu Nov 07 00:35:23 GMT 2024","passed","Thu Nov 07 00:35:23 GMT 2024","","HYPERON-METTALOG-SANITY","HYPERON-METTALOG-SANITY",""
"","2","B5-TYPES-PRELIM.16","","Thu Nov 07 00:33:48 GMT 2024","passed","Thu Nov 07 00:33:48 GMT 2024","","HYPERON-EXPERIMENTAL-SCRIPTS","HYPERON-EXPERIMENTAL-SCRIPTS",""
"","88","V2-PLN-XP.01","","Thu Nov 07 00:48:22 GMT 2024","failed","Thu Nov 07 00:48:22 GMT 2024","","CHAINING","CHAINING",""
"","22","STDLIB-METTALOG-TEST-PT2.49","","Thu Nov 07 00:52:48 GMT 2024","failed","Thu Nov 07 00:52:48 GMT 2024","","STDLIB-METTALOG","STDLIB-METTALOG",""
"","2","ADD-REMOVE-MATCH-SS-STRINGS.15","","Thu Nov 07 00:50:40 GMT 2024","passed","Thu Nov 07 00:50:40 GMT 2024","","SPACES","SPACES",""
"","10","TYPE-PROP.69","","Thu Nov 07 01:09:27 GMT 2024","failed","Thu Nov 07 01:09:27 GMT 2024","","CHECK-TYPES-TEMP","CHECK-TYPES-TEMP",""
"","3","SYNTHESIZE-VIA-TYPE-CHECKING.01","","Thu Nov 07 01:24:23 GMT 2024","passed","Thu Nov 07 01:24:23 GMT 2024","","EXPERIMENTS","EXPERIMENTS",""
"","2","XOR-TEST.04","","Thu Nov 07 00:35:23 GMT 2024","passed","Thu Nov 07 00:35:23 GMT 2024","","HYPERON-METTALOG-SANITY","HYPERON-METTALOG-SANITY",""
"","7","SPACE-SUBTRACTION-TESTS.10","","Thu Nov 07 00:35:23 GMT 2024","passed","Thu Nov 07 00:35:23 GMT 2024","","HYPERON-METTALOG-SANITY","HYPERON-METTALOG-SANITY",""
"","59","SPACE-INTERSECTION-TESTS.12","","Thu Nov 07 00:35:23 GMT 2024","failed","Thu Nov 07 00:35:23 GMT 2024","","HYPERON-METTALOG-SANITY","HYPERON-METTALOG-SANITY",""
"","4","APPEND.01","","Thu Nov 07 01:53:05 GMT 2024","passed","Thu Nov 07 01:53:05 GMT 2024","","MULTIDIRECTIONAL","MULTIDIRECTIONAL",""
"","2","IMPLICATIONDIRECTINTRODUCTIONDTLTEST.08","","Thu Nov 07 01:12:29 GMT 2024","passed","Thu Nov 07 01:12:29 GMT 2024","","DEPENDENT-TYPES","DEPENDENT-TYPES",""
"","2","DEDUCTIONFORMULATEST.10","","Thu Nov 07 01:14:12 GMT 2024","passed","Thu Nov 07 01:14:12 GMT 2024","","FORMULA","FORMULA",""
"","48","FC-XP.05","","Thu Nov 07 01:16:31 GMT 2024","failed","Thu Nov 07 01:16:31 GMT 2024","","FORWARD-CHAINING","FORWARD-CHAINING",""
"","2","SEQUENTIAL-NESTED.12","","Thu Nov 07 00:39:12 GMT 2024","passed","Thu Nov 07 00:39:12 GMT 2024","","METTA-MORPH-TESTS","METTA-MORPH-TESTS",""
"","8000","john-carry-flower.john-carry-flower-test","","Thu Nov 07 00:33:43 GMT 2024","passed","Thu Nov 07 00:33:51 GMT 2024","","WHOLE-TESTS","WHOLE-TESTS",""
"","3","ADD-REMOVE-MATCH-INTEGER.42","","Thu Nov 07 00:50:40 GMT 2024","passed","Thu Nov 07 00:50:40 GMT 2024","","SPACES","SPACES",""
"","40000","debugging.hyperon_experimental_issue_530","","Thu Nov 07 00:33:43 GMT 2024","failed","Thu Nov 07 00:34:23 GMT 2024","","WHOLE-TESTS","WHOLE-TESTS",""
"","6","NUMTEST.02","","Thu Nov 07 01:13:50 GMT 2024","passed","Thu Nov 07 01:13:50 GMT 2024","","COMMON","COMMON",""
"","2","STDLIB-METTALOG-TEST-PT2.07","","Thu Nov 07 00:52:48 GMT 2024","passed","Thu Nov 07 00:52:48 GMT 2024","","STDLIB-METTALOG","STDLIB-METTALOG",""
"","3","FORWARD-CHAINER-TEST.16","","Thu Nov 07 01:16:20 GMT 2024","passed","Thu Nov 07 01:16:20 GMT 2024","","FORWARD-CHAINER","FORWARD-CHAINER",""
"","5000","check_types.e2_states","","Thu Nov 07 00:33:43 GMT 2024","passed","Thu Nov 07 00:33:48 GMT 2024","","WHOLE-TESTS","WHOLE-TESTS",""
"","12","STDLIB-METTALOG-TEST-PT2.53","","Thu Nov 07 00:52:48 GMT 2024","failed","Thu Nov 07 00:52:48 GMT 2024","","STDLIB-METTALOG","STDLIB-METTALOG",""
"","50","IFC-XP.01","","Thu Nov 07 01:19:47 GMT 2024","failed","Thu Nov 07 01:19:47 GMT 2024","","ITERATIVE-CHAINING","ITERATIVE-CHAINING",""
"","6000","nars_v0.tests0","","Thu Nov 07 00:33:43 GMT 2024","passed","Thu Nov 07 00:33:49 GMT 2024","","WHOLE-TESTS","WHOLE-TESTS",""
"","4","SEALED-TEST.03","","Thu Nov 07 00:35:23 GMT 2024","passed","Thu Nov 07 00:35:23 GMT 2024","","HYPERON-METTALOG-SANITY","HYPERON-METTALOG-SANITY",""
"","2","INF-CTL-MONTH-XP.02","","Thu Nov 07 01:17:45 GMT 2024","passed","Thu Nov 07 01:17:45 GMT 2024","","INFERENCE-CONTROL","INFERENCE-CONTROL",""
"","583","IOIOIOI.03","","Thu Nov 07 01:53:05 GMT 2024","passed","Thu Nov 07 01:53:05 GMT 2024","","MULTIDIRECTIONAL","MULTIDIRECTIONAL",""
"","1","ADD-ATOM-NAIVE-FIB.07","","Thu Nov 07 02:01:42 GMT 2024","passed","Thu Nov 07 02:01:42 GMT 2024","","COMPARISONS","COMPARISONS",""
"","2","ADD-REMOVE-MATCH-SYMBOLS.10","","Thu Nov 07 00:50:40 GMT 2024","passed","Thu Nov 07 00:50:40 GMT 2024","","SPACES","SPACES",""
"","2","BCHAIN-COMP.06","","Thu Nov 07 01:46:51 GMT 2024","passed","Thu Nov 07 01:46:51 GMT 2024","","WALK-THRU","WALK-THRU",""
"","2","D4-TYPE-PROP.16","","Thu Nov 07 01:09:47 GMT 2024","passed","Thu Nov 07 01:09:47 GMT 2024","","CHECK-TYPES","CHECK-TYPES",""
"","3","IMPL-METTALOGTESTCURRIED.11","","Thu Nov 07 01:46:51 GMT 2024","passed","Thu Nov 07 01:46:51 GMT 2024","","WALK-THRU","WALK-THRU",""
"","2","FLIP-TEST.01","","Thu Nov 07 00:35:23 GMT 2024","passed","Thu Nov 07 00:35:23 GMT 2024","","HYPERON-METTALOG-SANITY","HYPERON-METTALOG-SANITY",""
"","2","PC-XP.09","","Thu Nov 07 01:22:32 GMT 2024","passed","Thu Nov 07 01:22:32 GMT 2024","","POLYWARD-CHAINING","POLYWARD-CHAINING",""
"","710","GENE-QUERY.01","","Thu Nov 07 01:09:20 GMT 2024","passed","Thu Nov 07 01:09:20 GMT 2024","","QUERY","QUERY",""
"","3","APPEND.02","","Thu Nov 07 01:53:05 GMT 2024","passed","Thu Nov 07 01:53:05 GMT 2024","","MULTIDIRECTIONAL","MULTIDIRECTIONAL",""
"","3","CHAPTER-2-2.10","","Thu Nov 07 00:52:57 GMT 2024","passed","Thu Nov 07 00:52:57 GMT 2024","","SICP-BOOK","SICP-BOOK",""
"","54","STDLIB-METTALOG-TEST-PT2.23","","Thu Nov 07 00:52:48 GMT 2024","failed","Thu Nov 07 00:52:48 GMT 2024","","STDLIB-METTALOG","STDLIB-METTALOG",""
"","2","F1-IMPORTS.06","","Thu Nov 07 00:43:23 GMT 2024","passed","Thu Nov 07 00:43:23 GMT 2024","","QUICK","QUICK",""
"","1088","PLLM-PENNTREE.05","","Thu Nov 07 02:07:54 GMT 2024","passed","Thu Nov 07 02:07:55 GMT 2024","","LANGUAGE-MODELS","LANGUAGE-MODELS",""
"","1","INF-CTL-MONTH-BC-CONT-XP.23","","Thu Nov 07 01:17:45 GMT 2024","passed","Thu Nov 07 01:17:45 GMT 2024","","INFERENCE-CONTROL","INFERENCE-CONTROL",""
"","2","IBC-XP.12","","Thu Nov 07 01:19:47 GMT 2024","passed","Thu Nov 07 01:19:47 GMT 2024","","ITERATIVE-CHAINING","ITERATIVE-CHAINING",""
"","110","TESTS0.07","","Thu Nov 07 00:43:52 GMT 2024","passed","Thu Nov 07 00:43:52 GMT 2024","","MAIN-BRANCH","MAIN-BRANCH",""
"","2","SYNTHESIZE-VIA-TYPE-CHECKING.06","","Thu Nov 07 01:24:23 GMT 2024","passed","Thu Nov 07 01:24:23 GMT 2024","","EXPERIMENTS","EXPERIMENTS",""
"","3","D2-HIGHERFUNC.23","","Thu Nov 07 00:43:23 GMT 2024","passed","Thu Nov 07 00:43:23 GMT 2024","","QUICK","QUICK",""
"","2","TYPE-PROP.47","","Thu Nov 07 01:09:27 GMT 2024","passed","Thu Nov 07 01:09:27 GMT 2024","","CHECK-TYPES-TEMP","CHECK-TYPES-TEMP",""
"","111","TYPE-PROP.54","","Thu Nov 07 01:09:27 GMT 2024","failed","Thu Nov 07 01:09:27 GMT 2024","","CHECK-TYPES-TEMP","CHECK-TYPES-TEMP",""
"","3","SYNTHESIZE-VIA-TYPE-CHECKING.11","","Thu Nov 07 01:24:23 GMT 2024","passed","Thu Nov 07 01:24:23 GMT 2024","","EXPERIMENTS","EXPERIMENTS",""
"","5000","located.located-test","","Thu Nov 07 00:33:43 GMT 2024","passed","Thu Nov 07 00:33:48 GMT 2024","","WHOLE-TESTS","WHOLE-TESTS",""
"","266","SELF-CONTAINED-SYNTHESIZE.06","","Thu Nov 07 01:24:23 GMT 2024","failed","Thu Nov 07 01:24:23 GMT 2024","","EXPERIMENTS","EXPERIMENTS",""
"","2","IMPL-METTALOGTESTCURRIED.04","","Thu Nov 07 01:46:51 GMT 2024","passed","Thu Nov 07 01:46:51 GMT 2024","","WALK-THRU","WALK-THRU",""
"","2","TYPE-PROP.06","","Thu Nov 07 00:48:22 GMT 2024","passed","Thu Nov 07 00:48:22 GMT 2024","","CHAINING","CHAINING",""
"","41000","fizzbuzz.constructive","","Thu Nov 07 00:33:43 GMT 2024","failed","Thu Nov 07 00:34:24 GMT 2024","","WHOLE-TESTS","WHOLE-TESTS",""
"","2","B5-TYPES-PRELIM.05","","Thu Nov 07 00:33:48 GMT 2024","passed","Thu Nov 07 00:33:48 GMT 2024","","HYPERON-EXPERIMENTAL-SCRIPTS","HYPERON-EXPERIMENTAL-SCRIPTS",""
"","2","C1-GROUNDED-BASIC.07","","Thu Nov 07 00:33:48 GMT 2024","passed","Thu Nov 07 00:33:48 GMT 2024","","HYPERON-EXPERIMENTAL-SCRIPTS","HYPERON-EXPERIMENTAL-SCRIPTS",""
"","2","ADD-REMOVE-MATCH-S-SYMBOLS.03","","Thu Nov 07 00:50:40 GMT 2024","passed","Thu Nov 07 00:50:40 GMT 2024","","SPACES","SPACES",""
"","2","F1-MODULEA.01","","Thu Nov 07 00:33:48 GMT 2024","passed","Thu Nov 07 00:33:48 GMT 2024","","HYPERON-EXPERIMENTAL-SCRIPTS","HYPERON-EXPERIMENTAL-SCRIPTS",""
"","41","IMPLICATIONDIRECTINTRODUCTIONDTLTEST.11","","Thu Nov 07 01:12:29 GMT 2024","failed","Thu Nov 07 01:12:29 GMT 2024","","DEPENDENT-TYPES","DEPENDENT-TYPES",""
"","5","TYPE-PROP.72","","Thu Nov 07 01:09:27 GMT 2024","passed","Thu Nov 07 01:09:27 GMT 2024","","CHECK-TYPES-TEMP","CHECK-TYPES-TEMP",""
"","13","D4-TYPE-PROP.03","","Thu Nov 07 01:09:47 GMT 2024","passed","Thu Nov 07 01:09:47 GMT 2024","","CHECK-TYPES","CHECK-TYPES",""
"","2","TYPES-PRELIM.05","","Thu Nov 07 00:48:22 GMT 2024","passed","Thu Nov 07 00:48:22 GMT 2024","","CHAINING","CHAINING",""
"","3","FORWARD-CHAINER-XP.07","","Thu Nov 07 01:16:20 GMT 2024","passed","Thu Nov 07 01:16:20 GMT 2024","","FORWARD-CHAINER","FORWARD-CHAINER",""
"","2","FORWARD-CHAINER-TEST.10","","Thu Nov 07 01:16:20 GMT 2024","passed","Thu Nov 07 01:16:20 GMT 2024","","FORWARD-CHAINER","FORWARD-CHAINER",""
"","3","ADD-ATOM-MATCH.01","","Thu Nov 07 00:39:12 GMT 2024","passed","Thu Nov 07 00:39:12 GMT 2024","","METTA-MORPH-TESTS","METTA-MORPH-TESTS",""
"","3","SEQUENTIAL-NESTED.01","","Thu Nov 07 00:39:12 GMT 2024","passed","Thu Nov 07 00:39:12 GMT 2024","","METTA-MORPH-TESTS","METTA-MORPH-TESTS",""
"","2","ADD-REMOVE-MATCH-SS-SYMBOLS.16","","Thu Nov 07 00:50:40 GMT 2024","passed","Thu Nov 07 00:50:40 GMT 2024","","SPACES","SPACES",""
"","2","INF-CTL-MONTH-XP-SHORT-3.09","","Thu Nov 07 02:01:42 GMT 2024","passed","Thu Nov 07 02:01:42 GMT 2024","","COMPARISONS","COMPARISONS",""
"","2","TESTS0.05","","Thu Nov 07 01:41:28 GMT 2024","passed","Thu Nov 07 01:41:28 GMT 2024","","PREV","PREV",""
"","2","BASIC.11","","Thu Nov 07 01:06:47 GMT 2024","passed","Thu Nov 07 01:06:47 GMT 2024","","TRAVERSER","TRAVERSER",""
"","4000","chaining.parent_go_1","","Thu Nov 07 00:33:43 GMT 2024","passed","Thu Nov 07 00:33:47 GMT 2024","","WHOLE-TESTS","WHOLE-TESTS",""
"","6000","main-branch.nalifier_Prev","","Thu Nov 07 00:33:43 GMT 2024","passed","Thu Nov 07 00:33:49 GMT 2024","","WHOLE-TESTS","WHOLE-TESTS",""
"","291","IBC-XP.14","","Thu Nov 07 01:19:47 GMT 2024","passed","Thu Nov 07 01:19:47 GMT 2024","","ITERATIVE-CHAINING","ITERATIVE-CHAINING",""
"","2","LISTTEST.06","","Thu Nov 07 01:13:50 GMT 2024","passed","Thu Nov 07 01:13:50 GMT 2024","","COMMON","COMMON",""
"","2","B1-EQUAL-CHAIN.06","","Thu Nov 07 00:33:48 GMT 2024","passed","Thu Nov 07 00:33:48 GMT 2024","","HYPERON-EXPERIMENTAL-SCRIPTS","HYPERON-EXPERIMENTAL-SCRIPTS",""
"","3","FORWARD-CHAINER-XP.12","","Thu Nov 07 01:16:20 GMT 2024","passed","Thu Nov 07 01:16:20 GMT 2024","","FORWARD-CHAINER","FORWARD-CHAINER",""
"","3","CURRIED-CHAINER.01","","Thu Nov 07 01:14:28 GMT 2024","passed","Thu Nov 07 01:14:28 GMT 2024","","CURRIED-CHAINING","CURRIED-CHAINING",""
"","3","CML-UNSHARED.04","","Thu Nov 07 01:55:24 GMT 2024","passed","Thu Nov 07 01:55:24 GMT 2024","","BASIC","BASIC",""
"","3","A1-SYMBOLS.05","","Thu Nov 07 00:33:48 GMT 2024","passed","Thu Nov 07 00:33:48 GMT 2024","","HYPERON-EXPERIMENTAL-SCRIPTS","HYPERON-EXPERIMENTAL-SCRIPTS",""
"","1","B2-BACKCHAIN.04","","Thu Nov 07 00:33:48 GMT 2024","passed","Thu Nov 07 00:33:48 GMT 2024","","HYPERON-EXPERIMENTAL-SCRIPTS","HYPERON-EXPERIMENTAL-SCRIPTS",""
"","1","ADD-REMOVE-MATCH-S-STRINGS.06","","Thu Nov 07 00:50:40 GMT 2024","passed","Thu Nov 07 00:50:40 GMT 2024","","SPACES","SPACES",""
"","1","HYPERPOSING-SHARED.05","","Thu Nov 07 01:55:24 GMT 2024","passed","Thu Nov 07 01:55:24 GMT 2024","","BASIC","BASIC",""
"","23","IMPLICATIONDIRECTINTRODUCTIONMATCHTEST.01","","Thu Nov 07 01:20:06 GMT 2024","passed","Thu Nov 07 01:20:06 GMT 2024","","MATCH","MATCH",""
"","2","KEY-LOOKUPS-MANY.09","","Thu Nov 07 01:55:24 GMT 2024","passed","Thu Nov 07 01:55:24 GMT 2024","","BASIC","BASIC",""
"","2","BC-XP.09","","Thu Nov 07 01:13:41 GMT 2024","passed","Thu Nov 07 01:13:41 GMT 2024","","BACKWARD-CHAINING","BACKWARD-CHAINING",""
"","2","MATCH-VOID.09","","Thu Nov 07 00:39:12 GMT 2024","passed","Thu Nov 07 00:39:12 GMT 2024","","METTA-MORPH-TESTS","METTA-MORPH-TESTS",""
"","73","TESTS1.01","","Thu Nov 07 01:33:40 GMT 2024","failed","Thu Nov 07 01:33:40 GMT 2024","","NARS-V0","NARS-V0",""
"","2","SPACE-INTERSECTION-TESTS.19","","Thu Nov 07 00:35:23 GMT 2024","passed","Thu Nov 07 00:35:23 GMT 2024","","HYPERON-METTALOG-SANITY","HYPERON-METTALOG-SANITY",""
"","3","HYPERPOSING-UNSHARED.01","","Thu Nov 07 01:55:24 GMT 2024","passed","Thu Nov 07 01:55:24 GMT 2024","","BASIC","BASIC",""
"","2","NATSTANDALONETEST.03","","Thu Nov 07 01:16:36 GMT 2024","passed","Thu Nov 07 01:16:36 GMT 2024","","HOL","HOL",""
"","3","C1-GROUNDED-BASIC.01","","Thu Nov 07 00:43:23 GMT 2024","passed","Thu Nov 07 00:43:23 GMT 2024","","QUICK","QUICK",""
"","2","ADD-REMOVE-MATCH-STRINGS.11","","Thu Nov 07 00:50:40 GMT 2024","passed","Thu Nov 07 00:50:40 GMT 2024","","SPACES","SPACES",""
"","2","NON-DETERMINISM.01","","Thu Nov 07 01:24:23 GMT 2024","passed","Thu Nov 07 01:24:23 GMT 2024","","EXPERIMENTS","EXPERIMENTS",""
"","2","TEST-IF-CLOSED.03","","Thu Nov 07 00:41:17 GMT 2024","passed","Thu Nov 07 00:41:17 GMT 2024","","ANTI-REGRESSION","ANTI-REGRESSION",""
"","4000","hyperon-experimental_scripts.a2_opencoggy","","Thu Nov 07 00:33:43 GMT 2024","passed","Thu Nov 07 00:33:47 GMT 2024","","WHOLE-TESTS","WHOLE-TESTS",""
"","45000","nars_v0.tests5","","Thu Nov 07 00:33:43 GMT 2024","failed","Thu Nov 07 00:34:28 GMT 2024","","WHOLE-TESTS","WHOLE-TESTS",""
"","2","SPACE-INTERSECTION-TESTS.05","","Thu Nov 07 00:35:23 GMT 2024","passed","Thu Nov 07 00:35:23 GMT 2024","","HYPERON-METTALOG-SANITY","HYPERON-METTALOG-SANITY",""
"","5000","graphml.graphml_test","","Thu Nov 07 00:33:43 GMT 2024","passed","Thu Nov 07 00:33:48 GMT 2024","","WHOLE-TESTS","WHOLE-TESTS",""
"","9","D2-HIGHERFUNC.20","","Thu Nov 07 00:43:23 GMT 2024","passed","Thu Nov 07 00:43:23 GMT 2024","","QUICK","QUICK",""
"","2","D2-HIGHERFUNC.06","","Thu Nov 07 00:33:48 GMT 2024","passed","Thu Nov 07 00:33:48 GMT 2024","","HYPERON-EXPERIMENTAL-SCRIPTS","HYPERON-EXPERIMENTAL-SCRIPTS",""
"","2","FORWARD-CHAINER-XP.06","","Thu Nov 07 01:16:20 GMT 2024","passed","Thu Nov 07 01:16:20 GMT 2024","","FORWARD-CHAINER","FORWARD-CHAINER",""
"","2","F1-IMPORTS.20","","Thu Nov 07 00:33:48 GMT 2024","passed","Thu Nov 07 00:33:48 GMT 2024","","HYPERON-EXPERIMENTAL-SCRIPTS","HYPERON-EXPERIMENTAL-SCRIPTS",""
"","4000","basic.pathfinding-easy","","Thu Nov 07 00:33:43 GMT 2024","passed","Thu Nov 07 00:33:47 GMT 2024","","WHOLE-TESTS","WHOLE-TESTS",""
"","2","F1-IMPORTS.06","","Thu Nov 07 00:33:48 GMT 2024","passed","Thu Nov 07 00:33:48 GMT 2024","","HYPERON-EXPERIMENTAL-SCRIPTS","HYPERON-EXPERIMENTAL-SCRIPTS",""
"","4000","hyperon-experimental_scripts.f1_moduleA","","Thu Nov 07 00:33:43 GMT 2024","passed","Thu Nov 07 00:33:47 GMT 2024","","WHOLE-TESTS","WHOLE-TESTS",""
"","2","INTERSECTION-TESTS.32","","Thu Nov 07 00:35:23 GMT 2024","passed","Thu Nov 07 00:35:23 GMT 2024","","HYPERON-METTALOG-SANITY","HYPERON-METTALOG-SANITY",""
"","2","INF-CTL-MONTH-XP.03","","Thu Nov 07 01:17:45 GMT 2024","passed","Thu Nov 07 01:17:45 GMT 2024","","INFERENCE-CONTROL","INFERENCE-CONTROL",""
"","2","ADD-REMOVE-MATCH-STRINGS.04","","Thu Nov 07 00:50:40 GMT 2024","passed","Thu Nov 07 00:50:40 GMT 2024","","SPACES","SPACES",""
"","1","SUBTRACTION-TEST.09","","Thu Nov 07 00:35:23 GMT 2024","passed","Thu Nov 07 00:35:23 GMT 2024","","HYPERON-METTALOG-SANITY","HYPERON-METTALOG-SANITY",""
"","5000","quick.d1_gadt","","Thu Nov 07 00:33:43 GMT 2024","passed","Thu Nov 07 00:33:48 GMT 2024","","WHOLE-TESTS","WHOLE-TESTS",""
"","40000","dependent-types.MinerDTL3Test","","Thu Nov 07 00:33:43 GMT 2024","failed","Thu Nov 07 00:34:23 GMT 2024","","WHOLE-TESTS","WHOLE-TESTS",""
"","2","TESTS5.04","","Thu Nov 07 00:43:52 GMT 2024","passed","Thu Nov 07 00:43:52 GMT 2024","","MAIN-BRANCH","MAIN-BRANCH",""
"","2","CHAPTER-1-1.11","","Thu Nov 07 00:52:57 GMT 2024","passed","Thu Nov 07 00:52:57 GMT 2024","","SICP-BOOK","SICP-BOOK",""
"","3","NESTED-PARAMETERS.01","","Thu Nov 07 00:39:12 GMT 2024","passed","Thu Nov 07 00:39:12 GMT 2024","","METTA-MORPH-TESTS","METTA-MORPH-TESTS",""
"","973","TRAINING.03","","Thu Nov 07 02:07:54 GMT 2024","passed","Thu Nov 07 02:07:54 GMT 2024","","LANGUAGE-MODELS","LANGUAGE-MODELS",""
"","5","OR-TEST.14","","Thu Nov 07 00:35:23 GMT 2024","passed","Thu Nov 07 00:35:23 GMT 2024","","HYPERON-METTALOG-SANITY","HYPERON-METTALOG-SANITY",""
"","112","TYPES-PRELIM.08","","Thu Nov 07 00:48:22 GMT 2024","failed","Thu Nov 07 00:48:22 GMT 2024","","CHAINING","CHAINING",""
"","1242","PLLM-PENNTREE.06","","Thu Nov 07 02:07:54 GMT 2024","passed","Thu Nov 07 02:07:55 GMT 2024","","LANGUAGE-MODELS","LANGUAGE-MODELS",""
"","31","INF-CTL-MONTH-XP.10","","Thu Nov 07 01:17:45 GMT 2024","failed","Thu Nov 07 01:17:45 GMT 2024","","INFERENCE-CONTROL","INFERENCE-CONTROL",""
"","2","INF-CTL-MONTH-XP-SHORT-3.11","","Thu Nov 07 02:01:42 GMT 2024","passed","Thu Nov 07 02:01:42 GMT 2024","","COMPARISONS","COMPARISONS",""
"","3","LISTTEST.01","","Thu Nov 07 01:16:36 GMT 2024","passed","Thu Nov 07 01:16:36 GMT 2024","","HOL","HOL",""
"","4000","metta-morph_tests.if","","Thu Nov 07 00:33:43 GMT 2024","passed","Thu Nov 07 00:33:47 GMT 2024","","WHOLE-TESTS","WHOLE-TESTS",""
"","510","NTE.02","","Thu Nov 07 00:59:36 GMT 2024","passed","Thu Nov 07 00:59:36 GMT 2024","","EDGES-TO-EDGES","EDGES-TO-EDGES",""
"","3","06-MATCH-IN-SPACE.03","","Thu Nov 07 00:35:23 GMT 2024","passed","Thu Nov 07 00:35:23 GMT 2024","","HYPERON-METTALOG-SANITY","HYPERON-METTALOG-SANITY",""
"","160","QUERIES.11","","Thu Nov 07 01:06:05 GMT 2024","failed","Thu Nov 07 01:06:05 GMT 2024","","STRIPS-TO-METTA-IMPROVED","STRIPS-TO-METTA-IMPROVED",""
"","1","00-LANG-CASE.15","","Thu Nov 07 00:35:23 GMT 2024","passed","Thu Nov 07 00:35:23 GMT 2024","","HYPERON-METTALOG-SANITY","HYPERON-METTALOG-SANITY",""
"","1142","RED-BLACK.01","","Thu Nov 07 01:05:09 GMT 2024","passed","Thu Nov 07 01:05:10 GMT 2024","","RED-BLACK-LAMBDA","RED-BLACK-LAMBDA",""
"","2","INTERSECTION-TESTS.09","","Thu Nov 07 00:35:23 GMT 2024","passed","Thu Nov 07 00:35:23 GMT 2024","","HYPERON-METTALOG-SANITY","HYPERON-METTALOG-SANITY",""
"","15","TEST-INFER-FUNCTION-APPLICATION-TYPE.09","","Thu Nov 07 01:55:24 GMT 2024","failed","Thu Nov 07 01:55:24 GMT 2024","","BASIC","BASIC",""
"","2","D4-TYPE-PROP.02","","Thu Nov 07 00:43:23 GMT 2024","passed","Thu Nov 07 00:43:23 GMT 2024","","QUICK","QUICK",""
"","2","B3-DIRECT.03","","Thu Nov 07 00:33:48 GMT 2024","passed","Thu Nov 07 00:33:48 GMT 2024","","HYPERON-EXPERIMENTAL-SCRIPTS","HYPERON-EXPERIMENTAL-SCRIPTS",""
"","3","D2-HIGHERFUNC.01","","Thu Nov 07 01:09:47 GMT 2024","passed","Thu Nov 07 01:09:47 GMT 2024","","CHECK-TYPES","CHECK-TYPES",""
"","2","TYPE-PROP.27","","Thu Nov 07 01:09:27 GMT 2024","passed","Thu Nov 07 01:09:27 GMT 2024","","CHECK-TYPES-TEMP","CHECK-TYPES-TEMP",""
"","3","V2-PLN-XP-EASY-IMPL.01","","Thu Nov 07 00:48:22 GMT 2024","passed","Thu Nov 07 00:48:22 GMT 2024","","CHAINING","CHAINING",""
"","3560","PROB-DEP-TYPES.15","","Thu Nov 07 01:01:34 GMT 2024","failed","Thu Nov 07 01:01:37 GMT 2024","","PROB-DEP-TYPES","PROB-DEP-TYPES",""
"","2","D4-TYPE-PROP.17","","Thu Nov 07 00:33:48 GMT 2024","passed","Thu Nov 07 00:33:48 GMT 2024","","HYPERON-EXPERIMENTAL-SCRIPTS","HYPERON-EXPERIMENTAL-SCRIPTS",""
"","4000","fizzbuzz.classical","","Thu Nov 07 00:33:43 GMT 2024","passed","Thu Nov 07 00:33:47 GMT 2024","","WHOLE-TESTS","WHOLE-TESTS",""
"","2","LISTTEST.19","","Thu Nov 07 01:13:50 GMT 2024","passed","Thu Nov 07 01:13:50 GMT 2024","","COMMON","COMMON",""
"","2","NAIVE-FIB.01","","Thu Nov 07 02:01:42 GMT 2024","passed","Thu Nov 07 02:01:42 GMT 2024","","COMPARISONS","COMPARISONS",""
"","309","PROB-DEP-TYPES.07","","Thu Nov 07 01:01:34 GMT 2024","failed","Thu Nov 07 01:01:34 GMT 2024","","PROB-DEP-TYPES","PROB-DEP-TYPES",""
"","58","B5-TYPES-PRELIM.02","","Thu Nov 07 01:09:27 GMT 2024","failed","Thu Nov 07 01:09:27 GMT 2024","","CHECK-TYPES-TEMP","CHECK-TYPES-TEMP",""
"","3","TYPE-PROP.38","","Thu Nov 07 01:09:27 GMT 2024","passed","Thu Nov 07 01:09:27 GMT 2024","","CHECK-TYPES-TEMP","CHECK-TYPES-TEMP",""
"","88","EXAM-SPACES.04","","Thu Nov 07 00:50:25 GMT 2024","passed","Thu Nov 07 00:50:25 GMT 2024","","INTROSPECT","INTROSPECT",""
"","42","IBC-XP.22","","Thu Nov 07 01:19:47 GMT 2024","failed","Thu Nov 07 01:19:47 GMT 2024","","ITERATIVE-CHAINING","ITERATIVE-CHAINING",""
"","5000","chaining.parent_go_1_comp","","Thu Nov 07 00:33:43 GMT 2024","passed","Thu Nov 07 00:33:48 GMT 2024","","WHOLE-TESTS","WHOLE-TESTS",""
"","2","ADD-REMOVE-MATCH-FLOAT.05","","Thu Nov 07 00:50:40 GMT 2024","passed","Thu Nov 07 00:50:40 GMT 2024","","SPACES","SPACES",""
"","5000","synth_buffer.synthesize","","Thu Nov 07 00:33:43 GMT 2024","passed","Thu Nov 07 00:33:48 GMT 2024","","WHOLE-TESTS","WHOLE-TESTS",""
"","2","ADD-REMOVE-MATCH-MIX-FLOAT-INTEGER.02","","Thu Nov 07 00:50:40 GMT 2024","passed","Thu Nov 07 00:50:40 GMT 2024","","SPACES","SPACES",""
"","2","BC-COMP.01","","Thu Nov 07 00:41:17 GMT 2024","passed","Thu Nov 07 00:41:17 GMT 2024","","ANTI-REGRESSION","ANTI-REGRESSION",""
"","2","UNIFY-VIA-LET.06","","Thu Nov 07 01:24:23 GMT 2024","passed","Thu Nov 07 01:24:23 GMT 2024","","EXPERIMENTS","EXPERIMENTS",""
"","40","BACKWARD-CHAINER-XP.06","","Thu Nov 07 01:13:36 GMT 2024","failed","Thu Nov 07 01:13:36 GMT 2024","","BACKWARD-CHAINER","BACKWARD-CHAINER",""
"","2","NATSTANDALONETEST.02","","Thu Nov 07 01:16:36 GMT 2024","passed","Thu Nov 07 01:16:36 GMT 2024","","HOL","HOL",""
"","47000","direct_comp.compiler_walkthru","","Thu Nov 07 00:33:43 GMT 2024","failed","Thu Nov 07 00:34:30 GMT 2024","","WHOLE-TESTS","WHOLE-TESTS",""
"","2","C2-SPACES.03","","Thu Nov 07 00:33:48 GMT 2024","passed","Thu Nov 07 00:33:48 GMT 2024","","HYPERON-EXPERIMENTAL-SCRIPTS","HYPERON-EXPERIMENTAL-SCRIPTS",""
"","2","TYPE-PROP.11","","Thu Nov 07 01:09:27 GMT 2024","passed","Thu Nov 07 01:09:27 GMT 2024","","CHECK-TYPES-TEMP","CHECK-TYPES-TEMP",""
"","2","DEFINE-IF-LIKE.02","","Thu Nov 07 01:45:24 GMT 2024","passed","Thu Nov 07 01:45:24 GMT 2024","","DIRECT-COMP","DIRECT-COMP",""
"","2","TYPES-PRELIM.10","","Thu Nov 07 00:48:22 GMT 2024","passed","Thu Nov 07 00:48:22 GMT 2024","","CHAINING","CHAINING",""
"","1","ADD-REMOVE-MATCH-S-SYMBOLS.05","","Thu Nov 07 00:50:40 GMT 2024","passed","Thu Nov 07 00:50:40 GMT 2024","","SPACES","SPACES",""
"","2","TYPE-PROP.62","","Thu Nov 07 01:09:27 GMT 2024","passed","Thu Nov 07 01:09:27 GMT 2024","","CHECK-TYPES-TEMP","CHECK-TYPES-TEMP",""
"","2","CHAPTER-1-1.16","","Thu Nov 07 00:52:57 GMT 2024","passed","Thu Nov 07 00:52:57 GMT 2024","","SICP-BOOK","SICP-BOOK",""
"","2","C1-GROUNDED-BASIC.21","","Thu Nov 07 00:33:48 GMT 2024","passed","Thu Nov 07 00:33:48 GMT 2024","","HYPERON-EXPERIMENTAL-SCRIPTS","HYPERON-EXPERIMENTAL-SCRIPTS",""
"","2","TYPE-PROP.48","","Thu Nov 07 01:09:27 GMT 2024","passed","Thu Nov 07 01:09:27 GMT 2024","","CHECK-TYPES-TEMP","CHECK-TYPES-TEMP",""
"","277","SYNTHESIZE-VIA-LET-TEST.03","","Thu Nov 07 01:24:23 GMT 2024","failed","Thu Nov 07 01:24:23 GMT 2024","","EXPERIMENTS","EXPERIMENTS",""
"","49","IMPLICATIONDIRECTINTRODUCTIONDTLTEST.01","","Thu Nov 07 01:12:29 GMT 2024","failed","Thu Nov 07 01:12:29 GMT 2024","","DEPENDENT-TYPES","DEPENDENT-TYPES",""
"","2","D1-GADT.06","","Thu Nov 07 00:33:48 GMT 2024","passed","Thu Nov 07 00:33:48 GMT 2024","","HYPERON-EXPERIMENTAL-SCRIPTS","HYPERON-EXPERIMENTAL-SCRIPTS",""
"","1","D1-GADT.14","","Thu Nov 07 00:43:23 GMT 2024","passed","Thu Nov 07 00:43:23 GMT 2024","","QUICK","QUICK",""
"","2","METTALOGTESTCURRIED2.04","","Thu Nov 07 01:46:51 GMT 2024","passed","Thu Nov 07 01:46:51 GMT 2024","","WALK-THRU","WALK-THRU",""
"","108","HYPERON-EXPERIMENTAL-ISSUE-492.01","","Thu Nov 07 01:50:06 GMT 2024","failed","Thu Nov 07 01:50:06 GMT 2024","","DEBUGGING","DEBUGGING",""
"","3","B5-TYPES-PRELIM.10","","Thu Nov 07 01:09:27 GMT 2024","passed","Thu Nov 07 01:09:27 GMT 2024","","CHECK-TYPES-TEMP","CHECK-TYPES-TEMP",""
"","46000","prev.tests1","","Thu Nov 07 00:33:43 GMT 2024","failed","Thu Nov 07 00:34:29 GMT 2024","","WHOLE-TESTS","WHOLE-TESTS",""
"","36000","dependent-types.ImplicationDirectIntroductionDTLTest","","Thu Nov 07 00:33:43 GMT 2024","passed","Thu Nov 07 00:34:19 GMT 2024","","WHOLE-TESTS","WHOLE-TESTS",""
"","2","C1-GROUNDED-BASIC.18","","Thu Nov 07 00:43:23 GMT 2024","passed","Thu Nov 07 00:43:23 GMT 2024","","QUICK","QUICK",""
"","2","UNIFY-VIA-LET.01","","Thu Nov 07 01:24:23 GMT 2024","passed","Thu Nov 07 01:24:23 GMT 2024","","EXPERIMENTS","EXPERIMENTS",""
"","3","D3-DEPTYPES.01","","Thu Nov 07 01:09:47 GMT 2024","passed","Thu Nov 07 01:09:47 GMT 2024","","CHECK-TYPES","CHECK-TYPES",""
"","2","CURRIED-CHAINER.02","","Thu Nov 07 01:14:28 GMT 2024","passed","Thu Nov 07 01:14:28 GMT 2024","","CURRIED-CHAINING","CURRIED-CHAINING",""
"","2","QUERIES.09","","Thu Nov 07 01:06:05 GMT 2024","passed","Thu Nov 07 01:06:05 GMT 2024","","STRIPS-TO-METTA-IMPROVED","STRIPS-TO-METTA-IMPROVED",""
"","16902","NARS-BUILDTUPLECOUNTS.02","","Thu Nov 07 01:32:24 GMT 2024","failed","Thu Nov 07 01:32:40 GMT 2024","","NARS-EXTRAS","NARS-EXTRAS",""
"","1","TESTS1-PRE.03","","Thu Nov 07 00:43:52 GMT 2024","passed","Thu Nov 07 00:43:52 GMT 2024","","MAIN-BRANCH","MAIN-BRANCH",""
"","2","D2-HIGHERFUNC.12","","Thu Nov 07 00:33:48 GMT 2024","passed","Thu Nov 07 00:33:48 GMT 2024","","HYPERON-EXPERIMENTAL-SCRIPTS","HYPERON-EXPERIMENTAL-SCRIPTS",""
"","2","LTE.03","","Thu Nov 07 00:51:23 GMT 2024","passed","Thu Nov 07 00:51:23 GMT 2024","","STD","STD",""
"","1","D1-GADT.07","","Thu Nov 07 00:33:48 GMT 2024","passed","Thu Nov 07 00:33:48 GMT 2024","","HYPERON-EXPERIMENTAL-SCRIPTS","HYPERON-EXPERIMENTAL-SCRIPTS",""
"","55","STDLIB-METTALOG-TEST-PT2.15","","Thu Nov 07 00:52:48 GMT 2024","failed","Thu Nov 07 00:52:48 GMT 2024","","STDLIB-METTALOG","STDLIB-METTALOG",""
"","2","DEFINE-IF-LIKE.03","","Thu Nov 07 01:45:24 GMT 2024","passed","Thu Nov 07 01:45:24 GMT 2024","","DIRECT-COMP","DIRECT-COMP",""
"","2","D4-TYPE-PROP.20","","Thu Nov 07 01:09:47 GMT 2024","passed","Thu Nov 07 01:09:47 GMT 2024","","CHECK-TYPES","CHECK-TYPES",""
"","2","C1-GROUNDED-BASIC.04","","Thu Nov 07 00:33:48 GMT 2024","passed","Thu Nov 07 00:33:48 GMT 2024","","HYPERON-EXPERIMENTAL-SCRIPTS","HYPERON-EXPERIMENTAL-SCRIPTS",""
"","4000","hyperon-experimental_scripts.c2_spaces","","Thu Nov 07 00:33:43 GMT 2024","passed","Thu Nov 07 00:33:47 GMT 2024","","WHOLE-TESTS","WHOLE-TESTS",""
"","1","HYPERPOSING-UNSHARED.04","","Thu Nov 07 01:55:24 GMT 2024","passed","Thu Nov 07 01:55:24 GMT 2024","","BASIC","BASIC",""
"","998","TRAINING-BI.01","","Thu Nov 07 02:07:54 GMT 2024","passed","Thu Nov 07 02:07:54 GMT 2024","","LANGUAGE-MODELS","LANGUAGE-MODELS",""
"","4000","match.MinerMatchTest","","Thu Nov 07 00:33:43 GMT 2024","passed","Thu Nov 07 00:33:47 GMT 2024","","WHOLE-TESTS","WHOLE-TESTS",""
"","3","D2-HIGHERFUNC.25","","Thu Nov 07 00:43:23 GMT 2024","passed","Thu Nov 07 00:43:23 GMT 2024","","QUICK","QUICK",""
"","43000","examples.expression","","Thu Nov 07 00:33:43 GMT 2024","failed","Thu Nov 07 00:34:26 GMT 2024","","WHOLE-TESTS","WHOLE-TESTS",""
"","2","00A-LANG-COMPILED-CASE.11","","Thu Nov 07 01:45:24 GMT 2024","passed","Thu Nov 07 01:45:24 GMT 2024","","DIRECT-COMP","DIRECT-COMP",""
"","2","V2-PLN-XP.04","","Thu Nov 07 00:48:22 GMT 2024","passed","Thu Nov 07 00:48:22 GMT 2024","","CHAINING","CHAINING",""
"","2","FORWARD-CHAINER-XP.15","","Thu Nov 07 01:16:20 GMT 2024","passed","Thu Nov 07 01:16:20 GMT 2024","","FORWARD-CHAINER","FORWARD-CHAINER",""
"","96","NUMTEST.07","","Thu Nov 07 01:13:50 GMT 2024","failed","Thu Nov 07 01:13:50 GMT 2024","","COMMON","COMMON",""
"","13","CHAPTER-2-4.21","","Thu Nov 07 00:52:57 GMT 2024","failed","Thu Nov 07 00:52:57 GMT 2024","","SICP-BOOK","SICP-BOOK",""
"","2","TEST-INFER-FUNCTION-APPLICATION-TYPE.01","","Thu Nov 07 01:55:24 GMT 2024","passed","Thu Nov 07 01:55:24 GMT 2024","","BASIC","BASIC",""
"","2","C1-GROUNDED-BASIC.06","","Thu Nov 07 00:33:48 GMT 2024","passed","Thu Nov 07 00:33:48 GMT 2024","","HYPERON-EXPERIMENTAL-SCRIPTS","HYPERON-EXPERIMENTAL-SCRIPTS",""
"","46000","language_models.weighted_pllm","","Thu Nov 07 00:33:43 GMT 2024","failed","Thu Nov 07 00:34:29 GMT 2024","","WHOLE-TESTS","WHOLE-TESTS",""
"","46000","prev.tests2","","Thu Nov 07 00:33:43 GMT 2024","failed","Thu Nov 07 00:34:29 GMT 2024","","WHOLE-TESTS","WHOLE-TESTS",""
"","2","SUBTRACTION-TEST.07","","Thu Nov 07 00:35:23 GMT 2024","passed","Thu Nov 07 00:35:23 GMT 2024","","HYPERON-METTALOG-SANITY","HYPERON-METTALOG-SANITY",""
"","2","D3-DEPTYPES.02","","Thu Nov 07 00:33:48 GMT 2024","passed","Thu Nov 07 00:33:48 GMT 2024","","HYPERON-EXPERIMENTAL-SCRIPTS","HYPERON-EXPERIMENTAL-SCRIPTS",""
"","2","TYPE-PROP.12","","Thu Nov 07 01:09:27 GMT 2024","passed","Thu Nov 07 01:09:27 GMT 2024","","CHECK-TYPES-TEMP","CHECK-TYPES-TEMP",""
"","2","D4-TYPE-PROP.19","","Thu Nov 07 00:43:23 GMT 2024","passed","Thu Nov 07 00:43:23 GMT 2024","","QUICK","QUICK",""
"","3","MULTIFUNCTION.01","","Thu Nov 07 00:39:12 GMT 2024","passed","Thu Nov 07 00:39:12 GMT 2024","","METTA-MORPH-TESTS","METTA-MORPH-TESTS",""
"","2","DEDUCTIONFORMULATEST.07","","Thu Nov 07 01:14:12 GMT 2024","passed","Thu Nov 07 01:14:12 GMT 2024","","FORMULA","FORMULA",""
"","2","IFC-XP.14","","Thu Nov 07 01:19:47 GMT 2024","passed","Thu Nov 07 01:19:47 GMT 2024","","ITERATIVE-CHAINING","ITERATIVE-CHAINING",""
"","2","FORWARD-CHAINER-XP.25","","Thu Nov 07 01:16:20 GMT 2024","passed","Thu Nov 07 01:16:20 GMT 2024","","FORWARD-CHAINER","FORWARD-CHAINER",""
"","2","A1-SYMBOLS.04","","Thu Nov 07 00:33:48 GMT 2024","passed","Thu Nov 07 00:33:48 GMT 2024","","HYPERON-EXPERIMENTAL-SCRIPTS","HYPERON-EXPERIMENTAL-SCRIPTS",""
"","2","BC-XP.04","","Thu Nov 07 01:13:41 GMT 2024","passed","Thu Nov 07 01:13:41 GMT 2024","","BACKWARD-CHAINING","BACKWARD-CHAINING",""
"","3","LTE.02","","Thu Nov 07 00:51:23 GMT 2024","passed","Thu Nov 07 00:51:23 GMT 2024","","STD","STD",""
"","139","SHOW-TYPE.10","","Thu Nov 07 00:50:25 GMT 2024","failed","Thu Nov 07 00:50:25 GMT 2024","","INTROSPECT","INTROSPECT",""
"","2","ADD-REMOVE-MATCH-MIX-FLOAT-INTEGER.03","","Thu Nov 07 00:50:40 GMT 2024","passed","Thu Nov 07 00:50:40 GMT 2024","","SPACES","SPACES",""
"","5","UNIQUE-TEST.12","","Thu Nov 07 00:35:23 GMT 2024","passed","Thu Nov 07 00:35:23 GMT 2024","","HYPERON-METTALOG-SANITY","HYPERON-METTALOG-SANITY",""
"","2","E2-STATES.06","","Thu Nov 07 00:33:48 GMT 2024","passed","Thu Nov 07 00:33:48 GMT 2024","","HYPERON-EXPERIMENTAL-SCRIPTS","HYPERON-EXPERIMENTAL-SCRIPTS",""
"","1","HYPERPOSING-UNSHARED.05","","Thu Nov 07 01:55:24 GMT 2024","passed","Thu Nov 07 01:55:24 GMT 2024","","BASIC","BASIC",""
"","2","F1-IMPORTS.03","","Thu Nov 07 00:43:23 GMT 2024","passed","Thu Nov 07 00:43:23 GMT 2024","","QUICK","QUICK",""
"","1","TESTS3.07","","Thu Nov 07 00:43:52 GMT 2024","passed","Thu Nov 07 00:43:52 GMT 2024","","MAIN-BRANCH","MAIN-BRANCH",""
"","3","ADD-REMOVE-MATCH-MIX-FLOAT-INTEGER.01","","Thu Nov 07 00:50:40 GMT 2024","passed","Thu Nov 07 00:50:40 GMT 2024","","SPACES","SPACES",""
"","148","NATSIMPLETEST.01","","Thu Nov 07 01:16:36 GMT 2024","failed","Thu Nov 07 01:16:36 GMT 2024","","HOL","HOL",""
"","2","STATE-TYPES.11","","Thu Nov 07 01:55:24 GMT 2024","passed","Thu Nov 07 01:55:24 GMT 2024","","BASIC","BASIC",""
"","2","C1-GROUNDED-BASIC.17","","Thu Nov 07 00:43:23 GMT 2024","passed","Thu Nov 07 00:43:23 GMT 2024","","QUICK","QUICK",""
"","40000","basic.fibo","","Thu Nov 07 00:33:43 GMT 2024","failed","Thu Nov 07 00:34:23 GMT 2024","","WHOLE-TESTS","WHOLE-TESTS",""
"","17","TEST-INFER-FUNCTION-APPLICATION-TYPE.02","","Thu Nov 07 01:55:24 GMT 2024","failed","Thu Nov 07 01:55:24 GMT 2024","","BASIC","BASIC",""
"","2","TREE.03","","Thu Nov 07 00:58:15 GMT 2024","passed","Thu Nov 07 00:58:15 GMT 2024","","COMBINATOR-CALCULI","COMBINATOR-CALCULI",""
"","1","TYPE-PROP.24","","Thu Nov 07 01:09:27 GMT 2024","passed","Thu Nov 07 01:09:27 GMT 2024","","CHECK-TYPES-TEMP","CHECK-TYPES-TEMP",""
"","6","C3-PLN-STV.02","","Thu Nov 07 00:33:48 GMT 2024","passed","Thu Nov 07 00:33:48 GMT 2024","","HYPERON-EXPERIMENTAL-SCRIPTS","HYPERON-EXPERIMENTAL-SCRIPTS",""
"","3","IFC-XP.38","","Thu Nov 07 01:19:47 GMT 2024","passed","Thu Nov 07 01:19:47 GMT 2024","","ITERATIVE-CHAINING","ITERATIVE-CHAINING",""
"","2","IMPLICATIONDIRECTINTRODUCTIONENTAILTEST.02","","Thu Nov 07 01:15:59 GMT 2024","passed","Thu Nov 07 01:15:59 GMT 2024","","ENTAIL","ENTAIL",""
"","2","TYPES-PRELIM.07","","Thu Nov 07 00:48:22 GMT 2024","passed","Thu Nov 07 00:48:22 GMT 2024","","CHAINING","CHAINING",""
"","2","ADD-REMOVE-MATCH-SS-STRINGS.04","","Thu Nov 07 00:50:40 GMT 2024","passed","Thu Nov 07 00:50:40 GMT 2024","","SPACES","SPACES",""
"","5","TRUTHVALUETEST.03","","Thu Nov 07 01:14:17 GMT 2024","passed","Thu Nov 07 01:14:17 GMT 2024","","TRUTHVALUE","TRUTHVALUE",""
"","3","TYPES-PRELIM.01","","Thu Nov 07 00:48:22 GMT 2024","passed","Thu Nov 07 00:48:22 GMT 2024","","CHAINING","CHAINING",""
"","2","SUPERCOLLAPSE.02","","Thu Nov 07 00:39:12 GMT 2024","passed","Thu Nov 07 00:39:12 GMT 2024","","METTA-MORPH-TESTS","METTA-MORPH-TESTS",""
"","1167","TESTS1.02","","Thu Nov 07 00:43:52 GMT 2024","failed","Thu Nov 07 00:43:53 GMT 2024","","MAIN-BRANCH","MAIN-BRANCH",""
"","2","B5-TYPES-PRELIM.20","","Thu Nov 07 00:33:48 GMT 2024","passed","Thu Nov 07 00:33:48 GMT 2024","","HYPERON-EXPERIMENTAL-SCRIPTS","HYPERON-EXPERIMENTAL-SCRIPTS",""
"","3","E2-STATES.01","","Thu Nov 07 01:09:47 GMT 2024","passed","Thu Nov 07 01:09:47 GMT 2024","","CHECK-TYPES","CHECK-TYPES",""
"","393","INF-CTL-XP.07","","Thu Nov 07 01:17:45 GMT 2024","passed","Thu Nov 07 01:17:45 GMT 2024","","INFERENCE-CONTROL","INFERENCE-CONTROL",""
"","4000","check_types-temp.soring-via-insert","","Thu Nov 07 00:33:43 GMT 2024","passed","Thu Nov 07 00:33:47 GMT 2024","","WHOLE-TESTS","WHOLE-TESTS",""
"","1","F1-MODULEA.09","","Thu Nov 07 00:33:48 GMT 2024","passed","Thu Nov 07 00:33:48 GMT 2024","","HYPERON-EXPERIMENTAL-SCRIPTS","HYPERON-EXPERIMENTAL-SCRIPTS",""
"","15","E3-MATCH-STATES.05","","Thu Nov 07 00:33:48 GMT 2024","failed","Thu Nov 07 00:33:48 GMT 2024","","HYPERON-EXPERIMENTAL-SCRIPTS","HYPERON-EXPERIMENTAL-SCRIPTS",""
"","4000","metta-morph_tests.superpose_nested","","Thu Nov 07 00:33:43 GMT 2024","passed","Thu Nov 07 00:33:47 GMT 2024","","WHOLE-TESTS","WHOLE-TESTS",""
"","2","MATCH-VOID.03","","Thu Nov 07 00:39:12 GMT 2024","passed","Thu Nov 07 00:39:12 GMT 2024","","METTA-MORPH-TESTS","METTA-MORPH-TESTS",""
"","4","IMPLICATIONDIRECTINTRODUCTIONENTAILTEST.01","","Thu Nov 07 01:15:59 GMT 2024","passed","Thu Nov 07 01:15:59 GMT 2024","","ENTAIL","ENTAIL",""
"","130","TESTS0.01","","Thu Nov 07 00:39:12 GMT 2024","passed","Thu Nov 07 00:39:12 GMT 2024","","METTA-MORPH-TESTS","METTA-MORPH-TESTS",""
"","2","SPACE-INTERSECTION-TESTS.04","","Thu Nov 07 00:35:23 GMT 2024","passed","Thu Nov 07 00:35:23 GMT 2024","","HYPERON-METTALOG-SANITY","HYPERON-METTALOG-SANITY",""
"","7000","chaining.pln-xp-local_v2","","Thu Nov 07 00:33:43 GMT 2024","passed","Thu Nov 07 00:33:50 GMT 2024","","WHOLE-TESTS","WHOLE-TESTS",""
"","506","PARENT-GO-1.01","","Thu Nov 07 00:48:22 GMT 2024","passed","Thu Nov 07 00:48:22 GMT 2024","","CHAINING","CHAINING",""
"","5","UNIQUE-TEST.14","","Thu Nov 07 00:35:23 GMT 2024","passed","Thu Nov 07 00:35:23 GMT 2024","","HYPERON-METTALOG-SANITY","HYPERON-METTALOG-SANITY",""
"","41","BACKWARD-CHAINER-XP.25","","Thu Nov 07 01:13:36 GMT 2024","failed","Thu Nov 07 01:13:36 GMT 2024","","BACKWARD-CHAINER","BACKWARD-CHAINER",""
"","4000","hyperon-mettalog_sanity.xor_test","","Thu Nov 07 00:33:43 GMT 2024","passed","Thu Nov 07 00:33:47 GMT 2024","","WHOLE-TESTS","WHOLE-TESTS",""
"","2","SEQUENTIAL-NESTED.06","","Thu Nov 07 00:39:12 GMT 2024","passed","Thu Nov 07 00:39:12 GMT 2024","","METTA-MORPH-TESTS","METTA-MORPH-TESTS",""
"","58","D2-HIGHERFUNC.07","","Thu Nov 07 01:09:47 GMT 2024","failed","Thu Nov 07 01:09:47 GMT 2024","","CHECK-TYPES","CHECK-TYPES",""
"","2","C2-SPACES.04","","Thu Nov 07 00:33:38 GMT 2024","passed","Thu Nov 07 00:33:38 GMT 2024","","MODULE-SYSTEM","MODULE-SYSTEM",""
"","26000","walk_thru.system_proofTestCurried","","Thu Nov 07 00:33:43 GMT 2024","passed","Thu Nov 07 00:34:09 GMT 2024","","WHOLE-TESTS","WHOLE-TESTS",""
"","1","INTERSECTION-TESTS.14","","Thu Nov 07 00:35:23 GMT 2024","passed","Thu Nov 07 00:35:23 GMT 2024","","HYPERON-METTALOG-SANITY","HYPERON-METTALOG-SANITY",""
"","2","BCHAIN-COMP.03","","Thu Nov 07 00:41:17 GMT 2024","passed","Thu Nov 07 00:41:17 GMT 2024","","ANTI-REGRESSION","ANTI-REGRESSION",""
"","2","B5-TYPES-PRELIM.09","","Thu Nov 07 00:33:48 GMT 2024","passed","Thu Nov 07 00:33:48 GMT 2024","","HYPERON-EXPERIMENTAL-SCRIPTS","HYPERON-EXPERIMENTAL-SCRIPTS",""
"","2","BACKWARD-CHAINER-XP.30","","Thu Nov 07 01:13:36 GMT 2024","passed","Thu Nov 07 01:13:36 GMT 2024","","BACKWARD-CHAINER","BACKWARD-CHAINER",""
"","17000","nondet_unify.run","","Thu Nov 07 00:33:43 GMT 2024","passed","Thu Nov 07 00:34:00 GMT 2024","","WHOLE-TESTS","WHOLE-TESTS",""
"","2","D1-GADT.12","","Thu Nov 07 01:09:47 GMT 2024","passed","Thu Nov 07 01:09:47 GMT 2024","","CHECK-TYPES","CHECK-TYPES",""
"","15","D3-DEPTYPES.04","","Thu Nov 07 01:09:47 GMT 2024","passed","Thu Nov 07 01:09:47 GMT 2024","","CHECK-TYPES","CHECK-TYPES",""
"","4000","spaces.add-remove-match-integer","","Thu Nov 07 00:33:43 GMT 2024","passed","Thu Nov 07 00:33:47 GMT 2024","","WHOLE-TESTS","WHOLE-TESTS",""
"","4","STDLIB-METTALOG-TEST-PT2.56","","Thu Nov 07 00:52:48 GMT 2024","passed","Thu Nov 07 00:52:48 GMT 2024","","STDLIB-METTALOG","STDLIB-METTALOG",""
"","2","CHAPTER-2-2.11","","Thu Nov 07 00:52:57 GMT 2024","passed","Thu Nov 07 00:52:57 GMT 2024","","SICP-BOOK","SICP-BOOK",""
"","43000","synth_buffer.time_synthesize","","Thu Nov 07 00:33:43 GMT 2024","failed","Thu Nov 07 00:34:26 GMT 2024","","WHOLE-TESTS","WHOLE-TESTS",""
"","2","CHAPTER-2-4.14","","Thu Nov 07 00:52:57 GMT 2024","passed","Thu Nov 07 00:52:57 GMT 2024","","SICP-BOOK","SICP-BOOK",""
"","1","CHAPTER-1-1.09","","Thu Nov 07 00:52:57 GMT 2024","passed","Thu Nov 07 00:52:57 GMT 2024","","SICP-BOOK","SICP-BOOK",""
"","1","TMPMATCH1.04","","Thu Nov 07 00:41:17 GMT 2024","passed","Thu Nov 07 00:41:17 GMT 2024","","ANTI-REGRESSION","ANTI-REGRESSION",""
"","2","D2-HIGHERFUNC.23","","Thu Nov 07 01:09:47 GMT 2024","passed","Thu Nov 07 01:09:47 GMT 2024","","CHECK-TYPES","CHECK-TYPES",""
"","3","ADD-REMOVE-MATCH-STRINGS.01","","Thu Nov 07 00:50:40 GMT 2024","passed","Thu Nov 07 00:50:40 GMT 2024","","SPACES","SPACES",""
"","1","TESTS2.06","","Thu Nov 07 00:43:52 GMT 2024","passed","Thu Nov 07 00:43:52 GMT 2024","","MAIN-BRANCH","MAIN-BRANCH",""
"","2","PREREQS.05","","Thu Nov 07 00:43:52 GMT 2024","passed","Thu Nov 07 00:43:52 GMT 2024","","MAIN-BRANCH","MAIN-BRANCH",""
"","2108","TESTS5.07","","Thu Nov 07 00:43:52 GMT 2024","failed","Thu Nov 07 00:43:54 GMT 2024","","MAIN-BRANCH","MAIN-BRANCH",""
"","3","IFC-XP.35","","Thu Nov 07 01:19:47 GMT 2024","passed","Thu Nov 07 01:19:47 GMT 2024","","ITERATIVE-CHAINING","ITERATIVE-CHAINING",""
"","2","TESTS3.05","","Thu Nov 07 00:43:52 GMT 2024","passed","Thu Nov 07 00:43:52 GMT 2024","","MAIN-BRANCH","MAIN-BRANCH",""
"","2","EVIDENTIALTRUTHVALUETEST.03","","Thu Nov 07 01:14:17 GMT 2024","passed","Thu Nov 07 01:14:17 GMT 2024","","TRUTHVALUE","TRUTHVALUE",""
"","5","HIGHER-ORDER-FUNCS.08","","Thu Nov 07 00:51:23 GMT 2024","passed","Thu Nov 07 00:51:23 GMT 2024","","STD","STD",""
"","1","D2-HIGHERFUNC.04","","Thu Nov 07 00:33:48 GMT 2024","passed","Thu Nov 07 00:33:48 GMT 2024","","HYPERON-EXPERIMENTAL-SCRIPTS","HYPERON-EXPERIMENTAL-SCRIPTS",""
"","2","INTERSECTION-TESTS.25","","Thu Nov 07 00:35:23 GMT 2024","passed","Thu Nov 07 00:35:23 GMT 2024","","HYPERON-METTALOG-SANITY","HYPERON-METTALOG-SANITY",""
"","2","AI-SERVICE-COMPOSITION-SANITY.07","","Thu Nov 07 01:06:59 GMT 2024","passed","Thu Nov 07 01:06:59 GMT 2024","","AI-SERVICE","AI-SERVICE",""
"","2","TMPMATCH2.01","","Thu Nov 07 00:41:17 GMT 2024","passed","Thu Nov 07 00:41:17 GMT 2024","","ANTI-REGRESSION","ANTI-REGRESSION",""
"","2","SYNTHESIZE-VIA-TYPE-CHECKING.10","","Thu Nov 07 01:24:23 GMT 2024","passed","Thu Nov 07 01:24:23 GMT 2024","","EXPERIMENTS","EXPERIMENTS",""
"","5","NATTEST.05","","Thu Nov 07 01:16:36 GMT 2024","passed","Thu Nov 07 01:16:36 GMT 2024","","HOL","HOL",""
"","2","DEBUG-METTALOGTESTCURRIED.08","","Thu Nov 07 01:46:51 GMT 2024","passed","Thu Nov 07 01:46:51 GMT 2024","","WALK-THRU","WALK-THRU",""
"","3","NUMTEST.09","","Thu Nov 07 01:13:50 GMT 2024","passed","Thu Nov 07 01:13:50 GMT 2024","","COMMON","COMMON",""
"","288","NATSIMPLETEST.03","","Thu Nov 07 01:16:36 GMT 2024","failed","Thu Nov 07 01:16:36 GMT 2024","","HOL","HOL",""
"","63","ADD-REMOVE-MATCH-INTEGER.28","","Thu Nov 07 00:50:40 GMT 2024","passed","Thu Nov 07 00:50:40 GMT 2024","","SPACES","SPACES",""
"","71","F1-IMPORTS.14","","Thu Nov 07 00:33:38 GMT 2024","passed","Thu Nov 07 00:33:38 GMT 2024","","MODULE-SYSTEM","MODULE-SYSTEM",""
"","2","IFC-XP.27","","Thu Nov 07 01:19:47 GMT 2024","passed","Thu Nov 07 01:19:47 GMT 2024","","ITERATIVE-CHAINING","ITERATIVE-CHAINING",""
"","2","LET-SUPERPOSE-IF-CASE.01","","Thu Nov 07 00:39:12 GMT 2024","passed","Thu Nov 07 00:39:12 GMT 2024","","METTA-MORPH-TESTS","METTA-MORPH-TESTS",""
"","5000","std.kb_write","","Thu Nov 07 00:33:43 GMT 2024","passed","Thu Nov 07 00:33:48 GMT 2024","","WHOLE-TESTS","WHOLE-TESTS",""
"","48","MODUSPONENSDTLTEST.01","","Thu Nov 07 01:12:29 GMT 2024","failed","Thu Nov 07 01:12:29 GMT 2024","","DEPENDENT-TYPES","DEPENDENT-TYPES",""
"","2","B5-TYPES-PRELIM.04","","Thu Nov 07 00:33:48 GMT 2024","passed","Thu Nov 07 00:33:48 GMT 2024","","HYPERON-EXPERIMENTAL-SCRIPTS","HYPERON-EXPERIMENTAL-SCRIPTS",""
"","2","LTE.04","","Thu Nov 07 00:51:23 GMT 2024","passed","Thu Nov 07 00:51:23 GMT 2024","","STD","STD",""
"","134","INF-ORDER-PROBS.02","","Thu Nov 07 01:01:34 GMT 2024","passed","Thu Nov 07 01:01:34 GMT 2024","","PROB-DEP-TYPES","PROB-DEP-TYPES",""
"","2","E2-STATES.03","","Thu Nov 07 00:33:48 GMT 2024","passed","Thu Nov 07 00:33:48 GMT 2024","","HYPERON-EXPERIMENTAL-SCRIPTS","HYPERON-EXPERIMENTAL-SCRIPTS",""
"","2","CURRIED-CHAINER.07","","Thu Nov 07 01:14:28 GMT 2024","passed","Thu Nov 07 01:14:28 GMT 2024","","CURRIED-CHAINING","CURRIED-CHAINING",""
"","2","ORIENTATION-TEST.02","","Thu Nov 07 01:23:31 GMT 2024","passed","Thu Nov 07 01:23:31 GMT 2024","","ORIENTATION","ORIENTATION",""
"","40000","dependent-types.DeductionImplicationDirectIntroductionDTLTest","","Thu Nov 07 00:33:43 GMT 2024","failed","Thu Nov 07 00:34:23 GMT 2024","","WHOLE-TESTS","WHOLE-TESTS",""
"","2","MATCH-VOID.01","","Thu Nov 07 00:39:12 GMT 2024","passed","Thu Nov 07 00:39:12 GMT 2024","","METTA-MORPH-TESTS","METTA-MORPH-TESTS",""
"","1","DEFINE-IF-LIKE.05","","Thu Nov 07 01:45:24 GMT 2024","passed","Thu Nov 07 01:45:24 GMT 2024","","DIRECT-COMP","DIRECT-COMP",""
"","2","ADD-REMOVE-MATCH-SS-STRINGS.10","","Thu Nov 07 00:50:40 GMT 2024","passed","Thu Nov 07 00:50:40 GMT 2024","","SPACES","SPACES",""
"","2","STDLIB-METTALOG-TEST-PT2.31","","Thu Nov 07 00:52:48 GMT 2024","passed","Thu Nov 07 00:52:48 GMT 2024","","STDLIB-METTALOG","STDLIB-METTALOG",""
"","2","D4-TYPE-PROP.11","","Thu Nov 07 00:33:48 GMT 2024","passed","Thu Nov 07 00:33:48 GMT 2024","","HYPERON-EXPERIMENTAL-SCRIPTS","HYPERON-EXPERIMENTAL-SCRIPTS",""
"","84","STATE-TYPES.08","","Thu Nov 07 01:55:24 GMT 2024","failed","Thu Nov 07 01:55:24 GMT 2024","","BASIC","BASIC",""
"","2","OR-TEST.19","","Thu Nov 07 00:35:23 GMT 2024","passed","Thu Nov 07 00:35:23 GMT 2024","","HYPERON-METTALOG-SANITY","HYPERON-METTALOG-SANITY",""
"","2","QUERIES.05","","Thu Nov 07 01:06:05 GMT 2024","passed","Thu Nov 07 01:06:05 GMT 2024","","STRIPS-TO-METTA-IMPROVED","STRIPS-TO-METTA-IMPROVED",""
"","5000","chaining.backward_chain","","Thu Nov 07 00:33:43 GMT 2024","passed","Thu Nov 07 00:33:48 GMT 2024","","WHOLE-TESTS","WHOLE-TESTS",""
"","2","UNIFY-VIA-LET.02","","Thu Nov 07 01:24:23 GMT 2024","passed","Thu Nov 07 01:24:23 GMT 2024","","EXPERIMENTS","EXPERIMENTS",""
"","2","IBC-XP.06","","Thu Nov 07 01:19:47 GMT 2024","passed","Thu Nov 07 01:19:47 GMT 2024","","ITERATIVE-CHAINING","ITERATIVE-CHAINING",""
"","6000","main-branch.minnars_Prev","","Thu Nov 07 00:33:43 GMT 2024","passed","Thu Nov 07 00:33:49 GMT 2024","","WHOLE-TESTS","WHOLE-TESTS",""
"","2","BCHAIN.02","","Thu Nov 07 01:46:51 GMT 2024","passed","Thu Nov 07 01:46:51 GMT 2024","","WALK-THRU","WALK-THRU",""
"","46","FORWARD-CHAINER-XP.05","","Thu Nov 07 01:16:20 GMT 2024","failed","Thu Nov 07 01:16:20 GMT 2024","","FORWARD-CHAINER","FORWARD-CHAINER",""
"","3","LISTTEST.10","","Thu Nov 07 01:13:50 GMT 2024","passed","Thu Nov 07 01:13:50 GMT 2024","","COMMON","COMMON",""
"","2","SYNTHESIZE-VIA-SUPERPOSE.03","","Thu Nov 07 01:24:23 GMT 2024","passed","Thu Nov 07 01:24:23 GMT 2024","","EXPERIMENTS","EXPERIMENTS",""
"","127","MODUSPONENSDTLTEST.04","","Thu Nov 07 01:12:29 GMT 2024","failed","Thu Nov 07 01:12:29 GMT 2024","","DEPENDENT-TYPES","DEPENDENT-TYPES",""
"","1","QUERIES.15","","Thu Nov 07 01:06:05 GMT 2024","passed","Thu Nov 07 01:06:05 GMT 2024","","STRIPS-TO-METTA-IMPROVED","STRIPS-TO-METTA-IMPROVED",""
"","4000","common.InTest","","Thu Nov 07 00:33:43 GMT 2024","passed","Thu Nov 07 00:33:47 GMT 2024","","WHOLE-TESTS","WHOLE-TESTS",""
"","2","IMPLICATIONDIRECTINTRODUCTIONDTLTEST.05","","Thu Nov 07 01:12:29 GMT 2024","passed","Thu Nov 07 01:12:29 GMT 2024","","DEPENDENT-TYPES","DEPENDENT-TYPES",""
"","2","AI-SERVICE-COMPOSITION-EASY.02","","Thu Nov 07 01:06:59 GMT 2024","passed","Thu Nov 07 01:06:59 GMT 2024","","AI-SERVICE","AI-SERVICE",""
"","2","D2-HIGHERFUNC.17","","Thu Nov 07 00:43:23 GMT 2024","passed","Thu Nov 07 00:43:23 GMT 2024","","QUICK","QUICK",""
"","2","PROB-DEP-TYPES.04","","Thu Nov 07 01:01:34 GMT 2024","passed","Thu Nov 07 01:01:34 GMT 2024","","PROB-DEP-TYPES","PROB-DEP-TYPES",""
"","52","D5-AUTO-TYPES.02","","Thu Nov 07 00:33:48 GMT 2024","failed","Thu Nov 07 00:33:48 GMT 2024","","HYPERON-EXPERIMENTAL-SCRIPTS","HYPERON-EXPERIMENTAL-SCRIPTS",""
"","2","HYPERPOSING-SHARED.04","","Thu Nov 07 01:55:24 GMT 2024","passed","Thu Nov 07 01:55:24 GMT 2024","","BASIC","BASIC",""
"","49","F1-IMPORTS.17","","Thu Nov 07 00:33:38 GMT 2024","passed","Thu Nov 07 00:33:38 GMT 2024","","MODULE-SYSTEM","MODULE-SYSTEM",""
"","3","V2-PLN-XP-SYS-IMPL.01","","Thu Nov 07 00:48:22 GMT 2024","passed","Thu Nov 07 00:48:22 GMT 2024","","CHAINING","CHAINING",""
"","2","HYPERPOSING-SHARED.06","","Thu Nov 07 01:55:24 GMT 2024","passed","Thu Nov 07 01:55:24 GMT 2024","","BASIC","BASIC",""
"","6","SEALED-TEST.01","","Thu Nov 07 00:35:23 GMT 2024","passed","Thu Nov 07 00:35:23 GMT 2024","","HYPERON-METTALOG-SANITY","HYPERON-METTALOG-SANITY",""
"","2","IBC-XP.01","","Thu Nov 07 01:19:47 GMT 2024","passed","Thu Nov 07 01:19:47 GMT 2024","","ITERATIVE-CHAINING","ITERATIVE-CHAINING",""
"","8","NARS-BUILDTUPLECOUNTS.01","","Thu Nov 07 01:32:24 GMT 2024","passed","Thu Nov 07 01:32:24 GMT 2024","","NARS-EXTRAS","NARS-EXTRAS",""
"","2","A2-OPENCOGGY.01","","Thu Nov 07 00:33:48 GMT 2024","passed","Thu Nov 07 00:33:48 GMT 2024","","HYPERON-EXPERIMENTAL-SCRIPTS","HYPERON-EXPERIMENTAL-SCRIPTS",""
"","45000","current.tests5","","Thu Nov 07 00:33:43 GMT 2024","failed","Thu Nov 07 00:34:28 GMT 2024","","WHOLE-TESTS","WHOLE-TESTS",""
"","2","SUBTRACTION-TEST.02","","Thu Nov 07 00:35:23 GMT 2024","passed","Thu Nov 07 00:35:23 GMT 2024","","HYPERON-METTALOG-SANITY","HYPERON-METTALOG-SANITY",""
"","2","CREATE-SERVER.01","","Thu Nov 07 01:51:12 GMT 2024","passed","Thu Nov 07 01:51:12 GMT 2024","","DISTRIBUTED-PROCESSING","DISTRIBUTED-PROCESSING",""
"","3","NUMTEST.01","","Thu Nov 07 01:13:50 GMT 2024","passed","Thu Nov 07 01:13:50 GMT 2024","","COMMON","COMMON",""
"","3","TESTS0.03","","Thu Nov 07 01:41:28 GMT 2024","passed","Thu Nov 07 01:41:28 GMT 2024","","PREV","PREV",""
"","188","BASIC.03","","Thu Nov 07 01:06:47 GMT 2024","passed","Thu Nov 07 01:06:47 GMT 2024","","TRAVERSER","TRAVERSER",""
"","1","IBC-XP.32","","Thu Nov 07 01:19:47 GMT 2024","passed","Thu Nov 07 01:19:47 GMT 2024","","ITERATIVE-CHAINING","ITERATIVE-CHAINING",""
"","1","NATPARITYTEST.13","","Thu Nov 07 01:16:36 GMT 2024","passed","Thu Nov 07 01:16:36 GMT 2024","","HOL","HOL",""
"","5000","experiments.synthesize-via-superpose","","Thu Nov 07 00:33:43 GMT 2024","passed","Thu Nov 07 00:33:48 GMT 2024","","WHOLE-TESTS","WHOLE-TESTS",""
"","2","D1-GADT.01","","Thu Nov 07 01:09:47 GMT 2024","passed","Thu Nov 07 01:09:47 GMT 2024","","CHECK-TYPES","CHECK-TYPES",""
"","2","ADD-REMOVE-MATCH-SYMBOLS.11","","Thu Nov 07 00:50:40 GMT 2024","passed","Thu Nov 07 00:50:40 GMT 2024","","SPACES","SPACES",""
"","2","C1-GROUNDED-BASIC.03","","Thu Nov 07 00:33:48 GMT 2024","passed","Thu Nov 07 00:33:48 GMT 2024","","HYPERON-EXPERIMENTAL-SCRIPTS","HYPERON-EXPERIMENTAL-SCRIPTS",""
"","1","HYPERPOSING.07","","Thu Nov 07 01:55:24 GMT 2024","passed","Thu Nov 07 01:55:24 GMT 2024","","BASIC","BASIC",""
"","9","D2-HIGHERFUNC.20","","Thu Nov 07 00:33:48 GMT 2024","passed","Thu Nov 07 00:33:48 GMT 2024","","HYPERON-EXPERIMENTAL-SCRIPTS","HYPERON-EXPERIMENTAL-SCRIPTS",""
"","18","UNIFYTEST.02","","Thu Nov 07 01:24:19 GMT 2024","failed","Thu Nov 07 01:24:19 GMT 2024","","SYNTHESIS","SYNTHESIS",""
"","3","PC-XP.13","","Thu Nov 07 01:22:32 GMT 2024","passed","Thu Nov 07 01:22:32 GMT 2024","","POLYWARD-CHAINING","POLYWARD-CHAINING",""
"","790","NATSIMPLETEST.05","","Thu Nov 07 01:16:36 GMT 2024","passed","Thu Nov 07 01:16:36 GMT 2024","","HOL","HOL",""
"","18","INF-CTL-MONTH-XP-SHORT-1.01","","Thu Nov 07 02:01:42 GMT 2024","failed","Thu Nov 07 02:01:42 GMT 2024","","COMPARISONS","COMPARISONS",""
"","46","DEDUCTIONIMPLICATIONDIRECTINTRODUCTIONDTLTEST.03","","Thu Nov 07 01:12:29 GMT 2024","failed","Thu Nov 07 01:12:29 GMT 2024","","DEPENDENT-TYPES","DEPENDENT-TYPES",""
"","2","B5-TYPES-PRELIM.12","","Thu Nov 07 01:09:27 GMT 2024","passed","Thu Nov 07 01:09:27 GMT 2024","","CHECK-TYPES-TEMP","CHECK-TYPES-TEMP",""
"","13","D1-GADT.04","","Thu Nov 07 00:33:48 GMT 2024","passed","Thu Nov 07 00:33:48 GMT 2024","","HYPERON-EXPERIMENTAL-SCRIPTS","HYPERON-EXPERIMENTAL-SCRIPTS",""
"","2","FORWARD-CHAINER-XP.22","","Thu Nov 07 01:16:20 GMT 2024","passed","Thu Nov 07 01:16:20 GMT 2024","","FORWARD-CHAINER","FORWARD-CHAINER",""
"","2","D1-GADT.10","","Thu Nov 07 00:43:23 GMT 2024","passed","Thu Nov 07 00:43:23 GMT 2024","","QUICK","QUICK",""
"","43000","inference-control.inf-ctl-month-bc-xp","","Thu Nov 07 00:33:43 GMT 2024","failed","Thu Nov 07 00:34:26 GMT 2024","","WHOLE-TESTS","WHOLE-TESTS",""
"","107","TYPE-PROP.75","","Thu Nov 07 01:09:27 GMT 2024","failed","Thu Nov 07 01:09:27 GMT 2024","","CHECK-TYPES-TEMP","CHECK-TYPES-TEMP",""
"","2","ADD-REMOVE-MATCH-INTEGER.17","","Thu Nov 07 00:50:40 GMT 2024","passed","Thu Nov 07 00:50:40 GMT 2024","","SPACES","SPACES",""
"","4000","graphml.graphml_csv_test","","Thu Nov 07 00:33:43 GMT 2024","passed","Thu Nov 07 00:33:47 GMT 2024","","WHOLE-TESTS","WHOLE-TESTS",""
"","5000","fizzbuzz.simple","","Thu Nov 07 00:33:43 GMT 2024","passed","Thu Nov 07 00:33:48 GMT 2024","","WHOLE-TESTS","WHOLE-TESTS",""
"","4000","transpiler.let_superpose_list","","Thu Nov 07 00:33:43 GMT 2024","passed","Thu Nov 07 00:33:47 GMT 2024","","WHOLE-TESTS","WHOLE-TESTS",""
"","2","NILS-IF-CONTROL-TEST-3.01","","Thu Nov 07 02:01:42 GMT 2024","passed","Thu Nov 07 02:01:42 GMT 2024","","COMPARISONS","COMPARISONS",""
"","3","CHAPTER-2-2.06","","Thu Nov 07 00:52:57 GMT 2024","passed","Thu Nov 07 00:52:57 GMT 2024","","SICP-BOOK","SICP-BOOK",""
"","3","IFC-XP.22","","Thu Nov 07 01:19:47 GMT 2024","passed","Thu Nov 07 01:19:47 GMT 2024","","ITERATIVE-CHAINING","ITERATIVE-CHAINING",""
"","156","SPACE-SUBTRACTION-TESTS.08","","Thu Nov 07 00:35:23 GMT 2024","passed","Thu Nov 07 00:35:23 GMT 2024","","HYPERON-METTALOG-SANITY","HYPERON-METTALOG-SANITY",""
"","2","CHAPTER-2-4.10","","Thu Nov 07 00:52:57 GMT 2024","passed","Thu Nov 07 00:52:57 GMT 2024","","SICP-BOOK","SICP-BOOK",""
"","5000","metta-morph_tests.types","","Thu Nov 07 00:33:43 GMT 2024","passed","Thu Nov 07 00:33:48 GMT 2024","","WHOLE-TESTS","WHOLE-TESTS",""
"","4","SHOW-TYPE.05","","Thu Nov 07 00:50:25 GMT 2024","passed","Thu Nov 07 00:50:25 GMT 2024","","INTROSPECT","INTROSPECT",""
"","119","ADD-REMOVE-MATCH-SS-SYMBOLS.14","","Thu Nov 07 00:50:40 GMT 2024","passed","Thu Nov 07 00:50:40 GMT 2024","","SPACES","SPACES",""
"","2","PEANO.01","","Thu Nov 07 01:46:25 GMT 2024","passed","Thu Nov 07 01:46:25 GMT 2024","","TRANSPILER","TRANSPILER",""
"","2","UNIFY-VIA-LET.04","","Thu Nov 07 01:24:23 GMT 2024","passed","Thu Nov 07 01:24:23 GMT 2024","","EXPERIMENTS","EXPERIMENTS",""
"","3","UNIQUE-TEST.10","","Thu Nov 07 00:35:23 GMT 2024","passed","Thu Nov 07 00:35:23 GMT 2024","","HYPERON-METTALOG-SANITY","HYPERON-METTALOG-SANITY",""
"","2","D2-HIGHERFUNC.06","","Thu Nov 07 01:09:47 GMT 2024","passed","Thu Nov 07 01:09:47 GMT 2024","","CHECK-TYPES","CHECK-TYPES",""
"","118","STDLIB-METTALOG-TEST-PT2.60","","Thu Nov 07 00:52:48 GMT 2024","failed","Thu Nov 07 00:52:48 GMT 2024","","STDLIB-METTALOG","STDLIB-METTALOG",""
"","251","SHOW-TYPE.16","","Thu Nov 07 00:50:25 GMT 2024","failed","Thu Nov 07 00:50:25 GMT 2024","","INTROSPECT","INTROSPECT",""
"","7","PLN-STV.03","","Thu Nov 07 00:48:22 GMT 2024","passed","Thu Nov 07 00:48:22 GMT 2024","","CHAINING","CHAINING",""
"","3","BCHAIN-COMP.04","","Thu Nov 07 00:41:17 GMT 2024","passed","Thu Nov 07 00:41:17 GMT 2024","","ANTI-REGRESSION","ANTI-REGRESSION",""
"","2","INTERSECTION-TESTS.04","","Thu Nov 07 00:35:23 GMT 2024","passed","Thu Nov 07 00:35:23 GMT 2024","","HYPERON-METTALOG-SANITY","HYPERON-METTALOG-SANITY",""
"","2","BACKWARD-CHAINER-XP.36","","Thu Nov 07 01:13:36 GMT 2024","passed","Thu Nov 07 01:13:36 GMT 2024","","BACKWARD-CHAINER","BACKWARD-CHAINER",""
"","2","IFC-XP.34","","Thu Nov 07 01:19:47 GMT 2024","passed","Thu Nov 07 01:19:47 GMT 2024","","ITERATIVE-CHAINING","ITERATIVE-CHAINING",""
"","45000","prev.tests3","","Thu Nov 07 00:33:43 GMT 2024","failed","Thu Nov 07 00:34:28 GMT 2024","","WHOLE-TESTS","WHOLE-TESTS",""
"","2","QUERIES.02","","Thu Nov 07 01:06:05 GMT 2024","passed","Thu Nov 07 01:06:05 GMT 2024","","STRIPS-TO-METTA-IMPROVED","STRIPS-TO-METTA-IMPROVED",""
"","2","TYPES-PRELIM.09","","Thu Nov 07 00:48:22 GMT 2024","passed","Thu Nov 07 00:48:22 GMT 2024","","CHAINING","CHAINING",""
"","2","AI-SERVICE-COMPOSITION-SANITY.06","","Thu Nov 07 01:06:59 GMT 2024","passed","Thu Nov 07 01:06:59 GMT 2024","","AI-SERVICE","AI-SERVICE",""
"","2","D2-HIGHERFUNC.02","","Thu Nov 07 00:43:23 GMT 2024","passed","Thu Nov 07 00:43:23 GMT 2024","","QUICK","QUICK",""
"","2","A1-SYMBOLS.02","","Thu Nov 07 00:33:48 GMT 2024","passed","Thu Nov 07 00:33:48 GMT 2024","","HYPERON-EXPERIMENTAL-SCRIPTS","HYPERON-EXPERIMENTAL-SCRIPTS",""
"","3","A1-SYMBOLS.01","","Thu Nov 07 00:33:48 GMT 2024","passed","Thu Nov 07 00:33:48 GMT 2024","","HYPERON-EXPERIMENTAL-SCRIPTS","HYPERON-EXPERIMENTAL-SCRIPTS",""
"","2","D1-GADT.12","","Thu Nov 07 00:33:48 GMT 2024","passed","Thu Nov 07 00:33:48 GMT 2024","","HYPERON-EXPERIMENTAL-SCRIPTS","HYPERON-EXPERIMENTAL-SCRIPTS",""
"","2","BACKWARD-CHAINER-XP.15","","Thu Nov 07 01:13:36 GMT 2024","passed","Thu Nov 07 01:13:36 GMT 2024","","BACKWARD-CHAINER","BACKWARD-CHAINER",""
"","96","INF-ORDER-PROBS.03","","Thu Nov 07 01:01:34 GMT 2024","failed","Thu Nov 07 01:01:34 GMT 2024","","PROB-DEP-TYPES","PROB-DEP-TYPES",""
"","2","B5-TYPES-PRELIM.13","","Thu Nov 07 01:09:27 GMT 2024","passed","Thu Nov 07 01:09:27 GMT 2024","","CHECK-TYPES-TEMP","CHECK-TYPES-TEMP",""
"","2","OR-TEST.06","","Thu Nov 07 00:35:23 GMT 2024","passed","Thu Nov 07 00:35:23 GMT 2024","","HYPERON-METTALOG-SANITY","HYPERON-METTALOG-SANITY",""
"","2","ADD-REMOVE-MATCH-SS-SYMBOLS.05","","Thu Nov 07 00:50:40 GMT 2024","passed","Thu Nov 07 00:50:40 GMT 2024","","SPACES","SPACES",""
"","1169","PLLM-PENNTREE.04","","Thu Nov 07 02:07:54 GMT 2024","passed","Thu Nov 07 02:07:55 GMT 2024","","LANGUAGE-MODELS","LANGUAGE-MODELS",""
"","80","STDLIB-METTALOG-TEST-PT2.38","","Thu Nov 07 00:52:48 GMT 2024","failed","Thu Nov 07 00:52:48 GMT 2024","","STDLIB-METTALOG","STDLIB-METTALOG",""
"","2","PC-XP.12","","Thu Nov 07 01:22:32 GMT 2024","passed","Thu Nov 07 01:22:32 GMT 2024","","POLYWARD-CHAINING","POLYWARD-CHAINING",""
"","2","STDLIB-METTALOG-TEST-PT2.61","","Thu Nov 07 00:52:48 GMT 2024","passed","Thu Nov 07 00:52:48 GMT 2024","","STDLIB-METTALOG","STDLIB-METTALOG",""
"","43000","language_models.training_terms","","Thu Nov 07 00:33:43 GMT 2024","failed","Thu Nov 07 00:34:26 GMT 2024","","WHOLE-TESTS","WHOLE-TESTS",""
"","1","D1-GADT.08","","Thu Nov 07 00:43:23 GMT 2024","passed","Thu Nov 07 00:43:23 GMT 2024","","QUICK","QUICK",""
"","1","D2-HIGHERFUNC.08","","Thu Nov 07 00:33:48 GMT 2024","passed","Thu Nov 07 00:33:48 GMT 2024","","HYPERON-EXPERIMENTAL-SCRIPTS","HYPERON-EXPERIMENTAL-SCRIPTS",""
"","2","E2-STATES.09","","Thu Nov 07 00:33:48 GMT 2024","passed","Thu Nov 07 00:33:48 GMT 2024","","HYPERON-EXPERIMENTAL-SCRIPTS","HYPERON-EXPERIMENTAL-SCRIPTS",""
"","2","IFC-XP.21","","Thu Nov 07 01:19:47 GMT 2024","passed","Thu Nov 07 01:19:47 GMT 2024","","ITERATIVE-CHAINING","ITERATIVE-CHAINING",""
"","4000","metta-morph_tests.types2","","Thu Nov 07 00:33:43 GMT 2024","passed","Thu Nov 07 00:33:47 GMT 2024","","WHOLE-TESTS","WHOLE-TESTS",""
"","124","ADD-ATOM-NAIVE-FIB.05","","Thu Nov 07 02:01:42 GMT 2024","failed","Thu Nov 07 02:01:42 GMT 2024","","COMPARISONS","COMPARISONS",""
"","219","INF-CTL-MONTH-XP-LONG.01","","Thu Nov 07 02:01:42 GMT 2024","failed","Thu Nov 07 02:01:42 GMT 2024","","COMPARISONS","COMPARISONS",""
"","61","STDLIB-METTALOG-TEST-PT2.74","","Thu Nov 07 00:52:48 GMT 2024","failed","Thu Nov 07 00:52:48 GMT 2024","","STDLIB-METTALOG","STDLIB-METTALOG",""
"","4","TYPE-PROP.35","","Thu Nov 07 01:09:27 GMT 2024","passed","Thu Nov 07 01:09:27 GMT 2024","","CHECK-TYPES-TEMP","CHECK-TYPES-TEMP",""
"","3","D4-TYPE-PROP.12","","Thu Nov 07 01:09:47 GMT 2024","passed","Thu Nov 07 01:09:47 GMT 2024","","CHECK-TYPES","CHECK-TYPES",""
"","2","D2-HIGHERFUNC.06","","Thu Nov 07 00:43:23 GMT 2024","passed","Thu Nov 07 00:43:23 GMT 2024","","QUICK","QUICK",""
"","2","B5-TYPES-PRELIM.26","","Thu Nov 07 01:09:27 GMT 2024","passed","Thu Nov 07 01:09:27 GMT 2024","","CHECK-TYPES-TEMP","CHECK-TYPES-TEMP",""
"","3","UNIFY-VIA-CASE.02","","Thu Nov 07 01:24:23 GMT 2024","passed","Thu Nov 07 01:24:23 GMT 2024","","EXPERIMENTS","EXPERIMENTS",""
"","3","BCHAIN-COMP.06","","Thu Nov 07 00:41:17 GMT 2024","passed","Thu Nov 07 00:41:17 GMT 2024","","ANTI-REGRESSION","ANTI-REGRESSION",""
"","90","ADD-REMOVE-MATCH-INTEGER.25","","Thu Nov 07 00:50:40 GMT 2024","passed","Thu Nov 07 00:50:40 GMT 2024","","SPACES","SPACES",""
"","1","INF-ORDER-PROBS.11","","Thu Nov 07 01:01:34 GMT 2024","passed","Thu Nov 07 01:01:34 GMT 2024","","PROB-DEP-TYPES","PROB-DEP-TYPES",""
"","53","C1-GROUNDED-BASIC.15","","Thu Nov 07 00:43:23 GMT 2024","failed","Thu Nov 07 00:43:23 GMT 2024","","QUICK","QUICK",""
"","4000","query.gene-query","","Thu Nov 07 00:33:43 GMT 2024","passed","Thu Nov 07 00:33:47 GMT 2024","","WHOLE-TESTS","WHOLE-TESTS",""
"","2","B5-TYPES-PRELIM.06","","Thu Nov 07 00:33:48 GMT 2024","passed","Thu Nov 07 00:33:48 GMT 2024","","HYPERON-EXPERIMENTAL-SCRIPTS","HYPERON-EXPERIMENTAL-SCRIPTS",""
"","2","CHAPTER-2-4.12","","Thu Nov 07 00:52:57 GMT 2024","passed","Thu Nov 07 00:52:57 GMT 2024","","SICP-BOOK","SICP-BOOK",""
"","2","D2-HIGHERFUNC.15","","Thu Nov 07 01:09:47 GMT 2024","passed","Thu Nov 07 01:09:47 GMT 2024","","CHECK-TYPES","CHECK-TYPES",""
"","2","C1-GROUNDED-BASIC.11","","Thu Nov 07 00:43:23 GMT 2024","passed","Thu Nov 07 00:43:23 GMT 2024","","QUICK","QUICK",""
"","4000","multidirectional.obif_clp","","Thu Nov 07 00:33:43 GMT 2024","passed","Thu Nov 07 00:33:47 GMT 2024","","WHOLE-TESTS","WHOLE-TESTS",""
"","1","00-LANG-CASE.02","","Thu Nov 07 00:35:23 GMT 2024","passed","Thu Nov 07 00:35:23 GMT 2024","","HYPERON-METTALOG-SANITY","HYPERON-METTALOG-SANITY",""
"","2","01-LANG-INC.02","","Thu Nov 07 00:35:23 GMT 2024","passed","Thu Nov 07 00:35:23 GMT 2024","","HYPERON-METTALOG-SANITY","HYPERON-METTALOG-SANITY",""
"","5000","dependent-types.MinerDTLTest","","Thu Nov 07 00:33:43 GMT 2024","passed","Thu Nov 07 00:33:48 GMT 2024","","WHOLE-TESTS","WHOLE-TESTS",""
"","2","AI-SERVICE-COMPOSITION-EASY.04","","Thu Nov 07 01:06:59 GMT 2024","passed","Thu Nov 07 01:06:59 GMT 2024","","AI-SERVICE","AI-SERVICE",""
"","2","FORWARD-CHAINER-XP.23","","Thu Nov 07 01:16:20 GMT 2024","passed","Thu Nov 07 01:16:20 GMT 2024","","FORWARD-CHAINER","FORWARD-CHAINER",""
"","7000","chaining.v2-pln-xp-sys-impl","","Thu Nov 07 00:33:43 GMT 2024","passed","Thu Nov 07 00:33:50 GMT 2024","","WHOLE-TESTS","WHOLE-TESTS",""
"","2","TEST-IF-CLOSED.05","","Thu Nov 07 01:46:51 GMT 2024","passed","Thu Nov 07 01:46:51 GMT 2024","","WALK-THRU","WALK-THRU",""
"","2","TESTS1-PRE.07","","Thu Nov 07 00:43:52 GMT 2024","passed","Thu Nov 07 00:43:52 GMT 2024","","MAIN-BRANCH","MAIN-BRANCH",""
"","5000","equal.DeductionEqualTest","","Thu Nov 07 00:33:43 GMT 2024","passed","Thu Nov 07 00:33:48 GMT 2024","","WHOLE-TESTS","WHOLE-TESTS",""
"","4000","prob-dep-types.inf_order_probs","","Thu Nov 07 00:33:43 GMT 2024","passed","Thu Nov 07 00:33:47 GMT 2024","","WHOLE-TESTS","WHOLE-TESTS",""
"","120","ADD-REMOVE-MATCH-S-SYMBOLS.14","","Thu Nov 07 00:50:40 GMT 2024","passed","Thu Nov 07 00:50:40 GMT 2024","","SPACES","SPACES",""
"","73","INF-CTL-MONTH-XP-SHORT-1.02","","Thu Nov 07 02:01:42 GMT 2024","failed","Thu Nov 07 02:01:42 GMT 2024","","COMPARISONS","COMPARISONS",""
"","3","B1-EQUAL-CHAIN.01","","Thu Nov 07 00:33:48 GMT 2024","passed","Thu Nov 07 00:33:48 GMT 2024","","HYPERON-EXPERIMENTAL-SCRIPTS","HYPERON-EXPERIMENTAL-SCRIPTS",""
"","5000","hyperon-experimental_scripts.e1_kb_write","","Thu Nov 07 00:33:43 GMT 2024","passed","Thu Nov 07 00:33:48 GMT 2024","","WHOLE-TESTS","WHOLE-TESTS",""
"","45000","bio-atomspace.pln-xp","","Thu Nov 07 00:33:43 GMT 2024","failed","Thu Nov 07 00:34:28 GMT 2024","","WHOLE-TESTS","WHOLE-TESTS",""
"","2","PROB-DEP-TYPES.06","","Thu Nov 07 01:01:34 GMT 2024","passed","Thu Nov 07 01:01:34 GMT 2024","","PROB-DEP-TYPES","PROB-DEP-TYPES",""
"","1082","TRAINING-BI.02","","Thu Nov 07 02:07:54 GMT 2024","passed","Thu Nov 07 02:07:55 GMT 2024","","LANGUAGE-MODELS","LANGUAGE-MODELS",""
"","1","BC-XP.03","","Thu Nov 07 00:48:22 GMT 2024","passed","Thu Nov 07 00:48:22 GMT 2024","","CHAINING","CHAINING",""
"","2","STRING-TESTS.12","","Thu Nov 07 00:35:23 GMT 2024","passed","Thu Nov 07 00:35:23 GMT 2024","","HYPERON-METTALOG-SANITY","HYPERON-METTALOG-SANITY",""
"","90","TYPE-PROP.82","","Thu Nov 07 01:09:27 GMT 2024","failed","Thu Nov 07 01:09:27 GMT 2024","","CHECK-TYPES-TEMP","CHECK-TYPES-TEMP",""
"","2","BCHAIN.04","","Thu Nov 07 00:41:17 GMT 2024","passed","Thu Nov 07 00:41:17 GMT 2024","","ANTI-REGRESSION","ANTI-REGRESSION",""
"","5000","std.gadt","","Thu Nov 07 00:33:43 GMT 2024","passed","Thu Nov 07 00:33:48 GMT 2024","","WHOLE-TESTS","WHOLE-TESTS",""
"","2","TESTS0.04","","Thu Nov 07 01:37:35 GMT 2024","passed","Thu Nov 07 01:37:35 GMT 2024","","NEW","NEW",""
"","97","C1-GROUNDED-BASIC.14","","Thu Nov 07 00:33:48 GMT 2024","failed","Thu Nov 07 00:33:48 GMT 2024","","HYPERON-EXPERIMENTAL-SCRIPTS","HYPERON-EXPERIMENTAL-SCRIPTS",""
"","6000","distributed-processing.use-one-server","","Thu Nov 07 00:33:43 GMT 2024","passed","Thu Nov 07 00:33:49 GMT 2024","","WHOLE-TESTS","WHOLE-TESTS",""
"","3","LETLET.01","","Thu Nov 07 01:46:25 GMT 2024","passed","Thu Nov 07 01:46:25 GMT 2024","","TRANSPILER","TRANSPILER",""
"","4000","metta-morph_tests.nested_parameters","","Thu Nov 07 00:33:43 GMT 2024","passed","Thu Nov 07 00:33:47 GMT 2024","","WHOLE-TESTS","WHOLE-TESTS",""
"","2","SPACE-SUBTRACTION-TESTS.01","","Thu Nov 07 00:35:23 GMT 2024","passed","Thu Nov 07 00:35:23 GMT 2024","","HYPERON-METTALOG-SANITY","HYPERON-METTALOG-SANITY",""
"","2","ADD-REMOVE-MATCH-MIX-FLOAT-INTEGER.20","","Thu Nov 07 00:50:40 GMT 2024","passed","Thu Nov 07 00:50:40 GMT 2024","","SPACES","SPACES",""
"","41","SUBTYPING-TEST.03","","Thu Nov 07 01:22:37 GMT 2024","passed","Thu Nov 07 01:22:37 GMT 2024","","SUBTYPING","SUBTYPING",""
"","15","D1-GADT.09","","Thu Nov 07 01:09:47 GMT 2024","passed","Thu Nov 07 01:09:47 GMT 2024","","CHECK-TYPES","CHECK-TYPES",""
"","3","STATES-SPACES.01","","Thu Nov 07 00:39:12 GMT 2024","passed","Thu Nov 07 00:39:12 GMT 2024","","METTA-MORPH-TESTS","METTA-MORPH-TESTS",""
"","24000","language_models.unweighted_pllm","","Thu Nov 07 00:33:43 GMT 2024","passed","Thu Nov 07 00:34:07 GMT 2024","","WHOLE-TESTS","WHOLE-TESTS",""
"","20","INF-CTL-MONTH-XP.08","","Thu Nov 07 01:17:45 GMT 2024","failed","Thu Nov 07 01:17:45 GMT 2024","","INFERENCE-CONTROL","INFERENCE-CONTROL",""
"","2","INF-CTL-MONTH-XP-SHORT-3.14","","Thu Nov 07 02:01:42 GMT 2024","passed","Thu Nov 07 02:01:42 GMT 2024","","COMPARISONS","COMPARISONS",""
"","2","BC-XP.29","","Thu Nov 07 01:13:41 GMT 2024","passed","Thu Nov 07 01:13:41 GMT 2024","","BACKWARD-CHAINING","BACKWARD-CHAINING",""
"","2","D4-TYPE-PROP.16","","Thu Nov 07 00:33:48 GMT 2024","passed","Thu Nov 07 00:33:48 GMT 2024","","HYPERON-EXPERIMENTAL-SCRIPTS","HYPERON-EXPERIMENTAL-SCRIPTS",""
"","142","SYNTHESIZE-VIA-UNIFY-TEST.10","","Thu Nov 07 01:24:23 GMT 2024","failed","Thu Nov 07 01:24:23 GMT 2024","","EXPERIMENTS","EXPERIMENTS",""
"","147","BASIC.10","","Thu Nov 07 01:06:47 GMT 2024","failed","Thu Nov 07 01:06:47 GMT 2024","","TRAVERSER","TRAVERSER",""
"","2","LTE.01","","Thu Nov 07 00:51:23 GMT 2024","passed","Thu Nov 07 00:51:23 GMT 2024","","STD","STD",""
"","3","STATE-TYPES.22","","Thu Nov 07 01:55:24 GMT 2024","passed","Thu Nov 07 01:55:24 GMT 2024","","BASIC","BASIC",""
"","3","IDENTITY.01","","Thu Nov 07 00:39:12 GMT 2024","passed","Thu Nov 07 00:39:12 GMT 2024","","METTA-MORPH-TESTS","METTA-MORPH-TESTS",""
"","105","ADD-REMOVE-MATCH-MIX-FLOAT-INTEGER.27","","Thu Nov 07 00:50:40 GMT 2024","failed","Thu Nov 07 00:50:40 GMT 2024","","SPACES","SPACES",""
"","2","FC-XP.12","","Thu Nov 07 01:16:31 GMT 2024","passed","Thu Nov 07 01:16:31 GMT 2024","","FORWARD-CHAINING","FORWARD-CHAINING",""
"","4000","metta-morph_tests.hyperpose","","Thu Nov 07 00:33:43 GMT 2024","passed","Thu Nov 07 00:33:47 GMT 2024","","WHOLE-TESTS","WHOLE-TESTS",""
"","1","ADD-REMOVE-MATCH-MIX-FLOAT-INTEGER.08","","Thu Nov 07 00:50:40 GMT 2024","passed","Thu Nov 07 00:50:40 GMT 2024","","SPACES","SPACES",""
"","40000","comparisons.fibo_Arg1i","","Thu Nov 07 00:33:43 GMT 2024","failed","Thu Nov 07 00:34:23 GMT 2024","","WHOLE-TESTS","WHOLE-TESTS",""
"","4000","comparisons.inf-ctl-month-xp-short_3","","Thu Nov 07 00:33:43 GMT 2024","passed","Thu Nov 07 00:33:47 GMT 2024","","WHOLE-TESTS","WHOLE-TESTS",""
"","1","ADD-REMOVE-MATCH-SS-STRINGS.12","","Thu Nov 07 00:50:40 GMT 2024","passed","Thu Nov 07 00:50:40 GMT 2024","","SPACES","SPACES",""
"","122","TRUTHVALUETEST.09","","Thu Nov 07 01:14:17 GMT 2024","passed","Thu Nov 07 01:14:17 GMT 2024","","TRUTHVALUE","TRUTHVALUE",""
"","22","INF-CTL-MONTH-XP.07","","Thu Nov 07 01:17:45 GMT 2024","failed","Thu Nov 07 01:17:45 GMT 2024","","INFERENCE-CONTROL","INFERENCE-CONTROL",""
"","2","NATPARITYTEST.10","","Thu Nov 07 01:16:36 GMT 2024","passed","Thu Nov 07 01:16:36 GMT 2024","","HOL","HOL",""
"","88","SHOW-TYPE.13","","Thu Nov 07 00:50:25 GMT 2024","failed","Thu Nov 07 00:50:25 GMT 2024","","INTROSPECT","INTROSPECT",""
"","2","CHAPTER-2-4.16","","Thu Nov 07 00:52:57 GMT 2024","passed","Thu Nov 07 00:52:57 GMT 2024","","SICP-BOOK","SICP-BOOK",""
"","1363","TESTS5.05","","Thu Nov 07 00:43:52 GMT 2024","failed","Thu Nov 07 00:43:53 GMT 2024","","MAIN-BRANCH","MAIN-BRANCH",""
"","3","ADD-ATOM-NAIVE-FIB.01","","Thu Nov 07 02:01:42 GMT 2024","passed","Thu Nov 07 02:01:42 GMT 2024","","COMPARISONS","COMPARISONS",""
"","2","IMPLICATIONDIRECTINTRODUCTIONENTAILTEST.05","","Thu Nov 07 01:15:59 GMT 2024","passed","Thu Nov 07 01:15:59 GMT 2024","","ENTAIL","ENTAIL",""
"","2","STRING-TESTS.15","","Thu Nov 07 00:35:23 GMT 2024","passed","Thu Nov 07 00:35:23 GMT 2024","","HYPERON-METTALOG-SANITY","HYPERON-METTALOG-SANITY",""
"","2","E2-STATES.02","","Thu Nov 07 00:33:48 GMT 2024","passed","Thu Nov 07 00:33:48 GMT 2024","","HYPERON-EXPERIMENTAL-SCRIPTS","HYPERON-EXPERIMENTAL-SCRIPTS",""
"","4000","std.higher_order_funcs","","Thu Nov 07 00:33:43 GMT 2024","passed","Thu Nov 07 00:33:47 GMT 2024","","WHOLE-TESTS","WHOLE-TESTS",""
"","1","D4-TYPE-PROP.12","","Thu Nov 07 00:43:23 GMT 2024","passed","Thu Nov 07 00:43:23 GMT 2024","","QUICK","QUICK",""
"","2","INF-CTL-MONTH-BC-CONT-XP.12","","Thu Nov 07 01:17:45 GMT 2024","passed","Thu Nov 07 01:17:45 GMT 2024","","INFERENCE-CONTROL","INFERENCE-CONTROL",""
"","286","TESTS0.07","","Thu Nov 07 01:28:35 GMT 2024","failed","Thu Nov 07 01:28:35 GMT 2024","","CURRENT","CURRENT",""
"","2","UNIFY-VIA-LET.03","","Thu Nov 07 01:24:23 GMT 2024","passed","Thu Nov 07 01:24:23 GMT 2024","","EXPERIMENTS","EXPERIMENTS",""
"","5000","hyperon-mettalog_sanity.string-tests","","Thu Nov 07 00:33:43 GMT 2024","passed","Thu Nov 07 00:33:48 GMT 2024","","WHOLE-TESTS","WHOLE-TESTS",""
"","2","BC-COMP.03","","Thu Nov 07 00:41:17 GMT 2024","passed","Thu Nov 07 00:41:17 GMT 2024","","ANTI-REGRESSION","ANTI-REGRESSION",""
"","1","CHAPTER-1-1.08","","Thu Nov 07 00:52:57 GMT 2024","passed","Thu Nov 07 00:52:57 GMT 2024","","SICP-BOOK","SICP-BOOK",""
"","6000","anti-regression.bc_comp","","Thu Nov 07 00:33:43 GMT 2024","passed","Thu Nov 07 00:33:49 GMT 2024","","WHOLE-TESTS","WHOLE-TESTS",""
"","3","AI-SERVICE-COMPOSITION-EASY.01","","Thu Nov 07 01:06:59 GMT 2024","passed","Thu Nov 07 01:06:59 GMT 2024","","AI-SERVICE","AI-SERVICE",""
"","10000","chaining.pln-xp","","Thu Nov 07 00:33:43 GMT 2024","passed","Thu Nov 07 00:33:53 GMT 2024","","WHOLE-TESTS","WHOLE-TESTS",""
"","2","ADD-REMOVE-MATCH-S-STRINGS.10","","Thu Nov 07 00:50:40 GMT 2024","passed","Thu Nov 07 00:50:40 GMT 2024","","SPACES","SPACES",""
"","4000","walk_thru.test_if_closed","","Thu Nov 07 00:33:43 GMT 2024","passed","Thu Nov 07 00:33:47 GMT 2024","","WHOLE-TESTS","WHOLE-TESTS",""
"","2","IFC-XP.12","","Thu Nov 07 01:19:47 GMT 2024","passed","Thu Nov 07 01:19:47 GMT 2024","","ITERATIVE-CHAINING","ITERATIVE-CHAINING",""
"","7000","hol.NatStandaloneTest","","Thu Nov 07 00:33:43 GMT 2024","passed","Thu Nov 07 00:33:50 GMT 2024","","WHOLE-TESTS","WHOLE-TESTS",""
"","1","ADD-REMOVE-MATCH-SS-SYMBOLS.06","","Thu Nov 07 00:50:40 GMT 2024","passed","Thu Nov 07 00:50:40 GMT 2024","","SPACES","SPACES",""
"","3","STDLIB-METTALOG-TEST-PT2.65","","Thu Nov 07 00:52:48 GMT 2024","passed","Thu Nov 07 00:52:48 GMT 2024","","STDLIB-METTALOG","STDLIB-METTALOG",""
"","2","B4-NONDETERM.06","","Thu Nov 07 00:33:48 GMT 2024","passed","Thu Nov 07 00:33:48 GMT 2024","","HYPERON-EXPERIMENTAL-SCRIPTS","HYPERON-EXPERIMENTAL-SCRIPTS",""
"","2","IFC-XP.23","","Thu Nov 07 01:19:47 GMT 2024","passed","Thu Nov 07 01:19:47 GMT 2024","","ITERATIVE-CHAINING","ITERATIVE-CHAINING",""
"","40000","main-branch.tests1","","Thu Nov 07 00:33:43 GMT 2024","failed","Thu Nov 07 00:34:23 GMT 2024","","WHOLE-TESTS","WHOLE-TESTS",""
"","3","CHAPTER-2-2.09","","Thu Nov 07 00:52:57 GMT 2024","passed","Thu Nov 07 00:52:57 GMT 2024","","SICP-BOOK","SICP-BOOK",""
"","14","D2-HIGHERFUNC.22","","Thu Nov 07 01:09:47 GMT 2024","passed","Thu Nov 07 01:09:47 GMT 2024","","CHECK-TYPES","CHECK-TYPES",""
"","3","E2-STATES.12","","Thu Nov 07 00:33:48 GMT 2024","passed","Thu Nov 07 00:33:48 GMT 2024","","HYPERON-EXPERIMENTAL-SCRIPTS","HYPERON-EXPERIMENTAL-SCRIPTS",""
"","4000","hyperon-mettalog_sanity.01_lang_inc","","Thu Nov 07 00:33:43 GMT 2024","passed","Thu Nov 07 00:33:47 GMT 2024","","WHOLE-TESTS","WHOLE-TESTS",""
"","5","SEALED-TEST.10","","Thu Nov 07 00:35:23 GMT 2024","passed","Thu Nov 07 00:35:23 GMT 2024","","HYPERON-METTALOG-SANITY","HYPERON-METTALOG-SANITY",""
"","4000","introspect.show-type","","Thu Nov 07 00:33:43 GMT 2024","passed","Thu Nov 07 00:33:47 GMT 2024","","WHOLE-TESTS","WHOLE-TESTS",""
"","5000","truthvalue.EvidentialTruthValueTest","","Thu Nov 07 00:33:43 GMT 2024","passed","Thu Nov 07 00:33:48 GMT 2024","","WHOLE-TESTS","WHOLE-TESTS",""
"","2","ADD-REMOVE-MATCH-SS-SYMBOLS.09","","Thu Nov 07 00:50:40 GMT 2024","passed","Thu Nov 07 00:50:40 GMT 2024","","SPACES","SPACES",""
"","2","ADD-REMOVE-MATCH-INTEGER.16","","Thu Nov 07 00:50:40 GMT 2024","passed","Thu Nov 07 00:50:40 GMT 2024","","SPACES","SPACES",""
"","2","TESTS1-PRE.01","","Thu Nov 07 00:43:52 GMT 2024","passed","Thu Nov 07 00:43:52 GMT 2024","","MAIN-BRANCH","MAIN-BRANCH",""
"","5000","hyperon-experimental_scripts.a3_twoside","","Thu Nov 07 00:33:43 GMT 2024","passed","Thu Nov 07 00:33:48 GMT 2024","","WHOLE-TESTS","WHOLE-TESTS",""
"","2","BC-XP.03","","Thu Nov 07 01:13:41 GMT 2024","passed","Thu Nov 07 01:13:41 GMT 2024","","BACKWARD-CHAINING","BACKWARD-CHAINING",""
"","10","TESTS1.01","","Thu Nov 07 01:41:28 GMT 2024","failed","Thu Nov 07 01:41:28 GMT 2024","","PREV","PREV",""
"","2","IMPL-METTALOGTESTCURRIED.06","","Thu Nov 07 01:46:51 GMT 2024","passed","Thu Nov 07 01:46:51 GMT 2024","","WALK-THRU","WALK-THRU",""
"","41000","stack-based.rewrites","","Thu Nov 07 00:33:43 GMT 2024","failed","Thu Nov 07 00:34:24 GMT 2024","","WHOLE-TESTS","WHOLE-TESTS",""
"","3","TMPMATCH1.01","","Thu Nov 07 00:41:17 GMT 2024","passed","Thu Nov 07 00:41:17 GMT 2024","","ANTI-REGRESSION","ANTI-REGRESSION",""
"","4000","entail.ImplicationDirectIntroductionEntailTest","","Thu Nov 07 00:33:43 GMT 2024","passed","Thu Nov 07 00:33:47 GMT 2024","","WHOLE-TESTS","WHOLE-TESTS",""
"","93","05-MATCH-SUPERPOSE-ELEMENT-LIKE-SPACE.03","","Thu Nov 07 01:50:02 GMT 2024","failed","Thu Nov 07 01:50:02 GMT 2024","","CONTAINERS-ARE-SPACES","CONTAINERS-ARE-SPACES",""
"","2","ADD-REMOVE-MATCH-S-SYMBOLS.02","","Thu Nov 07 00:50:40 GMT 2024","passed","Thu Nov 07 00:50:40 GMT 2024","","SPACES","SPACES",""
"","2","KEY-LOOKUPS-MANY.02","","Thu Nov 07 01:55:24 GMT 2024","passed","Thu Nov 07 01:55:24 GMT 2024","","BASIC","BASIC",""
"","12000","walk_thru.bc_impl","","Thu Nov 07 00:33:43 GMT 2024","passed","Thu Nov 07 00:33:55 GMT 2024","","WHOLE-TESTS","WHOLE-TESTS",""
"","4","INF-CTL-MONTH-BC-CONT-XP.27","","Thu Nov 07 01:17:45 GMT 2024","passed","Thu Nov 07 01:17:45 GMT 2024","","INFERENCE-CONTROL","INFERENCE-CONTROL",""
"","3","HYPERPOSING.04","","Thu Nov 07 01:55:24 GMT 2024","passed","Thu Nov 07 01:55:24 GMT 2024","","BASIC","BASIC",""
"","2","AI-SERVICE-COMPOSITION-SANITY.04","","Thu Nov 07 01:06:59 GMT 2024","passed","Thu Nov 07 01:06:59 GMT 2024","","AI-SERVICE","AI-SERVICE",""
"","234","NATTEST.06","","Thu Nov 07 01:16:36 GMT 2024","failed","Thu Nov 07 01:16:36 GMT 2024","","HOL","HOL",""
"","1203","SYNTHESIZE-VIA-CASE-TEST.06","","Thu Nov 07 01:24:23 GMT 2024","failed","Thu Nov 07 01:24:24 GMT 2024","","EXPERIMENTS","EXPERIMENTS",""
"","4000","walk_thru.bchain_comp","","Thu Nov 07 00:33:43 GMT 2024","passed","Thu Nov 07 00:33:47 GMT 2024","","WHOLE-TESTS","WHOLE-TESTS",""
"","2","TESTS0.04","","Thu Nov 07 01:33:40 GMT 2024","passed","Thu Nov 07 01:33:40 GMT 2024","","NARS-V0","NARS-V0",""
"","2","ADD-REMOVE-MATCH-FLOAT.12","","Thu Nov 07 00:50:40 GMT 2024","passed","Thu Nov 07 00:50:40 GMT 2024","","SPACES","SPACES",""
"","2","IBC-XP.08","","Thu Nov 07 01:19:47 GMT 2024","passed","Thu Nov 07 01:19:47 GMT 2024","","ITERATIVE-CHAINING","ITERATIVE-CHAINING",""
"","2","C1-GROUNDED-BASIC.10","","Thu Nov 07 00:33:48 GMT 2024","passed","Thu Nov 07 00:33:48 GMT 2024","","HYPERON-EXPERIMENTAL-SCRIPTS","HYPERON-EXPERIMENTAL-SCRIPTS",""
"","28","FACTORIAL.01","","Thu Nov 07 00:39:12 GMT 2024","passed","Thu Nov 07 00:39:12 GMT 2024","","METTA-MORPH-TESTS","METTA-MORPH-TESTS",""
"","2832","GENE-QUERY.02","","Thu Nov 07 01:09:20 GMT 2024","failed","Thu Nov 07 01:09:22 GMT 2024","","QUERY","QUERY",""
"","5000","truthvalue.TruthValueTest","","Thu Nov 07 00:33:43 GMT 2024","passed","Thu Nov 07 00:33:48 GMT 2024","","WHOLE-TESTS","WHOLE-TESTS",""
"","2","TYPE-PROP.07","","Thu Nov 07 01:09:27 GMT 2024","passed","Thu Nov 07 01:09:27 GMT 2024","","CHECK-TYPES-TEMP","CHECK-TYPES-TEMP",""
"","1","FORWARD-CHAINER-XP.16","","Thu Nov 07 01:16:20 GMT 2024","passed","Thu Nov 07 01:16:20 GMT 2024","","FORWARD-CHAINER","FORWARD-CHAINER",""
"","44","IMPLICATIONDIRECTINTRODUCTIONDTLTEST.15","","Thu Nov 07 01:12:29 GMT 2024","failed","Thu Nov 07 01:12:29 GMT 2024","","DEPENDENT-TYPES","DEPENDENT-TYPES",""
"","2","IBC-XP.04","","Thu Nov 07 01:19:47 GMT 2024","passed","Thu Nov 07 01:19:47 GMT 2024","","ITERATIVE-CHAINING","ITERATIVE-CHAINING",""
"","2","INTERSECTION-TESTS.07","","Thu Nov 07 00:35:23 GMT 2024","passed","Thu Nov 07 00:35:23 GMT 2024","","HYPERON-METTALOG-SANITY","HYPERON-METTALOG-SANITY",""
"","131","TESTS0.05","","Thu Nov 07 00:43:52 GMT 2024","passed","Thu Nov 07 00:43:52 GMT 2024","","MAIN-BRANCH","MAIN-BRANCH",""
"","2","FC-XP.23","","Thu Nov 07 01:16:31 GMT 2024","passed","Thu Nov 07 01:16:31 GMT 2024","","FORWARD-CHAINING","FORWARD-CHAINING",""
"","2","F1-IMPORTS.13","","Thu Nov 07 00:33:38 GMT 2024","passed","Thu Nov 07 00:33:38 GMT 2024","","MODULE-SYSTEM","MODULE-SYSTEM",""
"","2","PLN-STV.02","","Thu Nov 07 00:48:22 GMT 2024","passed","Thu Nov 07 00:48:22 GMT 2024","","CHAINING","CHAINING",""
"","3","HIGHER-ORDER-FUNCS.01","","Thu Nov 07 00:51:23 GMT 2024","passed","Thu Nov 07 00:51:23 GMT 2024","","STD","STD",""
"","3","D2-HIGHERFUNC.25","","Thu Nov 07 01:09:47 GMT 2024","passed","Thu Nov 07 01:09:47 GMT 2024","","CHECK-TYPES","CHECK-TYPES",""
"","5000","metta_to_amr.instances","","Thu Nov 07 00:33:43 GMT 2024","passed","Thu Nov 07 00:33:48 GMT 2024","","WHOLE-TESTS","WHOLE-TESTS",""
"","4000","check_types.d2_higherfunc","","Thu Nov 07 00:33:43 GMT 2024","passed","Thu Nov 07 00:33:47 GMT 2024","","WHOLE-TESTS","WHOLE-TESTS",""
"","2","CHAPTER-2-4.15","","Thu Nov 07 00:52:57 GMT 2024","passed","Thu Nov 07 00:52:57 GMT 2024","","SICP-BOOK","SICP-BOOK",""
"","3","SUBTYPING-TEST.01","","Thu Nov 07 01:22:37 GMT 2024","passed","Thu Nov 07 01:22:37 GMT 2024","","SUBTYPING","SUBTYPING",""
"","30","SUBTYPING-TEST.02","","Thu Nov 07 01:22:37 GMT 2024","failed","Thu Nov 07 01:22:37 GMT 2024","","SUBTYPING","SUBTYPING",""
"","2","D3-DEPTYPES.06","","Thu Nov 07 00:33:48 GMT 2024","passed","Thu Nov 07 00:33:48 GMT 2024","","HYPERON-EXPERIMENTAL-SCRIPTS","HYPERON-EXPERIMENTAL-SCRIPTS",""
"","4000","basic.hyperposing-shared","","Thu Nov 07 00:33:43 GMT 2024","passed","Thu Nov 07 00:33:47 GMT 2024","","WHOLE-TESTS","WHOLE-TESTS",""
"","2","MAYBETEST.02","","Thu Nov 07 01:13:50 GMT 2024","passed","Thu Nov 07 01:13:50 GMT 2024","","COMMON","COMMON",""
"","1","CHAPTER-1-1.20","","Thu Nov 07 00:52:57 GMT 2024","passed","Thu Nov 07 00:52:57 GMT 2024","","SICP-BOOK","SICP-BOOK",""
"","2","INF-CTL-MONTH-BC-XP.01","","Thu Nov 07 01:17:45 GMT 2024","passed","Thu Nov 07 01:17:45 GMT 2024","","INFERENCE-CONTROL","INFERENCE-CONTROL",""
"","3","LETLET.01","","Thu Nov 07 00:39:12 GMT 2024","passed","Thu Nov 07 00:39:12 GMT 2024","","METTA-MORPH-TESTS","METTA-MORPH-TESTS",""
"","74","C1-GROUNDED-BASIC.19","","Thu Nov 07 00:43:23 GMT 2024","passed","Thu Nov 07 00:43:23 GMT 2024","","QUICK","QUICK",""
"","789","INF-ORDER-PROBS.07","","Thu Nov 07 01:01:34 GMT 2024","passed","Thu Nov 07 01:01:34 GMT 2024","","PROB-DEP-TYPES","PROB-DEP-TYPES",""
"","14","CHAPTER-2-4.18","","Thu Nov 07 00:52:57 GMT 2024","failed","Thu Nov 07 00:52:57 GMT 2024","","SICP-BOOK","SICP-BOOK",""
"","2","A1-SYMBOLS.07","","Thu Nov 07 00:33:48 GMT 2024","passed","Thu Nov 07 00:33:48 GMT 2024","","HYPERON-EXPERIMENTAL-SCRIPTS","HYPERON-EXPERIMENTAL-SCRIPTS",""
"","2","ADD-REMOVE-MATCH-SS-SYMBOLS.04","","Thu Nov 07 00:50:40 GMT 2024","passed","Thu Nov 07 00:50:40 GMT 2024","","SPACES","SPACES",""
"","2","TYPE-PROP.21","","Thu Nov 07 01:09:27 GMT 2024","passed","Thu Nov 07 01:09:27 GMT 2024","","CHECK-TYPES-TEMP","CHECK-TYPES-TEMP",""
"","1","D1-GADT.14","","Thu Nov 07 01:09:47 GMT 2024","passed","Thu Nov 07 01:09:47 GMT 2024","","CHECK-TYPES","CHECK-TYPES",""
"","19","BC-XP.16","","Thu Nov 07 01:13:41 GMT 2024","passed","Thu Nov 07 01:13:41 GMT 2024","","BACKWARD-CHAINING","BACKWARD-CHAINING",""
"","2","D1-GADT.06","","Thu Nov 07 00:43:23 GMT 2024","passed","Thu Nov 07 00:43:23 GMT 2024","","QUICK","QUICK",""
"","3","LET-SUPERPOSE-IF-CASE.01","","Thu Nov 07 01:46:25 GMT 2024","passed","Thu Nov 07 01:46:25 GMT 2024","","TRANSPILER","TRANSPILER",""
"","4000","hyperon-mettalog_sanity.first_answer","","Thu Nov 07 00:33:43 GMT 2024","passed","Thu Nov 07 00:33:47 GMT 2024","","WHOLE-TESTS","WHOLE-TESTS",""
"","2","STRING-TESTS.04","","Thu Nov 07 00:35:23 GMT 2024","passed","Thu Nov 07 00:35:23 GMT 2024","","HYPERON-METTALOG-SANITY","HYPERON-METTALOG-SANITY",""
"","40000","ai-service.ai-service-composition-hard","","Thu Nov 07 00:33:43 GMT 2024","failed","Thu Nov 07 00:34:23 GMT 2024","","WHOLE-TESTS","WHOLE-TESTS",""
"","2","BC-COMP.02","","Thu Nov 07 01:46:51 GMT 2024","passed","Thu Nov 07 01:46:51 GMT 2024","","WALK-THRU","WALK-THRU",""
"","2","INF-CTL-MONTH-BC-CONT-XP.24","","Thu Nov 07 01:17:45 GMT 2024","passed","Thu Nov 07 01:17:45 GMT 2024","","INFERENCE-CONTROL","INFERENCE-CONTROL",""
"","5000","edges-to-edges.nte","","Thu Nov 07 00:33:43 GMT 2024","passed","Thu Nov 07 00:33:48 GMT 2024","","WHOLE-TESTS","WHOLE-TESTS",""
"","2","B5-TYPES-PRELIM.20","","Thu Nov 07 01:09:27 GMT 2024","passed","Thu Nov 07 01:09:27 GMT 2024","","CHECK-TYPES-TEMP","CHECK-TYPES-TEMP",""
"","3","ADD-ATOM-NAIVE-FIB.08","","Thu Nov 07 02:01:42 GMT 2024","passed","Thu Nov 07 02:01:42 GMT 2024","","COMPARISONS","COMPARISONS",""
"","2","BACKWARD-CHAINER-XP.14","","Thu Nov 07 01:13:36 GMT 2024","passed","Thu Nov 07 01:13:36 GMT 2024","","BACKWARD-CHAINER","BACKWARD-CHAINER",""
"","2","F1-IMPORTS.02","","Thu Nov 07 00:33:38 GMT 2024","passed","Thu Nov 07 00:33:38 GMT 2024","","MODULE-SYSTEM","MODULE-SYSTEM",""
"","1200","TESTS2.05","","Thu Nov 07 00:43:52 GMT 2024","failed","Thu Nov 07 00:43:53 GMT 2024","","MAIN-BRANCH","MAIN-BRANCH",""
"","2","C1-GROUNDED-BASIC.09","","Thu Nov 07 00:43:23 GMT 2024","passed","Thu Nov 07 00:43:23 GMT 2024","","QUICK","QUICK",""
"","2","BC-XP.15","","Thu Nov 07 01:13:41 GMT 2024","passed","Thu Nov 07 01:13:41 GMT 2024","","BACKWARD-CHAINING","BACKWARD-CHAINING",""
"","1","HIGHER-ORDER-FUNCS.07","","Thu Nov 07 00:51:23 GMT 2024","passed","Thu Nov 07 00:51:23 GMT 2024","","STD","STD",""
"","3","SHOW-TYPE.01","","Thu Nov 07 00:50:25 GMT 2024","passed","Thu Nov 07 00:50:25 GMT 2024","","INTROSPECT","INTROSPECT",""
"","2","TYPES-PRELIM.18","","Thu Nov 07 00:48:22 GMT 2024","passed","Thu Nov 07 00:48:22 GMT 2024","","CHAINING","CHAINING",""
"","2","B0-CHAINING-PRELIM.03","","Thu Nov 07 00:33:48 GMT 2024","passed","Thu Nov 07 00:33:48 GMT 2024","","HYPERON-EXPERIMENTAL-SCRIPTS","HYPERON-EXPERIMENTAL-SCRIPTS",""
"","2","STDLIB-METTALOG-TEST-PT2.55","","Thu Nov 07 00:52:48 GMT 2024","passed","Thu Nov 07 00:52:48 GMT 2024","","STDLIB-METTALOG","STDLIB-METTALOG",""
"","2","INF-CTL-MONTH-BC-CONT-XP.10","","Thu Nov 07 01:17:45 GMT 2024","passed","Thu Nov 07 01:17:45 GMT 2024","","INFERENCE-CONTROL","INFERENCE-CONTROL",""
"","6000","chaining.v2-pln-xp-easy-impl","","Thu Nov 07 00:33:43 GMT 2024","passed","Thu Nov 07 00:33:49 GMT 2024","","WHOLE-TESTS","WHOLE-TESTS",""
"","175","IFC-XP.25","","Thu Nov 07 01:19:47 GMT 2024","failed","Thu Nov 07 01:19:47 GMT 2024","","ITERATIVE-CHAINING","ITERATIVE-CHAINING",""
"","209","SYNTHESIZE-VIA-UNIFY-TEST.05","","Thu Nov 07 01:24:23 GMT 2024","failed","Thu Nov 07 01:24:23 GMT 2024","","EXPERIMENTS","EXPERIMENTS",""
"","59","IMPL-METTALOGTESTCURRIED.07","","Thu Nov 07 01:46:51 GMT 2024","passed","Thu Nov 07 01:46:51 GMT 2024","","WALK-THRU","WALK-THRU",""
"","3","05-MATCH-SUPERPOSE-ELEMENT-LIKE-SPACE.04","","Thu Nov 07 01:50:02 GMT 2024","passed","Thu Nov 07 01:50:02 GMT 2024","","CONTAINERS-ARE-SPACES","CONTAINERS-ARE-SPACES",""
"","2","SPACE-SUBTRACTION-TESTS.02","","Thu Nov 07 00:35:23 GMT 2024","passed","Thu Nov 07 00:35:23 GMT 2024","","HYPERON-METTALOG-SANITY","HYPERON-METTALOG-SANITY",""
"","2","XOR-TEST.10","","Thu Nov 07 00:35:23 GMT 2024","passed","Thu Nov 07 00:35:23 GMT 2024","","HYPERON-METTALOG-SANITY","HYPERON-METTALOG-SANITY",""
"","1","CHAPTER-1-1.13","","Thu Nov 07 00:52:57 GMT 2024","passed","Thu Nov 07 00:52:57 GMT 2024","","SICP-BOOK","SICP-BOOK",""
"","2","D4-TYPE-PROP.02","","Thu Nov 07 01:09:47 GMT 2024","passed","Thu Nov 07 01:09:47 GMT 2024","","CHECK-TYPES","CHECK-TYPES",""
"","3","D4-TYPE-PROP.01","","Thu Nov 07 00:33:48 GMT 2024","passed","Thu Nov 07 00:33:48 GMT 2024","","HYPERON-EXPERIMENTAL-SCRIPTS","HYPERON-EXPERIMENTAL-SCRIPTS",""
"","109","SPACE-INTERSECTION-TESTS.17","","Thu Nov 07 00:35:23 GMT 2024","failed","Thu Nov 07 00:35:23 GMT 2024","","HYPERON-METTALOG-SANITY","HYPERON-METTALOG-SANITY",""
"","2","HYPERPOSE.08","","Thu Nov 07 00:39:12 GMT 2024","passed","Thu Nov 07 00:39:12 GMT 2024","","METTA-MORPH-TESTS","METTA-MORPH-TESTS",""
"","2","INTERSECTION-TESTS.15","","Thu Nov 07 00:35:23 GMT 2024","passed","Thu Nov 07 00:35:23 GMT 2024","","HYPERON-METTALOG-SANITY","HYPERON-METTALOG-SANITY",""
"","54","B5-TYPES-PRELIM.15","","Thu Nov 07 00:33:48 GMT 2024","failed","Thu Nov 07 00:33:48 GMT 2024","","HYPERON-EXPERIMENTAL-SCRIPTS","HYPERON-EXPERIMENTAL-SCRIPTS",""
"","2","BACKWARD-CHAINER-XP.21","","Thu Nov 07 01:13:36 GMT 2024","passed","Thu Nov 07 01:13:36 GMT 2024","","BACKWARD-CHAINER","BACKWARD-CHAINER",""
"","2","F1-IMPORTS.16","","Thu Nov 07 00:43:23 GMT 2024","passed","Thu Nov 07 00:43:23 GMT 2024","","QUICK","QUICK",""
"","65","DEBUG-METTALOGTESTCURRIED.09","","Thu Nov 07 01:46:51 GMT 2024","passed","Thu Nov 07 01:46:51 GMT 2024","","WALK-THRU","WALK-THRU",""
"","101","STDLIB-METTALOG-TEST-PT2.59","","Thu Nov 07 00:52:48 GMT 2024","failed","Thu Nov 07 00:52:48 GMT 2024","","STDLIB-METTALOG","STDLIB-METTALOG",""
"","145","NATTEST.01","","Thu Nov 07 01:16:36 GMT 2024","failed","Thu Nov 07 01:16:36 GMT 2024","","HOL","HOL",""
"","2","B5-TYPES-PRELIM.03","","Thu Nov 07 01:09:27 GMT 2024","passed","Thu Nov 07 01:09:27 GMT 2024","","CHECK-TYPES-TEMP","CHECK-TYPES-TEMP",""
"","1","NATPARITYTEST.11","","Thu Nov 07 01:16:36 GMT 2024","passed","Thu Nov 07 01:16:36 GMT 2024","","HOL","HOL",""
"","5000","transpiler.peano","","Thu Nov 07 00:33:43 GMT 2024","passed","Thu Nov 07 00:33:48 GMT 2024","","WHOLE-TESTS","WHOLE-TESTS",""
"","3","FC-XP.06","","Thu Nov 07 01:16:31 GMT 2024","passed","Thu Nov 07 01:16:31 GMT 2024","","FORWARD-CHAINING","FORWARD-CHAINING",""
"","3","B2-BACKCHAIN.01","","Thu Nov 07 00:33:48 GMT 2024","passed","Thu Nov 07 00:33:48 GMT 2024","","HYPERON-EXPERIMENTAL-SCRIPTS","HYPERON-EXPERIMENTAL-SCRIPTS",""
"","5","ADD-REMOVE-MATCH-INTEGER.30","","Thu Nov 07 00:50:40 GMT 2024","passed","Thu Nov 07 00:50:40 GMT 2024","","SPACES","SPACES",""
"","7000","typed-variables.enforced-types","","Thu Nov 07 00:33:43 GMT 2024","passed","Thu Nov 07 00:33:50 GMT 2024","","WHOLE-TESTS","WHOLE-TESTS",""
"","92","ADD-REMOVE-MATCH-INTEGER.38","","Thu Nov 07 00:50:40 GMT 2024","passed","Thu Nov 07 00:50:40 GMT 2024","","SPACES","SPACES",""
"","34","IFC-XP.36","","Thu Nov 07 01:19:47 GMT 2024","failed","Thu Nov 07 01:19:47 GMT 2024","","ITERATIVE-CHAINING","ITERATIVE-CHAINING",""
"","6","PREREQS.09","","Thu Nov 07 00:43:52 GMT 2024","passed","Thu Nov 07 00:43:52 GMT 2024","","MAIN-BRANCH","MAIN-BRANCH",""
"","5","SEALED-TEST.08","","Thu Nov 07 00:35:23 GMT 2024","passed","Thu Nov 07 00:35:23 GMT 2024","","HYPERON-METTALOG-SANITY","HYPERON-METTALOG-SANITY",""
"","2","GROUNDED-BASIC.02","","Thu Nov 07 00:51:23 GMT 2024","passed","Thu Nov 07 00:51:23 GMT 2024","","STD","STD",""
"","2","BC-XP.24","","Thu Nov 07 01:13:41 GMT 2024","passed","Thu Nov 07 01:13:41 GMT 2024","","BACKWARD-CHAINING","BACKWARD-CHAINING",""
"","2","NILS-IF-CONTROL-TEST-3.02","","Thu Nov 07 02:01:42 GMT 2024","passed","Thu Nov 07 02:01:42 GMT 2024","","COMPARISONS","COMPARISONS",""
"","426","SYNTHESIZE-VIA-CASE-TEST.08","","Thu Nov 07 01:24:23 GMT 2024","failed","Thu Nov 07 01:24:23 GMT 2024","","EXPERIMENTS","EXPERIMENTS",""
"","483","TESTS0.08","","Thu Nov 07 01:28:35 GMT 2024","failed","Thu Nov 07 01:28:35 GMT 2024","","CURRENT","CURRENT",""
"","2","B1-EQUAL-CHAIN.04","","Thu Nov 07 00:33:48 GMT 2024","passed","Thu Nov 07 00:33:48 GMT 2024","","HYPERON-EXPERIMENTAL-SCRIPTS","HYPERON-EXPERIMENTAL-SCRIPTS",""
"","4000","anti-regression.tmpMatch2","","Thu Nov 07 00:33:43 GMT 2024","passed","Thu Nov 07 00:33:47 GMT 2024","","WHOLE-TESTS","WHOLE-TESTS",""
"","5","GENE-PLN-XP.03","","Thu Nov 07 01:09:15 GMT 2024","passed","Thu Nov 07 01:09:15 GMT 2024","","PLN","PLN",""
"","2","TYPES2.03","","Thu Nov 07 00:39:12 GMT 2024","passed","Thu Nov 07 00:39:12 GMT 2024","","METTA-MORPH-TESTS","METTA-MORPH-TESTS",""
"","34","DEDUCTIONIMPLICATIONDIRECTINTRODUCTIONMATCHTEST.01","","Thu Nov 07 01:20:06 GMT 2024","passed","Thu Nov 07 01:20:06 GMT 2024","","MATCH","MATCH",""
"","3","LET-SUPERPOSE-LIST.01","","Thu Nov 07 00:39:12 GMT 2024","passed","Thu Nov 07 00:39:12 GMT 2024","","METTA-MORPH-TESTS","METTA-MORPH-TESTS",""
"","2","ADD-REMOVE-MATCH-S-STRINGS.05","","Thu Nov 07 00:50:40 GMT 2024","passed","Thu Nov 07 00:50:40 GMT 2024","","SPACES","SPACES",""
"","111","USE-TWO-SERVERS.02","","Thu Nov 07 01:51:12 GMT 2024","failed","Thu Nov 07 01:51:12 GMT 2024","","DISTRIBUTED-PROCESSING","DISTRIBUTED-PROCESSING",""
"","1","D2-HIGHERFUNC.13","","Thu Nov 07 00:33:48 GMT 2024","passed","Thu Nov 07 00:33:48 GMT 2024","","HYPERON-EXPERIMENTAL-SCRIPTS","HYPERON-EXPERIMENTAL-SCRIPTS",""
"","119","SYNTHESIZE-VIA-UNIFY-TEST-LONGER.01","","Thu Nov 07 01:24:23 GMT 2024","passed","Thu Nov 07 01:24:23 GMT 2024","","EXPERIMENTS","EXPERIMENTS",""
"","3","MODUSPONENSDTLTEST.02","","Thu Nov 07 01:12:29 GMT 2024","passed","Thu Nov 07 01:12:29 GMT 2024","","DEPENDENT-TYPES","DEPENDENT-TYPES",""
"","1","E2-STATES.09","","Thu Nov 07 01:09:47 GMT 2024","passed","Thu Nov 07 01:09:47 GMT 2024","","CHECK-TYPES","CHECK-TYPES",""
"","2","QUERIES.07","","Thu Nov 07 01:06:05 GMT 2024","passed","Thu Nov 07 01:06:05 GMT 2024","","STRIPS-TO-METTA-IMPROVED","STRIPS-TO-METTA-IMPROVED",""
"","2","KEY-LOOKUPS-MANY.13","","Thu Nov 07 01:55:24 GMT 2024","passed","Thu Nov 07 01:55:24 GMT 2024","","BASIC","BASIC",""
"","2","CHAINING-PRELIM.03","","Thu Nov 07 00:48:22 GMT 2024","passed","Thu Nov 07 00:48:22 GMT 2024","","CHAINING","CHAINING",""
"","650","TESTS0.07","","Thu Nov 07 01:41:28 GMT 2024","passed","Thu Nov 07 01:41:28 GMT 2024","","PREV","PREV",""
"","2","TESTS1.05","","Thu Nov 07 00:43:52 GMT 2024","passed","Thu Nov 07 00:43:52 GMT 2024","","MAIN-BRANCH","MAIN-BRANCH",""
"","14","D1-GADT.05","","Thu Nov 07 00:43:23 GMT 2024","passed","Thu Nov 07 00:43:23 GMT 2024","","QUICK","QUICK",""
"","2","TYPE-PROP.15","","Thu Nov 07 01:09:27 GMT 2024","passed","Thu Nov 07 01:09:27 GMT 2024","","CHECK-TYPES-TEMP","CHECK-TYPES-TEMP",""
"","3","IMPLICATIONDIRECTINTRODUCTIONDTLTEST.10","","Thu Nov 07 01:12:29 GMT 2024","passed","Thu Nov 07 01:12:29 GMT 2024","","DEPENDENT-TYPES","DEPENDENT-TYPES",""
"","1","TYPE-PROP.68","","Thu Nov 07 01:09:27 GMT 2024","passed","Thu Nov 07 01:09:27 GMT 2024","","CHECK-TYPES-TEMP","CHECK-TYPES-TEMP",""
"","4000","hyperon-mettalog_sanity.first_answer_long","","Thu Nov 07 00:33:43 GMT 2024","passed","Thu Nov 07 00:33:47 GMT 2024","","WHOLE-TESTS","WHOLE-TESTS",""
"","2","D4-TYPE-PROP.05","","Thu Nov 07 00:43:23 GMT 2024","passed","Thu Nov 07 00:43:23 GMT 2024","","QUICK","QUICK",""
"","355","BASIC.05","","Thu Nov 07 01:06:47 GMT 2024","passed","Thu Nov 07 01:06:47 GMT 2024","","TRAVERSER","TRAVERSER",""
"","3","SYNTHESIZE-VIA-TYPE-CHECKING.02","","Thu Nov 07 01:24:23 GMT 2024","passed","Thu Nov 07 01:24:23 GMT 2024","","EXPERIMENTS","EXPERIMENTS",""
"","2","SUPERCOLLAPSE.08","","Thu Nov 07 00:39:12 GMT 2024","passed","Thu Nov 07 00:39:12 GMT 2024","","METTA-MORPH-TESTS","METTA-MORPH-TESTS",""
"","5","INF-CTL-XP.03","","Thu Nov 07 01:17:45 GMT 2024","passed","Thu Nov 07 01:17:45 GMT 2024","","INFERENCE-CONTROL","INFERENCE-CONTROL",""
"","75","ADD-REMOVE-MATCH-STRINGS.09","","Thu Nov 07 00:50:40 GMT 2024","failed","Thu Nov 07 00:50:40 GMT 2024","","SPACES","SPACES",""
"","3","COLLAPSE.01","","Thu Nov 07 00:39:12 GMT 2024","passed","Thu Nov 07 00:39:12 GMT 2024","","METTA-MORPH-TESTS","METTA-MORPH-TESTS",""
"","3","UTILS-TEST.02","","Thu Nov 07 01:13:32 GMT 2024","passed","Thu Nov 07 01:13:32 GMT 2024","","UTILS","UTILS",""
"","2","FC-XP.07","","Thu Nov 07 01:16:31 GMT 2024","passed","Thu Nov 07 01:16:31 GMT 2024","","FORWARD-CHAINING","FORWARD-CHAINING",""
"","242","NATSIMPLETEST.02","","Thu Nov 07 01:16:36 GMT 2024","failed","Thu Nov 07 01:16:36 GMT 2024","","HOL","HOL",""
"","2","D4-TYPE-PROP.08","","Thu Nov 07 00:33:48 GMT 2024","passed","Thu Nov 07 00:33:48 GMT 2024","","HYPERON-EXPERIMENTAL-SCRIPTS","HYPERON-EXPERIMENTAL-SCRIPTS",""
"","5000","check_types.d1_gadt","","Thu Nov 07 00:33:43 GMT 2024","passed","Thu Nov 07 00:33:48 GMT 2024","","WHOLE-TESTS","WHOLE-TESTS",""
"","1","ADD-REMOVE-MATCH-S-STRINGS.12","","Thu Nov 07 00:50:40 GMT 2024","passed","Thu Nov 07 00:50:40 GMT 2024","","SPACES","SPACES",""
"","2","APPEND-USING-EQUALITY.05","","Thu Nov 07 01:53:05 GMT 2024","passed","Thu Nov 07 01:53:05 GMT 2024","","MULTIDIRECTIONAL","MULTIDIRECTIONAL",""
"","2","BACKWARD-CHAINER-XP.08","","Thu Nov 07 01:13:36 GMT 2024","passed","Thu Nov 07 01:13:36 GMT 2024","","BACKWARD-CHAINER","BACKWARD-CHAINER",""
"","2","F1-IMPORTS.11","","Thu Nov 07 00:43:23 GMT 2024","passed","Thu Nov 07 00:43:23 GMT 2024","","QUICK","QUICK",""
"","2","LTE.06","","Thu Nov 07 00:51:23 GMT 2024","passed","Thu Nov 07 00:51:23 GMT 2024","","STD","STD",""
"","3","GROUNDED-BASIC.01","","Thu Nov 07 00:51:23 GMT 2024","passed","Thu Nov 07 00:51:23 GMT 2024","","STD","STD",""
"","5000","bidirectional_computation.relative-arithmetic","","Thu Nov 07 00:33:43 GMT 2024","passed","Thu Nov 07 00:33:48 GMT 2024","","WHOLE-TESTS","WHOLE-TESTS",""
"","2","F1-IMPORTS.01","","Thu Nov 07 00:33:38 GMT 2024","passed","Thu Nov 07 00:33:38 GMT 2024","","MODULE-SYSTEM","MODULE-SYSTEM",""
"","2","TYPES-PRELIM.06","","Thu Nov 07 00:48:22 GMT 2024","passed","Thu Nov 07 00:48:22 GMT 2024","","CHAINING","CHAINING",""
"","3","NUMTEST.08","","Thu Nov 07 01:13:50 GMT 2024","passed","Thu Nov 07 01:13:50 GMT 2024","","COMMON","COMMON",""
"","2","F1-IMPORTS.12","","Thu Nov 07 00:43:23 GMT 2024","passed","Thu Nov 07 00:43:23 GMT 2024","","QUICK","QUICK",""
"","493","PARENT-GO-1-COMP.01","","Thu Nov 07 00:48:22 GMT 2024","passed","Thu Nov 07 00:48:22 GMT 2024","","CHAINING","CHAINING",""
"","2","LISTTEST.17","","Thu Nov 07 01:13:50 GMT 2024","passed","Thu Nov 07 01:13:50 GMT 2024","","COMMON","COMMON",""
"","2","TYPE-PROP.02","","Thu Nov 07 00:48:22 GMT 2024","passed","Thu Nov 07 00:48:22 GMT 2024","","CHAINING","CHAINING",""
"","2","F1-MODULEA.05","","Thu Nov 07 00:43:23 GMT 2024","passed","Thu Nov 07 00:43:23 GMT 2024","","QUICK","QUICK",""
"","1","AI-SERVICE-COMPOSITION-EASY.03","","Thu Nov 07 01:06:59 GMT 2024","passed","Thu Nov 07 01:06:59 GMT 2024","","AI-SERVICE","AI-SERVICE",""
"","74","E2-STATES.07","","Thu Nov 07 00:33:48 GMT 2024","failed","Thu Nov 07 00:33:48 GMT 2024","","HYPERON-EXPERIMENTAL-SCRIPTS","HYPERON-EXPERIMENTAL-SCRIPTS",""
"","1","TESTS5.02","","Thu Nov 07 00:43:52 GMT 2024","passed","Thu Nov 07 00:43:52 GMT 2024","","MAIN-BRANCH","MAIN-BRANCH",""
"","370","IBC-XP.13","","Thu Nov 07 01:19:47 GMT 2024","passed","Thu Nov 07 01:19:47 GMT 2024","","ITERATIVE-CHAINING","ITERATIVE-CHAINING",""
"","5000","current.tests0","","Thu Nov 07 00:33:43 GMT 2024","passed","Thu Nov 07 00:33:48 GMT 2024","","WHOLE-TESTS","WHOLE-TESTS",""
"","3","SUPERPOSE-NESTED.01","","Thu Nov 07 00:39:12 GMT 2024","passed","Thu Nov 07 00:39:12 GMT 2024","","METTA-MORPH-TESTS","METTA-MORPH-TESTS",""
"","2","D2-HIGHERFUNC.18","","Thu Nov 07 01:09:47 GMT 2024","passed","Thu Nov 07 01:09:47 GMT 2024","","CHECK-TYPES","CHECK-TYPES",""
"","6000","nars_extras.NARS_BuildTupleCounts","","Thu Nov 07 00:33:43 GMT 2024","passed","Thu Nov 07 00:33:49 GMT 2024","","WHOLE-TESTS","WHOLE-TESTS",""
"","3","FIRST-ANSWER.01","","Thu Nov 07 00:35:23 GMT 2024","passed","Thu Nov 07 00:35:23 GMT 2024","","HYPERON-METTALOG-SANITY","HYPERON-METTALOG-SANITY",""
"","14","F1-IMPORTS.04","","Thu Nov 07 00:33:38 GMT 2024","failed","Thu Nov 07 00:33:38 GMT 2024","","MODULE-SYSTEM","MODULE-SYSTEM",""
"","3","GADT.01","","Thu Nov 07 00:51:23 GMT 2024","passed","Thu Nov 07 00:51:23 GMT 2024","","STD","STD",""
"","4000","anti-regression.test_if_closed","","Thu Nov 07 00:33:43 GMT 2024","passed","Thu Nov 07 00:33:47 GMT 2024","","WHOLE-TESTS","WHOLE-TESTS",""
"","10","METTALOGTESTCURRIED2.07","","Thu Nov 07 00:41:17 GMT 2024","passed","Thu Nov 07 00:41:17 GMT 2024","","ANTI-REGRESSION","ANTI-REGRESSION",""
"","41","SUBTYPING-TEST.04","","Thu Nov 07 01:22:37 GMT 2024","passed","Thu Nov 07 01:22:37 GMT 2024","","SUBTYPING","SUBTYPING",""
"","3","ORDEREDSETTEST.04","","Thu Nov 07 01:13:50 GMT 2024","passed","Thu Nov 07 01:13:50 GMT 2024","","COMMON","COMMON",""
"","2","SYNTHESIZE-VIA-SUPERPOSE.02","","Thu Nov 07 01:24:23 GMT 2024","passed","Thu Nov 07 01:24:23 GMT 2024","","EXPERIMENTS","EXPERIMENTS",""
"","5000","experiments.synthesize-via-type-checking","","Thu Nov 07 00:33:43 GMT 2024","passed","Thu Nov 07 00:33:48 GMT 2024","","WHOLE-TESTS","WHOLE-TESTS",""
"","3","CHAPTER-2-2.12","","Thu Nov 07 00:52:57 GMT 2024","passed","Thu Nov 07 00:52:57 GMT 2024","","SICP-BOOK","SICP-BOOK",""
"","3","STDLIB-METTALOG-TEST-PT2.28","","Thu Nov 07 00:52:48 GMT 2024","passed","Thu Nov 07 00:52:48 GMT 2024","","STDLIB-METTALOG","STDLIB-METTALOG",""
"","7","TRUTHVALUETEST.01","","Thu Nov 07 01:14:17 GMT 2024","passed","Thu Nov 07 01:14:17 GMT 2024","","TRUTHVALUE","TRUTHVALUE",""
"","2","TESTS0.03","","Thu Nov 07 00:43:52 GMT 2024","passed","Thu Nov 07 00:43:52 GMT 2024","","MAIN-BRANCH","MAIN-BRANCH",""
"","2101","TESTS2.07","","Thu Nov 07 00:43:52 GMT 2024","failed","Thu Nov 07 00:43:54 GMT 2024","","MAIN-BRANCH","MAIN-BRANCH",""
"","3","B5-TYPES-PRELIM.06","","Thu Nov 07 01:09:27 GMT 2024","passed","Thu Nov 07 01:09:27 GMT 2024","","CHECK-TYPES-TEMP","CHECK-TYPES-TEMP",""
"","40000","combinator-calculi.tree","","Thu Nov 07 00:33:43 GMT 2024","failed","Thu Nov 07 00:34:23 GMT 2024","","WHOLE-TESTS","WHOLE-TESTS",""
"","2","MAYBETEST.03","","Thu Nov 07 01:13:50 GMT 2024","passed","Thu Nov 07 01:13:50 GMT 2024","","COMMON","COMMON",""
"","5","SORING-VIA-INSERT.01","","Thu Nov 07 01:09:27 GMT 2024","passed","Thu Nov 07 01:09:27 GMT 2024","","CHECK-TYPES-TEMP","CHECK-TYPES-TEMP",""
"","2","SUPPORTRULEEXP.03","","Thu Nov 07 01:12:29 GMT 2024","passed","Thu Nov 07 01:12:29 GMT 2024","","DEPENDENT-TYPES","DEPENDENT-TYPES",""
"","3","FORWARD-CHAINER-TEST.03","","Thu Nov 07 01:16:20 GMT 2024","passed","Thu Nov 07 01:16:20 GMT 2024","","FORWARD-CHAINER","FORWARD-CHAINER",""
"","2","D2-HIGHERFUNC.27","","Thu Nov 07 00:43:23 GMT 2024","passed","Thu Nov 07 00:43:23 GMT 2024","","QUICK","QUICK",""
"","3","SYNTHESIZE-VIA-TYPE-CHECKING.09","","Thu Nov 07 01:24:23 GMT 2024","passed","Thu Nov 07 01:24:23 GMT 2024","","EXPERIMENTS","EXPERIMENTS",""
"","2","FORWARD-CHAINER-XP.10","","Thu Nov 07 01:16:20 GMT 2024","passed","Thu Nov 07 01:16:20 GMT 2024","","FORWARD-CHAINER","FORWARD-CHAINER",""
"","9","TYPE-PROP.03","","Thu Nov 07 01:09:27 GMT 2024","passed","Thu Nov 07 01:09:27 GMT 2024","","CHECK-TYPES-TEMP","CHECK-TYPES-TEMP",""
"","2","BACKWARD-CHAINER-XP.43","","Thu Nov 07 01:13:36 GMT 2024","passed","Thu Nov 07 01:13:36 GMT 2024","","BACKWARD-CHAINER","BACKWARD-CHAINER",""
"","3","D4-TYPE-PROP.04","","Thu Nov 07 00:43:23 GMT 2024","passed","Thu Nov 07 00:43:23 GMT 2024","","QUICK","QUICK",""
"","6000","chaining.v2-pln-xp","","Thu Nov 07 00:33:43 GMT 2024","passed","Thu Nov 07 00:33:49 GMT 2024","","WHOLE-TESTS","WHOLE-TESTS",""
"","3","F1-MODULEA.02","","Thu Nov 07 00:43:23 GMT 2024","passed","Thu Nov 07 00:43:23 GMT 2024","","QUICK","QUICK",""
"","4000","curried-chaining.curried-chainer","","Thu Nov 07 00:33:43 GMT 2024","passed","Thu Nov 07 00:33:47 GMT 2024","","WHOLE-TESTS","WHOLE-TESTS",""
"","14","D2-HIGHERFUNC.21","","Thu Nov 07 00:43:23 GMT 2024","passed","Thu Nov 07 00:43:23 GMT 2024","","QUICK","QUICK",""
"","2","INF-CTL-MONTH-BC-CONT-XP.17","","Thu Nov 07 01:17:45 GMT 2024","passed","Thu Nov 07 01:17:45 GMT 2024","","INFERENCE-CONTROL","INFERENCE-CONTROL",""
"","21","STDLIB-METTALOG-TEST-PT2.26","","Thu Nov 07 00:52:48 GMT 2024","failed","Thu Nov 07 00:52:48 GMT 2024","","STDLIB-METTALOG","STDLIB-METTALOG",""
"","2","D3-DEPTYPES.03","","Thu Nov 07 00:33:48 GMT 2024","passed","Thu Nov 07 00:33:48 GMT 2024","","HYPERON-EXPERIMENTAL-SCRIPTS","HYPERON-EXPERIMENTAL-SCRIPTS",""
"","3","LOCATED-TEST.01","","Thu Nov 07 01:23:26 GMT 2024","passed","Thu Nov 07 01:23:26 GMT 2024","","LOCATED","LOCATED",""
"","2","TYPE-PROP.18","","Thu Nov 07 01:09:27 GMT 2024","passed","Thu Nov 07 01:09:27 GMT 2024","","CHECK-TYPES-TEMP","CHECK-TYPES-TEMP",""
"","2","BACKWARD-CHAINER-XP.16","","Thu Nov 07 01:13:36 GMT 2024","passed","Thu Nov 07 01:13:36 GMT 2024","","BACKWARD-CHAINER","BACKWARD-CHAINER",""
"","88","ADD-REMOVE-MATCH-MIX-FLOAT-INTEGER.14","","Thu Nov 07 00:50:40 GMT 2024","passed","Thu Nov 07 00:50:40 GMT 2024","","SPACES","SPACES",""
"","3","CHAPTER-1-1.19","","Thu Nov 07 00:52:57 GMT 2024","passed","Thu Nov 07 00:52:57 GMT 2024","","SICP-BOOK","SICP-BOOK",""
"","3","BACKWARD-CHAINER-XP.34","","Thu Nov 07 01:13:36 GMT 2024","passed","Thu Nov 07 01:13:36 GMT 2024","","BACKWARD-CHAINER","BACKWARD-CHAINER",""
"","2","FC-XP.14","","Thu Nov 07 01:16:31 GMT 2024","passed","Thu Nov 07 01:16:31 GMT 2024","","FORWARD-CHAINING","FORWARD-CHAINING",""
"","1","STATE-TYPES.16","","Thu Nov 07 01:55:24 GMT 2024","passed","Thu Nov 07 01:55:24 GMT 2024","","BASIC","BASIC",""
"","2","SEQUENTIAL-NESTED.04","","Thu Nov 07 00:39:12 GMT 2024","passed","Thu Nov 07 00:39:12 GMT 2024","","METTA-MORPH-TESTS","METTA-MORPH-TESTS",""
"","2","CHAINING-PRELIM.02","","Thu Nov 07 00:48:22 GMT 2024","passed","Thu Nov 07 00:48:22 GMT 2024","","CHAINING","CHAINING",""
"","2","ADD-REMOVE-MATCH-MIX-FLOAT-INTEGER.12","","Thu Nov 07 00:50:40 GMT 2024","passed","Thu Nov 07 00:50:40 GMT 2024","","SPACES","SPACES",""
"","9","TEST-INFER-FUNCTION-APPLICATION-TYPE.03","","Thu Nov 07 01:55:24 GMT 2024","failed","Thu Nov 07 01:55:24 GMT 2024","","BASIC","BASIC",""
"","2","B5-TYPES-PRELIM.03","","Thu Nov 07 00:33:48 GMT 2024","passed","Thu Nov 07 00:33:48 GMT 2024","","HYPERON-EXPERIMENTAL-SCRIPTS","HYPERON-EXPERIMENTAL-SCRIPTS",""
"","2","CHAPTER-1-1.05","","Thu Nov 07 00:52:57 GMT 2024","passed","Thu Nov 07 00:52:57 GMT 2024","","SICP-BOOK","SICP-BOOK",""
"","2","AI-SERVICE-COMPOSITION-EASY.05","","Thu Nov 07 01:06:59 GMT 2024","passed","Thu Nov 07 01:06:59 GMT 2024","","AI-SERVICE","AI-SERVICE",""
"","2","KEY-LOOKUPS-MANY.11","","Thu Nov 07 01:55:24 GMT 2024","passed","Thu Nov 07 01:55:24 GMT 2024","","BASIC","BASIC",""
"","2","TEST-IF-CLOSED.09","","Thu Nov 07 01:46:51 GMT 2024","passed","Thu Nov 07 01:46:51 GMT 2024","","WALK-THRU","WALK-THRU",""
"","2","BC-XP.10","","Thu Nov 07 01:13:41 GMT 2024","passed","Thu Nov 07 01:13:41 GMT 2024","","BACKWARD-CHAINING","BACKWARD-CHAINING",""
"","4000","ai-service.ai-service-composition-sanity","","Thu Nov 07 00:33:43 GMT 2024","passed","Thu Nov 07 00:33:47 GMT 2024","","WHOLE-TESTS","WHOLE-TESTS",""
"","2","02-CURRIED-PLUS.01","","Thu Nov 07 00:35:23 GMT 2024","passed","Thu Nov 07 00:35:23 GMT 2024","","HYPERON-METTALOG-SANITY","HYPERON-METTALOG-SANITY",""
"","2","BACKWARD-CHAINER-XP.28","","Thu Nov 07 01:13:36 GMT 2024","passed","Thu Nov 07 01:13:36 GMT 2024","","BACKWARD-CHAINER","BACKWARD-CHAINER",""
"","3","COMBINED.01","","Thu Nov 07 01:51:32 GMT 2024","passed","Thu Nov 07 01:51:32 GMT 2024","","ITERATORS","ITERATORS",""
"","2","TYPE-PROP.78","","Thu Nov 07 01:09:27 GMT 2024","passed","Thu Nov 07 01:09:27 GMT 2024","","CHECK-TYPES-TEMP","CHECK-TYPES-TEMP",""
"","2","FC-XP.15","","Thu Nov 07 01:16:31 GMT 2024","passed","Thu Nov 07 01:16:31 GMT 2024","","FORWARD-CHAINING","FORWARD-CHAINING",""
"","1","CHAPTER-1-1.17","","Thu Nov 07 00:52:57 GMT 2024","passed","Thu Nov 07 00:52:57 GMT 2024","","SICP-BOOK","SICP-BOOK",""
"","2","D1-GADT.02","","Thu Nov 07 01:09:47 GMT 2024","passed","Thu Nov 07 01:09:47 GMT 2024","","CHECK-TYPES","CHECK-TYPES",""
"","156","NALIFIER.01","","Thu Nov 07 00:39:12 GMT 2024","passed","Thu Nov 07 00:39:12 GMT 2024","","METTA-MORPH-TESTS","METTA-MORPH-TESTS",""
"","10000","bigram-sentence-evaluator.wordVectors","","Thu Nov 07 00:33:43 GMT 2024","passed","Thu Nov 07 00:33:53 GMT 2024","","WHOLE-TESTS","WHOLE-TESTS",""
"","40000","walk_thru.mettalogTestCurried","","Thu Nov 07 00:33:43 GMT 2024","failed","Thu Nov 07 00:34:23 GMT 2024","","WHOLE-TESTS","WHOLE-TESTS",""
"","571","TMPMATCH2.05","","Thu Nov 07 01:46:51 GMT 2024","passed","Thu Nov 07 01:46:51 GMT 2024","","WALK-THRU","WALK-THRU",""
"","3","ADD-REMOVE-MATCH-S-STRINGS.03","","Thu Nov 07 00:50:40 GMT 2024","passed","Thu Nov 07 00:50:40 GMT 2024","","SPACES","SPACES",""
"","2","NATDTLTEST.03","","Thu Nov 07 01:16:36 GMT 2024","passed","Thu Nov 07 01:16:36 GMT 2024","","HOL","HOL",""
"","2","LISTTEST.03","","Thu Nov 07 01:13:50 GMT 2024","passed","Thu Nov 07 01:13:50 GMT 2024","","COMMON","COMMON",""
"","2","BC-XP.05","","Thu Nov 07 01:13:41 GMT 2024","passed","Thu Nov 07 01:13:41 GMT 2024","","BACKWARD-CHAINING","BACKWARD-CHAINING",""
"","2","INF-CTL-MONTH-BC-CONT-XP.06","","Thu Nov 07 01:17:45 GMT 2024","passed","Thu Nov 07 01:17:45 GMT 2024","","INFERENCE-CONTROL","INFERENCE-CONTROL",""
"","46000","prev.tests4","","Thu Nov 07 00:33:43 GMT 2024","failed","Thu Nov 07 00:34:29 GMT 2024","","WHOLE-TESTS","WHOLE-TESTS",""
"","2","C2-SPACES.04","","Thu Nov 07 00:33:48 GMT 2024","passed","Thu Nov 07 00:33:48 GMT 2024","","HYPERON-EXPERIMENTAL-SCRIPTS","HYPERON-EXPERIMENTAL-SCRIPTS",""
"","49","TYPE-PROP.80","","Thu Nov 07 01:09:27 GMT 2024","failed","Thu Nov 07 01:09:27 GMT 2024","","CHECK-TYPES-TEMP","CHECK-TYPES-TEMP",""
"","2","D4-TYPE-PROP.18","","Thu Nov 07 00:43:23 GMT 2024","passed","Thu Nov 07 00:43:23 GMT 2024","","QUICK","QUICK",""
"","2","UNIFY-VIA-CASE.06","","Thu Nov 07 01:24:23 GMT 2024","passed","Thu Nov 07 01:24:23 GMT 2024","","EXPERIMENTS","EXPERIMENTS",""
"","13","D1-GADT.13","","Thu Nov 07 00:33:48 GMT 2024","passed","Thu Nov 07 00:33:48 GMT 2024","","HYPERON-EXPERIMENTAL-SCRIPTS","HYPERON-EXPERIMENTAL-SCRIPTS",""
"","2","IBC-XP.27","","Thu Nov 07 01:19:47 GMT 2024","passed","Thu Nov 07 01:19:47 GMT 2024","","ITERATIVE-CHAINING","ITERATIVE-CHAINING",""
"","2","D4-TYPE-PROP.22","","Thu Nov 07 01:09:47 GMT 2024","passed","Thu Nov 07 01:09:47 GMT 2024","","CHECK-TYPES","CHECK-TYPES",""
"","1","F1-MODULEA.10","","Thu Nov 07 00:43:23 GMT 2024","passed","Thu Nov 07 00:43:23 GMT 2024","","QUICK","QUICK",""
"","2","D2-HIGHERFUNC.18","","Thu Nov 07 00:33:48 GMT 2024","passed","Thu Nov 07 00:33:48 GMT 2024","","HYPERON-EXPERIMENTAL-SCRIPTS","HYPERON-EXPERIMENTAL-SCRIPTS",""
"","475","PARENT-GO-COMP.01","","Thu Nov 07 00:48:22 GMT 2024","passed","Thu Nov 07 00:48:22 GMT 2024","","CHAINING","CHAINING",""
"","3","BCHAIN.04","","Thu Nov 07 01:46:51 GMT 2024","passed","Thu Nov 07 01:46:51 GMT 2024","","WALK-THRU","WALK-THRU",""
"","12","D2-HIGHERFUNC.22","","Thu Nov 07 00:33:48 GMT 2024","passed","Thu Nov 07 00:33:48 GMT 2024","","HYPERON-EXPERIMENTAL-SCRIPTS","HYPERON-EXPERIMENTAL-SCRIPTS",""
"","100","STDLIB-METTALOG-TEST-PT2.62","","Thu Nov 07 00:52:48 GMT 2024","failed","Thu Nov 07 00:52:48 GMT 2024","","STDLIB-METTALOG","STDLIB-METTALOG",""
"","2","BACKWARD-CHAINER-XP.40","","Thu Nov 07 01:13:36 GMT 2024","passed","Thu Nov 07 01:13:36 GMT 2024","","BACKWARD-CHAINER","BACKWARD-CHAINER",""
"","2","INF-CTL-MONTH-BC-CONT-XP.13","","Thu Nov 07 01:17:45 GMT 2024","passed","Thu Nov 07 01:17:45 GMT 2024","","INFERENCE-CONTROL","INFERENCE-CONTROL",""
"","2","FORWARD-CHAINER-XP.14","","Thu Nov 07 01:16:20 GMT 2024","passed","Thu Nov 07 01:16:20 GMT 2024","","FORWARD-CHAINER","FORWARD-CHAINER",""
"","9","D1-GADT.13","","Thu Nov 07 01:09:47 GMT 2024","passed","Thu Nov 07 01:09:47 GMT 2024","","CHECK-TYPES","CHECK-TYPES",""
"","1","STDLIB-METTALOG-TEST-PT2.46","","Thu Nov 07 00:52:48 GMT 2024","passed","Thu Nov 07 00:52:48 GMT 2024","","STDLIB-METTALOG","STDLIB-METTALOG",""
"","40000","bio-atomspace.pln-xp-mettalog","","Thu Nov 07 00:33:43 GMT 2024","failed","Thu Nov 07 00:34:23 GMT 2024","","WHOLE-TESTS","WHOLE-TESTS",""
"","10","SPACE-INTERSECTION-TESTS.16","","Thu Nov 07 00:35:23 GMT 2024","failed","Thu Nov 07 00:35:23 GMT 2024","","HYPERON-METTALOG-SANITY","HYPERON-METTALOG-SANITY",""
"","3","PLN-STV.01","","Thu Nov 07 00:48:22 GMT 2024","passed","Thu Nov 07 00:48:22 GMT 2024","","CHAINING","CHAINING",""
"","3","CHAINING-PRELIM.01","","Thu Nov 07 00:48:22 GMT 2024","passed","Thu Nov 07 00:48:22 GMT 2024","","CHAINING","CHAINING",""
"","114","C1-GROUNDED-BASIC.14","","Thu Nov 07 00:43:23 GMT 2024","failed","Thu Nov 07 00:43:23 GMT 2024","","QUICK","QUICK",""
"","4000","quick.f1_moduleA","","Thu Nov 07 00:33:43 GMT 2024","passed","Thu Nov 07 00:33:47 GMT 2024","","WHOLE-TESTS","WHOLE-TESTS",""
"","2","INF-CTL-MONTH-BC-CONT-XP.07","","Thu Nov 07 01:17:45 GMT 2024","passed","Thu Nov 07 01:17:45 GMT 2024","","INFERENCE-CONTROL","INFERENCE-CONTROL",""
"","2","BASE-TEST-REPR-PARSE-INTERSECTION.04","","Thu Nov 07 00:35:23 GMT 2024","passed","Thu Nov 07 00:35:23 GMT 2024","","HYPERON-METTALOG-SANITY","HYPERON-METTALOG-SANITY",""
"","2","ADD-REMOVE-MATCH-S-SYMBOLS.09","","Thu Nov 07 00:50:40 GMT 2024","passed","Thu Nov 07 00:50:40 GMT 2024","","SPACES","SPACES",""
"","11","TYPE-PROP.59","","Thu Nov 07 01:09:27 GMT 2024","failed","Thu Nov 07 01:09:27 GMT 2024","","CHECK-TYPES-TEMP","CHECK-TYPES-TEMP",""
"","2","TYPE-PROP.04","","Thu Nov 07 00:48:22 GMT 2024","passed","Thu Nov 07 00:48:22 GMT 2024","","CHAINING","CHAINING",""
"","14","TEST-INFER-FUNCTION-APPLICATION-TYPE.06","","Thu Nov 07 01:55:24 GMT 2024","failed","Thu Nov 07 01:55:24 GMT 2024","","BASIC","BASIC",""
"","2","STDLIB-METTALOG-TEST-PT2.45","","Thu Nov 07 00:52:48 GMT 2024","passed","Thu Nov 07 00:52:48 GMT 2024","","STDLIB-METTALOG","STDLIB-METTALOG",""
"","2","ADD-REMOVE-MATCH-MIX-FLOAT-INTEGER.04","","Thu Nov 07 00:50:40 GMT 2024","passed","Thu Nov 07 00:50:40 GMT 2024","","SPACES","SPACES",""
"","5000","entail.DeductionEntailTest","","Thu Nov 07 00:33:43 GMT 2024","passed","Thu Nov 07 00:33:48 GMT 2024","","WHOLE-TESTS","WHOLE-TESTS",""
"","3","TESTS0.05","","Thu Nov 07 01:28:35 GMT 2024","passed","Thu Nov 07 01:28:35 GMT 2024","","CURRENT","CURRENT",""
"","28000","language_models.training_bi","","Thu Nov 07 00:33:43 GMT 2024","passed","Thu Nov 07 00:34:11 GMT 2024","","WHOLE-TESTS","WHOLE-TESTS",""
"","2","D4-TYPE-PROP.15","","Thu Nov 07 00:43:23 GMT 2024","passed","Thu Nov 07 00:43:23 GMT 2024","","QUICK","QUICK",""
"","288","IBC-XP.29","","Thu Nov 07 01:19:47 GMT 2024","passed","Thu Nov 07 01:19:47 GMT 2024","","ITERATIVE-CHAINING","ITERATIVE-CHAINING",""
"","4","SPACE-SUBTRACTION-TESTS.05","","Thu Nov 07 00:35:23 GMT 2024","passed","Thu Nov 07 00:35:23 GMT 2024","","HYPERON-METTALOG-SANITY","HYPERON-METTALOG-SANITY",""
"","4000","hyperon-mettalog_sanity.flip_test","","Thu Nov 07 00:33:43 GMT 2024","passed","Thu Nov 07 00:33:47 GMT 2024","","WHOLE-TESTS","WHOLE-TESTS",""
"","3","FC-XP.31","","Thu Nov 07 01:16:31 GMT 2024","passed","Thu Nov 07 01:16:31 GMT 2024","","FORWARD-CHAINING","FORWARD-CHAINING",""
"","2","TESTS5.01","","Thu Nov 07 01:37:35 GMT 2024","passed","Thu Nov 07 01:37:35 GMT 2024","","NEW","NEW",""
"","2","TYPES2.05","","Thu Nov 07 00:39:12 GMT 2024","passed","Thu Nov 07 00:39:12 GMT 2024","","METTA-MORPH-TESTS","METTA-MORPH-TESTS",""
"","2","D2-HIGHERFUNC.24","","Thu Nov 07 01:09:47 GMT 2024","passed","Thu Nov 07 01:09:47 GMT 2024","","CHECK-TYPES","CHECK-TYPES",""
"","101","STATE-TYPES.02","","Thu Nov 07 01:55:24 GMT 2024","failed","Thu Nov 07 01:55:24 GMT 2024","","BASIC","BASIC",""
"","2","C1-GROUNDED-BASIC.02","","Thu Nov 07 00:33:48 GMT 2024","passed","Thu Nov 07 00:33:48 GMT 2024","","HYPERON-EXPERIMENTAL-SCRIPTS","HYPERON-EXPERIMENTAL-SCRIPTS",""
"","63","INF-CTL-MONTH-XP-SHORT-5.02","","Thu Nov 07 02:01:42 GMT 2024","failed","Thu Nov 07 02:01:42 GMT 2024","","COMPARISONS","COMPARISONS",""
"","2","D4-TYPE-PROP.06","","Thu Nov 07 00:33:48 GMT 2024","passed","Thu Nov 07 00:33:48 GMT 2024","","HYPERON-EXPERIMENTAL-SCRIPTS","HYPERON-EXPERIMENTAL-SCRIPTS",""
"","11","STDLIB-METTALOG-TEST-PT2.05","","Thu Nov 07 00:52:48 GMT 2024","failed","Thu Nov 07 00:52:48 GMT 2024","","STDLIB-METTALOG","STDLIB-METTALOG",""
"","45000","walk_thru.bc_comp","","Thu Nov 07 00:33:43 GMT 2024","failed","Thu Nov 07 00:34:28 GMT 2024","","WHOLE-TESTS","WHOLE-TESTS",""
"","2","DEDUCTIONFORMULATEST.11","","Thu Nov 07 01:14:12 GMT 2024","passed","Thu Nov 07 01:14:12 GMT 2024","","FORMULA","FORMULA",""
"","5000","metta-morph_tests.add_atom_match","","Thu Nov 07 00:33:43 GMT 2024","passed","Thu Nov 07 00:33:48 GMT 2024","","WHOLE-TESTS","WHOLE-TESTS",""
"","2","STDLIB-METTALOG-TEST-PT2.66","","Thu Nov 07 00:52:48 GMT 2024","passed","Thu Nov 07 00:52:48 GMT 2024","","STDLIB-METTALOG","STDLIB-METTALOG",""
"","2","NATSTANDALONETEST.04","","Thu Nov 07 01:16:36 GMT 2024","passed","Thu Nov 07 01:16:36 GMT 2024","","HOL","HOL",""
"","2","TMPMATCH1.02","","Thu Nov 07 01:46:51 GMT 2024","passed","Thu Nov 07 01:46:51 GMT 2024","","WALK-THRU","WALK-THRU",""
"","2","GROUNDED-BASIC.04","","Thu Nov 07 00:51:23 GMT 2024","passed","Thu Nov 07 00:51:23 GMT 2024","","STD","STD",""
"","942","BC-IMPL.02","","Thu Nov 07 01:46:51 GMT 2024","passed","Thu Nov 07 01:46:51 GMT 2024","","WALK-THRU","WALK-THRU",""
"","2","STDLIB-METTALOG-TEST-PT2.54","","Thu Nov 07 00:52:48 GMT 2024","passed","Thu Nov 07 00:52:48 GMT 2024","","STDLIB-METTALOG","STDLIB-METTALOG",""
"","3","MATCH-SUPERPOSED-SPACES.01","","Thu Nov 07 00:39:12 GMT 2024","passed","Thu Nov 07 00:39:12 GMT 2024","","METTA-MORPH-TESTS","METTA-MORPH-TESTS",""
"","45","FORWARD-CHAINER-XP.09","","Thu Nov 07 01:16:20 GMT 2024","failed","Thu Nov 07 01:16:20 GMT 2024","","FORWARD-CHAINER","FORWARD-CHAINER",""
"","6","C3-PLN-STV.04","","Thu Nov 07 00:33:48 GMT 2024","passed","Thu Nov 07 00:33:48 GMT 2024","","HYPERON-EXPERIMENTAL-SCRIPTS","HYPERON-EXPERIMENTAL-SCRIPTS",""
"","232","SYNTHESIZE-VIA-LET-TEST.02","","Thu Nov 07 01:24:23 GMT 2024","failed","Thu Nov 07 01:24:23 GMT 2024","","EXPERIMENTS","EXPERIMENTS",""
"","2","C1-GROUNDED-BASIC.04","","Thu Nov 07 00:43:23 GMT 2024","passed","Thu Nov 07 00:43:23 GMT 2024","","QUICK","QUICK",""
"","1","XOR-TEST.09","","Thu Nov 07 00:35:23 GMT 2024","passed","Thu Nov 07 00:35:23 GMT 2024","","HYPERON-METTALOG-SANITY","HYPERON-METTALOG-SANITY",""
"","2","D4-TYPE-PROP.14","","Thu Nov 07 00:33:48 GMT 2024","passed","Thu Nov 07 00:33:48 GMT 2024","","HYPERON-EXPERIMENTAL-SCRIPTS","HYPERON-EXPERIMENTAL-SCRIPTS",""
"","128","ADD-REMOVE-MATCH-SS-STRINGS.14","","Thu Nov 07 00:50:40 GMT 2024","passed","Thu Nov 07 00:50:40 GMT 2024","","SPACES","SPACES",""
"","46","FORWARD-CHAINER-XP.13","","Thu Nov 07 01:16:20 GMT 2024","failed","Thu Nov 07 01:16:20 GMT 2024","","FORWARD-CHAINER","FORWARD-CHAINER",""
"","2","D2-HIGHERFUNC.09","","Thu Nov 07 00:33:48 GMT 2024","passed","Thu Nov 07 00:33:48 GMT 2024","","HYPERON-EXPERIMENTAL-SCRIPTS","HYPERON-EXPERIMENTAL-SCRIPTS",""
"","145","ADD-REMOVE-MATCH-MIX-FLOAT-INTEGER.25","","Thu Nov 07 00:50:40 GMT 2024","failed","Thu Nov 07 00:50:40 GMT 2024","","SPACES","SPACES",""
"","3","DEDUCTIONDTLTEST.02","","Thu Nov 07 01:12:29 GMT 2024","passed","Thu Nov 07 01:12:29 GMT 2024","","DEPENDENT-TYPES","DEPENDENT-TYPES",""
"","20000","comparisons.nils_if_control_test_6","","Thu Nov 07 00:33:43 GMT 2024","passed","Thu Nov 07 00:34:03 GMT 2024","","WHOLE-TESTS","WHOLE-TESTS",""
"","2","ADD-REMOVE-MATCH-INTEGER.20","","Thu Nov 07 00:50:40 GMT 2024","passed","Thu Nov 07 00:50:40 GMT 2024","","SPACES","SPACES",""
"","3","DEDUCTIONIMPLICATIONDIRECTINTRODUCTIONDTLTEST.02","","Thu Nov 07 01:12:29 GMT 2024","passed","Thu Nov 07 01:12:29 GMT 2024","","DEPENDENT-TYPES","DEPENDENT-TYPES",""
"","2","NUMTEST.06","","Thu Nov 07 01:13:50 GMT 2024","passed","Thu Nov 07 01:13:50 GMT 2024","","COMMON","COMMON",""
"","5000","walk_thru.debug_mettalogTestCurried","","Thu Nov 07 00:33:43 GMT 2024","passed","Thu Nov 07 00:33:48 GMT 2024","","WHOLE-TESTS","WHOLE-TESTS",""
"","2","OR-TEST.03","","Thu Nov 07 00:35:23 GMT 2024","passed","Thu Nov 07 00:35:23 GMT 2024","","HYPERON-METTALOG-SANITY","HYPERON-METTALOG-SANITY",""
"","2","PC-XP.04","","Thu Nov 07 01:22:32 GMT 2024","passed","Thu Nov 07 01:22:32 GMT 2024","","POLYWARD-CHAINING","POLYWARD-CHAINING",""
"","7488","INF-ORDER-PROBS.04","","Thu Nov 07 01:01:34 GMT 2024","passed","Thu Nov 07 01:01:41 GMT 2024","","PROB-DEP-TYPES","PROB-DEP-TYPES",""
"","2","NAIVE-FIB.02","","Thu Nov 07 02:01:42 GMT 2024","passed","Thu Nov 07 02:01:42 GMT 2024","","COMPARISONS","COMPARISONS",""
"","2","SPACE-INTERSECTION-TESTS.01","","Thu Nov 07 00:35:23 GMT 2024","passed","Thu Nov 07 00:35:23 GMT 2024","","HYPERON-METTALOG-SANITY","HYPERON-METTALOG-SANITY",""
"","1656","SELF-CONTAINED-SYNTHESIZE.12","","Thu Nov 07 01:24:23 GMT 2024","failed","Thu Nov 07 01:24:24 GMT 2024","","EXPERIMENTS","EXPERIMENTS",""
"","3","SELF-CONTAINED-SYNTHESIZE.05","","Thu Nov 07 01:24:23 GMT 2024","passed","Thu Nov 07 01:24:23 GMT 2024","","EXPERIMENTS","EXPERIMENTS",""
"","3","TESTS3.01","","Thu Nov 07 00:43:52 GMT 2024","passed","Thu Nov 07 00:43:52 GMT 2024","","MAIN-BRANCH","MAIN-BRANCH",""
"","14","D1-GADT.05","","Thu Nov 07 01:09:47 GMT 2024","passed","Thu Nov 07 01:09:47 GMT 2024","","CHECK-TYPES","CHECK-TYPES",""
"","2","E1-KB-WRITE.01","","Thu Nov 07 00:33:48 GMT 2024","passed","Thu Nov 07 00:33:48 GMT 2024","","HYPERON-EXPERIMENTAL-SCRIPTS","HYPERON-EXPERIMENTAL-SCRIPTS",""
"","2","NATPARITYTEST.04","","Thu Nov 07 01:16:36 GMT 2024","passed","Thu Nov 07 01:16:36 GMT 2024","","HOL","HOL",""
"","2","F1-IMPORTS.01","","Thu Nov 07 00:33:48 GMT 2024","passed","Thu Nov 07 00:33:48 GMT 2024","","HYPERON-EXPERIMENTAL-SCRIPTS","HYPERON-EXPERIMENTAL-SCRIPTS",""
"","871","IBC-XP.26","","Thu Nov 07 01:19:47 GMT 2024","passed","Thu Nov 07 01:19:47 GMT 2024","","ITERATIVE-CHAINING","ITERATIVE-CHAINING",""
"","4000","hyperon-experimental_scripts.e2_states","","Thu Nov 07 00:33:43 GMT 2024","passed","Thu Nov 07 00:33:47 GMT 2024","","WHOLE-TESTS","WHOLE-TESTS",""
"","369","SYNTHESIZE-VIA-LET-TEST.07","","Thu Nov 07 01:24:23 GMT 2024","failed","Thu Nov 07 01:24:23 GMT 2024","","EXPERIMENTS","EXPERIMENTS",""
"","27","FACTORIAL.02","","Thu Nov 07 00:39:12 GMT 2024","passed","Thu Nov 07 00:39:12 GMT 2024","","METTA-MORPH-TESTS","METTA-MORPH-TESTS",""
"","23","INF-CTL-MONTH-XP.06","","Thu Nov 07 01:17:45 GMT 2024","failed","Thu Nov 07 01:17:45 GMT 2024","","INFERENCE-CONTROL","INFERENCE-CONTROL",""
"","72","SYNTHESIZE-VIA-LET-TEST.10","","Thu Nov 07 01:24:23 GMT 2024","passed","Thu Nov 07 01:24:23 GMT 2024","","EXPERIMENTS","EXPERIMENTS",""
"","2","TYPE-PROP.36","","Thu Nov 07 01:09:27 GMT 2024","passed","Thu Nov 07 01:09:27 GMT 2024","","CHECK-TYPES-TEMP","CHECK-TYPES-TEMP",""
"","303","NATSTANDALONETEST.13","","Thu Nov 07 01:16:36 GMT 2024","failed","Thu Nov 07 01:16:36 GMT 2024","","HOL","HOL",""
"","4000","comparisons.inf-ctl-month-xp-short_5","","Thu Nov 07 00:33:43 GMT 2024","passed","Thu Nov 07 00:33:47 GMT 2024","","WHOLE-TESTS","WHOLE-TESTS",""
"","2","CURRIED-CHAINER.04","","Thu Nov 07 01:14:28 GMT 2024","passed","Thu Nov 07 01:14:28 GMT 2024","","CURRIED-CHAINING","CURRIED-CHAINING",""
"","4000","check_types.d5_auto_types","","Thu Nov 07 00:33:43 GMT 2024","passed","Thu Nov 07 00:33:47 GMT 2024","","WHOLE-TESTS","WHOLE-TESTS",""
"","50","FC-XP.09","","Thu Nov 07 01:16:31 GMT 2024","failed","Thu Nov 07 01:16:31 GMT 2024","","FORWARD-CHAINING","FORWARD-CHAINING",""
"","120","TYPE-PROP.76","","Thu Nov 07 01:09:27 GMT 2024","failed","Thu Nov 07 01:09:27 GMT 2024","","CHECK-TYPES-TEMP","CHECK-TYPES-TEMP",""
"","2","TYPES-PRELIM.14","","Thu Nov 07 00:48:22 GMT 2024","passed","Thu Nov 07 00:48:22 GMT 2024","","CHAINING","CHAINING",""
"","39","IMPLICATIONDIRECTINTRODUCTIONDTLTEST.04","","Thu Nov 07 01:12:29 GMT 2024","failed","Thu Nov 07 01:12:29 GMT 2024","","DEPENDENT-TYPES","DEPENDENT-TYPES",""
"","2","TESTS3.03","","Thu Nov 07 00:43:52 GMT 2024","passed","Thu Nov 07 00:43:52 GMT 2024","","MAIN-BRANCH","MAIN-BRANCH",""
"","5000","basic.state_types","","Thu Nov 07 00:33:43 GMT 2024","passed","Thu Nov 07 00:33:48 GMT 2024","","WHOLE-TESTS","WHOLE-TESTS",""
"","2","D1-GADT.08","","Thu Nov 07 00:33:48 GMT 2024","passed","Thu Nov 07 00:33:48 GMT 2024","","HYPERON-EXPERIMENTAL-SCRIPTS","HYPERON-EXPERIMENTAL-SCRIPTS",""
"","2","B5-TYPES-PRELIM.13","","Thu Nov 07 00:33:48 GMT 2024","passed","Thu Nov 07 00:33:48 GMT 2024","","HYPERON-EXPERIMENTAL-SCRIPTS","HYPERON-EXPERIMENTAL-SCRIPTS",""
"","2","00A-LANG-COMPILED-CASE.12","","Thu Nov 07 01:45:24 GMT 2024","passed","Thu Nov 07 01:45:24 GMT 2024","","DIRECT-COMP","DIRECT-COMP",""
"","2","TYPES.01","","Thu Nov 07 00:39:12 GMT 2024","passed","Thu Nov 07 00:39:12 GMT 2024","","METTA-MORPH-TESTS","METTA-MORPH-TESTS",""
"","3","CHAPTER-1-1.01","","Thu Nov 07 00:52:57 GMT 2024","passed","Thu Nov 07 00:52:57 GMT 2024","","SICP-BOOK","SICP-BOOK",""
"","45","TYPE-PROP.79","","Thu Nov 07 01:09:27 GMT 2024","failed","Thu Nov 07 01:09:27 GMT 2024","","CHECK-TYPES-TEMP","CHECK-TYPES-TEMP",""
"","7463","SUPPORTRULEEXP.04","","Thu Nov 07 01:12:29 GMT 2024","failed","Thu Nov 07 01:12:36 GMT 2024","","DEPENDENT-TYPES","DEPENDENT-TYPES",""
"","3","FORWARD-CHAINER-TEST.12","","Thu Nov 07 01:16:20 GMT 2024","passed","Thu Nov 07 01:16:20 GMT 2024","","FORWARD-CHAINER","FORWARD-CHAINER",""
"","2","ADD-REMOVE-MATCH-S-STRINGS.09","","Thu Nov 07 00:50:40 GMT 2024","passed","Thu Nov 07 00:50:40 GMT 2024","","SPACES","SPACES",""
"","3","01-LANG-INC.01","","Thu Nov 07 00:35:23 GMT 2024","passed","Thu Nov 07 00:35:23 GMT 2024","","HYPERON-METTALOG-SANITY","HYPERON-METTALOG-SANITY",""
"","3","DEDUCTIONENTAILTEST.01","","Thu Nov 07 01:15:59 GMT 2024","passed","Thu Nov 07 01:15:59 GMT 2024","","ENTAIL","ENTAIL",""
"","11","UNWEIGHTED-PLLM.04","","Thu Nov 07 02:07:54 GMT 2024","failed","Thu Nov 07 02:07:54 GMT 2024","","LANGUAGE-MODELS","LANGUAGE-MODELS",""
"","3","LISTTEST.15","","Thu Nov 07 01:13:50 GMT 2024","passed","Thu Nov 07 01:13:50 GMT 2024","","COMMON","COMMON",""
"","1","CML-UNSHARED.10","","Thu Nov 07 01:55:24 GMT 2024","passed","Thu Nov 07 01:55:24 GMT 2024","","BASIC","BASIC",""
"","5000","hyperon-mettalog_sanity.space_subtraction_tests","","Thu Nov 07 00:33:43 GMT 2024","passed","Thu Nov 07 00:33:48 GMT 2024","","WHOLE-TESTS","WHOLE-TESTS",""
"","5000","hol.NatTest","","Thu Nov 07 00:33:43 GMT 2024","passed","Thu Nov 07 00:33:48 GMT 2024","","WHOLE-TESTS","WHOLE-TESTS",""
"","2","C1-GROUNDED-BASIC.01","","Thu Nov 07 00:33:48 GMT 2024","passed","Thu Nov 07 00:33:48 GMT 2024","","HYPERON-EXPERIMENTAL-SCRIPTS","HYPERON-EXPERIMENTAL-SCRIPTS",""
"","108","UNWEIGHTED-PLLM.06","","Thu Nov 07 02:07:54 GMT 2024","failed","Thu Nov 07 02:07:54 GMT 2024","","LANGUAGE-MODELS","LANGUAGE-MODELS",""
"","255","PROB-DEP-TYPES.11","","Thu Nov 07 01:01:34 GMT 2024","passed","Thu Nov 07 01:01:34 GMT 2024","","PROB-DEP-TYPES","PROB-DEP-TYPES",""
"","5000","quick.f1_imports","","Thu Nov 07 00:33:43 GMT 2024","passed","Thu Nov 07 00:33:48 GMT 2024","","WHOLE-TESTS","WHOLE-TESTS",""
"","2","ADD-REMOVE-MATCH-MIX-FLOAT-INTEGER.18","","Thu Nov 07 00:50:40 GMT 2024","passed","Thu Nov 07 00:50:40 GMT 2024","","SPACES","SPACES",""
"","2","SYNTHESIZE-VIA-TYPE-CHECKING.13","","Thu Nov 07 01:24:23 GMT 2024","passed","Thu Nov 07 01:24:23 GMT 2024","","EXPERIMENTS","EXPERIMENTS",""
"","413","TESTS0.06","","Thu Nov 07 01:41:28 GMT 2024","passed","Thu Nov 07 01:41:28 GMT 2024","","PREV","PREV",""
"","2","D2-HIGHERFUNC.18","","Thu Nov 07 00:43:23 GMT 2024","passed","Thu Nov 07 00:43:23 GMT 2024","","QUICK","QUICK",""
"","5000","anti-regression.bchain_comp","","Thu Nov 07 00:33:43 GMT 2024","passed","Thu Nov 07 00:33:48 GMT 2024","","WHOLE-TESTS","WHOLE-TESTS",""
"","5","03-SORING-VIA-INSERT.01","","Thu Nov 07 00:35:23 GMT 2024","passed","Thu Nov 07 00:35:23 GMT 2024","","HYPERON-METTALOG-SANITY","HYPERON-METTALOG-SANITY",""
"","2","D2-HIGHERFUNC.14","","Thu Nov 07 01:09:47 GMT 2024","passed","Thu Nov 07 01:09:47 GMT 2024","","CHECK-TYPES","CHECK-TYPES",""
"","2","D3-DEPTYPES.03","","Thu Nov 07 01:09:47 GMT 2024","passed","Thu Nov 07 01:09:47 GMT 2024","","CHECK-TYPES","CHECK-TYPES",""
"","2","TYPE-PROP.50","","Thu Nov 07 01:09:27 GMT 2024","passed","Thu Nov 07 01:09:27 GMT 2024","","CHECK-TYPES-TEMP","CHECK-TYPES-TEMP",""
"","2","BCHAIN-COMP.03","","Thu Nov 07 01:46:51 GMT 2024","passed","Thu Nov 07 01:46:51 GMT 2024","","WALK-THRU","WALK-THRU",""
"","2","TESTS4.05","","Thu Nov 07 00:43:52 GMT 2024","passed","Thu Nov 07 00:43:52 GMT 2024","","MAIN-BRANCH","MAIN-BRANCH",""
"","1","BACKWARD-CHAINER-XP.39","","Thu Nov 07 01:13:36 GMT 2024","passed","Thu Nov 07 01:13:36 GMT 2024","","BACKWARD-CHAINER","BACKWARD-CHAINER",""
"","2","STATE-TYPES.13","","Thu Nov 07 01:55:24 GMT 2024","passed","Thu Nov 07 01:55:24 GMT 2024","","BASIC","BASIC",""
"","4000","features.represent_and_parse_tests","","Thu Nov 07 00:33:43 GMT 2024","passed","Thu Nov 07 00:33:47 GMT 2024","","WHOLE-TESTS","WHOLE-TESTS",""
"","7","SPACE-INTERSECTION-TESTS.03","","Thu Nov 07 00:35:23 GMT 2024","passed","Thu Nov 07 00:35:23 GMT 2024","","HYPERON-METTALOG-SANITY","HYPERON-METTALOG-SANITY",""
"","2","FORWARD-CHAINER-XP.18","","Thu Nov 07 01:16:20 GMT 2024","passed","Thu Nov 07 01:16:20 GMT 2024","","FORWARD-CHAINER","FORWARD-CHAINER",""
"","4000","logic.puzzle","","Thu Nov 07 00:33:43 GMT 2024","passed","Thu Nov 07 00:33:47 GMT 2024","","WHOLE-TESTS","WHOLE-TESTS",""
"","3","D4-TYPE-PROP.04","","Thu Nov 07 01:09:47 GMT 2024","passed","Thu Nov 07 01:09:47 GMT 2024","","CHECK-TYPES","CHECK-TYPES",""
"","14","05-MATCH-SUPERPOSE-ELEMENT-LIKE-SPACE.02","","Thu Nov 07 01:50:02 GMT 2024","failed","Thu Nov 07 01:50:02 GMT 2024","","CONTAINERS-ARE-SPACES","CONTAINERS-ARE-SPACES",""
"","1","HYPERPOSING-SHARED.07","","Thu Nov 07 01:55:24 GMT 2024","passed","Thu Nov 07 01:55:24 GMT 2024","","BASIC","BASIC",""
"","2","C1-GROUNDED-BASIC.20","","Thu Nov 07 00:43:23 GMT 2024","passed","Thu Nov 07 00:43:23 GMT 2024","","QUICK","QUICK",""
"","3","DEBUG-METTALOGTESTCURRIED.03","","Thu Nov 07 01:46:51 GMT 2024","passed","Thu Nov 07 01:46:51 GMT 2024","","WALK-THRU","WALK-THRU",""
"","282","TESTS0.06","","Thu Nov 07 01:37:35 GMT 2024","failed","Thu Nov 07 01:37:35 GMT 2024","","NEW","NEW",""
"","7224","PROB-DEP-TYPES.14","","Thu Nov 07 01:01:34 GMT 2024","failed","Thu Nov 07 01:01:41 GMT 2024","","PROB-DEP-TYPES","PROB-DEP-TYPES",""
"","2","STDLIB-METTALOG-TEST-PT2.50","","Thu Nov 07 00:52:48 GMT 2024","passed","Thu Nov 07 00:52:48 GMT 2024","","STDLIB-METTALOG","STDLIB-METTALOG",""
"","51","FORWARD-CHAINER-XP.01","","Thu Nov 07 01:16:20 GMT 2024","failed","Thu Nov 07 01:16:20 GMT 2024","","FORWARD-CHAINER","FORWARD-CHAINER",""
"","27","NATTEST.04","","Thu Nov 07 01:16:36 GMT 2024","failed","Thu Nov 07 01:16:36 GMT 2024","","HOL","HOL",""
"","2","C1-GROUNDED-BASIC.16","","Thu Nov 07 00:33:48 GMT 2024","passed","Thu Nov 07 00:33:48 GMT 2024","","HYPERON-EXPERIMENTAL-SCRIPTS","HYPERON-EXPERIMENTAL-SCRIPTS",""
"","2","B5-TYPES-PRELIM.01","","Thu Nov 07 00:33:48 GMT 2024","passed","Thu Nov 07 00:33:48 GMT 2024","","HYPERON-EXPERIMENTAL-SCRIPTS","HYPERON-EXPERIMENTAL-SCRIPTS",""
"","1","BCHAIN-COMP.02","","Thu Nov 07 00:41:17 GMT 2024","passed","Thu Nov 07 00:41:17 GMT 2024","","ANTI-REGRESSION","ANTI-REGRESSION",""
"","2","CML-UNSHARED.02","","Thu Nov 07 01:55:24 GMT 2024","passed","Thu Nov 07 01:55:24 GMT 2024","","BASIC","BASIC",""
"","2","TYPE-PROP.07","","Thu Nov 07 00:48:22 GMT 2024","passed","Thu Nov 07 00:48:22 GMT 2024","","CHAINING","CHAINING",""
"","3","LISTTEST.04","","Thu Nov 07 01:13:50 GMT 2024","passed","Thu Nov 07 01:13:50 GMT 2024","","COMMON","COMMON",""
"","5000","spaces.add-remove-match-mix-float-integer","","Thu Nov 07 00:33:43 GMT 2024","passed","Thu Nov 07 00:33:48 GMT 2024","","WHOLE-TESTS","WHOLE-TESTS",""
"","2","BASIC.07","","Thu Nov 07 01:06:47 GMT 2024","passed","Thu Nov 07 01:06:47 GMT 2024","","TRAVERSER","TRAVERSER",""
"","2","06-MATCH-IN-SPACE.05","","Thu Nov 07 00:35:23 GMT 2024","passed","Thu Nov 07 00:35:23 GMT 2024","","HYPERON-METTALOG-SANITY","HYPERON-METTALOG-SANITY",""
"","3","STRING-TESTS.21","","Thu Nov 07 00:35:23 GMT 2024","passed","Thu Nov 07 00:35:23 GMT 2024","","HYPERON-METTALOG-SANITY","HYPERON-METTALOG-SANITY",""
"","2","D1-GADT.03","","Thu Nov 07 01:09:47 GMT 2024","passed","Thu Nov 07 01:09:47 GMT 2024","","CHECK-TYPES","CHECK-TYPES",""
"","2","D4-TYPE-PROP.10","","Thu Nov 07 00:43:23 GMT 2024","passed","Thu Nov 07 00:43:23 GMT 2024","","QUICK","QUICK",""
"","3","TESTS4.03","","Thu Nov 07 00:43:52 GMT 2024","passed","Thu Nov 07 00:43:52 GMT 2024","","MAIN-BRANCH","MAIN-BRANCH",""
"","2","BC-XP.13","","Thu Nov 07 01:13:41 GMT 2024","passed","Thu Nov 07 01:13:41 GMT 2024","","BACKWARD-CHAINING","BACKWARD-CHAINING",""
"","40000","combinator-calculi.y_comb_examples","","Thu Nov 07 00:33:43 GMT 2024","failed","Thu Nov 07 00:34:23 GMT 2024","","WHOLE-TESTS","WHOLE-TESTS",""
"","2","D2-HIGHERFUNC.13","","Thu Nov 07 01:09:47 GMT 2024","passed","Thu Nov 07 01:09:47 GMT 2024","","CHECK-TYPES","CHECK-TYPES",""
"","117","SPACE-INTERSECTION-TESTS.08","","Thu Nov 07 00:35:23 GMT 2024","failed","Thu Nov 07 00:35:23 GMT 2024","","HYPERON-METTALOG-SANITY","HYPERON-METTALOG-SANITY",""
"","13","00-LANG-CASE.11","","Thu Nov 07 00:35:23 GMT 2024","passed","Thu Nov 07 00:35:23 GMT 2024","","HYPERON-METTALOG-SANITY","HYPERON-METTALOG-SANITY",""
"","1","HYPERPOSING.05","","Thu Nov 07 01:55:24 GMT 2024","passed","Thu Nov 07 01:55:24 GMT 2024","","BASIC","BASIC",""
"","14","CHAPTER-2-4.22","","Thu Nov 07 00:52:57 GMT 2024","failed","Thu Nov 07 00:52:57 GMT 2024","","SICP-BOOK","SICP-BOOK",""
"","3","TRUTHVALUETEST.07","","Thu Nov 07 01:14:17 GMT 2024","passed","Thu Nov 07 01:14:17 GMT 2024","","TRUTHVALUE","TRUTHVALUE",""
"","14","CREATE-SERVER.02","","Thu Nov 07 01:51:12 GMT 2024","failed","Thu Nov 07 01:51:12 GMT 2024","","DISTRIBUTED-PROCESSING","DISTRIBUTED-PROCESSING",""
"","39000","hol.NatSimpleTest","","Thu Nov 07 00:33:43 GMT 2024","passed","Thu Nov 07 00:34:22 GMT 2024","","WHOLE-TESTS","WHOLE-TESTS",""
"","3","DEBUG-METTALOGTESTCURRIED.04","","Thu Nov 07 01:46:51 GMT 2024","passed","Thu Nov 07 01:46:51 GMT 2024","","WALK-THRU","WALK-THRU",""
"","2","STDLIB-METTALOG-TEST-PT2.69","","Thu Nov 07 00:52:48 GMT 2024","passed","Thu Nov 07 00:52:48 GMT 2024","","STDLIB-METTALOG","STDLIB-METTALOG",""
"","2","STDLIB-METTALOG-TEST-PT2.29","","Thu Nov 07 00:52:48 GMT 2024","passed","Thu Nov 07 00:52:48 GMT 2024","","STDLIB-METTALOG","STDLIB-METTALOG",""
"","3","IFC-XP.15","","Thu Nov 07 01:19:47 GMT 2024","passed","Thu Nov 07 01:19:47 GMT 2024","","ITERATIVE-CHAINING","ITERATIVE-CHAINING",""
"","5000","aunt-kg.baseline_formulation","","Thu Nov 07 00:33:43 GMT 2024","passed","Thu Nov 07 00:33:48 GMT 2024","","WHOLE-TESTS","WHOLE-TESTS",""
"","290","SELF-CONTAINED-SYNTHESIZE.03","","Thu Nov 07 01:24:23 GMT 2024","failed","Thu Nov 07 01:24:23 GMT 2024","","EXPERIMENTS","EXPERIMENTS",""
"","2","TYPES-PRELIM.03","","Thu Nov 07 00:48:22 GMT 2024","passed","Thu Nov 07 00:48:22 GMT 2024","","CHAINING","CHAINING",""
"","512","TESTS5.01","","Thu Nov 07 00:43:52 GMT 2024","failed","Thu Nov 07 00:43:52 GMT 2024","","MAIN-BRANCH","MAIN-BRANCH",""
"","2","FC-XP.22","","Thu Nov 07 01:16:31 GMT 2024","passed","Thu Nov 07 01:16:31 GMT 2024","","FORWARD-CHAINING","FORWARD-CHAINING",""
"","2","PREREQS.02","","Thu Nov 07 00:43:52 GMT 2024","passed","Thu Nov 07 00:43:52 GMT 2024","","MAIN-BRANCH","MAIN-BRANCH",""
"","2","AI-SERVICE-COMPOSITION-SANITY.05","","Thu Nov 07 01:06:59 GMT 2024","passed","Thu Nov 07 01:06:59 GMT 2024","","AI-SERVICE","AI-SERVICE",""
"","129","INF-CTL-MONTH-BC-CONT-XP.25","","Thu Nov 07 01:17:45 GMT 2024","passed","Thu Nov 07 01:17:45 GMT 2024","","INFERENCE-CONTROL","INFERENCE-CONTROL",""
"","2","SEQUENTIAL-NESTED.10","","Thu Nov 07 00:39:12 GMT 2024","passed","Thu Nov 07 00:39:12 GMT 2024","","METTA-MORPH-TESTS","METTA-MORPH-TESTS",""
"","2","D2-HIGHERFUNC.11","","Thu Nov 07 00:43:23 GMT 2024","passed","Thu Nov 07 00:43:23 GMT 2024","","QUICK","QUICK",""
"","829","JOHN-CARRY-FLOWER-TEST.05","","Thu Nov 07 01:23:17 GMT 2024","failed","Thu Nov 07 01:23:17 GMT 2024","","JOHN-CARRY-FLOWER","JOHN-CARRY-FLOWER",""
"","2","STATES-SPACES.02","","Thu Nov 07 00:39:12 GMT 2024","passed","Thu Nov 07 00:39:12 GMT 2024","","METTA-MORPH-TESTS","METTA-MORPH-TESTS",""
"","60","B5-TYPES-PRELIM.02","","Thu Nov 07 00:33:48 GMT 2024","failed","Thu Nov 07 00:33:48 GMT 2024","","HYPERON-EXPERIMENTAL-SCRIPTS","HYPERON-EXPERIMENTAL-SCRIPTS",""
"","10098","SIMPLE.01","","Thu Nov 07 00:59:51 GMT 2024","passed","Thu Nov 07 01:00:01 GMT 2024","","FIZZBUZZ","FIZZBUZZ",""
"","472","PC-XP.15","","Thu Nov 07 01:22:32 GMT 2024","failed","Thu Nov 07 01:22:32 GMT 2024","","POLYWARD-CHAINING","POLYWARD-CHAINING",""
"","2","TYPE-PROP.61","","Thu Nov 07 01:09:27 GMT 2024","passed","Thu Nov 07 01:09:27 GMT 2024","","CHECK-TYPES-TEMP","CHECK-TYPES-TEMP",""
"","123","TRUTHVALUETEST.08","","Thu Nov 07 01:14:17 GMT 2024","passed","Thu Nov 07 01:14:17 GMT 2024","","TRUTHVALUE","TRUTHVALUE",""
"","2","D2-HIGHERFUNC.12","","Thu Nov 07 00:43:23 GMT 2024","passed","Thu Nov 07 00:43:23 GMT 2024","","QUICK","QUICK",""
"","46","CHAPTER-2-2.07","","Thu Nov 07 00:52:57 GMT 2024","failed","Thu Nov 07 00:52:57 GMT 2024","","SICP-BOOK","SICP-BOOK",""
"","2","C1-GROUNDED-BASIC.13","","Thu Nov 07 00:43:23 GMT 2024","passed","Thu Nov 07 00:43:23 GMT 2024","","QUICK","QUICK",""
"","2","LISTTEST.11","","Thu Nov 07 01:13:50 GMT 2024","passed","Thu Nov 07 01:13:50 GMT 2024","","COMMON","COMMON",""
"","2","F1-MODULEA.08","","Thu Nov 07 00:43:23 GMT 2024","passed","Thu Nov 07 00:43:23 GMT 2024","","QUICK","QUICK",""
"","3","FC-XP.04","","Thu Nov 07 01:16:31 GMT 2024","passed","Thu Nov 07 01:16:31 GMT 2024","","FORWARD-CHAINING","FORWARD-CHAINING",""
"","2","D2-HIGHERFUNC.02","","Thu Nov 07 00:33:48 GMT 2024","passed","Thu Nov 07 00:33:48 GMT 2024","","HYPERON-EXPERIMENTAL-SCRIPTS","HYPERON-EXPERIMENTAL-SCRIPTS",""
"","5000","spaces.add-remove-match-ss-strings","","Thu Nov 07 00:33:43 GMT 2024","passed","Thu Nov 07 00:33:48 GMT 2024","","WHOLE-TESTS","WHOLE-TESTS",""
"","2","FC-XP.19","","Thu Nov 07 01:16:31 GMT 2024","passed","Thu Nov 07 01:16:31 GMT 2024","","FORWARD-CHAINING","FORWARD-CHAINING",""
"","2","SPACE-SUBTRACTION-TESTS.06","","Thu Nov 07 00:35:23 GMT 2024","passed","Thu Nov 07 00:35:23 GMT 2024","","HYPERON-METTALOG-SANITY","HYPERON-METTALOG-SANITY",""
"","2","ADD-REMOVE-MATCH-FLOAT.01","","Thu Nov 07 00:50:40 GMT 2024","passed","Thu Nov 07 00:50:40 GMT 2024","","SPACES","SPACES",""
"","4","F1-IMPORTS.02","","Thu Nov 07 00:33:48 GMT 2024","passed","Thu Nov 07 00:33:48 GMT 2024","","HYPERON-EXPERIMENTAL-SCRIPTS","HYPERON-EXPERIMENTAL-SCRIPTS",""
"","7","REWRITES.02","","Thu Nov 07 01:05:16 GMT 2024","passed","Thu Nov 07 01:05:16 GMT 2024","","STACK-BASED","STACK-BASED",""
"","2","06-MATCH-IN-SPACE.04","","Thu Nov 07 00:35:23 GMT 2024","passed","Thu Nov 07 00:35:23 GMT 2024","","HYPERON-METTALOG-SANITY","HYPERON-METTALOG-SANITY",""
"","68","B5-TYPES-PRELIM.24","","Thu Nov 07 00:33:48 GMT 2024","failed","Thu Nov 07 00:33:48 GMT 2024","","HYPERON-EXPERIMENTAL-SCRIPTS","HYPERON-EXPERIMENTAL-SCRIPTS",""
"","40000","nars_extras.TestNARS_listing","","Thu Nov 07 00:33:43 GMT 2024","failed","Thu Nov 07 00:34:23 GMT 2024","","WHOLE-TESTS","WHOLE-TESTS",""
"","17000","bigram-sentence-evaluator.bigrams","","Thu Nov 07 00:33:43 GMT 2024","passed","Thu Nov 07 00:34:00 GMT 2024","","WHOLE-TESTS","WHOLE-TESTS",""
"","4000","hyperon-experimental_scripts.e3_match_states","","Thu Nov 07 00:33:43 GMT 2024","passed","Thu Nov 07 00:33:47 GMT 2024","","WHOLE-TESTS","WHOLE-TESTS",""
"","2","ADD-REMOVE-MATCH-INTEGER.39","","Thu Nov 07 00:50:40 GMT 2024","passed","Thu Nov 07 00:50:40 GMT 2024","","SPACES","SPACES",""
"","6000","inference-control.inf-ctl-xp","","Thu Nov 07 00:33:43 GMT 2024","passed","Thu Nov 07 00:33:49 GMT 2024","","WHOLE-TESTS","WHOLE-TESTS",""
"","2","C1-GROUNDED-BASIC.05","","Thu Nov 07 00:43:23 GMT 2024","passed","Thu Nov 07 00:43:23 GMT 2024","","QUICK","QUICK",""
"","38","TYPE-PROP.55","","Thu Nov 07 01:09:27 GMT 2024","failed","Thu Nov 07 01:09:27 GMT 2024","","CHECK-TYPES-TEMP","CHECK-TYPES-TEMP",""
"","4000","common.EqualityTypeTest","","Thu Nov 07 00:33:43 GMT 2024","passed","Thu Nov 07 00:33:47 GMT 2024","","WHOLE-TESTS","WHOLE-TESTS",""
"","3","CURRIED-CHAINER.06","","Thu Nov 07 01:14:28 GMT 2024","passed","Thu Nov 07 01:14:28 GMT 2024","","CURRIED-CHAINING","CURRIED-CHAINING",""
"","2","ADD-REMOVE-MATCH-INTEGER.27","","Thu Nov 07 00:50:40 GMT 2024","passed","Thu Nov 07 00:50:40 GMT 2024","","SPACES","SPACES",""
"","1","HYPERPOSE.03","","Thu Nov 07 00:39:12 GMT 2024","passed","Thu Nov 07 00:39:12 GMT 2024","","METTA-MORPH-TESTS","METTA-MORPH-TESTS",""
"","25","STDLIB-METTALOG-TEST-PT2.16","","Thu Nov 07 00:52:48 GMT 2024","failed","Thu Nov 07 00:52:48 GMT 2024","","STDLIB-METTALOG","STDLIB-METTALOG",""
"","3","FORWARD-CHAINER-XP.03","","Thu Nov 07 01:16:20 GMT 2024","passed","Thu Nov 07 01:16:20 GMT 2024","","FORWARD-CHAINER","FORWARD-CHAINER",""
"","130","FORWARD-CHAINER-XP.20","","Thu Nov 07 01:16:20 GMT 2024","passed","Thu Nov 07 01:16:20 GMT 2024","","FORWARD-CHAINER","FORWARD-CHAINER",""
"","1","DEDUCTIONFORMULATEST.06","","Thu Nov 07 01:14:12 GMT 2024","passed","Thu Nov 07 01:14:12 GMT 2024","","FORMULA","FORMULA",""
"","2","XOR-TEST.06","","Thu Nov 07 00:35:23 GMT 2024","passed","Thu Nov 07 00:35:23 GMT 2024","","HYPERON-METTALOG-SANITY","HYPERON-METTALOG-SANITY",""
"","2","QUERIES.01","","Thu Nov 07 01:06:05 GMT 2024","passed","Thu Nov 07 01:06:05 GMT 2024","","STRIPS-TO-METTA-IMPROVED","STRIPS-TO-METTA-IMPROVED",""
"","2","TESTS0.06","","Thu Nov 07 01:28:35 GMT 2024","passed","Thu Nov 07 01:28:35 GMT 2024","","CURRENT","CURRENT",""
"","1","D4-TYPE-PROP.07","","Thu Nov 07 00:43:23 GMT 2024","passed","Thu Nov 07 00:43:23 GMT 2024","","QUICK","QUICK",""
"","3","OBIF-EASY.02","","Thu Nov 07 01:53:05 GMT 2024","passed","Thu Nov 07 01:53:05 GMT 2024","","MULTIDIRECTIONAL","MULTIDIRECTIONAL",""
"","71","STATE-TYPES.18","","Thu Nov 07 01:55:24 GMT 2024","failed","Thu Nov 07 01:55:24 GMT 2024","","BASIC","BASIC",""
"","2","STDLIB-METTALOG-TEST-PT2.63","","Thu Nov 07 00:52:48 GMT 2024","passed","Thu Nov 07 00:52:48 GMT 2024","","STDLIB-METTALOG","STDLIB-METTALOG",""
"","40000","dependent-types.MinerDTL2Test","","Thu Nov 07 00:33:43 GMT 2024","failed","Thu Nov 07 00:34:23 GMT 2024","","WHOLE-TESTS","WHOLE-TESTS",""
"","2","D2-HIGHERFUNC.04","","Thu Nov 07 00:43:23 GMT 2024","passed","Thu Nov 07 00:43:23 GMT 2024","","QUICK","QUICK",""
"","16","STDLIB-METTALOG-TEST-PT2.34","","Thu Nov 07 00:52:48 GMT 2024","failed","Thu Nov 07 00:52:48 GMT 2024","","STDLIB-METTALOG","STDLIB-METTALOG",""
"","2","OR-TEST.05","","Thu Nov 07 00:35:23 GMT 2024","passed","Thu Nov 07 00:35:23 GMT 2024","","HYPERON-METTALOG-SANITY","HYPERON-METTALOG-SANITY",""
"","2","TYPE-PROP.31","","Thu Nov 07 01:09:27 GMT 2024","passed","Thu Nov 07 01:09:27 GMT 2024","","CHECK-TYPES-TEMP","CHECK-TYPES-TEMP",""
"","40000","SICP_book.chapter_1_2","","Thu Nov 07 00:33:43 GMT 2024","failed","Thu Nov 07 00:34:23 GMT 2024","","WHOLE-TESTS","WHOLE-TESTS",""
"","2","F1-IMPORTS.15","","Thu Nov 07 00:33:48 GMT 2024","passed","Thu Nov 07 00:33:48 GMT 2024","","HYPERON-EXPERIMENTAL-SCRIPTS","HYPERON-EXPERIMENTAL-SCRIPTS",""
"","2","ADD-REMOVE-MATCH-SYMBOLS.06","","Thu Nov 07 00:50:40 GMT 2024","passed","Thu Nov 07 00:50:40 GMT 2024","","SPACES","SPACES",""
"","13","TYPE-PROP.57","","Thu Nov 07 01:09:27 GMT 2024","failed","Thu Nov 07 01:09:27 GMT 2024","","CHECK-TYPES-TEMP","CHECK-TYPES-TEMP",""
"","2","CHAPTER-2-4.06","","Thu Nov 07 00:52:57 GMT 2024","passed","Thu Nov 07 00:52:57 GMT 2024","","SICP-BOOK","SICP-BOOK",""
"","48","IBC-XP.07","","Thu Nov 07 01:19:47 GMT 2024","failed","Thu Nov 07 01:19:47 GMT 2024","","ITERATIVE-CHAINING","ITERATIVE-CHAINING",""
"","3","METTALOGTESTCURRIED2.01","","Thu Nov 07 01:46:51 GMT 2024","passed","Thu Nov 07 01:46:51 GMT 2024","","WALK-THRU","WALK-THRU",""
"","2","IFC-XP.18","","Thu Nov 07 01:19:47 GMT 2024","passed","Thu Nov 07 01:19:47 GMT 2024","","ITERATIVE-CHAINING","ITERATIVE-CHAINING",""
"","16","INF-CTL-XP.11","","Thu Nov 07 01:17:45 GMT 2024","failed","Thu Nov 07 01:17:45 GMT 2024","","INFERENCE-CONTROL","INFERENCE-CONTROL",""
"","4000","bidirectional_computation.reverse-arithmetic","","Thu Nov 07 00:33:43 GMT 2024","passed","Thu Nov 07 00:33:47 GMT 2024","","WHOLE-TESTS","WHOLE-TESTS",""
"","2","BACKWARD-CHAINER-XP.42","","Thu Nov 07 01:13:36 GMT 2024","passed","Thu Nov 07 01:13:36 GMT 2024","","BACKWARD-CHAINER","BACKWARD-CHAINER",""
"","134","SPACE-INTERSECTION-TESTS.07","","Thu Nov 07 00:35:23 GMT 2024","failed","Thu Nov 07 00:35:23 GMT 2024","","HYPERON-METTALOG-SANITY","HYPERON-METTALOG-SANITY",""
"","3","DEDUCTIONFORMULATEST.01","","Thu Nov 07 01:14:12 GMT 2024","passed","Thu Nov 07 01:14:12 GMT 2024","","FORMULA","FORMULA",""
"","13","STDLIB-METTALOG-TEST-PT2.35","","Thu Nov 07 00:52:48 GMT 2024","passed","Thu Nov 07 00:52:48 GMT 2024","","STDLIB-METTALOG","STDLIB-METTALOG",""
"","69","DEDUCTIONDTLTEST.01","","Thu Nov 07 01:12:29 GMT 2024","failed","Thu Nov 07 01:12:29 GMT 2024","","DEPENDENT-TYPES","DEPENDENT-TYPES",""
"","72","INTERSECTION-TESTS.06","","Thu Nov 07 00:35:23 GMT 2024","passed","Thu Nov 07 00:35:23 GMT 2024","","HYPERON-METTALOG-SANITY","HYPERON-METTALOG-SANITY",""
"","3","TYPES2.01","","Thu Nov 07 00:39:12 GMT 2024","passed","Thu Nov 07 00:39:12 GMT 2024","","METTA-MORPH-TESTS","METTA-MORPH-TESTS",""
"","3","00-LANG-CASE.14","","Thu Nov 07 00:35:23 GMT 2024","passed","Thu Nov 07 00:35:23 GMT 2024","","HYPERON-METTALOG-SANITY","HYPERON-METTALOG-SANITY",""
"","2","D2-HIGHERFUNC.17","","Thu Nov 07 01:09:47 GMT 2024","passed","Thu Nov 07 01:09:47 GMT 2024","","CHECK-TYPES","CHECK-TYPES",""
"","2","SUPERPOSE-NESTED.04","","Thu Nov 07 00:39:12 GMT 2024","passed","Thu Nov 07 00:39:12 GMT 2024","","METTA-MORPH-TESTS","METTA-MORPH-TESTS",""
"","286","STDLIB-METTALOG-TEST-PT2.22","","Thu Nov 07 00:52:48 GMT 2024","failed","Thu Nov 07 00:52:48 GMT 2024","","STDLIB-METTALOG","STDLIB-METTALOG",""
"","6000","dependent-types.bchain","","Thu Nov 07 00:33:43 GMT 2024","passed","Thu Nov 07 00:33:49 GMT 2024","","WHOLE-TESTS","WHOLE-TESTS",""
"","59","E2-STATES.08","","Thu Nov 07 01:09:47 GMT 2024","failed","Thu Nov 07 01:09:47 GMT 2024","","CHECK-TYPES","CHECK-TYPES",""
"","11","05-MATCH-SUPERPOSE-ELEMENT-LIKE-SPACE.01","","Thu Nov 07 01:50:02 GMT 2024","failed","Thu Nov 07 01:50:02 GMT 2024","","CONTAINERS-ARE-SPACES","CONTAINERS-ARE-SPACES",""
"","2","STDLIB-METTALOG-TEST-PT2.09","","Thu Nov 07 00:52:48 GMT 2024","passed","Thu Nov 07 00:52:48 GMT 2024","","STDLIB-METTALOG","STDLIB-METTALOG",""
"","103","B4-NONDETERM.11","","Thu Nov 07 00:33:48 GMT 2024","passed","Thu Nov 07 00:33:48 GMT 2024","","HYPERON-EXPERIMENTAL-SCRIPTS","HYPERON-EXPERIMENTAL-SCRIPTS",""
"","5000","module-system.f1_moduleA","","Thu Nov 07 00:33:43 GMT 2024","passed","Thu Nov 07 00:33:48 GMT 2024","","WHOLE-TESTS","WHOLE-TESTS",""
"","2","ADD-REMOVE-MATCH-MIX-FLOAT-INTEGER.23","","Thu Nov 07 00:50:40 GMT 2024","passed","Thu Nov 07 00:50:40 GMT 2024","","SPACES","SPACES",""
"","1113","TRAINING-BI.04","","Thu Nov 07 02:07:54 GMT 2024","passed","Thu Nov 07 02:07:55 GMT 2024","","LANGUAGE-MODELS","LANGUAGE-MODELS",""
"","1","ADD-REMOVE-MATCH-MIX-FLOAT-INTEGER.05","","Thu Nov 07 00:50:40 GMT 2024","passed","Thu Nov 07 00:50:40 GMT 2024","","SPACES","SPACES",""
"","5000","direct_comp.00a_lang_compiled_case","","Thu Nov 07 00:33:43 GMT 2024","passed","Thu Nov 07 00:33:48 GMT 2024","","WHOLE-TESTS","WHOLE-TESTS",""
"","140","SHOW-TYPE.07","","Thu Nov 07 00:50:25 GMT 2024","failed","Thu Nov 07 00:50:25 GMT 2024","","INTROSPECT","INTROSPECT",""
"","40000","loop-checks.06_loop_2","","Thu Nov 07 00:33:43 GMT 2024","failed","Thu Nov 07 00:34:23 GMT 2024","","WHOLE-TESTS","WHOLE-TESTS",""
"","5000","check_types-temp.type_prop","","Thu Nov 07 00:33:43 GMT 2024","passed","Thu Nov 07 00:33:48 GMT 2024","","WHOLE-TESTS","WHOLE-TESTS",""
"","41000","comparisons.fibo_arg1c","","Thu Nov 07 00:33:43 GMT 2024","failed","Thu Nov 07 00:34:24 GMT 2024","","WHOLE-TESTS","WHOLE-TESTS",""
"","4","TRUTHVALUETEST.02","","Thu Nov 07 01:14:17 GMT 2024","passed","Thu Nov 07 01:14:17 GMT 2024","","TRUTHVALUE","TRUTHVALUE",""
"","3","STATE-TYPES.01","","Thu Nov 07 01:55:24 GMT 2024","passed","Thu Nov 07 01:55:24 GMT 2024","","BASIC","BASIC",""
"","330","DEDUCTIONEQUALTEST.01","","Thu Nov 07 01:16:10 GMT 2024","failed","Thu Nov 07 01:16:10 GMT 2024","","EQUAL","EQUAL",""
"","2","D4-TYPE-PROP.13","","Thu Nov 07 01:09:47 GMT 2024","passed","Thu Nov 07 01:09:47 GMT 2024","","CHECK-TYPES","CHECK-TYPES",""
"","2","IBC-XP.03","","Thu Nov 07 01:19:47 GMT 2024","passed","Thu Nov 07 01:19:47 GMT 2024","","ITERATIVE-CHAINING","ITERATIVE-CHAINING",""
"","48","PC-XP.01","","Thu Nov 07 01:22:32 GMT 2024","failed","Thu Nov 07 01:22:32 GMT 2024","","POLYWARD-CHAINING","POLYWARD-CHAINING",""
"","2","D4-TYPE-PROP.18","","Thu Nov 07 01:09:47 GMT 2024","passed","Thu Nov 07 01:09:47 GMT 2024","","CHECK-TYPES","CHECK-TYPES",""
"","57","APPEND-USING-EQUALITY.02","","Thu Nov 07 01:53:05 GMT 2024","failed","Thu Nov 07 01:53:05 GMT 2024","","MULTIDIRECTIONAL","MULTIDIRECTIONAL",""
"","2","D2-HIGHERFUNC.05","","Thu Nov 07 00:43:23 GMT 2024","passed","Thu Nov 07 00:43:23 GMT 2024","","QUICK","QUICK",""
"","70","TYPE-PROP.66","","Thu Nov 07 01:09:27 GMT 2024","failed","Thu Nov 07 01:09:27 GMT 2024","","CHECK-TYPES-TEMP","CHECK-TYPES-TEMP",""
"","3","B3-DIRECT.01","","Thu Nov 07 00:33:48 GMT 2024","passed","Thu Nov 07 00:33:48 GMT 2024","","HYPERON-EXPERIMENTAL-SCRIPTS","HYPERON-EXPERIMENTAL-SCRIPTS",""
"","2","D4-TYPE-PROP.16","","Thu Nov 07 00:43:23 GMT 2024","passed","Thu Nov 07 00:43:23 GMT 2024","","QUICK","QUICK",""
"","104","STDLIB-METTALOG-TEST-PT2.37","","Thu Nov 07 00:52:48 GMT 2024","failed","Thu Nov 07 00:52:48 GMT 2024","","STDLIB-METTALOG","STDLIB-METTALOG",""
"","2","HYPERPOSE.04","","Thu Nov 07 00:39:12 GMT 2024","passed","Thu Nov 07 00:39:12 GMT 2024","","METTA-MORPH-TESTS","METTA-MORPH-TESTS",""
"","189","USE-TWO-SERVERS.01","","Thu Nov 07 01:51:12 GMT 2024","failed","Thu Nov 07 01:51:12 GMT 2024","","DISTRIBUTED-PROCESSING","DISTRIBUTED-PROCESSING",""
"","2","F1-IMPORTS.16","","Thu Nov 07 00:33:38 GMT 2024","passed","Thu Nov 07 00:33:38 GMT 2024","","MODULE-SYSTEM","MODULE-SYSTEM",""
"","42","INF-CTL-MONTH-BC-CONT-XP.20","","Thu Nov 07 01:17:45 GMT 2024","failed","Thu Nov 07 01:17:45 GMT 2024","","INFERENCE-CONTROL","INFERENCE-CONTROL",""
"","2","STRING-TESTS.09","","Thu Nov 07 00:35:23 GMT 2024","passed","Thu Nov 07 00:35:23 GMT 2024","","HYPERON-METTALOG-SANITY","HYPERON-METTALOG-SANITY",""
"","3","B5-TYPES-PRELIM.10","","Thu Nov 07 00:33:48 GMT 2024","passed","Thu Nov 07 00:33:48 GMT 2024","","HYPERON-EXPERIMENTAL-SCRIPTS","HYPERON-EXPERIMENTAL-SCRIPTS",""
"","2","D4-TYPE-PROP.18","","Thu Nov 07 00:33:48 GMT 2024","passed","Thu Nov 07 00:33:48 GMT 2024","","HYPERON-EXPERIMENTAL-SCRIPTS","HYPERON-EXPERIMENTAL-SCRIPTS",""
"","2","ADD-REMOVE-MATCH-INTEGER.21","","Thu Nov 07 00:50:40 GMT 2024","passed","Thu Nov 07 00:50:40 GMT 2024","","SPACES","SPACES",""
"","2","HIGHER-ORDER-FUNCS.04","","Thu Nov 07 00:51:23 GMT 2024","passed","Thu Nov 07 00:51:23 GMT 2024","","STD","STD",""
"","4","V2-PLN-XP.03","","Thu Nov 07 00:48:22 GMT 2024","passed","Thu Nov 07 00:48:22 GMT 2024","","CHAINING","CHAINING",""
"","2","PLN-XP-LOCAL-V2.02","","Thu Nov 07 00:48:22 GMT 2024","passed","Thu Nov 07 00:48:22 GMT 2024","","CHAINING","CHAINING",""
"","7181","PROB-DEP-TYPES.13","","Thu Nov 07 01:01:34 GMT 2024","failed","Thu Nov 07 01:01:41 GMT 2024","","PROB-DEP-TYPES","PROB-DEP-TYPES",""
"","98","TOO-EAGER-MATH.03","","Thu Nov 07 01:54:22 GMT 2024","passed","Thu Nov 07 01:54:22 GMT 2024","","POSSIBLY-WRONG","POSSIBLY-WRONG",""
"","2","BACKWARD-CHAINER-XP.37","","Thu Nov 07 01:13:36 GMT 2024","passed","Thu Nov 07 01:13:36 GMT 2024","","BACKWARD-CHAINER","BACKWARD-CHAINER",""
"","2","ADD-REMOVE-MATCH-SS-STRINGS.02","","Thu Nov 07 00:50:40 GMT 2024","passed","Thu Nov 07 00:50:40 GMT 2024","","SPACES","SPACES",""
"","3","BACKWARD-CHAINER-XP.33","","Thu Nov 07 01:13:36 GMT 2024","passed","Thu Nov 07 01:13:36 GMT 2024","","BACKWARD-CHAINER","BACKWARD-CHAINER",""
"","40000","match.tmpMatch","","Thu Nov 07 00:33:43 GMT 2024","failed","Thu Nov 07 00:34:23 GMT 2024","","WHOLE-TESTS","WHOLE-TESTS",""
"","3","IS-SPACE.01","","Thu Nov 07 00:35:23 GMT 2024","passed","Thu Nov 07 00:35:23 GMT 2024","","HYPERON-METTALOG-SANITY","HYPERON-METTALOG-SANITY",""
"","1","B4-NONDETERM.02","","Thu Nov 07 00:33:48 GMT 2024","passed","Thu Nov 07 00:33:48 GMT 2024","","HYPERON-EXPERIMENTAL-SCRIPTS","HYPERON-EXPERIMENTAL-SCRIPTS",""
"","2","NUMTEST.04","","Thu Nov 07 01:13:50 GMT 2024","passed","Thu Nov 07 01:13:50 GMT 2024","","COMMON","COMMON",""
"","5000","spaces.add-remove-match-float","","Thu Nov 07 00:33:43 GMT 2024","passed","Thu Nov 07 00:33:48 GMT 2024","","WHOLE-TESTS","WHOLE-TESTS",""
"","53","TYPES-PRELIM.12","","Thu Nov 07 00:48:22 GMT 2024","failed","Thu Nov 07 00:48:22 GMT 2024","","CHAINING","CHAINING",""
"","5000","metta-morph_tests.tests0","","Thu Nov 07 00:33:43 GMT 2024","passed","Thu Nov 07 00:33:48 GMT 2024","","WHOLE-TESTS","WHOLE-TESTS",""
"","2","STATE-TYPES.20","","Thu Nov 07 01:55:24 GMT 2024","passed","Thu Nov 07 01:55:24 GMT 2024","","BASIC","BASIC",""
"","40000","main-branch.tests5","","Thu Nov 07 00:33:43 GMT 2024","failed","Thu Nov 07 00:34:23 GMT 2024","","WHOLE-TESTS","WHOLE-TESTS",""
"","4000","hyperon-mettalog_sanity.represent_and_parse_tests","","Thu Nov 07 00:33:43 GMT 2024","passed","Thu Nov 07 00:33:47 GMT 2024","","WHOLE-TESTS","WHOLE-TESTS",""
"","40000","SICP_book.chapter_2_1","","Thu Nov 07 00:33:43 GMT 2024","failed","Thu Nov 07 00:34:23 GMT 2024","","WHOLE-TESTS","WHOLE-TESTS",""
"","2","03-SORING-VIA-INSERT.05","","Thu Nov 07 00:35:23 GMT 2024","passed","Thu Nov 07 00:35:23 GMT 2024","","HYPERON-METTALOG-SANITY","HYPERON-METTALOG-SANITY",""
"","7000","nars_extras.RUN_minnars","","Thu Nov 07 00:33:43 GMT 2024","passed","Thu Nov 07 00:33:50 GMT 2024","","WHOLE-TESTS","WHOLE-TESTS",""
"","4","TYPES-PRELIM.04","","Thu Nov 07 00:48:22 GMT 2024","passed","Thu Nov 07 00:48:22 GMT 2024","","CHAINING","CHAINING",""
"","2","BC-XP.02","","Thu Nov 07 01:13:41 GMT 2024","passed","Thu Nov 07 01:13:41 GMT 2024","","BACKWARD-CHAINING","BACKWARD-CHAINING",""
"","3","FORWARD-CHAINER-TEST.11","","Thu Nov 07 01:16:20 GMT 2024","passed","Thu Nov 07 01:16:20 GMT 2024","","FORWARD-CHAINER","FORWARD-CHAINER",""
"","2","C1-GROUNDED-BASIC.02","","Thu Nov 07 00:43:23 GMT 2024","passed","Thu Nov 07 00:43:23 GMT 2024","","QUICK","QUICK",""
"","9","TEST-INFER-FUNCTION-APPLICATION-TYPE.12","","Thu Nov 07 01:55:24 GMT 2024","failed","Thu Nov 07 01:55:24 GMT 2024","","BASIC","BASIC",""
"","2","ADD-REMOVE-MATCH-MIX-FLOAT-INTEGER.10","","Thu Nov 07 00:50:40 GMT 2024","passed","Thu Nov 07 00:50:40 GMT 2024","","SPACES","SPACES",""
"","72","SEQUENTIAL-NESTED.11","","Thu Nov 07 00:39:12 GMT 2024","passed","Thu Nov 07 00:39:12 GMT 2024","","METTA-MORPH-TESTS","METTA-MORPH-TESTS",""
"","2","A1-SYMBOLS.03","","Thu Nov 07 00:33:48 GMT 2024","passed","Thu Nov 07 00:33:48 GMT 2024","","HYPERON-EXPERIMENTAL-SCRIPTS","HYPERON-EXPERIMENTAL-SCRIPTS",""
"","5000","SICP_book.chapter_1_1","","Thu Nov 07 00:33:43 GMT 2024","passed","Thu Nov 07 00:33:48 GMT 2024","","WHOLE-TESTS","WHOLE-TESTS",""
"","4000","basic.cml-unshared","","Thu Nov 07 00:33:43 GMT 2024","passed","Thu Nov 07 00:33:47 GMT 2024","","WHOLE-TESTS","WHOLE-TESTS",""
"","3","LET-SUPERPOSE-IF-CASE.02","","Thu Nov 07 00:39:12 GMT 2024","passed","Thu Nov 07 00:39:12 GMT 2024","","METTA-MORPH-TESTS","METTA-MORPH-TESTS",""
"","2","D4-TYPE-PROP.14","","Thu Nov 07 01:09:47 GMT 2024","passed","Thu Nov 07 01:09:47 GMT 2024","","CHECK-TYPES","CHECK-TYPES",""
"","2","F1-IMPORTS.19","","Thu Nov 07 00:33:48 GMT 2024","passed","Thu Nov 07 00:33:48 GMT 2024","","HYPERON-EXPERIMENTAL-SCRIPTS","HYPERON-EXPERIMENTAL-SCRIPTS",""
"","2","STRING-TESTS.20","","Thu Nov 07 00:35:23 GMT 2024","passed","Thu Nov 07 00:35:23 GMT 2024","","HYPERON-METTALOG-SANITY","HYPERON-METTALOG-SANITY",""
"","139","NALIFIER-PREV.01","","Thu Nov 07 00:43:52 GMT 2024","passed","Thu Nov 07 00:43:52 GMT 2024","","MAIN-BRANCH","MAIN-BRANCH",""
"","2","STRING-TESTS.03","","Thu Nov 07 00:35:23 GMT 2024","passed","Thu Nov 07 00:35:23 GMT 2024","","HYPERON-METTALOG-SANITY","HYPERON-METTALOG-SANITY",""
"","40000","basic.pathfinding-edge","","Thu Nov 07 00:33:43 GMT 2024","failed","Thu Nov 07 00:34:23 GMT 2024","","WHOLE-TESTS","WHOLE-TESTS",""
"","3","B5-TYPES-PRELIM.01","","Thu Nov 07 01:09:27 GMT 2024","passed","Thu Nov 07 01:09:27 GMT 2024","","CHECK-TYPES-TEMP","CHECK-TYPES-TEMP",""
"","4000","quick.d2_higherfunc","","Thu Nov 07 00:33:43 GMT 2024","passed","Thu Nov 07 00:33:47 GMT 2024","","WHOLE-TESTS","WHOLE-TESTS",""
"","2","IMPL-METTALOGTESTCURRIED.12","","Thu Nov 07 01:46:51 GMT 2024","passed","Thu Nov 07 01:46:51 GMT 2024","","WALK-THRU","WALK-THRU",""
"","46000","current.tests4","","Thu Nov 07 00:33:43 GMT 2024","failed","Thu Nov 07 00:34:29 GMT 2024","","WHOLE-TESTS","WHOLE-TESTS",""
"","6","SUBTYPING-TEST.06","","Thu Nov 07 01:22:37 GMT 2024","passed","Thu Nov 07 01:22:37 GMT 2024","","SUBTYPING","SUBTYPING",""
"","2","TEST-IF-CLOSED.06","","Thu Nov 07 00:41:17 GMT 2024","passed","Thu Nov 07 00:41:17 GMT 2024","","ANTI-REGRESSION","ANTI-REGRESSION",""
"","2","ADD-REMOVE-MATCH-S-STRINGS.15","","Thu Nov 07 00:50:40 GMT 2024","passed","Thu Nov 07 00:50:40 GMT 2024","","SPACES","SPACES",""
"","2","CHAPTER-2-4.08","","Thu Nov 07 00:52:57 GMT 2024","passed","Thu Nov 07 00:52:57 GMT 2024","","SICP-BOOK","SICP-BOOK",""
"","8000","comparisons.nils_if_control_test_5","","Thu Nov 07 00:33:43 GMT 2024","passed","Thu Nov 07 00:33:51 GMT 2024","","WHOLE-TESTS","WHOLE-TESTS",""
"","46000","nars_v0.tests1","","Thu Nov 07 00:33:43 GMT 2024","failed","Thu Nov 07 00:34:29 GMT 2024","","WHOLE-TESTS","WHOLE-TESTS",""
"","5000","walk_thru.tmpMatch1","","Thu Nov 07 00:33:43 GMT 2024","passed","Thu Nov 07 00:33:48 GMT 2024","","WHOLE-TESTS","WHOLE-TESTS",""
"","2","CML-UNSHARED.09","","Thu Nov 07 01:55:24 GMT 2024","passed","Thu Nov 07 01:55:24 GMT 2024","","BASIC","BASIC",""
"","2","INTERSECTION-TESTS.30","","Thu Nov 07 00:35:23 GMT 2024","passed","Thu Nov 07 00:35:23 GMT 2024","","HYPERON-METTALOG-SANITY","HYPERON-METTALOG-SANITY",""
"","1","ADD-REMOVE-MATCH-S-SYMBOLS.10","","Thu Nov 07 00:50:40 GMT 2024","passed","Thu Nov 07 00:50:40 GMT 2024","","SPACES","SPACES",""
"","6000","experiments.synthesize-via-unify-test","","Thu Nov 07 00:33:43 GMT 2024","passed","Thu Nov 07 00:33:49 GMT 2024","","WHOLE-TESTS","WHOLE-TESTS",""
"","3","ADD-REMOVE-MATCH-SS-STRINGS.09","","Thu Nov 07 00:50:40 GMT 2024","passed","Thu Nov 07 00:50:40 GMT 2024","","SPACES","SPACES",""
"","2","NATSTANDALONETEST.08","","Thu Nov 07 01:16:36 GMT 2024","passed","Thu Nov 07 01:16:36 GMT 2024","","HOL","HOL",""
"","133","TESTS0.01","","Thu Nov 07 01:33:40 GMT 2024","passed","Thu Nov 07 01:33:40 GMT 2024","","NARS-V0","NARS-V0",""
"","2","SEQUENTIAL-NESTED.03","","Thu Nov 07 00:39:12 GMT 2024","passed","Thu Nov 07 00:39:12 GMT 2024","","METTA-MORPH-TESTS","METTA-MORPH-TESTS",""
"","4000","multidirectional.ioioioi_using_equality","","Thu Nov 07 00:33:43 GMT 2024","passed","Thu Nov 07 00:33:47 GMT 2024","","WHOLE-TESTS","WHOLE-TESTS",""
"","2","E1-KB-WRITE.02","","Thu Nov 07 00:33:48 GMT 2024","passed","Thu Nov 07 00:33:48 GMT 2024","","HYPERON-EXPERIMENTAL-SCRIPTS","HYPERON-EXPERIMENTAL-SCRIPTS",""
"","4000","spaces.add-remove-match-s-symbols","","Thu Nov 07 00:33:43 GMT 2024","passed","Thu Nov 07 00:33:47 GMT 2024","","WHOLE-TESTS","WHOLE-TESTS",""
"","2","TMPMATCH2.03","","Thu Nov 07 01:46:51 GMT 2024","passed","Thu Nov 07 01:46:51 GMT 2024","","WALK-THRU","WALK-THRU",""
"","2","NATSTANDALONETEST.09","","Thu Nov 07 01:16:36 GMT 2024","passed","Thu Nov 07 01:16:36 GMT 2024","","HOL","HOL",""
"","2","B5-TYPES-PRELIM.23","","Thu Nov 07 01:09:27 GMT 2024","passed","Thu Nov 07 01:09:27 GMT 2024","","CHECK-TYPES-TEMP","CHECK-TYPES-TEMP",""
"","2","INF-CTL-XP.18","","Thu Nov 07 01:17:45 GMT 2024","passed","Thu Nov 07 01:17:45 GMT 2024","","INFERENCE-CONTROL","INFERENCE-CONTROL",""
"","2","DEBUG-METTALOGTESTCURRIED.02","","Thu Nov 07 01:46:51 GMT 2024","passed","Thu Nov 07 01:46:51 GMT 2024","","WALK-THRU","WALK-THRU",""
"","3","SHOW-TYPE.08","","Thu Nov 07 00:50:25 GMT 2024","passed","Thu Nov 07 00:50:25 GMT 2024","","INTROSPECT","INTROSPECT",""
"","2","TESTS0.05","","Thu Nov 07 01:37:35 GMT 2024","passed","Thu Nov 07 01:37:35 GMT 2024","","NEW","NEW",""
"","42","IMPLICATIONDIRECTINTRODUCTIONDTLTEST.09","","Thu Nov 07 01:12:29 GMT 2024","failed","Thu Nov 07 01:12:29 GMT 2024","","DEPENDENT-TYPES","DEPENDENT-TYPES",""
"","11","IMPLICATIONDIRECTINTRODUCTIONDTLTEST.03","","Thu Nov 07 01:12:29 GMT 2024","passed","Thu Nov 07 01:12:29 GMT 2024","","DEPENDENT-TYPES","DEPENDENT-TYPES",""
"","2","HYPERPOSE.02","","Thu Nov 07 00:39:12 GMT 2024","passed","Thu Nov 07 00:39:12 GMT 2024","","METTA-MORPH-TESTS","METTA-MORPH-TESTS",""
"","1","D2-HIGHERFUNC.04","","Thu Nov 07 01:09:47 GMT 2024","passed","Thu Nov 07 01:09:47 GMT 2024","","CHECK-TYPES","CHECK-TYPES",""
"","1044","TRAINING.01","","Thu Nov 07 02:07:54 GMT 2024","passed","Thu Nov 07 02:07:55 GMT 2024","","LANGUAGE-MODELS","LANGUAGE-MODELS",""
"","4000","utils.utils-test","","Thu Nov 07 00:33:43 GMT 2024","passed","Thu Nov 07 00:33:47 GMT 2024","","WHOLE-TESTS","WHOLE-TESTS",""
"","2","EXAM-SPACES.03","","Thu Nov 07 00:50:25 GMT 2024","passed","Thu Nov 07 00:50:25 GMT 2024","","INTROSPECT","INTROSPECT",""
"","2","CURRIED-CHAINER.08","","Thu Nov 07 01:14:28 GMT 2024","passed","Thu Nov 07 01:14:28 GMT 2024","","CURRIED-CHAINING","CURRIED-CHAINING",""
"","71","STDLIB-METTALOG-TEST-PT2.11","","Thu Nov 07 00:52:48 GMT 2024","failed","Thu Nov 07 00:52:48 GMT 2024","","STDLIB-METTALOG","STDLIB-METTALOG",""
"","2","METTALOGTESTCURRIED2.06","","Thu Nov 07 00:41:17 GMT 2024","passed","Thu Nov 07 00:41:17 GMT 2024","","ANTI-REGRESSION","ANTI-REGRESSION",""
"","16000","metta-wam-issue-116.test_spo_116378","","Thu Nov 07 00:33:43 GMT 2024","failed","Thu Nov 07 00:33:59 GMT 2024","","WHOLE-TESTS","WHOLE-TESTS",""
"","5000","metta_to_amr.amr-connect","","Thu Nov 07 00:33:43 GMT 2024","passed","Thu Nov 07 00:33:48 GMT 2024","","WHOLE-TESTS","WHOLE-TESTS",""
"","3","ORDEREDSETTEST.01","","Thu Nov 07 01:13:50 GMT 2024","passed","Thu Nov 07 01:13:50 GMT 2024","","COMMON","COMMON",""
"","5000","iterative-chaining.ifc-xp","","Thu Nov 07 00:33:43 GMT 2024","passed","Thu Nov 07 00:33:48 GMT 2024","","WHOLE-TESTS","WHOLE-TESTS",""
"","1","INTERSECTION-TESTS.17","","Thu Nov 07 00:35:23 GMT 2024","passed","Thu Nov 07 00:35:23 GMT 2024","","HYPERON-METTALOG-SANITY","HYPERON-METTALOG-SANITY",""
"","39","CHAPTER-2-2.08","","Thu Nov 07 00:52:57 GMT 2024","failed","Thu Nov 07 00:52:57 GMT 2024","","SICP-BOOK","SICP-BOOK",""
"","4000","hyperon-experimental_scripts.d3_deptypes","","Thu Nov 07 00:33:43 GMT 2024","passed","Thu Nov 07 00:33:47 GMT 2024","","WHOLE-TESTS","WHOLE-TESTS",""
"","2","FC-XP.16","","Thu Nov 07 01:16:31 GMT 2024","passed","Thu Nov 07 01:16:31 GMT 2024","","FORWARD-CHAINING","FORWARD-CHAINING",""
"","2084","TESTS2.09","","Thu Nov 07 00:43:52 GMT 2024","failed","Thu Nov 07 00:43:54 GMT 2024","","MAIN-BRANCH","MAIN-BRANCH",""
"","2","STRING-TESTS.10","","Thu Nov 07 00:35:23 GMT 2024","passed","Thu Nov 07 00:35:23 GMT 2024","","HYPERON-METTALOG-SANITY","HYPERON-METTALOG-SANITY",""
"","110","TOO-EAGER-MATH.02","","Thu Nov 07 01:54:22 GMT 2024","passed","Thu Nov 07 01:54:22 GMT 2024","","POSSIBLY-WRONG","POSSIBLY-WRONG",""
"","3","FC-XP.02","","Thu Nov 07 01:16:31 GMT 2024","passed","Thu Nov 07 01:16:31 GMT 2024","","FORWARD-CHAINING","FORWARD-CHAINING",""
"","2","TYPE-PROP.33","","Thu Nov 07 01:09:27 GMT 2024","passed","Thu Nov 07 01:09:27 GMT 2024","","CHECK-TYPES-TEMP","CHECK-TYPES-TEMP",""
"","1","TYPE-PROP.08","","Thu Nov 07 01:09:27 GMT 2024","passed","Thu Nov 07 01:09:27 GMT 2024","","CHECK-TYPES-TEMP","CHECK-TYPES-TEMP",""
"","2","CHAPTER-1-3.02","","Thu Nov 07 00:52:57 GMT 2024","passed","Thu Nov 07 00:52:57 GMT 2024","","SICP-BOOK","SICP-BOOK",""
"","2","ORDEREDSETTEST.09","","Thu Nov 07 01:13:50 GMT 2024","passed","Thu Nov 07 01:13:50 GMT 2024","","COMMON","COMMON",""
"","40000","experiments.synthesize-via-unify-test-longer","","Thu Nov 07 00:33:43 GMT 2024","failed","Thu Nov 07 00:34:23 GMT 2024","","WHOLE-TESTS","WHOLE-TESTS",""
"","40","BACKWARD-CHAINER-XP.35","","Thu Nov 07 01:13:36 GMT 2024","failed","Thu Nov 07 01:13:36 GMT 2024","","BACKWARD-CHAINER","BACKWARD-CHAINER",""
"","1","D4-TYPE-PROP.05","","Thu Nov 07 00:33:48 GMT 2024","passed","Thu Nov 07 00:33:48 GMT 2024","","HYPERON-EXPERIMENTAL-SCRIPTS","HYPERON-EXPERIMENTAL-SCRIPTS",""
"","4000","nondet_unify.prover","","Thu Nov 07 00:33:43 GMT 2024","passed","Thu Nov 07 00:33:47 GMT 2024","","WHOLE-TESTS","WHOLE-TESTS",""
"","2","INF-CTL-XP.10","","Thu Nov 07 01:17:45 GMT 2024","passed","Thu Nov 07 01:17:45 GMT 2024","","INFERENCE-CONTROL","INFERENCE-CONTROL",""
"","1","NATSTANDALONETEST.06","","Thu Nov 07 01:16:36 GMT 2024","passed","Thu Nov 07 01:16:36 GMT 2024","","HOL","HOL",""
"","194","SYNTHESIZE-VIA-UNIFY-TEST.06","","Thu Nov 07 01:24:23 GMT 2024","failed","Thu Nov 07 01:24:23 GMT 2024","","EXPERIMENTS","EXPERIMENTS",""
"","2","ADD-REMOVE-MATCH-SS-SYMBOLS.12","","Thu Nov 07 00:50:40 GMT 2024","passed","Thu Nov 07 00:50:40 GMT 2024","","SPACES","SPACES",""
"","2","FLIP-TEST.02","","Thu Nov 07 00:35:23 GMT 2024","passed","Thu Nov 07 00:35:23 GMT 2024","","HYPERON-METTALOG-SANITY","HYPERON-METTALOG-SANITY",""
"","2","UNIFY-VIA-CASE.05","","Thu Nov 07 01:24:23 GMT 2024","passed","Thu Nov 07 01:24:23 GMT 2024","","EXPERIMENTS","EXPERIMENTS",""
"","554","TMPMATCH2.05","","Thu Nov 07 00:41:17 GMT 2024","passed","Thu Nov 07 00:41:17 GMT 2024","","ANTI-REGRESSION","ANTI-REGRESSION",""
"","5000","module-system.f1_imports","","Thu Nov 07 00:33:43 GMT 2024","passed","Thu Nov 07 00:33:48 GMT 2024","","WHOLE-TESTS","WHOLE-TESTS",""
"","2","STDLIB-METTALOG-TEST-PT2.24","","Thu Nov 07 00:52:48 GMT 2024","passed","Thu Nov 07 00:52:48 GMT 2024","","STDLIB-METTALOG","STDLIB-METTALOG",""
"","4000","chaining.types_prelim","","Thu Nov 07 00:33:43 GMT 2024","passed","Thu Nov 07 00:33:47 GMT 2024","","WHOLE-TESTS","WHOLE-TESTS",""
"","45","BACKWARD-CHAINER-XP.01","","Thu Nov 07 01:13:36 GMT 2024","failed","Thu Nov 07 01:13:36 GMT 2024","","BACKWARD-CHAINER","BACKWARD-CHAINER",""
"","3","FORWARD-CHAINER-TEST.07","","Thu Nov 07 01:16:20 GMT 2024","passed","Thu Nov 07 01:16:20 GMT 2024","","FORWARD-CHAINER","FORWARD-CHAINER",""
"","2","ADD-REMOVE-MATCH-SS-SYMBOLS.15","","Thu Nov 07 00:50:40 GMT 2024","passed","Thu Nov 07 00:50:40 GMT 2024","","SPACES","SPACES",""
"","5000","traverser.creation","","Thu Nov 07 00:33:43 GMT 2024","passed","Thu Nov 07 00:33:48 GMT 2024","","WHOLE-TESTS","WHOLE-TESTS",""
"","63","OBIF-CLP.01","","Thu Nov 07 01:53:05 GMT 2024","failed","Thu Nov 07 01:53:05 GMT 2024","","MULTIDIRECTIONAL","MULTIDIRECTIONAL",""
"","53","TYPES-PRELIM.11","","Thu Nov 07 00:48:22 GMT 2024","failed","Thu Nov 07 00:48:22 GMT 2024","","CHAINING","CHAINING",""
"","2","00-LANG-CASE.17","","Thu Nov 07 00:35:23 GMT 2024","passed","Thu Nov 07 00:35:23 GMT 2024","","HYPERON-METTALOG-SANITY","HYPERON-METTALOG-SANITY",""
"","121","TYPE-PROP.74","","Thu Nov 07 01:09:27 GMT 2024","failed","Thu Nov 07 01:09:27 GMT 2024","","CHECK-TYPES-TEMP","CHECK-TYPES-TEMP",""
"","88","INTERSECTION-TESTS.31","","Thu Nov 07 00:35:23 GMT 2024","failed","Thu Nov 07 00:35:23 GMT 2024","","HYPERON-METTALOG-SANITY","HYPERON-METTALOG-SANITY",""
"","2648","TESTS3.04","","Thu Nov 07 00:43:52 GMT 2024","failed","Thu Nov 07 00:43:54 GMT 2024","","MAIN-BRANCH","MAIN-BRANCH",""
"","3","BC-XP.21","","Thu Nov 07 01:13:41 GMT 2024","passed","Thu Nov 07 01:13:41 GMT 2024","","BACKWARD-CHAINING","BACKWARD-CHAINING",""
"","2","D4-TYPE-PROP.23","","Thu Nov 07 01:09:47 GMT 2024","passed","Thu Nov 07 01:09:47 GMT 2024","","CHECK-TYPES","CHECK-TYPES",""
"","2","STATE-TYPES.14","","Thu Nov 07 01:55:24 GMT 2024","passed","Thu Nov 07 01:55:24 GMT 2024","","BASIC","BASIC",""
"","2","ADD-REMOVE-MATCH-MIX-FLOAT-INTEGER.19","","Thu Nov 07 00:50:40 GMT 2024","passed","Thu Nov 07 00:50:40 GMT 2024","","SPACES","SPACES",""
"","2","STDLIB-METTALOG-TEST-PT2.33","","Thu Nov 07 00:52:48 GMT 2024","passed","Thu Nov 07 00:52:48 GMT 2024","","STDLIB-METTALOG","STDLIB-METTALOG",""
"","3","FORWARD-CHAINER-XP.19","","Thu Nov 07 01:16:20 GMT 2024","passed","Thu Nov 07 01:16:20 GMT 2024","","FORWARD-CHAINER","FORWARD-CHAINER",""
"","2","BCHAIN.02","","Thu Nov 07 00:41:17 GMT 2024","passed","Thu Nov 07 00:41:17 GMT 2024","","ANTI-REGRESSION","ANTI-REGRESSION",""
"","6","TRUTHVALUETEST.05","","Thu Nov 07 01:14:17 GMT 2024","passed","Thu Nov 07 01:14:17 GMT 2024","","TRUTHVALUE","TRUTHVALUE",""
"","2","BC-XP.04","","Thu Nov 07 00:48:22 GMT 2024","passed","Thu Nov 07 00:48:22 GMT 2024","","CHAINING","CHAINING",""
"","2","UNIFY-VIA-LET.05","","Thu Nov 07 01:24:23 GMT 2024","passed","Thu Nov 07 01:24:23 GMT 2024","","EXPERIMENTS","EXPERIMENTS",""
"","51","FORWARD-CHAINER-TEST.01","","Thu Nov 07 01:16:20 GMT 2024","failed","Thu Nov 07 01:16:20 GMT 2024","","FORWARD-CHAINER","FORWARD-CHAINER",""
"","1","D2-HIGHERFUNC.03","","Thu Nov 07 00:43:23 GMT 2024","passed","Thu Nov 07 00:43:23 GMT 2024","","QUICK","QUICK",""
"","2","00-LANG-CASE.18","","Thu Nov 07 00:35:23 GMT 2024","passed","Thu Nov 07 00:35:23 GMT 2024","","HYPERON-METTALOG-SANITY","HYPERON-METTALOG-SANITY",""
"","2","INF-CTL-MONTH-BC-CONT-XP.22","","Thu Nov 07 01:17:45 GMT 2024","passed","Thu Nov 07 01:17:45 GMT 2024","","INFERENCE-CONTROL","INFERENCE-CONTROL",""
"","2","TYPE-PROP.08","","Thu Nov 07 00:48:22 GMT 2024","passed","Thu Nov 07 00:48:22 GMT 2024","","CHAINING","CHAINING",""
"","2","CHAPTER-1-1.07","","Thu Nov 07 00:52:57 GMT 2024","passed","Thu Nov 07 00:52:57 GMT 2024","","SICP-BOOK","SICP-BOOK",""
"","2","F1-IMPORTS.15","","Thu Nov 07 00:43:23 GMT 2024","passed","Thu Nov 07 00:43:23 GMT 2024","","QUICK","QUICK",""
"","2","TMPMATCH1.02","","Thu Nov 07 00:41:17 GMT 2024","passed","Thu Nov 07 00:41:17 GMT 2024","","ANTI-REGRESSION","ANTI-REGRESSION",""
"","2","METTALOGTESTCURRIED2.05","","Thu Nov 07 01:46:51 GMT 2024","passed","Thu Nov 07 01:46:51 GMT 2024","","WALK-THRU","WALK-THRU",""
"","2","OR-TEST.12","","Thu Nov 07 00:35:23 GMT 2024","passed","Thu Nov 07 00:35:23 GMT 2024","","HYPERON-METTALOG-SANITY","HYPERON-METTALOG-SANITY",""
"","3","CHAPTER-1-3.03","","Thu Nov 07 00:52:57 GMT 2024","passed","Thu Nov 07 00:52:57 GMT 2024","","SICP-BOOK","SICP-BOOK",""
"","2","ADD-REMOVE-MATCH-FLOAT.03","","Thu Nov 07 00:50:40 GMT 2024","passed","Thu Nov 07 00:50:40 GMT 2024","","SPACES","SPACES",""
"","2","INF-CTL-XP.06","","Thu Nov 07 01:17:45 GMT 2024","passed","Thu Nov 07 01:17:45 GMT 2024","","INFERENCE-CONTROL","INFERENCE-CONTROL",""
"","1","TMPMATCH2.04","","Thu Nov 07 01:46:51 GMT 2024","passed","Thu Nov 07 01:46:51 GMT 2024","","WALK-THRU","WALK-THRU",""
"","4000","containers_are_spaces.05_match_superpose_element_like_space","","Thu Nov 07 00:33:43 GMT 2024","passed","Thu Nov 07 00:33:47 GMT 2024","","WHOLE-TESTS","WHOLE-TESTS",""
"","2","MATCH-SUPERPOSED-SPACES.03","","Thu Nov 07 00:39:12 GMT 2024","passed","Thu Nov 07 00:39:12 GMT 2024","","METTA-MORPH-TESTS","METTA-MORPH-TESTS",""
"","52","F1-IMPORTS.21","","Thu Nov 07 00:43:23 GMT 2024","passed","Thu Nov 07 00:43:23 GMT 2024","","QUICK","QUICK",""
"","76","INF-CTL-MONTH-XP-SHORT-6.02","","Thu Nov 07 02:01:42 GMT 2024","failed","Thu Nov 07 02:01:42 GMT 2024","","COMPARISONS","COMPARISONS",""
"","5000","formula.DeductionFormulaTest","","Thu Nov 07 00:33:43 GMT 2024","passed","Thu Nov 07 00:33:48 GMT 2024","","WHOLE-TESTS","WHOLE-TESTS",""
"","368","APPEND-USING-EQUALITY.03","","Thu Nov 07 01:53:05 GMT 2024","failed","Thu Nov 07 01:53:05 GMT 2024","","MULTIDIRECTIONAL","MULTIDIRECTIONAL",""
"","3","MINNARS-PREV.01","","Thu Nov 07 00:43:52 GMT 2024","passed","Thu Nov 07 00:43:52 GMT 2024","","MAIN-BRANCH","MAIN-BRANCH",""
"","5000","comparisons.inf-ctl-month-xp-short_1","","Thu Nov 07 00:33:43 GMT 2024","passed","Thu Nov 07 00:33:48 GMT 2024","","WHOLE-TESTS","WHOLE-TESTS",""
"","2","F1-IMPORTS.17","","Thu Nov 07 00:33:48 GMT 2024","passed","Thu Nov 07 00:33:48 GMT 2024","","HYPERON-EXPERIMENTAL-SCRIPTS","HYPERON-EXPERIMENTAL-SCRIPTS",""
"","2","B5-TYPES-PRELIM.12","","Thu Nov 07 00:33:48 GMT 2024","passed","Thu Nov 07 00:33:48 GMT 2024","","HYPERON-EXPERIMENTAL-SCRIPTS","HYPERON-EXPERIMENTAL-SCRIPTS",""
"","14","C3-PLN-STV.05","","Thu Nov 07 00:33:48 GMT 2024","passed","Thu Nov 07 00:33:48 GMT 2024","","HYPERON-EXPERIMENTAL-SCRIPTS","HYPERON-EXPERIMENTAL-SCRIPTS",""
"","5000","spaces.add-remove-match-strings","","Thu Nov 07 00:33:43 GMT 2024","passed","Thu Nov 07 00:33:48 GMT 2024","","WHOLE-TESTS","WHOLE-TESTS",""
"","2","BC-XP.06","","Thu Nov 07 01:13:41 GMT 2024","passed","Thu Nov 07 01:13:41 GMT 2024","","BACKWARD-CHAINING","BACKWARD-CHAINING",""
"","4000","std.symbols","","Thu Nov 07 00:33:43 GMT 2024","passed","Thu Nov 07 00:33:47 GMT 2024","","WHOLE-TESTS","WHOLE-TESTS",""
"","2","TMPMATCH2.02","","Thu Nov 07 00:41:17 GMT 2024","passed","Thu Nov 07 00:41:17 GMT 2024","","ANTI-REGRESSION","ANTI-REGRESSION",""
"","46000","current.tests3","","Thu Nov 07 00:33:43 GMT 2024","failed","Thu Nov 07 00:34:29 GMT 2024","","WHOLE-TESTS","WHOLE-TESTS",""
"","5","DEDUCTIONEQUALTEST.02","","Thu Nov 07 01:16:10 GMT 2024","passed","Thu Nov 07 01:16:10 GMT 2024","","EQUAL","EQUAL",""
"","2","C2-SPACES.02","","Thu Nov 07 00:33:38 GMT 2024","passed","Thu Nov 07 00:33:38 GMT 2024","","MODULE-SYSTEM","MODULE-SYSTEM",""
"","3","INTERSECTION-TESTS.11","","Thu Nov 07 00:35:23 GMT 2024","passed","Thu Nov 07 00:35:23 GMT 2024","","HYPERON-METTALOG-SANITY","HYPERON-METTALOG-SANITY",""
"","2","ADD-REMOVE-MATCH-INTEGER.35","","Thu Nov 07 00:50:40 GMT 2024","passed","Thu Nov 07 00:50:40 GMT 2024","","SPACES","SPACES",""
"","2","D4-TYPE-PROP.19","","Thu Nov 07 00:33:48 GMT 2024","passed","Thu Nov 07 00:33:48 GMT 2024","","HYPERON-EXPERIMENTAL-SCRIPTS","HYPERON-EXPERIMENTAL-SCRIPTS",""
"","2","TYPES2.02","","Thu Nov 07 00:39:12 GMT 2024","passed","Thu Nov 07 00:39:12 GMT 2024","","METTA-MORPH-TESTS","METTA-MORPH-TESTS",""
"","4000","multidirectional.append_using_equality","","Thu Nov 07 00:33:43 GMT 2024","passed","Thu Nov 07 00:33:47 GMT 2024","","WHOLE-TESTS","WHOLE-TESTS",""
"","2","00-LANG-CASE.06","","Thu Nov 07 00:35:23 GMT 2024","passed","Thu Nov 07 00:35:23 GMT 2024","","HYPERON-METTALOG-SANITY","HYPERON-METTALOG-SANITY",""
"","2","D1-GADT.02","","Thu Nov 07 00:33:48 GMT 2024","passed","Thu Nov 07 00:33:48 GMT 2024","","HYPERON-EXPERIMENTAL-SCRIPTS","HYPERON-EXPERIMENTAL-SCRIPTS",""
"","136","SHOW-TYPE.02","","Thu Nov 07 00:50:25 GMT 2024","failed","Thu Nov 07 00:50:25 GMT 2024","","INTROSPECT","INTROSPECT",""
"","2","D2-HIGHERFUNC.10","","Thu Nov 07 01:09:47 GMT 2024","passed","Thu Nov 07 01:09:47 GMT 2024","","CHECK-TYPES","CHECK-TYPES",""
"","2","TEST-IF-CLOSED.07","","Thu Nov 07 01:46:51 GMT 2024","passed","Thu Nov 07 01:46:51 GMT 2024","","WALK-THRU","WALK-THRU",""
"","2","D2-HIGHERFUNC.24","","Thu Nov 07 00:33:48 GMT 2024","passed","Thu Nov 07 00:33:48 GMT 2024","","HYPERON-EXPERIMENTAL-SCRIPTS","HYPERON-EXPERIMENTAL-SCRIPTS",""
"","2","XOR-TEST.02","","Thu Nov 07 00:35:23 GMT 2024","passed","Thu Nov 07 00:35:23 GMT 2024","","HYPERON-METTALOG-SANITY","HYPERON-METTALOG-SANITY",""
"","2","BACKWARD-CHAIN.02","","Thu Nov 07 00:48:22 GMT 2024","passed","Thu Nov 07 00:48:22 GMT 2024","","CHAINING","CHAINING",""
"","1602","SELF-CONTAINED-SYNTHESIZE.09","","Thu Nov 07 01:24:23 GMT 2024","failed","Thu Nov 07 01:24:24 GMT 2024","","EXPERIMENTS","EXPERIMENTS",""
"","54","IOIOIOI-USING-EQUALITY.04","","Thu Nov 07 01:53:05 GMT 2024","failed","Thu Nov 07 01:53:05 GMT 2024","","MULTIDIRECTIONAL","MULTIDIRECTIONAL",""
"","2","ADD-REMOVE-MATCH-INTEGER.32","","Thu Nov 07 00:50:40 GMT 2024","passed","Thu Nov 07 00:50:40 GMT 2024","","SPACES","SPACES",""
"","2","ADD-REMOVE-MATCH-S-SYMBOLS.06","","Thu Nov 07 00:50:40 GMT 2024","passed","Thu Nov 07 00:50:40 GMT 2024","","SPACES","SPACES",""
"","1","HYPERPOSING-UNSHARED.03","","Thu Nov 07 01:55:24 GMT 2024","passed","Thu Nov 07 01:55:24 GMT 2024","","BASIC","BASIC",""
"","2","ADD-ATOM-NAIVE-FIB.06","","Thu Nov 07 02:01:42 GMT 2024","passed","Thu Nov 07 02:01:42 GMT 2024","","COMPARISONS","COMPARISONS",""
"","13","D4-TYPE-PROP.03","","Thu Nov 07 00:33:48 GMT 2024","passed","Thu Nov 07 00:33:48 GMT 2024","","HYPERON-EXPERIMENTAL-SCRIPTS","HYPERON-EXPERIMENTAL-SCRIPTS",""
"","496","TESTS0.02","","Thu Nov 07 00:43:52 GMT 2024","failed","Thu Nov 07 00:43:52 GMT 2024","","MAIN-BRANCH","MAIN-BRANCH",""
"","45000","SICP_book.chapter_2_3","","Thu Nov 07 00:33:43 GMT 2024","failed","Thu Nov 07 00:34:28 GMT 2024","","WHOLE-TESTS","WHOLE-TESTS",""
"","5000","distributed-processing.use-two-servers","","Thu Nov 07 00:33:43 GMT 2024","passed","Thu Nov 07 00:33:48 GMT 2024","","WHOLE-TESTS","WHOLE-TESTS",""
"","2","MATCH-SUPERPOSED-SPACES.02","","Thu Nov 07 00:39:12 GMT 2024","passed","Thu Nov 07 00:39:12 GMT 2024","","METTA-MORPH-TESTS","METTA-MORPH-TESTS",""
"","2","IFC-XP.03","","Thu Nov 07 01:19:47 GMT 2024","passed","Thu Nov 07 01:19:47 GMT 2024","","ITERATIVE-CHAINING","ITERATIVE-CHAINING",""
"","2","STATE-TYPES.17","","Thu Nov 07 01:55:24 GMT 2024","passed","Thu Nov 07 01:55:24 GMT 2024","","BASIC","BASIC",""
"","2","PREREQS.06","","Thu Nov 07 00:43:52 GMT 2024","passed","Thu Nov 07 00:43:52 GMT 2024","","MAIN-BRANCH","MAIN-BRANCH",""
"","5000","comparisons.add-atom-naive-fib","","Thu Nov 07 00:33:43 GMT 2024","passed","Thu Nov 07 00:33:48 GMT 2024","","WHOLE-TESTS","WHOLE-TESTS",""
"","2","TYPES-PRELIM.15","","Thu Nov 07 00:48:22 GMT 2024","passed","Thu Nov 07 00:48:22 GMT 2024","","CHAINING","CHAINING",""
"","1","BACKWARD-CHAINER-XP.31","","Thu Nov 07 01:13:36 GMT 2024","passed","Thu Nov 07 01:13:36 GMT 2024","","BACKWARD-CHAINER","BACKWARD-CHAINER",""
"","138","EXAMPLES-QUANTS.02","","Thu Nov 07 01:54:18 GMT 2024","failed","Thu Nov 07 01:54:18 GMT 2024","","POLYMORPHIC-TYPES","POLYMORPHIC-TYPES",""
"","114","STDLIB-METTALOG-TEST-PT2.58","","Thu Nov 07 00:52:48 GMT 2024","failed","Thu Nov 07 00:52:48 GMT 2024","","STDLIB-METTALOG","STDLIB-METTALOG",""
"","2","INF-CTL-XP.08","","Thu Nov 07 01:17:45 GMT 2024","passed","Thu Nov 07 01:17:45 GMT 2024","","INFERENCE-CONTROL","INFERENCE-CONTROL",""
"","1","B3-DIRECT.02","","Thu Nov 07 00:33:48 GMT 2024","passed","Thu Nov 07 00:33:48 GMT 2024","","HYPERON-EXPERIMENTAL-SCRIPTS","HYPERON-EXPERIMENTAL-SCRIPTS",""
"","671","TESTS0.07","","Thu Nov 07 00:39:12 GMT 2024","passed","Thu Nov 07 00:39:12 GMT 2024","","METTA-MORPH-TESTS","METTA-MORPH-TESTS",""
"","54","CHAPTER-2-4.09","","Thu Nov 07 00:52:57 GMT 2024","failed","Thu Nov 07 00:52:57 GMT 2024","","SICP-BOOK","SICP-BOOK",""
"","1599","SYNTHESIZE-VIA-LET-TEST.11","","Thu Nov 07 01:24:23 GMT 2024","failed","Thu Nov 07 01:24:24 GMT 2024","","EXPERIMENTS","EXPERIMENTS",""
"","1","TEST-IF-CLOSED.03","","Thu Nov 07 01:46:51 GMT 2024","passed","Thu Nov 07 01:46:51 GMT 2024","","WALK-THRU","WALK-THRU",""
"","223","PROB-DEP-TYPES.12","","Thu Nov 07 01:01:34 GMT 2024","passed","Thu Nov 07 01:01:34 GMT 2024","","PROB-DEP-TYPES","PROB-DEP-TYPES",""
"","3","ADD-REMOVE-MATCH-SYMBOLS.02","","Thu Nov 07 00:50:40 GMT 2024","passed","Thu Nov 07 00:50:40 GMT 2024","","SPACES","SPACES",""
"","5000","multidirectional.append","","Thu Nov 07 00:33:43 GMT 2024","passed","Thu Nov 07 00:33:48 GMT 2024","","WHOLE-TESTS","WHOLE-TESTS",""
"","3","STDLIB-METTALOG-TEST-PT2.70","","Thu Nov 07 00:52:48 GMT 2024","passed","Thu Nov 07 00:52:48 GMT 2024","","STDLIB-METTALOG","STDLIB-METTALOG",""
"","5","MATCH-FEVAL.01","","Thu Nov 07 00:39:12 GMT 2024","passed","Thu Nov 07 00:39:12 GMT 2024","","METTA-MORPH-TESTS","METTA-MORPH-TESTS",""
"","4","C1-GROUNDED-BASIC.08","","Thu Nov 07 00:43:23 GMT 2024","passed","Thu Nov 07 00:43:23 GMT 2024","","QUICK","QUICK",""
"","3","IOIOIOI.04","","Thu Nov 07 01:53:05 GMT 2024","passed","Thu Nov 07 01:53:05 GMT 2024","","MULTIDIRECTIONAL","MULTIDIRECTIONAL",""
"","3","CHAPTER-2-2.04","","Thu Nov 07 00:52:57 GMT 2024","passed","Thu Nov 07 00:52:57 GMT 2024","","SICP-BOOK","SICP-BOOK",""
"","2","ADD-REMOVE-MATCH-STRINGS.10","","Thu Nov 07 00:50:40 GMT 2024","passed","Thu Nov 07 00:50:40 GMT 2024","","SPACES","SPACES",""
"","1","D3-DEPTYPES.07","","Thu Nov 07 00:33:48 GMT 2024","passed","Thu Nov 07 00:33:48 GMT 2024","","HYPERON-EXPERIMENTAL-SCRIPTS","HYPERON-EXPERIMENTAL-SCRIPTS",""
"","95","ADD-REMOVE-MATCH-STRINGS.03","","Thu Nov 07 00:50:40 GMT 2024","failed","Thu Nov 07 00:50:40 GMT 2024","","SPACES","SPACES",""
"","1","KEY-LOOKUPS-MANY.10","","Thu Nov 07 01:55:24 GMT 2024","passed","Thu Nov 07 01:55:24 GMT 2024","","BASIC","BASIC",""
"","47","DEDUCTIONIMPLICATIONDIRECTINTRODUCTIONDTLTEST.05","","Thu Nov 07 01:12:29 GMT 2024","failed","Thu Nov 07 01:12:29 GMT 2024","","DEPENDENT-TYPES","DEPENDENT-TYPES",""
"","2","BASIC.08","","Thu Nov 07 01:06:47 GMT 2024","passed","Thu Nov 07 01:06:47 GMT 2024","","TRAVERSER","TRAVERSER",""
"","2","FC-XP.10","","Thu Nov 07 01:16:31 GMT 2024","passed","Thu Nov 07 01:16:31 GMT 2024","","FORWARD-CHAINING","FORWARD-CHAINING",""
"","4000","dependent-types.ModusPonensDTLTest","","Thu Nov 07 00:33:43 GMT 2024","passed","Thu Nov 07 00:33:47 GMT 2024","","WHOLE-TESTS","WHOLE-TESTS",""
"","3","UNIQUE-TEST.07","","Thu Nov 07 00:35:23 GMT 2024","passed","Thu Nov 07 00:35:23 GMT 2024","","HYPERON-METTALOG-SANITY","HYPERON-METTALOG-SANITY",""
"","2","00-LANG-CASE.04","","Thu Nov 07 00:35:23 GMT 2024","passed","Thu Nov 07 00:35:23 GMT 2024","","HYPERON-METTALOG-SANITY","HYPERON-METTALOG-SANITY",""
"","2","INF-CTL-MONTH-XP-SHORT-3.07","","Thu Nov 07 02:01:42 GMT 2024","passed","Thu Nov 07 02:01:42 GMT 2024","","COMPARISONS","COMPARISONS",""
"","40000","basic.hanoi-peg-space","","Thu Nov 07 00:33:43 GMT 2024","failed","Thu Nov 07 00:34:23 GMT 2024","","WHOLE-TESTS","WHOLE-TESTS",""
"","3","INF-CTL-MONTH-XP-SHORT-3.01","","Thu Nov 07 02:01:42 GMT 2024","passed","Thu Nov 07 02:01:42 GMT 2024","","COMPARISONS","COMPARISONS",""
"","2","D2-HIGHERFUNC.15","","Thu Nov 07 00:33:48 GMT 2024","passed","Thu Nov 07 00:33:48 GMT 2024","","HYPERON-EXPERIMENTAL-SCRIPTS","HYPERON-EXPERIMENTAL-SCRIPTS",""
"","2","ADD-ATOM-NAIVE-FIB.03","","Thu Nov 07 02:01:42 GMT 2024","passed","Thu Nov 07 02:01:42 GMT 2024","","COMPARISONS","COMPARISONS",""
"","2","F1-MODULEA.04","","Thu Nov 07 00:33:48 GMT 2024","passed","Thu Nov 07 00:33:48 GMT 2024","","HYPERON-EXPERIMENTAL-SCRIPTS","HYPERON-EXPERIMENTAL-SCRIPTS",""
"","90","NONDETERM.01","","Thu Nov 07 00:51:23 GMT 2024","passed","Thu Nov 07 00:51:23 GMT 2024","","STD","STD",""
"","2","TEST-IF-CLOSED.09","","Thu Nov 07 00:41:17 GMT 2024","passed","Thu Nov 07 00:41:17 GMT 2024","","ANTI-REGRESSION","ANTI-REGRESSION",""
"","4000","direct_comp.add_atom_match","","Thu Nov 07 00:33:43 GMT 2024","passed","Thu Nov 07 00:33:47 GMT 2024","","WHOLE-TESTS","WHOLE-TESTS",""
"","1605","PLLM-PENNTREE.03","","Thu Nov 07 02:07:54 GMT 2024","passed","Thu Nov 07 02:07:55 GMT 2024","","LANGUAGE-MODELS","LANGUAGE-MODELS",""
"","2","STRING-TESTS.02","","Thu Nov 07 00:35:23 GMT 2024","passed","Thu Nov 07 00:35:23 GMT 2024","","HYPERON-METTALOG-SANITY","HYPERON-METTALOG-SANITY",""
"","2","STDLIB-METTALOG-TEST-PT2.30","","Thu Nov 07 00:52:48 GMT 2024","passed","Thu Nov 07 00:52:48 GMT 2024","","STDLIB-METTALOG","STDLIB-METTALOG",""
"","4000","red-black-lambda.lambda-theory","","Thu Nov 07 00:33:43 GMT 2024","passed","Thu Nov 07 00:33:47 GMT 2024","","WHOLE-TESTS","WHOLE-TESTS",""
"","1","BC-COMP.02","","Thu Nov 07 00:41:17 GMT 2024","passed","Thu Nov 07 00:41:17 GMT 2024","","ANTI-REGRESSION","ANTI-REGRESSION",""
"","15","MATCH-VOID.04","","Thu Nov 07 00:39:12 GMT 2024","passed","Thu Nov 07 00:39:12 GMT 2024","","METTA-MORPH-TESTS","METTA-MORPH-TESTS",""
"","3","LISTTEST.12","","Thu Nov 07 01:13:50 GMT 2024","passed","Thu Nov 07 01:13:50 GMT 2024","","COMMON","COMMON",""
"","59","ADD-REMOVE-MATCH-INTEGER.40","","Thu Nov 07 00:50:40 GMT 2024","passed","Thu Nov 07 00:50:40 GMT 2024","","SPACES","SPACES",""
"","1","BC-XP.05","","Thu Nov 07 00:48:22 GMT 2024","passed","Thu Nov 07 00:48:22 GMT 2024","","CHAINING","CHAINING",""
"","166","IFC-XP.24","","Thu Nov 07 01:19:47 GMT 2024","failed","Thu Nov 07 01:19:47 GMT 2024","","ITERATIVE-CHAINING","ITERATIVE-CHAINING",""
"","2","F1-MODULEA.01","","Thu Nov 07 00:33:38 GMT 2024","passed","Thu Nov 07 00:33:38 GMT 2024","","MODULE-SYSTEM","MODULE-SYSTEM",""
"","557","NATPARITYTEST.17","","Thu Nov 07 01:16:36 GMT 2024","passed","Thu Nov 07 01:16:36 GMT 2024","","HOL","HOL",""
"","2","ORDEREDSETTEST.10","","Thu Nov 07 01:13:50 GMT 2024","passed","Thu Nov 07 01:13:50 GMT 2024","","COMMON","COMMON",""
"","2","PREREQS.03","","Thu Nov 07 00:43:52 GMT 2024","passed","Thu Nov 07 00:43:52 GMT 2024","","MAIN-BRANCH","MAIN-BRANCH",""
"","3","D1-GADT.14","","Thu Nov 07 00:33:48 GMT 2024","passed","Thu Nov 07 00:33:48 GMT 2024","","HYPERON-EXPERIMENTAL-SCRIPTS","HYPERON-EXPERIMENTAL-SCRIPTS",""
"","118","BASIC.01","","Thu Nov 07 01:06:47 GMT 2024","passed","Thu Nov 07 01:06:47 GMT 2024","","TRAVERSER","TRAVERSER",""
"","1","CML-UNSHARED.07","","Thu Nov 07 01:55:24 GMT 2024","passed","Thu Nov 07 01:55:24 GMT 2024","","BASIC","BASIC",""
"","176","D4-TYPE-PROP.10","","Thu Nov 07 01:09:47 GMT 2024","failed","Thu Nov 07 01:09:47 GMT 2024","","CHECK-TYPES","CHECK-TYPES",""
"","3","TESTS0.03","","Thu Nov 07 01:33:40 GMT 2024","passed","Thu Nov 07 01:33:40 GMT 2024","","NARS-V0","NARS-V0",""
"","4000","metta-morph_tests.states_spaces","","Thu Nov 07 00:33:43 GMT 2024","passed","Thu Nov 07 00:33:47 GMT 2024","","WHOLE-TESTS","WHOLE-TESTS",""
"","1","CML-UNSHARED.05","","Thu Nov 07 01:55:24 GMT 2024","passed","Thu Nov 07 01:55:24 GMT 2024","","BASIC","BASIC",""
"","4","MINNARS.01","","Thu Nov 07 00:39:12 GMT 2024","passed","Thu Nov 07 00:39:12 GMT 2024","","METTA-MORPH-TESTS","METTA-MORPH-TESTS",""
"","272","SELF-CONTAINED-SYNTHESIZE.11","","Thu Nov 07 01:24:23 GMT 2024","failed","Thu Nov 07 01:24:23 GMT 2024","","EXPERIMENTS","EXPERIMENTS",""
"","2","NATPARITYTEST.05","","Thu Nov 07 01:16:36 GMT 2024","passed","Thu Nov 07 01:16:36 GMT 2024","","HOL","HOL",""
"","2","F1-IMPORTS.16","","Thu Nov 07 00:33:48 GMT 2024","passed","Thu Nov 07 00:33:48 GMT 2024","","HYPERON-EXPERIMENTAL-SCRIPTS","HYPERON-EXPERIMENTAL-SCRIPTS",""
"","2","ADD-REMOVE-MATCH-SS-STRINGS.16","","Thu Nov 07 00:50:40 GMT 2024","passed","Thu Nov 07 00:50:40 GMT 2024","","SPACES","SPACES",""
"","139","INTERPRETER.01","","Thu Nov 07 01:05:16 GMT 2024","failed","Thu Nov 07 01:05:16 GMT 2024","","STACK-BASED","STACK-BASED",""
"","109","B4-NONDETERM.10","","Thu Nov 07 00:33:48 GMT 2024","passed","Thu Nov 07 00:33:48 GMT 2024","","HYPERON-EXPERIMENTAL-SCRIPTS","HYPERON-EXPERIMENTAL-SCRIPTS",""
"","2","DEDUCTIONFORMULATEST.05","","Thu Nov 07 01:14:12 GMT 2024","passed","Thu Nov 07 01:14:12 GMT 2024","","FORMULA","FORMULA",""
"","3","NATPARITYTEST.01","","Thu Nov 07 01:16:36 GMT 2024","passed","Thu Nov 07 01:16:36 GMT 2024","","HOL","HOL",""
"","2","STATE-TYPES.03","","Thu Nov 07 01:55:24 GMT 2024","passed","Thu Nov 07 01:55:24 GMT 2024","","BASIC","BASIC",""
"","101","D5-AUTO-TYPES.04","","Thu Nov 07 00:33:48 GMT 2024","failed","Thu Nov 07 00:33:48 GMT 2024","","HYPERON-EXPERIMENTAL-SCRIPTS","HYPERON-EXPERIMENTAL-SCRIPTS",""
"","3","NILS-IF-CONTROL-TEST-2.01","","Thu Nov 07 02:01:42 GMT 2024","passed","Thu Nov 07 02:01:42 GMT 2024","","COMPARISONS","COMPARISONS",""
"","91","PROB-DEP-TYPES.03","","Thu Nov 07 01:01:34 GMT 2024","passed","Thu Nov 07 01:01:34 GMT 2024","","PROB-DEP-TYPES","PROB-DEP-TYPES",""
"","2","STRING-TESTS.13","","Thu Nov 07 00:35:23 GMT 2024","passed","Thu Nov 07 00:35:23 GMT 2024","","HYPERON-METTALOG-SANITY","HYPERON-METTALOG-SANITY",""
"","4000","metta-morph_tests.multifunction","","Thu Nov 07 00:33:43 GMT 2024","passed","Thu Nov 07 00:33:47 GMT 2024","","WHOLE-TESTS","WHOLE-TESTS",""
"","2","STRING-TESTS.19","","Thu Nov 07 00:35:23 GMT 2024","passed","Thu Nov 07 00:35:23 GMT 2024","","HYPERON-METTALOG-SANITY","HYPERON-METTALOG-SANITY",""
"","5000","std.lte","","Thu Nov 07 00:33:43 GMT 2024","passed","Thu Nov 07 00:33:48 GMT 2024","","WHOLE-TESTS","WHOLE-TESTS",""
"","75","ADD-REMOVE-MATCH-STRINGS.16","","Thu Nov 07 00:50:40 GMT 2024","failed","Thu Nov 07 00:50:40 GMT 2024","","SPACES","SPACES",""
"","3777","TRAINING-BI.03","","Thu Nov 07 02:07:54 GMT 2024","passed","Thu Nov 07 02:07:57 GMT 2024","","LANGUAGE-MODELS","LANGUAGE-MODELS",""
"","3","CHAPTER-2-2.02","","Thu Nov 07 00:52:57 GMT 2024","passed","Thu Nov 07 00:52:57 GMT 2024","","SICP-BOOK","SICP-BOOK",""
"","51","OR-TEST.02","","Thu Nov 07 00:35:23 GMT 2024","failed","Thu Nov 07 00:35:23 GMT 2024","","HYPERON-METTALOG-SANITY","HYPERON-METTALOG-SANITY",""
"","2","INF-CTL-MONTH-BC-CONT-XP.16","","Thu Nov 07 01:17:45 GMT 2024","passed","Thu Nov 07 01:17:45 GMT 2024","","INFERENCE-CONTROL","INFERENCE-CONTROL",""
"","2","00-LANG-CASE.10","","Thu Nov 07 00:35:23 GMT 2024","passed","Thu Nov 07 00:35:23 GMT 2024","","HYPERON-METTALOG-SANITY","HYPERON-METTALOG-SANITY",""
"","62","STDLIB-METTALOG-TEST-PT2.08","","Thu Nov 07 00:52:48 GMT 2024","failed","Thu Nov 07 00:52:48 GMT 2024","","STDLIB-METTALOG","STDLIB-METTALOG",""
"","2","TYPE-PROP.39","","Thu Nov 07 01:09:27 GMT 2024","passed","Thu Nov 07 01:09:27 GMT 2024","","CHECK-TYPES-TEMP","CHECK-TYPES-TEMP",""
"","1","D4-TYPE-PROP.13","","Thu Nov 07 00:43:23 GMT 2024","passed","Thu Nov 07 00:43:23 GMT 2024","","QUICK","QUICK",""
"","68","E2-STATES.07","","Thu Nov 07 01:09:47 GMT 2024","failed","Thu Nov 07 01:09:47 GMT 2024","","CHECK-TYPES","CHECK-TYPES",""
"","2","TYPE-PROP.45","","Thu Nov 07 01:09:27 GMT 2024","passed","Thu Nov 07 01:09:27 GMT 2024","","CHECK-TYPES-TEMP","CHECK-TYPES-TEMP",""
"","2","TYPE-PROP.29","","Thu Nov 07 01:09:27 GMT 2024","passed","Thu Nov 07 01:09:27 GMT 2024","","CHECK-TYPES-TEMP","CHECK-TYPES-TEMP",""
"","55","E2-STATES.08","","Thu Nov 07 00:33:48 GMT 2024","failed","Thu Nov 07 00:33:48 GMT 2024","","HYPERON-EXPERIMENTAL-SCRIPTS","HYPERON-EXPERIMENTAL-SCRIPTS",""
"","491","TESTS0.07","","Thu Nov 07 01:33:40 GMT 2024","failed","Thu Nov 07 01:33:40 GMT 2024","","NARS-V0","NARS-V0",""
"","2","IOIOIOI-USING-EQUALITY.05","","Thu Nov 07 01:53:05 GMT 2024","passed","Thu Nov 07 01:53:05 GMT 2024","","MULTIDIRECTIONAL","MULTIDIRECTIONAL",""
"","2","BACKWARD-CHAINER-XP.23","","Thu Nov 07 01:13:36 GMT 2024","passed","Thu Nov 07 01:13:36 GMT 2024","","BACKWARD-CHAINER","BACKWARD-CHAINER",""
"","1","B5-TYPES-PRELIM.22","","Thu Nov 07 00:33:48 GMT 2024","passed","Thu Nov 07 00:33:48 GMT 2024","","HYPERON-EXPERIMENTAL-SCRIPTS","HYPERON-EXPERIMENTAL-SCRIPTS",""
"","2","CHAPTER-1-1.04","","Thu Nov 07 00:52:57 GMT 2024","passed","Thu Nov 07 00:52:57 GMT 2024","","SICP-BOOK","SICP-BOOK",""
"","47","FC-XP.01","","Thu Nov 07 01:16:31 GMT 2024","failed","Thu Nov 07 01:16:31 GMT 2024","","FORWARD-CHAINING","FORWARD-CHAINING",""
"","2","B4-NONDETERM.05","","Thu Nov 07 00:33:48 GMT 2024","passed","Thu Nov 07 00:33:48 GMT 2024","","HYPERON-EXPERIMENTAL-SCRIPTS","HYPERON-EXPERIMENTAL-SCRIPTS",""
"","45000","new.tests5","","Thu Nov 07 00:33:43 GMT 2024","failed","Thu Nov 07 00:34:28 GMT 2024","","WHOLE-TESTS","WHOLE-TESTS",""
"","2","E2-STATES.05","","Thu Nov 07 00:33:48 GMT 2024","passed","Thu Nov 07 00:33:48 GMT 2024","","HYPERON-EXPERIMENTAL-SCRIPTS","HYPERON-EXPERIMENTAL-SCRIPTS",""
"","4","MATCH-FEVAL.01","","Thu Nov 07 01:46:25 GMT 2024","passed","Thu Nov 07 01:46:25 GMT 2024","","TRANSPILER","TRANSPILER",""
"","2","TYPE-PROP.56","","Thu Nov 07 01:09:27 GMT 2024","passed","Thu Nov 07 01:09:27 GMT 2024","","CHECK-TYPES-TEMP","CHECK-TYPES-TEMP",""
"","40000","comparisons.naive-fib","","Thu Nov 07 00:33:43 GMT 2024","failed","Thu Nov 07 00:34:23 GMT 2024","","WHOLE-TESTS","WHOLE-TESTS",""
"","43000","inference-control.inf-ctl-month-bc-cont-xp","","Thu Nov 07 00:33:43 GMT 2024","failed","Thu Nov 07 00:34:26 GMT 2024","","WHOLE-TESTS","WHOLE-TESTS",""
"","1","IMPLICATIONDIRECTINTRODUCTIONENTAILTEST.04","","Thu Nov 07 01:15:59 GMT 2024","passed","Thu Nov 07 01:15:59 GMT 2024","","ENTAIL","ENTAIL",""
"","2","IBC-XP.20","","Thu Nov 07 01:19:47 GMT 2024","passed","Thu Nov 07 01:19:47 GMT 2024","","ITERATIVE-CHAINING","ITERATIVE-CHAINING",""
"","4000","check_types.d4_type_prop","","Thu Nov 07 00:33:43 GMT 2024","passed","Thu Nov 07 00:33:47 GMT 2024","","WHOLE-TESTS","WHOLE-TESTS",""
"","3","D2-HIGHERFUNC.15","","Thu Nov 07 00:43:23 GMT 2024","passed","Thu Nov 07 00:43:23 GMT 2024","","QUICK","QUICK",""
"","3","E2-STATES.01","","Thu Nov 07 00:33:48 GMT 2024","passed","Thu Nov 07 00:33:48 GMT 2024","","HYPERON-EXPERIMENTAL-SCRIPTS","HYPERON-EXPERIMENTAL-SCRIPTS",""
"","5000","metta-morph_tests.types3","","Thu Nov 07 00:33:43 GMT 2024","passed","Thu Nov 07 00:33:48 GMT 2024","","WHOLE-TESTS","WHOLE-TESTS",""
"","2","DEFINE-IF-LIKE.04","","Thu Nov 07 01:45:24 GMT 2024","passed","Thu Nov 07 01:45:24 GMT 2024","","DIRECT-COMP","DIRECT-COMP",""
"","3","FORWARD-CHAINER-XP.04","","Thu Nov 07 01:16:20 GMT 2024","passed","Thu Nov 07 01:16:20 GMT 2024","","FORWARD-CHAINER","FORWARD-CHAINER",""
"","101","STDLIB-METTALOG-TEST-PT2.01","","Thu Nov 07 00:52:48 GMT 2024","failed","Thu Nov 07 00:52:48 GMT 2024","","STDLIB-METTALOG","STDLIB-METTALOG",""
"","2","CML-UNSHARED.01","","Thu Nov 07 01:55:24 GMT 2024","passed","Thu Nov 07 01:55:24 GMT 2024","","BASIC","BASIC",""
"","2","METTALOGTESTCURRIED2.02","","Thu Nov 07 01:46:51 GMT 2024","passed","Thu Nov 07 01:46:51 GMT 2024","","WALK-THRU","WALK-THRU",""
"","56","IMPLICATIONDIRECTINTRODUCTIONDTLTEST.13","","Thu Nov 07 01:12:29 GMT 2024","failed","Thu Nov 07 01:12:29 GMT 2024","","DEPENDENT-TYPES","DEPENDENT-TYPES",""
"","2","D2-HIGHERFUNC.10","","Thu Nov 07 00:33:48 GMT 2024","passed","Thu Nov 07 00:33:48 GMT 2024","","HYPERON-EXPERIMENTAL-SCRIPTS","HYPERON-EXPERIMENTAL-SCRIPTS",""
"","2","STDLIB-METTALOG-TEST-PT2.27","","Thu Nov 07 00:52:48 GMT 2024","passed","Thu Nov 07 00:52:48 GMT 2024","","STDLIB-METTALOG","STDLIB-METTALOG",""
"","42000","python_from_metta.fs","","Thu Nov 07 00:33:43 GMT 2024","failed","Thu Nov 07 00:34:25 GMT 2024","","WHOLE-TESTS","WHOLE-TESTS",""
"","2","FC-XP.27","","Thu Nov 07 01:16:31 GMT 2024","passed","Thu Nov 07 01:16:31 GMT 2024","","FORWARD-CHAINING","FORWARD-CHAINING",""
"","2","TESTS4.01","","Thu Nov 07 00:43:52 GMT 2024","passed","Thu Nov 07 00:43:52 GMT 2024","","MAIN-BRANCH","MAIN-BRANCH",""
"","24","STDLIB-METTALOG-TEST-PT2.18","","Thu Nov 07 00:52:48 GMT 2024","failed","Thu Nov 07 00:52:48 GMT 2024","","STDLIB-METTALOG","STDLIB-METTALOG",""
"","258","REWRITES.03","","Thu Nov 07 01:05:16 GMT 2024","failed","Thu Nov 07 01:05:16 GMT 2024","","STACK-BASED","STACK-BASED",""
"","5000","forward-chainer.forward-chainer-xp","","Thu Nov 07 00:33:43 GMT 2024","passed","Thu Nov 07 00:33:48 GMT 2024","","WHOLE-TESTS","WHOLE-TESTS",""
"","4","OR-TEST.11","","Thu Nov 07 00:35:23 GMT 2024","passed","Thu Nov 07 00:35:23 GMT 2024","","HYPERON-METTALOG-SANITY","HYPERON-METTALOG-SANITY",""
"","2","BC-XP.18","","Thu Nov 07 01:13:41 GMT 2024","passed","Thu Nov 07 01:13:41 GMT 2024","","BACKWARD-CHAINING","BACKWARD-CHAINING",""
"","2","STATES-SPACES.04","","Thu Nov 07 00:39:12 GMT 2024","passed","Thu Nov 07 00:39:12 GMT 2024","","METTA-MORPH-TESTS","METTA-MORPH-TESTS",""
"","2","STATES-SPACES.03","","Thu Nov 07 00:39:12 GMT 2024","passed","Thu Nov 07 00:39:12 GMT 2024","","METTA-MORPH-TESTS","METTA-MORPH-TESTS",""
"","2","D4-TYPE-PROP.21","","Thu Nov 07 01:09:47 GMT 2024","passed","Thu Nov 07 01:09:47 GMT 2024","","CHECK-TYPES","CHECK-TYPES",""
"","2","CML-UNSHARED.08","","Thu Nov 07 01:55:24 GMT 2024","passed","Thu Nov 07 01:55:24 GMT 2024","","BASIC","BASIC",""
"","2","TESTS1.01","","Thu Nov 07 00:43:52 GMT 2024","passed","Thu Nov 07 00:43:52 GMT 2024","","MAIN-BRANCH","MAIN-BRANCH",""
"","2","E2-STATES.10","","Thu Nov 07 01:09:47 GMT 2024","passed","Thu Nov 07 01:09:47 GMT 2024","","CHECK-TYPES","CHECK-TYPES",""
"","1","TMPMATCH1.03","","Thu Nov 07 01:46:51 GMT 2024","passed","Thu Nov 07 01:46:51 GMT 2024","","WALK-THRU","WALK-THRU",""
"","2","A3-TWOSIDE.04","","Thu Nov 07 00:33:48 GMT 2024","passed","Thu Nov 07 00:33:48 GMT 2024","","HYPERON-EXPERIMENTAL-SCRIPTS","HYPERON-EXPERIMENTAL-SCRIPTS",""
"","2","NATSTANDALONETEST.05","","Thu Nov 07 01:16:36 GMT 2024","passed","Thu Nov 07 01:16:36 GMT 2024","","HOL","HOL",""
"","2","INF-CTL-MONTH-BC-CONT-XP.02","","Thu Nov 07 01:17:45 GMT 2024","passed","Thu Nov 07 01:17:45 GMT 2024","","INFERENCE-CONTROL","INFERENCE-CONTROL",""
"","3","HIGHER-ORDER-FUNCS.09","","Thu Nov 07 00:51:23 GMT 2024","passed","Thu Nov 07 00:51:23 GMT 2024","","STD","STD",""
"","2","ADD-REMOVE-MATCH-INTEGER.03","","Thu Nov 07 00:50:40 GMT 2024","passed","Thu Nov 07 00:50:40 GMT 2024","","SPACES","SPACES",""
"","2","TESTS0.04","","Thu Nov 07 01:41:28 GMT 2024","passed","Thu Nov 07 01:41:28 GMT 2024","","PREV","PREV",""
"","1","HYPERPOSING-UNSHARED.02","","Thu Nov 07 01:55:24 GMT 2024","passed","Thu Nov 07 01:55:24 GMT 2024","","BASIC","BASIC",""
"","106","D5-AUTO-TYPES.04","","Thu Nov 07 01:09:47 GMT 2024","failed","Thu Nov 07 01:09:47 GMT 2024","","CHECK-TYPES","CHECK-TYPES",""
"","348","IBC-XP.15","","Thu Nov 07 01:19:47 GMT 2024","passed","Thu Nov 07 01:19:47 GMT 2024","","ITERATIVE-CHAINING","ITERATIVE-CHAINING",""
"","1","D1-GADT.03","","Thu Nov 07 00:33:48 GMT 2024","passed","Thu Nov 07 00:33:48 GMT 2024","","HYPERON-EXPERIMENTAL-SCRIPTS","HYPERON-EXPERIMENTAL-SCRIPTS",""
"","8","STDLIB-METTALOG-TEST-PT2.14","","Thu Nov 07 00:52:48 GMT 2024","passed","Thu Nov 07 00:52:48 GMT 2024","","STDLIB-METTALOG","STDLIB-METTALOG",""
"","16","INF-CTL-XP.16","","Thu Nov 07 01:17:45 GMT 2024","failed","Thu Nov 07 01:17:45 GMT 2024","","INFERENCE-CONTROL","INFERENCE-CONTROL",""
"","4","C1-GROUNDED-BASIC.01","","Thu Nov 07 01:09:27 GMT 2024","passed","Thu Nov 07 01:09:27 GMT 2024","","CHECK-TYPES-TEMP","CHECK-TYPES-TEMP",""
"","131","STDLIB-METTALOG-TEST-PT2.20","","Thu Nov 07 00:52:48 GMT 2024","failed","Thu Nov 07 00:52:48 GMT 2024","","STDLIB-METTALOG","STDLIB-METTALOG",""
"","97","B5-TYPES-PRELIM.08","","Thu Nov 07 01:09:27 GMT 2024","failed","Thu Nov 07 01:09:27 GMT 2024","","CHECK-TYPES-TEMP","CHECK-TYPES-TEMP",""
"","2","BACKWARD-CHAINER-XP.45","","Thu Nov 07 01:13:36 GMT 2024","passed","Thu Nov 07 01:13:36 GMT 2024","","BACKWARD-CHAINER","BACKWARD-CHAINER",""
"","2","D1-GADT.11","","Thu Nov 07 00:43:23 GMT 2024","passed","Thu Nov 07 00:43:23 GMT 2024","","QUICK","QUICK",""
"","3","INF-CTL-MONTH-BC-CONT-XP.15","","Thu Nov 07 01:17:45 GMT 2024","passed","Thu Nov 07 01:17:45 GMT 2024","","INFERENCE-CONTROL","INFERENCE-CONTROL",""
"","2729","TESTS3.06","","Thu Nov 07 00:43:52 GMT 2024","failed","Thu Nov 07 00:43:54 GMT 2024","","MAIN-BRANCH","MAIN-BRANCH",""
"","7000","basic.hanoi-one-space","","Thu Nov 07 00:33:43 GMT 2024","passed","Thu Nov 07 00:33:50 GMT 2024","","WHOLE-TESTS","WHOLE-TESTS",""
"","2230","SELF-CONTAINED-SYNTHESIZE.07","","Thu Nov 07 01:24:23 GMT 2024","failed","Thu Nov 07 01:24:25 GMT 2024","","EXPERIMENTS","EXPERIMENTS",""
"","15","D1-GADT.04","","Thu Nov 07 00:43:23 GMT 2024","passed","Thu Nov 07 00:43:23 GMT 2024","","QUICK","QUICK",""
"","4000","hyperon-experimental_scripts.b0_chaining_prelim","","Thu Nov 07 00:33:43 GMT 2024","passed","Thu Nov 07 00:33:47 GMT 2024","","WHOLE-TESTS","WHOLE-TESTS",""
"","4000","traverser.basic","","Thu Nov 07 00:33:43 GMT 2024","passed","Thu Nov 07 00:33:47 GMT 2024","","WHOLE-TESTS","WHOLE-TESTS",""
"","1","IMPL-METTALOGTESTCURRIED.03","","Thu Nov 07 01:46:51 GMT 2024","passed","Thu Nov 07 01:46:51 GMT 2024","","WALK-THRU","WALK-THRU",""
"","2","SYNTHESIZE-VIA-TYPE-CHECKING.03","","Thu Nov 07 01:24:23 GMT 2024","passed","Thu Nov 07 01:24:23 GMT 2024","","EXPERIMENTS","EXPERIMENTS",""
"","2","TEST-IF-CLOSED.04","","Thu Nov 07 00:41:17 GMT 2024","passed","Thu Nov 07 00:41:17 GMT 2024","","ANTI-REGRESSION","ANTI-REGRESSION",""
"","2","F1-MODULEA.07","","Thu Nov 07 00:43:23 GMT 2024","passed","Thu Nov 07 00:43:23 GMT 2024","","QUICK","QUICK",""
"","2","06-MATCH-IN-SPACE.02","","Thu Nov 07 00:35:23 GMT 2024","passed","Thu Nov 07 00:35:23 GMT 2024","","HYPERON-METTALOG-SANITY","HYPERON-METTALOG-SANITY",""
"","1","TEST-IF-CLOSED.08","","Thu Nov 07 01:46:51 GMT 2024","passed","Thu Nov 07 01:46:51 GMT 2024","","WALK-THRU","WALK-THRU",""
"","5000","std.nondeterm","","Thu Nov 07 00:33:43 GMT 2024","passed","Thu Nov 07 00:33:48 GMT 2024","","WHOLE-TESTS","WHOLE-TESTS",""
"","3","HYPERPOSE.10","","Thu Nov 07 00:39:12 GMT 2024","passed","Thu Nov 07 00:39:12 GMT 2024","","METTA-MORPH-TESTS","METTA-MORPH-TESTS",""
"","2","STRING-TESTS.17","","Thu Nov 07 00:35:23 GMT 2024","passed","Thu Nov 07 00:35:23 GMT 2024","","HYPERON-METTALOG-SANITY","HYPERON-METTALOG-SANITY",""
"","2","IFC-XP.10","","Thu Nov 07 01:19:47 GMT 2024","passed","Thu Nov 07 01:19:47 GMT 2024","","ITERATIVE-CHAINING","ITERATIVE-CHAINING",""
"","4000","debugging.hyperon_experimental_issue_516_redduced","","Thu Nov 07 00:33:43 GMT 2024","passed","Thu Nov 07 00:33:47 GMT 2024","","WHOLE-TESTS","WHOLE-TESTS",""
"","2","ADD-REMOVE-MATCH-MIX-FLOAT-INTEGER.21","","Thu Nov 07 00:50:40 GMT 2024","passed","Thu Nov 07 00:50:40 GMT 2024","","SPACES","SPACES",""
"","2","CHAPTER-2-4.13","","Thu Nov 07 00:52:57 GMT 2024","passed","Thu Nov 07 00:52:57 GMT 2024","","SICP-BOOK","SICP-BOOK",""
"","253","INF-CTL-XP.09","","Thu Nov 07 01:17:45 GMT 2024","passed","Thu Nov 07 01:17:45 GMT 2024","","INFERENCE-CONTROL","INFERENCE-CONTROL",""
"","2","FC-XP.25","","Thu Nov 07 01:16:31 GMT 2024","passed","Thu Nov 07 01:16:31 GMT 2024","","FORWARD-CHAINING","FORWARD-CHAINING",""
"","68","D5-AUTO-TYPES.01","","Thu Nov 07 00:33:48 GMT 2024","failed","Thu Nov 07 00:33:48 GMT 2024","","HYPERON-EXPERIMENTAL-SCRIPTS","HYPERON-EXPERIMENTAL-SCRIPTS",""
"","4000","walk_thru.mettalogTestCurried2","","Thu Nov 07 00:33:43 GMT 2024","passed","Thu Nov 07 00:33:47 GMT 2024","","WHOLE-TESTS","WHOLE-TESTS",""
"","49","B5-TYPES-PRELIM.14","","Thu Nov 07 00:33:48 GMT 2024","failed","Thu Nov 07 00:33:48 GMT 2024","","HYPERON-EXPERIMENTAL-SCRIPTS","HYPERON-EXPERIMENTAL-SCRIPTS",""
"","2","XOR-TEST.11","","Thu Nov 07 00:35:23 GMT 2024","passed","Thu Nov 07 00:35:23 GMT 2024","","HYPERON-METTALOG-SANITY","HYPERON-METTALOG-SANITY",""
"","3","D4-TYPE-PROP.01","","Thu Nov 07 01:09:47 GMT 2024","passed","Thu Nov 07 01:09:47 GMT 2024","","CHECK-TYPES","CHECK-TYPES",""
"","4000","hyperon-mettalog_sanity.subtraction_test","","Thu Nov 07 00:33:43 GMT 2024","passed","Thu Nov 07 00:33:47 GMT 2024","","WHOLE-TESTS","WHOLE-TESTS",""
"","2","BACKWARD-CHAINER-XP.32","","Thu Nov 07 01:13:36 GMT 2024","passed","Thu Nov 07 01:13:36 GMT 2024","","BACKWARD-CHAINER","BACKWARD-CHAINER",""
"","4000","metta-morph_tests.zeroargs","","Thu Nov 07 00:33:43 GMT 2024","passed","Thu Nov 07 00:33:47 GMT 2024","","WHOLE-TESTS","WHOLE-TESTS",""
"","5000","collatz.peano","","Thu Nov 07 00:33:43 GMT 2024","passed","Thu Nov 07 00:33:48 GMT 2024","","WHOLE-TESTS","WHOLE-TESTS",""
"","2","EXAM-SPACES.02","","Thu Nov 07 00:50:25 GMT 2024","passed","Thu Nov 07 00:50:25 GMT 2024","","INTROSPECT","INTROSPECT",""
"","4","IMPLICATIONDIRECTINTRODUCTIONDTLTEST.06","","Thu Nov 07 01:12:29 GMT 2024","passed","Thu Nov 07 01:12:29 GMT 2024","","DEPENDENT-TYPES","DEPENDENT-TYPES",""
"","2","BACKWARD-CHAINER-XP.20","","Thu Nov 07 01:13:36 GMT 2024","passed","Thu Nov 07 01:13:36 GMT 2024","","BACKWARD-CHAINER","BACKWARD-CHAINER",""
"","4","FORWARD-CHAINER-XP.31","","Thu Nov 07 01:16:20 GMT 2024","passed","Thu Nov 07 01:16:20 GMT 2024","","FORWARD-CHAINER","FORWARD-CHAINER",""
"","2","F1-IMPORTS.11","","Thu Nov 07 00:33:38 GMT 2024","passed","Thu Nov 07 00:33:38 GMT 2024","","MODULE-SYSTEM","MODULE-SYSTEM",""
"","2","BC-XP.17","","Thu Nov 07 01:13:41 GMT 2024","passed","Thu Nov 07 01:13:41 GMT 2024","","BACKWARD-CHAINING","BACKWARD-CHAINING",""
"","2","ORDEREDSETTEST.06","","Thu Nov 07 01:13:50 GMT 2024","passed","Thu Nov 07 01:13:50 GMT 2024","","COMMON","COMMON",""
"","5","F1-IMPORTS.02","","Thu Nov 07 00:43:23 GMT 2024","passed","Thu Nov 07 00:43:23 GMT 2024","","QUICK","QUICK",""
"","1114","RED-BLACK.03","","Thu Nov 07 01:05:09 GMT 2024","passed","Thu Nov 07 01:05:10 GMT 2024","","RED-BLACK-LAMBDA","RED-BLACK-LAMBDA",""
"","2","NATPARITYTEST.08","","Thu Nov 07 01:16:36 GMT 2024","passed","Thu Nov 07 01:16:36 GMT 2024","","HOL","HOL",""
"","3","TESTS2.01","","Thu Nov 07 00:43:52 GMT 2024","passed","Thu Nov 07 00:43:52 GMT 2024","","MAIN-BRANCH","MAIN-BRANCH",""
"","2","BASE-TEST-REPR-PARSE-INTERSECTION.03","","Thu Nov 07 00:35:23 GMT 2024","passed","Thu Nov 07 00:35:23 GMT 2024","","HYPERON-METTALOG-SANITY","HYPERON-METTALOG-SANITY",""
"","5000","match.DeductionMatchTest","","Thu Nov 07 00:33:43 GMT 2024","passed","Thu Nov 07 00:33:48 GMT 2024","","WHOLE-TESTS","WHOLE-TESTS",""
"","3","BASIC.09","","Thu Nov 07 01:06:47 GMT 2024","passed","Thu Nov 07 01:06:47 GMT 2024","","TRAVERSER","TRAVERSER",""
"","153","FC-XP.20","","Thu Nov 07 01:16:31 GMT 2024","passed","Thu Nov 07 01:16:31 GMT 2024","","FORWARD-CHAINING","FORWARD-CHAINING",""
"","2","BACKWARD-CHAINER-XP.03","","Thu Nov 07 01:13:36 GMT 2024","passed","Thu Nov 07 01:13:36 GMT 2024","","BACKWARD-CHAINER","BACKWARD-CHAINER",""
"","36","TYPE-PROP.58","","Thu Nov 07 01:09:27 GMT 2024","failed","Thu Nov 07 01:09:27 GMT 2024","","CHECK-TYPES-TEMP","CHECK-TYPES-TEMP",""
"","14","D3-DEPTYPES.04","","Thu Nov 07 00:33:48 GMT 2024","passed","Thu Nov 07 00:33:48 GMT 2024","","HYPERON-EXPERIMENTAL-SCRIPTS","HYPERON-EXPERIMENTAL-SCRIPTS",""
"","244","SYNTHESIZE-VIA-UNIFY-TEST.08","","Thu Nov 07 01:24:23 GMT 2024","failed","Thu Nov 07 01:24:23 GMT 2024","","EXPERIMENTS","EXPERIMENTS",""
"","5000","backward-chainer.backward-chainer-xp","","Thu Nov 07 00:33:43 GMT 2024","passed","Thu Nov 07 00:33:48 GMT 2024","","WHOLE-TESTS","WHOLE-TESTS",""
"","3","SUBTRACTION-TEST.10","","Thu Nov 07 00:35:23 GMT 2024","passed","Thu Nov 07 00:35:23 GMT 2024","","HYPERON-METTALOG-SANITY","HYPERON-METTALOG-SANITY",""
"","2","LISTTEST.07","","Thu Nov 07 01:13:50 GMT 2024","passed","Thu Nov 07 01:13:50 GMT 2024","","COMMON","COMMON",""
"","6000","bidirectional_computation.fish-riddle","","Thu Nov 07 00:33:43 GMT 2024","passed","Thu Nov 07 00:33:49 GMT 2024","","WHOLE-TESTS","WHOLE-TESTS",""
"","2","NATSTANDALONETEST.07","","Thu Nov 07 01:16:36 GMT 2024","passed","Thu Nov 07 01:16:36 GMT 2024","","HOL","HOL",""
"","3","TMPMATCH1.01","","Thu Nov 07 01:46:51 GMT 2024","passed","Thu Nov 07 01:46:51 GMT 2024","","WALK-THRU","WALK-THRU",""
"","2","TYPE-PROP.23","","Thu Nov 07 01:09:27 GMT 2024","passed","Thu Nov 07 01:09:27 GMT 2024","","CHECK-TYPES-TEMP","CHECK-TYPES-TEMP",""
"","121","NTE.03","","Thu Nov 07 00:59:36 GMT 2024","passed","Thu Nov 07 00:59:36 GMT 2024","","EDGES-TO-EDGES","EDGES-TO-EDGES",""
"","2","TEST-IF-CLOSED.11","","Thu Nov 07 00:41:17 GMT 2024","passed","Thu Nov 07 00:41:17 GMT 2024","","ANTI-REGRESSION","ANTI-REGRESSION",""
"","7000","ai-service.ai-service-composition-easy","","Thu Nov 07 00:33:43 GMT 2024","passed","Thu Nov 07 00:33:50 GMT 2024","","WHOLE-TESTS","WHOLE-TESTS",""
"","1","ALL-ANY.02","","Thu Nov 07 01:00:57 GMT 2024","passed","Thu Nov 07 01:00:57 GMT 2024","","LOGIC","LOGIC",""
"","3","MAYBETEST.01","","Thu Nov 07 01:13:50 GMT 2024","passed","Thu Nov 07 01:13:50 GMT 2024","","COMMON","COMMON",""
"","2","SPACE-INTERSECTION-TESTS.20","","Thu Nov 07 00:35:23 GMT 2024","passed","Thu Nov 07 00:35:23 GMT 2024","","HYPERON-METTALOG-SANITY","HYPERON-METTALOG-SANITY",""
"","2","INF-CTL-MONTH-XP-SHORT-3.02","","Thu Nov 07 02:01:42 GMT 2024","passed","Thu Nov 07 02:01:42 GMT 2024","","COMPARISONS","COMPARISONS",""
"","3","ADD-REMOVE-MATCH-S-STRINGS.01","","Thu Nov 07 00:50:40 GMT 2024","passed","Thu Nov 07 00:50:40 GMT 2024","","SPACES","SPACES",""
"","2","D2-HIGHERFUNC.16","","Thu Nov 07 00:33:48 GMT 2024","passed","Thu Nov 07 00:33:48 GMT 2024","","HYPERON-EXPERIMENTAL-SCRIPTS","HYPERON-EXPERIMENTAL-SCRIPTS",""
"","42000","aunt-kg.sergey_rodionov_formulation","","Thu Nov 07 00:33:43 GMT 2024","failed","Thu Nov 07 00:34:25 GMT 2024","","WHOLE-TESTS","WHOLE-TESTS",""
"","4","GROUNDED-BASIC.05","","Thu Nov 07 00:51:23 GMT 2024","passed","Thu Nov 07 00:51:23 GMT 2024","","STD","STD",""
"","2","METTALOGTESTCURRIED2.05","","Thu Nov 07 00:41:17 GMT 2024","passed","Thu Nov 07 00:41:17 GMT 2024","","ANTI-REGRESSION","ANTI-REGRESSION",""
"","2","D4-TYPE-PROP.02","","Thu Nov 07 00:33:48 GMT 2024","passed","Thu Nov 07 00:33:48 GMT 2024","","HYPERON-EXPERIMENTAL-SCRIPTS","HYPERON-EXPERIMENTAL-SCRIPTS",""
"","2","STDLIB-METTALOG-TEST-PT2.32","","Thu Nov 07 00:52:48 GMT 2024","passed","Thu Nov 07 00:52:48 GMT 2024","","STDLIB-METTALOG","STDLIB-METTALOG",""
"","15000","anti-regression.mettalogTestCurried","","Thu Nov 07 00:33:43 GMT 2024","failed","Thu Nov 07 00:33:58 GMT 2024","","WHOLE-TESTS","WHOLE-TESTS",""
"","1271","SYNTHESIZE-VIA-LET-TEST.08","","Thu Nov 07 01:24:23 GMT 2024","failed","Thu Nov 07 01:24:24 GMT 2024","","EXPERIMENTS","EXPERIMENTS",""
"","5000","hyperon-experimental_scripts.c3_pln_stv","","Thu Nov 07 00:33:43 GMT 2024","passed","Thu Nov 07 00:33:48 GMT 2024","","WHOLE-TESTS","WHOLE-TESTS",""
"","3","STATE-TYPES.09","","Thu Nov 07 01:55:24 GMT 2024","passed","Thu Nov 07 01:55:24 GMT 2024","","BASIC","BASIC",""
"","4000","spaces.add-remove-match-ss-symbols","","Thu Nov 07 00:33:43 GMT 2024","passed","Thu Nov 07 00:33:47 GMT 2024","","WHOLE-TESTS","WHOLE-TESTS",""
"","3","FIBO-AS-PRED.01","","Thu Nov 07 01:55:24 GMT 2024","passed","Thu Nov 07 01:55:24 GMT 2024","","BASIC","BASIC",""
"","279","BASIC.06","","Thu Nov 07 01:06:47 GMT 2024","passed","Thu Nov 07 01:06:47 GMT 2024","","TRAVERSER","TRAVERSER",""
"","6","SPACE-SUBTRACTION-TESTS.09","","Thu Nov 07 00:35:23 GMT 2024","passed","Thu Nov 07 00:35:23 GMT 2024","","HYPERON-METTALOG-SANITY","HYPERON-METTALOG-SANITY",""
"","4000","chaining.type_prop","","Thu Nov 07 00:33:43 GMT 2024","passed","Thu Nov 07 00:33:47 GMT 2024","","WHOLE-TESTS","WHOLE-TESTS",""
"","2","ADD-REMOVE-MATCH-INTEGER.02","","Thu Nov 07 00:50:40 GMT 2024","passed","Thu Nov 07 00:50:40 GMT 2024","","SPACES","SPACES",""
"","2","KB-WRITE.02","","Thu Nov 07 00:51:23 GMT 2024","passed","Thu Nov 07 00:51:23 GMT 2024","","STD","STD",""
"","2","F1-IMPORTS.12","","Thu Nov 07 00:33:48 GMT 2024","passed","Thu Nov 07 00:33:48 GMT 2024","","HYPERON-EXPERIMENTAL-SCRIPTS","HYPERON-EXPERIMENTAL-SCRIPTS",""
"","2","C1-GROUNDED-BASIC.21","","Thu Nov 07 00:43:23 GMT 2024","passed","Thu Nov 07 00:43:23 GMT 2024","","QUICK","QUICK",""
"","2","F1-IMPORTS.11","","Thu Nov 07 00:33:48 GMT 2024","passed","Thu Nov 07 00:33:48 GMT 2024","","HYPERON-EXPERIMENTAL-SCRIPTS","HYPERON-EXPERIMENTAL-SCRIPTS",""
"","395","MODUSPONENSDTLTEST.03","","Thu Nov 07 01:12:29 GMT 2024","failed","Thu Nov 07 01:12:29 GMT 2024","","DEPENDENT-TYPES","DEPENDENT-TYPES",""
"","136","STDLIB-METTALOG-TEST-PT2.21","","Thu Nov 07 00:52:48 GMT 2024","failed","Thu Nov 07 00:52:48 GMT 2024","","STDLIB-METTALOG","STDLIB-METTALOG",""
"","5000","hyperon-mettalog_sanity.00_lang_case","","Thu Nov 07 00:33:43 GMT 2024","passed","Thu Nov 07 00:33:48 GMT 2024","","WHOLE-TESTS","WHOLE-TESTS",""
"","2","BCHAIN-COMP.05","","Thu Nov 07 00:41:17 GMT 2024","passed","Thu Nov 07 00:41:17 GMT 2024","","ANTI-REGRESSION","ANTI-REGRESSION",""
"","71","CREATE-SERVER.04","","Thu Nov 07 01:51:12 GMT 2024","failed","Thu Nov 07 01:51:12 GMT 2024","","DISTRIBUTED-PROCESSING","DISTRIBUTED-PROCESSING",""
"","1","LET-SUPERPOSE-LIST.02","","Thu Nov 07 01:46:25 GMT 2024","passed","Thu Nov 07 01:46:25 GMT 2024","","TRANSPILER","TRANSPILER",""
"","2","D2-HIGHERFUNC.26","","Thu Nov 07 01:09:47 GMT 2024","passed","Thu Nov 07 01:09:47 GMT 2024","","CHECK-TYPES","CHECK-TYPES",""
"","116","TYPE-PROP.73","","Thu Nov 07 01:09:27 GMT 2024","failed","Thu Nov 07 01:09:27 GMT 2024","","CHECK-TYPES-TEMP","CHECK-TYPES-TEMP",""
"","2","D4-TYPE-PROP.17","","Thu Nov 07 00:43:23 GMT 2024","passed","Thu Nov 07 00:43:23 GMT 2024","","QUICK","QUICK",""
"","2","INTERSECTION-TESTS.20","","Thu Nov 07 00:35:23 GMT 2024","passed","Thu Nov 07 00:35:23 GMT 2024","","HYPERON-METTALOG-SANITY","HYPERON-METTALOG-SANITY",""
"","61","F1-IMPORTS.18","","Thu Nov 07 00:43:23 GMT 2024","passed","Thu Nov 07 00:43:23 GMT 2024","","QUICK","QUICK",""
"","5000","common.OrderedSetTest","","Thu Nov 07 00:33:43 GMT 2024","passed","Thu Nov 07 00:33:48 GMT 2024","","WHOLE-TESTS","WHOLE-TESTS",""
"","5000","check_types-temp.b5_types_prelim","","Thu Nov 07 00:33:43 GMT 2024","passed","Thu Nov 07 00:33:48 GMT 2024","","WHOLE-TESTS","WHOLE-TESTS",""
"","41000","SICP_book.chapter_2_2","","Thu Nov 07 00:33:43 GMT 2024","failed","Thu Nov 07 00:34:24 GMT 2024","","WHOLE-TESTS","WHOLE-TESTS",""
"","41000","strips-to-metta-improved.queries","","Thu Nov 07 00:33:43 GMT 2024","failed","Thu Nov 07 00:34:24 GMT 2024","","WHOLE-TESTS","WHOLE-TESTS",""
"","2","D4-TYPE-PROP.19","","Thu Nov 07 01:09:47 GMT 2024","passed","Thu Nov 07 01:09:47 GMT 2024","","CHECK-TYPES","CHECK-TYPES",""
"","2","D2-HIGHERFUNC.26","","Thu Nov 07 00:43:23 GMT 2024","passed","Thu Nov 07 00:43:23 GMT 2024","","QUICK","QUICK",""
"","2","B5-TYPES-PRELIM.04","","Thu Nov 07 01:09:27 GMT 2024","passed","Thu Nov 07 01:09:27 GMT 2024","","CHECK-TYPES-TEMP","CHECK-TYPES-TEMP",""
"","2","ADD-REMOVE-MATCH-INTEGER.33","","Thu Nov 07 00:50:40 GMT 2024","passed","Thu Nov 07 00:50:40 GMT 2024","","SPACES","SPACES",""
"","2","D4-TYPE-PROP.15","","Thu Nov 07 01:09:47 GMT 2024","passed","Thu Nov 07 01:09:47 GMT 2024","","CHECK-TYPES","CHECK-TYPES",""
"","2","STRING-TESTS.16","","Thu Nov 07 00:35:23 GMT 2024","passed","Thu Nov 07 00:35:23 GMT 2024","","HYPERON-METTALOG-SANITY","HYPERON-METTALOG-SANITY",""
"","93","INTERSECTION-TESTS.29","","Thu Nov 07 00:35:23 GMT 2024","failed","Thu Nov 07 00:35:23 GMT 2024","","HYPERON-METTALOG-SANITY","HYPERON-METTALOG-SANITY",""
"","571","INF-CTL-MONTH-XP.04","","Thu Nov 07 01:17:45 GMT 2024","passed","Thu Nov 07 01:17:45 GMT 2024","","INFERENCE-CONTROL","INFERENCE-CONTROL",""
"","5000","debugging.hyperon_experimental_issue_481","","Thu Nov 07 00:33:43 GMT 2024","passed","Thu Nov 07 00:33:48 GMT 2024","","WHOLE-TESTS","WHOLE-TESTS",""
"","3","LISTTEST.14","","Thu Nov 07 01:13:50 GMT 2024","passed","Thu Nov 07 01:13:50 GMT 2024","","COMMON","COMMON",""
"","5000","experiments.unify-via-case","","Thu Nov 07 00:33:43 GMT 2024","passed","Thu Nov 07 00:33:48 GMT 2024","","WHOLE-TESTS","WHOLE-TESTS",""
"","42","IMPLICATIONDIRECTINTRODUCTIONDTLTEST.07","","Thu Nov 07 01:12:29 GMT 2024","failed","Thu Nov 07 01:12:29 GMT 2024","","DEPENDENT-TYPES","DEPENDENT-TYPES",""
"","3","B2-BACKCHAIN.05","","Thu Nov 07 00:33:48 GMT 2024","passed","Thu Nov 07 00:33:48 GMT 2024","","HYPERON-EXPERIMENTAL-SCRIPTS","HYPERON-EXPERIMENTAL-SCRIPTS",""
"","2","D1-GADT.07","","Thu Nov 07 01:09:47 GMT 2024","passed","Thu Nov 07 01:09:47 GMT 2024","","CHECK-TYPES","CHECK-TYPES",""
"","2","C1-GROUNDED-BASIC.11","","Thu Nov 07 00:33:48 GMT 2024","passed","Thu Nov 07 00:33:48 GMT 2024","","HYPERON-EXPERIMENTAL-SCRIPTS","HYPERON-EXPERIMENTAL-SCRIPTS",""
"","2","D2-HIGHERFUNC.23","","Thu Nov 07 00:33:48 GMT 2024","passed","Thu Nov 07 00:33:48 GMT 2024","","HYPERON-EXPERIMENTAL-SCRIPTS","HYPERON-EXPERIMENTAL-SCRIPTS",""
"","2","IFC-XP.04","","Thu Nov 07 01:19:47 GMT 2024","passed","Thu Nov 07 01:19:47 GMT 2024","","ITERATIVE-CHAINING","ITERATIVE-CHAINING",""
"","3","LET-SUPERPOSE-LIST.01","","Thu Nov 07 01:46:25 GMT 2024","passed","Thu Nov 07 01:46:25 GMT 2024","","TRANSPILER","TRANSPILER",""
"","4000","hyperon-mettalog_sanity.intersection_tests","","Thu Nov 07 00:33:43 GMT 2024","passed","Thu Nov 07 00:33:47 GMT 2024","","WHOLE-TESTS","WHOLE-TESTS",""
"","2","DEDUCTIONFORMULATEST.12","","Thu Nov 07 01:14:12 GMT 2024","passed","Thu Nov 07 01:14:12 GMT 2024","","FORMULA","FORMULA",""
"","3","LISTTEST.08","","Thu Nov 07 01:13:50 GMT 2024","passed","Thu Nov 07 01:13:50 GMT 2024","","COMMON","COMMON",""
"","2","NUMTEST.05","","Thu Nov 07 01:13:50 GMT 2024","passed","Thu Nov 07 01:13:50 GMT 2024","","COMMON","COMMON",""
"","4","INF-ORDER-PROBS.05","","Thu Nov 07 01:01:34 GMT 2024","passed","Thu Nov 07 01:01:34 GMT 2024","","PROB-DEP-TYPES","PROB-DEP-TYPES",""
"","1","00A-LANG-COMPILED-CASE.05","","Thu Nov 07 01:45:24 GMT 2024","passed","Thu Nov 07 01:45:24 GMT 2024","","DIRECT-COMP","DIRECT-COMP",""
"","43","IFC-XP.32","","Thu Nov 07 01:19:47 GMT 2024","failed","Thu Nov 07 01:19:47 GMT 2024","","ITERATIVE-CHAINING","ITERATIVE-CHAINING",""
"","253","SYNTHESIZE-VIA-CASE-TEST.09","","Thu Nov 07 01:24:23 GMT 2024","failed","Thu Nov 07 01:24:23 GMT 2024","","EXPERIMENTS","EXPERIMENTS",""
"","23856","SYNTHESIZE.01","","Thu Nov 07 00:37:04 GMT 2024","passed","Thu Nov 07 00:37:27 GMT 2024","","SYNTH-BUFFER","SYNTH-BUFFER",""
"","1","ADD-REMOVE-MATCH-MIX-FLOAT-INTEGER.28","","Thu Nov 07 00:50:40 GMT 2024","passed","Thu Nov 07 00:50:40 GMT 2024","","SPACES","SPACES",""
"","2","SUPERPOSE-NESTED.03","","Thu Nov 07 00:39:12 GMT 2024","passed","Thu Nov 07 00:39:12 GMT 2024","","METTA-MORPH-TESTS","METTA-MORPH-TESTS",""
"","84","OR-TEST.20","","Thu Nov 07 00:35:23 GMT 2024","failed","Thu Nov 07 00:35:23 GMT 2024","","HYPERON-METTALOG-SANITY","HYPERON-METTALOG-SANITY",""
"","2","D4-TYPE-PROP.09","","Thu Nov 07 00:33:48 GMT 2024","passed","Thu Nov 07 00:33:48 GMT 2024","","HYPERON-EXPERIMENTAL-SCRIPTS","HYPERON-EXPERIMENTAL-SCRIPTS",""
"","259","SELF-CONTAINED-SYNTHESIZE.10","","Thu Nov 07 01:24:23 GMT 2024","failed","Thu Nov 07 01:24:23 GMT 2024","","EXPERIMENTS","EXPERIMENTS",""
"","3","TYPES-PRELIM.20","","Thu Nov 07 00:48:22 GMT 2024","passed","Thu Nov 07 00:48:22 GMT 2024","","CHAINING","CHAINING",""
"","3","UNWEIGHTED-PLLM.05","","Thu Nov 07 02:07:54 GMT 2024","passed","Thu Nov 07 02:07:54 GMT 2024","","LANGUAGE-MODELS","LANGUAGE-MODELS",""
"","2","HYPERPOSING.10","","Thu Nov 07 01:55:24 GMT 2024","passed","Thu Nov 07 01:55:24 GMT 2024","","BASIC","BASIC",""
"","1147","RED-BLACK.02","","Thu Nov 07 01:05:09 GMT 2024","passed","Thu Nov 07 01:05:10 GMT 2024","","RED-BLACK-LAMBDA","RED-BLACK-LAMBDA",""
"","1","TYPES-PRELIM.19","","Thu Nov 07 00:48:22 GMT 2024","passed","Thu Nov 07 00:48:22 GMT 2024","","CHAINING","CHAINING",""
"","3","D2-HIGHERFUNC.26","","Thu Nov 07 00:33:48 GMT 2024","passed","Thu Nov 07 00:33:48 GMT 2024","","HYPERON-EXPERIMENTAL-SCRIPTS","HYPERON-EXPERIMENTAL-SCRIPTS",""
"","1","XOR-TEST.03","","Thu Nov 07 00:35:23 GMT 2024","passed","Thu Nov 07 00:35:23 GMT 2024","","HYPERON-METTALOG-SANITY","HYPERON-METTALOG-SANITY",""
"","2","TEST-IF-CLOSED.02","","Thu Nov 07 01:46:51 GMT 2024","passed","Thu Nov 07 01:46:51 GMT 2024","","WALK-THRU","WALK-THRU",""
"","3","TYPE-PROP.37","","Thu Nov 07 01:09:27 GMT 2024","passed","Thu Nov 07 01:09:27 GMT 2024","","CHECK-TYPES-TEMP","CHECK-TYPES-TEMP",""
"","224","DEDUCTIONIMPLICATIONDIRECTINTRODUCTIONDTLTEST.04","","Thu Nov 07 01:12:29 GMT 2024","passed","Thu Nov 07 01:12:29 GMT 2024","","DEPENDENT-TYPES","DEPENDENT-TYPES",""
"","2","ADD-REMOVE-MATCH-INTEGER.07","","Thu Nov 07 00:50:40 GMT 2024","passed","Thu Nov 07 00:50:40 GMT 2024","","SPACES","SPACES",""
"","62","F1-IMPORTS.13","","Thu Nov 07 00:33:48 GMT 2024","failed","Thu Nov 07 00:33:48 GMT 2024","","HYPERON-EXPERIMENTAL-SCRIPTS","HYPERON-EXPERIMENTAL-SCRIPTS",""
"","4000","strips-to-metta-flat.queries_flat","","Thu Nov 07 00:33:43 GMT 2024","passed","Thu Nov 07 00:33:47 GMT 2024","","WHOLE-TESTS","WHOLE-TESTS",""
"","57","COMBINED.04","","Thu Nov 07 01:51:32 GMT 2024","failed","Thu Nov 07 01:51:32 GMT 2024","","ITERATORS","ITERATORS",""
"","172","SYNTHESIZE-VIA-UNIFY-TEST.07","","Thu Nov 07 01:24:23 GMT 2024","failed","Thu Nov 07 01:24:23 GMT 2024","","EXPERIMENTS","EXPERIMENTS",""
"","2","ADD-REMOVE-MATCH-S-STRINGS.04","","Thu Nov 07 00:50:40 GMT 2024","passed","Thu Nov 07 00:50:40 GMT 2024","","SPACES","SPACES",""
"","4000","common.NumTest","","Thu Nov 07 00:33:43 GMT 2024","passed","Thu Nov 07 00:33:47 GMT 2024","","WHOLE-TESTS","WHOLE-TESTS",""
"","5","EVIDENTIALTRUTHVALUETEST.04","","Thu Nov 07 01:14:17 GMT 2024","passed","Thu Nov 07 01:14:17 GMT 2024","","TRUTHVALUE","TRUTHVALUE",""
"","2","HYPERPOSING.09","","Thu Nov 07 01:55:24 GMT 2024","passed","Thu Nov 07 01:55:24 GMT 2024","","BASIC","BASIC",""
"","4","SEALED-TEST.02","","Thu Nov 07 00:35:23 GMT 2024","passed","Thu Nov 07 00:35:23 GMT 2024","","HYPERON-METTALOG-SANITY","HYPERON-METTALOG-SANITY",""
"","2","EXAM-SPACES.01","","Thu Nov 07 00:50:25 GMT 2024","passed","Thu Nov 07 00:50:25 GMT 2024","","INTROSPECT","INTROSPECT",""
"","2","SPACE-INTERSECTION-TESTS.11","","Thu Nov 07 00:35:23 GMT 2024","passed","Thu Nov 07 00:35:23 GMT 2024","","HYPERON-METTALOG-SANITY","HYPERON-METTALOG-SANITY",""
"","3","HYPERON-EXPERIMENTAL-ISSUE-530.01","","Thu Nov 07 01:50:06 GMT 2024","passed","Thu Nov 07 01:50:06 GMT 2024","","DEBUGGING","DEBUGGING",""
"","1","AI-SERVICE-COMPOSITION-EASY.06","","Thu Nov 07 01:06:59 GMT 2024","passed","Thu Nov 07 01:06:59 GMT 2024","","AI-SERVICE","AI-SERVICE",""
"","5000","SICP_book.chapter_2_4","","Thu Nov 07 00:33:43 GMT 2024","passed","Thu Nov 07 00:33:48 GMT 2024","","WHOLE-TESTS","WHOLE-TESTS",""
"","3","ADD-REMOVE-MATCH-SS-STRINGS.01","","Thu Nov 07 00:50:40 GMT 2024","passed","Thu Nov 07 00:50:40 GMT 2024","","SPACES","SPACES",""
"","71","F1-IMPORTS.18","","Thu Nov 07 00:33:48 GMT 2024","passed","Thu Nov 07 00:33:48 GMT 2024","","HYPERON-EXPERIMENTAL-SCRIPTS","HYPERON-EXPERIMENTAL-SCRIPTS",""
"","2","D2-HIGHERFUNC.17","","Thu Nov 07 00:33:48 GMT 2024","passed","Thu Nov 07 00:33:48 GMT 2024","","HYPERON-EXPERIMENTAL-SCRIPTS","HYPERON-EXPERIMENTAL-SCRIPTS",""
"","3","PC-XP.11","","Thu Nov 07 01:22:32 GMT 2024","passed","Thu Nov 07 01:22:32 GMT 2024","","POLYWARD-CHAINING","POLYWARD-CHAINING",""
"","2","ADD-REMOVE-MATCH-INTEGER.05","","Thu Nov 07 00:50:40 GMT 2024","passed","Thu Nov 07 00:50:40 GMT 2024","","SPACES","SPACES",""
"","2","C1-GROUNDED-BASIC.22","","Thu Nov 07 00:33:48 GMT 2024","passed","Thu Nov 07 00:33:48 GMT 2024","","HYPERON-EXPERIMENTAL-SCRIPTS","HYPERON-EXPERIMENTAL-SCRIPTS",""
"","2","TMPMATCH2.02","","Thu Nov 07 01:46:51 GMT 2024","passed","Thu Nov 07 01:46:51 GMT 2024","","WALK-THRU","WALK-THRU",""
"","2","BCHAIN-COMP.01","","Thu Nov 07 00:41:17 GMT 2024","passed","Thu Nov 07 00:41:17 GMT 2024","","ANTI-REGRESSION","ANTI-REGRESSION",""
"","47","STDLIB-METTALOG-TEST-PT2.17","","Thu Nov 07 00:52:48 GMT 2024","failed","Thu Nov 07 00:52:48 GMT 2024","","STDLIB-METTALOG","STDLIB-METTALOG",""
"","245","SYNTHESIZE-VIA-CASE-TEST.02","","Thu Nov 07 01:24:23 GMT 2024","failed","Thu Nov 07 01:24:23 GMT 2024","","EXPERIMENTS","EXPERIMENTS",""
"","6","DEBUG-METTALOGTESTCURRIED.05","","Thu Nov 07 01:46:51 GMT 2024","passed","Thu Nov 07 01:46:51 GMT 2024","","WALK-THRU","WALK-THRU",""
"","2","D4-TYPE-PROP.15","","Thu Nov 07 00:33:48 GMT 2024","passed","Thu Nov 07 00:33:48 GMT 2024","","HYPERON-EXPERIMENTAL-SCRIPTS","HYPERON-EXPERIMENTAL-SCRIPTS",""
"","4000","bidirectional_computation.send-more-money","","Thu Nov 07 00:33:43 GMT 2024","passed","Thu Nov 07 00:33:47 GMT 2024","","WHOLE-TESTS","WHOLE-TESTS",""
"","40000","experiments.self-contained-synthesize","","Thu Nov 07 00:33:43 GMT 2024","failed","Thu Nov 07 00:34:23 GMT 2024","","WHOLE-TESTS","WHOLE-TESTS",""
"","133","TEST-SPO-5000.01","","Thu Nov 07 00:41:51 GMT 2024","passed","Thu Nov 07 00:41:51 GMT 2024","","METTA-WAM-ISSUE-116","METTA-WAM-ISSUE-116",""
"","1","TEST-IF-CLOSED.08","","Thu Nov 07 00:41:17 GMT 2024","passed","Thu Nov 07 00:41:17 GMT 2024","","ANTI-REGRESSION","ANTI-REGRESSION",""
"","2","TYPE-PROP.16","","Thu Nov 07 01:09:27 GMT 2024","passed","Thu Nov 07 01:09:27 GMT 2024","","CHECK-TYPES-TEMP","CHECK-TYPES-TEMP",""
"","4000","hyperon-experimental_scripts.c1_grounded_basic","","Thu Nov 07 00:33:43 GMT 2024","passed","Thu Nov 07 00:33:47 GMT 2024","","WHOLE-TESTS","WHOLE-TESTS",""
"","86","GROUNDED-BASIC.03","","Thu Nov 07 00:51:23 GMT 2024","passed","Thu Nov 07 00:51:23 GMT 2024","","STD","STD",""
"","2","INTERSECTION-TESTS.27","","Thu Nov 07 00:35:23 GMT 2024","passed","Thu Nov 07 00:35:23 GMT 2024","","HYPERON-METTALOG-SANITY","HYPERON-METTALOG-SANITY",""
"","2","ADD-REMOVE-MATCH-FLOAT.09","","Thu Nov 07 00:50:40 GMT 2024","passed","Thu Nov 07 00:50:40 GMT 2024","","SPACES","SPACES",""
"","2","SYNTHESIZE-VIA-TYPE-CHECKING.08","","Thu Nov 07 01:24:23 GMT 2024","passed","Thu Nov 07 01:24:23 GMT 2024","","EXPERIMENTS","EXPERIMENTS",""
"","3","SYNTHESIZE-VIA-TYPE-CHECKING.12","","Thu Nov 07 01:24:23 GMT 2024","passed","Thu Nov 07 01:24:23 GMT 2024","","EXPERIMENTS","EXPERIMENTS",""
"","88","B4-NONDETERM.01","","Thu Nov 07 00:33:48 GMT 2024","passed","Thu Nov 07 00:33:48 GMT 2024","","HYPERON-EXPERIMENTAL-SCRIPTS","HYPERON-EXPERIMENTAL-SCRIPTS",""
"","72","STATE-TYPES.04","","Thu Nov 07 01:55:24 GMT 2024","failed","Thu Nov 07 01:55:24 GMT 2024","","BASIC","BASIC",""
"","3","ORDEREDSETTEST.08","","Thu Nov 07 01:13:50 GMT 2024","passed","Thu Nov 07 01:13:50 GMT 2024","","COMMON","COMMON",""
"","40","IBC-XP.16","","Thu Nov 07 01:19:47 GMT 2024","failed","Thu Nov 07 01:19:47 GMT 2024","","ITERATIVE-CHAINING","ITERATIVE-CHAINING",""
"","2","STDLIB-METTALOG-TEST-PT2.41","","Thu Nov 07 00:52:48 GMT 2024","passed","Thu Nov 07 00:52:48 GMT 2024","","STDLIB-METTALOG","STDLIB-METTALOG",""
"","3","ADD-ATOM-NAIVE-FIB.04","","Thu Nov 07 02:01:42 GMT 2024","passed","Thu Nov 07 02:01:42 GMT 2024","","COMPARISONS","COMPARISONS",""
"","2","BACKWARD-CHAINER-XP.44","","Thu Nov 07 01:13:36 GMT 2024","passed","Thu Nov 07 01:13:36 GMT 2024","","BACKWARD-CHAINER","BACKWARD-CHAINER",""
"","1","CHAPTER-2-2.05","","Thu Nov 07 00:52:57 GMT 2024","passed","Thu Nov 07 00:52:57 GMT 2024","","SICP-BOOK","SICP-BOOK",""
"","1","ADD-REMOVE-MATCH-SYMBOLS.12","","Thu Nov 07 00:50:40 GMT 2024","passed","Thu Nov 07 00:50:40 GMT 2024","","SPACES","SPACES",""
"","2","C1-GROUNDED-BASIC.16","","Thu Nov 07 00:43:23 GMT 2024","passed","Thu Nov 07 00:43:23 GMT 2024","","QUICK","QUICK",""
"","2","LISTTEST.16","","Thu Nov 07 01:13:50 GMT 2024","passed","Thu Nov 07 01:13:50 GMT 2024","","COMMON","COMMON",""
"","2","BACKWARD-CHAINER-XP.04","","Thu Nov 07 01:13:36 GMT 2024","passed","Thu Nov 07 01:13:36 GMT 2024","","BACKWARD-CHAINER","BACKWARD-CHAINER",""
"","98","ADD-ATOM-NAIVE-FIB.09","","Thu Nov 07 02:01:42 GMT 2024","passed","Thu Nov 07 02:01:42 GMT 2024","","COMPARISONS","COMPARISONS",""
"","40000","experiments.synthesize-via-let-test","","Thu Nov 07 00:33:43 GMT 2024","failed","Thu Nov 07 00:34:23 GMT 2024","","WHOLE-TESTS","WHOLE-TESTS",""
"","4000","loop-checks.06_loop_0","","Thu Nov 07 00:33:43 GMT 2024","passed","Thu Nov 07 00:33:47 GMT 2024","","WHOLE-TESTS","WHOLE-TESTS",""
"","232","BACKWARD-CHAIN.01","","Thu Nov 07 00:48:22 GMT 2024","failed","Thu Nov 07 00:48:22 GMT 2024","","CHAINING","CHAINING",""
"","2","ADD-REMOVE-MATCH-STRINGS.05","","Thu Nov 07 00:50:40 GMT 2024","passed","Thu Nov 07 00:50:40 GMT 2024","","SPACES","SPACES",""
"","2","KEY-LOOKUPS-MANY.03","","Thu Nov 07 01:55:24 GMT 2024","passed","Thu Nov 07 01:55:24 GMT 2024","","BASIC","BASIC",""
"","2","ADD-REMOVE-MATCH-INTEGER.24","","Thu Nov 07 00:50:40 GMT 2024","passed","Thu Nov 07 00:50:40 GMT 2024","","SPACES","SPACES",""
"","2","TESTS0.02","","Thu Nov 07 01:33:40 GMT 2024","passed","Thu Nov 07 01:33:40 GMT 2024","","NARS-V0","NARS-V0",""
"","2","SEQUENTIAL-NESTED.08","","Thu Nov 07 00:39:12 GMT 2024","passed","Thu Nov 07 00:39:12 GMT 2024","","METTA-MORPH-TESTS","METTA-MORPH-TESTS",""
"","3","BC-XP.28","","Thu Nov 07 01:13:41 GMT 2024","passed","Thu Nov 07 01:13:41 GMT 2024","","BACKWARD-CHAINING","BACKWARD-CHAINING",""
"","4000","hol.ListTest","","Thu Nov 07 00:33:43 GMT 2024","passed","Thu Nov 07 00:33:47 GMT 2024","","WHOLE-TESTS","WHOLE-TESTS",""
"","2","SEQUENTIAL-NESTED.09","","Thu Nov 07 00:39:12 GMT 2024","passed","Thu Nov 07 00:39:12 GMT 2024","","METTA-MORPH-TESTS","METTA-MORPH-TESTS",""
"","3","IFC-XP.42","","Thu Nov 07 01:19:47 GMT 2024","passed","Thu Nov 07 01:19:47 GMT 2024","","ITERATIVE-CHAINING","ITERATIVE-CHAINING",""
"","2","IFC-XP.06","","Thu Nov 07 01:19:47 GMT 2024","passed","Thu Nov 07 01:19:47 GMT 2024","","ITERATIVE-CHAINING","ITERATIVE-CHAINING",""
"","2","B1-EQUAL-CHAIN.02","","Thu Nov 07 00:33:48 GMT 2024","passed","Thu Nov 07 00:33:48 GMT 2024","","HYPERON-EXPERIMENTAL-SCRIPTS","HYPERON-EXPERIMENTAL-SCRIPTS",""
"","848","BC-IMPL.03","","Thu Nov 07 01:46:51 GMT 2024","passed","Thu Nov 07 01:46:51 GMT 2024","","WALK-THRU","WALK-THRU",""
"","2","E2-STATES.03","","Thu Nov 07 01:09:47 GMT 2024","passed","Thu Nov 07 01:09:47 GMT 2024","","CHECK-TYPES","CHECK-TYPES",""
"","3","STATE-TYPES.12","","Thu Nov 07 01:55:24 GMT 2024","passed","Thu Nov 07 01:55:24 GMT 2024","","BASIC","BASIC",""
"","18000","main-branch.tests1_pre","","Thu Nov 07 00:33:43 GMT 2024","passed","Thu Nov 07 00:34:01 GMT 2024","","WHOLE-TESTS","WHOLE-TESTS",""
"","3","STATE-TYPES.10","","Thu Nov 07 01:55:24 GMT 2024","passed","Thu Nov 07 01:55:24 GMT 2024","","BASIC","BASIC",""
"","2","INTERSECTION-TESTS.18","","Thu Nov 07 00:35:23 GMT 2024","passed","Thu Nov 07 00:35:23 GMT 2024","","HYPERON-METTALOG-SANITY","HYPERON-METTALOG-SANITY",""
"","65","PATHFINDING-EASY.01","","Thu Nov 07 01:55:24 GMT 2024","failed","Thu Nov 07 01:55:24 GMT 2024","","BASIC","BASIC",""
"","2","INF-CTL-MONTH-XP-SHORT-3.13","","Thu Nov 07 02:01:42 GMT 2024","passed","Thu Nov 07 02:01:42 GMT 2024","","COMPARISONS","COMPARISONS",""
"","2","SUBTRACTION-TEST.06","","Thu Nov 07 00:35:23 GMT 2024","passed","Thu Nov 07 00:35:23 GMT 2024","","HYPERON-METTALOG-SANITY","HYPERON-METTALOG-SANITY",""
"","1726","TESTS5.03","","Thu Nov 07 00:43:52 GMT 2024","failed","Thu Nov 07 00:43:53 GMT 2024","","MAIN-BRANCH","MAIN-BRANCH",""
"","8","D2-HIGHERFUNC.21","","Thu Nov 07 01:09:47 GMT 2024","passed","Thu Nov 07 01:09:47 GMT 2024","","CHECK-TYPES","CHECK-TYPES",""
"","2","IFC-XP.09","","Thu Nov 07 01:19:47 GMT 2024","passed","Thu Nov 07 01:19:47 GMT 2024","","ITERATIVE-CHAINING","ITERATIVE-CHAINING",""
"","265","TESTS0.08","","Thu Nov 07 00:43:52 GMT 2024","passed","Thu Nov 07 00:43:52 GMT 2024","","MAIN-BRANCH","MAIN-BRANCH",""
"","2","BCHAIN.03","","Thu Nov 07 01:46:51 GMT 2024","passed","Thu Nov 07 01:46:51 GMT 2024","","WALK-THRU","WALK-THRU",""
"","48","STRUCTURE-TESTS.01","","Thu Nov 07 00:35:23 GMT 2024","passed","Thu Nov 07 00:35:23 GMT 2024","","HYPERON-METTALOG-SANITY","HYPERON-METTALOG-SANITY",""
"","83","PREREQS.08","","Thu Nov 07 00:43:52 GMT 2024","failed","Thu Nov 07 00:43:52 GMT 2024","","MAIN-BRANCH","MAIN-BRANCH",""
"","2","B1-EQUAL-CHAIN.03","","Thu Nov 07 00:33:48 GMT 2024","passed","Thu Nov 07 00:33:48 GMT 2024","","HYPERON-EXPERIMENTAL-SCRIPTS","HYPERON-EXPERIMENTAL-SCRIPTS",""
"","2","STATE-TYPES.15","","Thu Nov 07 01:55:24 GMT 2024","passed","Thu Nov 07 01:55:24 GMT 2024","","BASIC","BASIC",""
"","4000","metta-morph_tests.let_superpose_if_case","","Thu Nov 07 00:33:43 GMT 2024","passed","Thu Nov 07 00:33:47 GMT 2024","","WHOLE-TESTS","WHOLE-TESTS",""
"","3","00A-LANG-COMPILED-CASE.01","","Thu Nov 07 01:45:24 GMT 2024","passed","Thu Nov 07 01:45:24 GMT 2024","","DIRECT-COMP","DIRECT-COMP",""
"","2","HYPERPOSE.05","","Thu Nov 07 00:39:12 GMT 2024","passed","Thu Nov 07 00:39:12 GMT 2024","","METTA-MORPH-TESTS","METTA-MORPH-TESTS",""
"","218","INF-CTL-MONTH-XP.13","","Thu Nov 07 01:17:45 GMT 2024","failed","Thu Nov 07 01:17:45 GMT 2024","","INFERENCE-CONTROL","INFERENCE-CONTROL",""
"","2","PC-XP.05","","Thu Nov 07 01:22:32 GMT 2024","passed","Thu Nov 07 01:22:32 GMT 2024","","POLYWARD-CHAINING","POLYWARD-CHAINING",""
"","2","TESTS2.10","","Thu Nov 07 00:43:52 GMT 2024","passed","Thu Nov 07 00:43:52 GMT 2024","","MAIN-BRANCH","MAIN-BRANCH",""
"","37000","language_models.training_logicmoo","","Thu Nov 07 00:33:43 GMT 2024","passed","Thu Nov 07 00:34:20 GMT 2024","","WHOLE-TESTS","WHOLE-TESTS",""
"","2","TYPES-PRELIM.17","","Thu Nov 07 00:48:22 GMT 2024","passed","Thu Nov 07 00:48:22 GMT 2024","","CHAINING","CHAINING",""
"","123","TESTS0.01","","Thu Nov 07 01:41:28 GMT 2024","passed","Thu Nov 07 01:41:28 GMT 2024","","PREV","PREV",""
"","2","GENE-PLN-XP.02","","Thu Nov 07 01:09:15 GMT 2024","passed","Thu Nov 07 01:09:15 GMT 2024","","PLN","PLN",""
"","223","SELF-CONTAINED-SYNTHESIZE.02","","Thu Nov 07 01:24:23 GMT 2024","failed","Thu Nov 07 01:24:23 GMT 2024","","EXPERIMENTS","EXPERIMENTS",""
"","2","OR-TEST.04","","Thu Nov 07 00:35:23 GMT 2024","passed","Thu Nov 07 00:35:23 GMT 2024","","HYPERON-METTALOG-SANITY","HYPERON-METTALOG-SANITY",""
"","2","00-LANG-CASE.16","","Thu Nov 07 00:35:23 GMT 2024","passed","Thu Nov 07 00:35:23 GMT 2024","","HYPERON-METTALOG-SANITY","HYPERON-METTALOG-SANITY",""
"","15","D4-TYPE-PROP.03","","Thu Nov 07 00:43:23 GMT 2024","passed","Thu Nov 07 00:43:23 GMT 2024","","QUICK","QUICK",""
"","2","UNIQUE-TEST.08","","Thu Nov 07 00:35:23 GMT 2024","passed","Thu Nov 07 00:35:23 GMT 2024","","HYPERON-METTALOG-SANITY","HYPERON-METTALOG-SANITY",""
"","1","C1-GROUNDED-BASIC.12","","Thu Nov 07 00:33:48 GMT 2024","passed","Thu Nov 07 00:33:48 GMT 2024","","HYPERON-EXPERIMENTAL-SCRIPTS","HYPERON-EXPERIMENTAL-SCRIPTS",""
"","2","STATE-TYPES.23","","Thu Nov 07 01:55:24 GMT 2024","passed","Thu Nov 07 01:55:24 GMT 2024","","BASIC","BASIC",""
"","4","SHOW-TYPE.06","","Thu Nov 07 00:50:25 GMT 2024","passed","Thu Nov 07 00:50:25 GMT 2024","","INTROSPECT","INTROSPECT",""
"","45000","nars_v0.tests2","","Thu Nov 07 00:33:43 GMT 2024","failed","Thu Nov 07 00:34:28 GMT 2024","","WHOLE-TESTS","WHOLE-TESTS",""
"","21","INF-CTL-MONTH-XP.11","","Thu Nov 07 01:17:45 GMT 2024","failed","Thu Nov 07 01:17:45 GMT 2024","","INFERENCE-CONTROL","INFERENCE-CONTROL",""
"","2","SHOW-TYPE.04","","Thu Nov 07 00:50:25 GMT 2024","passed","Thu Nov 07 00:50:25 GMT 2024","","INTROSPECT","INTROSPECT",""
"","2","TYPES2.04","","Thu Nov 07 00:39:12 GMT 2024","passed","Thu Nov 07 00:39:12 GMT 2024","","METTA-MORPH-TESTS","METTA-MORPH-TESTS",""
"","2","ADD-REMOVE-MATCH-INTEGER.22","","Thu Nov 07 00:50:40 GMT 2024","passed","Thu Nov 07 00:50:40 GMT 2024","","SPACES","SPACES",""
"","2","ADD-REMOVE-MATCH-INTEGER.06","","Thu Nov 07 00:50:40 GMT 2024","passed","Thu Nov 07 00:50:40 GMT 2024","","SPACES","SPACES",""
"","2","SEQUENTIAL-NESTED.07","","Thu Nov 07 00:39:12 GMT 2024","passed","Thu Nov 07 00:39:12 GMT 2024","","METTA-MORPH-TESTS","METTA-MORPH-TESTS",""
"","4000","common.MaybeTest","","Thu Nov 07 00:33:43 GMT 2024","passed","Thu Nov 07 00:33:47 GMT 2024","","WHOLE-TESTS","WHOLE-TESTS",""
"","4000","transpiler.match_feval","","Thu Nov 07 00:33:43 GMT 2024","passed","Thu Nov 07 00:33:47 GMT 2024","","WHOLE-TESTS","WHOLE-TESTS",""
"","62","B4-NONDETERM.03","","Thu Nov 07 00:33:48 GMT 2024","passed","Thu Nov 07 00:33:48 GMT 2024","","HYPERON-EXPERIMENTAL-SCRIPTS","HYPERON-EXPERIMENTAL-SCRIPTS",""
"","4000","multidirectional.obif","","Thu Nov 07 00:33:43 GMT 2024","passed","Thu Nov 07 00:33:47 GMT 2024","","WHOLE-TESTS","WHOLE-TESTS",""
"","2","ADD-REMOVE-MATCH-INTEGER.04","","Thu Nov 07 00:50:40 GMT 2024","passed","Thu Nov 07 00:50:40 GMT 2024","","SPACES","SPACES",""
"","338","SYNTHESIZE-VIA-CASE-TEST.07","","Thu Nov 07 01:24:23 GMT 2024","failed","Thu Nov 07 01:24:23 GMT 2024","","EXPERIMENTS","EXPERIMENTS",""
"","2","TYPES-PRELIM.16","","Thu Nov 07 00:48:22 GMT 2024","passed","Thu Nov 07 00:48:22 GMT 2024","","CHAINING","CHAINING",""
"","23000","language_models.training","","Thu Nov 07 00:33:43 GMT 2024","passed","Thu Nov 07 00:34:06 GMT 2024","","WHOLE-TESTS","WHOLE-TESTS",""
"","2","ADD-REMOVE-MATCH-S-SYMBOLS.11","","Thu Nov 07 00:50:40 GMT 2024","passed","Thu Nov 07 00:50:40 GMT 2024","","SPACES","SPACES",""
"","16","DEDUCTIONFORMULATEST.08","","Thu Nov 07 01:14:12 GMT 2024","passed","Thu Nov 07 01:14:12 GMT 2024","","FORMULA","FORMULA",""
"","406","SYNTHESIZE-VIA-LET-TEST.01","","Thu Nov 07 01:24:23 GMT 2024","failed","Thu Nov 07 01:24:23 GMT 2024","","EXPERIMENTS","EXPERIMENTS",""
"","2","TYPE-PROP.10","","Thu Nov 07 01:09:27 GMT 2024","passed","Thu Nov 07 01:09:27 GMT 2024","","CHECK-TYPES-TEMP","CHECK-TYPES-TEMP",""
"","2","CHAPTER-1-1.12","","Thu Nov 07 00:52:57 GMT 2024","passed","Thu Nov 07 00:52:57 GMT 2024","","SICP-BOOK","SICP-BOOK",""
"","109","SUBTYPING-TEST.05","","Thu Nov 07 01:22:37 GMT 2024","failed","Thu Nov 07 01:22:37 GMT 2024","","SUBTYPING","SUBTYPING",""
"","1","D4-TYPE-PROP.05","","Thu Nov 07 01:09:47 GMT 2024","passed","Thu Nov 07 01:09:47 GMT 2024","","CHECK-TYPES","CHECK-TYPES",""
"","1","IFC-XP.02","","Thu Nov 07 01:19:47 GMT 2024","passed","Thu Nov 07 01:19:47 GMT 2024","","ITERATIVE-CHAINING","ITERATIVE-CHAINING",""
"","2","C1-GROUNDED-BASIC.18","","Thu Nov 07 00:33:48 GMT 2024","passed","Thu Nov 07 00:33:48 GMT 2024","","HYPERON-EXPERIMENTAL-SCRIPTS","HYPERON-EXPERIMENTAL-SCRIPTS",""
"","2","IBC-XP.19","","Thu Nov 07 01:19:47 GMT 2024","passed","Thu Nov 07 01:19:47 GMT 2024","","ITERATIVE-CHAINING","ITERATIVE-CHAINING",""
"","2","IMPL-METTALOGTESTCURRIED.10","","Thu Nov 07 01:46:51 GMT 2024","passed","Thu Nov 07 01:46:51 GMT 2024","","WALK-THRU","WALK-THRU",""
"","2","INTERSECTION-TESTS.02","","Thu Nov 07 00:35:23 GMT 2024","passed","Thu Nov 07 00:35:23 GMT 2024","","HYPERON-METTALOG-SANITY","HYPERON-METTALOG-SANITY",""
"","107","SHOW-TYPE.14","","Thu Nov 07 00:50:25 GMT 2024","failed","Thu Nov 07 00:50:25 GMT 2024","","INTROSPECT","INTROSPECT",""
"","2","BC-COMP.06","","Thu Nov 07 00:41:17 GMT 2024","passed","Thu Nov 07 00:41:17 GMT 2024","","ANTI-REGRESSION","ANTI-REGRESSION",""
"","2","STATE-TYPES.21","","Thu Nov 07 01:55:24 GMT 2024","passed","Thu Nov 07 01:55:24 GMT 2024","","BASIC","BASIC",""
"","5000","main-branch.prereqs","","Thu Nov 07 00:33:43 GMT 2024","passed","Thu Nov 07 00:33:48 GMT 2024","","WHOLE-TESTS","WHOLE-TESTS",""
"","106","ADD-REMOVE-MATCH-INTEGER.14","","Thu Nov 07 00:50:40 GMT 2024","passed","Thu Nov 07 00:50:40 GMT 2024","","SPACES","SPACES",""
"","2","IFC-XP.30","","Thu Nov 07 01:19:47 GMT 2024","passed","Thu Nov 07 01:19:47 GMT 2024","","ITERATIVE-CHAINING","ITERATIVE-CHAINING",""
"","2","IMPL-METTALOGTESTCURRIED.08","","Thu Nov 07 01:46:51 GMT 2024","passed","Thu Nov 07 01:46:51 GMT 2024","","WALK-THRU","WALK-THRU",""
"","55","STDLIB-METTALOG-TEST-PT2.43","","Thu Nov 07 00:52:48 GMT 2024","failed","Thu Nov 07 00:52:48 GMT 2024","","STDLIB-METTALOG","STDLIB-METTALOG",""
"","4000","anti-regression.bchain","","Thu Nov 07 00:33:43 GMT 2024","passed","Thu Nov 07 00:33:47 GMT 2024","","WHOLE-TESTS","WHOLE-TESTS",""
"","2","D2-HIGHERFUNC.05","","Thu Nov 07 01:09:47 GMT 2024","passed","Thu Nov 07 01:09:47 GMT 2024","","CHECK-TYPES","CHECK-TYPES",""
"","2","PC-XP.10","","Thu Nov 07 01:22:32 GMT 2024","passed","Thu Nov 07 01:22:32 GMT 2024","","POLYWARD-CHAINING","POLYWARD-CHAINING",""
"","12","D1-GADT.09","","Thu Nov 07 00:43:23 GMT 2024","passed","Thu Nov 07 00:43:23 GMT 2024","","QUICK","QUICK",""
"","9000","iterative-chaining.ibc-xp","","Thu Nov 07 00:33:43 GMT 2024","passed","Thu Nov 07 00:33:52 GMT 2024","","WHOLE-TESTS","WHOLE-TESTS",""
"","2","IFC-XP.29","","Thu Nov 07 01:19:47 GMT 2024","passed","Thu Nov 07 01:19:47 GMT 2024","","ITERATIVE-CHAINING","ITERATIVE-CHAINING",""
"","2","TYPE-PROP.65","","Thu Nov 07 01:09:27 GMT 2024","passed","Thu Nov 07 01:09:27 GMT 2024","","CHECK-TYPES-TEMP","CHECK-TYPES-TEMP",""
"","4000","hyperon-mettalog_sanity.06_match_in_space","","Thu Nov 07 00:33:43 GMT 2024","passed","Thu Nov 07 00:33:47 GMT 2024","","WHOLE-TESTS","WHOLE-TESTS",""
"","3","FC-XP.18","","Thu Nov 07 01:16:31 GMT 2024","passed","Thu Nov 07 01:16:31 GMT 2024","","FORWARD-CHAINING","FORWARD-CHAINING",""
"","3","TYPE-PROP.64","","Thu Nov 07 01:09:27 GMT 2024","passed","Thu Nov 07 01:09:27 GMT 2024","","CHECK-TYPES-TEMP","CHECK-TYPES-TEMP",""
"","2","BACKWARD-CHAINER-XP.18","","Thu Nov 07 01:13:36 GMT 2024","passed","Thu Nov 07 01:13:36 GMT 2024","","BACKWARD-CHAINER","BACKWARD-CHAINER",""
"","2","D4-TYPE-PROP.11","","Thu Nov 07 01:09:47 GMT 2024","passed","Thu Nov 07 01:09:47 GMT 2024","","CHECK-TYPES","CHECK-TYPES",""
"","60","F1-IMPORTS.21","","Thu Nov 07 00:33:48 GMT 2024","passed","Thu Nov 07 00:33:48 GMT 2024","","HYPERON-EXPERIMENTAL-SCRIPTS","HYPERON-EXPERIMENTAL-SCRIPTS",""
"","40000","python_from_metta.requests","","Thu Nov 07 00:33:43 GMT 2024","failed","Thu Nov 07 00:34:23 GMT 2024","","WHOLE-TESTS","WHOLE-TESTS",""
"","2","BACKWARD-CHAINER-XP.05","","Thu Nov 07 01:13:36 GMT 2024","passed","Thu Nov 07 01:13:36 GMT 2024","","BACKWARD-CHAINER","BACKWARD-CHAINER",""
"","2","CHAPTER-2-2.03","","Thu Nov 07 00:52:57 GMT 2024","passed","Thu Nov 07 00:52:57 GMT 2024","","SICP-BOOK","SICP-BOOK",""
"","4","TYPE-PROP.41","","Thu Nov 07 01:09:27 GMT 2024","passed","Thu Nov 07 01:09:27 GMT 2024","","CHECK-TYPES-TEMP","CHECK-TYPES-TEMP",""
"","6","INF-ORDER-PROBS.10","","Thu Nov 07 01:01:34 GMT 2024","passed","Thu Nov 07 01:01:34 GMT 2024","","PROB-DEP-TYPES","PROB-DEP-TYPES",""
"","4000","hyperon-experimental_scripts.b4_nondeterm","","Thu Nov 07 00:33:43 GMT 2024","passed","Thu Nov 07 00:33:47 GMT 2024","","WHOLE-TESTS","WHOLE-TESTS",""
"","284","BASIC.02","","Thu Nov 07 01:06:47 GMT 2024","passed","Thu Nov 07 01:06:47 GMT 2024","","TRAVERSER","TRAVERSER",""
"","3","C2-SPACES.01","","Thu Nov 07 00:33:38 GMT 2024","passed","Thu Nov 07 00:33:38 GMT 2024","","MODULE-SYSTEM","MODULE-SYSTEM",""
"","88","TYPE-PROP.53","","Thu Nov 07 01:09:27 GMT 2024","failed","Thu Nov 07 01:09:27 GMT 2024","","CHECK-TYPES-TEMP","CHECK-TYPES-TEMP",""
"","2","TYPE-PROP.09","","Thu Nov 07 00:48:22 GMT 2024","passed","Thu Nov 07 00:48:22 GMT 2024","","CHAINING","CHAINING",""
"","2","B0-CHAINING-PRELIM.02","","Thu Nov 07 00:33:48 GMT 2024","passed","Thu Nov 07 00:33:48 GMT 2024","","HYPERON-EXPERIMENTAL-SCRIPTS","HYPERON-EXPERIMENTAL-SCRIPTS",""
"","3","UNIQUE-TEST.02","","Thu Nov 07 00:35:23 GMT 2024","passed","Thu Nov 07 00:35:23 GMT 2024","","HYPERON-METTALOG-SANITY","HYPERON-METTALOG-SANITY",""
"","2","KEY-LOOKUPS-MANY.04","","Thu Nov 07 01:55:24 GMT 2024","passed","Thu Nov 07 01:55:24 GMT 2024","","BASIC","BASIC",""
"","2","B4-NONDETERM.08","","Thu Nov 07 00:33:48 GMT 2024","passed","Thu Nov 07 00:33:48 GMT 2024","","HYPERON-EXPERIMENTAL-SCRIPTS","HYPERON-EXPERIMENTAL-SCRIPTS",""
"","2","BACKWARD-CHAIN.03","","Thu Nov 07 00:48:22 GMT 2024","passed","Thu Nov 07 00:48:22 GMT 2024","","CHAINING","CHAINING",""
"","2","ADD-REMOVE-MATCH-INTEGER.10","","Thu Nov 07 00:50:40 GMT 2024","passed","Thu Nov 07 00:50:40 GMT 2024","","SPACES","SPACES",""
"","15","00-LANG-CASE.12","","Thu Nov 07 00:35:23 GMT 2024","passed","Thu Nov 07 00:35:23 GMT 2024","","HYPERON-METTALOG-SANITY","HYPERON-METTALOG-SANITY",""
"","2","FORWARD-CHAINER-TEST.15","","Thu Nov 07 01:16:20 GMT 2024","passed","Thu Nov 07 01:16:20 GMT 2024","","FORWARD-CHAINER","FORWARD-CHAINER",""
"","2","PC-XP.02","","Thu Nov 07 01:22:32 GMT 2024","passed","Thu Nov 07 01:22:32 GMT 2024","","POLYWARD-CHAINING","POLYWARD-CHAINING",""
"","5000","distributed-processing.create-server","","Thu Nov 07 00:33:43 GMT 2024","passed","Thu Nov 07 00:33:48 GMT 2024","","WHOLE-TESTS","WHOLE-TESTS",""
"","2","UNIQUE-TEST.05","","Thu Nov 07 00:35:23 GMT 2024","passed","Thu Nov 07 00:35:23 GMT 2024","","HYPERON-METTALOG-SANITY","HYPERON-METTALOG-SANITY",""
"","2","TYPES-PRELIM.13","","Thu Nov 07 00:48:22 GMT 2024","passed","Thu Nov 07 00:48:22 GMT 2024","","CHAINING","CHAINING",""
"","4000","basic.hyperposing","","Thu Nov 07 00:33:43 GMT 2024","passed","Thu Nov 07 00:33:47 GMT 2024","","WHOLE-TESTS","WHOLE-TESTS",""
"","2","ADD-REMOVE-MATCH-MIX-FLOAT-INTEGER.07","","Thu Nov 07 00:50:40 GMT 2024","passed","Thu Nov 07 00:50:40 GMT 2024","","SPACES","SPACES",""
"","3","CHAPTER-1-1.22","","Thu Nov 07 00:52:57 GMT 2024","passed","Thu Nov 07 00:52:57 GMT 2024","","SICP-BOOK","SICP-BOOK",""
"","2","ADD-REMOVE-MATCH-INTEGER.31","","Thu Nov 07 00:50:40 GMT 2024","passed","Thu Nov 07 00:50:40 GMT 2024","","SPACES","SPACES",""
"","4000","metta-morph_tests.and_or","","Thu Nov 07 00:33:43 GMT 2024","passed","Thu Nov 07 00:33:47 GMT 2024","","WHOLE-TESTS","WHOLE-TESTS",""
"","2","TYPE-PROP.05","","Thu Nov 07 00:48:22 GMT 2024","passed","Thu Nov 07 00:48:22 GMT 2024","","CHAINING","CHAINING",""
"","12","D2-HIGHERFUNC.21","","Thu Nov 07 00:33:48 GMT 2024","passed","Thu Nov 07 00:33:48 GMT 2024","","HYPERON-EXPERIMENTAL-SCRIPTS","HYPERON-EXPERIMENTAL-SCRIPTS",""
"","2","IOIOIOI.01","","Thu Nov 07 01:53:05 GMT 2024","passed","Thu Nov 07 01:53:05 GMT 2024","","MULTIDIRECTIONAL","MULTIDIRECTIONAL",""
"","2","LET-SUPERPOSE-IF-CASE.02","","Thu Nov 07 01:46:25 GMT 2024","passed","Thu Nov 07 01:46:25 GMT 2024","","TRANSPILER","TRANSPILER",""
"","5000","metta-morph_tests.supercollapse","","Thu Nov 07 00:33:43 GMT 2024","passed","Thu Nov 07 00:33:48 GMT 2024","","WHOLE-TESTS","WHOLE-TESTS",""
"","420","NATSIMPLETEST.04","","Thu Nov 07 01:16:36 GMT 2024","failed","Thu Nov 07 01:16:36 GMT 2024","","HOL","HOL",""
"","2","D2-HIGHERFUNC.11","","Thu Nov 07 00:33:48 GMT 2024","passed","Thu Nov 07 00:33:48 GMT 2024","","HYPERON-EXPERIMENTAL-SCRIPTS","HYPERON-EXPERIMENTAL-SCRIPTS",""
"","1","DEBUG-METTALOGTESTCURRIED.12","","Thu Nov 07 01:46:51 GMT 2024","passed","Thu Nov 07 01:46:51 GMT 2024","","WALK-THRU","WALK-THRU",""
"","2","TEST-IF-CLOSED.10","","Thu Nov 07 00:41:17 GMT 2024","passed","Thu Nov 07 00:41:17 GMT 2024","","ANTI-REGRESSION","ANTI-REGRESSION",""
"","2","OR-TEST.13","","Thu Nov 07 00:35:23 GMT 2024","passed","Thu Nov 07 00:35:23 GMT 2024","","HYPERON-METTALOG-SANITY","HYPERON-METTALOG-SANITY",""
"","5000","walk_thru.comma_is_not_special","","Thu Nov 07 00:33:43 GMT 2024","passed","Thu Nov 07 00:33:48 GMT 2024","","WHOLE-TESTS","WHOLE-TESTS",""
"","2","PC-XP.14","","Thu Nov 07 01:22:32 GMT 2024","passed","Thu Nov 07 01:22:32 GMT 2024","","POLYWARD-CHAINING","POLYWARD-CHAINING",""
"","1","B5-TYPES-PRELIM.19","","Thu Nov 07 01:09:27 GMT 2024","passed","Thu Nov 07 01:09:27 GMT 2024","","CHECK-TYPES-TEMP","CHECK-TYPES-TEMP",""
"","4000","direct_comp.define_if_like","","Thu Nov 07 00:33:43 GMT 2024","passed","Thu Nov 07 00:33:47 GMT 2024","","WHOLE-TESTS","WHOLE-TESTS",""
"","2","SUPERCOLLAPSE.06","","Thu Nov 07 00:39:12 GMT 2024","passed","Thu Nov 07 00:39:12 GMT 2024","","METTA-MORPH-TESTS","METTA-MORPH-TESTS",""
"","3","BC-XP.22","","Thu Nov 07 01:13:41 GMT 2024","passed","Thu Nov 07 01:13:41 GMT 2024","","BACKWARD-CHAINING","BACKWARD-CHAINING",""
"","2","TYPE-PROP.02","","Thu Nov 07 01:09:27 GMT 2024","passed","Thu Nov 07 01:09:27 GMT 2024","","CHECK-TYPES-TEMP","CHECK-TYPES-TEMP",""
"","2","C1-GROUNDED-BASIC.17","","Thu Nov 07 00:33:48 GMT 2024","passed","Thu Nov 07 00:33:48 GMT 2024","","HYPERON-EXPERIMENTAL-SCRIPTS","HYPERON-EXPERIMENTAL-SCRIPTS",""
"","4","TESTS0.01","","Thu Nov 07 00:43:52 GMT 2024","passed","Thu Nov 07 00:43:52 GMT 2024","","MAIN-BRANCH","MAIN-BRANCH",""
"","45000","typed-variables.even-number","","Thu Nov 07 00:33:43 GMT 2024","failed","Thu Nov 07 00:34:28 GMT 2024","","WHOLE-TESTS","WHOLE-TESTS",""
"","2","B5-TYPES-PRELIM.26","","Thu Nov 07 00:33:48 GMT 2024","passed","Thu Nov 07 00:33:48 GMT 2024","","HYPERON-EXPERIMENTAL-SCRIPTS","HYPERON-EXPERIMENTAL-SCRIPTS",""
"","3","SUPERCOLLAPSE.07","","Thu Nov 07 00:39:12 GMT 2024","passed","Thu Nov 07 00:39:12 GMT 2024","","METTA-MORPH-TESTS","METTA-MORPH-TESTS",""
"","4000","metta-morph_tests.match_superposed_spaces","","Thu Nov 07 00:33:43 GMT 2024","passed","Thu Nov 07 00:33:47 GMT 2024","","WHOLE-TESTS","WHOLE-TESTS",""
"","117","TESTS0.02","","Thu Nov 07 01:28:35 GMT 2024","passed","Thu Nov 07 01:28:35 GMT 2024","","CURRENT","CURRENT",""
"","2","KEY-LOOKUPS-MANY.07","","Thu Nov 07 01:55:24 GMT 2024","passed","Thu Nov 07 01:55:24 GMT 2024","","BASIC","BASIC",""
"","2","SUBTRACTION-TEST.04","","Thu Nov 07 00:35:23 GMT 2024","passed","Thu Nov 07 00:35:23 GMT 2024","","HYPERON-METTALOG-SANITY","HYPERON-METTALOG-SANITY",""
"","2","KEY-LOOKUPS-MANY.12","","Thu Nov 07 01:55:24 GMT 2024","passed","Thu Nov 07 01:55:24 GMT 2024","","BASIC","BASIC",""
"","3","TESTS0.03","","Thu Nov 07 01:28:35 GMT 2024","passed","Thu Nov 07 01:28:35 GMT 2024","","CURRENT","CURRENT",""
"","2","INTERSECTION-TESTS.22","","Thu Nov 07 00:35:23 GMT 2024","passed","Thu Nov 07 00:35:23 GMT 2024","","HYPERON-METTALOG-SANITY","HYPERON-METTALOG-SANITY",""
"","2","HYPERPOSING-UNSHARED.08","","Thu Nov 07 01:55:24 GMT 2024","passed","Thu Nov 07 01:55:24 GMT 2024","","BASIC","BASIC",""
"","2","TESTS0.05","","Thu Nov 07 00:39:12 GMT 2024","passed","Thu Nov 07 00:39:12 GMT 2024","","METTA-MORPH-TESTS","METTA-MORPH-TESTS",""
"","2","PROB-DEP-TYPES.02","","Thu Nov 07 01:01:34 GMT 2024","passed","Thu Nov 07 01:01:34 GMT 2024","","PROB-DEP-TYPES","PROB-DEP-TYPES",""
"","2","IMPL-METTALOGTESTCURRIED.02","","Thu Nov 07 01:46:51 GMT 2024","passed","Thu Nov 07 01:46:51 GMT 2024","","WALK-THRU","WALK-THRU",""
"","2","TESTS0.04","","Thu Nov 07 00:39:12 GMT 2024","passed","Thu Nov 07 00:39:12 GMT 2024","","METTA-MORPH-TESTS","METTA-MORPH-TESTS",""
"","3","RUN-MINNARS.01","","Thu Nov 07 01:32:24 GMT 2024","passed","Thu Nov 07 01:32:24 GMT 2024","","NARS-EXTRAS","NARS-EXTRAS",""
"","2","TYPE-PROP.63","","Thu Nov 07 01:09:27 GMT 2024","passed","Thu Nov 07 01:09:27 GMT 2024","","CHECK-TYPES-TEMP","CHECK-TYPES-TEMP",""
"","2","KEY-LOOKUPS-MANY.01","","Thu Nov 07 01:55:24 GMT 2024","passed","Thu Nov 07 01:55:24 GMT 2024","","BASIC","BASIC",""
"","2","A3-TWOSIDE.01","","Thu Nov 07 00:33:48 GMT 2024","passed","Thu Nov 07 00:33:48 GMT 2024","","HYPERON-EXPERIMENTAL-SCRIPTS","HYPERON-EXPERIMENTAL-SCRIPTS",""
"","3","TEST-IF-CLOSED.01","","Thu Nov 07 01:46:51 GMT 2024","passed","Thu Nov 07 01:46:51 GMT 2024","","WALK-THRU","WALK-THRU",""
"","5000","quick.c1_grounded_basic","","Thu Nov 07 00:33:43 GMT 2024","passed","Thu Nov 07 00:33:48 GMT 2024","","WHOLE-TESTS","WHOLE-TESTS",""
"","9","MATCH-VOID.05","","Thu Nov 07 00:39:12 GMT 2024","passed","Thu Nov 07 00:39:12 GMT 2024","","METTA-MORPH-TESTS","METTA-MORPH-TESTS",""
"","3","SUBTRACTION-TEST.01","","Thu Nov 07 00:35:23 GMT 2024","passed","Thu Nov 07 00:35:23 GMT 2024","","HYPERON-METTALOG-SANITY","HYPERON-METTALOG-SANITY",""
"","513","BC-XP.06","","Thu Nov 07 00:48:22 GMT 2024","failed","Thu Nov 07 00:48:22 GMT 2024","","CHAINING","CHAINING",""
"","2","CHAPTER-1-2.03","","Thu Nov 07 00:52:57 GMT 2024","passed","Thu Nov 07 00:52:57 GMT 2024","","SICP-BOOK","SICP-BOOK",""
"","2","SPACE-INTERSECTION-TESTS.15","","Thu Nov 07 00:35:23 GMT 2024","passed","Thu Nov 07 00:35:23 GMT 2024","","HYPERON-METTALOG-SANITY","HYPERON-METTALOG-SANITY",""
"","1008","TESTS2.03","","Thu Nov 07 00:43:52 GMT 2024","failed","Thu Nov 07 00:43:53 GMT 2024","","MAIN-BRANCH","MAIN-BRANCH",""
"","2","BCHAIN-COMP.05","","Thu Nov 07 01:46:51 GMT 2024","passed","Thu Nov 07 01:46:51 GMT 2024","","WALK-THRU","WALK-THRU",""
"","2","ADD-REMOVE-MATCH-SS-STRINGS.06","","Thu Nov 07 00:50:40 GMT 2024","passed","Thu Nov 07 00:50:40 GMT 2024","","SPACES","SPACES",""
"","4000","module-system.c2_spaces","","Thu Nov 07 00:33:43 GMT 2024","passed","Thu Nov 07 00:33:47 GMT 2024","","WHOLE-TESTS","WHOLE-TESTS",""
"","3","FORWARD-CHAINER-TEST.14","","Thu Nov 07 01:16:20 GMT 2024","passed","Thu Nov 07 01:16:20 GMT 2024","","FORWARD-CHAINER","FORWARD-CHAINER",""
"","3","SPACE-INTERSECTION-TESTS.02","","Thu Nov 07 00:35:23 GMT 2024","passed","Thu Nov 07 00:35:23 GMT 2024","","HYPERON-METTALOG-SANITY","HYPERON-METTALOG-SANITY",""
"","2","BACKWARD-CHAINER-XP.24","","Thu Nov 07 01:13:36 GMT 2024","passed","Thu Nov 07 01:13:36 GMT 2024","","BACKWARD-CHAINER","BACKWARD-CHAINER",""
"","4000","stack-based.interpreter","","Thu Nov 07 00:33:43 GMT 2024","passed","Thu Nov 07 00:33:47 GMT 2024","","WHOLE-TESTS","WHOLE-TESTS",""
"","45000","new.tests1","","Thu Nov 07 00:33:43 GMT 2024","failed","Thu Nov 07 00:34:28 GMT 2024","","WHOLE-TESTS","WHOLE-TESTS",""
"","3","TYPES-PRELIM.02","","Thu Nov 07 00:48:22 GMT 2024","passed","Thu Nov 07 00:48:22 GMT 2024","","CHAINING","CHAINING",""
"","3","00-LANG-CASE.01","","Thu Nov 07 00:35:23 GMT 2024","passed","Thu Nov 07 00:35:23 GMT 2024","","HYPERON-METTALOG-SANITY","HYPERON-METTALOG-SANITY",""
"","9000","bigram-sentence-evaluator.trigramModel","","Thu Nov 07 00:33:43 GMT 2024","passed","Thu Nov 07 00:33:52 GMT 2024","","WHOLE-TESTS","WHOLE-TESTS",""
"","2","IBC-XP.05","","Thu Nov 07 01:19:47 GMT 2024","passed","Thu Nov 07 01:19:47 GMT 2024","","ITERATIVE-CHAINING","ITERATIVE-CHAINING",""
"","45000","current.tests2","","Thu Nov 07 00:33:43 GMT 2024","failed","Thu Nov 07 00:34:28 GMT 2024","","WHOLE-TESTS","WHOLE-TESTS",""
"","2","COMBINED.02","","Thu Nov 07 01:51:32 GMT 2024","passed","Thu Nov 07 01:51:32 GMT 2024","","ITERATORS","ITERATORS",""
"","5000","chaining.chaining_prelim","","Thu Nov 07 00:33:43 GMT 2024","passed","Thu Nov 07 00:33:48 GMT 2024","","WHOLE-TESTS","WHOLE-TESTS",""
"","3","STRING-TESTS.01","","Thu Nov 07 00:35:23 GMT 2024","passed","Thu Nov 07 00:35:23 GMT 2024","","HYPERON-METTALOG-SANITY","HYPERON-METTALOG-SANITY",""
"","2","D4-TYPE-PROP.17","","Thu Nov 07 01:09:47 GMT 2024","passed","Thu Nov 07 01:09:47 GMT 2024","","CHECK-TYPES","CHECK-TYPES",""
"","4","UTILS-TEST.03","","Thu Nov 07 01:13:32 GMT 2024","passed","Thu Nov 07 01:13:32 GMT 2024","","UTILS","UTILS",""
"","121","CREATION.02","","Thu Nov 07 01:06:47 GMT 2024","failed","Thu Nov 07 01:06:47 GMT 2024","","TRAVERSER","TRAVERSER",""
"","2","D2-HIGHERFUNC.09","","Thu Nov 07 01:09:47 GMT 2024","passed","Thu Nov 07 01:09:47 GMT 2024","","CHECK-TYPES","CHECK-TYPES",""
"","2","D4-TYPE-PROP.11","","Thu Nov 07 00:43:23 GMT 2024","passed","Thu Nov 07 00:43:23 GMT 2024","","QUICK","QUICK",""
"","2","MATCH-VOID.07","","Thu Nov 07 00:39:12 GMT 2024","passed","Thu Nov 07 00:39:12 GMT 2024","","METTA-MORPH-TESTS","METTA-MORPH-TESTS",""
"","4000","experiments.non-determinism","","Thu Nov 07 00:33:43 GMT 2024","passed","Thu Nov 07 00:33:47 GMT 2024","","WHOLE-TESTS","WHOLE-TESTS",""
"","2","D2-HIGHERFUNC.19","","Thu Nov 07 00:33:48 GMT 2024","passed","Thu Nov 07 00:33:48 GMT 2024","","HYPERON-EXPERIMENTAL-SCRIPTS","HYPERON-EXPERIMENTAL-SCRIPTS",""
"","1","F1-MODULEA.09","","Thu Nov 07 00:43:23 GMT 2024","passed","Thu Nov 07 00:43:23 GMT 2024","","QUICK","QUICK",""
"","2","06-MATCH-IN-SPACE.01","","Thu Nov 07 00:35:23 GMT 2024","passed","Thu Nov 07 00:35:23 GMT 2024","","HYPERON-METTALOG-SANITY","HYPERON-METTALOG-SANITY",""
"","3","SYNTHESIZE-VIA-TYPE-CHECKING.05","","Thu Nov 07 01:24:23 GMT 2024","passed","Thu Nov 07 01:24:23 GMT 2024","","EXPERIMENTS","EXPERIMENTS",""
"","2","HIGHER-ORDER-FUNCS.06","","Thu Nov 07 00:51:23 GMT 2024","passed","Thu Nov 07 00:51:23 GMT 2024","","STD","STD",""
"","105","TYPE-PROP.52","","Thu Nov 07 01:09:27 GMT 2024","failed","Thu Nov 07 01:09:27 GMT 2024","","CHECK-TYPES-TEMP","CHECK-TYPES-TEMP",""
"","1","BC-XP.11","","Thu Nov 07 01:13:41 GMT 2024","passed","Thu Nov 07 01:13:41 GMT 2024","","BACKWARD-CHAINING","BACKWARD-CHAINING",""
"","2","BACKWARD-CHAINER-XP.19","","Thu Nov 07 01:13:36 GMT 2024","passed","Thu Nov 07 01:13:36 GMT 2024","","BACKWARD-CHAINER","BACKWARD-CHAINER",""
"","185","SYNTHESIZE-VIA-UNIFY-TEST.04","","Thu Nov 07 01:24:23 GMT 2024","failed","Thu Nov 07 01:24:23 GMT 2024","","EXPERIMENTS","EXPERIMENTS",""
"","3","METTALOGTESTCURRIED2.01","","Thu Nov 07 00:41:17 GMT 2024","passed","Thu Nov 07 00:41:17 GMT 2024","","ANTI-REGRESSION","ANTI-REGRESSION",""
"","2","INF-CTL-MONTH-BC-CONT-XP.05","","Thu Nov 07 01:17:45 GMT 2024","passed","Thu Nov 07 01:17:45 GMT 2024","","INFERENCE-CONTROL","INFERENCE-CONTROL",""
"","2","D2-HIGHERFUNC.19","","Thu Nov 07 00:43:23 GMT 2024","passed","Thu Nov 07 00:43:23 GMT 2024","","QUICK","QUICK",""
"","2","TYPE-PROP.81","","Thu Nov 07 01:09:27 GMT 2024","passed","Thu Nov 07 01:09:27 GMT 2024","","CHECK-TYPES-TEMP","CHECK-TYPES-TEMP",""
"","2","DEBUG-METTALOGTESTCURRIED.11","","Thu Nov 07 01:46:51 GMT 2024","passed","Thu Nov 07 01:46:51 GMT 2024","","WALK-THRU","WALK-THRU",""
"","2","IBC-XP.18","","Thu Nov 07 01:19:47 GMT 2024","passed","Thu Nov 07 01:19:47 GMT 2024","","ITERATIVE-CHAINING","ITERATIVE-CHAINING",""
"","2","B5-TYPES-PRELIM.21","","Thu Nov 07 00:33:48 GMT 2024","passed","Thu Nov 07 00:33:48 GMT 2024","","HYPERON-EXPERIMENTAL-SCRIPTS","HYPERON-EXPERIMENTAL-SCRIPTS",""
"","2","NATPARITYTEST.12","","Thu Nov 07 01:16:36 GMT 2024","passed","Thu Nov 07 01:16:36 GMT 2024","","HOL","HOL",""
"","2","INF-ORDER-PROBS.09","","Thu Nov 07 01:01:34 GMT 2024","passed","Thu Nov 07 01:01:34 GMT 2024","","PROB-DEP-TYPES","PROB-DEP-TYPES",""
"","195","SHOW-TYPE.17","","Thu Nov 07 00:50:25 GMT 2024","failed","Thu Nov 07 00:50:25 GMT 2024","","INTROSPECT","INTROSPECT",""
"","2","AND-OR.01","","Thu Nov 07 00:39:12 GMT 2024","passed","Thu Nov 07 00:39:12 GMT 2024","","METTA-MORPH-TESTS","METTA-MORPH-TESTS",""
"","94","ADD-REMOVE-MATCH-FLOAT.14","","Thu Nov 07 00:50:40 GMT 2024","passed","Thu Nov 07 00:50:40 GMT 2024","","SPACES","SPACES",""
"","2","TEST-IF-CLOSED.07","","Thu Nov 07 00:41:17 GMT 2024","passed","Thu Nov 07 00:41:17 GMT 2024","","ANTI-REGRESSION","ANTI-REGRESSION",""
"","2","CHAPTER-1-1.10","","Thu Nov 07 00:52:57 GMT 2024","passed","Thu Nov 07 00:52:57 GMT 2024","","SICP-BOOK","SICP-BOOK",""
"","9","C1-GROUNDED-BASIC.23","","Thu Nov 07 00:43:23 GMT 2024","passed","Thu Nov 07 00:43:23 GMT 2024","","QUICK","QUICK",""
"","2","BCHAIN.01","","Thu Nov 07 00:41:17 GMT 2024","passed","Thu Nov 07 00:41:17 GMT 2024","","ANTI-REGRESSION","ANTI-REGRESSION",""
"","4000","spaces.add-remove-match-symbols","","Thu Nov 07 00:33:43 GMT 2024","passed","Thu Nov 07 00:33:47 GMT 2024","","WHOLE-TESTS","WHOLE-TESTS",""
"","4","NUMTEST.10","","Thu Nov 07 01:13:50 GMT 2024","passed","Thu Nov 07 01:13:50 GMT 2024","","COMMON","COMMON",""
"","5","NUMTEST.03","","Thu Nov 07 01:13:50 GMT 2024","passed","Thu Nov 07 01:13:50 GMT 2024","","COMMON","COMMON",""
"","276","SYNTHESIZE-VIA-CASE-TEST.05","","Thu Nov 07 01:24:23 GMT 2024","failed","Thu Nov 07 01:24:23 GMT 2024","","EXPERIMENTS","EXPERIMENTS",""
"","2","NATPARITYTEST.16","","Thu Nov 07 01:16:36 GMT 2024","passed","Thu Nov 07 01:16:36 GMT 2024","","HOL","HOL",""
"","4000","logic.memb","","Thu Nov 07 00:33:43 GMT 2024","passed","Thu Nov 07 00:33:47 GMT 2024","","WHOLE-TESTS","WHOLE-TESTS",""
"","1","SYNTHESIZE-VIA-TYPE-CHECKING.07","","Thu Nov 07 01:24:23 GMT 2024","passed","Thu Nov 07 01:24:23 GMT 2024","","EXPERIMENTS","EXPERIMENTS",""
"","4","TESTS0.03","","Thu Nov 07 00:39:12 GMT 2024","passed","Thu Nov 07 00:39:12 GMT 2024","","METTA-MORPH-TESTS","METTA-MORPH-TESTS",""
"","2","D4-TYPE-PROP.08","","Thu Nov 07 00:43:23 GMT 2024","passed","Thu Nov 07 00:43:23 GMT 2024","","QUICK","QUICK",""
"","112","LOCATED-TEST.03","","Thu Nov 07 01:23:26 GMT 2024","passed","Thu Nov 07 01:23:26 GMT 2024","","LOCATED","LOCATED",""
"","260","CREATION.03","","Thu Nov 07 01:06:47 GMT 2024","failed","Thu Nov 07 01:06:47 GMT 2024","","TRAVERSER","TRAVERSER",""
"","41000","combinator_logic_experiments.y_comb_examples","","Thu Nov 07 00:33:43 GMT 2024","failed","Thu Nov 07 00:34:24 GMT 2024","","WHOLE-TESTS","WHOLE-TESTS",""
"","3","D2-HIGHERFUNC.19","","Thu Nov 07 01:09:47 GMT 2024","passed","Thu Nov 07 01:09:47 GMT 2024","","CHECK-TYPES","CHECK-TYPES",""
"","2","DEDUCTIONFORMULATEST.03","","Thu Nov 07 01:14:12 GMT 2024","passed","Thu Nov 07 01:14:12 GMT 2024","","FORMULA","FORMULA",""
"","2","TYPE-PROP.70","","Thu Nov 07 01:09:27 GMT 2024","passed","Thu Nov 07 01:09:27 GMT 2024","","CHECK-TYPES-TEMP","CHECK-TYPES-TEMP",""
"","40","FORWARD-CHAINER-TEST.09","","Thu Nov 07 01:16:20 GMT 2024","failed","Thu Nov 07 01:16:20 GMT 2024","","FORWARD-CHAINER","FORWARD-CHAINER",""
"","46000","nars_v0.tests4","","Thu Nov 07 00:33:43 GMT 2024","failed","Thu Nov 07 00:34:29 GMT 2024","","WHOLE-TESTS","WHOLE-TESTS",""
"","3","RUN-MINNARS-TRIMMED.01","","Thu Nov 07 01:32:24 GMT 2024","passed","Thu Nov 07 01:32:24 GMT 2024","","NARS-EXTRAS","NARS-EXTRAS",""
"","2","OR-TEST.15","","Thu Nov 07 00:35:23 GMT 2024","passed","Thu Nov 07 00:35:23 GMT 2024","","HYPERON-METTALOG-SANITY","HYPERON-METTALOG-SANITY",""
"","43","STDLIB-METTALOG-TEST-PT2.03","","Thu Nov 07 00:52:48 GMT 2024","failed","Thu Nov 07 00:52:48 GMT 2024","","STDLIB-METTALOG","STDLIB-METTALOG",""
"","3","IMPLICATIONDIRECTINTRODUCTIONENTAILTEST.03","","Thu Nov 07 01:15:59 GMT 2024","passed","Thu Nov 07 01:15:59 GMT 2024","","ENTAIL","ENTAIL",""
"","3","INTERSECTION-TESTS.26","","Thu Nov 07 00:35:23 GMT 2024","passed","Thu Nov 07 00:35:23 GMT 2024","","HYPERON-METTALOG-SANITY","HYPERON-METTALOG-SANITY",""
"","2","00A-LANG-COMPILED-CASE.02","","Thu Nov 07 01:45:24 GMT 2024","passed","Thu Nov 07 01:45:24 GMT 2024","","DIRECT-COMP","DIRECT-COMP",""
"","2","TYPE-PROP.71","","Thu Nov 07 01:09:27 GMT 2024","passed","Thu Nov 07 01:09:27 GMT 2024","","CHECK-TYPES-TEMP","CHECK-TYPES-TEMP",""
"","78","NONDETERM.02","","Thu Nov 07 00:51:23 GMT 2024","passed","Thu Nov 07 00:51:23 GMT 2024","","STD","STD",""
"","27000","inference-control.inf-ctl-month-xp","","Thu Nov 07 00:33:43 GMT 2024","passed","Thu Nov 07 00:34:10 GMT 2024","","WHOLE-TESTS","WHOLE-TESTS",""
"","3","TYPE-PROP.01","","Thu Nov 07 00:48:22 GMT 2024","passed","Thu Nov 07 00:48:22 GMT 2024","","CHAINING","CHAINING",""
"","1","A1-SYMBOLS.06","","Thu Nov 07 00:33:48 GMT 2024","passed","Thu Nov 07 00:33:48 GMT 2024","","HYPERON-EXPERIMENTAL-SCRIPTS","HYPERON-EXPERIMENTAL-SCRIPTS",""
"","2","ADD-REMOVE-MATCH-STRINGS.06","","Thu Nov 07 00:50:40 GMT 2024","passed","Thu Nov 07 00:50:40 GMT 2024","","SPACES","SPACES",""
"","3","C2-SPACES.05","","Thu Nov 07 00:33:48 GMT 2024","passed","Thu Nov 07 00:33:48 GMT 2024","","HYPERON-EXPERIMENTAL-SCRIPTS","HYPERON-EXPERIMENTAL-SCRIPTS",""
"","3","BACKWARD-CHAINER-XP.17","","Thu Nov 07 01:13:36 GMT 2024","passed","Thu Nov 07 01:13:36 GMT 2024","","BACKWARD-CHAINER","BACKWARD-CHAINER",""
"","143","APPEND-USING-EQUALITY.01","","Thu Nov 07 01:53:05 GMT 2024","failed","Thu Nov 07 01:53:05 GMT 2024","","MULTIDIRECTIONAL","MULTIDIRECTIONAL",""
"","7000","metta-wam-issue-116.test_spo_1000","","Thu Nov 07 00:33:43 GMT 2024","passed","Thu Nov 07 00:33:50 GMT 2024","","WHOLE-TESTS","WHOLE-TESTS",""
"","5000","std.grounded_basic","","Thu Nov 07 00:33:43 GMT 2024","passed","Thu Nov 07 00:33:48 GMT 2024","","WHOLE-TESTS","WHOLE-TESTS",""
"","2","B4-NONDETERM.07","","Thu Nov 07 00:33:48 GMT 2024","passed","Thu Nov 07 00:33:48 GMT 2024","","HYPERON-EXPERIMENTAL-SCRIPTS","HYPERON-EXPERIMENTAL-SCRIPTS",""
"","2","TYPE-PROP.05","","Thu Nov 07 01:09:27 GMT 2024","passed","Thu Nov 07 01:09:27 GMT 2024","","CHECK-TYPES-TEMP","CHECK-TYPES-TEMP",""
"","2","IBC-XP.25","","Thu Nov 07 01:19:47 GMT 2024","passed","Thu Nov 07 01:19:47 GMT 2024","","ITERATIVE-CHAINING","ITERATIVE-CHAINING",""
"","4000","metta_to_amr.user","","Thu Nov 07 00:33:43 GMT 2024","passed","Thu Nov 07 00:33:47 GMT 2024","","WHOLE-TESTS","WHOLE-TESTS",""
"","81","NATTEST.02","","Thu Nov 07 01:16:36 GMT 2024","failed","Thu Nov 07 01:16:36 GMT 2024","","HOL","HOL",""
"","4","IMPLICATIONDIRECTINTRODUCTIONDTLTEST.12","","Thu Nov 07 01:12:29 GMT 2024","passed","Thu Nov 07 01:12:29 GMT 2024","","DEPENDENT-TYPES","DEPENDENT-TYPES",""
"","38","FC-XP.28","","Thu Nov 07 01:16:31 GMT 2024","failed","Thu Nov 07 01:16:31 GMT 2024","","FORWARD-CHAINING","FORWARD-CHAINING",""
"","21","INF-CTL-MONTH-BC-XP.03","","Thu Nov 07 01:17:45 GMT 2024","failed","Thu Nov 07 01:17:45 GMT 2024","","INFERENCE-CONTROL","INFERENCE-CONTROL",""
"","4000","debugging.hyperon_experimental_issue_492","","Thu Nov 07 00:33:43 GMT 2024","passed","Thu Nov 07 00:33:47 GMT 2024","","WHOLE-TESTS","WHOLE-TESTS",""
"","4000","hyperon-experimental_scripts.b2_backchain","","Thu Nov 07 00:33:43 GMT 2024","passed","Thu Nov 07 00:33:47 GMT 2024","","WHOLE-TESTS","WHOLE-TESTS",""
"","45000","new.tests4","","Thu Nov 07 00:33:43 GMT 2024","failed","Thu Nov 07 00:34:28 GMT 2024","","WHOLE-TESTS","WHOLE-TESTS",""
"","1","ADD-REMOVE-MATCH-INTEGER.41","","Thu Nov 07 00:50:40 GMT 2024","passed","Thu Nov 07 00:50:40 GMT 2024","","SPACES","SPACES",""
"","3","INF-CTL-XP.01","","Thu Nov 07 01:17:45 GMT 2024","passed","Thu Nov 07 01:17:45 GMT 2024","","INFERENCE-CONTROL","INFERENCE-CONTROL",""
"","3","ADD-REMOVE-MATCH-MIX-FLOAT-INTEGER.30","","Thu Nov 07 00:50:40 GMT 2024","passed","Thu Nov 07 00:50:40 GMT 2024","","SPACES","SPACES",""
"","3","SPACE-INTERSECTION-TESTS.14","","Thu Nov 07 00:35:23 GMT 2024","passed","Thu Nov 07 00:35:23 GMT 2024","","HYPERON-METTALOG-SANITY","HYPERON-METTALOG-SANITY",""
"","1","ADD-REMOVE-MATCH-S-STRINGS.02","","Thu Nov 07 00:50:40 GMT 2024","passed","Thu Nov 07 00:50:40 GMT 2024","","SPACES","SPACES",""
"","2","D4-TYPE-PROP.14","","Thu Nov 07 00:43:23 GMT 2024","passed","Thu Nov 07 00:43:23 GMT 2024","","QUICK","QUICK",""
"","1","CHAPTER-1-2.02","","Thu Nov 07 00:52:57 GMT 2024","passed","Thu Nov 07 00:52:57 GMT 2024","","SICP-BOOK","SICP-BOOK",""
"","89","ADD-ATOM-MATCH.01","","Thu Nov 07 01:45:24 GMT 2024","failed","Thu Nov 07 01:45:24 GMT 2024","","DIRECT-COMP","DIRECT-COMP",""
"","1","SEQUENTIAL-NESTED.05","","Thu Nov 07 00:39:12 GMT 2024","passed","Thu Nov 07 00:39:12 GMT 2024","","METTA-MORPH-TESTS","METTA-MORPH-TESTS",""
"","2","STRING-TESTS.05","","Thu Nov 07 00:35:23 GMT 2024","passed","Thu Nov 07 00:35:23 GMT 2024","","HYPERON-METTALOG-SANITY","HYPERON-METTALOG-SANITY",""
"","9","D1-GADT.13","","Thu Nov 07 00:43:23 GMT 2024","passed","Thu Nov 07 00:43:23 GMT 2024","","QUICK","QUICK",""
"","2","C1-GROUNDED-BASIC.05","","Thu Nov 07 00:33:48 GMT 2024","passed","Thu Nov 07 00:33:48 GMT 2024","","HYPERON-EXPERIMENTAL-SCRIPTS","HYPERON-EXPERIMENTAL-SCRIPTS",""
"","3","FORWARD-CHAINER-XP.11","","Thu Nov 07 01:16:20 GMT 2024","passed","Thu Nov 07 01:16:20 GMT 2024","","FORWARD-CHAINER","FORWARD-CHAINER",""
"","1","HYPERPOSING-UNSHARED.07","","Thu Nov 07 01:55:24 GMT 2024","passed","Thu Nov 07 01:55:24 GMT 2024","","BASIC","BASIC",""
"","49","NATSTANDALONETEST.15","","Thu Nov 07 01:16:36 GMT 2024","failed","Thu Nov 07 01:16:36 GMT 2024","","HOL","HOL",""
"","69","STDLIB-METTALOG-TEST-PT2.71","","Thu Nov 07 00:52:48 GMT 2024","failed","Thu Nov 07 00:52:48 GMT 2024","","STDLIB-METTALOG","STDLIB-METTALOG",""
"","1","GADT.02","","Thu Nov 07 00:51:23 GMT 2024","passed","Thu Nov 07 00:51:23 GMT 2024","","STD","STD",""
"","3","E2-STATES.11","","Thu Nov 07 01:09:47 GMT 2024","passed","Thu Nov 07 01:09:47 GMT 2024","","CHECK-TYPES","CHECK-TYPES",""
"","2","INF-CTL-MONTH-BC-CONT-XP.01","","Thu Nov 07 01:17:45 GMT 2024","passed","Thu Nov 07 01:17:45 GMT 2024","","INFERENCE-CONTROL","INFERENCE-CONTROL",""
"","2","D4-TYPE-PROP.07","","Thu Nov 07 00:33:48 GMT 2024","passed","Thu Nov 07 00:33:48 GMT 2024","","HYPERON-EXPERIMENTAL-SCRIPTS","HYPERON-EXPERIMENTAL-SCRIPTS",""
"","296","INF-CTL-MONTH-BC-CONT-XP.19","","Thu Nov 07 01:17:45 GMT 2024","failed","Thu Nov 07 01:17:45 GMT 2024","","INFERENCE-CONTROL","INFERENCE-CONTROL",""
"","2","OR-TEST.09","","Thu Nov 07 00:35:23 GMT 2024","passed","Thu Nov 07 00:35:23 GMT 2024","","HYPERON-METTALOG-SANITY","HYPERON-METTALOG-SANITY",""
"","2","D2-HIGHERFUNC.05","","Thu Nov 07 00:33:48 GMT 2024","passed","Thu Nov 07 00:33:48 GMT 2024","","HYPERON-EXPERIMENTAL-SCRIPTS","HYPERON-EXPERIMENTAL-SCRIPTS",""
"","4000","basic.test_list_concatenation","","Thu Nov 07 00:33:43 GMT 2024","passed","Thu Nov 07 00:33:47 GMT 2024","","WHOLE-TESTS","WHOLE-TESTS",""
"","16","TEST-INFER-FUNCTION-APPLICATION-TYPE.07","","Thu Nov 07 01:55:24 GMT 2024","failed","Thu Nov 07 01:55:24 GMT 2024","","BASIC","BASIC",""
"","2","ORDEREDSETTEST.03","","Thu Nov 07 01:13:50 GMT 2024","passed","Thu Nov 07 01:13:50 GMT 2024","","COMMON","COMMON",""
"","2","KEY-LOOKUPS-MANY.05","","Thu Nov 07 01:55:24 GMT 2024","passed","Thu Nov 07 01:55:24 GMT 2024","","BASIC","BASIC",""
"","2","STDLIB-METTALOG-TEST-PT2.39","","Thu Nov 07 00:52:48 GMT 2024","passed","Thu Nov 07 00:52:48 GMT 2024","","STDLIB-METTALOG","STDLIB-METTALOG",""
"","2","MATCH-VOID.02","","Thu Nov 07 00:39:12 GMT 2024","passed","Thu Nov 07 00:39:12 GMT 2024","","METTA-MORPH-TESTS","METTA-MORPH-TESTS",""
"","13","HYPERON-EXPERIMENTAL-ISSUE-481.03","","Thu Nov 07 01:50:06 GMT 2024","passed","Thu Nov 07 01:50:06 GMT 2024","","DEBUGGING","DEBUGGING",""
"","2","BCHAIN.05","","Thu Nov 07 01:46:51 GMT 2024","passed","Thu Nov 07 01:46:51 GMT 2024","","WALK-THRU","WALK-THRU",""
"","15","INF-CTL-XP.15","","Thu Nov 07 01:17:45 GMT 2024","failed","Thu Nov 07 01:17:45 GMT 2024","","INFERENCE-CONTROL","INFERENCE-CONTROL",""
"","2","TEST-IF-CLOSED.05","","Thu Nov 07 00:41:17 GMT 2024","passed","Thu Nov 07 00:41:17 GMT 2024","","ANTI-REGRESSION","ANTI-REGRESSION",""
"","2","TYPE-PROP.03","","Thu Nov 07 00:48:22 GMT 2024","passed","Thu Nov 07 00:48:22 GMT 2024","","CHAINING","CHAINING",""
"","3","APPEND.04","","Thu Nov 07 01:53:05 GMT 2024","passed","Thu Nov 07 01:53:05 GMT 2024","","MULTIDIRECTIONAL","MULTIDIRECTIONAL",""
"","26000","language_models.pllm_penntree","","Thu Nov 07 00:33:43 GMT 2024","passed","Thu Nov 07 00:34:09 GMT 2024","","WHOLE-TESTS","WHOLE-TESTS",""
"","2","ADD-REMOVE-MATCH-SYMBOLS.01","","Thu Nov 07 00:50:40 GMT 2024","passed","Thu Nov 07 00:50:40 GMT 2024","","SPACES","SPACES",""
"","166","QUERIES.18","","Thu Nov 07 01:06:05 GMT 2024","failed","Thu Nov 07 01:06:05 GMT 2024","","STRIPS-TO-METTA-IMPROVED","STRIPS-TO-METTA-IMPROVED",""
"","4","E2-STATES.02","","Thu Nov 07 01:09:47 GMT 2024","passed","Thu Nov 07 01:09:47 GMT 2024","","CHECK-TYPES","CHECK-TYPES",""
"","3","STATES-SPACES.06","","Thu Nov 07 00:39:12 GMT 2024","passed","Thu Nov 07 00:39:12 GMT 2024","","METTA-MORPH-TESTS","METTA-MORPH-TESTS",""
"","72","B5-TYPES-PRELIM.11","","Thu Nov 07 01:09:27 GMT 2024","failed","Thu Nov 07 01:09:27 GMT 2024","","CHECK-TYPES-TEMP","CHECK-TYPES-TEMP",""
"","41000","experiments.synthesize-via-case-test","","Thu Nov 07 00:33:43 GMT 2024","failed","Thu Nov 07 00:34:24 GMT 2024","","WHOLE-TESTS","WHOLE-TESTS",""
"","2","ADD-REMOVE-MATCH-INTEGER.08","","Thu Nov 07 00:50:40 GMT 2024","passed","Thu Nov 07 00:50:40 GMT 2024","","SPACES","SPACES",""
"","14","TEST-INFER-FUNCTION-APPLICATION-TYPE.08","","Thu Nov 07 01:55:24 GMT 2024","failed","Thu Nov 07 01:55:24 GMT 2024","","BASIC","BASIC",""
"","3","INTERSECTION-TESTS.01","","Thu Nov 07 00:35:23 GMT 2024","passed","Thu Nov 07 00:35:23 GMT 2024","","HYPERON-METTALOG-SANITY","HYPERON-METTALOG-SANITY",""
"","108","SPACE-INTERSECTION-TESTS.10","","Thu Nov 07 00:35:23 GMT 2024","failed","Thu Nov 07 00:35:23 GMT 2024","","HYPERON-METTALOG-SANITY","HYPERON-METTALOG-SANITY",""
"","2","IFC-XP.11","","Thu Nov 07 01:19:47 GMT 2024","passed","Thu Nov 07 01:19:47 GMT 2024","","ITERATIVE-CHAINING","ITERATIVE-CHAINING",""
"","6000","metta-morph_tests.nalifier","","Thu Nov 07 00:33:43 GMT 2024","passed","Thu Nov 07 00:33:49 GMT 2024","","WHOLE-TESTS","WHOLE-TESTS",""
"","2","BACKWARD-CHAINER-XP.07","","Thu Nov 07 01:13:36 GMT 2024","passed","Thu Nov 07 01:13:36 GMT 2024","","BACKWARD-CHAINER","BACKWARD-CHAINER",""
"","1","TESTS2.04","","Thu Nov 07 00:43:52 GMT 2024","passed","Thu Nov 07 00:43:52 GMT 2024","","MAIN-BRANCH","MAIN-BRANCH",""
"","2","UNIQUE-TEST.04","","Thu Nov 07 00:35:23 GMT 2024","passed","Thu Nov 07 00:35:23 GMT 2024","","HYPERON-METTALOG-SANITY","HYPERON-METTALOG-SANITY",""
"","40000","comparisons.nils_if_control_test_10","","Thu Nov 07 00:33:43 GMT 2024","failed","Thu Nov 07 00:34:23 GMT 2024","","WHOLE-TESTS","WHOLE-TESTS",""
"","5000","game_of_clue.game_of_clue","","Thu Nov 07 00:33:43 GMT 2024","passed","Thu Nov 07 00:33:48 GMT 2024","","WHOLE-TESTS","WHOLE-TESTS",""
"","2","INF-CTL-MONTH-BC-CONT-XP.03","","Thu Nov 07 01:17:45 GMT 2024","passed","Thu Nov 07 01:17:45 GMT 2024","","INFERENCE-CONTROL","INFERENCE-CONTROL",""
"","7","GENE-PLN-XP.01","","Thu Nov 07 01:09:15 GMT 2024","passed","Thu Nov 07 01:09:15 GMT 2024","","PLN","PLN",""
"","2","OR-TEST.10","","Thu Nov 07 00:35:23 GMT 2024","passed","Thu Nov 07 00:35:23 GMT 2024","","HYPERON-METTALOG-SANITY","HYPERON-METTALOG-SANITY",""
"","2","B5-TYPES-PRELIM.05","","Thu Nov 07 01:09:27 GMT 2024","passed","Thu Nov 07 01:09:27 GMT 2024","","CHECK-TYPES-TEMP","CHECK-TYPES-TEMP",""
"","2","NONDETERM.03","","Thu Nov 07 00:51:23 GMT 2024","passed","Thu Nov 07 00:51:23 GMT 2024","","STD","STD",""
"","4000","transpiler.let_superpose_if_case","","Thu Nov 07 00:33:43 GMT 2024","passed","Thu Nov 07 00:33:47 GMT 2024","","WHOLE-TESTS","WHOLE-TESTS",""
"","6","EVIDENTIALTRUTHVALUETEST.02","","Thu Nov 07 01:14:17 GMT 2024","passed","Thu Nov 07 01:14:17 GMT 2024","","TRUTHVALUE","TRUTHVALUE",""
"","2","D4-TYPE-PROP.10","","Thu Nov 07 00:33:48 GMT 2024","passed","Thu Nov 07 00:33:48 GMT 2024","","HYPERON-EXPERIMENTAL-SCRIPTS","HYPERON-EXPERIMENTAL-SCRIPTS",""
"","2","F1-IMPORTS.17","","Thu Nov 07 00:43:23 GMT 2024","passed","Thu Nov 07 00:43:23 GMT 2024","","QUICK","QUICK",""
"","2","STDLIB-METTALOG-TEST-PT2.36","","Thu Nov 07 00:52:48 GMT 2024","passed","Thu Nov 07 00:52:48 GMT 2024","","STDLIB-METTALOG","STDLIB-METTALOG",""
"","40000","subtyping.subtyping-test","","Thu Nov 07 00:33:43 GMT 2024","failed","Thu Nov 07 00:34:23 GMT 2024","","WHOLE-TESTS","WHOLE-TESTS",""
"","2","FORWARD-CHAINER-XP.24","","Thu Nov 07 01:16:20 GMT 2024","passed","Thu Nov 07 01:16:20 GMT 2024","","FORWARD-CHAINER","FORWARD-CHAINER",""
"","40000","main-branch.tests2","","Thu Nov 07 00:33:43 GMT 2024","failed","Thu Nov 07 00:34:23 GMT 2024","","WHOLE-TESTS","WHOLE-TESTS",""
"","2","F1-IMPORTS.08","","Thu Nov 07 00:33:38 GMT 2024","passed","Thu Nov 07 00:33:38 GMT 2024","","MODULE-SYSTEM","MODULE-SYSTEM",""
"","3","FC-XP.08","","Thu Nov 07 01:16:31 GMT 2024","passed","Thu Nov 07 01:16:31 GMT 2024","","FORWARD-CHAINING","FORWARD-CHAINING",""
"","1","SEQUENTIAL-NESTED.02","","Thu Nov 07 00:39:12 GMT 2024","passed","Thu Nov 07 00:39:12 GMT 2024","","METTA-MORPH-TESTS","METTA-MORPH-TESTS",""
"","3","ADD-REMOVE-MATCH-INTEGER.01","","Thu Nov 07 00:50:40 GMT 2024","passed","Thu Nov 07 00:50:40 GMT 2024","","SPACES","SPACES",""
"","4000","metta-morph_tests.peano","","Thu Nov 07 00:33:43 GMT 2024","passed","Thu Nov 07 00:33:47 GMT 2024","","WHOLE-TESTS","WHOLE-TESTS",""
"","2","ADD-REMOVE-MATCH-MIX-FLOAT-INTEGER.17","","Thu Nov 07 00:50:40 GMT 2024","passed","Thu Nov 07 00:50:40 GMT 2024","","SPACES","SPACES",""
"","3","HYPERPOSING-SHARED.01","","Thu Nov 07 01:55:24 GMT 2024","passed","Thu Nov 07 01:55:24 GMT 2024","","BASIC","BASIC",""
"","3","SYNTHESIZE-VIA-SUPERPOSE.01","","Thu Nov 07 01:24:23 GMT 2024","passed","Thu Nov 07 01:24:23 GMT 2024","","EXPERIMENTS","EXPERIMENTS",""
"","126","TESTS0.01","","Thu Nov 07 01:37:35 GMT 2024","passed","Thu Nov 07 01:37:35 GMT 2024","","NEW","NEW",""
"","2","CURRIED-CHAINER.03","","Thu Nov 07 01:14:28 GMT 2024","passed","Thu Nov 07 01:14:28 GMT 2024","","CURRIED-CHAINING","CURRIED-CHAINING",""
"","2","IFC-XP.28","","Thu Nov 07 01:19:47 GMT 2024","passed","Thu Nov 07 01:19:47 GMT 2024","","ITERATIVE-CHAINING","ITERATIVE-CHAINING",""
"","2","00-LANG-CASE.13","","Thu Nov 07 00:35:23 GMT 2024","passed","Thu Nov 07 00:35:23 GMT 2024","","HYPERON-METTALOG-SANITY","HYPERON-METTALOG-SANITY",""
"","2","D2-HIGHERFUNC.27","","Thu Nov 07 01:09:47 GMT 2024","passed","Thu Nov 07 01:09:47 GMT 2024","","CHECK-TYPES","CHECK-TYPES",""
"","2","METTALOGTESTCURRIED2.03","","Thu Nov 07 01:46:51 GMT 2024","passed","Thu Nov 07 01:46:51 GMT 2024","","WALK-THRU","WALK-THRU",""
"","58","STDLIB-METTALOG-TEST-PT2.06","","Thu Nov 07 00:52:48 GMT 2024","failed","Thu Nov 07 00:52:48 GMT 2024","","STDLIB-METTALOG","STDLIB-METTALOG",""
"","109","PREREQS.07","","Thu Nov 07 00:43:52 GMT 2024","failed","Thu Nov 07 00:43:52 GMT 2024","","MAIN-BRANCH","MAIN-BRANCH",""
"","5000","loop-checks.06_loop_1","","Thu Nov 07 00:33:43 GMT 2024","passed","Thu Nov 07 00:33:48 GMT 2024","","WHOLE-TESTS","WHOLE-TESTS",""
"","5000","metta-wam-issue-116.test_spo_5000","","Thu Nov 07 00:33:43 GMT 2024","passed","Thu Nov 07 00:33:48 GMT 2024","","WHOLE-TESTS","WHOLE-TESTS",""
"","45000","stdlib-mettalog.stdlib_mettalog_test","","Thu Nov 07 00:33:43 GMT 2024","failed","Thu Nov 07 00:34:28 GMT 2024","","WHOLE-TESTS","WHOLE-TESTS",""
"","1","D4-TYPE-PROP.09","","Thu Nov 07 01:09:47 GMT 2024","passed","Thu Nov 07 01:09:47 GMT 2024","","CHECK-TYPES","CHECK-TYPES",""
"","1104","IBC-XP.28","","Thu Nov 07 01:19:47 GMT 2024","passed","Thu Nov 07 01:19:48 GMT 2024","","ITERATIVE-CHAINING","ITERATIVE-CHAINING",""
"","2","D2-HIGHERFUNC.16","","Thu Nov 07 00:43:23 GMT 2024","passed","Thu Nov 07 00:43:23 GMT 2024","","QUICK","QUICK",""
"","2","ADD-REMOVE-MATCH-INTEGER.15","","Thu Nov 07 00:50:40 GMT 2024","passed","Thu Nov 07 00:50:40 GMT 2024","","SPACES","SPACES",""
"","2","D1-GADT.12","","Thu Nov 07 00:43:23 GMT 2024","passed","Thu Nov 07 00:43:23 GMT 2024","","QUICK","QUICK",""
"","64","STDLIB-METTALOG-TEST-PT2.12","","Thu Nov 07 00:52:48 GMT 2024","failed","Thu Nov 07 00:52:48 GMT 2024","","STDLIB-METTALOG","STDLIB-METTALOG",""
"","281","TESTS0.06","","Thu Nov 07 01:33:40 GMT 2024","failed","Thu Nov 07 01:33:40 GMT 2024","","NARS-V0","NARS-V0",""
"","2","TESTS0.05","","Thu Nov 07 01:33:40 GMT 2024","passed","Thu Nov 07 01:33:40 GMT 2024","","NARS-V0","NARS-V0",""
"","2","D3-DEPTYPES.05","","Thu Nov 07 01:09:47 GMT 2024","passed","Thu Nov 07 01:09:47 GMT 2024","","CHECK-TYPES","CHECK-TYPES",""
"","4","UNIQUE-TEST.13","","Thu Nov 07 00:35:23 GMT 2024","passed","Thu Nov 07 00:35:23 GMT 2024","","HYPERON-METTALOG-SANITY","HYPERON-METTALOG-SANITY",""
"","2","BC-COMP.01","","Thu Nov 07 01:46:51 GMT 2024","passed","Thu Nov 07 01:46:51 GMT 2024","","WALK-THRU","WALK-THRU",""
"","2","INF-CTL-MONTH-XP-SHORT-3.04","","Thu Nov 07 02:01:42 GMT 2024","passed","Thu Nov 07 02:01:42 GMT 2024","","COMPARISONS","COMPARISONS",""
"","2","00-LANG-CASE.09","","Thu Nov 07 00:35:23 GMT 2024","passed","Thu Nov 07 00:35:23 GMT 2024","","HYPERON-METTALOG-SANITY","HYPERON-METTALOG-SANITY",""
"","41","IFC-XP.05","","Thu Nov 07 01:19:47 GMT 2024","failed","Thu Nov 07 01:19:47 GMT 2024","","ITERATIVE-CHAINING","ITERATIVE-CHAINING",""
"","112","B5-TYPES-PRELIM.08","","Thu Nov 07 00:33:48 GMT 2024","failed","Thu Nov 07 00:33:48 GMT 2024","","HYPERON-EXPERIMENTAL-SCRIPTS","HYPERON-EXPERIMENTAL-SCRIPTS",""
"","76","00A-LANG-COMPILED-CASE.07","","Thu Nov 07 01:45:24 GMT 2024","passed","Thu Nov 07 01:45:24 GMT 2024","","DIRECT-COMP","DIRECT-COMP",""
"","3","SUBTRACTION-TEST.03","","Thu Nov 07 00:35:23 GMT 2024","passed","Thu Nov 07 00:35:23 GMT 2024","","HYPERON-METTALOG-SANITY","HYPERON-METTALOG-SANITY",""
"","1","INF-CTL-MONTH-XP-SHORT-3.06","","Thu Nov 07 02:01:42 GMT 2024","passed","Thu Nov 07 02:01:42 GMT 2024","","COMPARISONS","COMPARISONS",""
"","2","D1-GADT.01","","Thu Nov 07 00:33:48 GMT 2024","passed","Thu Nov 07 00:33:48 GMT 2024","","HYPERON-EXPERIMENTAL-SCRIPTS","HYPERON-EXPERIMENTAL-SCRIPTS",""
"","569","APPEND.03","","Thu Nov 07 01:53:05 GMT 2024","passed","Thu Nov 07 01:53:05 GMT 2024","","MULTIDIRECTIONAL","MULTIDIRECTIONAL",""
"","1344","TESTS3.02","","Thu Nov 07 00:43:52 GMT 2024","failed","Thu Nov 07 00:43:53 GMT 2024","","MAIN-BRANCH","MAIN-BRANCH",""
"","2","STDLIB-METTALOG-TEST-PT2.51","","Thu Nov 07 00:52:48 GMT 2024","passed","Thu Nov 07 00:52:48 GMT 2024","","STDLIB-METTALOG","STDLIB-METTALOG",""
"","4","SYNTHESIZE-VIA-LET-TEST.04","","Thu Nov 07 01:24:23 GMT 2024","passed","Thu Nov 07 01:24:23 GMT 2024","","EXPERIMENTS","EXPERIMENTS",""
"","2","D3-DEPTYPES.06","","Thu Nov 07 01:09:47 GMT 2024","passed","Thu Nov 07 01:09:47 GMT 2024","","CHECK-TYPES","CHECK-TYPES",""
"","5000","backward-chaining.bc-xp","","Thu Nov 07 00:33:43 GMT 2024","passed","Thu Nov 07 00:33:48 GMT 2024","","WHOLE-TESTS","WHOLE-TESTS",""
"","7000","dependent-types.DeductionDTLTest","","Thu Nov 07 00:33:43 GMT 2024","passed","Thu Nov 07 00:33:50 GMT 2024","","WHOLE-TESTS","WHOLE-TESTS",""
"","1113","PLLM-PENNTREE.01","","Thu Nov 07 02:07:54 GMT 2024","passed","Thu Nov 07 02:07:55 GMT 2024","","LANGUAGE-MODELS","LANGUAGE-MODELS",""
"","190","SYNTHESIZE-VIA-UNIFY-TEST.01","","Thu Nov 07 01:24:23 GMT 2024","failed","Thu Nov 07 01:24:23 GMT 2024","","EXPERIMENTS","EXPERIMENTS",""
"","3","CHAPTER-2-2.01","","Thu Nov 07 00:52:57 GMT 2024","passed","Thu Nov 07 00:52:57 GMT 2024","","SICP-BOOK","SICP-BOOK",""
"","28","INF-CTL-MONTH-XP-SHORT-5.01","","Thu Nov 07 02:01:42 GMT 2024","failed","Thu Nov 07 02:01:42 GMT 2024","","COMPARISONS","COMPARISONS",""
"","2","TYPE-PROP.77","","Thu Nov 07 01:09:27 GMT 2024","passed","Thu Nov 07 01:09:27 GMT 2024","","CHECK-TYPES-TEMP","CHECK-TYPES-TEMP",""
"","2","D2-HIGHERFUNC.11","","Thu Nov 07 01:09:47 GMT 2024","passed","Thu Nov 07 01:09:47 GMT 2024","","CHECK-TYPES","CHECK-TYPES",""
"","2","F1-IMPORTS.09","","Thu Nov 07 00:33:38 GMT 2024","passed","Thu Nov 07 00:33:38 GMT 2024","","MODULE-SYSTEM","MODULE-SYSTEM",""
"","87","CHAPTER-2-4.07","","Thu Nov 07 00:52:57 GMT 2024","failed","Thu Nov 07 00:52:57 GMT 2024","","SICP-BOOK","SICP-BOOK",""
"","1","SUPERPOSE-NESTED.02","","Thu Nov 07 00:39:12 GMT 2024","passed","Thu Nov 07 00:39:12 GMT 2024","","METTA-MORPH-TESTS","METTA-MORPH-TESTS",""
"","3","03-SORING-VIA-INSERT.06","","Thu Nov 07 00:35:23 GMT 2024","passed","Thu Nov 07 00:35:23 GMT 2024","","HYPERON-METTALOG-SANITY","HYPERON-METTALOG-SANITY",""
"","4000","debugging.hyperon_experimental_issue_516","","Thu Nov 07 00:33:43 GMT 2024","passed","Thu Nov 07 00:33:47 GMT 2024","","WHOLE-TESTS","WHOLE-TESTS",""
"","3","BACKWARD-CHAINER-XP.10","","Thu Nov 07 01:13:36 GMT 2024","passed","Thu Nov 07 01:13:36 GMT 2024","","BACKWARD-CHAINER","BACKWARD-CHAINER",""
"","5000","possibly_wrong.too_eager_math","","Thu Nov 07 00:33:43 GMT 2024","passed","Thu Nov 07 00:33:48 GMT 2024","","WHOLE-TESTS","WHOLE-TESTS",""
"","2","SYNTHESIZE-VIA-SUPERPOSE.04","","Thu Nov 07 01:24:23 GMT 2024","passed","Thu Nov 07 01:24:23 GMT 2024","","EXPERIMENTS","EXPERIMENTS",""
"","21","INF-CTL-MONTH-XP.09","","Thu Nov 07 01:17:45 GMT 2024","failed","Thu Nov 07 01:17:45 GMT 2024","","INFERENCE-CONTROL","INFERENCE-CONTROL",""
"","40000","SICP_book.chapter_1_3_2","","Thu Nov 07 00:33:43 GMT 2024","failed","Thu Nov 07 00:34:23 GMT 2024","","WHOLE-TESTS","WHOLE-TESTS",""
"","3","B4-NONDETERM.09","","Thu Nov 07 00:33:48 GMT 2024","passed","Thu Nov 07 00:33:48 GMT 2024","","HYPERON-EXPERIMENTAL-SCRIPTS","HYPERON-EXPERIMENTAL-SCRIPTS",""
"","17","NATSTANDALONETEST.10","","Thu Nov 07 01:16:36 GMT 2024","failed","Thu Nov 07 01:16:36 GMT 2024","","HOL","HOL",""
"","2","INF-CTL-MONTH-XP-SHORT-3.08","","Thu Nov 07 02:01:42 GMT 2024","passed","Thu Nov 07 02:01:42 GMT 2024","","COMPARISONS","COMPARISONS",""
"","1252","PUZZLE.01","","Thu Nov 07 01:00:57 GMT 2024","passed","Thu Nov 07 01:00:58 GMT 2024","","LOGIC","LOGIC",""
"","1","ADD-REMOVE-MATCH-SS-SYMBOLS.02","","Thu Nov 07 00:50:40 GMT 2024","passed","Thu Nov 07 00:50:40 GMT 2024","","SPACES","SPACES",""
"","5000","hyperon-experimental_scripts.a1_symbols","","Thu Nov 07 00:33:43 GMT 2024","passed","Thu Nov 07 00:33:48 GMT 2024","","WHOLE-TESTS","WHOLE-TESTS",""
"","1","IFC-XP.16","","Thu Nov 07 01:19:47 GMT 2024","passed","Thu Nov 07 01:19:47 GMT 2024","","ITERATIVE-CHAINING","ITERATIVE-CHAINING",""
"","697","IBC-XP.24","","Thu Nov 07 01:19:47 GMT 2024","passed","Thu Nov 07 01:19:47 GMT 2024","","ITERATIVE-CHAINING","ITERATIVE-CHAINING",""
"","14","CHAPTER-2-4.17","","Thu Nov 07 00:52:57 GMT 2024","failed","Thu Nov 07 00:52:57 GMT 2024","","SICP-BOOK","SICP-BOOK",""
"","41","STDLIB-METTALOG-TEST-PT2.04","","Thu Nov 07 00:52:48 GMT 2024","failed","Thu Nov 07 00:52:48 GMT 2024","","STDLIB-METTALOG","STDLIB-METTALOG",""
"","52","INF-CTL-MONTH-BC-CONT-XP.21","","Thu Nov 07 01:17:45 GMT 2024","failed","Thu Nov 07 01:17:45 GMT 2024","","INFERENCE-CONTROL","INFERENCE-CONTROL",""
"","2","INF-CTL-XP.02","","Thu Nov 07 01:17:45 GMT 2024","passed","Thu Nov 07 01:17:45 GMT 2024","","INFERENCE-CONTROL","INFERENCE-CONTROL",""
"","3","D4-TYPE-PROP.04","","Thu Nov 07 00:33:48 GMT 2024","passed","Thu Nov 07 00:33:48 GMT 2024","","HYPERON-EXPERIMENTAL-SCRIPTS","HYPERON-EXPERIMENTAL-SCRIPTS",""
"","40000","comparisons.nils_if_control_test_4","","Thu Nov 07 00:33:43 GMT 2024","failed","Thu Nov 07 00:34:23 GMT 2024","","WHOLE-TESTS","WHOLE-TESTS",""
"","57","C1-GROUNDED-BASIC.15","","Thu Nov 07 00:33:48 GMT 2024","failed","Thu Nov 07 00:33:48 GMT 2024","","HYPERON-EXPERIMENTAL-SCRIPTS","HYPERON-EXPERIMENTAL-SCRIPTS",""
"","79","ADD-REMOVE-MATCH-FLOAT.16","","Thu Nov 07 00:50:40 GMT 2024","failed","Thu Nov 07 00:50:40 GMT 2024","","SPACES","SPACES",""
"","2","STDLIB-METTALOG-TEST-PT2.19","","Thu Nov 07 00:52:48 GMT 2024","passed","Thu Nov 07 00:52:48 GMT 2024","","STDLIB-METTALOG","STDLIB-METTALOG",""
"","2","ADD-REMOVE-MATCH-SYMBOLS.09","","Thu Nov 07 00:50:40 GMT 2024","passed","Thu Nov 07 00:50:40 GMT 2024","","SPACES","SPACES",""
"","2","ADD-REMOVE-MATCH-SYMBOLS.15","","Thu Nov 07 00:50:40 GMT 2024","passed","Thu Nov 07 00:50:40 GMT 2024","","SPACES","SPACES",""
"","4000","basic.test_infer_function_application_type","","Thu Nov 07 00:33:43 GMT 2024","passed","Thu Nov 07 00:33:47 GMT 2024","","WHOLE-TESTS","WHOLE-TESTS",""
"","40","FC-XP.21","","Thu Nov 07 01:16:31 GMT 2024","failed","Thu Nov 07 01:16:31 GMT 2024","","FORWARD-CHAINING","FORWARD-CHAINING",""
"","283","SELF-CONTAINED-SYNTHESIZE.04","","Thu Nov 07 01:24:23 GMT 2024","failed","Thu Nov 07 01:24:23 GMT 2024","","EXPERIMENTS","EXPERIMENTS",""
"","17","STDLIB-METTALOG-TEST-PT2.68","","Thu Nov 07 00:52:48 GMT 2024","failed","Thu Nov 07 00:52:48 GMT 2024","","STDLIB-METTALOG","STDLIB-METTALOG",""
"","2","F1-MODULEA.05","","Thu Nov 07 00:33:48 GMT 2024","passed","Thu Nov 07 00:33:48 GMT 2024","","HYPERON-EXPERIMENTAL-SCRIPTS","HYPERON-EXPERIMENTAL-SCRIPTS",""
"","4000","chaining.pln_stv","","Thu Nov 07 00:33:43 GMT 2024","passed","Thu Nov 07 00:33:47 GMT 2024","","WHOLE-TESTS","WHOLE-TESTS",""
"","6000","nars_extras.RUN_minnars_trimmed","","Thu Nov 07 00:33:43 GMT 2024","passed","Thu Nov 07 00:33:49 GMT 2024","","WHOLE-TESTS","WHOLE-TESTS",""
"","2","E2-STATES.04","","Thu Nov 07 01:09:47 GMT 2024","passed","Thu Nov 07 01:09:47 GMT 2024","","CHECK-TYPES","CHECK-TYPES",""
"","1","NATDTLTEST.02","","Thu Nov 07 01:16:36 GMT 2024","passed","Thu Nov 07 01:16:36 GMT 2024","","HOL","HOL",""
"","2","TMPMATCH1.03","","Thu Nov 07 00:41:17 GMT 2024","passed","Thu Nov 07 00:41:17 GMT 2024","","ANTI-REGRESSION","ANTI-REGRESSION",""
"","1","CML-UNSHARED.03","","Thu Nov 07 01:55:24 GMT 2024","passed","Thu Nov 07 01:55:24 GMT 2024","","BASIC","BASIC",""
"","2","D2-HIGHERFUNC.14","","Thu Nov 07 00:33:48 GMT 2024","passed","Thu Nov 07 00:33:48 GMT 2024","","HYPERON-EXPERIMENTAL-SCRIPTS","HYPERON-EXPERIMENTAL-SCRIPTS",""
"","2","BCHAIN.03","","Thu Nov 07 00:41:17 GMT 2024","passed","Thu Nov 07 00:41:17 GMT 2024","","ANTI-REGRESSION","ANTI-REGRESSION",""
"","2","INF-CTL-MONTH-BC-CONT-XP.09","","Thu Nov 07 01:17:45 GMT 2024","passed","Thu Nov 07 01:17:45 GMT 2024","","INFERENCE-CONTROL","INFERENCE-CONTROL",""
"","2","F1-IMPORTS.14","","Thu Nov 07 00:43:23 GMT 2024","passed","Thu Nov 07 00:43:23 GMT 2024","","QUICK","QUICK",""
"","2","B2-BACKCHAIN.02","","Thu Nov 07 00:33:48 GMT 2024","passed","Thu Nov 07 00:33:48 GMT 2024","","HYPERON-EXPERIMENTAL-SCRIPTS","HYPERON-EXPERIMENTAL-SCRIPTS",""
"","2","BC-XP.07","","Thu Nov 07 01:13:41 GMT 2024","passed","Thu Nov 07 01:13:41 GMT 2024","","BACKWARD-CHAINING","BACKWARD-CHAINING",""
"","2","E2-STATES.06","","Thu Nov 07 01:09:47 GMT 2024","passed","Thu Nov 07 01:09:47 GMT 2024","","CHECK-TYPES","CHECK-TYPES",""
"","2","TRUTHVALUETEST.04","","Thu Nov 07 01:14:17 GMT 2024","passed","Thu Nov 07 01:14:17 GMT 2024","","TRUTHVALUE","TRUTHVALUE",""
"","2","STATE-TYPES.07","","Thu Nov 07 01:55:24 GMT 2024","passed","Thu Nov 07 01:55:24 GMT 2024","","BASIC","BASIC",""
"","2","TYPE-PROP.44","","Thu Nov 07 01:09:27 GMT 2024","passed","Thu Nov 07 01:09:27 GMT 2024","","CHECK-TYPES-TEMP","CHECK-TYPES-TEMP",""
"","5000","hyperon-experimental_scripts.b1_equal_chain","","Thu Nov 07 00:33:43 GMT 2024","passed","Thu Nov 07 00:33:48 GMT 2024","","WHOLE-TESTS","WHOLE-TESTS",""
"","8000","soap_opera_corpus.so_convert","","Thu Nov 07 00:33:43 GMT 2024","passed","Thu Nov 07 00:33:51 GMT 2024","","WHOLE-TESTS","WHOLE-TESTS",""
"","24","UNIFYTEST.03","","Thu Nov 07 01:24:19 GMT 2024","failed","Thu Nov 07 01:24:19 GMT 2024","","SYNTHESIS","SYNTHESIS",""
"","3","FC-XP.30","","Thu Nov 07 01:16:31 GMT 2024","passed","Thu Nov 07 01:16:31 GMT 2024","","FORWARD-CHAINING","FORWARD-CHAINING",""
"","5","IMPL-METTALOGTESTCURRIED.05","","Thu Nov 07 01:46:51 GMT 2024","passed","Thu Nov 07 01:46:51 GMT 2024","","WALK-THRU","WALK-THRU",""
"","95","00A-LANG-COMPILED-CASE.08","","Thu Nov 07 01:45:24 GMT 2024","passed","Thu Nov 07 01:45:24 GMT 2024","","DIRECT-COMP","DIRECT-COMP",""
"","2","B5-TYPES-PRELIM.25","","Thu Nov 07 00:33:48 GMT 2024","passed","Thu Nov 07 00:33:48 GMT 2024","","HYPERON-EXPERIMENTAL-SCRIPTS","HYPERON-EXPERIMENTAL-SCRIPTS",""
"","3","TESTS1.02","","Thu Nov 07 01:28:35 GMT 2024","passed","Thu Nov 07 01:28:35 GMT 2024","","CURRENT","CURRENT",""
"","2","BACKWARD-CHAINER-XP.11","","Thu Nov 07 01:13:36 GMT 2024","passed","Thu Nov 07 01:13:36 GMT 2024","","BACKWARD-CHAINER","BACKWARD-CHAINER",""
"","2","INF-CTL-MONTH-XP-SHORT-3.12","","Thu Nov 07 02:01:42 GMT 2024","passed","Thu Nov 07 02:01:42 GMT 2024","","COMPARISONS","COMPARISONS",""
"","82","ADD-REMOVE-MATCH-SYMBOLS.14","","Thu Nov 07 00:50:40 GMT 2024","passed","Thu Nov 07 00:50:40 GMT 2024","","SPACES","SPACES",""
"","3","C2-SPACES.01","","Thu Nov 07 00:33:48 GMT 2024","passed","Thu Nov 07 00:33:48 GMT 2024","","HYPERON-EXPERIMENTAL-SCRIPTS","HYPERON-EXPERIMENTAL-SCRIPTS",""
"","2","D2-HIGHERFUNC.02","","Thu Nov 07 01:09:47 GMT 2024","passed","Thu Nov 07 01:09:47 GMT 2024","","CHECK-TYPES","CHECK-TYPES",""
"","2","IOIOIOI.02","","Thu Nov 07 01:53:05 GMT 2024","passed","Thu Nov 07 01:53:05 GMT 2024","","MULTIDIRECTIONAL","MULTIDIRECTIONAL",""
"","2","ADD-REMOVE-MATCH-FLOAT.11","","Thu Nov 07 00:50:40 GMT 2024","passed","Thu Nov 07 00:50:40 GMT 2024","","SPACES","SPACES",""
"","2","FORWARD-CHAINER-XP.26","","Thu Nov 07 01:16:20 GMT 2024","passed","Thu Nov 07 01:16:20 GMT 2024","","FORWARD-CHAINER","FORWARD-CHAINER",""
"","2","ADD-REMOVE-MATCH-INTEGER.23","","Thu Nov 07 00:50:40 GMT 2024","passed","Thu Nov 07 00:50:40 GMT 2024","","SPACES","SPACES",""
"","2","XOR-TEST.07","","Thu Nov 07 00:35:23 GMT 2024","passed","Thu Nov 07 00:35:23 GMT 2024","","HYPERON-METTALOG-SANITY","HYPERON-METTALOG-SANITY",""
"","2","TYPE-PROP.40","","Thu Nov 07 01:09:27 GMT 2024","passed","Thu Nov 07 01:09:27 GMT 2024","","CHECK-TYPES-TEMP","CHECK-TYPES-TEMP",""
"","2","FC-XP.24","","Thu Nov 07 01:16:31 GMT 2024","passed","Thu Nov 07 01:16:31 GMT 2024","","FORWARD-CHAINING","FORWARD-CHAINING",""
"","15000","anti-regression.debug_mettalogTestCurried","","Thu Nov 07 00:33:43 GMT 2024","failed","Thu Nov 07 00:33:58 GMT 2024","","WHOLE-TESTS","WHOLE-TESTS",""
"","2","D2-HIGHERFUNC.03","","Thu Nov 07 01:09:47 GMT 2024","passed","Thu Nov 07 01:09:47 GMT 2024","","CHECK-TYPES","CHECK-TYPES",""
"","119","SHOW-TYPE.03","","Thu Nov 07 00:50:25 GMT 2024","failed","Thu Nov 07 00:50:25 GMT 2024","","INTROSPECT","INTROSPECT",""
"","1","ADD-REMOVE-MATCH-S-SYMBOLS.04","","Thu Nov 07 00:50:40 GMT 2024","passed","Thu Nov 07 00:50:40 GMT 2024","","SPACES","SPACES",""
"","42","FORWARD-CHAINER-TEST.05","","Thu Nov 07 01:16:20 GMT 2024","failed","Thu Nov 07 01:16:20 GMT 2024","","FORWARD-CHAINER","FORWARD-CHAINER",""
"","1","NATPARITYTEST.03","","Thu Nov 07 01:16:36 GMT 2024","passed","Thu Nov 07 01:16:36 GMT 2024","","HOL","HOL",""
"","4000","hol.NatDTLTest","","Thu Nov 07 00:33:43 GMT 2024","passed","Thu Nov 07 00:33:47 GMT 2024","","WHOLE-TESTS","WHOLE-TESTS",""
"","2","TYPE-PROP.32","","Thu Nov 07 01:09:27 GMT 2024","passed","Thu Nov 07 01:09:27 GMT 2024","","CHECK-TYPES-TEMP","CHECK-TYPES-TEMP",""
"","13","E3-MATCH-STATES.06","","Thu Nov 07 00:33:48 GMT 2024","failed","Thu Nov 07 00:33:48 GMT 2024","","HYPERON-EXPERIMENTAL-SCRIPTS","HYPERON-EXPERIMENTAL-SCRIPTS",""
"","29","INF-CTL-XP.12","","Thu Nov 07 01:17:45 GMT 2024","failed","Thu Nov 07 01:17:45 GMT 2024","","INFERENCE-CONTROL","INFERENCE-CONTROL",""
"","4000","collatz.classical","","Thu Nov 07 00:33:43 GMT 2024","passed","Thu Nov 07 00:33:47 GMT 2024","","WHOLE-TESTS","WHOLE-TESTS",""
"","2","IBC-XP.02","","Thu Nov 07 01:19:47 GMT 2024","passed","Thu Nov 07 01:19:47 GMT 2024","","ITERATIVE-CHAINING","ITERATIVE-CHAINING",""
"","2","F1-MODULEA.04","","Thu Nov 07 00:43:23 GMT 2024","passed","Thu Nov 07 00:43:23 GMT 2024","","QUICK","QUICK",""
"","6000","hol.NatParityTest","","Thu Nov 07 00:33:43 GMT 2024","passed","Thu Nov 07 00:33:49 GMT 2024","","WHOLE-TESTS","WHOLE-TESTS",""
"","3","BCHAIN.06","","Thu Nov 07 01:46:51 GMT 2024","passed","Thu Nov 07 01:46:51 GMT 2024","","WALK-THRU","WALK-THRU",""
"","2","IMPL-METTALOGTESTCURRIED.01","","Thu Nov 07 01:46:51 GMT 2024","passed","Thu Nov 07 01:46:51 GMT 2024","","WALK-THRU","WALK-THRU",""
"","1","SUBTRACTION-TEST.05","","Thu Nov 07 00:35:23 GMT 2024","passed","Thu Nov 07 00:35:23 GMT 2024","","HYPERON-METTALOG-SANITY","HYPERON-METTALOG-SANITY",""
"","6","HYPERON-EXPERIMENTAL-ISSUE-516.01","","Thu Nov 07 01:50:06 GMT 2024","passed","Thu Nov 07 01:50:06 GMT 2024","","DEBUGGING","DEBUGGING",""
"","2","PREREQS.01","","Thu Nov 07 00:43:52 GMT 2024","passed","Thu Nov 07 00:43:52 GMT 2024","","MAIN-BRANCH","MAIN-BRANCH",""
"","2","ADD-REMOVE-MATCH-MIX-FLOAT-INTEGER.09","","Thu Nov 07 00:50:40 GMT 2024","passed","Thu Nov 07 00:50:40 GMT 2024","","SPACES","SPACES",""
"","4000","hyperon-mettalog_sanity.space_intersection_tests","","Thu Nov 07 00:33:43 GMT 2024","passed","Thu Nov 07 00:33:47 GMT 2024","","WHOLE-TESTS","WHOLE-TESTS",""
"","2","ADD-REMOVE-MATCH-SS-STRINGS.11","","Thu Nov 07 00:50:40 GMT 2024","passed","Thu Nov 07 00:50:40 GMT 2024","","SPACES","SPACES",""
"","83","D5-AUTO-TYPES.06","","Thu Nov 07 01:09:47 GMT 2024","failed","Thu Nov 07 01:09:47 GMT 2024","","CHECK-TYPES","CHECK-TYPES",""
"","3","IMPLICATIONDIRECTINTRODUCTIONDTLTEST.02","","Thu Nov 07 01:12:29 GMT 2024","passed","Thu Nov 07 01:12:29 GMT 2024","","DEPENDENT-TYPES","DEPENDENT-TYPES",""
"","2","D1-GADT.06","","Thu Nov 07 01:09:47 GMT 2024","passed","Thu Nov 07 01:09:47 GMT 2024","","CHECK-TYPES","CHECK-TYPES",""
"","2","UNIQUE-TEST.09","","Thu Nov 07 00:35:23 GMT 2024","passed","Thu Nov 07 00:35:23 GMT 2024","","HYPERON-METTALOG-SANITY","HYPERON-METTALOG-SANITY",""
"","1","METTALOGTESTCURRIED2.02","","Thu Nov 07 00:41:17 GMT 2024","passed","Thu Nov 07 00:41:17 GMT 2024","","ANTI-REGRESSION","ANTI-REGRESSION",""
"","3","F1-MODULEA.10","","Thu Nov 07 00:33:48 GMT 2024","passed","Thu Nov 07 00:33:48 GMT 2024","","HYPERON-EXPERIMENTAL-SCRIPTS","HYPERON-EXPERIMENTAL-SCRIPTS",""
"","5","ADD-REMOVE-MATCH-MIX-FLOAT-INTEGER.29","","Thu Nov 07 00:50:40 GMT 2024","passed","Thu Nov 07 00:50:40 GMT 2024","","SPACES","SPACES",""
"","43000","synth_buffer.time_synthesize_long","","Thu Nov 07 00:33:43 GMT 2024","failed","Thu Nov 07 00:34:26 GMT 2024","","WHOLE-TESTS","WHOLE-TESTS",""
"","87","PROB-DEP-TYPES.01","","Thu Nov 07 01:01:34 GMT 2024","passed","Thu Nov 07 01:01:34 GMT 2024","","PROB-DEP-TYPES","PROB-DEP-TYPES",""
"","1","TRUTHVALUETEST.06","","Thu Nov 07 01:14:17 GMT 2024","passed","Thu Nov 07 01:14:17 GMT 2024","","TRUTHVALUE","TRUTHVALUE",""
"","4000","metta-morph_tests.letlet","","Thu Nov 07 00:33:43 GMT 2024","passed","Thu Nov 07 00:33:47 GMT 2024","","WHOLE-TESTS","WHOLE-TESTS",""
"","1","V2-PLN-XP-SYS-IMPL.02","","Thu Nov 07 00:48:22 GMT 2024","passed","Thu Nov 07 00:48:22 GMT 2024","","CHAINING","CHAINING",""
"","2","FC-XP.26","","Thu Nov 07 01:16:31 GMT 2024","passed","Thu Nov 07 01:16:31 GMT 2024","","FORWARD-CHAINING","FORWARD-CHAINING",""
"","23","INF-CTL-XP.13","","Thu Nov 07 01:17:45 GMT 2024","failed","Thu Nov 07 01:17:45 GMT 2024","","INFERENCE-CONTROL","INFERENCE-CONTROL",""
"","3","INF-CTL-MONTH-BC-CONT-XP.26","","Thu Nov 07 01:17:45 GMT 2024","passed","Thu Nov 07 01:17:45 GMT 2024","","INFERENCE-CONTROL","INFERENCE-CONTROL",""
"","3","TESTS2.02","","Thu Nov 07 00:43:52 GMT 2024","passed","Thu Nov 07 00:43:52 GMT 2024","","MAIN-BRANCH","MAIN-BRANCH",""
"","113","SPACE-INTERSECTION-TESTS.09","","Thu Nov 07 00:35:23 GMT 2024","failed","Thu Nov 07 00:35:23 GMT 2024","","HYPERON-METTALOG-SANITY","HYPERON-METTALOG-SANITY",""
"","1","D4-TYPE-PROP.07","","Thu Nov 07 01:09:47 GMT 2024","passed","Thu Nov 07 01:09:47 GMT 2024","","CHECK-TYPES","CHECK-TYPES",""
"","2","DEDUCTIONFORMULATEST.04","","Thu Nov 07 01:14:12 GMT 2024","passed","Thu Nov 07 01:14:12 GMT 2024","","FORMULA","FORMULA",""
"","3","BC-COMP.04","","Thu Nov 07 00:41:17 GMT 2024","passed","Thu Nov 07 00:41:17 GMT 2024","","ANTI-REGRESSION","ANTI-REGRESSION",""
"","3","DEBUG-METTALOGTESTCURRIED.01","","Thu Nov 07 01:46:51 GMT 2024","passed","Thu Nov 07 01:46:51 GMT 2024","","WALK-THRU","WALK-THRU",""
"","2","A3-TWOSIDE.02","","Thu Nov 07 00:33:48 GMT 2024","passed","Thu Nov 07 00:33:48 GMT 2024","","HYPERON-EXPERIMENTAL-SCRIPTS","HYPERON-EXPERIMENTAL-SCRIPTS",""
"","2","BCHAIN-COMP.01","","Thu Nov 07 01:46:51 GMT 2024","passed","Thu Nov 07 01:46:51 GMT 2024","","WALK-THRU","WALK-THRU",""
"","3","A3-TWOSIDE.03","","Thu Nov 07 00:33:48 GMT 2024","passed","Thu Nov 07 00:33:48 GMT 2024","","HYPERON-EXPERIMENTAL-SCRIPTS","HYPERON-EXPERIMENTAL-SCRIPTS",""
"","2","B5-TYPES-PRELIM.21","","Thu Nov 07 01:09:27 GMT 2024","passed","Thu Nov 07 01:09:27 GMT 2024","","CHECK-TYPES-TEMP","CHECK-TYPES-TEMP",""
"","40000","iterators.combined","","Thu Nov 07 00:33:43 GMT 2024","failed","Thu Nov 07 00:34:23 GMT 2024","","WHOLE-TESTS","WHOLE-TESTS",""
"","2","D1-GADT.11","","Thu Nov 07 00:33:48 GMT 2024","passed","Thu Nov 07 00:33:48 GMT 2024","","HYPERON-EXPERIMENTAL-SCRIPTS","HYPERON-EXPERIMENTAL-SCRIPTS",""
"","52","D5-AUTO-TYPES.03","","Thu Nov 07 00:33:48 GMT 2024","failed","Thu Nov 07 00:33:48 GMT 2024","","HYPERON-EXPERIMENTAL-SCRIPTS","HYPERON-EXPERIMENTAL-SCRIPTS",""
"","71","NTE.04","","Thu Nov 07 00:59:36 GMT 2024","passed","Thu Nov 07 00:59:36 GMT 2024","","EDGES-TO-EDGES","EDGES-TO-EDGES",""
"","2","TEST-IF-CLOSED.06","","Thu Nov 07 01:46:51 GMT 2024","passed","Thu Nov 07 01:46:51 GMT 2024","","WALK-THRU","WALK-THRU",""
"","2","IFC-XP.07","","Thu Nov 07 01:19:47 GMT 2024","passed","Thu Nov 07 01:19:47 GMT 2024","","ITERATIVE-CHAINING","ITERATIVE-CHAINING",""
"","5","SEALED-TEST.09","","Thu Nov 07 00:35:23 GMT 2024","passed","Thu Nov 07 00:35:23 GMT 2024","","HYPERON-METTALOG-SANITY","HYPERON-METTALOG-SANITY",""
"","1","HYPERPOSING-UNSHARED.10","","Thu Nov 07 01:55:24 GMT 2024","passed","Thu Nov 07 01:55:24 GMT 2024","","BASIC","BASIC",""
"","34","E3-MATCH-STATES.03","","Thu Nov 07 00:33:48 GMT 2024","failed","Thu Nov 07 00:33:48 GMT 2024","","HYPERON-EXPERIMENTAL-SCRIPTS","HYPERON-EXPERIMENTAL-SCRIPTS",""
"","15","AI-SERVICE-COMPOSITION-EASY.07","","Thu Nov 07 01:06:59 GMT 2024","passed","Thu Nov 07 01:06:59 GMT 2024","","AI-SERVICE","AI-SERVICE",""
"","2","TEST-IF-CLOSED.02","","Thu Nov 07 00:41:17 GMT 2024","passed","Thu Nov 07 00:41:17 GMT 2024","","ANTI-REGRESSION","ANTI-REGRESSION",""
"","58","C1-GROUNDED-BASIC.19","","Thu Nov 07 00:33:48 GMT 2024","passed","Thu Nov 07 00:33:48 GMT 2024","","HYPERON-EXPERIMENTAL-SCRIPTS","HYPERON-EXPERIMENTAL-SCRIPTS",""
"","2","SYNTHESIZE-VIA-TYPE-CHECKING.04","","Thu Nov 07 01:24:23 GMT 2024","passed","Thu Nov 07 01:24:23 GMT 2024","","EXPERIMENTS","EXPERIMENTS",""
"","3","IFC-XP.40","","Thu Nov 07 01:19:47 GMT 2024","passed","Thu Nov 07 01:19:47 GMT 2024","","ITERATIVE-CHAINING","ITERATIVE-CHAINING",""
"","40000","main-branch.tests3","","Thu Nov 07 00:33:43 GMT 2024","failed","Thu Nov 07 00:34:23 GMT 2024","","WHOLE-TESTS","WHOLE-TESTS",""
"","1","MATCH-VOID.06","","Thu Nov 07 00:39:12 GMT 2024","passed","Thu Nov 07 00:39:12 GMT 2024","","METTA-MORPH-TESTS","METTA-MORPH-TESTS",""
"","2","HIGHER-ORDER-FUNCS.05","","Thu Nov 07 00:51:23 GMT 2024","passed","Thu Nov 07 00:51:23 GMT 2024","","STD","STD",""
"","12","D1-GADT.05","","Thu Nov 07 00:33:48 GMT 2024","passed","Thu Nov 07 00:33:48 GMT 2024","","HYPERON-EXPERIMENTAL-SCRIPTS","HYPERON-EXPERIMENTAL-SCRIPTS",""
"","793","BC-IMPL.01","","Thu Nov 07 01:46:51 GMT 2024","passed","Thu Nov 07 01:46:51 GMT 2024","","WALK-THRU","WALK-THRU",""
"","393","NATSTANDALONETEST.14","","Thu Nov 07 01:16:36 GMT 2024","failed","Thu Nov 07 01:16:36 GMT 2024","","HOL","HOL",""
"","2","ADD-REMOVE-MATCH-INTEGER.18","","Thu Nov 07 00:50:40 GMT 2024","passed","Thu Nov 07 00:50:40 GMT 2024","","SPACES","SPACES",""
"","2","D1-GADT.07","","Thu Nov 07 00:43:23 GMT 2024","passed","Thu Nov 07 00:43:23 GMT 2024","","QUICK","QUICK",""
"","2","FC-XP.17","","Thu Nov 07 01:16:31 GMT 2024","passed","Thu Nov 07 01:16:31 GMT 2024","","FORWARD-CHAINING","FORWARD-CHAINING",""
"","1260","SYNTHESIZE-VIA-LET-TEST.06","","Thu Nov 07 01:24:23 GMT 2024","failed","Thu Nov 07 01:24:24 GMT 2024","","EXPERIMENTS","EXPERIMENTS",""
"","3","BCHAIN.01","","Thu Nov 07 01:46:51 GMT 2024","passed","Thu Nov 07 01:46:51 GMT 2024","","WALK-THRU","WALK-THRU",""
"","2","HYPERPOSING-SHARED.10","","Thu Nov 07 01:55:24 GMT 2024","passed","Thu Nov 07 01:55:24 GMT 2024","","BASIC","BASIC",""
"","61","TESTS1.01","","Thu Nov 07 01:37:35 GMT 2024","failed","Thu Nov 07 01:37:35 GMT 2024","","NEW","NEW",""
"","2","INTERSECTION-TESTS.03","","Thu Nov 07 00:35:23 GMT 2024","passed","Thu Nov 07 00:35:23 GMT 2024","","HYPERON-METTALOG-SANITY","HYPERON-METTALOG-SANITY",""
"","7000","metta-morph_tests.factorial","","Thu Nov 07 00:33:43 GMT 2024","passed","Thu Nov 07 00:33:50 GMT 2024","","WHOLE-TESTS","WHOLE-TESTS",""
"","2","DEFINE-IF-LIKE.06","","Thu Nov 07 01:45:24 GMT 2024","passed","Thu Nov 07 01:45:24 GMT 2024","","DIRECT-COMP","DIRECT-COMP",""
"","68","D2-HIGHERFUNC.07","","Thu Nov 07 00:33:48 GMT 2024","failed","Thu Nov 07 00:33:48 GMT 2024","","HYPERON-EXPERIMENTAL-SCRIPTS","HYPERON-EXPERIMENTAL-SCRIPTS",""
"","1","D1-GADT.08","","Thu Nov 07 01:09:47 GMT 2024","passed","Thu Nov 07 01:09:47 GMT 2024","","CHECK-TYPES","CHECK-TYPES",""
"","2","B5-TYPES-PRELIM.18","","Thu Nov 07 00:33:48 GMT 2024","passed","Thu Nov 07 00:33:48 GMT 2024","","HYPERON-EXPERIMENTAL-SCRIPTS","HYPERON-EXPERIMENTAL-SCRIPTS",""
"","69","COMBINED.03","","Thu Nov 07 01:51:32 GMT 2024","failed","Thu Nov 07 01:51:32 GMT 2024","","ITERATORS","ITERATORS",""
"","2","ADD-REMOVE-MATCH-INTEGER.34","","Thu Nov 07 00:50:40 GMT 2024","passed","Thu Nov 07 00:50:40 GMT 2024","","SPACES","SPACES",""
"","247","SYNTHESIZE-VIA-CASE-TEST.10","","Thu Nov 07 01:24:23 GMT 2024","failed","Thu Nov 07 01:24:23 GMT 2024","","EXPERIMENTS","EXPERIMENTS",""
"","71","CREATE-SERVER.03","","Thu Nov 07 01:51:12 GMT 2024","failed","Thu Nov 07 01:51:12 GMT 2024","","DISTRIBUTED-PROCESSING","DISTRIBUTED-PROCESSING",""
"","2","ADD-REMOVE-MATCH-MIX-FLOAT-INTEGER.15","","Thu Nov 07 00:50:40 GMT 2024","passed","Thu Nov 07 00:50:40 GMT 2024","","SPACES","SPACES",""
"","3","IDENTITY.01","","Thu Nov 07 01:46:25 GMT 2024","passed","Thu Nov 07 01:46:25 GMT 2024","","TRANSPILER","TRANSPILER",""
"","2","CHAPTER-2-4.04","","Thu Nov 07 00:52:57 GMT 2024","passed","Thu Nov 07 00:52:57 GMT 2024","","SICP-BOOK","SICP-BOOK",""
"","79","B5-TYPES-PRELIM.11","","Thu Nov 07 00:33:48 GMT 2024","failed","Thu Nov 07 00:33:48 GMT 2024","","HYPERON-EXPERIMENTAL-SCRIPTS","HYPERON-EXPERIMENTAL-SCRIPTS",""
"","3","TESTS5.01","","Thu Nov 07 01:28:35 GMT 2024","passed","Thu Nov 07 01:28:35 GMT 2024","","CURRENT","CURRENT",""
"","2","00A-LANG-COMPILED-CASE.09","","Thu Nov 07 01:45:24 GMT 2024","passed","Thu Nov 07 01:45:24 GMT 2024","","DIRECT-COMP","DIRECT-COMP",""
"","1","D2-HIGHERFUNC.09","","Thu Nov 07 00:43:23 GMT 2024","passed","Thu Nov 07 00:43:23 GMT 2024","","QUICK","QUICK",""
"","3","ADD-REMOVE-MATCH-SYMBOLS.16","","Thu Nov 07 00:50:40 GMT 2024","passed","Thu Nov 07 00:50:40 GMT 2024","","SPACES","SPACES",""
"","3","SEALED-TEST.06","","Thu Nov 07 00:35:23 GMT 2024","passed","Thu Nov 07 00:35:23 GMT 2024","","HYPERON-METTALOG-SANITY","HYPERON-METTALOG-SANITY",""
"","2","FORWARD-CHAINER-TEST.08","","Thu Nov 07 01:16:20 GMT 2024","passed","Thu Nov 07 01:16:20 GMT 2024","","FORWARD-CHAINER","FORWARD-CHAINER",""
"","14","CHAPTER-2-4.20","","Thu Nov 07 00:52:57 GMT 2024","failed","Thu Nov 07 00:52:57 GMT 2024","","SICP-BOOK","SICP-BOOK",""
"","2","B4-NONDETERM.04","","Thu Nov 07 00:33:48 GMT 2024","passed","Thu Nov 07 00:33:48 GMT 2024","","HYPERON-EXPERIMENTAL-SCRIPTS","HYPERON-EXPERIMENTAL-SCRIPTS",""
"","5000","orientation.orientation-test","","Thu Nov 07 00:33:43 GMT 2024","passed","Thu Nov 07 00:33:48 GMT 2024","","WHOLE-TESTS","WHOLE-TESTS",""
"","4000","transpiler.letlet","","Thu Nov 07 00:33:43 GMT 2024","passed","Thu Nov 07 00:33:47 GMT 2024","","WHOLE-TESTS","WHOLE-TESTS",""
"","2","TYPE-PROP.20","","Thu Nov 07 01:09:27 GMT 2024","passed","Thu Nov 07 01:09:27 GMT 2024","","CHECK-TYPES-TEMP","CHECK-TYPES-TEMP",""
"","2","INF-CTL-MONTH-BC-CONT-XP.04","","Thu Nov 07 01:17:45 GMT 2024","passed","Thu Nov 07 01:17:45 GMT 2024","","INFERENCE-CONTROL","INFERENCE-CONTROL",""
"","2","ADD-REMOVE-MATCH-INTEGER.12","","Thu Nov 07 00:50:40 GMT 2024","passed","Thu Nov 07 00:50:40 GMT 2024","","SPACES","SPACES",""
"","5000","transpiler.identity","","Thu Nov 07 00:33:43 GMT 2024","passed","Thu Nov 07 00:33:48 GMT 2024","","WHOLE-TESTS","WHOLE-TESTS",""
"","3","TEST-LIST-CONCATENATION.01","","Thu Nov 07 01:55:24 GMT 2024","passed","Thu Nov 07 01:55:24 GMT 2024","","BASIC","BASIC",""
"","39","IFC-XP.13","","Thu Nov 07 01:19:47 GMT 2024","failed","Thu Nov 07 01:19:47 GMT 2024","","ITERATIVE-CHAINING","ITERATIVE-CHAINING",""
"","3","FC-XP.03","","Thu Nov 07 01:16:31 GMT 2024","passed","Thu Nov 07 01:16:31 GMT 2024","","FORWARD-CHAINING","FORWARD-CHAINING",""
"","4","SEALED-TEST.05","","Thu Nov 07 00:35:23 GMT 2024","passed","Thu Nov 07 00:35:23 GMT 2024","","HYPERON-METTALOG-SANITY","HYPERON-METTALOG-SANITY",""
"","4000","anti-regression.mettalogTestCurried2","","Thu Nov 07 00:33:43 GMT 2024","passed","Thu Nov 07 00:33:47 GMT 2024","","WHOLE-TESTS","WHOLE-TESTS",""
"","10991","NILS-IF-CONTROL-TEST-2.03","","Thu Nov 07 02:01:42 GMT 2024","passed","Thu Nov 07 02:01:52 GMT 2024","","COMPARISONS","COMPARISONS",""
"","5000","spaces.add-remove-match-s-strings","","Thu Nov 07 00:33:43 GMT 2024","passed","Thu Nov 07 00:33:48 GMT 2024","","WHOLE-TESTS","WHOLE-TESTS",""
"","34","NATDTLTEST.04","","Thu Nov 07 01:16:36 GMT 2024","failed","Thu Nov 07 01:16:36 GMT 2024","","HOL","HOL",""
"","49","INF-CTL-MONTH-BC-CONT-XP.18","","Thu Nov 07 01:17:45 GMT 2024","failed","Thu Nov 07 01:17:45 GMT 2024","","INFERENCE-CONTROL","INFERENCE-CONTROL",""
"","5000","metta-morph_tests.sequential_nested","","Thu Nov 07 00:33:43 GMT 2024","passed","Thu Nov 07 00:33:48 GMT 2024","","WHOLE-TESTS","WHOLE-TESTS",""
"","3","INF-CTL-XP.04","","Thu Nov 07 01:17:45 GMT 2024","passed","Thu Nov 07 01:17:45 GMT 2024","","INFERENCE-CONTROL","INFERENCE-CONTROL",""
"","2","HYPERPOSING.01","","Thu Nov 07 01:55:24 GMT 2024","passed","Thu Nov 07 01:55:24 GMT 2024","","BASIC","BASIC",""
"","2","BCHAIN-COMP.04","","Thu Nov 07 01:46:51 GMT 2024","passed","Thu Nov 07 01:46:51 GMT 2024","","WALK-THRU","WALK-THRU",""
"","2","INF-CTL-MONTH-XP-SHORT-3.10","","Thu Nov 07 02:01:42 GMT 2024","passed","Thu Nov 07 02:01:42 GMT 2024","","COMPARISONS","COMPARISONS",""
"","4000","std.get-atoms-test","","Thu Nov 07 00:33:43 GMT 2024","passed","Thu Nov 07 00:33:47 GMT 2024","","WHOLE-TESTS","WHOLE-TESTS",""
"","3","HYPERON-EXPERIMENTAL-ISSUE-516-REDDUCED.01","","Thu Nov 07 01:50:06 GMT 2024","passed","Thu Nov 07 01:50:06 GMT 2024","","DEBUGGING","DEBUGGING",""
"","41","TYPE-PROP.67","","Thu Nov 07 01:09:27 GMT 2024","failed","Thu Nov 07 01:09:27 GMT 2024","","CHECK-TYPES-TEMP","CHECK-TYPES-TEMP",""
"","3","COMMA-IS-NOT-SPECIAL.01","","Thu Nov 07 01:46:51 GMT 2024","passed","Thu Nov 07 01:46:51 GMT 2024","","WALK-THRU","WALK-THRU",""
"","2","ADD-REMOVE-MATCH-INTEGER.19","","Thu Nov 07 00:50:40 GMT 2024","passed","Thu Nov 07 00:50:40 GMT 2024","","SPACES","SPACES",""
"","83","00-LANG-CASE.08","","Thu Nov 07 00:35:23 GMT 2024","passed","Thu Nov 07 00:35:23 GMT 2024","","HYPERON-METTALOG-SANITY","HYPERON-METTALOG-SANITY",""
"","1","TYPE-PROP.19","","Thu Nov 07 01:09:27 GMT 2024","passed","Thu Nov 07 01:09:27 GMT 2024","","CHECK-TYPES-TEMP","CHECK-TYPES-TEMP",""
"","84","INF-CTL-MONTH-XP.12","","Thu Nov 07 01:17:45 GMT 2024","failed","Thu Nov 07 01:17:45 GMT 2024","","INFERENCE-CONTROL","INFERENCE-CONTROL",""
"","2","PC-XP.06","","Thu Nov 07 01:22:32 GMT 2024","passed","Thu Nov 07 01:22:32 GMT 2024","","POLYWARD-CHAINING","POLYWARD-CHAINING",""
"","2","LISTTEST.09","","Thu Nov 07 01:13:50 GMT 2024","passed","Thu Nov 07 01:13:50 GMT 2024","","COMMON","COMMON",""
"","5000","hyperon-mettalog_sanity.02-curried-plus","","Thu Nov 07 00:33:43 GMT 2024","passed","Thu Nov 07 00:33:48 GMT 2024","","WHOLE-TESTS","WHOLE-TESTS",""
"","261","SHOW-TYPE.15","","Thu Nov 07 00:50:25 GMT 2024","failed","Thu Nov 07 00:50:25 GMT 2024","","INTROSPECT","INTROSPECT",""
"","2","MATCH-SUPERPOSED-SPACES.04","","Thu Nov 07 00:39:12 GMT 2024","passed","Thu Nov 07 00:39:12 GMT 2024","","METTA-MORPH-TESTS","METTA-MORPH-TESTS",""
"","2","NATSTANDALONETEST.01","","Thu Nov 07 01:16:36 GMT 2024","passed","Thu Nov 07 01:16:36 GMT 2024","","HOL","HOL",""
"","2","INF-CTL-MONTH-BC-CONT-XP.08","","Thu Nov 07 01:17:45 GMT 2024","passed","Thu Nov 07 01:17:45 GMT 2024","","INFERENCE-CONTROL","INFERENCE-CONTROL",""
"","2","HIGHER-ORDER-FUNCS.03","","Thu Nov 07 00:51:23 GMT 2024","passed","Thu Nov 07 00:51:23 GMT 2024","","STD","STD",""
"","3","B5-TYPES-PRELIM.07","","Thu Nov 07 00:33:48 GMT 2024","passed","Thu Nov 07 00:33:48 GMT 2024","","HYPERON-EXPERIMENTAL-SCRIPTS","HYPERON-EXPERIMENTAL-SCRIPTS",""
"","2","IFC-XP.37","","Thu Nov 07 01:19:47 GMT 2024","passed","Thu Nov 07 01:19:47 GMT 2024","","ITERATIVE-CHAINING","ITERATIVE-CHAINING",""
"","1","CHAPTER-1-1.14","","Thu Nov 07 00:52:57 GMT 2024","passed","Thu Nov 07 00:52:57 GMT 2024","","SICP-BOOK","SICP-BOOK",""
"","40000","basic.pathfinding-med-f","","Thu Nov 07 00:33:43 GMT 2024","failed","Thu Nov 07 00:34:23 GMT 2024","","WHOLE-TESTS","WHOLE-TESTS",""
"","2","D2-HIGHERFUNC.08","","Thu Nov 07 01:09:47 GMT 2024","passed","Thu Nov 07 01:09:47 GMT 2024","","CHECK-TYPES","CHECK-TYPES",""
"","4000","hyperon-mettalog_sanity.or_test","","Thu Nov 07 00:33:43 GMT 2024","passed","Thu Nov 07 00:33:47 GMT 2024","","WHOLE-TESTS","WHOLE-TESTS",""
"","2","C1-GROUNDED-BASIC.07","","Thu Nov 07 00:43:23 GMT 2024","passed","Thu Nov 07 00:43:23 GMT 2024","","QUICK","QUICK",""
"","2","BC-XP.19","","Thu Nov 07 01:13:41 GMT 2024","passed","Thu Nov 07 01:13:41 GMT 2024","","BACKWARD-CHAINING","BACKWARD-CHAINING",""
"","3","PLN-XP-LOCAL-V2.01","","Thu Nov 07 00:48:22 GMT 2024","passed","Thu Nov 07 00:48:22 GMT 2024","","CHAINING","CHAINING",""
"","2","BACKWARD-CHAINER-XP.41","","Thu Nov 07 01:13:36 GMT 2024","passed","Thu Nov 07 01:13:36 GMT 2024","","BACKWARD-CHAINER","BACKWARD-CHAINER",""
"","3","FORWARD-CHAINER-XP.29","","Thu Nov 07 01:16:20 GMT 2024","passed","Thu Nov 07 01:16:20 GMT 2024","","FORWARD-CHAINER","FORWARD-CHAINER",""
"","2","E3-MATCH-STATES.04","","Thu Nov 07 00:33:48 GMT 2024","passed","Thu Nov 07 00:33:48 GMT 2024","","HYPERON-EXPERIMENTAL-SCRIPTS","HYPERON-EXPERIMENTAL-SCRIPTS",""
"","2","STRING-TESTS.06","","Thu Nov 07 00:35:23 GMT 2024","passed","Thu Nov 07 00:35:23 GMT 2024","","HYPERON-METTALOG-SANITY","HYPERON-METTALOG-SANITY",""
"","2","B0-CHAINING-PRELIM.05","","Thu Nov 07 00:33:48 GMT 2024","passed","Thu Nov 07 00:33:48 GMT 2024","","HYPERON-EXPERIMENTAL-SCRIPTS","HYPERON-EXPERIMENTAL-SCRIPTS",""
"","2","ADD-REMOVE-MATCH-FLOAT.06","","Thu Nov 07 00:50:40 GMT 2024","passed","Thu Nov 07 00:50:40 GMT 2024","","SPACES","SPACES",""
"","17","IFC-XP.19","","Thu Nov 07 01:19:47 GMT 2024","failed","Thu Nov 07 01:19:47 GMT 2024","","ITERATIVE-CHAINING","ITERATIVE-CHAINING",""
"","79","STDLIB-METTALOG-TEST-PT2.72","","Thu Nov 07 00:52:48 GMT 2024","failed","Thu Nov 07 00:52:48 GMT 2024","","STDLIB-METTALOG","STDLIB-METTALOG",""
"","2","TYPE-PROP.01","","Thu Nov 07 01:09:27 GMT 2024","passed","Thu Nov 07 01:09:27 GMT 2024","","CHECK-TYPES-TEMP","CHECK-TYPES-TEMP",""
"","176","EXAMPLES-QUANTS.01","","Thu Nov 07 01:54:18 GMT 2024","failed","Thu Nov 07 01:54:18 GMT 2024","","POLYMORPHIC-TYPES","POLYMORPHIC-TYPES",""
"","21","NATSTANDALONETEST.11","","Thu Nov 07 01:16:36 GMT 2024","failed","Thu Nov 07 01:16:36 GMT 2024","","HOL","HOL",""
"","5000","hyperon-mettalog_sanity.unique_test","","Thu Nov 07 00:33:43 GMT 2024","passed","Thu Nov 07 00:33:48 GMT 2024","","WHOLE-TESTS","WHOLE-TESTS",""
"","1","QUERIES.04","","Thu Nov 07 01:06:05 GMT 2024","passed","Thu Nov 07 01:06:05 GMT 2024","","STRIPS-TO-METTA-IMPROVED","STRIPS-TO-METTA-IMPROVED",""
"","2","IFC-XP.31","","Thu Nov 07 01:19:47 GMT 2024","passed","Thu Nov 07 01:19:47 GMT 2024","","ITERATIVE-CHAINING","ITERATIVE-CHAINING",""
"","3","F1-IMPORTS.12","","Thu Nov 07 00:33:38 GMT 2024","passed","Thu Nov 07 00:33:38 GMT 2024","","MODULE-SYSTEM","MODULE-SYSTEM",""
"","2","FORWARD-CHAINER-TEST.04","","Thu Nov 07 01:16:20 GMT 2024","passed","Thu Nov 07 01:16:20 GMT 2024","","FORWARD-CHAINER","FORWARD-CHAINER",""
"","5","CHAPTER-1-3.05","","Thu Nov 07 00:52:57 GMT 2024","passed","Thu Nov 07 00:52:57 GMT 2024","","SICP-BOOK","SICP-BOOK",""
"","2","LISTTEST.13","","Thu Nov 07 01:13:50 GMT 2024","passed","Thu Nov 07 01:13:50 GMT 2024","","COMMON","COMMON",""
"","5000","metta-morph_tests.minnars","","Thu Nov 07 00:33:43 GMT 2024","passed","Thu Nov 07 00:33:48 GMT 2024","","WHOLE-TESTS","WHOLE-TESTS",""
"","2","INTERSECTION-TESTS.24","","Thu Nov 07 00:35:23 GMT 2024","passed","Thu Nov 07 00:35:23 GMT 2024","","HYPERON-METTALOG-SANITY","HYPERON-METTALOG-SANITY",""
"","2","ADD-REMOVE-MATCH-SYMBOLS.04","","Thu Nov 07 00:50:40 GMT 2024","passed","Thu Nov 07 00:50:40 GMT 2024","","SPACES","SPACES",""
"","48","STDLIB-METTALOG-TEST-PT2.25","","Thu Nov 07 00:52:48 GMT 2024","failed","Thu Nov 07 00:52:48 GMT 2024","","STDLIB-METTALOG","STDLIB-METTALOG",""
"","46000","nars_v0.tests3","","Thu Nov 07 00:33:43 GMT 2024","failed","Thu Nov 07 00:34:29 GMT 2024","","WHOLE-TESTS","WHOLE-TESTS",""
"","20","KB-WRITE.01","","Thu Nov 07 00:51:23 GMT 2024","failed","Thu Nov 07 00:51:23 GMT 2024","","STD","STD",""
"","2","TESTS0.02","","Thu Nov 07 01:37:35 GMT 2024","passed","Thu Nov 07 01:37:35 GMT 2024","","NEW","NEW",""
"","2","ADD-REMOVE-MATCH-STRINGS.02","","Thu Nov 07 00:50:40 GMT 2024","passed","Thu Nov 07 00:50:40 GMT 2024","","SPACES","SPACES",""
"","2","HYPERPOSING-UNSHARED.09","","Thu Nov 07 01:55:24 GMT 2024","passed","Thu Nov 07 01:55:24 GMT 2024","","BASIC","BASIC",""
"","81","ADD-REMOVE-MATCH-STRINGS.14","","Thu Nov 07 00:50:40 GMT 2024","failed","Thu Nov 07 00:50:40 GMT 2024","","SPACES","SPACES",""
"","2","TYPE-PROP.25","","Thu Nov 07 01:09:27 GMT 2024","passed","Thu Nov 07 01:09:27 GMT 2024","","CHECK-TYPES-TEMP","CHECK-TYPES-TEMP",""
"","2","LTE.07","","Thu Nov 07 00:51:23 GMT 2024","passed","Thu Nov 07 00:51:23 GMT 2024","","STD","STD",""
"","2","INTERSECTION-TESTS.16","","Thu Nov 07 00:35:23 GMT 2024","passed","Thu Nov 07 00:35:23 GMT 2024","","HYPERON-METTALOG-SANITY","HYPERON-METTALOG-SANITY",""
"","1","ADD-REMOVE-MATCH-INTEGER.26","","Thu Nov 07 00:50:40 GMT 2024","passed","Thu Nov 07 00:50:40 GMT 2024","","SPACES","SPACES",""
"","2","QUERIES.03","","Thu Nov 07 01:06:05 GMT 2024","passed","Thu Nov 07 01:06:05 GMT 2024","","STRIPS-TO-METTA-IMPROVED","STRIPS-TO-METTA-IMPROVED",""
"","4000","polyward-chaining.pc-xp","","Thu Nov 07 00:33:43 GMT 2024","passed","Thu Nov 07 00:33:47 GMT 2024","","WHOLE-TESTS","WHOLE-TESTS",""
"","2","ADD-REMOVE-MATCH-SS-SYMBOLS.01","","Thu Nov 07 00:50:40 GMT 2024","passed","Thu Nov 07 00:50:40 GMT 2024","","SPACES","SPACES",""
"","40000","SICP_book.chapter_1_3","","Thu Nov 07 00:33:43 GMT 2024","failed","Thu Nov 07 00:34:23 GMT 2024","","WHOLE-TESTS","WHOLE-TESTS",""
"","2","D2-HIGHERFUNC.27","","Thu Nov 07 00:33:48 GMT 2024","passed","Thu Nov 07 00:33:48 GMT 2024","","HYPERON-EXPERIMENTAL-SCRIPTS","HYPERON-EXPERIMENTAL-SCRIPTS",""
"","40000","basic.fibo-as-pred","","Thu Nov 07 00:33:43 GMT 2024","failed","Thu Nov 07 00:34:23 GMT 2024","","WHOLE-TESTS","WHOLE-TESTS",""
"","1","INF-CTL-MONTH-XP-SHORT-3.05","","Thu Nov 07 02:01:42 GMT 2024","passed","Thu Nov 07 02:01:42 GMT 2024","","COMPARISONS","COMPARISONS",""
"","2","BC-XP.02","","Thu Nov 07 00:48:22 GMT 2024","passed","Thu Nov 07 00:48:22 GMT 2024","","CHAINING","CHAINING",""
"","2","HYPERPOSING.02","","Thu Nov 07 01:55:24 GMT 2024","passed","Thu Nov 07 01:55:24 GMT 2024","","BASIC","BASIC",""
"","2","TMPMATCH1.04","","Thu Nov 07 01:46:51 GMT 2024","passed","Thu Nov 07 01:46:51 GMT 2024","","WALK-THRU","WALK-THRU",""
"","2","D1-GADT.10","","Thu Nov 07 01:09:47 GMT 2024","passed","Thu Nov 07 01:09:47 GMT 2024","","CHECK-TYPES","CHECK-TYPES",""
"","38","BACKWARD-CHAINER-XP.13","","Thu Nov 07 01:13:36 GMT 2024","failed","Thu Nov 07 01:13:36 GMT 2024","","BACKWARD-CHAINER","BACKWARD-CHAINER",""
"","107","INF-CTL-MONTH-BC-XP.02","","Thu Nov 07 01:17:45 GMT 2024","failed","Thu Nov 07 01:17:45 GMT 2024","","INFERENCE-CONTROL","INFERENCE-CONTROL",""
"","2","E3-MATCH-STATES.01","","Thu Nov 07 00:33:48 GMT 2024","passed","Thu Nov 07 00:33:48 GMT 2024","","HYPERON-EXPERIMENTAL-SCRIPTS","HYPERON-EXPERIMENTAL-SCRIPTS",""
"","4000","bidirectional_computation.send-more","","Thu Nov 07 00:33:43 GMT 2024","passed","Thu Nov 07 00:33:47 GMT 2024","","WHOLE-TESTS","WHOLE-TESTS",""
"","14","TEST-INFER-FUNCTION-APPLICATION-TYPE.05","","Thu Nov 07 01:55:24 GMT 2024","failed","Thu Nov 07 01:55:24 GMT 2024","","BASIC","BASIC",""
"","2","XOR-TEST.05","","Thu Nov 07 00:35:23 GMT 2024","passed","Thu Nov 07 00:35:23 GMT 2024","","HYPERON-METTALOG-SANITY","HYPERON-METTALOG-SANITY",""
"","5000","forward-chaining.fc-xp","","Thu Nov 07 00:33:43 GMT 2024","passed","Thu Nov 07 00:33:48 GMT 2024","","WHOLE-TESTS","WHOLE-TESTS",""
"","2","D4-TYPE-PROP.06","","Thu Nov 07 00:43:23 GMT 2024","passed","Thu Nov 07 00:43:23 GMT 2024","","QUICK","QUICK",""
"","2","B5-TYPES-PRELIM.17","","Thu Nov 07 01:09:27 GMT 2024","passed","Thu Nov 07 01:09:27 GMT 2024","","CHECK-TYPES-TEMP","CHECK-TYPES-TEMP",""
"","119","INTERSECTION-TESTS.21","","Thu Nov 07 00:35:23 GMT 2024","failed","Thu Nov 07 00:35:23 GMT 2024","","HYPERON-METTALOG-SANITY","HYPERON-METTALOG-SANITY",""
"","2","ADD-REMOVE-MATCH-MIX-FLOAT-INTEGER.16","","Thu Nov 07 00:50:40 GMT 2024","passed","Thu Nov 07 00:50:40 GMT 2024","","SPACES","SPACES",""
"","2","CHAPTER-1-1.03","","Thu Nov 07 00:52:57 GMT 2024","passed","Thu Nov 07 00:52:57 GMT 2024","","SICP-BOOK","SICP-BOOK",""
"","2","F1-IMPORTS.20","","Thu Nov 07 00:43:23 GMT 2024","passed","Thu Nov 07 00:43:23 GMT 2024","","QUICK","QUICK",""
"","4000","metta_to_amr.dep-types","","Thu Nov 07 00:33:43 GMT 2024","passed","Thu Nov 07 00:33:47 GMT 2024","","WHOLE-TESTS","WHOLE-TESTS",""
"","1","IBC-XP.21","","Thu Nov 07 01:19:47 GMT 2024","passed","Thu Nov 07 01:19:47 GMT 2024","","ITERATIVE-CHAINING","ITERATIVE-CHAINING",""
"","1","NILS-IF-CONTROL-TEST-2.02","","Thu Nov 07 02:01:42 GMT 2024","passed","Thu Nov 07 02:01:42 GMT 2024","","COMPARISONS","COMPARISONS",""
"","79","00-LANG-CASE.07","","Thu Nov 07 00:35:23 GMT 2024","passed","Thu Nov 07 00:35:23 GMT 2024","","HYPERON-METTALOG-SANITY","HYPERON-METTALOG-SANITY",""
"","3","F1-IMPORTS.01","","Thu Nov 07 00:43:23 GMT 2024","passed","Thu Nov 07 00:43:23 GMT 2024","","QUICK","QUICK",""
"","2","IBC-XP.17","","Thu Nov 07 01:19:47 GMT 2024","passed","Thu Nov 07 01:19:47 GMT 2024","","ITERATIVE-CHAINING","ITERATIVE-CHAINING",""
"","610","SELF-CONTAINED-SYNTHESIZE.01","","Thu Nov 07 01:24:23 GMT 2024","failed","Thu Nov 07 01:24:23 GMT 2024","","EXPERIMENTS","EXPERIMENTS",""
"","4","CHAPTER-1-2.01","","Thu Nov 07 00:52:57 GMT 2024","passed","Thu Nov 07 00:52:57 GMT 2024","","SICP-BOOK","SICP-BOOK",""
"","3","D1-GADT.11","","Thu Nov 07 01:09:47 GMT 2024","passed","Thu Nov 07 01:09:47 GMT 2024","","CHECK-TYPES","CHECK-TYPES",""
"","1","IBC-XP.30","","Thu Nov 07 01:19:47 GMT 2024","passed","Thu Nov 07 01:19:47 GMT 2024","","ITERATIVE-CHAINING","ITERATIVE-CHAINING",""
"","2","ADD-REMOVE-MATCH-MIX-FLOAT-INTEGER.06","","Thu Nov 07 00:50:40 GMT 2024","passed","Thu Nov 07 00:50:40 GMT 2024","","SPACES","SPACES",""
"","2","STRING-TESTS.07","","Thu Nov 07 00:35:23 GMT 2024","passed","Thu Nov 07 00:35:23 GMT 2024","","HYPERON-METTALOG-SANITY","HYPERON-METTALOG-SANITY",""
"","2","00-LANG-CASE.05","","Thu Nov 07 00:35:23 GMT 2024","passed","Thu Nov 07 00:35:23 GMT 2024","","HYPERON-METTALOG-SANITY","HYPERON-METTALOG-SANITY",""
"","2","ADD-REMOVE-MATCH-FLOAT.04","","Thu Nov 07 00:50:40 GMT 2024","passed","Thu Nov 07 00:50:40 GMT 2024","","SPACES","SPACES",""
"","2","FORWARD-CHAINER-XP.08","","Thu Nov 07 01:16:20 GMT 2024","passed","Thu Nov 07 01:16:20 GMT 2024","","FORWARD-CHAINER","FORWARD-CHAINER",""
"","392","TESTS0.06","","Thu Nov 07 00:39:12 GMT 2024","passed","Thu Nov 07 00:39:12 GMT 2024","","METTA-MORPH-TESTS","METTA-MORPH-TESTS",""
"","2","TESTS0.02","","Thu Nov 07 01:41:28 GMT 2024","passed","Thu Nov 07 01:41:28 GMT 2024","","PREV","PREV",""
"","3","ADD-REMOVE-MATCH-S-STRINGS.16","","Thu Nov 07 00:50:40 GMT 2024","passed","Thu Nov 07 00:50:40 GMT 2024","","SPACES","SPACES",""
"","2","ADD-REMOVE-MATCH-SS-STRINGS.05","","Thu Nov 07 00:50:40 GMT 2024","passed","Thu Nov 07 00:50:40 GMT 2024","","SPACES","SPACES",""
"","42","CHAPTER-1-1.21","","Thu Nov 07 00:52:57 GMT 2024","passed","Thu Nov 07 00:52:57 GMT 2024","","SICP-BOOK","SICP-BOOK",""
"","46000","new.tests3","","Thu Nov 07 00:33:43 GMT 2024","failed","Thu Nov 07 00:34:29 GMT 2024","","WHOLE-TESTS","WHOLE-TESTS",""
"","2","ORDEREDSETTEST.07","","Thu Nov 07 01:13:50 GMT 2024","passed","Thu Nov 07 01:13:50 GMT 2024","","COMMON","COMMON",""
"","3","D2-HIGHERFUNC.03","","Thu Nov 07 00:33:48 GMT 2024","passed","Thu Nov 07 00:33:48 GMT 2024","","HYPERON-EXPERIMENTAL-SCRIPTS","HYPERON-EXPERIMENTAL-SCRIPTS",""
"","4000","features.intersection_tests","","Thu Nov 07 00:33:43 GMT 2024","passed","Thu Nov 07 00:33:47 GMT 2024","","WHOLE-TESTS","WHOLE-TESTS",""
"","45","FC-XP.13","","Thu Nov 07 01:16:31 GMT 2024","failed","Thu Nov 07 01:16:31 GMT 2024","","FORWARD-CHAINING","FORWARD-CHAINING",""
"","132","CREATION.01","","Thu Nov 07 01:06:47 GMT 2024","failed","Thu Nov 07 01:06:47 GMT 2024","","TRAVERSER","TRAVERSER",""
"","1","CHAPTER-1-2.04","","Thu Nov 07 00:52:57 GMT 2024","passed","Thu Nov 07 00:52:57 GMT 2024","","SICP-BOOK","SICP-BOOK",""
"","2","TESTS0.06","","Thu Nov 07 00:43:52 GMT 2024","passed","Thu Nov 07 00:43:52 GMT 2024","","MAIN-BRANCH","MAIN-BRANCH",""
"","3","INTEST.01","","Thu Nov 07 01:13:50 GMT 2024","passed","Thu Nov 07 01:13:50 GMT 2024","","COMMON","COMMON",""
"","5000","debugging.hyperon_experimental_issue_500","","Thu Nov 07 00:33:43 GMT 2024","passed","Thu Nov 07 00:33:48 GMT 2024","","WHOLE-TESTS","WHOLE-TESTS",""
"","3","IF.01","","Thu Nov 07 00:39:12 GMT 2024","passed","Thu Nov 07 00:39:12 GMT 2024","","METTA-MORPH-TESTS","METTA-MORPH-TESTS",""
"","2","06-MATCH-IN-SPACE.06","","Thu Nov 07 00:35:23 GMT 2024","passed","Thu Nov 07 00:35:23 GMT 2024","","HYPERON-METTALOG-SANITY","HYPERON-METTALOG-SANITY",""
"","2","XOR-TEST.08","","Thu Nov 07 00:35:23 GMT 2024","passed","Thu Nov 07 00:35:23 GMT 2024","","HYPERON-METTALOG-SANITY","HYPERON-METTALOG-SANITY",""
"","2","KB-WRITE.03","","Thu Nov 07 00:51:23 GMT 2024","passed","Thu Nov 07 00:51:23 GMT 2024","","STD","STD",""
"","5000","metta-morph_tests.match_feval","","Thu Nov 07 00:33:43 GMT 2024","passed","Thu Nov 07 00:33:48 GMT 2024","","WHOLE-TESTS","WHOLE-TESTS",""
"","5000","hyperon-experimental_scripts.b5_types_prelim","","Thu Nov 07 00:33:43 GMT 2024","passed","Thu Nov 07 00:33:48 GMT 2024","","WHOLE-TESTS","WHOLE-TESTS",""
"","3","TESTS1.01","","Thu Nov 07 01:28:35 GMT 2024","passed","Thu Nov 07 01:28:35 GMT 2024","","CURRENT","CURRENT",""
"","2","TEST-IF-CLOSED.04","","Thu Nov 07 01:46:51 GMT 2024","passed","Thu Nov 07 01:46:51 GMT 2024","","WALK-THRU","WALK-THRU",""
"","66","IMPL-METTALOGTESTCURRIED.09","","Thu Nov 07 01:46:51 GMT 2024","passed","Thu Nov 07 01:46:51 GMT 2024","","WALK-THRU","WALK-THRU",""
"","2","CHAPTER-1-1.06","","Thu Nov 07 00:52:57 GMT 2024","passed","Thu Nov 07 00:52:57 GMT 2024","","SICP-BOOK","SICP-BOOK",""
"","158","SYNTHESIZE-VIA-UNIFY-TEST.02","","Thu Nov 07 01:24:23 GMT 2024","failed","Thu Nov 07 01:24:23 GMT 2024","","EXPERIMENTS","EXPERIMENTS",""
"","373","IOIOIOI-USING-EQUALITY.03","","Thu Nov 07 01:53:05 GMT 2024","failed","Thu Nov 07 01:53:05 GMT 2024","","MULTIDIRECTIONAL","MULTIDIRECTIONAL",""
"","52","APPEND-USING-EQUALITY.04","","Thu Nov 07 01:53:05 GMT 2024","failed","Thu Nov 07 01:53:05 GMT 2024","","MULTIDIRECTIONAL","MULTIDIRECTIONAL",""
"","2","CHAPTER-2-4.05","","Thu Nov 07 00:52:57 GMT 2024","passed","Thu Nov 07 00:52:57 GMT 2024","","SICP-BOOK","SICP-BOOK",""
"","2","IBC-XP.10","","Thu Nov 07 01:19:47 GMT 2024","passed","Thu Nov 07 01:19:47 GMT 2024","","ITERATIVE-CHAINING","ITERATIVE-CHAINING",""
"","5000","hyperon-experimental_scripts.f1_imports","","Thu Nov 07 00:33:43 GMT 2024","passed","Thu Nov 07 00:33:48 GMT 2024","","WHOLE-TESTS","WHOLE-TESTS",""
"","2","BC-XP.26","","Thu Nov 07 01:13:41 GMT 2024","passed","Thu Nov 07 01:13:41 GMT 2024","","BACKWARD-CHAINING","BACKWARD-CHAINING",""
"","4000","anti-regression.comma_is_not_special","","Thu Nov 07 00:33:43 GMT 2024","passed","Thu Nov 07 00:33:47 GMT 2024","","WHOLE-TESTS","WHOLE-TESTS",""
"","2","ADD-REMOVE-MATCH-SYMBOLS.05","","Thu Nov 07 00:50:40 GMT 2024","passed","Thu Nov 07 00:50:40 GMT 2024","","SPACES","SPACES",""
"","318","BASIC.04","","Thu Nov 07 01:06:47 GMT 2024","passed","Thu Nov 07 01:06:47 GMT 2024","","TRAVERSER","TRAVERSER",""
"","3","TYPES3.01","","Thu Nov 07 00:39:12 GMT 2024","passed","Thu Nov 07 00:39:12 GMT 2024","","METTA-MORPH-TESTS","METTA-MORPH-TESTS",""
"","2","F1-MODULEA.01","","Thu Nov 07 00:43:23 GMT 2024","passed","Thu Nov 07 00:43:23 GMT 2024","","QUICK","QUICK",""
"","1529","SYNTHESIZE-VIA-CASE-TEST.11","","Thu Nov 07 01:24:23 GMT 2024","failed","Thu Nov 07 01:24:24 GMT 2024","","EXPERIMENTS","EXPERIMENTS",""
"","2","SUPERCOLLAPSE.04","","Thu Nov 07 00:39:12 GMT 2024","passed","Thu Nov 07 00:39:12 GMT 2024","","METTA-MORPH-TESTS","METTA-MORPH-TESTS",""
"","6000","perfect-numbers.basic","","Thu Nov 07 00:33:43 GMT 2024","passed","Thu Nov 07 00:33:49 GMT 2024","","WHOLE-TESTS","WHOLE-TESTS",""
"","1","CHAPTER-1-1.15","","Thu Nov 07 00:52:57 GMT 2024","passed","Thu Nov 07 00:52:57 GMT 2024","","SICP-BOOK","SICP-BOOK",""
"","4","JOHN-CARRY-FLOWER-TEST.02","","Thu Nov 07 01:23:17 GMT 2024","passed","Thu Nov 07 01:23:17 GMT 2024","","JOHN-CARRY-FLOWER","JOHN-CARRY-FLOWER",""
"","2","IS-SPACE.03","","Thu Nov 07 00:35:23 GMT 2024","passed","Thu Nov 07 00:35:23 GMT 2024","","HYPERON-METTALOG-SANITY","HYPERON-METTALOG-SANITY",""
"","4000","check_types-temp.c1_grounded_basic","","Thu Nov 07 00:33:43 GMT 2024","passed","Thu Nov 07 00:33:47 GMT 2024","","WHOLE-TESTS","WHOLE-TESTS",""
"","2","E2-STATES.10","","Thu Nov 07 00:33:48 GMT 2024","passed","Thu Nov 07 00:33:48 GMT 2024","","HYPERON-EXPERIMENTAL-SCRIPTS","HYPERON-EXPERIMENTAL-SCRIPTS",""
"","2","IBC-XP.23","","Thu Nov 07 01:19:47 GMT 2024","passed","Thu Nov 07 01:19:47 GMT 2024","","ITERATIVE-CHAINING","ITERATIVE-CHAINING",""
"","2","NATPARITYTEST.02","","Thu Nov 07 01:16:36 GMT 2024","passed","Thu Nov 07 01:16:36 GMT 2024","","HOL","HOL",""
"","2","ADD-REMOVE-MATCH-STRINGS.15","","Thu Nov 07 00:50:40 GMT 2024","passed","Thu Nov 07 00:50:40 GMT 2024","","SPACES","SPACES",""
"","2","B5-TYPES-PRELIM.18","","Thu Nov 07 01:09:27 GMT 2024","passed","Thu Nov 07 01:09:27 GMT 2024","","CHECK-TYPES-TEMP","CHECK-TYPES-TEMP",""
"","2","CHAPTER-2-4.02","","Thu Nov 07 00:52:57 GMT 2024","passed","Thu Nov 07 00:52:57 GMT 2024","","SICP-BOOK","SICP-BOOK",""
"","2","BCHAIN-COMP.02","","Thu Nov 07 01:46:51 GMT 2024","passed","Thu Nov 07 01:46:51 GMT 2024","","WALK-THRU","WALK-THRU",""
"","50","D5-AUTO-TYPES.02","","Thu Nov 07 01:09:47 GMT 2024","failed","Thu Nov 07 01:09:47 GMT 2024","","CHECK-TYPES","CHECK-TYPES",""
"","47","D5-AUTO-TYPES.05","","Thu Nov 07 00:33:48 GMT 2024","failed","Thu Nov 07 00:33:48 GMT 2024","","HYPERON-EXPERIMENTAL-SCRIPTS","HYPERON-EXPERIMENTAL-SCRIPTS",""
"","2","ZEROARGS.02","","Thu Nov 07 00:39:12 GMT 2024","passed","Thu Nov 07 00:39:12 GMT 2024","","METTA-MORPH-TESTS","METTA-MORPH-TESTS",""
"","2","TYPE-PROP.43","","Thu Nov 07 01:09:27 GMT 2024","passed","Thu Nov 07 01:09:27 GMT 2024","","CHECK-TYPES-TEMP","CHECK-TYPES-TEMP",""
"","301","PROB-DEP-TYPES.08","","Thu Nov 07 01:01:34 GMT 2024","failed","Thu Nov 07 01:01:34 GMT 2024","","PROB-DEP-TYPES","PROB-DEP-TYPES",""
"","2","ADD-REMOVE-MATCH-S-SYMBOLS.16","","Thu Nov 07 00:50:40 GMT 2024","passed","Thu Nov 07 00:50:40 GMT 2024","","SPACES","SPACES",""
"","2","OR-TEST.16","","Thu Nov 07 00:35:23 GMT 2024","passed","Thu Nov 07 00:35:23 GMT 2024","","HYPERON-METTALOG-SANITY","HYPERON-METTALOG-SANITY",""
"","2","03-SORING-VIA-INSERT.03","","Thu Nov 07 00:35:23 GMT 2024","passed","Thu Nov 07 00:35:23 GMT 2024","","HYPERON-METTALOG-SANITY","HYPERON-METTALOG-SANITY",""
"","2","B5-TYPES-PRELIM.16","","Thu Nov 07 01:09:27 GMT 2024","passed","Thu Nov 07 01:09:27 GMT 2024","","CHECK-TYPES-TEMP","CHECK-TYPES-TEMP",""
"","3","D2-HIGHERFUNC.01","","Thu Nov 07 00:33:48 GMT 2024","passed","Thu Nov 07 00:33:48 GMT 2024","","HYPERON-EXPERIMENTAL-SCRIPTS","HYPERON-EXPERIMENTAL-SCRIPTS",""
"","2","F1-IMPORTS.15","","Thu Nov 07 00:33:38 GMT 2024","passed","Thu Nov 07 00:33:38 GMT 2024","","MODULE-SYSTEM","MODULE-SYSTEM",""
"","2","STDLIB-METTALOG-TEST-PT2.67","","Thu Nov 07 00:52:48 GMT 2024","passed","Thu Nov 07 00:52:48 GMT 2024","","STDLIB-METTALOG","STDLIB-METTALOG",""
"","97","INTERSECTION-TESTS.28","","Thu Nov 07 00:35:23 GMT 2024","failed","Thu Nov 07 00:35:23 GMT 2024","","HYPERON-METTALOG-SANITY","HYPERON-METTALOG-SANITY",""
"","3564","PROB-DEP-TYPES.16","","Thu Nov 07 01:01:34 GMT 2024","failed","Thu Nov 07 01:01:37 GMT 2024","","PROB-DEP-TYPES","PROB-DEP-TYPES",""
"","5000","metta-morph_tests.match_void","","Thu Nov 07 00:33:43 GMT 2024","passed","Thu Nov 07 00:33:48 GMT 2024","","WHOLE-TESTS","WHOLE-TESTS",""
"","1","METTALOGTESTCURRIED2.03","","Thu Nov 07 00:41:17 GMT 2024","passed","Thu Nov 07 00:41:17 GMT 2024","","ANTI-REGRESSION","ANTI-REGRESSION",""
"","2","TYPE-PROP.06","","Thu Nov 07 01:09:27 GMT 2024","passed","Thu Nov 07 01:09:27 GMT 2024","","CHECK-TYPES-TEMP","CHECK-TYPES-TEMP",""
"","1178","TESTS1-PRE.02","","Thu Nov 07 00:43:52 GMT 2024","failed","Thu Nov 07 00:43:53 GMT 2024","","MAIN-BRANCH","MAIN-BRANCH",""
"","2","ADD-REMOVE-MATCH-INTEGER.09","","Thu Nov 07 00:50:40 GMT 2024","passed","Thu Nov 07 00:50:40 GMT 2024","","SPACES","SPACES",""
"","2","D2-HIGHERFUNC.10","","Thu Nov 07 00:43:23 GMT 2024","passed","Thu Nov 07 00:43:23 GMT 2024","","QUICK","QUICK",""
"","7000","stdlib-mettalog.stdlib_mettalog_test_pt2","","Thu Nov 07 00:33:43 GMT 2024","passed","Thu Nov 07 00:33:50 GMT 2024","","WHOLE-TESTS","WHOLE-TESTS",""
"","2","B1-EQUAL-CHAIN.05","","Thu Nov 07 00:33:48 GMT 2024","passed","Thu Nov 07 00:33:48 GMT 2024","","HYPERON-EXPERIMENTAL-SCRIPTS","HYPERON-EXPERIMENTAL-SCRIPTS",""
"","2","ADD-REMOVE-MATCH-S-SYMBOLS.15","","Thu Nov 07 00:50:40 GMT 2024","passed","Thu Nov 07 00:50:40 GMT 2024","","SPACES","SPACES",""
"","4","NTE.01","","Thu Nov 07 00:59:36 GMT 2024","passed","Thu Nov 07 00:59:36 GMT 2024","","EDGES-TO-EDGES","EDGES-TO-EDGES",""
"","2","ADD-REMOVE-MATCH-SS-SYMBOLS.11","","Thu Nov 07 00:50:40 GMT 2024","passed","Thu Nov 07 00:50:40 GMT 2024","","SPACES","SPACES",""
"","1","HYPERPOSING-SHARED.08","","Thu Nov 07 01:55:24 GMT 2024","passed","Thu Nov 07 01:55:24 GMT 2024","","BASIC","BASIC",""
"","2","B0-CHAINING-PRELIM.04","","Thu Nov 07 00:33:48 GMT 2024","passed","Thu Nov 07 00:33:48 GMT 2024","","HYPERON-EXPERIMENTAL-SCRIPTS","HYPERON-EXPERIMENTAL-SCRIPTS",""
"","2","COMMA-IS-NOT-SPECIAL.01","","Thu Nov 07 00:41:17 GMT 2024","passed","Thu Nov 07 00:41:17 GMT 2024","","ANTI-REGRESSION","ANTI-REGRESSION",""
"","1","00-LANG-CASE.03","","Thu Nov 07 00:35:23 GMT 2024","passed","Thu Nov 07 00:35:23 GMT 2024","","HYPERON-METTALOG-SANITY","HYPERON-METTALOG-SANITY",""
"","7","SPACE-SUBTRACTION-TESTS.11","","Thu Nov 07 00:35:23 GMT 2024","passed","Thu Nov 07 00:35:23 GMT 2024","","HYPERON-METTALOG-SANITY","HYPERON-METTALOG-SANITY",""
"","1","HYPERPOSING.06","","Thu Nov 07 01:55:24 GMT 2024","passed","Thu Nov 07 01:55:24 GMT 2024","","BASIC","BASIC",""
"","1","D4-TYPE-PROP.12","","Thu Nov 07 00:33:48 GMT 2024","passed","Thu Nov 07 00:33:48 GMT 2024","","HYPERON-EXPERIMENTAL-SCRIPTS","HYPERON-EXPERIMENTAL-SCRIPTS",""
"","52","IOIOIOI-USING-EQUALITY.02","","Thu Nov 07 01:53:05 GMT 2024","failed","Thu Nov 07 01:53:05 GMT 2024","","MULTIDIRECTIONAL","MULTIDIRECTIONAL",""
"","5","FIRST-ANSWER.02","","Thu Nov 07 00:35:23 GMT 2024","passed","Thu Nov 07 00:35:23 GMT 2024","","HYPERON-METTALOG-SANITY","HYPERON-METTALOG-SANITY",""
"","2","STDLIB-METTALOG-TEST-PT2.52","","Thu Nov 07 00:52:48 GMT 2024","passed","Thu Nov 07 00:52:48 GMT 2024","","STDLIB-METTALOG","STDLIB-METTALOG",""
"","1","TYPE-PROP.14","","Thu Nov 07 01:09:27 GMT 2024","passed","Thu Nov 07 01:09:27 GMT 2024","","CHECK-TYPES-TEMP","CHECK-TYPES-TEMP",""
"","2","APPEND.05","","Thu Nov 07 01:53:05 GMT 2024","passed","Thu Nov 07 01:53:05 GMT 2024","","MULTIDIRECTIONAL","MULTIDIRECTIONAL",""
"","2","UNIFY-VIA-LET.07","","Thu Nov 07 01:24:23 GMT 2024","passed","Thu Nov 07 01:24:23 GMT 2024","","EXPERIMENTS","EXPERIMENTS",""
"","21","ORDEREDSETTEST.11","","Thu Nov 07 01:13:50 GMT 2024","passed","Thu Nov 07 01:13:50 GMT 2024","","COMMON","COMMON",""
"","4","OBIF-EASY.01","","Thu Nov 07 01:53:05 GMT 2024","passed","Thu Nov 07 01:53:05 GMT 2024","","MULTIDIRECTIONAL","MULTIDIRECTIONAL",""
"","5000","quick.d4_type_prop","","Thu Nov 07 00:33:43 GMT 2024","passed","Thu Nov 07 00:33:48 GMT 2024","","WHOLE-TESTS","WHOLE-TESTS",""
"","2","E2-STATES.04","","Thu Nov 07 00:33:48 GMT 2024","passed","Thu Nov 07 00:33:48 GMT 2024","","HYPERON-EXPERIMENTAL-SCRIPTS","HYPERON-EXPERIMENTAL-SCRIPTS",""
"","2","FORWARD-CHAINER-XP.17","","Thu Nov 07 01:16:20 GMT 2024","passed","Thu Nov 07 01:16:20 GMT 2024","","FORWARD-CHAINER","FORWARD-CHAINER",""
"","145","SYNTHESIZE-VIA-LET-TEST.09","","Thu Nov 07 01:24:23 GMT 2024","passed","Thu Nov 07 01:24:23 GMT 2024","","EXPERIMENTS","EXPERIMENTS",""
"","4","SPACE-SUBTRACTION-TESTS.04","","Thu Nov 07 00:35:23 GMT 2024","passed","Thu Nov 07 00:35:23 GMT 2024","","HYPERON-METTALOG-SANITY","HYPERON-METTALOG-SANITY",""
"","35","CHAPTER-1-1.18","","Thu Nov 07 00:52:57 GMT 2024","passed","Thu Nov 07 00:52:57 GMT 2024","","SICP-BOOK","SICP-BOOK",""
"","4000","hyperon-mettalog_sanity.is_space","","Thu Nov 07 00:33:43 GMT 2024","passed","Thu Nov 07 00:33:47 GMT 2024","","WHOLE-TESTS","WHOLE-TESTS",""
"","3","KEY-LOOKUPS-MANY.06","","Thu Nov 07 01:55:24 GMT 2024","passed","Thu Nov 07 01:55:24 GMT 2024","","BASIC","BASIC",""
"","80","TESTS0.01","","Thu Nov 07 01:28:35 GMT 2024","failed","Thu Nov 07 01:28:35 GMT 2024","","CURRENT","CURRENT",""
"","1","DEBUG-METTALOGTESTCURRIED.10","","Thu Nov 07 01:46:51 GMT 2024","passed","Thu Nov 07 01:46:51 GMT 2024","","WALK-THRU","WALK-THRU",""
"","169","IOIOIOI-USING-EQUALITY.01","","Thu Nov 07 01:53:05 GMT 2024","failed","Thu Nov 07 01:53:05 GMT 2024","","MULTIDIRECTIONAL","MULTIDIRECTIONAL",""
"","2","TIME-SYNTHESIZE-SHORT.03","","Thu Nov 07 00:37:04 GMT 2024","passed","Thu Nov 07 00:37:04 GMT 2024","","SYNTH-BUFFER","SYNTH-BUFFER",""
"","24","INF-CTL-XP.17","","Thu Nov 07 01:17:45 GMT 2024","failed","Thu Nov 07 01:17:45 GMT 2024","","INFERENCE-CONTROL","INFERENCE-CONTROL",""
"","2","C2-SPACES.02","","Thu Nov 07 00:33:48 GMT 2024","passed","Thu Nov 07 00:33:48 GMT 2024","","HYPERON-EXPERIMENTAL-SCRIPTS","HYPERON-EXPERIMENTAL-SCRIPTS",""
"","60","INF-CTL-MONTH-XP-SHORT-3.15","","Thu Nov 07 02:01:42 GMT 2024","failed","Thu Nov 07 02:01:42 GMT 2024","","COMPARISONS","COMPARISONS",""
"","2","LISTTEST.18","","Thu Nov 07 01:13:50 GMT 2024","passed","Thu Nov 07 01:13:50 GMT 2024","","COMMON","COMMON",""
"","1","HYPERPOSING-UNSHARED.06","","Thu Nov 07 01:55:24 GMT 2024","passed","Thu Nov 07 01:55:24 GMT 2024","","BASIC","BASIC",""
"","4000","synthesis.UnifyTest","","Thu Nov 07 00:33:43 GMT 2024","passed","Thu Nov 07 00:33:47 GMT 2024","","WHOLE-TESTS","WHOLE-TESTS",""
"","2","ADD-REMOVE-MATCH-INTEGER.43","","Thu Nov 07 00:50:40 GMT 2024","passed","Thu Nov 07 00:50:40 GMT 2024","","SPACES","SPACES",""
"","1118","TRAINING.02","","Thu Nov 07 02:07:54 GMT 2024","passed","Thu Nov 07 02:07:55 GMT 2024","","LANGUAGE-MODELS","LANGUAGE-MODELS",""
"","2","F1-IMPORTS.14","","Thu Nov 07 00:33:48 GMT 2024","passed","Thu Nov 07 00:33:48 GMT 2024","","HYPERON-EXPERIMENTAL-SCRIPTS","HYPERON-EXPERIMENTAL-SCRIPTS",""
"","134","STDLIB-METTALOG-TEST-PT2.48","","Thu Nov 07 00:52:48 GMT 2024","failed","Thu Nov 07 00:52:48 GMT 2024","","STDLIB-METTALOG","STDLIB-METTALOG",""
"","40","FORWARD-CHAINER-XP.28","","Thu Nov 07 01:16:20 GMT 2024","failed","Thu Nov 07 01:16:20 GMT 2024","","FORWARD-CHAINER","FORWARD-CHAINER",""
"","211","SYNTHESIZE-VIA-UNIFY-TEST.03","","Thu Nov 07 01:24:23 GMT 2024","failed","Thu Nov 07 01:24:23 GMT 2024","","EXPERIMENTS","EXPERIMENTS",""
"","2","D4-TYPE-PROP.13","","Thu Nov 07 00:33:48 GMT 2024","passed","Thu Nov 07 00:33:48 GMT 2024","","HYPERON-EXPERIMENTAL-SCRIPTS","HYPERON-EXPERIMENTAL-SCRIPTS",""
"","2","FC-XP.11","","Thu Nov 07 01:16:31 GMT 2024","passed","Thu Nov 07 01:16:31 GMT 2024","","FORWARD-CHAINING","FORWARD-CHAINING",""
"","2","TESTS5.06","","Thu Nov 07 00:43:52 GMT 2024","passed","Thu Nov 07 00:43:52 GMT 2024","","MAIN-BRANCH","MAIN-BRANCH",""
"","2","HYPERPOSING-SHARED.09","","Thu Nov 07 01:55:24 GMT 2024","passed","Thu Nov 07 01:55:24 GMT 2024","","BASIC","BASIC",""
"","2","BC-XP.27","","Thu Nov 07 01:13:41 GMT 2024","passed","Thu Nov 07 01:13:41 GMT 2024","","BACKWARD-CHAINING","BACKWARD-CHAINING",""
"","2","C3-PLN-STV.03","","Thu Nov 07 00:33:48 GMT 2024","passed","Thu Nov 07 00:33:48 GMT 2024","","HYPERON-EXPERIMENTAL-SCRIPTS","HYPERON-EXPERIMENTAL-SCRIPTS",""
"","2","D2-HIGHERFUNC.24","","Thu Nov 07 00:43:23 GMT 2024","passed","Thu Nov 07 00:43:23 GMT 2024","","QUICK","QUICK",""
"","1464","TESTS4.02","","Thu Nov 07 00:43:52 GMT 2024","failed","Thu Nov 07 00:43:53 GMT 2024","","MAIN-BRANCH","MAIN-BRANCH",""
"","3","ORIENTATION-TEST.01","","Thu Nov 07 01:23:31 GMT 2024","passed","Thu Nov 07 01:23:31 GMT 2024","","ORIENTATION","ORIENTATION",""
"","3","OBIF.02","","Thu Nov 07 01:53:05 GMT 2024","passed","Thu Nov 07 01:53:05 GMT 2024","","MULTIDIRECTIONAL","MULTIDIRECTIONAL",""
"","465","PROB-DEP-TYPES.09","","Thu Nov 07 01:01:34 GMT 2024","failed","Thu Nov 07 01:01:34 GMT 2024","","PROB-DEP-TYPES","PROB-DEP-TYPES",""
"","25","CHAPTER-1-3.01","","Thu Nov 07 00:52:57 GMT 2024","passed","Thu Nov 07 00:52:57 GMT 2024","","SICP-BOOK","SICP-BOOK",""
"","2","E3-MATCH-STATES.02","","Thu Nov 07 00:33:48 GMT 2024","passed","Thu Nov 07 00:33:48 GMT 2024","","HYPERON-EXPERIMENTAL-SCRIPTS","HYPERON-EXPERIMENTAL-SCRIPTS",""
"","2","00A-LANG-COMPILED-CASE.04","","Thu Nov 07 01:45:24 GMT 2024","passed","Thu Nov 07 01:45:24 GMT 2024","","DIRECT-COMP","DIRECT-COMP",""
"","3","E2-STATES.12","","Thu Nov 07 01:09:47 GMT 2024","passed","Thu Nov 07 01:09:47 GMT 2024","","CHECK-TYPES","CHECK-TYPES",""
"","62","STDLIB-METTALOG-TEST-PT2.10","","Thu Nov 07 00:52:48 GMT 2024","failed","Thu Nov 07 00:52:48 GMT 2024","","STDLIB-METTALOG","STDLIB-METTALOG",""
"","3","F1-MODULEA.02","","Thu Nov 07 00:33:48 GMT 2024","passed","Thu Nov 07 00:33:48 GMT 2024","","HYPERON-EXPERIMENTAL-SCRIPTS","HYPERON-EXPERIMENTAL-SCRIPTS",""
"","128","SYNTHESIZE-VIA-UNIFY-TEST.11","","Thu Nov 07 01:24:23 GMT 2024","failed","Thu Nov 07 01:24:23 GMT 2024","","EXPERIMENTS","EXPERIMENTS",""
"","29","INF-CTL-MONTH-XP-SHORT-6.01","","Thu Nov 07 02:01:42 GMT 2024","failed","Thu Nov 07 02:01:42 GMT 2024","","COMPARISONS","COMPARISONS",""
"","46","DEFINE-IF-LIKE.01","","Thu Nov 07 01:45:24 GMT 2024","failed","Thu Nov 07 01:45:24 GMT 2024","","DIRECT-COMP","DIRECT-COMP",""
"","2","LISTTEST.02","","Thu Nov 07 01:13:50 GMT 2024","passed","Thu Nov 07 01:13:50 GMT 2024","","COMMON","COMMON",""
"","2","C1-GROUNDED-BASIC.13","","Thu Nov 07 00:33:48 GMT 2024","passed","Thu Nov 07 00:33:48 GMT 2024","","HYPERON-EXPERIMENTAL-SCRIPTS","HYPERON-EXPERIMENTAL-SCRIPTS",""
"","5000","walk_thru.bchain","","Thu Nov 07 00:33:43 GMT 2024","passed","Thu Nov 07 00:33:48 GMT 2024","","WHOLE-TESTS","WHOLE-TESTS",""
"","125","NATTEST.03","","Thu Nov 07 01:16:36 GMT 2024","failed","Thu Nov 07 01:16:36 GMT 2024","","HOL","HOL",""
"","2","B5-TYPES-PRELIM.23","","Thu Nov 07 00:33:48 GMT 2024","passed","Thu Nov 07 00:33:48 GMT 2024","","HYPERON-EXPERIMENTAL-SCRIPTS","HYPERON-EXPERIMENTAL-SCRIPTS",""
"","2","INTERSECTION-TESTS.19","","Thu Nov 07 00:35:23 GMT 2024","passed","Thu Nov 07 00:35:23 GMT 2024","","HYPERON-METTALOG-SANITY","HYPERON-METTALOG-SANITY",""
"","3","SPACE-INTERSECTION-TESTS.18","","Thu Nov 07 00:35:23 GMT 2024","passed","Thu Nov 07 00:35:23 GMT 2024","","HYPERON-METTALOG-SANITY","HYPERON-METTALOG-SANITY",""
"","2","BACKWARD-CHAINER-XP.02","","Thu Nov 07 01:13:36 GMT 2024","passed","Thu Nov 07 01:13:36 GMT 2024","","BACKWARD-CHAINER","BACKWARD-CHAINER",""
"","114","ADD-REMOVE-MATCH-S-STRINGS.14","","Thu Nov 07 00:50:40 GMT 2024","passed","Thu Nov 07 00:50:40 GMT 2024","","SPACES","SPACES",""
"","12","D2-HIGHERFUNC.20","","Thu Nov 07 01:09:47 GMT 2024","passed","Thu Nov 07 01:09:47 GMT 2024","","CHECK-TYPES","CHECK-TYPES",""
"","2","INTERSECTION-TESTS.08","","Thu Nov 07 00:35:23 GMT 2024","passed","Thu Nov 07 00:35:23 GMT 2024","","HYPERON-METTALOG-SANITY","HYPERON-METTALOG-SANITY",""
"","4000","hyperon-mettalog_sanity.structure-tests","","Thu Nov 07 00:33:43 GMT 2024","passed","Thu Nov 07 00:33:47 GMT 2024","","WHOLE-TESTS","WHOLE-TESTS",""
"","3","SPACE-INTERSECTION-TESTS.13","","Thu Nov 07 00:35:23 GMT 2024","passed","Thu Nov 07 00:35:23 GMT 2024","","HYPERON-METTALOG-SANITY","HYPERON-METTALOG-SANITY",""
"","8000","dependent-types.MinerCurriedDTLTest","","Thu Nov 07 00:33:43 GMT 2024","passed","Thu Nov 07 00:33:51 GMT 2024","","WHOLE-TESTS","WHOLE-TESTS",""
"","3","C3-PLN-STV.01","","Thu Nov 07 00:33:48 GMT 2024","passed","Thu Nov 07 00:33:48 GMT 2024","","HYPERON-EXPERIMENTAL-SCRIPTS","HYPERON-EXPERIMENTAL-SCRIPTS",""
"","2","SPACE-SUBTRACTION-TESTS.03","","Thu Nov 07 00:35:23 GMT 2024","passed","Thu Nov 07 00:35:23 GMT 2024","","HYPERON-METTALOG-SANITY","HYPERON-METTALOG-SANITY",""
"","1","INTERSECTION-TESTS.12","","Thu Nov 07 00:35:23 GMT 2024","passed","Thu Nov 07 00:35:23 GMT 2024","","HYPERON-METTALOG-SANITY","HYPERON-METTALOG-SANITY",""
"","1","ADD-REMOVE-MATCH-S-SYMBOLS.12","","Thu Nov 07 00:50:40 GMT 2024","passed","Thu Nov 07 00:50:40 GMT 2024","","SPACES","SPACES",""
"","41000","parallelism.builtins","","Thu Nov 07 00:33:43 GMT 2024","failed","Thu Nov 07 00:34:24 GMT 2024","","WHOLE-TESTS","WHOLE-TESTS",""
"","171","DEDUCTIONMATCHTEST.01","","Thu Nov 07 01:20:06 GMT 2024","failed","Thu Nov 07 01:20:06 GMT 2024","","MATCH","MATCH",""
"","60","STDLIB-METTALOG-TEST-PT2.57","","Thu Nov 07 00:52:48 GMT 2024","failed","Thu Nov 07 00:52:48 GMT 2024","","STDLIB-METTALOG","STDLIB-METTALOG",""
"","156","INF-ORDER-PROBS.01","","Thu Nov 07 01:01:34 GMT 2024","passed","Thu Nov 07 01:01:34 GMT 2024","","PROB-DEP-TYPES","PROB-DEP-TYPES",""
"","1","D1-GADT.02","","Thu Nov 07 00:43:23 GMT 2024","passed","Thu Nov 07 00:43:23 GMT 2024","","QUICK","QUICK",""
"","2","ADD-REMOVE-MATCH-FLOAT.10","","Thu Nov 07 00:50:40 GMT 2024","passed","Thu Nov 07 00:50:40 GMT 2024","","SPACES","SPACES",""
"","3","EVIDENTIALTRUTHVALUETEST.01","","Thu Nov 07 01:14:17 GMT 2024","passed","Thu Nov 07 01:14:17 GMT 2024","","TRUTHVALUE","TRUTHVALUE",""
"","61","UNIFY-VIA-CASE.04","","Thu Nov 07 01:24:23 GMT 2024","failed","Thu Nov 07 01:24:23 GMT 2024","","EXPERIMENTS","EXPERIMENTS",""
"","2","BC-XP.01","","Thu Nov 07 01:13:41 GMT 2024","passed","Thu Nov 07 01:13:41 GMT 2024","","BACKWARD-CHAINING","BACKWARD-CHAINING",""
"","2","C2-SPACES.05","","Thu Nov 07 00:33:38 GMT 2024","passed","Thu Nov 07 00:33:38 GMT 2024","","MODULE-SYSTEM","MODULE-SYSTEM",""
"","5000","aunt-kg.simple_conversion","","Thu Nov 07 00:33:43 GMT 2024","passed","Thu Nov 07 00:33:48 GMT 2024","","WHOLE-TESTS","WHOLE-TESTS",""
"","40000","main-branch.tests4","","Thu Nov 07 00:33:43 GMT 2024","failed","Thu Nov 07 00:34:23 GMT 2024","","WHOLE-TESTS","WHOLE-TESTS",""
"","47","OBIF-CLP.02","","Thu Nov 07 01:53:05 GMT 2024","failed","Thu Nov 07 01:53:05 GMT 2024","","MULTIDIRECTIONAL","MULTIDIRECTIONAL",""
"","2","BCHAIN.05","","Thu Nov 07 00:41:17 GMT 2024","passed","Thu Nov 07 00:41:17 GMT 2024","","ANTI-REGRESSION","ANTI-REGRESSION",""
"","4","OR-TEST.07","","Thu Nov 07 00:35:23 GMT 2024","passed","Thu Nov 07 00:35:23 GMT 2024","","HYPERON-METTALOG-SANITY","HYPERON-METTALOG-SANITY",""
"","2","TYPE-PROP.42","","Thu Nov 07 01:09:27 GMT 2024","passed","Thu Nov 07 01:09:27 GMT 2024","","CHECK-TYPES-TEMP","CHECK-TYPES-TEMP",""
"","2","LISTTEST.05","","Thu Nov 07 01:13:50 GMT 2024","passed","Thu Nov 07 01:13:50 GMT 2024","","COMMON","COMMON",""
"","1","QUERIES.16","","Thu Nov 07 01:06:05 GMT 2024","passed","Thu Nov 07 01:06:05 GMT 2024","","STRIPS-TO-METTA-IMPROVED","STRIPS-TO-METTA-IMPROVED",""
"","2","D2-HIGHERFUNC.14","","Thu Nov 07 00:43:23 GMT 2024","passed","Thu Nov 07 00:43:23 GMT 2024","","QUICK","QUICK",""
"","4000","multidirectional.ioioioi","","Thu Nov 07 00:33:43 GMT 2024","passed","Thu Nov 07 00:33:47 GMT 2024","","WHOLE-TESTS","WHOLE-TESTS",""
"","2","STATE-TYPES.05","","Thu Nov 07 01:55:24 GMT 2024","passed","Thu Nov 07 01:55:24 GMT 2024","","BASIC","BASIC",""
"","2","C1-GROUNDED-BASIC.10","","Thu Nov 07 00:43:23 GMT 2024","passed","Thu Nov 07 00:43:23 GMT 2024","","QUICK","QUICK",""
"","2","METTALOGTESTCURRIED2.06","","Thu Nov 07 01:46:51 GMT 2024","passed","Thu Nov 07 01:46:51 GMT 2024","","WALK-THRU","WALK-THRU",""
"","6","STRING-TESTS.11","","Thu Nov 07 00:35:23 GMT 2024","passed","Thu Nov 07 00:35:23 GMT 2024","","HYPERON-METTALOG-SANITY","HYPERON-METTALOG-SANITY",""
"","2","UTILS-TEST.04","","Thu Nov 07 01:13:32 GMT 2024","passed","Thu Nov 07 01:13:32 GMT 2024","","UTILS","UTILS",""
"","2","INF-CTL-XP.05","","Thu Nov 07 01:17:45 GMT 2024","passed","Thu Nov 07 01:17:45 GMT 2024","","INFERENCE-CONTROL","INFERENCE-CONTROL",""
"","2","B5-TYPES-PRELIM.07","","Thu Nov 07 01:09:27 GMT 2024","passed","Thu Nov 07 01:09:27 GMT 2024","","CHECK-TYPES-TEMP","CHECK-TYPES-TEMP",""
"","1","HYPERPOSING-SHARED.03","","Thu Nov 07 01:55:24 GMT 2024","passed","Thu Nov 07 01:55:24 GMT 2024","","BASIC","BASIC",""
"","60","STDLIB-METTALOG-TEST-PT2.73","","Thu Nov 07 00:52:48 GMT 2024","failed","Thu Nov 07 00:52:48 GMT 2024","","STDLIB-METTALOG","STDLIB-METTALOG",""
"","2","DEDUCTIONIMPLICATIONDIRECTINTRODUCTIONDTLTEST.01","","Thu Nov 07 01:12:29 GMT 2024","passed","Thu Nov 07 01:12:29 GMT 2024","","DEPENDENT-TYPES","DEPENDENT-TYPES",""
"","4","SEALED-TEST.07","","Thu Nov 07 00:35:23 GMT 2024","passed","Thu Nov 07 00:35:23 GMT 2024","","HYPERON-METTALOG-SANITY","HYPERON-METTALOG-SANITY",""
"","2","03-SORING-VIA-INSERT.02","","Thu Nov 07 00:35:23 GMT 2024","passed","Thu Nov 07 00:35:23 GMT 2024","","HYPERON-METTALOG-SANITY","HYPERON-METTALOG-SANITY",""
"","1","MATCH-VOID.08","","Thu Nov 07 00:39:12 GMT 2024","passed","Thu Nov 07 00:39:12 GMT 2024","","METTA-MORPH-TESTS","METTA-MORPH-TESTS",""
"","5000","main-branch.tests0","","Thu Nov 07 00:33:43 GMT 2024","passed","Thu Nov 07 00:33:48 GMT 2024","","WHOLE-TESTS","WHOLE-TESTS",""
"","133","TESTS0.04","","Thu Nov 07 00:43:52 GMT 2024","passed","Thu Nov 07 00:43:52 GMT 2024","","MAIN-BRANCH","MAIN-BRANCH",""
"","14","MATCH-VOID.11","","Thu Nov 07 00:39:12 GMT 2024","passed","Thu Nov 07 00:39:12 GMT 2024","","METTA-MORPH-TESTS","METTA-MORPH-TESTS",""
"","3","UNIFY-VIA-CASE.01","","Thu Nov 07 01:24:23 GMT 2024","passed","Thu Nov 07 01:24:23 GMT 2024","","EXPERIMENTS","EXPERIMENTS",""
"","9636","CLASSICAL.01","","Thu Nov 07 00:59:51 GMT 2024","passed","Thu Nov 07 01:00:00 GMT 2024","","FIZZBUZZ","FIZZBUZZ",""
"","2","SUPPORTRULEEXP.02","","Thu Nov 07 01:12:29 GMT 2024","passed","Thu Nov 07 01:12:29 GMT 2024","","DEPENDENT-TYPES","DEPENDENT-TYPES",""
"","2","TYPE-PROP.09","","Thu Nov 07 01:09:27 GMT 2024","passed","Thu Nov 07 01:09:27 GMT 2024","","CHECK-TYPES-TEMP","CHECK-TYPES-TEMP",""
"","2","NATPARITYTEST.09","","Thu Nov 07 01:16:36 GMT 2024","passed","Thu Nov 07 01:16:36 GMT 2024","","HOL","HOL",""
"","2","ADD-REMOVE-MATCH-SS-SYMBOLS.03","","Thu Nov 07 00:50:40 GMT 2024","passed","Thu Nov 07 00:50:40 GMT 2024","","SPACES","SPACES",""
"","4000","hyperon-mettalog_sanity.base_test_repr_parse_intersection","","Thu Nov 07 00:33:43 GMT 2024","passed","Thu Nov 07 00:33:47 GMT 2024","","WHOLE-TESTS","WHOLE-TESTS",""
"","88","SHOW-TYPE.12","","Thu Nov 07 00:50:25 GMT 2024","failed","Thu Nov 07 00:50:25 GMT 2024","","INTROSPECT","INTROSPECT",""
"","4000","synth_buffer.time_synthesize_short","","Thu Nov 07 00:33:43 GMT 2024","passed","Thu Nov 07 00:33:47 GMT 2024","","WHOLE-TESTS","WHOLE-TESTS",""
"","2","QUERIES.13","","Thu Nov 07 01:06:05 GMT 2024","passed","Thu Nov 07 01:06:05 GMT 2024","","STRIPS-TO-METTA-IMPROVED","STRIPS-TO-METTA-IMPROVED",""
"","3","BC-XP.23","","Thu Nov 07 01:13:41 GMT 2024","passed","Thu Nov 07 01:13:41 GMT 2024","","BACKWARD-CHAINING","BACKWARD-CHAINING",""
"","1","KEY-LOOKUPS-MANY.08","","Thu Nov 07 01:55:24 GMT 2024","passed","Thu Nov 07 01:55:24 GMT 2024","","BASIC","BASIC",""
"","5000","forward-chainer.forward-chainer-test","","Thu Nov 07 00:33:43 GMT 2024","passed","Thu Nov 07 00:33:48 GMT 2024","","WHOLE-TESTS","WHOLE-TESTS",""
"","43","FORWARD-CHAINER-TEST.13","","Thu Nov 07 01:16:20 GMT 2024","failed","Thu Nov 07 01:16:20 GMT 2024","","FORWARD-CHAINER","FORWARD-CHAINER",""
"","145","JOHN-CARRY-FLOWER-TEST.03","","Thu Nov 07 01:23:17 GMT 2024","passed","Thu Nov 07 01:23:17 GMT 2024","","JOHN-CARRY-FLOWER","JOHN-CARRY-FLOWER",""
"","58","B5-TYPES-PRELIM.15","","Thu Nov 07 01:09:27 GMT 2024","failed","Thu Nov 07 01:09:27 GMT 2024","","CHECK-TYPES-TEMP","CHECK-TYPES-TEMP",""
"","4000","hyperon-experimental_scripts.d1_gadt","","Thu Nov 07 00:33:43 GMT 2024","passed","Thu Nov 07 00:33:47 GMT 2024","","WHOLE-TESTS","WHOLE-TESTS",""
"","41000","basic.coins","","Thu Nov 07 00:33:43 GMT 2024","failed","Thu Nov 07 00:34:24 GMT 2024","","WHOLE-TESTS","WHOLE-TESTS",""
"","3","TESTS0.02","","Thu Nov 07 00:39:12 GMT 2024","passed","Thu Nov 07 00:39:12 GMT 2024","","METTA-MORPH-TESTS","METTA-MORPH-TESTS",""
"","2","BC-XP.12","","Thu Nov 07 01:13:41 GMT 2024","passed","Thu Nov 07 01:13:41 GMT 2024","","BACKWARD-CHAINING","BACKWARD-CHAINING",""
"","2","STDLIB-METTALOG-TEST-PT2.64","","Thu Nov 07 00:52:48 GMT 2024","passed","Thu Nov 07 00:52:48 GMT 2024","","STDLIB-METTALOG","STDLIB-METTALOG",""
"","3","HYPERPOSE.09","","Thu Nov 07 00:39:12 GMT 2024","passed","Thu Nov 07 00:39:12 GMT 2024","","METTA-MORPH-TESTS","METTA-MORPH-TESTS",""
"","3","SPACE-INTERSECTION-TESTS.06","","Thu Nov 07 00:35:23 GMT 2024","passed","Thu Nov 07 00:35:23 GMT 2024","","HYPERON-METTALOG-SANITY","HYPERON-METTALOG-SANITY",""
"","2","SUPERCOLLAPSE.05","","Thu Nov 07 00:39:12 GMT 2024","passed","Thu Nov 07 00:39:12 GMT 2024","","METTA-MORPH-TESTS","METTA-MORPH-TESTS",""
"","1","HYPERPOSING.03","","Thu Nov 07 01:55:24 GMT 2024","passed","Thu Nov 07 01:55:24 GMT 2024","","BASIC","BASIC",""
"","3","BC-XP.14","","Thu Nov 07 01:13:41 GMT 2024","passed","Thu Nov 07 01:13:41 GMT 2024","","BACKWARD-CHAINING","BACKWARD-CHAINING",""
"","2","C1-GROUNDED-BASIC.09","","Thu Nov 07 00:33:48 GMT 2024","passed","Thu Nov 07 00:33:48 GMT 2024","","HYPERON-EXPERIMENTAL-SCRIPTS","HYPERON-EXPERIMENTAL-SCRIPTS",""
"","4000","iterators.lazy_test","","Thu Nov 07 00:33:43 GMT 2024","passed","Thu Nov 07 00:33:47 GMT 2024","","WHOLE-TESTS","WHOLE-TESTS",""
