"DESCRIPTION","DURATION IN MS","NAME","PARENT SUITE","START TIME","STATUS","STOP TIME","SUB SUITE","SUITE","TEST CLASS","TEST METHOD"
"","55","NATSTANDALONETEST.15","","Sat Nov 02 01:16:47 GMT 2024","failed","Sat Nov 02 01:16:47 GMT 2024","","HOL","HOL",""
"","2","PROB-DEP-TYPES.02","","Sat Nov 02 01:01:42 GMT 2024","passed","Sat Nov 02 01:01:42 GMT 2024","","PROB-DEP-TYPES","PROB-DEP-TYPES",""
"","4000","multidirectional.ioioioi_using_equality","","Sat Nov 02 00:33:40 GMT 2024","passed","Sat Nov 02 00:33:44 GMT 2024","","WHOLE-TESTS","WHOLE-TESTS",""
"","2","ADD-REMOVE-MATCH-MIX-FLOAT-INTEGER.18","","Sat Nov 02 00:50:49 GMT 2024","passed","Sat Nov 02 00:50:49 GMT 2024","","SPACES","SPACES",""
"","4000","curried-chaining.curried-chainer","","Sat Nov 02 00:33:40 GMT 2024","passed","Sat Nov 02 00:33:44 GMT 2024","","WHOLE-TESTS","WHOLE-TESTS",""
"","197","USE-TWO-SERVERS.01","","Sat Nov 02 01:51:17 GMT 2024","failed","Sat Nov 02 01:51:17 GMT 2024","","DISTRIBUTED-PROCESSING","DISTRIBUTED-PROCESSING",""
"","2","CHAPTER-2-2.11","","Sat Nov 02 00:53:06 GMT 2024","passed","Sat Nov 02 00:53:06 GMT 2024","","SICP-BOOK","SICP-BOOK",""
"","2","B5-TYPES-PRELIM.03","","Sat Nov 02 01:09:38 GMT 2024","passed","Sat Nov 02 01:09:38 GMT 2024","","CHECK-TYPES-TEMP","CHECK-TYPES-TEMP",""
"","261","BASIC.06","","Sat Nov 02 01:06:56 GMT 2024","passed","Sat Nov 02 01:06:56 GMT 2024","","TRAVERSER","TRAVERSER",""
"","14","CHAPTER-2-4.17","","Sat Nov 02 00:53:06 GMT 2024","failed","Sat Nov 02 00:53:06 GMT 2024","","SICP-BOOK","SICP-BOOK",""
"","2","00-LANG-CASE.02","","Sat Nov 02 00:35:19 GMT 2024","passed","Sat Nov 02 00:35:19 GMT 2024","","HYPERON-METTALOG-SANITY","HYPERON-METTALOG-SANITY",""
"","4000","common.NumTest","","Sat Nov 02 00:33:40 GMT 2024","passed","Sat Nov 02 00:33:44 GMT 2024","","WHOLE-TESTS","WHOLE-TESTS",""
"","2","INTERSECTION-TESTS.09","","Sat Nov 02 00:35:19 GMT 2024","passed","Sat Nov 02 00:35:19 GMT 2024","","HYPERON-METTALOG-SANITY","HYPERON-METTALOG-SANITY",""
"","4000","multidirectional.obif","","Sat Nov 02 00:33:40 GMT 2024","passed","Sat Nov 02 00:33:44 GMT 2024","","WHOLE-TESTS","WHOLE-TESTS",""
"","2","TYPE-PROP.44","","Sat Nov 02 01:09:38 GMT 2024","passed","Sat Nov 02 01:09:38 GMT 2024","","CHECK-TYPES-TEMP","CHECK-TYPES-TEMP",""
"","2","D1-GADT.12","","Sat Nov 02 00:43:32 GMT 2024","passed","Sat Nov 02 00:43:32 GMT 2024","","QUICK","QUICK",""
"","3","COMMA-IS-NOT-SPECIAL.01","","Sat Nov 02 01:46:54 GMT 2024","passed","Sat Nov 02 01:46:54 GMT 2024","","WALK-THRU","WALK-THRU",""
"","3","AI-SERVICE-COMPOSITION-SANITY.07","","Sat Nov 02 01:07:06 GMT 2024","passed","Sat Nov 02 01:07:06 GMT 2024","","AI-SERVICE","AI-SERVICE",""
"","2","PC-XP.08","","Sat Nov 02 01:22:39 GMT 2024","passed","Sat Nov 02 01:22:39 GMT 2024","","POLYWARD-CHAINING","POLYWARD-CHAINING",""
"","2","A1-SYMBOLS.02","","Sat Nov 02 00:33:44 GMT 2024","passed","Sat Nov 02 00:33:44 GMT 2024","","HYPERON-EXPERIMENTAL-SCRIPTS","HYPERON-EXPERIMENTAL-SCRIPTS",""
"","5000","prob-dep-types.prob_dep_types","","Sat Nov 02 00:33:40 GMT 2024","passed","Sat Nov 02 00:33:45 GMT 2024","","WHOLE-TESTS","WHOLE-TESTS",""
"","5000","check_types-temp.b5_types_prelim","","Sat Nov 02 00:33:40 GMT 2024","passed","Sat Nov 02 00:33:45 GMT 2024","","WHOLE-TESTS","WHOLE-TESTS",""
"","45000","new.tests5","","Sat Nov 02 00:33:40 GMT 2024","failed","Sat Nov 02 00:34:25 GMT 2024","","WHOLE-TESTS","WHOLE-TESTS",""
"","43","FORWARD-CHAINER-XP.13","","Sat Nov 02 01:16:32 GMT 2024","failed","Sat Nov 02 01:16:32 GMT 2024","","FORWARD-CHAINER","FORWARD-CHAINER",""
"","3","D2-HIGHERFUNC.24","","Sat Nov 02 01:09:59 GMT 2024","passed","Sat Nov 02 01:09:59 GMT 2024","","CHECK-TYPES","CHECK-TYPES",""
"","2","BC-XP.14","","Sat Nov 02 01:13:54 GMT 2024","passed","Sat Nov 02 01:13:54 GMT 2024","","BACKWARD-CHAINING","BACKWARD-CHAINING",""
"","3","CHAPTER-2-2.03","","Sat Nov 02 00:53:06 GMT 2024","passed","Sat Nov 02 00:53:06 GMT 2024","","SICP-BOOK","SICP-BOOK",""
"","88","05-MATCH-SUPERPOSE-ELEMENT-LIKE-SPACE.03","","Sat Nov 02 01:50:08 GMT 2024","failed","Sat Nov 02 01:50:08 GMT 2024","","CONTAINERS-ARE-SPACES","CONTAINERS-ARE-SPACES",""
"","5000","spaces.add-remove-match-ss-strings","","Sat Nov 02 00:33:40 GMT 2024","passed","Sat Nov 02 00:33:45 GMT 2024","","WHOLE-TESTS","WHOLE-TESTS",""
"","235","SYNTHESIZE-VIA-LET-TEST.02","","Sat Nov 02 01:24:29 GMT 2024","failed","Sat Nov 02 01:24:29 GMT 2024","","EXPERIMENTS","EXPERIMENTS",""
"","123","NATTEST.03","","Sat Nov 02 01:16:47 GMT 2024","failed","Sat Nov 02 01:16:47 GMT 2024","","HOL","HOL",""
"","3","IOIOIOI.02","","Sat Nov 02 01:53:12 GMT 2024","passed","Sat Nov 02 01:53:12 GMT 2024","","MULTIDIRECTIONAL","MULTIDIRECTIONAL",""
"","4000","collatz.classical","","Sat Nov 02 00:33:40 GMT 2024","passed","Sat Nov 02 00:33:44 GMT 2024","","WHOLE-TESTS","WHOLE-TESTS",""
"","299","SELF-CONTAINED-SYNTHESIZE.03","","Sat Nov 02 01:24:29 GMT 2024","failed","Sat Nov 02 01:24:29 GMT 2024","","EXPERIMENTS","EXPERIMENTS",""
"","40000","SICP_book.chapter_2_2","","Sat Nov 02 00:33:40 GMT 2024","failed","Sat Nov 02 00:34:20 GMT 2024","","WHOLE-TESTS","WHOLE-TESTS",""
"","2","TMPMATCH1.01","","Sat Nov 02 00:41:19 GMT 2024","passed","Sat Nov 02 00:41:19 GMT 2024","","ANTI-REGRESSION","ANTI-REGRESSION",""
"","105","ADD-REMOVE-MATCH-MIX-FLOAT-INTEGER.27","","Sat Nov 02 00:50:49 GMT 2024","failed","Sat Nov 02 00:50:49 GMT 2024","","SPACES","SPACES",""
"","14","UNIFYTEST.02","","Sat Nov 02 01:24:25 GMT 2024","failed","Sat Nov 02 01:24:25 GMT 2024","","SYNTHESIS","SYNTHESIS",""
"","82","TOO-EAGER-MATH.01","","Sat Nov 02 01:54:28 GMT 2024","passed","Sat Nov 02 01:54:28 GMT 2024","","POSSIBLY-WRONG","POSSIBLY-WRONG",""
"","2","INF-CTL-MONTH-XP-SHORT-3.10","","Sat Nov 02 02:01:49 GMT 2024","passed","Sat Nov 02 02:01:49 GMT 2024","","COMPARISONS","COMPARISONS",""
"","4","UTILS-TEST.01","","Sat Nov 02 01:13:44 GMT 2024","passed","Sat Nov 02 01:13:44 GMT 2024","","UTILS","UTILS",""
"","19","INF-CTL-XP.14","","Sat Nov 02 01:17:56 GMT 2024","failed","Sat Nov 02 01:17:56 GMT 2024","","INFERENCE-CONTROL","INFERENCE-CONTROL",""
"","2","CHAPTER-1-2.02","","Sat Nov 02 00:53:06 GMT 2024","passed","Sat Nov 02 00:53:06 GMT 2024","","SICP-BOOK","SICP-BOOK",""
"","2","STRING-TESTS.10","","Sat Nov 02 00:35:19 GMT 2024","passed","Sat Nov 02 00:35:19 GMT 2024","","HYPERON-METTALOG-SANITY","HYPERON-METTALOG-SANITY",""
"","42000","basic.pathfinding-hard","","Sat Nov 02 00:33:40 GMT 2024","failed","Sat Nov 02 00:34:22 GMT 2024","","WHOLE-TESTS","WHOLE-TESTS",""
"","30","SUBTYPING-TEST.02","","Sat Nov 02 01:22:44 GMT 2024","failed","Sat Nov 02 01:22:44 GMT 2024","","SUBTYPING","SUBTYPING",""
"","3","FC-XP.29","","Sat Nov 02 01:16:42 GMT 2024","passed","Sat Nov 02 01:16:42 GMT 2024","","FORWARD-CHAINING","FORWARD-CHAINING",""
"","2","F1-IMPORTS.12","","Sat Nov 02 00:33:44 GMT 2024","passed","Sat Nov 02 00:33:44 GMT 2024","","HYPERON-EXPERIMENTAL-SCRIPTS","HYPERON-EXPERIMENTAL-SCRIPTS",""
"","110","OR-TEST.20","","Sat Nov 02 00:35:19 GMT 2024","failed","Sat Nov 02 00:35:19 GMT 2024","","HYPERON-METTALOG-SANITY","HYPERON-METTALOG-SANITY",""
"","3","DEDUCTIONFORMULATEST.12","","Sat Nov 02 01:14:25 GMT 2024","passed","Sat Nov 02 01:14:25 GMT 2024","","FORMULA","FORMULA",""
"","2","MAYBETEST.02","","Sat Nov 02 01:14:04 GMT 2024","passed","Sat Nov 02 01:14:04 GMT 2024","","COMMON","COMMON",""
"","2","F1-IMPORTS.02","","Sat Nov 02 00:33:35 GMT 2024","passed","Sat Nov 02 00:33:35 GMT 2024","","MODULE-SYSTEM","MODULE-SYSTEM",""
"","2","TESTS1-PRE.07","","Sat Nov 02 00:44:01 GMT 2024","passed","Sat Nov 02 00:44:01 GMT 2024","","MAIN-BRANCH","MAIN-BRANCH",""
"","2","C1-GROUNDED-BASIC.20","","Sat Nov 02 00:43:32 GMT 2024","passed","Sat Nov 02 00:43:32 GMT 2024","","QUICK","QUICK",""
"","276","SYNTHESIZE-VIA-CASE-TEST.05","","Sat Nov 02 01:24:29 GMT 2024","failed","Sat Nov 02 01:24:29 GMT 2024","","EXPERIMENTS","EXPERIMENTS",""
"","45000","prev.tests3","","Sat Nov 02 00:33:40 GMT 2024","failed","Sat Nov 02 00:34:25 GMT 2024","","WHOLE-TESTS","WHOLE-TESTS",""
"","1","D2-HIGHERFUNC.04","","Sat Nov 02 00:33:44 GMT 2024","passed","Sat Nov 02 00:33:44 GMT 2024","","HYPERON-EXPERIMENTAL-SCRIPTS","HYPERON-EXPERIMENTAL-SCRIPTS",""
"","2","B5-TYPES-PRELIM.16","","Sat Nov 02 00:33:44 GMT 2024","passed","Sat Nov 02 00:33:44 GMT 2024","","HYPERON-EXPERIMENTAL-SCRIPTS","HYPERON-EXPERIMENTAL-SCRIPTS",""
"","70","ADD-REMOVE-MATCH-INTEGER.28","","Sat Nov 02 00:50:49 GMT 2024","passed","Sat Nov 02 00:50:49 GMT 2024","","SPACES","SPACES",""
"","2","C1-GROUNDED-BASIC.04","","Sat Nov 02 00:43:32 GMT 2024","passed","Sat Nov 02 00:43:32 GMT 2024","","QUICK","QUICK",""
"","88","SYNTHESIZE-VIA-LET-TEST.10","","Sat Nov 02 01:24:29 GMT 2024","passed","Sat Nov 02 01:24:29 GMT 2024","","EXPERIMENTS","EXPERIMENTS",""
"","4","OBIF.02","","Sat Nov 02 01:53:12 GMT 2024","passed","Sat Nov 02 01:53:12 GMT 2024","","MULTIDIRECTIONAL","MULTIDIRECTIONAL",""
"","14","E3-MATCH-STATES.06","","Sat Nov 02 00:33:44 GMT 2024","failed","Sat Nov 02 00:33:44 GMT 2024","","HYPERON-EXPERIMENTAL-SCRIPTS","HYPERON-EXPERIMENTAL-SCRIPTS",""
"","52","PC-XP.01","","Sat Nov 02 01:22:39 GMT 2024","failed","Sat Nov 02 01:22:39 GMT 2024","","POLYWARD-CHAINING","POLYWARD-CHAINING",""
"","2","DEDUCTIONFORMULATEST.04","","Sat Nov 02 01:14:25 GMT 2024","passed","Sat Nov 02 01:14:25 GMT 2024","","FORMULA","FORMULA",""
"","92","ADD-REMOVE-MATCH-FLOAT.14","","Sat Nov 02 00:50:49 GMT 2024","passed","Sat Nov 02 00:50:49 GMT 2024","","SPACES","SPACES",""
"","2","D2-HIGHERFUNC.04","","Sat Nov 02 00:43:32 GMT 2024","passed","Sat Nov 02 00:43:32 GMT 2024","","QUICK","QUICK",""
"","4000","hyperon-mettalog_sanity.subtraction_test","","Sat Nov 02 00:33:40 GMT 2024","passed","Sat Nov 02 00:33:44 GMT 2024","","WHOLE-TESTS","WHOLE-TESTS",""
"","2","NATPARITYTEST.06","","Sat Nov 02 01:16:47 GMT 2024","passed","Sat Nov 02 01:16:47 GMT 2024","","HOL","HOL",""
"","81","STATE-TYPES.19","","Sat Nov 02 01:55:28 GMT 2024","failed","Sat Nov 02 01:55:28 GMT 2024","","BASIC","BASIC",""
"","2","BC-COMP.03","","Sat Nov 02 00:41:19 GMT 2024","passed","Sat Nov 02 00:41:19 GMT 2024","","ANTI-REGRESSION","ANTI-REGRESSION",""
"","1","NATPARITYTEST.15","","Sat Nov 02 01:16:47 GMT 2024","passed","Sat Nov 02 01:16:47 GMT 2024","","HOL","HOL",""
"","5000","hyperon-mettalog_sanity.base_test_repr_parse_intersection","","Sat Nov 02 00:33:40 GMT 2024","passed","Sat Nov 02 00:33:45 GMT 2024","","WHOLE-TESTS","WHOLE-TESTS",""
"","3","HYPERON-EXPERIMENTAL-ISSUE-516-REDDUCED.02","","Sat Nov 02 01:50:12 GMT 2024","passed","Sat Nov 02 01:50:12 GMT 2024","","DEBUGGING","DEBUGGING",""
"","2","NILS-IF-CONTROL-TEST-2.02","","Sat Nov 02 02:01:49 GMT 2024","passed","Sat Nov 02 02:01:49 GMT 2024","","COMPARISONS","COMPARISONS",""
"","3","BCHAIN-COMP.06","","Sat Nov 02 01:46:54 GMT 2024","passed","Sat Nov 02 01:46:54 GMT 2024","","WALK-THRU","WALK-THRU",""
"","2","D4-TYPE-PROP.16","","Sat Nov 02 01:09:59 GMT 2024","passed","Sat Nov 02 01:09:59 GMT 2024","","CHECK-TYPES","CHECK-TYPES",""
"","2","BACKWARD-CHAINER-XP.03","","Sat Nov 02 01:13:49 GMT 2024","passed","Sat Nov 02 01:13:49 GMT 2024","","BACKWARD-CHAINER","BACKWARD-CHAINER",""
"","2","ADD-REMOVE-MATCH-INTEGER.35","","Sat Nov 02 00:50:49 GMT 2024","passed","Sat Nov 02 00:50:49 GMT 2024","","SPACES","SPACES",""
"","2","BACKWARD-CHAINER-XP.26","","Sat Nov 02 01:13:49 GMT 2024","passed","Sat Nov 02 01:13:49 GMT 2024","","BACKWARD-CHAINER","BACKWARD-CHAINER",""
"","2","STDLIB-METTALOG-TEST-PT2.47","","Sat Nov 02 00:52:56 GMT 2024","passed","Sat Nov 02 00:52:56 GMT 2024","","STDLIB-METTALOG","STDLIB-METTALOG",""
"","4","C1-GROUNDED-BASIC.01","","Sat Nov 02 01:09:38 GMT 2024","passed","Sat Nov 02 01:09:38 GMT 2024","","CHECK-TYPES-TEMP","CHECK-TYPES-TEMP",""
"","2","AND-OR.01","","Sat Nov 02 00:39:10 GMT 2024","passed","Sat Nov 02 00:39:10 GMT 2024","","METTA-MORPH-TESTS","METTA-MORPH-TESTS",""
"","4000","direct_comp.00a_lang_compiled_case","","Sat Nov 02 00:33:40 GMT 2024","passed","Sat Nov 02 00:33:44 GMT 2024","","WHOLE-TESTS","WHOLE-TESTS",""
"","11","METTALOGTESTCURRIED2.07","","Sat Nov 02 00:41:19 GMT 2024","passed","Sat Nov 02 00:41:19 GMT 2024","","ANTI-REGRESSION","ANTI-REGRESSION",""
"","2","D3-DEPTYPES.05","","Sat Nov 02 00:33:44 GMT 2024","passed","Sat Nov 02 00:33:44 GMT 2024","","HYPERON-EXPERIMENTAL-SCRIPTS","HYPERON-EXPERIMENTAL-SCRIPTS",""
"","3","PREREQS.01","","Sat Nov 02 00:44:01 GMT 2024","passed","Sat Nov 02 00:44:01 GMT 2024","","MAIN-BRANCH","MAIN-BRANCH",""
"","6","SEALED-TEST.07","","Sat Nov 02 00:35:19 GMT 2024","passed","Sat Nov 02 00:35:19 GMT 2024","","HYPERON-METTALOG-SANITY","HYPERON-METTALOG-SANITY",""
"","56","D5-AUTO-TYPES.02","","Sat Nov 02 00:33:44 GMT 2024","failed","Sat Nov 02 00:33:44 GMT 2024","","HYPERON-EXPERIMENTAL-SCRIPTS","HYPERON-EXPERIMENTAL-SCRIPTS",""
"","2","STATES-SPACES.06","","Sat Nov 02 00:39:10 GMT 2024","passed","Sat Nov 02 00:39:10 GMT 2024","","METTA-MORPH-TESTS","METTA-MORPH-TESTS",""
"","2","TEST-IF-CLOSED.04","","Sat Nov 02 01:46:54 GMT 2024","passed","Sat Nov 02 01:46:54 GMT 2024","","WALK-THRU","WALK-THRU",""
"","40000","comparisons.nils_if_control_test_10","","Sat Nov 02 00:33:40 GMT 2024","failed","Sat Nov 02 00:34:20 GMT 2024","","WHOLE-TESTS","WHOLE-TESTS",""
"","2","IFC-XP.09","","Sat Nov 02 01:19:56 GMT 2024","passed","Sat Nov 02 01:19:56 GMT 2024","","ITERATIVE-CHAINING","ITERATIVE-CHAINING",""
"","2","D2-HIGHERFUNC.14","","Sat Nov 02 00:43:32 GMT 2024","passed","Sat Nov 02 00:43:32 GMT 2024","","QUICK","QUICK",""
"","3","HIGHER-ORDER-FUNCS.05","","Sat Nov 02 00:51:31 GMT 2024","passed","Sat Nov 02 00:51:31 GMT 2024","","STD","STD",""
"","2","C1-GROUNDED-BASIC.07","","Sat Nov 02 00:43:32 GMT 2024","passed","Sat Nov 02 00:43:32 GMT 2024","","QUICK","QUICK",""
"","3","D2-HIGHERFUNC.24","","Sat Nov 02 00:43:32 GMT 2024","passed","Sat Nov 02 00:43:32 GMT 2024","","QUICK","QUICK",""
"","4000","forward-chaining.fc-xp","","Sat Nov 02 00:33:40 GMT 2024","passed","Sat Nov 02 00:33:44 GMT 2024","","WHOLE-TESTS","WHOLE-TESTS",""
"","2","E3-MATCH-STATES.01","","Sat Nov 02 00:33:44 GMT 2024","passed","Sat Nov 02 00:33:44 GMT 2024","","HYPERON-EXPERIMENTAL-SCRIPTS","HYPERON-EXPERIMENTAL-SCRIPTS",""
"","2","ADD-REMOVE-MATCH-INTEGER.24","","Sat Nov 02 00:50:49 GMT 2024","passed","Sat Nov 02 00:50:49 GMT 2024","","SPACES","SPACES",""
"","2","PROB-DEP-TYPES.04","","Sat Nov 02 01:01:42 GMT 2024","passed","Sat Nov 02 01:01:42 GMT 2024","","PROB-DEP-TYPES","PROB-DEP-TYPES",""
"","4000","main-branch.prereqs","","Sat Nov 02 00:33:40 GMT 2024","passed","Sat Nov 02 00:33:44 GMT 2024","","WHOLE-TESTS","WHOLE-TESTS",""
"","20","INF-CTL-MONTH-XP.09","","Sat Nov 02 01:17:56 GMT 2024","failed","Sat Nov 02 01:17:56 GMT 2024","","INFERENCE-CONTROL","INFERENCE-CONTROL",""
"","3","AI-SERVICE-COMPOSITION-SANITY.01","","Sat Nov 02 01:07:06 GMT 2024","passed","Sat Nov 02 01:07:06 GMT 2024","","AI-SERVICE","AI-SERVICE",""
"","2","KEY-LOOKUPS-MANY.11","","Sat Nov 02 01:55:28 GMT 2024","passed","Sat Nov 02 01:55:28 GMT 2024","","BASIC","BASIC",""
"","40000","parallelism.builtins","","Sat Nov 02 00:33:40 GMT 2024","failed","Sat Nov 02 00:34:20 GMT 2024","","WHOLE-TESTS","WHOLE-TESTS",""
"","2","ADD-REMOVE-MATCH-INTEGER.20","","Sat Nov 02 00:50:49 GMT 2024","passed","Sat Nov 02 00:50:49 GMT 2024","","SPACES","SPACES",""
"","2","LTE.05","","Sat Nov 02 00:51:31 GMT 2024","passed","Sat Nov 02 00:51:31 GMT 2024","","STD","STD",""
"","2","BACKWARD-CHAINER-XP.15","","Sat Nov 02 01:13:49 GMT 2024","passed","Sat Nov 02 01:13:49 GMT 2024","","BACKWARD-CHAINER","BACKWARD-CHAINER",""
"","207","IFC-XP.25","","Sat Nov 02 01:19:56 GMT 2024","failed","Sat Nov 02 01:19:56 GMT 2024","","ITERATIVE-CHAINING","ITERATIVE-CHAINING",""
"","6000","walk_thru.debug_mettalogTestCurried","","Sat Nov 02 00:33:40 GMT 2024","passed","Sat Nov 02 00:33:46 GMT 2024","","WHOLE-TESTS","WHOLE-TESTS",""
"","3","NAIVE-FIB.02","","Sat Nov 02 02:01:49 GMT 2024","passed","Sat Nov 02 02:01:49 GMT 2024","","COMPARISONS","COMPARISONS",""
"","22","IMPLICATIONDIRECTINTRODUCTIONMATCHTEST.01","","Sat Nov 02 01:20:15 GMT 2024","passed","Sat Nov 02 01:20:15 GMT 2024","","MATCH","MATCH",""
"","2","STDLIB-METTALOG-TEST-PT2.46","","Sat Nov 02 00:52:56 GMT 2024","passed","Sat Nov 02 00:52:56 GMT 2024","","STDLIB-METTALOG","STDLIB-METTALOG",""
"","2","A1-SYMBOLS.03","","Sat Nov 02 00:33:44 GMT 2024","passed","Sat Nov 02 00:33:44 GMT 2024","","HYPERON-EXPERIMENTAL-SCRIPTS","HYPERON-EXPERIMENTAL-SCRIPTS",""
"","7254","PROB-DEP-TYPES.13","","Sat Nov 02 01:01:42 GMT 2024","failed","Sat Nov 02 01:01:49 GMT 2024","","PROB-DEP-TYPES","PROB-DEP-TYPES",""
"","3","E2-STATES.12","","Sat Nov 02 00:33:44 GMT 2024","passed","Sat Nov 02 00:33:44 GMT 2024","","HYPERON-EXPERIMENTAL-SCRIPTS","HYPERON-EXPERIMENTAL-SCRIPTS",""
"","282","IBC-XP.29","","Sat Nov 02 01:19:56 GMT 2024","passed","Sat Nov 02 01:19:56 GMT 2024","","ITERATIVE-CHAINING","ITERATIVE-CHAINING",""
"","429","SYNTHESIZE-VIA-CASE-TEST.08","","Sat Nov 02 01:24:29 GMT 2024","failed","Sat Nov 02 01:24:29 GMT 2024","","EXPERIMENTS","EXPERIMENTS",""
"","5000","anti-regression.tmpMatch2","","Sat Nov 02 00:33:40 GMT 2024","passed","Sat Nov 02 00:33:45 GMT 2024","","WHOLE-TESTS","WHOLE-TESTS",""
"","2090","TESTS2.07","","Sat Nov 02 00:44:01 GMT 2024","failed","Sat Nov 02 00:44:03 GMT 2024","","MAIN-BRANCH","MAIN-BRANCH",""
"","3","MINNARS-PREV.01","","Sat Nov 02 00:44:01 GMT 2024","passed","Sat Nov 02 00:44:01 GMT 2024","","MAIN-BRANCH","MAIN-BRANCH",""
"","39","CHAPTER-1-1.18","","Sat Nov 02 00:53:06 GMT 2024","passed","Sat Nov 02 00:53:06 GMT 2024","","SICP-BOOK","SICP-BOOK",""
"","2","D1-GADT.10","","Sat Nov 02 00:43:32 GMT 2024","passed","Sat Nov 02 00:43:32 GMT 2024","","QUICK","QUICK",""
"","3","00-LANG-CASE.17","","Sat Nov 02 00:35:19 GMT 2024","passed","Sat Nov 02 00:35:19 GMT 2024","","HYPERON-METTALOG-SANITY","HYPERON-METTALOG-SANITY",""
"","3","FORWARD-CHAINER-XP.27","","Sat Nov 02 01:16:32 GMT 2024","passed","Sat Nov 02 01:16:32 GMT 2024","","FORWARD-CHAINER","FORWARD-CHAINER",""
"","5000","distributed-processing.create-server","","Sat Nov 02 00:33:40 GMT 2024","passed","Sat Nov 02 00:33:45 GMT 2024","","WHOLE-TESTS","WHOLE-TESTS",""
"","3","HYPERPOSING-UNSHARED.05","","Sat Nov 02 01:55:28 GMT 2024","passed","Sat Nov 02 01:55:28 GMT 2024","","BASIC","BASIC",""
"","2","STATE-TYPES.15","","Sat Nov 02 01:55:28 GMT 2024","passed","Sat Nov 02 01:55:28 GMT 2024","","BASIC","BASIC",""
"","39","CHAPTER-2-2.07","","Sat Nov 02 00:53:06 GMT 2024","failed","Sat Nov 02 00:53:06 GMT 2024","","SICP-BOOK","SICP-BOOK",""
"","48","IMPLICATIONDIRECTINTRODUCTIONDTLTEST.09","","Sat Nov 02 01:12:41 GMT 2024","failed","Sat Nov 02 01:12:41 GMT 2024","","DEPENDENT-TYPES","DEPENDENT-TYPES",""
"","2","TYPES-PRELIM.13","","Sat Nov 02 00:48:28 GMT 2024","passed","Sat Nov 02 00:48:28 GMT 2024","","CHAINING","CHAINING",""
"","2","B5-TYPES-PRELIM.16","","Sat Nov 02 01:09:38 GMT 2024","passed","Sat Nov 02 01:09:38 GMT 2024","","CHECK-TYPES-TEMP","CHECK-TYPES-TEMP",""
"","367","NATSTANDALONETEST.14","","Sat Nov 02 01:16:47 GMT 2024","failed","Sat Nov 02 01:16:47 GMT 2024","","HOL","HOL",""
"","2","INF-CTL-MONTH-XP-SHORT-3.13","","Sat Nov 02 02:01:49 GMT 2024","passed","Sat Nov 02 02:01:49 GMT 2024","","COMPARISONS","COMPARISONS",""
"","496","TESTS0.07","","Sat Nov 02 01:33:44 GMT 2024","failed","Sat Nov 02 01:33:44 GMT 2024","","NARS-V0","NARS-V0",""
"","70","TESTS0.01","","Sat Nov 02 01:28:40 GMT 2024","failed","Sat Nov 02 01:28:40 GMT 2024","","CURRENT","CURRENT",""
"","79","D5-AUTO-TYPES.03","","Sat Nov 02 01:09:59 GMT 2024","failed","Sat Nov 02 01:09:59 GMT 2024","","CHECK-TYPES","CHECK-TYPES",""
"","3","INF-CTL-XP.18","","Sat Nov 02 01:17:56 GMT 2024","passed","Sat Nov 02 01:17:56 GMT 2024","","INFERENCE-CONTROL","INFERENCE-CONTROL",""
"","2","OR-TEST.08","","Sat Nov 02 00:35:19 GMT 2024","passed","Sat Nov 02 00:35:19 GMT 2024","","HYPERON-METTALOG-SANITY","HYPERON-METTALOG-SANITY",""
"","2","D4-TYPE-PROP.19","","Sat Nov 02 01:09:59 GMT 2024","passed","Sat Nov 02 01:09:59 GMT 2024","","CHECK-TYPES","CHECK-TYPES",""
"","260","NATSIMPLETEST.02","","Sat Nov 02 01:16:47 GMT 2024","failed","Sat Nov 02 01:16:47 GMT 2024","","HOL","HOL",""
"","3","TEST-INFER-FUNCTION-APPLICATION-TYPE.01","","Sat Nov 02 01:55:28 GMT 2024","passed","Sat Nov 02 01:55:28 GMT 2024","","BASIC","BASIC",""
"","3","MAYBETEST.01","","Sat Nov 02 01:14:04 GMT 2024","passed","Sat Nov 02 01:14:04 GMT 2024","","COMMON","COMMON",""
"","544","BC-XP.06","","Sat Nov 02 00:48:28 GMT 2024","failed","Sat Nov 02 00:48:28 GMT 2024","","CHAINING","CHAINING",""
"","2","ORDEREDSETTEST.03","","Sat Nov 02 01:14:04 GMT 2024","passed","Sat Nov 02 01:14:04 GMT 2024","","COMMON","COMMON",""
"","5000","graphml.graphml_test","","Sat Nov 02 00:33:40 GMT 2024","passed","Sat Nov 02 00:33:45 GMT 2024","","WHOLE-TESTS","WHOLE-TESTS",""
"","3","STDLIB-METTALOG-TEST-PT2.41","","Sat Nov 02 00:52:56 GMT 2024","passed","Sat Nov 02 00:52:56 GMT 2024","","STDLIB-METTALOG","STDLIB-METTALOG",""
"","2","D4-TYPE-PROP.17","","Sat Nov 02 01:09:59 GMT 2024","passed","Sat Nov 02 01:09:59 GMT 2024","","CHECK-TYPES","CHECK-TYPES",""
"","4000","game_of_clue.game_of_clue","","Sat Nov 02 00:33:40 GMT 2024","passed","Sat Nov 02 00:33:44 GMT 2024","","WHOLE-TESTS","WHOLE-TESTS",""
"","3","IBC-XP.09","","Sat Nov 02 01:19:56 GMT 2024","passed","Sat Nov 02 01:19:56 GMT 2024","","ITERATIVE-CHAINING","ITERATIVE-CHAINING",""
"","41","STDLIB-METTALOG-TEST-PT2.03","","Sat Nov 02 00:52:56 GMT 2024","failed","Sat Nov 02 00:52:56 GMT 2024","","STDLIB-METTALOG","STDLIB-METTALOG",""
"","2","IFC-XP.21","","Sat Nov 02 01:19:56 GMT 2024","passed","Sat Nov 02 01:19:56 GMT 2024","","ITERATIVE-CHAINING","ITERATIVE-CHAINING",""
"","61","E2-STATES.08","","Sat Nov 02 01:09:59 GMT 2024","failed","Sat Nov 02 01:09:59 GMT 2024","","CHECK-TYPES","CHECK-TYPES",""
"","2","HYPERPOSING-UNSHARED.09","","Sat Nov 02 01:55:28 GMT 2024","passed","Sat Nov 02 01:55:28 GMT 2024","","BASIC","BASIC",""
"","1467","TESTS4.02","","Sat Nov 02 00:44:01 GMT 2024","failed","Sat Nov 02 00:44:02 GMT 2024","","MAIN-BRANCH","MAIN-BRANCH",""
"","2","HYPERPOSING.02","","Sat Nov 02 01:55:28 GMT 2024","passed","Sat Nov 02 01:55:28 GMT 2024","","BASIC","BASIC",""
"","2","DEDUCTIONFORMULATEST.03","","Sat Nov 02 01:14:25 GMT 2024","passed","Sat Nov 02 01:14:25 GMT 2024","","FORMULA","FORMULA",""
"","45000","current.tests5","","Sat Nov 02 00:33:40 GMT 2024","failed","Sat Nov 02 00:34:25 GMT 2024","","WHOLE-TESTS","WHOLE-TESTS",""
"","12","HIGHER-ORDER-FUNCS.02","","Sat Nov 02 00:51:31 GMT 2024","failed","Sat Nov 02 00:51:31 GMT 2024","","STD","STD",""
"","4000","hyperon-mettalog_sanity.02-curried-plus","","Sat Nov 02 00:33:40 GMT 2024","passed","Sat Nov 02 00:33:44 GMT 2024","","WHOLE-TESTS","WHOLE-TESTS",""
"","2","ADD-REMOVE-MATCH-INTEGER.04","","Sat Nov 02 00:50:49 GMT 2024","passed","Sat Nov 02 00:50:49 GMT 2024","","SPACES","SPACES",""
"","2","PC-XP.09","","Sat Nov 02 01:22:39 GMT 2024","passed","Sat Nov 02 01:22:39 GMT 2024","","POLYWARD-CHAINING","POLYWARD-CHAINING",""
"","86","00A-LANG-COMPILED-CASE.08","","Sat Nov 02 01:45:27 GMT 2024","passed","Sat Nov 02 01:45:27 GMT 2024","","DIRECT-COMP","DIRECT-COMP",""
"","4000","spaces.add-remove-match-integer","","Sat Nov 02 00:33:40 GMT 2024","passed","Sat Nov 02 00:33:44 GMT 2024","","WHOLE-TESTS","WHOLE-TESTS",""
"","4","TRUTHVALUETEST.02","","Sat Nov 02 01:14:29 GMT 2024","passed","Sat Nov 02 01:14:29 GMT 2024","","TRUTHVALUE","TRUTHVALUE",""
"","2","B5-TYPES-PRELIM.20","","Sat Nov 02 01:09:38 GMT 2024","passed","Sat Nov 02 01:09:38 GMT 2024","","CHECK-TYPES-TEMP","CHECK-TYPES-TEMP",""
"","132","NTE.03","","Sat Nov 02 00:59:43 GMT 2024","passed","Sat Nov 02 00:59:43 GMT 2024","","EDGES-TO-EDGES","EDGES-TO-EDGES",""
"","720","TRAINING-BI.04","","Sat Nov 02 02:07:59 GMT 2024","passed","Sat Nov 02 02:07:59 GMT 2024","","LANGUAGE-MODELS","LANGUAGE-MODELS",""
"","2","INF-CTL-MONTH-BC-CONT-XP.14","","Sat Nov 02 01:17:56 GMT 2024","passed","Sat Nov 02 01:17:56 GMT 2024","","INFERENCE-CONTROL","INFERENCE-CONTROL",""
"","2","ADD-REMOVE-MATCH-MIX-FLOAT-INTEGER.16","","Sat Nov 02 00:50:49 GMT 2024","passed","Sat Nov 02 00:50:49 GMT 2024","","SPACES","SPACES",""
"","2","ADD-REMOVE-MATCH-S-SYMBOLS.12","","Sat Nov 02 00:50:49 GMT 2024","passed","Sat Nov 02 00:50:49 GMT 2024","","SPACES","SPACES",""
"","5000","forward-chainer.forward-chainer-test","","Sat Nov 02 00:33:40 GMT 2024","passed","Sat Nov 02 00:33:45 GMT 2024","","WHOLE-TESTS","WHOLE-TESTS",""
"","4000","std.kb_write","","Sat Nov 02 00:33:40 GMT 2024","passed","Sat Nov 02 00:33:44 GMT 2024","","WHOLE-TESTS","WHOLE-TESTS",""
"","2","TYPE-PROP.21","","Sat Nov 02 01:09:38 GMT 2024","passed","Sat Nov 02 01:09:38 GMT 2024","","CHECK-TYPES-TEMP","CHECK-TYPES-TEMP",""
"","2","MATCH-VOID.07","","Sat Nov 02 00:39:10 GMT 2024","passed","Sat Nov 02 00:39:10 GMT 2024","","METTA-MORPH-TESTS","METTA-MORPH-TESTS",""
"","2","C1-GROUNDED-BASIC.13","","Sat Nov 02 00:43:32 GMT 2024","passed","Sat Nov 02 00:43:32 GMT 2024","","QUICK","QUICK",""
"","119","NON-DETERMINISM.02","","Sat Nov 02 01:24:29 GMT 2024","passed","Sat Nov 02 01:24:29 GMT 2024","","EXPERIMENTS","EXPERIMENTS",""
"","2","TYPES3.01","","Sat Nov 02 00:39:10 GMT 2024","passed","Sat Nov 02 00:39:10 GMT 2024","","METTA-MORPH-TESTS","METTA-MORPH-TESTS",""
"","128","FORWARD-CHAINER-XP.20","","Sat Nov 02 01:16:32 GMT 2024","passed","Sat Nov 02 01:16:32 GMT 2024","","FORWARD-CHAINER","FORWARD-CHAINER",""
"","40000","fizzbuzz.constructive","","Sat Nov 02 00:33:40 GMT 2024","failed","Sat Nov 02 00:34:20 GMT 2024","","WHOLE-TESTS","WHOLE-TESTS",""
"","2","BC-XP.03","","Sat Nov 02 00:48:28 GMT 2024","passed","Sat Nov 02 00:48:28 GMT 2024","","CHAINING","CHAINING",""
"","2","INF-CTL-MONTH-XP-SHORT-3.02","","Sat Nov 02 02:01:49 GMT 2024","passed","Sat Nov 02 02:01:49 GMT 2024","","COMPARISONS","COMPARISONS",""
"","17000","metta-wam-issue-116.test_spo_116378","","Sat Nov 02 00:33:40 GMT 2024","failed","Sat Nov 02 00:33:57 GMT 2024","","WHOLE-TESTS","WHOLE-TESTS",""
"","3","ADD-REMOVE-MATCH-SS-SYMBOLS.03","","Sat Nov 02 00:50:49 GMT 2024","passed","Sat Nov 02 00:50:49 GMT 2024","","SPACES","SPACES",""
"","2","BACKWARD-CHAINER-XP.05","","Sat Nov 02 01:13:49 GMT 2024","passed","Sat Nov 02 01:13:49 GMT 2024","","BACKWARD-CHAINER","BACKWARD-CHAINER",""
"","2","SYNTHESIZE-VIA-TYPE-CHECKING.07","","Sat Nov 02 01:24:29 GMT 2024","passed","Sat Nov 02 01:24:29 GMT 2024","","EXPERIMENTS","EXPERIMENTS",""
"","102","ADD-ATOM-NAIVE-FIB.09","","Sat Nov 02 02:01:49 GMT 2024","passed","Sat Nov 02 02:01:49 GMT 2024","","COMPARISONS","COMPARISONS",""
"","27000","inference-control.inf-ctl-month-xp","","Sat Nov 02 00:33:40 GMT 2024","passed","Sat Nov 02 00:34:07 GMT 2024","","WHOLE-TESTS","WHOLE-TESTS",""
"","2","D4-TYPE-PROP.07","","Sat Nov 02 01:09:59 GMT 2024","passed","Sat Nov 02 01:09:59 GMT 2024","","CHECK-TYPES","CHECK-TYPES",""
"","7000","metta-wam-issue-116.test_spo_1000","","Sat Nov 02 00:33:40 GMT 2024","passed","Sat Nov 02 00:33:47 GMT 2024","","WHOLE-TESTS","WHOLE-TESTS",""
"","40000","comparisons.fibo_Arg1i","","Sat Nov 02 00:33:40 GMT 2024","failed","Sat Nov 02 00:34:20 GMT 2024","","WHOLE-TESTS","WHOLE-TESTS",""
"","1","XOR-TEST.11","","Sat Nov 02 00:35:19 GMT 2024","passed","Sat Nov 02 00:35:19 GMT 2024","","HYPERON-METTALOG-SANITY","HYPERON-METTALOG-SANITY",""
"","46000","current.tests3","","Sat Nov 02 00:33:40 GMT 2024","failed","Sat Nov 02 00:34:26 GMT 2024","","WHOLE-TESTS","WHOLE-TESTS",""
"","2","FORWARD-CHAINER-XP.24","","Sat Nov 02 01:16:32 GMT 2024","passed","Sat Nov 02 01:16:32 GMT 2024","","FORWARD-CHAINER","FORWARD-CHAINER",""
"","120","TESTS0.01","","Sat Nov 02 01:33:44 GMT 2024","passed","Sat Nov 02 01:33:44 GMT 2024","","NARS-V0","NARS-V0",""
"","2182","LTE.09","","Sat Nov 02 00:51:31 GMT 2024","passed","Sat Nov 02 00:51:33 GMT 2024","","STD","STD",""
"","7000","comparisons.nils_if_control_test_2","","Sat Nov 02 00:33:40 GMT 2024","passed","Sat Nov 02 00:33:47 GMT 2024","","WHOLE-TESTS","WHOLE-TESTS",""
"","4000","hyperon-mettalog_sanity.01_lang_inc","","Sat Nov 02 00:33:40 GMT 2024","passed","Sat Nov 02 00:33:44 GMT 2024","","WHOLE-TESTS","WHOLE-TESTS",""
"","3","B5-TYPES-PRELIM.04","","Sat Nov 02 00:33:44 GMT 2024","passed","Sat Nov 02 00:33:44 GMT 2024","","HYPERON-EXPERIMENTAL-SCRIPTS","HYPERON-EXPERIMENTAL-SCRIPTS",""
"","2","BACKWARD-CHAINER-XP.31","","Sat Nov 02 01:13:49 GMT 2024","passed","Sat Nov 02 01:13:49 GMT 2024","","BACKWARD-CHAINER","BACKWARD-CHAINER",""
"","43","IMPLICATIONDIRECTINTRODUCTIONDTLTEST.15","","Sat Nov 02 01:12:41 GMT 2024","failed","Sat Nov 02 01:12:41 GMT 2024","","DEPENDENT-TYPES","DEPENDENT-TYPES",""
"","2","TYPE-PROP.01","","Sat Nov 02 01:09:38 GMT 2024","passed","Sat Nov 02 01:09:38 GMT 2024","","CHECK-TYPES-TEMP","CHECK-TYPES-TEMP",""
"","2","TEST-IF-CLOSED.02","","Sat Nov 02 00:41:19 GMT 2024","passed","Sat Nov 02 00:41:19 GMT 2024","","ANTI-REGRESSION","ANTI-REGRESSION",""
"","4000","debugging.hyperon_experimental_issue_516","","Sat Nov 02 00:33:40 GMT 2024","passed","Sat Nov 02 00:33:44 GMT 2024","","WHOLE-TESTS","WHOLE-TESTS",""
"","1","INF-CTL-MONTH-XP-SHORT-3.08","","Sat Nov 02 02:01:49 GMT 2024","passed","Sat Nov 02 02:01:49 GMT 2024","","COMPARISONS","COMPARISONS",""
"","2","NATSTANDALONETEST.08","","Sat Nov 02 01:16:47 GMT 2024","passed","Sat Nov 02 01:16:47 GMT 2024","","HOL","HOL",""
"","2","SUBTRACTION-TEST.09","","Sat Nov 02 00:35:19 GMT 2024","passed","Sat Nov 02 00:35:19 GMT 2024","","HYPERON-METTALOG-SANITY","HYPERON-METTALOG-SANITY",""
"","2","ADD-REMOVE-MATCH-S-STRINGS.10","","Sat Nov 02 00:50:49 GMT 2024","passed","Sat Nov 02 00:50:49 GMT 2024","","SPACES","SPACES",""
"","2","PREREQS.05","","Sat Nov 02 00:44:01 GMT 2024","passed","Sat Nov 02 00:44:01 GMT 2024","","MAIN-BRANCH","MAIN-BRANCH",""
"","2","CHAPTER-1-2.03","","Sat Nov 02 00:53:06 GMT 2024","passed","Sat Nov 02 00:53:06 GMT 2024","","SICP-BOOK","SICP-BOOK",""
"","2","TYPES-PRELIM.14","","Sat Nov 02 00:48:28 GMT 2024","passed","Sat Nov 02 00:48:28 GMT 2024","","CHAINING","CHAINING",""
"","3","FIRST-ANSWER.01","","Sat Nov 02 00:35:19 GMT 2024","passed","Sat Nov 02 00:35:19 GMT 2024","","HYPERON-METTALOG-SANITY","HYPERON-METTALOG-SANITY",""
"","6000","new.tests0","","Sat Nov 02 00:33:40 GMT 2024","passed","Sat Nov 02 00:33:46 GMT 2024","","WHOLE-TESTS","WHOLE-TESTS",""
"","2","INF-CTL-MONTH-BC-CONT-XP.05","","Sat Nov 02 01:17:56 GMT 2024","passed","Sat Nov 02 01:17:56 GMT 2024","","INFERENCE-CONTROL","INFERENCE-CONTROL",""
"","4000","stack-based.interpreter","","Sat Nov 02 00:33:40 GMT 2024","passed","Sat Nov 02 00:33:44 GMT 2024","","WHOLE-TESTS","WHOLE-TESTS",""
"","2","ADD-REMOVE-MATCH-INTEGER.08","","Sat Nov 02 00:50:49 GMT 2024","passed","Sat Nov 02 00:50:49 GMT 2024","","SPACES","SPACES",""
"","2","ADD-REMOVE-MATCH-INTEGER.13","","Sat Nov 02 00:50:49 GMT 2024","passed","Sat Nov 02 00:50:49 GMT 2024","","SPACES","SPACES",""
"","2","IMPLICATIONDIRECTINTRODUCTIONENTAILTEST.03","","Sat Nov 02 01:16:12 GMT 2024","passed","Sat Nov 02 01:16:12 GMT 2024","","ENTAIL","ENTAIL",""
"","1","F1-MODULEA.08","","Sat Nov 02 00:33:44 GMT 2024","passed","Sat Nov 02 00:33:44 GMT 2024","","HYPERON-EXPERIMENTAL-SCRIPTS","HYPERON-EXPERIMENTAL-SCRIPTS",""
"","5000","metta-morph_tests.match_superposed_spaces","","Sat Nov 02 00:33:40 GMT 2024","passed","Sat Nov 02 00:33:45 GMT 2024","","WHOLE-TESTS","WHOLE-TESTS",""
"","1","BC-XP.19","","Sat Nov 02 01:13:54 GMT 2024","passed","Sat Nov 02 01:13:54 GMT 2024","","BACKWARD-CHAINING","BACKWARD-CHAINING",""
"","6000","perfect-numbers.basic","","Sat Nov 02 00:33:40 GMT 2024","passed","Sat Nov 02 00:33:46 GMT 2024","","WHOLE-TESTS","WHOLE-TESTS",""
"","3","F1-MODULEA.01","","Sat Nov 02 00:33:44 GMT 2024","passed","Sat Nov 02 00:33:44 GMT 2024","","HYPERON-EXPERIMENTAL-SCRIPTS","HYPERON-EXPERIMENTAL-SCRIPTS",""
"","2","C1-GROUNDED-BASIC.22","","Sat Nov 02 00:43:32 GMT 2024","passed","Sat Nov 02 00:43:32 GMT 2024","","QUICK","QUICK",""
"","3","PEANO.01","","Sat Nov 02 00:39:10 GMT 2024","passed","Sat Nov 02 00:39:10 GMT 2024","","METTA-MORPH-TESTS","METTA-MORPH-TESTS",""
"","1575","SELF-CONTAINED-SYNTHESIZE.09","","Sat Nov 02 01:24:29 GMT 2024","failed","Sat Nov 02 01:24:30 GMT 2024","","EXPERIMENTS","EXPERIMENTS",""
"","70","DEBUG-METTALOGTESTCURRIED.09","","Sat Nov 02 01:46:54 GMT 2024","passed","Sat Nov 02 01:46:54 GMT 2024","","WALK-THRU","WALK-THRU",""
"","1","HYPERPOSING-SHARED.08","","Sat Nov 02 01:55:28 GMT 2024","passed","Sat Nov 02 01:55:28 GMT 2024","","BASIC","BASIC",""
"","3","ORDEREDSETTEST.06","","Sat Nov 02 01:14:04 GMT 2024","passed","Sat Nov 02 01:14:04 GMT 2024","","COMMON","COMMON",""
"","4000","hyperon-experimental_scripts.a3_twoside","","Sat Nov 02 00:33:40 GMT 2024","passed","Sat Nov 02 00:33:44 GMT 2024","","WHOLE-TESTS","WHOLE-TESTS",""
"","7430","SUPPORTRULEEXP.04","","Sat Nov 02 01:12:41 GMT 2024","failed","Sat Nov 02 01:12:48 GMT 2024","","DEPENDENT-TYPES","DEPENDENT-TYPES",""
"","270","SYNTHESIZE-VIA-LET-TEST.03","","Sat Nov 02 01:24:29 GMT 2024","failed","Sat Nov 02 01:24:29 GMT 2024","","EXPERIMENTS","EXPERIMENTS",""
"","2","IFC-XP.23","","Sat Nov 02 01:19:56 GMT 2024","passed","Sat Nov 02 01:19:56 GMT 2024","","ITERATIVE-CHAINING","ITERATIVE-CHAINING",""
"","617","SELF-CONTAINED-SYNTHESIZE.01","","Sat Nov 02 01:24:29 GMT 2024","failed","Sat Nov 02 01:24:29 GMT 2024","","EXPERIMENTS","EXPERIMENTS",""
"","3","D4-TYPE-PROP.19","","Sat Nov 02 00:43:32 GMT 2024","passed","Sat Nov 02 00:43:32 GMT 2024","","QUICK","QUICK",""
"","2","C1-GROUNDED-BASIC.21","","Sat Nov 02 00:33:44 GMT 2024","passed","Sat Nov 02 00:33:44 GMT 2024","","HYPERON-EXPERIMENTAL-SCRIPTS","HYPERON-EXPERIMENTAL-SCRIPTS",""
"","2","STDLIB-METTALOG-TEST-PT2.29","","Sat Nov 02 00:52:56 GMT 2024","passed","Sat Nov 02 00:52:56 GMT 2024","","STDLIB-METTALOG","STDLIB-METTALOG",""
"","3","BC-COMP.01","","Sat Nov 02 00:41:19 GMT 2024","passed","Sat Nov 02 00:41:19 GMT 2024","","ANTI-REGRESSION","ANTI-REGRESSION",""
"","41000","iterators.combined","","Sat Nov 02 00:33:40 GMT 2024","failed","Sat Nov 02 00:34:21 GMT 2024","","WHOLE-TESTS","WHOLE-TESTS",""
"","2","ADD-REMOVE-MATCH-INTEGER.41","","Sat Nov 02 00:50:49 GMT 2024","passed","Sat Nov 02 00:50:49 GMT 2024","","SPACES","SPACES",""
"","2","D1-GADT.01","","Sat Nov 02 01:09:59 GMT 2024","passed","Sat Nov 02 01:09:59 GMT 2024","","CHECK-TYPES","CHECK-TYPES",""
"","5000","basic.pathfinding-easy-f","","Sat Nov 02 00:33:40 GMT 2024","passed","Sat Nov 02 00:33:45 GMT 2024","","WHOLE-TESTS","WHOLE-TESTS",""
"","2","STDLIB-METTALOG-TEST-PT2.51","","Sat Nov 02 00:52:56 GMT 2024","passed","Sat Nov 02 00:52:56 GMT 2024","","STDLIB-METTALOG","STDLIB-METTALOG",""
"","2","D4-TYPE-PROP.15","","Sat Nov 02 00:43:32 GMT 2024","passed","Sat Nov 02 00:43:32 GMT 2024","","QUICK","QUICK",""
"","1","D4-TYPE-PROP.10","","Sat Nov 02 00:33:44 GMT 2024","passed","Sat Nov 02 00:33:44 GMT 2024","","HYPERON-EXPERIMENTAL-SCRIPTS","HYPERON-EXPERIMENTAL-SCRIPTS",""
"","491","PROB-DEP-TYPES.10","","Sat Nov 02 01:01:42 GMT 2024","failed","Sat Nov 02 01:01:42 GMT 2024","","PROB-DEP-TYPES","PROB-DEP-TYPES",""
"","2","HYPERPOSING.01","","Sat Nov 02 01:55:28 GMT 2024","passed","Sat Nov 02 01:55:28 GMT 2024","","BASIC","BASIC",""
"","5000","comparisons.add-atom-naive-fib","","Sat Nov 02 00:33:40 GMT 2024","passed","Sat Nov 02 00:33:45 GMT 2024","","WHOLE-TESTS","WHOLE-TESTS",""
"","7000","soap_opera_corpus.so_convert","","Sat Nov 02 00:33:40 GMT 2024","passed","Sat Nov 02 00:33:47 GMT 2024","","WHOLE-TESTS","WHOLE-TESTS",""
"","7000","stdlib-mettalog.stdlib_mettalog_test_pt2","","Sat Nov 02 00:33:40 GMT 2024","passed","Sat Nov 02 00:33:47 GMT 2024","","WHOLE-TESTS","WHOLE-TESTS",""
"","88","B5-TYPES-PRELIM.02","","Sat Nov 02 01:09:38 GMT 2024","failed","Sat Nov 02 01:09:38 GMT 2024","","CHECK-TYPES-TEMP","CHECK-TYPES-TEMP",""
"","2","KEY-LOOKUPS-MANY.12","","Sat Nov 02 01:55:28 GMT 2024","passed","Sat Nov 02 01:55:28 GMT 2024","","BASIC","BASIC",""
"","2","D1-GADT.02","","Sat Nov 02 00:33:44 GMT 2024","passed","Sat Nov 02 00:33:44 GMT 2024","","HYPERON-EXPERIMENTAL-SCRIPTS","HYPERON-EXPERIMENTAL-SCRIPTS",""
"","239","PROB-DEP-TYPES.12","","Sat Nov 02 01:01:42 GMT 2024","passed","Sat Nov 02 01:01:42 GMT 2024","","PROB-DEP-TYPES","PROB-DEP-TYPES",""
"","2","STATE-TYPES.22","","Sat Nov 02 01:55:28 GMT 2024","passed","Sat Nov 02 01:55:28 GMT 2024","","BASIC","BASIC",""
"","2","ADD-REMOVE-MATCH-SS-STRINGS.06","","Sat Nov 02 00:50:49 GMT 2024","passed","Sat Nov 02 00:50:49 GMT 2024","","SPACES","SPACES",""
"","5","OR-TEST.01","","Sat Nov 02 00:35:19 GMT 2024","passed","Sat Nov 02 00:35:19 GMT 2024","","HYPERON-METTALOG-SANITY","HYPERON-METTALOG-SANITY",""
"","3","LISTTEST.01","","Sat Nov 02 01:16:47 GMT 2024","passed","Sat Nov 02 01:16:47 GMT 2024","","HOL","HOL",""
"","3","STDLIB-METTALOG-TEST-PT2.66","","Sat Nov 02 00:52:56 GMT 2024","passed","Sat Nov 02 00:52:56 GMT 2024","","STDLIB-METTALOG","STDLIB-METTALOG",""
"","2","D4-TYPE-PROP.02","","Sat Nov 02 00:33:44 GMT 2024","passed","Sat Nov 02 00:33:44 GMT 2024","","HYPERON-EXPERIMENTAL-SCRIPTS","HYPERON-EXPERIMENTAL-SCRIPTS",""
"","3","B5-TYPES-PRELIM.07","","Sat Nov 02 00:33:44 GMT 2024","passed","Sat Nov 02 00:33:44 GMT 2024","","HYPERON-EXPERIMENTAL-SCRIPTS","HYPERON-EXPERIMENTAL-SCRIPTS",""
"","2","CURRIED-CHAINER.05","","Sat Nov 02 01:14:39 GMT 2024","passed","Sat Nov 02 01:14:39 GMT 2024","","CURRIED-CHAINING","CURRIED-CHAINING",""
"","281","NATSIMPLETEST.03","","Sat Nov 02 01:16:47 GMT 2024","failed","Sat Nov 02 01:16:47 GMT 2024","","HOL","HOL",""
"","44","SUBTYPING-TEST.04","","Sat Nov 02 01:22:44 GMT 2024","passed","Sat Nov 02 01:22:44 GMT 2024","","SUBTYPING","SUBTYPING",""
"","2","SHOW-TYPE.11","","Sat Nov 02 00:50:33 GMT 2024","passed","Sat Nov 02 00:50:33 GMT 2024","","INTROSPECT","INTROSPECT",""
"","2","INTERSECTION-TESTS.15","","Sat Nov 02 00:35:19 GMT 2024","passed","Sat Nov 02 00:35:19 GMT 2024","","HYPERON-METTALOG-SANITY","HYPERON-METTALOG-SANITY",""
"","2","TESTS2.08","","Sat Nov 02 00:44:01 GMT 2024","passed","Sat Nov 02 00:44:01 GMT 2024","","MAIN-BRANCH","MAIN-BRANCH",""
"","2","CHAPTER-1-1.17","","Sat Nov 02 00:53:06 GMT 2024","passed","Sat Nov 02 00:53:06 GMT 2024","","SICP-BOOK","SICP-BOOK",""
"","4","ADD-REMOVE-MATCH-MIX-FLOAT-INTEGER.29","","Sat Nov 02 00:50:49 GMT 2024","passed","Sat Nov 02 00:50:49 GMT 2024","","SPACES","SPACES",""
"","2","IFC-XP.39","","Sat Nov 02 01:19:56 GMT 2024","passed","Sat Nov 02 01:19:56 GMT 2024","","ITERATIVE-CHAINING","ITERATIVE-CHAINING",""
"","2","BCHAIN.05","","Sat Nov 02 01:46:54 GMT 2024","passed","Sat Nov 02 01:46:54 GMT 2024","","WALK-THRU","WALK-THRU",""
"","2","INF-CTL-XP.06","","Sat Nov 02 01:17:56 GMT 2024","passed","Sat Nov 02 01:17:56 GMT 2024","","INFERENCE-CONTROL","INFERENCE-CONTROL",""
"","2","FC-XP.16","","Sat Nov 02 01:16:42 GMT 2024","passed","Sat Nov 02 01:16:42 GMT 2024","","FORWARD-CHAINING","FORWARD-CHAINING",""
"","2","D2-HIGHERFUNC.23","","Sat Nov 02 00:33:44 GMT 2024","passed","Sat Nov 02 00:33:44 GMT 2024","","HYPERON-EXPERIMENTAL-SCRIPTS","HYPERON-EXPERIMENTAL-SCRIPTS",""
"","2","SUBTRACTION-TEST.03","","Sat Nov 02 00:35:19 GMT 2024","passed","Sat Nov 02 00:35:19 GMT 2024","","HYPERON-METTALOG-SANITY","HYPERON-METTALOG-SANITY",""
"","51","TYPE-PROP.67","","Sat Nov 02 01:09:38 GMT 2024","failed","Sat Nov 02 01:09:38 GMT 2024","","CHECK-TYPES-TEMP","CHECK-TYPES-TEMP",""
"","2","ORDEREDSETTEST.08","","Sat Nov 02 01:14:04 GMT 2024","passed","Sat Nov 02 01:14:04 GMT 2024","","COMMON","COMMON",""
"","3","IFC-XP.18","","Sat Nov 02 01:19:56 GMT 2024","passed","Sat Nov 02 01:19:56 GMT 2024","","ITERATIVE-CHAINING","ITERATIVE-CHAINING",""
"","5","TYPES-PRELIM.04","","Sat Nov 02 00:48:28 GMT 2024","passed","Sat Nov 02 00:48:28 GMT 2024","","CHAINING","CHAINING",""
"","2","SPACE-INTERSECTION-TESTS.04","","Sat Nov 02 00:35:19 GMT 2024","passed","Sat Nov 02 00:35:19 GMT 2024","","HYPERON-METTALOG-SANITY","HYPERON-METTALOG-SANITY",""
"","227","SYNTHESIZE-VIA-UNIFY-TEST.08","","Sat Nov 02 01:24:29 GMT 2024","failed","Sat Nov 02 01:24:29 GMT 2024","","EXPERIMENTS","EXPERIMENTS",""
"","3","SHOW-TYPE.04","","Sat Nov 02 00:50:33 GMT 2024","passed","Sat Nov 02 00:50:33 GMT 2024","","INTROSPECT","INTROSPECT",""
"","3","B5-TYPES-PRELIM.19","","Sat Nov 02 00:33:44 GMT 2024","passed","Sat Nov 02 00:33:44 GMT 2024","","HYPERON-EXPERIMENTAL-SCRIPTS","HYPERON-EXPERIMENTAL-SCRIPTS",""
"","2","BASIC.12","","Sat Nov 02 01:06:56 GMT 2024","passed","Sat Nov 02 01:06:56 GMT 2024","","TRAVERSER","TRAVERSER",""
"","53","D5-AUTO-TYPES.05","","Sat Nov 02 01:09:59 GMT 2024","failed","Sat Nov 02 01:09:59 GMT 2024","","CHECK-TYPES","CHECK-TYPES",""
"","2","STRING-TESTS.05","","Sat Nov 02 00:35:19 GMT 2024","passed","Sat Nov 02 00:35:19 GMT 2024","","HYPERON-METTALOG-SANITY","HYPERON-METTALOG-SANITY",""
"","2","D1-GADT.03","","Sat Nov 02 01:09:59 GMT 2024","passed","Sat Nov 02 01:09:59 GMT 2024","","CHECK-TYPES","CHECK-TYPES",""
"","46000","nars_v0.tests4","","Sat Nov 02 00:33:40 GMT 2024","failed","Sat Nov 02 00:34:26 GMT 2024","","WHOLE-TESTS","WHOLE-TESTS",""
"","2","D2-HIGHERFUNC.12","","Sat Nov 02 01:09:59 GMT 2024","passed","Sat Nov 02 01:09:59 GMT 2024","","CHECK-TYPES","CHECK-TYPES",""
"","2","D4-TYPE-PROP.13","","Sat Nov 02 01:09:59 GMT 2024","passed","Sat Nov 02 01:09:59 GMT 2024","","CHECK-TYPES","CHECK-TYPES",""
"","916","IBC-XP.26","","Sat Nov 02 01:19:56 GMT 2024","passed","Sat Nov 02 01:19:56 GMT 2024","","ITERATIVE-CHAINING","ITERATIVE-CHAINING",""
"","3","QUERIES.12","","Sat Nov 02 01:06:14 GMT 2024","passed","Sat Nov 02 01:06:14 GMT 2024","","STRIPS-TO-METTA-IMPROVED","STRIPS-TO-METTA-IMPROVED",""
"","1","D1-GADT.08","","Sat Nov 02 00:33:44 GMT 2024","passed","Sat Nov 02 00:33:44 GMT 2024","","HYPERON-EXPERIMENTAL-SCRIPTS","HYPERON-EXPERIMENTAL-SCRIPTS",""
"","2","HYPERPOSING-UNSHARED.10","","Sat Nov 02 01:55:28 GMT 2024","passed","Sat Nov 02 01:55:28 GMT 2024","","BASIC","BASIC",""
"","390","IOIOIOI-USING-EQUALITY.03","","Sat Nov 02 01:53:12 GMT 2024","failed","Sat Nov 02 01:53:12 GMT 2024","","MULTIDIRECTIONAL","MULTIDIRECTIONAL",""
"","2","MAYBETEST.03","","Sat Nov 02 01:14:04 GMT 2024","passed","Sat Nov 02 01:14:04 GMT 2024","","COMMON","COMMON",""
"","3","D4-TYPE-PROP.04","","Sat Nov 02 00:43:32 GMT 2024","passed","Sat Nov 02 00:43:32 GMT 2024","","QUICK","QUICK",""
"","2","UNIQUE-TEST.05","","Sat Nov 02 00:35:19 GMT 2024","passed","Sat Nov 02 00:35:19 GMT 2024","","HYPERON-METTALOG-SANITY","HYPERON-METTALOG-SANITY",""
"","1056","TRAINING-BI.01","","Sat Nov 02 02:07:59 GMT 2024","passed","Sat Nov 02 02:08:00 GMT 2024","","LANGUAGE-MODELS","LANGUAGE-MODELS",""
"","3","CHAINING-PRELIM.01","","Sat Nov 02 00:48:28 GMT 2024","passed","Sat Nov 02 00:48:28 GMT 2024","","CHAINING","CHAINING",""
"","2","B2-BACKCHAIN.03","","Sat Nov 02 00:33:44 GMT 2024","passed","Sat Nov 02 00:33:44 GMT 2024","","HYPERON-EXPERIMENTAL-SCRIPTS","HYPERON-EXPERIMENTAL-SCRIPTS",""
"","140","ADD-REMOVE-MATCH-S-STRINGS.14","","Sat Nov 02 00:50:49 GMT 2024","passed","Sat Nov 02 00:50:49 GMT 2024","","SPACES","SPACES",""
"","130","TESTS0.01","","Sat Nov 02 00:39:10 GMT 2024","passed","Sat Nov 02 00:39:10 GMT 2024","","METTA-MORPH-TESTS","METTA-MORPH-TESTS",""
"","2","INF-CTL-MONTH-XP-SHORT-3.05","","Sat Nov 02 02:01:49 GMT 2024","passed","Sat Nov 02 02:01:49 GMT 2024","","COMPARISONS","COMPARISONS",""
"","3","TESTS1.01","","Sat Nov 02 00:44:01 GMT 2024","passed","Sat Nov 02 00:44:01 GMT 2024","","MAIN-BRANCH","MAIN-BRANCH",""
"","3","BCHAIN.04","","Sat Nov 02 01:46:54 GMT 2024","passed","Sat Nov 02 01:46:54 GMT 2024","","WALK-THRU","WALK-THRU",""
"","123","TESTS0.07","","Sat Nov 02 00:44:01 GMT 2024","passed","Sat Nov 02 00:44:01 GMT 2024","","MAIN-BRANCH","MAIN-BRANCH",""
"","1233","SYNTHESIZE-VIA-LET-TEST.06","","Sat Nov 02 01:24:29 GMT 2024","failed","Sat Nov 02 01:24:30 GMT 2024","","EXPERIMENTS","EXPERIMENTS",""
"","1","HYPERPOSING.06","","Sat Nov 02 01:55:28 GMT 2024","passed","Sat Nov 02 01:55:28 GMT 2024","","BASIC","BASIC",""
"","2","TESTS2.06","","Sat Nov 02 00:44:01 GMT 2024","passed","Sat Nov 02 00:44:01 GMT 2024","","MAIN-BRANCH","MAIN-BRANCH",""
"","23","UNIFYTEST.03","","Sat Nov 02 01:24:25 GMT 2024","failed","Sat Nov 02 01:24:25 GMT 2024","","SYNTHESIS","SYNTHESIS",""
"","1","OR-TEST.19","","Sat Nov 02 00:35:19 GMT 2024","passed","Sat Nov 02 00:35:19 GMT 2024","","HYPERON-METTALOG-SANITY","HYPERON-METTALOG-SANITY",""
"","3","BCHAIN.06","","Sat Nov 02 01:46:54 GMT 2024","passed","Sat Nov 02 01:46:54 GMT 2024","","WALK-THRU","WALK-THRU",""
"","247","DEDUCTIONIMPLICATIONDIRECTINTRODUCTIONDTLTEST.04","","Sat Nov 02 01:12:41 GMT 2024","passed","Sat Nov 02 01:12:41 GMT 2024","","DEPENDENT-TYPES","DEPENDENT-TYPES",""
"","2","TYPES2.04","","Sat Nov 02 00:39:10 GMT 2024","passed","Sat Nov 02 00:39:10 GMT 2024","","METTA-MORPH-TESTS","METTA-MORPH-TESTS",""
"","3","FORWARD-CHAINER-TEST.07","","Sat Nov 02 01:16:32 GMT 2024","passed","Sat Nov 02 01:16:32 GMT 2024","","FORWARD-CHAINER","FORWARD-CHAINER",""
"","13","HYPERON-EXPERIMENTAL-ISSUE-481.03","","Sat Nov 02 01:50:12 GMT 2024","passed","Sat Nov 02 01:50:12 GMT 2024","","DEBUGGING","DEBUGGING",""
"","43","FORWARD-CHAINER-TEST.09","","Sat Nov 02 01:16:32 GMT 2024","failed","Sat Nov 02 01:16:32 GMT 2024","","FORWARD-CHAINER","FORWARD-CHAINER",""
"","1648","SELF-CONTAINED-SYNTHESIZE.12","","Sat Nov 02 01:24:29 GMT 2024","failed","Sat Nov 02 01:24:30 GMT 2024","","EXPERIMENTS","EXPERIMENTS",""
"","4000","traverser.creation","","Sat Nov 02 00:33:40 GMT 2024","passed","Sat Nov 02 00:33:44 GMT 2024","","WHOLE-TESTS","WHOLE-TESTS",""
"","145","STDLIB-METTALOG-TEST-PT2.21","","Sat Nov 02 00:52:56 GMT 2024","failed","Sat Nov 02 00:52:56 GMT 2024","","STDLIB-METTALOG","STDLIB-METTALOG",""
"","2","FORWARD-CHAINER-TEST.08","","Sat Nov 02 01:16:32 GMT 2024","passed","Sat Nov 02 01:16:32 GMT 2024","","FORWARD-CHAINER","FORWARD-CHAINER",""
"","2","NATSTANDALONETEST.06","","Sat Nov 02 01:16:47 GMT 2024","passed","Sat Nov 02 01:16:47 GMT 2024","","HOL","HOL",""
"","5","ADD-REMOVE-MATCH-INTEGER.30","","Sat Nov 02 00:50:49 GMT 2024","passed","Sat Nov 02 00:50:49 GMT 2024","","SPACES","SPACES",""
"","2","TMPMATCH1.02","","Sat Nov 02 00:41:19 GMT 2024","passed","Sat Nov 02 00:41:19 GMT 2024","","ANTI-REGRESSION","ANTI-REGRESSION",""
"","1","D2-HIGHERFUNC.08","","Sat Nov 02 01:09:59 GMT 2024","passed","Sat Nov 02 01:09:59 GMT 2024","","CHECK-TYPES","CHECK-TYPES",""
"","4000","loop-checks.06_loop_1","","Sat Nov 02 00:33:40 GMT 2024","passed","Sat Nov 02 00:33:44 GMT 2024","","WHOLE-TESTS","WHOLE-TESTS",""
"","89","INTERSECTION-TESTS.29","","Sat Nov 02 00:35:19 GMT 2024","failed","Sat Nov 02 00:35:19 GMT 2024","","HYPERON-METTALOG-SANITY","HYPERON-METTALOG-SANITY",""
"","2","HYPERPOSING-SHARED.07","","Sat Nov 02 01:55:28 GMT 2024","passed","Sat Nov 02 01:55:28 GMT 2024","","BASIC","BASIC",""
"","3","LTE.01","","Sat Nov 02 00:51:31 GMT 2024","passed","Sat Nov 02 00:51:31 GMT 2024","","STD","STD",""
"","1","TESTS2.04","","Sat Nov 02 00:44:01 GMT 2024","passed","Sat Nov 02 00:44:01 GMT 2024","","MAIN-BRANCH","MAIN-BRANCH",""
"","2","SUPERCOLLAPSE.05","","Sat Nov 02 00:39:10 GMT 2024","passed","Sat Nov 02 00:39:10 GMT 2024","","METTA-MORPH-TESTS","METTA-MORPH-TESTS",""
"","2","LISTTEST.14","","Sat Nov 02 01:14:04 GMT 2024","passed","Sat Nov 02 01:14:04 GMT 2024","","COMMON","COMMON",""
"","15","D1-GADT.09","","Sat Nov 02 00:33:44 GMT 2024","passed","Sat Nov 02 00:33:44 GMT 2024","","HYPERON-EXPERIMENTAL-SCRIPTS","HYPERON-EXPERIMENTAL-SCRIPTS",""
"","3","CHAPTER-2-4.12","","Sat Nov 02 00:53:06 GMT 2024","passed","Sat Nov 02 00:53:06 GMT 2024","","SICP-BOOK","SICP-BOOK",""
"","3","B5-TYPES-PRELIM.07","","Sat Nov 02 01:09:38 GMT 2024","passed","Sat Nov 02 01:09:38 GMT 2024","","CHECK-TYPES-TEMP","CHECK-TYPES-TEMP",""
"","1228","SYNTHESIZE-VIA-LET-TEST.08","","Sat Nov 02 01:24:29 GMT 2024","failed","Sat Nov 02 01:24:30 GMT 2024","","EXPERIMENTS","EXPERIMENTS",""
"","3","A1-SYMBOLS.01","","Sat Nov 02 00:33:44 GMT 2024","passed","Sat Nov 02 00:33:44 GMT 2024","","HYPERON-EXPERIMENTAL-SCRIPTS","HYPERON-EXPERIMENTAL-SCRIPTS",""
"","2","SPACE-INTERSECTION-TESTS.15","","Sat Nov 02 00:35:19 GMT 2024","passed","Sat Nov 02 00:35:19 GMT 2024","","HYPERON-METTALOG-SANITY","HYPERON-METTALOG-SANITY",""
"","2","MATCH-VOID.02","","Sat Nov 02 00:39:10 GMT 2024","passed","Sat Nov 02 00:39:10 GMT 2024","","METTA-MORPH-TESTS","METTA-MORPH-TESTS",""
"","2","SPACE-INTERSECTION-TESTS.02","","Sat Nov 02 00:35:19 GMT 2024","passed","Sat Nov 02 00:35:19 GMT 2024","","HYPERON-METTALOG-SANITY","HYPERON-METTALOG-SANITY",""
"","40000","combinator_logic_experiments.y_comb_examples","","Sat Nov 02 00:33:40 GMT 2024","failed","Sat Nov 02 00:34:20 GMT 2024","","WHOLE-TESTS","WHOLE-TESTS",""
"","3","D2-HIGHERFUNC.24","","Sat Nov 02 00:33:44 GMT 2024","passed","Sat Nov 02 00:33:44 GMT 2024","","HYPERON-EXPERIMENTAL-SCRIPTS","HYPERON-EXPERIMENTAL-SCRIPTS",""
"","2","HYPERPOSING-SHARED.05","","Sat Nov 02 01:55:28 GMT 2024","passed","Sat Nov 02 01:55:28 GMT 2024","","BASIC","BASIC",""
"","5000","introspect.exam-spaces","","Sat Nov 02 00:33:40 GMT 2024","passed","Sat Nov 02 00:33:45 GMT 2024","","WHOLE-TESTS","WHOLE-TESTS",""
"","2","E2-STATES.10","","Sat Nov 02 01:09:59 GMT 2024","passed","Sat Nov 02 01:09:59 GMT 2024","","CHECK-TYPES","CHECK-TYPES",""
"","4","INTERSECTION-TESTS.27","","Sat Nov 02 00:35:19 GMT 2024","passed","Sat Nov 02 00:35:19 GMT 2024","","HYPERON-METTALOG-SANITY","HYPERON-METTALOG-SANITY",""
"","2","CHAPTER-2-4.04","","Sat Nov 02 00:53:06 GMT 2024","passed","Sat Nov 02 00:53:06 GMT 2024","","SICP-BOOK","SICP-BOOK",""
"","3","TYPE-PROP.41","","Sat Nov 02 01:09:38 GMT 2024","passed","Sat Nov 02 01:09:38 GMT 2024","","CHECK-TYPES-TEMP","CHECK-TYPES-TEMP",""
"","7","HIGHER-ORDER-FUNCS.08","","Sat Nov 02 00:51:31 GMT 2024","passed","Sat Nov 02 00:51:31 GMT 2024","","STD","STD",""
"","137","STDLIB-METTALOG-TEST-PT2.48","","Sat Nov 02 00:52:56 GMT 2024","failed","Sat Nov 02 00:52:56 GMT 2024","","STDLIB-METTALOG","STDLIB-METTALOG",""
"","3","FORWARD-CHAINER-TEST.04","","Sat Nov 02 01:16:32 GMT 2024","passed","Sat Nov 02 01:16:32 GMT 2024","","FORWARD-CHAINER","FORWARD-CHAINER",""
"","2","KEY-LOOKUPS-MANY.06","","Sat Nov 02 01:55:28 GMT 2024","passed","Sat Nov 02 01:55:28 GMT 2024","","BASIC","BASIC",""
"","48","IMPLICATIONDIRECTINTRODUCTIONDTLTEST.11","","Sat Nov 02 01:12:41 GMT 2024","failed","Sat Nov 02 01:12:41 GMT 2024","","DEPENDENT-TYPES","DEPENDENT-TYPES",""
"","45","CHAPTER-2-2.08","","Sat Nov 02 00:53:06 GMT 2024","failed","Sat Nov 02 00:53:06 GMT 2024","","SICP-BOOK","SICP-BOOK",""
"","2","BASIC.08","","Sat Nov 02 01:06:56 GMT 2024","passed","Sat Nov 02 01:06:56 GMT 2024","","TRAVERSER","TRAVERSER",""
"","2","ORDEREDSETTEST.02","","Sat Nov 02 01:14:04 GMT 2024","passed","Sat Nov 02 01:14:04 GMT 2024","","COMMON","COMMON",""
"","2","SEQUENTIAL-NESTED.02","","Sat Nov 02 00:39:10 GMT 2024","passed","Sat Nov 02 00:39:10 GMT 2024","","METTA-MORPH-TESTS","METTA-MORPH-TESTS",""
"","3","ADD-REMOVE-MATCH-STRINGS.01","","Sat Nov 02 00:50:49 GMT 2024","passed","Sat Nov 02 00:50:49 GMT 2024","","SPACES","SPACES",""
"","79","F1-IMPORTS.14","","Sat Nov 02 00:33:35 GMT 2024","passed","Sat Nov 02 00:33:35 GMT 2024","","MODULE-SYSTEM","MODULE-SYSTEM",""
"","2","D4-TYPE-PROP.16","","Sat Nov 02 00:43:32 GMT 2024","passed","Sat Nov 02 00:43:32 GMT 2024","","QUICK","QUICK",""
"","2","QUERIES.02","","Sat Nov 02 01:06:14 GMT 2024","passed","Sat Nov 02 01:06:14 GMT 2024","","STRIPS-TO-METTA-IMPROVED","STRIPS-TO-METTA-IMPROVED",""
"","255","SHOW-TYPE.15","","Sat Nov 02 00:50:33 GMT 2024","failed","Sat Nov 02 00:50:33 GMT 2024","","INTROSPECT","INTROSPECT",""
"","3","BCHAIN-COMP.04","","Sat Nov 02 00:41:19 GMT 2024","passed","Sat Nov 02 00:41:19 GMT 2024","","ANTI-REGRESSION","ANTI-REGRESSION",""
"","1","ADD-REMOVE-MATCH-S-STRINGS.06","","Sat Nov 02 00:50:49 GMT 2024","passed","Sat Nov 02 00:50:49 GMT 2024","","SPACES","SPACES",""
"","5000","nars_extras.RUN_minnars_trimmed","","Sat Nov 02 00:33:40 GMT 2024","passed","Sat Nov 02 00:33:45 GMT 2024","","WHOLE-TESTS","WHOLE-TESTS",""
"","3","F1-MODULEA.04","","Sat Nov 02 00:43:32 GMT 2024","passed","Sat Nov 02 00:43:32 GMT 2024","","QUICK","QUICK",""
"","1","STDLIB-METTALOG-TEST-PT2.42","","Sat Nov 02 00:52:56 GMT 2024","passed","Sat Nov 02 00:52:56 GMT 2024","","STDLIB-METTALOG","STDLIB-METTALOG",""
"","2","FORWARD-CHAINER-XP.22","","Sat Nov 02 01:16:32 GMT 2024","passed","Sat Nov 02 01:16:32 GMT 2024","","FORWARD-CHAINER","FORWARD-CHAINER",""
"","4","IMPLICATIONDIRECTINTRODUCTIONDTLTEST.06","","Sat Nov 02 01:12:41 GMT 2024","passed","Sat Nov 02 01:12:41 GMT 2024","","DEPENDENT-TYPES","DEPENDENT-TYPES",""
"","2","TEST-IF-CLOSED.07","","Sat Nov 02 01:46:54 GMT 2024","passed","Sat Nov 02 01:46:54 GMT 2024","","WALK-THRU","WALK-THRU",""
"","6000","hol.NatParityTest","","Sat Nov 02 00:33:40 GMT 2024","passed","Sat Nov 02 00:33:46 GMT 2024","","WHOLE-TESTS","WHOLE-TESTS",""
"","2","BCHAIN-COMP.03","","Sat Nov 02 01:46:54 GMT 2024","passed","Sat Nov 02 01:46:54 GMT 2024","","WALK-THRU","WALK-THRU",""
"","2","SYNTHESIZE-VIA-TYPE-CHECKING.11","","Sat Nov 02 01:24:29 GMT 2024","passed","Sat Nov 02 01:24:29 GMT 2024","","EXPERIMENTS","EXPERIMENTS",""
"","580","INF-CTL-MONTH-XP.04","","Sat Nov 02 01:17:56 GMT 2024","passed","Sat Nov 02 01:17:56 GMT 2024","","INFERENCE-CONTROL","INFERENCE-CONTROL",""
"","3","STDLIB-METTALOG-TEST-PT2.70","","Sat Nov 02 00:52:56 GMT 2024","passed","Sat Nov 02 00:52:56 GMT 2024","","STDLIB-METTALOG","STDLIB-METTALOG",""
"","1","IMPL-METTALOGTESTCURRIED.03","","Sat Nov 02 01:46:54 GMT 2024","passed","Sat Nov 02 01:46:54 GMT 2024","","WALK-THRU","WALK-THRU",""
"","3","UNIQUE-TEST.11","","Sat Nov 02 00:35:19 GMT 2024","passed","Sat Nov 02 00:35:19 GMT 2024","","HYPERON-METTALOG-SANITY","HYPERON-METTALOG-SANITY",""
"","4000","experiments.unify-via-let","","Sat Nov 02 00:33:40 GMT 2024","passed","Sat Nov 02 00:33:44 GMT 2024","","WHOLE-TESTS","WHOLE-TESTS",""
"","3","STDLIB-METTALOG-TEST-PT2.63","","Sat Nov 02 00:52:56 GMT 2024","passed","Sat Nov 02 00:52:56 GMT 2024","","STDLIB-METTALOG","STDLIB-METTALOG",""
"","2","TYPE-PROP.26","","Sat Nov 02 01:09:38 GMT 2024","passed","Sat Nov 02 01:09:38 GMT 2024","","CHECK-TYPES-TEMP","CHECK-TYPES-TEMP",""
"","1","TMPMATCH1.03","","Sat Nov 02 01:46:54 GMT 2024","passed","Sat Nov 02 01:46:54 GMT 2024","","WALK-THRU","WALK-THRU",""
"","80","QUERIES.17","","Sat Nov 02 01:06:14 GMT 2024","failed","Sat Nov 02 01:06:14 GMT 2024","","STRIPS-TO-METTA-IMPROVED","STRIPS-TO-METTA-IMPROVED",""
"","3","OBIF-EASY.02","","Sat Nov 02 01:53:12 GMT 2024","passed","Sat Nov 02 01:53:12 GMT 2024","","MULTIDIRECTIONAL","MULTIDIRECTIONAL",""
"","836","JOHN-CARRY-FLOWER-TEST.05","","Sat Nov 02 01:23:24 GMT 2024","failed","Sat Nov 02 01:23:24 GMT 2024","","JOHN-CARRY-FLOWER","JOHN-CARRY-FLOWER",""
"","2","INF-CTL-MONTH-BC-CONT-XP.11","","Sat Nov 02 01:17:56 GMT 2024","passed","Sat Nov 02 01:17:56 GMT 2024","","INFERENCE-CONTROL","INFERENCE-CONTROL",""
"","2","KEY-LOOKUPS-MANY.01","","Sat Nov 02 01:55:28 GMT 2024","passed","Sat Nov 02 01:55:28 GMT 2024","","BASIC","BASIC",""
"","80","STATE-TYPES.06","","Sat Nov 02 01:55:28 GMT 2024","failed","Sat Nov 02 01:55:28 GMT 2024","","BASIC","BASIC",""
"","8","C3-PLN-STV.02","","Sat Nov 02 00:33:44 GMT 2024","passed","Sat Nov 02 00:33:44 GMT 2024","","HYPERON-EXPERIMENTAL-SCRIPTS","HYPERON-EXPERIMENTAL-SCRIPTS",""
"","3","02-CURRIED-PLUS.01","","Sat Nov 02 00:35:19 GMT 2024","passed","Sat Nov 02 00:35:19 GMT 2024","","HYPERON-METTALOG-SANITY","HYPERON-METTALOG-SANITY",""
"","15","00-LANG-CASE.11","","Sat Nov 02 00:35:19 GMT 2024","passed","Sat Nov 02 00:35:19 GMT 2024","","HYPERON-METTALOG-SANITY","HYPERON-METTALOG-SANITY",""
"","40000","main-branch.tests1","","Sat Nov 02 00:33:40 GMT 2024","failed","Sat Nov 02 00:34:20 GMT 2024","","WHOLE-TESTS","WHOLE-TESTS",""
"","2","STRING-TESTS.03","","Sat Nov 02 00:35:19 GMT 2024","passed","Sat Nov 02 00:35:19 GMT 2024","","HYPERON-METTALOG-SANITY","HYPERON-METTALOG-SANITY",""
"","36000","language_models.training_logicmoo","","Sat Nov 02 00:33:40 GMT 2024","passed","Sat Nov 02 00:34:16 GMT 2024","","WHOLE-TESTS","WHOLE-TESTS",""
"","3","INTERSECTION-TESTS.24","","Sat Nov 02 00:35:19 GMT 2024","passed","Sat Nov 02 00:35:19 GMT 2024","","HYPERON-METTALOG-SANITY","HYPERON-METTALOG-SANITY",""
"","4000","strips-to-metta-flat.queries_flat","","Sat Nov 02 00:33:40 GMT 2024","passed","Sat Nov 02 00:33:44 GMT 2024","","WHOLE-TESTS","WHOLE-TESTS",""
"","2","BACKWARD-CHAINER-XP.38","","Sat Nov 02 01:13:49 GMT 2024","passed","Sat Nov 02 01:13:49 GMT 2024","","BACKWARD-CHAINER","BACKWARD-CHAINER",""
"","2","TEST-IF-CLOSED.09","","Sat Nov 02 01:46:54 GMT 2024","passed","Sat Nov 02 01:46:54 GMT 2024","","WALK-THRU","WALK-THRU",""
"","2","ADD-REMOVE-MATCH-FLOAT.06","","Sat Nov 02 00:50:49 GMT 2024","passed","Sat Nov 02 00:50:49 GMT 2024","","SPACES","SPACES",""
"","46000","prev.tests1","","Sat Nov 02 00:33:40 GMT 2024","failed","Sat Nov 02 00:34:26 GMT 2024","","WHOLE-TESTS","WHOLE-TESTS",""
"","2","C1-GROUNDED-BASIC.05","","Sat Nov 02 00:33:44 GMT 2024","passed","Sat Nov 02 00:33:44 GMT 2024","","HYPERON-EXPERIMENTAL-SCRIPTS","HYPERON-EXPERIMENTAL-SCRIPTS",""
"","2","APPEND.02","","Sat Nov 02 01:53:12 GMT 2024","passed","Sat Nov 02 01:53:12 GMT 2024","","MULTIDIRECTIONAL","MULTIDIRECTIONAL",""
"","124","SYNTHESIZE-VIA-UNIFY-TEST.10","","Sat Nov 02 01:24:29 GMT 2024","failed","Sat Nov 02 01:24:29 GMT 2024","","EXPERIMENTS","EXPERIMENTS",""
"","2","CHAPTER-1-1.13","","Sat Nov 02 00:53:06 GMT 2024","passed","Sat Nov 02 00:53:06 GMT 2024","","SICP-BOOK","SICP-BOOK",""
"","347","METTALOGTESTCURRIED2.07","","Sat Nov 02 01:46:54 GMT 2024","passed","Sat Nov 02 01:46:54 GMT 2024","","WALK-THRU","WALK-THRU",""
"","2","IFC-XP.07","","Sat Nov 02 01:19:56 GMT 2024","passed","Sat Nov 02 01:19:56 GMT 2024","","ITERATIVE-CHAINING","ITERATIVE-CHAINING",""
"","4","V2-PLN-XP.03","","Sat Nov 02 00:48:28 GMT 2024","passed","Sat Nov 02 00:48:28 GMT 2024","","CHAINING","CHAINING",""
"","4000","orientation.orientation-test","","Sat Nov 02 00:33:40 GMT 2024","passed","Sat Nov 02 00:33:44 GMT 2024","","WHOLE-TESTS","WHOLE-TESTS",""
"","2","ADD-REMOVE-MATCH-INTEGER.10","","Sat Nov 02 00:50:49 GMT 2024","passed","Sat Nov 02 00:50:49 GMT 2024","","SPACES","SPACES",""
"","2","D1-GADT.12","","Sat Nov 02 00:33:44 GMT 2024","passed","Sat Nov 02 00:33:44 GMT 2024","","HYPERON-EXPERIMENTAL-SCRIPTS","HYPERON-EXPERIMENTAL-SCRIPTS",""
"","16","TEST-INFER-FUNCTION-APPLICATION-TYPE.07","","Sat Nov 02 01:55:28 GMT 2024","failed","Sat Nov 02 01:55:28 GMT 2024","","BASIC","BASIC",""
"","2","E2-STATES.06","","Sat Nov 02 00:33:44 GMT 2024","passed","Sat Nov 02 00:33:44 GMT 2024","","HYPERON-EXPERIMENTAL-SCRIPTS","HYPERON-EXPERIMENTAL-SCRIPTS",""
"","2","NATPARITYTEST.11","","Sat Nov 02 01:16:47 GMT 2024","passed","Sat Nov 02 01:16:47 GMT 2024","","HOL","HOL",""
"","2","F1-MODULEA.02","","Sat Nov 02 00:43:32 GMT 2024","passed","Sat Nov 02 00:43:32 GMT 2024","","QUICK","QUICK",""
"","4","NUMTEST.03","","Sat Nov 02 01:14:04 GMT 2024","passed","Sat Nov 02 01:14:04 GMT 2024","","COMMON","COMMON",""
"","2","TEST-IF-CLOSED.06","","Sat Nov 02 00:41:19 GMT 2024","passed","Sat Nov 02 00:41:19 GMT 2024","","ANTI-REGRESSION","ANTI-REGRESSION",""
"","114","ADD-REMOVE-MATCH-SS-SYMBOLS.14","","Sat Nov 02 00:50:49 GMT 2024","passed","Sat Nov 02 00:50:49 GMT 2024","","SPACES","SPACES",""
"","2","INTERSECTION-TESTS.18","","Sat Nov 02 00:35:19 GMT 2024","passed","Sat Nov 02 00:35:19 GMT 2024","","HYPERON-METTALOG-SANITY","HYPERON-METTALOG-SANITY",""
"","2","ADD-REMOVE-MATCH-MIX-FLOAT-INTEGER.12","","Sat Nov 02 00:50:49 GMT 2024","passed","Sat Nov 02 00:50:49 GMT 2024","","SPACES","SPACES",""
"","1","IBC-XP.04","","Sat Nov 02 01:19:56 GMT 2024","passed","Sat Nov 02 01:19:56 GMT 2024","","ITERATIVE-CHAINING","ITERATIVE-CHAINING",""
"","251","CREATION.03","","Sat Nov 02 01:06:56 GMT 2024","failed","Sat Nov 02 01:06:56 GMT 2024","","TRAVERSER","TRAVERSER",""
"","5","OR-TEST.11","","Sat Nov 02 00:35:19 GMT 2024","passed","Sat Nov 02 00:35:19 GMT 2024","","HYPERON-METTALOG-SANITY","HYPERON-METTALOG-SANITY",""
"","2","IS-SPACE.02","","Sat Nov 02 00:35:19 GMT 2024","passed","Sat Nov 02 00:35:19 GMT 2024","","HYPERON-METTALOG-SANITY","HYPERON-METTALOG-SANITY",""
"","42000","examples.benchmark","","Sat Nov 02 00:33:40 GMT 2024","failed","Sat Nov 02 00:34:22 GMT 2024","","WHOLE-TESTS","WHOLE-TESTS",""
"","3","D2-HIGHERFUNC.01","","Sat Nov 02 00:43:32 GMT 2024","passed","Sat Nov 02 00:43:32 GMT 2024","","QUICK","QUICK",""
"","13","INF-CTL-MONTH-XP.08","","Sat Nov 02 01:17:56 GMT 2024","failed","Sat Nov 02 01:17:56 GMT 2024","","INFERENCE-CONTROL","INFERENCE-CONTROL",""
"","11","HYPERON-EXPERIMENTAL-ISSUE-481.02","","Sat Nov 02 01:50:12 GMT 2024","passed","Sat Nov 02 01:50:12 GMT 2024","","DEBUGGING","DEBUGGING",""
"","6","F1-IMPORTS.02","","Sat Nov 02 00:43:32 GMT 2024","passed","Sat Nov 02 00:43:32 GMT 2024","","QUICK","QUICK",""
"","3","NUMTEST.09","","Sat Nov 02 01:14:04 GMT 2024","passed","Sat Nov 02 01:14:04 GMT 2024","","COMMON","COMMON",""
"","5000","backward-chainer.backward-chainer-xp","","Sat Nov 02 00:33:40 GMT 2024","passed","Sat Nov 02 00:33:45 GMT 2024","","WHOLE-TESTS","WHOLE-TESTS",""
"","3358","TRAINING.02","","Sat Nov 02 02:07:59 GMT 2024","passed","Sat Nov 02 02:08:02 GMT 2024","","LANGUAGE-MODELS","LANGUAGE-MODELS",""
"","2","C1-GROUNDED-BASIC.10","","Sat Nov 02 00:43:32 GMT 2024","passed","Sat Nov 02 00:43:32 GMT 2024","","QUICK","QUICK",""
"","5000","logic.all_any","","Sat Nov 02 00:33:40 GMT 2024","passed","Sat Nov 02 00:33:45 GMT 2024","","WHOLE-TESTS","WHOLE-TESTS",""
"","3","FORWARD-CHAINER-XP.02","","Sat Nov 02 01:16:32 GMT 2024","passed","Sat Nov 02 01:16:32 GMT 2024","","FORWARD-CHAINER","FORWARD-CHAINER",""
"","2","CHAPTER-2-4.08","","Sat Nov 02 00:53:06 GMT 2024","passed","Sat Nov 02 00:53:06 GMT 2024","","SICP-BOOK","SICP-BOOK",""
"","3","D1-GADT.06","","Sat Nov 02 01:09:59 GMT 2024","passed","Sat Nov 02 01:09:59 GMT 2024","","CHECK-TYPES","CHECK-TYPES",""
"","5000","hyperon-experimental_scripts.c1_grounded_basic","","Sat Nov 02 00:33:40 GMT 2024","passed","Sat Nov 02 00:33:45 GMT 2024","","WHOLE-TESTS","WHOLE-TESTS",""
"","1354","PLLM-PENNTREE.06","","Sat Nov 02 02:07:59 GMT 2024","passed","Sat Nov 02 02:08:00 GMT 2024","","LANGUAGE-MODELS","LANGUAGE-MODELS",""
"","4000","transpiler.match_feval","","Sat Nov 02 00:33:40 GMT 2024","passed","Sat Nov 02 00:33:44 GMT 2024","","WHOLE-TESTS","WHOLE-TESTS",""
"","3","ADD-REMOVE-MATCH-S-STRINGS.15","","Sat Nov 02 00:50:49 GMT 2024","passed","Sat Nov 02 00:50:49 GMT 2024","","SPACES","SPACES",""
"","2","GROUNDED-BASIC.02","","Sat Nov 02 00:51:31 GMT 2024","passed","Sat Nov 02 00:51:31 GMT 2024","","STD","STD",""
"","2","ADD-REMOVE-MATCH-S-SYMBOLS.02","","Sat Nov 02 00:50:49 GMT 2024","passed","Sat Nov 02 00:50:49 GMT 2024","","SPACES","SPACES",""
"","4000","multidirectional.ioioioi","","Sat Nov 02 00:33:40 GMT 2024","passed","Sat Nov 02 00:33:44 GMT 2024","","WHOLE-TESTS","WHOLE-TESTS",""
"","3","UNIFY-VIA-LET.01","","Sat Nov 02 01:24:29 GMT 2024","passed","Sat Nov 02 01:24:29 GMT 2024","","EXPERIMENTS","EXPERIMENTS",""
"","2","03-SORING-VIA-INSERT.06","","Sat Nov 02 00:35:19 GMT 2024","passed","Sat Nov 02 00:35:19 GMT 2024","","HYPERON-METTALOG-SANITY","HYPERON-METTALOG-SANITY",""
"","1","FORWARD-CHAINER-XP.17","","Sat Nov 02 01:16:32 GMT 2024","passed","Sat Nov 02 01:16:32 GMT 2024","","FORWARD-CHAINER","FORWARD-CHAINER",""
"","3","NATDTLTEST.03","","Sat Nov 02 01:16:47 GMT 2024","passed","Sat Nov 02 01:16:47 GMT 2024","","HOL","HOL",""
"","2","D4-TYPE-PROP.12","","Sat Nov 02 00:33:44 GMT 2024","passed","Sat Nov 02 00:33:44 GMT 2024","","HYPERON-EXPERIMENTAL-SCRIPTS","HYPERON-EXPERIMENTAL-SCRIPTS",""
"","8000","dependent-types.MinerCurriedDTLTest","","Sat Nov 02 00:33:40 GMT 2024","passed","Sat Nov 02 00:33:48 GMT 2024","","WHOLE-TESTS","WHOLE-TESTS",""
"","4","DEDUCTIONEQUALTEST.01","","Sat Nov 02 01:16:22 GMT 2024","passed","Sat Nov 02 01:16:22 GMT 2024","","EQUAL","EQUAL",""
"","4000","hyperon-mettalog_sanity.sealed_test","","Sat Nov 02 00:33:40 GMT 2024","passed","Sat Nov 02 00:33:44 GMT 2024","","WHOLE-TESTS","WHOLE-TESTS",""
"","2","CHAPTER-1-1.19","","Sat Nov 02 00:53:06 GMT 2024","passed","Sat Nov 02 00:53:06 GMT 2024","","SICP-BOOK","SICP-BOOK",""
"","1","TYPE-PROP.27","","Sat Nov 02 01:09:38 GMT 2024","passed","Sat Nov 02 01:09:38 GMT 2024","","CHECK-TYPES-TEMP","CHECK-TYPES-TEMP",""
"","2","ADD-REMOVE-MATCH-S-SYMBOLS.10","","Sat Nov 02 00:50:49 GMT 2024","passed","Sat Nov 02 00:50:49 GMT 2024","","SPACES","SPACES",""
"","2","ADD-REMOVE-MATCH-MIX-FLOAT-INTEGER.06","","Sat Nov 02 00:50:49 GMT 2024","passed","Sat Nov 02 00:50:49 GMT 2024","","SPACES","SPACES",""
"","2","ADD-REMOVE-MATCH-SS-SYMBOLS.12","","Sat Nov 02 00:50:49 GMT 2024","passed","Sat Nov 02 00:50:49 GMT 2024","","SPACES","SPACES",""
"","6","SEALED-TEST.01","","Sat Nov 02 00:35:19 GMT 2024","passed","Sat Nov 02 00:35:19 GMT 2024","","HYPERON-METTALOG-SANITY","HYPERON-METTALOG-SANITY",""
"","2","ADD-REMOVE-MATCH-INTEGER.21","","Sat Nov 02 00:50:49 GMT 2024","passed","Sat Nov 02 00:50:49 GMT 2024","","SPACES","SPACES",""
"","2","LISTTEST.19","","Sat Nov 02 01:14:04 GMT 2024","passed","Sat Nov 02 01:14:04 GMT 2024","","COMMON","COMMON",""
"","13","INF-CTL-MONTH-BC-XP.03","","Sat Nov 02 01:17:56 GMT 2024","failed","Sat Nov 02 01:17:56 GMT 2024","","INFERENCE-CONTROL","INFERENCE-CONTROL",""
"","3","IFC-XP.10","","Sat Nov 02 01:19:56 GMT 2024","passed","Sat Nov 02 01:19:56 GMT 2024","","ITERATIVE-CHAINING","ITERATIVE-CHAINING",""
"","2","IFC-XP.28","","Sat Nov 02 01:19:56 GMT 2024","passed","Sat Nov 02 01:19:56 GMT 2024","","ITERATIVE-CHAINING","ITERATIVE-CHAINING",""
"","2","BCHAIN.03","","Sat Nov 02 00:41:19 GMT 2024","passed","Sat Nov 02 00:41:19 GMT 2024","","ANTI-REGRESSION","ANTI-REGRESSION",""
"","3","NUMTEST.08","","Sat Nov 02 01:14:04 GMT 2024","passed","Sat Nov 02 01:14:04 GMT 2024","","COMMON","COMMON",""
"","86","STDLIB-METTALOG-TEST-PT2.38","","Sat Nov 02 00:52:56 GMT 2024","failed","Sat Nov 02 00:52:56 GMT 2024","","STDLIB-METTALOG","STDLIB-METTALOG",""
"","145","INF-ORDER-PROBS.02","","Sat Nov 02 01:01:42 GMT 2024","passed","Sat Nov 02 01:01:42 GMT 2024","","PROB-DEP-TYPES","PROB-DEP-TYPES",""
"","2","ADD-REMOVE-MATCH-MIX-FLOAT-INTEGER.26","","Sat Nov 02 00:50:49 GMT 2024","passed","Sat Nov 02 00:50:49 GMT 2024","","SPACES","SPACES",""
"","420","SYNTHESIZE-VIA-LET-TEST.01","","Sat Nov 02 01:24:29 GMT 2024","failed","Sat Nov 02 01:24:29 GMT 2024","","EXPERIMENTS","EXPERIMENTS",""
"","2","HYPERPOSE.07","","Sat Nov 02 00:39:10 GMT 2024","passed","Sat Nov 02 00:39:10 GMT 2024","","METTA-MORPH-TESTS","METTA-MORPH-TESTS",""
"","63","C1-GROUNDED-BASIC.19","","Sat Nov 02 00:43:32 GMT 2024","passed","Sat Nov 02 00:43:32 GMT 2024","","QUICK","QUICK",""
"","5000","anti-regression.test_if_closed","","Sat Nov 02 00:33:40 GMT 2024","passed","Sat Nov 02 00:33:45 GMT 2024","","WHOLE-TESTS","WHOLE-TESTS",""
"","3","D1-GADT.01","","Sat Nov 02 00:33:44 GMT 2024","passed","Sat Nov 02 00:33:44 GMT 2024","","HYPERON-EXPERIMENTAL-SCRIPTS","HYPERON-EXPERIMENTAL-SCRIPTS",""
"","60","F1-IMPORTS.17","","Sat Nov 02 00:33:35 GMT 2024","passed","Sat Nov 02 00:33:35 GMT 2024","","MODULE-SYSTEM","MODULE-SYSTEM",""
"","2","B3-DIRECT.03","","Sat Nov 02 00:33:44 GMT 2024","passed","Sat Nov 02 00:33:44 GMT 2024","","HYPERON-EXPERIMENTAL-SCRIPTS","HYPERON-EXPERIMENTAL-SCRIPTS",""
"","2","C1-GROUNDED-BASIC.05","","Sat Nov 02 00:43:32 GMT 2024","passed","Sat Nov 02 00:43:32 GMT 2024","","QUICK","QUICK",""
"","83","F1-IMPORTS.18","","Sat Nov 02 00:43:32 GMT 2024","passed","Sat Nov 02 00:43:32 GMT 2024","","QUICK","QUICK",""
"","2","SEQUENTIAL-NESTED.07","","Sat Nov 02 00:39:10 GMT 2024","passed","Sat Nov 02 00:39:10 GMT 2024","","METTA-MORPH-TESTS","METTA-MORPH-TESTS",""
"","2","TEST-IF-CLOSED.01","","Sat Nov 02 00:41:19 GMT 2024","passed","Sat Nov 02 00:41:19 GMT 2024","","ANTI-REGRESSION","ANTI-REGRESSION",""
"","5000","hyperon-experimental_scripts.b5_types_prelim","","Sat Nov 02 00:33:40 GMT 2024","passed","Sat Nov 02 00:33:45 GMT 2024","","WHOLE-TESTS","WHOLE-TESTS",""
"","8000","john-carry-flower.john-carry-flower-test","","Sat Nov 02 00:33:40 GMT 2024","passed","Sat Nov 02 00:33:48 GMT 2024","","WHOLE-TESTS","WHOLE-TESTS",""
"","40000","basic.fibo-as-pred","","Sat Nov 02 00:33:40 GMT 2024","failed","Sat Nov 02 00:34:20 GMT 2024","","WHOLE-TESTS","WHOLE-TESTS",""
"","4000","debugging.hyperon_experimental_issue_492","","Sat Nov 02 00:33:40 GMT 2024","passed","Sat Nov 02 00:33:44 GMT 2024","","WHOLE-TESTS","WHOLE-TESTS",""
"","3","A1-SYMBOLS.05","","Sat Nov 02 00:33:44 GMT 2024","passed","Sat Nov 02 00:33:44 GMT 2024","","HYPERON-EXPERIMENTAL-SCRIPTS","HYPERON-EXPERIMENTAL-SCRIPTS",""
"","3","C1-GROUNDED-BASIC.06","","Sat Nov 02 00:43:32 GMT 2024","passed","Sat Nov 02 00:43:32 GMT 2024","","QUICK","QUICK",""
"","6","TRUTHVALUETEST.05","","Sat Nov 02 01:14:29 GMT 2024","passed","Sat Nov 02 01:14:29 GMT 2024","","TRUTHVALUE","TRUTHVALUE",""
"","2","B0-CHAINING-PRELIM.02","","Sat Nov 02 00:33:44 GMT 2024","passed","Sat Nov 02 00:33:44 GMT 2024","","HYPERON-EXPERIMENTAL-SCRIPTS","HYPERON-EXPERIMENTAL-SCRIPTS",""
"","2","TESTS5.08","","Sat Nov 02 00:44:01 GMT 2024","passed","Sat Nov 02 00:44:01 GMT 2024","","MAIN-BRANCH","MAIN-BRANCH",""
"","52","DEDUCTIONDTLTEST.01","","Sat Nov 02 01:12:41 GMT 2024","failed","Sat Nov 02 01:12:41 GMT 2024","","DEPENDENT-TYPES","DEPENDENT-TYPES",""
"","2","BACKWARD-CHAINER-XP.02","","Sat Nov 02 01:13:49 GMT 2024","passed","Sat Nov 02 01:13:49 GMT 2024","","BACKWARD-CHAINER","BACKWARD-CHAINER",""
"","2","TESTS4.01","","Sat Nov 02 00:44:01 GMT 2024","passed","Sat Nov 02 00:44:01 GMT 2024","","MAIN-BRANCH","MAIN-BRANCH",""
"","2","INTERSECTION-TESTS.03","","Sat Nov 02 00:35:19 GMT 2024","passed","Sat Nov 02 00:35:19 GMT 2024","","HYPERON-METTALOG-SANITY","HYPERON-METTALOG-SANITY",""
"","3","D2-HIGHERFUNC.19","","Sat Nov 02 00:43:32 GMT 2024","passed","Sat Nov 02 00:43:32 GMT 2024","","QUICK","QUICK",""
"","5000","synth_buffer.time_synthesize_short","","Sat Nov 02 00:33:40 GMT 2024","passed","Sat Nov 02 00:33:45 GMT 2024","","WHOLE-TESTS","WHOLE-TESTS",""
"","45000","prev.tests4","","Sat Nov 02 00:33:40 GMT 2024","failed","Sat Nov 02 00:34:25 GMT 2024","","WHOLE-TESTS","WHOLE-TESTS",""
"","2","NATPARITYTEST.03","","Sat Nov 02 01:16:47 GMT 2024","passed","Sat Nov 02 01:16:47 GMT 2024","","HOL","HOL",""
"","5000","metta-morph_tests.collapse","","Sat Nov 02 00:33:40 GMT 2024","passed","Sat Nov 02 00:33:45 GMT 2024","","WHOLE-TESTS","WHOLE-TESTS",""
"","806","INF-ORDER-PROBS.07","","Sat Nov 02 01:01:42 GMT 2024","passed","Sat Nov 02 01:01:42 GMT 2024","","PROB-DEP-TYPES","PROB-DEP-TYPES",""
"","2","DEDUCTIONFORMULATEST.02","","Sat Nov 02 01:14:25 GMT 2024","passed","Sat Nov 02 01:14:25 GMT 2024","","FORMULA","FORMULA",""
"","5000","std.get-atoms-test","","Sat Nov 02 00:33:40 GMT 2024","passed","Sat Nov 02 00:33:45 GMT 2024","","WHOLE-TESTS","WHOLE-TESTS",""
"","2","STRING-TESTS.13","","Sat Nov 02 00:35:19 GMT 2024","passed","Sat Nov 02 00:35:19 GMT 2024","","HYPERON-METTALOG-SANITY","HYPERON-METTALOG-SANITY",""
"","3","TYPE-PROP.01","","Sat Nov 02 00:48:28 GMT 2024","passed","Sat Nov 02 00:48:28 GMT 2024","","CHAINING","CHAINING",""
"","2","FIBO-AS-PRED.01","","Sat Nov 02 01:55:28 GMT 2024","passed","Sat Nov 02 01:55:28 GMT 2024","","BASIC","BASIC",""
"","4000","check_types-temp.c1_grounded_basic","","Sat Nov 02 00:33:40 GMT 2024","passed","Sat Nov 02 00:33:44 GMT 2024","","WHOLE-TESTS","WHOLE-TESTS",""
"","352","SYNTHESIZE-VIA-CASE-TEST.07","","Sat Nov 02 01:24:29 GMT 2024","failed","Sat Nov 02 01:24:29 GMT 2024","","EXPERIMENTS","EXPERIMENTS",""
"","4000","walk_thru.test_if_closed","","Sat Nov 02 00:33:40 GMT 2024","passed","Sat Nov 02 00:33:44 GMT 2024","","WHOLE-TESTS","WHOLE-TESTS",""
"","2","B5-TYPES-PRELIM.03","","Sat Nov 02 00:33:44 GMT 2024","passed","Sat Nov 02 00:33:44 GMT 2024","","HYPERON-EXPERIMENTAL-SCRIPTS","HYPERON-EXPERIMENTAL-SCRIPTS",""
"","2","F1-IMPORTS.16","","Sat Nov 02 00:43:32 GMT 2024","passed","Sat Nov 02 00:43:32 GMT 2024","","QUICK","QUICK",""
"","2","D3-DEPTYPES.06","","Sat Nov 02 00:33:44 GMT 2024","passed","Sat Nov 02 00:33:44 GMT 2024","","HYPERON-EXPERIMENTAL-SCRIPTS","HYPERON-EXPERIMENTAL-SCRIPTS",""
"","6","DEBUG-METTALOGTESTCURRIED.05","","Sat Nov 02 01:46:54 GMT 2024","passed","Sat Nov 02 01:46:54 GMT 2024","","WALK-THRU","WALK-THRU",""
"","4000","spaces.add-remove-match-ss-symbols","","Sat Nov 02 00:33:40 GMT 2024","passed","Sat Nov 02 00:33:44 GMT 2024","","WHOLE-TESTS","WHOLE-TESTS",""
"","1","CML-UNSHARED.05","","Sat Nov 02 01:55:28 GMT 2024","passed","Sat Nov 02 01:55:28 GMT 2024","","BASIC","BASIC",""
"","113","C1-GROUNDED-BASIC.14","","Sat Nov 02 00:43:32 GMT 2024","failed","Sat Nov 02 00:43:32 GMT 2024","","QUICK","QUICK",""
"","2","HYPERPOSE.01","","Sat Nov 02 00:39:10 GMT 2024","passed","Sat Nov 02 00:39:10 GMT 2024","","METTA-MORPH-TESTS","METTA-MORPH-TESTS",""
"","4000","metta-morph_tests.hyperpose","","Sat Nov 02 00:33:40 GMT 2024","passed","Sat Nov 02 00:33:44 GMT 2024","","WHOLE-TESTS","WHOLE-TESTS",""
"","3","INF-CTL-XP.01","","Sat Nov 02 01:17:56 GMT 2024","passed","Sat Nov 02 01:17:56 GMT 2024","","INFERENCE-CONTROL","INFERENCE-CONTROL",""
"","5","UNIQUE-TEST.14","","Sat Nov 02 00:35:19 GMT 2024","passed","Sat Nov 02 00:35:19 GMT 2024","","HYPERON-METTALOG-SANITY","HYPERON-METTALOG-SANITY",""
"","80","UNIFY-VIA-CASE.04","","Sat Nov 02 01:24:29 GMT 2024","failed","Sat Nov 02 01:24:29 GMT 2024","","EXPERIMENTS","EXPERIMENTS",""
"","232","TIME-SYNTHESIZE-SHORT.01","","Sat Nov 02 00:37:02 GMT 2024","passed","Sat Nov 02 00:37:02 GMT 2024","","SYNTH-BUFFER","SYNTH-BUFFER",""
"","3","BASIC.09","","Sat Nov 02 01:06:56 GMT 2024","passed","Sat Nov 02 01:06:56 GMT 2024","","TRAVERSER","TRAVERSER",""
"","2","D2-HIGHERFUNC.02","","Sat Nov 02 00:43:32 GMT 2024","passed","Sat Nov 02 00:43:32 GMT 2024","","QUICK","QUICK",""
"","2","ZEROARGS.02","","Sat Nov 02 00:39:10 GMT 2024","passed","Sat Nov 02 00:39:10 GMT 2024","","METTA-MORPH-TESTS","METTA-MORPH-TESTS",""
"","114","STDLIB-METTALOG-TEST-PT2.58","","Sat Nov 02 00:52:56 GMT 2024","failed","Sat Nov 02 00:52:56 GMT 2024","","STDLIB-METTALOG","STDLIB-METTALOG",""
"","2","TREE.03","","Sat Nov 02 00:58:22 GMT 2024","passed","Sat Nov 02 00:58:22 GMT 2024","","COMBINATOR-CALCULI","COMBINATOR-CALCULI",""
"","4000","aunt-kg.baseline_formulation","","Sat Nov 02 00:33:40 GMT 2024","passed","Sat Nov 02 00:33:44 GMT 2024","","WHOLE-TESTS","WHOLE-TESTS",""
"","2","INF-CTL-MONTH-BC-CONT-XP.10","","Sat Nov 02 01:17:56 GMT 2024","passed","Sat Nov 02 01:17:56 GMT 2024","","INFERENCE-CONTROL","INFERENCE-CONTROL",""
"","2","IMPLICATIONDIRECTINTRODUCTIONENTAILTEST.04","","Sat Nov 02 01:16:12 GMT 2024","passed","Sat Nov 02 01:16:12 GMT 2024","","ENTAIL","ENTAIL",""
"","1","B4-NONDETERM.08","","Sat Nov 02 00:33:44 GMT 2024","passed","Sat Nov 02 00:33:44 GMT 2024","","HYPERON-EXPERIMENTAL-SCRIPTS","HYPERON-EXPERIMENTAL-SCRIPTS",""
"","3","D3-DEPTYPES.02","","Sat Nov 02 00:33:44 GMT 2024","passed","Sat Nov 02 00:33:44 GMT 2024","","HYPERON-EXPERIMENTAL-SCRIPTS","HYPERON-EXPERIMENTAL-SCRIPTS",""
"","1541","SYNTHESIZE-VIA-CASE-TEST.11","","Sat Nov 02 01:24:29 GMT 2024","failed","Sat Nov 02 01:24:30 GMT 2024","","EXPERIMENTS","EXPERIMENTS",""
"","3","E2-STATES.11","","Sat Nov 02 01:09:59 GMT 2024","passed","Sat Nov 02 01:09:59 GMT 2024","","CHECK-TYPES","CHECK-TYPES",""
"","41","TYPE-PROP.79","","Sat Nov 02 01:09:38 GMT 2024","failed","Sat Nov 02 01:09:38 GMT 2024","","CHECK-TYPES-TEMP","CHECK-TYPES-TEMP",""
"","2","ADD-REMOVE-MATCH-INTEGER.26","","Sat Nov 02 00:50:49 GMT 2024","passed","Sat Nov 02 00:50:49 GMT 2024","","SPACES","SPACES",""
"","2","NATPARITYTEST.07","","Sat Nov 02 01:16:47 GMT 2024","passed","Sat Nov 02 01:16:47 GMT 2024","","HOL","HOL",""
"","3","LET-SUPERPOSE-IF-CASE.01","","Sat Nov 02 00:39:10 GMT 2024","passed","Sat Nov 02 00:39:10 GMT 2024","","METTA-MORPH-TESTS","METTA-MORPH-TESTS",""
"","2","TYPE-PROP.06","","Sat Nov 02 01:09:38 GMT 2024","passed","Sat Nov 02 01:09:38 GMT 2024","","CHECK-TYPES-TEMP","CHECK-TYPES-TEMP",""
"","6","CHAPTER-1-3.05","","Sat Nov 02 00:53:06 GMT 2024","passed","Sat Nov 02 00:53:06 GMT 2024","","SICP-BOOK","SICP-BOOK",""
"","2","INTERSECTION-TESTS.07","","Sat Nov 02 00:35:19 GMT 2024","passed","Sat Nov 02 00:35:19 GMT 2024","","HYPERON-METTALOG-SANITY","HYPERON-METTALOG-SANITY",""
"","2","F1-MODULEA.07","","Sat Nov 02 00:43:32 GMT 2024","passed","Sat Nov 02 00:43:32 GMT 2024","","QUICK","QUICK",""
"","1","XOR-TEST.09","","Sat Nov 02 00:35:19 GMT 2024","passed","Sat Nov 02 00:35:19 GMT 2024","","HYPERON-METTALOG-SANITY","HYPERON-METTALOG-SANITY",""
"","16","INF-CTL-XP.11","","Sat Nov 02 01:17:56 GMT 2024","failed","Sat Nov 02 01:17:56 GMT 2024","","INFERENCE-CONTROL","INFERENCE-CONTROL",""
"","6000","nars_extras.NARS_BuildTupleCounts","","Sat Nov 02 00:33:40 GMT 2024","passed","Sat Nov 02 00:33:46 GMT 2024","","WHOLE-TESTS","WHOLE-TESTS",""
"","23916","SYNTHESIZE.01","","Sat Nov 02 00:37:02 GMT 2024","passed","Sat Nov 02 00:37:25 GMT 2024","","SYNTH-BUFFER","SYNTH-BUFFER",""
"","2","B5-TYPES-PRELIM.21","","Sat Nov 02 00:33:44 GMT 2024","passed","Sat Nov 02 00:33:44 GMT 2024","","HYPERON-EXPERIMENTAL-SCRIPTS","HYPERON-EXPERIMENTAL-SCRIPTS",""
"","13","CHAPTER-2-4.21","","Sat Nov 02 00:53:06 GMT 2024","failed","Sat Nov 02 00:53:06 GMT 2024","","SICP-BOOK","SICP-BOOK",""
"","80","INF-CTL-MONTH-XP-SHORT-1.02","","Sat Nov 02 02:01:49 GMT 2024","failed","Sat Nov 02 02:01:49 GMT 2024","","COMPARISONS","COMPARISONS",""
"","2","TEST-IF-CLOSED.10","","Sat Nov 02 00:41:19 GMT 2024","passed","Sat Nov 02 00:41:19 GMT 2024","","ANTI-REGRESSION","ANTI-REGRESSION",""
"","3","BCHAIN.06","","Sat Nov 02 00:41:19 GMT 2024","passed","Sat Nov 02 00:41:19 GMT 2024","","ANTI-REGRESSION","ANTI-REGRESSION",""
"","44","TYPE-PROP.58","","Sat Nov 02 01:09:38 GMT 2024","failed","Sat Nov 02 01:09:38 GMT 2024","","CHECK-TYPES-TEMP","CHECK-TYPES-TEMP",""
"","2","TYPES-PRELIM.02","","Sat Nov 02 00:48:28 GMT 2024","passed","Sat Nov 02 00:48:28 GMT 2024","","CHAINING","CHAINING",""
"","60","CHAPTER-2-4.07","","Sat Nov 02 00:53:06 GMT 2024","failed","Sat Nov 02 00:53:06 GMT 2024","","SICP-BOOK","SICP-BOOK",""
"","2","ADD-REMOVE-MATCH-FLOAT.10","","Sat Nov 02 00:50:49 GMT 2024","passed","Sat Nov 02 00:50:49 GMT 2024","","SPACES","SPACES",""
"","4","SPACE-INTERSECTION-TESTS.06","","Sat Nov 02 00:35:19 GMT 2024","passed","Sat Nov 02 00:35:19 GMT 2024","","HYPERON-METTALOG-SANITY","HYPERON-METTALOG-SANITY",""
"","16","D1-GADT.04","","Sat Nov 02 00:33:44 GMT 2024","passed","Sat Nov 02 00:33:44 GMT 2024","","HYPERON-EXPERIMENTAL-SCRIPTS","HYPERON-EXPERIMENTAL-SCRIPTS",""
"","5","INF-ORDER-PROBS.05","","Sat Nov 02 01:01:42 GMT 2024","passed","Sat Nov 02 01:01:42 GMT 2024","","PROB-DEP-TYPES","PROB-DEP-TYPES",""
"","4000","traverser.basic","","Sat Nov 02 00:33:40 GMT 2024","passed","Sat Nov 02 00:33:44 GMT 2024","","WHOLE-TESTS","WHOLE-TESTS",""
"","2","D3-DEPTYPES.03","","Sat Nov 02 00:33:44 GMT 2024","passed","Sat Nov 02 00:33:44 GMT 2024","","HYPERON-EXPERIMENTAL-SCRIPTS","HYPERON-EXPERIMENTAL-SCRIPTS",""
"","16","STDLIB-METTALOG-TEST-PT2.53","","Sat Nov 02 00:52:56 GMT 2024","failed","Sat Nov 02 00:52:56 GMT 2024","","STDLIB-METTALOG","STDLIB-METTALOG",""
"","108","HYPERON-EXPERIMENTAL-ISSUE-492.01","","Sat Nov 02 01:50:12 GMT 2024","failed","Sat Nov 02 01:50:12 GMT 2024","","DEBUGGING","DEBUGGING",""
"","2","C1-GROUNDED-BASIC.09","","Sat Nov 02 00:43:32 GMT 2024","passed","Sat Nov 02 00:43:32 GMT 2024","","QUICK","QUICK",""
"","3","UNIQUE-TEST.12","","Sat Nov 02 00:35:19 GMT 2024","passed","Sat Nov 02 00:35:19 GMT 2024","","HYPERON-METTALOG-SANITY","HYPERON-METTALOG-SANITY",""
"","2","STDLIB-METTALOG-TEST-PT2.19","","Sat Nov 02 00:52:56 GMT 2024","passed","Sat Nov 02 00:52:56 GMT 2024","","STDLIB-METTALOG","STDLIB-METTALOG",""
"","2","00-LANG-CASE.09","","Sat Nov 02 00:35:19 GMT 2024","passed","Sat Nov 02 00:35:19 GMT 2024","","HYPERON-METTALOG-SANITY","HYPERON-METTALOG-SANITY",""
"","2","FC-XP.06","","Sat Nov 02 01:16:42 GMT 2024","passed","Sat Nov 02 01:16:42 GMT 2024","","FORWARD-CHAINING","FORWARD-CHAINING",""
"","13","IMPLICATIONDIRECTINTRODUCTIONDTLTEST.03","","Sat Nov 02 01:12:41 GMT 2024","passed","Sat Nov 02 01:12:41 GMT 2024","","DEPENDENT-TYPES","DEPENDENT-TYPES",""
"","8","D2-HIGHERFUNC.21","","Sat Nov 02 00:33:44 GMT 2024","passed","Sat Nov 02 00:33:44 GMT 2024","","HYPERON-EXPERIMENTAL-SCRIPTS","HYPERON-EXPERIMENTAL-SCRIPTS",""
"","6000","chaining.v2-pln-xp-easy-impl","","Sat Nov 02 00:33:40 GMT 2024","passed","Sat Nov 02 00:33:46 GMT 2024","","WHOLE-TESTS","WHOLE-TESTS",""
"","4000","metta-morph_tests.let_superpose_list","","Sat Nov 02 00:33:40 GMT 2024","passed","Sat Nov 02 00:33:44 GMT 2024","","WHOLE-TESTS","WHOLE-TESTS",""
"","17","NATSTANDALONETEST.11","","Sat Nov 02 01:16:47 GMT 2024","failed","Sat Nov 02 01:16:47 GMT 2024","","HOL","HOL",""
"","3","00A-LANG-COMPILED-CASE.02","","Sat Nov 02 01:45:27 GMT 2024","passed","Sat Nov 02 01:45:27 GMT 2024","","DIRECT-COMP","DIRECT-COMP",""
"","2","QUERIES.14","","Sat Nov 02 01:06:14 GMT 2024","passed","Sat Nov 02 01:06:14 GMT 2024","","STRIPS-TO-METTA-IMPROVED","STRIPS-TO-METTA-IMPROVED",""
"","1","V2-PLN-XP.04","","Sat Nov 02 00:48:28 GMT 2024","passed","Sat Nov 02 00:48:28 GMT 2024","","CHAINING","CHAINING",""
"","2","INTERSECTION-TESTS.19","","Sat Nov 02 00:35:19 GMT 2024","passed","Sat Nov 02 00:35:19 GMT 2024","","HYPERON-METTALOG-SANITY","HYPERON-METTALOG-SANITY",""
"","2","NATPARITYTEST.02","","Sat Nov 02 01:16:47 GMT 2024","passed","Sat Nov 02 01:16:47 GMT 2024","","HOL","HOL",""
"","2","AI-SERVICE-COMPOSITION-EASY.01","","Sat Nov 02 01:07:06 GMT 2024","passed","Sat Nov 02 01:07:06 GMT 2024","","AI-SERVICE","AI-SERVICE",""
"","92","TOO-EAGER-MATH.03","","Sat Nov 02 01:54:28 GMT 2024","passed","Sat Nov 02 01:54:28 GMT 2024","","POSSIBLY-WRONG","POSSIBLY-WRONG",""
"","726","GENE-QUERY.01","","Sat Nov 02 01:09:30 GMT 2024","passed","Sat Nov 02 01:09:30 GMT 2024","","QUERY","QUERY",""
"","2","D3-DEPTYPES.02","","Sat Nov 02 01:09:59 GMT 2024","passed","Sat Nov 02 01:09:59 GMT 2024","","CHECK-TYPES","CHECK-TYPES",""
"","3","TESTS0.03","","Sat Nov 02 01:37:39 GMT 2024","passed","Sat Nov 02 01:37:39 GMT 2024","","NEW","NEW",""
"","41","TESTS1-PRE.06","","Sat Nov 02 00:44:01 GMT 2024","failed","Sat Nov 02 00:44:01 GMT 2024","","MAIN-BRANCH","MAIN-BRANCH",""
"","2","DEBUG-METTALOGTESTCURRIED.02","","Sat Nov 02 01:46:54 GMT 2024","passed","Sat Nov 02 01:46:54 GMT 2024","","WALK-THRU","WALK-THRU",""
"","2","INTEST.01","","Sat Nov 02 01:14:04 GMT 2024","passed","Sat Nov 02 01:14:04 GMT 2024","","COMMON","COMMON",""
"","1","ADD-REMOVE-MATCH-S-STRINGS.12","","Sat Nov 02 00:50:49 GMT 2024","passed","Sat Nov 02 00:50:49 GMT 2024","","SPACES","SPACES",""
"","4000","iterators.lazy_test","","Sat Nov 02 00:33:40 GMT 2024","passed","Sat Nov 02 00:33:44 GMT 2024","","WHOLE-TESTS","WHOLE-TESTS",""
"","5000","logic.puzzle","","Sat Nov 02 00:33:40 GMT 2024","passed","Sat Nov 02 00:33:45 GMT 2024","","WHOLE-TESTS","WHOLE-TESTS",""
"","4","D4-TYPE-PROP.04","","Sat Nov 02 01:09:59 GMT 2024","passed","Sat Nov 02 01:09:59 GMT 2024","","CHECK-TYPES","CHECK-TYPES",""
"","2","METTALOGTESTCURRIED2.03","","Sat Nov 02 01:46:54 GMT 2024","passed","Sat Nov 02 01:46:54 GMT 2024","","WALK-THRU","WALK-THRU",""
"","2","SYNTHESIZE-VIA-TYPE-CHECKING.06","","Sat Nov 02 01:24:29 GMT 2024","passed","Sat Nov 02 01:24:29 GMT 2024","","EXPERIMENTS","EXPERIMENTS",""
"","5000","walk_thru.comma_is_not_special","","Sat Nov 02 00:33:40 GMT 2024","passed","Sat Nov 02 00:33:45 GMT 2024","","WHOLE-TESTS","WHOLE-TESTS",""
"","2","D2-HIGHERFUNC.16","","Sat Nov 02 00:33:44 GMT 2024","passed","Sat Nov 02 00:33:44 GMT 2024","","HYPERON-EXPERIMENTAL-SCRIPTS","HYPERON-EXPERIMENTAL-SCRIPTS",""
"","2","STDLIB-METTALOG-TEST-PT2.50","","Sat Nov 02 00:52:56 GMT 2024","passed","Sat Nov 02 00:52:56 GMT 2024","","STDLIB-METTALOG","STDLIB-METTALOG",""
"","9000","bigram-sentence-evaluator.trigramModel","","Sat Nov 02 00:33:40 GMT 2024","passed","Sat Nov 02 00:33:49 GMT 2024","","WHOLE-TESTS","WHOLE-TESTS",""
"","1234","PLLM-PENNTREE.02","","Sat Nov 02 02:07:59 GMT 2024","passed","Sat Nov 02 02:08:00 GMT 2024","","LANGUAGE-MODELS","LANGUAGE-MODELS",""
"","15","TYPE-PROP.03","","Sat Nov 02 01:09:38 GMT 2024","passed","Sat Nov 02 01:09:38 GMT 2024","","CHECK-TYPES-TEMP","CHECK-TYPES-TEMP",""
"","3","SEQUENTIAL-NESTED.01","","Sat Nov 02 00:39:10 GMT 2024","passed","Sat Nov 02 00:39:10 GMT 2024","","METTA-MORPH-TESTS","METTA-MORPH-TESTS",""
"","2","DEBUG-METTALOGTESTCURRIED.12","","Sat Nov 02 01:46:54 GMT 2024","passed","Sat Nov 02 01:46:54 GMT 2024","","WALK-THRU","WALK-THRU",""
"","2","IBC-XP.18","","Sat Nov 02 01:19:56 GMT 2024","passed","Sat Nov 02 01:19:56 GMT 2024","","ITERATIVE-CHAINING","ITERATIVE-CHAINING",""
"","2","PC-XP.06","","Sat Nov 02 01:22:39 GMT 2024","passed","Sat Nov 02 01:22:39 GMT 2024","","POLYWARD-CHAINING","POLYWARD-CHAINING",""
"","2","D4-TYPE-PROP.14","","Sat Nov 02 00:33:44 GMT 2024","passed","Sat Nov 02 00:33:44 GMT 2024","","HYPERON-EXPERIMENTAL-SCRIPTS","HYPERON-EXPERIMENTAL-SCRIPTS",""
"","2","TESTS4.03","","Sat Nov 02 00:44:01 GMT 2024","passed","Sat Nov 02 00:44:01 GMT 2024","","MAIN-BRANCH","MAIN-BRANCH",""
"","2","ADD-REMOVE-MATCH-MIX-FLOAT-INTEGER.05","","Sat Nov 02 00:50:49 GMT 2024","passed","Sat Nov 02 00:50:49 GMT 2024","","SPACES","SPACES",""
"","3","ADD-REMOVE-MATCH-STRINGS.15","","Sat Nov 02 00:50:49 GMT 2024","passed","Sat Nov 02 00:50:49 GMT 2024","","SPACES","SPACES",""
"","2","D4-TYPE-PROP.09","","Sat Nov 02 00:33:44 GMT 2024","passed","Sat Nov 02 00:33:44 GMT 2024","","HYPERON-EXPERIMENTAL-SCRIPTS","HYPERON-EXPERIMENTAL-SCRIPTS",""
"","4000","comparisons.inf-ctl-month-xp-short_3","","Sat Nov 02 00:33:40 GMT 2024","passed","Sat Nov 02 00:33:44 GMT 2024","","WHOLE-TESTS","WHOLE-TESTS",""
"","5000","hol.NatTest","","Sat Nov 02 00:33:40 GMT 2024","passed","Sat Nov 02 00:33:45 GMT 2024","","WHOLE-TESTS","WHOLE-TESTS",""
"","2","LET-SUPERPOSE-LIST.01","","Sat Nov 02 01:46:29 GMT 2024","passed","Sat Nov 02 01:46:29 GMT 2024","","TRANSPILER","TRANSPILER",""
"","2","BCHAIN.02","","Sat Nov 02 01:46:54 GMT 2024","passed","Sat Nov 02 01:46:54 GMT 2024","","WALK-THRU","WALK-THRU",""
"","37000","dependent-types.ImplicationDirectIntroductionDTLTest","","Sat Nov 02 00:33:40 GMT 2024","passed","Sat Nov 02 00:34:17 GMT 2024","","WHOLE-TESTS","WHOLE-TESTS",""
"","2","00-LANG-CASE.05","","Sat Nov 02 00:35:19 GMT 2024","passed","Sat Nov 02 00:35:19 GMT 2024","","HYPERON-METTALOG-SANITY","HYPERON-METTALOG-SANITY",""
"","5000","current.tests0","","Sat Nov 02 00:33:40 GMT 2024","passed","Sat Nov 02 00:33:45 GMT 2024","","WHOLE-TESTS","WHOLE-TESTS",""
"","43000","synth_buffer.time_synthesize_long","","Sat Nov 02 00:33:40 GMT 2024","failed","Sat Nov 02 00:34:23 GMT 2024","","WHOLE-TESTS","WHOLE-TESTS",""
"","2","BCHAIN-COMP.02","","Sat Nov 02 01:46:54 GMT 2024","passed","Sat Nov 02 01:46:54 GMT 2024","","WALK-THRU","WALK-THRU",""
"","5000","comparisons.inf-ctl-month-xp-short_6","","Sat Nov 02 00:33:40 GMT 2024","passed","Sat Nov 02 00:33:45 GMT 2024","","WHOLE-TESTS","WHOLE-TESTS",""
"","16","TESTS1.01","","Sat Nov 02 01:41:32 GMT 2024","failed","Sat Nov 02 01:41:32 GMT 2024","","PREV","PREV",""
"","3","INTERSECTION-TESTS.26","","Sat Nov 02 00:35:19 GMT 2024","passed","Sat Nov 02 00:35:19 GMT 2024","","HYPERON-METTALOG-SANITY","HYPERON-METTALOG-SANITY",""
"","41000","stack-based.rewrites","","Sat Nov 02 00:33:40 GMT 2024","failed","Sat Nov 02 00:34:21 GMT 2024","","WHOLE-TESTS","WHOLE-TESTS",""
"","3","NAIVE-FIB.01","","Sat Nov 02 02:01:49 GMT 2024","passed","Sat Nov 02 02:01:49 GMT 2024","","COMPARISONS","COMPARISONS",""
"","4000","transpiler.let_superpose_list","","Sat Nov 02 00:33:40 GMT 2024","passed","Sat Nov 02 00:33:44 GMT 2024","","WHOLE-TESTS","WHOLE-TESTS",""
"","2","C1-GROUNDED-BASIC.13","","Sat Nov 02 00:33:44 GMT 2024","passed","Sat Nov 02 00:33:44 GMT 2024","","HYPERON-EXPERIMENTAL-SCRIPTS","HYPERON-EXPERIMENTAL-SCRIPTS",""
"","2","SUBTRACTION-TEST.06","","Sat Nov 02 00:35:19 GMT 2024","passed","Sat Nov 02 00:35:19 GMT 2024","","HYPERON-METTALOG-SANITY","HYPERON-METTALOG-SANITY",""
"","2","SUPERCOLLAPSE.08","","Sat Nov 02 00:39:10 GMT 2024","passed","Sat Nov 02 00:39:10 GMT 2024","","METTA-MORPH-TESTS","METTA-MORPH-TESTS",""
"","1","IMPL-METTALOGTESTCURRIED.02","","Sat Nov 02 01:46:54 GMT 2024","passed","Sat Nov 02 01:46:54 GMT 2024","","WALK-THRU","WALK-THRU",""
"","44","FC-XP.28","","Sat Nov 02 01:16:42 GMT 2024","failed","Sat Nov 02 01:16:42 GMT 2024","","FORWARD-CHAINING","FORWARD-CHAINING",""
"","41000","strips-to-metta-improved.queries","","Sat Nov 02 00:33:40 GMT 2024","failed","Sat Nov 02 00:34:21 GMT 2024","","WHOLE-TESTS","WHOLE-TESTS",""
"","2","APPEND-USING-EQUALITY.05","","Sat Nov 02 01:53:12 GMT 2024","passed","Sat Nov 02 01:53:12 GMT 2024","","MULTIDIRECTIONAL","MULTIDIRECTIONAL",""
"","1144","RED-BLACK.03","","Sat Nov 02 01:05:17 GMT 2024","passed","Sat Nov 02 01:05:18 GMT 2024","","RED-BLACK-LAMBDA","RED-BLACK-LAMBDA",""
"","2","ADD-REMOVE-MATCH-SS-STRINGS.03","","Sat Nov 02 00:50:49 GMT 2024","passed","Sat Nov 02 00:50:49 GMT 2024","","SPACES","SPACES",""
"","2","TYPE-PROP.02","","Sat Nov 02 01:09:38 GMT 2024","passed","Sat Nov 02 01:09:38 GMT 2024","","CHECK-TYPES-TEMP","CHECK-TYPES-TEMP",""
"","3","PREREQS.06","","Sat Nov 02 00:44:01 GMT 2024","passed","Sat Nov 02 00:44:01 GMT 2024","","MAIN-BRANCH","MAIN-BRANCH",""
"","15","CREATE-SERVER.02","","Sat Nov 02 01:51:17 GMT 2024","failed","Sat Nov 02 01:51:17 GMT 2024","","DISTRIBUTED-PROCESSING","DISTRIBUTED-PROCESSING",""
"","2","UNIQUE-TEST.03","","Sat Nov 02 00:35:19 GMT 2024","passed","Sat Nov 02 00:35:19 GMT 2024","","HYPERON-METTALOG-SANITY","HYPERON-METTALOG-SANITY",""
"","2","C1-GROUNDED-BASIC.17","","Sat Nov 02 00:33:44 GMT 2024","passed","Sat Nov 02 00:33:44 GMT 2024","","HYPERON-EXPERIMENTAL-SCRIPTS","HYPERON-EXPERIMENTAL-SCRIPTS",""
"","2","KEY-LOOKUPS-MANY.03","","Sat Nov 02 01:55:28 GMT 2024","passed","Sat Nov 02 01:55:28 GMT 2024","","BASIC","BASIC",""
"","40000","experiments.self-contained-synthesize","","Sat Nov 02 00:33:40 GMT 2024","failed","Sat Nov 02 00:34:20 GMT 2024","","WHOLE-TESTS","WHOLE-TESTS",""
"","4000","quick.f1_moduleA","","Sat Nov 02 00:33:40 GMT 2024","passed","Sat Nov 02 00:33:44 GMT 2024","","WHOLE-TESTS","WHOLE-TESTS",""
"","2","D4-TYPE-PROP.16","","Sat Nov 02 00:33:44 GMT 2024","passed","Sat Nov 02 00:33:44 GMT 2024","","HYPERON-EXPERIMENTAL-SCRIPTS","HYPERON-EXPERIMENTAL-SCRIPTS",""
"","4000","match.DeductionMatchTest","","Sat Nov 02 00:33:40 GMT 2024","passed","Sat Nov 02 00:33:44 GMT 2024","","WHOLE-TESTS","WHOLE-TESTS",""
"","1159","TRAINING.03","","Sat Nov 02 02:07:59 GMT 2024","passed","Sat Nov 02 02:08:00 GMT 2024","","LANGUAGE-MODELS","LANGUAGE-MODELS",""
"","79","INTERSECTION-TESTS.31","","Sat Nov 02 00:35:19 GMT 2024","failed","Sat Nov 02 00:35:19 GMT 2024","","HYPERON-METTALOG-SANITY","HYPERON-METTALOG-SANITY",""
"","6","F1-IMPORTS.02","","Sat Nov 02 00:33:44 GMT 2024","passed","Sat Nov 02 00:33:44 GMT 2024","","HYPERON-EXPERIMENTAL-SCRIPTS","HYPERON-EXPERIMENTAL-SCRIPTS",""
"","3","APPEND.01","","Sat Nov 02 01:53:12 GMT 2024","passed","Sat Nov 02 01:53:12 GMT 2024","","MULTIDIRECTIONAL","MULTIDIRECTIONAL",""
"","3","B5-TYPES-PRELIM.01","","Sat Nov 02 00:33:44 GMT 2024","passed","Sat Nov 02 00:33:44 GMT 2024","","HYPERON-EXPERIMENTAL-SCRIPTS","HYPERON-EXPERIMENTAL-SCRIPTS",""
"","4000","hol.ListTest","","Sat Nov 02 00:33:40 GMT 2024","passed","Sat Nov 02 00:33:44 GMT 2024","","WHOLE-TESTS","WHOLE-TESTS",""
"","134","CREATION.01","","Sat Nov 02 01:06:56 GMT 2024","failed","Sat Nov 02 01:06:56 GMT 2024","","TRAVERSER","TRAVERSER",""
"","2","HYPERPOSING-UNSHARED.01","","Sat Nov 02 01:55:28 GMT 2024","passed","Sat Nov 02 01:55:28 GMT 2024","","BASIC","BASIC",""
"","22","KB-WRITE.01","","Sat Nov 02 00:51:31 GMT 2024","failed","Sat Nov 02 00:51:31 GMT 2024","","STD","STD",""
"","4000","possibly_wrong.too_eager_math","","Sat Nov 02 00:33:40 GMT 2024","passed","Sat Nov 02 00:33:44 GMT 2024","","WHOLE-TESTS","WHOLE-TESTS",""
"","120","B5-TYPES-PRELIM.08","","Sat Nov 02 01:09:38 GMT 2024","failed","Sat Nov 02 01:09:38 GMT 2024","","CHECK-TYPES-TEMP","CHECK-TYPES-TEMP",""
"","40000","experiments.synthesize-via-let-test","","Sat Nov 02 00:33:40 GMT 2024","failed","Sat Nov 02 00:34:20 GMT 2024","","WHOLE-TESTS","WHOLE-TESTS",""
"","2","STDLIB-METTALOG-TEST-PT2.55","","Sat Nov 02 00:52:56 GMT 2024","passed","Sat Nov 02 00:52:56 GMT 2024","","STDLIB-METTALOG","STDLIB-METTALOG",""
"","2","ADD-REMOVE-MATCH-INTEGER.29","","Sat Nov 02 00:50:49 GMT 2024","passed","Sat Nov 02 00:50:49 GMT 2024","","SPACES","SPACES",""
"","2","CHAPTER-2-4.05","","Sat Nov 02 00:53:06 GMT 2024","passed","Sat Nov 02 00:53:06 GMT 2024","","SICP-BOOK","SICP-BOOK",""
"","2","SUPERCOLLAPSE.04","","Sat Nov 02 00:39:10 GMT 2024","passed","Sat Nov 02 00:39:10 GMT 2024","","METTA-MORPH-TESTS","METTA-MORPH-TESTS",""
"","64","D2-HIGHERFUNC.07","","Sat Nov 02 01:09:59 GMT 2024","failed","Sat Nov 02 01:09:59 GMT 2024","","CHECK-TYPES","CHECK-TYPES",""
"","4000","metta-morph_tests.types3","","Sat Nov 02 00:33:40 GMT 2024","passed","Sat Nov 02 00:33:44 GMT 2024","","WHOLE-TESTS","WHOLE-TESTS",""
"","1","HYPERPOSE.02","","Sat Nov 02 00:39:10 GMT 2024","passed","Sat Nov 02 00:39:10 GMT 2024","","METTA-MORPH-TESTS","METTA-MORPH-TESTS",""
"","3","HYPERPOSING-SHARED.01","","Sat Nov 02 01:55:28 GMT 2024","passed","Sat Nov 02 01:55:28 GMT 2024","","BASIC","BASIC",""
"","2","CML-UNSHARED.03","","Sat Nov 02 01:55:28 GMT 2024","passed","Sat Nov 02 01:55:28 GMT 2024","","BASIC","BASIC",""
"","7000","metta-morph_tests.factorial","","Sat Nov 02 00:33:40 GMT 2024","passed","Sat Nov 02 00:33:47 GMT 2024","","WHOLE-TESTS","WHOLE-TESTS",""
"","2","E3-MATCH-STATES.04","","Sat Nov 02 00:33:44 GMT 2024","passed","Sat Nov 02 00:33:44 GMT 2024","","HYPERON-EXPERIMENTAL-SCRIPTS","HYPERON-EXPERIMENTAL-SCRIPTS",""
"","2","SEQUENTIAL-NESTED.05","","Sat Nov 02 00:39:10 GMT 2024","passed","Sat Nov 02 00:39:10 GMT 2024","","METTA-MORPH-TESTS","METTA-MORPH-TESTS",""
"","4000","hyperon-experimental_scripts.d2_higherfunc","","Sat Nov 02 00:33:40 GMT 2024","passed","Sat Nov 02 00:33:44 GMT 2024","","WHOLE-TESTS","WHOLE-TESTS",""
"","2","INF-CTL-XP.10","","Sat Nov 02 01:17:56 GMT 2024","passed","Sat Nov 02 01:17:56 GMT 2024","","INFERENCE-CONTROL","INFERENCE-CONTROL",""
"","106","TYPE-PROP.76","","Sat Nov 02 01:09:38 GMT 2024","failed","Sat Nov 02 01:09:38 GMT 2024","","CHECK-TYPES-TEMP","CHECK-TYPES-TEMP",""
"","2","IMPL-METTALOGTESTCURRIED.04","","Sat Nov 02 01:46:54 GMT 2024","passed","Sat Nov 02 01:46:54 GMT 2024","","WALK-THRU","WALK-THRU",""
"","2","00-LANG-CASE.10","","Sat Nov 02 00:35:19 GMT 2024","passed","Sat Nov 02 00:35:19 GMT 2024","","HYPERON-METTALOG-SANITY","HYPERON-METTALOG-SANITY",""
"","2","INF-CTL-MONTH-BC-CONT-XP.17","","Sat Nov 02 01:17:56 GMT 2024","passed","Sat Nov 02 01:17:56 GMT 2024","","INFERENCE-CONTROL","INFERENCE-CONTROL",""
"","163","IOIOIOI-USING-EQUALITY.01","","Sat Nov 02 01:53:12 GMT 2024","failed","Sat Nov 02 01:53:12 GMT 2024","","MULTIDIRECTIONAL","MULTIDIRECTIONAL",""
"","118","SPACE-INTERSECTION-TESTS.08","","Sat Nov 02 00:35:19 GMT 2024","failed","Sat Nov 02 00:35:19 GMT 2024","","HYPERON-METTALOG-SANITY","HYPERON-METTALOG-SANITY",""
"","2","ADD-REMOVE-MATCH-MIX-FLOAT-INTEGER.03","","Sat Nov 02 00:50:49 GMT 2024","passed","Sat Nov 02 00:50:49 GMT 2024","","SPACES","SPACES",""
"","2","TYPE-PROP.70","","Sat Nov 02 01:09:38 GMT 2024","passed","Sat Nov 02 01:09:38 GMT 2024","","CHECK-TYPES-TEMP","CHECK-TYPES-TEMP",""
"","4000","hyperon-mettalog_sanity.06_match_in_space","","Sat Nov 02 00:33:40 GMT 2024","passed","Sat Nov 02 00:33:44 GMT 2024","","WHOLE-TESTS","WHOLE-TESTS",""
"","4000","debugging.hyperon_experimental_issue_500","","Sat Nov 02 00:33:40 GMT 2024","passed","Sat Nov 02 00:33:44 GMT 2024","","WHOLE-TESTS","WHOLE-TESTS",""
"","2","CHAPTER-1-1.02","","Sat Nov 02 00:53:06 GMT 2024","passed","Sat Nov 02 00:53:06 GMT 2024","","SICP-BOOK","SICP-BOOK",""
"","6000","main-branch.tests0","","Sat Nov 02 00:33:40 GMT 2024","passed","Sat Nov 02 00:33:46 GMT 2024","","WHOLE-TESTS","WHOLE-TESTS",""
"","13","TEST-INFER-FUNCTION-APPLICATION-TYPE.05","","Sat Nov 02 01:55:28 GMT 2024","failed","Sat Nov 02 01:55:28 GMT 2024","","BASIC","BASIC",""
"","3","TESTS0.02","","Sat Nov 02 00:39:10 GMT 2024","passed","Sat Nov 02 00:39:10 GMT 2024","","METTA-MORPH-TESTS","METTA-MORPH-TESTS",""
"","40000","comparisons.naive-fib","","Sat Nov 02 00:33:40 GMT 2024","failed","Sat Nov 02 00:34:20 GMT 2024","","WHOLE-TESTS","WHOLE-TESTS",""
"","501","TESTS5.01","","Sat Nov 02 00:44:01 GMT 2024","failed","Sat Nov 02 00:44:01 GMT 2024","","MAIN-BRANCH","MAIN-BRANCH",""
"","133","INTERSECTION-TESTS.21","","Sat Nov 02 00:35:19 GMT 2024","failed","Sat Nov 02 00:35:19 GMT 2024","","HYPERON-METTALOG-SANITY","HYPERON-METTALOG-SANITY",""
"","24","INF-CTL-XP.17","","Sat Nov 02 01:17:56 GMT 2024","failed","Sat Nov 02 01:17:56 GMT 2024","","INFERENCE-CONTROL","INFERENCE-CONTROL",""
"","5000","truthvalue.TruthValueTest","","Sat Nov 02 00:33:40 GMT 2024","passed","Sat Nov 02 00:33:45 GMT 2024","","WHOLE-TESTS","WHOLE-TESTS",""
"","2","D3-DEPTYPES.06","","Sat Nov 02 01:09:59 GMT 2024","passed","Sat Nov 02 01:09:59 GMT 2024","","CHECK-TYPES","CHECK-TYPES",""
"","2","ADD-REMOVE-MATCH-SYMBOLS.12","","Sat Nov 02 00:50:49 GMT 2024","passed","Sat Nov 02 00:50:49 GMT 2024","","SPACES","SPACES",""
"","2","IS-SPACE.01","","Sat Nov 02 00:35:19 GMT 2024","passed","Sat Nov 02 00:35:19 GMT 2024","","HYPERON-METTALOG-SANITY","HYPERON-METTALOG-SANITY",""
"","3","SYNTHESIZE-VIA-SUPERPOSE.01","","Sat Nov 02 01:24:29 GMT 2024","passed","Sat Nov 02 01:24:29 GMT 2024","","EXPERIMENTS","EXPERIMENTS",""
"","2","INF-CTL-MONTH-BC-CONT-XP.04","","Sat Nov 02 01:17:56 GMT 2024","passed","Sat Nov 02 01:17:56 GMT 2024","","INFERENCE-CONTROL","INFERENCE-CONTROL",""
"","40000","main-branch.tests3","","Sat Nov 02 00:33:40 GMT 2024","failed","Sat Nov 02 00:34:20 GMT 2024","","WHOLE-TESTS","WHOLE-TESTS",""
"","2","CHAPTER-2-4.10","","Sat Nov 02 00:53:06 GMT 2024","passed","Sat Nov 02 00:53:06 GMT 2024","","SICP-BOOK","SICP-BOOK",""
"","5000","SICP_book.chapter_2_4","","Sat Nov 02 00:33:40 GMT 2024","passed","Sat Nov 02 00:33:45 GMT 2024","","WHOLE-TESTS","WHOLE-TESTS",""
"","2","MATCH-SUPERPOSED-SPACES.03","","Sat Nov 02 00:39:10 GMT 2024","passed","Sat Nov 02 00:39:10 GMT 2024","","METTA-MORPH-TESTS","METTA-MORPH-TESTS",""
"","5000","check_types.d3_deptypes","","Sat Nov 02 00:33:40 GMT 2024","passed","Sat Nov 02 00:33:45 GMT 2024","","WHOLE-TESTS","WHOLE-TESTS",""
"","2","TEST-IF-CLOSED.05","","Sat Nov 02 00:41:19 GMT 2024","passed","Sat Nov 02 00:41:19 GMT 2024","","ANTI-REGRESSION","ANTI-REGRESSION",""
"","3","CREATE-SERVER.01","","Sat Nov 02 01:51:17 GMT 2024","passed","Sat Nov 02 01:51:17 GMT 2024","","DISTRIBUTED-PROCESSING","DISTRIBUTED-PROCESSING",""
"","2","CHAPTER-1-1.05","","Sat Nov 02 00:53:06 GMT 2024","passed","Sat Nov 02 00:53:06 GMT 2024","","SICP-BOOK","SICP-BOOK",""
"","40000","ai-service.ai-service-composition-hard","","Sat Nov 02 00:33:40 GMT 2024","failed","Sat Nov 02 00:34:20 GMT 2024","","WHOLE-TESTS","WHOLE-TESTS",""
"","2","MATCH-VOID.03","","Sat Nov 02 00:39:10 GMT 2024","passed","Sat Nov 02 00:39:10 GMT 2024","","METTA-MORPH-TESTS","METTA-MORPH-TESTS",""
"","2","TYPE-PROP.71","","Sat Nov 02 01:09:38 GMT 2024","passed","Sat Nov 02 01:09:38 GMT 2024","","CHECK-TYPES-TEMP","CHECK-TYPES-TEMP",""
"","2","C2-SPACES.04","","Sat Nov 02 00:33:44 GMT 2024","passed","Sat Nov 02 00:33:44 GMT 2024","","HYPERON-EXPERIMENTAL-SCRIPTS","HYPERON-EXPERIMENTAL-SCRIPTS",""
"","2","V2-PLN-XP-SYS-IMPL.02","","Sat Nov 02 00:48:28 GMT 2024","passed","Sat Nov 02 00:48:28 GMT 2024","","CHAINING","CHAINING",""
"","387","INF-CTL-XP.07","","Sat Nov 02 01:17:56 GMT 2024","passed","Sat Nov 02 01:17:56 GMT 2024","","INFERENCE-CONTROL","INFERENCE-CONTROL",""
"","6000","bigram-sentence-evaluator.taus","","Sat Nov 02 00:33:40 GMT 2024","passed","Sat Nov 02 00:33:46 GMT 2024","","WHOLE-TESTS","WHOLE-TESTS",""
"","2","D2-HIGHERFUNC.02","","Sat Nov 02 00:33:44 GMT 2024","passed","Sat Nov 02 00:33:44 GMT 2024","","HYPERON-EXPERIMENTAL-SCRIPTS","HYPERON-EXPERIMENTAL-SCRIPTS",""
"","2","D2-HIGHERFUNC.08","","Sat Nov 02 00:33:44 GMT 2024","passed","Sat Nov 02 00:33:44 GMT 2024","","HYPERON-EXPERIMENTAL-SCRIPTS","HYPERON-EXPERIMENTAL-SCRIPTS",""
"","5","SPACE-SUBTRACTION-TESTS.09","","Sat Nov 02 00:35:19 GMT 2024","passed","Sat Nov 02 00:35:19 GMT 2024","","HYPERON-METTALOG-SANITY","HYPERON-METTALOG-SANITY",""
"","2","TEST-IF-CLOSED.02","","Sat Nov 02 01:46:54 GMT 2024","passed","Sat Nov 02 01:46:54 GMT 2024","","WALK-THRU","WALK-THRU",""
"","3","MATCH-SUPERPOSED-SPACES.04","","Sat Nov 02 00:39:10 GMT 2024","passed","Sat Nov 02 00:39:10 GMT 2024","","METTA-MORPH-TESTS","METTA-MORPH-TESTS",""
"","3","D2-HIGHERFUNC.10","","Sat Nov 02 00:33:44 GMT 2024","passed","Sat Nov 02 00:33:44 GMT 2024","","HYPERON-EXPERIMENTAL-SCRIPTS","HYPERON-EXPERIMENTAL-SCRIPTS",""
"","2","METTALOGTESTCURRIED2.04","","Sat Nov 02 01:46:54 GMT 2024","passed","Sat Nov 02 01:46:54 GMT 2024","","WALK-THRU","WALK-THRU",""
"","2","FORWARD-CHAINER-XP.26","","Sat Nov 02 01:16:32 GMT 2024","passed","Sat Nov 02 01:16:32 GMT 2024","","FORWARD-CHAINER","FORWARD-CHAINER",""
"","2","IFC-XP.08","","Sat Nov 02 01:19:56 GMT 2024","passed","Sat Nov 02 01:19:56 GMT 2024","","ITERATIVE-CHAINING","ITERATIVE-CHAINING",""
"","2","D4-TYPE-PROP.02","","Sat Nov 02 00:43:32 GMT 2024","passed","Sat Nov 02 00:43:32 GMT 2024","","QUICK","QUICK",""
"","2","SYNTHESIZE-VIA-SUPERPOSE.04","","Sat Nov 02 01:24:29 GMT 2024","passed","Sat Nov 02 01:24:29 GMT 2024","","EXPERIMENTS","EXPERIMENTS",""
"","220","NATTEST.06","","Sat Nov 02 01:16:47 GMT 2024","failed","Sat Nov 02 01:16:47 GMT 2024","","HOL","HOL",""
"","2","ADD-REMOVE-MATCH-SS-SYMBOLS.02","","Sat Nov 02 00:50:49 GMT 2024","passed","Sat Nov 02 00:50:49 GMT 2024","","SPACES","SPACES",""
"","2","C2-SPACES.01","","Sat Nov 02 00:33:35 GMT 2024","passed","Sat Nov 02 00:33:35 GMT 2024","","MODULE-SYSTEM","MODULE-SYSTEM",""
"","2","STRING-TESTS.12","","Sat Nov 02 00:35:19 GMT 2024","passed","Sat Nov 02 00:35:19 GMT 2024","","HYPERON-METTALOG-SANITY","HYPERON-METTALOG-SANITY",""
"","5000","direct_comp.add_atom_match","","Sat Nov 02 00:33:40 GMT 2024","passed","Sat Nov 02 00:33:45 GMT 2024","","WHOLE-TESTS","WHOLE-TESTS",""
"","43","FC-XP.13","","Sat Nov 02 01:16:42 GMT 2024","failed","Sat Nov 02 01:16:42 GMT 2024","","FORWARD-CHAINING","FORWARD-CHAINING",""
"","2","CURRIED-CHAINER.03","","Sat Nov 02 01:14:39 GMT 2024","passed","Sat Nov 02 01:14:39 GMT 2024","","CURRIED-CHAINING","CURRIED-CHAINING",""
"","5000","hyperon-experimental_scripts.f1_imports","","Sat Nov 02 00:33:40 GMT 2024","passed","Sat Nov 02 00:33:45 GMT 2024","","WHOLE-TESTS","WHOLE-TESTS",""
"","5000","prob-dep-types.inf_order_probs","","Sat Nov 02 00:33:40 GMT 2024","passed","Sat Nov 02 00:33:45 GMT 2024","","WHOLE-TESTS","WHOLE-TESTS",""
"","105","USE-TWO-SERVERS.02","","Sat Nov 02 01:51:17 GMT 2024","failed","Sat Nov 02 01:51:17 GMT 2024","","DISTRIBUTED-PROCESSING","DISTRIBUTED-PROCESSING",""
"","2","D2-HIGHERFUNC.17","","Sat Nov 02 00:33:44 GMT 2024","passed","Sat Nov 02 00:33:44 GMT 2024","","HYPERON-EXPERIMENTAL-SCRIPTS","HYPERON-EXPERIMENTAL-SCRIPTS",""
"","4000","spaces.add-remove-match-s-strings","","Sat Nov 02 00:33:40 GMT 2024","passed","Sat Nov 02 00:33:44 GMT 2024","","WHOLE-TESTS","WHOLE-TESTS",""
"","2","BC-XP.02","","Sat Nov 02 01:13:54 GMT 2024","passed","Sat Nov 02 01:13:54 GMT 2024","","BACKWARD-CHAINING","BACKWARD-CHAINING",""
"","48","MODUSPONENSDTLTEST.01","","Sat Nov 02 01:12:41 GMT 2024","failed","Sat Nov 02 01:12:41 GMT 2024","","DEPENDENT-TYPES","DEPENDENT-TYPES",""
"","3","TESTS0.05","","Sat Nov 02 01:41:32 GMT 2024","passed","Sat Nov 02 01:41:32 GMT 2024","","PREV","PREV",""
"","2","TYPE-PROP.39","","Sat Nov 02 01:09:38 GMT 2024","passed","Sat Nov 02 01:09:38 GMT 2024","","CHECK-TYPES-TEMP","CHECK-TYPES-TEMP",""
"","273","SELF-CONTAINED-SYNTHESIZE.06","","Sat Nov 02 01:24:29 GMT 2024","failed","Sat Nov 02 01:24:29 GMT 2024","","EXPERIMENTS","EXPERIMENTS",""
"","3","BC-COMP.04","","Sat Nov 02 00:41:19 GMT 2024","passed","Sat Nov 02 00:41:19 GMT 2024","","ANTI-REGRESSION","ANTI-REGRESSION",""
"","4000","hyperon-experimental_scripts.b2_backchain","","Sat Nov 02 00:33:40 GMT 2024","passed","Sat Nov 02 00:33:44 GMT 2024","","WHOLE-TESTS","WHOLE-TESTS",""
"","2","00A-LANG-COMPILED-CASE.11","","Sat Nov 02 01:45:27 GMT 2024","passed","Sat Nov 02 01:45:27 GMT 2024","","DIRECT-COMP","DIRECT-COMP",""
"","3","GADT.01","","Sat Nov 02 00:51:31 GMT 2024","passed","Sat Nov 02 00:51:31 GMT 2024","","STD","STD",""
"","112","D5-AUTO-TYPES.04","","Sat Nov 02 00:33:44 GMT 2024","failed","Sat Nov 02 00:33:44 GMT 2024","","HYPERON-EXPERIMENTAL-SCRIPTS","HYPERON-EXPERIMENTAL-SCRIPTS",""
"","2","C2-SPACES.02","","Sat Nov 02 00:33:44 GMT 2024","passed","Sat Nov 02 00:33:44 GMT 2024","","HYPERON-EXPERIMENTAL-SCRIPTS","HYPERON-EXPERIMENTAL-SCRIPTS",""
"","131","BASIC.01","","Sat Nov 02 01:06:56 GMT 2024","passed","Sat Nov 02 01:06:56 GMT 2024","","TRAVERSER","TRAVERSER",""
"","2","B5-TYPES-PRELIM.10","","Sat Nov 02 01:09:38 GMT 2024","passed","Sat Nov 02 01:09:38 GMT 2024","","CHECK-TYPES-TEMP","CHECK-TYPES-TEMP",""
"","21","INF-CTL-MONTH-XP.10","","Sat Nov 02 01:17:56 GMT 2024","failed","Sat Nov 02 01:17:56 GMT 2024","","INFERENCE-CONTROL","INFERENCE-CONTROL",""
"","2","UNIQUE-TEST.09","","Sat Nov 02 00:35:19 GMT 2024","passed","Sat Nov 02 00:35:19 GMT 2024","","HYPERON-METTALOG-SANITY","HYPERON-METTALOG-SANITY",""
"","3","FORWARD-CHAINER-XP.08","","Sat Nov 02 01:16:32 GMT 2024","passed","Sat Nov 02 01:16:32 GMT 2024","","FORWARD-CHAINER","FORWARD-CHAINER",""
"","1","AI-SERVICE-COMPOSITION-SANITY.02","","Sat Nov 02 01:07:06 GMT 2024","passed","Sat Nov 02 01:07:06 GMT 2024","","AI-SERVICE","AI-SERVICE",""
"","2","EVIDENTIALTRUTHVALUETEST.01","","Sat Nov 02 01:14:29 GMT 2024","passed","Sat Nov 02 01:14:29 GMT 2024","","TRUTHVALUE","TRUTHVALUE",""
"","2","ADD-REMOVE-MATCH-INTEGER.06","","Sat Nov 02 00:50:49 GMT 2024","passed","Sat Nov 02 00:50:49 GMT 2024","","SPACES","SPACES",""
"","2","STRING-TESTS.06","","Sat Nov 02 00:35:19 GMT 2024","passed","Sat Nov 02 00:35:19 GMT 2024","","HYPERON-METTALOG-SANITY","HYPERON-METTALOG-SANITY",""
"","45000","new.tests4","","Sat Nov 02 00:33:40 GMT 2024","failed","Sat Nov 02 00:34:25 GMT 2024","","WHOLE-TESTS","WHOLE-TESTS",""
"","2","TYPE-PROP.07","","Sat Nov 02 01:09:38 GMT 2024","passed","Sat Nov 02 01:09:38 GMT 2024","","CHECK-TYPES-TEMP","CHECK-TYPES-TEMP",""
"","7","INF-ORDER-PROBS.10","","Sat Nov 02 01:01:42 GMT 2024","passed","Sat Nov 02 01:01:42 GMT 2024","","PROB-DEP-TYPES","PROB-DEP-TYPES",""
"","2","FC-XP.24","","Sat Nov 02 01:16:42 GMT 2024","passed","Sat Nov 02 01:16:42 GMT 2024","","FORWARD-CHAINING","FORWARD-CHAINING",""
"","560","NTE.02","","Sat Nov 02 00:59:43 GMT 2024","passed","Sat Nov 02 00:59:43 GMT 2024","","EDGES-TO-EDGES","EDGES-TO-EDGES",""
"","1008","TESTS2.03","","Sat Nov 02 00:44:01 GMT 2024","failed","Sat Nov 02 00:44:02 GMT 2024","","MAIN-BRANCH","MAIN-BRANCH",""
"","5000","red-black-lambda.red-black","","Sat Nov 02 00:33:40 GMT 2024","passed","Sat Nov 02 00:33:45 GMT 2024","","WHOLE-TESTS","WHOLE-TESTS",""
"","2","E2-STATES.03","","Sat Nov 02 01:09:59 GMT 2024","passed","Sat Nov 02 01:09:59 GMT 2024","","CHECK-TYPES","CHECK-TYPES",""
"","6000","aunt-kg.simple_conversion","","Sat Nov 02 00:33:40 GMT 2024","passed","Sat Nov 02 00:33:46 GMT 2024","","WHOLE-TESTS","WHOLE-TESTS",""
"","4","SEALED-TEST.10","","Sat Nov 02 00:35:19 GMT 2024","passed","Sat Nov 02 00:35:19 GMT 2024","","HYPERON-METTALOG-SANITY","HYPERON-METTALOG-SANITY",""
"","85","STATE-TYPES.18","","Sat Nov 02 01:55:28 GMT 2024","failed","Sat Nov 02 01:55:28 GMT 2024","","BASIC","BASIC",""
"","3","INTERSECTION-TESTS.32","","Sat Nov 02 00:35:19 GMT 2024","passed","Sat Nov 02 00:35:19 GMT 2024","","HYPERON-METTALOG-SANITY","HYPERON-METTALOG-SANITY",""
"","15","C3-PLN-STV.05","","Sat Nov 02 00:33:44 GMT 2024","passed","Sat Nov 02 00:33:44 GMT 2024","","HYPERON-EXPERIMENTAL-SCRIPTS","HYPERON-EXPERIMENTAL-SCRIPTS",""
"","4","TESTS1.01","","Sat Nov 02 01:28:40 GMT 2024","passed","Sat Nov 02 01:28:40 GMT 2024","","CURRENT","CURRENT",""
"","2","C1-GROUNDED-BASIC.22","","Sat Nov 02 00:33:44 GMT 2024","passed","Sat Nov 02 00:33:44 GMT 2024","","HYPERON-EXPERIMENTAL-SCRIPTS","HYPERON-EXPERIMENTAL-SCRIPTS",""
"","3","OR-TEST.15","","Sat Nov 02 00:35:19 GMT 2024","passed","Sat Nov 02 00:35:19 GMT 2024","","HYPERON-METTALOG-SANITY","HYPERON-METTALOG-SANITY",""
"","2","LTE.07","","Sat Nov 02 00:51:31 GMT 2024","passed","Sat Nov 02 00:51:31 GMT 2024","","STD","STD",""
"","1","D4-TYPE-PROP.07","","Sat Nov 02 00:33:44 GMT 2024","passed","Sat Nov 02 00:33:44 GMT 2024","","HYPERON-EXPERIMENTAL-SCRIPTS","HYPERON-EXPERIMENTAL-SCRIPTS",""
"","2","ADD-ATOM-NAIVE-FIB.06","","Sat Nov 02 02:01:49 GMT 2024","passed","Sat Nov 02 02:01:49 GMT 2024","","COMPARISONS","COMPARISONS",""
"","2","HYPERPOSING.04","","Sat Nov 02 01:55:28 GMT 2024","passed","Sat Nov 02 01:55:28 GMT 2024","","BASIC","BASIC",""
"","42000","aunt-kg.sergey_rodionov_formulation","","Sat Nov 02 00:33:40 GMT 2024","failed","Sat Nov 02 00:34:22 GMT 2024","","WHOLE-TESTS","WHOLE-TESTS",""
"","1248","PUZZLE.01","","Sat Nov 02 01:01:03 GMT 2024","passed","Sat Nov 02 01:01:04 GMT 2024","","LOGIC","LOGIC",""
"","2","SUBTRACTION-TEST.02","","Sat Nov 02 00:35:19 GMT 2024","passed","Sat Nov 02 00:35:19 GMT 2024","","HYPERON-METTALOG-SANITY","HYPERON-METTALOG-SANITY",""
"","2","BC-XP.06","","Sat Nov 02 01:13:54 GMT 2024","passed","Sat Nov 02 01:13:54 GMT 2024","","BACKWARD-CHAINING","BACKWARD-CHAINING",""
"","45000","SICP_book.chapter_2_3","","Sat Nov 02 00:33:40 GMT 2024","failed","Sat Nov 02 00:34:25 GMT 2024","","WHOLE-TESTS","WHOLE-TESTS",""
"","2","TYPE-PROP.15","","Sat Nov 02 01:09:38 GMT 2024","passed","Sat Nov 02 01:09:38 GMT 2024","","CHECK-TYPES-TEMP","CHECK-TYPES-TEMP",""
"","1","INF-CTL-MONTH-XP-SHORT-3.09","","Sat Nov 02 02:01:49 GMT 2024","passed","Sat Nov 02 02:01:49 GMT 2024","","COMPARISONS","COMPARISONS",""
"","3","B2-BACKCHAIN.05","","Sat Nov 02 00:33:44 GMT 2024","passed","Sat Nov 02 00:33:44 GMT 2024","","HYPERON-EXPERIMENTAL-SCRIPTS","HYPERON-EXPERIMENTAL-SCRIPTS",""
"","6000","metta-morph_tests.nalifier","","Sat Nov 02 00:33:40 GMT 2024","passed","Sat Nov 02 00:33:46 GMT 2024","","WHOLE-TESTS","WHOLE-TESTS",""
"","3","PLN-XP-LOCAL-V2.02","","Sat Nov 02 00:48:28 GMT 2024","passed","Sat Nov 02 00:48:28 GMT 2024","","CHAINING","CHAINING",""
"","41000","dependent-types.MinerDTL1Test","","Sat Nov 02 00:33:40 GMT 2024","failed","Sat Nov 02 00:34:21 GMT 2024","","WHOLE-TESTS","WHOLE-TESTS",""
"","40000","combinator-calculi.y_comb_examples","","Sat Nov 02 00:33:40 GMT 2024","failed","Sat Nov 02 00:34:20 GMT 2024","","WHOLE-TESTS","WHOLE-TESTS",""
"","7471","INF-ORDER-PROBS.04","","Sat Nov 02 01:01:42 GMT 2024","passed","Sat Nov 02 01:01:49 GMT 2024","","PROB-DEP-TYPES","PROB-DEP-TYPES",""
"","4","SEALED-TEST.04","","Sat Nov 02 00:35:19 GMT 2024","passed","Sat Nov 02 00:35:19 GMT 2024","","HYPERON-METTALOG-SANITY","HYPERON-METTALOG-SANITY",""
"","2","SUPPORTRULEEXP.01","","Sat Nov 02 01:12:41 GMT 2024","passed","Sat Nov 02 01:12:41 GMT 2024","","DEPENDENT-TYPES","DEPENDENT-TYPES",""
"","2","IFC-XP.30","","Sat Nov 02 01:19:56 GMT 2024","passed","Sat Nov 02 01:19:56 GMT 2024","","ITERATIVE-CHAINING","ITERATIVE-CHAINING",""
"","343","BASIC.04","","Sat Nov 02 01:06:56 GMT 2024","passed","Sat Nov 02 01:06:56 GMT 2024","","TRAVERSER","TRAVERSER",""
"","75","CREATE-SERVER.04","","Sat Nov 02 01:51:17 GMT 2024","failed","Sat Nov 02 01:51:17 GMT 2024","","DISTRIBUTED-PROCESSING","DISTRIBUTED-PROCESSING",""
"","5000","fizzbuzz.simple","","Sat Nov 02 00:33:40 GMT 2024","passed","Sat Nov 02 00:33:45 GMT 2024","","WHOLE-TESTS","WHOLE-TESTS",""
"","967","BC-IMPL.03","","Sat Nov 02 01:46:54 GMT 2024","passed","Sat Nov 02 01:46:54 GMT 2024","","WALK-THRU","WALK-THRU",""
"","4","STDLIB-METTALOG-TEST-PT2.56","","Sat Nov 02 00:52:56 GMT 2024","passed","Sat Nov 02 00:52:56 GMT 2024","","STDLIB-METTALOG","STDLIB-METTALOG",""
"","2","E2-STATES.09","","Sat Nov 02 01:09:59 GMT 2024","passed","Sat Nov 02 01:09:59 GMT 2024","","CHECK-TYPES","CHECK-TYPES",""
"","2","HYPERPOSING-SHARED.06","","Sat Nov 02 01:55:28 GMT 2024","passed","Sat Nov 02 01:55:28 GMT 2024","","BASIC","BASIC",""
"","26","FACTORIAL.01","","Sat Nov 02 00:39:10 GMT 2024","passed","Sat Nov 02 00:39:10 GMT 2024","","METTA-MORPH-TESTS","METTA-MORPH-TESTS",""
"","29","INF-CTL-MONTH-XP-SHORT-1.01","","Sat Nov 02 02:01:49 GMT 2024","failed","Sat Nov 02 02:01:49 GMT 2024","","COMPARISONS","COMPARISONS",""
"","151","EXAMPLES-QUANTS.02","","Sat Nov 02 01:54:23 GMT 2024","failed","Sat Nov 02 01:54:23 GMT 2024","","POLYMORPHIC-TYPES","POLYMORPHIC-TYPES",""
"","3","UTILS-TEST.02","","Sat Nov 02 01:13:44 GMT 2024","passed","Sat Nov 02 01:13:44 GMT 2024","","UTILS","UTILS",""
"","2","BC-COMP.02","","Sat Nov 02 00:41:19 GMT 2024","passed","Sat Nov 02 00:41:19 GMT 2024","","ANTI-REGRESSION","ANTI-REGRESSION",""
"","3","TYPE-PROP.46","","Sat Nov 02 01:09:38 GMT 2024","passed","Sat Nov 02 01:09:38 GMT 2024","","CHECK-TYPES-TEMP","CHECK-TYPES-TEMP",""
"","51","APPEND-USING-EQUALITY.04","","Sat Nov 02 01:53:12 GMT 2024","failed","Sat Nov 02 01:53:12 GMT 2024","","MULTIDIRECTIONAL","MULTIDIRECTIONAL",""
"","78","INF-CTL-MONTH-XP-SHORT-3.15","","Sat Nov 02 02:01:49 GMT 2024","failed","Sat Nov 02 02:01:49 GMT 2024","","COMPARISONS","COMPARISONS",""
"","46000","stdlib-mettalog.stdlib_mettalog_test","","Sat Nov 02 00:33:40 GMT 2024","failed","Sat Nov 02 00:34:26 GMT 2024","","WHOLE-TESTS","WHOLE-TESTS",""
"","2","ADD-REMOVE-MATCH-INTEGER.31","","Sat Nov 02 00:50:49 GMT 2024","passed","Sat Nov 02 00:50:49 GMT 2024","","SPACES","SPACES",""
"","2","NATPARITYTEST.08","","Sat Nov 02 01:16:47 GMT 2024","passed","Sat Nov 02 01:16:47 GMT 2024","","HOL","HOL",""
"","4000","bidirectional_computation.reverse-arithmetic","","Sat Nov 02 00:33:40 GMT 2024","passed","Sat Nov 02 00:33:44 GMT 2024","","WHOLE-TESTS","WHOLE-TESTS",""
"","3","SELF-CONTAINED-SYNTHESIZE.05","","Sat Nov 02 01:24:29 GMT 2024","passed","Sat Nov 02 01:24:29 GMT 2024","","EXPERIMENTS","EXPERIMENTS",""
"","2","TESTS1.03","","Sat Nov 02 00:44:01 GMT 2024","passed","Sat Nov 02 00:44:01 GMT 2024","","MAIN-BRANCH","MAIN-BRANCH",""
"","2","INTERSECTION-TESTS.11","","Sat Nov 02 00:35:19 GMT 2024","passed","Sat Nov 02 00:35:19 GMT 2024","","HYPERON-METTALOG-SANITY","HYPERON-METTALOG-SANITY",""
"","45000","language_models.weighted_pllm","","Sat Nov 02 00:33:40 GMT 2024","failed","Sat Nov 02 00:34:25 GMT 2024","","WHOLE-TESTS","WHOLE-TESTS",""
"","69","F1-IMPORTS.21","","Sat Nov 02 00:33:44 GMT 2024","passed","Sat Nov 02 00:33:44 GMT 2024","","HYPERON-EXPERIMENTAL-SCRIPTS","HYPERON-EXPERIMENTAL-SCRIPTS",""
"","2","C3-PLN-STV.03","","Sat Nov 02 00:33:44 GMT 2024","passed","Sat Nov 02 00:33:44 GMT 2024","","HYPERON-EXPERIMENTAL-SCRIPTS","HYPERON-EXPERIMENTAL-SCRIPTS",""
"","5","NATTEST.05","","Sat Nov 02 01:16:47 GMT 2024","passed","Sat Nov 02 01:16:47 GMT 2024","","HOL","HOL",""
"","1198","SYNTHESIZE-VIA-CASE-TEST.06","","Sat Nov 02 01:24:29 GMT 2024","failed","Sat Nov 02 01:24:30 GMT 2024","","EXPERIMENTS","EXPERIMENTS",""
"","2","INF-CTL-MONTH-XP.02","","Sat Nov 02 01:17:56 GMT 2024","passed","Sat Nov 02 01:17:56 GMT 2024","","INFERENCE-CONTROL","INFERENCE-CONTROL",""
"","116","INF-CTL-MONTH-BC-XP.02","","Sat Nov 02 01:17:56 GMT 2024","failed","Sat Nov 02 01:17:56 GMT 2024","","INFERENCE-CONTROL","INFERENCE-CONTROL",""
"","2","FC-XP.30","","Sat Nov 02 01:16:42 GMT 2024","passed","Sat Nov 02 01:16:42 GMT 2024","","FORWARD-CHAINING","FORWARD-CHAINING",""
"","9","TYPE-PROP.59","","Sat Nov 02 01:09:38 GMT 2024","failed","Sat Nov 02 01:09:38 GMT 2024","","CHECK-TYPES-TEMP","CHECK-TYPES-TEMP",""
"","2","BC-XP.01","","Sat Nov 02 01:13:54 GMT 2024","passed","Sat Nov 02 01:13:54 GMT 2024","","BACKWARD-CHAINING","BACKWARD-CHAINING",""
"","75","BASE-TEST-REPR-PARSE-INTERSECTION.02","","Sat Nov 02 00:35:19 GMT 2024","passed","Sat Nov 02 00:35:19 GMT 2024","","HYPERON-METTALOG-SANITY","HYPERON-METTALOG-SANITY",""
"","3","F1-IMPORTS.15","","Sat Nov 02 00:33:35 GMT 2024","passed","Sat Nov 02 00:33:35 GMT 2024","","MODULE-SYSTEM","MODULE-SYSTEM",""
"","2","ADD-REMOVE-MATCH-SS-STRINGS.11","","Sat Nov 02 00:50:49 GMT 2024","passed","Sat Nov 02 00:50:49 GMT 2024","","SPACES","SPACES",""
"","2","TYPE-PROP.34","","Sat Nov 02 01:09:38 GMT 2024","passed","Sat Nov 02 01:09:38 GMT 2024","","CHECK-TYPES-TEMP","CHECK-TYPES-TEMP",""
"","42","IFC-XP.05","","Sat Nov 02 01:19:56 GMT 2024","failed","Sat Nov 02 01:19:56 GMT 2024","","ITERATIVE-CHAINING","ITERATIVE-CHAINING",""
"","14","D1-GADT.05","","Sat Nov 02 00:33:44 GMT 2024","passed","Sat Nov 02 00:33:44 GMT 2024","","HYPERON-EXPERIMENTAL-SCRIPTS","HYPERON-EXPERIMENTAL-SCRIPTS",""
"","69","F1-IMPORTS.21","","Sat Nov 02 00:43:32 GMT 2024","passed","Sat Nov 02 00:43:32 GMT 2024","","QUICK","QUICK",""
"","5","INF-ORDER-PROBS.06","","Sat Nov 02 01:01:42 GMT 2024","passed","Sat Nov 02 01:01:42 GMT 2024","","PROB-DEP-TYPES","PROB-DEP-TYPES",""
"","4000","hyperon-experimental_scripts.b1_equal_chain","","Sat Nov 02 00:33:40 GMT 2024","passed","Sat Nov 02 00:33:44 GMT 2024","","WHOLE-TESTS","WHOLE-TESTS",""
"","3","IMPL-METTALOGTESTCURRIED.01","","Sat Nov 02 01:46:54 GMT 2024","passed","Sat Nov 02 01:46:54 GMT 2024","","WALK-THRU","WALK-THRU",""
"","2","FORWARD-CHAINER-XP.15","","Sat Nov 02 01:16:32 GMT 2024","passed","Sat Nov 02 01:16:32 GMT 2024","","FORWARD-CHAINER","FORWARD-CHAINER",""
"","3","ADD-REMOVE-MATCH-SS-STRINGS.09","","Sat Nov 02 00:50:49 GMT 2024","passed","Sat Nov 02 00:50:49 GMT 2024","","SPACES","SPACES",""
"","116","TYPE-PROP.73","","Sat Nov 02 01:09:38 GMT 2024","failed","Sat Nov 02 01:09:38 GMT 2024","","CHECK-TYPES-TEMP","CHECK-TYPES-TEMP",""
"","40000","main-branch.tests5","","Sat Nov 02 00:33:40 GMT 2024","failed","Sat Nov 02 00:34:20 GMT 2024","","WHOLE-TESTS","WHOLE-TESTS",""
"","3","B5-TYPES-PRELIM.26","","Sat Nov 02 01:09:38 GMT 2024","passed","Sat Nov 02 01:09:38 GMT 2024","","CHECK-TYPES-TEMP","CHECK-TYPES-TEMP",""
"","248","SELF-CONTAINED-SYNTHESIZE.02","","Sat Nov 02 01:24:29 GMT 2024","failed","Sat Nov 02 01:24:29 GMT 2024","","EXPERIMENTS","EXPERIMENTS",""
"","5000","inference-control.inf-ctl-xp","","Sat Nov 02 00:33:40 GMT 2024","passed","Sat Nov 02 00:33:45 GMT 2024","","WHOLE-TESTS","WHOLE-TESTS",""
"","319","STDLIB-METTALOG-TEST-PT2.22","","Sat Nov 02 00:52:56 GMT 2024","failed","Sat Nov 02 00:52:56 GMT 2024","","STDLIB-METTALOG","STDLIB-METTALOG",""
"","92","STATE-TYPES.02","","Sat Nov 02 01:55:28 GMT 2024","failed","Sat Nov 02 01:55:28 GMT 2024","","BASIC","BASIC",""
"","109","SHOW-TYPE.14","","Sat Nov 02 00:50:33 GMT 2024","failed","Sat Nov 02 00:50:33 GMT 2024","","INTROSPECT","INTROSPECT",""
"","2","TEST-IF-CLOSED.04","","Sat Nov 02 00:41:19 GMT 2024","passed","Sat Nov 02 00:41:19 GMT 2024","","ANTI-REGRESSION","ANTI-REGRESSION",""
"","61","IFC-XP.01","","Sat Nov 02 01:19:56 GMT 2024","failed","Sat Nov 02 01:19:56 GMT 2024","","ITERATIVE-CHAINING","ITERATIVE-CHAINING",""
"","46000","new.tests3","","Sat Nov 02 00:33:40 GMT 2024","failed","Sat Nov 02 00:34:26 GMT 2024","","WHOLE-TESTS","WHOLE-TESTS",""
"","3","IFC-XP.16","","Sat Nov 02 01:19:56 GMT 2024","passed","Sat Nov 02 01:19:56 GMT 2024","","ITERATIVE-CHAINING","ITERATIVE-CHAINING",""
"","2","D1-GADT.14","","Sat Nov 02 00:43:32 GMT 2024","passed","Sat Nov 02 00:43:32 GMT 2024","","QUICK","QUICK",""
"","6000","prev.tests0","","Sat Nov 02 00:33:40 GMT 2024","passed","Sat Nov 02 00:33:46 GMT 2024","","WHOLE-TESTS","WHOLE-TESTS",""
"","3","MINNARS.01","","Sat Nov 02 00:39:10 GMT 2024","passed","Sat Nov 02 00:39:10 GMT 2024","","METTA-MORPH-TESTS","METTA-MORPH-TESTS",""
"","235","INF-CTL-MONTH-XP-LONG.01","","Sat Nov 02 02:01:49 GMT 2024","failed","Sat Nov 02 02:01:49 GMT 2024","","COMPARISONS","COMPARISONS",""
"","2","TYPE-PROP.77","","Sat Nov 02 01:09:38 GMT 2024","passed","Sat Nov 02 01:09:38 GMT 2024","","CHECK-TYPES-TEMP","CHECK-TYPES-TEMP",""
"","2","CHAPTER-1-1.12","","Sat Nov 02 00:53:06 GMT 2024","passed","Sat Nov 02 00:53:06 GMT 2024","","SICP-BOOK","SICP-BOOK",""
"","3","TYPES-PRELIM.05","","Sat Nov 02 00:48:28 GMT 2024","passed","Sat Nov 02 00:48:28 GMT 2024","","CHAINING","CHAINING",""
"","2","00-LANG-CASE.18","","Sat Nov 02 00:35:19 GMT 2024","passed","Sat Nov 02 00:35:19 GMT 2024","","HYPERON-METTALOG-SANITY","HYPERON-METTALOG-SANITY",""
"","14","AI-SERVICE-COMPOSITION-EASY.07","","Sat Nov 02 01:07:06 GMT 2024","passed","Sat Nov 02 01:07:06 GMT 2024","","AI-SERVICE","AI-SERVICE",""
"","14","D3-DEPTYPES.04","","Sat Nov 02 01:09:59 GMT 2024","passed","Sat Nov 02 01:09:59 GMT 2024","","CHECK-TYPES","CHECK-TYPES",""
"","2","IFC-XP.14","","Sat Nov 02 01:19:56 GMT 2024","passed","Sat Nov 02 01:19:56 GMT 2024","","ITERATIVE-CHAINING","ITERATIVE-CHAINING",""
"","2","D2-HIGHERFUNC.18","","Sat Nov 02 00:33:44 GMT 2024","passed","Sat Nov 02 00:33:44 GMT 2024","","HYPERON-EXPERIMENTAL-SCRIPTS","HYPERON-EXPERIMENTAL-SCRIPTS",""
"","41000","main-branch.tests4","","Sat Nov 02 00:33:40 GMT 2024","failed","Sat Nov 02 00:34:21 GMT 2024","","WHOLE-TESTS","WHOLE-TESTS",""
"","2","HYPERPOSE.09","","Sat Nov 02 00:39:10 GMT 2024","passed","Sat Nov 02 00:39:10 GMT 2024","","METTA-MORPH-TESTS","METTA-MORPH-TESTS",""
"","1","ADD-REMOVE-MATCH-SS-STRINGS.05","","Sat Nov 02 00:50:49 GMT 2024","passed","Sat Nov 02 00:50:49 GMT 2024","","SPACES","SPACES",""
"","4","C1-GROUNDED-BASIC.08","","Sat Nov 02 00:33:44 GMT 2024","passed","Sat Nov 02 00:33:44 GMT 2024","","HYPERON-EXPERIMENTAL-SCRIPTS","HYPERON-EXPERIMENTAL-SCRIPTS",""
"","5000","truthvalue.EvidentialTruthValueTest","","Sat Nov 02 00:33:40 GMT 2024","passed","Sat Nov 02 00:33:45 GMT 2024","","WHOLE-TESTS","WHOLE-TESTS",""
"","91","ADD-REMOVE-MATCH-STRINGS.14","","Sat Nov 02 00:50:49 GMT 2024","failed","Sat Nov 02 00:50:49 GMT 2024","","SPACES","SPACES",""
"","39","FC-XP.21","","Sat Nov 02 01:16:42 GMT 2024","failed","Sat Nov 02 01:16:42 GMT 2024","","FORWARD-CHAINING","FORWARD-CHAINING",""
"","4","TESTS0.03","","Sat Nov 02 01:41:32 GMT 2024","passed","Sat Nov 02 01:41:32 GMT 2024","","PREV","PREV",""
"","3","HYPERPOSING-SHARED.10","","Sat Nov 02 01:55:28 GMT 2024","passed","Sat Nov 02 01:55:28 GMT 2024","","BASIC","BASIC",""
"","2","LTE.06","","Sat Nov 02 00:51:31 GMT 2024","passed","Sat Nov 02 00:51:31 GMT 2024","","STD","STD",""
"","40000","dependent-types.MinerDTL3Test","","Sat Nov 02 00:33:40 GMT 2024","failed","Sat Nov 02 00:34:20 GMT 2024","","WHOLE-TESTS","WHOLE-TESTS",""
"","1","F1-IMPORTS.09","","Sat Nov 02 00:33:35 GMT 2024","passed","Sat Nov 02 00:33:35 GMT 2024","","MODULE-SYSTEM","MODULE-SYSTEM",""
"","2","D4-TYPE-PROP.02","","Sat Nov 02 01:09:59 GMT 2024","passed","Sat Nov 02 01:09:59 GMT 2024","","CHECK-TYPES","CHECK-TYPES",""
"","2","C1-GROUNDED-BASIC.11","","Sat Nov 02 00:33:44 GMT 2024","passed","Sat Nov 02 00:33:44 GMT 2024","","HYPERON-EXPERIMENTAL-SCRIPTS","HYPERON-EXPERIMENTAL-SCRIPTS",""
"","1","D1-GADT.14","","Sat Nov 02 00:33:44 GMT 2024","passed","Sat Nov 02 00:33:44 GMT 2024","","HYPERON-EXPERIMENTAL-SCRIPTS","HYPERON-EXPERIMENTAL-SCRIPTS",""
"","2","STATE-TYPES.05","","Sat Nov 02 01:55:28 GMT 2024","passed","Sat Nov 02 01:55:28 GMT 2024","","BASIC","BASIC",""
"","46","D5-AUTO-TYPES.05","","Sat Nov 02 00:33:44 GMT 2024","failed","Sat Nov 02 00:33:44 GMT 2024","","HYPERON-EXPERIMENTAL-SCRIPTS","HYPERON-EXPERIMENTAL-SCRIPTS",""
"","5000","hyperon-experimental_scripts.e3_match_states","","Sat Nov 02 00:33:40 GMT 2024","passed","Sat Nov 02 00:33:45 GMT 2024","","WHOLE-TESTS","WHOLE-TESTS",""
"","2","D1-GADT.03","","Sat Nov 02 00:33:44 GMT 2024","passed","Sat Nov 02 00:33:44 GMT 2024","","HYPERON-EXPERIMENTAL-SCRIPTS","HYPERON-EXPERIMENTAL-SCRIPTS",""
"","4000","basic.hyperposing-unshared","","Sat Nov 02 00:33:40 GMT 2024","passed","Sat Nov 02 00:33:44 GMT 2024","","WHOLE-TESTS","WHOLE-TESTS",""
"","3","F1-MODULEA.09","","Sat Nov 02 00:33:44 GMT 2024","passed","Sat Nov 02 00:33:44 GMT 2024","","HYPERON-EXPERIMENTAL-SCRIPTS","HYPERON-EXPERIMENTAL-SCRIPTS",""
"","63","STDLIB-METTALOG-TEST-PT2.72","","Sat Nov 02 00:52:56 GMT 2024","failed","Sat Nov 02 00:52:56 GMT 2024","","STDLIB-METTALOG","STDLIB-METTALOG",""
"","60","TESTS1.01","","Sat Nov 02 01:37:39 GMT 2024","failed","Sat Nov 02 01:37:39 GMT 2024","","NEW","NEW",""
"","2","SEQUENTIAL-NESTED.03","","Sat Nov 02 00:39:10 GMT 2024","passed","Sat Nov 02 00:39:10 GMT 2024","","METTA-MORPH-TESTS","METTA-MORPH-TESTS",""
"","2","BACKWARD-CHAINER-XP.30","","Sat Nov 02 01:13:49 GMT 2024","passed","Sat Nov 02 01:13:49 GMT 2024","","BACKWARD-CHAINER","BACKWARD-CHAINER",""
"","40000","main-branch.tests2","","Sat Nov 02 00:33:40 GMT 2024","failed","Sat Nov 02 00:34:20 GMT 2024","","WHOLE-TESTS","WHOLE-TESTS",""
"","2","STATE-TYPES.14","","Sat Nov 02 01:55:28 GMT 2024","passed","Sat Nov 02 01:55:28 GMT 2024","","BASIC","BASIC",""
"","4000","std.gadt","","Sat Nov 02 00:33:40 GMT 2024","passed","Sat Nov 02 00:33:44 GMT 2024","","WHOLE-TESTS","WHOLE-TESTS",""
"","2","INF-CTL-MONTH-BC-CONT-XP.12","","Sat Nov 02 01:17:56 GMT 2024","passed","Sat Nov 02 01:17:56 GMT 2024","","INFERENCE-CONTROL","INFERENCE-CONTROL",""
"","2","TESTS0.05","","Sat Nov 02 01:37:39 GMT 2024","passed","Sat Nov 02 01:37:39 GMT 2024","","NEW","NEW",""
"","3","B5-TYPES-PRELIM.21","","Sat Nov 02 01:09:38 GMT 2024","passed","Sat Nov 02 01:09:38 GMT 2024","","CHECK-TYPES-TEMP","CHECK-TYPES-TEMP",""
"","39","OBIF-CLP.03","","Sat Nov 02 01:53:12 GMT 2024","failed","Sat Nov 02 01:53:12 GMT 2024","","MULTIDIRECTIONAL","MULTIDIRECTIONAL",""
"","47","IBC-XP.22","","Sat Nov 02 01:19:56 GMT 2024","failed","Sat Nov 02 01:19:56 GMT 2024","","ITERATIVE-CHAINING","ITERATIVE-CHAINING",""
"","4000","anti-regression.comma_is_not_special","","Sat Nov 02 00:33:40 GMT 2024","passed","Sat Nov 02 00:33:44 GMT 2024","","WHOLE-TESTS","WHOLE-TESTS",""
"","3","BCHAIN-COMP.01","","Sat Nov 02 01:46:54 GMT 2024","passed","Sat Nov 02 01:46:54 GMT 2024","","WALK-THRU","WALK-THRU",""
"","50","DEFINE-IF-LIKE.01","","Sat Nov 02 01:45:27 GMT 2024","failed","Sat Nov 02 01:45:27 GMT 2024","","DIRECT-COMP","DIRECT-COMP",""
"","3","SPACE-INTERSECTION-TESTS.14","","Sat Nov 02 00:35:19 GMT 2024","passed","Sat Nov 02 00:35:19 GMT 2024","","HYPERON-METTALOG-SANITY","HYPERON-METTALOG-SANITY",""
"","5000","chaining.pln_stv","","Sat Nov 02 00:33:40 GMT 2024","passed","Sat Nov 02 00:33:45 GMT 2024","","WHOLE-TESTS","WHOLE-TESTS",""
"","40000","python_from_metta.requests","","Sat Nov 02 00:33:40 GMT 2024","failed","Sat Nov 02 00:34:20 GMT 2024","","WHOLE-TESTS","WHOLE-TESTS",""
"","2","PC-XP.03","","Sat Nov 02 01:22:39 GMT 2024","passed","Sat Nov 02 01:22:39 GMT 2024","","POLYWARD-CHAINING","POLYWARD-CHAINING",""
"","1918","TESTS3.04","","Sat Nov 02 00:44:01 GMT 2024","failed","Sat Nov 02 00:44:02 GMT 2024","","MAIN-BRANCH","MAIN-BRANCH",""
"","3","D2-HIGHERFUNC.27","","Sat Nov 02 00:43:32 GMT 2024","passed","Sat Nov 02 00:43:32 GMT 2024","","QUICK","QUICK",""
"","2","XOR-TEST.02","","Sat Nov 02 00:35:19 GMT 2024","passed","Sat Nov 02 00:35:19 GMT 2024","","HYPERON-METTALOG-SANITY","HYPERON-METTALOG-SANITY",""
"","2","TYPE-PROP.78","","Sat Nov 02 01:09:38 GMT 2024","passed","Sat Nov 02 01:09:38 GMT 2024","","CHECK-TYPES-TEMP","CHECK-TYPES-TEMP",""
"","4000","common.OrderedSetTest","","Sat Nov 02 00:33:40 GMT 2024","passed","Sat Nov 02 00:33:44 GMT 2024","","WHOLE-TESTS","WHOLE-TESTS",""
"","43000","language_models.training_terms","","Sat Nov 02 00:33:40 GMT 2024","failed","Sat Nov 02 00:34:23 GMT 2024","","WHOLE-TESTS","WHOLE-TESTS",""
"","2","ADD-REMOVE-MATCH-SYMBOLS.01","","Sat Nov 02 00:50:49 GMT 2024","passed","Sat Nov 02 00:50:49 GMT 2024","","SPACES","SPACES",""
"","2","B5-TYPES-PRELIM.01","","Sat Nov 02 01:09:38 GMT 2024","passed","Sat Nov 02 01:09:38 GMT 2024","","CHECK-TYPES-TEMP","CHECK-TYPES-TEMP",""
"","4000","metta-morph_tests.match_feval","","Sat Nov 02 00:33:40 GMT 2024","passed","Sat Nov 02 00:33:44 GMT 2024","","WHOLE-TESTS","WHOLE-TESTS",""
"","2","INF-CTL-MONTH-XP-SHORT-3.03","","Sat Nov 02 02:01:49 GMT 2024","passed","Sat Nov 02 02:01:49 GMT 2024","","COMPARISONS","COMPARISONS",""
"","105","TOO-EAGER-MATH.02","","Sat Nov 02 01:54:28 GMT 2024","passed","Sat Nov 02 01:54:28 GMT 2024","","POSSIBLY-WRONG","POSSIBLY-WRONG",""
"","2","IBC-XP.31","","Sat Nov 02 01:19:56 GMT 2024","passed","Sat Nov 02 01:19:56 GMT 2024","","ITERATIVE-CHAINING","ITERATIVE-CHAINING",""
"","14","D1-GADT.05","","Sat Nov 02 00:43:32 GMT 2024","passed","Sat Nov 02 00:43:32 GMT 2024","","QUICK","QUICK",""
"","3","SYNTHESIZE-VIA-LET-TEST.04","","Sat Nov 02 01:24:29 GMT 2024","passed","Sat Nov 02 01:24:29 GMT 2024","","EXPERIMENTS","EXPERIMENTS",""
"","3","D4-TYPE-PROP.06","","Sat Nov 02 01:09:59 GMT 2024","passed","Sat Nov 02 01:09:59 GMT 2024","","CHECK-TYPES","CHECK-TYPES",""
"","28","FACTORIAL.02","","Sat Nov 02 00:39:10 GMT 2024","passed","Sat Nov 02 00:39:10 GMT 2024","","METTA-MORPH-TESTS","METTA-MORPH-TESTS",""
"","4000","entail.DeductionEntailTest","","Sat Nov 02 00:33:40 GMT 2024","passed","Sat Nov 02 00:33:44 GMT 2024","","WHOLE-TESTS","WHOLE-TESTS",""
"","2","LISTTEST.10","","Sat Nov 02 01:14:04 GMT 2024","passed","Sat Nov 02 01:14:04 GMT 2024","","COMMON","COMMON",""
"","131","TESTS0.02","","Sat Nov 02 01:28:40 GMT 2024","passed","Sat Nov 02 01:28:40 GMT 2024","","CURRENT","CURRENT",""
"","5000","metta-morph_tests.tests0","","Sat Nov 02 00:33:40 GMT 2024","passed","Sat Nov 02 00:33:45 GMT 2024","","WHOLE-TESTS","WHOLE-TESTS",""
"","58","C1-GROUNDED-BASIC.15","","Sat Nov 02 00:43:32 GMT 2024","failed","Sat Nov 02 00:43:32 GMT 2024","","QUICK","QUICK",""
"","3","UNIFY-VIA-CASE.03","","Sat Nov 02 01:24:29 GMT 2024","passed","Sat Nov 02 01:24:29 GMT 2024","","EXPERIMENTS","EXPERIMENTS",""
"","40000","basic.hanoi-peg-space","","Sat Nov 02 00:33:40 GMT 2024","failed","Sat Nov 02 00:34:20 GMT 2024","","WHOLE-TESTS","WHOLE-TESTS",""
"","2","INTERSECTION-TESTS.14","","Sat Nov 02 00:35:19 GMT 2024","passed","Sat Nov 02 00:35:19 GMT 2024","","HYPERON-METTALOG-SANITY","HYPERON-METTALOG-SANITY",""
"","5000","edges-to-edges.nte","","Sat Nov 02 00:33:40 GMT 2024","passed","Sat Nov 02 00:33:45 GMT 2024","","WHOLE-TESTS","WHOLE-TESTS",""
"","3","IFC-XP.35","","Sat Nov 02 01:19:56 GMT 2024","passed","Sat Nov 02 01:19:56 GMT 2024","","ITERATIVE-CHAINING","ITERATIVE-CHAINING",""
"","2","BACKWARD-CHAINER-XP.17","","Sat Nov 02 01:13:49 GMT 2024","passed","Sat Nov 02 01:13:49 GMT 2024","","BACKWARD-CHAINER","BACKWARD-CHAINER",""
"","1564","SYNTHESIZE-VIA-LET-TEST.11","","Sat Nov 02 01:24:29 GMT 2024","failed","Sat Nov 02 01:24:30 GMT 2024","","EXPERIMENTS","EXPERIMENTS",""
"","2","KEY-LOOKUPS-MANY.08","","Sat Nov 02 01:55:28 GMT 2024","passed","Sat Nov 02 01:55:28 GMT 2024","","BASIC","BASIC",""
"","2","STRING-TESTS.09","","Sat Nov 02 00:35:19 GMT 2024","passed","Sat Nov 02 00:35:19 GMT 2024","","HYPERON-METTALOG-SANITY","HYPERON-METTALOG-SANITY",""
"","2","FC-XP.27","","Sat Nov 02 01:16:42 GMT 2024","passed","Sat Nov 02 01:16:42 GMT 2024","","FORWARD-CHAINING","FORWARD-CHAINING",""
"","2","BACKWARD-CHAINER-XP.09","","Sat Nov 02 01:13:49 GMT 2024","passed","Sat Nov 02 01:13:49 GMT 2024","","BACKWARD-CHAINER","BACKWARD-CHAINER",""
"","53","STDLIB-METTALOG-TEST-PT2.06","","Sat Nov 02 00:52:56 GMT 2024","failed","Sat Nov 02 00:52:56 GMT 2024","","STDLIB-METTALOG","STDLIB-METTALOG",""
"","2","BACKWARD-CHAIN.03","","Sat Nov 02 00:48:28 GMT 2024","passed","Sat Nov 02 00:48:28 GMT 2024","","CHAINING","CHAINING",""
"","4000","basic.pathfinding-easy","","Sat Nov 02 00:33:40 GMT 2024","passed","Sat Nov 02 00:33:44 GMT 2024","","WHOLE-TESTS","WHOLE-TESTS",""
"","3","TESTS0.04","","Sat Nov 02 01:33:44 GMT 2024","passed","Sat Nov 02 01:33:44 GMT 2024","","NARS-V0","NARS-V0",""
"","2","INF-CTL-XP.05","","Sat Nov 02 01:17:56 GMT 2024","passed","Sat Nov 02 01:17:56 GMT 2024","","INFERENCE-CONTROL","INFERENCE-CONTROL",""
"","2","NONDETERM.03","","Sat Nov 02 00:51:31 GMT 2024","passed","Sat Nov 02 00:51:31 GMT 2024","","STD","STD",""
"","44","BACKWARD-CHAINER-XP.06","","Sat Nov 02 01:13:49 GMT 2024","failed","Sat Nov 02 01:13:49 GMT 2024","","BACKWARD-CHAINER","BACKWARD-CHAINER",""
"","487","PARENT-GO-1.01","","Sat Nov 02 00:48:28 GMT 2024","passed","Sat Nov 02 00:48:28 GMT 2024","","CHAINING","CHAINING",""
"","3","INF-CTL-XP.04","","Sat Nov 02 01:17:56 GMT 2024","passed","Sat Nov 02 01:17:56 GMT 2024","","INFERENCE-CONTROL","INFERENCE-CONTROL",""
"","16000","anti-regression.debug_mettalogTestCurried","","Sat Nov 02 00:33:40 GMT 2024","failed","Sat Nov 02 00:33:56 GMT 2024","","WHOLE-TESTS","WHOLE-TESTS",""
"","4","IFC-XP.41","","Sat Nov 02 01:19:56 GMT 2024","passed","Sat Nov 02 01:19:56 GMT 2024","","ITERATIVE-CHAINING","ITERATIVE-CHAINING",""
"","2","SEALED-TEST.06","","Sat Nov 02 00:35:19 GMT 2024","passed","Sat Nov 02 00:35:19 GMT 2024","","HYPERON-METTALOG-SANITY","HYPERON-METTALOG-SANITY",""
"","2","FORWARD-CHAINER-XP.18","","Sat Nov 02 01:16:32 GMT 2024","passed","Sat Nov 02 01:16:32 GMT 2024","","FORWARD-CHAINER","FORWARD-CHAINER",""
"","3","FORWARD-CHAINER-TEST.12","","Sat Nov 02 01:16:32 GMT 2024","passed","Sat Nov 02 01:16:32 GMT 2024","","FORWARD-CHAINER","FORWARD-CHAINER",""
"","49","FC-XP.01","","Sat Nov 02 01:16:42 GMT 2024","failed","Sat Nov 02 01:16:42 GMT 2024","","FORWARD-CHAINING","FORWARD-CHAINING",""
"","2","D3-DEPTYPES.03","","Sat Nov 02 01:09:59 GMT 2024","passed","Sat Nov 02 01:09:59 GMT 2024","","CHECK-TYPES","CHECK-TYPES",""
"","3","TMPMATCH1.02","","Sat Nov 02 01:46:54 GMT 2024","passed","Sat Nov 02 01:46:54 GMT 2024","","WALK-THRU","WALK-THRU",""
"","2","ADD-REMOVE-MATCH-INTEGER.39","","Sat Nov 02 00:50:49 GMT 2024","passed","Sat Nov 02 00:50:49 GMT 2024","","SPACES","SPACES",""
"","3","DEBUG-METTALOGTESTCURRIED.06","","Sat Nov 02 01:46:54 GMT 2024","passed","Sat Nov 02 01:46:54 GMT 2024","","WALK-THRU","WALK-THRU",""
"","2","C2-SPACES.01","","Sat Nov 02 00:33:44 GMT 2024","passed","Sat Nov 02 00:33:44 GMT 2024","","HYPERON-EXPERIMENTAL-SCRIPTS","HYPERON-EXPERIMENTAL-SCRIPTS",""
"","2","B5-TYPES-PRELIM.05","","Sat Nov 02 01:09:38 GMT 2024","passed","Sat Nov 02 01:09:38 GMT 2024","","CHECK-TYPES-TEMP","CHECK-TYPES-TEMP",""
"","105","TYPE-PROP.74","","Sat Nov 02 01:09:38 GMT 2024","failed","Sat Nov 02 01:09:38 GMT 2024","","CHECK-TYPES-TEMP","CHECK-TYPES-TEMP",""
"","4000","bidirectional_computation.send-more-money","","Sat Nov 02 00:33:40 GMT 2024","passed","Sat Nov 02 00:33:44 GMT 2024","","WHOLE-TESTS","WHOLE-TESTS",""
"","3","ADD-REMOVE-MATCH-S-STRINGS.01","","Sat Nov 02 00:50:49 GMT 2024","passed","Sat Nov 02 00:50:49 GMT 2024","","SPACES","SPACES",""
"","34","CHAPTER-1-3.04","","Sat Nov 02 00:53:06 GMT 2024","passed","Sat Nov 02 00:53:06 GMT 2024","","SICP-BOOK","SICP-BOOK",""
"","5000","dependent-types.SupportRuleExp","","Sat Nov 02 00:33:40 GMT 2024","passed","Sat Nov 02 00:33:45 GMT 2024","","WHOLE-TESTS","WHOLE-TESTS",""
"","2","C1-GROUNDED-BASIC.02","","Sat Nov 02 00:43:32 GMT 2024","passed","Sat Nov 02 00:43:32 GMT 2024","","QUICK","QUICK",""
"","60","D5-AUTO-TYPES.01","","Sat Nov 02 00:33:44 GMT 2024","failed","Sat Nov 02 00:33:44 GMT 2024","","HYPERON-EXPERIMENTAL-SCRIPTS","HYPERON-EXPERIMENTAL-SCRIPTS",""
"","16","STDLIB-METTALOG-TEST-PT2.68","","Sat Nov 02 00:52:56 GMT 2024","failed","Sat Nov 02 00:52:56 GMT 2024","","STDLIB-METTALOG","STDLIB-METTALOG",""
"","18","IFC-XP.17","","Sat Nov 02 01:19:56 GMT 2024","failed","Sat Nov 02 01:19:56 GMT 2024","","ITERATIVE-CHAINING","ITERATIVE-CHAINING",""
"","89","SHOW-TYPE.12","","Sat Nov 02 00:50:33 GMT 2024","failed","Sat Nov 02 00:50:33 GMT 2024","","INTROSPECT","INTROSPECT",""
"","3","IBC-XP.11","","Sat Nov 02 01:19:56 GMT 2024","passed","Sat Nov 02 01:19:56 GMT 2024","","ITERATIVE-CHAINING","ITERATIVE-CHAINING",""
"","2","ADD-REMOVE-MATCH-INTEGER.07","","Sat Nov 02 00:50:49 GMT 2024","passed","Sat Nov 02 00:50:49 GMT 2024","","SPACES","SPACES",""
"","10","05-MATCH-SUPERPOSE-ELEMENT-LIKE-SPACE.02","","Sat Nov 02 01:50:08 GMT 2024","failed","Sat Nov 02 01:50:08 GMT 2024","","CONTAINERS-ARE-SPACES","CONTAINERS-ARE-SPACES",""
"","503","PARENT-GO-1-COMP.01","","Sat Nov 02 00:48:28 GMT 2024","passed","Sat Nov 02 00:48:28 GMT 2024","","CHAINING","CHAINING",""
"","121","C1-GROUNDED-BASIC.14","","Sat Nov 02 00:33:44 GMT 2024","failed","Sat Nov 02 00:33:44 GMT 2024","","HYPERON-EXPERIMENTAL-SCRIPTS","HYPERON-EXPERIMENTAL-SCRIPTS",""
"","3","F1-MODULEA.07","","Sat Nov 02 00:33:44 GMT 2024","passed","Sat Nov 02 00:33:44 GMT 2024","","HYPERON-EXPERIMENTAL-SCRIPTS","HYPERON-EXPERIMENTAL-SCRIPTS",""
"","43000","inference-control.inf-ctl-month-bc-cont-xp","","Sat Nov 02 00:33:40 GMT 2024","failed","Sat Nov 02 00:34:23 GMT 2024","","WHOLE-TESTS","WHOLE-TESTS",""
"","2","INTERSECTION-TESTS.22","","Sat Nov 02 00:35:19 GMT 2024","passed","Sat Nov 02 00:35:19 GMT 2024","","HYPERON-METTALOG-SANITY","HYPERON-METTALOG-SANITY",""
"","2","SUPERCOLLAPSE.01","","Sat Nov 02 00:39:10 GMT 2024","passed","Sat Nov 02 00:39:10 GMT 2024","","METTA-MORPH-TESTS","METTA-MORPH-TESTS",""
"","4000","hyperon-mettalog_sanity.first_answer","","Sat Nov 02 00:33:40 GMT 2024","passed","Sat Nov 02 00:33:44 GMT 2024","","WHOLE-TESTS","WHOLE-TESTS",""
"","2","TYPES-PRELIM.20","","Sat Nov 02 00:48:28 GMT 2024","passed","Sat Nov 02 00:48:28 GMT 2024","","CHAINING","CHAINING",""
"","63","TESTS1.01","","Sat Nov 02 01:33:44 GMT 2024","failed","Sat Nov 02 01:33:44 GMT 2024","","NARS-V0","NARS-V0",""
"","2","XOR-TEST.10","","Sat Nov 02 00:35:19 GMT 2024","passed","Sat Nov 02 00:35:19 GMT 2024","","HYPERON-METTALOG-SANITY","HYPERON-METTALOG-SANITY",""
"","5000","hyperon-mettalog_sanity.first_answer_long","","Sat Nov 02 00:33:40 GMT 2024","passed","Sat Nov 02 00:33:45 GMT 2024","","WHOLE-TESTS","WHOLE-TESTS",""
"","5","SEALED-TEST.09","","Sat Nov 02 00:35:19 GMT 2024","passed","Sat Nov 02 00:35:19 GMT 2024","","HYPERON-METTALOG-SANITY","HYPERON-METTALOG-SANITY",""
"","2","STRING-TESTS.20","","Sat Nov 02 00:35:19 GMT 2024","passed","Sat Nov 02 00:35:19 GMT 2024","","HYPERON-METTALOG-SANITY","HYPERON-METTALOG-SANITY",""
"","5000","located.located-test","","Sat Nov 02 00:33:40 GMT 2024","passed","Sat Nov 02 00:33:45 GMT 2024","","WHOLE-TESTS","WHOLE-TESTS",""
"","2","LISTTEST.05","","Sat Nov 02 01:14:04 GMT 2024","passed","Sat Nov 02 01:14:04 GMT 2024","","COMMON","COMMON",""
"","86","INF-CTL-MONTH-XP-SHORT-6.02","","Sat Nov 02 02:01:49 GMT 2024","failed","Sat Nov 02 02:01:49 GMT 2024","","COMPARISONS","COMPARISONS",""
"","1","HYPERPOSING.05","","Sat Nov 02 01:55:28 GMT 2024","passed","Sat Nov 02 01:55:28 GMT 2024","","BASIC","BASIC",""
"","44","FORWARD-CHAINER-XP.09","","Sat Nov 02 01:16:32 GMT 2024","failed","Sat Nov 02 01:16:32 GMT 2024","","FORWARD-CHAINER","FORWARD-CHAINER",""
"","4000","hyperon-mettalog_sanity.unique_test","","Sat Nov 02 00:33:40 GMT 2024","passed","Sat Nov 02 00:33:44 GMT 2024","","WHOLE-TESTS","WHOLE-TESTS",""
"","4000","bidirectional_computation.send-more","","Sat Nov 02 00:33:40 GMT 2024","passed","Sat Nov 02 00:33:44 GMT 2024","","WHOLE-TESTS","WHOLE-TESTS",""
"","2","C2-SPACES.02","","Sat Nov 02 00:33:35 GMT 2024","passed","Sat Nov 02 00:33:35 GMT 2024","","MODULE-SYSTEM","MODULE-SYSTEM",""
"","2","TYPE-PROP.11","","Sat Nov 02 01:09:38 GMT 2024","passed","Sat Nov 02 01:09:38 GMT 2024","","CHECK-TYPES-TEMP","CHECK-TYPES-TEMP",""
"","2","TYPE-PROP.81","","Sat Nov 02 01:09:38 GMT 2024","passed","Sat Nov 02 01:09:38 GMT 2024","","CHECK-TYPES-TEMP","CHECK-TYPES-TEMP",""
"","57","IMPL-METTALOGTESTCURRIED.07","","Sat Nov 02 01:46:54 GMT 2024","passed","Sat Nov 02 01:46:54 GMT 2024","","WALK-THRU","WALK-THRU",""
"","1","INF-CTL-MONTH-BC-CONT-XP.08","","Sat Nov 02 01:17:56 GMT 2024","passed","Sat Nov 02 01:17:56 GMT 2024","","INFERENCE-CONTROL","INFERENCE-CONTROL",""
"","14","STDLIB-METTALOG-TEST-PT2.35","","Sat Nov 02 00:52:56 GMT 2024","passed","Sat Nov 02 00:52:56 GMT 2024","","STDLIB-METTALOG","STDLIB-METTALOG",""
"","2","BACKWARD-CHAINER-XP.07","","Sat Nov 02 01:13:49 GMT 2024","passed","Sat Nov 02 01:13:49 GMT 2024","","BACKWARD-CHAINER","BACKWARD-CHAINER",""
"","2","C1-GROUNDED-BASIC.11","","Sat Nov 02 00:43:32 GMT 2024","passed","Sat Nov 02 00:43:32 GMT 2024","","QUICK","QUICK",""
"","3","ADD-REMOVE-MATCH-INTEGER.18","","Sat Nov 02 00:50:49 GMT 2024","passed","Sat Nov 02 00:50:49 GMT 2024","","SPACES","SPACES",""
"","3","B4-NONDETERM.09","","Sat Nov 02 00:33:44 GMT 2024","passed","Sat Nov 02 00:33:44 GMT 2024","","HYPERON-EXPERIMENTAL-SCRIPTS","HYPERON-EXPERIMENTAL-SCRIPTS",""
"","2","OR-TEST.16","","Sat Nov 02 00:35:19 GMT 2024","passed","Sat Nov 02 00:35:19 GMT 2024","","HYPERON-METTALOG-SANITY","HYPERON-METTALOG-SANITY",""
"","2","TYPE-PROP.04","","Sat Nov 02 00:48:28 GMT 2024","passed","Sat Nov 02 00:48:28 GMT 2024","","CHAINING","CHAINING",""
"","137","ADD-REMOVE-MATCH-MIX-FLOAT-INTEGER.25","","Sat Nov 02 00:50:49 GMT 2024","failed","Sat Nov 02 00:50:49 GMT 2024","","SPACES","SPACES",""
"","2","TMPMATCH1.04","","Sat Nov 02 01:46:54 GMT 2024","passed","Sat Nov 02 01:46:54 GMT 2024","","WALK-THRU","WALK-THRU",""
"","10","CHAPTER-2-4.18","","Sat Nov 02 00:53:06 GMT 2024","failed","Sat Nov 02 00:53:06 GMT 2024","","SICP-BOOK","SICP-BOOK",""
"","269","BASIC.02","","Sat Nov 02 01:06:56 GMT 2024","passed","Sat Nov 02 01:06:56 GMT 2024","","TRAVERSER","TRAVERSER",""
"","4","ORIENTATION-TEST.03","","Sat Nov 02 01:23:38 GMT 2024","passed","Sat Nov 02 01:23:38 GMT 2024","","ORIENTATION","ORIENTATION",""
"","5000","quick.c1_grounded_basic","","Sat Nov 02 00:33:40 GMT 2024","passed","Sat Nov 02 00:33:45 GMT 2024","","WHOLE-TESTS","WHOLE-TESTS",""
"","4","SHOW-TYPE.05","","Sat Nov 02 00:50:33 GMT 2024","passed","Sat Nov 02 00:50:33 GMT 2024","","INTROSPECT","INTROSPECT",""
"","2","IBC-XP.19","","Sat Nov 02 01:19:56 GMT 2024","passed","Sat Nov 02 01:19:56 GMT 2024","","ITERATIVE-CHAINING","ITERATIVE-CHAINING",""
"","2","TESTS0.04","","Sat Nov 02 00:39:10 GMT 2024","passed","Sat Nov 02 00:39:10 GMT 2024","","METTA-MORPH-TESTS","METTA-MORPH-TESTS",""
"","3","STDLIB-METTALOG-TEST-PT2.30","","Sat Nov 02 00:52:56 GMT 2024","passed","Sat Nov 02 00:52:56 GMT 2024","","STDLIB-METTALOG","STDLIB-METTALOG",""
"","3","SHOW-TYPE.01","","Sat Nov 02 00:50:33 GMT 2024","passed","Sat Nov 02 00:50:33 GMT 2024","","INTROSPECT","INTROSPECT",""
"","5000","bidirectional_computation.relative-arithmetic","","Sat Nov 02 00:33:40 GMT 2024","passed","Sat Nov 02 00:33:45 GMT 2024","","WHOLE-TESTS","WHOLE-TESTS",""
"","3","UNIQUE-TEST.10","","Sat Nov 02 00:35:19 GMT 2024","passed","Sat Nov 02 00:35:19 GMT 2024","","HYPERON-METTALOG-SANITY","HYPERON-METTALOG-SANITY",""
"","2","HYPERPOSING-SHARED.04","","Sat Nov 02 01:55:28 GMT 2024","passed","Sat Nov 02 01:55:28 GMT 2024","","BASIC","BASIC",""
"","2","D2-HIGHERFUNC.18","","Sat Nov 02 01:09:59 GMT 2024","passed","Sat Nov 02 01:09:59 GMT 2024","","CHECK-TYPES","CHECK-TYPES",""
"","3","D2-HIGHERFUNC.26","","Sat Nov 02 00:33:44 GMT 2024","passed","Sat Nov 02 00:33:44 GMT 2024","","HYPERON-EXPERIMENTAL-SCRIPTS","HYPERON-EXPERIMENTAL-SCRIPTS",""
"","3","E1-KB-WRITE.02","","Sat Nov 02 00:33:44 GMT 2024","passed","Sat Nov 02 00:33:44 GMT 2024","","HYPERON-EXPERIMENTAL-SCRIPTS","HYPERON-EXPERIMENTAL-SCRIPTS",""
"","2","ADD-REMOVE-MATCH-INTEGER.36","","Sat Nov 02 00:50:49 GMT 2024","passed","Sat Nov 02 00:50:49 GMT 2024","","SPACES","SPACES",""
"","92","ADD-ATOM-MATCH.01","","Sat Nov 02 01:45:27 GMT 2024","failed","Sat Nov 02 01:45:27 GMT 2024","","DIRECT-COMP","DIRECT-COMP",""
"","2","CHAPTER-1-1.14","","Sat Nov 02 00:53:06 GMT 2024","passed","Sat Nov 02 00:53:06 GMT 2024","","SICP-BOOK","SICP-BOOK",""
"","2","BC-XP.18","","Sat Nov 02 01:13:54 GMT 2024","passed","Sat Nov 02 01:13:54 GMT 2024","","BACKWARD-CHAINING","BACKWARD-CHAINING",""
"","2","ADD-REMOVE-MATCH-SYMBOLS.05","","Sat Nov 02 00:50:49 GMT 2024","passed","Sat Nov 02 00:50:49 GMT 2024","","SPACES","SPACES",""
"","2","SUPERCOLLAPSE.07","","Sat Nov 02 00:39:10 GMT 2024","passed","Sat Nov 02 00:39:10 GMT 2024","","METTA-MORPH-TESTS","METTA-MORPH-TESTS",""
"","71","TYPES-PRELIM.21","","Sat Nov 02 00:48:28 GMT 2024","failed","Sat Nov 02 00:48:28 GMT 2024","","CHAINING","CHAINING",""
"","94","D5-AUTO-TYPES.06","","Sat Nov 02 00:33:44 GMT 2024","failed","Sat Nov 02 00:33:44 GMT 2024","","HYPERON-EXPERIMENTAL-SCRIPTS","HYPERON-EXPERIMENTAL-SCRIPTS",""
"","2","F1-MODULEA.06","","Sat Nov 02 00:33:35 GMT 2024","passed","Sat Nov 02 00:33:35 GMT 2024","","MODULE-SYSTEM","MODULE-SYSTEM",""
"","10","D4-TYPE-PROP.03","","Sat Nov 02 00:33:44 GMT 2024","passed","Sat Nov 02 00:33:44 GMT 2024","","HYPERON-EXPERIMENTAL-SCRIPTS","HYPERON-EXPERIMENTAL-SCRIPTS",""
"","2","FLIP-TEST.02","","Sat Nov 02 00:35:19 GMT 2024","passed","Sat Nov 02 00:35:19 GMT 2024","","HYPERON-METTALOG-SANITY","HYPERON-METTALOG-SANITY",""
"","2","ADD-REMOVE-MATCH-INTEGER.32","","Sat Nov 02 00:50:49 GMT 2024","passed","Sat Nov 02 00:50:49 GMT 2024","","SPACES","SPACES",""
"","2","CHAPTER-1-1.10","","Sat Nov 02 00:53:06 GMT 2024","passed","Sat Nov 02 00:53:06 GMT 2024","","SICP-BOOK","SICP-BOOK",""
"","4000","features.intersection_tests","","Sat Nov 02 00:33:40 GMT 2024","passed","Sat Nov 02 00:33:44 GMT 2024","","WHOLE-TESTS","WHOLE-TESTS",""
"","3","STATE-TYPES.07","","Sat Nov 02 01:55:28 GMT 2024","passed","Sat Nov 02 01:55:28 GMT 2024","","BASIC","BASIC",""
"","15","00-LANG-CASE.12","","Sat Nov 02 00:35:19 GMT 2024","passed","Sat Nov 02 00:35:19 GMT 2024","","HYPERON-METTALOG-SANITY","HYPERON-METTALOG-SANITY",""
"","3","00-LANG-CASE.13","","Sat Nov 02 00:35:19 GMT 2024","passed","Sat Nov 02 00:35:19 GMT 2024","","HYPERON-METTALOG-SANITY","HYPERON-METTALOG-SANITY",""
"","2","CHAPTER-1-1.15","","Sat Nov 02 00:53:06 GMT 2024","passed","Sat Nov 02 00:53:06 GMT 2024","","SICP-BOOK","SICP-BOOK",""
"","5000","chaining.parent_go_1_comp","","Sat Nov 02 00:33:40 GMT 2024","passed","Sat Nov 02 00:33:45 GMT 2024","","WHOLE-TESTS","WHOLE-TESTS",""
"","39","FORWARD-CHAINER-TEST.05","","Sat Nov 02 01:16:32 GMT 2024","failed","Sat Nov 02 01:16:32 GMT 2024","","FORWARD-CHAINER","FORWARD-CHAINER",""
"","2","INF-CTL-MONTH-BC-CONT-XP.09","","Sat Nov 02 01:17:56 GMT 2024","passed","Sat Nov 02 01:17:56 GMT 2024","","INFERENCE-CONTROL","INFERENCE-CONTROL",""
"","2","HIGHER-ORDER-FUNCS.11","","Sat Nov 02 00:51:31 GMT 2024","passed","Sat Nov 02 00:51:31 GMT 2024","","STD","STD",""
"","8000","iterative-chaining.ibc-xp","","Sat Nov 02 00:33:40 GMT 2024","passed","Sat Nov 02 00:33:48 GMT 2024","","WHOLE-TESTS","WHOLE-TESTS",""
"","40000","nars_extras.TestNARS_listing","","Sat Nov 02 00:33:40 GMT 2024","failed","Sat Nov 02 00:34:20 GMT 2024","","WHOLE-TESTS","WHOLE-TESTS",""
"","1","B5-TYPES-PRELIM.04","","Sat Nov 02 01:09:38 GMT 2024","passed","Sat Nov 02 01:09:38 GMT 2024","","CHECK-TYPES-TEMP","CHECK-TYPES-TEMP",""
"","5000","spaces.add-remove-match-symbols","","Sat Nov 02 00:33:40 GMT 2024","passed","Sat Nov 02 00:33:45 GMT 2024","","WHOLE-TESTS","WHOLE-TESTS",""
"","2","D4-TYPE-PROP.23","","Sat Nov 02 01:09:59 GMT 2024","passed","Sat Nov 02 01:09:59 GMT 2024","","CHECK-TYPES","CHECK-TYPES",""
"","1","HYPERPOSE.05","","Sat Nov 02 00:39:10 GMT 2024","passed","Sat Nov 02 00:39:10 GMT 2024","","METTA-MORPH-TESTS","METTA-MORPH-TESTS",""
"","2","TYPE-PROP.61","","Sat Nov 02 01:09:38 GMT 2024","passed","Sat Nov 02 01:09:38 GMT 2024","","CHECK-TYPES-TEMP","CHECK-TYPES-TEMP",""
"","4","SEALED-TEST.03","","Sat Nov 02 00:35:19 GMT 2024","passed","Sat Nov 02 00:35:19 GMT 2024","","HYPERON-METTALOG-SANITY","HYPERON-METTALOG-SANITY",""
"","2","SYNTHESIZE-VIA-SUPERPOSE.03","","Sat Nov 02 01:24:29 GMT 2024","passed","Sat Nov 02 01:24:29 GMT 2024","","EXPERIMENTS","EXPERIMENTS",""
"","18000","nondet_unify.run","","Sat Nov 02 00:33:40 GMT 2024","passed","Sat Nov 02 00:33:58 GMT 2024","","WHOLE-TESTS","WHOLE-TESTS",""
"","514","TESTS0.02","","Sat Nov 02 00:44:01 GMT 2024","failed","Sat Nov 02 00:44:01 GMT 2024","","MAIN-BRANCH","MAIN-BRANCH",""
"","4000","synthesis.UnifyTest","","Sat Nov 02 00:33:40 GMT 2024","passed","Sat Nov 02 00:33:44 GMT 2024","","WHOLE-TESTS","WHOLE-TESTS",""
"","45","TESTS1-PRE.05","","Sat Nov 02 00:44:01 GMT 2024","failed","Sat Nov 02 00:44:01 GMT 2024","","MAIN-BRANCH","MAIN-BRANCH",""
"","2","B1-EQUAL-CHAIN.05","","Sat Nov 02 00:33:44 GMT 2024","passed","Sat Nov 02 00:33:44 GMT 2024","","HYPERON-EXPERIMENTAL-SCRIPTS","HYPERON-EXPERIMENTAL-SCRIPTS",""
"","2","INF-CTL-MONTH-BC-CONT-XP.06","","Sat Nov 02 01:17:56 GMT 2024","passed","Sat Nov 02 01:17:56 GMT 2024","","INFERENCE-CONTROL","INFERENCE-CONTROL",""
"","46000","prev.tests2","","Sat Nov 02 00:33:40 GMT 2024","failed","Sat Nov 02 00:34:26 GMT 2024","","WHOLE-TESTS","WHOLE-TESTS",""
"","3","ADD-REMOVE-MATCH-SS-SYMBOLS.09","","Sat Nov 02 00:50:49 GMT 2024","passed","Sat Nov 02 00:50:49 GMT 2024","","SPACES","SPACES",""
"","5000","spaces.add-remove-match-strings","","Sat Nov 02 00:33:40 GMT 2024","passed","Sat Nov 02 00:33:45 GMT 2024","","WHOLE-TESTS","WHOLE-TESTS",""
"","1","CML-UNSHARED.06","","Sat Nov 02 01:55:28 GMT 2024","passed","Sat Nov 02 01:55:28 GMT 2024","","BASIC","BASIC",""
"","2","LISTTEST.03","","Sat Nov 02 01:14:04 GMT 2024","passed","Sat Nov 02 01:14:04 GMT 2024","","COMMON","COMMON",""
"","1","B0-CHAINING-PRELIM.03","","Sat Nov 02 00:33:44 GMT 2024","passed","Sat Nov 02 00:33:44 GMT 2024","","HYPERON-EXPERIMENTAL-SCRIPTS","HYPERON-EXPERIMENTAL-SCRIPTS",""
"","3","UNIFY-VIA-CASE.05","","Sat Nov 02 01:24:29 GMT 2024","passed","Sat Nov 02 01:24:29 GMT 2024","","EXPERIMENTS","EXPERIMENTS",""
"","2","IFC-XP.22","","Sat Nov 02 01:19:56 GMT 2024","passed","Sat Nov 02 01:19:56 GMT 2024","","ITERATIVE-CHAINING","ITERATIVE-CHAINING",""
"","8","SPACE-INTERSECTION-TESTS.03","","Sat Nov 02 00:35:19 GMT 2024","passed","Sat Nov 02 00:35:19 GMT 2024","","HYPERON-METTALOG-SANITY","HYPERON-METTALOG-SANITY",""
"","2","SYNTHESIZE-VIA-TYPE-CHECKING.04","","Sat Nov 02 01:24:29 GMT 2024","passed","Sat Nov 02 01:24:29 GMT 2024","","EXPERIMENTS","EXPERIMENTS",""
"","3","QUERIES.03","","Sat Nov 02 01:06:14 GMT 2024","passed","Sat Nov 02 01:06:14 GMT 2024","","STRIPS-TO-METTA-IMPROVED","STRIPS-TO-METTA-IMPROVED",""
"","115","STDLIB-METTALOG-TEST-PT2.75","","Sat Nov 02 00:52:56 GMT 2024","failed","Sat Nov 02 00:52:56 GMT 2024","","STDLIB-METTALOG","STDLIB-METTALOG",""
"","2","IMPL-METTALOGTESTCURRIED.11","","Sat Nov 02 01:46:54 GMT 2024","passed","Sat Nov 02 01:46:54 GMT 2024","","WALK-THRU","WALK-THRU",""
"","2","ADD-REMOVE-MATCH-FLOAT.02","","Sat Nov 02 00:50:49 GMT 2024","passed","Sat Nov 02 00:50:49 GMT 2024","","SPACES","SPACES",""
"","2","D2-HIGHERFUNC.16","","Sat Nov 02 00:43:32 GMT 2024","passed","Sat Nov 02 00:43:32 GMT 2024","","QUICK","QUICK",""
"","2","CHAPTER-1-1.07","","Sat Nov 02 00:53:06 GMT 2024","passed","Sat Nov 02 00:53:06 GMT 2024","","SICP-BOOK","SICP-BOOK",""
"","2","UNWEIGHTED-PLLM.05","","Sat Nov 02 02:07:59 GMT 2024","passed","Sat Nov 02 02:07:59 GMT 2024","","LANGUAGE-MODELS","LANGUAGE-MODELS",""
"","5","SPACE-SUBTRACTION-TESTS.04","","Sat Nov 02 00:35:19 GMT 2024","passed","Sat Nov 02 00:35:19 GMT 2024","","HYPERON-METTALOG-SANITY","HYPERON-METTALOG-SANITY",""
"","4000","chaining.type_prop","","Sat Nov 02 00:33:40 GMT 2024","passed","Sat Nov 02 00:33:44 GMT 2024","","WHOLE-TESTS","WHOLE-TESTS",""
"","1","TYPE-PROP.09","","Sat Nov 02 00:48:28 GMT 2024","passed","Sat Nov 02 00:48:28 GMT 2024","","CHAINING","CHAINING",""
"","2","AI-SERVICE-COMPOSITION-EASY.03","","Sat Nov 02 01:07:06 GMT 2024","passed","Sat Nov 02 01:07:06 GMT 2024","","AI-SERVICE","AI-SERVICE",""
"","2","ADD-REMOVE-MATCH-SS-STRINGS.15","","Sat Nov 02 00:50:49 GMT 2024","passed","Sat Nov 02 00:50:49 GMT 2024","","SPACES","SPACES",""
"","3","D2-HIGHERFUNC.27","","Sat Nov 02 00:33:44 GMT 2024","passed","Sat Nov 02 00:33:44 GMT 2024","","HYPERON-EXPERIMENTAL-SCRIPTS","HYPERON-EXPERIMENTAL-SCRIPTS",""
"","3","CHAPTER-2-2.05","","Sat Nov 02 00:53:06 GMT 2024","passed","Sat Nov 02 00:53:06 GMT 2024","","SICP-BOOK","SICP-BOOK",""
"","2","IS-SPACE.03","","Sat Nov 02 00:35:19 GMT 2024","passed","Sat Nov 02 00:35:19 GMT 2024","","HYPERON-METTALOG-SANITY","HYPERON-METTALOG-SANITY",""
"","101","STDLIB-METTALOG-TEST-PT2.02","","Sat Nov 02 00:52:56 GMT 2024","failed","Sat Nov 02 00:52:56 GMT 2024","","STDLIB-METTALOG","STDLIB-METTALOG",""
"","2","ADD-REMOVE-MATCH-MIX-FLOAT-INTEGER.24","","Sat Nov 02 00:50:49 GMT 2024","passed","Sat Nov 02 00:50:49 GMT 2024","","SPACES","SPACES",""
"","2","D2-HIGHERFUNC.14","","Sat Nov 02 01:09:59 GMT 2024","passed","Sat Nov 02 01:09:59 GMT 2024","","CHECK-TYPES","CHECK-TYPES",""
"","2","STDLIB-METTALOG-TEST-PT2.64","","Sat Nov 02 00:52:56 GMT 2024","passed","Sat Nov 02 00:52:56 GMT 2024","","STDLIB-METTALOG","STDLIB-METTALOG",""
"","2","A3-TWOSIDE.04","","Sat Nov 02 00:33:44 GMT 2024","passed","Sat Nov 02 00:33:44 GMT 2024","","HYPERON-EXPERIMENTAL-SCRIPTS","HYPERON-EXPERIMENTAL-SCRIPTS",""
"","5","SEALED-TEST.08","","Sat Nov 02 00:35:19 GMT 2024","passed","Sat Nov 02 00:35:19 GMT 2024","","HYPERON-METTALOG-SANITY","HYPERON-METTALOG-SANITY",""
"","2","STATE-TYPES.10","","Sat Nov 02 01:55:28 GMT 2024","passed","Sat Nov 02 01:55:28 GMT 2024","","BASIC","BASIC",""
"","171","BASIC.03","","Sat Nov 02 01:06:56 GMT 2024","passed","Sat Nov 02 01:06:56 GMT 2024","","TRAVERSER","TRAVERSER",""
"","2","CHAPTER-1-1.11","","Sat Nov 02 00:53:06 GMT 2024","passed","Sat Nov 02 00:53:06 GMT 2024","","SICP-BOOK","SICP-BOOK",""
"","4000","std.grounded_basic","","Sat Nov 02 00:33:40 GMT 2024","passed","Sat Nov 02 00:33:44 GMT 2024","","WHOLE-TESTS","WHOLE-TESTS",""
"","4","TESTS0.04","","Sat Nov 02 01:37:39 GMT 2024","passed","Sat Nov 02 01:37:39 GMT 2024","","NEW","NEW",""
"","10","D4-TYPE-PROP.03","","Sat Nov 02 01:09:59 GMT 2024","passed","Sat Nov 02 01:09:59 GMT 2024","","CHECK-TYPES","CHECK-TYPES",""
"","3","F1-IMPORTS.01","","Sat Nov 02 00:43:32 GMT 2024","passed","Sat Nov 02 00:43:32 GMT 2024","","QUICK","QUICK",""
"","2","FC-XP.23","","Sat Nov 02 01:16:42 GMT 2024","passed","Sat Nov 02 01:16:42 GMT 2024","","FORWARD-CHAINING","FORWARD-CHAINING",""
"","3","ADD-REMOVE-MATCH-SS-STRINGS.16","","Sat Nov 02 00:50:49 GMT 2024","passed","Sat Nov 02 00:50:49 GMT 2024","","SPACES","SPACES",""
"","2","SPACE-INTERSECTION-TESTS.01","","Sat Nov 02 00:35:19 GMT 2024","passed","Sat Nov 02 00:35:19 GMT 2024","","HYPERON-METTALOG-SANITY","HYPERON-METTALOG-SANITY",""
"","2","LISTTEST.11","","Sat Nov 02 01:14:04 GMT 2024","passed","Sat Nov 02 01:14:04 GMT 2024","","COMMON","COMMON",""
"","2","TYPE-PROP.63","","Sat Nov 02 01:09:38 GMT 2024","passed","Sat Nov 02 01:09:38 GMT 2024","","CHECK-TYPES-TEMP","CHECK-TYPES-TEMP",""
"","3","QUERIES.04","","Sat Nov 02 01:06:14 GMT 2024","passed","Sat Nov 02 01:06:14 GMT 2024","","STRIPS-TO-METTA-IMPROVED","STRIPS-TO-METTA-IMPROVED",""
"","69","COMBINED.03","","Sat Nov 02 01:51:38 GMT 2024","failed","Sat Nov 02 01:51:38 GMT 2024","","ITERATORS","ITERATORS",""
"","2","HYPERPOSING-UNSHARED.06","","Sat Nov 02 01:55:28 GMT 2024","passed","Sat Nov 02 01:55:28 GMT 2024","","BASIC","BASIC",""
"","1","DEDUCTIONFORMULATEST.07","","Sat Nov 02 01:14:25 GMT 2024","passed","Sat Nov 02 01:14:25 GMT 2024","","FORMULA","FORMULA",""
"","3","SYNTHESIZE-VIA-TYPE-CHECKING.13","","Sat Nov 02 01:24:29 GMT 2024","passed","Sat Nov 02 01:24:29 GMT 2024","","EXPERIMENTS","EXPERIMENTS",""
"","4000","chaining.bc-xp","","Sat Nov 02 00:33:40 GMT 2024","passed","Sat Nov 02 00:33:44 GMT 2024","","WHOLE-TESTS","WHOLE-TESTS",""
"","1","ADD-ATOM-NAIVE-FIB.02","","Sat Nov 02 02:01:49 GMT 2024","passed","Sat Nov 02 02:01:49 GMT 2024","","COMPARISONS","COMPARISONS",""
"","2","B5-TYPES-PRELIM.10","","Sat Nov 02 00:33:44 GMT 2024","passed","Sat Nov 02 00:33:44 GMT 2024","","HYPERON-EXPERIMENTAL-SCRIPTS","HYPERON-EXPERIMENTAL-SCRIPTS",""
"","2","C1-GROUNDED-BASIC.10","","Sat Nov 02 00:33:44 GMT 2024","passed","Sat Nov 02 00:33:44 GMT 2024","","HYPERON-EXPERIMENTAL-SCRIPTS","HYPERON-EXPERIMENTAL-SCRIPTS",""
"","2","ORDEREDSETTEST.09","","Sat Nov 02 01:14:04 GMT 2024","passed","Sat Nov 02 01:14:04 GMT 2024","","COMMON","COMMON",""
"","7000","chaining.v2-pln-xp","","Sat Nov 02 00:33:40 GMT 2024","passed","Sat Nov 02 00:33:47 GMT 2024","","WHOLE-TESTS","WHOLE-TESTS",""
"","4","HYPERON-EXPERIMENTAL-ISSUE-530.01","","Sat Nov 02 01:50:12 GMT 2024","passed","Sat Nov 02 01:50:12 GMT 2024","","DEBUGGING","DEBUGGING",""
"","2","TYPE-PROP.23","","Sat Nov 02 01:09:38 GMT 2024","passed","Sat Nov 02 01:09:38 GMT 2024","","CHECK-TYPES-TEMP","CHECK-TYPES-TEMP",""
"","3","D4-TYPE-PROP.04","","Sat Nov 02 00:33:44 GMT 2024","passed","Sat Nov 02 00:33:44 GMT 2024","","HYPERON-EXPERIMENTAL-SCRIPTS","HYPERON-EXPERIMENTAL-SCRIPTS",""
"","1707","TESTS5.03","","Sat Nov 02 00:44:01 GMT 2024","failed","Sat Nov 02 00:44:02 GMT 2024","","MAIN-BRANCH","MAIN-BRANCH",""
"","2","LISTTEST.13","","Sat Nov 02 01:14:04 GMT 2024","passed","Sat Nov 02 01:14:04 GMT 2024","","COMMON","COMMON",""
"","27","STDLIB-METTALOG-TEST-PT2.18","","Sat Nov 02 00:52:56 GMT 2024","failed","Sat Nov 02 00:52:56 GMT 2024","","STDLIB-METTALOG","STDLIB-METTALOG",""
"","3","BC-XP.15","","Sat Nov 02 01:13:54 GMT 2024","passed","Sat Nov 02 01:13:54 GMT 2024","","BACKWARD-CHAINING","BACKWARD-CHAINING",""
"","86","00A-LANG-COMPILED-CASE.07","","Sat Nov 02 01:45:27 GMT 2024","passed","Sat Nov 02 01:45:27 GMT 2024","","DIRECT-COMP","DIRECT-COMP",""
"","2","INF-CTL-MONTH-BC-CONT-XP.15","","Sat Nov 02 01:17:56 GMT 2024","passed","Sat Nov 02 01:17:56 GMT 2024","","INFERENCE-CONTROL","INFERENCE-CONTROL",""
"","1","XOR-TEST.08","","Sat Nov 02 00:35:19 GMT 2024","passed","Sat Nov 02 00:35:19 GMT 2024","","HYPERON-METTALOG-SANITY","HYPERON-METTALOG-SANITY",""
"","2","D4-TYPE-PROP.17","","Sat Nov 02 00:43:32 GMT 2024","passed","Sat Nov 02 00:43:32 GMT 2024","","QUICK","QUICK",""
"","3","TEST-SPO-1000.01","","Sat Nov 02 00:41:54 GMT 2024","passed","Sat Nov 02 00:41:54 GMT 2024","","METTA-WAM-ISSUE-116","METTA-WAM-ISSUE-116",""
"","1013","TRAINING.04","","Sat Nov 02 02:07:59 GMT 2024","passed","Sat Nov 02 02:08:00 GMT 2024","","LANGUAGE-MODELS","LANGUAGE-MODELS",""
"","1","ADD-REMOVE-MATCH-MIX-FLOAT-INTEGER.21","","Sat Nov 02 00:50:49 GMT 2024","passed","Sat Nov 02 00:50:49 GMT 2024","","SPACES","SPACES",""
"","2","IBC-XP.05","","Sat Nov 02 01:19:56 GMT 2024","passed","Sat Nov 02 01:19:56 GMT 2024","","ITERATIVE-CHAINING","ITERATIVE-CHAINING",""
"","3","MATCH-SUPERPOSED-SPACES.01","","Sat Nov 02 00:39:10 GMT 2024","passed","Sat Nov 02 00:39:10 GMT 2024","","METTA-MORPH-TESTS","METTA-MORPH-TESTS",""
"","4000","walk_thru.bchain_comp","","Sat Nov 02 00:33:40 GMT 2024","passed","Sat Nov 02 00:33:44 GMT 2024","","WHOLE-TESTS","WHOLE-TESTS",""
"","1","TYPE-PROP.45","","Sat Nov 02 01:09:38 GMT 2024","passed","Sat Nov 02 01:09:38 GMT 2024","","CHECK-TYPES-TEMP","CHECK-TYPES-TEMP",""
"","3","E2-STATES.02","","Sat Nov 02 01:09:59 GMT 2024","passed","Sat Nov 02 01:09:59 GMT 2024","","CHECK-TYPES","CHECK-TYPES",""
"","2","FORWARD-CHAINER-XP.06","","Sat Nov 02 01:16:32 GMT 2024","passed","Sat Nov 02 01:16:32 GMT 2024","","FORWARD-CHAINER","FORWARD-CHAINER",""
"","2","TMPMATCH2.02","","Sat Nov 02 00:41:19 GMT 2024","passed","Sat Nov 02 00:41:19 GMT 2024","","ANTI-REGRESSION","ANTI-REGRESSION",""
"","2","KEY-LOOKUPS-MANY.05","","Sat Nov 02 01:55:28 GMT 2024","passed","Sat Nov 02 01:55:28 GMT 2024","","BASIC","BASIC",""
"","3","IFC-XP.15","","Sat Nov 02 01:19:56 GMT 2024","passed","Sat Nov 02 01:19:56 GMT 2024","","ITERATIVE-CHAINING","ITERATIVE-CHAINING",""
"","111","SPACE-INTERSECTION-TESTS.09","","Sat Nov 02 00:35:19 GMT 2024","failed","Sat Nov 02 00:35:19 GMT 2024","","HYPERON-METTALOG-SANITY","HYPERON-METTALOG-SANITY",""
"","1","HYPERPOSING-SHARED.03","","Sat Nov 02 01:55:28 GMT 2024","passed","Sat Nov 02 01:55:28 GMT 2024","","BASIC","BASIC",""
"","2","MATCH-VOID.09","","Sat Nov 02 00:39:10 GMT 2024","passed","Sat Nov 02 00:39:10 GMT 2024","","METTA-MORPH-TESTS","METTA-MORPH-TESTS",""
"","3","SYNTHESIZE-VIA-TYPE-CHECKING.05","","Sat Nov 02 01:24:29 GMT 2024","passed","Sat Nov 02 01:24:29 GMT 2024","","EXPERIMENTS","EXPERIMENTS",""
"","64","D2-HIGHERFUNC.07","","Sat Nov 02 00:43:32 GMT 2024","failed","Sat Nov 02 00:43:32 GMT 2024","","QUICK","QUICK",""
"","3","V2-PLN-XP-EASY-IMPL.01","","Sat Nov 02 00:48:28 GMT 2024","passed","Sat Nov 02 00:48:28 GMT 2024","","CHAINING","CHAINING",""
"","4","OBIF-EASY.01","","Sat Nov 02 01:53:12 GMT 2024","passed","Sat Nov 02 01:53:12 GMT 2024","","MULTIDIRECTIONAL","MULTIDIRECTIONAL",""
"","2","BACKWARD-CHAINER-XP.19","","Sat Nov 02 01:13:49 GMT 2024","passed","Sat Nov 02 01:13:49 GMT 2024","","BACKWARD-CHAINER","BACKWARD-CHAINER",""
"","2","D2-HIGHERFUNC.12","","Sat Nov 02 00:33:44 GMT 2024","passed","Sat Nov 02 00:33:44 GMT 2024","","HYPERON-EXPERIMENTAL-SCRIPTS","HYPERON-EXPERIMENTAL-SCRIPTS",""
"","3","NATSTANDALONETEST.05","","Sat Nov 02 01:16:47 GMT 2024","passed","Sat Nov 02 01:16:47 GMT 2024","","HOL","HOL",""
"","39","IMPLICATIONDIRECTINTRODUCTIONDTLTEST.07","","Sat Nov 02 01:12:41 GMT 2024","failed","Sat Nov 02 01:12:41 GMT 2024","","DEPENDENT-TYPES","DEPENDENT-TYPES",""
"","2","FC-XP.26","","Sat Nov 02 01:16:42 GMT 2024","passed","Sat Nov 02 01:16:42 GMT 2024","","FORWARD-CHAINING","FORWARD-CHAINING",""
"","69","DEBUG-METTALOGTESTCURRIED.07","","Sat Nov 02 01:46:54 GMT 2024","passed","Sat Nov 02 01:46:54 GMT 2024","","WALK-THRU","WALK-THRU",""
"","4","INTERSECTION-TESTS.30","","Sat Nov 02 00:35:19 GMT 2024","passed","Sat Nov 02 00:35:19 GMT 2024","","HYPERON-METTALOG-SANITY","HYPERON-METTALOG-SANITY",""
"","5","EVIDENTIALTRUTHVALUETEST.04","","Sat Nov 02 01:14:29 GMT 2024","passed","Sat Nov 02 01:14:29 GMT 2024","","TRUTHVALUE","TRUTHVALUE",""
"","974","PLLM-PENNTREE.01","","Sat Nov 02 02:07:59 GMT 2024","passed","Sat Nov 02 02:07:59 GMT 2024","","LANGUAGE-MODELS","LANGUAGE-MODELS",""
"","1190","TESTS2.05","","Sat Nov 02 00:44:01 GMT 2024","failed","Sat Nov 02 00:44:02 GMT 2024","","MAIN-BRANCH","MAIN-BRANCH",""
"","40000","debugging.hyperon_experimental_issue_530","","Sat Nov 02 00:33:40 GMT 2024","failed","Sat Nov 02 00:34:20 GMT 2024","","WHOLE-TESTS","WHOLE-TESTS",""
"","121","TESTS0.01","","Sat Nov 02 01:37:39 GMT 2024","passed","Sat Nov 02 01:37:39 GMT 2024","","NEW","NEW",""
"","5000","hyperon-mettalog_sanity.xor_test","","Sat Nov 02 00:33:40 GMT 2024","passed","Sat Nov 02 00:33:45 GMT 2024","","WHOLE-TESTS","WHOLE-TESTS",""
"","2","FC-XP.15","","Sat Nov 02 01:16:42 GMT 2024","passed","Sat Nov 02 01:16:42 GMT 2024","","FORWARD-CHAINING","FORWARD-CHAINING",""
"","3","CHAPTER-2-4.14","","Sat Nov 02 00:53:06 GMT 2024","passed","Sat Nov 02 00:53:06 GMT 2024","","SICP-BOOK","SICP-BOOK",""
"","4000","hyperon-mettalog_sanity.represent_and_parse_tests","","Sat Nov 02 00:33:40 GMT 2024","passed","Sat Nov 02 00:33:44 GMT 2024","","WHOLE-TESTS","WHOLE-TESTS",""
"","2","B5-TYPES-PRELIM.18","","Sat Nov 02 01:09:38 GMT 2024","passed","Sat Nov 02 01:09:38 GMT 2024","","CHECK-TYPES-TEMP","CHECK-TYPES-TEMP",""
"","2","BC-COMP.03","","Sat Nov 02 01:46:54 GMT 2024","passed","Sat Nov 02 01:46:54 GMT 2024","","WALK-THRU","WALK-THRU",""
"","13","TEST-INFER-FUNCTION-APPLICATION-TYPE.03","","Sat Nov 02 01:55:28 GMT 2024","failed","Sat Nov 02 01:55:28 GMT 2024","","BASIC","BASIC",""
"","2","ADD-REMOVE-MATCH-FLOAT.09","","Sat Nov 02 00:50:49 GMT 2024","passed","Sat Nov 02 00:50:49 GMT 2024","","SPACES","SPACES",""
"","130","B5-TYPES-PRELIM.08","","Sat Nov 02 00:33:44 GMT 2024","failed","Sat Nov 02 00:33:44 GMT 2024","","HYPERON-EXPERIMENTAL-SCRIPTS","HYPERON-EXPERIMENTAL-SCRIPTS",""
"","1","D2-HIGHERFUNC.06","","Sat Nov 02 00:43:32 GMT 2024","passed","Sat Nov 02 00:43:32 GMT 2024","","QUICK","QUICK",""
"","2","STDLIB-METTALOG-TEST-PT2.31","","Sat Nov 02 00:52:56 GMT 2024","passed","Sat Nov 02 00:52:56 GMT 2024","","STDLIB-METTALOG","STDLIB-METTALOG",""
"","1","NATPARITYTEST.05","","Sat Nov 02 01:16:47 GMT 2024","passed","Sat Nov 02 01:16:47 GMT 2024","","HOL","HOL",""
"","46000","walk_thru.bc_comp","","Sat Nov 02 00:33:40 GMT 2024","failed","Sat Nov 02 00:34:26 GMT 2024","","WHOLE-TESTS","WHOLE-TESTS",""
"","2","BACKWARD-CHAINER-XP.22","","Sat Nov 02 01:13:49 GMT 2024","passed","Sat Nov 02 01:13:49 GMT 2024","","BACKWARD-CHAINER","BACKWARD-CHAINER",""
"","2","B1-EQUAL-CHAIN.04","","Sat Nov 02 00:33:44 GMT 2024","passed","Sat Nov 02 00:33:44 GMT 2024","","HYPERON-EXPERIMENTAL-SCRIPTS","HYPERON-EXPERIMENTAL-SCRIPTS",""
"","2","IFC-XP.03","","Sat Nov 02 01:19:56 GMT 2024","passed","Sat Nov 02 01:19:56 GMT 2024","","ITERATIVE-CHAINING","ITERATIVE-CHAINING",""
"","2","TYPE-PROP.16","","Sat Nov 02 01:09:38 GMT 2024","passed","Sat Nov 02 01:09:38 GMT 2024","","CHECK-TYPES-TEMP","CHECK-TYPES-TEMP",""
"","103","INF-ORDER-PROBS.03","","Sat Nov 02 01:01:42 GMT 2024","failed","Sat Nov 02 01:01:42 GMT 2024","","PROB-DEP-TYPES","PROB-DEP-TYPES",""
"","2","TESTS1.02","","Sat Nov 02 01:28:40 GMT 2024","passed","Sat Nov 02 01:28:40 GMT 2024","","CURRENT","CURRENT",""
"","478","PC-XP.15","","Sat Nov 02 01:22:39 GMT 2024","failed","Sat Nov 02 01:22:39 GMT 2024","","POLYWARD-CHAINING","POLYWARD-CHAINING",""
"","1","OR-TEST.10","","Sat Nov 02 00:35:19 GMT 2024","passed","Sat Nov 02 00:35:19 GMT 2024","","HYPERON-METTALOG-SANITY","HYPERON-METTALOG-SANITY",""
"","2","QUERIES.08","","Sat Nov 02 01:06:14 GMT 2024","passed","Sat Nov 02 01:06:14 GMT 2024","","STRIPS-TO-METTA-IMPROVED","STRIPS-TO-METTA-IMPROVED",""
"","1","D4-TYPE-PROP.07","","Sat Nov 02 00:43:32 GMT 2024","passed","Sat Nov 02 00:43:32 GMT 2024","","QUICK","QUICK",""
"","37","FC-XP.05","","Sat Nov 02 01:16:42 GMT 2024","failed","Sat Nov 02 01:16:42 GMT 2024","","FORWARD-CHAINING","FORWARD-CHAINING",""
"","3","QUERIES.13","","Sat Nov 02 01:06:14 GMT 2024","passed","Sat Nov 02 01:06:14 GMT 2024","","STRIPS-TO-METTA-IMPROVED","STRIPS-TO-METTA-IMPROVED",""
"","3","IFC-XP.38","","Sat Nov 02 01:19:56 GMT 2024","passed","Sat Nov 02 01:19:56 GMT 2024","","ITERATIVE-CHAINING","ITERATIVE-CHAINING",""
"","2","XOR-TEST.07","","Sat Nov 02 00:35:19 GMT 2024","passed","Sat Nov 02 00:35:19 GMT 2024","","HYPERON-METTALOG-SANITY","HYPERON-METTALOG-SANITY",""
"","1","INTERSECTION-TESTS.25","","Sat Nov 02 00:35:19 GMT 2024","passed","Sat Nov 02 00:35:19 GMT 2024","","HYPERON-METTALOG-SANITY","HYPERON-METTALOG-SANITY",""
"","3606","PROB-DEP-TYPES.15","","Sat Nov 02 01:01:42 GMT 2024","failed","Sat Nov 02 01:01:45 GMT 2024","","PROB-DEP-TYPES","PROB-DEP-TYPES",""
"","9","E3-MATCH-STATES.05","","Sat Nov 02 00:33:44 GMT 2024","failed","Sat Nov 02 00:33:44 GMT 2024","","HYPERON-EXPERIMENTAL-SCRIPTS","HYPERON-EXPERIMENTAL-SCRIPTS",""
"","2","A1-SYMBOLS.06","","Sat Nov 02 00:33:44 GMT 2024","passed","Sat Nov 02 00:33:44 GMT 2024","","HYPERON-EXPERIMENTAL-SCRIPTS","HYPERON-EXPERIMENTAL-SCRIPTS",""
"","107","TYPE-PROP.75","","Sat Nov 02 01:09:38 GMT 2024","failed","Sat Nov 02 01:09:38 GMT 2024","","CHECK-TYPES-TEMP","CHECK-TYPES-TEMP",""
"","2","E2-STATES.05","","Sat Nov 02 01:09:59 GMT 2024","passed","Sat Nov 02 01:09:59 GMT 2024","","CHECK-TYPES","CHECK-TYPES",""
"","2","TYPE-PROP.32","","Sat Nov 02 01:09:38 GMT 2024","passed","Sat Nov 02 01:09:38 GMT 2024","","CHECK-TYPES-TEMP","CHECK-TYPES-TEMP",""
"","203","SYNTHESIZE-VIA-UNIFY-TEST.03","","Sat Nov 02 01:24:29 GMT 2024","failed","Sat Nov 02 01:24:29 GMT 2024","","EXPERIMENTS","EXPERIMENTS",""
"","2","E2-STATES.03","","Sat Nov 02 00:33:44 GMT 2024","passed","Sat Nov 02 00:33:44 GMT 2024","","HYPERON-EXPERIMENTAL-SCRIPTS","HYPERON-EXPERIMENTAL-SCRIPTS",""
"","3","METTALOGTESTCURRIED2.01","","Sat Nov 02 00:41:19 GMT 2024","passed","Sat Nov 02 00:41:19 GMT 2024","","ANTI-REGRESSION","ANTI-REGRESSION",""
"","17168","NARS-BUILDTUPLECOUNTS.02","","Sat Nov 02 01:32:29 GMT 2024","failed","Sat Nov 02 01:32:46 GMT 2024","","NARS-EXTRAS","NARS-EXTRAS",""
"","2","00A-LANG-COMPILED-CASE.01","","Sat Nov 02 01:45:27 GMT 2024","passed","Sat Nov 02 01:45:27 GMT 2024","","DIRECT-COMP","DIRECT-COMP",""
"","3","TESTS3.07","","Sat Nov 02 00:44:01 GMT 2024","passed","Sat Nov 02 00:44:01 GMT 2024","","MAIN-BRANCH","MAIN-BRANCH",""
"","3","PC-XP.07","","Sat Nov 02 01:22:39 GMT 2024","passed","Sat Nov 02 01:22:39 GMT 2024","","POLYWARD-CHAINING","POLYWARD-CHAINING",""
"","5000","fizzbuzz.classical","","Sat Nov 02 00:33:40 GMT 2024","passed","Sat Nov 02 00:33:45 GMT 2024","","WHOLE-TESTS","WHOLE-TESTS",""
"","2","ADD-ATOM-NAIVE-FIB.08","","Sat Nov 02 02:01:49 GMT 2024","passed","Sat Nov 02 02:01:49 GMT 2024","","COMPARISONS","COMPARISONS",""
"","4000","metta-morph_tests.if","","Sat Nov 02 00:33:40 GMT 2024","passed","Sat Nov 02 00:33:44 GMT 2024","","WHOLE-TESTS","WHOLE-TESTS",""
"","4000","graphml.graphml_csv_test","","Sat Nov 02 00:33:40 GMT 2024","passed","Sat Nov 02 00:33:44 GMT 2024","","WHOLE-TESTS","WHOLE-TESTS",""
"","134","INTERPRETER.01","","Sat Nov 02 01:05:25 GMT 2024","failed","Sat Nov 02 01:05:25 GMT 2024","","STACK-BASED","STACK-BASED",""
"","3","BCHAIN.01","","Sat Nov 02 01:46:54 GMT 2024","passed","Sat Nov 02 01:46:54 GMT 2024","","WALK-THRU","WALK-THRU",""
"","2","D1-GADT.06","","Sat Nov 02 00:43:32 GMT 2024","passed","Sat Nov 02 00:43:32 GMT 2024","","QUICK","QUICK",""
"","6000","distributed-processing.use-one-server","","Sat Nov 02 00:33:40 GMT 2024","passed","Sat Nov 02 00:33:46 GMT 2024","","WHOLE-TESTS","WHOLE-TESTS",""
"","3","LETLET.01","","Sat Nov 02 00:39:10 GMT 2024","passed","Sat Nov 02 00:39:10 GMT 2024","","METTA-MORPH-TESTS","METTA-MORPH-TESTS",""
"","2","SPACE-INTERSECTION-TESTS.05","","Sat Nov 02 00:35:19 GMT 2024","passed","Sat Nov 02 00:35:19 GMT 2024","","HYPERON-METTALOG-SANITY","HYPERON-METTALOG-SANITY",""
"","2","TYPE-PROP.07","","Sat Nov 02 00:48:28 GMT 2024","passed","Sat Nov 02 00:48:28 GMT 2024","","CHAINING","CHAINING",""
"","1","XOR-TEST.06","","Sat Nov 02 00:35:19 GMT 2024","passed","Sat Nov 02 00:35:19 GMT 2024","","HYPERON-METTALOG-SANITY","HYPERON-METTALOG-SANITY",""
"","2","UTILS-TEST.04","","Sat Nov 02 01:13:44 GMT 2024","passed","Sat Nov 02 01:13:44 GMT 2024","","UTILS","UTILS",""
"","2","IBC-XP.30","","Sat Nov 02 01:19:56 GMT 2024","passed","Sat Nov 02 01:19:56 GMT 2024","","ITERATIVE-CHAINING","ITERATIVE-CHAINING",""
"","2","D1-GADT.12","","Sat Nov 02 01:09:59 GMT 2024","passed","Sat Nov 02 01:09:59 GMT 2024","","CHECK-TYPES","CHECK-TYPES",""
"","3","BC-XP.28","","Sat Nov 02 01:13:54 GMT 2024","passed","Sat Nov 02 01:13:54 GMT 2024","","BACKWARD-CHAINING","BACKWARD-CHAINING",""
"","2","METTALOGTESTCURRIED2.03","","Sat Nov 02 00:41:19 GMT 2024","passed","Sat Nov 02 00:41:19 GMT 2024","","ANTI-REGRESSION","ANTI-REGRESSION",""
"","2","NUMTEST.06","","Sat Nov 02 01:14:04 GMT 2024","passed","Sat Nov 02 01:14:04 GMT 2024","","COMMON","COMMON",""
"","2","LET-SUPERPOSE-IF-CASE.02","","Sat Nov 02 00:39:10 GMT 2024","passed","Sat Nov 02 00:39:10 GMT 2024","","METTA-MORPH-TESTS","METTA-MORPH-TESTS",""
"","1","D4-TYPE-PROP.15","","Sat Nov 02 00:33:44 GMT 2024","passed","Sat Nov 02 00:33:44 GMT 2024","","HYPERON-EXPERIMENTAL-SCRIPTS","HYPERON-EXPERIMENTAL-SCRIPTS",""
"","2910","GENE-QUERY.02","","Sat Nov 02 01:09:30 GMT 2024","failed","Sat Nov 02 01:09:32 GMT 2024","","QUERY","QUERY",""
"","2","CURRIED-CHAINER.02","","Sat Nov 02 01:14:39 GMT 2024","passed","Sat Nov 02 01:14:39 GMT 2024","","CURRIED-CHAINING","CURRIED-CHAINING",""
"","5000","comparisons.inf-ctl-month-xp-short_1","","Sat Nov 02 00:33:40 GMT 2024","passed","Sat Nov 02 00:33:45 GMT 2024","","WHOLE-TESTS","WHOLE-TESTS",""
"","3","NATDTLTEST.01","","Sat Nov 02 01:16:47 GMT 2024","passed","Sat Nov 02 01:16:47 GMT 2024","","HOL","HOL",""
"","40000","comparisons.nils_if_control_test_3","","Sat Nov 02 00:33:40 GMT 2024","failed","Sat Nov 02 00:34:20 GMT 2024","","WHOLE-TESTS","WHOLE-TESTS",""
"","3","METTALOGTESTCURRIED2.01","","Sat Nov 02 01:46:54 GMT 2024","passed","Sat Nov 02 01:46:54 GMT 2024","","WALK-THRU","WALK-THRU",""
"","4","TYPE-PROP.38","","Sat Nov 02 01:09:38 GMT 2024","passed","Sat Nov 02 01:09:38 GMT 2024","","CHECK-TYPES-TEMP","CHECK-TYPES-TEMP",""
"","216","PROB-DEP-TYPES.11","","Sat Nov 02 01:01:42 GMT 2024","passed","Sat Nov 02 01:01:42 GMT 2024","","PROB-DEP-TYPES","PROB-DEP-TYPES",""
"","2","D1-GADT.11","","Sat Nov 02 00:33:44 GMT 2024","passed","Sat Nov 02 00:33:44 GMT 2024","","HYPERON-EXPERIMENTAL-SCRIPTS","HYPERON-EXPERIMENTAL-SCRIPTS",""
"","2","00A-LANG-COMPILED-CASE.05","","Sat Nov 02 01:45:27 GMT 2024","passed","Sat Nov 02 01:45:27 GMT 2024","","DIRECT-COMP","DIRECT-COMP",""
"","3","INF-CTL-MONTH-XP.03","","Sat Nov 02 01:17:56 GMT 2024","passed","Sat Nov 02 01:17:56 GMT 2024","","INFERENCE-CONTROL","INFERENCE-CONTROL",""
"","6","TYPE-PROP.72","","Sat Nov 02 01:09:38 GMT 2024","passed","Sat Nov 02 01:09:38 GMT 2024","","CHECK-TYPES-TEMP","CHECK-TYPES-TEMP",""
"","1","TYPE-PROP.42","","Sat Nov 02 01:09:38 GMT 2024","passed","Sat Nov 02 01:09:38 GMT 2024","","CHECK-TYPES-TEMP","CHECK-TYPES-TEMP",""
"","3","BCHAIN.02","","Sat Nov 02 00:41:19 GMT 2024","passed","Sat Nov 02 00:41:19 GMT 2024","","ANTI-REGRESSION","ANTI-REGRESSION",""
"","37","IFC-XP.32","","Sat Nov 02 01:19:56 GMT 2024","failed","Sat Nov 02 01:19:56 GMT 2024","","ITERATIVE-CHAINING","ITERATIVE-CHAINING",""
"","2","ADD-REMOVE-MATCH-S-SYMBOLS.09","","Sat Nov 02 00:50:49 GMT 2024","passed","Sat Nov 02 00:50:49 GMT 2024","","SPACES","SPACES",""
"","1","STDLIB-METTALOG-TEST-PT2.45","","Sat Nov 02 00:52:56 GMT 2024","passed","Sat Nov 02 00:52:56 GMT 2024","","STDLIB-METTALOG","STDLIB-METTALOG",""
"","3","TESTS5.06","","Sat Nov 02 00:44:01 GMT 2024","passed","Sat Nov 02 00:44:01 GMT 2024","","MAIN-BRANCH","MAIN-BRANCH",""
"","2","TESTS0.05","","Sat Nov 02 01:33:44 GMT 2024","passed","Sat Nov 02 01:33:44 GMT 2024","","NARS-V0","NARS-V0",""
"","2","00-LANG-CASE.06","","Sat Nov 02 00:35:19 GMT 2024","passed","Sat Nov 02 00:35:19 GMT 2024","","HYPERON-METTALOG-SANITY","HYPERON-METTALOG-SANITY",""
"","3","INF-CTL-MONTH-BC-CONT-XP.24","","Sat Nov 02 01:17:56 GMT 2024","passed","Sat Nov 02 01:17:56 GMT 2024","","INFERENCE-CONTROL","INFERENCE-CONTROL",""
"","2","ADD-REMOVE-MATCH-INTEGER.03","","Sat Nov 02 00:50:49 GMT 2024","passed","Sat Nov 02 00:50:49 GMT 2024","","SPACES","SPACES",""
"","2","D2-HIGHERFUNC.25","","Sat Nov 02 00:43:32 GMT 2024","passed","Sat Nov 02 00:43:32 GMT 2024","","QUICK","QUICK",""
"","2","INTERSECTION-TESTS.10","","Sat Nov 02 00:35:19 GMT 2024","passed","Sat Nov 02 00:35:19 GMT 2024","","HYPERON-METTALOG-SANITY","HYPERON-METTALOG-SANITY",""
"","5","C3-PLN-STV.01","","Sat Nov 02 00:33:44 GMT 2024","passed","Sat Nov 02 00:33:44 GMT 2024","","HYPERON-EXPERIMENTAL-SCRIPTS","HYPERON-EXPERIMENTAL-SCRIPTS",""
"","2","ADD-REMOVE-MATCH-SYMBOLS.15","","Sat Nov 02 00:50:49 GMT 2024","passed","Sat Nov 02 00:50:49 GMT 2024","","SPACES","SPACES",""
"","2","D4-TYPE-PROP.18","","Sat Nov 02 00:33:44 GMT 2024","passed","Sat Nov 02 00:33:44 GMT 2024","","HYPERON-EXPERIMENTAL-SCRIPTS","HYPERON-EXPERIMENTAL-SCRIPTS",""
"","2","NATPARITYTEST.14","","Sat Nov 02 01:16:47 GMT 2024","passed","Sat Nov 02 01:16:47 GMT 2024","","HOL","HOL",""
"","2","STRING-TESTS.04","","Sat Nov 02 00:35:19 GMT 2024","passed","Sat Nov 02 00:35:19 GMT 2024","","HYPERON-METTALOG-SANITY","HYPERON-METTALOG-SANITY",""
"","2","NUMTEST.05","","Sat Nov 02 01:14:04 GMT 2024","passed","Sat Nov 02 01:14:04 GMT 2024","","COMMON","COMMON",""
"","247","SYNTHESIZE-VIA-CASE-TEST.10","","Sat Nov 02 01:24:29 GMT 2024","failed","Sat Nov 02 01:24:29 GMT 2024","","EXPERIMENTS","EXPERIMENTS",""
"","2","INF-CTL-MONTH-BC-CONT-XP.02","","Sat Nov 02 01:17:56 GMT 2024","passed","Sat Nov 02 01:17:56 GMT 2024","","INFERENCE-CONTROL","INFERENCE-CONTROL",""
"","3","STDLIB-METTALOG-TEST-PT2.65","","Sat Nov 02 00:52:56 GMT 2024","passed","Sat Nov 02 00:52:56 GMT 2024","","STDLIB-METTALOG","STDLIB-METTALOG",""
"","3559","PROB-DEP-TYPES.16","","Sat Nov 02 01:01:42 GMT 2024","failed","Sat Nov 02 01:01:45 GMT 2024","","PROB-DEP-TYPES","PROB-DEP-TYPES",""
"","1","HYPERPOSE.03","","Sat Nov 02 00:39:10 GMT 2024","passed","Sat Nov 02 00:39:10 GMT 2024","","METTA-MORPH-TESTS","METTA-MORPH-TESTS",""
"","2","B4-NONDETERM.02","","Sat Nov 02 00:33:44 GMT 2024","passed","Sat Nov 02 00:33:44 GMT 2024","","HYPERON-EXPERIMENTAL-SCRIPTS","HYPERON-EXPERIMENTAL-SCRIPTS",""
"","3","E2-STATES.01","","Sat Nov 02 00:33:44 GMT 2024","passed","Sat Nov 02 00:33:44 GMT 2024","","HYPERON-EXPERIMENTAL-SCRIPTS","HYPERON-EXPERIMENTAL-SCRIPTS",""
"","2","D4-TYPE-PROP.09","","Sat Nov 02 00:43:32 GMT 2024","passed","Sat Nov 02 00:43:32 GMT 2024","","QUICK","QUICK",""
"","14","D2-HIGHERFUNC.21","","Sat Nov 02 01:09:59 GMT 2024","passed","Sat Nov 02 01:09:59 GMT 2024","","CHECK-TYPES","CHECK-TYPES",""
"","93","ADD-REMOVE-MATCH-INTEGER.25","","Sat Nov 02 00:50:49 GMT 2024","passed","Sat Nov 02 00:50:49 GMT 2024","","SPACES","SPACES",""
"","1","BCHAIN-COMP.05","","Sat Nov 02 00:41:19 GMT 2024","passed","Sat Nov 02 00:41:19 GMT 2024","","ANTI-REGRESSION","ANTI-REGRESSION",""
"","2","QUERIES.07","","Sat Nov 02 01:06:14 GMT 2024","passed","Sat Nov 02 01:06:14 GMT 2024","","STRIPS-TO-METTA-IMPROVED","STRIPS-TO-METTA-IMPROVED",""
"","3","BACKWARD-CHAINER-XP.43","","Sat Nov 02 01:13:49 GMT 2024","passed","Sat Nov 02 01:13:49 GMT 2024","","BACKWARD-CHAINER","BACKWARD-CHAINER",""
"","5000","chaining.types_prelim","","Sat Nov 02 00:33:40 GMT 2024","passed","Sat Nov 02 00:33:45 GMT 2024","","WHOLE-TESTS","WHOLE-TESTS",""
"","2","SYNTHESIZE-VIA-TYPE-CHECKING.08","","Sat Nov 02 01:24:29 GMT 2024","passed","Sat Nov 02 01:24:29 GMT 2024","","EXPERIMENTS","EXPERIMENTS",""
"","2","NUMTEST.04","","Sat Nov 02 01:14:04 GMT 2024","passed","Sat Nov 02 01:14:04 GMT 2024","","COMMON","COMMON",""
"","3","MULTIFUNCTION.01","","Sat Nov 02 00:39:10 GMT 2024","passed","Sat Nov 02 00:39:10 GMT 2024","","METTA-MORPH-TESTS","METTA-MORPH-TESTS",""
"","3","FORWARD-CHAINER-XP.31","","Sat Nov 02 01:16:32 GMT 2024","passed","Sat Nov 02 01:16:32 GMT 2024","","FORWARD-CHAINER","FORWARD-CHAINER",""
"","2","FORWARD-CHAINER-XP.16","","Sat Nov 02 01:16:32 GMT 2024","passed","Sat Nov 02 01:16:32 GMT 2024","","FORWARD-CHAINER","FORWARD-CHAINER",""
"","2","BACKWARD-CHAINER-XP.14","","Sat Nov 02 01:13:49 GMT 2024","passed","Sat Nov 02 01:13:49 GMT 2024","","BACKWARD-CHAINER","BACKWARD-CHAINER",""
"","2","D4-TYPE-PROP.01","","Sat Nov 02 00:43:32 GMT 2024","passed","Sat Nov 02 00:43:32 GMT 2024","","QUICK","QUICK",""
"","1","IFC-XP.11","","Sat Nov 02 01:19:56 GMT 2024","passed","Sat Nov 02 01:19:56 GMT 2024","","ITERATIVE-CHAINING","ITERATIVE-CHAINING",""
"","4000","multidirectional.append","","Sat Nov 02 00:33:40 GMT 2024","passed","Sat Nov 02 00:33:44 GMT 2024","","WHOLE-TESTS","WHOLE-TESTS",""
"","3","BACKWARD-CHAINER-XP.41","","Sat Nov 02 01:13:49 GMT 2024","passed","Sat Nov 02 01:13:49 GMT 2024","","BACKWARD-CHAINER","BACKWARD-CHAINER",""
"","7","GENE-PLN-XP.01","","Sat Nov 02 01:09:25 GMT 2024","passed","Sat Nov 02 01:09:25 GMT 2024","","PLN","PLN",""
"","406","TESTS0.06","","Sat Nov 02 01:41:32 GMT 2024","passed","Sat Nov 02 01:41:32 GMT 2024","","PREV","PREV",""
"","2","SPACE-SUBTRACTION-TESTS.01","","Sat Nov 02 00:35:19 GMT 2024","passed","Sat Nov 02 00:35:19 GMT 2024","","HYPERON-METTALOG-SANITY","HYPERON-METTALOG-SANITY",""
"","185","SYNTHESIZE-VIA-UNIFY-TEST.07","","Sat Nov 02 01:24:29 GMT 2024","failed","Sat Nov 02 01:24:29 GMT 2024","","EXPERIMENTS","EXPERIMENTS",""
"","2","ADD-REMOVE-MATCH-STRINGS.10","","Sat Nov 02 00:50:49 GMT 2024","passed","Sat Nov 02 00:50:49 GMT 2024","","SPACES","SPACES",""
"","3","SEALED-TEST.02","","Sat Nov 02 00:35:19 GMT 2024","passed","Sat Nov 02 00:35:19 GMT 2024","","HYPERON-METTALOG-SANITY","HYPERON-METTALOG-SANITY",""
"","2","INF-CTL-MONTH-BC-XP.01","","Sat Nov 02 01:17:56 GMT 2024","passed","Sat Nov 02 01:17:56 GMT 2024","","INFERENCE-CONTROL","INFERENCE-CONTROL",""
"","2","TYPE-PROP.20","","Sat Nov 02 01:09:38 GMT 2024","passed","Sat Nov 02 01:09:38 GMT 2024","","CHECK-TYPES-TEMP","CHECK-TYPES-TEMP",""
"","5000","metta-wam-issue-116.test_spo_5000","","Sat Nov 02 00:33:40 GMT 2024","passed","Sat Nov 02 00:33:45 GMT 2024","","WHOLE-TESTS","WHOLE-TESTS",""
"","4","MATCH-FEVAL.01","","Sat Nov 02 00:39:10 GMT 2024","passed","Sat Nov 02 00:39:10 GMT 2024","","METTA-MORPH-TESTS","METTA-MORPH-TESTS",""
"","9","D2-HIGHERFUNC.21","","Sat Nov 02 00:43:32 GMT 2024","passed","Sat Nov 02 00:43:32 GMT 2024","","QUICK","QUICK",""
"","2","D2-HIGHERFUNC.15","","Sat Nov 02 00:33:44 GMT 2024","passed","Sat Nov 02 00:33:44 GMT 2024","","HYPERON-EXPERIMENTAL-SCRIPTS","HYPERON-EXPERIMENTAL-SCRIPTS",""
"","2","TYPE-PROP.62","","Sat Nov 02 01:09:38 GMT 2024","passed","Sat Nov 02 01:09:38 GMT 2024","","CHECK-TYPES-TEMP","CHECK-TYPES-TEMP",""
"","2","TEST-IF-CLOSED.08","","Sat Nov 02 00:41:19 GMT 2024","passed","Sat Nov 02 00:41:19 GMT 2024","","ANTI-REGRESSION","ANTI-REGRESSION",""
"","3","ADD-ATOM-NAIVE-FIB.07","","Sat Nov 02 02:01:49 GMT 2024","passed","Sat Nov 02 02:01:49 GMT 2024","","COMPARISONS","COMPARISONS",""
"","2","ADD-REMOVE-MATCH-MIX-FLOAT-INTEGER.08","","Sat Nov 02 00:50:49 GMT 2024","passed","Sat Nov 02 00:50:49 GMT 2024","","SPACES","SPACES",""
"","3","COMBINED.01","","Sat Nov 02 01:51:38 GMT 2024","passed","Sat Nov 02 01:51:38 GMT 2024","","ITERATORS","ITERATORS",""
"","2","D2-HIGHERFUNC.27","","Sat Nov 02 01:09:59 GMT 2024","passed","Sat Nov 02 01:09:59 GMT 2024","","CHECK-TYPES","CHECK-TYPES",""
"","2","LISTTEST.16","","Sat Nov 02 01:14:04 GMT 2024","passed","Sat Nov 02 01:14:04 GMT 2024","","COMMON","COMMON",""
"","18","INF-CTL-MONTH-XP-SHORT-6.01","","Sat Nov 02 02:01:49 GMT 2024","failed","Sat Nov 02 02:01:49 GMT 2024","","COMPARISONS","COMPARISONS",""
"","4000","metta-morph_tests.and_or","","Sat Nov 02 00:33:40 GMT 2024","passed","Sat Nov 02 00:33:44 GMT 2024","","WHOLE-TESTS","WHOLE-TESTS",""
"","1","LET-SUPERPOSE-LIST.02","","Sat Nov 02 01:46:29 GMT 2024","passed","Sat Nov 02 01:46:29 GMT 2024","","TRANSPILER","TRANSPILER",""
"","3","CHAPTER-1-1.01","","Sat Nov 02 00:53:06 GMT 2024","passed","Sat Nov 02 00:53:06 GMT 2024","","SICP-BOOK","SICP-BOOK",""
"","2","STDLIB-METTALOG-TEST-PT2.40","","Sat Nov 02 00:52:56 GMT 2024","passed","Sat Nov 02 00:52:56 GMT 2024","","STDLIB-METTALOG","STDLIB-METTALOG",""
"","2","ADD-REMOVE-MATCH-S-SYMBOLS.11","","Sat Nov 02 00:50:49 GMT 2024","passed","Sat Nov 02 00:50:49 GMT 2024","","SPACES","SPACES",""
"","6","PLN-STV.03","","Sat Nov 02 00:48:28 GMT 2024","passed","Sat Nov 02 00:48:28 GMT 2024","","CHAINING","CHAINING",""
"","3","ADD-ATOM-MATCH.01","","Sat Nov 02 00:39:10 GMT 2024","passed","Sat Nov 02 00:39:10 GMT 2024","","METTA-MORPH-TESTS","METTA-MORPH-TESTS",""
"","1","D4-TYPE-PROP.09","","Sat Nov 02 01:09:59 GMT 2024","passed","Sat Nov 02 01:09:59 GMT 2024","","CHECK-TYPES","CHECK-TYPES",""
"","2","METTALOGTESTCURRIED2.06","","Sat Nov 02 01:46:54 GMT 2024","passed","Sat Nov 02 01:46:54 GMT 2024","","WALK-THRU","WALK-THRU",""
"","59","B5-TYPES-PRELIM.15","","Sat Nov 02 00:33:44 GMT 2024","failed","Sat Nov 02 00:33:44 GMT 2024","","HYPERON-EXPERIMENTAL-SCRIPTS","HYPERON-EXPERIMENTAL-SCRIPTS",""
"","1326","TESTS3.02","","Sat Nov 02 00:44:01 GMT 2024","failed","Sat Nov 02 00:44:02 GMT 2024","","MAIN-BRANCH","MAIN-BRANCH",""
"","9","D2-HIGHERFUNC.20","","Sat Nov 02 01:09:59 GMT 2024","passed","Sat Nov 02 01:09:59 GMT 2024","","CHECK-TYPES","CHECK-TYPES",""
"","184","SYNTHESIZE-VIA-UNIFY-TEST.06","","Sat Nov 02 01:24:29 GMT 2024","failed","Sat Nov 02 01:24:29 GMT 2024","","EXPERIMENTS","EXPERIMENTS",""
"","4","OBIF.01","","Sat Nov 02 01:53:12 GMT 2024","passed","Sat Nov 02 01:53:12 GMT 2024","","MULTIDIRECTIONAL","MULTIDIRECTIONAL",""
"","143","NATTEST.01","","Sat Nov 02 01:16:47 GMT 2024","failed","Sat Nov 02 01:16:47 GMT 2024","","HOL","HOL",""
"","2","BASIC.07","","Sat Nov 02 01:06:56 GMT 2024","passed","Sat Nov 02 01:06:56 GMT 2024","","TRAVERSER","TRAVERSER",""
"","4000","hyperon-experimental_scripts.b0_chaining_prelim","","Sat Nov 02 00:33:40 GMT 2024","passed","Sat Nov 02 00:33:44 GMT 2024","","WHOLE-TESTS","WHOLE-TESTS",""
"","2","SUPERPOSE-NESTED.03","","Sat Nov 02 00:39:10 GMT 2024","passed","Sat Nov 02 00:39:10 GMT 2024","","METTA-MORPH-TESTS","METTA-MORPH-TESTS",""
"","3","BC-XP.27","","Sat Nov 02 01:13:54 GMT 2024","passed","Sat Nov 02 01:13:54 GMT 2024","","BACKWARD-CHAINING","BACKWARD-CHAINING",""
"","275","SYNTHESIZE-VIA-CASE-TEST.03","","Sat Nov 02 01:24:29 GMT 2024","failed","Sat Nov 02 01:24:29 GMT 2024","","EXPERIMENTS","EXPERIMENTS",""
"","2","STDLIB-METTALOG-TEST-PT2.61","","Sat Nov 02 00:52:56 GMT 2024","passed","Sat Nov 02 00:52:56 GMT 2024","","STDLIB-METTALOG","STDLIB-METTALOG",""
"","68","NTE.04","","Sat Nov 02 00:59:43 GMT 2024","passed","Sat Nov 02 00:59:43 GMT 2024","","EDGES-TO-EDGES","EDGES-TO-EDGES",""
"","2","ADD-REMOVE-MATCH-MIX-FLOAT-INTEGER.09","","Sat Nov 02 00:50:49 GMT 2024","passed","Sat Nov 02 00:50:49 GMT 2024","","SPACES","SPACES",""
"","2","CHAPTER-2-2.06","","Sat Nov 02 00:53:06 GMT 2024","passed","Sat Nov 02 00:53:06 GMT 2024","","SICP-BOOK","SICP-BOOK",""
"","2","CHAPTER-2-4.02","","Sat Nov 02 00:53:06 GMT 2024","passed","Sat Nov 02 00:53:06 GMT 2024","","SICP-BOOK","SICP-BOOK",""
"","247","IMPLICATIONDIRECTINTRODUCTIONDTLTEST.14","","Sat Nov 02 01:12:41 GMT 2024","passed","Sat Nov 02 01:12:41 GMT 2024","","DEPENDENT-TYPES","DEPENDENT-TYPES",""
"","2","ADD-REMOVE-MATCH-FLOAT.01","","Sat Nov 02 00:50:49 GMT 2024","passed","Sat Nov 02 00:50:49 GMT 2024","","SPACES","SPACES",""
"","4000","std.nondeterm","","Sat Nov 02 00:33:40 GMT 2024","passed","Sat Nov 02 00:33:44 GMT 2024","","WHOLE-TESTS","WHOLE-TESTS",""
"","2","INF-CTL-MONTH-BC-CONT-XP.26","","Sat Nov 02 01:17:56 GMT 2024","passed","Sat Nov 02 01:17:56 GMT 2024","","INFERENCE-CONTROL","INFERENCE-CONTROL",""
"","2","D1-GADT.07","","Sat Nov 02 00:33:44 GMT 2024","passed","Sat Nov 02 00:33:44 GMT 2024","","HYPERON-EXPERIMENTAL-SCRIPTS","HYPERON-EXPERIMENTAL-SCRIPTS",""
"","3","B5-TYPES-PRELIM.06","","Sat Nov 02 00:33:44 GMT 2024","passed","Sat Nov 02 00:33:44 GMT 2024","","HYPERON-EXPERIMENTAL-SCRIPTS","HYPERON-EXPERIMENTAL-SCRIPTS",""
"","20","STDLIB-METTALOG-TEST-PT2.49","","Sat Nov 02 00:52:56 GMT 2024","failed","Sat Nov 02 00:52:56 GMT 2024","","STDLIB-METTALOG","STDLIB-METTALOG",""
"","340","LOCATED-TEST.02","","Sat Nov 02 01:23:33 GMT 2024","failed","Sat Nov 02 01:23:33 GMT 2024","","LOCATED","LOCATED",""
"","2","CURRIED-CHAINER.07","","Sat Nov 02 01:14:39 GMT 2024","passed","Sat Nov 02 01:14:39 GMT 2024","","CURRIED-CHAINING","CURRIED-CHAINING",""
"","2","TYPES2.03","","Sat Nov 02 00:39:10 GMT 2024","passed","Sat Nov 02 00:39:10 GMT 2024","","METTA-MORPH-TESTS","METTA-MORPH-TESTS",""
"","3","FORWARD-CHAINER-XP.30","","Sat Nov 02 01:16:32 GMT 2024","passed","Sat Nov 02 01:16:32 GMT 2024","","FORWARD-CHAINER","FORWARD-CHAINER",""
"","1","D2-HIGHERFUNC.12","","Sat Nov 02 00:43:32 GMT 2024","passed","Sat Nov 02 00:43:32 GMT 2024","","QUICK","QUICK",""
"","3","TEST-IF-CLOSED.11","","Sat Nov 02 00:41:19 GMT 2024","passed","Sat Nov 02 00:41:19 GMT 2024","","ANTI-REGRESSION","ANTI-REGRESSION",""
"","132","INF-ORDER-PROBS.08","","Sat Nov 02 01:01:42 GMT 2024","passed","Sat Nov 02 01:01:42 GMT 2024","","PROB-DEP-TYPES","PROB-DEP-TYPES",""
"","1","ADD-REMOVE-MATCH-SS-STRINGS.04","","Sat Nov 02 00:50:49 GMT 2024","passed","Sat Nov 02 00:50:49 GMT 2024","","SPACES","SPACES",""
"","3","BACKWARD-CHAINER-XP.24","","Sat Nov 02 01:13:49 GMT 2024","passed","Sat Nov 02 01:13:49 GMT 2024","","BACKWARD-CHAINER","BACKWARD-CHAINER",""
"","3","D2-HIGHERFUNC.19","","Sat Nov 02 01:09:59 GMT 2024","passed","Sat Nov 02 01:09:59 GMT 2024","","CHECK-TYPES","CHECK-TYPES",""
"","5000","hyperon-experimental_scripts.d4_type_prop","","Sat Nov 02 00:33:40 GMT 2024","passed","Sat Nov 02 00:33:45 GMT 2024","","WHOLE-TESTS","WHOLE-TESTS",""
"","2","IMPL-METTALOGTESTCURRIED.08","","Sat Nov 02 01:46:54 GMT 2024","passed","Sat Nov 02 01:46:54 GMT 2024","","WALK-THRU","WALK-THRU",""
"","313","PROB-DEP-TYPES.08","","Sat Nov 02 01:01:42 GMT 2024","failed","Sat Nov 02 01:01:42 GMT 2024","","PROB-DEP-TYPES","PROB-DEP-TYPES",""
"","1","D4-TYPE-PROP.12","","Sat Nov 02 00:43:32 GMT 2024","passed","Sat Nov 02 00:43:32 GMT 2024","","QUICK","QUICK",""
"","2","HIGHER-ORDER-FUNCS.07","","Sat Nov 02 00:51:31 GMT 2024","passed","Sat Nov 02 00:51:31 GMT 2024","","STD","STD",""
"","4000","hyperon-experimental_scripts.e2_states","","Sat Nov 02 00:33:40 GMT 2024","passed","Sat Nov 02 00:33:44 GMT 2024","","WHOLE-TESTS","WHOLE-TESTS",""
"","70","STATE-TYPES.04","","Sat Nov 02 01:55:28 GMT 2024","failed","Sat Nov 02 01:55:28 GMT 2024","","BASIC","BASIC",""
"","2","STDLIB-METTALOG-TEST-PT2.39","","Sat Nov 02 00:52:56 GMT 2024","passed","Sat Nov 02 00:52:56 GMT 2024","","STDLIB-METTALOG","STDLIB-METTALOG",""
"","1","D1-GADT.03","","Sat Nov 02 00:43:32 GMT 2024","passed","Sat Nov 02 00:43:32 GMT 2024","","QUICK","QUICK",""
"","2","ORIENTATION-TEST.01","","Sat Nov 02 01:23:38 GMT 2024","passed","Sat Nov 02 01:23:38 GMT 2024","","ORIENTATION","ORIENTATION",""
"","3","ADD-ATOM-NAIVE-FIB.03","","Sat Nov 02 02:01:49 GMT 2024","passed","Sat Nov 02 02:01:49 GMT 2024","","COMPARISONS","COMPARISONS",""
"","2","STRING-TESTS.11","","Sat Nov 02 00:35:19 GMT 2024","passed","Sat Nov 02 00:35:19 GMT 2024","","HYPERON-METTALOG-SANITY","HYPERON-METTALOG-SANITY",""
"","2","LISTTEST.06","","Sat Nov 02 01:14:04 GMT 2024","passed","Sat Nov 02 01:14:04 GMT 2024","","COMMON","COMMON",""
"","2","A1-SYMBOLS.07","","Sat Nov 02 00:33:44 GMT 2024","passed","Sat Nov 02 00:33:44 GMT 2024","","HYPERON-EXPERIMENTAL-SCRIPTS","HYPERON-EXPERIMENTAL-SCRIPTS",""
"","89","SHOW-TYPE.13","","Sat Nov 02 00:50:33 GMT 2024","failed","Sat Nov 02 00:50:33 GMT 2024","","INTROSPECT","INTROSPECT",""
"","13","TYPE-PROP.57","","Sat Nov 02 01:09:38 GMT 2024","failed","Sat Nov 02 01:09:38 GMT 2024","","CHECK-TYPES-TEMP","CHECK-TYPES-TEMP",""
"","3","PC-XP.10","","Sat Nov 02 01:22:39 GMT 2024","passed","Sat Nov 02 01:22:39 GMT 2024","","POLYWARD-CHAINING","POLYWARD-CHAINING",""
"","3","NUMTEST.01","","Sat Nov 02 01:14:04 GMT 2024","passed","Sat Nov 02 01:14:04 GMT 2024","","COMMON","COMMON",""
"","2","D4-TYPE-PROP.11","","Sat Nov 02 00:33:44 GMT 2024","passed","Sat Nov 02 00:33:44 GMT 2024","","HYPERON-EXPERIMENTAL-SCRIPTS","HYPERON-EXPERIMENTAL-SCRIPTS",""
"","2","D4-TYPE-PROP.17","","Sat Nov 02 00:33:44 GMT 2024","passed","Sat Nov 02 00:33:44 GMT 2024","","HYPERON-EXPERIMENTAL-SCRIPTS","HYPERON-EXPERIMENTAL-SCRIPTS",""
"","25","SHOW-TYPE.09","","Sat Nov 02 00:50:33 GMT 2024","passed","Sat Nov 02 00:50:33 GMT 2024","","INTROSPECT","INTROSPECT",""
"","1","FC-XP.25","","Sat Nov 02 01:16:42 GMT 2024","passed","Sat Nov 02 01:16:42 GMT 2024","","FORWARD-CHAINING","FORWARD-CHAINING",""
"","2","METTALOGTESTCURRIED2.02","","Sat Nov 02 00:41:19 GMT 2024","passed","Sat Nov 02 00:41:19 GMT 2024","","ANTI-REGRESSION","ANTI-REGRESSION",""
"","268","SELF-CONTAINED-SYNTHESIZE.10","","Sat Nov 02 01:24:29 GMT 2024","failed","Sat Nov 02 01:24:29 GMT 2024","","EXPERIMENTS","EXPERIMENTS",""
"","145","BASIC.10","","Sat Nov 02 01:06:56 GMT 2024","failed","Sat Nov 02 01:06:56 GMT 2024","","TRAVERSER","TRAVERSER",""
"","78","STDLIB-METTALOG-TEST-PT2.10","","Sat Nov 02 00:52:56 GMT 2024","failed","Sat Nov 02 00:52:56 GMT 2024","","STDLIB-METTALOG","STDLIB-METTALOG",""
"","5000","basic.test_infer_function_application_type","","Sat Nov 02 00:33:40 GMT 2024","passed","Sat Nov 02 00:33:45 GMT 2024","","WHOLE-TESTS","WHOLE-TESTS",""
"","107","ADD-REMOVE-MATCH-STRINGS.16","","Sat Nov 02 00:50:49 GMT 2024","failed","Sat Nov 02 00:50:49 GMT 2024","","SPACES","SPACES",""
"","4000","hyperon-mettalog_sanity.03-soring-via-insert","","Sat Nov 02 00:33:40 GMT 2024","passed","Sat Nov 02 00:33:44 GMT 2024","","WHOLE-TESTS","WHOLE-TESTS",""
"","2","F1-MODULEA.07","","Sat Nov 02 00:33:35 GMT 2024","passed","Sat Nov 02 00:33:35 GMT 2024","","MODULE-SYSTEM","MODULE-SYSTEM",""
"","4","HYPERON-EXPERIMENTAL-ISSUE-516-REDDUCED.01","","Sat Nov 02 01:50:12 GMT 2024","passed","Sat Nov 02 01:50:12 GMT 2024","","DEBUGGING","DEBUGGING",""
"","3","INF-CTL-MONTH-XP.05","","Sat Nov 02 01:17:56 GMT 2024","passed","Sat Nov 02 01:17:56 GMT 2024","","INFERENCE-CONTROL","INFERENCE-CONTROL",""
"","1","ADD-REMOVE-MATCH-SS-SYMBOLS.05","","Sat Nov 02 00:50:49 GMT 2024","passed","Sat Nov 02 00:50:49 GMT 2024","","SPACES","SPACES",""
"","2453","TESTS1-PRE.04","","Sat Nov 02 00:44:01 GMT 2024","failed","Sat Nov 02 00:44:03 GMT 2024","","MAIN-BRANCH","MAIN-BRANCH",""
"","7","CHAPTER-1-1.22","","Sat Nov 02 00:53:06 GMT 2024","passed","Sat Nov 02 00:53:06 GMT 2024","","SICP-BOOK","SICP-BOOK",""
"","2","D2-HIGHERFUNC.13","","Sat Nov 02 00:33:44 GMT 2024","passed","Sat Nov 02 00:33:44 GMT 2024","","HYPERON-EXPERIMENTAL-SCRIPTS","HYPERON-EXPERIMENTAL-SCRIPTS",""
"","4000","introspect.show-space-self","","Sat Nov 02 00:33:40 GMT 2024","passed","Sat Nov 02 00:33:44 GMT 2024","","WHOLE-TESTS","WHOLE-TESTS",""
"","46000","nars_v0.tests3","","Sat Nov 02 00:33:40 GMT 2024","failed","Sat Nov 02 00:34:26 GMT 2024","","WHOLE-TESTS","WHOLE-TESTS",""
"","3","STRING-TESTS.16","","Sat Nov 02 00:35:19 GMT 2024","passed","Sat Nov 02 00:35:19 GMT 2024","","HYPERON-METTALOG-SANITY","HYPERON-METTALOG-SANITY",""
"","2","ADD-REMOVE-MATCH-SYMBOLS.04","","Sat Nov 02 00:50:49 GMT 2024","passed","Sat Nov 02 00:50:49 GMT 2024","","SPACES","SPACES",""
"","2","TYPES-PRELIM.07","","Sat Nov 02 00:48:28 GMT 2024","passed","Sat Nov 02 00:48:28 GMT 2024","","CHAINING","CHAINING",""
"","1","SEQUENTIAL-NESTED.10","","Sat Nov 02 00:39:10 GMT 2024","passed","Sat Nov 02 00:39:10 GMT 2024","","METTA-MORPH-TESTS","METTA-MORPH-TESTS",""
"","2449","TESTS1.04","","Sat Nov 02 00:44:01 GMT 2024","failed","Sat Nov 02 00:44:03 GMT 2024","","MAIN-BRANCH","MAIN-BRANCH",""
"","4000","collatz.peano","","Sat Nov 02 00:33:40 GMT 2024","passed","Sat Nov 02 00:33:44 GMT 2024","","WHOLE-TESTS","WHOLE-TESTS",""
"","2","STRING-TESTS.07","","Sat Nov 02 00:35:19 GMT 2024","passed","Sat Nov 02 00:35:19 GMT 2024","","HYPERON-METTALOG-SANITY","HYPERON-METTALOG-SANITY",""
"","2","D2-HIGHERFUNC.05","","Sat Nov 02 01:09:59 GMT 2024","passed","Sat Nov 02 01:09:59 GMT 2024","","CHECK-TYPES","CHECK-TYPES",""
"","2","V2-PLN-XP-SYS-IMPL.01","","Sat Nov 02 00:48:28 GMT 2024","passed","Sat Nov 02 00:48:28 GMT 2024","","CHAINING","CHAINING",""
"","5000","quick.d2_higherfunc","","Sat Nov 02 00:33:40 GMT 2024","passed","Sat Nov 02 00:33:45 GMT 2024","","WHOLE-TESTS","WHOLE-TESTS",""
"","3","D4-TYPE-PROP.08","","Sat Nov 02 01:09:59 GMT 2024","passed","Sat Nov 02 01:09:59 GMT 2024","","CHECK-TYPES","CHECK-TYPES",""
"","2","ADD-REMOVE-MATCH-S-SYMBOLS.03","","Sat Nov 02 00:50:49 GMT 2024","passed","Sat Nov 02 00:50:49 GMT 2024","","SPACES","SPACES",""
"","3","UNIQUE-TEST.06","","Sat Nov 02 00:35:19 GMT 2024","passed","Sat Nov 02 00:35:19 GMT 2024","","HYPERON-METTALOG-SANITY","HYPERON-METTALOG-SANITY",""
"","2","ADD-REMOVE-MATCH-MIX-FLOAT-INTEGER.17","","Sat Nov 02 00:50:49 GMT 2024","passed","Sat Nov 02 00:50:49 GMT 2024","","SPACES","SPACES",""
"","2","FC-XP.10","","Sat Nov 02 01:16:42 GMT 2024","passed","Sat Nov 02 01:16:42 GMT 2024","","FORWARD-CHAINING","FORWARD-CHAINING",""
"","1","AI-SERVICE-COMPOSITION-EASY.06","","Sat Nov 02 01:07:06 GMT 2024","passed","Sat Nov 02 01:07:06 GMT 2024","","AI-SERVICE","AI-SERVICE",""
"","58","ADD-REMOVE-MATCH-INTEGER.40","","Sat Nov 02 00:50:49 GMT 2024","passed","Sat Nov 02 00:50:49 GMT 2024","","SPACES","SPACES",""
"","11","STDLIB-METTALOG-TEST-PT2.34","","Sat Nov 02 00:52:56 GMT 2024","failed","Sat Nov 02 00:52:56 GMT 2024","","STDLIB-METTALOG","STDLIB-METTALOG",""
"","2","BACKWARD-CHAINER-XP.12","","Sat Nov 02 01:13:49 GMT 2024","passed","Sat Nov 02 01:13:49 GMT 2024","","BACKWARD-CHAINER","BACKWARD-CHAINER",""
"","2","FORWARD-CHAINER-XP.23","","Sat Nov 02 01:16:32 GMT 2024","passed","Sat Nov 02 01:16:32 GMT 2024","","FORWARD-CHAINER","FORWARD-CHAINER",""
"","2","B5-TYPES-PRELIM.17","","Sat Nov 02 01:09:38 GMT 2024","passed","Sat Nov 02 01:09:38 GMT 2024","","CHECK-TYPES-TEMP","CHECK-TYPES-TEMP",""
"","45000","constraint.types","","Sat Nov 02 00:33:40 GMT 2024","failed","Sat Nov 02 00:34:25 GMT 2024","","WHOLE-TESTS","WHOLE-TESTS",""
"","5000","hyperon-mettalog_sanity.structure-tests","","Sat Nov 02 00:33:40 GMT 2024","passed","Sat Nov 02 00:33:45 GMT 2024","","WHOLE-TESTS","WHOLE-TESTS",""
"","2","D2-HIGHERFUNC.02","","Sat Nov 02 01:09:59 GMT 2024","passed","Sat Nov 02 01:09:59 GMT 2024","","CHECK-TYPES","CHECK-TYPES",""
"","138","TESTS0.05","","Sat Nov 02 00:44:01 GMT 2024","passed","Sat Nov 02 00:44:01 GMT 2024","","MAIN-BRANCH","MAIN-BRANCH",""
"","2","F1-IMPORTS.15","","Sat Nov 02 00:43:32 GMT 2024","passed","Sat Nov 02 00:43:32 GMT 2024","","QUICK","QUICK",""
"","1","KEY-LOOKUPS-MANY.04","","Sat Nov 02 01:55:28 GMT 2024","passed","Sat Nov 02 01:55:28 GMT 2024","","BASIC","BASIC",""
"","2","TYPE-PROP.12","","Sat Nov 02 01:09:38 GMT 2024","passed","Sat Nov 02 01:09:38 GMT 2024","","CHECK-TYPES-TEMP","CHECK-TYPES-TEMP",""
"","2","00A-LANG-COMPILED-CASE.12","","Sat Nov 02 01:45:27 GMT 2024","passed","Sat Nov 02 01:45:27 GMT 2024","","DIRECT-COMP","DIRECT-COMP",""
"","2","BASIC.11","","Sat Nov 02 01:06:56 GMT 2024","passed","Sat Nov 02 01:06:56 GMT 2024","","TRAVERSER","TRAVERSER",""
"","45","IBC-XP.16","","Sat Nov 02 01:19:56 GMT 2024","failed","Sat Nov 02 01:19:56 GMT 2024","","ITERATIVE-CHAINING","ITERATIVE-CHAINING",""
"","3","B5-TYPES-PRELIM.23","","Sat Nov 02 01:09:38 GMT 2024","passed","Sat Nov 02 01:09:38 GMT 2024","","CHECK-TYPES-TEMP","CHECK-TYPES-TEMP",""
"","15","D2-HIGHERFUNC.20","","Sat Nov 02 00:43:32 GMT 2024","passed","Sat Nov 02 00:43:32 GMT 2024","","QUICK","QUICK",""
"","6000","bigram-sentence-evaluator.unigrams","","Sat Nov 02 00:33:40 GMT 2024","passed","Sat Nov 02 00:33:46 GMT 2024","","WHOLE-TESTS","WHOLE-TESTS",""
"","4","TYPE-PROP.35","","Sat Nov 02 01:09:38 GMT 2024","passed","Sat Nov 02 01:09:38 GMT 2024","","CHECK-TYPES-TEMP","CHECK-TYPES-TEMP",""
"","2","B0-CHAINING-PRELIM.05","","Sat Nov 02 00:33:44 GMT 2024","passed","Sat Nov 02 00:33:44 GMT 2024","","HYPERON-EXPERIMENTAL-SCRIPTS","HYPERON-EXPERIMENTAL-SCRIPTS",""
"","1","D1-GADT.14","","Sat Nov 02 01:09:59 GMT 2024","passed","Sat Nov 02 01:09:59 GMT 2024","","CHECK-TYPES","CHECK-TYPES",""
"","2","F1-IMPORTS.12","","Sat Nov 02 00:43:32 GMT 2024","passed","Sat Nov 02 00:43:32 GMT 2024","","QUICK","QUICK",""
"","2","IFC-XP.31","","Sat Nov 02 01:19:56 GMT 2024","passed","Sat Nov 02 01:19:56 GMT 2024","","ITERATIVE-CHAINING","ITERATIVE-CHAINING",""
"","2","C1-GROUNDED-BASIC.07","","Sat Nov 02 00:33:44 GMT 2024","passed","Sat Nov 02 00:33:44 GMT 2024","","HYPERON-EXPERIMENTAL-SCRIPTS","HYPERON-EXPERIMENTAL-SCRIPTS",""
"","97","B4-NONDETERM.11","","Sat Nov 02 00:33:44 GMT 2024","passed","Sat Nov 02 00:33:44 GMT 2024","","HYPERON-EXPERIMENTAL-SCRIPTS","HYPERON-EXPERIMENTAL-SCRIPTS",""
"","5000","metta_to_amr.amr-connect","","Sat Nov 02 00:33:40 GMT 2024","passed","Sat Nov 02 00:33:45 GMT 2024","","WHOLE-TESTS","WHOLE-TESTS",""
"","3","D2-HIGHERFUNC.03","","Sat Nov 02 00:33:44 GMT 2024","passed","Sat Nov 02 00:33:44 GMT 2024","","HYPERON-EXPERIMENTAL-SCRIPTS","HYPERON-EXPERIMENTAL-SCRIPTS",""
"","3","BC-XP.16","","Sat Nov 02 01:13:54 GMT 2024","passed","Sat Nov 02 01:13:54 GMT 2024","","BACKWARD-CHAINING","BACKWARD-CHAINING",""
"","2","TYPE-PROP.30","","Sat Nov 02 01:09:38 GMT 2024","passed","Sat Nov 02 01:09:38 GMT 2024","","CHECK-TYPES-TEMP","CHECK-TYPES-TEMP",""
"","568","TMPMATCH2.05","","Sat Nov 02 01:46:54 GMT 2024","passed","Sat Nov 02 01:46:54 GMT 2024","","WALK-THRU","WALK-THRU",""
"","2","F1-MODULEA.10","","Sat Nov 02 00:43:32 GMT 2024","passed","Sat Nov 02 00:43:32 GMT 2024","","QUICK","QUICK",""
"","2","NATSTANDALONETEST.02","","Sat Nov 02 01:16:47 GMT 2024","passed","Sat Nov 02 01:16:47 GMT 2024","","HOL","HOL",""
"","2","F1-IMPORTS.17","","Sat Nov 02 00:33:44 GMT 2024","passed","Sat Nov 02 00:33:44 GMT 2024","","HYPERON-EXPERIMENTAL-SCRIPTS","HYPERON-EXPERIMENTAL-SCRIPTS",""
"","482","TESTS0.08","","Sat Nov 02 01:28:40 GMT 2024","failed","Sat Nov 02 01:28:40 GMT 2024","","CURRENT","CURRENT",""
"","3","SUBTYPING-TEST.01","","Sat Nov 02 01:22:44 GMT 2024","passed","Sat Nov 02 01:22:44 GMT 2024","","SUBTYPING","SUBTYPING",""
"","3","C1-GROUNDED-BASIC.01","","Sat Nov 02 00:43:32 GMT 2024","passed","Sat Nov 02 00:43:32 GMT 2024","","QUICK","QUICK",""
"","2","SUPPORTRULEEXP.02","","Sat Nov 02 01:12:41 GMT 2024","passed","Sat Nov 02 01:12:41 GMT 2024","","DEPENDENT-TYPES","DEPENDENT-TYPES",""
"","3","FC-XP.04","","Sat Nov 02 01:16:42 GMT 2024","passed","Sat Nov 02 01:16:42 GMT 2024","","FORWARD-CHAINING","FORWARD-CHAINING",""
"","2","CML-UNSHARED.01","","Sat Nov 02 01:55:28 GMT 2024","passed","Sat Nov 02 01:55:28 GMT 2024","","BASIC","BASIC",""
"","6000","nars_v0.tests0","","Sat Nov 02 00:33:40 GMT 2024","passed","Sat Nov 02 00:33:46 GMT 2024","","WHOLE-TESTS","WHOLE-TESTS",""
"","2","TESTS0.06","","Sat Nov 02 00:44:01 GMT 2024","passed","Sat Nov 02 00:44:01 GMT 2024","","MAIN-BRANCH","MAIN-BRANCH",""
"","7","EVIDENTIALTRUTHVALUETEST.02","","Sat Nov 02 01:14:29 GMT 2024","passed","Sat Nov 02 01:14:29 GMT 2024","","TRUTHVALUE","TRUTHVALUE",""
"","41000","combinator-calculi.tree","","Sat Nov 02 00:33:40 GMT 2024","failed","Sat Nov 02 00:34:21 GMT 2024","","WHOLE-TESTS","WHOLE-TESTS",""
"","3","D2-HIGHERFUNC.15","","Sat Nov 02 00:43:32 GMT 2024","passed","Sat Nov 02 00:43:32 GMT 2024","","QUICK","QUICK",""
"","89","ADD-REMOVE-MATCH-MIX-FLOAT-INTEGER.14","","Sat Nov 02 00:50:49 GMT 2024","passed","Sat Nov 02 00:50:49 GMT 2024","","SPACES","SPACES",""
"","2","TESTS0.06","","Sat Nov 02 01:28:40 GMT 2024","passed","Sat Nov 02 01:28:40 GMT 2024","","CURRENT","CURRENT",""
"","2","TYPE-PROP.51","","Sat Nov 02 01:09:38 GMT 2024","passed","Sat Nov 02 01:09:38 GMT 2024","","CHECK-TYPES-TEMP","CHECK-TYPES-TEMP",""
"","2","D4-TYPE-PROP.05","","Sat Nov 02 01:09:59 GMT 2024","passed","Sat Nov 02 01:09:59 GMT 2024","","CHECK-TYPES","CHECK-TYPES",""
"","5","ADD-REMOVE-MATCH-INTEGER.42","","Sat Nov 02 00:50:49 GMT 2024","passed","Sat Nov 02 00:50:49 GMT 2024","","SPACES","SPACES",""
"","3","TESTS2.10","","Sat Nov 02 00:44:01 GMT 2024","passed","Sat Nov 02 00:44:01 GMT 2024","","MAIN-BRANCH","MAIN-BRANCH",""
"","155","NALIFIER.01","","Sat Nov 02 00:39:10 GMT 2024","passed","Sat Nov 02 00:39:10 GMT 2024","","METTA-MORPH-TESTS","METTA-MORPH-TESTS",""
"","2","BACKWARD-CHAINER-XP.44","","Sat Nov 02 01:13:49 GMT 2024","passed","Sat Nov 02 01:13:49 GMT 2024","","BACKWARD-CHAINER","BACKWARD-CHAINER",""
"","3","UNIQUE-TEST.01","","Sat Nov 02 00:35:19 GMT 2024","passed","Sat Nov 02 00:35:19 GMT 2024","","HYPERON-METTALOG-SANITY","HYPERON-METTALOG-SANITY",""
"","2","BC-XP.09","","Sat Nov 02 01:13:54 GMT 2024","passed","Sat Nov 02 01:13:54 GMT 2024","","BACKWARD-CHAINING","BACKWARD-CHAINING",""
"","2","TESTS1-PRE.01","","Sat Nov 02 00:44:01 GMT 2024","passed","Sat Nov 02 00:44:01 GMT 2024","","MAIN-BRANCH","MAIN-BRANCH",""
"","4000","basic.key-lookups-many","","Sat Nov 02 00:33:40 GMT 2024","passed","Sat Nov 02 00:33:44 GMT 2024","","WHOLE-TESTS","WHOLE-TESTS",""
"","2","ADD-REMOVE-MATCH-S-STRINGS.02","","Sat Nov 02 00:50:49 GMT 2024","passed","Sat Nov 02 00:50:49 GMT 2024","","SPACES","SPACES",""
"","3","CHAPTER-1-3.02","","Sat Nov 02 00:53:06 GMT 2024","passed","Sat Nov 02 00:53:06 GMT 2024","","SICP-BOOK","SICP-BOOK",""
"","7","REWRITES.02","","Sat Nov 02 01:05:25 GMT 2024","passed","Sat Nov 02 01:05:25 GMT 2024","","STACK-BASED","STACK-BASED",""
"","14","TEST-INFER-FUNCTION-APPLICATION-TYPE.11","","Sat Nov 02 01:55:28 GMT 2024","failed","Sat Nov 02 01:55:28 GMT 2024","","BASIC","BASIC",""
"","2","ADD-REMOVE-MATCH-INTEGER.43","","Sat Nov 02 00:50:49 GMT 2024","passed","Sat Nov 02 00:50:49 GMT 2024","","SPACES","SPACES",""
"","3","D4-TYPE-PROP.12","","Sat Nov 02 01:09:59 GMT 2024","passed","Sat Nov 02 01:09:59 GMT 2024","","CHECK-TYPES","CHECK-TYPES",""
"","2","F1-IMPORTS.19","","Sat Nov 02 00:43:32 GMT 2024","passed","Sat Nov 02 00:43:32 GMT 2024","","QUICK","QUICK",""
"","4000","transpiler.identity","","Sat Nov 02 00:33:40 GMT 2024","passed","Sat Nov 02 00:33:44 GMT 2024","","WHOLE-TESTS","WHOLE-TESTS",""
"","3","PC-XP.11","","Sat Nov 02 01:22:39 GMT 2024","passed","Sat Nov 02 01:22:39 GMT 2024","","POLYWARD-CHAINING","POLYWARD-CHAINING",""
"","2","ADD-REMOVE-MATCH-MIX-FLOAT-INTEGER.13","","Sat Nov 02 00:50:49 GMT 2024","passed","Sat Nov 02 00:50:49 GMT 2024","","SPACES","SPACES",""
"","8","GENE-PLN-XP.03","","Sat Nov 02 01:09:25 GMT 2024","passed","Sat Nov 02 01:09:25 GMT 2024","","PLN","PLN",""
"","5000","hyperon-experimental_scripts.c3_pln_stv","","Sat Nov 02 00:33:40 GMT 2024","passed","Sat Nov 02 00:33:45 GMT 2024","","WHOLE-TESTS","WHOLE-TESTS",""
"","2","IMPLICATIONDIRECTINTRODUCTIONENTAILTEST.06","","Sat Nov 02 01:16:12 GMT 2024","passed","Sat Nov 02 01:16:12 GMT 2024","","ENTAIL","ENTAIL",""
"","2","DEDUCTIONFORMULATEST.09","","Sat Nov 02 01:14:25 GMT 2024","passed","Sat Nov 02 01:14:25 GMT 2024","","FORMULA","FORMULA",""
"","4000","hyperon-experimental_scripts.a1_symbols","","Sat Nov 02 00:33:40 GMT 2024","passed","Sat Nov 02 00:33:44 GMT 2024","","WHOLE-TESTS","WHOLE-TESTS",""
"","1178","RED-BLACK.01","","Sat Nov 02 01:05:17 GMT 2024","passed","Sat Nov 02 01:05:18 GMT 2024","","RED-BLACK-LAMBDA","RED-BLACK-LAMBDA",""
"","5000","loop-checks.06_loop_0","","Sat Nov 02 00:33:40 GMT 2024","passed","Sat Nov 02 00:33:45 GMT 2024","","WHOLE-TESTS","WHOLE-TESTS",""
"","2","ADD-REMOVE-MATCH-INTEGER.17","","Sat Nov 02 00:50:49 GMT 2024","passed","Sat Nov 02 00:50:49 GMT 2024","","SPACES","SPACES",""
"","108","STDLIB-METTALOG-TEST-PT2.62","","Sat Nov 02 00:52:56 GMT 2024","failed","Sat Nov 02 00:52:56 GMT 2024","","STDLIB-METTALOG","STDLIB-METTALOG",""
"","4000","comparisons.inf-ctl-month-xp-short_5","","Sat Nov 02 00:33:40 GMT 2024","passed","Sat Nov 02 00:33:44 GMT 2024","","WHOLE-TESTS","WHOLE-TESTS",""
"","2","E2-STATES.06","","Sat Nov 02 01:09:59 GMT 2024","passed","Sat Nov 02 01:09:59 GMT 2024","","CHECK-TYPES","CHECK-TYPES",""
"","11064","NILS-IF-CONTROL-TEST-2.03","","Sat Nov 02 02:01:49 GMT 2024","passed","Sat Nov 02 02:02:00 GMT 2024","","COMPARISONS","COMPARISONS",""
"","1","AI-SERVICE-COMPOSITION-SANITY.03","","Sat Nov 02 01:07:06 GMT 2024","passed","Sat Nov 02 01:07:06 GMT 2024","","AI-SERVICE","AI-SERVICE",""
"","5","FIRST-ANSWER.02","","Sat Nov 02 00:35:19 GMT 2024","passed","Sat Nov 02 00:35:19 GMT 2024","","HYPERON-METTALOG-SANITY","HYPERON-METTALOG-SANITY",""
"","1233","PLLM-PENNTREE.05","","Sat Nov 02 02:07:59 GMT 2024","passed","Sat Nov 02 02:08:00 GMT 2024","","LANGUAGE-MODELS","LANGUAGE-MODELS",""
"","40000","basic.pathfinding-med-f","","Sat Nov 02 00:33:40 GMT 2024","failed","Sat Nov 02 00:34:20 GMT 2024","","WHOLE-TESTS","WHOLE-TESTS",""
"","2","IOIOIOI-USING-EQUALITY.05","","Sat Nov 02 01:53:12 GMT 2024","passed","Sat Nov 02 01:53:12 GMT 2024","","MULTIDIRECTIONAL","MULTIDIRECTIONAL",""
"","1215","PLLM-PENNTREE.07","","Sat Nov 02 02:07:59 GMT 2024","passed","Sat Nov 02 02:08:00 GMT 2024","","LANGUAGE-MODELS","LANGUAGE-MODELS",""
"","4000","metta_to_amr.dep-types","","Sat Nov 02 00:33:40 GMT 2024","passed","Sat Nov 02 00:33:44 GMT 2024","","WHOLE-TESTS","WHOLE-TESTS",""
"","91","INTERSECTION-TESTS.28","","Sat Nov 02 00:35:19 GMT 2024","failed","Sat Nov 02 00:35:19 GMT 2024","","HYPERON-METTALOG-SANITY","HYPERON-METTALOG-SANITY",""
"","13","MATCH-VOID.04","","Sat Nov 02 00:39:10 GMT 2024","passed","Sat Nov 02 00:39:10 GMT 2024","","METTA-MORPH-TESTS","METTA-MORPH-TESTS",""
"","2","METTALOGTESTCURRIED2.06","","Sat Nov 02 00:41:19 GMT 2024","passed","Sat Nov 02 00:41:19 GMT 2024","","ANTI-REGRESSION","ANTI-REGRESSION",""
"","2","00-LANG-CASE.16","","Sat Nov 02 00:35:19 GMT 2024","passed","Sat Nov 02 00:35:19 GMT 2024","","HYPERON-METTALOG-SANITY","HYPERON-METTALOG-SANITY",""
"","2","TESTS1.05","","Sat Nov 02 00:44:01 GMT 2024","passed","Sat Nov 02 00:44:01 GMT 2024","","MAIN-BRANCH","MAIN-BRANCH",""
"","12","TEST-INFER-FUNCTION-APPLICATION-TYPE.06","","Sat Nov 02 01:55:28 GMT 2024","failed","Sat Nov 02 01:55:28 GMT 2024","","BASIC","BASIC",""
"","2","F1-IMPORTS.08","","Sat Nov 02 00:33:35 GMT 2024","passed","Sat Nov 02 00:33:35 GMT 2024","","MODULE-SYSTEM","MODULE-SYSTEM",""
"","2","D1-GADT.10","","Sat Nov 02 00:33:44 GMT 2024","passed","Sat Nov 02 00:33:44 GMT 2024","","HYPERON-EXPERIMENTAL-SCRIPTS","HYPERON-EXPERIMENTAL-SCRIPTS",""
"","65","B5-TYPES-PRELIM.24","","Sat Nov 02 00:33:44 GMT 2024","failed","Sat Nov 02 00:33:44 GMT 2024","","HYPERON-EXPERIMENTAL-SCRIPTS","HYPERON-EXPERIMENTAL-SCRIPTS",""
"","2","BASE-TEST-REPR-PARSE-INTERSECTION.03","","Sat Nov 02 00:35:19 GMT 2024","passed","Sat Nov 02 00:35:19 GMT 2024","","HYPERON-METTALOG-SANITY","HYPERON-METTALOG-SANITY",""
"","2","DEDUCTIONIMPLICATIONDIRECTINTRODUCTIONDTLTEST.01","","Sat Nov 02 01:12:41 GMT 2024","passed","Sat Nov 02 01:12:41 GMT 2024","","DEPENDENT-TYPES","DEPENDENT-TYPES",""
"","2","B5-TYPES-PRELIM.09","","Sat Nov 02 01:09:38 GMT 2024","passed","Sat Nov 02 01:09:38 GMT 2024","","CHECK-TYPES-TEMP","CHECK-TYPES-TEMP",""
"","1","TYPE-PROP.48","","Sat Nov 02 01:09:38 GMT 2024","passed","Sat Nov 02 01:09:38 GMT 2024","","CHECK-TYPES-TEMP","CHECK-TYPES-TEMP",""
"","2","TYPE-PROP.19","","Sat Nov 02 01:09:38 GMT 2024","passed","Sat Nov 02 01:09:38 GMT 2024","","CHECK-TYPES-TEMP","CHECK-TYPES-TEMP",""
"","2","STDLIB-METTALOG-TEST-PT2.52","","Sat Nov 02 00:52:56 GMT 2024","passed","Sat Nov 02 00:52:56 GMT 2024","","STDLIB-METTALOG","STDLIB-METTALOG",""
"","2","NATPARITYTEST.01","","Sat Nov 02 01:16:47 GMT 2024","passed","Sat Nov 02 01:16:47 GMT 2024","","HOL","HOL",""
"","1","B5-TYPES-PRELIM.05","","Sat Nov 02 00:33:44 GMT 2024","passed","Sat Nov 02 00:33:44 GMT 2024","","HYPERON-EXPERIMENTAL-SCRIPTS","HYPERON-EXPERIMENTAL-SCRIPTS",""
"","43000","examples.expression","","Sat Nov 02 00:33:40 GMT 2024","failed","Sat Nov 02 00:34:23 GMT 2024","","WHOLE-TESTS","WHOLE-TESTS",""
"","2","STATES-SPACES.01","","Sat Nov 02 00:39:10 GMT 2024","passed","Sat Nov 02 00:39:10 GMT 2024","","METTA-MORPH-TESTS","METTA-MORPH-TESTS",""
"","138","SPACE-INTERSECTION-TESTS.07","","Sat Nov 02 00:35:19 GMT 2024","failed","Sat Nov 02 00:35:19 GMT 2024","","HYPERON-METTALOG-SANITY","HYPERON-METTALOG-SANITY",""
"","2","D2-HIGHERFUNC.09","","Sat Nov 02 00:43:32 GMT 2024","passed","Sat Nov 02 00:43:32 GMT 2024","","QUICK","QUICK",""
"","2","UNIFY-VIA-CASE.01","","Sat Nov 02 01:24:29 GMT 2024","passed","Sat Nov 02 01:24:29 GMT 2024","","EXPERIMENTS","EXPERIMENTS",""
"","3","SYNTHESIZE-VIA-TYPE-CHECKING.12","","Sat Nov 02 01:24:29 GMT 2024","passed","Sat Nov 02 01:24:29 GMT 2024","","EXPERIMENTS","EXPERIMENTS",""
"","1","HYPERPOSING-UNSHARED.08","","Sat Nov 02 01:55:28 GMT 2024","passed","Sat Nov 02 01:55:28 GMT 2024","","BASIC","BASIC",""
"","2","D2-HIGHERFUNC.01","","Sat Nov 02 01:09:59 GMT 2024","passed","Sat Nov 02 01:09:59 GMT 2024","","CHECK-TYPES","CHECK-TYPES",""
"","18","INF-CTL-MONTH-XP.07","","Sat Nov 02 01:17:56 GMT 2024","failed","Sat Nov 02 01:17:56 GMT 2024","","INFERENCE-CONTROL","INFERENCE-CONTROL",""
"","41000","SICP_book.chapter_1_3","","Sat Nov 02 00:33:40 GMT 2024","failed","Sat Nov 02 00:34:21 GMT 2024","","WHOLE-TESTS","WHOLE-TESTS",""
"","46","OBIF-CLP.02","","Sat Nov 02 01:53:12 GMT 2024","failed","Sat Nov 02 01:53:12 GMT 2024","","MULTIDIRECTIONAL","MULTIDIRECTIONAL",""
"","47","FORWARD-CHAINER-TEST.01","","Sat Nov 02 01:16:32 GMT 2024","failed","Sat Nov 02 01:16:32 GMT 2024","","FORWARD-CHAINER","FORWARD-CHAINER",""
"","7000","nars_extras.RUN_minnars","","Sat Nov 02 00:33:40 GMT 2024","passed","Sat Nov 02 00:33:47 GMT 2024","","WHOLE-TESTS","WHOLE-TESTS",""
"","3","FC-XP.03","","Sat Nov 02 01:16:42 GMT 2024","passed","Sat Nov 02 01:16:42 GMT 2024","","FORWARD-CHAINING","FORWARD-CHAINING",""
"","2","B1-EQUAL-CHAIN.02","","Sat Nov 02 00:33:44 GMT 2024","passed","Sat Nov 02 00:33:44 GMT 2024","","HYPERON-EXPERIMENTAL-SCRIPTS","HYPERON-EXPERIMENTAL-SCRIPTS",""
"","5000","hyperon-experimental_scripts.b3_direct","","Sat Nov 02 00:33:40 GMT 2024","passed","Sat Nov 02 00:33:45 GMT 2024","","WHOLE-TESTS","WHOLE-TESTS",""
"","2","TYPES2.05","","Sat Nov 02 00:39:10 GMT 2024","passed","Sat Nov 02 00:39:10 GMT 2024","","METTA-MORPH-TESTS","METTA-MORPH-TESTS",""
"","2","STATE-TYPES.13","","Sat Nov 02 01:55:28 GMT 2024","passed","Sat Nov 02 01:55:28 GMT 2024","","BASIC","BASIC",""
"","1","D4-TYPE-PROP.05","","Sat Nov 02 00:33:44 GMT 2024","passed","Sat Nov 02 00:33:44 GMT 2024","","HYPERON-EXPERIMENTAL-SCRIPTS","HYPERON-EXPERIMENTAL-SCRIPTS",""
"","2","STATE-TYPES.12","","Sat Nov 02 01:55:28 GMT 2024","passed","Sat Nov 02 01:55:28 GMT 2024","","BASIC","BASIC",""
"","2","LISTTEST.09","","Sat Nov 02 01:14:04 GMT 2024","passed","Sat Nov 02 01:14:04 GMT 2024","","COMMON","COMMON",""
"","22","INF-CTL-XP.16","","Sat Nov 02 01:17:56 GMT 2024","failed","Sat Nov 02 01:17:56 GMT 2024","","INFERENCE-CONTROL","INFERENCE-CONTROL",""
"","2","E2-STATES.01","","Sat Nov 02 01:09:59 GMT 2024","passed","Sat Nov 02 01:09:59 GMT 2024","","CHECK-TYPES","CHECK-TYPES",""
"","95","MEMB.01","","Sat Nov 02 01:01:03 GMT 2024","failed","Sat Nov 02 01:01:03 GMT 2024","","LOGIC","LOGIC",""
"","2","06-MATCH-IN-SPACE.03","","Sat Nov 02 00:35:19 GMT 2024","passed","Sat Nov 02 00:35:19 GMT 2024","","HYPERON-METTALOG-SANITY","HYPERON-METTALOG-SANITY",""
"","1","HYPERPOSING-UNSHARED.07","","Sat Nov 02 01:55:28 GMT 2024","passed","Sat Nov 02 01:55:28 GMT 2024","","BASIC","BASIC",""
"","4","BCHAIN-COMP.06","","Sat Nov 02 00:41:19 GMT 2024","passed","Sat Nov 02 00:41:19 GMT 2024","","ANTI-REGRESSION","ANTI-REGRESSION",""
"","3","BCHAIN.01","","Sat Nov 02 00:41:19 GMT 2024","passed","Sat Nov 02 00:41:19 GMT 2024","","ANTI-REGRESSION","ANTI-REGRESSION",""
"","2","KEY-LOOKUPS-MANY.10","","Sat Nov 02 01:55:28 GMT 2024","passed","Sat Nov 02 01:55:28 GMT 2024","","BASIC","BASIC",""
"","219","SYNTHESIZE-VIA-UNIFY-TEST.09","","Sat Nov 02 01:24:29 GMT 2024","failed","Sat Nov 02 01:24:29 GMT 2024","","EXPERIMENTS","EXPERIMENTS",""
"","2","ADD-REMOVE-MATCH-FLOAT.05","","Sat Nov 02 00:50:49 GMT 2024","passed","Sat Nov 02 00:50:49 GMT 2024","","SPACES","SPACES",""
"","3","ADD-REMOVE-MATCH-SS-SYMBOLS.16","","Sat Nov 02 00:50:49 GMT 2024","passed","Sat Nov 02 00:50:49 GMT 2024","","SPACES","SPACES",""
"","2","SEQUENTIAL-NESTED.04","","Sat Nov 02 00:39:10 GMT 2024","passed","Sat Nov 02 00:39:10 GMT 2024","","METTA-MORPH-TESTS","METTA-MORPH-TESTS",""
"","10000","chaining.pln-xp","","Sat Nov 02 00:33:40 GMT 2024","passed","Sat Nov 02 00:33:50 GMT 2024","","WHOLE-TESTS","WHOLE-TESTS",""
"","7000","dependent-types.DeductionDTLTest","","Sat Nov 02 00:33:40 GMT 2024","passed","Sat Nov 02 00:33:47 GMT 2024","","WHOLE-TESTS","WHOLE-TESTS",""
"","2","C2-SPACES.03","","Sat Nov 02 00:33:35 GMT 2024","passed","Sat Nov 02 00:33:35 GMT 2024","","MODULE-SYSTEM","MODULE-SYSTEM",""
"","102","ADD-ATOM-NAIVE-FIB.10","","Sat Nov 02 02:01:49 GMT 2024","passed","Sat Nov 02 02:01:49 GMT 2024","","COMPARISONS","COMPARISONS",""
"","41000","match.tmpMatch","","Sat Nov 02 00:33:40 GMT 2024","failed","Sat Nov 02 00:34:21 GMT 2024","","WHOLE-TESTS","WHOLE-TESTS",""
"","3","FORWARD-CHAINER-TEST.02","","Sat Nov 02 01:16:32 GMT 2024","passed","Sat Nov 02 01:16:32 GMT 2024","","FORWARD-CHAINER","FORWARD-CHAINER",""
"","2","INTERSECTION-TESTS.16","","Sat Nov 02 00:35:19 GMT 2024","passed","Sat Nov 02 00:35:19 GMT 2024","","HYPERON-METTALOG-SANITY","HYPERON-METTALOG-SANITY",""
"","3","D1-GADT.11","","Sat Nov 02 01:09:59 GMT 2024","passed","Sat Nov 02 01:09:59 GMT 2024","","CHECK-TYPES","CHECK-TYPES",""
"","5000","metta_to_amr.instances","","Sat Nov 02 00:33:40 GMT 2024","passed","Sat Nov 02 00:33:45 GMT 2024","","WHOLE-TESTS","WHOLE-TESTS",""
"","1138","TRAINING.01","","Sat Nov 02 02:07:59 GMT 2024","passed","Sat Nov 02 02:08:00 GMT 2024","","LANGUAGE-MODELS","LANGUAGE-MODELS",""
"","2","STATE-TYPES.17","","Sat Nov 02 01:55:28 GMT 2024","passed","Sat Nov 02 01:55:28 GMT 2024","","BASIC","BASIC",""
"","15","STDLIB-METTALOG-TEST-PT2.26","","Sat Nov 02 00:52:56 GMT 2024","failed","Sat Nov 02 00:52:56 GMT 2024","","STDLIB-METTALOG","STDLIB-METTALOG",""
"","289","SELF-CONTAINED-SYNTHESIZE.04","","Sat Nov 02 01:24:29 GMT 2024","failed","Sat Nov 02 01:24:29 GMT 2024","","EXPERIMENTS","EXPERIMENTS",""
"","2","TMPMATCH2.02","","Sat Nov 02 01:46:54 GMT 2024","passed","Sat Nov 02 01:46:54 GMT 2024","","WALK-THRU","WALK-THRU",""
"","3","B5-TYPES-PRELIM.26","","Sat Nov 02 00:33:44 GMT 2024","passed","Sat Nov 02 00:33:44 GMT 2024","","HYPERON-EXPERIMENTAL-SCRIPTS","HYPERON-EXPERIMENTAL-SCRIPTS",""
"","2","F1-IMPORTS.05","","Sat Nov 02 00:33:35 GMT 2024","passed","Sat Nov 02 00:33:35 GMT 2024","","MODULE-SYSTEM","MODULE-SYSTEM",""
"","40000","experiments.synthesize-via-unify-test-longer","","Sat Nov 02 00:33:40 GMT 2024","failed","Sat Nov 02 00:34:20 GMT 2024","","WHOLE-TESTS","WHOLE-TESTS",""
"","3","TMPMATCH2.01","","Sat Nov 02 01:46:54 GMT 2024","passed","Sat Nov 02 01:46:54 GMT 2024","","WALK-THRU","WALK-THRU",""
"","3","STDLIB-METTALOG-TEST-PT2.69","","Sat Nov 02 00:52:56 GMT 2024","passed","Sat Nov 02 00:52:56 GMT 2024","","STDLIB-METTALOG","STDLIB-METTALOG",""
"","3","TESTS5.01","","Sat Nov 02 01:28:40 GMT 2024","passed","Sat Nov 02 01:28:40 GMT 2024","","CURRENT","CURRENT",""
"","11","C1-GROUNDED-BASIC.23","","Sat Nov 02 00:33:44 GMT 2024","passed","Sat Nov 02 00:33:44 GMT 2024","","HYPERON-EXPERIMENTAL-SCRIPTS","HYPERON-EXPERIMENTAL-SCRIPTS",""
"","2","D2-HIGHERFUNC.16","","Sat Nov 02 01:09:59 GMT 2024","passed","Sat Nov 02 01:09:59 GMT 2024","","CHECK-TYPES","CHECK-TYPES",""
"","2","NATSTANDALONETEST.07","","Sat Nov 02 01:16:47 GMT 2024","passed","Sat Nov 02 01:16:47 GMT 2024","","HOL","HOL",""
"","118","TRUTHVALUETEST.09","","Sat Nov 02 01:14:29 GMT 2024","passed","Sat Nov 02 01:14:29 GMT 2024","","TRUTHVALUE","TRUTHVALUE",""
"","2","D4-TYPE-PROP.13","","Sat Nov 02 00:33:44 GMT 2024","passed","Sat Nov 02 00:33:44 GMT 2024","","HYPERON-EXPERIMENTAL-SCRIPTS","HYPERON-EXPERIMENTAL-SCRIPTS",""
"","69","INF-CTL-MONTH-XP.12","","Sat Nov 02 01:17:56 GMT 2024","failed","Sat Nov 02 01:17:56 GMT 2024","","INFERENCE-CONTROL","INFERENCE-CONTROL",""
"","580","IOIOIOI.03","","Sat Nov 02 01:53:12 GMT 2024","passed","Sat Nov 02 01:53:12 GMT 2024","","MULTIDIRECTIONAL","MULTIDIRECTIONAL",""
"","4","CHAPTER-2-2.09","","Sat Nov 02 00:53:06 GMT 2024","passed","Sat Nov 02 00:53:06 GMT 2024","","SICP-BOOK","SICP-BOOK",""
"","300","QUERIES.06","","Sat Nov 02 01:06:14 GMT 2024","passed","Sat Nov 02 01:06:14 GMT 2024","","STRIPS-TO-METTA-IMPROVED","STRIPS-TO-METTA-IMPROVED",""
"","2","D2-HIGHERFUNC.17","","Sat Nov 02 00:43:32 GMT 2024","passed","Sat Nov 02 00:43:32 GMT 2024","","QUICK","QUICK",""
"","3","SUBTRACTION-TEST.01","","Sat Nov 02 00:35:19 GMT 2024","passed","Sat Nov 02 00:35:19 GMT 2024","","HYPERON-METTALOG-SANITY","HYPERON-METTALOG-SANITY",""
"","3","IFC-XP.34","","Sat Nov 02 01:19:56 GMT 2024","passed","Sat Nov 02 01:19:56 GMT 2024","","ITERATIVE-CHAINING","ITERATIVE-CHAINING",""
"","2","TRUTHVALUETEST.04","","Sat Nov 02 01:14:29 GMT 2024","passed","Sat Nov 02 01:14:29 GMT 2024","","TRUTHVALUE","TRUTHVALUE",""
"","78","SEQUENTIAL-NESTED.11","","Sat Nov 02 00:39:10 GMT 2024","passed","Sat Nov 02 00:39:10 GMT 2024","","METTA-MORPH-TESTS","METTA-MORPH-TESTS",""
"","6000","dependent-types.bchain","","Sat Nov 02 00:33:40 GMT 2024","passed","Sat Nov 02 00:33:46 GMT 2024","","WHOLE-TESTS","WHOLE-TESTS",""
"","4000","basic.test_list_concatenation","","Sat Nov 02 00:33:40 GMT 2024","passed","Sat Nov 02 00:33:44 GMT 2024","","WHOLE-TESTS","WHOLE-TESTS",""
"","83","NONDETERM.01","","Sat Nov 02 00:51:31 GMT 2024","passed","Sat Nov 02 00:51:31 GMT 2024","","STD","STD",""
"","3","BC-XP.22","","Sat Nov 02 01:13:54 GMT 2024","passed","Sat Nov 02 01:13:54 GMT 2024","","BACKWARD-CHAINING","BACKWARD-CHAINING",""
"","2","FC-XP.19","","Sat Nov 02 01:16:42 GMT 2024","passed","Sat Nov 02 01:16:42 GMT 2024","","FORWARD-CHAINING","FORWARD-CHAINING",""
"","45","BACKWARD-CHAINER-XP.35","","Sat Nov 02 01:13:49 GMT 2024","failed","Sat Nov 02 01:13:49 GMT 2024","","BACKWARD-CHAINER","BACKWARD-CHAINER",""
"","3","TESTS0.05","","Sat Nov 02 00:39:10 GMT 2024","passed","Sat Nov 02 00:39:10 GMT 2024","","METTA-MORPH-TESTS","METTA-MORPH-TESTS",""
"","2128","TESTS2.09","","Sat Nov 02 00:44:01 GMT 2024","failed","Sat Nov 02 00:44:03 GMT 2024","","MAIN-BRANCH","MAIN-BRANCH",""
"","2","LET-SUPERPOSE-LIST.01","","Sat Nov 02 00:39:10 GMT 2024","passed","Sat Nov 02 00:39:10 GMT 2024","","METTA-MORPH-TESTS","METTA-MORPH-TESTS",""
"","2","TEST-IF-CLOSED.03","","Sat Nov 02 01:46:54 GMT 2024","passed","Sat Nov 02 01:46:54 GMT 2024","","WALK-THRU","WALK-THRU",""
"","2","UNIFY-VIA-LET.06","","Sat Nov 02 01:24:29 GMT 2024","passed","Sat Nov 02 01:24:29 GMT 2024","","EXPERIMENTS","EXPERIMENTS",""
"","46000","bio-atomspace.pln-xp","","Sat Nov 02 00:33:40 GMT 2024","failed","Sat Nov 02 00:34:26 GMT 2024","","WHOLE-TESTS","WHOLE-TESTS",""
"","2","BCHAIN-COMP.02","","Sat Nov 02 00:41:19 GMT 2024","passed","Sat Nov 02 00:41:19 GMT 2024","","ANTI-REGRESSION","ANTI-REGRESSION",""
"","366","APPEND-USING-EQUALITY.03","","Sat Nov 02 01:53:12 GMT 2024","failed","Sat Nov 02 01:53:12 GMT 2024","","MULTIDIRECTIONAL","MULTIDIRECTIONAL",""
"","2","STDLIB-METTALOG-TEST-PT2.33","","Sat Nov 02 00:52:56 GMT 2024","passed","Sat Nov 02 00:52:56 GMT 2024","","STDLIB-METTALOG","STDLIB-METTALOG",""
"","2","LET-SUPERPOSE-IF-CASE.02","","Sat Nov 02 01:46:29 GMT 2024","passed","Sat Nov 02 01:46:29 GMT 2024","","TRANSPILER","TRANSPILER",""
"","4000","check_types.d4_type_prop","","Sat Nov 02 00:33:40 GMT 2024","passed","Sat Nov 02 00:33:44 GMT 2024","","WHOLE-TESTS","WHOLE-TESTS",""
"","2","SPACE-INTERSECTION-TESTS.13","","Sat Nov 02 00:35:19 GMT 2024","passed","Sat Nov 02 00:35:19 GMT 2024","","HYPERON-METTALOG-SANITY","HYPERON-METTALOG-SANITY",""
"","5000","walk_thru.tmpMatch1","","Sat Nov 02 00:33:40 GMT 2024","passed","Sat Nov 02 00:33:45 GMT 2024","","WHOLE-TESTS","WHOLE-TESTS",""
"","2","SHOW-TYPE.08","","Sat Nov 02 00:50:33 GMT 2024","passed","Sat Nov 02 00:50:33 GMT 2024","","INTROSPECT","INTROSPECT",""
"","2","NATSTANDALONETEST.04","","Sat Nov 02 01:16:47 GMT 2024","passed","Sat Nov 02 01:16:47 GMT 2024","","HOL","HOL",""
"","3645","TRAINING-BI.03","","Sat Nov 02 02:07:59 GMT 2024","passed","Sat Nov 02 02:08:02 GMT 2024","","LANGUAGE-MODELS","LANGUAGE-MODELS",""
"","71","IFC-XP.26","","Sat Nov 02 01:19:56 GMT 2024","passed","Sat Nov 02 01:19:56 GMT 2024","","ITERATIVE-CHAINING","ITERATIVE-CHAINING",""
"","2","IBC-XP.02","","Sat Nov 02 01:19:56 GMT 2024","passed","Sat Nov 02 01:19:56 GMT 2024","","ITERATIVE-CHAINING","ITERATIVE-CHAINING",""
"","2","ADD-REMOVE-MATCH-MIX-FLOAT-INTEGER.28","","Sat Nov 02 00:50:49 GMT 2024","passed","Sat Nov 02 00:50:49 GMT 2024","","SPACES","SPACES",""
"","2","TESTS0.02","","Sat Nov 02 01:33:44 GMT 2024","passed","Sat Nov 02 01:33:44 GMT 2024","","NARS-V0","NARS-V0",""
"","3","E2-STATES.12","","Sat Nov 02 01:09:59 GMT 2024","passed","Sat Nov 02 01:09:59 GMT 2024","","CHECK-TYPES","CHECK-TYPES",""
"","2","D2-HIGHERFUNC.23","","Sat Nov 02 00:43:32 GMT 2024","passed","Sat Nov 02 00:43:32 GMT 2024","","QUICK","QUICK",""
"","2","ADD-REMOVE-MATCH-S-SYMBOLS.16","","Sat Nov 02 00:50:49 GMT 2024","passed","Sat Nov 02 00:50:49 GMT 2024","","SPACES","SPACES",""
"","2","CHAPTER-1-1.06","","Sat Nov 02 00:53:06 GMT 2024","passed","Sat Nov 02 00:53:06 GMT 2024","","SICP-BOOK","SICP-BOOK",""
"","2","IMPLICATIONDIRECTINTRODUCTIONDTLTEST.05","","Sat Nov 02 01:12:41 GMT 2024","passed","Sat Nov 02 01:12:41 GMT 2024","","DEPENDENT-TYPES","DEPENDENT-TYPES",""
"","49","IMPLICATIONDIRECTINTRODUCTIONDTLTEST.01","","Sat Nov 02 01:12:41 GMT 2024","failed","Sat Nov 02 01:12:41 GMT 2024","","DEPENDENT-TYPES","DEPENDENT-TYPES",""
"","116","STDLIB-METTALOG-TEST-PT2.01","","Sat Nov 02 00:52:56 GMT 2024","failed","Sat Nov 02 00:52:56 GMT 2024","","STDLIB-METTALOG","STDLIB-METTALOG",""
"","1","HYPERPOSING-UNSHARED.02","","Sat Nov 02 01:55:28 GMT 2024","passed","Sat Nov 02 01:55:28 GMT 2024","","BASIC","BASIC",""
"","4000","metta-morph_tests.nested_parameters","","Sat Nov 02 00:33:40 GMT 2024","passed","Sat Nov 02 00:33:44 GMT 2024","","WHOLE-TESTS","WHOLE-TESTS",""
"","2","C1-GROUNDED-BASIC.06","","Sat Nov 02 00:33:44 GMT 2024","passed","Sat Nov 02 00:33:44 GMT 2024","","HYPERON-EXPERIMENTAL-SCRIPTS","HYPERON-EXPERIMENTAL-SCRIPTS",""
"","5000","introspect.show-type","","Sat Nov 02 00:33:40 GMT 2024","passed","Sat Nov 02 00:33:45 GMT 2024","","WHOLE-TESTS","WHOLE-TESTS",""
"","66","B4-NONDETERM.03","","Sat Nov 02 00:33:44 GMT 2024","passed","Sat Nov 02 00:33:44 GMT 2024","","HYPERON-EXPERIMENTAL-SCRIPTS","HYPERON-EXPERIMENTAL-SCRIPTS",""
"","41000","experiments.synthesize-via-case-test","","Sat Nov 02 00:33:40 GMT 2024","failed","Sat Nov 02 00:34:21 GMT 2024","","WHOLE-TESTS","WHOLE-TESTS",""
"","1","METTALOGTESTCURRIED2.05","","Sat Nov 02 00:41:19 GMT 2024","passed","Sat Nov 02 00:41:19 GMT 2024","","ANTI-REGRESSION","ANTI-REGRESSION",""
"","49","DEDUCTIONIMPLICATIONDIRECTINTRODUCTIONDTLTEST.05","","Sat Nov 02 01:12:41 GMT 2024","failed","Sat Nov 02 01:12:41 GMT 2024","","DEPENDENT-TYPES","DEPENDENT-TYPES",""
"","2","D2-HIGHERFUNC.06","","Sat Nov 02 01:09:59 GMT 2024","passed","Sat Nov 02 01:09:59 GMT 2024","","CHECK-TYPES","CHECK-TYPES",""
"","15","D2-HIGHERFUNC.20","","Sat Nov 02 00:33:44 GMT 2024","passed","Sat Nov 02 00:33:44 GMT 2024","","HYPERON-EXPERIMENTAL-SCRIPTS","HYPERON-EXPERIMENTAL-SCRIPTS",""
"","2","F1-IMPORTS.11","","Sat Nov 02 00:33:44 GMT 2024","passed","Sat Nov 02 00:33:44 GMT 2024","","HYPERON-EXPERIMENTAL-SCRIPTS","HYPERON-EXPERIMENTAL-SCRIPTS",""
"","1167","TRAINING-BI.02","","Sat Nov 02 02:07:59 GMT 2024","passed","Sat Nov 02 02:08:00 GMT 2024","","LANGUAGE-MODELS","LANGUAGE-MODELS",""
"","4000","debugging.hyperon_experimental_issue_481","","Sat Nov 02 00:33:40 GMT 2024","passed","Sat Nov 02 00:33:44 GMT 2024","","WHOLE-TESTS","WHOLE-TESTS",""
"","353","IBC-XP.15","","Sat Nov 02 01:19:56 GMT 2024","passed","Sat Nov 02 01:19:56 GMT 2024","","ITERATIVE-CHAINING","ITERATIVE-CHAINING",""
"","2","F1-MODULEA.02","","Sat Nov 02 00:33:44 GMT 2024","passed","Sat Nov 02 00:33:44 GMT 2024","","HYPERON-EXPERIMENTAL-SCRIPTS","HYPERON-EXPERIMENTAL-SCRIPTS",""
"","171","QUERIES.18","","Sat Nov 02 01:06:14 GMT 2024","failed","Sat Nov 02 01:06:14 GMT 2024","","STRIPS-TO-METTA-IMPROVED","STRIPS-TO-METTA-IMPROVED",""
"","3","ORDEREDSETTEST.01","","Sat Nov 02 01:14:04 GMT 2024","passed","Sat Nov 02 01:14:04 GMT 2024","","COMMON","COMMON",""
"","2","SEQUENTIAL-NESTED.08","","Sat Nov 02 00:39:10 GMT 2024","passed","Sat Nov 02 00:39:10 GMT 2024","","METTA-MORPH-TESTS","METTA-MORPH-TESTS",""
"","2","ORDEREDSETTEST.10","","Sat Nov 02 01:14:04 GMT 2024","passed","Sat Nov 02 01:14:04 GMT 2024","","COMMON","COMMON",""
"","3","F1-IMPORTS.01","","Sat Nov 02 00:33:44 GMT 2024","passed","Sat Nov 02 00:33:44 GMT 2024","","HYPERON-EXPERIMENTAL-SCRIPTS","HYPERON-EXPERIMENTAL-SCRIPTS",""
"","2","BACKWARD-CHAINER-XP.33","","Sat Nov 02 01:13:49 GMT 2024","passed","Sat Nov 02 01:13:49 GMT 2024","","BACKWARD-CHAINER","BACKWARD-CHAINER",""
"","2","ADD-REMOVE-MATCH-SS-SYMBOLS.15","","Sat Nov 02 00:50:49 GMT 2024","passed","Sat Nov 02 00:50:49 GMT 2024","","SPACES","SPACES",""
"","43000","synthesis.SynthesizeTest","","Sat Nov 02 00:33:40 GMT 2024","failed","Sat Nov 02 00:34:23 GMT 2024","","WHOLE-TESTS","WHOLE-TESTS",""
"","2","IFC-XP.02","","Sat Nov 02 01:19:56 GMT 2024","passed","Sat Nov 02 01:19:56 GMT 2024","","ITERATIVE-CHAINING","ITERATIVE-CHAINING",""
"","2","CHAINING-PRELIM.03","","Sat Nov 02 00:48:28 GMT 2024","passed","Sat Nov 02 00:48:28 GMT 2024","","CHAINING","CHAINING",""
"","11","C1-GROUNDED-BASIC.23","","Sat Nov 02 00:43:32 GMT 2024","passed","Sat Nov 02 00:43:32 GMT 2024","","QUICK","QUICK",""
"","2","D4-TYPE-PROP.06","","Sat Nov 02 00:43:32 GMT 2024","passed","Sat Nov 02 00:43:32 GMT 2024","","QUICK","QUICK",""
"","2","ADD-REMOVE-MATCH-SYMBOLS.16","","Sat Nov 02 00:50:49 GMT 2024","passed","Sat Nov 02 00:50:49 GMT 2024","","SPACES","SPACES",""
"","2","IBC-XP.20","","Sat Nov 02 01:19:56 GMT 2024","passed","Sat Nov 02 01:19:56 GMT 2024","","ITERATIVE-CHAINING","ITERATIVE-CHAINING",""
"","2","HYPERPOSE.06","","Sat Nov 02 00:39:10 GMT 2024","passed","Sat Nov 02 00:39:10 GMT 2024","","METTA-MORPH-TESTS","METTA-MORPH-TESTS",""
"","2","PROB-DEP-TYPES.06","","Sat Nov 02 01:01:42 GMT 2024","passed","Sat Nov 02 01:01:42 GMT 2024","","PROB-DEP-TYPES","PROB-DEP-TYPES",""
"","2","FC-XP.11","","Sat Nov 02 01:16:42 GMT 2024","passed","Sat Nov 02 01:16:42 GMT 2024","","FORWARD-CHAINING","FORWARD-CHAINING",""
"","2","D1-GADT.02","","Sat Nov 02 00:43:32 GMT 2024","passed","Sat Nov 02 00:43:32 GMT 2024","","QUICK","QUICK",""
"","68","STDLIB-METTALOG-TEST-PT2.71","","Sat Nov 02 00:52:56 GMT 2024","failed","Sat Nov 02 00:52:56 GMT 2024","","STDLIB-METTALOG","STDLIB-METTALOG",""
"","1","ADD-REMOVE-MATCH-SS-SYMBOLS.04","","Sat Nov 02 00:50:49 GMT 2024","passed","Sat Nov 02 00:50:49 GMT 2024","","SPACES","SPACES",""
"","2","D2-HIGHERFUNC.25","","Sat Nov 02 01:09:59 GMT 2024","passed","Sat Nov 02 01:09:59 GMT 2024","","CHECK-TYPES","CHECK-TYPES",""
"","2","LISTTEST.17","","Sat Nov 02 01:14:04 GMT 2024","passed","Sat Nov 02 01:14:04 GMT 2024","","COMMON","COMMON",""
"","2","STRING-TESTS.21","","Sat Nov 02 00:35:19 GMT 2024","passed","Sat Nov 02 00:35:19 GMT 2024","","HYPERON-METTALOG-SANITY","HYPERON-METTALOG-SANITY",""
"","105","TRUTHVALUETEST.08","","Sat Nov 02 01:14:29 GMT 2024","passed","Sat Nov 02 01:14:29 GMT 2024","","TRUTHVALUE","TRUTHVALUE",""
"","4000","formula.DeductionFormulaTest","","Sat Nov 02 00:33:40 GMT 2024","passed","Sat Nov 02 00:33:44 GMT 2024","","WHOLE-TESTS","WHOLE-TESTS",""
"","2","TYPE-PROP.09","","Sat Nov 02 01:09:38 GMT 2024","passed","Sat Nov 02 01:09:38 GMT 2024","","CHECK-TYPES-TEMP","CHECK-TYPES-TEMP",""
"","16","TEST-INFER-FUNCTION-APPLICATION-TYPE.09","","Sat Nov 02 01:55:28 GMT 2024","failed","Sat Nov 02 01:55:28 GMT 2024","","BASIC","BASIC",""
"","2","TYPES-PRELIM.18","","Sat Nov 02 00:48:28 GMT 2024","passed","Sat Nov 02 00:48:28 GMT 2024","","CHAINING","CHAINING",""
"","4","IOIOIOI.01","","Sat Nov 02 01:53:12 GMT 2024","passed","Sat Nov 02 01:53:12 GMT 2024","","MULTIDIRECTIONAL","MULTIDIRECTIONAL",""
"","2","DEFINE-IF-LIKE.05","","Sat Nov 02 01:45:27 GMT 2024","passed","Sat Nov 02 01:45:27 GMT 2024","","DIRECT-COMP","DIRECT-COMP",""
"","41000","basic.coins","","Sat Nov 02 00:33:40 GMT 2024","failed","Sat Nov 02 00:34:21 GMT 2024","","WHOLE-TESTS","WHOLE-TESTS",""
"","2","TESTS3.01","","Sat Nov 02 00:44:01 GMT 2024","passed","Sat Nov 02 00:44:01 GMT 2024","","MAIN-BRANCH","MAIN-BRANCH",""
"","15","05-MATCH-SUPERPOSE-ELEMENT-LIKE-SPACE.01","","Sat Nov 02 01:50:08 GMT 2024","failed","Sat Nov 02 01:50:08 GMT 2024","","CONTAINERS-ARE-SPACES","CONTAINERS-ARE-SPACES",""
"","2","HYPERPOSING.10","","Sat Nov 02 01:55:28 GMT 2024","passed","Sat Nov 02 01:55:28 GMT 2024","","BASIC","BASIC",""
"","2","LISTTEST.15","","Sat Nov 02 01:14:04 GMT 2024","passed","Sat Nov 02 01:14:04 GMT 2024","","COMMON","COMMON",""
"","2","OR-TEST.03","","Sat Nov 02 00:35:19 GMT 2024","passed","Sat Nov 02 00:35:19 GMT 2024","","HYPERON-METTALOG-SANITY","HYPERON-METTALOG-SANITY",""
"","96","SHOW-TYPE.03","","Sat Nov 02 00:50:33 GMT 2024","failed","Sat Nov 02 00:50:33 GMT 2024","","INTROSPECT","INTROSPECT",""
"","2","CML-UNSHARED.04","","Sat Nov 02 01:55:28 GMT 2024","passed","Sat Nov 02 01:55:28 GMT 2024","","BASIC","BASIC",""
"","108","SYMBOLS.01","","Sat Nov 02 00:51:31 GMT 2024","passed","Sat Nov 02 00:51:31 GMT 2024","","STD","STD",""
"","1","D2-HIGHERFUNC.09","","Sat Nov 02 01:09:59 GMT 2024","passed","Sat Nov 02 01:09:59 GMT 2024","","CHECK-TYPES","CHECK-TYPES",""
"","1","STRING-TESTS.19","","Sat Nov 02 00:35:19 GMT 2024","passed","Sat Nov 02 00:35:19 GMT 2024","","HYPERON-METTALOG-SANITY","HYPERON-METTALOG-SANITY",""
"","2","INTERSECTION-TESTS.04","","Sat Nov 02 00:35:19 GMT 2024","passed","Sat Nov 02 00:35:19 GMT 2024","","HYPERON-METTALOG-SANITY","HYPERON-METTALOG-SANITY",""
"","2","INF-CTL-MONTH-BC-CONT-XP.03","","Sat Nov 02 01:17:56 GMT 2024","passed","Sat Nov 02 01:17:56 GMT 2024","","INFERENCE-CONTROL","INFERENCE-CONTROL",""
"","2","D2-HIGHERFUNC.03","","Sat Nov 02 01:09:59 GMT 2024","passed","Sat Nov 02 01:09:59 GMT 2024","","CHECK-TYPES","CHECK-TYPES",""
"","2","D4-TYPE-PROP.18","","Sat Nov 02 00:43:32 GMT 2024","passed","Sat Nov 02 00:43:32 GMT 2024","","QUICK","QUICK",""
"","62","STDLIB-METTALOG-TEST-PT2.73","","Sat Nov 02 00:52:56 GMT 2024","failed","Sat Nov 02 00:52:56 GMT 2024","","STDLIB-METTALOG","STDLIB-METTALOG",""
"","2","TYPES-PRELIM.15","","Sat Nov 02 00:48:28 GMT 2024","passed","Sat Nov 02 00:48:28 GMT 2024","","CHAINING","CHAINING",""
"","101","B5-TYPES-PRELIM.11","","Sat Nov 02 01:09:38 GMT 2024","failed","Sat Nov 02 01:09:38 GMT 2024","","CHECK-TYPES-TEMP","CHECK-TYPES-TEMP",""
"","4000","quick.d4_type_prop","","Sat Nov 02 00:33:40 GMT 2024","passed","Sat Nov 02 00:33:44 GMT 2024","","WHOLE-TESTS","WHOLE-TESTS",""
"","3","STATE-TYPES.11","","Sat Nov 02 01:55:28 GMT 2024","passed","Sat Nov 02 01:55:28 GMT 2024","","BASIC","BASIC",""
"","390","IBC-XP.13","","Sat Nov 02 01:19:56 GMT 2024","passed","Sat Nov 02 01:19:56 GMT 2024","","ITERATIVE-CHAINING","ITERATIVE-CHAINING",""
"","4000","multidirectional.obif_easy","","Sat Nov 02 00:33:40 GMT 2024","passed","Sat Nov 02 00:33:44 GMT 2024","","WHOLE-TESTS","WHOLE-TESTS",""
"","2","D1-GADT.06","","Sat Nov 02 00:33:44 GMT 2024","passed","Sat Nov 02 00:33:44 GMT 2024","","HYPERON-EXPERIMENTAL-SCRIPTS","HYPERON-EXPERIMENTAL-SCRIPTS",""
"","1","XOR-TEST.04","","Sat Nov 02 00:35:19 GMT 2024","passed","Sat Nov 02 00:35:19 GMT 2024","","HYPERON-METTALOG-SANITY","HYPERON-METTALOG-SANITY",""
"","2","ADD-REMOVE-MATCH-INTEGER.12","","Sat Nov 02 00:50:49 GMT 2024","passed","Sat Nov 02 00:50:49 GMT 2024","","SPACES","SPACES",""
"","15","MATCH-VOID.11","","Sat Nov 02 00:39:10 GMT 2024","passed","Sat Nov 02 00:39:10 GMT 2024","","METTA-MORPH-TESTS","METTA-MORPH-TESTS",""
"","2","ADD-REMOVE-MATCH-INTEGER.23","","Sat Nov 02 00:50:49 GMT 2024","passed","Sat Nov 02 00:50:49 GMT 2024","","SPACES","SPACES",""
"","2","D2-HIGHERFUNC.05","","Sat Nov 02 00:43:32 GMT 2024","passed","Sat Nov 02 00:43:32 GMT 2024","","QUICK","QUICK",""
"","2","F1-IMPORTS.14","","Sat Nov 02 00:33:44 GMT 2024","passed","Sat Nov 02 00:33:44 GMT 2024","","HYPERON-EXPERIMENTAL-SCRIPTS","HYPERON-EXPERIMENTAL-SCRIPTS",""
"","2","ADD-REMOVE-MATCH-S-SYMBOLS.06","","Sat Nov 02 00:50:49 GMT 2024","passed","Sat Nov 02 00:50:49 GMT 2024","","SPACES","SPACES",""
"","2","UNIQUE-TEST.08","","Sat Nov 02 00:35:19 GMT 2024","passed","Sat Nov 02 00:35:19 GMT 2024","","HYPERON-METTALOG-SANITY","HYPERON-METTALOG-SANITY",""
"","57","IOIOIOI-USING-EQUALITY.04","","Sat Nov 02 01:53:12 GMT 2024","failed","Sat Nov 02 01:53:12 GMT 2024","","MULTIDIRECTIONAL","MULTIDIRECTIONAL",""
"","2","SPACE-INTERSECTION-TESTS.19","","Sat Nov 02 00:35:19 GMT 2024","passed","Sat Nov 02 00:35:19 GMT 2024","","HYPERON-METTALOG-SANITY","HYPERON-METTALOG-SANITY",""
"","2","HIGHER-ORDER-FUNCS.04","","Sat Nov 02 00:51:31 GMT 2024","passed","Sat Nov 02 00:51:31 GMT 2024","","STD","STD",""
"","1","OR-TEST.13","","Sat Nov 02 00:35:19 GMT 2024","passed","Sat Nov 02 00:35:19 GMT 2024","","HYPERON-METTALOG-SANITY","HYPERON-METTALOG-SANITY",""
"","2","E2-STATES.04","","Sat Nov 02 00:33:44 GMT 2024","passed","Sat Nov 02 00:33:44 GMT 2024","","HYPERON-EXPERIMENTAL-SCRIPTS","HYPERON-EXPERIMENTAL-SCRIPTS",""
"","55","D5-AUTO-TYPES.01","","Sat Nov 02 01:09:59 GMT 2024","failed","Sat Nov 02 01:09:59 GMT 2024","","CHECK-TYPES","CHECK-TYPES",""
"","4000","metta-morph_tests.states_spaces","","Sat Nov 02 00:33:40 GMT 2024","passed","Sat Nov 02 00:33:44 GMT 2024","","WHOLE-TESTS","WHOLE-TESTS",""
"","3","SYNTHESIZE-VIA-TYPE-CHECKING.09","","Sat Nov 02 01:24:29 GMT 2024","passed","Sat Nov 02 01:24:29 GMT 2024","","EXPERIMENTS","EXPERIMENTS",""
"","5000","bidirectional_computation.fish-riddle","","Sat Nov 02 00:33:40 GMT 2024","passed","Sat Nov 02 00:33:45 GMT 2024","","WHOLE-TESTS","WHOLE-TESTS",""
"","411","IBC-XP.33","","Sat Nov 02 01:19:56 GMT 2024","failed","Sat Nov 02 01:19:56 GMT 2024","","ITERATIVE-CHAINING","ITERATIVE-CHAINING",""
"","13","TEST-INFER-FUNCTION-APPLICATION-TYPE.12","","Sat Nov 02 01:55:28 GMT 2024","failed","Sat Nov 02 01:55:28 GMT 2024","","BASIC","BASIC",""
"","113","INF-CTL-MONTH-XP.01","","Sat Nov 02 01:17:56 GMT 2024","passed","Sat Nov 02 01:17:56 GMT 2024","","INFERENCE-CONTROL","INFERENCE-CONTROL",""
"","130","CREATION.02","","Sat Nov 02 01:06:56 GMT 2024","failed","Sat Nov 02 01:06:56 GMT 2024","","TRAVERSER","TRAVERSER",""
"","2","DEDUCTIONFORMULATEST.06","","Sat Nov 02 01:14:25 GMT 2024","passed","Sat Nov 02 01:14:25 GMT 2024","","FORMULA","FORMULA",""
"","3","IFC-XP.40","","Sat Nov 02 01:19:56 GMT 2024","passed","Sat Nov 02 01:19:56 GMT 2024","","ITERATIVE-CHAINING","ITERATIVE-CHAINING",""
"","2","TEST-IF-CLOSED.07","","Sat Nov 02 00:41:19 GMT 2024","passed","Sat Nov 02 00:41:19 GMT 2024","","ANTI-REGRESSION","ANTI-REGRESSION",""
"","6","NUMTEST.02","","Sat Nov 02 01:14:04 GMT 2024","passed","Sat Nov 02 01:14:04 GMT 2024","","COMMON","COMMON",""
"","2","LISTTEST.04","","Sat Nov 02 01:14:04 GMT 2024","passed","Sat Nov 02 01:14:04 GMT 2024","","COMMON","COMMON",""
"","37","STDLIB-METTALOG-TEST-PT2.16","","Sat Nov 02 00:52:56 GMT 2024","failed","Sat Nov 02 00:52:56 GMT 2024","","STDLIB-METTALOG","STDLIB-METTALOG",""
"","2","BACKWARD-CHAINER-XP.39","","Sat Nov 02 01:13:49 GMT 2024","passed","Sat Nov 02 01:13:49 GMT 2024","","BACKWARD-CHAINER","BACKWARD-CHAINER",""
"","2","NON-DETERMINISM.01","","Sat Nov 02 01:24:29 GMT 2024","passed","Sat Nov 02 01:24:29 GMT 2024","","EXPERIMENTS","EXPERIMENTS",""
"","40000","loop-checks.06_loop_2","","Sat Nov 02 00:33:40 GMT 2024","failed","Sat Nov 02 00:34:20 GMT 2024","","WHOLE-TESTS","WHOLE-TESTS",""
"","2","INF-CTL-MONTH-XP-SHORT-3.14","","Sat Nov 02 02:01:49 GMT 2024","passed","Sat Nov 02 02:01:49 GMT 2024","","COMPARISONS","COMPARISONS",""
"","2","COMBINED.02","","Sat Nov 02 01:51:38 GMT 2024","passed","Sat Nov 02 01:51:38 GMT 2024","","ITERATORS","ITERATORS",""
"","2","TYPE-PROP.08","","Sat Nov 02 01:09:38 GMT 2024","passed","Sat Nov 02 01:09:38 GMT 2024","","CHECK-TYPES-TEMP","CHECK-TYPES-TEMP",""
"","77","E2-STATES.08","","Sat Nov 02 00:33:44 GMT 2024","failed","Sat Nov 02 00:33:44 GMT 2024","","HYPERON-EXPERIMENTAL-SCRIPTS","HYPERON-EXPERIMENTAL-SCRIPTS",""
"","2","SUBTRACTION-TEST.04","","Sat Nov 02 00:35:19 GMT 2024","passed","Sat Nov 02 00:35:19 GMT 2024","","HYPERON-METTALOG-SANITY","HYPERON-METTALOG-SANITY",""
"","3","DEBUG-METTALOGTESTCURRIED.01","","Sat Nov 02 01:46:54 GMT 2024","passed","Sat Nov 02 01:46:54 GMT 2024","","WALK-THRU","WALK-THRU",""
"","3","IBC-XP.10","","Sat Nov 02 01:19:56 GMT 2024","passed","Sat Nov 02 01:19:56 GMT 2024","","ITERATIVE-CHAINING","ITERATIVE-CHAINING",""
"","1","HYPERPOSING.03","","Sat Nov 02 01:55:28 GMT 2024","passed","Sat Nov 02 01:55:28 GMT 2024","","BASIC","BASIC",""
"","226","INF-CTL-MONTH-XP.13","","Sat Nov 02 01:17:56 GMT 2024","failed","Sat Nov 02 01:17:56 GMT 2024","","INFERENCE-CONTROL","INFERENCE-CONTROL",""
"","3","FC-XP.07","","Sat Nov 02 01:16:42 GMT 2024","passed","Sat Nov 02 01:16:42 GMT 2024","","FORWARD-CHAINING","FORWARD-CHAINING",""
"","2","C1-GROUNDED-BASIC.04","","Sat Nov 02 00:33:44 GMT 2024","passed","Sat Nov 02 00:33:44 GMT 2024","","HYPERON-EXPERIMENTAL-SCRIPTS","HYPERON-EXPERIMENTAL-SCRIPTS",""
"","2","00A-LANG-COMPILED-CASE.04","","Sat Nov 02 01:45:27 GMT 2024","passed","Sat Nov 02 01:45:27 GMT 2024","","DIRECT-COMP","DIRECT-COMP",""
"","14","D1-GADT.13","","Sat Nov 02 00:33:44 GMT 2024","passed","Sat Nov 02 00:33:44 GMT 2024","","HYPERON-EXPERIMENTAL-SCRIPTS","HYPERON-EXPERIMENTAL-SCRIPTS",""
"","727","IBC-XP.24","","Sat Nov 02 01:19:56 GMT 2024","passed","Sat Nov 02 01:19:56 GMT 2024","","ITERATIVE-CHAINING","ITERATIVE-CHAINING",""
"","2","NATPARITYTEST.04","","Sat Nov 02 01:16:47 GMT 2024","passed","Sat Nov 02 01:16:47 GMT 2024","","HOL","HOL",""
"","3","D2-HIGHERFUNC.19","","Sat Nov 02 00:33:44 GMT 2024","passed","Sat Nov 02 00:33:44 GMT 2024","","HYPERON-EXPERIMENTAL-SCRIPTS","HYPERON-EXPERIMENTAL-SCRIPTS",""
"","4","TESTS0.03","","Sat Nov 02 01:33:44 GMT 2024","passed","Sat Nov 02 01:33:44 GMT 2024","","NARS-V0","NARS-V0",""
"","2","BC-XP.12","","Sat Nov 02 01:13:54 GMT 2024","passed","Sat Nov 02 01:13:54 GMT 2024","","BACKWARD-CHAINING","BACKWARD-CHAINING",""
"","107","D5-AUTO-TYPES.04","","Sat Nov 02 01:09:59 GMT 2024","failed","Sat Nov 02 01:09:59 GMT 2024","","CHECK-TYPES","CHECK-TYPES",""
"","220","SYNTHESIZE-VIA-CASE-TEST.02","","Sat Nov 02 01:24:29 GMT 2024","failed","Sat Nov 02 01:24:29 GMT 2024","","EXPERIMENTS","EXPERIMENTS",""
"","4000","transpiler.letlet","","Sat Nov 02 00:33:40 GMT 2024","passed","Sat Nov 02 00:33:44 GMT 2024","","WHOLE-TESTS","WHOLE-TESTS",""
"","285","TESTS0.07","","Sat Nov 02 01:28:40 GMT 2024","failed","Sat Nov 02 01:28:40 GMT 2024","","CURRENT","CURRENT",""
"","1","MATCH-VOID.08","","Sat Nov 02 00:39:10 GMT 2024","passed","Sat Nov 02 00:39:10 GMT 2024","","METTA-MORPH-TESTS","METTA-MORPH-TESTS",""
"","4","IBC-XP.27","","Sat Nov 02 01:19:56 GMT 2024","passed","Sat Nov 02 01:19:56 GMT 2024","","ITERATIVE-CHAINING","ITERATIVE-CHAINING",""
"","2","INF-CTL-MONTH-XP-SHORT-3.07","","Sat Nov 02 02:01:49 GMT 2024","passed","Sat Nov 02 02:01:49 GMT 2024","","COMPARISONS","COMPARISONS",""
"","2","SEQUENTIAL-NESTED.09","","Sat Nov 02 00:39:10 GMT 2024","passed","Sat Nov 02 00:39:10 GMT 2024","","METTA-MORPH-TESTS","METTA-MORPH-TESTS",""
"","2","00-LANG-CASE.03","","Sat Nov 02 00:35:19 GMT 2024","passed","Sat Nov 02 00:35:19 GMT 2024","","HYPERON-METTALOG-SANITY","HYPERON-METTALOG-SANITY",""
"","5000","std.higher_order_funcs","","Sat Nov 02 00:33:40 GMT 2024","passed","Sat Nov 02 00:33:45 GMT 2024","","WHOLE-TESTS","WHOLE-TESTS",""
"","8","PREREQS.09","","Sat Nov 02 00:44:01 GMT 2024","passed","Sat Nov 02 00:44:01 GMT 2024","","MAIN-BRANCH","MAIN-BRANCH",""
"","3","IFC-XP.04","","Sat Nov 02 01:19:56 GMT 2024","passed","Sat Nov 02 01:19:56 GMT 2024","","ITERATIVE-CHAINING","ITERATIVE-CHAINING",""
"","5000","module-system.f1_imports","","Sat Nov 02 00:33:40 GMT 2024","passed","Sat Nov 02 00:33:45 GMT 2024","","WHOLE-TESTS","WHOLE-TESTS",""
"","4","DEDUCTIONIMPLICATIONDIRECTINTRODUCTIONDTLTEST.02","","Sat Nov 02 01:12:41 GMT 2024","passed","Sat Nov 02 01:12:41 GMT 2024","","DEPENDENT-TYPES","DEPENDENT-TYPES",""
"","7000","chaining.pln-xp-local_v2","","Sat Nov 02 00:33:40 GMT 2024","passed","Sat Nov 02 00:33:47 GMT 2024","","WHOLE-TESTS","WHOLE-TESTS",""
"","2","ADD-REMOVE-MATCH-INTEGER.15","","Sat Nov 02 00:50:49 GMT 2024","passed","Sat Nov 02 00:50:49 GMT 2024","","SPACES","SPACES",""
"","2","FORWARD-CHAINER-XP.11","","Sat Nov 02 01:16:32 GMT 2024","passed","Sat Nov 02 01:16:32 GMT 2024","","FORWARD-CHAINER","FORWARD-CHAINER",""
"","5","OR-TEST.07","","Sat Nov 02 00:35:19 GMT 2024","passed","Sat Nov 02 00:35:19 GMT 2024","","HYPERON-METTALOG-SANITY","HYPERON-METTALOG-SANITY",""
"","2","C1-GROUNDED-BASIC.20","","Sat Nov 02 00:33:44 GMT 2024","passed","Sat Nov 02 00:33:44 GMT 2024","","HYPERON-EXPERIMENTAL-SCRIPTS","HYPERON-EXPERIMENTAL-SCRIPTS",""
"","2","OR-TEST.04","","Sat Nov 02 00:35:19 GMT 2024","passed","Sat Nov 02 00:35:19 GMT 2024","","HYPERON-METTALOG-SANITY","HYPERON-METTALOG-SANITY",""
"","7000","basic.hanoi-one-space","","Sat Nov 02 00:33:40 GMT 2024","passed","Sat Nov 02 00:33:47 GMT 2024","","WHOLE-TESTS","WHOLE-TESTS",""
"","2","INTERSECTION-TESTS.05","","Sat Nov 02 00:35:19 GMT 2024","passed","Sat Nov 02 00:35:19 GMT 2024","","HYPERON-METTALOG-SANITY","HYPERON-METTALOG-SANITY",""
"","2","STATES-SPACES.05","","Sat Nov 02 00:39:10 GMT 2024","passed","Sat Nov 02 00:39:10 GMT 2024","","METTA-MORPH-TESTS","METTA-MORPH-TESTS",""
"","3","NILS-IF-CONTROL-TEST-3.01","","Sat Nov 02 02:01:49 GMT 2024","passed","Sat Nov 02 02:01:49 GMT 2024","","COMPARISONS","COMPARISONS",""
"","1","XOR-TEST.03","","Sat Nov 02 00:35:19 GMT 2024","passed","Sat Nov 02 00:35:19 GMT 2024","","HYPERON-METTALOG-SANITY","HYPERON-METTALOG-SANITY",""
"","44","BACKWARD-CHAINER-XP.01","","Sat Nov 02 01:13:49 GMT 2024","failed","Sat Nov 02 01:13:49 GMT 2024","","BACKWARD-CHAINER","BACKWARD-CHAINER",""
"","2","DEBUG-METTALOGTESTCURRIED.03","","Sat Nov 02 01:46:54 GMT 2024","passed","Sat Nov 02 01:46:54 GMT 2024","","WALK-THRU","WALK-THRU",""
"","2","05-MATCH-SUPERPOSE-ELEMENT-LIKE-SPACE.04","","Sat Nov 02 01:50:08 GMT 2024","passed","Sat Nov 02 01:50:08 GMT 2024","","CONTAINERS-ARE-SPACES","CONTAINERS-ARE-SPACES",""
"","1","KEY-LOOKUPS-MANY.09","","Sat Nov 02 01:55:28 GMT 2024","passed","Sat Nov 02 01:55:28 GMT 2024","","BASIC","BASIC",""
"","2","UNIFY-VIA-CASE.02","","Sat Nov 02 01:24:29 GMT 2024","passed","Sat Nov 02 01:24:29 GMT 2024","","EXPERIMENTS","EXPERIMENTS",""
"","3","INF-CTL-MONTH-XP-SHORT-3.01","","Sat Nov 02 02:01:49 GMT 2024","passed","Sat Nov 02 02:01:49 GMT 2024","","COMPARISONS","COMPARISONS",""
"","2","CHAINING-PRELIM.02","","Sat Nov 02 00:48:28 GMT 2024","passed","Sat Nov 02 00:48:28 GMT 2024","","CHAINING","CHAINING",""
"","2","ADD-REMOVE-MATCH-INTEGER.27","","Sat Nov 02 00:50:49 GMT 2024","passed","Sat Nov 02 00:50:49 GMT 2024","","SPACES","SPACES",""
"","1177","TESTS1-PRE.02","","Sat Nov 02 00:44:01 GMT 2024","failed","Sat Nov 02 00:44:02 GMT 2024","","MAIN-BRANCH","MAIN-BRANCH",""
"","3","D2-HIGHERFUNC.01","","Sat Nov 02 00:33:44 GMT 2024","passed","Sat Nov 02 00:33:44 GMT 2024","","HYPERON-EXPERIMENTAL-SCRIPTS","HYPERON-EXPERIMENTAL-SCRIPTS",""
"","2","DEFINE-IF-LIKE.06","","Sat Nov 02 01:45:27 GMT 2024","passed","Sat Nov 02 01:45:27 GMT 2024","","DIRECT-COMP","DIRECT-COMP",""
"","12000","walk_thru.bc_impl","","Sat Nov 02 00:33:40 GMT 2024","passed","Sat Nov 02 00:33:52 GMT 2024","","WHOLE-TESTS","WHOLE-TESTS",""
"","2","TEST-IF-CLOSED.06","","Sat Nov 02 01:46:54 GMT 2024","passed","Sat Nov 02 01:46:54 GMT 2024","","WALK-THRU","WALK-THRU",""
"","2","D1-GADT.11","","Sat Nov 02 00:43:32 GMT 2024","passed","Sat Nov 02 00:43:32 GMT 2024","","QUICK","QUICK",""
"","2","IFC-XP.29","","Sat Nov 02 01:19:56 GMT 2024","passed","Sat Nov 02 01:19:56 GMT 2024","","ITERATIVE-CHAINING","ITERATIVE-CHAINING",""
"","2","ADD-REMOVE-MATCH-S-STRINGS.04","","Sat Nov 02 00:50:49 GMT 2024","passed","Sat Nov 02 00:50:49 GMT 2024","","SPACES","SPACES",""
"","297","NATSTANDALONETEST.13","","Sat Nov 02 01:16:47 GMT 2024","failed","Sat Nov 02 01:16:47 GMT 2024","","HOL","HOL",""
"","3","ADD-REMOVE-MATCH-S-SYMBOLS.01","","Sat Nov 02 00:50:49 GMT 2024","passed","Sat Nov 02 00:50:49 GMT 2024","","SPACES","SPACES",""
"","4","INF-CTL-MONTH-BC-CONT-XP.27","","Sat Nov 02 01:17:56 GMT 2024","passed","Sat Nov 02 01:17:56 GMT 2024","","INFERENCE-CONTROL","INFERENCE-CONTROL",""
"","62","STDLIB-METTALOG-TEST-PT2.13","","Sat Nov 02 00:52:56 GMT 2024","failed","Sat Nov 02 00:52:56 GMT 2024","","STDLIB-METTALOG","STDLIB-METTALOG",""
"","2","STATE-TYPES.09","","Sat Nov 02 01:55:28 GMT 2024","passed","Sat Nov 02 01:55:28 GMT 2024","","BASIC","BASIC",""
"","4","MATCH-FEVAL.01","","Sat Nov 02 01:46:29 GMT 2024","passed","Sat Nov 02 01:46:29 GMT 2024","","TRANSPILER","TRANSPILER",""
"","2","IOIOIOI.04","","Sat Nov 02 01:53:12 GMT 2024","passed","Sat Nov 02 01:53:12 GMT 2024","","MULTIDIRECTIONAL","MULTIDIRECTIONAL",""
"","3","TESTS0.03","","Sat Nov 02 00:44:01 GMT 2024","passed","Sat Nov 02 00:44:01 GMT 2024","","MAIN-BRANCH","MAIN-BRANCH",""
"","2","TYPE-PROP.33","","Sat Nov 02 01:09:38 GMT 2024","passed","Sat Nov 02 01:09:38 GMT 2024","","CHECK-TYPES-TEMP","CHECK-TYPES-TEMP",""
"","2","BC-XP.21","","Sat Nov 02 01:13:54 GMT 2024","passed","Sat Nov 02 01:13:54 GMT 2024","","BACKWARD-CHAINING","BACKWARD-CHAINING",""
"","41","INF-CTL-MONTH-BC-CONT-XP.20","","Sat Nov 02 01:17:56 GMT 2024","failed","Sat Nov 02 01:17:56 GMT 2024","","INFERENCE-CONTROL","INFERENCE-CONTROL",""
"","262","REWRITES.03","","Sat Nov 02 01:05:25 GMT 2024","failed","Sat Nov 02 01:05:25 GMT 2024","","STACK-BASED","STACK-BASED",""
"","2","TMPMATCH2.04","","Sat Nov 02 00:41:19 GMT 2024","passed","Sat Nov 02 00:41:19 GMT 2024","","ANTI-REGRESSION","ANTI-REGRESSION",""
"","15","D1-GADT.04","","Sat Nov 02 00:43:32 GMT 2024","passed","Sat Nov 02 00:43:32 GMT 2024","","QUICK","QUICK",""
"","2","PC-XP.02","","Sat Nov 02 01:22:39 GMT 2024","passed","Sat Nov 02 01:22:39 GMT 2024","","POLYWARD-CHAINING","POLYWARD-CHAINING",""
"","8","D2-HIGHERFUNC.22","","Sat Nov 02 00:43:32 GMT 2024","passed","Sat Nov 02 00:43:32 GMT 2024","","QUICK","QUICK",""
"","366","BASIC.05","","Sat Nov 02 01:06:56 GMT 2024","passed","Sat Nov 02 01:06:56 GMT 2024","","TRAVERSER","TRAVERSER",""
"","3","FLIP-TEST.01","","Sat Nov 02 00:35:19 GMT 2024","passed","Sat Nov 02 00:35:19 GMT 2024","","HYPERON-METTALOG-SANITY","HYPERON-METTALOG-SANITY",""
"","323","PROB-DEP-TYPES.07","","Sat Nov 02 01:01:42 GMT 2024","failed","Sat Nov 02 01:01:42 GMT 2024","","PROB-DEP-TYPES","PROB-DEP-TYPES",""
"","2","B2-BACKCHAIN.04","","Sat Nov 02 00:33:44 GMT 2024","passed","Sat Nov 02 00:33:44 GMT 2024","","HYPERON-EXPERIMENTAL-SCRIPTS","HYPERON-EXPERIMENTAL-SCRIPTS",""
"","172","SPACE-SUBTRACTION-TESTS.08","","Sat Nov 02 00:35:19 GMT 2024","passed","Sat Nov 02 00:35:19 GMT 2024","","HYPERON-METTALOG-SANITY","HYPERON-METTALOG-SANITY",""
"","15000","anti-regression.system_proofTestCurried","","Sat Nov 02 00:33:40 GMT 2024","failed","Sat Nov 02 00:33:55 GMT 2024","","WHOLE-TESTS","WHOLE-TESTS",""
"","2","STDLIB-METTALOG-TEST-PT2.28","","Sat Nov 02 00:52:56 GMT 2024","passed","Sat Nov 02 00:52:56 GMT 2024","","STDLIB-METTALOG","STDLIB-METTALOG",""
"","2","SPACE-SUBTRACTION-TESTS.03","","Sat Nov 02 00:35:19 GMT 2024","passed","Sat Nov 02 00:35:19 GMT 2024","","HYPERON-METTALOG-SANITY","HYPERON-METTALOG-SANITY",""
"","2","C1-GROUNDED-BASIC.18","","Sat Nov 02 00:43:32 GMT 2024","passed","Sat Nov 02 00:43:32 GMT 2024","","QUICK","QUICK",""
"","2","D2-HIGHERFUNC.26","","Sat Nov 02 00:43:32 GMT 2024","passed","Sat Nov 02 00:43:32 GMT 2024","","QUICK","QUICK",""
"","2","BACKWARD-CHAINER-XP.04","","Sat Nov 02 01:13:49 GMT 2024","passed","Sat Nov 02 01:13:49 GMT 2024","","BACKWARD-CHAINER","BACKWARD-CHAINER",""
"","108","B4-NONDETERM.10","","Sat Nov 02 00:33:44 GMT 2024","passed","Sat Nov 02 00:33:44 GMT 2024","","HYPERON-EXPERIMENTAL-SCRIPTS","HYPERON-EXPERIMENTAL-SCRIPTS",""
"","66","C1-GROUNDED-BASIC.19","","Sat Nov 02 00:33:44 GMT 2024","passed","Sat Nov 02 00:33:44 GMT 2024","","HYPERON-EXPERIMENTAL-SCRIPTS","HYPERON-EXPERIMENTAL-SCRIPTS",""
"","99","TYPES-PRELIM.08","","Sat Nov 02 00:48:28 GMT 2024","failed","Sat Nov 02 00:48:28 GMT 2024","","CHAINING","CHAINING",""
"","4000","common.ListTest","","Sat Nov 02 00:33:40 GMT 2024","passed","Sat Nov 02 00:33:44 GMT 2024","","WHOLE-TESTS","WHOLE-TESTS",""
"","5000","experiments.synthesize-via-superpose","","Sat Nov 02 00:33:40 GMT 2024","passed","Sat Nov 02 00:33:45 GMT 2024","","WHOLE-TESTS","WHOLE-TESTS",""
"","2","FORWARD-CHAINER-XP.25","","Sat Nov 02 01:16:32 GMT 2024","passed","Sat Nov 02 01:16:32 GMT 2024","","FORWARD-CHAINER","FORWARD-CHAINER",""
"","2","C1-GROUNDED-BASIC.16","","Sat Nov 02 00:33:44 GMT 2024","passed","Sat Nov 02 00:33:44 GMT 2024","","HYPERON-EXPERIMENTAL-SCRIPTS","HYPERON-EXPERIMENTAL-SCRIPTS",""
"","14","CHAPTER-2-4.22","","Sat Nov 02 00:53:06 GMT 2024","failed","Sat Nov 02 00:53:06 GMT 2024","","SICP-BOOK","SICP-BOOK",""
"","2","BC-XP.25","","Sat Nov 02 01:13:54 GMT 2024","passed","Sat Nov 02 01:13:54 GMT 2024","","BACKWARD-CHAINING","BACKWARD-CHAINING",""
"","3","QUERIES.16","","Sat Nov 02 01:06:14 GMT 2024","passed","Sat Nov 02 01:06:14 GMT 2024","","STRIPS-TO-METTA-IMPROVED","STRIPS-TO-METTA-IMPROVED",""
"","2","OR-TEST.05","","Sat Nov 02 00:35:19 GMT 2024","passed","Sat Nov 02 00:35:19 GMT 2024","","HYPERON-METTALOG-SANITY","HYPERON-METTALOG-SANITY",""
"","2","TMPMATCH1.04","","Sat Nov 02 00:41:19 GMT 2024","passed","Sat Nov 02 00:41:19 GMT 2024","","ANTI-REGRESSION","ANTI-REGRESSION",""
"","3","D4-TYPE-PROP.18","","Sat Nov 02 01:09:59 GMT 2024","passed","Sat Nov 02 01:09:59 GMT 2024","","CHECK-TYPES","CHECK-TYPES",""
"","3","NUMTEST.10","","Sat Nov 02 01:14:04 GMT 2024","passed","Sat Nov 02 01:14:04 GMT 2024","","COMMON","COMMON",""
"","2","B5-TYPES-PRELIM.22","","Sat Nov 02 01:09:38 GMT 2024","passed","Sat Nov 02 01:09:38 GMT 2024","","CHECK-TYPES-TEMP","CHECK-TYPES-TEMP",""
"","6","ADD-REMOVE-MATCH-MIX-FLOAT-INTEGER.19","","Sat Nov 02 00:50:49 GMT 2024","passed","Sat Nov 02 00:50:49 GMT 2024","","SPACES","SPACES",""
"","3","TEST-LIST-CONCATENATION.01","","Sat Nov 02 01:55:28 GMT 2024","passed","Sat Nov 02 01:55:28 GMT 2024","","BASIC","BASIC",""
"","5000","walk_thru.mettalogTestCurried2","","Sat Nov 02 00:33:40 GMT 2024","passed","Sat Nov 02 00:33:45 GMT 2024","","WHOLE-TESTS","WHOLE-TESTS",""
"","2","CML-UNSHARED.02","","Sat Nov 02 01:55:28 GMT 2024","passed","Sat Nov 02 01:55:28 GMT 2024","","BASIC","BASIC",""
"","2","FORWARD-CHAINER-XP.10","","Sat Nov 02 01:16:32 GMT 2024","passed","Sat Nov 02 01:16:32 GMT 2024","","FORWARD-CHAINER","FORWARD-CHAINER",""
"","4000","hyperon-mettalog_sanity.string-tests","","Sat Nov 02 00:33:40 GMT 2024","passed","Sat Nov 02 00:33:44 GMT 2024","","WHOLE-TESTS","WHOLE-TESTS",""
"","2","NATPARITYTEST.13","","Sat Nov 02 01:16:47 GMT 2024","passed","Sat Nov 02 01:16:47 GMT 2024","","HOL","HOL",""
"","40000","dependent-types.MinerDTL2Test","","Sat Nov 02 00:33:40 GMT 2024","failed","Sat Nov 02 00:34:20 GMT 2024","","WHOLE-TESTS","WHOLE-TESTS",""
"","1","BC-XP.07","","Sat Nov 02 01:13:54 GMT 2024","passed","Sat Nov 02 01:13:54 GMT 2024","","BACKWARD-CHAINING","BACKWARD-CHAINING",""
"","10","D1-GADT.13","","Sat Nov 02 01:09:59 GMT 2024","passed","Sat Nov 02 01:09:59 GMT 2024","","CHECK-TYPES","CHECK-TYPES",""
"","2","STRING-TESTS.02","","Sat Nov 02 00:35:19 GMT 2024","passed","Sat Nov 02 00:35:19 GMT 2024","","HYPERON-METTALOG-SANITY","HYPERON-METTALOG-SANITY",""
"","2","D4-TYPE-PROP.15","","Sat Nov 02 01:09:59 GMT 2024","passed","Sat Nov 02 01:09:59 GMT 2024","","CHECK-TYPES","CHECK-TYPES",""
"","1","CML-UNSHARED.07","","Sat Nov 02 01:55:28 GMT 2024","passed","Sat Nov 02 01:55:28 GMT 2024","","BASIC","BASIC",""
"","83","F1-IMPORTS.18","","Sat Nov 02 00:33:44 GMT 2024","passed","Sat Nov 02 00:33:44 GMT 2024","","HYPERON-EXPERIMENTAL-SCRIPTS","HYPERON-EXPERIMENTAL-SCRIPTS",""
"","2","ADD-ATOM-NAIVE-FIB.04","","Sat Nov 02 02:01:49 GMT 2024","passed","Sat Nov 02 02:01:49 GMT 2024","","COMPARISONS","COMPARISONS",""
"","1","BC-XP.04","","Sat Nov 02 00:48:28 GMT 2024","passed","Sat Nov 02 00:48:28 GMT 2024","","CHAINING","CHAINING",""
"","2","TESTS5.04","","Sat Nov 02 00:44:01 GMT 2024","passed","Sat Nov 02 00:44:01 GMT 2024","","MAIN-BRANCH","MAIN-BRANCH",""
"","2","INF-CTL-XP.08","","Sat Nov 02 01:17:56 GMT 2024","passed","Sat Nov 02 01:17:56 GMT 2024","","INFERENCE-CONTROL","INFERENCE-CONTROL",""
"","2","TYPE-PROP.56","","Sat Nov 02 01:09:38 GMT 2024","passed","Sat Nov 02 01:09:38 GMT 2024","","CHECK-TYPES-TEMP","CHECK-TYPES-TEMP",""
"","2","INF-CTL-MONTH-XP-SHORT-3.11","","Sat Nov 02 02:01:49 GMT 2024","passed","Sat Nov 02 02:01:49 GMT 2024","","COMPARISONS","COMPARISONS",""
"","4000","debugging.hyperon_experimental_issue_514","","Sat Nov 02 00:33:40 GMT 2024","passed","Sat Nov 02 00:33:44 GMT 2024","","WHOLE-TESTS","WHOLE-TESTS",""
"","2","D2-HIGHERFUNC.13","","Sat Nov 02 00:43:32 GMT 2024","passed","Sat Nov 02 00:43:32 GMT 2024","","QUICK","QUICK",""
"","2","D4-TYPE-PROP.14","","Sat Nov 02 00:43:32 GMT 2024","passed","Sat Nov 02 00:43:32 GMT 2024","","QUICK","QUICK",""
"","63","CREATE-SERVER.03","","Sat Nov 02 01:51:17 GMT 2024","failed","Sat Nov 02 01:51:17 GMT 2024","","DISTRIBUTED-PROCESSING","DISTRIBUTED-PROCESSING",""
"","3","E1-KB-WRITE.01","","Sat Nov 02 00:33:44 GMT 2024","passed","Sat Nov 02 00:33:44 GMT 2024","","HYPERON-EXPERIMENTAL-SCRIPTS","HYPERON-EXPERIMENTAL-SCRIPTS",""
"","1110","TRAINING-BI.05","","Sat Nov 02 02:07:59 GMT 2024","passed","Sat Nov 02 02:08:00 GMT 2024","","LANGUAGE-MODELS","LANGUAGE-MODELS",""
"","2","NATPARITYTEST.12","","Sat Nov 02 01:16:47 GMT 2024","passed","Sat Nov 02 01:16:47 GMT 2024","","HOL","HOL",""
"","4","CHAPTER-2-2.04","","Sat Nov 02 00:53:06 GMT 2024","passed","Sat Nov 02 00:53:06 GMT 2024","","SICP-BOOK","SICP-BOOK",""
"","2","FORWARD-CHAINER-TEST.10","","Sat Nov 02 01:16:32 GMT 2024","passed","Sat Nov 02 01:16:32 GMT 2024","","FORWARD-CHAINER","FORWARD-CHAINER",""
"","6000","walk_thru.impl_mettalogTestCurried","","Sat Nov 02 00:33:40 GMT 2024","passed","Sat Nov 02 00:33:46 GMT 2024","","WHOLE-TESTS","WHOLE-TESTS",""
"","2","LTE.04","","Sat Nov 02 00:51:31 GMT 2024","passed","Sat Nov 02 00:51:31 GMT 2024","","STD","STD",""
"","2","BACKWARD-CHAINER-XP.21","","Sat Nov 02 01:13:49 GMT 2024","passed","Sat Nov 02 01:13:49 GMT 2024","","BACKWARD-CHAINER","BACKWARD-CHAINER",""
"","3","ADD-REMOVE-MATCH-SYMBOLS.11","","Sat Nov 02 00:50:49 GMT 2024","passed","Sat Nov 02 00:50:49 GMT 2024","","SPACES","SPACES",""
"","3","ADD-REMOVE-MATCH-SYMBOLS.02","","Sat Nov 02 00:50:49 GMT 2024","passed","Sat Nov 02 00:50:49 GMT 2024","","SPACES","SPACES",""
"","20000","comparisons.nils_if_control_test_6","","Sat Nov 02 00:33:40 GMT 2024","passed","Sat Nov 02 00:34:00 GMT 2024","","WHOLE-TESTS","WHOLE-TESTS",""
"","2","SYNTHESIZE-VIA-TYPE-CHECKING.03","","Sat Nov 02 01:24:29 GMT 2024","passed","Sat Nov 02 01:24:29 GMT 2024","","EXPERIMENTS","EXPERIMENTS",""
"","2","MATCH-SUPERPOSED-SPACES.05","","Sat Nov 02 00:39:10 GMT 2024","passed","Sat Nov 02 00:39:10 GMT 2024","","METTA-MORPH-TESTS","METTA-MORPH-TESTS",""
"","2","ADD-REMOVE-MATCH-MIX-FLOAT-INTEGER.07","","Sat Nov 02 00:50:49 GMT 2024","passed","Sat Nov 02 00:50:49 GMT 2024","","SPACES","SPACES",""
"","2","IBC-XP.23","","Sat Nov 02 01:19:56 GMT 2024","passed","Sat Nov 02 01:19:56 GMT 2024","","ITERATIVE-CHAINING","ITERATIVE-CHAINING",""
"","4000","logic.memb","","Sat Nov 02 00:33:40 GMT 2024","passed","Sat Nov 02 00:33:44 GMT 2024","","WHOLE-TESTS","WHOLE-TESTS",""
"","2","INTERSECTION-TESTS.13","","Sat Nov 02 00:35:19 GMT 2024","passed","Sat Nov 02 00:35:19 GMT 2024","","HYPERON-METTALOG-SANITY","HYPERON-METTALOG-SANITY",""
"","2","E2-STATES.09","","Sat Nov 02 00:33:44 GMT 2024","passed","Sat Nov 02 00:33:44 GMT 2024","","HYPERON-EXPERIMENTAL-SCRIPTS","HYPERON-EXPERIMENTAL-SCRIPTS",""
"","13","D1-GADT.04","","Sat Nov 02 01:09:59 GMT 2024","passed","Sat Nov 02 01:09:59 GMT 2024","","CHECK-TYPES","CHECK-TYPES",""
"","2","TYPE-PROP.64","","Sat Nov 02 01:09:38 GMT 2024","passed","Sat Nov 02 01:09:38 GMT 2024","","CHECK-TYPES-TEMP","CHECK-TYPES-TEMP",""
"","15","V2-PLN-XP-EASY-IMPL.02","","Sat Nov 02 00:48:28 GMT 2024","passed","Sat Nov 02 00:48:28 GMT 2024","","CHAINING","CHAINING",""
"","1","HYPERPOSE.08","","Sat Nov 02 00:39:10 GMT 2024","passed","Sat Nov 02 00:39:10 GMT 2024","","METTA-MORPH-TESTS","METTA-MORPH-TESTS",""
"","2","ADD-REMOVE-MATCH-SYMBOLS.10","","Sat Nov 02 00:50:49 GMT 2024","passed","Sat Nov 02 00:50:49 GMT 2024","","SPACES","SPACES",""
"","1","HYPERPOSING-UNSHARED.03","","Sat Nov 02 01:55:28 GMT 2024","passed","Sat Nov 02 01:55:28 GMT 2024","","BASIC","BASIC",""
"","43000","inference-control.inf-ctl-month-bc-xp","","Sat Nov 02 00:33:40 GMT 2024","failed","Sat Nov 02 00:34:23 GMT 2024","","WHOLE-TESTS","WHOLE-TESTS",""
"","3","E2-STATES.04","","Sat Nov 02 01:09:59 GMT 2024","passed","Sat Nov 02 01:09:59 GMT 2024","","CHECK-TYPES","CHECK-TYPES",""
"","2","ADD-REMOVE-MATCH-INTEGER.37","","Sat Nov 02 00:50:49 GMT 2024","passed","Sat Nov 02 00:50:49 GMT 2024","","SPACES","SPACES",""
"","12","REVERSE-ARITHMETIC.02","","Sat Nov 02 01:49:56 GMT 2024","failed","Sat Nov 02 01:49:56 GMT 2024","","BIDIRECTIONAL-COMPUTATION","BIDIRECTIONAL-COMPUTATION",""
"","2","BC-COMP.06","","Sat Nov 02 00:41:19 GMT 2024","passed","Sat Nov 02 00:41:19 GMT 2024","","ANTI-REGRESSION","ANTI-REGRESSION",""
"","28000","language_models.training_bi","","Sat Nov 02 00:33:40 GMT 2024","passed","Sat Nov 02 00:34:08 GMT 2024","","WHOLE-TESTS","WHOLE-TESTS",""
"","2","MATCH-SUPERPOSED-SPACES.02","","Sat Nov 02 00:39:10 GMT 2024","passed","Sat Nov 02 00:39:10 GMT 2024","","METTA-MORPH-TESTS","METTA-MORPH-TESTS",""
"","115","SYNTHESIZE-VIA-UNIFY-TEST-LONGER.01","","Sat Nov 02 01:24:29 GMT 2024","passed","Sat Nov 02 01:24:29 GMT 2024","","EXPERIMENTS","EXPERIMENTS",""
"","7","V2-PLN-XP.02","","Sat Nov 02 00:48:28 GMT 2024","passed","Sat Nov 02 00:48:28 GMT 2024","","CHAINING","CHAINING",""
"","126","MODUSPONENSDTLTEST.04","","Sat Nov 02 01:12:41 GMT 2024","failed","Sat Nov 02 01:12:41 GMT 2024","","DEPENDENT-TYPES","DEPENDENT-TYPES",""
"","2","ADD-REMOVE-MATCH-SYMBOLS.03","","Sat Nov 02 00:50:49 GMT 2024","passed","Sat Nov 02 00:50:49 GMT 2024","","SPACES","SPACES",""
"","2","BASE-TEST-REPR-PARSE-INTERSECTION.04","","Sat Nov 02 00:35:19 GMT 2024","passed","Sat Nov 02 00:35:19 GMT 2024","","HYPERON-METTALOG-SANITY","HYPERON-METTALOG-SANITY",""
"","2","NATSTANDALONETEST.09","","Sat Nov 02 01:16:47 GMT 2024","passed","Sat Nov 02 01:16:47 GMT 2024","","HOL","HOL",""
"","2","INTERSECTION-TESTS.08","","Sat Nov 02 00:35:19 GMT 2024","passed","Sat Nov 02 00:35:19 GMT 2024","","HYPERON-METTALOG-SANITY","HYPERON-METTALOG-SANITY",""
"","4000","module-system.f1_moduleA","","Sat Nov 02 00:33:40 GMT 2024","passed","Sat Nov 02 00:33:44 GMT 2024","","WHOLE-TESTS","WHOLE-TESTS",""
"","2","FC-XP.12","","Sat Nov 02 01:16:42 GMT 2024","passed","Sat Nov 02 01:16:42 GMT 2024","","FORWARD-CHAINING","FORWARD-CHAINING",""
"","3","REWRITES.01","","Sat Nov 02 01:05:25 GMT 2024","passed","Sat Nov 02 01:05:25 GMT 2024","","STACK-BASED","STACK-BASED",""
"","9","STDLIB-METTALOG-TEST-PT2.14","","Sat Nov 02 00:52:56 GMT 2024","passed","Sat Nov 02 00:52:56 GMT 2024","","STDLIB-METTALOG","STDLIB-METTALOG",""
"","243","BACKWARD-CHAIN.01","","Sat Nov 02 00:48:28 GMT 2024","failed","Sat Nov 02 00:48:28 GMT 2024","","CHAINING","CHAINING",""
"","2","A3-TWOSIDE.03","","Sat Nov 02 00:33:44 GMT 2024","passed","Sat Nov 02 00:33:44 GMT 2024","","HYPERON-EXPERIMENTAL-SCRIPTS","HYPERON-EXPERIMENTAL-SCRIPTS",""
"","1","FORWARD-CHAINER-XP.14","","Sat Nov 02 01:16:32 GMT 2024","passed","Sat Nov 02 01:16:32 GMT 2024","","FORWARD-CHAINER","FORWARD-CHAINER",""
"","15","UNIFYTEST.01","","Sat Nov 02 01:24:25 GMT 2024","failed","Sat Nov 02 01:24:25 GMT 2024","","SYNTHESIS","SYNTHESIS",""
"","2","BC-XP.10","","Sat Nov 02 01:13:54 GMT 2024","passed","Sat Nov 02 01:13:54 GMT 2024","","BACKWARD-CHAINING","BACKWARD-CHAINING",""
"","2","ADD-REMOVE-MATCH-S-SYMBOLS.15","","Sat Nov 02 00:50:49 GMT 2024","passed","Sat Nov 02 00:50:49 GMT 2024","","SPACES","SPACES",""
"","5000","comparisons.inf-ctl-month-xp-long","","Sat Nov 02 00:33:40 GMT 2024","passed","Sat Nov 02 00:33:45 GMT 2024","","WHOLE-TESTS","WHOLE-TESTS",""
"","2","03-SORING-VIA-INSERT.04","","Sat Nov 02 00:35:19 GMT 2024","passed","Sat Nov 02 00:35:19 GMT 2024","","HYPERON-METTALOG-SANITY","HYPERON-METTALOG-SANITY",""
"","6","TRUTHVALUETEST.01","","Sat Nov 02 01:14:29 GMT 2024","passed","Sat Nov 02 01:14:29 GMT 2024","","TRUTHVALUE","TRUTHVALUE",""
"","5000","iterative-chaining.ifc-xp","","Sat Nov 02 00:33:40 GMT 2024","passed","Sat Nov 02 00:33:45 GMT 2024","","WHOLE-TESTS","WHOLE-TESTS",""
"","2","GROUNDED-BASIC.04","","Sat Nov 02 00:51:31 GMT 2024","passed","Sat Nov 02 00:51:31 GMT 2024","","STD","STD",""
"","1","DEDUCTIONFORMULATEST.10","","Sat Nov 02 01:14:25 GMT 2024","passed","Sat Nov 02 01:14:25 GMT 2024","","FORMULA","FORMULA",""
"","2","BACKWARD-CHAINER-XP.23","","Sat Nov 02 01:13:49 GMT 2024","passed","Sat Nov 02 01:13:49 GMT 2024","","BACKWARD-CHAINER","BACKWARD-CHAINER",""
"","3","D3-DEPTYPES.01","","Sat Nov 02 01:09:59 GMT 2024","passed","Sat Nov 02 01:09:59 GMT 2024","","CHECK-TYPES","CHECK-TYPES",""
"","2","00-LANG-CASE.04","","Sat Nov 02 00:35:19 GMT 2024","passed","Sat Nov 02 00:35:19 GMT 2024","","HYPERON-METTALOG-SANITY","HYPERON-METTALOG-SANITY",""
"","2","IBC-XP.17","","Sat Nov 02 01:19:56 GMT 2024","passed","Sat Nov 02 01:19:56 GMT 2024","","ITERATIVE-CHAINING","ITERATIVE-CHAINING",""
"","4000","match.MinerMatchTest","","Sat Nov 02 00:33:40 GMT 2024","passed","Sat Nov 02 00:33:44 GMT 2024","","WHOLE-TESTS","WHOLE-TESTS",""
"","2","TYPE-PROP.10","","Sat Nov 02 01:09:38 GMT 2024","passed","Sat Nov 02 01:09:38 GMT 2024","","CHECK-TYPES-TEMP","CHECK-TYPES-TEMP",""
"","2","IBC-XP.32","","Sat Nov 02 01:19:56 GMT 2024","passed","Sat Nov 02 01:19:56 GMT 2024","","ITERATIVE-CHAINING","ITERATIVE-CHAINING",""
"","2","KB-WRITE.03","","Sat Nov 02 00:51:31 GMT 2024","passed","Sat Nov 02 00:51:31 GMT 2024","","STD","STD",""
"","303","IBC-XP.14","","Sat Nov 02 01:19:56 GMT 2024","passed","Sat Nov 02 01:19:56 GMT 2024","","ITERATIVE-CHAINING","ITERATIVE-CHAINING",""
"","84","PROB-DEP-TYPES.01","","Sat Nov 02 01:01:42 GMT 2024","passed","Sat Nov 02 01:01:42 GMT 2024","","PROB-DEP-TYPES","PROB-DEP-TYPES",""
"","2","D4-TYPE-PROP.08","","Sat Nov 02 00:43:32 GMT 2024","passed","Sat Nov 02 00:43:32 GMT 2024","","QUICK","QUICK",""
"","3","INF-CTL-MONTH-BC-CONT-XP.01","","Sat Nov 02 01:17:56 GMT 2024","passed","Sat Nov 02 01:17:56 GMT 2024","","INFERENCE-CONTROL","INFERENCE-CONTROL",""
"","2","HIGHER-ORDER-FUNCS.09","","Sat Nov 02 00:51:31 GMT 2024","passed","Sat Nov 02 00:51:31 GMT 2024","","STD","STD",""
"","5000","main-branch.minnars_Prev","","Sat Nov 02 00:33:40 GMT 2024","passed","Sat Nov 02 00:33:45 GMT 2024","","WHOLE-TESTS","WHOLE-TESTS",""
"","3","NESTED-PARAMETERS.01","","Sat Nov 02 00:39:10 GMT 2024","passed","Sat Nov 02 00:39:10 GMT 2024","","METTA-MORPH-TESTS","METTA-MORPH-TESTS",""
"","1","STDLIB-METTALOG-TEST-PT2.44","","Sat Nov 02 00:52:56 GMT 2024","passed","Sat Nov 02 00:52:56 GMT 2024","","STDLIB-METTALOG","STDLIB-METTALOG",""
"","5000","check_types-temp.type_prop","","Sat Nov 02 00:33:40 GMT 2024","passed","Sat Nov 02 00:33:45 GMT 2024","","WHOLE-TESTS","WHOLE-TESTS",""
"","3","MATCH-VOID.01","","Sat Nov 02 00:39:10 GMT 2024","passed","Sat Nov 02 00:39:10 GMT 2024","","METTA-MORPH-TESTS","METTA-MORPH-TESTS",""
"","2","BC-XP.26","","Sat Nov 02 01:13:54 GMT 2024","passed","Sat Nov 02 01:13:54 GMT 2024","","BACKWARD-CHAINING","BACKWARD-CHAINING",""
"","2","STATE-TYPES.23","","Sat Nov 02 01:55:28 GMT 2024","passed","Sat Nov 02 01:55:28 GMT 2024","","BASIC","BASIC",""
"","75","D2-HIGHERFUNC.07","","Sat Nov 02 00:33:44 GMT 2024","failed","Sat Nov 02 00:33:44 GMT 2024","","HYPERON-EXPERIMENTAL-SCRIPTS","HYPERON-EXPERIMENTAL-SCRIPTS",""
"","1","DEBUG-METTALOGTESTCURRIED.11","","Sat Nov 02 01:46:54 GMT 2024","passed","Sat Nov 02 01:46:54 GMT 2024","","WALK-THRU","WALK-THRU",""
"","2","INF-ORDER-PROBS.11","","Sat Nov 02 01:01:42 GMT 2024","passed","Sat Nov 02 01:01:42 GMT 2024","","PROB-DEP-TYPES","PROB-DEP-TYPES",""
"","2","D2-HIGHERFUNC.23","","Sat Nov 02 01:09:59 GMT 2024","passed","Sat Nov 02 01:09:59 GMT 2024","","CHECK-TYPES","CHECK-TYPES",""
"","3","FC-XP.02","","Sat Nov 02 01:16:42 GMT 2024","passed","Sat Nov 02 01:16:42 GMT 2024","","FORWARD-CHAINING","FORWARD-CHAINING",""
"","5000","transpiler.let_superpose_if_case","","Sat Nov 02 00:33:40 GMT 2024","passed","Sat Nov 02 00:33:45 GMT 2024","","WHOLE-TESTS","WHOLE-TESTS",""
"","184","EXAMPLES-QUANTS.01","","Sat Nov 02 01:54:23 GMT 2024","failed","Sat Nov 02 01:54:23 GMT 2024","","POLYMORPHIC-TYPES","POLYMORPHIC-TYPES",""
"","2","D1-GADT.02","","Sat Nov 02 01:09:59 GMT 2024","passed","Sat Nov 02 01:09:59 GMT 2024","","CHECK-TYPES","CHECK-TYPES",""
"","64","SPACE-INTERSECTION-TESTS.12","","Sat Nov 02 00:35:19 GMT 2024","failed","Sat Nov 02 00:35:19 GMT 2024","","HYPERON-METTALOG-SANITY","HYPERON-METTALOG-SANITY",""
"","2","ADD-REMOVE-MATCH-MIX-FLOAT-INTEGER.04","","Sat Nov 02 00:50:49 GMT 2024","passed","Sat Nov 02 00:50:49 GMT 2024","","SPACES","SPACES",""
"","207","SHOW-TYPE.17","","Sat Nov 02 00:50:33 GMT 2024","failed","Sat Nov 02 00:50:33 GMT 2024","","INTROSPECT","INTROSPECT",""
"","45000","new.tests1","","Sat Nov 02 00:33:40 GMT 2024","failed","Sat Nov 02 00:34:25 GMT 2024","","WHOLE-TESTS","WHOLE-TESTS",""
"","2","IBC-XP.25","","Sat Nov 02 01:19:56 GMT 2024","passed","Sat Nov 02 01:19:56 GMT 2024","","ITERATIVE-CHAINING","ITERATIVE-CHAINING",""
"","5000","query.gene-query","","Sat Nov 02 00:33:40 GMT 2024","passed","Sat Nov 02 00:33:45 GMT 2024","","WHOLE-TESTS","WHOLE-TESTS",""
"","2","BACKWARD-CHAINER-XP.16","","Sat Nov 02 01:13:49 GMT 2024","passed","Sat Nov 02 01:13:49 GMT 2024","","BACKWARD-CHAINER","BACKWARD-CHAINER",""
"","3","SUBTRACTION-TEST.10","","Sat Nov 02 00:35:19 GMT 2024","passed","Sat Nov 02 00:35:19 GMT 2024","","HYPERON-METTALOG-SANITY","HYPERON-METTALOG-SANITY",""
"","2","ADD-REMOVE-MATCH-INTEGER.33","","Sat Nov 02 00:50:49 GMT 2024","passed","Sat Nov 02 00:50:49 GMT 2024","","SPACES","SPACES",""
"","108","PREREQS.07","","Sat Nov 02 00:44:01 GMT 2024","failed","Sat Nov 02 00:44:01 GMT 2024","","MAIN-BRANCH","MAIN-BRANCH",""
"","2","06-MATCH-IN-SPACE.02","","Sat Nov 02 00:35:19 GMT 2024","passed","Sat Nov 02 00:35:19 GMT 2024","","HYPERON-METTALOG-SANITY","HYPERON-METTALOG-SANITY",""
"","57","NATSTANDALONETEST.12","","Sat Nov 02 01:16:47 GMT 2024","failed","Sat Nov 02 01:16:47 GMT 2024","","HOL","HOL",""
"","2","TYPE-PROP.36","","Sat Nov 02 01:09:38 GMT 2024","passed","Sat Nov 02 01:09:38 GMT 2024","","CHECK-TYPES-TEMP","CHECK-TYPES-TEMP",""
"","3","FORWARD-CHAINER-XP.04","","Sat Nov 02 01:16:32 GMT 2024","passed","Sat Nov 02 01:16:32 GMT 2024","","FORWARD-CHAINER","FORWARD-CHAINER",""
"","14","D1-GADT.05","","Sat Nov 02 01:09:59 GMT 2024","passed","Sat Nov 02 01:09:59 GMT 2024","","CHECK-TYPES","CHECK-TYPES",""
"","14","D1-GADT.09","","Sat Nov 02 00:43:32 GMT 2024","passed","Sat Nov 02 00:43:32 GMT 2024","","QUICK","QUICK",""
"","4000","chaining.parent_go_1","","Sat Nov 02 00:33:40 GMT 2024","passed","Sat Nov 02 00:33:44 GMT 2024","","WHOLE-TESTS","WHOLE-TESTS",""
"","3","CHAPTER-2-4.01","","Sat Nov 02 00:53:06 GMT 2024","passed","Sat Nov 02 00:53:06 GMT 2024","","SICP-BOOK","SICP-BOOK",""
"","261","SHOW-TYPE.16","","Sat Nov 02 00:50:33 GMT 2024","failed","Sat Nov 02 00:50:33 GMT 2024","","INTROSPECT","INTROSPECT",""
"","2","OR-TEST.12","","Sat Nov 02 00:35:19 GMT 2024","passed","Sat Nov 02 00:35:19 GMT 2024","","HYPERON-METTALOG-SANITY","HYPERON-METTALOG-SANITY",""
"","65","STDLIB-METTALOG-TEST-PT2.57","","Sat Nov 02 00:52:56 GMT 2024","failed","Sat Nov 02 00:52:56 GMT 2024","","STDLIB-METTALOG","STDLIB-METTALOG",""
"","60","TYPES-PRELIM.12","","Sat Nov 02 00:48:28 GMT 2024","failed","Sat Nov 02 00:48:28 GMT 2024","","CHAINING","CHAINING",""
"","3","B5-TYPES-PRELIM.23","","Sat Nov 02 00:33:44 GMT 2024","passed","Sat Nov 02 00:33:44 GMT 2024","","HYPERON-EXPERIMENTAL-SCRIPTS","HYPERON-EXPERIMENTAL-SCRIPTS",""
"","3","B2-BACKCHAIN.01","","Sat Nov 02 00:33:44 GMT 2024","passed","Sat Nov 02 00:33:44 GMT 2024","","HYPERON-EXPERIMENTAL-SCRIPTS","HYPERON-EXPERIMENTAL-SCRIPTS",""
"","3","IFC-XP.42","","Sat Nov 02 01:19:56 GMT 2024","passed","Sat Nov 02 01:19:56 GMT 2024","","ITERATIVE-CHAINING","ITERATIVE-CHAINING",""
"","1","SUPERPOSE-NESTED.02","","Sat Nov 02 00:39:10 GMT 2024","passed","Sat Nov 02 00:39:10 GMT 2024","","METTA-MORPH-TESTS","METTA-MORPH-TESTS",""
"","2","D2-HIGHERFUNC.25","","Sat Nov 02 00:33:44 GMT 2024","passed","Sat Nov 02 00:33:44 GMT 2024","","HYPERON-EXPERIMENTAL-SCRIPTS","HYPERON-EXPERIMENTAL-SCRIPTS",""
"","2","D1-GADT.07","","Sat Nov 02 00:43:32 GMT 2024","passed","Sat Nov 02 00:43:32 GMT 2024","","QUICK","QUICK",""
"","94","TYPE-PROP.52","","Sat Nov 02 01:09:38 GMT 2024","failed","Sat Nov 02 01:09:38 GMT 2024","","CHECK-TYPES-TEMP","CHECK-TYPES-TEMP",""
"","40000","comparisons.nils_if_control_test_4","","Sat Nov 02 00:33:40 GMT 2024","failed","Sat Nov 02 00:34:20 GMT 2024","","WHOLE-TESTS","WHOLE-TESTS",""
"","2","STRING-TESTS.15","","Sat Nov 02 00:35:19 GMT 2024","passed","Sat Nov 02 00:35:19 GMT 2024","","HYPERON-METTALOG-SANITY","HYPERON-METTALOG-SANITY",""
"","5000","SICP_book.chapter_1_1","","Sat Nov 02 00:33:40 GMT 2024","passed","Sat Nov 02 00:33:45 GMT 2024","","WHOLE-TESTS","WHOLE-TESTS",""
"","2","IFC-XP.12","","Sat Nov 02 01:19:56 GMT 2024","passed","Sat Nov 02 01:19:56 GMT 2024","","ITERATIVE-CHAINING","ITERATIVE-CHAINING",""
"","4000","hyperon-experimental_scripts.b4_nondeterm","","Sat Nov 02 00:33:40 GMT 2024","passed","Sat Nov 02 00:33:44 GMT 2024","","WHOLE-TESTS","WHOLE-TESTS",""
"","5000","hyperon-mettalog_sanity.space_subtraction_tests","","Sat Nov 02 00:33:40 GMT 2024","passed","Sat Nov 02 00:33:45 GMT 2024","","WHOLE-TESTS","WHOLE-TESTS",""
"","2","TMPMATCH2.03","","Sat Nov 02 01:46:54 GMT 2024","passed","Sat Nov 02 01:46:54 GMT 2024","","WALK-THRU","WALK-THRU",""
"","2","OR-TEST.09","","Sat Nov 02 00:35:19 GMT 2024","passed","Sat Nov 02 00:35:19 GMT 2024","","HYPERON-METTALOG-SANITY","HYPERON-METTALOG-SANITY",""
"","278","TESTS0.08","","Sat Nov 02 00:44:01 GMT 2024","passed","Sat Nov 02 00:44:01 GMT 2024","","MAIN-BRANCH","MAIN-BRANCH",""
"","4","CHAPTER-2-2.10","","Sat Nov 02 00:53:06 GMT 2024","passed","Sat Nov 02 00:53:06 GMT 2024","","SICP-BOOK","SICP-BOOK",""
"","2","BACKWARD-CHAINER-XP.34","","Sat Nov 02 01:13:49 GMT 2024","passed","Sat Nov 02 01:13:49 GMT 2024","","BACKWARD-CHAINER","BACKWARD-CHAINER",""
"","50","IBC-XP.07","","Sat Nov 02 01:19:56 GMT 2024","failed","Sat Nov 02 01:19:56 GMT 2024","","ITERATIVE-CHAINING","ITERATIVE-CHAINING",""
"","2","ADD-REMOVE-MATCH-S-STRINGS.16","","Sat Nov 02 00:50:49 GMT 2024","passed","Sat Nov 02 00:50:49 GMT 2024","","SPACES","SPACES",""
"","2","FORWARD-CHAINER-XP.19","","Sat Nov 02 01:16:32 GMT 2024","passed","Sat Nov 02 01:16:32 GMT 2024","","FORWARD-CHAINER","FORWARD-CHAINER",""
"","2","BACKWARD-CHAINER-XP.32","","Sat Nov 02 01:13:49 GMT 2024","passed","Sat Nov 02 01:13:49 GMT 2024","","BACKWARD-CHAINER","BACKWARD-CHAINER",""
"","40000","bio-atomspace.pln-xp-mettalog","","Sat Nov 02 00:33:40 GMT 2024","failed","Sat Nov 02 00:34:20 GMT 2024","","WHOLE-TESTS","WHOLE-TESTS",""
"","583","SYNTHESIZE-VIA-CASE-TEST.01","","Sat Nov 02 01:24:29 GMT 2024","failed","Sat Nov 02 01:24:29 GMT 2024","","EXPERIMENTS","EXPERIMENTS",""
"","4000","metta_to_amr.user","","Sat Nov 02 00:33:40 GMT 2024","passed","Sat Nov 02 00:33:44 GMT 2024","","WHOLE-TESTS","WHOLE-TESTS",""
"","1","CML-UNSHARED.08","","Sat Nov 02 01:55:28 GMT 2024","passed","Sat Nov 02 01:55:28 GMT 2024","","BASIC","BASIC",""
"","2","TYPES-PRELIM.10","","Sat Nov 02 00:48:28 GMT 2024","passed","Sat Nov 02 00:48:28 GMT 2024","","CHAINING","CHAINING",""
"","2","BC-XP.08","","Sat Nov 02 01:13:54 GMT 2024","passed","Sat Nov 02 01:13:54 GMT 2024","","BACKWARD-CHAINING","BACKWARD-CHAINING",""
"","2","SYNTHESIZE-VIA-TYPE-CHECKING.02","","Sat Nov 02 01:24:29 GMT 2024","passed","Sat Nov 02 01:24:29 GMT 2024","","EXPERIMENTS","EXPERIMENTS",""
"","3","ADD-REMOVE-MATCH-MIX-FLOAT-INTEGER.30","","Sat Nov 02 00:50:49 GMT 2024","passed","Sat Nov 02 00:50:49 GMT 2024","","SPACES","SPACES",""
"","2","ADD-REMOVE-MATCH-FLOAT.15","","Sat Nov 02 00:50:49 GMT 2024","passed","Sat Nov 02 00:50:49 GMT 2024","","SPACES","SPACES",""
"","5000","check_types-temp.soring-via-insert","","Sat Nov 02 00:33:40 GMT 2024","passed","Sat Nov 02 00:33:45 GMT 2024","","WHOLE-TESTS","WHOLE-TESTS",""
"","1","D2-HIGHERFUNC.04","","Sat Nov 02 01:09:59 GMT 2024","passed","Sat Nov 02 01:09:59 GMT 2024","","CHECK-TYPES","CHECK-TYPES",""
"","1","06-MATCH-IN-SPACE.05","","Sat Nov 02 00:35:19 GMT 2024","passed","Sat Nov 02 00:35:19 GMT 2024","","HYPERON-METTALOG-SANITY","HYPERON-METTALOG-SANITY",""
"","4000","equal.DeductionEqualTest","","Sat Nov 02 00:33:40 GMT 2024","passed","Sat Nov 02 00:33:44 GMT 2024","","WHOLE-TESTS","WHOLE-TESTS",""
"","3","CML-UNSHARED.09","","Sat Nov 02 01:55:28 GMT 2024","passed","Sat Nov 02 01:55:28 GMT 2024","","BASIC","BASIC",""
"","2","INTERSECTION-TESTS.02","","Sat Nov 02 00:35:19 GMT 2024","passed","Sat Nov 02 00:35:19 GMT 2024","","HYPERON-METTALOG-SANITY","HYPERON-METTALOG-SANITY",""
"","2","ORDEREDSETTEST.04","","Sat Nov 02 01:14:04 GMT 2024","passed","Sat Nov 02 01:14:04 GMT 2024","","COMMON","COMMON",""
"","3","PLN-STV.01","","Sat Nov 02 00:48:28 GMT 2024","passed","Sat Nov 02 00:48:28 GMT 2024","","CHAINING","CHAINING",""
"","5000","metta-morph_tests.multifunction","","Sat Nov 02 00:33:40 GMT 2024","passed","Sat Nov 02 00:33:45 GMT 2024","","WHOLE-TESTS","WHOLE-TESTS",""
"","207","SYNTHESIZE-VIA-UNIFY-TEST.05","","Sat Nov 02 01:24:29 GMT 2024","failed","Sat Nov 02 01:24:29 GMT 2024","","EXPERIMENTS","EXPERIMENTS",""
"","1","B5-TYPES-PRELIM.13","","Sat Nov 02 01:09:38 GMT 2024","passed","Sat Nov 02 01:09:38 GMT 2024","","CHECK-TYPES-TEMP","CHECK-TYPES-TEMP",""
"","2","SUBTRACTION-TEST.05","","Sat Nov 02 00:35:19 GMT 2024","passed","Sat Nov 02 00:35:19 GMT 2024","","HYPERON-METTALOG-SANITY","HYPERON-METTALOG-SANITY",""
"","3","BC-XP.03","","Sat Nov 02 01:13:54 GMT 2024","passed","Sat Nov 02 01:13:54 GMT 2024","","BACKWARD-CHAINING","BACKWARD-CHAINING",""
"","2","IFC-XP.37","","Sat Nov 02 01:19:56 GMT 2024","passed","Sat Nov 02 01:19:56 GMT 2024","","ITERATIVE-CHAINING","ITERATIVE-CHAINING",""
"","2","HYPERPOSING.08","","Sat Nov 02 01:55:28 GMT 2024","passed","Sat Nov 02 01:55:28 GMT 2024","","BASIC","BASIC",""
"","2","TESTS0.02","","Sat Nov 02 01:41:32 GMT 2024","passed","Sat Nov 02 01:41:32 GMT 2024","","PREV","PREV",""
"","16000","bigram-sentence-evaluator.bigrams","","Sat Nov 02 00:33:40 GMT 2024","passed","Sat Nov 02 00:33:56 GMT 2024","","WHOLE-TESTS","WHOLE-TESTS",""
"","2","ADD-REMOVE-MATCH-INTEGER.11","","Sat Nov 02 00:50:49 GMT 2024","passed","Sat Nov 02 00:50:49 GMT 2024","","SPACES","SPACES",""
"","3","C1-GROUNDED-BASIC.01","","Sat Nov 02 00:33:44 GMT 2024","passed","Sat Nov 02 00:33:44 GMT 2024","","HYPERON-EXPERIMENTAL-SCRIPTS","HYPERON-EXPERIMENTAL-SCRIPTS",""
"","2","IOIOIOI.05","","Sat Nov 02 01:53:12 GMT 2024","passed","Sat Nov 02 01:53:12 GMT 2024","","MULTIDIRECTIONAL","MULTIDIRECTIONAL",""
"","44","BACKWARD-CHAINER-XP.13","","Sat Nov 02 01:13:49 GMT 2024","failed","Sat Nov 02 01:13:49 GMT 2024","","BACKWARD-CHAINER","BACKWARD-CHAINER",""
"","2","F1-MODULEA.08","","Sat Nov 02 00:43:32 GMT 2024","passed","Sat Nov 02 00:43:32 GMT 2024","","QUICK","QUICK",""
"","2","TYPE-PROP.68","","Sat Nov 02 01:09:38 GMT 2024","passed","Sat Nov 02 01:09:38 GMT 2024","","CHECK-TYPES-TEMP","CHECK-TYPES-TEMP",""
"","2244","SELF-CONTAINED-SYNTHESIZE.07","","Sat Nov 02 01:24:29 GMT 2024","failed","Sat Nov 02 01:24:31 GMT 2024","","EXPERIMENTS","EXPERIMENTS",""
"","2","HYPERPOSE.10","","Sat Nov 02 00:39:10 GMT 2024","passed","Sat Nov 02 00:39:10 GMT 2024","","METTA-MORPH-TESTS","METTA-MORPH-TESTS",""
"","7000","dependent-types.ModusPonensDTLTest","","Sat Nov 02 00:33:40 GMT 2024","passed","Sat Nov 02 00:33:47 GMT 2024","","WHOLE-TESTS","WHOLE-TESTS",""
"","3","CHAPTER-2-4.13","","Sat Nov 02 00:53:06 GMT 2024","passed","Sat Nov 02 00:53:06 GMT 2024","","SICP-BOOK","SICP-BOOK",""
"","1","GADT.02","","Sat Nov 02 00:51:31 GMT 2024","passed","Sat Nov 02 00:51:31 GMT 2024","","STD","STD",""
"","3","TESTS2.01","","Sat Nov 02 00:44:01 GMT 2024","passed","Sat Nov 02 00:44:01 GMT 2024","","MAIN-BRANCH","MAIN-BRANCH",""
"","5000","quick.f1_imports","","Sat Nov 02 00:33:40 GMT 2024","passed","Sat Nov 02 00:33:45 GMT 2024","","WHOLE-TESTS","WHOLE-TESTS",""
"","3","B0-CHAINING-PRELIM.01","","Sat Nov 02 00:33:44 GMT 2024","passed","Sat Nov 02 00:33:44 GMT 2024","","HYPERON-EXPERIMENTAL-SCRIPTS","HYPERON-EXPERIMENTAL-SCRIPTS",""
"","4000","hyperon-experimental_scripts.d5_auto_types","","Sat Nov 02 00:33:40 GMT 2024","passed","Sat Nov 02 00:33:44 GMT 2024","","WHOLE-TESTS","WHOLE-TESTS",""
"","2","UNIFY-VIA-LET.04","","Sat Nov 02 01:24:29 GMT 2024","passed","Sat Nov 02 01:24:29 GMT 2024","","EXPERIMENTS","EXPERIMENTS",""
"","2","FC-XP.14","","Sat Nov 02 01:16:42 GMT 2024","passed","Sat Nov 02 01:16:42 GMT 2024","","FORWARD-CHAINING","FORWARD-CHAINING",""
"","1","DEFINE-IF-LIKE.04","","Sat Nov 02 01:45:27 GMT 2024","passed","Sat Nov 02 01:45:27 GMT 2024","","DIRECT-COMP","DIRECT-COMP",""
"","135","DEDUCTIONENTAILTEST.01","","Sat Nov 02 01:16:12 GMT 2024","failed","Sat Nov 02 01:16:12 GMT 2024","","ENTAIL","ENTAIL",""
"","2","ORDEREDSETTEST.07","","Sat Nov 02 01:14:04 GMT 2024","passed","Sat Nov 02 01:14:04 GMT 2024","","COMMON","COMMON",""
"","3","HIGHER-ORDER-FUNCS.10","","Sat Nov 02 00:51:31 GMT 2024","passed","Sat Nov 02 00:51:31 GMT 2024","","STD","STD",""
"","95","ADD-REMOVE-MATCH-SYMBOLS.14","","Sat Nov 02 00:50:49 GMT 2024","passed","Sat Nov 02 00:50:49 GMT 2024","","SPACES","SPACES",""
"","5000","metta-morph_tests.supercollapse","","Sat Nov 02 00:33:40 GMT 2024","passed","Sat Nov 02 00:33:45 GMT 2024","","WHOLE-TESTS","WHOLE-TESTS",""
"","2","B1-EQUAL-CHAIN.06","","Sat Nov 02 00:33:44 GMT 2024","passed","Sat Nov 02 00:33:44 GMT 2024","","HYPERON-EXPERIMENTAL-SCRIPTS","HYPERON-EXPERIMENTAL-SCRIPTS",""
"","4000","common.InTest","","Sat Nov 02 00:33:40 GMT 2024","passed","Sat Nov 02 00:33:44 GMT 2024","","WHOLE-TESTS","WHOLE-TESTS",""
"","2","D2-HIGHERFUNC.26","","Sat Nov 02 01:09:59 GMT 2024","passed","Sat Nov 02 01:09:59 GMT 2024","","CHECK-TYPES","CHECK-TYPES",""
"","2","B1-EQUAL-CHAIN.03","","Sat Nov 02 00:33:44 GMT 2024","passed","Sat Nov 02 00:33:44 GMT 2024","","HYPERON-EXPERIMENTAL-SCRIPTS","HYPERON-EXPERIMENTAL-SCRIPTS",""
"","2","ADD-REMOVE-MATCH-MIX-FLOAT-INTEGER.15","","Sat Nov 02 00:50:49 GMT 2024","passed","Sat Nov 02 00:50:49 GMT 2024","","SPACES","SPACES",""
"","3","STATE-TYPES.21","","Sat Nov 02 01:55:28 GMT 2024","passed","Sat Nov 02 01:55:28 GMT 2024","","BASIC","BASIC",""
"","2","BC-XP.05","","Sat Nov 02 01:13:54 GMT 2024","passed","Sat Nov 02 01:13:54 GMT 2024","","BACKWARD-CHAINING","BACKWARD-CHAINING",""
"","27","CHAPTER-1-3.01","","Sat Nov 02 00:53:06 GMT 2024","passed","Sat Nov 02 00:53:06 GMT 2024","","SICP-BOOK","SICP-BOOK",""
"","2","ADD-REMOVE-MATCH-INTEGER.09","","Sat Nov 02 00:50:49 GMT 2024","passed","Sat Nov 02 00:50:49 GMT 2024","","SPACES","SPACES",""
"","12","STDLIB-METTALOG-TEST-PT2.05","","Sat Nov 02 00:52:56 GMT 2024","failed","Sat Nov 02 00:52:56 GMT 2024","","STDLIB-METTALOG","STDLIB-METTALOG",""
"","2","C2-SPACES.05","","Sat Nov 02 00:33:44 GMT 2024","passed","Sat Nov 02 00:33:44 GMT 2024","","HYPERON-EXPERIMENTAL-SCRIPTS","HYPERON-EXPERIMENTAL-SCRIPTS",""
"","2","BC-XP.20","","Sat Nov 02 01:13:54 GMT 2024","passed","Sat Nov 02 01:13:54 GMT 2024","","BACKWARD-CHAINING","BACKWARD-CHAINING",""
"","1","D4-TYPE-PROP.05","","Sat Nov 02 00:43:32 GMT 2024","passed","Sat Nov 02 00:43:32 GMT 2024","","QUICK","QUICK",""
"","2","ADD-ATOM-NAIVE-FIB.01","","Sat Nov 02 02:01:49 GMT 2024","passed","Sat Nov 02 02:01:49 GMT 2024","","COMPARISONS","COMPARISONS",""
"","62","STDLIB-METTALOG-TEST-PT2.12","","Sat Nov 02 00:52:56 GMT 2024","failed","Sat Nov 02 00:52:56 GMT 2024","","STDLIB-METTALOG","STDLIB-METTALOG",""
"","2","ADD-REMOVE-MATCH-FLOAT.12","","Sat Nov 02 00:50:49 GMT 2024","passed","Sat Nov 02 00:50:49 GMT 2024","","SPACES","SPACES",""
"","2","C1-GROUNDED-BASIC.02","","Sat Nov 02 00:33:44 GMT 2024","passed","Sat Nov 02 00:33:44 GMT 2024","","HYPERON-EXPERIMENTAL-SCRIPTS","HYPERON-EXPERIMENTAL-SCRIPTS",""
"","2","BACKWARD-CHAINER-XP.36","","Sat Nov 02 01:13:49 GMT 2024","passed","Sat Nov 02 01:13:49 GMT 2024","","BACKWARD-CHAINER","BACKWARD-CHAINER",""
"","4","FORWARD-CHAINER-XP.29","","Sat Nov 02 01:16:32 GMT 2024","passed","Sat Nov 02 01:16:32 GMT 2024","","FORWARD-CHAINER","FORWARD-CHAINER",""
"","3","FORWARD-CHAINER-TEST.14","","Sat Nov 02 01:16:32 GMT 2024","passed","Sat Nov 02 01:16:32 GMT 2024","","FORWARD-CHAINER","FORWARD-CHAINER",""
"","2","SUPERCOLLAPSE.02","","Sat Nov 02 00:39:10 GMT 2024","passed","Sat Nov 02 00:39:10 GMT 2024","","METTA-MORPH-TESTS","METTA-MORPH-TESTS",""
"","1","TESTS2.02","","Sat Nov 02 00:44:01 GMT 2024","passed","Sat Nov 02 00:44:01 GMT 2024","","MAIN-BRANCH","MAIN-BRANCH",""
"","2","TESTS3.03","","Sat Nov 02 00:44:01 GMT 2024","passed","Sat Nov 02 00:44:01 GMT 2024","","MAIN-BRANCH","MAIN-BRANCH",""
"","4000","metta-morph_tests.superpose_nested","","Sat Nov 02 00:33:40 GMT 2024","passed","Sat Nov 02 00:33:44 GMT 2024","","WHOLE-TESTS","WHOLE-TESTS",""
"","1","FC-XP.17","","Sat Nov 02 01:16:42 GMT 2024","passed","Sat Nov 02 01:16:42 GMT 2024","","FORWARD-CHAINING","FORWARD-CHAINING",""
"","4000","check_types.d2_higherfunc","","Sat Nov 02 00:33:40 GMT 2024","passed","Sat Nov 02 00:33:44 GMT 2024","","WHOLE-TESTS","WHOLE-TESTS",""
"","2","ADD-REMOVE-MATCH-S-STRINGS.11","","Sat Nov 02 00:50:49 GMT 2024","passed","Sat Nov 02 00:50:49 GMT 2024","","SPACES","SPACES",""
"","9755","CLASSICAL.01","","Sat Nov 02 00:59:59 GMT 2024","passed","Sat Nov 02 01:00:08 GMT 2024","","FIZZBUZZ","FIZZBUZZ",""
"","105","UNWEIGHTED-PLLM.06","","Sat Nov 02 02:07:59 GMT 2024","failed","Sat Nov 02 02:07:59 GMT 2024","","LANGUAGE-MODELS","LANGUAGE-MODELS",""
"","2","ADD-REMOVE-MATCH-STRINGS.05","","Sat Nov 02 00:50:49 GMT 2024","passed","Sat Nov 02 00:50:49 GMT 2024","","SPACES","SPACES",""
"","5000","common.MaybeTest","","Sat Nov 02 00:33:40 GMT 2024","passed","Sat Nov 02 00:33:45 GMT 2024","","WHOLE-TESTS","WHOLE-TESTS",""
"","2","00-LANG-CASE.14","","Sat Nov 02 00:35:19 GMT 2024","passed","Sat Nov 02 00:35:19 GMT 2024","","HYPERON-METTALOG-SANITY","HYPERON-METTALOG-SANITY",""
"","282","TESTS0.06","","Sat Nov 02 01:33:44 GMT 2024","failed","Sat Nov 02 01:33:44 GMT 2024","","NARS-V0","NARS-V0",""
"","3","GENE-PLN-XP.02","","Sat Nov 02 01:09:25 GMT 2024","passed","Sat Nov 02 01:09:25 GMT 2024","","PLN","PLN",""
"","52","STDLIB-METTALOG-TEST-PT2.15","","Sat Nov 02 00:52:56 GMT 2024","failed","Sat Nov 02 00:52:56 GMT 2024","","STDLIB-METTALOG","STDLIB-METTALOG",""
"","26000","language_models.pllm_penntree","","Sat Nov 02 00:33:40 GMT 2024","passed","Sat Nov 02 00:34:06 GMT 2024","","WHOLE-TESTS","WHOLE-TESTS",""
"","5000","match.ImplicationDirectIntroductionMatchTest","","Sat Nov 02 00:33:40 GMT 2024","passed","Sat Nov 02 00:33:45 GMT 2024","","WHOLE-TESTS","WHOLE-TESTS",""
"","2","C1-GROUNDED-BASIC.12","","Sat Nov 02 00:43:32 GMT 2024","passed","Sat Nov 02 00:43:32 GMT 2024","","QUICK","QUICK",""
"","2","TYPE-PROP.29","","Sat Nov 02 01:09:38 GMT 2024","passed","Sat Nov 02 01:09:38 GMT 2024","","CHECK-TYPES-TEMP","CHECK-TYPES-TEMP",""
"","2","BC-XP.13","","Sat Nov 02 01:13:54 GMT 2024","passed","Sat Nov 02 01:13:54 GMT 2024","","BACKWARD-CHAINING","BACKWARD-CHAINING",""
"","3","B5-TYPES-PRELIM.25","","Sat Nov 02 00:33:44 GMT 2024","passed","Sat Nov 02 00:33:44 GMT 2024","","HYPERON-EXPERIMENTAL-SCRIPTS","HYPERON-EXPERIMENTAL-SCRIPTS",""
"","45","IFC-XP.13","","Sat Nov 02 01:19:56 GMT 2024","failed","Sat Nov 02 01:19:56 GMT 2024","","ITERATIVE-CHAINING","ITERATIVE-CHAINING",""
"","2","SPACE-INTERSECTION-TESTS.20","","Sat Nov 02 00:35:19 GMT 2024","passed","Sat Nov 02 00:35:19 GMT 2024","","HYPERON-METTALOG-SANITY","HYPERON-METTALOG-SANITY",""
"","81","PREREQS.08","","Sat Nov 02 00:44:01 GMT 2024","failed","Sat Nov 02 00:44:01 GMT 2024","","MAIN-BRANCH","MAIN-BRANCH",""
"","6","CHAPTER-1-3.03","","Sat Nov 02 00:53:06 GMT 2024","passed","Sat Nov 02 00:53:06 GMT 2024","","SICP-BOOK","SICP-BOOK",""
"","8000","ai-service.ai-service-composition-easy","","Sat Nov 02 00:33:40 GMT 2024","passed","Sat Nov 02 00:33:48 GMT 2024","","WHOLE-TESTS","WHOLE-TESTS",""
"","2","AI-SERVICE-COMPOSITION-SANITY.05","","Sat Nov 02 01:07:06 GMT 2024","passed","Sat Nov 02 01:07:06 GMT 2024","","AI-SERVICE","AI-SERVICE",""
"","237","INF-CTL-MONTH-BC-CONT-XP.19","","Sat Nov 02 01:17:56 GMT 2024","failed","Sat Nov 02 01:17:56 GMT 2024","","INFERENCE-CONTROL","INFERENCE-CONTROL",""
"","52","TYPES-PRELIM.11","","Sat Nov 02 00:48:28 GMT 2024","failed","Sat Nov 02 00:48:28 GMT 2024","","CHAINING","CHAINING",""
"","6","JOHN-CARRY-FLOWER-TEST.04","","Sat Nov 02 01:23:24 GMT 2024","passed","Sat Nov 02 01:23:24 GMT 2024","","JOHN-CARRY-FLOWER","JOHN-CARRY-FLOWER",""
"","5000","basic.hyperposing","","Sat Nov 02 00:33:40 GMT 2024","passed","Sat Nov 02 00:33:45 GMT 2024","","WHOLE-TESTS","WHOLE-TESTS",""
"","14","D1-GADT.13","","Sat Nov 02 00:43:32 GMT 2024","passed","Sat Nov 02 00:43:32 GMT 2024","","QUICK","QUICK",""
"","43","IMPLICATIONDIRECTINTRODUCTIONDTLTEST.04","","Sat Nov 02 01:12:41 GMT 2024","failed","Sat Nov 02 01:12:41 GMT 2024","","DEPENDENT-TYPES","DEPENDENT-TYPES",""
"","15","F1-IMPORTS.04","","Sat Nov 02 00:33:35 GMT 2024","failed","Sat Nov 02 00:33:35 GMT 2024","","MODULE-SYSTEM","MODULE-SYSTEM",""
"","2","C1-GROUNDED-BASIC.21","","Sat Nov 02 00:43:32 GMT 2024","passed","Sat Nov 02 00:43:32 GMT 2024","","QUICK","QUICK",""
"","2","XOR-TEST.01","","Sat Nov 02 00:35:19 GMT 2024","passed","Sat Nov 02 00:35:19 GMT 2024","","HYPERON-METTALOG-SANITY","HYPERON-METTALOG-SANITY",""
"","2","TYPE-PROP.06","","Sat Nov 02 00:48:28 GMT 2024","passed","Sat Nov 02 00:48:28 GMT 2024","","CHAINING","CHAINING",""
"","2","F1-MODULEA.01","","Sat Nov 02 00:43:32 GMT 2024","passed","Sat Nov 02 00:43:32 GMT 2024","","QUICK","QUICK",""
"","3","IF.01","","Sat Nov 02 00:39:10 GMT 2024","passed","Sat Nov 02 00:39:10 GMT 2024","","METTA-MORPH-TESTS","METTA-MORPH-TESTS",""
"","2","F1-IMPORTS.11","","Sat Nov 02 00:43:32 GMT 2024","passed","Sat Nov 02 00:43:32 GMT 2024","","QUICK","QUICK",""
"","2","C1-GROUNDED-BASIC.17","","Sat Nov 02 00:43:32 GMT 2024","passed","Sat Nov 02 00:43:32 GMT 2024","","QUICK","QUICK",""
"","2","HYPERPOSING-SHARED.02","","Sat Nov 02 01:55:28 GMT 2024","passed","Sat Nov 02 01:55:28 GMT 2024","","BASIC","BASIC",""
"","8","C3-PLN-STV.04","","Sat Nov 02 00:33:44 GMT 2024","passed","Sat Nov 02 00:33:44 GMT 2024","","HYPERON-EXPERIMENTAL-SCRIPTS","HYPERON-EXPERIMENTAL-SCRIPTS",""
"","2","INTERSECTION-TESTS.12","","Sat Nov 02 00:35:19 GMT 2024","passed","Sat Nov 02 00:35:19 GMT 2024","","HYPERON-METTALOG-SANITY","HYPERON-METTALOG-SANITY",""
"","5000","common.EqualityTypeTest","","Sat Nov 02 00:33:40 GMT 2024","passed","Sat Nov 02 00:33:45 GMT 2024","","WHOLE-TESTS","WHOLE-TESTS",""
"","194","IFC-XP.24","","Sat Nov 02 01:19:56 GMT 2024","failed","Sat Nov 02 01:19:56 GMT 2024","","ITERATIVE-CHAINING","ITERATIVE-CHAINING",""
"","2","LISTTEST.18","","Sat Nov 02 01:14:04 GMT 2024","passed","Sat Nov 02 01:14:04 GMT 2024","","COMMON","COMMON",""
"","2","CHAPTER-2-4.06","","Sat Nov 02 00:53:06 GMT 2024","passed","Sat Nov 02 00:53:06 GMT 2024","","SICP-BOOK","SICP-BOOK",""
"","2","B5-TYPES-PRELIM.19","","Sat Nov 02 01:09:38 GMT 2024","passed","Sat Nov 02 01:09:38 GMT 2024","","CHECK-TYPES-TEMP","CHECK-TYPES-TEMP",""
"","55","CHAPTER-2-4.09","","Sat Nov 02 00:53:06 GMT 2024","failed","Sat Nov 02 00:53:06 GMT 2024","","SICP-BOOK","SICP-BOOK",""
"","4000","containers_are_spaces.05_match_superpose_element_like_space","","Sat Nov 02 00:33:40 GMT 2024","passed","Sat Nov 02 00:33:44 GMT 2024","","WHOLE-TESTS","WHOLE-TESTS",""
"","2","ADD-REMOVE-MATCH-MIX-FLOAT-INTEGER.10","","Sat Nov 02 00:50:49 GMT 2024","passed","Sat Nov 02 00:50:49 GMT 2024","","SPACES","SPACES",""
"","2","TYPE-PROP.14","","Sat Nov 02 01:09:38 GMT 2024","passed","Sat Nov 02 01:09:38 GMT 2024","","CHECK-TYPES-TEMP","CHECK-TYPES-TEMP",""
"","3","IDENTITY.01","","Sat Nov 02 01:46:29 GMT 2024","passed","Sat Nov 02 01:46:29 GMT 2024","","TRANSPILER","TRANSPILER",""
"","2","HYPERPOSE.04","","Sat Nov 02 00:39:10 GMT 2024","passed","Sat Nov 02 00:39:10 GMT 2024","","METTA-MORPH-TESTS","METTA-MORPH-TESTS",""
"","2","PREREQS.02","","Sat Nov 02 00:44:01 GMT 2024","passed","Sat Nov 02 00:44:01 GMT 2024","","MAIN-BRANCH","MAIN-BRANCH",""
"","7000","match.DeductionImplicationDirectIntroductionMatchTest","","Sat Nov 02 00:33:40 GMT 2024","passed","Sat Nov 02 00:33:47 GMT 2024","","WHOLE-TESTS","WHOLE-TESTS",""
"","127","STDLIB-METTALOG-TEST-PT2.60","","Sat Nov 02 00:52:56 GMT 2024","failed","Sat Nov 02 00:52:56 GMT 2024","","STDLIB-METTALOG","STDLIB-METTALOG",""
"","75","TYPE-PROP.53","","Sat Nov 02 01:09:38 GMT 2024","failed","Sat Nov 02 01:09:38 GMT 2024","","CHECK-TYPES-TEMP","CHECK-TYPES-TEMP",""
"","2","HIGHER-ORDER-FUNCS.03","","Sat Nov 02 00:51:31 GMT 2024","passed","Sat Nov 02 00:51:31 GMT 2024","","STD","STD",""
"","2","TYPES.01","","Sat Nov 02 00:39:10 GMT 2024","passed","Sat Nov 02 00:39:10 GMT 2024","","METTA-MORPH-TESTS","METTA-MORPH-TESTS",""
"","5000","quick.d1_gadt","","Sat Nov 02 00:33:40 GMT 2024","passed","Sat Nov 02 00:33:45 GMT 2024","","WHOLE-TESTS","WHOLE-TESTS",""
"","50","DEDUCTIONIMPLICATIONDIRECTINTRODUCTIONDTLTEST.03","","Sat Nov 02 01:12:41 GMT 2024","failed","Sat Nov 02 01:12:41 GMT 2024","","DEPENDENT-TYPES","DEPENDENT-TYPES",""
"","2","XOR-TEST.05","","Sat Nov 02 00:35:19 GMT 2024","passed","Sat Nov 02 00:35:19 GMT 2024","","HYPERON-METTALOG-SANITY","HYPERON-METTALOG-SANITY",""
"","331","SYNTHESIZE-VIA-LET-TEST.07","","Sat Nov 02 01:24:29 GMT 2024","failed","Sat Nov 02 01:24:29 GMT 2024","","EXPERIMENTS","EXPERIMENTS",""
"","3","ADD-REMOVE-MATCH-INTEGER.19","","Sat Nov 02 00:50:49 GMT 2024","passed","Sat Nov 02 00:50:49 GMT 2024","","SPACES","SPACES",""
"","4000","pln.gene-pln-xp","","Sat Nov 02 00:33:40 GMT 2024","passed","Sat Nov 02 00:33:44 GMT 2024","","WHOLE-TESTS","WHOLE-TESTS",""
"","80","E2-STATES.07","","Sat Nov 02 00:33:44 GMT 2024","failed","Sat Nov 02 00:33:44 GMT 2024","","HYPERON-EXPERIMENTAL-SCRIPTS","HYPERON-EXPERIMENTAL-SCRIPTS",""
"","6","IMPL-METTALOGTESTCURRIED.05","","Sat Nov 02 01:46:54 GMT 2024","passed","Sat Nov 02 01:46:54 GMT 2024","","WALK-THRU","WALK-THRU",""
"","1","STATES-SPACES.02","","Sat Nov 02 00:39:10 GMT 2024","passed","Sat Nov 02 00:39:10 GMT 2024","","METTA-MORPH-TESTS","METTA-MORPH-TESTS",""
"","484","PROB-DEP-TYPES.09","","Sat Nov 02 01:01:42 GMT 2024","failed","Sat Nov 02 01:01:42 GMT 2024","","PROB-DEP-TYPES","PROB-DEP-TYPES",""
"","2","STRING-TESTS.08","","Sat Nov 02 00:35:19 GMT 2024","passed","Sat Nov 02 00:35:19 GMT 2024","","HYPERON-METTALOG-SANITY","HYPERON-METTALOG-SANITY",""
"","3","FORWARD-CHAINER-XP.03","","Sat Nov 02 01:16:32 GMT 2024","passed","Sat Nov 02 01:16:32 GMT 2024","","FORWARD-CHAINER","FORWARD-CHAINER",""
"","66","REVERSE-ARITHMETIC.01","","Sat Nov 02 01:49:56 GMT 2024","failed","Sat Nov 02 01:49:56 GMT 2024","","BIDIRECTIONAL-COMPUTATION","BIDIRECTIONAL-COMPUTATION",""
"","2","D2-HIGHERFUNC.10","","Sat Nov 02 00:43:32 GMT 2024","passed","Sat Nov 02 00:43:32 GMT 2024","","QUICK","QUICK",""
"","21","INF-CTL-XP.12","","Sat Nov 02 01:17:56 GMT 2024","failed","Sat Nov 02 01:17:56 GMT 2024","","INFERENCE-CONTROL","INFERENCE-CONTROL",""
"","5000","ai-service.ai-service-composition-sanity","","Sat Nov 02 00:33:40 GMT 2024","passed","Sat Nov 02 00:33:45 GMT 2024","","WHOLE-TESTS","WHOLE-TESTS",""
"","1","D4-TYPE-PROP.06","","Sat Nov 02 00:33:44 GMT 2024","passed","Sat Nov 02 00:33:44 GMT 2024","","HYPERON-EXPERIMENTAL-SCRIPTS","HYPERON-EXPERIMENTAL-SCRIPTS",""
"","89","NATTEST.02","","Sat Nov 02 01:16:47 GMT 2024","failed","Sat Nov 02 01:16:47 GMT 2024","","HOL","HOL",""
"","104","SPACE-INTERSECTION-TESTS.10","","Sat Nov 02 00:35:19 GMT 2024","failed","Sat Nov 02 00:35:19 GMT 2024","","HYPERON-METTALOG-SANITY","HYPERON-METTALOG-SANITY",""
"","41","OR-TEST.02","","Sat Nov 02 00:35:19 GMT 2024","failed","Sat Nov 02 00:35:19 GMT 2024","","HYPERON-METTALOG-SANITY","HYPERON-METTALOG-SANITY",""
"","3","01-LANG-INC.01","","Sat Nov 02 00:35:19 GMT 2024","passed","Sat Nov 02 00:35:19 GMT 2024","","HYPERON-METTALOG-SANITY","HYPERON-METTALOG-SANITY",""
"","144","SHOW-TYPE.02","","Sat Nov 02 00:50:33 GMT 2024","failed","Sat Nov 02 00:50:33 GMT 2024","","INTROSPECT","INTROSPECT",""
"","1","D1-GADT.08","","Sat Nov 02 01:09:59 GMT 2024","passed","Sat Nov 02 01:09:59 GMT 2024","","CHECK-TYPES","CHECK-TYPES",""
"","2","STDLIB-METTALOG-TEST-PT2.27","","Sat Nov 02 00:52:56 GMT 2024","passed","Sat Nov 02 00:52:56 GMT 2024","","STDLIB-METTALOG","STDLIB-METTALOG",""
"","147","NALIFIER-PREV.01","","Sat Nov 02 00:44:01 GMT 2024","passed","Sat Nov 02 00:44:01 GMT 2024","","MAIN-BRANCH","MAIN-BRANCH",""
"","2","ADD-REMOVE-MATCH-SS-SYMBOLS.10","","Sat Nov 02 00:50:49 GMT 2024","passed","Sat Nov 02 00:50:49 GMT 2024","","SPACES","SPACES",""
"","3","BACKWARD-CHAINER-XP.42","","Sat Nov 02 01:13:49 GMT 2024","passed","Sat Nov 02 01:13:49 GMT 2024","","BACKWARD-CHAINER","BACKWARD-CHAINER",""
"","92","ADD-REMOVE-MATCH-INTEGER.14","","Sat Nov 02 00:50:49 GMT 2024","passed","Sat Nov 02 00:50:49 GMT 2024","","SPACES","SPACES",""
"","2","FORWARD-CHAINER-TEST.15","","Sat Nov 02 01:16:32 GMT 2024","passed","Sat Nov 02 01:16:32 GMT 2024","","FORWARD-CHAINER","FORWARD-CHAINER",""
"","2","NATPARITYTEST.10","","Sat Nov 02 01:16:47 GMT 2024","passed","Sat Nov 02 01:16:47 GMT 2024","","HOL","HOL",""
"","140","SHOW-TYPE.07","","Sat Nov 02 00:50:33 GMT 2024","failed","Sat Nov 02 00:50:33 GMT 2024","","INTROSPECT","INTROSPECT",""
"","1","TMPMATCH1.03","","Sat Nov 02 00:41:19 GMT 2024","passed","Sat Nov 02 00:41:19 GMT 2024","","ANTI-REGRESSION","ANTI-REGRESSION",""
"","74","B5-TYPES-PRELIM.24","","Sat Nov 02 01:09:38 GMT 2024","failed","Sat Nov 02 01:09:38 GMT 2024","","CHECK-TYPES-TEMP","CHECK-TYPES-TEMP",""
"","5000","chaining.backward_chain","","Sat Nov 02 00:33:40 GMT 2024","passed","Sat Nov 02 00:33:45 GMT 2024","","WHOLE-TESTS","WHOLE-TESTS",""
"","2","BC-XP.01","","Sat Nov 02 00:48:28 GMT 2024","passed","Sat Nov 02 00:48:28 GMT 2024","","CHAINING","CHAINING",""
"","88","PROB-DEP-TYPES.03","","Sat Nov 02 01:01:42 GMT 2024","passed","Sat Nov 02 01:01:42 GMT 2024","","PROB-DEP-TYPES","PROB-DEP-TYPES",""
"","1","ADD-REMOVE-MATCH-S-SYMBOLS.05","","Sat Nov 02 00:50:49 GMT 2024","passed","Sat Nov 02 00:50:49 GMT 2024","","SPACES","SPACES",""
"","2","ADD-REMOVE-MATCH-S-STRINGS.09","","Sat Nov 02 00:50:49 GMT 2024","passed","Sat Nov 02 00:50:49 GMT 2024","","SPACES","SPACES",""
"","5000","metta-morph_tests.zeroargs","","Sat Nov 02 00:33:40 GMT 2024","passed","Sat Nov 02 00:33:45 GMT 2024","","WHOLE-TESTS","WHOLE-TESTS",""
"","2","BC-XP.02","","Sat Nov 02 00:48:28 GMT 2024","passed","Sat Nov 02 00:48:28 GMT 2024","","CHAINING","CHAINING",""
"","40000","basic.fwgc1","","Sat Nov 02 00:33:40 GMT 2024","failed","Sat Nov 02 00:34:20 GMT 2024","","WHOLE-TESTS","WHOLE-TESTS",""
"","853","BC-IMPL.01","","Sat Nov 02 01:46:54 GMT 2024","passed","Sat Nov 02 01:46:54 GMT 2024","","WALK-THRU","WALK-THRU",""
"","3","B4-NONDETERM.07","","Sat Nov 02 00:33:44 GMT 2024","passed","Sat Nov 02 00:33:44 GMT 2024","","HYPERON-EXPERIMENTAL-SCRIPTS","HYPERON-EXPERIMENTAL-SCRIPTS",""
"","2","D1-GADT.07","","Sat Nov 02 01:09:59 GMT 2024","passed","Sat Nov 02 01:09:59 GMT 2024","","CHECK-TYPES","CHECK-TYPES",""
"","2","TYPES2.01","","Sat Nov 02 00:39:10 GMT 2024","passed","Sat Nov 02 00:39:10 GMT 2024","","METTA-MORPH-TESTS","METTA-MORPH-TESTS",""
"","56","C1-GROUNDED-BASIC.15","","Sat Nov 02 00:33:44 GMT 2024","failed","Sat Nov 02 00:33:44 GMT 2024","","HYPERON-EXPERIMENTAL-SCRIPTS","HYPERON-EXPERIMENTAL-SCRIPTS",""
"","39000","walk_thru.mettalogTestCurried","","Sat Nov 02 00:33:40 GMT 2024","passed","Sat Nov 02 00:34:19 GMT 2024","","WHOLE-TESTS","WHOLE-TESTS",""
"","3","F1-MODULEA.03","","Sat Nov 02 00:33:35 GMT 2024","passed","Sat Nov 02 00:33:35 GMT 2024","","MODULE-SYSTEM","MODULE-SYSTEM",""
"","2","03-SORING-VIA-INSERT.05","","Sat Nov 02 00:35:19 GMT 2024","passed","Sat Nov 02 00:35:19 GMT 2024","","HYPERON-METTALOG-SANITY","HYPERON-METTALOG-SANITY",""
"","2","CHAPTER-1-1.04","","Sat Nov 02 00:53:06 GMT 2024","passed","Sat Nov 02 00:53:06 GMT 2024","","SICP-BOOK","SICP-BOOK",""
"","2","B4-NONDETERM.05","","Sat Nov 02 00:33:44 GMT 2024","passed","Sat Nov 02 00:33:44 GMT 2024","","HYPERON-EXPERIMENTAL-SCRIPTS","HYPERON-EXPERIMENTAL-SCRIPTS",""
"","1","06-MATCH-IN-SPACE.04","","Sat Nov 02 00:35:19 GMT 2024","passed","Sat Nov 02 00:35:19 GMT 2024","","HYPERON-METTALOG-SANITY","HYPERON-METTALOG-SANITY",""
"","3","STATE-TYPES.03","","Sat Nov 02 01:55:28 GMT 2024","passed","Sat Nov 02 01:55:28 GMT 2024","","BASIC","BASIC",""
"","272","SELF-CONTAINED-SYNTHESIZE.11","","Sat Nov 02 01:24:29 GMT 2024","failed","Sat Nov 02 01:24:29 GMT 2024","","EXPERIMENTS","EXPERIMENTS",""
"","2","SPACE-SUBTRACTION-TESTS.06","","Sat Nov 02 00:35:19 GMT 2024","passed","Sat Nov 02 00:35:19 GMT 2024","","HYPERON-METTALOG-SANITY","HYPERON-METTALOG-SANITY",""
"","2","F1-IMPORTS.01","","Sat Nov 02 00:33:35 GMT 2024","passed","Sat Nov 02 00:33:35 GMT 2024","","MODULE-SYSTEM","MODULE-SYSTEM",""
"","3","F1-IMPORTS.14","","Sat Nov 02 00:43:32 GMT 2024","passed","Sat Nov 02 00:43:32 GMT 2024","","QUICK","QUICK",""
"","142","FC-XP.20","","Sat Nov 02 01:16:42 GMT 2024","passed","Sat Nov 02 01:16:42 GMT 2024","","FORWARD-CHAINING","FORWARD-CHAINING",""
"","1","ALL-ANY.02","","Sat Nov 02 01:01:03 GMT 2024","passed","Sat Nov 02 01:01:03 GMT 2024","","LOGIC","LOGIC",""
"","3","A2-OPENCOGGY.01","","Sat Nov 02 00:33:44 GMT 2024","passed","Sat Nov 02 00:33:44 GMT 2024","","HYPERON-EXPERIMENTAL-SCRIPTS","HYPERON-EXPERIMENTAL-SCRIPTS",""
"","52","INF-CTL-MONTH-BC-CONT-XP.21","","Sat Nov 02 01:17:56 GMT 2024","failed","Sat Nov 02 01:17:56 GMT 2024","","INFERENCE-CONTROL","INFERENCE-CONTROL",""
"","3","TESTS0.04","","Sat Nov 02 01:41:32 GMT 2024","passed","Sat Nov 02 01:41:32 GMT 2024","","PREV","PREV",""
"","3","BCHAIN.04","","Sat Nov 02 00:41:19 GMT 2024","passed","Sat Nov 02 00:41:19 GMT 2024","","ANTI-REGRESSION","ANTI-REGRESSION",""
"","2","LISTTEST.02","","Sat Nov 02 01:14:04 GMT 2024","passed","Sat Nov 02 01:14:04 GMT 2024","","COMMON","COMMON",""
"","5000","distributed-processing.use-two-servers","","Sat Nov 02 00:33:40 GMT 2024","passed","Sat Nov 02 00:33:45 GMT 2024","","WHOLE-TESTS","WHOLE-TESTS",""
"","45","FORWARD-CHAINER-TEST.13","","Sat Nov 02 01:16:32 GMT 2024","failed","Sat Nov 02 01:16:32 GMT 2024","","FORWARD-CHAINER","FORWARD-CHAINER",""
"","3","LET-SUPERPOSE-IF-CASE.01","","Sat Nov 02 01:46:29 GMT 2024","passed","Sat Nov 02 01:46:29 GMT 2024","","TRANSPILER","TRANSPILER",""
"","2","D4-TYPE-PROP.14","","Sat Nov 02 01:09:59 GMT 2024","passed","Sat Nov 02 01:09:59 GMT 2024","","CHECK-TYPES","CHECK-TYPES",""
"","11","JOHN-CARRY-FLOWER-TEST.01","","Sat Nov 02 01:23:24 GMT 2024","passed","Sat Nov 02 01:23:24 GMT 2024","","JOHN-CARRY-FLOWER","JOHN-CARRY-FLOWER",""
"","51","APPEND-USING-EQUALITY.02","","Sat Nov 02 01:53:12 GMT 2024","failed","Sat Nov 02 01:53:12 GMT 2024","","MULTIDIRECTIONAL","MULTIDIRECTIONAL",""
"","2","BC-COMP.01","","Sat Nov 02 01:46:54 GMT 2024","passed","Sat Nov 02 01:46:54 GMT 2024","","WALK-THRU","WALK-THRU",""
"","1","IBC-XP.08","","Sat Nov 02 01:19:56 GMT 2024","passed","Sat Nov 02 01:19:56 GMT 2024","","ITERATIVE-CHAINING","ITERATIVE-CHAINING",""
"","3","BCHAIN-COMP.01","","Sat Nov 02 00:41:19 GMT 2024","passed","Sat Nov 02 00:41:19 GMT 2024","","ANTI-REGRESSION","ANTI-REGRESSION",""
"","2","D4-TYPE-PROP.01","","Sat Nov 02 01:09:59 GMT 2024","passed","Sat Nov 02 01:09:59 GMT 2024","","CHECK-TYPES","CHECK-TYPES",""
"","401","MODUSPONENSDTLTEST.03","","Sat Nov 02 01:12:41 GMT 2024","failed","Sat Nov 02 01:12:41 GMT 2024","","DEPENDENT-TYPES","DEPENDENT-TYPES",""
"","3","STATE-TYPES.20","","Sat Nov 02 01:55:28 GMT 2024","passed","Sat Nov 02 01:55:28 GMT 2024","","BASIC","BASIC",""
"","21","ORDEREDSETTEST.11","","Sat Nov 02 01:14:04 GMT 2024","passed","Sat Nov 02 01:14:04 GMT 2024","","COMMON","COMMON",""
"","2","TYPE-PROP.08","","Sat Nov 02 00:48:28 GMT 2024","passed","Sat Nov 02 00:48:28 GMT 2024","","CHAINING","CHAINING",""
"","3","INTERSECTION-TESTS.01","","Sat Nov 02 00:35:19 GMT 2024","passed","Sat Nov 02 00:35:19 GMT 2024","","HYPERON-METTALOG-SANITY","HYPERON-METTALOG-SANITY",""
"","6","INF-CTL-XP.03","","Sat Nov 02 01:17:56 GMT 2024","passed","Sat Nov 02 01:17:56 GMT 2024","","INFERENCE-CONTROL","INFERENCE-CONTROL",""
"","1","ADD-REMOVE-MATCH-STRINGS.04","","Sat Nov 02 00:50:49 GMT 2024","passed","Sat Nov 02 00:50:49 GMT 2024","","SPACES","SPACES",""
"","105","BASE-TEST-REPR-PARSE-INTERSECTION.01","","Sat Nov 02 00:35:19 GMT 2024","passed","Sat Nov 02 00:35:19 GMT 2024","","HYPERON-METTALOG-SANITY","HYPERON-METTALOG-SANITY",""
"","40000","dependent-types.DeductionImplicationDirectIntroductionDTLTest","","Sat Nov 02 00:33:40 GMT 2024","failed","Sat Nov 02 00:34:20 GMT 2024","","WHOLE-TESTS","WHOLE-TESTS",""
"","2","HYPERPOSING.09","","Sat Nov 02 01:55:28 GMT 2024","passed","Sat Nov 02 01:55:28 GMT 2024","","BASIC","BASIC",""
"","6","UTILS-TEST.03","","Sat Nov 02 01:13:44 GMT 2024","passed","Sat Nov 02 01:13:44 GMT 2024","","UTILS","UTILS",""
"","2","F1-MODULEA.01","","Sat Nov 02 00:33:35 GMT 2024","passed","Sat Nov 02 00:33:35 GMT 2024","","MODULE-SYSTEM","MODULE-SYSTEM",""
"","144","SHOW-TYPE.10","","Sat Nov 02 00:50:33 GMT 2024","failed","Sat Nov 02 00:50:33 GMT 2024","","INTROSPECT","INTROSPECT",""
"","4000","experiments.synthesize-via-type-checking","","Sat Nov 02 00:33:40 GMT 2024","passed","Sat Nov 02 00:33:44 GMT 2024","","WHOLE-TESTS","WHOLE-TESTS",""
"","3","CHAPTER-2-4.03","","Sat Nov 02 00:53:06 GMT 2024","passed","Sat Nov 02 00:53:06 GMT 2024","","SICP-BOOK","SICP-BOOK",""
"","46000","nars_v0.tests1","","Sat Nov 02 00:33:40 GMT 2024","failed","Sat Nov 02 00:34:26 GMT 2024","","WHOLE-TESTS","WHOLE-TESTS",""
"","2","F1-IMPORTS.11","","Sat Nov 02 00:33:35 GMT 2024","passed","Sat Nov 02 00:33:35 GMT 2024","","MODULE-SYSTEM","MODULE-SYSTEM",""
"","6","HYPERON-EXPERIMENTAL-ISSUE-516.01","","Sat Nov 02 01:50:12 GMT 2024","passed","Sat Nov 02 01:50:12 GMT 2024","","DEBUGGING","DEBUGGING",""
"","3","LOCATED-TEST.01","","Sat Nov 02 01:23:33 GMT 2024","passed","Sat Nov 02 01:23:33 GMT 2024","","LOCATED","LOCATED",""
"","2","QUERIES.05","","Sat Nov 02 01:06:14 GMT 2024","passed","Sat Nov 02 01:06:14 GMT 2024","","STRIPS-TO-METTA-IMPROVED","STRIPS-TO-METTA-IMPROVED",""
"","4000","module-system.c2_spaces","","Sat Nov 02 00:33:40 GMT 2024","passed","Sat Nov 02 00:33:44 GMT 2024","","WHOLE-TESTS","WHOLE-TESTS",""
"","5000","metta-morph_tests.add_atom_match","","Sat Nov 02 00:33:40 GMT 2024","passed","Sat Nov 02 00:33:45 GMT 2024","","WHOLE-TESTS","WHOLE-TESTS",""
"","2","ADD-REMOVE-MATCH-SYMBOLS.09","","Sat Nov 02 00:50:49 GMT 2024","passed","Sat Nov 02 00:50:49 GMT 2024","","SPACES","SPACES",""
"","2","03-SORING-VIA-INSERT.03","","Sat Nov 02 00:35:19 GMT 2024","passed","Sat Nov 02 00:35:19 GMT 2024","","HYPERON-METTALOG-SANITY","HYPERON-METTALOG-SANITY",""
"","3","SPACE-INTERSECTION-TESTS.18","","Sat Nov 02 00:35:19 GMT 2024","passed","Sat Nov 02 00:35:19 GMT 2024","","HYPERON-METTALOG-SANITY","HYPERON-METTALOG-SANITY",""
"","2","TYPE-PROP.43","","Sat Nov 02 01:09:38 GMT 2024","passed","Sat Nov 02 01:09:38 GMT 2024","","CHECK-TYPES-TEMP","CHECK-TYPES-TEMP",""
"","3","TESTS0.02","","Sat Nov 02 01:37:39 GMT 2024","passed","Sat Nov 02 01:37:39 GMT 2024","","NEW","NEW",""
"","103","TYPE-PROP.54","","Sat Nov 02 01:09:38 GMT 2024","failed","Sat Nov 02 01:09:38 GMT 2024","","CHECK-TYPES-TEMP","CHECK-TYPES-TEMP",""
"","24000","language_models.training","","Sat Nov 02 00:33:40 GMT 2024","passed","Sat Nov 02 00:34:04 GMT 2024","","WHOLE-TESTS","WHOLE-TESTS",""
"","3","CHAPTER-2-2.01","","Sat Nov 02 00:53:06 GMT 2024","passed","Sat Nov 02 00:53:06 GMT 2024","","SICP-BOOK","SICP-BOOK",""
"","2","SUPERCOLLAPSE.03","","Sat Nov 02 00:39:10 GMT 2024","passed","Sat Nov 02 00:39:10 GMT 2024","","METTA-MORPH-TESTS","METTA-MORPH-TESTS",""
"","3","00-LANG-CASE.01","","Sat Nov 02 00:35:19 GMT 2024","passed","Sat Nov 02 00:35:19 GMT 2024","","HYPERON-METTALOG-SANITY","HYPERON-METTALOG-SANITY",""
"","1","INF-CTL-MONTH-BC-CONT-XP.23","","Sat Nov 02 01:17:56 GMT 2024","passed","Sat Nov 02 01:17:56 GMT 2024","","INFERENCE-CONTROL","INFERENCE-CONTROL",""
"","5","03-SORING-VIA-INSERT.01","","Sat Nov 02 00:35:19 GMT 2024","passed","Sat Nov 02 00:35:19 GMT 2024","","HYPERON-METTALOG-SANITY","HYPERON-METTALOG-SANITY",""
"","3","IMPLICATIONDIRECTINTRODUCTIONENTAILTEST.01","","Sat Nov 02 01:16:12 GMT 2024","passed","Sat Nov 02 01:16:12 GMT 2024","","ENTAIL","ENTAIL",""
"","2","CURRIED-CHAINER.08","","Sat Nov 02 01:14:39 GMT 2024","passed","Sat Nov 02 01:14:39 GMT 2024","","CURRIED-CHAINING","CURRIED-CHAINING",""
"","5000","debugging.hyperon_experimental_issue_516_redduced","","Sat Nov 02 00:33:40 GMT 2024","passed","Sat Nov 02 00:33:45 GMT 2024","","WHOLE-TESTS","WHOLE-TESTS",""
"","1","UNIFY-VIA-LET.02","","Sat Nov 02 01:24:29 GMT 2024","passed","Sat Nov 02 01:24:29 GMT 2024","","EXPERIMENTS","EXPERIMENTS",""
"","3","B5-TYPES-PRELIM.25","","Sat Nov 02 01:09:38 GMT 2024","passed","Sat Nov 02 01:09:38 GMT 2024","","CHECK-TYPES-TEMP","CHECK-TYPES-TEMP",""
"","16","TEST-INFER-FUNCTION-APPLICATION-TYPE.02","","Sat Nov 02 01:55:28 GMT 2024","failed","Sat Nov 02 01:55:28 GMT 2024","","BASIC","BASIC",""
"","2","TMPMATCH2.03","","Sat Nov 02 00:41:19 GMT 2024","passed","Sat Nov 02 00:41:19 GMT 2024","","ANTI-REGRESSION","ANTI-REGRESSION",""
"","73","F1-IMPORTS.13","","Sat Nov 02 00:33:44 GMT 2024","failed","Sat Nov 02 00:33:44 GMT 2024","","HYPERON-EXPERIMENTAL-SCRIPTS","HYPERON-EXPERIMENTAL-SCRIPTS",""
"","84","STATE-TYPES.08","","Sat Nov 02 01:55:28 GMT 2024","failed","Sat Nov 02 01:55:28 GMT 2024","","BASIC","BASIC",""
"","4000","experiments.non-determinism","","Sat Nov 02 00:33:40 GMT 2024","passed","Sat Nov 02 00:33:44 GMT 2024","","WHOLE-TESTS","WHOLE-TESTS",""
"","65","STDLIB-METTALOG-TEST-PT2.43","","Sat Nov 02 00:52:56 GMT 2024","failed","Sat Nov 02 00:52:56 GMT 2024","","STDLIB-METTALOG","STDLIB-METTALOG",""
"","6","SPACE-SUBTRACTION-TESTS.11","","Sat Nov 02 00:35:19 GMT 2024","passed","Sat Nov 02 00:35:19 GMT 2024","","HYPERON-METTALOG-SANITY","HYPERON-METTALOG-SANITY",""
"","5000","metta-morph_tests.identity","","Sat Nov 02 00:33:40 GMT 2024","passed","Sat Nov 02 00:33:45 GMT 2024","","WHOLE-TESTS","WHOLE-TESTS",""
"","2","CHAPTER-1-1.08","","Sat Nov 02 00:53:06 GMT 2024","passed","Sat Nov 02 00:53:06 GMT 2024","","SICP-BOOK","SICP-BOOK",""
"","92","GROUNDED-BASIC.03","","Sat Nov 02 00:51:31 GMT 2024","passed","Sat Nov 02 00:51:31 GMT 2024","","STD","STD",""
"","9","NARS-BUILDTUPLECOUNTS.01","","Sat Nov 02 01:32:29 GMT 2024","passed","Sat Nov 02 01:32:29 GMT 2024","","NARS-EXTRAS","NARS-EXTRAS",""
"","3","HIGHER-ORDER-FUNCS.01","","Sat Nov 02 00:51:31 GMT 2024","passed","Sat Nov 02 00:51:31 GMT 2024","","STD","STD",""
"","3","TESTS4.05","","Sat Nov 02 00:44:01 GMT 2024","passed","Sat Nov 02 00:44:01 GMT 2024","","MAIN-BRANCH","MAIN-BRANCH",""
"","565","TMPMATCH2.05","","Sat Nov 02 00:41:19 GMT 2024","passed","Sat Nov 02 00:41:19 GMT 2024","","ANTI-REGRESSION","ANTI-REGRESSION",""
"","6000","chaining.v2-pln-xp-sys-impl","","Sat Nov 02 00:33:40 GMT 2024","passed","Sat Nov 02 00:33:46 GMT 2024","","WHOLE-TESTS","WHOLE-TESTS",""
"","3","BACKWARD-CHAIN.02","","Sat Nov 02 00:48:28 GMT 2024","passed","Sat Nov 02 00:48:28 GMT 2024","","CHAINING","CHAINING",""
"","1160","PLLM-PENNTREE.04","","Sat Nov 02 02:07:59 GMT 2024","passed","Sat Nov 02 02:08:00 GMT 2024","","LANGUAGE-MODELS","LANGUAGE-MODELS",""
"","5000","metta-morph_tests.sequential_nested","","Sat Nov 02 00:33:40 GMT 2024","passed","Sat Nov 02 00:33:45 GMT 2024","","WHOLE-TESTS","WHOLE-TESTS",""
"","4000","spaces.add-remove-match-float","","Sat Nov 02 00:33:40 GMT 2024","passed","Sat Nov 02 00:33:44 GMT 2024","","WHOLE-TESTS","WHOLE-TESTS",""
"","2","STATES-SPACES.03","","Sat Nov 02 00:39:10 GMT 2024","passed","Sat Nov 02 00:39:10 GMT 2024","","METTA-MORPH-TESTS","METTA-MORPH-TESTS",""
"","3","TEST-IF-CLOSED.01","","Sat Nov 02 01:46:54 GMT 2024","passed","Sat Nov 02 01:46:54 GMT 2024","","WALK-THRU","WALK-THRU",""
"","1151","IBC-XP.28","","Sat Nov 02 01:19:56 GMT 2024","passed","Sat Nov 02 01:19:57 GMT 2024","","ITERATIVE-CHAINING","ITERATIVE-CHAINING",""
"","2","D4-TYPE-PROP.11","","Sat Nov 02 00:43:32 GMT 2024","passed","Sat Nov 02 00:43:32 GMT 2024","","QUICK","QUICK",""
"","2","DEFINE-IF-LIKE.03","","Sat Nov 02 01:45:27 GMT 2024","passed","Sat Nov 02 01:45:27 GMT 2024","","DIRECT-COMP","DIRECT-COMP",""
"","2","D4-TYPE-PROP.13","","Sat Nov 02 00:43:32 GMT 2024","passed","Sat Nov 02 00:43:32 GMT 2024","","QUICK","QUICK",""
"","2","TYPE-PROP.02","","Sat Nov 02 00:48:28 GMT 2024","passed","Sat Nov 02 00:48:28 GMT 2024","","CHAINING","CHAINING",""
"","2","STDLIB-METTALOG-TEST-PT2.07","","Sat Nov 02 00:52:56 GMT 2024","passed","Sat Nov 02 00:52:56 GMT 2024","","STDLIB-METTALOG","STDLIB-METTALOG",""
"","1","BACKWARD-CHAINER-XP.29","","Sat Nov 02 01:13:49 GMT 2024","passed","Sat Nov 02 01:13:49 GMT 2024","","BACKWARD-CHAINER","BACKWARD-CHAINER",""
"","5","TRUTHVALUETEST.07","","Sat Nov 02 01:14:29 GMT 2024","passed","Sat Nov 02 01:14:29 GMT 2024","","TRUTHVALUE","TRUTHVALUE",""
"","3","LISTTEST.01","","Sat Nov 02 01:14:04 GMT 2024","passed","Sat Nov 02 01:14:04 GMT 2024","","COMMON","COMMON",""
"","2","AI-SERVICE-COMPOSITION-SANITY.04","","Sat Nov 02 01:07:06 GMT 2024","passed","Sat Nov 02 01:07:06 GMT 2024","","AI-SERVICE","AI-SERVICE",""
"","2","B3-DIRECT.02","","Sat Nov 02 00:33:44 GMT 2024","passed","Sat Nov 02 00:33:44 GMT 2024","","HYPERON-EXPERIMENTAL-SCRIPTS","HYPERON-EXPERIMENTAL-SCRIPTS",""
"","63","F1-IMPORTS.13","","Sat Nov 02 00:43:32 GMT 2024","failed","Sat Nov 02 00:43:32 GMT 2024","","QUICK","QUICK",""
"","161","SYNTHESIZE-VIA-UNIFY-TEST.02","","Sat Nov 02 01:24:29 GMT 2024","failed","Sat Nov 02 01:24:29 GMT 2024","","EXPERIMENTS","EXPERIMENTS",""
"","109","INF-CTL-MONTH-BC-CONT-XP.25","","Sat Nov 02 01:17:56 GMT 2024","passed","Sat Nov 02 01:17:56 GMT 2024","","INFERENCE-CONTROL","INFERENCE-CONTROL",""
"","2","ADD-REMOVE-MATCH-SS-SYMBOLS.01","","Sat Nov 02 00:50:49 GMT 2024","passed","Sat Nov 02 00:50:49 GMT 2024","","SPACES","SPACES",""
"","2","STDLIB-METTALOG-TEST-PT2.24","","Sat Nov 02 00:52:56 GMT 2024","passed","Sat Nov 02 00:52:56 GMT 2024","","STDLIB-METTALOG","STDLIB-METTALOG",""
"","40000","SICP_book.chapter_1_3_2","","Sat Nov 02 00:33:40 GMT 2024","failed","Sat Nov 02 00:34:20 GMT 2024","","WHOLE-TESTS","WHOLE-TESTS",""
"","122","LOCATED-TEST.03","","Sat Nov 02 01:23:33 GMT 2024","passed","Sat Nov 02 01:23:33 GMT 2024","","LOCATED","LOCATED",""
"","2","F1-MODULEA.09","","Sat Nov 02 00:43:32 GMT 2024","passed","Sat Nov 02 00:43:32 GMT 2024","","QUICK","QUICK",""
"","88","B4-NONDETERM.01","","Sat Nov 02 00:33:44 GMT 2024","passed","Sat Nov 02 00:33:44 GMT 2024","","HYPERON-EXPERIMENTAL-SCRIPTS","HYPERON-EXPERIMENTAL-SCRIPTS",""
"","2","D1-GADT.10","","Sat Nov 02 01:09:59 GMT 2024","passed","Sat Nov 02 01:09:59 GMT 2024","","CHECK-TYPES","CHECK-TYPES",""
"","2","ADD-REMOVE-MATCH-MIX-FLOAT-INTEGER.22","","Sat Nov 02 00:50:49 GMT 2024","passed","Sat Nov 02 00:50:49 GMT 2024","","SPACES","SPACES",""
"","3","CHAPTER-2-4.15","","Sat Nov 02 00:53:06 GMT 2024","passed","Sat Nov 02 00:53:06 GMT 2024","","SICP-BOOK","SICP-BOOK",""
"","2","UNIQUE-TEST.02","","Sat Nov 02 00:35:19 GMT 2024","passed","Sat Nov 02 00:35:19 GMT 2024","","HYPERON-METTALOG-SANITY","HYPERON-METTALOG-SANITY",""
"","2","DEDUCTIONFORMULATEST.08","","Sat Nov 02 01:14:25 GMT 2024","passed","Sat Nov 02 01:14:25 GMT 2024","","FORMULA","FORMULA",""
"","2","UNIQUE-TEST.04","","Sat Nov 02 00:35:19 GMT 2024","passed","Sat Nov 02 00:35:19 GMT 2024","","HYPERON-METTALOG-SANITY","HYPERON-METTALOG-SANITY",""
"","2","BC-XP.11","","Sat Nov 02 01:13:54 GMT 2024","passed","Sat Nov 02 01:13:54 GMT 2024","","BACKWARD-CHAINING","BACKWARD-CHAINING",""
"","5000","hyperon-mettalog_sanity.intersection_tests","","Sat Nov 02 00:33:40 GMT 2024","passed","Sat Nov 02 00:33:45 GMT 2024","","WHOLE-TESTS","WHOLE-TESTS",""
"","1","TYPE-PROP.05","","Sat Nov 02 01:09:38 GMT 2024","passed","Sat Nov 02 01:09:38 GMT 2024","","CHECK-TYPES-TEMP","CHECK-TYPES-TEMP",""
"","2","OR-TEST.18","","Sat Nov 02 00:35:19 GMT 2024","passed","Sat Nov 02 00:35:19 GMT 2024","","HYPERON-METTALOG-SANITY","HYPERON-METTALOG-SANITY",""
"","53","V2-PLN-XP.01","","Sat Nov 02 00:48:28 GMT 2024","failed","Sat Nov 02 00:48:28 GMT 2024","","CHAINING","CHAINING",""
"","2","HYPERPOSING-UNSHARED.04","","Sat Nov 02 01:55:28 GMT 2024","passed","Sat Nov 02 01:55:28 GMT 2024","","BASIC","BASIC",""
"","2","RUN-MINNARS-TRIMMED.01","","Sat Nov 02 01:32:29 GMT 2024","passed","Sat Nov 02 01:32:29 GMT 2024","","NARS-EXTRAS","NARS-EXTRAS",""
"","3","LISTTEST.07","","Sat Nov 02 01:14:04 GMT 2024","passed","Sat Nov 02 01:14:04 GMT 2024","","COMMON","COMMON",""
"","267","SYNTHESIZE-VIA-CASE-TEST.09","","Sat Nov 02 01:24:29 GMT 2024","failed","Sat Nov 02 01:24:29 GMT 2024","","EXPERIMENTS","EXPERIMENTS",""
"","147","NATSIMPLETEST.01","","Sat Nov 02 01:16:47 GMT 2024","failed","Sat Nov 02 01:16:47 GMT 2024","","HOL","HOL",""
"","3","COMMA-IS-NOT-SPECIAL.01","","Sat Nov 02 00:41:19 GMT 2024","passed","Sat Nov 02 00:41:19 GMT 2024","","ANTI-REGRESSION","ANTI-REGRESSION",""
"","2","D2-HIGHERFUNC.06","","Sat Nov 02 00:33:44 GMT 2024","passed","Sat Nov 02 00:33:44 GMT 2024","","HYPERON-EXPERIMENTAL-SCRIPTS","HYPERON-EXPERIMENTAL-SCRIPTS",""
"","2","ADD-REMOVE-MATCH-SS-SYMBOLS.11","","Sat Nov 02 00:50:49 GMT 2024","passed","Sat Nov 02 00:50:49 GMT 2024","","SPACES","SPACES",""
"","3","FORWARD-CHAINER-TEST.03","","Sat Nov 02 01:16:32 GMT 2024","passed","Sat Nov 02 01:16:32 GMT 2024","","FORWARD-CHAINER","FORWARD-CHAINER",""
"","2","CHAPTER-1-1.16","","Sat Nov 02 00:53:06 GMT 2024","passed","Sat Nov 02 00:53:06 GMT 2024","","SICP-BOOK","SICP-BOOK",""
"","2","TEST-IF-CLOSED.03","","Sat Nov 02 00:41:19 GMT 2024","passed","Sat Nov 02 00:41:19 GMT 2024","","ANTI-REGRESSION","ANTI-REGRESSION",""
"","2","TYPE-PROP.28","","Sat Nov 02 01:09:38 GMT 2024","passed","Sat Nov 02 01:09:38 GMT 2024","","CHECK-TYPES-TEMP","CHECK-TYPES-TEMP",""
"","2","INF-CTL-MONTH-BC-CONT-XP.07","","Sat Nov 02 01:17:56 GMT 2024","passed","Sat Nov 02 01:17:56 GMT 2024","","INFERENCE-CONTROL","INFERENCE-CONTROL",""
"","2","B2-BACKCHAIN.02","","Sat Nov 02 00:33:44 GMT 2024","passed","Sat Nov 02 00:33:44 GMT 2024","","HYPERON-EXPERIMENTAL-SCRIPTS","HYPERON-EXPERIMENTAL-SCRIPTS",""
"","2","BACKWARD-CHAINER-XP.20","","Sat Nov 02 01:13:49 GMT 2024","passed","Sat Nov 02 01:13:49 GMT 2024","","BACKWARD-CHAINER","BACKWARD-CHAINER",""
"","1","BC-XP.05","","Sat Nov 02 00:48:28 GMT 2024","passed","Sat Nov 02 00:48:28 GMT 2024","","CHAINING","CHAINING",""
"","2","BC-COMP.02","","Sat Nov 02 01:46:54 GMT 2024","passed","Sat Nov 02 01:46:54 GMT 2024","","WALK-THRU","WALK-THRU",""
"","48","STDLIB-METTALOG-TEST-PT2.17","","Sat Nov 02 00:52:56 GMT 2024","failed","Sat Nov 02 00:52:56 GMT 2024","","STDLIB-METTALOG","STDLIB-METTALOG",""
"","100","ADD-REMOVE-MATCH-STRINGS.03","","Sat Nov 02 00:50:49 GMT 2024","failed","Sat Nov 02 00:50:49 GMT 2024","","SPACES","SPACES",""
"","4000","hyperon-mettalog_sanity.flip_test","","Sat Nov 02 00:33:40 GMT 2024","passed","Sat Nov 02 00:33:44 GMT 2024","","WHOLE-TESTS","WHOLE-TESTS",""
"","3","TYPE-PROP.18","","Sat Nov 02 01:09:38 GMT 2024","passed","Sat Nov 02 01:09:38 GMT 2024","","CHECK-TYPES-TEMP","CHECK-TYPES-TEMP",""
"","2","TYPE-PROP.24","","Sat Nov 02 01:09:38 GMT 2024","passed","Sat Nov 02 01:09:38 GMT 2024","","CHECK-TYPES-TEMP","CHECK-TYPES-TEMP",""
"","6000","experiments.synthesize-via-unify-test","","Sat Nov 02 00:33:40 GMT 2024","passed","Sat Nov 02 00:33:46 GMT 2024","","WHOLE-TESTS","WHOLE-TESTS",""
"","2","CHAPTER-2-4.11","","Sat Nov 02 00:53:06 GMT 2024","passed","Sat Nov 02 00:53:06 GMT 2024","","SICP-BOOK","SICP-BOOK",""
"","140","JOHN-CARRY-FLOWER-TEST.03","","Sat Nov 02 01:23:24 GMT 2024","passed","Sat Nov 02 01:23:24 GMT 2024","","JOHN-CARRY-FLOWER","JOHN-CARRY-FLOWER",""
"","43","STDLIB-METTALOG-TEST-PT2.04","","Sat Nov 02 00:52:56 GMT 2024","failed","Sat Nov 02 00:52:56 GMT 2024","","STDLIB-METTALOG","STDLIB-METTALOG",""
"","2","ADD-REMOVE-MATCH-INTEGER.34","","Sat Nov 02 00:50:49 GMT 2024","passed","Sat Nov 02 00:50:49 GMT 2024","","SPACES","SPACES",""
"","4000","multidirectional.append_using_equality","","Sat Nov 02 00:33:40 GMT 2024","passed","Sat Nov 02 00:33:44 GMT 2024","","WHOLE-TESTS","WHOLE-TESTS",""
"","2","ADD-REMOVE-MATCH-STRINGS.11","","Sat Nov 02 00:50:49 GMT 2024","passed","Sat Nov 02 00:50:49 GMT 2024","","SPACES","SPACES",""
"","4000","anti-regression.bchain","","Sat Nov 02 00:33:40 GMT 2024","passed","Sat Nov 02 00:33:44 GMT 2024","","WHOLE-TESTS","WHOLE-TESTS",""
"","2","METTALOGTESTCURRIED2.02","","Sat Nov 02 01:46:54 GMT 2024","passed","Sat Nov 02 01:46:54 GMT 2024","","WALK-THRU","WALK-THRU",""
"","2","LET-SUPERPOSE-LIST.02","","Sat Nov 02 00:39:10 GMT 2024","passed","Sat Nov 02 00:39:10 GMT 2024","","METTA-MORPH-TESTS","METTA-MORPH-TESTS",""
"","3","TEST-SPO-100.01","","Sat Nov 02 00:41:54 GMT 2024","passed","Sat Nov 02 00:41:54 GMT 2024","","METTA-WAM-ISSUE-116","METTA-WAM-ISSUE-116",""
"","61","STDLIB-METTALOG-TEST-PT2.25","","Sat Nov 02 00:52:56 GMT 2024","failed","Sat Nov 02 00:52:56 GMT 2024","","STDLIB-METTALOG","STDLIB-METTALOG",""
"","2","IMPL-METTALOGTESTCURRIED.12","","Sat Nov 02 01:46:54 GMT 2024","passed","Sat Nov 02 01:46:54 GMT 2024","","WALK-THRU","WALK-THRU",""
"","2","TYPES-PRELIM.06","","Sat Nov 02 00:48:28 GMT 2024","passed","Sat Nov 02 00:48:28 GMT 2024","","CHAINING","CHAINING",""
"","3","ORDEREDSETTEST.05","","Sat Nov 02 01:14:04 GMT 2024","passed","Sat Nov 02 01:14:04 GMT 2024","","COMMON","COMMON",""
"","2","UNIFY-VIA-CASE.06","","Sat Nov 02 01:24:29 GMT 2024","passed","Sat Nov 02 01:24:29 GMT 2024","","EXPERIMENTS","EXPERIMENTS",""
"","3","F1-IMPORTS.20","","Sat Nov 02 00:43:32 GMT 2024","passed","Sat Nov 02 00:43:32 GMT 2024","","QUICK","QUICK",""
"","3","PLN-STV.02","","Sat Nov 02 00:48:28 GMT 2024","passed","Sat Nov 02 00:48:28 GMT 2024","","CHAINING","CHAINING",""
"","5000","forward-chainer.forward-chainer-xp","","Sat Nov 02 00:33:40 GMT 2024","passed","Sat Nov 02 00:33:45 GMT 2024","","WHOLE-TESTS","WHOLE-TESTS",""
"","2","INF-ORDER-PROBS.09","","Sat Nov 02 01:01:42 GMT 2024","passed","Sat Nov 02 01:01:42 GMT 2024","","PROB-DEP-TYPES","PROB-DEP-TYPES",""
"","3","DEDUCTIONDTLTEST.02","","Sat Nov 02 01:12:41 GMT 2024","passed","Sat Nov 02 01:12:41 GMT 2024","","DEPENDENT-TYPES","DEPENDENT-TYPES",""
"","4000","hyperon-experimental_scripts.f1_moduleA","","Sat Nov 02 00:33:40 GMT 2024","passed","Sat Nov 02 00:33:44 GMT 2024","","WHOLE-TESTS","WHOLE-TESTS",""
"","2","SPACE-SUBTRACTION-TESTS.02","","Sat Nov 02 00:35:19 GMT 2024","passed","Sat Nov 02 00:35:19 GMT 2024","","HYPERON-METTALOG-SANITY","HYPERON-METTALOG-SANITY",""
"","40000","subtyping.subtyping-test","","Sat Nov 02 00:33:40 GMT 2024","failed","Sat Nov 02 00:34:20 GMT 2024","","WHOLE-TESTS","WHOLE-TESTS",""
"","2","00A-LANG-COMPILED-CASE.10","","Sat Nov 02 01:45:27 GMT 2024","passed","Sat Nov 02 01:45:27 GMT 2024","","DIRECT-COMP","DIRECT-COMP",""
"","2","BACKWARD-CHAINER-XP.10","","Sat Nov 02 01:13:49 GMT 2024","passed","Sat Nov 02 01:13:49 GMT 2024","","BACKWARD-CHAINER","BACKWARD-CHAINER",""
"","587","APPEND.03","","Sat Nov 02 01:53:12 GMT 2024","passed","Sat Nov 02 01:53:12 GMT 2024","","MULTIDIRECTIONAL","MULTIDIRECTIONAL",""
"","2","SUPERPOSE-NESTED.04","","Sat Nov 02 00:39:10 GMT 2024","passed","Sat Nov 02 00:39:10 GMT 2024","","METTA-MORPH-TESTS","METTA-MORPH-TESTS",""
"","3","DEDUCTIONEQUALTEST.02","","Sat Nov 02 01:16:22 GMT 2024","passed","Sat Nov 02 01:16:22 GMT 2024","","EQUAL","EQUAL",""
"","62","OBIF-CLP.01","","Sat Nov 02 01:53:12 GMT 2024","failed","Sat Nov 02 01:53:12 GMT 2024","","MULTIDIRECTIONAL","MULTIDIRECTIONAL",""
"","22","INF-CTL-XP.13","","Sat Nov 02 01:17:56 GMT 2024","failed","Sat Nov 02 01:17:56 GMT 2024","","INFERENCE-CONTROL","INFERENCE-CONTROL",""
"","2","IMPLICATIONDIRECTINTRODUCTIONENTAILTEST.02","","Sat Nov 02 01:16:12 GMT 2024","passed","Sat Nov 02 01:16:12 GMT 2024","","ENTAIL","ENTAIL",""
"","1","TYPES-PRELIM.16","","Sat Nov 02 00:48:28 GMT 2024","passed","Sat Nov 02 00:48:28 GMT 2024","","CHAINING","CHAINING",""
"","46000","current.tests4","","Sat Nov 02 00:33:40 GMT 2024","failed","Sat Nov 02 00:34:26 GMT 2024","","WHOLE-TESTS","WHOLE-TESTS",""
"","2","ADD-REMOVE-MATCH-MIX-FLOAT-INTEGER.20","","Sat Nov 02 00:50:49 GMT 2024","passed","Sat Nov 02 00:50:49 GMT 2024","","SPACES","SPACES",""
"","2","BCHAIN-COMP.03","","Sat Nov 02 00:41:19 GMT 2024","passed","Sat Nov 02 00:41:19 GMT 2024","","ANTI-REGRESSION","ANTI-REGRESSION",""
"","2","BACKWARD-CHAINER-XP.08","","Sat Nov 02 01:13:49 GMT 2024","passed","Sat Nov 02 01:13:49 GMT 2024","","BACKWARD-CHAINER","BACKWARD-CHAINER",""
"","25","NATTEST.04","","Sat Nov 02 01:16:47 GMT 2024","failed","Sat Nov 02 01:16:47 GMT 2024","","HOL","HOL",""
"","23780","TIME-SYNTHESIZE-SHORT.02","","Sat Nov 02 00:37:02 GMT 2024","passed","Sat Nov 02 00:37:25 GMT 2024","","SYNTH-BUFFER","SYNTH-BUFFER",""
"","107","STDLIB-METTALOG-TEST-PT2.59","","Sat Nov 02 00:52:56 GMT 2024","failed","Sat Nov 02 00:52:56 GMT 2024","","STDLIB-METTALOG","STDLIB-METTALOG",""
"","3","CHAPTER-2-2.02","","Sat Nov 02 00:53:06 GMT 2024","passed","Sat Nov 02 00:53:06 GMT 2024","","SICP-BOOK","SICP-BOOK",""
"","2","BACKWARD-CHAINER-XP.37","","Sat Nov 02 01:13:49 GMT 2024","passed","Sat Nov 02 01:13:49 GMT 2024","","BACKWARD-CHAINER","BACKWARD-CHAINER",""
"","4000","utils.utils-test","","Sat Nov 02 00:33:40 GMT 2024","passed","Sat Nov 02 00:33:44 GMT 2024","","WHOLE-TESTS","WHOLE-TESTS",""
"","2","CURRIED-CHAINER.01","","Sat Nov 02 01:14:39 GMT 2024","passed","Sat Nov 02 01:14:39 GMT 2024","","CURRIED-CHAINING","CURRIED-CHAINING",""
"","5000","basic.hyperposing-shared","","Sat Nov 02 00:33:40 GMT 2024","passed","Sat Nov 02 00:33:45 GMT 2024","","WHOLE-TESTS","WHOLE-TESTS",""
"","2","TYPE-PROP.65","","Sat Nov 02 01:09:38 GMT 2024","passed","Sat Nov 02 01:09:38 GMT 2024","","CHECK-TYPES-TEMP","CHECK-TYPES-TEMP",""
"","3","FC-XP.31","","Sat Nov 02 01:16:42 GMT 2024","passed","Sat Nov 02 01:16:42 GMT 2024","","FORWARD-CHAINING","FORWARD-CHAINING",""
"","2","ADD-REMOVE-MATCH-SS-STRINGS.10","","Sat Nov 02 00:50:49 GMT 2024","passed","Sat Nov 02 00:50:49 GMT 2024","","SPACES","SPACES",""
"","2","C1-GROUNDED-BASIC.03","","Sat Nov 02 00:33:44 GMT 2024","passed","Sat Nov 02 00:33:44 GMT 2024","","HYPERON-EXPERIMENTAL-SCRIPTS","HYPERON-EXPERIMENTAL-SCRIPTS",""
"","279","TESTS0.06","","Sat Nov 02 01:37:39 GMT 2024","failed","Sat Nov 02 01:37:39 GMT 2024","","NEW","NEW",""
"","46000","prev.tests5","","Sat Nov 02 00:33:40 GMT 2024","failed","Sat Nov 02 00:34:26 GMT 2024","","WHOLE-TESTS","WHOLE-TESTS",""
"","2","A3-TWOSIDE.02","","Sat Nov 02 00:33:44 GMT 2024","passed","Sat Nov 02 00:33:44 GMT 2024","","HYPERON-EXPERIMENTAL-SCRIPTS","HYPERON-EXPERIMENTAL-SCRIPTS",""
"","1","FC-XP.22","","Sat Nov 02 01:16:42 GMT 2024","passed","Sat Nov 02 01:16:42 GMT 2024","","FORWARD-CHAINING","FORWARD-CHAINING",""
"","3","TIME-SYNTHESIZE-SHORT.03","","Sat Nov 02 00:37:02 GMT 2024","passed","Sat Nov 02 00:37:02 GMT 2024","","SYNTH-BUFFER","SYNTH-BUFFER",""
"","4","IMPLICATIONDIRECTINTRODUCTIONDTLTEST.12","","Sat Nov 02 01:12:41 GMT 2024","passed","Sat Nov 02 01:12:41 GMT 2024","","DEPENDENT-TYPES","DEPENDENT-TYPES",""
"","2","KEY-LOOKUPS-MANY.13","","Sat Nov 02 01:55:28 GMT 2024","passed","Sat Nov 02 01:55:28 GMT 2024","","BASIC","BASIC",""
"","2","F1-MODULEA.05","","Sat Nov 02 00:43:32 GMT 2024","passed","Sat Nov 02 00:43:32 GMT 2024","","QUICK","QUICK",""
"","2","B5-TYPES-PRELIM.06","","Sat Nov 02 01:09:38 GMT 2024","passed","Sat Nov 02 01:09:38 GMT 2024","","CHECK-TYPES-TEMP","CHECK-TYPES-TEMP",""
"","681","TESTS0.07","","Sat Nov 02 01:41:32 GMT 2024","passed","Sat Nov 02 01:41:32 GMT 2024","","PREV","PREV",""
"","2","HYPERPOSING-SHARED.09","","Sat Nov 02 01:55:28 GMT 2024","passed","Sat Nov 02 01:55:28 GMT 2024","","BASIC","BASIC",""
"","4","C1-GROUNDED-BASIC.08","","Sat Nov 02 00:43:32 GMT 2024","passed","Sat Nov 02 00:43:32 GMT 2024","","QUICK","QUICK",""
"","2","STDLIB-METTALOG-TEST-PT2.54","","Sat Nov 02 00:52:56 GMT 2024","passed","Sat Nov 02 00:52:56 GMT 2024","","STDLIB-METTALOG","STDLIB-METTALOG",""
"","2","FORWARD-CHAINER-XP.07","","Sat Nov 02 01:16:32 GMT 2024","passed","Sat Nov 02 01:16:32 GMT 2024","","FORWARD-CHAINER","FORWARD-CHAINER",""
"","2776","TESTS3.06","","Sat Nov 02 00:44:01 GMT 2024","failed","Sat Nov 02 00:44:03 GMT 2024","","MAIN-BRANCH","MAIN-BRANCH",""
"","179","SYNTHESIZE-VIA-UNIFY-TEST.01","","Sat Nov 02 01:24:29 GMT 2024","failed","Sat Nov 02 01:24:29 GMT 2024","","EXPERIMENTS","EXPERIMENTS",""
"","12","TYPE-PROP.69","","Sat Nov 02 01:09:38 GMT 2024","failed","Sat Nov 02 01:09:38 GMT 2024","","CHECK-TYPES-TEMP","CHECK-TYPES-TEMP",""
"","3","F1-IMPORTS.16","","Sat Nov 02 00:33:44 GMT 2024","passed","Sat Nov 02 00:33:44 GMT 2024","","HYPERON-EXPERIMENTAL-SCRIPTS","HYPERON-EXPERIMENTAL-SCRIPTS",""
"","172","D4-TYPE-PROP.10","","Sat Nov 02 01:09:59 GMT 2024","failed","Sat Nov 02 01:09:59 GMT 2024","","CHECK-TYPES","CHECK-TYPES",""
"","2","BACKWARD-CHAINER-XP.18","","Sat Nov 02 01:13:49 GMT 2024","passed","Sat Nov 02 01:13:49 GMT 2024","","BACKWARD-CHAINER","BACKWARD-CHAINER",""
"","16","INF-CTL-MONTH-BC-CONT-XP.13","","Sat Nov 02 01:17:56 GMT 2024","passed","Sat Nov 02 01:17:56 GMT 2024","","INFERENCE-CONTROL","INFERENCE-CONTROL",""
"","2","C1-GROUNDED-BASIC.18","","Sat Nov 02 00:33:44 GMT 2024","passed","Sat Nov 02 00:33:44 GMT 2024","","HYPERON-EXPERIMENTAL-SCRIPTS","HYPERON-EXPERIMENTAL-SCRIPTS",""
"","2","CHAPTER-1-2.04","","Sat Nov 02 00:53:06 GMT 2024","passed","Sat Nov 02 00:53:06 GMT 2024","","SICP-BOOK","SICP-BOOK",""
"","2","FC-XP.18","","Sat Nov 02 01:16:42 GMT 2024","passed","Sat Nov 02 01:16:42 GMT 2024","","FORWARD-CHAINING","FORWARD-CHAINING",""
"","2","TYPE-PROP.40","","Sat Nov 02 01:09:38 GMT 2024","passed","Sat Nov 02 01:09:38 GMT 2024","","CHECK-TYPES-TEMP","CHECK-TYPES-TEMP",""
"","5000","spaces.add-remove-match-mix-float-integer","","Sat Nov 02 00:33:40 GMT 2024","passed","Sat Nov 02 00:33:45 GMT 2024","","WHOLE-TESTS","WHOLE-TESTS",""
"","1","IBC-XP.21","","Sat Nov 02 01:19:56 GMT 2024","passed","Sat Nov 02 01:19:56 GMT 2024","","ITERATIVE-CHAINING","ITERATIVE-CHAINING",""
"","2","NILS-IF-CONTROL-TEST-3.02","","Sat Nov 02 02:01:49 GMT 2024","passed","Sat Nov 02 02:01:49 GMT 2024","","COMPARISONS","COMPARISONS",""
"","5000","hyperon-experimental_scripts.e1_kb_write","","Sat Nov 02 00:33:40 GMT 2024","passed","Sat Nov 02 00:33:45 GMT 2024","","WHOLE-TESTS","WHOLE-TESTS",""
"","1","INTERSECTION-TESTS.20","","Sat Nov 02 00:35:19 GMT 2024","passed","Sat Nov 02 00:35:19 GMT 2024","","HYPERON-METTALOG-SANITY","HYPERON-METTALOG-SANITY",""
"","2","ADD-REMOVE-MATCH-STRINGS.12","","Sat Nov 02 00:50:49 GMT 2024","passed","Sat Nov 02 00:50:49 GMT 2024","","SPACES","SPACES",""
"","165","QUERIES.10","","Sat Nov 02 01:06:14 GMT 2024","passed","Sat Nov 02 01:06:14 GMT 2024","","STRIPS-TO-METTA-IMPROVED","STRIPS-TO-METTA-IMPROVED",""
"","2","TYPES2.02","","Sat Nov 02 00:39:10 GMT 2024","passed","Sat Nov 02 00:39:10 GMT 2024","","METTA-MORPH-TESTS","METTA-MORPH-TESTS",""
"","41000","basic.pathfinding-edge","","Sat Nov 02 00:33:40 GMT 2024","failed","Sat Nov 02 00:34:21 GMT 2024","","WHOLE-TESTS","WHOLE-TESTS",""
"","2","INF-CTL-MONTH-BC-CONT-XP.16","","Sat Nov 02 01:17:56 GMT 2024","passed","Sat Nov 02 01:17:56 GMT 2024","","INFERENCE-CONTROL","INFERENCE-CONTROL",""
"","2","IMPLICATIONDIRECTINTRODUCTIONDTLTEST.02","","Sat Nov 02 01:12:41 GMT 2024","passed","Sat Nov 02 01:12:41 GMT 2024","","DEPENDENT-TYPES","DEPENDENT-TYPES",""
"","2","STATE-TYPES.16","","Sat Nov 02 01:55:28 GMT 2024","passed","Sat Nov 02 01:55:28 GMT 2024","","BASIC","BASIC",""
"","64","B5-TYPES-PRELIM.02","","Sat Nov 02 00:33:44 GMT 2024","failed","Sat Nov 02 00:33:44 GMT 2024","","HYPERON-EXPERIMENTAL-SCRIPTS","HYPERON-EXPERIMENTAL-SCRIPTS",""
"","4000","anti-regression.tmpMatch1","","Sat Nov 02 00:33:40 GMT 2024","passed","Sat Nov 02 00:33:44 GMT 2024","","WHOLE-TESTS","WHOLE-TESTS",""
"","2","BC-XP.04","","Sat Nov 02 01:13:54 GMT 2024","passed","Sat Nov 02 01:13:54 GMT 2024","","BACKWARD-CHAINING","BACKWARD-CHAINING",""
"","47","IMPLICATIONDIRECTINTRODUCTIONDTLTEST.13","","Sat Nov 02 01:12:41 GMT 2024","failed","Sat Nov 02 01:12:41 GMT 2024","","DEPENDENT-TYPES","DEPENDENT-TYPES",""
"","2","D2-HIGHERFUNC.10","","Sat Nov 02 01:09:59 GMT 2024","passed","Sat Nov 02 01:09:59 GMT 2024","","CHECK-TYPES","CHECK-TYPES",""
"","3","TYPE-PROP.37","","Sat Nov 02 01:09:38 GMT 2024","passed","Sat Nov 02 01:09:38 GMT 2024","","CHECK-TYPES-TEMP","CHECK-TYPES-TEMP",""
"","40000","comparisons.fibo_arg1c","","Sat Nov 02 00:33:40 GMT 2024","failed","Sat Nov 02 00:34:20 GMT 2024","","WHOLE-TESTS","WHOLE-TESTS",""
"","1","STDLIB-METTALOG-TEST-PT2.36","","Sat Nov 02 00:52:56 GMT 2024","passed","Sat Nov 02 00:52:56 GMT 2024","","STDLIB-METTALOG","STDLIB-METTALOG",""
"","2","BCHAIN-COMP.05","","Sat Nov 02 01:46:54 GMT 2024","passed","Sat Nov 02 01:46:54 GMT 2024","","WALK-THRU","WALK-THRU",""
"","81","00-LANG-CASE.07","","Sat Nov 02 00:35:19 GMT 2024","passed","Sat Nov 02 00:35:19 GMT 2024","","HYPERON-METTALOG-SANITY","HYPERON-METTALOG-SANITY",""
"","43000","synth_buffer.time_synthesize","","Sat Nov 02 00:33:40 GMT 2024","failed","Sat Nov 02 00:34:23 GMT 2024","","WHOLE-TESTS","WHOLE-TESTS",""
"","15000","anti-regression.mettalogTestCurried","","Sat Nov 02 00:33:40 GMT 2024","failed","Sat Nov 02 00:33:55 GMT 2024","","WHOLE-TESTS","WHOLE-TESTS",""
"","1","TYPE-PROP.05","","Sat Nov 02 00:48:28 GMT 2024","passed","Sat Nov 02 00:48:28 GMT 2024","","CHAINING","CHAINING",""
"","2","E2-STATES.05","","Sat Nov 02 00:33:44 GMT 2024","passed","Sat Nov 02 00:33:44 GMT 2024","","HYPERON-EXPERIMENTAL-SCRIPTS","HYPERON-EXPERIMENTAL-SCRIPTS",""
"","2","SYNTHESIZE-VIA-TYPE-CHECKING.10","","Sat Nov 02 01:24:29 GMT 2024","passed","Sat Nov 02 01:24:29 GMT 2024","","EXPERIMENTS","EXPERIMENTS",""
"","2","D3-DEPTYPES.07","","Sat Nov 02 00:33:44 GMT 2024","passed","Sat Nov 02 00:33:44 GMT 2024","","HYPERON-EXPERIMENTAL-SCRIPTS","HYPERON-EXPERIMENTAL-SCRIPTS",""
"","2","B5-TYPES-PRELIM.20","","Sat Nov 02 00:33:44 GMT 2024","passed","Sat Nov 02 00:33:44 GMT 2024","","HYPERON-EXPERIMENTAL-SCRIPTS","HYPERON-EXPERIMENTAL-SCRIPTS",""
"","15","D3-DEPTYPES.04","","Sat Nov 02 00:33:44 GMT 2024","passed","Sat Nov 02 00:33:44 GMT 2024","","HYPERON-EXPERIMENTAL-SCRIPTS","HYPERON-EXPERIMENTAL-SCRIPTS",""
"","2","03-SORING-VIA-INSERT.02","","Sat Nov 02 00:35:19 GMT 2024","passed","Sat Nov 02 00:35:19 GMT 2024","","HYPERON-METTALOG-SANITY","HYPERON-METTALOG-SANITY",""
"","19","IFC-XP.19","","Sat Nov 02 01:19:56 GMT 2024","failed","Sat Nov 02 01:19:56 GMT 2024","","ITERATIVE-CHAINING","ITERATIVE-CHAINING",""
"","2","F1-IMPORTS.20","","Sat Nov 02 00:33:44 GMT 2024","passed","Sat Nov 02 00:33:44 GMT 2024","","HYPERON-EXPERIMENTAL-SCRIPTS","HYPERON-EXPERIMENTAL-SCRIPTS",""
"","51","HYPERON-EXPERIMENTAL-ISSUE-481.01","","Sat Nov 02 01:50:12 GMT 2024","failed","Sat Nov 02 01:50:12 GMT 2024","","DEBUGGING","DEBUGGING",""
"","2","PC-XP.13","","Sat Nov 02 01:22:39 GMT 2024","passed","Sat Nov 02 01:22:39 GMT 2024","","POLYWARD-CHAINING","POLYWARD-CHAINING",""
"","1","TYPE-PROP.31","","Sat Nov 02 01:09:38 GMT 2024","passed","Sat Nov 02 01:09:38 GMT 2024","","CHECK-TYPES-TEMP","CHECK-TYPES-TEMP",""
"","4","JOHN-CARRY-FLOWER-TEST.02","","Sat Nov 02 01:23:24 GMT 2024","passed","Sat Nov 02 01:23:24 GMT 2024","","JOHN-CARRY-FLOWER","JOHN-CARRY-FLOWER",""
"","2","F1-IMPORTS.03","","Sat Nov 02 00:33:44 GMT 2024","passed","Sat Nov 02 00:33:44 GMT 2024","","HYPERON-EXPERIMENTAL-SCRIPTS","HYPERON-EXPERIMENTAL-SCRIPTS",""
"","2","LISTTEST.08","","Sat Nov 02 01:14:04 GMT 2024","passed","Sat Nov 02 01:14:04 GMT 2024","","COMMON","COMMON",""
"","2","ADD-REMOVE-MATCH-MIX-FLOAT-INTEGER.02","","Sat Nov 02 00:50:49 GMT 2024","passed","Sat Nov 02 00:50:49 GMT 2024","","SPACES","SPACES",""
"","2","TREE.01","","Sat Nov 02 00:58:22 GMT 2024","passed","Sat Nov 02 00:58:22 GMT 2024","","COMBINATOR-CALCULI","COMBINATOR-CALCULI",""
"","2","F1-IMPORTS.03","","Sat Nov 02 00:43:32 GMT 2024","passed","Sat Nov 02 00:43:32 GMT 2024","","QUICK","QUICK",""
"","2","FORWARD-CHAINER-TEST.11","","Sat Nov 02 01:16:32 GMT 2024","passed","Sat Nov 02 01:16:32 GMT 2024","","FORWARD-CHAINER","FORWARD-CHAINER",""
"","3","APPEND.04","","Sat Nov 02 01:53:12 GMT 2024","passed","Sat Nov 02 01:53:12 GMT 2024","","MULTIDIRECTIONAL","MULTIDIRECTIONAL",""
"","2","KB-WRITE.02","","Sat Nov 02 00:51:31 GMT 2024","passed","Sat Nov 02 00:51:31 GMT 2024","","STD","STD",""
"","2","TESTS1-PRE.03","","Sat Nov 02 00:44:01 GMT 2024","passed","Sat Nov 02 00:44:01 GMT 2024","","MAIN-BRANCH","MAIN-BRANCH",""
"","3","B3-DIRECT.01","","Sat Nov 02 00:33:44 GMT 2024","passed","Sat Nov 02 00:33:44 GMT 2024","","HYPERON-EXPERIMENTAL-SCRIPTS","HYPERON-EXPERIMENTAL-SCRIPTS",""
"","48","FORWARD-CHAINER-XP.01","","Sat Nov 02 01:16:32 GMT 2024","failed","Sat Nov 02 01:16:32 GMT 2024","","FORWARD-CHAINER","FORWARD-CHAINER",""
"","2","DEDUCTIONFORMULATEST.11","","Sat Nov 02 01:14:25 GMT 2024","passed","Sat Nov 02 01:14:25 GMT 2024","","FORMULA","FORMULA",""
"","83","E2-STATES.07","","Sat Nov 02 01:09:59 GMT 2024","failed","Sat Nov 02 01:09:59 GMT 2024","","CHECK-TYPES","CHECK-TYPES",""
"","54","STDLIB-METTALOG-TEST-PT2.74","","Sat Nov 02 00:52:56 GMT 2024","failed","Sat Nov 02 00:52:56 GMT 2024","","STDLIB-METTALOG","STDLIB-METTALOG",""
"","3","SUBTRACTION-TEST.08","","Sat Nov 02 00:35:19 GMT 2024","passed","Sat Nov 02 00:35:19 GMT 2024","","HYPERON-METTALOG-SANITY","HYPERON-METTALOG-SANITY",""
"","2","EXAM-SPACES.02","","Sat Nov 02 00:50:33 GMT 2024","passed","Sat Nov 02 00:50:33 GMT 2024","","INTROSPECT","INTROSPECT",""
"","4000","metta-wam-issue-116.test_spo_100","","Sat Nov 02 00:33:40 GMT 2024","passed","Sat Nov 02 00:33:44 GMT 2024","","WHOLE-TESTS","WHOLE-TESTS",""
"","2","B5-TYPES-PRELIM.09","","Sat Nov 02 00:33:44 GMT 2024","passed","Sat Nov 02 00:33:44 GMT 2024","","HYPERON-EXPERIMENTAL-SCRIPTS","HYPERON-EXPERIMENTAL-SCRIPTS",""
"","3","LETLET.01","","Sat Nov 02 01:46:29 GMT 2024","passed","Sat Nov 02 01:46:29 GMT 2024","","TRANSPILER","TRANSPILER",""
"","3","06-MATCH-IN-SPACE.01","","Sat Nov 02 00:35:19 GMT 2024","passed","Sat Nov 02 00:35:19 GMT 2024","","HYPERON-METTALOG-SANITY","HYPERON-METTALOG-SANITY",""
"","2","IMPL-METTALOGTESTCURRIED.06","","Sat Nov 02 01:46:54 GMT 2024","passed","Sat Nov 02 01:46:54 GMT 2024","","WALK-THRU","WALK-THRU",""
"","3","F1-IMPORTS.06","","Sat Nov 02 00:43:32 GMT 2024","passed","Sat Nov 02 00:43:32 GMT 2024","","QUICK","QUICK",""
"","3","ADD-REMOVE-MATCH-MIX-FLOAT-INTEGER.01","","Sat Nov 02 00:50:49 GMT 2024","passed","Sat Nov 02 00:50:49 GMT 2024","","SPACES","SPACES",""
"","3","GROUNDED-BASIC.01","","Sat Nov 02 00:51:31 GMT 2024","passed","Sat Nov 02 00:51:31 GMT 2024","","STD","STD",""
"","3","MODUSPONENSDTLTEST.02","","Sat Nov 02 01:12:41 GMT 2024","passed","Sat Nov 02 01:12:41 GMT 2024","","DEPENDENT-TYPES","DEPENDENT-TYPES",""
"","2","UNIFY-VIA-LET.05","","Sat Nov 02 01:24:29 GMT 2024","passed","Sat Nov 02 01:24:29 GMT 2024","","EXPERIMENTS","EXPERIMENTS",""
"","2","DEDUCTIONFORMULATEST.05","","Sat Nov 02 01:14:25 GMT 2024","passed","Sat Nov 02 01:14:25 GMT 2024","","FORMULA","FORMULA",""
"","2","ADD-REMOVE-MATCH-SS-STRINGS.02","","Sat Nov 02 00:50:49 GMT 2024","passed","Sat Nov 02 00:50:49 GMT 2024","","SPACES","SPACES",""
"","2","SEQUENTIAL-NESTED.12","","Sat Nov 02 00:39:10 GMT 2024","passed","Sat Nov 02 00:39:10 GMT 2024","","METTA-MORPH-TESTS","METTA-MORPH-TESTS",""
"","40","FORWARD-CHAINER-XP.05","","Sat Nov 02 01:16:32 GMT 2024","failed","Sat Nov 02 01:16:32 GMT 2024","","FORWARD-CHAINER","FORWARD-CHAINER",""
"","2","EVIDENTIALTRUTHVALUETEST.03","","Sat Nov 02 01:14:29 GMT 2024","passed","Sat Nov 02 01:14:29 GMT 2024","","TRUTHVALUE","TRUTHVALUE",""
"","3","CHAPTER-2-2.12","","Sat Nov 02 00:53:06 GMT 2024","passed","Sat Nov 02 00:53:06 GMT 2024","","SICP-BOOK","SICP-BOOK",""
"","39000","hol.NatSimpleTest","","Sat Nov 02 00:33:40 GMT 2024","passed","Sat Nov 02 00:34:19 GMT 2024","","WHOLE-TESTS","WHOLE-TESTS",""
"","15","TEST-INFER-FUNCTION-APPLICATION-TYPE.08","","Sat Nov 02 01:55:28 GMT 2024","failed","Sat Nov 02 01:55:28 GMT 2024","","BASIC","BASIC",""
"","2","LTE.02","","Sat Nov 02 00:51:31 GMT 2024","passed","Sat Nov 02 00:51:31 GMT 2024","","STD","STD",""
"","2","BCHAIN.03","","Sat Nov 02 01:46:54 GMT 2024","passed","Sat Nov 02 01:46:54 GMT 2024","","WALK-THRU","WALK-THRU",""
"","2","MATCH-VOID.10","","Sat Nov 02 00:39:10 GMT 2024","passed","Sat Nov 02 00:39:10 GMT 2024","","METTA-MORPH-TESTS","METTA-MORPH-TESTS",""
"","2","BACKWARD-CHAINER-XP.27","","Sat Nov 02 01:13:49 GMT 2024","passed","Sat Nov 02 01:13:49 GMT 2024","","BACKWARD-CHAINER","BACKWARD-CHAINER",""
"","2","IMPL-METTALOGTESTCURRIED.10","","Sat Nov 02 01:46:54 GMT 2024","passed","Sat Nov 02 01:46:54 GMT 2024","","WALK-THRU","WALK-THRU",""
"","2","METTALOGTESTCURRIED2.04","","Sat Nov 02 00:41:19 GMT 2024","passed","Sat Nov 02 00:41:19 GMT 2024","","ANTI-REGRESSION","ANTI-REGRESSION",""
"","119","DEDUCTIONDTLTEST.04","","Sat Nov 02 01:12:41 GMT 2024","passed","Sat Nov 02 01:12:41 GMT 2024","","DEPENDENT-TYPES","DEPENDENT-TYPES",""
"","4000","synth_buffer.synthesize","","Sat Nov 02 00:33:40 GMT 2024","passed","Sat Nov 02 00:33:44 GMT 2024","","WHOLE-TESTS","WHOLE-TESTS",""
"","3","CHAPTER-2-4.16","","Sat Nov 02 00:53:06 GMT 2024","passed","Sat Nov 02 00:53:06 GMT 2024","","SICP-BOOK","SICP-BOOK",""
"","2","TYPES-PRELIM.09","","Sat Nov 02 00:48:28 GMT 2024","passed","Sat Nov 02 00:48:28 GMT 2024","","CHAINING","CHAINING",""
"","2","UNIFY-VIA-LET.07","","Sat Nov 02 01:24:29 GMT 2024","passed","Sat Nov 02 01:24:29 GMT 2024","","EXPERIMENTS","EXPERIMENTS",""
"","2","TYPE-PROP.13","","Sat Nov 02 01:09:38 GMT 2024","passed","Sat Nov 02 01:09:38 GMT 2024","","CHECK-TYPES-TEMP","CHECK-TYPES-TEMP",""
"","2","D2-HIGHERFUNC.14","","Sat Nov 02 00:33:44 GMT 2024","passed","Sat Nov 02 00:33:44 GMT 2024","","HYPERON-EXPERIMENTAL-SCRIPTS","HYPERON-EXPERIMENTAL-SCRIPTS",""
"","6000","anti-regression.bc_comp","","Sat Nov 02 00:33:40 GMT 2024","passed","Sat Nov 02 00:33:46 GMT 2024","","WHOLE-TESTS","WHOLE-TESTS",""
"","40000","basic.fibo","","Sat Nov 02 00:33:40 GMT 2024","failed","Sat Nov 02 00:34:20 GMT 2024","","WHOLE-TESTS","WHOLE-TESTS",""
"","3","INF-CTL-XP.02","","Sat Nov 02 01:17:56 GMT 2024","passed","Sat Nov 02 01:17:56 GMT 2024","","INFERENCE-CONTROL","INFERENCE-CONTROL",""
"","2","PREREQS.04","","Sat Nov 02 00:44:01 GMT 2024","passed","Sat Nov 02 00:44:01 GMT 2024","","MAIN-BRANCH","MAIN-BRANCH",""
"","2","D4-TYPE-PROP.08","","Sat Nov 02 00:33:44 GMT 2024","passed","Sat Nov 02 00:33:44 GMT 2024","","HYPERON-EXPERIMENTAL-SCRIPTS","HYPERON-EXPERIMENTAL-SCRIPTS",""
"","3","D3-DEPTYPES.01","","Sat Nov 02 00:33:44 GMT 2024","passed","Sat Nov 02 00:33:44 GMT 2024","","HYPERON-EXPERIMENTAL-SCRIPTS","HYPERON-EXPERIMENTAL-SCRIPTS",""
"","108","SPACE-INTERSECTION-TESTS.17","","Sat Nov 02 00:35:19 GMT 2024","failed","Sat Nov 02 00:35:19 GMT 2024","","HYPERON-METTALOG-SANITY","HYPERON-METTALOG-SANITY",""
"","2","CHAPTER-1-1.03","","Sat Nov 02 00:53:06 GMT 2024","passed","Sat Nov 02 00:53:06 GMT 2024","","SICP-BOOK","SICP-BOOK",""
"","2","MATCH-VOID.06","","Sat Nov 02 00:39:10 GMT 2024","passed","Sat Nov 02 00:39:10 GMT 2024","","METTA-MORPH-TESTS","METTA-MORPH-TESTS",""
"","2","ADD-REMOVE-MATCH-MIX-FLOAT-INTEGER.23","","Sat Nov 02 00:50:49 GMT 2024","passed","Sat Nov 02 00:50:49 GMT 2024","","SPACES","SPACES",""
"","2","C2-SPACES.03","","Sat Nov 02 00:33:44 GMT 2024","passed","Sat Nov 02 00:33:44 GMT 2024","","HYPERON-EXPERIMENTAL-SCRIPTS","HYPERON-EXPERIMENTAL-SCRIPTS",""
"","2","TESTS3.05","","Sat Nov 02 00:44:01 GMT 2024","passed","Sat Nov 02 00:44:01 GMT 2024","","MAIN-BRANCH","MAIN-BRANCH",""
"","5","SPACE-SUBTRACTION-TESTS.10","","Sat Nov 02 00:35:19 GMT 2024","passed","Sat Nov 02 00:35:19 GMT 2024","","HYPERON-METTALOG-SANITY","HYPERON-METTALOG-SANITY",""
"","2","IFC-XP.33","","Sat Nov 02 01:19:56 GMT 2024","passed","Sat Nov 02 01:19:56 GMT 2024","","ITERATIVE-CHAINING","ITERATIVE-CHAINING",""
"","2","BC-XP.23","","Sat Nov 02 01:13:54 GMT 2024","passed","Sat Nov 02 01:13:54 GMT 2024","","BACKWARD-CHAINING","BACKWARD-CHAINING",""
"","14","D1-GADT.09","","Sat Nov 02 01:09:59 GMT 2024","passed","Sat Nov 02 01:09:59 GMT 2024","","CHECK-TYPES","CHECK-TYPES",""
"","6000","hol.NatStandaloneTest","","Sat Nov 02 00:33:40 GMT 2024","passed","Sat Nov 02 00:33:46 GMT 2024","","WHOLE-TESTS","WHOLE-TESTS",""
"","45000","new.tests2","","Sat Nov 02 00:33:40 GMT 2024","failed","Sat Nov 02 00:34:25 GMT 2024","","WHOLE-TESTS","WHOLE-TESTS",""
"","5000","check_types.e2_states","","Sat Nov 02 00:33:40 GMT 2024","passed","Sat Nov 02 00:33:45 GMT 2024","","WHOLE-TESTS","WHOLE-TESTS",""
"","40000","SICP_book.chapter_1_2","","Sat Nov 02 00:33:40 GMT 2024","failed","Sat Nov 02 00:34:20 GMT 2024","","WHOLE-TESTS","WHOLE-TESTS",""
"","41000","current.tests1","","Sat Nov 02 00:33:40 GMT 2024","failed","Sat Nov 02 00:34:21 GMT 2024","","WHOLE-TESTS","WHOLE-TESTS",""
"","2138","TESTS5.07","","Sat Nov 02 00:44:01 GMT 2024","failed","Sat Nov 02 00:44:03 GMT 2024","","MAIN-BRANCH","MAIN-BRANCH",""
"","2","NATSTANDALONETEST.01","","Sat Nov 02 01:16:47 GMT 2024","passed","Sat Nov 02 01:16:47 GMT 2024","","HOL","HOL",""
"","3","B1-EQUAL-CHAIN.01","","Sat Nov 02 00:33:44 GMT 2024","passed","Sat Nov 02 00:33:44 GMT 2024","","HYPERON-EXPERIMENTAL-SCRIPTS","HYPERON-EXPERIMENTAL-SCRIPTS",""
"","77","00-LANG-CASE.08","","Sat Nov 02 00:35:19 GMT 2024","passed","Sat Nov 02 00:35:19 GMT 2024","","HYPERON-METTALOG-SANITY","HYPERON-METTALOG-SANITY",""
"","364","SELF-CONTAINED-SYNTHESIZE.08","","Sat Nov 02 01:24:29 GMT 2024","failed","Sat Nov 02 01:24:29 GMT 2024","","EXPERIMENTS","EXPERIMENTS",""
"","1","SEQUENTIAL-NESTED.06","","Sat Nov 02 00:39:10 GMT 2024","passed","Sat Nov 02 00:39:10 GMT 2024","","METTA-MORPH-TESTS","METTA-MORPH-TESTS",""
"","2","TEST-IF-CLOSED.09","","Sat Nov 02 00:41:19 GMT 2024","passed","Sat Nov 02 00:41:19 GMT 2024","","ANTI-REGRESSION","ANTI-REGRESSION",""
"","3","TESTS0.03","","Sat Nov 02 00:39:10 GMT 2024","passed","Sat Nov 02 00:39:10 GMT 2024","","METTA-MORPH-TESTS","METTA-MORPH-TESTS",""
"","3","BACKWARD-CHAINER-XP.11","","Sat Nov 02 01:13:49 GMT 2024","passed","Sat Nov 02 01:13:49 GMT 2024","","BACKWARD-CHAINER","BACKWARD-CHAINER",""
"","3","DEDUCTIONDTLTEST.03","","Sat Nov 02 01:12:41 GMT 2024","passed","Sat Nov 02 01:12:41 GMT 2024","","DEPENDENT-TYPES","DEPENDENT-TYPES",""
"","2","IFC-XP.27","","Sat Nov 02 01:19:56 GMT 2024","passed","Sat Nov 02 01:19:56 GMT 2024","","ITERATIVE-CHAINING","ITERATIVE-CHAINING",""
"","7","CHAPTER-1-2.01","","Sat Nov 02 00:53:06 GMT 2024","passed","Sat Nov 02 00:53:06 GMT 2024","","SICP-BOOK","SICP-BOOK",""
"","4000","basic.pathfinding-hard-f","","Sat Nov 02 00:33:40 GMT 2024","passed","Sat Nov 02 00:33:44 GMT 2024","","WHOLE-TESTS","WHOLE-TESTS",""
"","4","IMPLICATIONDIRECTINTRODUCTIONDTLTEST.10","","Sat Nov 02 01:12:41 GMT 2024","passed","Sat Nov 02 01:12:41 GMT 2024","","DEPENDENT-TYPES","DEPENDENT-TYPES",""
"","5000","metta-morph_tests.let_superpose_if_case","","Sat Nov 02 00:33:40 GMT 2024","passed","Sat Nov 02 00:33:45 GMT 2024","","WHOLE-TESTS","WHOLE-TESTS",""
"","2","CURRIED-CHAINER.06","","Sat Nov 02 01:14:39 GMT 2024","passed","Sat Nov 02 01:14:39 GMT 2024","","CURRIED-CHAINING","CURRIED-CHAINING",""
"","2","BC-XP.24","","Sat Nov 02 01:13:54 GMT 2024","passed","Sat Nov 02 01:13:54 GMT 2024","","BACKWARD-CHAINING","BACKWARD-CHAINING",""
"","3","B5-TYPES-PRELIM.22","","Sat Nov 02 00:33:44 GMT 2024","passed","Sat Nov 02 00:33:44 GMT 2024","","HYPERON-EXPERIMENTAL-SCRIPTS","HYPERON-EXPERIMENTAL-SCRIPTS",""
"","1","D2-HIGHERFUNC.17","","Sat Nov 02 01:09:59 GMT 2024","passed","Sat Nov 02 01:09:59 GMT 2024","","CHECK-TYPES","CHECK-TYPES",""
"","4","IMPLICATIONDIRECTINTRODUCTIONDTLTEST.08","","Sat Nov 02 01:12:41 GMT 2024","passed","Sat Nov 02 01:12:41 GMT 2024","","DEPENDENT-TYPES","DEPENDENT-TYPES",""
"","4000","spaces.add-remove-match-s-symbols","","Sat Nov 02 00:33:40 GMT 2024","passed","Sat Nov 02 00:33:44 GMT 2024","","WHOLE-TESTS","WHOLE-TESTS",""
"","88","B5-TYPES-PRELIM.11","","Sat Nov 02 00:33:44 GMT 2024","failed","Sat Nov 02 00:33:44 GMT 2024","","HYPERON-EXPERIMENTAL-SCRIPTS","HYPERON-EXPERIMENTAL-SCRIPTS",""
"","14","D2-HIGHERFUNC.22","","Sat Nov 02 01:09:59 GMT 2024","passed","Sat Nov 02 01:09:59 GMT 2024","","CHECK-TYPES","CHECK-TYPES",""
"","4","TESTS0.01","","Sat Nov 02 00:44:01 GMT 2024","passed","Sat Nov 02 00:44:01 GMT 2024","","MAIN-BRANCH","MAIN-BRANCH",""
"","19","D3-DEPTYPES.07","","Sat Nov 02 01:09:59 GMT 2024","passed","Sat Nov 02 01:09:59 GMT 2024","","CHECK-TYPES","CHECK-TYPES",""
"","21","INF-CTL-MONTH-XP.06","","Sat Nov 02 01:17:56 GMT 2024","failed","Sat Nov 02 01:17:56 GMT 2024","","INFERENCE-CONTROL","INFERENCE-CONTROL",""
"","14","D2-HIGHERFUNC.22","","Sat Nov 02 00:33:44 GMT 2024","passed","Sat Nov 02 00:33:44 GMT 2024","","HYPERON-EXPERIMENTAL-SCRIPTS","HYPERON-EXPERIMENTAL-SCRIPTS",""
"","5000","metta-morph_tests.types2","","Sat Nov 02 00:33:40 GMT 2024","passed","Sat Nov 02 00:33:45 GMT 2024","","WHOLE-TESTS","WHOLE-TESTS",""
"","2","STRING-TESTS.17","","Sat Nov 02 00:35:19 GMT 2024","passed","Sat Nov 02 00:35:19 GMT 2024","","HYPERON-METTALOG-SANITY","HYPERON-METTALOG-SANITY",""
"","2","STRING-TESTS.18","","Sat Nov 02 00:35:19 GMT 2024","passed","Sat Nov 02 00:35:19 GMT 2024","","HYPERON-METTALOG-SANITY","HYPERON-METTALOG-SANITY",""
"","100","EXAM-SPACES.04","","Sat Nov 02 00:50:33 GMT 2024","passed","Sat Nov 02 00:50:33 GMT 2024","","INTROSPECT","INTROSPECT",""
"","25","NATDTLTEST.04","","Sat Nov 02 01:16:47 GMT 2024","failed","Sat Nov 02 01:16:47 GMT 2024","","HOL","HOL",""
"","2","AI-SERVICE-COMPOSITION-EASY.05","","Sat Nov 02 01:07:06 GMT 2024","passed","Sat Nov 02 01:07:06 GMT 2024","","AI-SERVICE","AI-SERVICE",""
"","2","SUPERCOLLAPSE.06","","Sat Nov 02 00:39:10 GMT 2024","passed","Sat Nov 02 00:39:10 GMT 2024","","METTA-MORPH-TESTS","METTA-MORPH-TESTS",""
"","2","BACKWARD-CHAINER-XP.45","","Sat Nov 02 01:13:49 GMT 2024","passed","Sat Nov 02 01:13:49 GMT 2024","","BACKWARD-CHAINER","BACKWARD-CHAINER",""
"","2","INF-CTL-MONTH-XP-SHORT-3.06","","Sat Nov 02 02:01:49 GMT 2024","passed","Sat Nov 02 02:01:49 GMT 2024","","COMPARISONS","COMPARISONS",""
"","4","SYNTHESIZE-VIA-CASE-TEST.04","","Sat Nov 02 01:24:29 GMT 2024","passed","Sat Nov 02 01:24:29 GMT 2024","","EXPERIMENTS","EXPERIMENTS",""
"","2","D2-HIGHERFUNC.08","","Sat Nov 02 00:43:32 GMT 2024","passed","Sat Nov 02 00:43:32 GMT 2024","","QUICK","QUICK",""
"","2","F1-IMPORTS.10","","Sat Nov 02 00:33:35 GMT 2024","passed","Sat Nov 02 00:33:35 GMT 2024","","MODULE-SYSTEM","MODULE-SYSTEM",""
"","61","STDLIB-METTALOG-TEST-PT2.08","","Sat Nov 02 00:52:56 GMT 2024","failed","Sat Nov 02 00:52:56 GMT 2024","","STDLIB-METTALOG","STDLIB-METTALOG",""
"","2","A1-SYMBOLS.04","","Sat Nov 02 00:33:44 GMT 2024","passed","Sat Nov 02 00:33:44 GMT 2024","","HYPERON-EXPERIMENTAL-SCRIPTS","HYPERON-EXPERIMENTAL-SCRIPTS",""
"","3","F1-IMPORTS.12","","Sat Nov 02 00:33:35 GMT 2024","passed","Sat Nov 02 00:33:35 GMT 2024","","MODULE-SYSTEM","MODULE-SYSTEM",""
"","2","NATDTLTEST.02","","Sat Nov 02 01:16:47 GMT 2024","passed","Sat Nov 02 01:16:47 GMT 2024","","HOL","HOL",""
"","3","ALL-ANY.01","","Sat Nov 02 01:01:03 GMT 2024","passed","Sat Nov 02 01:01:03 GMT 2024","","LOGIC","LOGIC",""
"","3","ZEROARGS.01","","Sat Nov 02 00:39:10 GMT 2024","passed","Sat Nov 02 00:39:10 GMT 2024","","METTA-MORPH-TESTS","METTA-MORPH-TESTS",""
"","3","F1-IMPORTS.19","","Sat Nov 02 00:33:44 GMT 2024","passed","Sat Nov 02 00:33:44 GMT 2024","","HYPERON-EXPERIMENTAL-SCRIPTS","HYPERON-EXPERIMENTAL-SCRIPTS",""
"","2","B5-TYPES-PRELIM.12","","Sat Nov 02 01:09:38 GMT 2024","passed","Sat Nov 02 01:09:38 GMT 2024","","CHECK-TYPES-TEMP","CHECK-TYPES-TEMP",""
"","9","D4-TYPE-PROP.03","","Sat Nov 02 00:43:32 GMT 2024","passed","Sat Nov 02 00:43:32 GMT 2024","","QUICK","QUICK",""
"","82","INTERSECTION-TESTS.06","","Sat Nov 02 00:35:19 GMT 2024","passed","Sat Nov 02 00:35:19 GMT 2024","","HYPERON-METTALOG-SANITY","HYPERON-METTALOG-SANITY",""
"","2","NATPARITYTEST.09","","Sat Nov 02 01:16:47 GMT 2024","passed","Sat Nov 02 01:16:47 GMT 2024","","HOL","HOL",""
"","3","FORWARD-CHAINER-XP.12","","Sat Nov 02 01:16:32 GMT 2024","passed","Sat Nov 02 01:16:32 GMT 2024","","FORWARD-CHAINER","FORWARD-CHAINER",""
"","124","ADD-REMOVE-MATCH-S-SYMBOLS.14","","Sat Nov 02 00:50:49 GMT 2024","passed","Sat Nov 02 00:50:49 GMT 2024","","SPACES","SPACES",""
"","3","D4-TYPE-PROP.19","","Sat Nov 02 00:33:44 GMT 2024","passed","Sat Nov 02 00:33:44 GMT 2024","","HYPERON-EXPERIMENTAL-SCRIPTS","HYPERON-EXPERIMENTAL-SCRIPTS",""
"","556","NATPARITYTEST.17","","Sat Nov 02 01:16:47 GMT 2024","passed","Sat Nov 02 01:16:47 GMT 2024","","HOL","HOL",""
"","45000","nars_v0.tests5","","Sat Nov 02 00:33:40 GMT 2024","failed","Sat Nov 02 00:34:25 GMT 2024","","WHOLE-TESTS","WHOLE-TESTS",""
"","144","TEST-SPO-5000.01","","Sat Nov 02 00:41:54 GMT 2024","passed","Sat Nov 02 00:41:54 GMT 2024","","METTA-WAM-ISSUE-116","METTA-WAM-ISSUE-116",""
"","3","TMPMATCH2.01","","Sat Nov 02 00:41:19 GMT 2024","passed","Sat Nov 02 00:41:19 GMT 2024","","ANTI-REGRESSION","ANTI-REGRESSION",""
"","5","TRUTHVALUETEST.03","","Sat Nov 02 01:14:29 GMT 2024","passed","Sat Nov 02 01:14:29 GMT 2024","","TRUTHVALUE","TRUTHVALUE",""
"","2","D4-TYPE-PROP.10","","Sat Nov 02 00:43:32 GMT 2024","passed","Sat Nov 02 00:43:32 GMT 2024","","QUICK","QUICK",""
"","5000","dependent-types.MinerDTLTest","","Sat Nov 02 00:33:40 GMT 2024","passed","Sat Nov 02 00:33:45 GMT 2024","","WHOLE-TESTS","WHOLE-TESTS",""
"","1","B4-NONDETERM.06","","Sat Nov 02 00:33:44 GMT 2024","passed","Sat Nov 02 00:33:44 GMT 2024","","HYPERON-EXPERIMENTAL-SCRIPTS","HYPERON-EXPERIMENTAL-SCRIPTS",""
"","26000","walk_thru.system_proofTestCurried","","Sat Nov 02 00:33:40 GMT 2024","passed","Sat Nov 02 00:34:06 GMT 2024","","WHOLE-TESTS","WHOLE-TESTS",""
"","35","STRUCTURE-TESTS.01","","Sat Nov 02 00:35:19 GMT 2024","passed","Sat Nov 02 00:35:19 GMT 2024","","HYPERON-METTALOG-SANITY","HYPERON-METTALOG-SANITY",""
"","1","ADD-REMOVE-MATCH-SS-SYMBOLS.06","","Sat Nov 02 00:50:49 GMT 2024","passed","Sat Nov 02 00:50:49 GMT 2024","","SPACES","SPACES",""
"","2","ADD-REMOVE-MATCH-STRINGS.02","","Sat Nov 02 00:50:49 GMT 2024","passed","Sat Nov 02 00:50:49 GMT 2024","","SPACES","SPACES",""
"","3","ORIENTATION-TEST.02","","Sat Nov 02 01:23:38 GMT 2024","passed","Sat Nov 02 01:23:38 GMT 2024","","ORIENTATION","ORIENTATION",""
"","2","TYPE-PROP.03","","Sat Nov 02 00:48:28 GMT 2024","passed","Sat Nov 02 00:48:28 GMT 2024","","CHAINING","CHAINING",""
"","140","ADD-REMOVE-MATCH-SS-STRINGS.14","","Sat Nov 02 00:50:49 GMT 2024","passed","Sat Nov 02 00:50:49 GMT 2024","","SPACES","SPACES",""
"","45000","nars_v0.tests2","","Sat Nov 02 00:33:40 GMT 2024","failed","Sat Nov 02 00:34:25 GMT 2024","","WHOLE-TESTS","WHOLE-TESTS",""
"","3","STRING-TESTS.01","","Sat Nov 02 00:35:19 GMT 2024","passed","Sat Nov 02 00:35:19 GMT 2024","","HYPERON-METTALOG-SANITY","HYPERON-METTALOG-SANITY",""
"","2","ADD-REMOVE-MATCH-FLOAT.04","","Sat Nov 02 00:50:49 GMT 2024","passed","Sat Nov 02 00:50:49 GMT 2024","","SPACES","SPACES",""
"","10148","SIMPLE.01","","Sat Nov 02 00:59:59 GMT 2024","passed","Sat Nov 02 01:00:09 GMT 2024","","FIZZBUZZ","FIZZBUZZ",""
"","5","UNIQUE-TEST.13","","Sat Nov 02 00:35:19 GMT 2024","passed","Sat Nov 02 00:35:19 GMT 2024","","HYPERON-METTALOG-SANITY","HYPERON-METTALOG-SANITY",""
"","2","EXAM-SPACES.03","","Sat Nov 02 00:50:33 GMT 2024","passed","Sat Nov 02 00:50:33 GMT 2024","","INTROSPECT","INTROSPECT",""
"","2","TYPE-PROP.22","","Sat Nov 02 01:09:38 GMT 2024","passed","Sat Nov 02 01:09:38 GMT 2024","","CHECK-TYPES-TEMP","CHECK-TYPES-TEMP",""
"","2","COLLAPSE.01","","Sat Nov 02 00:39:10 GMT 2024","passed","Sat Nov 02 00:39:10 GMT 2024","","METTA-MORPH-TESTS","METTA-MORPH-TESTS",""
"","4000","basic.cml-unshared","","Sat Nov 02 00:33:40 GMT 2024","passed","Sat Nov 02 00:33:44 GMT 2024","","WHOLE-TESTS","WHOLE-TESTS",""
"","1","TYPE-PROP.47","","Sat Nov 02 01:09:38 GMT 2024","passed","Sat Nov 02 01:09:38 GMT 2024","","CHECK-TYPES-TEMP","CHECK-TYPES-TEMP",""
"","2","IFC-XP.06","","Sat Nov 02 01:19:56 GMT 2024","passed","Sat Nov 02 01:19:56 GMT 2024","","ITERATIVE-CHAINING","ITERATIVE-CHAINING",""
"","3","01-LANG-INC.02","","Sat Nov 02 00:35:19 GMT 2024","passed","Sat Nov 02 00:35:19 GMT 2024","","HYPERON-METTALOG-SANITY","HYPERON-METTALOG-SANITY",""
"","22","INF-CTL-XP.15","","Sat Nov 02 01:17:56 GMT 2024","failed","Sat Nov 02 01:17:56 GMT 2024","","INFERENCE-CONTROL","INFERENCE-CONTROL",""
"","40000","SICP_book.chapter_2_1","","Sat Nov 02 00:33:40 GMT 2024","failed","Sat Nov 02 00:34:20 GMT 2024","","WHOLE-TESTS","WHOLE-TESTS",""
"","6000","metta-morph_tests.minnars","","Sat Nov 02 00:33:40 GMT 2024","passed","Sat Nov 02 00:33:46 GMT 2024","","WHOLE-TESTS","WHOLE-TESTS",""
"","4000","hyperon-mettalog_sanity.00_lang_case","","Sat Nov 02 00:33:40 GMT 2024","passed","Sat Nov 02 00:33:44 GMT 2024","","WHOLE-TESTS","WHOLE-TESTS",""
"","13","MATCH-VOID.05","","Sat Nov 02 00:39:10 GMT 2024","passed","Sat Nov 02 00:39:10 GMT 2024","","METTA-MORPH-TESTS","METTA-MORPH-TESTS",""
"","13","SPACE-INTERSECTION-TESTS.16","","Sat Nov 02 00:35:19 GMT 2024","failed","Sat Nov 02 00:35:19 GMT 2024","","HYPERON-METTALOG-SANITY","HYPERON-METTALOG-SANITY",""
"","52","STDLIB-METTALOG-TEST-PT2.11","","Sat Nov 02 00:52:56 GMT 2024","failed","Sat Nov 02 00:52:56 GMT 2024","","STDLIB-METTALOG","STDLIB-METTALOG",""
"","4000","chaining.parent_go_comp","","Sat Nov 02 00:33:40 GMT 2024","passed","Sat Nov 02 00:33:44 GMT 2024","","WHOLE-TESTS","WHOLE-TESTS",""
"","3","PEANO.01","","Sat Nov 02 01:46:29 GMT 2024","passed","Sat Nov 02 01:46:29 GMT 2024","","TRANSPILER","TRANSPILER",""
"","5000","hyperon-mettalog_sanity.is_space","","Sat Nov 02 00:33:40 GMT 2024","passed","Sat Nov 02 00:33:45 GMT 2024","","WHOLE-TESTS","WHOLE-TESTS",""
"","4000","hyperon-mettalog_sanity.or_test","","Sat Nov 02 00:33:40 GMT 2024","passed","Sat Nov 02 00:33:44 GMT 2024","","WHOLE-TESTS","WHOLE-TESTS",""
"","163","DEDUCTIONMATCHTEST.01","","Sat Nov 02 01:20:15 GMT 2024","failed","Sat Nov 02 01:20:15 GMT 2024","","MATCH","MATCH",""
"","2","D1-GADT.08","","Sat Nov 02 00:43:32 GMT 2024","passed","Sat Nov 02 00:43:32 GMT 2024","","QUICK","QUICK",""
"","2","ADD-REMOVE-MATCH-INTEGER.05","","Sat Nov 02 00:50:49 GMT 2024","passed","Sat Nov 02 00:50:49 GMT 2024","","SPACES","SPACES",""
"","189","SYNTHESIZE-VIA-UNIFY-TEST.04","","Sat Nov 02 01:24:29 GMT 2024","failed","Sat Nov 02 01:24:29 GMT 2024","","EXPERIMENTS","EXPERIMENTS",""
"","21","INF-CTL-MONTH-XP.11","","Sat Nov 02 01:17:56 GMT 2024","failed","Sat Nov 02 01:17:56 GMT 2024","","INFERENCE-CONTROL","INFERENCE-CONTROL",""
"","3","LTE.08","","Sat Nov 02 00:51:31 GMT 2024","passed","Sat Nov 02 00:51:31 GMT 2024","","STD","STD",""
"","2","UNIFY-VIA-LET.03","","Sat Nov 02 01:24:29 GMT 2024","passed","Sat Nov 02 01:24:29 GMT 2024","","EXPERIMENTS","EXPERIMENTS",""
"","4000","hyperon-experimental_scripts.d3_deptypes","","Sat Nov 02 00:33:40 GMT 2024","passed","Sat Nov 02 00:33:44 GMT 2024","","WHOLE-TESTS","WHOLE-TESTS",""
"","3","IDENTITY.01","","Sat Nov 02 00:39:10 GMT 2024","passed","Sat Nov 02 00:39:10 GMT 2024","","METTA-MORPH-TESTS","METTA-MORPH-TESTS",""
"","5000","equal.ImplicationDirectIntroductionEqualTest","","Sat Nov 02 00:33:40 GMT 2024","passed","Sat Nov 02 00:33:45 GMT 2024","","WHOLE-TESTS","WHOLE-TESTS",""
"","2","STDLIB-METTALOG-TEST-PT2.32","","Sat Nov 02 00:52:56 GMT 2024","passed","Sat Nov 02 00:52:56 GMT 2024","","STDLIB-METTALOG","STDLIB-METTALOG",""
"","4","E2-STATES.02","","Sat Nov 02 00:33:44 GMT 2024","passed","Sat Nov 02 00:33:44 GMT 2024","","HYPERON-EXPERIMENTAL-SCRIPTS","HYPERON-EXPERIMENTAL-SCRIPTS",""
"","6000","std.lte","","Sat Nov 02 00:33:40 GMT 2024","passed","Sat Nov 02 00:33:46 GMT 2024","","WHOLE-TESTS","WHOLE-TESTS",""
"","1","D2-HIGHERFUNC.13","","Sat Nov 02 01:09:59 GMT 2024","passed","Sat Nov 02 01:09:59 GMT 2024","","CHECK-TYPES","CHECK-TYPES",""
"","2","FC-XP.08","","Sat Nov 02 01:16:42 GMT 2024","passed","Sat Nov 02 01:16:42 GMT 2024","","FORWARD-CHAINING","FORWARD-CHAINING",""
"","2","OR-TEST.06","","Sat Nov 02 00:35:19 GMT 2024","passed","Sat Nov 02 00:35:19 GMT 2024","","HYPERON-METTALOG-SANITY","HYPERON-METTALOG-SANITY",""
"","14","CHAPTER-2-4.20","","Sat Nov 02 00:53:06 GMT 2024","failed","Sat Nov 02 00:53:06 GMT 2024","","SICP-BOOK","SICP-BOOK",""
"","51","STDLIB-METTALOG-TEST-PT2.23","","Sat Nov 02 00:52:56 GMT 2024","failed","Sat Nov 02 00:52:56 GMT 2024","","STDLIB-METTALOG","STDLIB-METTALOG",""
"","56","IOIOIOI-USING-EQUALITY.02","","Sat Nov 02 01:53:12 GMT 2024","failed","Sat Nov 02 01:53:12 GMT 2024","","MULTIDIRECTIONAL","MULTIDIRECTIONAL",""
"","2","TESTS0.03","","Sat Nov 02 01:28:40 GMT 2024","passed","Sat Nov 02 01:28:40 GMT 2024","","CURRENT","CURRENT",""
"","3","PC-XP.12","","Sat Nov 02 01:22:39 GMT 2024","passed","Sat Nov 02 01:22:39 GMT 2024","","POLYWARD-CHAINING","POLYWARD-CHAINING",""
"","65","D5-AUTO-TYPES.03","","Sat Nov 02 00:33:44 GMT 2024","failed","Sat Nov 02 00:33:44 GMT 2024","","HYPERON-EXPERIMENTAL-SCRIPTS","HYPERON-EXPERIMENTAL-SCRIPTS",""
"","1","CHAPTER-1-1.09","","Sat Nov 02 00:53:06 GMT 2024","passed","Sat Nov 02 00:53:06 GMT 2024","","SICP-BOOK","SICP-BOOK",""
"","8000","comparisons.nils_if_control_test_5","","Sat Nov 02 00:33:40 GMT 2024","passed","Sat Nov 02 00:33:48 GMT 2024","","WHOLE-TESTS","WHOLE-TESTS",""
"","1","NATPARITYTEST.16","","Sat Nov 02 01:16:47 GMT 2024","passed","Sat Nov 02 01:16:47 GMT 2024","","HOL","HOL",""
"","43","BACKWARD-CHAINER-XP.25","","Sat Nov 02 01:13:49 GMT 2024","failed","Sat Nov 02 01:13:49 GMT 2024","","BACKWARD-CHAINER","BACKWARD-CHAINER",""
"","116","PROB-DEP-TYPES.05","","Sat Nov 02 01:01:42 GMT 2024","passed","Sat Nov 02 01:01:42 GMT 2024","","PROB-DEP-TYPES","PROB-DEP-TYPES",""
"","41","FORWARD-CHAINER-XP.21","","Sat Nov 02 01:16:32 GMT 2024","failed","Sat Nov 02 01:16:32 GMT 2024","","FORWARD-CHAINER","FORWARD-CHAINER",""
"","3","D4-TYPE-PROP.01","","Sat Nov 02 00:33:44 GMT 2024","passed","Sat Nov 02 00:33:44 GMT 2024","","HYPERON-EXPERIMENTAL-SCRIPTS","HYPERON-EXPERIMENTAL-SCRIPTS",""
"","108","SUBTYPING-TEST.05","","Sat Nov 02 01:22:44 GMT 2024","failed","Sat Nov 02 01:22:44 GMT 2024","","SUBTYPING","SUBTYPING",""
"","5000","walk_thru.tmpMatch2","","Sat Nov 02 00:33:40 GMT 2024","passed","Sat Nov 02 00:33:45 GMT 2024","","WHOLE-TESTS","WHOLE-TESTS",""
"","2","BC-XP.17","","Sat Nov 02 01:13:54 GMT 2024","passed","Sat Nov 02 01:13:54 GMT 2024","","BACKWARD-CHAINING","BACKWARD-CHAINING",""
"","2","C2-SPACES.04","","Sat Nov 02 00:33:35 GMT 2024","passed","Sat Nov 02 00:33:35 GMT 2024","","MODULE-SYSTEM","MODULE-SYSTEM",""
"","2","TYPES-PRELIM.17","","Sat Nov 02 00:48:28 GMT 2024","passed","Sat Nov 02 00:48:28 GMT 2024","","CHAINING","CHAINING",""
"","4","OR-TEST.14","","Sat Nov 02 00:35:19 GMT 2024","passed","Sat Nov 02 00:35:19 GMT 2024","","HYPERON-METTALOG-SANITY","HYPERON-METTALOG-SANITY",""
"","45","IFC-XP.20","","Sat Nov 02 01:19:56 GMT 2024","failed","Sat Nov 02 01:19:56 GMT 2024","","ITERATIVE-CHAINING","ITERATIVE-CHAINING",""
"","2","CHAPTER-1-1.20","","Sat Nov 02 00:53:06 GMT 2024","passed","Sat Nov 02 00:53:06 GMT 2024","","SICP-BOOK","SICP-BOOK",""
"","3","QUERIES.09","","Sat Nov 02 01:06:14 GMT 2024","passed","Sat Nov 02 01:06:14 GMT 2024","","STRIPS-TO-METTA-IMPROVED","STRIPS-TO-METTA-IMPROVED",""
"","3","QUERIES.01","","Sat Nov 02 01:06:14 GMT 2024","passed","Sat Nov 02 01:06:14 GMT 2024","","STRIPS-TO-METTA-IMPROVED","STRIPS-TO-METTA-IMPROVED",""
"","2","IBC-XP.06","","Sat Nov 02 01:19:56 GMT 2024","passed","Sat Nov 02 01:19:56 GMT 2024","","ITERATIVE-CHAINING","ITERATIVE-CHAINING",""
"","3","ADD-REMOVE-MATCH-INTEGER.01","","Sat Nov 02 00:50:49 GMT 2024","passed","Sat Nov 02 00:50:49 GMT 2024","","SPACES","SPACES",""
"","45000","typed-variables.even-number","","Sat Nov 02 00:33:40 GMT 2024","failed","Sat Nov 02 00:34:25 GMT 2024","","WHOLE-TESTS","WHOLE-TESTS",""
"","2","C1-GROUNDED-BASIC.16","","Sat Nov 02 00:43:32 GMT 2024","passed","Sat Nov 02 00:43:32 GMT 2024","","QUICK","QUICK",""
"","16","CHAPTER-2-4.19","","Sat Nov 02 00:53:06 GMT 2024","failed","Sat Nov 02 00:53:06 GMT 2024","","SICP-BOOK","SICP-BOOK",""
"","787","NATSIMPLETEST.05","","Sat Nov 02 01:16:47 GMT 2024","passed","Sat Nov 02 01:16:47 GMT 2024","","HOL","HOL",""
"","3","STATE-TYPES.01","","Sat Nov 02 01:55:28 GMT 2024","passed","Sat Nov 02 01:55:28 GMT 2024","","BASIC","BASIC",""
"","2","D2-HIGHERFUNC.11","","Sat Nov 02 00:43:32 GMT 2024","passed","Sat Nov 02 00:43:32 GMT 2024","","QUICK","QUICK",""
"","2","ADD-REMOVE-MATCH-FLOAT.03","","Sat Nov 02 00:50:49 GMT 2024","passed","Sat Nov 02 00:50:49 GMT 2024","","SPACES","SPACES",""
"","3","RUN-MINNARS.01","","Sat Nov 02 01:32:29 GMT 2024","passed","Sat Nov 02 01:32:29 GMT 2024","","NARS-EXTRAS","NARS-EXTRAS",""
"","1","ADD-REMOVE-MATCH-S-SYMBOLS.04","","Sat Nov 02 00:50:49 GMT 2024","passed","Sat Nov 02 00:50:49 GMT 2024","","SPACES","SPACES",""
"","5000","entail.ImplicationDirectIntroductionEntailTest","","Sat Nov 02 00:33:40 GMT 2024","passed","Sat Nov 02 00:33:45 GMT 2024","","WHOLE-TESTS","WHOLE-TESTS",""
"","958","BC-IMPL.02","","Sat Nov 02 01:46:54 GMT 2024","passed","Sat Nov 02 01:46:54 GMT 2024","","WALK-THRU","WALK-THRU",""
"","5000","polymorphic-types.examples-quants","","Sat Nov 02 00:33:40 GMT 2024","passed","Sat Nov 02 00:33:45 GMT 2024","","WHOLE-TESTS","WHOLE-TESTS",""
"","687","TESTS0.07","","Sat Nov 02 00:39:10 GMT 2024","passed","Sat Nov 02 00:39:10 GMT 2024","","METTA-MORPH-TESTS","METTA-MORPH-TESTS",""
"","1","KEY-LOOKUPS-MANY.02","","Sat Nov 02 01:55:28 GMT 2024","passed","Sat Nov 02 01:55:28 GMT 2024","","BASIC","BASIC",""
"","164","APPEND-USING-EQUALITY.01","","Sat Nov 02 01:53:12 GMT 2024","failed","Sat Nov 02 01:53:12 GMT 2024","","MULTIDIRECTIONAL","MULTIDIRECTIONAL",""
"","2","B5-TYPES-PRELIM.18","","Sat Nov 02 00:33:44 GMT 2024","passed","Sat Nov 02 00:33:44 GMT 2024","","HYPERON-EXPERIMENTAL-SCRIPTS","HYPERON-EXPERIMENTAL-SCRIPTS",""
"","2","F1-IMPORTS.16","","Sat Nov 02 00:33:35 GMT 2024","passed","Sat Nov 02 00:33:35 GMT 2024","","MODULE-SYSTEM","MODULE-SYSTEM",""
"","1803","PLLM-PENNTREE.03","","Sat Nov 02 02:07:59 GMT 2024","passed","Sat Nov 02 02:08:00 GMT 2024","","LANGUAGE-MODELS","LANGUAGE-MODELS",""
"","3","E2-STATES.11","","Sat Nov 02 00:33:44 GMT 2024","passed","Sat Nov 02 00:33:44 GMT 2024","","HYPERON-EXPERIMENTAL-SCRIPTS","HYPERON-EXPERIMENTAL-SCRIPTS",""
"","157","INF-ORDER-PROBS.01","","Sat Nov 02 01:01:42 GMT 2024","passed","Sat Nov 02 01:01:42 GMT 2024","","PROB-DEP-TYPES","PROB-DEP-TYPES",""
"","2","D2-HIGHERFUNC.05","","Sat Nov 02 00:33:44 GMT 2024","passed","Sat Nov 02 00:33:44 GMT 2024","","HYPERON-EXPERIMENTAL-SCRIPTS","HYPERON-EXPERIMENTAL-SCRIPTS",""
"","2","TYPE-PROP.04","","Sat Nov 02 01:09:38 GMT 2024","passed","Sat Nov 02 01:09:38 GMT 2024","","CHECK-TYPES-TEMP","CHECK-TYPES-TEMP",""
"","2","B5-TYPES-PRELIM.13","","Sat Nov 02 00:33:44 GMT 2024","passed","Sat Nov 02 00:33:44 GMT 2024","","HYPERON-EXPERIMENTAL-SCRIPTS","HYPERON-EXPERIMENTAL-SCRIPTS",""
"","1","KEY-LOOKUPS-MANY.07","","Sat Nov 02 01:55:28 GMT 2024","passed","Sat Nov 02 01:55:28 GMT 2024","","BASIC","BASIC",""
"","1","CML-UNSHARED.10","","Sat Nov 02 01:55:28 GMT 2024","passed","Sat Nov 02 01:55:28 GMT 2024","","BASIC","BASIC",""
"","4000","metta-morph_tests.match_void","","Sat Nov 02 00:33:40 GMT 2024","passed","Sat Nov 02 00:33:44 GMT 2024","","WHOLE-TESTS","WHOLE-TESTS",""
"","2","06-MATCH-IN-SPACE.06","","Sat Nov 02 00:35:19 GMT 2024","passed","Sat Nov 02 00:35:19 GMT 2024","","HYPERON-METTALOG-SANITY","HYPERON-METTALOG-SANITY",""
"","45","SUBTYPING-TEST.03","","Sat Nov 02 01:22:44 GMT 2024","passed","Sat Nov 02 01:22:44 GMT 2024","","SUBTYPING","SUBTYPING",""
"","2","NATSTANDALONETEST.03","","Sat Nov 02 01:16:47 GMT 2024","passed","Sat Nov 02 01:16:47 GMT 2024","","HOL","HOL",""
"","2","F1-MODULEA.04","","Sat Nov 02 00:33:44 GMT 2024","passed","Sat Nov 02 00:33:44 GMT 2024","","HYPERON-EXPERIMENTAL-SCRIPTS","HYPERON-EXPERIMENTAL-SCRIPTS",""
"","4000","metta-morph_tests.peano","","Sat Nov 02 00:33:40 GMT 2024","passed","Sat Nov 02 00:33:44 GMT 2024","","WHOLE-TESTS","WHOLE-TESTS",""
"","116","STDLIB-METTALOG-TEST-PT2.37","","Sat Nov 02 00:52:56 GMT 2024","failed","Sat Nov 02 00:52:56 GMT 2024","","STDLIB-METTALOG","STDLIB-METTALOG",""
"","14","TEST-INFER-FUNCTION-APPLICATION-TYPE.10","","Sat Nov 02 01:55:28 GMT 2024","failed","Sat Nov 02 01:55:28 GMT 2024","","BASIC","BASIC",""
"","2","00A-LANG-COMPILED-CASE.09","","Sat Nov 02 01:45:27 GMT 2024","passed","Sat Nov 02 01:45:27 GMT 2024","","DIRECT-COMP","DIRECT-COMP",""
"","3","D1-GADT.01","","Sat Nov 02 00:43:32 GMT 2024","passed","Sat Nov 02 00:43:32 GMT 2024","","QUICK","QUICK",""
"","2","AI-SERVICE-COMPOSITION-SANITY.06","","Sat Nov 02 01:07:06 GMT 2024","passed","Sat Nov 02 01:07:06 GMT 2024","","AI-SERVICE","AI-SERVICE",""
"","3","SUPERPOSE-NESTED.01","","Sat Nov 02 00:39:10 GMT 2024","passed","Sat Nov 02 00:39:10 GMT 2024","","METTA-MORPH-TESTS","METTA-MORPH-TESTS",""
"","2","C2-SPACES.05","","Sat Nov 02 00:33:35 GMT 2024","passed","Sat Nov 02 00:33:35 GMT 2024","","MODULE-SYSTEM","MODULE-SYSTEM",""
"","5","SHOW-TYPE.06","","Sat Nov 02 00:50:33 GMT 2024","passed","Sat Nov 02 00:50:33 GMT 2024","","INTROSPECT","INTROSPECT",""
"","2","F1-IMPORTS.13","","Sat Nov 02 00:33:35 GMT 2024","passed","Sat Nov 02 00:33:35 GMT 2024","","MODULE-SYSTEM","MODULE-SYSTEM",""
"","4","NTE.01","","Sat Nov 02 00:59:43 GMT 2024","passed","Sat Nov 02 00:59:43 GMT 2024","","EDGES-TO-EDGES","EDGES-TO-EDGES",""
"","2","TMPMATCH2.04","","Sat Nov 02 01:46:54 GMT 2024","passed","Sat Nov 02 01:46:54 GMT 2024","","WALK-THRU","WALK-THRU",""
"","75","NONDETERM.02","","Sat Nov 02 00:51:31 GMT 2024","passed","Sat Nov 02 00:51:31 GMT 2024","","STD","STD",""
"","2","B5-TYPES-PRELIM.12","","Sat Nov 02 00:33:44 GMT 2024","passed","Sat Nov 02 00:33:44 GMT 2024","","HYPERON-EXPERIMENTAL-SCRIPTS","HYPERON-EXPERIMENTAL-SCRIPTS",""
"","1","D4-TYPE-PROP.11","","Sat Nov 02 01:09:59 GMT 2024","passed","Sat Nov 02 01:09:59 GMT 2024","","CHECK-TYPES","CHECK-TYPES",""
"","154","STDLIB-METTALOG-TEST-PT2.20","","Sat Nov 02 00:52:56 GMT 2024","failed","Sat Nov 02 00:52:56 GMT 2024","","STDLIB-METTALOG","STDLIB-METTALOG",""
"","1","INF-CTL-MONTH-XP-SHORT-3.12","","Sat Nov 02 02:01:49 GMT 2024","passed","Sat Nov 02 02:01:49 GMT 2024","","COMPARISONS","COMPARISONS",""
"","2","METTALOGTESTCURRIED2.05","","Sat Nov 02 01:46:54 GMT 2024","passed","Sat Nov 02 01:46:54 GMT 2024","","WALK-THRU","WALK-THRU",""
"","52","TYPE-PROP.55","","Sat Nov 02 01:09:38 GMT 2024","failed","Sat Nov 02 01:09:38 GMT 2024","","CHECK-TYPES-TEMP","CHECK-TYPES-TEMP",""
"","292","SPACE-SUBTRACTION-TESTS.07","","Sat Nov 02 00:35:19 GMT 2024","passed","Sat Nov 02 00:35:19 GMT 2024","","HYPERON-METTALOG-SANITY","HYPERON-METTALOG-SANITY",""
"","2","F1-IMPORTS.15","","Sat Nov 02 00:33:44 GMT 2024","passed","Sat Nov 02 00:33:44 GMT 2024","","HYPERON-EXPERIMENTAL-SCRIPTS","HYPERON-EXPERIMENTAL-SCRIPTS",""
"","2","SYNTHESIZE-VIA-SUPERPOSE.02","","Sat Nov 02 01:24:29 GMT 2024","passed","Sat Nov 02 01:24:29 GMT 2024","","EXPERIMENTS","EXPERIMENTS",""
"","32","DEDUCTIONIMPLICATIONDIRECTINTRODUCTIONMATCHTEST.01","","Sat Nov 02 01:20:15 GMT 2024","passed","Sat Nov 02 01:20:15 GMT 2024","","MATCH","MATCH",""
"","2","B5-TYPES-PRELIM.17","","Sat Nov 02 00:33:44 GMT 2024","passed","Sat Nov 02 00:33:44 GMT 2024","","HYPERON-EXPERIMENTAL-SCRIPTS","HYPERON-EXPERIMENTAL-SCRIPTS",""
"","2","APPEND.05","","Sat Nov 02 01:53:12 GMT 2024","passed","Sat Nov 02 01:53:12 GMT 2024","","MULTIDIRECTIONAL","MULTIDIRECTIONAL",""
"","2","ADD-REMOVE-MATCH-INTEGER.02","","Sat Nov 02 00:50:49 GMT 2024","passed","Sat Nov 02 00:50:49 GMT 2024","","SPACES","SPACES",""
"","5000","hol.NatDTLTest","","Sat Nov 02 00:33:40 GMT 2024","passed","Sat Nov 02 00:33:45 GMT 2024","","WHOLE-TESTS","WHOLE-TESTS",""
"","65","PATHFINDING-EASY.01","","Sat Nov 02 01:55:28 GMT 2024","failed","Sat Nov 02 01:55:28 GMT 2024","","BASIC","BASIC",""
"","2","D2-HIGHERFUNC.03","","Sat Nov 02 00:43:32 GMT 2024","passed","Sat Nov 02 00:43:32 GMT 2024","","QUICK","QUICK",""
"","1","HYPERPOSING.07","","Sat Nov 02 01:55:28 GMT 2024","passed","Sat Nov 02 01:55:28 GMT 2024","","BASIC","BASIC",""
"","2","EXAM-SPACES.01","","Sat Nov 02 00:50:33 GMT 2024","passed","Sat Nov 02 00:50:33 GMT 2024","","INTROSPECT","INTROSPECT",""
"","2","D3-DEPTYPES.05","","Sat Nov 02 01:09:59 GMT 2024","passed","Sat Nov 02 01:09:59 GMT 2024","","CHECK-TYPES","CHECK-TYPES",""
"","3","SYNTHESIZE-VIA-TYPE-CHECKING.01","","Sat Nov 02 01:24:29 GMT 2024","passed","Sat Nov 02 01:24:29 GMT 2024","","EXPERIMENTS","EXPERIMENTS",""
"","3","FORWARD-CHAINER-TEST.16","","Sat Nov 02 01:16:32 GMT 2024","passed","Sat Nov 02 01:16:32 GMT 2024","","FORWARD-CHAINER","FORWARD-CHAINER",""
"","2","E2-STATES.10","","Sat Nov 02 00:33:44 GMT 2024","passed","Sat Nov 02 00:33:44 GMT 2024","","HYPERON-EXPERIMENTAL-SCRIPTS","HYPERON-EXPERIMENTAL-SCRIPTS",""
"","2","TESTS5.02","","Sat Nov 02 00:44:01 GMT 2024","passed","Sat Nov 02 00:44:01 GMT 2024","","MAIN-BRANCH","MAIN-BRANCH",""
"","2","INF-CTL-MONTH-BC-CONT-XP.22","","Sat Nov 02 01:17:56 GMT 2024","passed","Sat Nov 02 01:17:56 GMT 2024","","INFERENCE-CONTROL","INFERENCE-CONTROL",""
"","2","BCHAIN-COMP.04","","Sat Nov 02 01:46:54 GMT 2024","passed","Sat Nov 02 01:46:54 GMT 2024","","WALK-THRU","WALK-THRU",""
"","5000","direct_comp.define_if_like","","Sat Nov 02 00:33:40 GMT 2024","passed","Sat Nov 02 00:33:45 GMT 2024","","WHOLE-TESTS","WHOLE-TESTS",""
"","29","INF-CTL-MONTH-XP-SHORT-5.01","","Sat Nov 02 02:01:49 GMT 2024","failed","Sat Nov 02 02:01:49 GMT 2024","","COMPARISONS","COMPARISONS",""
"","48","TREE.02","","Sat Nov 02 00:58:22 GMT 2024","failed","Sat Nov 02 00:58:22 GMT 2024","","COMBINATOR-CALCULI","COMBINATOR-CALCULI",""
"","2","ADD-REMOVE-MATCH-MIX-FLOAT-INTEGER.11","","Sat Nov 02 00:50:49 GMT 2024","passed","Sat Nov 02 00:50:49 GMT 2024","","SPACES","SPACES",""
"","2","ADD-REMOVE-MATCH-S-STRINGS.03","","Sat Nov 02 00:50:49 GMT 2024","passed","Sat Nov 02 00:50:49 GMT 2024","","SPACES","SPACES",""
"","44","E3-MATCH-STATES.03","","Sat Nov 02 00:33:44 GMT 2024","failed","Sat Nov 02 00:33:44 GMT 2024","","HYPERON-EXPERIMENTAL-SCRIPTS","HYPERON-EXPERIMENTAL-SCRIPTS",""
"","2","PC-XP.14","","Sat Nov 02 01:22:39 GMT 2024","passed","Sat Nov 02 01:22:39 GMT 2024","","POLYWARD-CHAINING","POLYWARD-CHAINING",""
"","5000","hyperon-experimental_scripts.c2_spaces","","Sat Nov 02 00:33:40 GMT 2024","passed","Sat Nov 02 00:33:45 GMT 2024","","WHOLE-TESTS","WHOLE-TESTS",""
"","3","IMPLICATIONDIRECTINTRODUCTIONENTAILTEST.05","","Sat Nov 02 01:16:12 GMT 2024","passed","Sat Nov 02 01:16:12 GMT 2024","","ENTAIL","ENTAIL",""
"","3","STDLIB-METTALOG-TEST-PT2.67","","Sat Nov 02 00:52:56 GMT 2024","passed","Sat Nov 02 00:52:56 GMT 2024","","STDLIB-METTALOG","STDLIB-METTALOG",""
"","431","TESTS0.06","","Sat Nov 02 00:39:10 GMT 2024","passed","Sat Nov 02 00:39:10 GMT 2024","","METTA-MORPH-TESTS","METTA-MORPH-TESTS",""
"","1","BCHAIN.05","","Sat Nov 02 00:41:19 GMT 2024","passed","Sat Nov 02 00:41:19 GMT 2024","","ANTI-REGRESSION","ANTI-REGRESSION",""
"","17000","main-branch.tests1_pre","","Sat Nov 02 00:33:40 GMT 2024","passed","Sat Nov 02 00:33:57 GMT 2024","","WHOLE-TESTS","WHOLE-TESTS",""
"","2","PLN-XP-LOCAL-V2.01","","Sat Nov 02 00:48:28 GMT 2024","passed","Sat Nov 02 00:48:28 GMT 2024","","CHAINING","CHAINING",""
"","70","IMPL-METTALOGTESTCURRIED.09","","Sat Nov 02 01:46:54 GMT 2024","passed","Sat Nov 02 01:46:54 GMT 2024","","WALK-THRU","WALK-THRU",""
"","2","PC-XP.04","","Sat Nov 02 01:22:39 GMT 2024","passed","Sat Nov 02 01:22:39 GMT 2024","","POLYWARD-CHAINING","POLYWARD-CHAINING",""
"","1","D2-HIGHERFUNC.11","","Sat Nov 02 01:09:59 GMT 2024","passed","Sat Nov 02 01:09:59 GMT 2024","","CHECK-TYPES","CHECK-TYPES",""
"","42000","python_from_metta.fs","","Sat Nov 02 00:33:40 GMT 2024","failed","Sat Nov 02 00:34:22 GMT 2024","","WHOLE-TESTS","WHOLE-TESTS",""
"","3","00-LANG-CASE.15","","Sat Nov 02 00:35:19 GMT 2024","passed","Sat Nov 02 00:35:19 GMT 2024","","HYPERON-METTALOG-SANITY","HYPERON-METTALOG-SANITY",""
"","2","STATES-SPACES.04","","Sat Nov 02 00:39:10 GMT 2024","passed","Sat Nov 02 00:39:10 GMT 2024","","METTA-MORPH-TESTS","METTA-MORPH-TESTS",""
"","5000","check_types.d5_auto_types","","Sat Nov 02 00:33:40 GMT 2024","passed","Sat Nov 02 00:33:45 GMT 2024","","WHOLE-TESTS","WHOLE-TESTS",""
"","2","SUPPORTRULEEXP.03","","Sat Nov 02 01:12:41 GMT 2024","passed","Sat Nov 02 01:12:41 GMT 2024","","DEPENDENT-TYPES","DEPENDENT-TYPES",""
"","4000","hyperon-experimental_scripts.a2_opencoggy","","Sat Nov 02 00:33:40 GMT 2024","passed","Sat Nov 02 00:33:44 GMT 2024","","WHOLE-TESTS","WHOLE-TESTS",""
"","6","SUBTYPING-TEST.06","","Sat Nov 02 01:22:44 GMT 2024","passed","Sat Nov 02 01:22:44 GMT 2024","","SUBTYPING","SUBTYPING",""
"","277","SYNTHESIZE-VIA-LET-TEST.05","","Sat Nov 02 01:24:29 GMT 2024","failed","Sat Nov 02 01:24:29 GMT 2024","","EXPERIMENTS","EXPERIMENTS",""
"","2","TYPES-PRELIM.19","","Sat Nov 02 00:48:28 GMT 2024","passed","Sat Nov 02 00:48:28 GMT 2024","","CHAINING","CHAINING",""
"","1","B4-NONDETERM.04","","Sat Nov 02 00:33:44 GMT 2024","passed","Sat Nov 02 00:33:44 GMT 2024","","HYPERON-EXPERIMENTAL-SCRIPTS","HYPERON-EXPERIMENTAL-SCRIPTS",""
"","5000","backward-chaining.bc-xp","","Sat Nov 02 00:33:40 GMT 2024","passed","Sat Nov 02 00:33:45 GMT 2024","","WHOLE-TESTS","WHOLE-TESTS",""
"","3","IBC-XP.12","","Sat Nov 02 01:19:56 GMT 2024","passed","Sat Nov 02 01:19:56 GMT 2024","","ITERATIVE-CHAINING","ITERATIVE-CHAINING",""
"","60","B5-TYPES-PRELIM.14","","Sat Nov 02 01:09:38 GMT 2024","failed","Sat Nov 02 01:09:38 GMT 2024","","CHECK-TYPES-TEMP","CHECK-TYPES-TEMP",""
"","2","DEBUG-METTALOGTESTCURRIED.10","","Sat Nov 02 01:46:54 GMT 2024","passed","Sat Nov 02 01:46:54 GMT 2024","","WALK-THRU","WALK-THRU",""
"","5000","hyperon-experimental_scripts.d1_gadt","","Sat Nov 02 00:33:40 GMT 2024","passed","Sat Nov 02 00:33:45 GMT 2024","","WHOLE-TESTS","WHOLE-TESTS",""
"","4000","metta-morph_tests.types","","Sat Nov 02 00:33:40 GMT 2024","passed","Sat Nov 02 00:33:44 GMT 2024","","WHOLE-TESTS","WHOLE-TESTS",""
"","2","BACKWARD-CHAINER-XP.40","","Sat Nov 02 01:13:49 GMT 2024","passed","Sat Nov 02 01:13:49 GMT 2024","","BACKWARD-CHAINER","BACKWARD-CHAINER",""
"","492","PARENT-GO-COMP.01","","Sat Nov 02 00:48:28 GMT 2024","passed","Sat Nov 02 00:48:28 GMT 2024","","CHAINING","CHAINING",""
"","509","TESTS0.07","","Sat Nov 02 01:37:39 GMT 2024","failed","Sat Nov 02 01:37:39 GMT 2024","","NEW","NEW",""
"","85","TYPE-PROP.60","","Sat Nov 02 01:09:38 GMT 2024","failed","Sat Nov 02 01:09:38 GMT 2024","","CHECK-TYPES-TEMP","CHECK-TYPES-TEMP",""
"","4000","red-black-lambda.lambda-theory","","Sat Nov 02 00:33:40 GMT 2024","passed","Sat Nov 02 00:33:44 GMT 2024","","WHOLE-TESTS","WHOLE-TESTS",""
"","4000","nondet_unify.prover","","Sat Nov 02 00:33:40 GMT 2024","passed","Sat Nov 02 00:33:44 GMT 2024","","WHOLE-TESTS","WHOLE-TESTS",""
"","3","BC-COMP.05","","Sat Nov 02 00:41:19 GMT 2024","passed","Sat Nov 02 00:41:19 GMT 2024","","ANTI-REGRESSION","ANTI-REGRESSION",""
"","2","00A-LANG-COMPILED-CASE.06","","Sat Nov 02 01:45:27 GMT 2024","passed","Sat Nov 02 01:45:27 GMT 2024","","DIRECT-COMP","DIRECT-COMP",""
"","1203","TESTS1.02","","Sat Nov 02 00:44:01 GMT 2024","failed","Sat Nov 02 00:44:02 GMT 2024","","MAIN-BRANCH","MAIN-BRANCH",""
"","47000","direct_comp.compiler_walkthru","","Sat Nov 02 00:33:40 GMT 2024","failed","Sat Nov 02 00:34:27 GMT 2024","","WHOLE-TESTS","WHOLE-TESTS",""
"","5","SPACE-SUBTRACTION-TESTS.05","","Sat Nov 02 00:35:19 GMT 2024","passed","Sat Nov 02 00:35:19 GMT 2024","","HYPERON-METTALOG-SANITY","HYPERON-METTALOG-SANITY",""
"","3","A3-TWOSIDE.01","","Sat Nov 02 00:33:44 GMT 2024","passed","Sat Nov 02 00:33:44 GMT 2024","","HYPERON-EXPERIMENTAL-SCRIPTS","HYPERON-EXPERIMENTAL-SCRIPTS",""
"","24000","language_models.unweighted_pllm","","Sat Nov 02 00:33:40 GMT 2024","passed","Sat Nov 02 00:34:04 GMT 2024","","WHOLE-TESTS","WHOLE-TESTS",""
"","7222","PROB-DEP-TYPES.14","","Sat Nov 02 01:01:42 GMT 2024","failed","Sat Nov 02 01:01:49 GMT 2024","","PROB-DEP-TYPES","PROB-DEP-TYPES",""
"","2","TESTS0.05","","Sat Nov 02 01:28:40 GMT 2024","passed","Sat Nov 02 01:28:40 GMT 2024","","CURRENT","CURRENT",""
"","5000","walk_thru.bchain","","Sat Nov 02 00:33:40 GMT 2024","passed","Sat Nov 02 00:33:45 GMT 2024","","WHOLE-TESTS","WHOLE-TESTS",""
"","66","B5-TYPES-PRELIM.14","","Sat Nov 02 00:33:44 GMT 2024","failed","Sat Nov 02 00:33:44 GMT 2024","","HYPERON-EXPERIMENTAL-SCRIPTS","HYPERON-EXPERIMENTAL-SCRIPTS",""
"","1","INTERSECTION-TESTS.17","","Sat Nov 02 00:35:19 GMT 2024","passed","Sat Nov 02 00:35:19 GMT 2024","","HYPERON-METTALOG-SANITY","HYPERON-METTALOG-SANITY",""
"","2","00A-LANG-COMPILED-CASE.03","","Sat Nov 02 01:45:27 GMT 2024","passed","Sat Nov 02 01:45:27 GMT 2024","","DIRECT-COMP","DIRECT-COMP",""
"","2","D2-HIGHERFUNC.18","","Sat Nov 02 00:43:32 GMT 2024","passed","Sat Nov 02 00:43:32 GMT 2024","","QUICK","QUICK",""
"","11","UNWEIGHTED-PLLM.04","","Sat Nov 02 02:07:59 GMT 2024","failed","Sat Nov 02 02:07:59 GMT 2024","","LANGUAGE-MODELS","LANGUAGE-MODELS",""
"","2","ADD-REMOVE-MATCH-S-STRINGS.05","","Sat Nov 02 00:50:49 GMT 2024","passed","Sat Nov 02 00:50:49 GMT 2024","","SPACES","SPACES",""
"","2","F1-MODULEA.05","","Sat Nov 02 00:33:44 GMT 2024","passed","Sat Nov 02 00:33:44 GMT 2024","","HYPERON-EXPERIMENTAL-SCRIPTS","HYPERON-EXPERIMENTAL-SCRIPTS",""
"","7000","typed-variables.enforced-types","","Sat Nov 02 00:33:40 GMT 2024","passed","Sat Nov 02 00:33:47 GMT 2024","","WHOLE-TESTS","WHOLE-TESTS",""
"","52","D5-AUTO-TYPES.02","","Sat Nov 02 01:09:59 GMT 2024","failed","Sat Nov 02 01:09:59 GMT 2024","","CHECK-TYPES","CHECK-TYPES",""
"","406","NATSIMPLETEST.04","","Sat Nov 02 01:16:47 GMT 2024","failed","Sat Nov 02 01:16:47 GMT 2024","","HOL","HOL",""
"","2","ADD-REMOVE-MATCH-SYMBOLS.06","","Sat Nov 02 00:50:49 GMT 2024","passed","Sat Nov 02 00:50:49 GMT 2024","","SPACES","SPACES",""
"","123","TESTS0.01","","Sat Nov 02 01:41:32 GMT 2024","passed","Sat Nov 02 01:41:32 GMT 2024","","PREV","PREV",""
"","122","ADD-ATOM-NAIVE-FIB.05","","Sat Nov 02 02:01:49 GMT 2024","failed","Sat Nov 02 02:01:49 GMT 2024","","COMPARISONS","COMPARISONS",""
"","155","SYNTHESIZE-VIA-LET-TEST.09","","Sat Nov 02 01:24:29 GMT 2024","passed","Sat Nov 02 01:24:29 GMT 2024","","EXPERIMENTS","EXPERIMENTS",""
"","2","D4-TYPE-PROP.21","","Sat Nov 02 01:09:59 GMT 2024","passed","Sat Nov 02 01:09:59 GMT 2024","","CHECK-TYPES","CHECK-TYPES",""
"","4","SEALED-TEST.05","","Sat Nov 02 00:35:19 GMT 2024","passed","Sat Nov 02 00:35:19 GMT 2024","","HYPERON-METTALOG-SANITY","HYPERON-METTALOG-SANITY",""
"","43","FORWARD-CHAINER-XP.28","","Sat Nov 02 01:16:32 GMT 2024","failed","Sat Nov 02 01:16:32 GMT 2024","","FORWARD-CHAINER","FORWARD-CHAINER",""
"","2","F1-MODULEA.10","","Sat Nov 02 00:33:44 GMT 2024","passed","Sat Nov 02 00:33:44 GMT 2024","","HYPERON-EXPERIMENTAL-SCRIPTS","HYPERON-EXPERIMENTAL-SCRIPTS",""
"","60","COMBINED.04","","Sat Nov 02 01:51:38 GMT 2024","failed","Sat Nov 02 01:51:38 GMT 2024","","ITERATORS","ITERATORS",""
"","42","IFC-XP.36","","Sat Nov 02 01:19:56 GMT 2024","failed","Sat Nov 02 01:19:56 GMT 2024","","ITERATIVE-CHAINING","ITERATIVE-CHAINING",""
"","2","DEFINE-IF-LIKE.02","","Sat Nov 02 01:45:27 GMT 2024","passed","Sat Nov 02 01:45:27 GMT 2024","","DIRECT-COMP","DIRECT-COMP",""
"","1","E3-MATCH-STATES.02","","Sat Nov 02 00:33:44 GMT 2024","passed","Sat Nov 02 00:33:44 GMT 2024","","HYPERON-EXPERIMENTAL-SCRIPTS","HYPERON-EXPERIMENTAL-SCRIPTS",""
"","134","SYNTHESIZE-VIA-UNIFY-TEST.11","","Sat Nov 02 01:24:29 GMT 2024","failed","Sat Nov 02 01:24:29 GMT 2024","","EXPERIMENTS","EXPERIMENTS",""
"","2","D2-HIGHERFUNC.15","","Sat Nov 02 01:09:59 GMT 2024","passed","Sat Nov 02 01:09:59 GMT 2024","","CHECK-TYPES","CHECK-TYPES",""
"","86","INF-CTL-MONTH-XP-SHORT-5.02","","Sat Nov 02 02:01:49 GMT 2024","failed","Sat Nov 02 02:01:49 GMT 2024","","COMPARISONS","COMPARISONS",""
"","1","INF-CTL-MONTH-XP-SHORT-3.04","","Sat Nov 02 02:01:49 GMT 2024","passed","Sat Nov 02 02:01:49 GMT 2024","","COMPARISONS","COMPARISONS",""
"","6000","main-branch.nalifier_Prev","","Sat Nov 02 00:33:40 GMT 2024","passed","Sat Nov 02 00:33:46 GMT 2024","","WHOLE-TESTS","WHOLE-TESTS",""
"","2","BACKWARD-CHAINER-XP.28","","Sat Nov 02 01:13:49 GMT 2024","passed","Sat Nov 02 01:13:49 GMT 2024","","BACKWARD-CHAINER","BACKWARD-CHAINER",""
"","60","B5-TYPES-PRELIM.15","","Sat Nov 02 01:09:38 GMT 2024","failed","Sat Nov 02 01:09:38 GMT 2024","","CHECK-TYPES-TEMP","CHECK-TYPES-TEMP",""
"","10000","bigram-sentence-evaluator.wordVectors","","Sat Nov 02 00:33:40 GMT 2024","passed","Sat Nov 02 00:33:50 GMT 2024","","WHOLE-TESTS","WHOLE-TESTS",""
"","2","IBC-XP.03","","Sat Nov 02 01:19:56 GMT 2024","passed","Sat Nov 02 01:19:56 GMT 2024","","ITERATIVE-CHAINING","ITERATIVE-CHAINING",""
"","2","TEST-IF-CLOSED.05","","Sat Nov 02 01:46:54 GMT 2024","passed","Sat Nov 02 01:46:54 GMT 2024","","WALK-THRU","WALK-THRU",""
"","2","ADD-REMOVE-MATCH-INTEGER.16","","Sat Nov 02 00:50:49 GMT 2024","passed","Sat Nov 02 00:50:49 GMT 2024","","SPACES","SPACES",""
"","4000","multidirectional.obif_clp","","Sat Nov 02 00:33:40 GMT 2024","passed","Sat Nov 02 00:33:44 GMT 2024","","WHOLE-TESTS","WHOLE-TESTS",""
"","2","PC-XP.05","","Sat Nov 02 01:22:39 GMT 2024","passed","Sat Nov 02 01:22:39 GMT 2024","","POLYWARD-CHAINING","POLYWARD-CHAINING",""
"","2","DEBUG-METTALOGTESTCURRIED.08","","Sat Nov 02 01:46:54 GMT 2024","passed","Sat Nov 02 01:46:54 GMT 2024","","WALK-THRU","WALK-THRU",""
"","2","STRING-TESTS.14","","Sat Nov 02 00:35:19 GMT 2024","passed","Sat Nov 02 00:35:19 GMT 2024","","HYPERON-METTALOG-SANITY","HYPERON-METTALOG-SANITY",""
"","2","NILS-IF-CONTROL-TEST-2.01","","Sat Nov 02 02:01:49 GMT 2024","passed","Sat Nov 02 02:01:49 GMT 2024","","COMPARISONS","COMPARISONS",""
"","130","TESTS0.04","","Sat Nov 02 00:44:01 GMT 2024","passed","Sat Nov 02 00:44:01 GMT 2024","","MAIN-BRANCH","MAIN-BRANCH",""
"","290","INF-CTL-XP.09","","Sat Nov 02 01:17:56 GMT 2024","passed","Sat Nov 02 01:17:56 GMT 2024","","INFERENCE-CONTROL","INFERENCE-CONTROL",""
"","17","NATSTANDALONETEST.10","","Sat Nov 02 01:16:47 GMT 2024","failed","Sat Nov 02 01:16:47 GMT 2024","","HOL","HOL",""
"","93","TYPE-PROP.82","","Sat Nov 02 01:09:38 GMT 2024","failed","Sat Nov 02 01:09:38 GMT 2024","","CHECK-TYPES-TEMP","CHECK-TYPES-TEMP",""
"","1","DEBUG-METTALOGTESTCURRIED.04","","Sat Nov 02 01:46:54 GMT 2024","passed","Sat Nov 02 01:46:54 GMT 2024","","WALK-THRU","WALK-THRU",""
"","1162","RED-BLACK.02","","Sat Nov 02 01:05:17 GMT 2024","passed","Sat Nov 02 01:05:18 GMT 2024","","RED-BLACK-LAMBDA","RED-BLACK-LAMBDA",""
"","5","OR-TEST.17","","Sat Nov 02 00:35:19 GMT 2024","passed","Sat Nov 02 00:35:19 GMT 2024","","HYPERON-METTALOG-SANITY","HYPERON-METTALOG-SANITY",""
"","4000","check_types.d1_gadt","","Sat Nov 02 00:33:40 GMT 2024","passed","Sat Nov 02 00:33:44 GMT 2024","","WHOLE-TESTS","WHOLE-TESTS",""
"","4000","polyward-chaining.pc-xp","","Sat Nov 02 00:33:40 GMT 2024","passed","Sat Nov 02 00:33:44 GMT 2024","","WHOLE-TESTS","WHOLE-TESTS",""
"","2","TRUTHVALUETEST.06","","Sat Nov 02 01:14:29 GMT 2024","passed","Sat Nov 02 01:14:29 GMT 2024","","TRUTHVALUE","TRUTHVALUE",""
"","2","D2-HIGHERFUNC.09","","Sat Nov 02 00:33:44 GMT 2024","passed","Sat Nov 02 00:33:44 GMT 2024","","HYPERON-EXPERIMENTAL-SCRIPTS","HYPERON-EXPERIMENTAL-SCRIPTS",""
"","3","TESTS5.01","","Sat Nov 02 01:37:39 GMT 2024","passed","Sat Nov 02 01:37:39 GMT 2024","","NEW","NEW",""
"","2","PREREQS.03","","Sat Nov 02 00:44:01 GMT 2024","passed","Sat Nov 02 00:44:01 GMT 2024","","MAIN-BRANCH","MAIN-BRANCH",""
"","5000","metta-morph_tests.letlet","","Sat Nov 02 00:33:40 GMT 2024","passed","Sat Nov 02 00:33:45 GMT 2024","","WHOLE-TESTS","WHOLE-TESTS",""
"","4000","hyperon-mettalog_sanity.space_intersection_tests","","Sat Nov 02 00:33:40 GMT 2024","passed","Sat Nov 02 00:33:44 GMT 2024","","WHOLE-TESTS","WHOLE-TESTS",""
"","3","BC-XP.29","","Sat Nov 02 01:13:54 GMT 2024","passed","Sat Nov 02 01:13:54 GMT 2024","","BACKWARD-CHAINING","BACKWARD-CHAINING",""
"","4000","features.represent_and_parse_tests","","Sat Nov 02 00:33:40 GMT 2024","passed","Sat Nov 02 00:33:44 GMT 2024","","WHOLE-TESTS","WHOLE-TESTS",""
"","4","SORING-VIA-INSERT.01","","Sat Nov 02 01:09:38 GMT 2024","passed","Sat Nov 02 01:09:38 GMT 2024","","CHECK-TYPES-TEMP","CHECK-TYPES-TEMP",""
"","4000","std.symbols","","Sat Nov 02 00:33:40 GMT 2024","passed","Sat Nov 02 00:33:44 GMT 2024","","WHOLE-TESTS","WHOLE-TESTS",""
"","93","ADD-REMOVE-MATCH-INTEGER.38","","Sat Nov 02 00:50:49 GMT 2024","passed","Sat Nov 02 00:50:49 GMT 2024","","SPACES","SPACES",""
"","2","D4-TYPE-PROP.20","","Sat Nov 02 01:09:59 GMT 2024","passed","Sat Nov 02 01:09:59 GMT 2024","","CHECK-TYPES","CHECK-TYPES",""
"","2","LTE.03","","Sat Nov 02 00:51:31 GMT 2024","passed","Sat Nov 02 00:51:31 GMT 2024","","STD","STD",""
"","4000","transpiler.peano","","Sat Nov 02 00:33:40 GMT 2024","passed","Sat Nov 02 00:33:44 GMT 2024","","WHOLE-TESTS","WHOLE-TESTS",""
"","5000","chaining.chaining_prelim","","Sat Nov 02 00:33:40 GMT 2024","passed","Sat Nov 02 00:33:45 GMT 2024","","WHOLE-TESTS","WHOLE-TESTS",""
"","1","ADD-REMOVE-MATCH-SS-STRINGS.12","","Sat Nov 02 00:50:49 GMT 2024","passed","Sat Nov 02 00:50:49 GMT 2024","","SPACES","SPACES",""
"","88","ADD-REMOVE-MATCH-STRINGS.09","","Sat Nov 02 00:50:49 GMT 2024","failed","Sat Nov 02 00:50:49 GMT 2024","","SPACES","SPACES",""
"","2","TYPE-PROP.17","","Sat Nov 02 01:09:38 GMT 2024","passed","Sat Nov 02 01:09:38 GMT 2024","","CHECK-TYPES-TEMP","CHECK-TYPES-TEMP",""
"","5000","anti-regression.bchain_comp","","Sat Nov 02 00:33:40 GMT 2024","passed","Sat Nov 02 00:33:45 GMT 2024","","WHOLE-TESTS","WHOLE-TESTS",""
"","14","TEST-INFER-FUNCTION-APPLICATION-TYPE.04","","Sat Nov 02 01:55:28 GMT 2024","failed","Sat Nov 02 01:55:28 GMT 2024","","BASIC","BASIC",""
"","5000","basic.state_types","","Sat Nov 02 00:33:40 GMT 2024","passed","Sat Nov 02 00:33:45 GMT 2024","","WHOLE-TESTS","WHOLE-TESTS",""
"","2","TYPE-PROP.49","","Sat Nov 02 01:09:38 GMT 2024","passed","Sat Nov 02 01:09:38 GMT 2024","","CHECK-TYPES-TEMP","CHECK-TYPES-TEMP",""
"","2","B0-CHAINING-PRELIM.04","","Sat Nov 02 00:33:44 GMT 2024","passed","Sat Nov 02 00:33:44 GMT 2024","","HYPERON-EXPERIMENTAL-SCRIPTS","HYPERON-EXPERIMENTAL-SCRIPTS",""
"","2","HIGHER-ORDER-FUNCS.06","","Sat Nov 02 00:51:31 GMT 2024","passed","Sat Nov 02 00:51:31 GMT 2024","","STD","STD",""
"","2","AI-SERVICE-COMPOSITION-EASY.02","","Sat Nov 02 01:07:06 GMT 2024","passed","Sat Nov 02 01:07:06 GMT 2024","","AI-SERVICE","AI-SERVICE",""
"","2","TESTS0.04","","Sat Nov 02 01:28:40 GMT 2024","passed","Sat Nov 02 01:28:40 GMT 2024","","CURRENT","CURRENT",""
"","3","ADD-REMOVE-MATCH-SS-STRINGS.01","","Sat Nov 02 00:50:49 GMT 2024","passed","Sat Nov 02 00:50:49 GMT 2024","","SPACES","SPACES",""
"","3","TMPMATCH1.01","","Sat Nov 02 01:46:54 GMT 2024","passed","Sat Nov 02 01:46:54 GMT 2024","","WALK-THRU","WALK-THRU",""
"","2","C1-GROUNDED-BASIC.09","","Sat Nov 02 00:33:44 GMT 2024","passed","Sat Nov 02 00:33:44 GMT 2024","","HYPERON-EXPERIMENTAL-SCRIPTS","HYPERON-EXPERIMENTAL-SCRIPTS",""
"","1","ADD-REMOVE-MATCH-INTEGER.22","","Sat Nov 02 00:50:49 GMT 2024","passed","Sat Nov 02 00:50:49 GMT 2024","","SPACES","SPACES",""
"","104","NUMTEST.07","","Sat Nov 02 01:14:04 GMT 2024","failed","Sat Nov 02 01:14:04 GMT 2024","","COMMON","COMMON",""
"","2","TYPES-PRELIM.03","","Sat Nov 02 00:48:28 GMT 2024","passed","Sat Nov 02 00:48:28 GMT 2024","","CHAINING","CHAINING",""
"","45","FC-XP.09","","Sat Nov 02 01:16:42 GMT 2024","failed","Sat Nov 02 01:16:42 GMT 2024","","FORWARD-CHAINING","FORWARD-CHAINING",""
"","2","FORWARD-CHAINER-TEST.06","","Sat Nov 02 01:16:32 GMT 2024","passed","Sat Nov 02 01:16:32 GMT 2024","","FORWARD-CHAINER","FORWARD-CHAINER",""
"","2","TEST-IF-CLOSED.08","","Sat Nov 02 01:46:54 GMT 2024","passed","Sat Nov 02 01:46:54 GMT 2024","","WALK-THRU","WALK-THRU",""
"","1364","TESTS5.05","","Sat Nov 02 00:44:01 GMT 2024","failed","Sat Nov 02 00:44:02 GMT 2024","","MAIN-BRANCH","MAIN-BRANCH",""
"","2","AI-SERVICE-COMPOSITION-EASY.04","","Sat Nov 02 01:07:06 GMT 2024","passed","Sat Nov 02 01:07:06 GMT 2024","","AI-SERVICE","AI-SERVICE",""
"","162","QUERIES.11","","Sat Nov 02 01:06:14 GMT 2024","failed","Sat Nov 02 01:06:14 GMT 2024","","STRIPS-TO-METTA-IMPROVED","STRIPS-TO-METTA-IMPROVED",""
"","4","GROUNDED-BASIC.05","","Sat Nov 02 00:51:31 GMT 2024","passed","Sat Nov 02 00:51:31 GMT 2024","","STD","STD",""
"","5000","anti-regression.mettalogTestCurried2","","Sat Nov 02 00:33:40 GMT 2024","passed","Sat Nov 02 00:33:45 GMT 2024","","WHOLE-TESTS","WHOLE-TESTS",""
"","3","DEDUCTIONFORMULATEST.01","","Sat Nov 02 01:14:25 GMT 2024","passed","Sat Nov 02 01:14:25 GMT 2024","","FORMULA","FORMULA",""
"","71","ADD-REMOVE-MATCH-FLOAT.16","","Sat Nov 02 00:50:49 GMT 2024","failed","Sat Nov 02 00:50:49 GMT 2024","","SPACES","SPACES",""
"","45000","current.tests2","","Sat Nov 02 00:33:40 GMT 2024","failed","Sat Nov 02 00:34:25 GMT 2024","","WHOLE-TESTS","WHOLE-TESTS",""
"","3","IBC-XP.01","","Sat Nov 02 01:19:56 GMT 2024","passed","Sat Nov 02 01:19:56 GMT 2024","","ITERATIVE-CHAINING","ITERATIVE-CHAINING",""
"","2","QUERIES.15","","Sat Nov 02 01:06:14 GMT 2024","passed","Sat Nov 02 01:06:14 GMT 2024","","STRIPS-TO-METTA-IMPROVED","STRIPS-TO-METTA-IMPROVED",""
"","3","TYPES-PRELIM.01","","Sat Nov 02 00:48:28 GMT 2024","passed","Sat Nov 02 00:48:28 GMT 2024","","CHAINING","CHAINING",""
"","2","CURRIED-CHAINER.04","","Sat Nov 02 01:14:39 GMT 2024","passed","Sat Nov 02 01:14:39 GMT 2024","","CURRIED-CHAINING","CURRIED-CHAINING",""
"","2","ADD-REMOVE-MATCH-FLOAT.11","","Sat Nov 02 00:50:49 GMT 2024","passed","Sat Nov 02 00:50:49 GMT 2024","","SPACES","SPACES",""
"","2","D4-TYPE-PROP.22","","Sat Nov 02 01:09:59 GMT 2024","passed","Sat Nov 02 01:09:59 GMT 2024","","CHECK-TYPES","CHECK-TYPES",""
"","80","TYPE-PROP.66","","Sat Nov 02 01:09:38 GMT 2024","failed","Sat Nov 02 01:09:38 GMT 2024","","CHECK-TYPES-TEMP","CHECK-TYPES-TEMP",""
"","41","TYPE-PROP.80","","Sat Nov 02 01:09:38 GMT 2024","failed","Sat Nov 02 01:09:38 GMT 2024","","CHECK-TYPES-TEMP","CHECK-TYPES-TEMP",""
"","80","D5-AUTO-TYPES.06","","Sat Nov 02 01:09:59 GMT 2024","failed","Sat Nov 02 01:09:59 GMT 2024","","CHECK-TYPES","CHECK-TYPES",""
"","2","F1-IMPORTS.06","","Sat Nov 02 00:33:44 GMT 2024","passed","Sat Nov 02 00:33:44 GMT 2024","","HYPERON-EXPERIMENTAL-SCRIPTS","HYPERON-EXPERIMENTAL-SCRIPTS",""
"","2","TYPE-PROP.25","","Sat Nov 02 01:09:38 GMT 2024","passed","Sat Nov 02 01:09:38 GMT 2024","","CHECK-TYPES-TEMP","CHECK-TYPES-TEMP",""
"","48","INF-CTL-MONTH-BC-CONT-XP.18","","Sat Nov 02 01:17:56 GMT 2024","failed","Sat Nov 02 01:17:56 GMT 2024","","INFERENCE-CONTROL","INFERENCE-CONTROL",""
"","1","TYPE-PROP.50","","Sat Nov 02 01:09:38 GMT 2024","passed","Sat Nov 02 01:09:38 GMT 2024","","CHECK-TYPES-TEMP","CHECK-TYPES-TEMP",""
"","2","STDLIB-METTALOG-TEST-PT2.09","","Sat Nov 02 00:52:56 GMT 2024","passed","Sat Nov 02 00:52:56 GMT 2024","","STDLIB-METTALOG","STDLIB-METTALOG",""
"","2","SUBTRACTION-TEST.07","","Sat Nov 02 00:35:19 GMT 2024","passed","Sat Nov 02 00:35:19 GMT 2024","","HYPERON-METTALOG-SANITY","HYPERON-METTALOG-SANITY",""
"","2","ADD-REMOVE-MATCH-STRINGS.06","","Sat Nov 02 00:50:49 GMT 2024","passed","Sat Nov 02 00:50:49 GMT 2024","","SPACES","SPACES",""
"","2","C1-GROUNDED-BASIC.03","","Sat Nov 02 00:43:32 GMT 2024","passed","Sat Nov 02 00:43:32 GMT 2024","","QUICK","QUICK",""
"","5000","experiments.unify-via-case","","Sat Nov 02 00:33:40 GMT 2024","passed","Sat Nov 02 00:33:45 GMT 2024","","WHOLE-TESTS","WHOLE-TESTS",""
"","2","D2-HIGHERFUNC.11","","Sat Nov 02 00:33:44 GMT 2024","passed","Sat Nov 02 00:33:44 GMT 2024","","HYPERON-EXPERIMENTAL-SCRIPTS","HYPERON-EXPERIMENTAL-SCRIPTS",""
"","1","C1-GROUNDED-BASIC.12","","Sat Nov 02 00:33:44 GMT 2024","passed","Sat Nov 02 00:33:44 GMT 2024","","HYPERON-EXPERIMENTAL-SCRIPTS","HYPERON-EXPERIMENTAL-SCRIPTS",""
"","2","SPACE-INTERSECTION-TESTS.11","","Sat Nov 02 00:35:19 GMT 2024","passed","Sat Nov 02 00:35:19 GMT 2024","","HYPERON-METTALOG-SANITY","HYPERON-METTALOG-SANITY",""
"","2","UNIQUE-TEST.07","","Sat Nov 02 00:35:19 GMT 2024","passed","Sat Nov 02 00:35:19 GMT 2024","","HYPERON-METTALOG-SANITY","HYPERON-METTALOG-SANITY",""
"","2","F1-IMPORTS.17","","Sat Nov 02 00:43:32 GMT 2024","passed","Sat Nov 02 00:43:32 GMT 2024","","QUICK","QUICK",""
"","1","LISTTEST.12","","Sat Nov 02 01:14:04 GMT 2024","passed","Sat Nov 02 01:14:04 GMT 2024","","COMMON","COMMON",""
"","49","CHAPTER-1-1.21","","Sat Nov 02 00:53:06 GMT 2024","passed","Sat Nov 02 00:53:06 GMT 2024","","SICP-BOOK","SICP-BOOK",""
