"DESCRIPTION","DURATION IN MS","NAME","PARENT SUITE","START TIME","STATUS","STOP TIME","SUB SUITE","SUITE","TEST CLASS","TEST METHOD"
"","2","QUERIES.07","","Mon Nov 11 01:07:42 GMT 2024","passed","Mon Nov 11 01:07:42 GMT 2024","","STRIPS-TO-METTA-IMPROVED","STRIPS-TO-METTA-IMPROVED",""
"","41000","comparisons.nils_if_control_test_4","","Mon Nov 11 00:35:13 GMT 2024","failed","Mon Nov 11 00:35:54 GMT 2024","","WHOLE-TESTS","WHOLE-TESTS",""
"","4000","quick.f1_moduleA","","Mon Nov 11 00:35:13 GMT 2024","passed","Mon Nov 11 00:35:17 GMT 2024","","WHOLE-TESTS","WHOLE-TESTS",""
"","2","CHAPTER-2-4.03","","Mon Nov 11 00:54:37 GMT 2024","passed","Mon Nov 11 00:54:37 GMT 2024","","SICP-BOOK","SICP-BOOK",""
"","2","UNIFY-VIA-CASE.01","","Mon Nov 11 01:26:05 GMT 2024","passed","Mon Nov 11 01:26:05 GMT 2024","","EXPERIMENTS","EXPERIMENTS",""
"","1","B5-TYPES-PRELIM.23","","Mon Nov 11 01:11:03 GMT 2024","passed","Mon Nov 11 01:11:03 GMT 2024","","CHECK-TYPES-TEMP","CHECK-TYPES-TEMP",""
"","2","INTERSECTION-TESTS.05","","Mon Nov 11 00:36:54 GMT 2024","passed","Mon Nov 11 00:36:54 GMT 2024","","HYPERON-METTALOG-SANITY","HYPERON-METTALOG-SANITY",""
"","15","D2-HIGHERFUNC.22","","Mon Nov 11 00:45:05 GMT 2024","passed","Mon Nov 11 00:45:05 GMT 2024","","QUICK","QUICK",""
"","2","F1-MODULEA.07","","Mon Nov 11 00:35:17 GMT 2024","passed","Mon Nov 11 00:35:17 GMT 2024","","HYPERON-EXPERIMENTAL-SCRIPTS","HYPERON-EXPERIMENTAL-SCRIPTS",""
"","2","ADD-REMOVE-MATCH-FLOAT.12","","Mon Nov 11 00:52:21 GMT 2024","passed","Mon Nov 11 00:52:21 GMT 2024","","SPACES","SPACES",""
"","2","STDLIB-METTALOG-TEST-PT2.69","","Mon Nov 11 00:54:28 GMT 2024","passed","Mon Nov 11 00:54:28 GMT 2024","","STDLIB-METTALOG","STDLIB-METTALOG",""
"","1","D1-GADT.07","","Mon Nov 11 01:11:24 GMT 2024","passed","Mon Nov 11 01:11:24 GMT 2024","","CHECK-TYPES","CHECK-TYPES",""
"","2","D1-GADT.10","","Mon Nov 11 00:35:17 GMT 2024","passed","Mon Nov 11 00:35:17 GMT 2024","","HYPERON-EXPERIMENTAL-SCRIPTS","HYPERON-EXPERIMENTAL-SCRIPTS",""
"","15","UNWEIGHTED-PLLM.04","","Mon Nov 11 02:09:38 GMT 2024","failed","Mon Nov 11 02:09:38 GMT 2024","","LANGUAGE-MODELS","LANGUAGE-MODELS",""
"","2","SUPERCOLLAPSE.03","","Mon Nov 11 00:40:49 GMT 2024","passed","Mon Nov 11 00:40:49 GMT 2024","","METTA-MORPH-TESTS","METTA-MORPH-TESTS",""
"","61","C1-GROUNDED-BASIC.19","","Mon Nov 11 00:35:17 GMT 2024","passed","Mon Nov 11 00:35:17 GMT 2024","","HYPERON-EXPERIMENTAL-SCRIPTS","HYPERON-EXPERIMENTAL-SCRIPTS",""
"","2","D4-TYPE-PROP.17","","Mon Nov 11 01:11:24 GMT 2024","passed","Mon Nov 11 01:11:24 GMT 2024","","CHECK-TYPES","CHECK-TYPES",""
"","5","TYPE-PROP.72","","Mon Nov 11 01:11:03 GMT 2024","passed","Mon Nov 11 01:11:03 GMT 2024","","CHECK-TYPES-TEMP","CHECK-TYPES-TEMP",""
"","2","PREREQS.02","","Mon Nov 11 00:45:32 GMT 2024","passed","Mon Nov 11 00:45:32 GMT 2024","","MAIN-BRANCH","MAIN-BRANCH",""
"","13","D3-DEPTYPES.04","","Mon Nov 11 00:35:17 GMT 2024","passed","Mon Nov 11 00:35:17 GMT 2024","","HYPERON-EXPERIMENTAL-SCRIPTS","HYPERON-EXPERIMENTAL-SCRIPTS",""
"","4","C1-GROUNDED-BASIC.08","","Mon Nov 11 00:45:05 GMT 2024","passed","Mon Nov 11 00:45:05 GMT 2024","","QUICK","QUICK",""
"","3","FORWARD-CHAINER-TEST.02","","Mon Nov 11 01:17:59 GMT 2024","passed","Mon Nov 11 01:17:59 GMT 2024","","FORWARD-CHAINER","FORWARD-CHAINER",""
"","67","NTE.04","","Mon Nov 11 01:01:14 GMT 2024","passed","Mon Nov 11 01:01:14 GMT 2024","","EDGES-TO-EDGES","EDGES-TO-EDGES",""
"","2","C1-GROUNDED-BASIC.06","","Mon Nov 11 00:45:05 GMT 2024","passed","Mon Nov 11 00:45:05 GMT 2024","","QUICK","QUICK",""
"","2","BACKWARD-CHAINER-XP.28","","Mon Nov 11 01:15:12 GMT 2024","passed","Mon Nov 11 01:15:12 GMT 2024","","BACKWARD-CHAINER","BACKWARD-CHAINER",""
"","2","STRING-TESTS.06","","Mon Nov 11 00:36:54 GMT 2024","passed","Mon Nov 11 00:36:54 GMT 2024","","HYPERON-METTALOG-SANITY","HYPERON-METTALOG-SANITY",""
"","2","TESTS0.02","","Mon Nov 11 01:39:13 GMT 2024","passed","Mon Nov 11 01:39:13 GMT 2024","","NEW","NEW",""
"","3","SUPERCOLLAPSE.02","","Mon Nov 11 00:40:49 GMT 2024","passed","Mon Nov 11 00:40:49 GMT 2024","","METTA-MORPH-TESTS","METTA-MORPH-TESTS",""
"","2","TYPE-PROP.33","","Mon Nov 11 01:11:03 GMT 2024","passed","Mon Nov 11 01:11:03 GMT 2024","","CHECK-TYPES-TEMP","CHECK-TYPES-TEMP",""
"","2","LISTTEST.17","","Mon Nov 11 01:15:27 GMT 2024","passed","Mon Nov 11 01:15:27 GMT 2024","","COMMON","COMMON",""
"","1","ADD-REMOVE-MATCH-INTEGER.23","","Mon Nov 11 00:52:21 GMT 2024","passed","Mon Nov 11 00:52:21 GMT 2024","","SPACES","SPACES",""
"","6","INF-ORDER-PROBS.10","","Mon Nov 11 01:03:12 GMT 2024","passed","Mon Nov 11 01:03:12 GMT 2024","","PROB-DEP-TYPES","PROB-DEP-TYPES",""
"","205","SYNTHESIZE-VIA-UNIFY-TEST.05","","Mon Nov 11 01:26:05 GMT 2024","failed","Mon Nov 11 01:26:05 GMT 2024","","EXPERIMENTS","EXPERIMENTS",""
"","3","FC-XP.02","","Mon Nov 11 01:18:10 GMT 2024","passed","Mon Nov 11 01:18:10 GMT 2024","","FORWARD-CHAINING","FORWARD-CHAINING",""
"","7","NARS-BUILDTUPLECOUNTS.01","","Mon Nov 11 01:34:05 GMT 2024","passed","Mon Nov 11 01:34:05 GMT 2024","","NARS-EXTRAS","NARS-EXTRAS",""
"","2","F1-IMPORTS.16","","Mon Nov 11 00:35:17 GMT 2024","passed","Mon Nov 11 00:35:17 GMT 2024","","HYPERON-EXPERIMENTAL-SCRIPTS","HYPERON-EXPERIMENTAL-SCRIPTS",""
"","1","HYPERPOSING-SHARED.07","","Mon Nov 11 01:57:07 GMT 2024","passed","Mon Nov 11 01:57:07 GMT 2024","","BASIC","BASIC",""
"","2","C2-SPACES.03","","Mon Nov 11 00:35:17 GMT 2024","passed","Mon Nov 11 00:35:17 GMT 2024","","HYPERON-EXPERIMENTAL-SCRIPTS","HYPERON-EXPERIMENTAL-SCRIPTS",""
"","4000","metta-morph_tests.states_spaces","","Mon Nov 11 00:35:13 GMT 2024","passed","Mon Nov 11 00:35:17 GMT 2024","","WHOLE-TESTS","WHOLE-TESTS",""
"","2","D4-TYPE-PROP.20","","Mon Nov 11 01:11:24 GMT 2024","passed","Mon Nov 11 01:11:24 GMT 2024","","CHECK-TYPES","CHECK-TYPES",""
"","2","ADD-REMOVE-MATCH-SYMBOLS.04","","Mon Nov 11 00:52:21 GMT 2024","passed","Mon Nov 11 00:52:21 GMT 2024","","SPACES","SPACES",""
"","29","SUBTYPING-TEST.02","","Mon Nov 11 01:24:16 GMT 2024","failed","Mon Nov 11 01:24:16 GMT 2024","","SUBTYPING","SUBTYPING",""
"","2","C1-GROUNDED-BASIC.13","","Mon Nov 11 00:35:17 GMT 2024","passed","Mon Nov 11 00:35:17 GMT 2024","","HYPERON-EXPERIMENTAL-SCRIPTS","HYPERON-EXPERIMENTAL-SCRIPTS",""
"","2","ADD-REMOVE-MATCH-FLOAT.03","","Mon Nov 11 00:52:21 GMT 2024","passed","Mon Nov 11 00:52:21 GMT 2024","","SPACES","SPACES",""
"","1","B5-TYPES-PRELIM.05","","Mon Nov 11 00:35:17 GMT 2024","passed","Mon Nov 11 00:35:17 GMT 2024","","HYPERON-EXPERIMENTAL-SCRIPTS","HYPERON-EXPERIMENTAL-SCRIPTS",""
"","2","STRING-TESTS.17","","Mon Nov 11 00:36:54 GMT 2024","passed","Mon Nov 11 00:36:54 GMT 2024","","HYPERON-METTALOG-SANITY","HYPERON-METTALOG-SANITY",""
"","40000","dependent-types.MinerDTL3Test","","Mon Nov 11 00:35:13 GMT 2024","failed","Mon Nov 11 00:35:53 GMT 2024","","WHOLE-TESTS","WHOLE-TESTS",""
"","433","SYNTHESIZE-VIA-CASE-TEST.08","","Mon Nov 11 01:26:05 GMT 2024","failed","Mon Nov 11 01:26:05 GMT 2024","","EXPERIMENTS","EXPERIMENTS",""
"","2","INF-CTL-MONTH-BC-CONT-XP.12","","Mon Nov 11 01:19:26 GMT 2024","passed","Mon Nov 11 01:19:26 GMT 2024","","INFERENCE-CONTROL","INFERENCE-CONTROL",""
"","4000","graphml.graphml_test","","Mon Nov 11 00:35:13 GMT 2024","passed","Mon Nov 11 00:35:17 GMT 2024","","WHOLE-TESTS","WHOLE-TESTS",""
"","2","C2-SPACES.02","","Mon Nov 11 00:35:17 GMT 2024","passed","Mon Nov 11 00:35:17 GMT 2024","","HYPERON-EXPERIMENTAL-SCRIPTS","HYPERON-EXPERIMENTAL-SCRIPTS",""
"","2","XOR-TEST.07","","Mon Nov 11 00:36:54 GMT 2024","passed","Mon Nov 11 00:36:54 GMT 2024","","HYPERON-METTALOG-SANITY","HYPERON-METTALOG-SANITY",""
"","5","INF-CTL-XP.03","","Mon Nov 11 01:19:26 GMT 2024","passed","Mon Nov 11 01:19:26 GMT 2024","","INFERENCE-CONTROL","INFERENCE-CONTROL",""
"","2","CHAPTER-2-4.11","","Mon Nov 11 00:54:37 GMT 2024","passed","Mon Nov 11 00:54:37 GMT 2024","","SICP-BOOK","SICP-BOOK",""
"","2","C2-SPACES.05","","Mon Nov 11 00:35:08 GMT 2024","passed","Mon Nov 11 00:35:08 GMT 2024","","MODULE-SYSTEM","MODULE-SYSTEM",""
"","2","INTERSECTION-TESTS.20","","Mon Nov 11 00:36:54 GMT 2024","passed","Mon Nov 11 00:36:54 GMT 2024","","HYPERON-METTALOG-SANITY","HYPERON-METTALOG-SANITY",""
"","487","PARENT-GO-1-COMP.01","","Mon Nov 11 00:50:03 GMT 2024","passed","Mon Nov 11 00:50:03 GMT 2024","","CHAINING","CHAINING",""
"","2","D4-TYPE-PROP.07","","Mon Nov 11 00:45:05 GMT 2024","passed","Mon Nov 11 00:45:05 GMT 2024","","QUICK","QUICK",""
"","2","DEBUG-METTALOGTESTCURRIED.04","","Mon Nov 11 01:48:29 GMT 2024","passed","Mon Nov 11 01:48:29 GMT 2024","","WALK-THRU","WALK-THRU",""
"","3","D2-HIGHERFUNC.09","","Mon Nov 11 01:11:24 GMT 2024","passed","Mon Nov 11 01:11:24 GMT 2024","","CHECK-TYPES","CHECK-TYPES",""
"","3","RUN-MINNARS-TRIMMED.01","","Mon Nov 11 01:34:05 GMT 2024","passed","Mon Nov 11 01:34:05 GMT 2024","","NARS-EXTRAS","NARS-EXTRAS",""
"","3","SPACE-SUBTRACTION-TESTS.01","","Mon Nov 11 00:36:54 GMT 2024","passed","Mon Nov 11 00:36:54 GMT 2024","","HYPERON-METTALOG-SANITY","HYPERON-METTALOG-SANITY",""
"","4","IFC-XP.42","","Mon Nov 11 01:21:29 GMT 2024","passed","Mon Nov 11 01:21:29 GMT 2024","","ITERATIVE-CHAINING","ITERATIVE-CHAINING",""
"","1","00-LANG-CASE.06","","Mon Nov 11 00:36:54 GMT 2024","passed","Mon Nov 11 00:36:54 GMT 2024","","HYPERON-METTALOG-SANITY","HYPERON-METTALOG-SANITY",""
"","2","STATE-TYPES.23","","Mon Nov 11 01:57:07 GMT 2024","passed","Mon Nov 11 01:57:07 GMT 2024","","BASIC","BASIC",""
"","2","TYPES-PRELIM.13","","Mon Nov 11 00:50:03 GMT 2024","passed","Mon Nov 11 00:50:03 GMT 2024","","CHAINING","CHAINING",""
"","7361","PROB-DEP-TYPES.14","","Mon Nov 11 01:03:12 GMT 2024","failed","Mon Nov 11 01:03:19 GMT 2024","","PROB-DEP-TYPES","PROB-DEP-TYPES",""
"","2","STATE-TYPES.09","","Mon Nov 11 01:57:07 GMT 2024","passed","Mon Nov 11 01:57:07 GMT 2024","","BASIC","BASIC",""
"","3","INTEST.01","","Mon Nov 11 01:15:27 GMT 2024","passed","Mon Nov 11 01:15:27 GMT 2024","","COMMON","COMMON",""
"","27","FACTORIAL.01","","Mon Nov 11 00:40:49 GMT 2024","passed","Mon Nov 11 00:40:49 GMT 2024","","METTA-MORPH-TESTS","METTA-MORPH-TESTS",""
"","1","ADD-REMOVE-MATCH-S-SYMBOLS.06","","Mon Nov 11 00:52:21 GMT 2024","passed","Mon Nov 11 00:52:21 GMT 2024","","SPACES","SPACES",""
"","66","CREATE-SERVER.03","","Mon Nov 11 01:52:52 GMT 2024","failed","Mon Nov 11 01:52:52 GMT 2024","","DISTRIBUTED-PROCESSING","DISTRIBUTED-PROCESSING",""
"","3","BACKWARD-CHAINER-XP.02","","Mon Nov 11 01:15:12 GMT 2024","passed","Mon Nov 11 01:15:12 GMT 2024","","BACKWARD-CHAINER","BACKWARD-CHAINER",""
"","64","SPACE-INTERSECTION-TESTS.12","","Mon Nov 11 00:36:54 GMT 2024","failed","Mon Nov 11 00:36:54 GMT 2024","","HYPERON-METTALOG-SANITY","HYPERON-METTALOG-SANITY",""
"","2","D2-HIGHERFUNC.16","","Mon Nov 11 00:45:05 GMT 2024","passed","Mon Nov 11 00:45:05 GMT 2024","","QUICK","QUICK",""
"","2","HYPERPOSING-UNSHARED.07","","Mon Nov 11 01:57:07 GMT 2024","passed","Mon Nov 11 01:57:07 GMT 2024","","BASIC","BASIC",""
"","90","ADD-REMOVE-MATCH-MIX-FLOAT-INTEGER.27","","Mon Nov 11 00:52:21 GMT 2024","failed","Mon Nov 11 00:52:21 GMT 2024","","SPACES","SPACES",""
"","177","EXAMPLES-QUANTS.02","","Mon Nov 11 01:56:02 GMT 2024","failed","Mon Nov 11 01:56:02 GMT 2024","","POLYMORPHIC-TYPES","POLYMORPHIC-TYPES",""
"","2","CHAPTER-1-1.13","","Mon Nov 11 00:54:37 GMT 2024","passed","Mon Nov 11 00:54:37 GMT 2024","","SICP-BOOK","SICP-BOOK",""
"","16","TEST-INFER-FUNCTION-APPLICATION-TYPE.09","","Mon Nov 11 01:57:07 GMT 2024","failed","Mon Nov 11 01:57:07 GMT 2024","","BASIC","BASIC",""
"","282","SPACE-SUBTRACTION-TESTS.07","","Mon Nov 11 00:36:54 GMT 2024","passed","Mon Nov 11 00:36:54 GMT 2024","","HYPERON-METTALOG-SANITY","HYPERON-METTALOG-SANITY",""
"","4000","red-black-lambda.lambda-theory","","Mon Nov 11 00:35:13 GMT 2024","passed","Mon Nov 11 00:35:17 GMT 2024","","WHOLE-TESTS","WHOLE-TESTS",""
"","2","TYPE-PROP.56","","Mon Nov 11 01:11:03 GMT 2024","passed","Mon Nov 11 01:11:03 GMT 2024","","CHECK-TYPES-TEMP","CHECK-TYPES-TEMP",""
"","3","FORWARD-CHAINER-XP.27","","Mon Nov 11 01:17:59 GMT 2024","passed","Mon Nov 11 01:17:59 GMT 2024","","FORWARD-CHAINER","FORWARD-CHAINER",""
"","1","ADD-REMOVE-MATCH-S-STRINGS.11","","Mon Nov 11 00:52:21 GMT 2024","passed","Mon Nov 11 00:52:21 GMT 2024","","SPACES","SPACES",""
"","3","F1-IMPORTS.03","","Mon Nov 11 00:45:05 GMT 2024","passed","Mon Nov 11 00:45:05 GMT 2024","","QUICK","QUICK",""
"","3","STRING-TESTS.01","","Mon Nov 11 00:36:54 GMT 2024","passed","Mon Nov 11 00:36:54 GMT 2024","","HYPERON-METTALOG-SANITY","HYPERON-METTALOG-SANITY",""
"","3","STATE-TYPES.11","","Mon Nov 11 01:57:07 GMT 2024","passed","Mon Nov 11 01:57:07 GMT 2024","","BASIC","BASIC",""
"","2","NUMTEST.04","","Mon Nov 11 01:15:27 GMT 2024","passed","Mon Nov 11 01:15:27 GMT 2024","","COMMON","COMMON",""
"","149","QUERIES.11","","Mon Nov 11 01:07:42 GMT 2024","failed","Mon Nov 11 01:07:42 GMT 2024","","STRIPS-TO-METTA-IMPROVED","STRIPS-TO-METTA-IMPROVED",""
"","5000","hyperon-mettalog_sanity.space_intersection_tests","","Mon Nov 11 00:35:13 GMT 2024","passed","Mon Nov 11 00:35:18 GMT 2024","","WHOLE-TESTS","WHOLE-TESTS",""
"","83","STATE-TYPES.18","","Mon Nov 11 01:57:07 GMT 2024","failed","Mon Nov 11 01:57:07 GMT 2024","","BASIC","BASIC",""
"","3","FC-XP.17","","Mon Nov 11 01:18:10 GMT 2024","passed","Mon Nov 11 01:18:10 GMT 2024","","FORWARD-CHAINING","FORWARD-CHAINING",""
"","4","TESTS0.03","","Mon Nov 11 01:39:13 GMT 2024","passed","Mon Nov 11 01:39:13 GMT 2024","","NEW","NEW",""
"","3","REWRITES.01","","Mon Nov 11 01:06:53 GMT 2024","passed","Mon Nov 11 01:06:53 GMT 2024","","STACK-BASED","STACK-BASED",""
"","2","A1-SYMBOLS.02","","Mon Nov 11 00:35:17 GMT 2024","passed","Mon Nov 11 00:35:17 GMT 2024","","HYPERON-EXPERIMENTAL-SCRIPTS","HYPERON-EXPERIMENTAL-SCRIPTS",""
"","3","INF-CTL-XP.04","","Mon Nov 11 01:19:26 GMT 2024","passed","Mon Nov 11 01:19:26 GMT 2024","","INFERENCE-CONTROL","INFERENCE-CONTROL",""
"","3","BCHAIN-COMP.01","","Mon Nov 11 00:42:55 GMT 2024","passed","Mon Nov 11 00:42:55 GMT 2024","","ANTI-REGRESSION","ANTI-REGRESSION",""
"","283","BASIC.06","","Mon Nov 11 01:08:23 GMT 2024","passed","Mon Nov 11 01:08:23 GMT 2024","","TRAVERSER","TRAVERSER",""
"","2","LTE.01","","Mon Nov 11 00:53:03 GMT 2024","passed","Mon Nov 11 00:53:03 GMT 2024","","STD","STD",""
"","2","CHAPTER-1-1.15","","Mon Nov 11 00:54:37 GMT 2024","passed","Mon Nov 11 00:54:37 GMT 2024","","SICP-BOOK","SICP-BOOK",""
"","3","F1-MODULEA.01","","Mon Nov 11 00:35:08 GMT 2024","passed","Mon Nov 11 00:35:08 GMT 2024","","MODULE-SYSTEM","MODULE-SYSTEM",""
"","2","F1-MODULEA.08","","Mon Nov 11 00:45:05 GMT 2024","passed","Mon Nov 11 00:45:05 GMT 2024","","QUICK","QUICK",""
"","3","01-LANG-INC.01","","Mon Nov 11 00:36:54 GMT 2024","passed","Mon Nov 11 00:36:54 GMT 2024","","HYPERON-METTALOG-SANITY","HYPERON-METTALOG-SANITY",""
"","2","ADD-REMOVE-MATCH-INTEGER.29","","Mon Nov 11 00:52:21 GMT 2024","passed","Mon Nov 11 00:52:21 GMT 2024","","SPACES","SPACES",""
"","2","SPACE-INTERSECTION-TESTS.02","","Mon Nov 11 00:36:54 GMT 2024","passed","Mon Nov 11 00:36:54 GMT 2024","","HYPERON-METTALOG-SANITY","HYPERON-METTALOG-SANITY",""
"","41000","main-branch.tests2","","Mon Nov 11 00:35:13 GMT 2024","failed","Mon Nov 11 00:35:54 GMT 2024","","WHOLE-TESTS","WHOLE-TESTS",""
"","61","TESTS0.01","","Mon Nov 11 01:30:15 GMT 2024","failed","Mon Nov 11 01:30:15 GMT 2024","","CURRENT","CURRENT",""
"","1","XOR-TEST.11","","Mon Nov 11 00:36:54 GMT 2024","passed","Mon Nov 11 00:36:54 GMT 2024","","HYPERON-METTALOG-SANITY","HYPERON-METTALOG-SANITY",""
"","2","BC-XP.04","","Mon Nov 11 00:50:03 GMT 2024","passed","Mon Nov 11 00:50:03 GMT 2024","","CHAINING","CHAINING",""
"","2","D1-GADT.11","","Mon Nov 11 00:45:05 GMT 2024","passed","Mon Nov 11 00:45:05 GMT 2024","","QUICK","QUICK",""
"","7000","comparisons.nils_if_control_test_5","","Mon Nov 11 00:35:13 GMT 2024","passed","Mon Nov 11 00:35:20 GMT 2024","","WHOLE-TESTS","WHOLE-TESTS",""
"","2","IFC-XP.34","","Mon Nov 11 01:21:29 GMT 2024","passed","Mon Nov 11 01:21:29 GMT 2024","","ITERATIVE-CHAINING","ITERATIVE-CHAINING",""
"","25","CHAPTER-1-3.04","","Mon Nov 11 00:54:37 GMT 2024","passed","Mon Nov 11 00:54:37 GMT 2024","","SICP-BOOK","SICP-BOOK",""
"","14","D1-GADT.09","","Mon Nov 11 00:45:05 GMT 2024","passed","Mon Nov 11 00:45:05 GMT 2024","","QUICK","QUICK",""
"","46000","stdlib-mettalog.stdlib_mettalog_test","","Mon Nov 11 00:35:13 GMT 2024","failed","Mon Nov 11 00:35:59 GMT 2024","","WHOLE-TESTS","WHOLE-TESTS",""
"","4000","metta-morph_tests.types2","","Mon Nov 11 00:35:13 GMT 2024","passed","Mon Nov 11 00:35:17 GMT 2024","","WHOLE-TESTS","WHOLE-TESTS",""
"","2","D4-TYPE-PROP.11","","Mon Nov 11 00:35:17 GMT 2024","passed","Mon Nov 11 00:35:17 GMT 2024","","HYPERON-EXPERIMENTAL-SCRIPTS","HYPERON-EXPERIMENTAL-SCRIPTS",""
"","2","ADD-REMOVE-MATCH-INTEGER.10","","Mon Nov 11 00:52:21 GMT 2024","passed","Mon Nov 11 00:52:21 GMT 2024","","SPACES","SPACES",""
"","49","HYPERON-EXPERIMENTAL-ISSUE-481.01","","Mon Nov 11 01:51:45 GMT 2024","failed","Mon Nov 11 01:51:45 GMT 2024","","DEBUGGING","DEBUGGING",""
"","44","TYPE-PROP.58","","Mon Nov 11 01:11:03 GMT 2024","failed","Mon Nov 11 01:11:03 GMT 2024","","CHECK-TYPES-TEMP","CHECK-TYPES-TEMP",""
"","2","DEBUG-METTALOGTESTCURRIED.11","","Mon Nov 11 01:48:29 GMT 2024","passed","Mon Nov 11 01:48:29 GMT 2024","","WALK-THRU","WALK-THRU",""
"","2","C1-GROUNDED-BASIC.02","","Mon Nov 11 00:45:05 GMT 2024","passed","Mon Nov 11 00:45:05 GMT 2024","","QUICK","QUICK",""
"","15","E3-MATCH-STATES.06","","Mon Nov 11 00:35:17 GMT 2024","failed","Mon Nov 11 00:35:17 GMT 2024","","HYPERON-EXPERIMENTAL-SCRIPTS","HYPERON-EXPERIMENTAL-SCRIPTS",""
"","3","TESTS2.04","","Mon Nov 11 00:45:32 GMT 2024","passed","Mon Nov 11 00:45:32 GMT 2024","","MAIN-BRANCH","MAIN-BRANCH",""
"","108","SUBTYPING-TEST.05","","Mon Nov 11 01:24:16 GMT 2024","failed","Mon Nov 11 01:24:16 GMT 2024","","SUBTYPING","SUBTYPING",""
"","2","C1-GROUNDED-BASIC.02","","Mon Nov 11 00:35:17 GMT 2024","passed","Mon Nov 11 00:35:17 GMT 2024","","HYPERON-EXPERIMENTAL-SCRIPTS","HYPERON-EXPERIMENTAL-SCRIPTS",""
"","166","D4-TYPE-PROP.10","","Mon Nov 11 01:11:24 GMT 2024","failed","Mon Nov 11 01:11:24 GMT 2024","","CHECK-TYPES","CHECK-TYPES",""
"","2","TYPE-PROP.77","","Mon Nov 11 01:11:03 GMT 2024","passed","Mon Nov 11 01:11:03 GMT 2024","","CHECK-TYPES-TEMP","CHECK-TYPES-TEMP",""
"","2","NATPARITYTEST.13","","Mon Nov 11 01:18:15 GMT 2024","passed","Mon Nov 11 01:18:15 GMT 2024","","HOL","HOL",""
"","2","FLIP-TEST.02","","Mon Nov 11 00:36:54 GMT 2024","passed","Mon Nov 11 00:36:54 GMT 2024","","HYPERON-METTALOG-SANITY","HYPERON-METTALOG-SANITY",""
"","2","DEDUCTIONFORMULATEST.09","","Mon Nov 11 01:15:51 GMT 2024","passed","Mon Nov 11 01:15:51 GMT 2024","","FORMULA","FORMULA",""
"","14","STDLIB-METTALOG-TEST-PT2.35","","Mon Nov 11 00:54:28 GMT 2024","passed","Mon Nov 11 00:54:28 GMT 2024","","STDLIB-METTALOG","STDLIB-METTALOG",""
"","3","BC-XP.23","","Mon Nov 11 01:15:17 GMT 2024","passed","Mon Nov 11 01:15:17 GMT 2024","","BACKWARD-CHAINING","BACKWARD-CHAINING",""
"","4000","bidirectional_computation.send-more-money","","Mon Nov 11 00:35:13 GMT 2024","passed","Mon Nov 11 00:35:17 GMT 2024","","WHOLE-TESTS","WHOLE-TESTS",""
"","3","HYPERPOSING-UNSHARED.10","","Mon Nov 11 01:57:07 GMT 2024","passed","Mon Nov 11 01:57:07 GMT 2024","","BASIC","BASIC",""
"","3","D4-TYPE-PROP.16","","Mon Nov 11 00:35:17 GMT 2024","passed","Mon Nov 11 00:35:17 GMT 2024","","HYPERON-EXPERIMENTAL-SCRIPTS","HYPERON-EXPERIMENTAL-SCRIPTS",""
"","3","F1-MODULEA.03","","Mon Nov 11 00:35:08 GMT 2024","passed","Mon Nov 11 00:35:08 GMT 2024","","MODULE-SYSTEM","MODULE-SYSTEM",""
"","5000","basic.pathfinding-easy","","Mon Nov 11 00:35:13 GMT 2024","passed","Mon Nov 11 00:35:18 GMT 2024","","WHOLE-TESTS","WHOLE-TESTS",""
"","26000","walk_thru.system_proofTestCurried","","Mon Nov 11 00:35:13 GMT 2024","passed","Mon Nov 11 00:35:39 GMT 2024","","WHOLE-TESTS","WHOLE-TESTS",""
"","50","APPEND-USING-EQUALITY.02","","Mon Nov 11 01:54:48 GMT 2024","failed","Mon Nov 11 01:54:48 GMT 2024","","MULTIDIRECTIONAL","MULTIDIRECTIONAL",""
"","3","AND-OR.01","","Mon Nov 11 00:40:49 GMT 2024","passed","Mon Nov 11 00:40:49 GMT 2024","","METTA-MORPH-TESTS","METTA-MORPH-TESTS",""
"","2","E2-STATES.10","","Mon Nov 11 00:35:17 GMT 2024","passed","Mon Nov 11 00:35:17 GMT 2024","","HYPERON-EXPERIMENTAL-SCRIPTS","HYPERON-EXPERIMENTAL-SCRIPTS",""
"","2","SYNTHESIZE-VIA-TYPE-CHECKING.04","","Mon Nov 11 01:26:05 GMT 2024","passed","Mon Nov 11 01:26:05 GMT 2024","","EXPERIMENTS","EXPERIMENTS",""
"","68","B5-TYPES-PRELIM.02","","Mon Nov 11 01:11:03 GMT 2024","failed","Mon Nov 11 01:11:03 GMT 2024","","CHECK-TYPES-TEMP","CHECK-TYPES-TEMP",""
"","2","TMPMATCH2.03","","Mon Nov 11 00:42:55 GMT 2024","passed","Mon Nov 11 00:42:55 GMT 2024","","ANTI-REGRESSION","ANTI-REGRESSION",""
"","4","CHAPTER-1-2.01","","Mon Nov 11 00:54:37 GMT 2024","passed","Mon Nov 11 00:54:37 GMT 2024","","SICP-BOOK","SICP-BOOK",""
"","2","05-MATCH-SUPERPOSE-ELEMENT-LIKE-SPACE.04","","Mon Nov 11 01:51:41 GMT 2024","passed","Mon Nov 11 01:51:41 GMT 2024","","CONTAINERS-ARE-SPACES","CONTAINERS-ARE-SPACES",""
"","2","ADD-REMOVE-MATCH-FLOAT.09","","Mon Nov 11 00:52:21 GMT 2024","passed","Mon Nov 11 00:52:21 GMT 2024","","SPACES","SPACES",""
"","3","TMPMATCH2.01","","Mon Nov 11 01:48:29 GMT 2024","passed","Mon Nov 11 01:48:29 GMT 2024","","WALK-THRU","WALK-THRU",""
"","284","STDLIB-METTALOG-TEST-PT2.22","","Mon Nov 11 00:54:28 GMT 2024","failed","Mon Nov 11 00:54:28 GMT 2024","","STDLIB-METTALOG","STDLIB-METTALOG",""
"","2","CURRIED-CHAINER.01","","Mon Nov 11 01:16:05 GMT 2024","passed","Mon Nov 11 01:16:05 GMT 2024","","CURRIED-CHAINING","CURRIED-CHAINING",""
"","5000","std.higher_order_funcs","","Mon Nov 11 00:35:13 GMT 2024","passed","Mon Nov 11 00:35:18 GMT 2024","","WHOLE-TESTS","WHOLE-TESTS",""
"","45000","nars_v0.tests4","","Mon Nov 11 00:35:13 GMT 2024","failed","Mon Nov 11 00:35:58 GMT 2024","","WHOLE-TESTS","WHOLE-TESTS",""
"","3","HIGHER-ORDER-FUNCS.01","","Mon Nov 11 00:53:03 GMT 2024","passed","Mon Nov 11 00:53:03 GMT 2024","","STD","STD",""
"","41","FORWARD-CHAINER-TEST.09","","Mon Nov 11 01:17:59 GMT 2024","failed","Mon Nov 11 01:17:59 GMT 2024","","FORWARD-CHAINER","FORWARD-CHAINER",""
"","3","ADD-REMOVE-MATCH-FLOAT.06","","Mon Nov 11 00:52:21 GMT 2024","passed","Mon Nov 11 00:52:21 GMT 2024","","SPACES","SPACES",""
"","43000","examples.expression","","Mon Nov 11 00:35:13 GMT 2024","failed","Mon Nov 11 00:35:56 GMT 2024","","WHOLE-TESTS","WHOLE-TESTS",""
"","3","INF-CTL-MONTH-BC-CONT-XP.27","","Mon Nov 11 01:19:26 GMT 2024","passed","Mon Nov 11 01:19:26 GMT 2024","","INFERENCE-CONTROL","INFERENCE-CONTROL",""
"","1","IMPL-METTALOGTESTCURRIED.03","","Mon Nov 11 01:48:29 GMT 2024","passed","Mon Nov 11 01:48:29 GMT 2024","","WALK-THRU","WALK-THRU",""
"","4000","fizzbuzz.classical","","Mon Nov 11 00:35:13 GMT 2024","passed","Mon Nov 11 00:35:17 GMT 2024","","WHOLE-TESTS","WHOLE-TESTS",""
"","1","TESTS5.04","","Mon Nov 11 00:45:32 GMT 2024","passed","Mon Nov 11 00:45:32 GMT 2024","","MAIN-BRANCH","MAIN-BRANCH",""
"","2","ADD-REMOVE-MATCH-S-SYMBOLS.15","","Mon Nov 11 00:52:21 GMT 2024","passed","Mon Nov 11 00:52:21 GMT 2024","","SPACES","SPACES",""
"","2","D4-TYPE-PROP.11","","Mon Nov 11 00:45:05 GMT 2024","passed","Mon Nov 11 00:45:05 GMT 2024","","QUICK","QUICK",""
"","5000","new.tests0","","Mon Nov 11 00:35:13 GMT 2024","passed","Mon Nov 11 00:35:18 GMT 2024","","WHOLE-TESTS","WHOLE-TESTS",""
"","3","TESTS1-PRE.01","","Mon Nov 11 00:45:32 GMT 2024","passed","Mon Nov 11 00:45:32 GMT 2024","","MAIN-BRANCH","MAIN-BRANCH",""
"","2","CHAPTER-2-2.12","","Mon Nov 11 00:54:37 GMT 2024","passed","Mon Nov 11 00:54:37 GMT 2024","","SICP-BOOK","SICP-BOOK",""
"","5000","check_types.d2_higherfunc","","Mon Nov 11 00:35:13 GMT 2024","passed","Mon Nov 11 00:35:18 GMT 2024","","WHOLE-TESTS","WHOLE-TESTS",""
"","2","TESTS0.06","","Mon Nov 11 00:45:32 GMT 2024","passed","Mon Nov 11 00:45:32 GMT 2024","","MAIN-BRANCH","MAIN-BRANCH",""
"","41000","comparisons.fibo_arg1c","","Mon Nov 11 00:35:13 GMT 2024","failed","Mon Nov 11 00:35:54 GMT 2024","","WHOLE-TESTS","WHOLE-TESTS",""
"","2","ADD-REMOVE-MATCH-MIX-FLOAT-INTEGER.17","","Mon Nov 11 00:52:21 GMT 2024","passed","Mon Nov 11 00:52:21 GMT 2024","","SPACES","SPACES",""
"","2","TYPE-PROP.06","","Mon Nov 11 01:11:03 GMT 2024","passed","Mon Nov 11 01:11:03 GMT 2024","","CHECK-TYPES-TEMP","CHECK-TYPES-TEMP",""
"","135","BASIC.01","","Mon Nov 11 01:08:23 GMT 2024","passed","Mon Nov 11 01:08:23 GMT 2024","","TRAVERSER","TRAVERSER",""
"","2","D2-HIGHERFUNC.08","","Mon Nov 11 00:35:17 GMT 2024","passed","Mon Nov 11 00:35:17 GMT 2024","","HYPERON-EXPERIMENTAL-SCRIPTS","HYPERON-EXPERIMENTAL-SCRIPTS",""
"","2","ADD-REMOVE-MATCH-STRINGS.10","","Mon Nov 11 00:52:21 GMT 2024","passed","Mon Nov 11 00:52:21 GMT 2024","","SPACES","SPACES",""
"","2","ADD-REMOVE-MATCH-MIX-FLOAT-INTEGER.22","","Mon Nov 11 00:52:21 GMT 2024","passed","Mon Nov 11 00:52:21 GMT 2024","","SPACES","SPACES",""
"","45","IMPLICATIONDIRECTINTRODUCTIONDTLTEST.11","","Mon Nov 11 01:14:04 GMT 2024","failed","Mon Nov 11 01:14:04 GMT 2024","","DEPENDENT-TYPES","DEPENDENT-TYPES",""
"","5000","std.symbols","","Mon Nov 11 00:35:13 GMT 2024","passed","Mon Nov 11 00:35:18 GMT 2024","","WHOLE-TESTS","WHOLE-TESTS",""
"","55","CHAPTER-2-4.09","","Mon Nov 11 00:54:37 GMT 2024","failed","Mon Nov 11 00:54:37 GMT 2024","","SICP-BOOK","SICP-BOOK",""
"","1","KEY-LOOKUPS-MANY.05","","Mon Nov 11 01:57:07 GMT 2024","passed","Mon Nov 11 01:57:07 GMT 2024","","BASIC","BASIC",""
"","3","CREATE-SERVER.01","","Mon Nov 11 01:52:52 GMT 2024","passed","Mon Nov 11 01:52:52 GMT 2024","","DISTRIBUTED-PROCESSING","DISTRIBUTED-PROCESSING",""
"","2","D4-TYPE-PROP.15","","Mon Nov 11 01:11:24 GMT 2024","passed","Mon Nov 11 01:11:24 GMT 2024","","CHECK-TYPES","CHECK-TYPES",""
"","3","SEQUENTIAL-NESTED.05","","Mon Nov 11 00:40:49 GMT 2024","passed","Mon Nov 11 00:40:49 GMT 2024","","METTA-MORPH-TESTS","METTA-MORPH-TESTS",""
"","2","GROUNDED-BASIC.01","","Mon Nov 11 00:53:03 GMT 2024","passed","Mon Nov 11 00:53:03 GMT 2024","","STD","STD",""
"","5000","collatz.classical","","Mon Nov 11 00:35:13 GMT 2024","passed","Mon Nov 11 00:35:18 GMT 2024","","WHOLE-TESTS","WHOLE-TESTS",""
"","44","FORWARD-CHAINER-XP.05","","Mon Nov 11 01:17:59 GMT 2024","failed","Mon Nov 11 01:17:59 GMT 2024","","FORWARD-CHAINER","FORWARD-CHAINER",""
"","1","D4-TYPE-PROP.18","","Mon Nov 11 01:11:24 GMT 2024","passed","Mon Nov 11 01:11:24 GMT 2024","","CHECK-TYPES","CHECK-TYPES",""
"","2","SUBTRACTION-TEST.07","","Mon Nov 11 00:36:54 GMT 2024","passed","Mon Nov 11 00:36:54 GMT 2024","","HYPERON-METTALOG-SANITY","HYPERON-METTALOG-SANITY",""
"","3","B4-NONDETERM.07","","Mon Nov 11 00:35:17 GMT 2024","passed","Mon Nov 11 00:35:17 GMT 2024","","HYPERON-EXPERIMENTAL-SCRIPTS","HYPERON-EXPERIMENTAL-SCRIPTS",""
"","5000","dependent-types.MinerDTLTest","","Mon Nov 11 00:35:13 GMT 2024","passed","Mon Nov 11 00:35:18 GMT 2024","","WHOLE-TESTS","WHOLE-TESTS",""
"","104","SHOW-TYPE.13","","Mon Nov 11 00:52:05 GMT 2024","failed","Mon Nov 11 00:52:05 GMT 2024","","INTROSPECT","INTROSPECT",""
"","2","UNIQUE-TEST.05","","Mon Nov 11 00:36:54 GMT 2024","passed","Mon Nov 11 00:36:54 GMT 2024","","HYPERON-METTALOG-SANITY","HYPERON-METTALOG-SANITY",""
"","2","BCHAIN.03","","Mon Nov 11 00:42:55 GMT 2024","passed","Mon Nov 11 00:42:55 GMT 2024","","ANTI-REGRESSION","ANTI-REGRESSION",""
"","2","METTALOGTESTCURRIED2.04","","Mon Nov 11 01:48:29 GMT 2024","passed","Mon Nov 11 01:48:29 GMT 2024","","WALK-THRU","WALK-THRU",""
"","2","TYPES2.04","","Mon Nov 11 00:40:49 GMT 2024","passed","Mon Nov 11 00:40:49 GMT 2024","","METTA-MORPH-TESTS","METTA-MORPH-TESTS",""
"","3","C1-GROUNDED-BASIC.07","","Mon Nov 11 00:35:17 GMT 2024","passed","Mon Nov 11 00:35:17 GMT 2024","","HYPERON-EXPERIMENTAL-SCRIPTS","HYPERON-EXPERIMENTAL-SCRIPTS",""
"","2","D2-HIGHERFUNC.14","","Mon Nov 11 01:11:24 GMT 2024","passed","Mon Nov 11 01:11:24 GMT 2024","","CHECK-TYPES","CHECK-TYPES",""
"","2","STRING-TESTS.09","","Mon Nov 11 00:36:54 GMT 2024","passed","Mon Nov 11 00:36:54 GMT 2024","","HYPERON-METTALOG-SANITY","HYPERON-METTALOG-SANITY",""
"","2","D4-TYPE-PROP.12","","Mon Nov 11 00:35:17 GMT 2024","passed","Mon Nov 11 00:35:17 GMT 2024","","HYPERON-EXPERIMENTAL-SCRIPTS","HYPERON-EXPERIMENTAL-SCRIPTS",""
"","45000","nars_v0.tests3","","Mon Nov 11 00:35:13 GMT 2024","failed","Mon Nov 11 00:35:58 GMT 2024","","WHOLE-TESTS","WHOLE-TESTS",""
"","4000","transpiler.letlet","","Mon Nov 11 00:35:13 GMT 2024","passed","Mon Nov 11 00:35:17 GMT 2024","","WHOLE-TESTS","WHOLE-TESTS",""
"","2","A2-OPENCOGGY.01","","Mon Nov 11 00:35:17 GMT 2024","passed","Mon Nov 11 00:35:17 GMT 2024","","HYPERON-EXPERIMENTAL-SCRIPTS","HYPERON-EXPERIMENTAL-SCRIPTS",""
"","2","00A-LANG-COMPILED-CASE.02","","Mon Nov 11 01:47:02 GMT 2024","passed","Mon Nov 11 01:47:02 GMT 2024","","DIRECT-COMP","DIRECT-COMP",""
"","3","TESTS5.01","","Mon Nov 11 01:39:13 GMT 2024","passed","Mon Nov 11 01:39:13 GMT 2024","","NEW","NEW",""
"","2","ADD-REMOVE-MATCH-S-SYMBOLS.09","","Mon Nov 11 00:52:21 GMT 2024","passed","Mon Nov 11 00:52:21 GMT 2024","","SPACES","SPACES",""
"","280","TESTS0.07","","Mon Nov 11 01:30:15 GMT 2024","failed","Mon Nov 11 01:30:15 GMT 2024","","CURRENT","CURRENT",""
"","3","STRING-TESTS.21","","Mon Nov 11 00:36:54 GMT 2024","passed","Mon Nov 11 00:36:54 GMT 2024","","HYPERON-METTALOG-SANITY","HYPERON-METTALOG-SANITY",""
"","2","IFC-XP.38","","Mon Nov 11 01:21:29 GMT 2024","passed","Mon Nov 11 01:21:29 GMT 2024","","ITERATIVE-CHAINING","ITERATIVE-CHAINING",""
"","2","BCHAIN.02","","Mon Nov 11 00:42:55 GMT 2024","passed","Mon Nov 11 00:42:55 GMT 2024","","ANTI-REGRESSION","ANTI-REGRESSION",""
"","3","FORWARD-CHAINER-XP.02","","Mon Nov 11 01:17:59 GMT 2024","passed","Mon Nov 11 01:17:59 GMT 2024","","FORWARD-CHAINER","FORWARD-CHAINER",""
"","5000","check_types-temp.soring-via-insert","","Mon Nov 11 00:35:13 GMT 2024","passed","Mon Nov 11 00:35:18 GMT 2024","","WHOLE-TESTS","WHOLE-TESTS",""
"","85","ADD-REMOVE-MATCH-MIX-FLOAT-INTEGER.14","","Mon Nov 11 00:52:21 GMT 2024","passed","Mon Nov 11 00:52:21 GMT 2024","","SPACES","SPACES",""
"","2","D4-TYPE-PROP.02","","Mon Nov 11 00:35:17 GMT 2024","passed","Mon Nov 11 00:35:17 GMT 2024","","HYPERON-EXPERIMENTAL-SCRIPTS","HYPERON-EXPERIMENTAL-SCRIPTS",""
"","7000","bigram-sentence-evaluator.taus","","Mon Nov 11 00:35:13 GMT 2024","passed","Mon Nov 11 00:35:20 GMT 2024","","WHOLE-TESTS","WHOLE-TESTS",""
"","2","F1-IMPORTS.05","","Mon Nov 11 00:35:08 GMT 2024","passed","Mon Nov 11 00:35:08 GMT 2024","","MODULE-SYSTEM","MODULE-SYSTEM",""
"","2","CML-UNSHARED.10","","Mon Nov 11 01:57:07 GMT 2024","passed","Mon Nov 11 01:57:07 GMT 2024","","BASIC","BASIC",""
"","4000","walk_thru.tmpMatch2","","Mon Nov 11 00:35:13 GMT 2024","passed","Mon Nov 11 00:35:17 GMT 2024","","WHOLE-TESTS","WHOLE-TESTS",""
"","4000","hyperon-experimental_scripts.d1_gadt","","Mon Nov 11 00:35:13 GMT 2024","passed","Mon Nov 11 00:35:17 GMT 2024","","WHOLE-TESTS","WHOLE-TESTS",""
"","2","B4-NONDETERM.04","","Mon Nov 11 00:35:17 GMT 2024","passed","Mon Nov 11 00:35:17 GMT 2024","","HYPERON-EXPERIMENTAL-SCRIPTS","HYPERON-EXPERIMENTAL-SCRIPTS",""
"","3","LET-SUPERPOSE-IF-CASE.02","","Mon Nov 11 01:48:04 GMT 2024","passed","Mon Nov 11 01:48:04 GMT 2024","","TRANSPILER","TRANSPILER",""
"","43000","synthesis.SynthesizeTest","","Mon Nov 11 00:35:13 GMT 2024","failed","Mon Nov 11 00:35:56 GMT 2024","","WHOLE-TESTS","WHOLE-TESTS",""
"","2","ADD-REMOVE-MATCH-S-SYMBOLS.03","","Mon Nov 11 00:52:21 GMT 2024","passed","Mon Nov 11 00:52:21 GMT 2024","","SPACES","SPACES",""
"","24000","language_models.training","","Mon Nov 11 00:35:13 GMT 2024","passed","Mon Nov 11 00:35:37 GMT 2024","","WHOLE-TESTS","WHOLE-TESTS",""
"","3","SELF-CONTAINED-SYNTHESIZE.05","","Mon Nov 11 01:26:05 GMT 2024","passed","Mon Nov 11 01:26:05 GMT 2024","","EXPERIMENTS","EXPERIMENTS",""
"","4000","hyperon-mettalog_sanity.represent_and_parse_tests","","Mon Nov 11 00:35:13 GMT 2024","passed","Mon Nov 11 00:35:17 GMT 2024","","WHOLE-TESTS","WHOLE-TESTS",""
"","2","ADD-REMOVE-MATCH-MIX-FLOAT-INTEGER.24","","Mon Nov 11 00:52:21 GMT 2024","passed","Mon Nov 11 00:52:21 GMT 2024","","SPACES","SPACES",""
"","4000","hyperon-experimental_scripts.b1_equal_chain","","Mon Nov 11 00:35:13 GMT 2024","passed","Mon Nov 11 00:35:17 GMT 2024","","WHOLE-TESTS","WHOLE-TESTS",""
"","2","B1-EQUAL-CHAIN.05","","Mon Nov 11 00:35:17 GMT 2024","passed","Mon Nov 11 00:35:17 GMT 2024","","HYPERON-EXPERIMENTAL-SCRIPTS","HYPERON-EXPERIMENTAL-SCRIPTS",""
"","2","IFC-XP.11","","Mon Nov 11 01:21:29 GMT 2024","passed","Mon Nov 11 01:21:29 GMT 2024","","ITERATIVE-CHAINING","ITERATIVE-CHAINING",""
"","98","00A-LANG-COMPILED-CASE.07","","Mon Nov 11 01:47:02 GMT 2024","passed","Mon Nov 11 01:47:02 GMT 2024","","DIRECT-COMP","DIRECT-COMP",""
"","2","D4-TYPE-PROP.05","","Mon Nov 11 00:35:17 GMT 2024","passed","Mon Nov 11 00:35:17 GMT 2024","","HYPERON-EXPERIMENTAL-SCRIPTS","HYPERON-EXPERIMENTAL-SCRIPTS",""
"","46000","current.tests4","","Mon Nov 11 00:35:13 GMT 2024","failed","Mon Nov 11 00:35:59 GMT 2024","","WHOLE-TESTS","WHOLE-TESTS",""
"","2","IOIOIOI.04","","Mon Nov 11 01:54:48 GMT 2024","passed","Mon Nov 11 01:54:48 GMT 2024","","MULTIDIRECTIONAL","MULTIDIRECTIONAL",""
"","1","TYPE-PROP.05","","Mon Nov 11 00:50:03 GMT 2024","passed","Mon Nov 11 00:50:03 GMT 2024","","CHAINING","CHAINING",""
"","5","ORIENTATION-TEST.03","","Mon Nov 11 01:25:12 GMT 2024","passed","Mon Nov 11 01:25:12 GMT 2024","","ORIENTATION","ORIENTATION",""
"","3","FORWARD-CHAINER-TEST.04","","Mon Nov 11 01:17:59 GMT 2024","passed","Mon Nov 11 01:17:59 GMT 2024","","FORWARD-CHAINER","FORWARD-CHAINER",""
"","2","BC-XP.21","","Mon Nov 11 01:15:17 GMT 2024","passed","Mon Nov 11 01:15:17 GMT 2024","","BACKWARD-CHAINING","BACKWARD-CHAINING",""
"","2","MATCH-VOID.08","","Mon Nov 11 00:40:49 GMT 2024","passed","Mon Nov 11 00:40:49 GMT 2024","","METTA-MORPH-TESTS","METTA-MORPH-TESTS",""
"","5000","common.EqualityTypeTest","","Mon Nov 11 00:35:13 GMT 2024","passed","Mon Nov 11 00:35:18 GMT 2024","","WHOLE-TESTS","WHOLE-TESTS",""
"","2","MAYBETEST.03","","Mon Nov 11 01:15:27 GMT 2024","passed","Mon Nov 11 01:15:27 GMT 2024","","COMMON","COMMON",""
"","3","B5-TYPES-PRELIM.07","","Mon Nov 11 01:11:03 GMT 2024","passed","Mon Nov 11 01:11:03 GMT 2024","","CHECK-TYPES-TEMP","CHECK-TYPES-TEMP",""
"","3","SUBTRACTION-TEST.02","","Mon Nov 11 00:36:54 GMT 2024","passed","Mon Nov 11 00:36:54 GMT 2024","","HYPERON-METTALOG-SANITY","HYPERON-METTALOG-SANITY",""
"","45000","language_models.weighted_pllm","","Mon Nov 11 00:35:13 GMT 2024","failed","Mon Nov 11 00:35:58 GMT 2024","","WHOLE-TESTS","WHOLE-TESTS",""
"","2","KEY-LOOKUPS-MANY.13","","Mon Nov 11 01:57:07 GMT 2024","passed","Mon Nov 11 01:57:07 GMT 2024","","BASIC","BASIC",""
"","90","GROUNDED-BASIC.03","","Mon Nov 11 00:53:03 GMT 2024","passed","Mon Nov 11 00:53:03 GMT 2024","","STD","STD",""
"","4000","metta-wam-issue-116.test_spo_5000","","Mon Nov 11 00:35:13 GMT 2024","passed","Mon Nov 11 00:35:17 GMT 2024","","WHOLE-TESTS","WHOLE-TESTS",""
"","1","F1-MODULEA.04","","Mon Nov 11 00:35:17 GMT 2024","passed","Mon Nov 11 00:35:17 GMT 2024","","HYPERON-EXPERIMENTAL-SCRIPTS","HYPERON-EXPERIMENTAL-SCRIPTS",""
"","2","D4-TYPE-PROP.05","","Mon Nov 11 00:45:05 GMT 2024","passed","Mon Nov 11 00:45:05 GMT 2024","","QUICK","QUICK",""
"","199","QUERIES.18","","Mon Nov 11 01:07:42 GMT 2024","failed","Mon Nov 11 01:07:42 GMT 2024","","STRIPS-TO-METTA-IMPROVED","STRIPS-TO-METTA-IMPROVED",""
"","5","UTILS-TEST.03","","Mon Nov 11 01:15:08 GMT 2024","passed","Mon Nov 11 01:15:08 GMT 2024","","UTILS","UTILS",""
"","1","TMPMATCH1.04","","Mon Nov 11 01:48:29 GMT 2024","passed","Mon Nov 11 01:48:29 GMT 2024","","WALK-THRU","WALK-THRU",""
"","3","SUBTRACTION-TEST.05","","Mon Nov 11 00:36:54 GMT 2024","passed","Mon Nov 11 00:36:54 GMT 2024","","HYPERON-METTALOG-SANITY","HYPERON-METTALOG-SANITY",""
"","41000","basic.coins","","Mon Nov 11 00:35:13 GMT 2024","failed","Mon Nov 11 00:35:54 GMT 2024","","WHOLE-TESTS","WHOLE-TESTS",""
"","47","SUBTYPING-TEST.04","","Mon Nov 11 01:24:16 GMT 2024","passed","Mon Nov 11 01:24:16 GMT 2024","","SUBTYPING","SUBTYPING",""
"","3","TREE.01","","Mon Nov 11 00:59:54 GMT 2024","passed","Mon Nov 11 00:59:54 GMT 2024","","COMBINATOR-CALCULI","COMBINATOR-CALCULI",""
"","3","FORWARD-CHAINER-XP.11","","Mon Nov 11 01:17:59 GMT 2024","passed","Mon Nov 11 01:17:59 GMT 2024","","FORWARD-CHAINER","FORWARD-CHAINER",""
"","2","UTILS-TEST.04","","Mon Nov 11 01:15:08 GMT 2024","passed","Mon Nov 11 01:15:08 GMT 2024","","UTILS","UTILS",""
"","2","D3-DEPTYPES.06","","Mon Nov 11 00:35:17 GMT 2024","passed","Mon Nov 11 00:35:17 GMT 2024","","HYPERON-EXPERIMENTAL-SCRIPTS","HYPERON-EXPERIMENTAL-SCRIPTS",""
"","3","A1-SYMBOLS.05","","Mon Nov 11 00:35:17 GMT 2024","passed","Mon Nov 11 00:35:17 GMT 2024","","HYPERON-EXPERIMENTAL-SCRIPTS","HYPERON-EXPERIMENTAL-SCRIPTS",""
"","3","ADD-REMOVE-MATCH-S-STRINGS.16","","Mon Nov 11 00:52:21 GMT 2024","passed","Mon Nov 11 00:52:21 GMT 2024","","SPACES","SPACES",""
"","1","SPACE-SUBTRACTION-TESTS.03","","Mon Nov 11 00:36:54 GMT 2024","passed","Mon Nov 11 00:36:54 GMT 2024","","HYPERON-METTALOG-SANITY","HYPERON-METTALOG-SANITY",""
"","3","FC-XP.04","","Mon Nov 11 01:18:10 GMT 2024","passed","Mon Nov 11 01:18:10 GMT 2024","","FORWARD-CHAINING","FORWARD-CHAINING",""
"","21000","comparisons.nils_if_control_test_6","","Mon Nov 11 00:35:13 GMT 2024","passed","Mon Nov 11 00:35:34 GMT 2024","","WHOLE-TESTS","WHOLE-TESTS",""
"","2","OR-TEST.18","","Mon Nov 11 00:36:54 GMT 2024","passed","Mon Nov 11 00:36:54 GMT 2024","","HYPERON-METTALOG-SANITY","HYPERON-METTALOG-SANITY",""
"","2","00-LANG-CASE.15","","Mon Nov 11 00:36:54 GMT 2024","passed","Mon Nov 11 00:36:54 GMT 2024","","HYPERON-METTALOG-SANITY","HYPERON-METTALOG-SANITY",""
"","41000","basic.pathfinding-hard","","Mon Nov 11 00:35:13 GMT 2024","failed","Mon Nov 11 00:35:54 GMT 2024","","WHOLE-TESTS","WHOLE-TESTS",""
"","3","INF-CTL-MONTH-BC-CONT-XP.10","","Mon Nov 11 01:19:26 GMT 2024","passed","Mon Nov 11 01:19:26 GMT 2024","","INFERENCE-CONTROL","INFERENCE-CONTROL",""
"","2","FORWARD-CHAINER-XP.08","","Mon Nov 11 01:17:59 GMT 2024","passed","Mon Nov 11 01:17:59 GMT 2024","","FORWARD-CHAINER","FORWARD-CHAINER",""
"","2","ADD-REMOVE-MATCH-SS-STRINGS.12","","Mon Nov 11 00:52:21 GMT 2024","passed","Mon Nov 11 00:52:21 GMT 2024","","SPACES","SPACES",""
"","2","INF-ORDER-PROBS.11","","Mon Nov 11 01:03:12 GMT 2024","passed","Mon Nov 11 01:03:12 GMT 2024","","PROB-DEP-TYPES","PROB-DEP-TYPES",""
"","2","IMPLICATIONDIRECTINTRODUCTIONENTAILTEST.03","","Mon Nov 11 01:17:38 GMT 2024","passed","Mon Nov 11 01:17:38 GMT 2024","","ENTAIL","ENTAIL",""
"","5","SPACE-SUBTRACTION-TESTS.04","","Mon Nov 11 00:36:54 GMT 2024","passed","Mon Nov 11 00:36:54 GMT 2024","","HYPERON-METTALOG-SANITY","HYPERON-METTALOG-SANITY",""
"","5000","common.OrderedSetTest","","Mon Nov 11 00:35:13 GMT 2024","passed","Mon Nov 11 00:35:18 GMT 2024","","WHOLE-TESTS","WHOLE-TESTS",""
"","2","STRING-TESTS.20","","Mon Nov 11 00:36:54 GMT 2024","passed","Mon Nov 11 00:36:54 GMT 2024","","HYPERON-METTALOG-SANITY","HYPERON-METTALOG-SANITY",""
"","1","NATPARITYTEST.06","","Mon Nov 11 01:18:15 GMT 2024","passed","Mon Nov 11 01:18:15 GMT 2024","","HOL","HOL",""
"","88","B5-TYPES-PRELIM.11","","Mon Nov 11 00:35:17 GMT 2024","failed","Mon Nov 11 00:35:17 GMT 2024","","HYPERON-EXPERIMENTAL-SCRIPTS","HYPERON-EXPERIMENTAL-SCRIPTS",""
"","40000","fizzbuzz.constructive","","Mon Nov 11 00:35:13 GMT 2024","failed","Mon Nov 11 00:35:53 GMT 2024","","WHOLE-TESTS","WHOLE-TESTS",""
"","1063","TRAINING-BI.01","","Mon Nov 11 02:09:38 GMT 2024","passed","Mon Nov 11 02:09:39 GMT 2024","","LANGUAGE-MODELS","LANGUAGE-MODELS",""
"","5000","backward-chaining.bc-xp","","Mon Nov 11 00:35:13 GMT 2024","passed","Mon Nov 11 00:35:18 GMT 2024","","WHOLE-TESTS","WHOLE-TESTS",""
"","1","TEST-IF-CLOSED.06","","Mon Nov 11 00:42:55 GMT 2024","passed","Mon Nov 11 00:42:55 GMT 2024","","ANTI-REGRESSION","ANTI-REGRESSION",""
"","2","INF-CTL-MONTH-XP-SHORT-3.05","","Mon Nov 11 02:03:27 GMT 2024","passed","Mon Nov 11 02:03:27 GMT 2024","","COMPARISONS","COMPARISONS",""
"","2","F1-IMPORTS.11","","Mon Nov 11 00:45:05 GMT 2024","passed","Mon Nov 11 00:45:05 GMT 2024","","QUICK","QUICK",""
"","5000","SICP_book.chapter_2_4","","Mon Nov 11 00:35:13 GMT 2024","passed","Mon Nov 11 00:35:18 GMT 2024","","WHOLE-TESTS","WHOLE-TESTS",""
"","53","B5-TYPES-PRELIM.14","","Mon Nov 11 00:35:17 GMT 2024","failed","Mon Nov 11 00:35:17 GMT 2024","","HYPERON-EXPERIMENTAL-SCRIPTS","HYPERON-EXPERIMENTAL-SCRIPTS",""
"","3","TYPES-PRELIM.01","","Mon Nov 11 00:50:03 GMT 2024","passed","Mon Nov 11 00:50:03 GMT 2024","","CHAINING","CHAINING",""
"","2","TYPE-PROP.14","","Mon Nov 11 01:11:03 GMT 2024","passed","Mon Nov 11 01:11:03 GMT 2024","","CHECK-TYPES-TEMP","CHECK-TYPES-TEMP",""
"","2","IFC-XP.02","","Mon Nov 11 01:21:29 GMT 2024","passed","Mon Nov 11 01:21:29 GMT 2024","","ITERATIVE-CHAINING","ITERATIVE-CHAINING",""
"","1","00A-LANG-COMPILED-CASE.10","","Mon Nov 11 01:47:02 GMT 2024","passed","Mon Nov 11 01:47:02 GMT 2024","","DIRECT-COMP","DIRECT-COMP",""
"","3","FC-XP.18","","Mon Nov 11 01:18:10 GMT 2024","passed","Mon Nov 11 01:18:10 GMT 2024","","FORWARD-CHAINING","FORWARD-CHAINING",""
"","3","TESTS0.04","","Mon Nov 11 01:39:13 GMT 2024","passed","Mon Nov 11 01:39:13 GMT 2024","","NEW","NEW",""
"","92","ADD-REMOVE-MATCH-SYMBOLS.14","","Mon Nov 11 00:52:21 GMT 2024","passed","Mon Nov 11 00:52:21 GMT 2024","","SPACES","SPACES",""
"","2","TYPES-PRELIM.02","","Mon Nov 11 00:50:03 GMT 2024","passed","Mon Nov 11 00:50:03 GMT 2024","","CHAINING","CHAINING",""
"","45","TYPE-PROP.67","","Mon Nov 11 01:11:03 GMT 2024","failed","Mon Nov 11 01:11:03 GMT 2024","","CHECK-TYPES-TEMP","CHECK-TYPES-TEMP",""
"","3","PC-XP.11","","Mon Nov 11 01:24:11 GMT 2024","passed","Mon Nov 11 01:24:11 GMT 2024","","POLYWARD-CHAINING","POLYWARD-CHAINING",""
"","1504","TESTS4.02","","Mon Nov 11 00:45:32 GMT 2024","failed","Mon Nov 11 00:45:33 GMT 2024","","MAIN-BRANCH","MAIN-BRANCH",""
"","100","EXAM-SPACES.04","","Mon Nov 11 00:52:05 GMT 2024","passed","Mon Nov 11 00:52:05 GMT 2024","","INTROSPECT","INTROSPECT",""
"","2","03-SORING-VIA-INSERT.02","","Mon Nov 11 00:36:54 GMT 2024","passed","Mon Nov 11 00:36:54 GMT 2024","","HYPERON-METTALOG-SANITY","HYPERON-METTALOG-SANITY",""
"","3","B5-TYPES-PRELIM.10","","Mon Nov 11 00:35:17 GMT 2024","passed","Mon Nov 11 00:35:17 GMT 2024","","HYPERON-EXPERIMENTAL-SCRIPTS","HYPERON-EXPERIMENTAL-SCRIPTS",""
"","6","JOHN-CARRY-FLOWER-TEST.04","","Mon Nov 11 01:24:57 GMT 2024","passed","Mon Nov 11 01:24:57 GMT 2024","","JOHN-CARRY-FLOWER","JOHN-CARRY-FLOWER",""
"","3","C1-GROUNDED-BASIC.01","","Mon Nov 11 01:11:03 GMT 2024","passed","Mon Nov 11 01:11:03 GMT 2024","","CHECK-TYPES-TEMP","CHECK-TYPES-TEMP",""
"","1","STDLIB-METTALOG-TEST-PT2.44","","Mon Nov 11 00:54:28 GMT 2024","passed","Mon Nov 11 00:54:28 GMT 2024","","STDLIB-METTALOG","STDLIB-METTALOG",""
"","2","SYNTHESIZE-VIA-SUPERPOSE.04","","Mon Nov 11 01:26:05 GMT 2024","passed","Mon Nov 11 01:26:05 GMT 2024","","EXPERIMENTS","EXPERIMENTS",""
"","22","INF-CTL-MONTH-XP.09","","Mon Nov 11 01:19:26 GMT 2024","failed","Mon Nov 11 01:19:26 GMT 2024","","INFERENCE-CONTROL","INFERENCE-CONTROL",""
"","2","STATE-TYPES.16","","Mon Nov 11 01:57:07 GMT 2024","passed","Mon Nov 11 01:57:07 GMT 2024","","BASIC","BASIC",""
"","1","HYPERPOSE.05","","Mon Nov 11 00:40:49 GMT 2024","passed","Mon Nov 11 00:40:49 GMT 2024","","METTA-MORPH-TESTS","METTA-MORPH-TESTS",""
"","3","D4-TYPE-PROP.01","","Mon Nov 11 00:45:05 GMT 2024","passed","Mon Nov 11 00:45:05 GMT 2024","","QUICK","QUICK",""
"","1","ADD-REMOVE-MATCH-INTEGER.05","","Mon Nov 11 00:52:21 GMT 2024","passed","Mon Nov 11 00:52:21 GMT 2024","","SPACES","SPACES",""
"","4000","metta-morph_tests.letlet","","Mon Nov 11 00:35:13 GMT 2024","passed","Mon Nov 11 00:35:17 GMT 2024","","WHOLE-TESTS","WHOLE-TESTS",""
"","2","DEBUG-METTALOGTESTCURRIED.08","","Mon Nov 11 01:48:29 GMT 2024","passed","Mon Nov 11 01:48:29 GMT 2024","","WALK-THRU","WALK-THRU",""
"","2","INTERSECTION-TESTS.10","","Mon Nov 11 00:36:54 GMT 2024","passed","Mon Nov 11 00:36:54 GMT 2024","","HYPERON-METTALOG-SANITY","HYPERON-METTALOG-SANITY",""
"","2","ADD-REMOVE-MATCH-INTEGER.13","","Mon Nov 11 00:52:21 GMT 2024","passed","Mon Nov 11 00:52:21 GMT 2024","","SPACES","SPACES",""
"","2","C1-GROUNDED-BASIC.18","","Mon Nov 11 00:35:17 GMT 2024","passed","Mon Nov 11 00:35:17 GMT 2024","","HYPERON-EXPERIMENTAL-SCRIPTS","HYPERON-EXPERIMENTAL-SCRIPTS",""
"","2","SUPERCOLLAPSE.06","","Mon Nov 11 00:40:49 GMT 2024","passed","Mon Nov 11 00:40:49 GMT 2024","","METTA-MORPH-TESTS","METTA-MORPH-TESTS",""
"","3","CHAPTER-2-4.12","","Mon Nov 11 00:54:37 GMT 2024","passed","Mon Nov 11 00:54:37 GMT 2024","","SICP-BOOK","SICP-BOOK",""
"","2","HYPERPOSING-UNSHARED.06","","Mon Nov 11 01:57:07 GMT 2024","passed","Mon Nov 11 01:57:07 GMT 2024","","BASIC","BASIC",""
"","3","NATDTLTEST.01","","Mon Nov 11 01:18:15 GMT 2024","passed","Mon Nov 11 01:18:15 GMT 2024","","HOL","HOL",""
"","106","TYPE-PROP.52","","Mon Nov 11 01:11:03 GMT 2024","failed","Mon Nov 11 01:11:03 GMT 2024","","CHECK-TYPES-TEMP","CHECK-TYPES-TEMP",""
"","47","FC-XP.28","","Mon Nov 11 01:18:10 GMT 2024","failed","Mon Nov 11 01:18:10 GMT 2024","","FORWARD-CHAINING","FORWARD-CHAINING",""
"","62","TYPES-PRELIM.21","","Mon Nov 11 00:50:03 GMT 2024","failed","Mon Nov 11 00:50:03 GMT 2024","","CHAINING","CHAINING",""
"","2","IFC-XP.10","","Mon Nov 11 01:21:29 GMT 2024","passed","Mon Nov 11 01:21:29 GMT 2024","","ITERATIVE-CHAINING","ITERATIVE-CHAINING",""
"","3","IF.01","","Mon Nov 11 00:40:49 GMT 2024","passed","Mon Nov 11 00:40:49 GMT 2024","","METTA-MORPH-TESTS","METTA-MORPH-TESTS",""
"","2","DEDUCTIONFORMULATEST.03","","Mon Nov 11 01:15:51 GMT 2024","passed","Mon Nov 11 01:15:51 GMT 2024","","FORMULA","FORMULA",""
"","5","SPACE-SUBTRACTION-TESTS.10","","Mon Nov 11 00:36:54 GMT 2024","passed","Mon Nov 11 00:36:54 GMT 2024","","HYPERON-METTALOG-SANITY","HYPERON-METTALOG-SANITY",""
"","2","BC-COMP.03","","Mon Nov 11 00:42:55 GMT 2024","passed","Mon Nov 11 00:42:55 GMT 2024","","ANTI-REGRESSION","ANTI-REGRESSION",""
"","1","MATCH-VOID.03","","Mon Nov 11 00:40:49 GMT 2024","passed","Mon Nov 11 00:40:49 GMT 2024","","METTA-MORPH-TESTS","METTA-MORPH-TESTS",""
"","116","INF-CTL-MONTH-XP.01","","Mon Nov 11 01:19:26 GMT 2024","passed","Mon Nov 11 01:19:26 GMT 2024","","INFERENCE-CONTROL","INFERENCE-CONTROL",""
"","56","OBIF-CLP.02","","Mon Nov 11 01:54:48 GMT 2024","failed","Mon Nov 11 01:54:48 GMT 2024","","MULTIDIRECTIONAL","MULTIDIRECTIONAL",""
"","2","METTALOGTESTCURRIED2.03","","Mon Nov 11 01:48:29 GMT 2024","passed","Mon Nov 11 01:48:29 GMT 2024","","WALK-THRU","WALK-THRU",""
"","3","IFC-XP.39","","Mon Nov 11 01:21:29 GMT 2024","passed","Mon Nov 11 01:21:29 GMT 2024","","ITERATIVE-CHAINING","ITERATIVE-CHAINING",""
"","3","E2-STATES.06","","Mon Nov 11 00:35:17 GMT 2024","passed","Mon Nov 11 00:35:17 GMT 2024","","HYPERON-EXPERIMENTAL-SCRIPTS","HYPERON-EXPERIMENTAL-SCRIPTS",""
"","2","CURRIED-CHAINER.07","","Mon Nov 11 01:16:05 GMT 2024","passed","Mon Nov 11 01:16:05 GMT 2024","","CURRIED-CHAINING","CURRIED-CHAINING",""
"","45","FORWARD-CHAINER-XP.09","","Mon Nov 11 01:17:59 GMT 2024","failed","Mon Nov 11 01:17:59 GMT 2024","","FORWARD-CHAINER","FORWARD-CHAINER",""
"","2","BC-XP.08","","Mon Nov 11 01:15:17 GMT 2024","passed","Mon Nov 11 01:15:17 GMT 2024","","BACKWARD-CHAINING","BACKWARD-CHAINING",""
"","430","TESTS0.08","","Mon Nov 11 00:45:32 GMT 2024","passed","Mon Nov 11 00:45:32 GMT 2024","","MAIN-BRANCH","MAIN-BRANCH",""
"","3","SYNTHESIZE-VIA-TYPE-CHECKING.11","","Mon Nov 11 01:26:05 GMT 2024","passed","Mon Nov 11 01:26:05 GMT 2024","","EXPERIMENTS","EXPERIMENTS",""
"","7000","hol.NatStandaloneTest","","Mon Nov 11 00:35:13 GMT 2024","passed","Mon Nov 11 00:35:20 GMT 2024","","WHOLE-TESTS","WHOLE-TESTS",""
"","2","C2-SPACES.04","","Mon Nov 11 00:35:08 GMT 2024","passed","Mon Nov 11 00:35:08 GMT 2024","","MODULE-SYSTEM","MODULE-SYSTEM",""
"","1","CHAPTER-1-2.02","","Mon Nov 11 00:54:37 GMT 2024","passed","Mon Nov 11 00:54:37 GMT 2024","","SICP-BOOK","SICP-BOOK",""
"","7000","hol.NatParityTest","","Mon Nov 11 00:35:13 GMT 2024","passed","Mon Nov 11 00:35:20 GMT 2024","","WHOLE-TESTS","WHOLE-TESTS",""
"","2","ADD-REMOVE-MATCH-SYMBOLS.09","","Mon Nov 11 00:52:21 GMT 2024","passed","Mon Nov 11 00:52:21 GMT 2024","","SPACES","SPACES",""
"","2","A3-TWOSIDE.02","","Mon Nov 11 00:35:17 GMT 2024","passed","Mon Nov 11 00:35:17 GMT 2024","","HYPERON-EXPERIMENTAL-SCRIPTS","HYPERON-EXPERIMENTAL-SCRIPTS",""
"","131","INF-ORDER-PROBS.02","","Mon Nov 11 01:03:12 GMT 2024","passed","Mon Nov 11 01:03:12 GMT 2024","","PROB-DEP-TYPES","PROB-DEP-TYPES",""
"","2","NATPARITYTEST.14","","Mon Nov 11 01:18:15 GMT 2024","passed","Mon Nov 11 01:18:15 GMT 2024","","HOL","HOL",""
"","2","ADD-REMOVE-MATCH-INTEGER.09","","Mon Nov 11 00:52:21 GMT 2024","passed","Mon Nov 11 00:52:21 GMT 2024","","SPACES","SPACES",""
"","2","TYPE-PROP.45","","Mon Nov 11 01:11:03 GMT 2024","passed","Mon Nov 11 01:11:03 GMT 2024","","CHECK-TYPES-TEMP","CHECK-TYPES-TEMP",""
"","2","INTERSECTION-TESTS.07","","Mon Nov 11 00:36:54 GMT 2024","passed","Mon Nov 11 00:36:54 GMT 2024","","HYPERON-METTALOG-SANITY","HYPERON-METTALOG-SANITY",""
"","2","TYPES-PRELIM.09","","Mon Nov 11 00:50:03 GMT 2024","passed","Mon Nov 11 00:50:03 GMT 2024","","CHAINING","CHAINING",""
"","1","IBC-XP.21","","Mon Nov 11 01:21:29 GMT 2024","passed","Mon Nov 11 01:21:29 GMT 2024","","ITERATIVE-CHAINING","ITERATIVE-CHAINING",""
"","100","C1-GROUNDED-BASIC.14","","Mon Nov 11 00:45:05 GMT 2024","failed","Mon Nov 11 00:45:05 GMT 2024","","QUICK","QUICK",""
"","2","DEBUG-METTALOGTESTCURRIED.10","","Mon Nov 11 01:48:29 GMT 2024","passed","Mon Nov 11 01:48:29 GMT 2024","","WALK-THRU","WALK-THRU",""
"","3","ADD-ATOM-NAIVE-FIB.01","","Mon Nov 11 02:03:27 GMT 2024","passed","Mon Nov 11 02:03:27 GMT 2024","","COMPARISONS","COMPARISONS",""
"","2","ADD-REMOVE-MATCH-SYMBOLS.15","","Mon Nov 11 00:52:21 GMT 2024","passed","Mon Nov 11 00:52:21 GMT 2024","","SPACES","SPACES",""
"","2","INTERSECTION-TESTS.12","","Mon Nov 11 00:36:54 GMT 2024","passed","Mon Nov 11 00:36:54 GMT 2024","","HYPERON-METTALOG-SANITY","HYPERON-METTALOG-SANITY",""
"","3","D4-TYPE-PROP.08","","Mon Nov 11 01:11:24 GMT 2024","passed","Mon Nov 11 01:11:24 GMT 2024","","CHECK-TYPES","CHECK-TYPES",""
"","1","HYPERPOSE.08","","Mon Nov 11 00:40:49 GMT 2024","passed","Mon Nov 11 00:40:49 GMT 2024","","METTA-MORPH-TESTS","METTA-MORPH-TESTS",""
"","5","SPACE-INTERSECTION-TESTS.03","","Mon Nov 11 00:36:54 GMT 2024","passed","Mon Nov 11 00:36:54 GMT 2024","","HYPERON-METTALOG-SANITY","HYPERON-METTALOG-SANITY",""
"","490","PARENT-GO-1.01","","Mon Nov 11 00:50:03 GMT 2024","passed","Mon Nov 11 00:50:03 GMT 2024","","CHAINING","CHAINING",""
"","16","TESTS1.01","","Mon Nov 11 01:43:08 GMT 2024","failed","Mon Nov 11 01:43:08 GMT 2024","","PREV","PREV",""
"","140","ADD-REMOVE-MATCH-MIX-FLOAT-INTEGER.25","","Mon Nov 11 00:52:21 GMT 2024","failed","Mon Nov 11 00:52:21 GMT 2024","","SPACES","SPACES",""
"","2","00A-LANG-COMPILED-CASE.11","","Mon Nov 11 01:47:02 GMT 2024","passed","Mon Nov 11 01:47:02 GMT 2024","","DIRECT-COMP","DIRECT-COMP",""
"","269","SELF-CONTAINED-SYNTHESIZE.11","","Mon Nov 11 01:26:05 GMT 2024","failed","Mon Nov 11 01:26:05 GMT 2024","","EXPERIMENTS","EXPERIMENTS",""
"","4000","truthvalue.EvidentialTruthValueTest","","Mon Nov 11 00:35:13 GMT 2024","passed","Mon Nov 11 00:35:17 GMT 2024","","WHOLE-TESTS","WHOLE-TESTS",""
"","6","OR-TEST.01","","Mon Nov 11 00:36:54 GMT 2024","passed","Mon Nov 11 00:36:54 GMT 2024","","HYPERON-METTALOG-SANITY","HYPERON-METTALOG-SANITY",""
"","875","IBC-XP.26","","Mon Nov 11 01:21:29 GMT 2024","passed","Mon Nov 11 01:21:29 GMT 2024","","ITERATIVE-CHAINING","ITERATIVE-CHAINING",""
"","3","PC-XP.12","","Mon Nov 11 01:24:11 GMT 2024","passed","Mon Nov 11 01:24:11 GMT 2024","","POLYWARD-CHAINING","POLYWARD-CHAINING",""
"","2","B0-CHAINING-PRELIM.03","","Mon Nov 11 00:35:17 GMT 2024","passed","Mon Nov 11 00:35:17 GMT 2024","","HYPERON-EXPERIMENTAL-SCRIPTS","HYPERON-EXPERIMENTAL-SCRIPTS",""
"","80","F1-IMPORTS.18","","Mon Nov 11 00:35:17 GMT 2024","passed","Mon Nov 11 00:35:17 GMT 2024","","HYPERON-EXPERIMENTAL-SCRIPTS","HYPERON-EXPERIMENTAL-SCRIPTS",""
"","2","TMPMATCH2.02","","Mon Nov 11 01:48:29 GMT 2024","passed","Mon Nov 11 01:48:29 GMT 2024","","WALK-THRU","WALK-THRU",""
"","4000","query.gene-query","","Mon Nov 11 00:35:13 GMT 2024","passed","Mon Nov 11 00:35:17 GMT 2024","","WHOLE-TESTS","WHOLE-TESTS",""
"","116","STDLIB-METTALOG-TEST-PT2.62","","Mon Nov 11 00:54:28 GMT 2024","failed","Mon Nov 11 00:54:28 GMT 2024","","STDLIB-METTALOG","STDLIB-METTALOG",""
"","40000","experiments.synthesize-via-let-test","","Mon Nov 11 00:35:13 GMT 2024","failed","Mon Nov 11 00:35:53 GMT 2024","","WHOLE-TESTS","WHOLE-TESTS",""
"","2","LISTTEST.15","","Mon Nov 11 01:15:27 GMT 2024","passed","Mon Nov 11 01:15:27 GMT 2024","","COMMON","COMMON",""
"","2234","TESTS5.07","","Mon Nov 11 00:45:32 GMT 2024","failed","Mon Nov 11 00:45:34 GMT 2024","","MAIN-BRANCH","MAIN-BRANCH",""
"","149","NATSIMPLETEST.01","","Mon Nov 11 01:18:15 GMT 2024","failed","Mon Nov 11 01:18:15 GMT 2024","","HOL","HOL",""
"","2","ADD-REMOVE-MATCH-STRINGS.12","","Mon Nov 11 00:52:21 GMT 2024","passed","Mon Nov 11 00:52:21 GMT 2024","","SPACES","SPACES",""
"","1","HYPERPOSE.09","","Mon Nov 11 00:40:49 GMT 2024","passed","Mon Nov 11 00:40:49 GMT 2024","","METTA-MORPH-TESTS","METTA-MORPH-TESTS",""
"","2","D1-GADT.02","","Mon Nov 11 00:35:17 GMT 2024","passed","Mon Nov 11 00:35:17 GMT 2024","","HYPERON-EXPERIMENTAL-SCRIPTS","HYPERON-EXPERIMENTAL-SCRIPTS",""
"","3","TEST-INFER-FUNCTION-APPLICATION-TYPE.01","","Mon Nov 11 01:57:07 GMT 2024","passed","Mon Nov 11 01:57:07 GMT 2024","","BASIC","BASIC",""
"","483","PARENT-GO-COMP.01","","Mon Nov 11 00:50:03 GMT 2024","passed","Mon Nov 11 00:50:03 GMT 2024","","CHAINING","CHAINING",""
"","2","D4-TYPE-PROP.13","","Mon Nov 11 00:45:05 GMT 2024","passed","Mon Nov 11 00:45:05 GMT 2024","","QUICK","QUICK",""
"","113","LOCATED-TEST.03","","Mon Nov 11 01:25:06 GMT 2024","passed","Mon Nov 11 01:25:06 GMT 2024","","LOCATED","LOCATED",""
"","2","NATSTANDALONETEST.04","","Mon Nov 11 01:18:15 GMT 2024","passed","Mon Nov 11 01:18:15 GMT 2024","","HOL","HOL",""
"","2","TYPE-PROP.27","","Mon Nov 11 01:11:03 GMT 2024","passed","Mon Nov 11 01:11:03 GMT 2024","","CHECK-TYPES-TEMP","CHECK-TYPES-TEMP",""
"","64","IFC-XP.26","","Mon Nov 11 01:21:29 GMT 2024","passed","Mon Nov 11 01:21:29 GMT 2024","","ITERATIVE-CHAINING","ITERATIVE-CHAINING",""
"","47","IMPLICATIONDIRECTINTRODUCTIONDTLTEST.04","","Mon Nov 11 01:14:04 GMT 2024","failed","Mon Nov 11 01:14:04 GMT 2024","","DEPENDENT-TYPES","DEPENDENT-TYPES",""
"","5","GROUNDED-BASIC.05","","Mon Nov 11 00:53:03 GMT 2024","passed","Mon Nov 11 00:53:03 GMT 2024","","STD","STD",""
"","2","TYPE-PROP.20","","Mon Nov 11 01:11:03 GMT 2024","passed","Mon Nov 11 01:11:03 GMT 2024","","CHECK-TYPES-TEMP","CHECK-TYPES-TEMP",""
"","2","HYPERPOSING.10","","Mon Nov 11 01:57:07 GMT 2024","passed","Mon Nov 11 01:57:07 GMT 2024","","BASIC","BASIC",""
"","3","D2-HIGHERFUNC.15","","Mon Nov 11 01:11:24 GMT 2024","passed","Mon Nov 11 01:11:24 GMT 2024","","CHECK-TYPES","CHECK-TYPES",""
"","2","ADD-REMOVE-MATCH-FLOAT.10","","Mon Nov 11 00:52:21 GMT 2024","passed","Mon Nov 11 00:52:21 GMT 2024","","SPACES","SPACES",""
"","2","INF-CTL-MONTH-XP.05","","Mon Nov 11 01:19:26 GMT 2024","passed","Mon Nov 11 01:19:26 GMT 2024","","INFERENCE-CONTROL","INFERENCE-CONTROL",""
"","4","TYPE-PROP.35","","Mon Nov 11 01:11:03 GMT 2024","passed","Mon Nov 11 01:11:03 GMT 2024","","CHECK-TYPES-TEMP","CHECK-TYPES-TEMP",""
"","31","TREE.02","","Mon Nov 11 00:59:54 GMT 2024","failed","Mon Nov 11 00:59:54 GMT 2024","","COMBINATOR-CALCULI","COMBINATOR-CALCULI",""
"","2","LET-SUPERPOSE-LIST.01","","Mon Nov 11 01:48:04 GMT 2024","passed","Mon Nov 11 01:48:04 GMT 2024","","TRANSPILER","TRANSPILER",""
"","2","D1-GADT.10","","Mon Nov 11 00:45:05 GMT 2024","passed","Mon Nov 11 00:45:05 GMT 2024","","QUICK","QUICK",""
"","349","SELF-CONTAINED-SYNTHESIZE.08","","Mon Nov 11 01:26:05 GMT 2024","failed","Mon Nov 11 01:26:05 GMT 2024","","EXPERIMENTS","EXPERIMENTS",""
"","3","LISTTEST.18","","Mon Nov 11 01:15:27 GMT 2024","passed","Mon Nov 11 01:15:27 GMT 2024","","COMMON","COMMON",""
"","2","D2-HIGHERFUNC.13","","Mon Nov 11 01:11:24 GMT 2024","passed","Mon Nov 11 01:11:24 GMT 2024","","CHECK-TYPES","CHECK-TYPES",""
"","2","ADD-REMOVE-MATCH-S-STRINGS.06","","Mon Nov 11 00:52:21 GMT 2024","passed","Mon Nov 11 00:52:21 GMT 2024","","SPACES","SPACES",""
"","2","B5-TYPES-PRELIM.06","","Mon Nov 11 01:11:03 GMT 2024","passed","Mon Nov 11 01:11:03 GMT 2024","","CHECK-TYPES-TEMP","CHECK-TYPES-TEMP",""
"","2","FC-XP.19","","Mon Nov 11 01:18:10 GMT 2024","passed","Mon Nov 11 01:18:10 GMT 2024","","FORWARD-CHAINING","FORWARD-CHAINING",""
"","1","ADD-REMOVE-MATCH-SS-SYMBOLS.12","","Mon Nov 11 00:52:21 GMT 2024","passed","Mon Nov 11 00:52:21 GMT 2024","","SPACES","SPACES",""
"","40000","basic.fibo-as-pred","","Mon Nov 11 00:35:13 GMT 2024","failed","Mon Nov 11 00:35:53 GMT 2024","","WHOLE-TESTS","WHOLE-TESTS",""
"","76","TESTS1.01","","Mon Nov 11 01:35:19 GMT 2024","failed","Mon Nov 11 01:35:19 GMT 2024","","NARS-V0","NARS-V0",""
"","2","ADD-ATOM-MATCH.01","","Mon Nov 11 00:40:49 GMT 2024","passed","Mon Nov 11 00:40:49 GMT 2024","","METTA-MORPH-TESTS","METTA-MORPH-TESTS",""
"","2","OR-TEST.10","","Mon Nov 11 00:36:54 GMT 2024","passed","Mon Nov 11 00:36:54 GMT 2024","","HYPERON-METTALOG-SANITY","HYPERON-METTALOG-SANITY",""
"","2","IFC-XP.28","","Mon Nov 11 01:21:29 GMT 2024","passed","Mon Nov 11 01:21:29 GMT 2024","","ITERATIVE-CHAINING","ITERATIVE-CHAINING",""
"","2","MATCH-SUPERPOSED-SPACES.02","","Mon Nov 11 00:40:49 GMT 2024","passed","Mon Nov 11 00:40:49 GMT 2024","","METTA-MORPH-TESTS","METTA-MORPH-TESTS",""
"","4000","nondet_unify.prover","","Mon Nov 11 00:35:13 GMT 2024","passed","Mon Nov 11 00:35:17 GMT 2024","","WHOLE-TESTS","WHOLE-TESTS",""
"","2","TYPES2.03","","Mon Nov 11 00:40:49 GMT 2024","passed","Mon Nov 11 00:40:49 GMT 2024","","METTA-MORPH-TESTS","METTA-MORPH-TESTS",""
"","4","FORWARD-CHAINER-XP.31","","Mon Nov 11 01:17:59 GMT 2024","passed","Mon Nov 11 01:17:59 GMT 2024","","FORWARD-CHAINER","FORWARD-CHAINER",""
"","4","HYPERON-EXPERIMENTAL-ISSUE-530.01","","Mon Nov 11 01:51:45 GMT 2024","passed","Mon Nov 11 01:51:45 GMT 2024","","DEBUGGING","DEBUGGING",""
"","2","SUBTRACTION-TEST.10","","Mon Nov 11 00:36:54 GMT 2024","passed","Mon Nov 11 00:36:54 GMT 2024","","HYPERON-METTALOG-SANITY","HYPERON-METTALOG-SANITY",""
"","81","D5-AUTO-TYPES.06","","Mon Nov 11 01:11:24 GMT 2024","failed","Mon Nov 11 01:11:24 GMT 2024","","CHECK-TYPES","CHECK-TYPES",""
"","47","FC-XP.13","","Mon Nov 11 01:18:10 GMT 2024","failed","Mon Nov 11 01:18:10 GMT 2024","","FORWARD-CHAINING","FORWARD-CHAINING",""
"","2","BACKWARD-CHAINER-XP.03","","Mon Nov 11 01:15:12 GMT 2024","passed","Mon Nov 11 01:15:12 GMT 2024","","BACKWARD-CHAINER","BACKWARD-CHAINER",""
"","46000","prev.tests3","","Mon Nov 11 00:35:13 GMT 2024","failed","Mon Nov 11 00:35:59 GMT 2024","","WHOLE-TESTS","WHOLE-TESTS",""
"","54","C1-GROUNDED-BASIC.15","","Mon Nov 11 00:45:05 GMT 2024","failed","Mon Nov 11 00:45:05 GMT 2024","","QUICK","QUICK",""
"","25","FACTORIAL.02","","Mon Nov 11 00:40:49 GMT 2024","passed","Mon Nov 11 00:40:49 GMT 2024","","METTA-MORPH-TESTS","METTA-MORPH-TESTS",""
"","2","BASIC.07","","Mon Nov 11 01:08:23 GMT 2024","passed","Mon Nov 11 01:08:23 GMT 2024","","TRAVERSER","TRAVERSER",""
"","1","BCHAIN-COMP.05","","Mon Nov 11 00:42:55 GMT 2024","passed","Mon Nov 11 00:42:55 GMT 2024","","ANTI-REGRESSION","ANTI-REGRESSION",""
"","1","C2-SPACES.04","","Mon Nov 11 00:35:17 GMT 2024","passed","Mon Nov 11 00:35:17 GMT 2024","","HYPERON-EXPERIMENTAL-SCRIPTS","HYPERON-EXPERIMENTAL-SCRIPTS",""
"","1","CML-UNSHARED.07","","Mon Nov 11 01:57:07 GMT 2024","passed","Mon Nov 11 01:57:07 GMT 2024","","BASIC","BASIC",""
"","3","ADD-REMOVE-MATCH-SS-SYMBOLS.03","","Mon Nov 11 00:52:21 GMT 2024","passed","Mon Nov 11 00:52:21 GMT 2024","","SPACES","SPACES",""
"","476","TESTS0.07","","Mon Nov 11 01:35:19 GMT 2024","failed","Mon Nov 11 01:35:19 GMT 2024","","NARS-V0","NARS-V0",""
"","1","HYPERPOSING-SHARED.05","","Mon Nov 11 01:57:07 GMT 2024","passed","Mon Nov 11 01:57:07 GMT 2024","","BASIC","BASIC",""
"","2","TESTS3.07","","Mon Nov 11 00:45:32 GMT 2024","passed","Mon Nov 11 00:45:32 GMT 2024","","MAIN-BRANCH","MAIN-BRANCH",""
"","118","CREATION.02","","Mon Nov 11 01:08:23 GMT 2024","failed","Mon Nov 11 01:08:23 GMT 2024","","TRAVERSER","TRAVERSER",""
"","3","KEY-LOOKUPS-MANY.11","","Mon Nov 11 01:57:07 GMT 2024","passed","Mon Nov 11 01:57:07 GMT 2024","","BASIC","BASIC",""
"","2","LISTTEST.03","","Mon Nov 11 01:15:27 GMT 2024","passed","Mon Nov 11 01:15:27 GMT 2024","","COMMON","COMMON",""
"","4000","basic.state_types","","Mon Nov 11 00:35:13 GMT 2024","passed","Mon Nov 11 00:35:17 GMT 2024","","WHOLE-TESTS","WHOLE-TESTS",""
"","2","OR-TEST.08","","Mon Nov 11 00:36:54 GMT 2024","passed","Mon Nov 11 00:36:54 GMT 2024","","HYPERON-METTALOG-SANITY","HYPERON-METTALOG-SANITY",""
"","3","TMPMATCH2.01","","Mon Nov 11 00:42:55 GMT 2024","passed","Mon Nov 11 00:42:55 GMT 2024","","ANTI-REGRESSION","ANTI-REGRESSION",""
"","2","SPACE-INTERSECTION-TESTS.01","","Mon Nov 11 00:36:54 GMT 2024","passed","Mon Nov 11 00:36:54 GMT 2024","","HYPERON-METTALOG-SANITY","HYPERON-METTALOG-SANITY",""
"","64","D5-AUTO-TYPES.01","","Mon Nov 11 01:11:24 GMT 2024","failed","Mon Nov 11 01:11:24 GMT 2024","","CHECK-TYPES","CHECK-TYPES",""
"","1","CHAPTER-1-3.02","","Mon Nov 11 00:54:37 GMT 2024","passed","Mon Nov 11 00:54:37 GMT 2024","","SICP-BOOK","SICP-BOOK",""
"","2","STDLIB-METTALOG-TEST-PT2.07","","Mon Nov 11 00:54:28 GMT 2024","passed","Mon Nov 11 00:54:28 GMT 2024","","STDLIB-METTALOG","STDLIB-METTALOG",""
"","70","F1-IMPORTS.21","","Mon Nov 11 00:45:05 GMT 2024","passed","Mon Nov 11 00:45:05 GMT 2024","","QUICK","QUICK",""
"","7415","SUPPORTRULEEXP.04","","Mon Nov 11 01:14:04 GMT 2024","failed","Mon Nov 11 01:14:11 GMT 2024","","DEPENDENT-TYPES","DEPENDENT-TYPES",""
"","64","STDLIB-METTALOG-TEST-PT2.13","","Mon Nov 11 00:54:28 GMT 2024","failed","Mon Nov 11 00:54:28 GMT 2024","","STDLIB-METTALOG","STDLIB-METTALOG",""
"","2","ADD-REMOVE-MATCH-INTEGER.06","","Mon Nov 11 00:52:21 GMT 2024","passed","Mon Nov 11 00:52:21 GMT 2024","","SPACES","SPACES",""
"","54","D5-AUTO-TYPES.05","","Mon Nov 11 00:35:17 GMT 2024","failed","Mon Nov 11 00:35:17 GMT 2024","","HYPERON-EXPERIMENTAL-SCRIPTS","HYPERON-EXPERIMENTAL-SCRIPTS",""
"","45000","prev.tests2","","Mon Nov 11 00:35:13 GMT 2024","failed","Mon Nov 11 00:35:58 GMT 2024","","WHOLE-TESTS","WHOLE-TESTS",""
"","2","HYPERPOSING-UNSHARED.05","","Mon Nov 11 01:57:07 GMT 2024","passed","Mon Nov 11 01:57:07 GMT 2024","","BASIC","BASIC",""
"","44","INF-CTL-MONTH-BC-CONT-XP.21","","Mon Nov 11 01:19:26 GMT 2024","failed","Mon Nov 11 01:19:26 GMT 2024","","INFERENCE-CONTROL","INFERENCE-CONTROL",""
"","3","STDLIB-METTALOG-TEST-PT2.28","","Mon Nov 11 00:54:28 GMT 2024","passed","Mon Nov 11 00:54:28 GMT 2024","","STDLIB-METTALOG","STDLIB-METTALOG",""
"","2","APPEND.05","","Mon Nov 11 01:54:48 GMT 2024","passed","Mon Nov 11 01:54:48 GMT 2024","","MULTIDIRECTIONAL","MULTIDIRECTIONAL",""
"","140","NALIFIER.01","","Mon Nov 11 00:40:49 GMT 2024","passed","Mon Nov 11 00:40:49 GMT 2024","","METTA-MORPH-TESTS","METTA-MORPH-TESTS",""
"","2","STDLIB-METTALOG-TEST-PT2.47","","Mon Nov 11 00:54:28 GMT 2024","passed","Mon Nov 11 00:54:28 GMT 2024","","STDLIB-METTALOG","STDLIB-METTALOG",""
"","2","B4-NONDETERM.05","","Mon Nov 11 00:35:17 GMT 2024","passed","Mon Nov 11 00:35:17 GMT 2024","","HYPERON-EXPERIMENTAL-SCRIPTS","HYPERON-EXPERIMENTAL-SCRIPTS",""
"","5000","hyperon-mettalog_sanity.xor_test","","Mon Nov 11 00:35:13 GMT 2024","passed","Mon Nov 11 00:35:18 GMT 2024","","WHOLE-TESTS","WHOLE-TESTS",""
"","3","D3-DEPTYPES.02","","Mon Nov 11 00:35:17 GMT 2024","passed","Mon Nov 11 00:35:17 GMT 2024","","HYPERON-EXPERIMENTAL-SCRIPTS","HYPERON-EXPERIMENTAL-SCRIPTS",""
"","2","BC-XP.20","","Mon Nov 11 01:15:17 GMT 2024","passed","Mon Nov 11 01:15:17 GMT 2024","","BACKWARD-CHAINING","BACKWARD-CHAINING",""
"","86","PROB-DEP-TYPES.03","","Mon Nov 11 01:03:12 GMT 2024","passed","Mon Nov 11 01:03:12 GMT 2024","","PROB-DEP-TYPES","PROB-DEP-TYPES",""
"","104","B5-TYPES-PRELIM.08","","Mon Nov 11 00:35:17 GMT 2024","failed","Mon Nov 11 00:35:17 GMT 2024","","HYPERON-EXPERIMENTAL-SCRIPTS","HYPERON-EXPERIMENTAL-SCRIPTS",""
"","386","IBC-XP.13","","Mon Nov 11 01:21:29 GMT 2024","passed","Mon Nov 11 01:21:29 GMT 2024","","ITERATIVE-CHAINING","ITERATIVE-CHAINING",""
"","4000","utils.utils-test","","Mon Nov 11 00:35:13 GMT 2024","passed","Mon Nov 11 00:35:17 GMT 2024","","WHOLE-TESTS","WHOLE-TESTS",""
"","2","TYPE-PROP.04","","Mon Nov 11 00:50:03 GMT 2024","passed","Mon Nov 11 00:50:03 GMT 2024","","CHAINING","CHAINING",""
"","4000","transpiler.let_superpose_list","","Mon Nov 11 00:35:13 GMT 2024","passed","Mon Nov 11 00:35:17 GMT 2024","","WHOLE-TESTS","WHOLE-TESTS",""
"","3","TESTS5.06","","Mon Nov 11 00:45:32 GMT 2024","passed","Mon Nov 11 00:45:32 GMT 2024","","MAIN-BRANCH","MAIN-BRANCH",""
"","2","TYPE-PROP.43","","Mon Nov 11 01:11:03 GMT 2024","passed","Mon Nov 11 01:11:03 GMT 2024","","CHECK-TYPES-TEMP","CHECK-TYPES-TEMP",""
"","325","LOCATED-TEST.02","","Mon Nov 11 01:25:06 GMT 2024","failed","Mon Nov 11 01:25:06 GMT 2024","","LOCATED","LOCATED",""
"","41000","dependent-types.DeductionImplicationDirectIntroductionDTLTest","","Mon Nov 11 00:35:13 GMT 2024","failed","Mon Nov 11 00:35:54 GMT 2024","","WHOLE-TESTS","WHOLE-TESTS",""
"","2","STDLIB-METTALOG-TEST-PT2.09","","Mon Nov 11 00:54:28 GMT 2024","passed","Mon Nov 11 00:54:28 GMT 2024","","STDLIB-METTALOG","STDLIB-METTALOG",""
"","2","F1-IMPORTS.19","","Mon Nov 11 00:45:05 GMT 2024","passed","Mon Nov 11 00:45:05 GMT 2024","","QUICK","QUICK",""
"","138","MODUSPONENSDTLTEST.04","","Mon Nov 11 01:14:04 GMT 2024","failed","Mon Nov 11 01:14:04 GMT 2024","","DEPENDENT-TYPES","DEPENDENT-TYPES",""
"","14","E3-MATCH-STATES.05","","Mon Nov 11 00:35:17 GMT 2024","failed","Mon Nov 11 00:35:17 GMT 2024","","HYPERON-EXPERIMENTAL-SCRIPTS","HYPERON-EXPERIMENTAL-SCRIPTS",""
"","4","CHAPTER-1-3.03","","Mon Nov 11 00:54:37 GMT 2024","passed","Mon Nov 11 00:54:37 GMT 2024","","SICP-BOOK","SICP-BOOK",""
"","2","TYPE-PROP.64","","Mon Nov 11 01:11:03 GMT 2024","passed","Mon Nov 11 01:11:03 GMT 2024","","CHECK-TYPES-TEMP","CHECK-TYPES-TEMP",""
"","3","FORWARD-CHAINER-XP.25","","Mon Nov 11 01:17:59 GMT 2024","passed","Mon Nov 11 01:17:59 GMT 2024","","FORWARD-CHAINER","FORWARD-CHAINER",""
"","4000","module-system.f1_moduleA","","Mon Nov 11 00:35:13 GMT 2024","passed","Mon Nov 11 00:35:17 GMT 2024","","WHOLE-TESTS","WHOLE-TESTS",""
"","1179","SYNTHESIZE-VIA-CASE-TEST.06","","Mon Nov 11 01:26:05 GMT 2024","failed","Mon Nov 11 01:26:06 GMT 2024","","EXPERIMENTS","EXPERIMENTS",""
"","2","F1-IMPORTS.17","","Mon Nov 11 00:35:17 GMT 2024","passed","Mon Nov 11 00:35:17 GMT 2024","","HYPERON-EXPERIMENTAL-SCRIPTS","HYPERON-EXPERIMENTAL-SCRIPTS",""
"","2","D1-GADT.10","","Mon Nov 11 01:11:24 GMT 2024","passed","Mon Nov 11 01:11:24 GMT 2024","","CHECK-TYPES","CHECK-TYPES",""
"","2","A1-SYMBOLS.06","","Mon Nov 11 00:35:17 GMT 2024","passed","Mon Nov 11 00:35:17 GMT 2024","","HYPERON-EXPERIMENTAL-SCRIPTS","HYPERON-EXPERIMENTAL-SCRIPTS",""
"","2","HIGHER-ORDER-FUNCS.11","","Mon Nov 11 00:53:03 GMT 2024","passed","Mon Nov 11 00:53:03 GMT 2024","","STD","STD",""
"","5000","prob-dep-types.prob_dep_types","","Mon Nov 11 00:35:13 GMT 2024","passed","Mon Nov 11 00:35:18 GMT 2024","","WHOLE-TESTS","WHOLE-TESTS",""
"","16000","metta-wam-issue-116.test_spo_116378","","Mon Nov 11 00:35:13 GMT 2024","failed","Mon Nov 11 00:35:29 GMT 2024","","WHOLE-TESTS","WHOLE-TESTS",""
"","2","TESTS3.01","","Mon Nov 11 00:45:32 GMT 2024","passed","Mon Nov 11 00:45:32 GMT 2024","","MAIN-BRANCH","MAIN-BRANCH",""
"","2","BC-XP.13","","Mon Nov 11 01:15:17 GMT 2024","passed","Mon Nov 11 01:15:17 GMT 2024","","BACKWARD-CHAINING","BACKWARD-CHAINING",""
"","232","DEDUCTIONIMPLICATIONDIRECTINTRODUCTIONDTLTEST.04","","Mon Nov 11 01:14:04 GMT 2024","passed","Mon Nov 11 01:14:04 GMT 2024","","DEPENDENT-TYPES","DEPENDENT-TYPES",""
"","2","F1-IMPORTS.02","","Mon Nov 11 00:35:08 GMT 2024","passed","Mon Nov 11 00:35:08 GMT 2024","","MODULE-SYSTEM","MODULE-SYSTEM",""
"","4000","check_types.d3_deptypes","","Mon Nov 11 00:35:13 GMT 2024","passed","Mon Nov 11 00:35:17 GMT 2024","","WHOLE-TESTS","WHOLE-TESTS",""
"","2","TYPE-PROP.65","","Mon Nov 11 01:11:03 GMT 2024","passed","Mon Nov 11 01:11:03 GMT 2024","","CHECK-TYPES-TEMP","CHECK-TYPES-TEMP",""
"","3","D3-DEPTYPES.05","","Mon Nov 11 00:35:17 GMT 2024","passed","Mon Nov 11 00:35:17 GMT 2024","","HYPERON-EXPERIMENTAL-SCRIPTS","HYPERON-EXPERIMENTAL-SCRIPTS",""
"","54","STDLIB-METTALOG-TEST-PT2.57","","Mon Nov 11 00:54:28 GMT 2024","failed","Mon Nov 11 00:54:28 GMT 2024","","STDLIB-METTALOG","STDLIB-METTALOG",""
"","595","IOIOIOI.03","","Mon Nov 11 01:54:48 GMT 2024","passed","Mon Nov 11 01:54:48 GMT 2024","","MULTIDIRECTIONAL","MULTIDIRECTIONAL",""
"","2","FIBO-AS-PRED.01","","Mon Nov 11 01:57:07 GMT 2024","passed","Mon Nov 11 01:57:07 GMT 2024","","BASIC","BASIC",""
"","2","MATCH-SUPERPOSED-SPACES.04","","Mon Nov 11 00:40:49 GMT 2024","passed","Mon Nov 11 00:40:49 GMT 2024","","METTA-MORPH-TESTS","METTA-MORPH-TESTS",""
"","2","STRING-TESTS.03","","Mon Nov 11 00:36:54 GMT 2024","passed","Mon Nov 11 00:36:54 GMT 2024","","HYPERON-METTALOG-SANITY","HYPERON-METTALOG-SANITY",""
"","2","COMBINED.02","","Mon Nov 11 01:53:13 GMT 2024","passed","Mon Nov 11 01:53:13 GMT 2024","","ITERATORS","ITERATORS",""
"","2","INTERSECTION-TESTS.14","","Mon Nov 11 00:36:54 GMT 2024","passed","Mon Nov 11 00:36:54 GMT 2024","","HYPERON-METTALOG-SANITY","HYPERON-METTALOG-SANITY",""
"","58","E2-STATES.08","","Mon Nov 11 01:11:24 GMT 2024","failed","Mon Nov 11 01:11:24 GMT 2024","","CHECK-TYPES","CHECK-TYPES",""
"","247","SYNTHESIZE-VIA-UNIFY-TEST.08","","Mon Nov 11 01:26:05 GMT 2024","failed","Mon Nov 11 01:26:05 GMT 2024","","EXPERIMENTS","EXPERIMENTS",""
"","5000","collatz.peano","","Mon Nov 11 00:35:13 GMT 2024","passed","Mon Nov 11 00:35:18 GMT 2024","","WHOLE-TESTS","WHOLE-TESTS",""
"","144","ADD-REMOVE-MATCH-S-STRINGS.14","","Mon Nov 11 00:52:21 GMT 2024","passed","Mon Nov 11 00:52:21 GMT 2024","","SPACES","SPACES",""
"","3","LISTTEST.19","","Mon Nov 11 01:15:27 GMT 2024","passed","Mon Nov 11 01:15:27 GMT 2024","","COMMON","COMMON",""
"","125","SHOW-TYPE.10","","Mon Nov 11 00:52:05 GMT 2024","failed","Mon Nov 11 00:52:05 GMT 2024","","INTROSPECT","INTROSPECT",""
"","3","TESTS0.04","","Mon Nov 11 01:35:19 GMT 2024","passed","Mon Nov 11 01:35:19 GMT 2024","","NARS-V0","NARS-V0",""
"","3","DEDUCTIONFORMULATEST.12","","Mon Nov 11 01:15:51 GMT 2024","passed","Mon Nov 11 01:15:51 GMT 2024","","FORMULA","FORMULA",""
"","2","QUERIES.09","","Mon Nov 11 01:07:42 GMT 2024","passed","Mon Nov 11 01:07:42 GMT 2024","","STRIPS-TO-METTA-IMPROVED","STRIPS-TO-METTA-IMPROVED",""
"","4000","match.ImplicationDirectIntroductionMatchTest","","Mon Nov 11 00:35:13 GMT 2024","passed","Mon Nov 11 00:35:17 GMT 2024","","WHOLE-TESTS","WHOLE-TESTS",""
"","2","E2-STATES.02","","Mon Nov 11 00:35:17 GMT 2024","passed","Mon Nov 11 00:35:17 GMT 2024","","HYPERON-EXPERIMENTAL-SCRIPTS","HYPERON-EXPERIMENTAL-SCRIPTS",""
"","75","ADD-REMOVE-MATCH-STRINGS.16","","Mon Nov 11 00:52:21 GMT 2024","failed","Mon Nov 11 00:52:21 GMT 2024","","SPACES","SPACES",""
"","2","DEFINE-IF-LIKE.06","","Mon Nov 11 01:47:02 GMT 2024","passed","Mon Nov 11 01:47:02 GMT 2024","","DIRECT-COMP","DIRECT-COMP",""
"","2","ADD-REMOVE-MATCH-INTEGER.36","","Mon Nov 11 00:52:21 GMT 2024","passed","Mon Nov 11 00:52:21 GMT 2024","","SPACES","SPACES",""
"","49","OR-TEST.02","","Mon Nov 11 00:36:54 GMT 2024","failed","Mon Nov 11 00:36:54 GMT 2024","","HYPERON-METTALOG-SANITY","HYPERON-METTALOG-SANITY",""
"","2","KEY-LOOKUPS-MANY.06","","Mon Nov 11 01:57:07 GMT 2024","passed","Mon Nov 11 01:57:07 GMT 2024","","BASIC","BASIC",""
"","78","INTERSECTION-TESTS.06","","Mon Nov 11 00:36:54 GMT 2024","passed","Mon Nov 11 00:36:54 GMT 2024","","HYPERON-METTALOG-SANITY","HYPERON-METTALOG-SANITY",""
"","3","TESTS1.05","","Mon Nov 11 00:45:32 GMT 2024","passed","Mon Nov 11 00:45:32 GMT 2024","","MAIN-BRANCH","MAIN-BRANCH",""
"","2","D2-HIGHERFUNC.17","","Mon Nov 11 01:11:24 GMT 2024","passed","Mon Nov 11 01:11:24 GMT 2024","","CHECK-TYPES","CHECK-TYPES",""
"","2","IBC-XP.30","","Mon Nov 11 01:21:29 GMT 2024","passed","Mon Nov 11 01:21:29 GMT 2024","","ITERATIVE-CHAINING","ITERATIVE-CHAINING",""
"","3","UNIQUE-TEST.09","","Mon Nov 11 00:36:54 GMT 2024","passed","Mon Nov 11 00:36:54 GMT 2024","","HYPERON-METTALOG-SANITY","HYPERON-METTALOG-SANITY",""
"","30","INF-CTL-MONTH-XP-SHORT-1.01","","Mon Nov 11 02:03:27 GMT 2024","failed","Mon Nov 11 02:03:27 GMT 2024","","COMPARISONS","COMPARISONS",""
"","2","ADD-REMOVE-MATCH-MIX-FLOAT-INTEGER.20","","Mon Nov 11 00:52:21 GMT 2024","passed","Mon Nov 11 00:52:21 GMT 2024","","SPACES","SPACES",""
"","2","D2-HIGHERFUNC.25","","Mon Nov 11 00:45:05 GMT 2024","passed","Mon Nov 11 00:45:05 GMT 2024","","QUICK","QUICK",""
"","13","D4-TYPE-PROP.03","","Mon Nov 11 01:11:24 GMT 2024","passed","Mon Nov 11 01:11:24 GMT 2024","","CHECK-TYPES","CHECK-TYPES",""
"","9","TEST-INFER-FUNCTION-APPLICATION-TYPE.10","","Mon Nov 11 01:57:07 GMT 2024","failed","Mon Nov 11 01:57:07 GMT 2024","","BASIC","BASIC",""
"","2","ADD-REMOVE-MATCH-INTEGER.18","","Mon Nov 11 00:52:21 GMT 2024","passed","Mon Nov 11 00:52:21 GMT 2024","","SPACES","SPACES",""
"","3","ORDEREDSETTEST.09","","Mon Nov 11 01:15:27 GMT 2024","passed","Mon Nov 11 01:15:27 GMT 2024","","COMMON","COMMON",""
"","2","F1-IMPORTS.10","","Mon Nov 11 00:35:08 GMT 2024","passed","Mon Nov 11 00:35:08 GMT 2024","","MODULE-SYSTEM","MODULE-SYSTEM",""
"","140","NON-DETERMINISM.02","","Mon Nov 11 01:26:05 GMT 2024","passed","Mon Nov 11 01:26:05 GMT 2024","","EXPERIMENTS","EXPERIMENTS",""
"","5000","common.InTest","","Mon Nov 11 00:35:13 GMT 2024","passed","Mon Nov 11 00:35:18 GMT 2024","","WHOLE-TESTS","WHOLE-TESTS",""
"","2","INF-CTL-MONTH-BC-CONT-XP.08","","Mon Nov 11 01:19:26 GMT 2024","passed","Mon Nov 11 01:19:26 GMT 2024","","INFERENCE-CONTROL","INFERENCE-CONTROL",""
"","4","SPACE-INTERSECTION-TESTS.14","","Mon Nov 11 00:36:54 GMT 2024","passed","Mon Nov 11 00:36:54 GMT 2024","","HYPERON-METTALOG-SANITY","HYPERON-METTALOG-SANITY",""
"","2","TYPE-PROP.08","","Mon Nov 11 01:11:03 GMT 2024","passed","Mon Nov 11 01:11:03 GMT 2024","","CHECK-TYPES-TEMP","CHECK-TYPES-TEMP",""
"","3","B1-EQUAL-CHAIN.01","","Mon Nov 11 00:35:17 GMT 2024","passed","Mon Nov 11 00:35:17 GMT 2024","","HYPERON-EXPERIMENTAL-SCRIPTS","HYPERON-EXPERIMENTAL-SCRIPTS",""
"","53","STDLIB-METTALOG-TEST-PT2.06","","Mon Nov 11 00:54:28 GMT 2024","failed","Mon Nov 11 00:54:28 GMT 2024","","STDLIB-METTALOG","STDLIB-METTALOG",""
"","2","D1-GADT.02","","Mon Nov 11 01:11:24 GMT 2024","passed","Mon Nov 11 01:11:24 GMT 2024","","CHECK-TYPES","CHECK-TYPES",""
"","2","D4-TYPE-PROP.09","","Mon Nov 11 00:35:17 GMT 2024","passed","Mon Nov 11 00:35:17 GMT 2024","","HYPERON-EXPERIMENTAL-SCRIPTS","HYPERON-EXPERIMENTAL-SCRIPTS",""
"","13","MATCH-VOID.04","","Mon Nov 11 00:40:49 GMT 2024","passed","Mon Nov 11 00:40:49 GMT 2024","","METTA-MORPH-TESTS","METTA-MORPH-TESTS",""
"","341","SYNTHESIZE-VIA-LET-TEST.07","","Mon Nov 11 01:26:05 GMT 2024","failed","Mon Nov 11 01:26:05 GMT 2024","","EXPERIMENTS","EXPERIMENTS",""
"","5000","direct_comp.define_if_like","","Mon Nov 11 00:35:13 GMT 2024","passed","Mon Nov 11 00:35:18 GMT 2024","","WHOLE-TESTS","WHOLE-TESTS",""
"","5000","chaining.bc-xp","","Mon Nov 11 00:35:13 GMT 2024","passed","Mon Nov 11 00:35:18 GMT 2024","","WHOLE-TESTS","WHOLE-TESTS",""
"","2","BACKWARD-CHAINER-XP.15","","Mon Nov 11 01:15:12 GMT 2024","passed","Mon Nov 11 01:15:12 GMT 2024","","BACKWARD-CHAINER","BACKWARD-CHAINER",""
"","346","IBC-XP.15","","Mon Nov 11 01:21:29 GMT 2024","passed","Mon Nov 11 01:21:29 GMT 2024","","ITERATIVE-CHAINING","ITERATIVE-CHAINING",""
"","2","STDLIB-METTALOG-TEST-PT2.46","","Mon Nov 11 00:54:28 GMT 2024","passed","Mon Nov 11 00:54:28 GMT 2024","","STDLIB-METTALOG","STDLIB-METTALOG",""
"","3","TYPE-PROP.51","","Mon Nov 11 01:11:03 GMT 2024","passed","Mon Nov 11 01:11:03 GMT 2024","","CHECK-TYPES-TEMP","CHECK-TYPES-TEMP",""
"","5","UTILS-TEST.01","","Mon Nov 11 01:15:08 GMT 2024","passed","Mon Nov 11 01:15:08 GMT 2024","","UTILS","UTILS",""
"","2","F1-IMPORTS.13","","Mon Nov 11 00:35:08 GMT 2024","passed","Mon Nov 11 00:35:08 GMT 2024","","MODULE-SYSTEM","MODULE-SYSTEM",""
"","40000","combinator-calculi.y_comb_examples","","Mon Nov 11 00:35:13 GMT 2024","failed","Mon Nov 11 00:35:53 GMT 2024","","WHOLE-TESTS","WHOLE-TESTS",""
"","1","TYPE-PROP.10","","Mon Nov 11 01:11:03 GMT 2024","passed","Mon Nov 11 01:11:03 GMT 2024","","CHECK-TYPES-TEMP","CHECK-TYPES-TEMP",""
"","1","TYPE-PROP.05","","Mon Nov 11 01:11:03 GMT 2024","passed","Mon Nov 11 01:11:03 GMT 2024","","CHECK-TYPES-TEMP","CHECK-TYPES-TEMP",""
"","2","INF-CTL-MONTH-XP-SHORT-3.04","","Mon Nov 11 02:03:27 GMT 2024","passed","Mon Nov 11 02:03:27 GMT 2024","","COMPARISONS","COMPARISONS",""
"","4000","polyward-chaining.pc-xp","","Mon Nov 11 00:35:13 GMT 2024","passed","Mon Nov 11 00:35:17 GMT 2024","","WHOLE-TESTS","WHOLE-TESTS",""
"","6","IMPL-METTALOGTESTCURRIED.05","","Mon Nov 11 01:48:29 GMT 2024","passed","Mon Nov 11 01:48:29 GMT 2024","","WALK-THRU","WALK-THRU",""
"","2818","GENE-QUERY.02","","Mon Nov 11 01:10:56 GMT 2024","failed","Mon Nov 11 01:10:58 GMT 2024","","QUERY","QUERY",""
"","2","TYPE-PROP.36","","Mon Nov 11 01:11:03 GMT 2024","passed","Mon Nov 11 01:11:03 GMT 2024","","CHECK-TYPES-TEMP","CHECK-TYPES-TEMP",""
"","3","UNWEIGHTED-PLLM.05","","Mon Nov 11 02:09:38 GMT 2024","passed","Mon Nov 11 02:09:38 GMT 2024","","LANGUAGE-MODELS","LANGUAGE-MODELS",""
"","71","F1-IMPORTS.13","","Mon Nov 11 00:35:17 GMT 2024","failed","Mon Nov 11 00:35:17 GMT 2024","","HYPERON-EXPERIMENTAL-SCRIPTS","HYPERON-EXPERIMENTAL-SCRIPTS",""
"","2","DEBUG-METTALOGTESTCURRIED.03","","Mon Nov 11 01:48:29 GMT 2024","passed","Mon Nov 11 01:48:29 GMT 2024","","WALK-THRU","WALK-THRU",""
"","4000","hyperon-mettalog_sanity.first_answer_long","","Mon Nov 11 00:35:13 GMT 2024","passed","Mon Nov 11 00:35:17 GMT 2024","","WHOLE-TESTS","WHOLE-TESTS",""
"","54","IOIOIOI-USING-EQUALITY.02","","Mon Nov 11 01:54:48 GMT 2024","failed","Mon Nov 11 01:54:48 GMT 2024","","MULTIDIRECTIONAL","MULTIDIRECTIONAL",""
"","1","SUPPORTRULEEXP.02","","Mon Nov 11 01:14:04 GMT 2024","passed","Mon Nov 11 01:14:04 GMT 2024","","DEPENDENT-TYPES","DEPENDENT-TYPES",""
"","2","CHAPTER-2-4.08","","Mon Nov 11 00:54:37 GMT 2024","passed","Mon Nov 11 00:54:37 GMT 2024","","SICP-BOOK","SICP-BOOK",""
"","4000","hyperon-mettalog_sanity.unique_test","","Mon Nov 11 00:35:13 GMT 2024","passed","Mon Nov 11 00:35:17 GMT 2024","","WHOLE-TESTS","WHOLE-TESTS",""
"","3","ZEROARGS.01","","Mon Nov 11 00:40:49 GMT 2024","passed","Mon Nov 11 00:40:49 GMT 2024","","METTA-MORPH-TESTS","METTA-MORPH-TESTS",""
"","3","SHOW-TYPE.08","","Mon Nov 11 00:52:05 GMT 2024","passed","Mon Nov 11 00:52:05 GMT 2024","","INTROSPECT","INTROSPECT",""
"","2","STATES-SPACES.05","","Mon Nov 11 00:40:49 GMT 2024","passed","Mon Nov 11 00:40:49 GMT 2024","","METTA-MORPH-TESTS","METTA-MORPH-TESTS",""
"","5000","hyperon-experimental_scripts.d2_higherfunc","","Mon Nov 11 00:35:13 GMT 2024","passed","Mon Nov 11 00:35:18 GMT 2024","","WHOLE-TESTS","WHOLE-TESTS",""
"","2","B5-TYPES-PRELIM.25","","Mon Nov 11 00:35:17 GMT 2024","passed","Mon Nov 11 00:35:17 GMT 2024","","HYPERON-EXPERIMENTAL-SCRIPTS","HYPERON-EXPERIMENTAL-SCRIPTS",""
"","737","GENE-QUERY.01","","Mon Nov 11 01:10:56 GMT 2024","passed","Mon Nov 11 01:10:56 GMT 2024","","QUERY","QUERY",""
"","2","STATES-SPACES.06","","Mon Nov 11 00:40:49 GMT 2024","passed","Mon Nov 11 00:40:49 GMT 2024","","METTA-MORPH-TESTS","METTA-MORPH-TESTS",""
"","2","UNIQUE-TEST.04","","Mon Nov 11 00:36:54 GMT 2024","passed","Mon Nov 11 00:36:54 GMT 2024","","HYPERON-METTALOG-SANITY","HYPERON-METTALOG-SANITY",""
"","2","D2-HIGHERFUNC.02","","Mon Nov 11 00:45:05 GMT 2024","passed","Mon Nov 11 00:45:05 GMT 2024","","QUICK","QUICK",""
"","58","NATSTANDALONETEST.15","","Mon Nov 11 01:18:15 GMT 2024","failed","Mon Nov 11 01:18:15 GMT 2024","","HOL","HOL",""
"","2","TYPE-PROP.03","","Mon Nov 11 00:50:03 GMT 2024","passed","Mon Nov 11 00:50:03 GMT 2024","","CHAINING","CHAINING",""
"","655","TESTS0.07","","Mon Nov 11 00:40:49 GMT 2024","passed","Mon Nov 11 00:40:49 GMT 2024","","METTA-MORPH-TESTS","METTA-MORPH-TESTS",""
"","4000","fizzbuzz.simple","","Mon Nov 11 00:35:13 GMT 2024","passed","Mon Nov 11 00:35:17 GMT 2024","","WHOLE-TESTS","WHOLE-TESTS",""
"","4000","features.intersection_tests","","Mon Nov 11 00:35:13 GMT 2024","passed","Mon Nov 11 00:35:17 GMT 2024","","WHOLE-TESTS","WHOLE-TESTS",""
"","138","TESTS0.05","","Mon Nov 11 00:45:32 GMT 2024","passed","Mon Nov 11 00:45:32 GMT 2024","","MAIN-BRANCH","MAIN-BRANCH",""
"","14","D2-HIGHERFUNC.22","","Mon Nov 11 01:11:24 GMT 2024","passed","Mon Nov 11 01:11:24 GMT 2024","","CHECK-TYPES","CHECK-TYPES",""
"","14","D2-HIGHERFUNC.20","","Mon Nov 11 00:45:05 GMT 2024","passed","Mon Nov 11 00:45:05 GMT 2024","","QUICK","QUICK",""
"","2","BACKWARD-CHAINER-XP.34","","Mon Nov 11 01:15:12 GMT 2024","passed","Mon Nov 11 01:15:12 GMT 2024","","BACKWARD-CHAINER","BACKWARD-CHAINER",""
"","2","CHAPTER-1-1.01","","Mon Nov 11 00:54:37 GMT 2024","passed","Mon Nov 11 00:54:37 GMT 2024","","SICP-BOOK","SICP-BOOK",""
"","2","E3-MATCH-STATES.04","","Mon Nov 11 00:35:17 GMT 2024","passed","Mon Nov 11 00:35:17 GMT 2024","","HYPERON-EXPERIMENTAL-SCRIPTS","HYPERON-EXPERIMENTAL-SCRIPTS",""
"","2","INF-CTL-MONTH-XP-SHORT-3.13","","Mon Nov 11 02:03:27 GMT 2024","passed","Mon Nov 11 02:03:27 GMT 2024","","COMPARISONS","COMPARISONS",""
"","3","ADD-REMOVE-MATCH-INTEGER.01","","Mon Nov 11 00:52:21 GMT 2024","passed","Mon Nov 11 00:52:21 GMT 2024","","SPACES","SPACES",""
"","140","STDLIB-METTALOG-TEST-PT2.20","","Mon Nov 11 00:54:28 GMT 2024","failed","Mon Nov 11 00:54:28 GMT 2024","","STDLIB-METTALOG","STDLIB-METTALOG",""
"","46000","new.tests2","","Mon Nov 11 00:35:13 GMT 2024","failed","Mon Nov 11 00:35:59 GMT 2024","","WHOLE-TESTS","WHOLE-TESTS",""
"","3","D4-TYPE-PROP.16","","Mon Nov 11 01:11:24 GMT 2024","passed","Mon Nov 11 01:11:24 GMT 2024","","CHECK-TYPES","CHECK-TYPES",""
"","3","INF-CTL-MONTH-BC-CONT-XP.02","","Mon Nov 11 01:19:26 GMT 2024","passed","Mon Nov 11 01:19:26 GMT 2024","","INFERENCE-CONTROL","INFERENCE-CONTROL",""
"","13","CHAPTER-2-4.22","","Mon Nov 11 00:54:37 GMT 2024","failed","Mon Nov 11 00:54:37 GMT 2024","","SICP-BOOK","SICP-BOOK",""
"","62","D5-AUTO-TYPES.02","","Mon Nov 11 00:35:17 GMT 2024","failed","Mon Nov 11 00:35:17 GMT 2024","","HYPERON-EXPERIMENTAL-SCRIPTS","HYPERON-EXPERIMENTAL-SCRIPTS",""
"","36000","dependent-types.ImplicationDirectIntroductionDTLTest","","Mon Nov 11 00:35:13 GMT 2024","passed","Mon Nov 11 00:35:49 GMT 2024","","WHOLE-TESTS","WHOLE-TESTS",""
"","2","FORWARD-CHAINER-XP.14","","Mon Nov 11 01:17:59 GMT 2024","passed","Mon Nov 11 01:17:59 GMT 2024","","FORWARD-CHAINER","FORWARD-CHAINER",""
"","97","B4-NONDETERM.03","","Mon Nov 11 00:35:17 GMT 2024","passed","Mon Nov 11 00:35:17 GMT 2024","","HYPERON-EXPERIMENTAL-SCRIPTS","HYPERON-EXPERIMENTAL-SCRIPTS",""
"","2","C1-GROUNDED-BASIC.13","","Mon Nov 11 00:45:05 GMT 2024","passed","Mon Nov 11 00:45:05 GMT 2024","","QUICK","QUICK",""
"","14","D1-GADT.09","","Mon Nov 11 01:11:24 GMT 2024","passed","Mon Nov 11 01:11:24 GMT 2024","","CHECK-TYPES","CHECK-TYPES",""
"","2","ADD-REMOVE-MATCH-INTEGER.03","","Mon Nov 11 00:52:21 GMT 2024","passed","Mon Nov 11 00:52:21 GMT 2024","","SPACES","SPACES",""
"","3","INF-CTL-MONTH-XP.03","","Mon Nov 11 01:19:26 GMT 2024","passed","Mon Nov 11 01:19:26 GMT 2024","","INFERENCE-CONTROL","INFERENCE-CONTROL",""
"","17","CHAPTER-1-3.01","","Mon Nov 11 00:54:37 GMT 2024","passed","Mon Nov 11 00:54:37 GMT 2024","","SICP-BOOK","SICP-BOOK",""
"","2","NILS-IF-CONTROL-TEST-2.02","","Mon Nov 11 02:03:27 GMT 2024","passed","Mon Nov 11 02:03:27 GMT 2024","","COMPARISONS","COMPARISONS",""
"","3","HIGHER-ORDER-FUNCS.09","","Mon Nov 11 00:53:03 GMT 2024","passed","Mon Nov 11 00:53:03 GMT 2024","","STD","STD",""
"","196","SYNTHESIZE-VIA-UNIFY-TEST.01","","Mon Nov 11 01:26:05 GMT 2024","failed","Mon Nov 11 01:26:05 GMT 2024","","EXPERIMENTS","EXPERIMENTS",""
"","42","TYPE-PROP.80","","Mon Nov 11 01:11:03 GMT 2024","failed","Mon Nov 11 01:11:03 GMT 2024","","CHECK-TYPES-TEMP","CHECK-TYPES-TEMP",""
"","2","C1-GROUNDED-BASIC.20","","Mon Nov 11 00:45:05 GMT 2024","passed","Mon Nov 11 00:45:05 GMT 2024","","QUICK","QUICK",""
"","98","ADD-REMOVE-MATCH-INTEGER.38","","Mon Nov 11 00:52:21 GMT 2024","passed","Mon Nov 11 00:52:21 GMT 2024","","SPACES","SPACES",""
"","5000","metta-morph_tests.and_or","","Mon Nov 11 00:35:13 GMT 2024","passed","Mon Nov 11 00:35:18 GMT 2024","","WHOLE-TESTS","WHOLE-TESTS",""
"","3","METTALOGTESTCURRIED2.01","","Mon Nov 11 01:48:29 GMT 2024","passed","Mon Nov 11 01:48:29 GMT 2024","","WALK-THRU","WALK-THRU",""
"","5000","experiments.synthesize-via-type-checking","","Mon Nov 11 00:35:13 GMT 2024","passed","Mon Nov 11 00:35:18 GMT 2024","","WHOLE-TESTS","WHOLE-TESTS",""
"","2","03-SORING-VIA-INSERT.06","","Mon Nov 11 00:36:54 GMT 2024","passed","Mon Nov 11 00:36:54 GMT 2024","","HYPERON-METTALOG-SANITY","HYPERON-METTALOG-SANITY",""
"","3","HYPERPOSING-UNSHARED.09","","Mon Nov 11 01:57:07 GMT 2024","passed","Mon Nov 11 01:57:07 GMT 2024","","BASIC","BASIC",""
"","2","MAYBETEST.01","","Mon Nov 11 01:15:27 GMT 2024","passed","Mon Nov 11 01:15:27 GMT 2024","","COMMON","COMMON",""
"","2","OR-TEST.15","","Mon Nov 11 00:36:54 GMT 2024","passed","Mon Nov 11 00:36:54 GMT 2024","","HYPERON-METTALOG-SANITY","HYPERON-METTALOG-SANITY",""
"","5","PC-XP.07","","Mon Nov 11 01:24:11 GMT 2024","passed","Mon Nov 11 01:24:11 GMT 2024","","POLYWARD-CHAINING","POLYWARD-CHAINING",""
"","2","ALL-ANY.02","","Mon Nov 11 01:02:32 GMT 2024","passed","Mon Nov 11 01:02:32 GMT 2024","","LOGIC","LOGIC",""
"","15","UNIFYTEST.01","","Mon Nov 11 01:26:00 GMT 2024","failed","Mon Nov 11 01:26:00 GMT 2024","","SYNTHESIS","SYNTHESIS",""
"","2","INF-CTL-MONTH-BC-CONT-XP.06","","Mon Nov 11 01:19:26 GMT 2024","passed","Mon Nov 11 01:19:26 GMT 2024","","INFERENCE-CONTROL","INFERENCE-CONTROL",""
"","1","V2-PLN-XP.04","","Mon Nov 11 00:50:03 GMT 2024","passed","Mon Nov 11 00:50:03 GMT 2024","","CHAINING","CHAINING",""
"","68","D2-HIGHERFUNC.07","","Mon Nov 11 00:35:17 GMT 2024","failed","Mon Nov 11 00:35:17 GMT 2024","","HYPERON-EXPERIMENTAL-SCRIPTS","HYPERON-EXPERIMENTAL-SCRIPTS",""
"","46000","SICP_book.chapter_2_3","","Mon Nov 11 00:35:13 GMT 2024","failed","Mon Nov 11 00:35:59 GMT 2024","","WHOLE-TESTS","WHOLE-TESTS",""
"","2","ADD-REMOVE-MATCH-SS-SYMBOLS.10","","Mon Nov 11 00:52:21 GMT 2024","passed","Mon Nov 11 00:52:21 GMT 2024","","SPACES","SPACES",""
"","2","INF-CTL-MONTH-BC-CONT-XP.09","","Mon Nov 11 01:19:26 GMT 2024","passed","Mon Nov 11 01:19:26 GMT 2024","","INFERENCE-CONTROL","INFERENCE-CONTROL",""
"","41000","match.tmpMatch","","Mon Nov 11 00:35:13 GMT 2024","failed","Mon Nov 11 00:35:54 GMT 2024","","WHOLE-TESTS","WHOLE-TESTS",""
"","2","ADD-REMOVE-MATCH-INTEGER.24","","Mon Nov 11 00:52:21 GMT 2024","passed","Mon Nov 11 00:52:21 GMT 2024","","SPACES","SPACES",""
"","2","BACKWARD-CHAINER-XP.11","","Mon Nov 11 01:15:12 GMT 2024","passed","Mon Nov 11 01:15:12 GMT 2024","","BACKWARD-CHAINER","BACKWARD-CHAINER",""
"","2","COMMA-IS-NOT-SPECIAL.01","","Mon Nov 11 00:42:55 GMT 2024","passed","Mon Nov 11 00:42:55 GMT 2024","","ANTI-REGRESSION","ANTI-REGRESSION",""
"","46","TYPE-PROP.79","","Mon Nov 11 01:11:03 GMT 2024","failed","Mon Nov 11 01:11:03 GMT 2024","","CHECK-TYPES-TEMP","CHECK-TYPES-TEMP",""
"","2","BACKWARD-CHAINER-XP.05","","Mon Nov 11 01:15:12 GMT 2024","passed","Mon Nov 11 01:15:12 GMT 2024","","BACKWARD-CHAINER","BACKWARD-CHAINER",""
"","2","ADD-REMOVE-MATCH-SYMBOLS.11","","Mon Nov 11 00:52:21 GMT 2024","passed","Mon Nov 11 00:52:21 GMT 2024","","SPACES","SPACES",""
"","2","TYPE-PROP.22","","Mon Nov 11 01:11:03 GMT 2024","passed","Mon Nov 11 01:11:03 GMT 2024","","CHECK-TYPES-TEMP","CHECK-TYPES-TEMP",""
"","4","B2-BACKCHAIN.05","","Mon Nov 11 00:35:17 GMT 2024","passed","Mon Nov 11 00:35:17 GMT 2024","","HYPERON-EXPERIMENTAL-SCRIPTS","HYPERON-EXPERIMENTAL-SCRIPTS",""
"","2","STRING-TESTS.16","","Mon Nov 11 00:36:54 GMT 2024","passed","Mon Nov 11 00:36:54 GMT 2024","","HYPERON-METTALOG-SANITY","HYPERON-METTALOG-SANITY",""
"","6000","dependent-types.bchain","","Mon Nov 11 00:35:13 GMT 2024","passed","Mon Nov 11 00:35:19 GMT 2024","","WHOLE-TESTS","WHOLE-TESTS",""
"","3","FC-XP.26","","Mon Nov 11 01:18:10 GMT 2024","passed","Mon Nov 11 01:18:10 GMT 2024","","FORWARD-CHAINING","FORWARD-CHAINING",""
"","1","INF-CTL-MONTH-BC-CONT-XP.07","","Mon Nov 11 01:19:26 GMT 2024","passed","Mon Nov 11 01:19:26 GMT 2024","","INFERENCE-CONTROL","INFERENCE-CONTROL",""
"","1","SUPERPOSE-NESTED.02","","Mon Nov 11 00:40:49 GMT 2024","passed","Mon Nov 11 00:40:49 GMT 2024","","METTA-MORPH-TESTS","METTA-MORPH-TESTS",""
"","53","IOIOIOI-USING-EQUALITY.04","","Mon Nov 11 01:54:48 GMT 2024","failed","Mon Nov 11 01:54:48 GMT 2024","","MULTIDIRECTIONAL","MULTIDIRECTIONAL",""
"","2","ADD-REMOVE-MATCH-SS-STRINGS.11","","Mon Nov 11 00:52:21 GMT 2024","passed","Mon Nov 11 00:52:21 GMT 2024","","SPACES","SPACES",""
"","2","ALL-ANY.01","","Mon Nov 11 01:02:32 GMT 2024","passed","Mon Nov 11 01:02:32 GMT 2024","","LOGIC","LOGIC",""
"","2","IBC-XP.12","","Mon Nov 11 01:21:29 GMT 2024","passed","Mon Nov 11 01:21:29 GMT 2024","","ITERATIVE-CHAINING","ITERATIVE-CHAINING",""
"","3","TESTS2.06","","Mon Nov 11 00:45:32 GMT 2024","passed","Mon Nov 11 00:45:32 GMT 2024","","MAIN-BRANCH","MAIN-BRANCH",""
"","55","IFC-XP.01","","Mon Nov 11 01:21:29 GMT 2024","failed","Mon Nov 11 01:21:29 GMT 2024","","ITERATIVE-CHAINING","ITERATIVE-CHAINING",""
"","92","TOO-EAGER-MATH.01","","Mon Nov 11 01:56:06 GMT 2024","passed","Mon Nov 11 01:56:06 GMT 2024","","POSSIBLY-WRONG","POSSIBLY-WRONG",""
"","1","HYPERPOSING-UNSHARED.03","","Mon Nov 11 01:57:07 GMT 2024","passed","Mon Nov 11 01:57:07 GMT 2024","","BASIC","BASIC",""
"","2","D2-HIGHERFUNC.19","","Mon Nov 11 01:11:24 GMT 2024","passed","Mon Nov 11 01:11:24 GMT 2024","","CHECK-TYPES","CHECK-TYPES",""
"","2","SUPERCOLLAPSE.04","","Mon Nov 11 00:40:49 GMT 2024","passed","Mon Nov 11 00:40:49 GMT 2024","","METTA-MORPH-TESTS","METTA-MORPH-TESTS",""
"","137","STDLIB-METTALOG-TEST-PT2.21","","Mon Nov 11 00:54:28 GMT 2024","failed","Mon Nov 11 00:54:28 GMT 2024","","STDLIB-METTALOG","STDLIB-METTALOG",""
"","2","HYPERPOSING-SHARED.10","","Mon Nov 11 01:57:07 GMT 2024","passed","Mon Nov 11 01:57:07 GMT 2024","","BASIC","BASIC",""
"","3","D3-DEPTYPES.01","","Mon Nov 11 00:35:17 GMT 2024","passed","Mon Nov 11 00:35:17 GMT 2024","","HYPERON-EXPERIMENTAL-SCRIPTS","HYPERON-EXPERIMENTAL-SCRIPTS",""
"","3","PLN-XP-LOCAL-V2.01","","Mon Nov 11 00:50:03 GMT 2024","passed","Mon Nov 11 00:50:03 GMT 2024","","CHAINING","CHAINING",""
"","2","SEQUENTIAL-NESTED.02","","Mon Nov 11 00:40:49 GMT 2024","passed","Mon Nov 11 00:40:49 GMT 2024","","METTA-MORPH-TESTS","METTA-MORPH-TESTS",""
"","1","INF-CTL-MONTH-XP-SHORT-3.07","","Mon Nov 11 02:03:27 GMT 2024","passed","Mon Nov 11 02:03:27 GMT 2024","","COMPARISONS","COMPARISONS",""
"","384","INF-CTL-XP.07","","Mon Nov 11 01:19:26 GMT 2024","passed","Mon Nov 11 01:19:26 GMT 2024","","INFERENCE-CONTROL","INFERENCE-CONTROL",""
"","2","F1-IMPORTS.15","","Mon Nov 11 00:35:17 GMT 2024","passed","Mon Nov 11 00:35:17 GMT 2024","","HYPERON-EXPERIMENTAL-SCRIPTS","HYPERON-EXPERIMENTAL-SCRIPTS",""
"","3","C3-PLN-STV.01","","Mon Nov 11 00:35:17 GMT 2024","passed","Mon Nov 11 00:35:17 GMT 2024","","HYPERON-EXPERIMENTAL-SCRIPTS","HYPERON-EXPERIMENTAL-SCRIPTS",""
"","4","IMPLICATIONDIRECTINTRODUCTIONENTAILTEST.01","","Mon Nov 11 01:17:38 GMT 2024","passed","Mon Nov 11 01:17:38 GMT 2024","","ENTAIL","ENTAIL",""
"","4","FC-XP.30","","Mon Nov 11 01:18:10 GMT 2024","passed","Mon Nov 11 01:18:10 GMT 2024","","FORWARD-CHAINING","FORWARD-CHAINING",""
"","17","TEST-INFER-FUNCTION-APPLICATION-TYPE.02","","Mon Nov 11 01:57:07 GMT 2024","failed","Mon Nov 11 01:57:07 GMT 2024","","BASIC","BASIC",""
"","4000","red-black-lambda.red-black","","Mon Nov 11 00:35:13 GMT 2024","passed","Mon Nov 11 00:35:17 GMT 2024","","WHOLE-TESTS","WHOLE-TESTS",""
"","2","TESTS1-PRE.03","","Mon Nov 11 00:45:32 GMT 2024","passed","Mon Nov 11 00:45:32 GMT 2024","","MAIN-BRANCH","MAIN-BRANCH",""
"","3","TESTS4.03","","Mon Nov 11 00:45:32 GMT 2024","passed","Mon Nov 11 00:45:32 GMT 2024","","MAIN-BRANCH","MAIN-BRANCH",""
"","3","C1-GROUNDED-BASIC.08","","Mon Nov 11 00:35:17 GMT 2024","passed","Mon Nov 11 00:35:17 GMT 2024","","HYPERON-EXPERIMENTAL-SCRIPTS","HYPERON-EXPERIMENTAL-SCRIPTS",""
"","41","INF-CTL-XP.16","","Mon Nov 11 01:19:26 GMT 2024","failed","Mon Nov 11 01:19:26 GMT 2024","","INFERENCE-CONTROL","INFERENCE-CONTROL",""
"","1","HYPERPOSING.03","","Mon Nov 11 01:57:07 GMT 2024","passed","Mon Nov 11 01:57:07 GMT 2024","","BASIC","BASIC",""
"","2","00A-LANG-COMPILED-CASE.03","","Mon Nov 11 01:47:02 GMT 2024","passed","Mon Nov 11 01:47:02 GMT 2024","","DIRECT-COMP","DIRECT-COMP",""
"","7","PLN-STV.03","","Mon Nov 11 00:50:03 GMT 2024","passed","Mon Nov 11 00:50:03 GMT 2024","","CHAINING","CHAINING",""
"","2","CURRIED-CHAINER.06","","Mon Nov 11 01:16:05 GMT 2024","passed","Mon Nov 11 01:16:05 GMT 2024","","CURRIED-CHAINING","CURRIED-CHAINING",""
"","3","STDLIB-METTALOG-TEST-PT2.40","","Mon Nov 11 00:54:28 GMT 2024","passed","Mon Nov 11 00:54:28 GMT 2024","","STDLIB-METTALOG","STDLIB-METTALOG",""
"","1","MATCH-VOID.06","","Mon Nov 11 00:40:49 GMT 2024","passed","Mon Nov 11 00:40:49 GMT 2024","","METTA-MORPH-TESTS","METTA-MORPH-TESTS",""
"","2","INTERSECTION-TESTS.13","","Mon Nov 11 00:36:54 GMT 2024","passed","Mon Nov 11 00:36:54 GMT 2024","","HYPERON-METTALOG-SANITY","HYPERON-METTALOG-SANITY",""
"","3","IMPL-METTALOGTESTCURRIED.11","","Mon Nov 11 01:48:29 GMT 2024","passed","Mon Nov 11 01:48:29 GMT 2024","","WALK-THRU","WALK-THRU",""
"","82","00-LANG-CASE.07","","Mon Nov 11 00:36:54 GMT 2024","passed","Mon Nov 11 00:36:54 GMT 2024","","HYPERON-METTALOG-SANITY","HYPERON-METTALOG-SANITY",""
"","2","BC-COMP.03","","Mon Nov 11 01:48:29 GMT 2024","passed","Mon Nov 11 01:48:29 GMT 2024","","WALK-THRU","WALK-THRU",""
"","2","CHAPTER-1-1.08","","Mon Nov 11 00:54:37 GMT 2024","passed","Mon Nov 11 00:54:37 GMT 2024","","SICP-BOOK","SICP-BOOK",""
"","2","INTERSECTION-TESTS.25","","Mon Nov 11 00:36:54 GMT 2024","passed","Mon Nov 11 00:36:54 GMT 2024","","HYPERON-METTALOG-SANITY","HYPERON-METTALOG-SANITY",""
"","5000","debugging.hyperon_experimental_issue_516_redduced","","Mon Nov 11 00:35:13 GMT 2024","passed","Mon Nov 11 00:35:18 GMT 2024","","WHOLE-TESTS","WHOLE-TESTS",""
"","1","INF-CTL-MONTH-XP-SHORT-3.03","","Mon Nov 11 02:03:27 GMT 2024","passed","Mon Nov 11 02:03:27 GMT 2024","","COMPARISONS","COMPARISONS",""
"","1","INF-CTL-MONTH-BC-CONT-XP.22","","Mon Nov 11 01:19:26 GMT 2024","passed","Mon Nov 11 01:19:26 GMT 2024","","INFERENCE-CONTROL","INFERENCE-CONTROL",""
"","5000","module-system.c2_spaces","","Mon Nov 11 00:35:13 GMT 2024","passed","Mon Nov 11 00:35:18 GMT 2024","","WHOLE-TESTS","WHOLE-TESTS",""
"","81","COMBINED.03","","Mon Nov 11 01:53:13 GMT 2024","failed","Mon Nov 11 01:53:13 GMT 2024","","ITERATORS","ITERATORS",""
"","5000","hol.NatTest","","Mon Nov 11 00:35:13 GMT 2024","passed","Mon Nov 11 00:35:18 GMT 2024","","WHOLE-TESTS","WHOLE-TESTS",""
"","3","LISTTEST.01","","Mon Nov 11 01:18:15 GMT 2024","passed","Mon Nov 11 01:18:15 GMT 2024","","HOL","HOL",""
"","40000","main-branch.tests3","","Mon Nov 11 00:35:13 GMT 2024","failed","Mon Nov 11 00:35:53 GMT 2024","","WHOLE-TESTS","WHOLE-TESTS",""
"","5000","nars_extras.NARS_BuildTupleCounts","","Mon Nov 11 00:35:13 GMT 2024","passed","Mon Nov 11 00:35:18 GMT 2024","","WHOLE-TESTS","WHOLE-TESTS",""
"","4000","anti-regression.bchain","","Mon Nov 11 00:35:13 GMT 2024","passed","Mon Nov 11 00:35:17 GMT 2024","","WHOLE-TESTS","WHOLE-TESTS",""
"","1","SYNTHESIZE-VIA-SUPERPOSE.02","","Mon Nov 11 01:26:05 GMT 2024","passed","Mon Nov 11 01:26:05 GMT 2024","","EXPERIMENTS","EXPERIMENTS",""
"","15","F1-IMPORTS.04","","Mon Nov 11 00:35:08 GMT 2024","failed","Mon Nov 11 00:35:08 GMT 2024","","MODULE-SYSTEM","MODULE-SYSTEM",""
"","3","C1-GROUNDED-BASIC.12","","Mon Nov 11 00:35:17 GMT 2024","passed","Mon Nov 11 00:35:17 GMT 2024","","HYPERON-EXPERIMENTAL-SCRIPTS","HYPERON-EXPERIMENTAL-SCRIPTS",""
"","2","B2-BACKCHAIN.04","","Mon Nov 11 00:35:17 GMT 2024","passed","Mon Nov 11 00:35:17 GMT 2024","","HYPERON-EXPERIMENTAL-SCRIPTS","HYPERON-EXPERIMENTAL-SCRIPTS",""
"","2","TEST-IF-CLOSED.09","","Mon Nov 11 01:48:29 GMT 2024","passed","Mon Nov 11 01:48:29 GMT 2024","","WALK-THRU","WALK-THRU",""
"","7000","chaining.v2-pln-xp-easy-impl","","Mon Nov 11 00:35:13 GMT 2024","passed","Mon Nov 11 00:35:20 GMT 2024","","WHOLE-TESTS","WHOLE-TESTS",""
"","1","ADD-REMOVE-MATCH-S-SYMBOLS.05","","Mon Nov 11 00:52:21 GMT 2024","passed","Mon Nov 11 00:52:21 GMT 2024","","SPACES","SPACES",""
"","910","JOHN-CARRY-FLOWER-TEST.05","","Mon Nov 11 01:24:57 GMT 2024","failed","Mon Nov 11 01:24:57 GMT 2024","","JOHN-CARRY-FLOWER","JOHN-CARRY-FLOWER",""
"","2","DEFINE-IF-LIKE.03","","Mon Nov 11 01:47:02 GMT 2024","passed","Mon Nov 11 01:47:02 GMT 2024","","DIRECT-COMP","DIRECT-COMP",""
"","3","FC-XP.25","","Mon Nov 11 01:18:10 GMT 2024","passed","Mon Nov 11 01:18:10 GMT 2024","","FORWARD-CHAINING","FORWARD-CHAINING",""
"","14","D1-GADT.05","","Mon Nov 11 00:45:05 GMT 2024","passed","Mon Nov 11 00:45:05 GMT 2024","","QUICK","QUICK",""
"","18","INF-CTL-MONTH-XP.06","","Mon Nov 11 01:19:26 GMT 2024","failed","Mon Nov 11 01:19:26 GMT 2024","","INFERENCE-CONTROL","INFERENCE-CONTROL",""
"","3","FORWARD-CHAINER-XP.26","","Mon Nov 11 01:17:59 GMT 2024","passed","Mon Nov 11 01:17:59 GMT 2024","","FORWARD-CHAINER","FORWARD-CHAINER",""
"","2","COLLAPSE.01","","Mon Nov 11 00:40:49 GMT 2024","passed","Mon Nov 11 00:40:49 GMT 2024","","METTA-MORPH-TESTS","METTA-MORPH-TESTS",""
"","69","ADD-REMOVE-MATCH-STRINGS.09","","Mon Nov 11 00:52:21 GMT 2024","failed","Mon Nov 11 00:52:21 GMT 2024","","SPACES","SPACES",""
"","2","ADD-REMOVE-MATCH-FLOAT.04","","Mon Nov 11 00:52:21 GMT 2024","passed","Mon Nov 11 00:52:21 GMT 2024","","SPACES","SPACES",""
"","40000","parallelism.builtins","","Mon Nov 11 00:35:13 GMT 2024","failed","Mon Nov 11 00:35:53 GMT 2024","","WHOLE-TESTS","WHOLE-TESTS",""
"","3","LET-SUPERPOSE-LIST.02","","Mon Nov 11 01:48:04 GMT 2024","passed","Mon Nov 11 01:48:04 GMT 2024","","TRANSPILER","TRANSPILER",""
"","5000","multidirectional.obif_clp","","Mon Nov 11 00:35:13 GMT 2024","passed","Mon Nov 11 00:35:18 GMT 2024","","WHOLE-TESTS","WHOLE-TESTS",""
"","24","NATDTLTEST.04","","Mon Nov 11 01:18:15 GMT 2024","failed","Mon Nov 11 01:18:15 GMT 2024","","HOL","HOL",""
"","4000","experiments.non-determinism","","Mon Nov 11 00:35:13 GMT 2024","passed","Mon Nov 11 00:35:17 GMT 2024","","WHOLE-TESTS","WHOLE-TESTS",""
"","2","FORWARD-CHAINER-TEST.07","","Mon Nov 11 01:17:59 GMT 2024","passed","Mon Nov 11 01:17:59 GMT 2024","","FORWARD-CHAINER","FORWARD-CHAINER",""
"","16","TYPE-PROP.03","","Mon Nov 11 01:11:03 GMT 2024","passed","Mon Nov 11 01:11:03 GMT 2024","","CHECK-TYPES-TEMP","CHECK-TYPES-TEMP",""
"","1","ADD-REMOVE-MATCH-MIX-FLOAT-INTEGER.16","","Mon Nov 11 00:52:21 GMT 2024","passed","Mon Nov 11 00:52:21 GMT 2024","","SPACES","SPACES",""
"","13","STDLIB-METTALOG-TEST-PT2.53","","Mon Nov 11 00:54:28 GMT 2024","failed","Mon Nov 11 00:54:28 GMT 2024","","STDLIB-METTALOG","STDLIB-METTALOG",""
"","2","E2-STATES.05","","Mon Nov 11 01:11:24 GMT 2024","passed","Mon Nov 11 01:11:24 GMT 2024","","CHECK-TYPES","CHECK-TYPES",""
"","40000","current.tests1","","Mon Nov 11 00:35:13 GMT 2024","failed","Mon Nov 11 00:35:53 GMT 2024","","WHOLE-TESTS","WHOLE-TESTS",""
"","2","SUBTRACTION-TEST.04","","Mon Nov 11 00:36:54 GMT 2024","passed","Mon Nov 11 00:36:54 GMT 2024","","HYPERON-METTALOG-SANITY","HYPERON-METTALOG-SANITY",""
"","55","PC-XP.01","","Mon Nov 11 01:24:11 GMT 2024","failed","Mon Nov 11 01:24:11 GMT 2024","","POLYWARD-CHAINING","POLYWARD-CHAINING",""
"","3","D2-HIGHERFUNC.08","","Mon Nov 11 00:45:05 GMT 2024","passed","Mon Nov 11 00:45:05 GMT 2024","","QUICK","QUICK",""
"","1","INF-CTL-MONTH-XP-SHORT-3.10","","Mon Nov 11 02:03:27 GMT 2024","passed","Mon Nov 11 02:03:27 GMT 2024","","COMPARISONS","COMPARISONS",""
"","1268","PUZZLE.01","","Mon Nov 11 01:02:32 GMT 2024","passed","Mon Nov 11 01:02:33 GMT 2024","","LOGIC","LOGIC",""
"","33","CHAPTER-1-1.18","","Mon Nov 11 00:54:37 GMT 2024","passed","Mon Nov 11 00:54:37 GMT 2024","","SICP-BOOK","SICP-BOOK",""
"","2","D2-HIGHERFUNC.12","","Mon Nov 11 01:11:24 GMT 2024","passed","Mon Nov 11 01:11:24 GMT 2024","","CHECK-TYPES","CHECK-TYPES",""
"","3","FC-XP.08","","Mon Nov 11 01:18:10 GMT 2024","passed","Mon Nov 11 01:18:10 GMT 2024","","FORWARD-CHAINING","FORWARD-CHAINING",""
"","4","OR-TEST.07","","Mon Nov 11 00:36:54 GMT 2024","passed","Mon Nov 11 00:36:54 GMT 2024","","HYPERON-METTALOG-SANITY","HYPERON-METTALOG-SANITY",""
"","133","STDLIB-METTALOG-TEST-PT2.48","","Mon Nov 11 00:54:28 GMT 2024","failed","Mon Nov 11 00:54:28 GMT 2024","","STDLIB-METTALOG","STDLIB-METTALOG",""
"","2","HIGHER-ORDER-FUNCS.06","","Mon Nov 11 00:53:03 GMT 2024","passed","Mon Nov 11 00:53:03 GMT 2024","","STD","STD",""
"","1","ADD-REMOVE-MATCH-S-SYMBOLS.02","","Mon Nov 11 00:52:21 GMT 2024","passed","Mon Nov 11 00:52:21 GMT 2024","","SPACES","SPACES",""
"","3","SPACE-INTERSECTION-TESTS.06","","Mon Nov 11 00:36:54 GMT 2024","passed","Mon Nov 11 00:36:54 GMT 2024","","HYPERON-METTALOG-SANITY","HYPERON-METTALOG-SANITY",""
"","2","TYPE-PROP.02","","Mon Nov 11 00:50:03 GMT 2024","passed","Mon Nov 11 00:50:03 GMT 2024","","CHAINING","CHAINING",""
"","4000","introspect.show-space-self","","Mon Nov 11 00:35:13 GMT 2024","passed","Mon Nov 11 00:35:17 GMT 2024","","WHOLE-TESTS","WHOLE-TESTS",""
"","2","TYPE-PROP.07","","Mon Nov 11 01:11:03 GMT 2024","passed","Mon Nov 11 01:11:03 GMT 2024","","CHECK-TYPES-TEMP","CHECK-TYPES-TEMP",""
"","2","ADD-REMOVE-MATCH-S-SYMBOLS.04","","Mon Nov 11 00:52:21 GMT 2024","passed","Mon Nov 11 00:52:21 GMT 2024","","SPACES","SPACES",""
"","5","ADD-REMOVE-MATCH-INTEGER.42","","Mon Nov 11 00:52:21 GMT 2024","passed","Mon Nov 11 00:52:21 GMT 2024","","SPACES","SPACES",""
"","5000","chaining.parent_go_1","","Mon Nov 11 00:35:13 GMT 2024","passed","Mon Nov 11 00:35:18 GMT 2024","","WHOLE-TESTS","WHOLE-TESTS",""
"","2","ADD-REMOVE-MATCH-FLOAT.01","","Mon Nov 11 00:52:21 GMT 2024","passed","Mon Nov 11 00:52:21 GMT 2024","","SPACES","SPACES",""
"","2","INTERSECTION-TESTS.19","","Mon Nov 11 00:36:54 GMT 2024","passed","Mon Nov 11 00:36:54 GMT 2024","","HYPERON-METTALOG-SANITY","HYPERON-METTALOG-SANITY",""
"","7255","PROB-DEP-TYPES.13","","Mon Nov 11 01:03:12 GMT 2024","failed","Mon Nov 11 01:03:19 GMT 2024","","PROB-DEP-TYPES","PROB-DEP-TYPES",""
"","3","F1-MODULEA.06","","Mon Nov 11 00:35:08 GMT 2024","passed","Mon Nov 11 00:35:08 GMT 2024","","MODULE-SYSTEM","MODULE-SYSTEM",""
"","2","CHAPTER-2-2.05","","Mon Nov 11 00:54:37 GMT 2024","passed","Mon Nov 11 00:54:37 GMT 2024","","SICP-BOOK","SICP-BOOK",""
"","2","ORIENTATION-TEST.01","","Mon Nov 11 01:25:12 GMT 2024","passed","Mon Nov 11 01:25:12 GMT 2024","","ORIENTATION","ORIENTATION",""
"","2","NATPARITYTEST.04","","Mon Nov 11 01:18:15 GMT 2024","passed","Mon Nov 11 01:18:15 GMT 2024","","HOL","HOL",""
"","119","SHOW-TYPE.14","","Mon Nov 11 00:52:05 GMT 2024","failed","Mon Nov 11 00:52:05 GMT 2024","","INTROSPECT","INTROSPECT",""
"","2","LTE.06","","Mon Nov 11 00:53:03 GMT 2024","passed","Mon Nov 11 00:53:03 GMT 2024","","STD","STD",""
"","2","TYPES-PRELIM.10","","Mon Nov 11 00:50:03 GMT 2024","passed","Mon Nov 11 00:50:03 GMT 2024","","CHAINING","CHAINING",""
"","3","KEY-LOOKUPS-MANY.01","","Mon Nov 11 01:57:07 GMT 2024","passed","Mon Nov 11 01:57:07 GMT 2024","","BASIC","BASIC",""
"","2","STRING-TESTS.11","","Mon Nov 11 00:36:54 GMT 2024","passed","Mon Nov 11 00:36:54 GMT 2024","","HYPERON-METTALOG-SANITY","HYPERON-METTALOG-SANITY",""
"","2","TYPE-PROP.19","","Mon Nov 11 01:11:03 GMT 2024","passed","Mon Nov 11 01:11:03 GMT 2024","","CHECK-TYPES-TEMP","CHECK-TYPES-TEMP",""
"","2","ADD-REMOVE-MATCH-INTEGER.27","","Mon Nov 11 00:52:21 GMT 2024","passed","Mon Nov 11 00:52:21 GMT 2024","","SPACES","SPACES",""
"","45000","walk_thru.bc_comp","","Mon Nov 11 00:35:13 GMT 2024","failed","Mon Nov 11 00:35:58 GMT 2024","","WHOLE-TESTS","WHOLE-TESTS",""
"","4","RUN-MINNARS.01","","Mon Nov 11 01:34:05 GMT 2024","passed","Mon Nov 11 01:34:05 GMT 2024","","NARS-EXTRAS","NARS-EXTRAS",""
"","1","C1-GROUNDED-BASIC.12","","Mon Nov 11 00:45:05 GMT 2024","passed","Mon Nov 11 00:45:05 GMT 2024","","QUICK","QUICK",""
"","1315","TESTS3.02","","Mon Nov 11 00:45:32 GMT 2024","failed","Mon Nov 11 00:45:33 GMT 2024","","MAIN-BRANCH","MAIN-BRANCH",""
"","3","FORWARD-CHAINER-XP.12","","Mon Nov 11 01:17:59 GMT 2024","passed","Mon Nov 11 01:17:59 GMT 2024","","FORWARD-CHAINER","FORWARD-CHAINER",""
"","786","NATSIMPLETEST.05","","Mon Nov 11 01:18:15 GMT 2024","passed","Mon Nov 11 01:18:15 GMT 2024","","HOL","HOL",""
"","46","IMPLICATIONDIRECTINTRODUCTIONDTLTEST.13","","Mon Nov 11 01:14:04 GMT 2024","failed","Mon Nov 11 01:14:04 GMT 2024","","DEPENDENT-TYPES","DEPENDENT-TYPES",""
"","2","ADD-REMOVE-MATCH-INTEGER.39","","Mon Nov 11 00:52:21 GMT 2024","passed","Mon Nov 11 00:52:21 GMT 2024","","SPACES","SPACES",""
"","4","MATCH-FEVAL.01","","Mon Nov 11 01:48:04 GMT 2024","passed","Mon Nov 11 01:48:04 GMT 2024","","TRANSPILER","TRANSPILER",""
"","2","D4-TYPE-PROP.15","","Mon Nov 11 00:45:05 GMT 2024","passed","Mon Nov 11 00:45:05 GMT 2024","","QUICK","QUICK",""
"","723","IBC-XP.24","","Mon Nov 11 01:21:29 GMT 2024","passed","Mon Nov 11 01:21:29 GMT 2024","","ITERATIVE-CHAINING","ITERATIVE-CHAINING",""
"","3","SPACE-INTERSECTION-TESTS.15","","Mon Nov 11 00:36:54 GMT 2024","passed","Mon Nov 11 00:36:54 GMT 2024","","HYPERON-METTALOG-SANITY","HYPERON-METTALOG-SANITY",""
"","142","BASIC.10","","Mon Nov 11 01:08:23 GMT 2024","failed","Mon Nov 11 01:08:23 GMT 2024","","TRAVERSER","TRAVERSER",""
"","2","BACKWARD-CHAINER-XP.31","","Mon Nov 11 01:15:12 GMT 2024","passed","Mon Nov 11 01:15:12 GMT 2024","","BACKWARD-CHAINER","BACKWARD-CHAINER",""
"","2","TESTS0.05","","Mon Nov 11 01:39:13 GMT 2024","passed","Mon Nov 11 01:39:13 GMT 2024","","NEW","NEW",""
"","14","D2-HIGHERFUNC.21","","Mon Nov 11 00:35:17 GMT 2024","passed","Mon Nov 11 00:35:17 GMT 2024","","HYPERON-EXPERIMENTAL-SCRIPTS","HYPERON-EXPERIMENTAL-SCRIPTS",""
"","5000","hyperon-mettalog_sanity.first_answer","","Mon Nov 11 00:35:13 GMT 2024","passed","Mon Nov 11 00:35:18 GMT 2024","","WHOLE-TESTS","WHOLE-TESTS",""
"","4000","direct_comp.add_atom_match","","Mon Nov 11 00:35:13 GMT 2024","passed","Mon Nov 11 00:35:17 GMT 2024","","WHOLE-TESTS","WHOLE-TESTS",""
"","2","D2-HIGHERFUNC.16","","Mon Nov 11 00:35:17 GMT 2024","passed","Mon Nov 11 00:35:17 GMT 2024","","HYPERON-EXPERIMENTAL-SCRIPTS","HYPERON-EXPERIMENTAL-SCRIPTS",""
"","3","SYNTHESIZE-VIA-TYPE-CHECKING.10","","Mon Nov 11 01:26:05 GMT 2024","passed","Mon Nov 11 01:26:05 GMT 2024","","EXPERIMENTS","EXPERIMENTS",""
"","2","PC-XP.04","","Mon Nov 11 01:24:11 GMT 2024","passed","Mon Nov 11 01:24:11 GMT 2024","","POLYWARD-CHAINING","POLYWARD-CHAINING",""
"","3","STRING-TESTS.07","","Mon Nov 11 00:36:54 GMT 2024","passed","Mon Nov 11 00:36:54 GMT 2024","","HYPERON-METTALOG-SANITY","HYPERON-METTALOG-SANITY",""
"","45000","prev.tests1","","Mon Nov 11 00:35:13 GMT 2024","failed","Mon Nov 11 00:35:58 GMT 2024","","WHOLE-TESTS","WHOLE-TESTS",""
"","5000","metta_to_amr.instances","","Mon Nov 11 00:35:13 GMT 2024","passed","Mon Nov 11 00:35:18 GMT 2024","","WHOLE-TESTS","WHOLE-TESTS",""
"","1","XOR-TEST.10","","Mon Nov 11 00:36:54 GMT 2024","passed","Mon Nov 11 00:36:54 GMT 2024","","HYPERON-METTALOG-SANITY","HYPERON-METTALOG-SANITY",""
"","2","LTE.08","","Mon Nov 11 00:53:03 GMT 2024","passed","Mon Nov 11 00:53:03 GMT 2024","","STD","STD",""
"","6","NATTEST.05","","Mon Nov 11 01:18:15 GMT 2024","passed","Mon Nov 11 01:18:15 GMT 2024","","HOL","HOL",""
"","2","C1-GROUNDED-BASIC.04","","Mon Nov 11 00:45:05 GMT 2024","passed","Mon Nov 11 00:45:05 GMT 2024","","QUICK","QUICK",""
"","3","BC-COMP.06","","Mon Nov 11 00:42:55 GMT 2024","passed","Mon Nov 11 00:42:55 GMT 2024","","ANTI-REGRESSION","ANTI-REGRESSION",""
"","2","TYPE-PROP.23","","Mon Nov 11 01:11:03 GMT 2024","passed","Mon Nov 11 01:11:03 GMT 2024","","CHECK-TYPES-TEMP","CHECK-TYPES-TEMP",""
"","165","APPEND-USING-EQUALITY.01","","Mon Nov 11 01:54:48 GMT 2024","failed","Mon Nov 11 01:54:48 GMT 2024","","MULTIDIRECTIONAL","MULTIDIRECTIONAL",""
"","14","D1-GADT.13","","Mon Nov 11 00:45:05 GMT 2024","passed","Mon Nov 11 00:45:05 GMT 2024","","QUICK","QUICK",""
"","2","B5-TYPES-PRELIM.03","","Mon Nov 11 00:35:17 GMT 2024","passed","Mon Nov 11 00:35:17 GMT 2024","","HYPERON-EXPERIMENTAL-SCRIPTS","HYPERON-EXPERIMENTAL-SCRIPTS",""
"","2","KEY-LOOKUPS-MANY.04","","Mon Nov 11 01:57:07 GMT 2024","passed","Mon Nov 11 01:57:07 GMT 2024","","BASIC","BASIC",""
"","1570","SYNTHESIZE-VIA-LET-TEST.11","","Mon Nov 11 01:26:05 GMT 2024","failed","Mon Nov 11 01:26:06 GMT 2024","","EXPERIMENTS","EXPERIMENTS",""
"","46","IFC-XP.13","","Mon Nov 11 01:21:29 GMT 2024","failed","Mon Nov 11 01:21:29 GMT 2024","","ITERATIVE-CHAINING","ITERATIVE-CHAINING",""
"","2","BC-XP.17","","Mon Nov 11 01:15:17 GMT 2024","passed","Mon Nov 11 01:15:17 GMT 2024","","BACKWARD-CHAINING","BACKWARD-CHAINING",""
"","2","BACKWARD-CHAINER-XP.36","","Mon Nov 11 01:15:12 GMT 2024","passed","Mon Nov 11 01:15:12 GMT 2024","","BACKWARD-CHAINER","BACKWARD-CHAINER",""
"","40000","SICP_book.chapter_2_1","","Mon Nov 11 00:35:13 GMT 2024","failed","Mon Nov 11 00:35:53 GMT 2024","","WHOLE-TESTS","WHOLE-TESTS",""
"","5000","hyperon-experimental_scripts.b0_chaining_prelim","","Mon Nov 11 00:35:13 GMT 2024","passed","Mon Nov 11 00:35:18 GMT 2024","","WHOLE-TESTS","WHOLE-TESTS",""
"","2","BACKWARD-CHAINER-XP.21","","Mon Nov 11 01:15:12 GMT 2024","passed","Mon Nov 11 01:15:12 GMT 2024","","BACKWARD-CHAINER","BACKWARD-CHAINER",""
"","5","DEDUCTIONEQUALTEST.02","","Mon Nov 11 01:17:49 GMT 2024","passed","Mon Nov 11 01:17:49 GMT 2024","","EQUAL","EQUAL",""
"","4","IMPLICATIONDIRECTINTRODUCTIONDTLTEST.12","","Mon Nov 11 01:14:04 GMT 2024","passed","Mon Nov 11 01:14:04 GMT 2024","","DEPENDENT-TYPES","DEPENDENT-TYPES",""
"","4000","std.grounded_basic","","Mon Nov 11 00:35:13 GMT 2024","passed","Mon Nov 11 00:35:17 GMT 2024","","WHOLE-TESTS","WHOLE-TESTS",""
"","14","D1-GADT.04","","Mon Nov 11 01:11:24 GMT 2024","passed","Mon Nov 11 01:11:24 GMT 2024","","CHECK-TYPES","CHECK-TYPES",""
"","5000","basic.test_infer_function_application_type","","Mon Nov 11 00:35:13 GMT 2024","passed","Mon Nov 11 00:35:18 GMT 2024","","WHOLE-TESTS","WHOLE-TESTS",""
"","4000","quick.d4_type_prop","","Mon Nov 11 00:35:13 GMT 2024","passed","Mon Nov 11 00:35:17 GMT 2024","","WHOLE-TESTS","WHOLE-TESTS",""
"","226","PROB-DEP-TYPES.12","","Mon Nov 11 01:03:12 GMT 2024","passed","Mon Nov 11 01:03:12 GMT 2024","","PROB-DEP-TYPES","PROB-DEP-TYPES",""
"","2","DEFINE-IF-LIKE.04","","Mon Nov 11 01:47:02 GMT 2024","passed","Mon Nov 11 01:47:02 GMT 2024","","DIRECT-COMP","DIRECT-COMP",""
"","1","BACKWARD-CHAINER-XP.04","","Mon Nov 11 01:15:12 GMT 2024","passed","Mon Nov 11 01:15:12 GMT 2024","","BACKWARD-CHAINER","BACKWARD-CHAINER",""
"","5000","synthesis.UnifyTest","","Mon Nov 11 00:35:13 GMT 2024","passed","Mon Nov 11 00:35:18 GMT 2024","","WHOLE-TESTS","WHOLE-TESTS",""
"","97","TOO-EAGER-MATH.03","","Mon Nov 11 01:56:06 GMT 2024","passed","Mon Nov 11 01:56:06 GMT 2024","","POSSIBLY-WRONG","POSSIBLY-WRONG",""
"","3","STDLIB-METTALOG-TEST-PT2.70","","Mon Nov 11 00:54:28 GMT 2024","passed","Mon Nov 11 00:54:28 GMT 2024","","STDLIB-METTALOG","STDLIB-METTALOG",""
"","4000","hyperon-mettalog_sanity.is_space","","Mon Nov 11 00:35:13 GMT 2024","passed","Mon Nov 11 00:35:17 GMT 2024","","WHOLE-TESTS","WHOLE-TESTS",""
"","2","D2-HIGHERFUNC.09","","Mon Nov 11 00:45:05 GMT 2024","passed","Mon Nov 11 00:45:05 GMT 2024","","QUICK","QUICK",""
"","1","D1-GADT.14","","Mon Nov 11 00:45:05 GMT 2024","passed","Mon Nov 11 00:45:05 GMT 2024","","QUICK","QUICK",""
"","2","TYPE-PROP.40","","Mon Nov 11 01:11:03 GMT 2024","passed","Mon Nov 11 01:11:03 GMT 2024","","CHECK-TYPES-TEMP","CHECK-TYPES-TEMP",""
"","5000","check_types-temp.b5_types_prelim","","Mon Nov 11 00:35:13 GMT 2024","passed","Mon Nov 11 00:35:18 GMT 2024","","WHOLE-TESTS","WHOLE-TESTS",""
"","16000","anti-regression.debug_mettalogTestCurried","","Mon Nov 11 00:35:13 GMT 2024","failed","Mon Nov 11 00:35:29 GMT 2024","","WHOLE-TESTS","WHOLE-TESTS",""
"","2","OR-TEST.13","","Mon Nov 11 00:36:54 GMT 2024","passed","Mon Nov 11 00:36:54 GMT 2024","","HYPERON-METTALOG-SANITY","HYPERON-METTALOG-SANITY",""
"","2","TYPES-PRELIM.15","","Mon Nov 11 00:50:03 GMT 2024","passed","Mon Nov 11 00:50:03 GMT 2024","","CHAINING","CHAINING",""
"","124","USE-TWO-SERVERS.02","","Mon Nov 11 01:52:52 GMT 2024","failed","Mon Nov 11 01:52:52 GMT 2024","","DISTRIBUTED-PROCESSING","DISTRIBUTED-PROCESSING",""
"","2","ADD-REMOVE-MATCH-MIX-FLOAT-INTEGER.28","","Mon Nov 11 00:52:21 GMT 2024","passed","Mon Nov 11 00:52:21 GMT 2024","","SPACES","SPACES",""
"","4000","hyperon-experimental_scripts.b3_direct","","Mon Nov 11 00:35:13 GMT 2024","passed","Mon Nov 11 00:35:17 GMT 2024","","WHOLE-TESTS","WHOLE-TESTS",""
"","2","F1-IMPORTS.15","","Mon Nov 11 00:45:05 GMT 2024","passed","Mon Nov 11 00:45:05 GMT 2024","","QUICK","QUICK",""
"","2","D2-HIGHERFUNC.27","","Mon Nov 11 00:35:17 GMT 2024","passed","Mon Nov 11 00:35:17 GMT 2024","","HYPERON-EXPERIMENTAL-SCRIPTS","HYPERON-EXPERIMENTAL-SCRIPTS",""
"","2","ADD-REMOVE-MATCH-S-STRINGS.15","","Mon Nov 11 00:52:21 GMT 2024","passed","Mon Nov 11 00:52:21 GMT 2024","","SPACES","SPACES",""
"","2","AI-SERVICE-COMPOSITION-SANITY.02","","Mon Nov 11 01:08:34 GMT 2024","passed","Mon Nov 11 01:08:34 GMT 2024","","AI-SERVICE","AI-SERVICE",""
"","2","SPACE-INTERSECTION-TESTS.18","","Mon Nov 11 00:36:54 GMT 2024","passed","Mon Nov 11 00:36:54 GMT 2024","","HYPERON-METTALOG-SANITY","HYPERON-METTALOG-SANITY",""
"","2","BACKWARD-CHAINER-XP.20","","Mon Nov 11 01:15:12 GMT 2024","passed","Mon Nov 11 01:15:12 GMT 2024","","BACKWARD-CHAINER","BACKWARD-CHAINER",""
"","2","CHAPTER-2-4.05","","Mon Nov 11 00:54:37 GMT 2024","passed","Mon Nov 11 00:54:37 GMT 2024","","SICP-BOOK","SICP-BOOK",""
"","14","D1-GADT.04","","Mon Nov 11 00:45:05 GMT 2024","passed","Mon Nov 11 00:45:05 GMT 2024","","QUICK","QUICK",""
"","3","INF-CTL-MONTH-BC-XP.01","","Mon Nov 11 01:19:26 GMT 2024","passed","Mon Nov 11 01:19:26 GMT 2024","","INFERENCE-CONTROL","INFERENCE-CONTROL",""
"","92","NATTEST.02","","Mon Nov 11 01:18:15 GMT 2024","failed","Mon Nov 11 01:18:15 GMT 2024","","HOL","HOL",""
"","3","INF-CTL-MONTH-XP-SHORT-3.01","","Mon Nov 11 02:03:27 GMT 2024","passed","Mon Nov 11 02:03:27 GMT 2024","","COMPARISONS","COMPARISONS",""
"","3","F1-IMPORTS.01","","Mon Nov 11 00:35:17 GMT 2024","passed","Mon Nov 11 00:35:17 GMT 2024","","HYPERON-EXPERIMENTAL-SCRIPTS","HYPERON-EXPERIMENTAL-SCRIPTS",""
"","2","MATCH-SUPERPOSED-SPACES.03","","Mon Nov 11 00:40:49 GMT 2024","passed","Mon Nov 11 00:40:49 GMT 2024","","METTA-MORPH-TESTS","METTA-MORPH-TESTS",""
"","2","00-LANG-CASE.02","","Mon Nov 11 00:36:54 GMT 2024","passed","Mon Nov 11 00:36:54 GMT 2024","","HYPERON-METTALOG-SANITY","HYPERON-METTALOG-SANITY",""
"","4","TRUTHVALUETEST.07","","Mon Nov 11 01:15:55 GMT 2024","passed","Mon Nov 11 01:15:55 GMT 2024","","TRUTHVALUE","TRUTHVALUE",""
"","3","ADD-REMOVE-MATCH-S-SYMBOLS.16","","Mon Nov 11 00:52:21 GMT 2024","passed","Mon Nov 11 00:52:21 GMT 2024","","SPACES","SPACES",""
"","4000","spaces.add-remove-match-ss-symbols","","Mon Nov 11 00:35:13 GMT 2024","passed","Mon Nov 11 00:35:17 GMT 2024","","WHOLE-TESTS","WHOLE-TESTS",""
"","2","METTALOGTESTCURRIED2.02","","Mon Nov 11 00:42:55 GMT 2024","passed","Mon Nov 11 00:42:55 GMT 2024","","ANTI-REGRESSION","ANTI-REGRESSION",""
"","4000","metta-morph_tests.zeroargs","","Mon Nov 11 00:35:13 GMT 2024","passed","Mon Nov 11 00:35:17 GMT 2024","","WHOLE-TESTS","WHOLE-TESTS",""
"","73","STDLIB-METTALOG-TEST-PT2.15","","Mon Nov 11 00:54:28 GMT 2024","failed","Mon Nov 11 00:54:28 GMT 2024","","STDLIB-METTALOG","STDLIB-METTALOG",""
"","2","SEQUENTIAL-NESTED.09","","Mon Nov 11 00:40:49 GMT 2024","passed","Mon Nov 11 00:40:49 GMT 2024","","METTA-MORPH-TESTS","METTA-MORPH-TESTS",""
"","5","HIGHER-ORDER-FUNCS.08","","Mon Nov 11 00:53:03 GMT 2024","passed","Mon Nov 11 00:53:03 GMT 2024","","STD","STD",""
"","3","SYNTHESIZE-VIA-TYPE-CHECKING.09","","Mon Nov 11 01:26:05 GMT 2024","passed","Mon Nov 11 01:26:05 GMT 2024","","EXPERIMENTS","EXPERIMENTS",""
"","549","NATPARITYTEST.17","","Mon Nov 11 01:18:15 GMT 2024","passed","Mon Nov 11 01:18:15 GMT 2024","","HOL","HOL",""
"","3","PLN-STV.01","","Mon Nov 11 00:50:03 GMT 2024","passed","Mon Nov 11 00:50:03 GMT 2024","","CHAINING","CHAINING",""
"","2","BCHAIN-COMP.03","","Mon Nov 11 00:42:55 GMT 2024","passed","Mon Nov 11 00:42:55 GMT 2024","","ANTI-REGRESSION","ANTI-REGRESSION",""
"","3","TESTS0.05","","Mon Nov 11 01:30:15 GMT 2024","passed","Mon Nov 11 01:30:15 GMT 2024","","CURRENT","CURRENT",""
"","76","CREATE-SERVER.04","","Mon Nov 11 01:52:52 GMT 2024","failed","Mon Nov 11 01:52:52 GMT 2024","","DISTRIBUTED-PROCESSING","DISTRIBUTED-PROCESSING",""
"","3","D2-HIGHERFUNC.01","","Mon Nov 11 00:35:17 GMT 2024","passed","Mon Nov 11 00:35:17 GMT 2024","","HYPERON-EXPERIMENTAL-SCRIPTS","HYPERON-EXPERIMENTAL-SCRIPTS",""
"","4000","quick.c1_grounded_basic","","Mon Nov 11 00:35:13 GMT 2024","passed","Mon Nov 11 00:35:17 GMT 2024","","WHOLE-TESTS","WHOLE-TESTS",""
"","85","STDLIB-METTALOG-TEST-PT2.38","","Mon Nov 11 00:54:28 GMT 2024","failed","Mon Nov 11 00:54:28 GMT 2024","","STDLIB-METTALOG","STDLIB-METTALOG",""
"","76","D5-AUTO-TYPES.06","","Mon Nov 11 00:35:17 GMT 2024","failed","Mon Nov 11 00:35:17 GMT 2024","","HYPERON-EXPERIMENTAL-SCRIPTS","HYPERON-EXPERIMENTAL-SCRIPTS",""
"","2","STRING-TESTS.05","","Mon Nov 11 00:36:54 GMT 2024","passed","Mon Nov 11 00:36:54 GMT 2024","","HYPERON-METTALOG-SANITY","HYPERON-METTALOG-SANITY",""
"","5000","basic.key-lookups-many","","Mon Nov 11 00:35:13 GMT 2024","passed","Mon Nov 11 00:35:18 GMT 2024","","WHOLE-TESTS","WHOLE-TESTS",""
"","71","STDLIB-METTALOG-TEST-PT2.73","","Mon Nov 11 00:54:28 GMT 2024","failed","Mon Nov 11 00:54:28 GMT 2024","","STDLIB-METTALOG","STDLIB-METTALOG",""
"","386","TESTS0.06","","Mon Nov 11 01:43:08 GMT 2024","passed","Mon Nov 11 01:43:08 GMT 2024","","PREV","PREV",""
"","3","C1-GROUNDED-BASIC.11","","Mon Nov 11 00:35:17 GMT 2024","passed","Mon Nov 11 00:35:17 GMT 2024","","HYPERON-EXPERIMENTAL-SCRIPTS","HYPERON-EXPERIMENTAL-SCRIPTS",""
"","3","SUBTYPING-TEST.01","","Mon Nov 11 01:24:16 GMT 2024","passed","Mon Nov 11 01:24:16 GMT 2024","","SUBTYPING","SUBTYPING",""
"","2","NUMTEST.05","","Mon Nov 11 01:15:27 GMT 2024","passed","Mon Nov 11 01:15:27 GMT 2024","","COMMON","COMMON",""
"","1","E2-STATES.09","","Mon Nov 11 00:35:17 GMT 2024","passed","Mon Nov 11 00:35:17 GMT 2024","","HYPERON-EXPERIMENTAL-SCRIPTS","HYPERON-EXPERIMENTAL-SCRIPTS",""
"","3","BC-XP.01","","Mon Nov 11 01:15:17 GMT 2024","passed","Mon Nov 11 01:15:17 GMT 2024","","BACKWARD-CHAINING","BACKWARD-CHAINING",""
"","2","STDLIB-METTALOG-TEST-PT2.64","","Mon Nov 11 00:54:28 GMT 2024","passed","Mon Nov 11 00:54:28 GMT 2024","","STDLIB-METTALOG","STDLIB-METTALOG",""
"","40000","combinator-calculi.tree","","Mon Nov 11 00:35:13 GMT 2024","failed","Mon Nov 11 00:35:53 GMT 2024","","WHOLE-TESTS","WHOLE-TESTS",""
"","6000","typed-variables.enforced-types","","Mon Nov 11 00:35:13 GMT 2024","passed","Mon Nov 11 00:35:19 GMT 2024","","WHOLE-TESTS","WHOLE-TESTS",""
"","2","STRING-TESTS.18","","Mon Nov 11 00:36:54 GMT 2024","passed","Mon Nov 11 00:36:54 GMT 2024","","HYPERON-METTALOG-SANITY","HYPERON-METTALOG-SANITY",""
"","3","D1-GADT.01","","Mon Nov 11 01:11:24 GMT 2024","passed","Mon Nov 11 01:11:24 GMT 2024","","CHECK-TYPES","CHECK-TYPES",""
"","23","UNIFYTEST.03","","Mon Nov 11 01:26:00 GMT 2024","failed","Mon Nov 11 01:26:00 GMT 2024","","SYNTHESIS","SYNTHESIS",""
"","49","FC-XP.01","","Mon Nov 11 01:18:10 GMT 2024","failed","Mon Nov 11 01:18:10 GMT 2024","","FORWARD-CHAINING","FORWARD-CHAINING",""
"","523","BC-XP.06","","Mon Nov 11 00:50:03 GMT 2024","failed","Mon Nov 11 00:50:03 GMT 2024","","CHAINING","CHAINING",""
"","3","FORWARD-CHAINER-TEST.14","","Mon Nov 11 01:17:59 GMT 2024","passed","Mon Nov 11 01:17:59 GMT 2024","","FORWARD-CHAINER","FORWARD-CHAINER",""
"","79","E2-STATES.07","","Mon Nov 11 01:11:24 GMT 2024","failed","Mon Nov 11 01:11:24 GMT 2024","","CHECK-TYPES","CHECK-TYPES",""
"","2","EXAM-SPACES.01","","Mon Nov 11 00:52:05 GMT 2024","passed","Mon Nov 11 00:52:05 GMT 2024","","INTROSPECT","INTROSPECT",""
"","70","DEBUG-METTALOGTESTCURRIED.07","","Mon Nov 11 01:48:29 GMT 2024","passed","Mon Nov 11 01:48:29 GMT 2024","","WALK-THRU","WALK-THRU",""
"","2","STATE-TYPES.21","","Mon Nov 11 01:57:07 GMT 2024","passed","Mon Nov 11 01:57:07 GMT 2024","","BASIC","BASIC",""
"","53","DEDUCTIONIMPLICATIONDIRECTINTRODUCTIONDTLTEST.03","","Mon Nov 11 01:14:04 GMT 2024","failed","Mon Nov 11 01:14:04 GMT 2024","","DEPENDENT-TYPES","DEPENDENT-TYPES",""
"","2","SPACE-SUBTRACTION-TESTS.06","","Mon Nov 11 00:36:54 GMT 2024","passed","Mon Nov 11 00:36:54 GMT 2024","","HYPERON-METTALOG-SANITY","HYPERON-METTALOG-SANITY",""
"","2","B5-TYPES-PRELIM.16","","Mon Nov 11 00:35:17 GMT 2024","passed","Mon Nov 11 00:35:17 GMT 2024","","HYPERON-EXPERIMENTAL-SCRIPTS","HYPERON-EXPERIMENTAL-SCRIPTS",""
"","44","BACKWARD-CHAINER-XP.13","","Mon Nov 11 01:15:12 GMT 2024","failed","Mon Nov 11 01:15:12 GMT 2024","","BACKWARD-CHAINER","BACKWARD-CHAINER",""
"","1022","PLLM-PENNTREE.04","","Mon Nov 11 02:09:38 GMT 2024","passed","Mon Nov 11 02:09:39 GMT 2024","","LANGUAGE-MODELS","LANGUAGE-MODELS",""
"","2","ADD-REMOVE-MATCH-INTEGER.15","","Mon Nov 11 00:52:21 GMT 2024","passed","Mon Nov 11 00:52:21 GMT 2024","","SPACES","SPACES",""
"","1","CML-UNSHARED.03","","Mon Nov 11 01:57:07 GMT 2024","passed","Mon Nov 11 01:57:07 GMT 2024","","BASIC","BASIC",""
"","44","IBC-XP.16","","Mon Nov 11 01:21:29 GMT 2024","failed","Mon Nov 11 01:21:29 GMT 2024","","ITERATIVE-CHAINING","ITERATIVE-CHAINING",""
"","2","STDLIB-METTALOG-TEST-PT2.24","","Mon Nov 11 00:54:28 GMT 2024","passed","Mon Nov 11 00:54:28 GMT 2024","","STDLIB-METTALOG","STDLIB-METTALOG",""
"","3","PEANO.01","","Mon Nov 11 00:40:49 GMT 2024","passed","Mon Nov 11 00:40:49 GMT 2024","","METTA-MORPH-TESTS","METTA-MORPH-TESTS",""
"","5000","basic.hyperposing-shared","","Mon Nov 11 00:35:13 GMT 2024","passed","Mon Nov 11 00:35:18 GMT 2024","","WHOLE-TESTS","WHOLE-TESTS",""
"","3","DEDUCTIONENTAILTEST.01","","Mon Nov 11 01:17:38 GMT 2024","passed","Mon Nov 11 01:17:38 GMT 2024","","ENTAIL","ENTAIL",""
"","2","AI-SERVICE-COMPOSITION-EASY.02","","Mon Nov 11 01:08:34 GMT 2024","passed","Mon Nov 11 01:08:34 GMT 2024","","AI-SERVICE","AI-SERVICE",""
"","6","SEALED-TEST.05","","Mon Nov 11 00:36:54 GMT 2024","passed","Mon Nov 11 00:36:54 GMT 2024","","HYPERON-METTALOG-SANITY","HYPERON-METTALOG-SANITY",""
"","3","D4-TYPE-PROP.01","","Mon Nov 11 01:11:24 GMT 2024","passed","Mon Nov 11 01:11:24 GMT 2024","","CHECK-TYPES","CHECK-TYPES",""
"","2","TYPE-PROP.15","","Mon Nov 11 01:11:03 GMT 2024","passed","Mon Nov 11 01:11:03 GMT 2024","","CHECK-TYPES-TEMP","CHECK-TYPES-TEMP",""
"","10000","chaining.pln-xp","","Mon Nov 11 00:35:13 GMT 2024","passed","Mon Nov 11 00:35:23 GMT 2024","","WHOLE-TESTS","WHOLE-TESTS",""
"","2","EVIDENTIALTRUTHVALUETEST.03","","Mon Nov 11 01:15:55 GMT 2024","passed","Mon Nov 11 01:15:55 GMT 2024","","TRUTHVALUE","TRUTHVALUE",""
"","4","MINNARS-PREV.01","","Mon Nov 11 00:45:32 GMT 2024","passed","Mon Nov 11 00:45:32 GMT 2024","","MAIN-BRANCH","MAIN-BRANCH",""
"","17000","nondet_unify.run","","Mon Nov 11 00:35:13 GMT 2024","passed","Mon Nov 11 00:35:30 GMT 2024","","WHOLE-TESTS","WHOLE-TESTS",""
"","2","STRING-TESTS.15","","Mon Nov 11 00:36:54 GMT 2024","passed","Mon Nov 11 00:36:54 GMT 2024","","HYPERON-METTALOG-SANITY","HYPERON-METTALOG-SANITY",""
"","3","ADD-REMOVE-MATCH-SS-STRINGS.15","","Mon Nov 11 00:52:21 GMT 2024","passed","Mon Nov 11 00:52:21 GMT 2024","","SPACES","SPACES",""
"","661","TESTS0.07","","Mon Nov 11 01:43:08 GMT 2024","passed","Mon Nov 11 01:43:08 GMT 2024","","PREV","PREV",""
"","159","INF-ORDER-PROBS.01","","Mon Nov 11 01:03:12 GMT 2024","passed","Mon Nov 11 01:03:12 GMT 2024","","PROB-DEP-TYPES","PROB-DEP-TYPES",""
"","5000","metta-morph_tests.tests0","","Mon Nov 11 00:35:13 GMT 2024","passed","Mon Nov 11 00:35:18 GMT 2024","","WHOLE-TESTS","WHOLE-TESTS",""
"","2","AI-SERVICE-COMPOSITION-SANITY.05","","Mon Nov 11 01:08:34 GMT 2024","passed","Mon Nov 11 01:08:34 GMT 2024","","AI-SERVICE","AI-SERVICE",""
"","5000","multidirectional.append_using_equality","","Mon Nov 11 00:35:13 GMT 2024","passed","Mon Nov 11 00:35:18 GMT 2024","","WHOLE-TESTS","WHOLE-TESTS",""
"","2","TEST-IF-CLOSED.08","","Mon Nov 11 00:42:55 GMT 2024","passed","Mon Nov 11 00:42:55 GMT 2024","","ANTI-REGRESSION","ANTI-REGRESSION",""
"","4000","SICP_book.chapter_1_1","","Mon Nov 11 00:35:13 GMT 2024","passed","Mon Nov 11 00:35:17 GMT 2024","","WHOLE-TESTS","WHOLE-TESTS",""
"","2","STRING-TESTS.14","","Mon Nov 11 00:36:54 GMT 2024","passed","Mon Nov 11 00:36:54 GMT 2024","","HYPERON-METTALOG-SANITY","HYPERON-METTALOG-SANITY",""
"","38","IFC-XP.36","","Mon Nov 11 01:21:29 GMT 2024","failed","Mon Nov 11 01:21:29 GMT 2024","","ITERATIVE-CHAINING","ITERATIVE-CHAINING",""
"","2","DEDUCTIONFORMULATEST.08","","Mon Nov 11 01:15:51 GMT 2024","passed","Mon Nov 11 01:15:51 GMT 2024","","FORMULA","FORMULA",""
"","43000","language_models.training_terms","","Mon Nov 11 00:35:13 GMT 2024","failed","Mon Nov 11 00:35:56 GMT 2024","","WHOLE-TESTS","WHOLE-TESTS",""
"","98","STDLIB-METTALOG-TEST-PT2.02","","Mon Nov 11 00:54:28 GMT 2024","failed","Mon Nov 11 00:54:28 GMT 2024","","STDLIB-METTALOG","STDLIB-METTALOG",""
"","5000","equal.DeductionEqualTest","","Mon Nov 11 00:35:13 GMT 2024","passed","Mon Nov 11 00:35:18 GMT 2024","","WHOLE-TESTS","WHOLE-TESTS",""
"","315","PROB-DEP-TYPES.07","","Mon Nov 11 01:03:12 GMT 2024","failed","Mon Nov 11 01:03:12 GMT 2024","","PROB-DEP-TYPES","PROB-DEP-TYPES",""
"","1","STATE-TYPES.15","","Mon Nov 11 01:57:07 GMT 2024","passed","Mon Nov 11 01:57:07 GMT 2024","","BASIC","BASIC",""
"","3","STRING-TESTS.08","","Mon Nov 11 00:36:54 GMT 2024","passed","Mon Nov 11 00:36:54 GMT 2024","","HYPERON-METTALOG-SANITY","HYPERON-METTALOG-SANITY",""
"","40000","bio-atomspace.pln-xp-mettalog","","Mon Nov 11 00:35:13 GMT 2024","failed","Mon Nov 11 00:35:53 GMT 2024","","WHOLE-TESTS","WHOLE-TESTS",""
"","157","SYNTHESIZE-VIA-UNIFY-TEST.02","","Mon Nov 11 01:26:05 GMT 2024","failed","Mon Nov 11 01:26:05 GMT 2024","","EXPERIMENTS","EXPERIMENTS",""
"","7","DEBUG-METTALOGTESTCURRIED.05","","Mon Nov 11 01:48:29 GMT 2024","passed","Mon Nov 11 01:48:29 GMT 2024","","WALK-THRU","WALK-THRU",""
"","3","B5-TYPES-PRELIM.23","","Mon Nov 11 00:35:17 GMT 2024","passed","Mon Nov 11 00:35:17 GMT 2024","","HYPERON-EXPERIMENTAL-SCRIPTS","HYPERON-EXPERIMENTAL-SCRIPTS",""
"","3","PC-XP.09","","Mon Nov 11 01:24:11 GMT 2024","passed","Mon Nov 11 01:24:11 GMT 2024","","POLYWARD-CHAINING","POLYWARD-CHAINING",""
"","2","IFC-XP.12","","Mon Nov 11 01:21:29 GMT 2024","passed","Mon Nov 11 01:21:29 GMT 2024","","ITERATIVE-CHAINING","ITERATIVE-CHAINING",""
"","4000","metta-morph_tests.match_void","","Mon Nov 11 00:35:13 GMT 2024","passed","Mon Nov 11 00:35:17 GMT 2024","","WHOLE-TESTS","WHOLE-TESTS",""
"","551","TMPMATCH2.05","","Mon Nov 11 00:42:55 GMT 2024","passed","Mon Nov 11 00:42:55 GMT 2024","","ANTI-REGRESSION","ANTI-REGRESSION",""
"","2","BC-COMP.01","","Mon Nov 11 01:48:29 GMT 2024","passed","Mon Nov 11 01:48:29 GMT 2024","","WALK-THRU","WALK-THRU",""
"","2","ADD-REMOVE-MATCH-INTEGER.12","","Mon Nov 11 00:52:21 GMT 2024","passed","Mon Nov 11 00:52:21 GMT 2024","","SPACES","SPACES",""
"","2","D4-TYPE-PROP.06","","Mon Nov 11 01:11:24 GMT 2024","passed","Mon Nov 11 01:11:24 GMT 2024","","CHECK-TYPES","CHECK-TYPES",""
"","3","DEBUG-METTALOGTESTCURRIED.01","","Mon Nov 11 01:48:29 GMT 2024","passed","Mon Nov 11 01:48:29 GMT 2024","","WALK-THRU","WALK-THRU",""
"","91","05-MATCH-SUPERPOSE-ELEMENT-LIKE-SPACE.03","","Mon Nov 11 01:51:41 GMT 2024","failed","Mon Nov 11 01:51:41 GMT 2024","","CONTAINERS-ARE-SPACES","CONTAINERS-ARE-SPACES",""
"","2","IFC-XP.29","","Mon Nov 11 01:21:29 GMT 2024","passed","Mon Nov 11 01:21:29 GMT 2024","","ITERATIVE-CHAINING","ITERATIVE-CHAINING",""
"","2","D4-TYPE-PROP.09","","Mon Nov 11 01:11:24 GMT 2024","passed","Mon Nov 11 01:11:24 GMT 2024","","CHECK-TYPES","CHECK-TYPES",""
"","2","ADD-ATOM-NAIVE-FIB.08","","Mon Nov 11 02:03:27 GMT 2024","passed","Mon Nov 11 02:03:27 GMT 2024","","COMPARISONS","COMPARISONS",""
"","4000","hyperon-mettalog_sanity.string-tests","","Mon Nov 11 00:35:13 GMT 2024","passed","Mon Nov 11 00:35:17 GMT 2024","","WHOLE-TESTS","WHOLE-TESTS",""
"","18","UNIFYTEST.02","","Mon Nov 11 01:26:00 GMT 2024","failed","Mon Nov 11 01:26:00 GMT 2024","","SYNTHESIS","SYNTHESIS",""
"","49","FORWARD-CHAINER-XP.01","","Mon Nov 11 01:17:59 GMT 2024","failed","Mon Nov 11 01:17:59 GMT 2024","","FORWARD-CHAINER","FORWARD-CHAINER",""
"","2","BC-XP.15","","Mon Nov 11 01:15:17 GMT 2024","passed","Mon Nov 11 01:15:17 GMT 2024","","BACKWARD-CHAINING","BACKWARD-CHAINING",""
"","2","FORWARD-CHAINER-XP.06","","Mon Nov 11 01:17:59 GMT 2024","passed","Mon Nov 11 01:17:59 GMT 2024","","FORWARD-CHAINER","FORWARD-CHAINER",""
"","3","BC-COMP.02","","Mon Nov 11 01:48:29 GMT 2024","passed","Mon Nov 11 01:48:29 GMT 2024","","WALK-THRU","WALK-THRU",""
"","2","ADD-REMOVE-MATCH-INTEGER.22","","Mon Nov 11 00:52:21 GMT 2024","passed","Mon Nov 11 00:52:21 GMT 2024","","SPACES","SPACES",""
"","2","BC-XP.02","","Mon Nov 11 01:15:17 GMT 2024","passed","Mon Nov 11 01:15:17 GMT 2024","","BACKWARD-CHAINING","BACKWARD-CHAINING",""
"","40000","python_from_metta.requests","","Mon Nov 11 00:35:13 GMT 2024","failed","Mon Nov 11 00:35:53 GMT 2024","","WHOLE-TESTS","WHOLE-TESTS",""
"","2","D2-HIGHERFUNC.03","","Mon Nov 11 01:11:24 GMT 2024","passed","Mon Nov 11 01:11:24 GMT 2024","","CHECK-TYPES","CHECK-TYPES",""
"","3","TESTS1.03","","Mon Nov 11 00:45:32 GMT 2024","passed","Mon Nov 11 00:45:32 GMT 2024","","MAIN-BRANCH","MAIN-BRANCH",""
"","4","SORING-VIA-INSERT.01","","Mon Nov 11 01:11:03 GMT 2024","passed","Mon Nov 11 01:11:03 GMT 2024","","CHECK-TYPES-TEMP","CHECK-TYPES-TEMP",""
"","2","TYPE-PROP.24","","Mon Nov 11 01:11:03 GMT 2024","passed","Mon Nov 11 01:11:03 GMT 2024","","CHECK-TYPES-TEMP","CHECK-TYPES-TEMP",""
"","13","TEST-INFER-FUNCTION-APPLICATION-TYPE.03","","Mon Nov 11 01:57:07 GMT 2024","failed","Mon Nov 11 01:57:07 GMT 2024","","BASIC","BASIC",""
"","2","OR-TEST.09","","Mon Nov 11 00:36:54 GMT 2024","passed","Mon Nov 11 00:36:54 GMT 2024","","HYPERON-METTALOG-SANITY","HYPERON-METTALOG-SANITY",""
"","6000","chaining.v2-pln-xp-sys-impl","","Mon Nov 11 00:35:13 GMT 2024","passed","Mon Nov 11 00:35:19 GMT 2024","","WHOLE-TESTS","WHOLE-TESTS",""
"","2","D4-TYPE-PROP.02","","Mon Nov 11 01:11:24 GMT 2024","passed","Mon Nov 11 01:11:24 GMT 2024","","CHECK-TYPES","CHECK-TYPES",""
"","1","IMPL-METTALOGTESTCURRIED.02","","Mon Nov 11 01:48:29 GMT 2024","passed","Mon Nov 11 01:48:29 GMT 2024","","WALK-THRU","WALK-THRU",""
"","2","TYPES-PRELIM.16","","Mon Nov 11 00:50:03 GMT 2024","passed","Mon Nov 11 00:50:03 GMT 2024","","CHAINING","CHAINING",""
"","3","LTE.02","","Mon Nov 11 00:53:03 GMT 2024","passed","Mon Nov 11 00:53:03 GMT 2024","","STD","STD",""
"","2","INTERSECTION-TESTS.22","","Mon Nov 11 00:36:54 GMT 2024","passed","Mon Nov 11 00:36:54 GMT 2024","","HYPERON-METTALOG-SANITY","HYPERON-METTALOG-SANITY",""
"","12","TEST-INFER-FUNCTION-APPLICATION-TYPE.11","","Mon Nov 11 01:57:07 GMT 2024","failed","Mon Nov 11 01:57:07 GMT 2024","","BASIC","BASIC",""
"","1","D1-GADT.08","","Mon Nov 11 01:11:24 GMT 2024","passed","Mon Nov 11 01:11:24 GMT 2024","","CHECK-TYPES","CHECK-TYPES",""
"","2","IFC-XP.33","","Mon Nov 11 01:21:29 GMT 2024","passed","Mon Nov 11 01:21:29 GMT 2024","","ITERATIVE-CHAINING","ITERATIVE-CHAINING",""
"","2","TYPE-PROP.07","","Mon Nov 11 00:50:03 GMT 2024","passed","Mon Nov 11 00:50:03 GMT 2024","","CHAINING","CHAINING",""
"","2","ADD-REMOVE-MATCH-S-STRINGS.09","","Mon Nov 11 00:52:21 GMT 2024","passed","Mon Nov 11 00:52:21 GMT 2024","","SPACES","SPACES",""
"","59","CHAPTER-2-4.07","","Mon Nov 11 00:54:37 GMT 2024","failed","Mon Nov 11 00:54:37 GMT 2024","","SICP-BOOK","SICP-BOOK",""
"","3","E2-STATES.11","","Mon Nov 11 00:35:17 GMT 2024","passed","Mon Nov 11 00:35:17 GMT 2024","","HYPERON-EXPERIMENTAL-SCRIPTS","HYPERON-EXPERIMENTAL-SCRIPTS",""
"","5000","hyperon-experimental_scripts.b5_types_prelim","","Mon Nov 11 00:35:13 GMT 2024","passed","Mon Nov 11 00:35:18 GMT 2024","","WHOLE-TESTS","WHOLE-TESTS",""
"","7000","chaining.v2-pln-xp","","Mon Nov 11 00:35:13 GMT 2024","passed","Mon Nov 11 00:35:20 GMT 2024","","WHOLE-TESTS","WHOLE-TESTS",""
"","3","B2-BACKCHAIN.01","","Mon Nov 11 00:35:17 GMT 2024","passed","Mon Nov 11 00:35:17 GMT 2024","","HYPERON-EXPERIMENTAL-SCRIPTS","HYPERON-EXPERIMENTAL-SCRIPTS",""
"","3","BCHAIN-COMP.04","","Mon Nov 11 00:42:55 GMT 2024","passed","Mon Nov 11 00:42:55 GMT 2024","","ANTI-REGRESSION","ANTI-REGRESSION",""
"","4000","spaces.add-remove-match-s-symbols","","Mon Nov 11 00:35:13 GMT 2024","passed","Mon Nov 11 00:35:17 GMT 2024","","WHOLE-TESTS","WHOLE-TESTS",""
"","41000","loop-checks.06_loop_2","","Mon Nov 11 00:35:13 GMT 2024","failed","Mon Nov 11 00:35:54 GMT 2024","","WHOLE-TESTS","WHOLE-TESTS",""
"","3","DEDUCTIONDTLTEST.03","","Mon Nov 11 01:14:04 GMT 2024","passed","Mon Nov 11 01:14:04 GMT 2024","","DEPENDENT-TYPES","DEPENDENT-TYPES",""
"","2","HIGHER-ORDER-FUNCS.03","","Mon Nov 11 00:53:03 GMT 2024","passed","Mon Nov 11 00:53:03 GMT 2024","","STD","STD",""
"","2","C1-GROUNDED-BASIC.10","","Mon Nov 11 00:45:05 GMT 2024","passed","Mon Nov 11 00:45:05 GMT 2024","","QUICK","QUICK",""
"","5000","experiments.unify-via-let","","Mon Nov 11 00:35:13 GMT 2024","passed","Mon Nov 11 00:35:18 GMT 2024","","WHOLE-TESTS","WHOLE-TESTS",""
"","63","SEQUENTIAL-NESTED.11","","Mon Nov 11 00:40:49 GMT 2024","passed","Mon Nov 11 00:40:49 GMT 2024","","METTA-MORPH-TESTS","METTA-MORPH-TESTS",""
"","3","F1-IMPORTS.17","","Mon Nov 11 00:45:05 GMT 2024","passed","Mon Nov 11 00:45:05 GMT 2024","","QUICK","QUICK",""
"","2","INF-CTL-MONTH-BC-CONT-XP.26","","Mon Nov 11 01:19:26 GMT 2024","passed","Mon Nov 11 01:19:26 GMT 2024","","INFERENCE-CONTROL","INFERENCE-CONTROL",""
"","2","XOR-TEST.02","","Mon Nov 11 00:36:54 GMT 2024","passed","Mon Nov 11 00:36:54 GMT 2024","","HYPERON-METTALOG-SANITY","HYPERON-METTALOG-SANITY",""
"","18","INF-CTL-XP.11","","Mon Nov 11 01:19:26 GMT 2024","failed","Mon Nov 11 01:19:26 GMT 2024","","INFERENCE-CONTROL","INFERENCE-CONTROL",""
"","1","C1-GROUNDED-BASIC.21","","Mon Nov 11 00:35:17 GMT 2024","passed","Mon Nov 11 00:35:17 GMT 2024","","HYPERON-EXPERIMENTAL-SCRIPTS","HYPERON-EXPERIMENTAL-SCRIPTS",""
"","5000","debugging.hyperon_experimental_issue_514","","Mon Nov 11 00:35:13 GMT 2024","passed","Mon Nov 11 00:35:18 GMT 2024","","WHOLE-TESTS","WHOLE-TESTS",""
"","2","TYPES-PRELIM.17","","Mon Nov 11 00:50:03 GMT 2024","passed","Mon Nov 11 00:50:03 GMT 2024","","CHAINING","CHAINING",""
"","4","SPACE-SUBTRACTION-TESTS.05","","Mon Nov 11 00:36:54 GMT 2024","passed","Mon Nov 11 00:36:54 GMT 2024","","HYPERON-METTALOG-SANITY","HYPERON-METTALOG-SANITY",""
"","2","D4-TYPE-PROP.09","","Mon Nov 11 00:45:05 GMT 2024","passed","Mon Nov 11 00:45:05 GMT 2024","","QUICK","QUICK",""
"","3","UNIFY-VIA-LET.06","","Mon Nov 11 01:26:05 GMT 2024","passed","Mon Nov 11 01:26:05 GMT 2024","","EXPERIMENTS","EXPERIMENTS",""
"","2","B5-TYPES-PRELIM.17","","Mon Nov 11 00:35:17 GMT 2024","passed","Mon Nov 11 00:35:17 GMT 2024","","HYPERON-EXPERIMENTAL-SCRIPTS","HYPERON-EXPERIMENTAL-SCRIPTS",""
"","14","D2-HIGHERFUNC.22","","Mon Nov 11 00:35:17 GMT 2024","passed","Mon Nov 11 00:35:17 GMT 2024","","HYPERON-EXPERIMENTAL-SCRIPTS","HYPERON-EXPERIMENTAL-SCRIPTS",""
"","17","IFC-XP.17","","Mon Nov 11 01:21:29 GMT 2024","failed","Mon Nov 11 01:21:29 GMT 2024","","ITERATIVE-CHAINING","ITERATIVE-CHAINING",""
"","2","STATE-TYPES.07","","Mon Nov 11 01:57:07 GMT 2024","passed","Mon Nov 11 01:57:07 GMT 2024","","BASIC","BASIC",""
"","131","SYNTHESIZE-VIA-UNIFY-TEST.11","","Mon Nov 11 01:26:05 GMT 2024","failed","Mon Nov 11 01:26:05 GMT 2024","","EXPERIMENTS","EXPERIMENTS",""
"","3","INF-CTL-MONTH-BC-CONT-XP.01","","Mon Nov 11 01:19:26 GMT 2024","passed","Mon Nov 11 01:19:26 GMT 2024","","INFERENCE-CONTROL","INFERENCE-CONTROL",""
"","5000","metta_to_amr.amr-connect","","Mon Nov 11 00:35:13 GMT 2024","passed","Mon Nov 11 00:35:18 GMT 2024","","WHOLE-TESTS","WHOLE-TESTS",""
"","70","INF-CTL-MONTH-XP-SHORT-5.02","","Mon Nov 11 02:03:27 GMT 2024","failed","Mon Nov 11 02:03:27 GMT 2024","","COMPARISONS","COMPARISONS",""
"","1","D2-HIGHERFUNC.04","","Mon Nov 11 00:35:17 GMT 2024","passed","Mon Nov 11 00:35:17 GMT 2024","","HYPERON-EXPERIMENTAL-SCRIPTS","HYPERON-EXPERIMENTAL-SCRIPTS",""
"","134","CREATION.01","","Mon Nov 11 01:08:23 GMT 2024","failed","Mon Nov 11 01:08:23 GMT 2024","","TRAVERSER","TRAVERSER",""
"","2","D4-TYPE-PROP.12","","Mon Nov 11 00:45:05 GMT 2024","passed","Mon Nov 11 00:45:05 GMT 2024","","QUICK","QUICK",""
"","3","MAYBETEST.02","","Mon Nov 11 01:15:27 GMT 2024","passed","Mon Nov 11 01:15:27 GMT 2024","","COMMON","COMMON",""
"","2","TRUTHVALUETEST.04","","Mon Nov 11 01:15:55 GMT 2024","passed","Mon Nov 11 01:15:55 GMT 2024","","TRUTHVALUE","TRUTHVALUE",""
"","1","V2-PLN-XP-SYS-IMPL.02","","Mon Nov 11 00:50:03 GMT 2024","passed","Mon Nov 11 00:50:03 GMT 2024","","CHAINING","CHAINING",""
"","177","DEDUCTIONMATCHTEST.01","","Mon Nov 11 01:21:47 GMT 2024","failed","Mon Nov 11 01:21:47 GMT 2024","","MATCH","MATCH",""
"","1","CML-UNSHARED.02","","Mon Nov 11 01:57:07 GMT 2024","passed","Mon Nov 11 01:57:07 GMT 2024","","BASIC","BASIC",""
"","3","CHAINING-PRELIM.01","","Mon Nov 11 00:50:03 GMT 2024","passed","Mon Nov 11 00:50:03 GMT 2024","","CHAINING","CHAINING",""
"","4000","main-branch.prereqs","","Mon Nov 11 00:35:13 GMT 2024","passed","Mon Nov 11 00:35:17 GMT 2024","","WHOLE-TESTS","WHOLE-TESTS",""
"","5000","walk_thru.bchain_comp","","Mon Nov 11 00:35:13 GMT 2024","passed","Mon Nov 11 00:35:18 GMT 2024","","WHOLE-TESTS","WHOLE-TESTS",""
"","2","CURRIED-CHAINER.02","","Mon Nov 11 01:16:05 GMT 2024","passed","Mon Nov 11 01:16:05 GMT 2024","","CURRIED-CHAINING","CURRIED-CHAINING",""
"","135","TESTS0.07","","Mon Nov 11 00:45:32 GMT 2024","passed","Mon Nov 11 00:45:32 GMT 2024","","MAIN-BRANCH","MAIN-BRANCH",""
"","2","TYPE-PROP.09","","Mon Nov 11 01:11:03 GMT 2024","passed","Mon Nov 11 01:11:03 GMT 2024","","CHECK-TYPES-TEMP","CHECK-TYPES-TEMP",""
"","2","B5-TYPES-PRELIM.10","","Mon Nov 11 01:11:03 GMT 2024","passed","Mon Nov 11 01:11:03 GMT 2024","","CHECK-TYPES-TEMP","CHECK-TYPES-TEMP",""
"","2","SUPERCOLLAPSE.08","","Mon Nov 11 00:40:49 GMT 2024","passed","Mon Nov 11 00:40:49 GMT 2024","","METTA-MORPH-TESTS","METTA-MORPH-TESTS",""
"","37","DEDUCTIONIMPLICATIONDIRECTINTRODUCTIONMATCHTEST.01","","Mon Nov 11 01:21:47 GMT 2024","passed","Mon Nov 11 01:21:47 GMT 2024","","MATCH","MATCH",""
"","2","IFC-XP.09","","Mon Nov 11 01:21:29 GMT 2024","passed","Mon Nov 11 01:21:29 GMT 2024","","ITERATIVE-CHAINING","ITERATIVE-CHAINING",""
"","1","D4-TYPE-PROP.07","","Mon Nov 11 01:11:24 GMT 2024","passed","Mon Nov 11 01:11:24 GMT 2024","","CHECK-TYPES","CHECK-TYPES",""
"","1","D1-GADT.08","","Mon Nov 11 00:35:17 GMT 2024","passed","Mon Nov 11 00:35:17 GMT 2024","","HYPERON-EXPERIMENTAL-SCRIPTS","HYPERON-EXPERIMENTAL-SCRIPTS",""
"","2","A1-SYMBOLS.03","","Mon Nov 11 00:35:17 GMT 2024","passed","Mon Nov 11 00:35:17 GMT 2024","","HYPERON-EXPERIMENTAL-SCRIPTS","HYPERON-EXPERIMENTAL-SCRIPTS",""
"","2","NATPARITYTEST.15","","Mon Nov 11 01:18:15 GMT 2024","passed","Mon Nov 11 01:18:15 GMT 2024","","HOL","HOL",""
"","2","PROB-DEP-TYPES.04","","Mon Nov 11 01:03:12 GMT 2024","passed","Mon Nov 11 01:03:12 GMT 2024","","PROB-DEP-TYPES","PROB-DEP-TYPES",""
"","2","TESTS0.03","","Mon Nov 11 01:35:19 GMT 2024","passed","Mon Nov 11 01:35:19 GMT 2024","","NARS-V0","NARS-V0",""
"","82","STATE-TYPES.04","","Mon Nov 11 01:57:07 GMT 2024","failed","Mon Nov 11 01:57:07 GMT 2024","","BASIC","BASIC",""
"","6000","dependent-types.ModusPonensDTLTest","","Mon Nov 11 00:35:13 GMT 2024","passed","Mon Nov 11 00:35:19 GMT 2024","","WHOLE-TESTS","WHOLE-TESTS",""
"","226","BACKWARD-CHAIN.01","","Mon Nov 11 00:50:03 GMT 2024","failed","Mon Nov 11 00:50:03 GMT 2024","","CHAINING","CHAINING",""
"","276","SYNTHESIZE-VIA-CASE-TEST.09","","Mon Nov 11 01:26:05 GMT 2024","failed","Mon Nov 11 01:26:05 GMT 2024","","EXPERIMENTS","EXPERIMENTS",""
"","265","SELF-CONTAINED-SYNTHESIZE.04","","Mon Nov 11 01:26:05 GMT 2024","failed","Mon Nov 11 01:26:05 GMT 2024","","EXPERIMENTS","EXPERIMENTS",""
"","3","SUBTRACTION-TEST.08","","Mon Nov 11 00:36:54 GMT 2024","passed","Mon Nov 11 00:36:54 GMT 2024","","HYPERON-METTALOG-SANITY","HYPERON-METTALOG-SANITY",""
"","4000","check_types.e2_states","","Mon Nov 11 00:35:13 GMT 2024","passed","Mon Nov 11 00:35:17 GMT 2024","","WHOLE-TESTS","WHOLE-TESTS",""
"","2","TYPE-PROP.31","","Mon Nov 11 01:11:03 GMT 2024","passed","Mon Nov 11 01:11:03 GMT 2024","","CHECK-TYPES-TEMP","CHECK-TYPES-TEMP",""
"","3","D2-HIGHERFUNC.24","","Mon Nov 11 01:11:24 GMT 2024","passed","Mon Nov 11 01:11:24 GMT 2024","","CHECK-TYPES","CHECK-TYPES",""
"","2","STATE-TYPES.12","","Mon Nov 11 01:57:07 GMT 2024","passed","Mon Nov 11 01:57:07 GMT 2024","","BASIC","BASIC",""
"","5","REWRITES.02","","Mon Nov 11 01:06:53 GMT 2024","passed","Mon Nov 11 01:06:53 GMT 2024","","STACK-BASED","STACK-BASED",""
"","2","E2-STATES.03","","Mon Nov 11 00:35:17 GMT 2024","passed","Mon Nov 11 00:35:17 GMT 2024","","HYPERON-EXPERIMENTAL-SCRIPTS","HYPERON-EXPERIMENTAL-SCRIPTS",""
"","2","TYPE-PROP.78","","Mon Nov 11 01:11:03 GMT 2024","passed","Mon Nov 11 01:11:03 GMT 2024","","CHECK-TYPES-TEMP","CHECK-TYPES-TEMP",""
"","3","TESTS5.01","","Mon Nov 11 01:30:15 GMT 2024","passed","Mon Nov 11 01:30:15 GMT 2024","","CURRENT","CURRENT",""
"","2","B3-DIRECT.03","","Mon Nov 11 00:35:17 GMT 2024","passed","Mon Nov 11 00:35:17 GMT 2024","","HYPERON-EXPERIMENTAL-SCRIPTS","HYPERON-EXPERIMENTAL-SCRIPTS",""
"","25","NATTEST.04","","Mon Nov 11 01:18:15 GMT 2024","failed","Mon Nov 11 01:18:15 GMT 2024","","HOL","HOL",""
"","2","IBC-XP.06","","Mon Nov 11 01:21:29 GMT 2024","passed","Mon Nov 11 01:21:29 GMT 2024","","ITERATIVE-CHAINING","ITERATIVE-CHAINING",""
"","194","IFC-XP.25","","Mon Nov 11 01:21:29 GMT 2024","failed","Mon Nov 11 01:21:29 GMT 2024","","ITERATIVE-CHAINING","ITERATIVE-CHAINING",""
"","257","IMPLICATIONDIRECTINTRODUCTIONDTLTEST.14","","Mon Nov 11 01:14:04 GMT 2024","passed","Mon Nov 11 01:14:04 GMT 2024","","DEPENDENT-TYPES","DEPENDENT-TYPES",""
"","2","ADD-REMOVE-MATCH-SS-STRINGS.05","","Mon Nov 11 00:52:21 GMT 2024","passed","Mon Nov 11 00:52:21 GMT 2024","","SPACES","SPACES",""
"","3","F1-IMPORTS.12","","Mon Nov 11 00:35:08 GMT 2024","passed","Mon Nov 11 00:35:08 GMT 2024","","MODULE-SYSTEM","MODULE-SYSTEM",""
"","3","IFC-XP.15","","Mon Nov 11 01:21:29 GMT 2024","passed","Mon Nov 11 01:21:29 GMT 2024","","ITERATIVE-CHAINING","ITERATIVE-CHAINING",""
"","2","BACKWARD-CHAINER-XP.07","","Mon Nov 11 01:15:12 GMT 2024","passed","Mon Nov 11 01:15:12 GMT 2024","","BACKWARD-CHAINER","BACKWARD-CHAINER",""
"","5000","metta-morph_tests.minnars","","Mon Nov 11 00:35:13 GMT 2024","passed","Mon Nov 11 00:35:18 GMT 2024","","WHOLE-TESTS","WHOLE-TESTS",""
"","40000","debugging.hyperon_experimental_issue_530","","Mon Nov 11 00:35:13 GMT 2024","failed","Mon Nov 11 00:35:53 GMT 2024","","WHOLE-TESTS","WHOLE-TESTS",""
"","4000","traverser.creation","","Mon Nov 11 00:35:13 GMT 2024","passed","Mon Nov 11 00:35:17 GMT 2024","","WHOLE-TESTS","WHOLE-TESTS",""
"","244","CREATION.03","","Mon Nov 11 01:08:23 GMT 2024","failed","Mon Nov 11 01:08:23 GMT 2024","","TRAVERSER","TRAVERSER",""
"","58","B5-TYPES-PRELIM.24","","Mon Nov 11 01:11:03 GMT 2024","failed","Mon Nov 11 01:11:03 GMT 2024","","CHECK-TYPES-TEMP","CHECK-TYPES-TEMP",""
"","2","HYPERPOSING.06","","Mon Nov 11 01:57:07 GMT 2024","passed","Mon Nov 11 01:57:07 GMT 2024","","BASIC","BASIC",""
"","49","DEFINE-IF-LIKE.01","","Mon Nov 11 01:47:02 GMT 2024","failed","Mon Nov 11 01:47:02 GMT 2024","","DIRECT-COMP","DIRECT-COMP",""
"","4000","synth_buffer.time_synthesize_short","","Mon Nov 11 00:35:13 GMT 2024","passed","Mon Nov 11 00:35:17 GMT 2024","","WHOLE-TESTS","WHOLE-TESTS",""
"","5000","spaces.add-remove-match-symbols","","Mon Nov 11 00:35:13 GMT 2024","passed","Mon Nov 11 00:35:18 GMT 2024","","WHOLE-TESTS","WHOLE-TESTS",""
"","2","ADD-REMOVE-MATCH-S-STRINGS.12","","Mon Nov 11 00:52:21 GMT 2024","passed","Mon Nov 11 00:52:21 GMT 2024","","SPACES","SPACES",""
"","3","B5-TYPES-PRELIM.01","","Mon Nov 11 00:35:17 GMT 2024","passed","Mon Nov 11 00:35:17 GMT 2024","","HYPERON-EXPERIMENTAL-SCRIPTS","HYPERON-EXPERIMENTAL-SCRIPTS",""
"","6000","bidirectional_computation.fish-riddle","","Mon Nov 11 00:35:13 GMT 2024","passed","Mon Nov 11 00:35:19 GMT 2024","","WHOLE-TESTS","WHOLE-TESTS",""
"","2","LISTTEST.11","","Mon Nov 11 01:15:27 GMT 2024","passed","Mon Nov 11 01:15:27 GMT 2024","","COMMON","COMMON",""
"","4","CHAPTER-2-2.10","","Mon Nov 11 00:54:37 GMT 2024","passed","Mon Nov 11 00:54:37 GMT 2024","","SICP-BOOK","SICP-BOOK",""
"","6000","chaining.pln-xp-local_v2","","Mon Nov 11 00:35:13 GMT 2024","passed","Mon Nov 11 00:35:19 GMT 2024","","WHOLE-TESTS","WHOLE-TESTS",""
"","3","D4-TYPE-PROP.06","","Mon Nov 11 00:35:17 GMT 2024","passed","Mon Nov 11 00:35:17 GMT 2024","","HYPERON-EXPERIMENTAL-SCRIPTS","HYPERON-EXPERIMENTAL-SCRIPTS",""
"","246","SYNTHESIZE-VIA-CASE-TEST.10","","Mon Nov 11 01:26:05 GMT 2024","failed","Mon Nov 11 01:26:05 GMT 2024","","EXPERIMENTS","EXPERIMENTS",""
"","2","SYNTHESIZE-VIA-TYPE-CHECKING.07","","Mon Nov 11 01:26:05 GMT 2024","passed","Mon Nov 11 01:26:05 GMT 2024","","EXPERIMENTS","EXPERIMENTS",""
"","184","EXAMPLES-QUANTS.01","","Mon Nov 11 01:56:02 GMT 2024","failed","Mon Nov 11 01:56:02 GMT 2024","","POLYMORPHIC-TYPES","POLYMORPHIC-TYPES",""
"","41000","SICP_book.chapter_1_2","","Mon Nov 11 00:35:13 GMT 2024","failed","Mon Nov 11 00:35:54 GMT 2024","","WHOLE-TESTS","WHOLE-TESTS",""
"","2","IMPLICATIONDIRECTINTRODUCTIONENTAILTEST.05","","Mon Nov 11 01:17:38 GMT 2024","passed","Mon Nov 11 01:17:38 GMT 2024","","ENTAIL","ENTAIL",""
"","2","BCHAIN.04","","Mon Nov 11 01:48:29 GMT 2024","passed","Mon Nov 11 01:48:29 GMT 2024","","WALK-THRU","WALK-THRU",""
"","74","REVERSE-ARITHMETIC.01","","Mon Nov 11 01:51:29 GMT 2024","failed","Mon Nov 11 01:51:29 GMT 2024","","BIDIRECTIONAL-COMPUTATION","BIDIRECTIONAL-COMPUTATION",""
"","103","DEDUCTIONDTLTEST.04","","Mon Nov 11 01:14:04 GMT 2024","passed","Mon Nov 11 01:14:04 GMT 2024","","DEPENDENT-TYPES","DEPENDENT-TYPES",""
"","3","B5-TYPES-PRELIM.18","","Mon Nov 11 01:11:03 GMT 2024","passed","Mon Nov 11 01:11:03 GMT 2024","","CHECK-TYPES-TEMP","CHECK-TYPES-TEMP",""
"","167","BASIC.03","","Mon Nov 11 01:08:23 GMT 2024","passed","Mon Nov 11 01:08:23 GMT 2024","","TRAVERSER","TRAVERSER",""
"","128","JOHN-CARRY-FLOWER-TEST.03","","Mon Nov 11 01:24:57 GMT 2024","passed","Mon Nov 11 01:24:57 GMT 2024","","JOHN-CARRY-FLOWER","JOHN-CARRY-FLOWER",""
"","3","UNIFY-VIA-LET.02","","Mon Nov 11 01:26:05 GMT 2024","passed","Mon Nov 11 01:26:05 GMT 2024","","EXPERIMENTS","EXPERIMENTS",""
"","2","SYNTHESIZE-VIA-TYPE-CHECKING.06","","Mon Nov 11 01:26:05 GMT 2024","passed","Mon Nov 11 01:26:05 GMT 2024","","EXPERIMENTS","EXPERIMENTS",""
"","2","STDLIB-METTALOG-TEST-PT2.54","","Mon Nov 11 00:54:28 GMT 2024","passed","Mon Nov 11 00:54:28 GMT 2024","","STDLIB-METTALOG","STDLIB-METTALOG",""
"","2","PLN-XP-LOCAL-V2.02","","Mon Nov 11 00:50:03 GMT 2024","passed","Mon Nov 11 00:50:03 GMT 2024","","CHAINING","CHAINING",""
"","2","ADD-REMOVE-MATCH-INTEGER.33","","Mon Nov 11 00:52:21 GMT 2024","passed","Mon Nov 11 00:52:21 GMT 2024","","SPACES","SPACES",""
"","6","SEALED-TEST.08","","Mon Nov 11 00:36:54 GMT 2024","passed","Mon Nov 11 00:36:54 GMT 2024","","HYPERON-METTALOG-SANITY","HYPERON-METTALOG-SANITY",""
"","2","INF-CTL-MONTH-BC-CONT-XP.16","","Mon Nov 11 01:19:26 GMT 2024","passed","Mon Nov 11 01:19:26 GMT 2024","","INFERENCE-CONTROL","INFERENCE-CONTROL",""
"","122","STDLIB-METTALOG-TEST-PT2.58","","Mon Nov 11 00:54:28 GMT 2024","failed","Mon Nov 11 00:54:28 GMT 2024","","STDLIB-METTALOG","STDLIB-METTALOG",""
"","2","OR-TEST.19","","Mon Nov 11 00:36:54 GMT 2024","passed","Mon Nov 11 00:36:54 GMT 2024","","HYPERON-METTALOG-SANITY","HYPERON-METTALOG-SANITY",""
"","2","TESTS1.01","","Mon Nov 11 00:45:32 GMT 2024","passed","Mon Nov 11 00:45:32 GMT 2024","","MAIN-BRANCH","MAIN-BRANCH",""
"","3","BASIC.09","","Mon Nov 11 01:08:23 GMT 2024","passed","Mon Nov 11 01:08:23 GMT 2024","","TRAVERSER","TRAVERSER",""
"","3","D4-TYPE-PROP.12","","Mon Nov 11 01:11:24 GMT 2024","passed","Mon Nov 11 01:11:24 GMT 2024","","CHECK-TYPES","CHECK-TYPES",""
"","3","IMPL-METTALOGTESTCURRIED.08","","Mon Nov 11 01:48:29 GMT 2024","passed","Mon Nov 11 01:48:29 GMT 2024","","WALK-THRU","WALK-THRU",""
"","2","IMPLICATIONDIRECTINTRODUCTIONENTAILTEST.02","","Mon Nov 11 01:17:38 GMT 2024","passed","Mon Nov 11 01:17:38 GMT 2024","","ENTAIL","ENTAIL",""
"","3","ORDEREDSETTEST.10","","Mon Nov 11 01:15:27 GMT 2024","passed","Mon Nov 11 01:15:27 GMT 2024","","COMMON","COMMON",""
"","2","BCHAIN-COMP.02","","Mon Nov 11 01:48:29 GMT 2024","passed","Mon Nov 11 01:48:29 GMT 2024","","WALK-THRU","WALK-THRU",""
"","284","SYNTHESIZE-VIA-CASE-TEST.05","","Mon Nov 11 01:26:05 GMT 2024","failed","Mon Nov 11 01:26:05 GMT 2024","","EXPERIMENTS","EXPERIMENTS",""
"","1","D2-HIGHERFUNC.11","","Mon Nov 11 01:11:24 GMT 2024","passed","Mon Nov 11 01:11:24 GMT 2024","","CHECK-TYPES","CHECK-TYPES",""
"","2","D2-HIGHERFUNC.15","","Mon Nov 11 00:35:17 GMT 2024","passed","Mon Nov 11 00:35:17 GMT 2024","","HYPERON-EXPERIMENTAL-SCRIPTS","HYPERON-EXPERIMENTAL-SCRIPTS",""
"","46000","nars_v0.tests2","","Mon Nov 11 00:35:13 GMT 2024","failed","Mon Nov 11 00:35:59 GMT 2024","","WHOLE-TESTS","WHOLE-TESTS",""
"","2","BC-XP.01","","Mon Nov 11 00:50:03 GMT 2024","passed","Mon Nov 11 00:50:03 GMT 2024","","CHAINING","CHAINING",""
"","2","TYPE-PROP.44","","Mon Nov 11 01:11:03 GMT 2024","passed","Mon Nov 11 01:11:03 GMT 2024","","CHECK-TYPES-TEMP","CHECK-TYPES-TEMP",""
"","43","FORWARD-CHAINER-XP.21","","Mon Nov 11 01:17:59 GMT 2024","failed","Mon Nov 11 01:17:59 GMT 2024","","FORWARD-CHAINER","FORWARD-CHAINER",""
"","5","ADD-REMOVE-MATCH-MIX-FLOAT-INTEGER.29","","Mon Nov 11 00:52:21 GMT 2024","passed","Mon Nov 11 00:52:21 GMT 2024","","SPACES","SPACES",""
"","281","SYNTHESIZE-VIA-LET-TEST.05","","Mon Nov 11 01:26:05 GMT 2024","failed","Mon Nov 11 01:26:05 GMT 2024","","EXPERIMENTS","EXPERIMENTS",""
"","4000","possibly_wrong.too_eager_math","","Mon Nov 11 00:35:13 GMT 2024","passed","Mon Nov 11 00:35:17 GMT 2024","","WHOLE-TESTS","WHOLE-TESTS",""
"","7","GENE-PLN-XP.01","","Mon Nov 11 01:10:51 GMT 2024","passed","Mon Nov 11 01:10:51 GMT 2024","","PLN","PLN",""
"","3","F1-IMPORTS.06","","Mon Nov 11 00:45:05 GMT 2024","passed","Mon Nov 11 00:45:05 GMT 2024","","QUICK","QUICK",""
"","2","TYPE-PROP.26","","Mon Nov 11 01:11:03 GMT 2024","passed","Mon Nov 11 01:11:03 GMT 2024","","CHECK-TYPES-TEMP","CHECK-TYPES-TEMP",""
"","2","TEST-IF-CLOSED.02","","Mon Nov 11 01:48:29 GMT 2024","passed","Mon Nov 11 01:48:29 GMT 2024","","WALK-THRU","WALK-THRU",""
"","4000","walk_thru.test_if_closed","","Mon Nov 11 00:35:13 GMT 2024","passed","Mon Nov 11 00:35:17 GMT 2024","","WHOLE-TESTS","WHOLE-TESTS",""
"","42","CHAPTER-2-2.08","","Mon Nov 11 00:54:37 GMT 2024","failed","Mon Nov 11 00:54:37 GMT 2024","","SICP-BOOK","SICP-BOOK",""
"","3","IMPL-METTALOGTESTCURRIED.01","","Mon Nov 11 01:48:29 GMT 2024","passed","Mon Nov 11 01:48:29 GMT 2024","","WALK-THRU","WALK-THRU",""
"","76","QUERIES.17","","Mon Nov 11 01:07:42 GMT 2024","failed","Mon Nov 11 01:07:42 GMT 2024","","STRIPS-TO-METTA-IMPROVED","STRIPS-TO-METTA-IMPROVED",""
"","3","NATPARITYTEST.01","","Mon Nov 11 01:18:15 GMT 2024","passed","Mon Nov 11 01:18:15 GMT 2024","","HOL","HOL",""
"","3","BCHAIN.06","","Mon Nov 11 00:42:55 GMT 2024","passed","Mon Nov 11 00:42:55 GMT 2024","","ANTI-REGRESSION","ANTI-REGRESSION",""
"","3","IBC-XP.11","","Mon Nov 11 01:21:29 GMT 2024","passed","Mon Nov 11 01:21:29 GMT 2024","","ITERATIVE-CHAINING","ITERATIVE-CHAINING",""
"","2","ADD-REMOVE-MATCH-SS-STRINGS.16","","Mon Nov 11 00:52:21 GMT 2024","passed","Mon Nov 11 00:52:21 GMT 2024","","SPACES","SPACES",""
"","2","F1-IMPORTS.16","","Mon Nov 11 00:35:08 GMT 2024","passed","Mon Nov 11 00:35:08 GMT 2024","","MODULE-SYSTEM","MODULE-SYSTEM",""
"","2","INTERSECTION-TESTS.09","","Mon Nov 11 00:36:54 GMT 2024","passed","Mon Nov 11 00:36:54 GMT 2024","","HYPERON-METTALOG-SANITY","HYPERON-METTALOG-SANITY",""
"","2","QUERIES.13","","Mon Nov 11 01:07:42 GMT 2024","passed","Mon Nov 11 01:07:42 GMT 2024","","STRIPS-TO-METTA-IMPROVED","STRIPS-TO-METTA-IMPROVED",""
"","3","BACKWARD-CHAINER-XP.24","","Mon Nov 11 01:15:12 GMT 2024","passed","Mon Nov 11 01:15:12 GMT 2024","","BACKWARD-CHAINER","BACKWARD-CHAINER",""
"","3","FORWARD-CHAINER-TEST.15","","Mon Nov 11 01:17:59 GMT 2024","passed","Mon Nov 11 01:17:59 GMT 2024","","FORWARD-CHAINER","FORWARD-CHAINER",""
"","2","TEST-IF-CLOSED.03","","Mon Nov 11 00:42:55 GMT 2024","passed","Mon Nov 11 00:42:55 GMT 2024","","ANTI-REGRESSION","ANTI-REGRESSION",""
"","6000","main-branch.minnars_Prev","","Mon Nov 11 00:35:13 GMT 2024","passed","Mon Nov 11 00:35:19 GMT 2024","","WHOLE-TESTS","WHOLE-TESTS",""
"","5000","forward-chaining.fc-xp","","Mon Nov 11 00:35:13 GMT 2024","passed","Mon Nov 11 00:35:18 GMT 2024","","WHOLE-TESTS","WHOLE-TESTS",""
"","5000","hyperon-experimental_scripts.a2_opencoggy","","Mon Nov 11 00:35:13 GMT 2024","passed","Mon Nov 11 00:35:18 GMT 2024","","WHOLE-TESTS","WHOLE-TESTS",""
"","2","BACKWARD-CHAINER-XP.12","","Mon Nov 11 01:15:12 GMT 2024","passed","Mon Nov 11 01:15:12 GMT 2024","","BACKWARD-CHAINER","BACKWARD-CHAINER",""
"","1","INF-CTL-MONTH-XP-SHORT-3.11","","Mon Nov 11 02:03:27 GMT 2024","passed","Mon Nov 11 02:03:27 GMT 2024","","COMPARISONS","COMPARISONS",""
"","3","STDLIB-METTALOG-TEST-PT2.51","","Mon Nov 11 00:54:28 GMT 2024","passed","Mon Nov 11 00:54:28 GMT 2024","","STDLIB-METTALOG","STDLIB-METTALOG",""
"","104","TYPE-PROP.76","","Mon Nov 11 01:11:03 GMT 2024","failed","Mon Nov 11 01:11:03 GMT 2024","","CHECK-TYPES-TEMP","CHECK-TYPES-TEMP",""
"","6000","current.tests0","","Mon Nov 11 00:35:13 GMT 2024","passed","Mon Nov 11 00:35:19 GMT 2024","","WHOLE-TESTS","WHOLE-TESTS",""
"","3","D4-TYPE-PROP.04","","Mon Nov 11 00:45:05 GMT 2024","passed","Mon Nov 11 00:45:05 GMT 2024","","QUICK","QUICK",""
"","14","CHAPTER-2-4.21","","Mon Nov 11 00:54:37 GMT 2024","failed","Mon Nov 11 00:54:37 GMT 2024","","SICP-BOOK","SICP-BOOK",""
"","2","LISTTEST.05","","Mon Nov 11 01:15:27 GMT 2024","passed","Mon Nov 11 01:15:27 GMT 2024","","COMMON","COMMON",""
"","2","B1-EQUAL-CHAIN.02","","Mon Nov 11 00:35:17 GMT 2024","passed","Mon Nov 11 00:35:17 GMT 2024","","HYPERON-EXPERIMENTAL-SCRIPTS","HYPERON-EXPERIMENTAL-SCRIPTS",""
"","102","ADD-REMOVE-MATCH-FLOAT.14","","Mon Nov 11 00:52:21 GMT 2024","passed","Mon Nov 11 00:52:21 GMT 2024","","SPACES","SPACES",""
"","7000","soap_opera_corpus.so_convert","","Mon Nov 11 00:35:13 GMT 2024","passed","Mon Nov 11 00:35:20 GMT 2024","","WHOLE-TESTS","WHOLE-TESTS",""
"","2","IBC-XP.18","","Mon Nov 11 01:21:29 GMT 2024","passed","Mon Nov 11 01:21:29 GMT 2024","","ITERATIVE-CHAINING","ITERATIVE-CHAINING",""
"","73","E2-STATES.07","","Mon Nov 11 00:35:17 GMT 2024","failed","Mon Nov 11 00:35:17 GMT 2024","","HYPERON-EXPERIMENTAL-SCRIPTS","HYPERON-EXPERIMENTAL-SCRIPTS",""
"","3","TESTS0.06","","Mon Nov 11 01:30:15 GMT 2024","passed","Mon Nov 11 01:30:15 GMT 2024","","CURRENT","CURRENT",""
"","42","TESTS1-PRE.06","","Mon Nov 11 00:45:32 GMT 2024","failed","Mon Nov 11 00:45:32 GMT 2024","","MAIN-BRANCH","MAIN-BRANCH",""
"","2","CHAPTER-1-1.14","","Mon Nov 11 00:54:37 GMT 2024","passed","Mon Nov 11 00:54:37 GMT 2024","","SICP-BOOK","SICP-BOOK",""
"","3","SYNTHESIZE-VIA-TYPE-CHECKING.05","","Mon Nov 11 01:26:05 GMT 2024","passed","Mon Nov 11 01:26:05 GMT 2024","","EXPERIMENTS","EXPERIMENTS",""
"","2","BCHAIN.05","","Mon Nov 11 00:42:55 GMT 2024","passed","Mon Nov 11 00:42:55 GMT 2024","","ANTI-REGRESSION","ANTI-REGRESSION",""
"","4000","anti-regression.mettalogTestCurried2","","Mon Nov 11 00:35:13 GMT 2024","passed","Mon Nov 11 00:35:17 GMT 2024","","WHOLE-TESTS","WHOLE-TESTS",""
"","2","ADD-REMOVE-MATCH-MIX-FLOAT-INTEGER.11","","Mon Nov 11 00:52:21 GMT 2024","passed","Mon Nov 11 00:52:21 GMT 2024","","SPACES","SPACES",""
"","1","C1-GROUNDED-BASIC.22","","Mon Nov 11 00:35:17 GMT 2024","passed","Mon Nov 11 00:35:17 GMT 2024","","HYPERON-EXPERIMENTAL-SCRIPTS","HYPERON-EXPERIMENTAL-SCRIPTS",""
"","3","SEALED-TEST.06","","Mon Nov 11 00:36:54 GMT 2024","passed","Mon Nov 11 00:36:54 GMT 2024","","HYPERON-METTALOG-SANITY","HYPERON-METTALOG-SANITY",""
"","2","STATES-SPACES.01","","Mon Nov 11 00:40:49 GMT 2024","passed","Mon Nov 11 00:40:49 GMT 2024","","METTA-MORPH-TESTS","METTA-MORPH-TESTS",""
"","3","NUMTEST.09","","Mon Nov 11 01:15:27 GMT 2024","passed","Mon Nov 11 01:15:27 GMT 2024","","COMMON","COMMON",""
"","2","LTE.04","","Mon Nov 11 00:53:03 GMT 2024","passed","Mon Nov 11 00:53:03 GMT 2024","","STD","STD",""
"","4","DEDUCTIONIMPLICATIONDIRECTINTRODUCTIONDTLTEST.02","","Mon Nov 11 01:14:04 GMT 2024","passed","Mon Nov 11 01:14:04 GMT 2024","","DEPENDENT-TYPES","DEPENDENT-TYPES",""
"","5000","hyperon-experimental_scripts.c1_grounded_basic","","Mon Nov 11 00:35:13 GMT 2024","passed","Mon Nov 11 00:35:18 GMT 2024","","WHOLE-TESTS","WHOLE-TESTS",""
"","4","FIRST-ANSWER.02","","Mon Nov 11 00:36:54 GMT 2024","passed","Mon Nov 11 00:36:54 GMT 2024","","HYPERON-METTALOG-SANITY","HYPERON-METTALOG-SANITY",""
"","4000","check_types-temp.c1_grounded_basic","","Mon Nov 11 00:35:13 GMT 2024","passed","Mon Nov 11 00:35:17 GMT 2024","","WHOLE-TESTS","WHOLE-TESTS",""
"","95","C1-GROUNDED-BASIC.14","","Mon Nov 11 00:35:17 GMT 2024","failed","Mon Nov 11 00:35:17 GMT 2024","","HYPERON-EXPERIMENTAL-SCRIPTS","HYPERON-EXPERIMENTAL-SCRIPTS",""
"","2","D2-HIGHERFUNC.14","","Mon Nov 11 00:45:05 GMT 2024","passed","Mon Nov 11 00:45:05 GMT 2024","","QUICK","QUICK",""
"","1465","TESTS5.05","","Mon Nov 11 00:45:32 GMT 2024","failed","Mon Nov 11 00:45:33 GMT 2024","","MAIN-BRANCH","MAIN-BRANCH",""
"","70","DEBUG-METTALOGTESTCURRIED.09","","Mon Nov 11 01:48:29 GMT 2024","passed","Mon Nov 11 01:48:29 GMT 2024","","WALK-THRU","WALK-THRU",""
"","14","TEST-INFER-FUNCTION-APPLICATION-TYPE.08","","Mon Nov 11 01:57:07 GMT 2024","failed","Mon Nov 11 01:57:07 GMT 2024","","BASIC","BASIC",""
"","3","TESTS2.10","","Mon Nov 11 00:45:32 GMT 2024","passed","Mon Nov 11 00:45:32 GMT 2024","","MAIN-BRANCH","MAIN-BRANCH",""
"","2","FORWARD-CHAINER-TEST.03","","Mon Nov 11 01:17:59 GMT 2024","passed","Mon Nov 11 01:17:59 GMT 2024","","FORWARD-CHAINER","FORWARD-CHAINER",""
"","3","STDLIB-METTALOG-TEST-PT2.31","","Mon Nov 11 00:54:28 GMT 2024","passed","Mon Nov 11 00:54:28 GMT 2024","","STDLIB-METTALOG","STDLIB-METTALOG",""
"","3","IDENTITY.01","","Mon Nov 11 00:40:49 GMT 2024","passed","Mon Nov 11 00:40:49 GMT 2024","","METTA-MORPH-TESTS","METTA-MORPH-TESTS",""
"","2","ADD-REMOVE-MATCH-SYMBOLS.05","","Mon Nov 11 00:52:21 GMT 2024","passed","Mon Nov 11 00:52:21 GMT 2024","","SPACES","SPACES",""
"","86","PROB-DEP-TYPES.01","","Mon Nov 11 01:03:12 GMT 2024","passed","Mon Nov 11 01:03:12 GMT 2024","","PROB-DEP-TYPES","PROB-DEP-TYPES",""
"","109","SHOW-TYPE.03","","Mon Nov 11 00:52:05 GMT 2024","failed","Mon Nov 11 00:52:05 GMT 2024","","INTROSPECT","INTROSPECT",""
"","2","LET-SUPERPOSE-IF-CASE.02","","Mon Nov 11 00:40:49 GMT 2024","passed","Mon Nov 11 00:40:49 GMT 2024","","METTA-MORPH-TESTS","METTA-MORPH-TESTS",""
"","2","TYPE-PROP.29","","Mon Nov 11 01:11:03 GMT 2024","passed","Mon Nov 11 01:11:03 GMT 2024","","CHECK-TYPES-TEMP","CHECK-TYPES-TEMP",""
"","3","03-SORING-VIA-INSERT.04","","Mon Nov 11 00:36:54 GMT 2024","passed","Mon Nov 11 00:36:54 GMT 2024","","HYPERON-METTALOG-SANITY","HYPERON-METTALOG-SANITY",""
"","2","ADD-REMOVE-MATCH-SS-SYMBOLS.15","","Mon Nov 11 00:52:21 GMT 2024","passed","Mon Nov 11 00:52:21 GMT 2024","","SPACES","SPACES",""
"","2","ADD-REMOVE-MATCH-INTEGER.41","","Mon Nov 11 00:52:21 GMT 2024","passed","Mon Nov 11 00:52:21 GMT 2024","","SPACES","SPACES",""
"","14","D3-DEPTYPES.04","","Mon Nov 11 01:11:24 GMT 2024","passed","Mon Nov 11 01:11:24 GMT 2024","","CHECK-TYPES","CHECK-TYPES",""
"","3","STATE-TYPES.22","","Mon Nov 11 01:57:07 GMT 2024","passed","Mon Nov 11 01:57:07 GMT 2024","","BASIC","BASIC",""
"","40000","SICP_book.chapter_2_2","","Mon Nov 11 00:35:13 GMT 2024","failed","Mon Nov 11 00:35:53 GMT 2024","","WHOLE-TESTS","WHOLE-TESTS",""
"","2","CHAPTER-2-2.04","","Mon Nov 11 00:54:37 GMT 2024","passed","Mon Nov 11 00:54:37 GMT 2024","","SICP-BOOK","SICP-BOOK",""
"","41000","aunt-kg.sergey_rodionov_formulation","","Mon Nov 11 00:35:13 GMT 2024","failed","Mon Nov 11 00:35:54 GMT 2024","","WHOLE-TESTS","WHOLE-TESTS",""
"","2","BC-XP.10","","Mon Nov 11 01:15:17 GMT 2024","passed","Mon Nov 11 01:15:17 GMT 2024","","BACKWARD-CHAINING","BACKWARD-CHAINING",""
"","2","F1-MODULEA.05","","Mon Nov 11 00:45:05 GMT 2024","passed","Mon Nov 11 00:45:05 GMT 2024","","QUICK","QUICK",""
"","2","CHAPTER-1-2.04","","Mon Nov 11 00:54:37 GMT 2024","passed","Mon Nov 11 00:54:37 GMT 2024","","SICP-BOOK","SICP-BOOK",""
"","2","IFC-XP.27","","Mon Nov 11 01:21:29 GMT 2024","passed","Mon Nov 11 01:21:29 GMT 2024","","ITERATIVE-CHAINING","ITERATIVE-CHAINING",""
"","2","HIGHER-ORDER-FUNCS.05","","Mon Nov 11 00:53:03 GMT 2024","passed","Mon Nov 11 00:53:03 GMT 2024","","STD","STD",""
"","3","LETLET.01","","Mon Nov 11 01:48:04 GMT 2024","passed","Mon Nov 11 01:48:04 GMT 2024","","TRANSPILER","TRANSPILER",""
"","3","FLIP-TEST.01","","Mon Nov 11 00:36:54 GMT 2024","passed","Mon Nov 11 00:36:54 GMT 2024","","HYPERON-METTALOG-SANITY","HYPERON-METTALOG-SANITY",""
"","3","SYNTHESIZE-VIA-TYPE-CHECKING.13","","Mon Nov 11 01:26:05 GMT 2024","passed","Mon Nov 11 01:26:05 GMT 2024","","EXPERIMENTS","EXPERIMENTS",""
"","1","INTERSECTION-TESTS.17","","Mon Nov 11 00:36:54 GMT 2024","passed","Mon Nov 11 00:36:54 GMT 2024","","HYPERON-METTALOG-SANITY","HYPERON-METTALOG-SANITY",""
"","1242","PLLM-PENNTREE.02","","Mon Nov 11 02:09:38 GMT 2024","passed","Mon Nov 11 02:09:39 GMT 2024","","LANGUAGE-MODELS","LANGUAGE-MODELS",""
"","3","PC-XP.10","","Mon Nov 11 01:24:11 GMT 2024","passed","Mon Nov 11 01:24:11 GMT 2024","","POLYWARD-CHAINING","POLYWARD-CHAINING",""
"","3","TESTS1.01","","Mon Nov 11 01:30:15 GMT 2024","passed","Mon Nov 11 01:30:15 GMT 2024","","CURRENT","CURRENT",""
"","3","DEFINE-IF-LIKE.02","","Mon Nov 11 01:47:02 GMT 2024","passed","Mon Nov 11 01:47:02 GMT 2024","","DIRECT-COMP","DIRECT-COMP",""
"","2","FC-XP.06","","Mon Nov 11 01:18:10 GMT 2024","passed","Mon Nov 11 01:18:10 GMT 2024","","FORWARD-CHAINING","FORWARD-CHAINING",""
"","3","TIME-SYNTHESIZE-SHORT.03","","Mon Nov 11 00:38:41 GMT 2024","passed","Mon Nov 11 00:38:41 GMT 2024","","SYNTH-BUFFER","SYNTH-BUFFER",""
"","3","CURRIED-CHAINER.08","","Mon Nov 11 01:16:05 GMT 2024","passed","Mon Nov 11 01:16:05 GMT 2024","","CURRIED-CHAINING","CURRIED-CHAINING",""
"","4000","multidirectional.append","","Mon Nov 11 00:35:13 GMT 2024","passed","Mon Nov 11 00:35:17 GMT 2024","","WHOLE-TESTS","WHOLE-TESTS",""
"","2","INF-CTL-MONTH-BC-CONT-XP.13","","Mon Nov 11 01:19:26 GMT 2024","passed","Mon Nov 11 01:19:26 GMT 2024","","INFERENCE-CONTROL","INFERENCE-CONTROL",""
"","100","D5-AUTO-TYPES.04","","Mon Nov 11 00:35:17 GMT 2024","failed","Mon Nov 11 00:35:17 GMT 2024","","HYPERON-EXPERIMENTAL-SCRIPTS","HYPERON-EXPERIMENTAL-SCRIPTS",""
"","46","D5-AUTO-TYPES.03","","Mon Nov 11 00:35:17 GMT 2024","failed","Mon Nov 11 00:35:17 GMT 2024","","HYPERON-EXPERIMENTAL-SCRIPTS","HYPERON-EXPERIMENTAL-SCRIPTS",""
"","2","PEANO.01","","Mon Nov 11 01:48:04 GMT 2024","passed","Mon Nov 11 01:48:04 GMT 2024","","TRANSPILER","TRANSPILER",""
"","2","IFC-XP.06","","Mon Nov 11 01:21:29 GMT 2024","passed","Mon Nov 11 01:21:29 GMT 2024","","ITERATIVE-CHAINING","ITERATIVE-CHAINING",""
"","5000","direct_comp.00a_lang_compiled_case","","Mon Nov 11 00:35:13 GMT 2024","passed","Mon Nov 11 00:35:18 GMT 2024","","WHOLE-TESTS","WHOLE-TESTS",""
"","135","SYNTHESIZE-VIA-UNIFY-TEST.10","","Mon Nov 11 01:26:05 GMT 2024","failed","Mon Nov 11 01:26:05 GMT 2024","","EXPERIMENTS","EXPERIMENTS",""
"","2","D2-HIGHERFUNC.24","","Mon Nov 11 00:35:17 GMT 2024","passed","Mon Nov 11 00:35:17 GMT 2024","","HYPERON-EXPERIMENTAL-SCRIPTS","HYPERON-EXPERIMENTAL-SCRIPTS",""
"","142","TEST-SPO-5000.01","","Mon Nov 11 00:43:30 GMT 2024","passed","Mon Nov 11 00:43:30 GMT 2024","","METTA-WAM-ISSUE-116","METTA-WAM-ISSUE-116",""
"","5000","common.MaybeTest","","Mon Nov 11 00:35:13 GMT 2024","passed","Mon Nov 11 00:35:18 GMT 2024","","WHOLE-TESTS","WHOLE-TESTS",""
"","2","TYPES-PRELIM.14","","Mon Nov 11 00:50:03 GMT 2024","passed","Mon Nov 11 00:50:03 GMT 2024","","CHAINING","CHAINING",""
"","2","UNIFY-VIA-CASE.03","","Mon Nov 11 01:26:05 GMT 2024","passed","Mon Nov 11 01:26:05 GMT 2024","","EXPERIMENTS","EXPERIMENTS",""
"","16000","anti-regression.system_proofTestCurried","","Mon Nov 11 00:35:13 GMT 2024","failed","Mon Nov 11 00:35:29 GMT 2024","","WHOLE-TESTS","WHOLE-TESTS",""
"","3","HYPERPOSING-UNSHARED.01","","Mon Nov 11 01:57:07 GMT 2024","passed","Mon Nov 11 01:57:07 GMT 2024","","BASIC","BASIC",""
"","4000","multidirectional.obif","","Mon Nov 11 00:35:13 GMT 2024","passed","Mon Nov 11 00:35:17 GMT 2024","","WHOLE-TESTS","WHOLE-TESTS",""
"","80","B4-NONDETERM.01","","Mon Nov 11 00:35:17 GMT 2024","passed","Mon Nov 11 00:35:17 GMT 2024","","HYPERON-EXPERIMENTAL-SCRIPTS","HYPERON-EXPERIMENTAL-SCRIPTS",""
"","2","C1-GROUNDED-BASIC.03","","Mon Nov 11 00:45:05 GMT 2024","passed","Mon Nov 11 00:45:05 GMT 2024","","QUICK","QUICK",""
"","3","SYNTHESIZE-VIA-LET-TEST.04","","Mon Nov 11 01:26:05 GMT 2024","passed","Mon Nov 11 01:26:05 GMT 2024","","EXPERIMENTS","EXPERIMENTS",""
"","2","TREE.03","","Mon Nov 11 00:59:54 GMT 2024","passed","Mon Nov 11 00:59:54 GMT 2024","","COMBINATOR-CALCULI","COMBINATOR-CALCULI",""
"","97","TYPES-PRELIM.08","","Mon Nov 11 00:50:03 GMT 2024","failed","Mon Nov 11 00:50:03 GMT 2024","","CHAINING","CHAINING",""
"","2","ORDEREDSETTEST.04","","Mon Nov 11 01:15:27 GMT 2024","passed","Mon Nov 11 01:15:27 GMT 2024","","COMMON","COMMON",""
"","4000","debugging.hyperon_experimental_issue_481","","Mon Nov 11 00:35:13 GMT 2024","passed","Mon Nov 11 00:35:17 GMT 2024","","WHOLE-TESTS","WHOLE-TESTS",""
"","2","F1-MODULEA.09","","Mon Nov 11 00:45:05 GMT 2024","passed","Mon Nov 11 00:45:05 GMT 2024","","QUICK","QUICK",""
"","1","KEY-LOOKUPS-MANY.12","","Mon Nov 11 01:57:07 GMT 2024","passed","Mon Nov 11 01:57:07 GMT 2024","","BASIC","BASIC",""
"","272","SELF-CONTAINED-SYNTHESIZE.06","","Mon Nov 11 01:26:05 GMT 2024","failed","Mon Nov 11 01:26:05 GMT 2024","","EXPERIMENTS","EXPERIMENTS",""
"","3","D2-HIGHERFUNC.23","","Mon Nov 11 00:45:05 GMT 2024","passed","Mon Nov 11 00:45:05 GMT 2024","","QUICK","QUICK",""
"","2","NATPARITYTEST.12","","Mon Nov 11 01:18:15 GMT 2024","passed","Mon Nov 11 01:18:15 GMT 2024","","HOL","HOL",""
"","2","INF-CTL-MONTH-BC-CONT-XP.11","","Mon Nov 11 01:19:26 GMT 2024","passed","Mon Nov 11 01:19:26 GMT 2024","","INFERENCE-CONTROL","INFERENCE-CONTROL",""
"","3","C2-SPACES.01","","Mon Nov 11 00:35:17 GMT 2024","passed","Mon Nov 11 00:35:17 GMT 2024","","HYPERON-EXPERIMENTAL-SCRIPTS","HYPERON-EXPERIMENTAL-SCRIPTS",""
"","2","ADD-REMOVE-MATCH-STRINGS.05","","Mon Nov 11 00:52:21 GMT 2024","passed","Mon Nov 11 00:52:21 GMT 2024","","SPACES","SPACES",""
"","2","BACKWARD-CHAINER-XP.38","","Mon Nov 11 01:15:12 GMT 2024","passed","Mon Nov 11 01:15:12 GMT 2024","","BACKWARD-CHAINER","BACKWARD-CHAINER",""
"","72","IMPL-METTALOGTESTCURRIED.09","","Mon Nov 11 01:48:29 GMT 2024","passed","Mon Nov 11 01:48:29 GMT 2024","","WALK-THRU","WALK-THRU",""
"","2","DEDUCTIONFORMULATEST.07","","Mon Nov 11 01:15:51 GMT 2024","passed","Mon Nov 11 01:15:51 GMT 2024","","FORMULA","FORMULA",""
"","2","IFC-XP.30","","Mon Nov 11 01:21:29 GMT 2024","passed","Mon Nov 11 01:21:29 GMT 2024","","ITERATIVE-CHAINING","ITERATIVE-CHAINING",""
"","4","SEALED-TEST.10","","Mon Nov 11 00:36:54 GMT 2024","passed","Mon Nov 11 00:36:54 GMT 2024","","HYPERON-METTALOG-SANITY","HYPERON-METTALOG-SANITY",""
"","4000","anti-regression.test_if_closed","","Mon Nov 11 00:35:13 GMT 2024","passed","Mon Nov 11 00:35:17 GMT 2024","","WHOLE-TESTS","WHOLE-TESTS",""
"","3","LISTTEST.01","","Mon Nov 11 01:15:27 GMT 2024","passed","Mon Nov 11 01:15:27 GMT 2024","","COMMON","COMMON",""
"","41000","iterators.combined","","Mon Nov 11 00:35:13 GMT 2024","failed","Mon Nov 11 00:35:54 GMT 2024","","WHOLE-TESTS","WHOLE-TESTS",""
"","64","STDLIB-METTALOG-TEST-PT2.72","","Mon Nov 11 00:54:28 GMT 2024","failed","Mon Nov 11 00:54:28 GMT 2024","","STDLIB-METTALOG","STDLIB-METTALOG",""
"","2","D2-HIGHERFUNC.17","","Mon Nov 11 00:35:17 GMT 2024","passed","Mon Nov 11 00:35:17 GMT 2024","","HYPERON-EXPERIMENTAL-SCRIPTS","HYPERON-EXPERIMENTAL-SCRIPTS",""
"","2","B5-TYPES-PRELIM.13","","Mon Nov 11 01:11:03 GMT 2024","passed","Mon Nov 11 01:11:03 GMT 2024","","CHECK-TYPES-TEMP","CHECK-TYPES-TEMP",""
"","2","TESTS0.05","","Mon Nov 11 01:35:19 GMT 2024","passed","Mon Nov 11 01:35:19 GMT 2024","","NARS-V0","NARS-V0",""
"","8000","iterative-chaining.ibc-xp","","Mon Nov 11 00:35:13 GMT 2024","passed","Mon Nov 11 00:35:21 GMT 2024","","WHOLE-TESTS","WHOLE-TESTS",""
"","1","CHAPTER-1-1.17","","Mon Nov 11 00:54:37 GMT 2024","passed","Mon Nov 11 00:54:37 GMT 2024","","SICP-BOOK","SICP-BOOK",""
"","2","INF-CTL-XP.02","","Mon Nov 11 01:19:26 GMT 2024","passed","Mon Nov 11 01:19:26 GMT 2024","","INFERENCE-CONTROL","INFERENCE-CONTROL",""
"","143","NTE.03","","Mon Nov 11 01:01:14 GMT 2024","passed","Mon Nov 11 01:01:14 GMT 2024","","EDGES-TO-EDGES","EDGES-TO-EDGES",""
"","3","D1-GADT.01","","Mon Nov 11 00:35:17 GMT 2024","passed","Mon Nov 11 00:35:17 GMT 2024","","HYPERON-EXPERIMENTAL-SCRIPTS","HYPERON-EXPERIMENTAL-SCRIPTS",""
"","1","MATCH-VOID.02","","Mon Nov 11 00:40:49 GMT 2024","passed","Mon Nov 11 00:40:49 GMT 2024","","METTA-MORPH-TESTS","METTA-MORPH-TESTS",""
"","3","ADD-REMOVE-MATCH-INTEGER.30","","Mon Nov 11 00:52:21 GMT 2024","passed","Mon Nov 11 00:52:21 GMT 2024","","SPACES","SPACES",""
"","2","ADD-REMOVE-MATCH-INTEGER.34","","Mon Nov 11 00:52:21 GMT 2024","passed","Mon Nov 11 00:52:21 GMT 2024","","SPACES","SPACES",""
"","48","FC-XP.09","","Mon Nov 11 01:18:10 GMT 2024","failed","Mon Nov 11 01:18:10 GMT 2024","","FORWARD-CHAINING","FORWARD-CHAINING",""
"","2","IFC-XP.03","","Mon Nov 11 01:21:29 GMT 2024","passed","Mon Nov 11 01:21:29 GMT 2024","","ITERATIVE-CHAINING","ITERATIVE-CHAINING",""
"","4000","walk_thru.bchain","","Mon Nov 11 00:35:13 GMT 2024","passed","Mon Nov 11 00:35:17 GMT 2024","","WHOLE-TESTS","WHOLE-TESTS",""
"","2","D2-HIGHERFUNC.05","","Mon Nov 11 00:45:05 GMT 2024","passed","Mon Nov 11 00:45:05 GMT 2024","","QUICK","QUICK",""
"","2","D1-GADT.06","","Mon Nov 11 00:35:17 GMT 2024","passed","Mon Nov 11 00:35:17 GMT 2024","","HYPERON-EXPERIMENTAL-SCRIPTS","HYPERON-EXPERIMENTAL-SCRIPTS",""
"","2","XOR-TEST.05","","Mon Nov 11 00:36:54 GMT 2024","passed","Mon Nov 11 00:36:54 GMT 2024","","HYPERON-METTALOG-SANITY","HYPERON-METTALOG-SANITY",""
"","2","FORWARD-CHAINER-TEST.06","","Mon Nov 11 01:17:59 GMT 2024","passed","Mon Nov 11 01:17:59 GMT 2024","","FORWARD-CHAINER","FORWARD-CHAINER",""
"","4000","std.nondeterm","","Mon Nov 11 00:35:13 GMT 2024","passed","Mon Nov 11 00:35:17 GMT 2024","","WHOLE-TESTS","WHOLE-TESTS",""
"","3","CHAINING-PRELIM.02","","Mon Nov 11 00:50:03 GMT 2024","passed","Mon Nov 11 00:50:03 GMT 2024","","CHAINING","CHAINING",""
"","1","SEQUENTIAL-NESTED.06","","Mon Nov 11 00:40:49 GMT 2024","passed","Mon Nov 11 00:40:49 GMT 2024","","METTA-MORPH-TESTS","METTA-MORPH-TESTS",""
"","2","SUPPORTRULEEXP.03","","Mon Nov 11 01:14:04 GMT 2024","passed","Mon Nov 11 01:14:04 GMT 2024","","DEPENDENT-TYPES","DEPENDENT-TYPES",""
"","15","CHAPTER-2-4.17","","Mon Nov 11 00:54:37 GMT 2024","failed","Mon Nov 11 00:54:37 GMT 2024","","SICP-BOOK","SICP-BOOK",""
"","2","ADD-REMOVE-MATCH-MIX-FLOAT-INTEGER.26","","Mon Nov 11 00:52:21 GMT 2024","passed","Mon Nov 11 00:52:21 GMT 2024","","SPACES","SPACES",""
"","45000","bio-atomspace.pln-xp","","Mon Nov 11 00:35:13 GMT 2024","failed","Mon Nov 11 00:35:58 GMT 2024","","WHOLE-TESTS","WHOLE-TESTS",""
"","3","AI-SERVICE-COMPOSITION-SANITY.07","","Mon Nov 11 01:08:34 GMT 2024","passed","Mon Nov 11 01:08:34 GMT 2024","","AI-SERVICE","AI-SERVICE",""
"","15","CHAPTER-2-4.20","","Mon Nov 11 00:54:37 GMT 2024","failed","Mon Nov 11 00:54:37 GMT 2024","","SICP-BOOK","SICP-BOOK",""
"","3","D2-HIGHERFUNC.04","","Mon Nov 11 00:45:05 GMT 2024","passed","Mon Nov 11 00:45:05 GMT 2024","","QUICK","QUICK",""
"","2","IBC-XP.25","","Mon Nov 11 01:21:29 GMT 2024","passed","Mon Nov 11 01:21:29 GMT 2024","","ITERATIVE-CHAINING","ITERATIVE-CHAINING",""
"","3","ADD-REMOVE-MATCH-STRINGS.01","","Mon Nov 11 00:52:21 GMT 2024","passed","Mon Nov 11 00:52:21 GMT 2024","","SPACES","SPACES",""
"","2","NESTED-PARAMETERS.01","","Mon Nov 11 00:40:49 GMT 2024","passed","Mon Nov 11 00:40:49 GMT 2024","","METTA-MORPH-TESTS","METTA-MORPH-TESTS",""
"","4000","hyperon-experimental_scripts.e2_states","","Mon Nov 11 00:35:13 GMT 2024","passed","Mon Nov 11 00:35:17 GMT 2024","","WHOLE-TESTS","WHOLE-TESTS",""
"","2","UNIFY-VIA-LET.07","","Mon Nov 11 01:26:05 GMT 2024","passed","Mon Nov 11 01:26:05 GMT 2024","","EXPERIMENTS","EXPERIMENTS",""
"","46000","new.tests1","","Mon Nov 11 00:35:13 GMT 2024","failed","Mon Nov 11 00:35:59 GMT 2024","","WHOLE-TESTS","WHOLE-TESTS",""
"","3","D1-GADT.03","","Mon Nov 11 01:11:24 GMT 2024","passed","Mon Nov 11 01:11:24 GMT 2024","","CHECK-TYPES","CHECK-TYPES",""
"","60","D5-AUTO-TYPES.05","","Mon Nov 11 01:11:24 GMT 2024","failed","Mon Nov 11 01:11:24 GMT 2024","","CHECK-TYPES","CHECK-TYPES",""
"","2","BACKWARD-CHAINER-XP.26","","Mon Nov 11 01:15:12 GMT 2024","passed","Mon Nov 11 01:15:12 GMT 2024","","BACKWARD-CHAINER","BACKWARD-CHAINER",""
"","6000","main-branch.tests0","","Mon Nov 11 00:35:13 GMT 2024","passed","Mon Nov 11 00:35:19 GMT 2024","","WHOLE-TESTS","WHOLE-TESTS",""
"","3","SHOW-TYPE.11","","Mon Nov 11 00:52:05 GMT 2024","passed","Mon Nov 11 00:52:05 GMT 2024","","INTROSPECT","INTROSPECT",""
"","39000","hol.NatSimpleTest","","Mon Nov 11 00:35:13 GMT 2024","passed","Mon Nov 11 00:35:52 GMT 2024","","WHOLE-TESTS","WHOLE-TESTS",""
"","276","SHOW-TYPE.16","","Mon Nov 11 00:52:05 GMT 2024","failed","Mon Nov 11 00:52:05 GMT 2024","","INTROSPECT","INTROSPECT",""
"","3","A1-SYMBOLS.01","","Mon Nov 11 00:35:17 GMT 2024","passed","Mon Nov 11 00:35:17 GMT 2024","","HYPERON-EXPERIMENTAL-SCRIPTS","HYPERON-EXPERIMENTAL-SCRIPTS",""
"","2","C2-SPACES.03","","Mon Nov 11 00:35:08 GMT 2024","passed","Mon Nov 11 00:35:08 GMT 2024","","MODULE-SYSTEM","MODULE-SYSTEM",""
"","2","NATSTANDALONETEST.07","","Mon Nov 11 01:18:15 GMT 2024","passed","Mon Nov 11 01:18:15 GMT 2024","","HOL","HOL",""
"","2","INF-CTL-MONTH-XP-SHORT-3.12","","Mon Nov 11 02:03:27 GMT 2024","passed","Mon Nov 11 02:03:27 GMT 2024","","COMPARISONS","COMPARISONS",""
"","205","INF-CTL-MONTH-XP-LONG.01","","Mon Nov 11 02:03:27 GMT 2024","failed","Mon Nov 11 02:03:27 GMT 2024","","COMPARISONS","COMPARISONS",""
"","3","INF-CTL-XP.08","","Mon Nov 11 01:19:26 GMT 2024","passed","Mon Nov 11 01:19:26 GMT 2024","","INFERENCE-CONTROL","INFERENCE-CONTROL",""
"","2","TEST-IF-CLOSED.09","","Mon Nov 11 00:42:55 GMT 2024","passed","Mon Nov 11 00:42:55 GMT 2024","","ANTI-REGRESSION","ANTI-REGRESSION",""
"","3439","TRAINING.03","","Mon Nov 11 02:09:38 GMT 2024","passed","Mon Nov 11 02:09:41 GMT 2024","","LANGUAGE-MODELS","LANGUAGE-MODELS",""
"","2","UNIQUE-TEST.03","","Mon Nov 11 00:36:54 GMT 2024","passed","Mon Nov 11 00:36:54 GMT 2024","","HYPERON-METTALOG-SANITY","HYPERON-METTALOG-SANITY",""
"","44","STDLIB-METTALOG-TEST-PT2.04","","Mon Nov 11 00:54:28 GMT 2024","failed","Mon Nov 11 00:54:28 GMT 2024","","STDLIB-METTALOG","STDLIB-METTALOG",""
"","85","INF-ORDER-PROBS.03","","Mon Nov 11 01:03:12 GMT 2024","failed","Mon Nov 11 01:03:12 GMT 2024","","PROB-DEP-TYPES","PROB-DEP-TYPES",""
"","128","SHOW-TYPE.07","","Mon Nov 11 00:52:05 GMT 2024","failed","Mon Nov 11 00:52:05 GMT 2024","","INTROSPECT","INTROSPECT",""
"","110","SPACE-INTERSECTION-TESTS.10","","Mon Nov 11 00:36:54 GMT 2024","failed","Mon Nov 11 00:36:54 GMT 2024","","HYPERON-METTALOG-SANITY","HYPERON-METTALOG-SANITY",""
"","4","03-SORING-VIA-INSERT.01","","Mon Nov 11 00:36:54 GMT 2024","passed","Mon Nov 11 00:36:54 GMT 2024","","HYPERON-METTALOG-SANITY","HYPERON-METTALOG-SANITY",""
"","5","EVIDENTIALTRUTHVALUETEST.04","","Mon Nov 11 01:15:55 GMT 2024","passed","Mon Nov 11 01:15:55 GMT 2024","","TRUTHVALUE","TRUTHVALUE",""
"","234","INF-CTL-MONTH-BC-CONT-XP.19","","Mon Nov 11 01:19:26 GMT 2024","failed","Mon Nov 11 01:19:26 GMT 2024","","INFERENCE-CONTROL","INFERENCE-CONTROL",""
"","2","BC-XP.27","","Mon Nov 11 01:15:17 GMT 2024","passed","Mon Nov 11 01:15:17 GMT 2024","","BACKWARD-CHAINING","BACKWARD-CHAINING",""
"","2","06-MATCH-IN-SPACE.02","","Mon Nov 11 00:36:54 GMT 2024","passed","Mon Nov 11 00:36:54 GMT 2024","","HYPERON-METTALOG-SANITY","HYPERON-METTALOG-SANITY",""
"","3","F1-IMPORTS.01","","Mon Nov 11 00:45:05 GMT 2024","passed","Mon Nov 11 00:45:05 GMT 2024","","QUICK","QUICK",""
"","144","SYNTHESIZE-VIA-LET-TEST.09","","Mon Nov 11 01:26:05 GMT 2024","passed","Mon Nov 11 01:26:05 GMT 2024","","EXPERIMENTS","EXPERIMENTS",""
"","4","OR-TEST.11","","Mon Nov 11 00:36:54 GMT 2024","passed","Mon Nov 11 00:36:54 GMT 2024","","HYPERON-METTALOG-SANITY","HYPERON-METTALOG-SANITY",""
"","2","GROUNDED-BASIC.02","","Mon Nov 11 00:53:03 GMT 2024","passed","Mon Nov 11 00:53:03 GMT 2024","","STD","STD",""
"","1","ADD-REMOVE-MATCH-INTEGER.08","","Mon Nov 11 00:52:21 GMT 2024","passed","Mon Nov 11 00:52:21 GMT 2024","","SPACES","SPACES",""
"","3","D3-DEPTYPES.01","","Mon Nov 11 01:11:24 GMT 2024","passed","Mon Nov 11 01:11:24 GMT 2024","","CHECK-TYPES","CHECK-TYPES",""
"","40000","nars_extras.TestNARS_listing","","Mon Nov 11 00:35:13 GMT 2024","failed","Mon Nov 11 00:35:53 GMT 2024","","WHOLE-TESTS","WHOLE-TESTS",""
"","2","TMPMATCH1.03","","Mon Nov 11 00:42:55 GMT 2024","passed","Mon Nov 11 00:42:55 GMT 2024","","ANTI-REGRESSION","ANTI-REGRESSION",""
"","2","BASIC.08","","Mon Nov 11 01:08:23 GMT 2024","passed","Mon Nov 11 01:08:23 GMT 2024","","TRAVERSER","TRAVERSER",""
"","1","00-LANG-CASE.04","","Mon Nov 11 00:36:54 GMT 2024","passed","Mon Nov 11 00:36:54 GMT 2024","","HYPERON-METTALOG-SANITY","HYPERON-METTALOG-SANITY",""
"","3","C1-GROUNDED-BASIC.01","","Mon Nov 11 00:45:05 GMT 2024","passed","Mon Nov 11 00:45:05 GMT 2024","","QUICK","QUICK",""
"","14","D2-HIGHERFUNC.20","","Mon Nov 11 01:11:24 GMT 2024","passed","Mon Nov 11 01:11:24 GMT 2024","","CHECK-TYPES","CHECK-TYPES",""
"","1","B0-CHAINING-PRELIM.02","","Mon Nov 11 00:35:17 GMT 2024","passed","Mon Nov 11 00:35:17 GMT 2024","","HYPERON-EXPERIMENTAL-SCRIPTS","HYPERON-EXPERIMENTAL-SCRIPTS",""
"","2","CML-UNSHARED.04","","Mon Nov 11 01:57:07 GMT 2024","passed","Mon Nov 11 01:57:07 GMT 2024","","BASIC","BASIC",""
"","5000","loop-checks.06_loop_0","","Mon Nov 11 00:35:13 GMT 2024","passed","Mon Nov 11 00:35:18 GMT 2024","","WHOLE-TESTS","WHOLE-TESTS",""
"","43","FC-XP.21","","Mon Nov 11 01:18:10 GMT 2024","failed","Mon Nov 11 01:18:10 GMT 2024","","FORWARD-CHAINING","FORWARD-CHAINING",""
"","2","FORWARD-CHAINER-TEST.10","","Mon Nov 11 01:17:59 GMT 2024","passed","Mon Nov 11 01:17:59 GMT 2024","","FORWARD-CHAINER","FORWARD-CHAINER",""
"","40000","walk_thru.mettalogTestCurried","","Mon Nov 11 00:35:13 GMT 2024","passed","Mon Nov 11 00:35:53 GMT 2024","","WHOLE-TESTS","WHOLE-TESTS",""
"","1","BCHAIN-COMP.02","","Mon Nov 11 00:42:55 GMT 2024","passed","Mon Nov 11 00:42:55 GMT 2024","","ANTI-REGRESSION","ANTI-REGRESSION",""
"","2","C1-GROUNDED-BASIC.09","","Mon Nov 11 00:35:17 GMT 2024","passed","Mon Nov 11 00:35:17 GMT 2024","","HYPERON-EXPERIMENTAL-SCRIPTS","HYPERON-EXPERIMENTAL-SCRIPTS",""
"","3","MINNARS.01","","Mon Nov 11 00:40:49 GMT 2024","passed","Mon Nov 11 00:40:49 GMT 2024","","METTA-MORPH-TESTS","METTA-MORPH-TESTS",""
"","4000","chaining.types_prelim","","Mon Nov 11 00:35:13 GMT 2024","passed","Mon Nov 11 00:35:17 GMT 2024","","WHOLE-TESTS","WHOLE-TESTS",""
"","4000","check_types.d4_type_prop","","Mon Nov 11 00:35:13 GMT 2024","passed","Mon Nov 11 00:35:17 GMT 2024","","WHOLE-TESTS","WHOLE-TESTS",""
"","40000","comparisons.nils_if_control_test_3","","Mon Nov 11 00:35:13 GMT 2024","failed","Mon Nov 11 00:35:53 GMT 2024","","WHOLE-TESTS","WHOLE-TESTS",""
"","3","COMMA-IS-NOT-SPECIAL.01","","Mon Nov 11 01:48:29 GMT 2024","passed","Mon Nov 11 01:48:29 GMT 2024","","WALK-THRU","WALK-THRU",""
"","1","UNIQUE-TEST.06","","Mon Nov 11 00:36:54 GMT 2024","passed","Mon Nov 11 00:36:54 GMT 2024","","HYPERON-METTALOG-SANITY","HYPERON-METTALOG-SANITY",""
"","1","D4-TYPE-PROP.06","","Mon Nov 11 00:45:05 GMT 2024","passed","Mon Nov 11 00:45:05 GMT 2024","","QUICK","QUICK",""
"","7389","INF-ORDER-PROBS.04","","Mon Nov 11 01:03:12 GMT 2024","passed","Mon Nov 11 01:03:19 GMT 2024","","PROB-DEP-TYPES","PROB-DEP-TYPES",""
"","2","OR-TEST.16","","Mon Nov 11 00:36:54 GMT 2024","passed","Mon Nov 11 00:36:54 GMT 2024","","HYPERON-METTALOG-SANITY","HYPERON-METTALOG-SANITY",""
"","49","TESTS1-PRE.05","","Mon Nov 11 00:45:32 GMT 2024","failed","Mon Nov 11 00:45:32 GMT 2024","","MAIN-BRANCH","MAIN-BRANCH",""
"","313","BASIC.04","","Mon Nov 11 01:08:23 GMT 2024","passed","Mon Nov 11 01:08:23 GMT 2024","","TRAVERSER","TRAVERSER",""
"","2","LISTTEST.06","","Mon Nov 11 01:15:27 GMT 2024","passed","Mon Nov 11 01:15:27 GMT 2024","","COMMON","COMMON",""
"","5000","check_types-temp.type_prop","","Mon Nov 11 00:35:13 GMT 2024","passed","Mon Nov 11 00:35:18 GMT 2024","","WHOLE-TESTS","WHOLE-TESTS",""
"","5000","forward-chainer.forward-chainer-test","","Mon Nov 11 00:35:13 GMT 2024","passed","Mon Nov 11 00:35:18 GMT 2024","","WHOLE-TESTS","WHOLE-TESTS",""
"","3","LISTTEST.14","","Mon Nov 11 01:15:27 GMT 2024","passed","Mon Nov 11 01:15:27 GMT 2024","","COMMON","COMMON",""
"","3","MATCH-VOID.01","","Mon Nov 11 00:40:49 GMT 2024","passed","Mon Nov 11 00:40:49 GMT 2024","","METTA-MORPH-TESTS","METTA-MORPH-TESTS",""
"","2","BC-XP.24","","Mon Nov 11 01:15:17 GMT 2024","passed","Mon Nov 11 01:15:17 GMT 2024","","BACKWARD-CHAINING","BACKWARD-CHAINING",""
"","42000","python_from_metta.fs","","Mon Nov 11 00:35:13 GMT 2024","failed","Mon Nov 11 00:35:55 GMT 2024","","WHOLE-TESTS","WHOLE-TESTS",""
"","79","ADD-REMOVE-MATCH-INTEGER.14","","Mon Nov 11 00:52:21 GMT 2024","passed","Mon Nov 11 00:52:21 GMT 2024","","SPACES","SPACES",""
"","25","SHOW-TYPE.09","","Mon Nov 11 00:52:05 GMT 2024","passed","Mon Nov 11 00:52:05 GMT 2024","","INTROSPECT","INTROSPECT",""
"","3","E2-STATES.12","","Mon Nov 11 00:35:17 GMT 2024","passed","Mon Nov 11 00:35:17 GMT 2024","","HYPERON-EXPERIMENTAL-SCRIPTS","HYPERON-EXPERIMENTAL-SCRIPTS",""
"","74","TYPE-PROP.66","","Mon Nov 11 01:11:03 GMT 2024","failed","Mon Nov 11 01:11:03 GMT 2024","","CHECK-TYPES-TEMP","CHECK-TYPES-TEMP",""
"","2","LISTTEST.12","","Mon Nov 11 01:15:27 GMT 2024","passed","Mon Nov 11 01:15:27 GMT 2024","","COMMON","COMMON",""
"","2","IBC-XP.32","","Mon Nov 11 01:21:29 GMT 2024","passed","Mon Nov 11 01:21:29 GMT 2024","","ITERATIVE-CHAINING","ITERATIVE-CHAINING",""
"","2","ADD-REMOVE-MATCH-INTEGER.35","","Mon Nov 11 00:52:21 GMT 2024","passed","Mon Nov 11 00:52:21 GMT 2024","","SPACES","SPACES",""
"","220","SYNTHESIZE-VIA-UNIFY-TEST.03","","Mon Nov 11 01:26:05 GMT 2024","failed","Mon Nov 11 01:26:05 GMT 2024","","EXPERIMENTS","EXPERIMENTS",""
"","41000","basic.pathfinding-med-f","","Mon Nov 11 00:35:13 GMT 2024","failed","Mon Nov 11 00:35:54 GMT 2024","","WHOLE-TESTS","WHOLE-TESTS",""
"","4000","comparisons.inf-ctl-month-xp-long","","Mon Nov 11 00:35:13 GMT 2024","passed","Mon Nov 11 00:35:17 GMT 2024","","WHOLE-TESTS","WHOLE-TESTS",""
"","114","SYMBOLS.01","","Mon Nov 11 00:53:03 GMT 2024","passed","Mon Nov 11 00:53:03 GMT 2024","","STD","STD",""
"","2","D1-GADT.06","","Mon Nov 11 01:11:24 GMT 2024","passed","Mon Nov 11 01:11:24 GMT 2024","","CHECK-TYPES","CHECK-TYPES",""
"","112","SYNTHESIZE-VIA-UNIFY-TEST-LONGER.01","","Mon Nov 11 01:26:05 GMT 2024","passed","Mon Nov 11 01:26:05 GMT 2024","","EXPERIMENTS","EXPERIMENTS",""
"","4000","experiments.unify-via-case","","Mon Nov 11 00:35:13 GMT 2024","passed","Mon Nov 11 00:35:17 GMT 2024","","WHOLE-TESTS","WHOLE-TESTS",""
"","7000","basic.hanoi-one-space","","Mon Nov 11 00:35:13 GMT 2024","passed","Mon Nov 11 00:35:20 GMT 2024","","WHOLE-TESTS","WHOLE-TESTS",""
"","3764","PROB-DEP-TYPES.16","","Mon Nov 11 01:03:12 GMT 2024","failed","Mon Nov 11 01:03:15 GMT 2024","","PROB-DEP-TYPES","PROB-DEP-TYPES",""
"","2","STDLIB-METTALOG-TEST-PT2.50","","Mon Nov 11 00:54:28 GMT 2024","passed","Mon Nov 11 00:54:28 GMT 2024","","STDLIB-METTALOG","STDLIB-METTALOG",""
"","3","ADD-REMOVE-MATCH-SS-SYMBOLS.01","","Mon Nov 11 00:52:21 GMT 2024","passed","Mon Nov 11 00:52:21 GMT 2024","","SPACES","SPACES",""
"","507","PC-XP.15","","Mon Nov 11 01:24:11 GMT 2024","failed","Mon Nov 11 01:24:11 GMT 2024","","POLYWARD-CHAINING","POLYWARD-CHAINING",""
"","8","PREREQS.09","","Mon Nov 11 00:45:32 GMT 2024","passed","Mon Nov 11 00:45:32 GMT 2024","","MAIN-BRANCH","MAIN-BRANCH",""
"","2","D2-HIGHERFUNC.08","","Mon Nov 11 01:11:24 GMT 2024","passed","Mon Nov 11 01:11:24 GMT 2024","","CHECK-TYPES","CHECK-TYPES",""
"","2","IBC-XP.17","","Mon Nov 11 01:21:29 GMT 2024","passed","Mon Nov 11 01:21:29 GMT 2024","","ITERATIVE-CHAINING","ITERATIVE-CHAINING",""
"","28","INF-CTL-MONTH-XP.10","","Mon Nov 11 01:19:26 GMT 2024","failed","Mon Nov 11 01:19:26 GMT 2024","","INFERENCE-CONTROL","INFERENCE-CONTROL",""
"","2","D4-TYPE-PROP.11","","Mon Nov 11 01:11:24 GMT 2024","passed","Mon Nov 11 01:11:24 GMT 2024","","CHECK-TYPES","CHECK-TYPES",""
"","2","INTERSECTION-TESTS.32","","Mon Nov 11 00:36:54 GMT 2024","passed","Mon Nov 11 00:36:54 GMT 2024","","HYPERON-METTALOG-SANITY","HYPERON-METTALOG-SANITY",""
"","395","SYNTHESIZE-VIA-CASE-TEST.01","","Mon Nov 11 01:26:05 GMT 2024","failed","Mon Nov 11 01:26:05 GMT 2024","","EXPERIMENTS","EXPERIMENTS",""
"","3","ADD-REMOVE-MATCH-S-STRINGS.01","","Mon Nov 11 00:52:21 GMT 2024","passed","Mon Nov 11 00:52:21 GMT 2024","","SPACES","SPACES",""
"","10118","SIMPLE.01","","Mon Nov 11 01:01:30 GMT 2024","passed","Mon Nov 11 01:01:40 GMT 2024","","FIZZBUZZ","FIZZBUZZ",""
"","4","NATPARITYTEST.07","","Mon Nov 11 01:18:15 GMT 2024","passed","Mon Nov 11 01:18:15 GMT 2024","","HOL","HOL",""
"","2","D2-HIGHERFUNC.25","","Mon Nov 11 00:35:17 GMT 2024","passed","Mon Nov 11 00:35:17 GMT 2024","","HYPERON-EXPERIMENTAL-SCRIPTS","HYPERON-EXPERIMENTAL-SCRIPTS",""
"","2","DEDUCTIONFORMULATEST.11","","Mon Nov 11 01:15:51 GMT 2024","passed","Mon Nov 11 01:15:51 GMT 2024","","FORMULA","FORMULA",""
"","93","ADD-REMOVE-MATCH-INTEGER.25","","Mon Nov 11 00:52:21 GMT 2024","passed","Mon Nov 11 00:52:21 GMT 2024","","SPACES","SPACES",""
"","64","ADD-REMOVE-MATCH-INTEGER.40","","Mon Nov 11 00:52:21 GMT 2024","passed","Mon Nov 11 00:52:21 GMT 2024","","SPACES","SPACES",""
"","4000","metta-morph_tests.superpose_nested","","Mon Nov 11 00:35:13 GMT 2024","passed","Mon Nov 11 00:35:17 GMT 2024","","WHOLE-TESTS","WHOLE-TESTS",""
"","2","SUPERPOSE-NESTED.04","","Mon Nov 11 00:40:49 GMT 2024","passed","Mon Nov 11 00:40:49 GMT 2024","","METTA-MORPH-TESTS","METTA-MORPH-TESTS",""
"","2","STDLIB-METTALOG-TEST-PT2.33","","Mon Nov 11 00:54:28 GMT 2024","passed","Mon Nov 11 00:54:28 GMT 2024","","STDLIB-METTALOG","STDLIB-METTALOG",""
"","4000","transpiler.let_superpose_if_case","","Mon Nov 11 00:35:13 GMT 2024","passed","Mon Nov 11 00:35:17 GMT 2024","","WHOLE-TESTS","WHOLE-TESTS",""
"","4","ADD-REMOVE-MATCH-MIX-FLOAT-INTEGER.30","","Mon Nov 11 00:52:21 GMT 2024","passed","Mon Nov 11 00:52:21 GMT 2024","","SPACES","SPACES",""
"","2","B0-CHAINING-PRELIM.04","","Mon Nov 11 00:35:17 GMT 2024","passed","Mon Nov 11 00:35:17 GMT 2024","","HYPERON-EXPERIMENTAL-SCRIPTS","HYPERON-EXPERIMENTAL-SCRIPTS",""
"","1","D2-HIGHERFUNC.04","","Mon Nov 11 01:11:24 GMT 2024","passed","Mon Nov 11 01:11:24 GMT 2024","","CHECK-TYPES","CHECK-TYPES",""
"","389","TESTS0.06","","Mon Nov 11 00:40:49 GMT 2024","passed","Mon Nov 11 00:40:49 GMT 2024","","METTA-MORPH-TESTS","METTA-MORPH-TESTS",""
"","3","TESTS1.02","","Mon Nov 11 01:30:15 GMT 2024","passed","Mon Nov 11 01:30:15 GMT 2024","","CURRENT","CURRENT",""
"","18","INF-CTL-MONTH-XP.07","","Mon Nov 11 01:19:26 GMT 2024","failed","Mon Nov 11 01:19:26 GMT 2024","","INFERENCE-CONTROL","INFERENCE-CONTROL",""
"","4000","game_of_clue.game_of_clue","","Mon Nov 11 00:35:13 GMT 2024","passed","Mon Nov 11 00:35:17 GMT 2024","","WHOLE-TESTS","WHOLE-TESTS",""
"","2","D2-HIGHERFUNC.02","","Mon Nov 11 00:35:17 GMT 2024","passed","Mon Nov 11 00:35:17 GMT 2024","","HYPERON-EXPERIMENTAL-SCRIPTS","HYPERON-EXPERIMENTAL-SCRIPTS",""
"","2","METTALOGTESTCURRIED2.05","","Mon Nov 11 00:42:55 GMT 2024","passed","Mon Nov 11 00:42:55 GMT 2024","","ANTI-REGRESSION","ANTI-REGRESSION",""
"","2","B5-TYPES-PRELIM.19","","Mon Nov 11 01:11:03 GMT 2024","passed","Mon Nov 11 01:11:03 GMT 2024","","CHECK-TYPES-TEMP","CHECK-TYPES-TEMP",""
"","155","IOIOIOI-USING-EQUALITY.01","","Mon Nov 11 01:54:48 GMT 2024","failed","Mon Nov 11 01:54:48 GMT 2024","","MULTIDIRECTIONAL","MULTIDIRECTIONAL",""
"","45000","constraint.types","","Mon Nov 11 00:35:13 GMT 2024","failed","Mon Nov 11 00:35:58 GMT 2024","","WHOLE-TESTS","WHOLE-TESTS",""
"","2","TYPE-PROP.62","","Mon Nov 11 01:11:03 GMT 2024","passed","Mon Nov 11 01:11:03 GMT 2024","","CHECK-TYPES-TEMP","CHECK-TYPES-TEMP",""
"","2","ADD-REMOVE-MATCH-INTEGER.16","","Mon Nov 11 00:52:21 GMT 2024","passed","Mon Nov 11 00:52:21 GMT 2024","","SPACES","SPACES",""
"","3","TESTS3.03","","Mon Nov 11 00:45:32 GMT 2024","passed","Mon Nov 11 00:45:32 GMT 2024","","MAIN-BRANCH","MAIN-BRANCH",""
"","21","IMPLICATIONDIRECTINTRODUCTIONENTAILTEST.06","","Mon Nov 11 01:17:38 GMT 2024","passed","Mon Nov 11 01:17:38 GMT 2024","","ENTAIL","ENTAIL",""
"","1","ADD-REMOVE-MATCH-STRINGS.11","","Mon Nov 11 00:52:21 GMT 2024","passed","Mon Nov 11 00:52:21 GMT 2024","","SPACES","SPACES",""
"","2","SEQUENTIAL-NESTED.01","","Mon Nov 11 00:40:49 GMT 2024","passed","Mon Nov 11 00:40:49 GMT 2024","","METTA-MORPH-TESTS","METTA-MORPH-TESTS",""
"","4000","logic.memb","","Mon Nov 11 00:35:13 GMT 2024","passed","Mon Nov 11 00:35:17 GMT 2024","","WHOLE-TESTS","WHOLE-TESTS",""
"","4","HYPERON-EXPERIMENTAL-ISSUE-516-REDDUCED.01","","Mon Nov 11 01:51:45 GMT 2024","passed","Mon Nov 11 01:51:45 GMT 2024","","DEBUGGING","DEBUGGING",""
"","2","FC-XP.15","","Mon Nov 11 01:18:10 GMT 2024","passed","Mon Nov 11 01:18:10 GMT 2024","","FORWARD-CHAINING","FORWARD-CHAINING",""
"","6","UNIQUE-TEST.14","","Mon Nov 11 00:36:54 GMT 2024","passed","Mon Nov 11 00:36:54 GMT 2024","","HYPERON-METTALOG-SANITY","HYPERON-METTALOG-SANITY",""
"","16000","bigram-sentence-evaluator.bigrams","","Mon Nov 11 00:35:13 GMT 2024","passed","Mon Nov 11 00:35:29 GMT 2024","","WHOLE-TESTS","WHOLE-TESTS",""
"","5000","traverser.basic","","Mon Nov 11 00:35:13 GMT 2024","passed","Mon Nov 11 00:35:18 GMT 2024","","WHOLE-TESTS","WHOLE-TESTS",""
"","2","CURRIED-CHAINER.04","","Mon Nov 11 01:16:05 GMT 2024","passed","Mon Nov 11 01:16:05 GMT 2024","","CURRIED-CHAINING","CURRIED-CHAINING",""
"","12","HIGHER-ORDER-FUNCS.02","","Mon Nov 11 00:53:03 GMT 2024","failed","Mon Nov 11 00:53:03 GMT 2024","","STD","STD",""
"","109","B4-NONDETERM.11","","Mon Nov 11 00:35:17 GMT 2024","passed","Mon Nov 11 00:35:17 GMT 2024","","HYPERON-EXPERIMENTAL-SCRIPTS","HYPERON-EXPERIMENTAL-SCRIPTS",""
"","2","ADD-REMOVE-MATCH-SYMBOLS.10","","Mon Nov 11 00:52:21 GMT 2024","passed","Mon Nov 11 00:52:21 GMT 2024","","SPACES","SPACES",""
"","3","D4-TYPE-PROP.04","","Mon Nov 11 00:35:17 GMT 2024","passed","Mon Nov 11 00:35:17 GMT 2024","","HYPERON-EXPERIMENTAL-SCRIPTS","HYPERON-EXPERIMENTAL-SCRIPTS",""
"","2","BASE-TEST-REPR-PARSE-INTERSECTION.04","","Mon Nov 11 00:36:54 GMT 2024","passed","Mon Nov 11 00:36:54 GMT 2024","","HYPERON-METTALOG-SANITY","HYPERON-METTALOG-SANITY",""
"","1216","TESTS1-PRE.02","","Mon Nov 11 00:45:32 GMT 2024","failed","Mon Nov 11 00:45:33 GMT 2024","","MAIN-BRANCH","MAIN-BRANCH",""
"","2","D1-GADT.02","","Mon Nov 11 00:45:05 GMT 2024","passed","Mon Nov 11 00:45:05 GMT 2024","","QUICK","QUICK",""
"","2","F1-IMPORTS.14","","Mon Nov 11 00:35:17 GMT 2024","passed","Mon Nov 11 00:35:17 GMT 2024","","HYPERON-EXPERIMENTAL-SCRIPTS","HYPERON-EXPERIMENTAL-SCRIPTS",""
"","992","TESTS2.03","","Mon Nov 11 00:45:32 GMT 2024","failed","Mon Nov 11 00:45:32 GMT 2024","","MAIN-BRANCH","MAIN-BRANCH",""
"","2","TYPES2.02","","Mon Nov 11 00:40:49 GMT 2024","passed","Mon Nov 11 00:40:49 GMT 2024","","METTA-MORPH-TESTS","METTA-MORPH-TESTS",""
"","5000","spaces.add-remove-match-strings","","Mon Nov 11 00:35:13 GMT 2024","passed","Mon Nov 11 00:35:18 GMT 2024","","WHOLE-TESTS","WHOLE-TESTS",""
"","2","TESTS0.01","","Mon Nov 11 00:45:32 GMT 2024","passed","Mon Nov 11 00:45:32 GMT 2024","","MAIN-BRANCH","MAIN-BRANCH",""
"","57","TYPES-PRELIM.12","","Mon Nov 11 00:50:03 GMT 2024","failed","Mon Nov 11 00:50:03 GMT 2024","","CHAINING","CHAINING",""
"","2","00A-LANG-COMPILED-CASE.06","","Mon Nov 11 01:47:02 GMT 2024","passed","Mon Nov 11 01:47:02 GMT 2024","","DIRECT-COMP","DIRECT-COMP",""
"","1396","PLLM-PENNTREE.06","","Mon Nov 11 02:09:38 GMT 2024","passed","Mon Nov 11 02:09:39 GMT 2024","","LANGUAGE-MODELS","LANGUAGE-MODELS",""
"","114","SPACE-INTERSECTION-TESTS.09","","Mon Nov 11 00:36:54 GMT 2024","failed","Mon Nov 11 00:36:54 GMT 2024","","HYPERON-METTALOG-SANITY","HYPERON-METTALOG-SANITY",""
"","2","INF-CTL-MONTH-BC-CONT-XP.24","","Mon Nov 11 01:19:26 GMT 2024","passed","Mon Nov 11 01:19:26 GMT 2024","","INFERENCE-CONTROL","INFERENCE-CONTROL",""
"","3","TESTS2.01","","Mon Nov 11 00:45:32 GMT 2024","passed","Mon Nov 11 00:45:32 GMT 2024","","MAIN-BRANCH","MAIN-BRANCH",""
"","3","SPACE-INTERSECTION-TESTS.05","","Mon Nov 11 00:36:54 GMT 2024","passed","Mon Nov 11 00:36:54 GMT 2024","","HYPERON-METTALOG-SANITY","HYPERON-METTALOG-SANITY",""
"","6000","aunt-kg.simple_conversion","","Mon Nov 11 00:35:13 GMT 2024","passed","Mon Nov 11 00:35:19 GMT 2024","","WHOLE-TESTS","WHOLE-TESTS",""
"","6000","nars_v0.tests0","","Mon Nov 11 00:35:13 GMT 2024","passed","Mon Nov 11 00:35:19 GMT 2024","","WHOLE-TESTS","WHOLE-TESTS",""
"","3","D2-HIGHERFUNC.26","","Mon Nov 11 00:45:05 GMT 2024","passed","Mon Nov 11 00:45:05 GMT 2024","","QUICK","QUICK",""
"","1","ADD-REMOVE-MATCH-MIX-FLOAT-INTEGER.23","","Mon Nov 11 00:52:21 GMT 2024","passed","Mon Nov 11 00:52:21 GMT 2024","","SPACES","SPACES",""
"","2","F1-MODULEA.07","","Mon Nov 11 00:45:05 GMT 2024","passed","Mon Nov 11 00:45:05 GMT 2024","","QUICK","QUICK",""
"","93","STDLIB-METTALOG-TEST-PT2.74","","Mon Nov 11 00:54:28 GMT 2024","failed","Mon Nov 11 00:54:28 GMT 2024","","STDLIB-METTALOG","STDLIB-METTALOG",""
"","3","CML-UNSHARED.01","","Mon Nov 11 01:57:07 GMT 2024","passed","Mon Nov 11 01:57:07 GMT 2024","","BASIC","BASIC",""
"","2","D4-TYPE-PROP.07","","Mon Nov 11 00:35:17 GMT 2024","passed","Mon Nov 11 00:35:17 GMT 2024","","HYPERON-EXPERIMENTAL-SCRIPTS","HYPERON-EXPERIMENTAL-SCRIPTS",""
"","3","CHAPTER-2-2.09","","Mon Nov 11 00:54:37 GMT 2024","passed","Mon Nov 11 00:54:37 GMT 2024","","SICP-BOOK","SICP-BOOK",""
"","2","IBC-XP.10","","Mon Nov 11 01:21:29 GMT 2024","passed","Mon Nov 11 01:21:29 GMT 2024","","ITERATIVE-CHAINING","ITERATIVE-CHAINING",""
"","17","STDLIB-METTALOG-TEST-PT2.68","","Mon Nov 11 00:54:28 GMT 2024","failed","Mon Nov 11 00:54:28 GMT 2024","","STDLIB-METTALOG","STDLIB-METTALOG",""
"","2","D2-HIGHERFUNC.26","","Mon Nov 11 01:11:24 GMT 2024","passed","Mon Nov 11 01:11:24 GMT 2024","","CHECK-TYPES","CHECK-TYPES",""
"","53","BACKWARD-CHAINER-XP.01","","Mon Nov 11 01:15:12 GMT 2024","failed","Mon Nov 11 01:15:12 GMT 2024","","BACKWARD-CHAINER","BACKWARD-CHAINER",""
"","4000","transpiler.match_feval","","Mon Nov 11 00:35:13 GMT 2024","passed","Mon Nov 11 00:35:17 GMT 2024","","WHOLE-TESTS","WHOLE-TESTS",""
"","5000","match.DeductionMatchTest","","Mon Nov 11 00:35:13 GMT 2024","passed","Mon Nov 11 00:35:18 GMT 2024","","WHOLE-TESTS","WHOLE-TESTS",""
"","2104","TESTS2.09","","Mon Nov 11 00:45:32 GMT 2024","failed","Mon Nov 11 00:45:34 GMT 2024","","MAIN-BRANCH","MAIN-BRANCH",""
"","2","LET-SUPERPOSE-IF-CASE.01","","Mon Nov 11 00:40:49 GMT 2024","passed","Mon Nov 11 00:40:49 GMT 2024","","METTA-MORPH-TESTS","METTA-MORPH-TESTS",""
"","2","IFC-XP.23","","Mon Nov 11 01:21:29 GMT 2024","passed","Mon Nov 11 01:21:29 GMT 2024","","ITERATIVE-CHAINING","ITERATIVE-CHAINING",""
"","11","SPACE-INTERSECTION-TESTS.16","","Mon Nov 11 00:36:54 GMT 2024","failed","Mon Nov 11 00:36:54 GMT 2024","","HYPERON-METTALOG-SANITY","HYPERON-METTALOG-SANITY",""
"","28","INF-CTL-MONTH-XP-SHORT-6.01","","Mon Nov 11 02:03:27 GMT 2024","failed","Mon Nov 11 02:03:27 GMT 2024","","COMPARISONS","COMPARISONS",""
"","45","IBC-XP.22","","Mon Nov 11 01:21:29 GMT 2024","failed","Mon Nov 11 01:21:29 GMT 2024","","ITERATIVE-CHAINING","ITERATIVE-CHAINING",""
"","984","BC-IMPL.03","","Mon Nov 11 01:48:29 GMT 2024","passed","Mon Nov 11 01:48:29 GMT 2024","","WALK-THRU","WALK-THRU",""
"","2","C1-GROUNDED-BASIC.10","","Mon Nov 11 00:35:17 GMT 2024","passed","Mon Nov 11 00:35:17 GMT 2024","","HYPERON-EXPERIMENTAL-SCRIPTS","HYPERON-EXPERIMENTAL-SCRIPTS",""
"","2","STATE-TYPES.20","","Mon Nov 11 01:57:07 GMT 2024","passed","Mon Nov 11 01:57:07 GMT 2024","","BASIC","BASIC",""
"","2","00A-LANG-COMPILED-CASE.04","","Mon Nov 11 01:47:02 GMT 2024","passed","Mon Nov 11 01:47:02 GMT 2024","","DIRECT-COMP","DIRECT-COMP",""
"","11065","NILS-IF-CONTROL-TEST-2.03","","Mon Nov 11 02:03:27 GMT 2024","passed","Mon Nov 11 02:03:38 GMT 2024","","COMPARISONS","COMPARISONS",""
"","115","TYPE-PROP.75","","Mon Nov 11 01:11:03 GMT 2024","failed","Mon Nov 11 01:11:03 GMT 2024","","CHECK-TYPES-TEMP","CHECK-TYPES-TEMP",""
"","2","PROB-DEP-TYPES.06","","Mon Nov 11 01:03:12 GMT 2024","passed","Mon Nov 11 01:03:12 GMT 2024","","PROB-DEP-TYPES","PROB-DEP-TYPES",""
"","2","CURRIED-CHAINER.05","","Mon Nov 11 01:16:05 GMT 2024","passed","Mon Nov 11 01:16:05 GMT 2024","","CURRIED-CHAINING","CURRIED-CHAINING",""
"","48","DEDUCTIONIMPLICATIONDIRECTINTRODUCTIONDTLTEST.05","","Mon Nov 11 01:14:04 GMT 2024","failed","Mon Nov 11 01:14:04 GMT 2024","","DEPENDENT-TYPES","DEPENDENT-TYPES",""
"","15","REVERSE-ARITHMETIC.02","","Mon Nov 11 01:51:29 GMT 2024","failed","Mon Nov 11 01:51:29 GMT 2024","","BIDIRECTIONAL-COMPUTATION","BIDIRECTIONAL-COMPUTATION",""
"","2","INTERSECTION-TESTS.26","","Mon Nov 11 00:36:54 GMT 2024","passed","Mon Nov 11 00:36:54 GMT 2024","","HYPERON-METTALOG-SANITY","HYPERON-METTALOG-SANITY",""
"","2","SYNTHESIZE-VIA-SUPERPOSE.03","","Mon Nov 11 01:26:05 GMT 2024","passed","Mon Nov 11 01:26:05 GMT 2024","","EXPERIMENTS","EXPERIMENTS",""
"","3","FIRST-ANSWER.01","","Mon Nov 11 00:36:54 GMT 2024","passed","Mon Nov 11 00:36:54 GMT 2024","","HYPERON-METTALOG-SANITY","HYPERON-METTALOG-SANITY",""
"","9","V2-PLN-XP.02","","Mon Nov 11 00:50:03 GMT 2024","passed","Mon Nov 11 00:50:03 GMT 2024","","CHAINING","CHAINING",""
"","2","ADD-REMOVE-MATCH-INTEGER.26","","Mon Nov 11 00:52:21 GMT 2024","passed","Mon Nov 11 00:52:21 GMT 2024","","SPACES","SPACES",""
"","47","STRUCTURE-TESTS.01","","Mon Nov 11 00:36:54 GMT 2024","passed","Mon Nov 11 00:36:54 GMT 2024","","HYPERON-METTALOG-SANITY","HYPERON-METTALOG-SANITY",""
"","2","STDLIB-METTALOG-TEST-PT2.32","","Mon Nov 11 00:54:28 GMT 2024","passed","Mon Nov 11 00:54:28 GMT 2024","","STDLIB-METTALOG","STDLIB-METTALOG",""
"","3","TESTS0.05","","Mon Nov 11 00:40:49 GMT 2024","passed","Mon Nov 11 00:40:49 GMT 2024","","METTA-MORPH-TESTS","METTA-MORPH-TESTS",""
"","2","ADD-REMOVE-MATCH-MIX-FLOAT-INTEGER.04","","Mon Nov 11 00:52:21 GMT 2024","passed","Mon Nov 11 00:52:21 GMT 2024","","SPACES","SPACES",""
"","81","INTERSECTION-TESTS.29","","Mon Nov 11 00:36:54 GMT 2024","failed","Mon Nov 11 00:36:54 GMT 2024","","HYPERON-METTALOG-SANITY","HYPERON-METTALOG-SANITY",""
"","77","TYPE-PROP.60","","Mon Nov 11 01:11:03 GMT 2024","failed","Mon Nov 11 01:11:03 GMT 2024","","CHECK-TYPES-TEMP","CHECK-TYPES-TEMP",""
"","2","NATSTANDALONETEST.05","","Mon Nov 11 01:18:15 GMT 2024","passed","Mon Nov 11 01:18:15 GMT 2024","","HOL","HOL",""
"","3","00A-LANG-COMPILED-CASE.09","","Mon Nov 11 01:47:02 GMT 2024","passed","Mon Nov 11 01:47:02 GMT 2024","","DIRECT-COMP","DIRECT-COMP",""
"","2","ORDEREDSETTEST.05","","Mon Nov 11 01:15:27 GMT 2024","passed","Mon Nov 11 01:15:27 GMT 2024","","COMMON","COMMON",""
"","2","D2-HIGHERFUNC.26","","Mon Nov 11 00:35:17 GMT 2024","passed","Mon Nov 11 00:35:17 GMT 2024","","HYPERON-EXPERIMENTAL-SCRIPTS","HYPERON-EXPERIMENTAL-SCRIPTS",""
"","40000","stack-based.rewrites","","Mon Nov 11 00:35:13 GMT 2024","failed","Mon Nov 11 00:35:53 GMT 2024","","WHOLE-TESTS","WHOLE-TESTS",""
"","70","STDLIB-METTALOG-TEST-PT2.12","","Mon Nov 11 00:54:28 GMT 2024","failed","Mon Nov 11 00:54:28 GMT 2024","","STDLIB-METTALOG","STDLIB-METTALOG",""
"","1","B5-TYPES-PRELIM.22","","Mon Nov 11 00:35:17 GMT 2024","passed","Mon Nov 11 00:35:17 GMT 2024","","HYPERON-EXPERIMENTAL-SCRIPTS","HYPERON-EXPERIMENTAL-SCRIPTS",""
"","3","ORDEREDSETTEST.01","","Mon Nov 11 01:15:27 GMT 2024","passed","Mon Nov 11 01:15:27 GMT 2024","","COMMON","COMMON",""
"","2","TMPMATCH1.02","","Mon Nov 11 00:42:55 GMT 2024","passed","Mon Nov 11 00:42:55 GMT 2024","","ANTI-REGRESSION","ANTI-REGRESSION",""
"","2","B5-TYPES-PRELIM.09","","Mon Nov 11 00:35:17 GMT 2024","passed","Mon Nov 11 00:35:17 GMT 2024","","HYPERON-EXPERIMENTAL-SCRIPTS","HYPERON-EXPERIMENTAL-SCRIPTS",""
"","2","BCHAIN.04","","Mon Nov 11 00:42:55 GMT 2024","passed","Mon Nov 11 00:42:55 GMT 2024","","ANTI-REGRESSION","ANTI-REGRESSION",""
"","2","E2-STATES.09","","Mon Nov 11 01:11:24 GMT 2024","passed","Mon Nov 11 01:11:24 GMT 2024","","CHECK-TYPES","CHECK-TYPES",""
"","2","D1-GADT.08","","Mon Nov 11 00:45:05 GMT 2024","passed","Mon Nov 11 00:45:05 GMT 2024","","QUICK","QUICK",""
"","2","DEBUG-METTALOGTESTCURRIED.06","","Mon Nov 11 01:48:29 GMT 2024","passed","Mon Nov 11 01:48:29 GMT 2024","","WALK-THRU","WALK-THRU",""
"","6000","hyperon-experimental_scripts.c3_pln_stv","","Mon Nov 11 00:35:13 GMT 2024","passed","Mon Nov 11 00:35:19 GMT 2024","","WHOLE-TESTS","WHOLE-TESTS",""
"","63","B5-TYPES-PRELIM.14","","Mon Nov 11 01:11:03 GMT 2024","failed","Mon Nov 11 01:11:03 GMT 2024","","CHECK-TYPES-TEMP","CHECK-TYPES-TEMP",""
"","16","05-MATCH-SUPERPOSE-ELEMENT-LIKE-SPACE.01","","Mon Nov 11 01:51:41 GMT 2024","failed","Mon Nov 11 01:51:41 GMT 2024","","CONTAINERS-ARE-SPACES","CONTAINERS-ARE-SPACES",""
"","4000","walk_thru.comma_is_not_special","","Mon Nov 11 00:35:13 GMT 2024","passed","Mon Nov 11 00:35:17 GMT 2024","","WHOLE-TESTS","WHOLE-TESTS",""
"","2","BACKWARD-CHAINER-XP.29","","Mon Nov 11 01:15:12 GMT 2024","passed","Mon Nov 11 01:15:12 GMT 2024","","BACKWARD-CHAINER","BACKWARD-CHAINER",""
"","2","TESTS5.02","","Mon Nov 11 00:45:32 GMT 2024","passed","Mon Nov 11 00:45:32 GMT 2024","","MAIN-BRANCH","MAIN-BRANCH",""
"","4000","bidirectional_computation.relative-arithmetic","","Mon Nov 11 00:35:13 GMT 2024","passed","Mon Nov 11 00:35:17 GMT 2024","","WHOLE-TESTS","WHOLE-TESTS",""
"","3","NAIVE-FIB.01","","Mon Nov 11 02:03:27 GMT 2024","passed","Mon Nov 11 02:03:27 GMT 2024","","COMPARISONS","COMPARISONS",""
"","56","DEDUCTIONDTLTEST.01","","Mon Nov 11 01:14:04 GMT 2024","failed","Mon Nov 11 01:14:04 GMT 2024","","DEPENDENT-TYPES","DEPENDENT-TYPES",""
"","1592","SELF-CONTAINED-SYNTHESIZE.09","","Mon Nov 11 01:26:05 GMT 2024","failed","Mon Nov 11 01:26:06 GMT 2024","","EXPERIMENTS","EXPERIMENTS",""
"","2","SUBTRACTION-TEST.01","","Mon Nov 11 00:36:54 GMT 2024","passed","Mon Nov 11 00:36:54 GMT 2024","","HYPERON-METTALOG-SANITY","HYPERON-METTALOG-SANITY",""
"","2","ADD-REMOVE-MATCH-SYMBOLS.12","","Mon Nov 11 00:52:21 GMT 2024","passed","Mon Nov 11 00:52:21 GMT 2024","","SPACES","SPACES",""
"","1","HYPERPOSING-SHARED.09","","Mon Nov 11 01:57:07 GMT 2024","passed","Mon Nov 11 01:57:07 GMT 2024","","BASIC","BASIC",""
"","2","D2-HIGHERFUNC.09","","Mon Nov 11 00:35:17 GMT 2024","passed","Mon Nov 11 00:35:17 GMT 2024","","HYPERON-EXPERIMENTAL-SCRIPTS","HYPERON-EXPERIMENTAL-SCRIPTS",""
"","245","SELF-CONTAINED-SYNTHESIZE.02","","Mon Nov 11 01:26:05 GMT 2024","failed","Mon Nov 11 01:26:05 GMT 2024","","EXPERIMENTS","EXPERIMENTS",""
"","2","METTALOGTESTCURRIED2.03","","Mon Nov 11 00:42:55 GMT 2024","passed","Mon Nov 11 00:42:55 GMT 2024","","ANTI-REGRESSION","ANTI-REGRESSION",""
"","3","TYPE-PROP.71","","Mon Nov 11 01:11:03 GMT 2024","passed","Mon Nov 11 01:11:03 GMT 2024","","CHECK-TYPES-TEMP","CHECK-TYPES-TEMP",""
"","2","TYPE-PROP.37","","Mon Nov 11 01:11:03 GMT 2024","passed","Mon Nov 11 01:11:03 GMT 2024","","CHECK-TYPES-TEMP","CHECK-TYPES-TEMP",""
"","73","D2-HIGHERFUNC.07","","Mon Nov 11 01:11:24 GMT 2024","failed","Mon Nov 11 01:11:24 GMT 2024","","CHECK-TYPES","CHECK-TYPES",""
"","2","IMPLICATIONDIRECTINTRODUCTIONDTLTEST.02","","Mon Nov 11 01:14:04 GMT 2024","passed","Mon Nov 11 01:14:04 GMT 2024","","DEPENDENT-TYPES","DEPENDENT-TYPES",""
"","1","D4-TYPE-PROP.08","","Mon Nov 11 00:35:17 GMT 2024","passed","Mon Nov 11 00:35:17 GMT 2024","","HYPERON-EXPERIMENTAL-SCRIPTS","HYPERON-EXPERIMENTAL-SCRIPTS",""
"","2","IFC-XP.08","","Mon Nov 11 01:21:29 GMT 2024","passed","Mon Nov 11 01:21:29 GMT 2024","","ITERATIVE-CHAINING","ITERATIVE-CHAINING",""
"","2","TESTS0.04","","Mon Nov 11 01:30:15 GMT 2024","passed","Mon Nov 11 01:30:15 GMT 2024","","CURRENT","CURRENT",""
"","2","SUBTRACTION-TEST.06","","Mon Nov 11 00:36:54 GMT 2024","passed","Mon Nov 11 00:36:54 GMT 2024","","HYPERON-METTALOG-SANITY","HYPERON-METTALOG-SANITY",""
"","2","C1-GROUNDED-BASIC.03","","Mon Nov 11 00:35:17 GMT 2024","passed","Mon Nov 11 00:35:17 GMT 2024","","HYPERON-EXPERIMENTAL-SCRIPTS","HYPERON-EXPERIMENTAL-SCRIPTS",""
"","2","ADD-REMOVE-MATCH-INTEGER.31","","Mon Nov 11 00:52:21 GMT 2024","passed","Mon Nov 11 00:52:21 GMT 2024","","SPACES","SPACES",""
"","67","IMPL-METTALOGTESTCURRIED.07","","Mon Nov 11 01:48:29 GMT 2024","passed","Mon Nov 11 01:48:29 GMT 2024","","WALK-THRU","WALK-THRU",""
"","2","IS-SPACE.01","","Mon Nov 11 00:36:54 GMT 2024","passed","Mon Nov 11 00:36:54 GMT 2024","","HYPERON-METTALOG-SANITY","HYPERON-METTALOG-SANITY",""
"","40000","combinator_logic_experiments.y_comb_examples","","Mon Nov 11 00:35:13 GMT 2024","failed","Mon Nov 11 00:35:53 GMT 2024","","WHOLE-TESTS","WHOLE-TESTS",""
"","115","STDLIB-METTALOG-TEST-PT2.75","","Mon Nov 11 00:54:28 GMT 2024","failed","Mon Nov 11 00:54:28 GMT 2024","","STDLIB-METTALOG","STDLIB-METTALOG",""
"","64","NONDETERM.02","","Mon Nov 11 00:53:03 GMT 2024","passed","Mon Nov 11 00:53:03 GMT 2024","","STD","STD",""
"","2","IS-SPACE.03","","Mon Nov 11 00:36:54 GMT 2024","passed","Mon Nov 11 00:36:54 GMT 2024","","HYPERON-METTALOG-SANITY","HYPERON-METTALOG-SANITY",""
"","3","BC-XP.28","","Mon Nov 11 01:15:17 GMT 2024","passed","Mon Nov 11 01:15:17 GMT 2024","","BACKWARD-CHAINING","BACKWARD-CHAINING",""
"","3","FC-XP.27","","Mon Nov 11 01:18:10 GMT 2024","passed","Mon Nov 11 01:18:10 GMT 2024","","FORWARD-CHAINING","FORWARD-CHAINING",""
"","5000","hyperon-experimental_scripts.e1_kb_write","","Mon Nov 11 00:35:13 GMT 2024","passed","Mon Nov 11 00:35:18 GMT 2024","","WHOLE-TESTS","WHOLE-TESTS",""
"","108","NUMTEST.07","","Mon Nov 11 01:15:27 GMT 2024","failed","Mon Nov 11 01:15:27 GMT 2024","","COMMON","COMMON",""
"","3","06-MATCH-IN-SPACE.03","","Mon Nov 11 00:36:54 GMT 2024","passed","Mon Nov 11 00:36:54 GMT 2024","","HYPERON-METTALOG-SANITY","HYPERON-METTALOG-SANITY",""
"","2","B5-TYPES-PRELIM.25","","Mon Nov 11 01:11:03 GMT 2024","passed","Mon Nov 11 01:11:03 GMT 2024","","CHECK-TYPES-TEMP","CHECK-TYPES-TEMP",""
"","2","AI-SERVICE-COMPOSITION-EASY.04","","Mon Nov 11 01:08:34 GMT 2024","passed","Mon Nov 11 01:08:34 GMT 2024","","AI-SERVICE","AI-SERVICE",""
"","13","INF-CTL-MONTH-XP.08","","Mon Nov 11 01:19:26 GMT 2024","failed","Mon Nov 11 01:19:26 GMT 2024","","INFERENCE-CONTROL","INFERENCE-CONTROL",""
"","2","BACKWARD-CHAINER-XP.33","","Mon Nov 11 01:15:12 GMT 2024","passed","Mon Nov 11 01:15:12 GMT 2024","","BACKWARD-CHAINER","BACKWARD-CHAINER",""
"","5","NUMTEST.02","","Mon Nov 11 01:15:27 GMT 2024","passed","Mon Nov 11 01:15:27 GMT 2024","","COMMON","COMMON",""
"","2","B5-TYPES-PRELIM.09","","Mon Nov 11 01:11:03 GMT 2024","passed","Mon Nov 11 01:11:03 GMT 2024","","CHECK-TYPES-TEMP","CHECK-TYPES-TEMP",""
"","3","BC-COMP.04","","Mon Nov 11 00:42:55 GMT 2024","passed","Mon Nov 11 00:42:55 GMT 2024","","ANTI-REGRESSION","ANTI-REGRESSION",""
"","2","FC-XP.22","","Mon Nov 11 01:18:10 GMT 2024","passed","Mon Nov 11 01:18:10 GMT 2024","","FORWARD-CHAINING","FORWARD-CHAINING",""
"","4","IMPLICATIONDIRECTINTRODUCTIONDTLTEST.06","","Mon Nov 11 01:14:04 GMT 2024","passed","Mon Nov 11 01:14:04 GMT 2024","","DEPENDENT-TYPES","DEPENDENT-TYPES",""
"","2","BC-XP.19","","Mon Nov 11 01:15:17 GMT 2024","passed","Mon Nov 11 01:15:17 GMT 2024","","BACKWARD-CHAINING","BACKWARD-CHAINING",""
"","4","SHOW-TYPE.05","","Mon Nov 11 00:52:05 GMT 2024","passed","Mon Nov 11 00:52:05 GMT 2024","","INTROSPECT","INTROSPECT",""
"","7","TYPE-PROP.38","","Mon Nov 11 01:11:03 GMT 2024","passed","Mon Nov 11 01:11:03 GMT 2024","","CHECK-TYPES-TEMP","CHECK-TYPES-TEMP",""
"","2","STATE-TYPES.14","","Mon Nov 11 01:57:07 GMT 2024","passed","Mon Nov 11 01:57:07 GMT 2024","","BASIC","BASIC",""
"","5000","metta-morph_tests.multifunction","","Mon Nov 11 00:35:13 GMT 2024","passed","Mon Nov 11 00:35:18 GMT 2024","","WHOLE-TESTS","WHOLE-TESTS",""
"","20","ORDEREDSETTEST.11","","Mon Nov 11 01:15:27 GMT 2024","passed","Mon Nov 11 01:15:27 GMT 2024","","COMMON","COMMON",""
"","118","TESTS0.01","","Mon Nov 11 01:43:08 GMT 2024","passed","Mon Nov 11 01:43:08 GMT 2024","","PREV","PREV",""
"","2","B5-TYPES-PRELIM.13","","Mon Nov 11 00:35:17 GMT 2024","passed","Mon Nov 11 00:35:17 GMT 2024","","HYPERON-EXPERIMENTAL-SCRIPTS","HYPERON-EXPERIMENTAL-SCRIPTS",""
"","76","INTERSECTION-TESTS.31","","Mon Nov 11 00:36:54 GMT 2024","failed","Mon Nov 11 00:36:54 GMT 2024","","HYPERON-METTALOG-SANITY","HYPERON-METTALOG-SANITY",""
"","3","TYPE-PROP.17","","Mon Nov 11 01:11:03 GMT 2024","passed","Mon Nov 11 01:11:03 GMT 2024","","CHECK-TYPES-TEMP","CHECK-TYPES-TEMP",""
"","2","STATES-SPACES.03","","Mon Nov 11 00:40:49 GMT 2024","passed","Mon Nov 11 00:40:49 GMT 2024","","METTA-MORPH-TESTS","METTA-MORPH-TESTS",""
"","60","STDLIB-METTALOG-TEST-PT2.10","","Mon Nov 11 00:54:28 GMT 2024","failed","Mon Nov 11 00:54:28 GMT 2024","","STDLIB-METTALOG","STDLIB-METTALOG",""
"","2","NATSTANDALONETEST.08","","Mon Nov 11 01:18:15 GMT 2024","passed","Mon Nov 11 01:18:15 GMT 2024","","HOL","HOL",""
"","4","SEALED-TEST.03","","Mon Nov 11 00:36:54 GMT 2024","passed","Mon Nov 11 00:36:54 GMT 2024","","HYPERON-METTALOG-SANITY","HYPERON-METTALOG-SANITY",""
"","1119","TRAINING.01","","Mon Nov 11 02:09:38 GMT 2024","passed","Mon Nov 11 02:09:39 GMT 2024","","LANGUAGE-MODELS","LANGUAGE-MODELS",""
"","287","IBC-XP.29","","Mon Nov 11 01:21:29 GMT 2024","passed","Mon Nov 11 01:21:29 GMT 2024","","ITERATIVE-CHAINING","ITERATIVE-CHAINING",""
"","1","HYPERPOSE.07","","Mon Nov 11 00:40:49 GMT 2024","passed","Mon Nov 11 00:40:49 GMT 2024","","METTA-MORPH-TESTS","METTA-MORPH-TESTS",""
"","2","STRING-TESTS.04","","Mon Nov 11 00:36:54 GMT 2024","passed","Mon Nov 11 00:36:54 GMT 2024","","HYPERON-METTALOG-SANITY","HYPERON-METTALOG-SANITY",""
"","3","BACKWARD-CHAINER-XP.18","","Mon Nov 11 01:15:12 GMT 2024","passed","Mon Nov 11 01:15:12 GMT 2024","","BACKWARD-CHAINER","BACKWARD-CHAINER",""
"","2","F1-IMPORTS.11","","Mon Nov 11 00:35:08 GMT 2024","passed","Mon Nov 11 00:35:08 GMT 2024","","MODULE-SYSTEM","MODULE-SYSTEM",""
"","1","NATPARITYTEST.03","","Mon Nov 11 01:18:15 GMT 2024","passed","Mon Nov 11 01:18:15 GMT 2024","","HOL","HOL",""
"","83","F1-IMPORTS.18","","Mon Nov 11 00:45:05 GMT 2024","passed","Mon Nov 11 00:45:05 GMT 2024","","QUICK","QUICK",""
"","4","MATCH-FEVAL.01","","Mon Nov 11 00:40:49 GMT 2024","passed","Mon Nov 11 00:40:49 GMT 2024","","METTA-MORPH-TESTS","METTA-MORPH-TESTS",""
"","2","F1-MODULEA.04","","Mon Nov 11 00:45:05 GMT 2024","passed","Mon Nov 11 00:45:05 GMT 2024","","QUICK","QUICK",""
"","3","OBIF.01","","Mon Nov 11 01:54:48 GMT 2024","passed","Mon Nov 11 01:54:48 GMT 2024","","MULTIDIRECTIONAL","MULTIDIRECTIONAL",""
"","2","FORWARD-CHAINER-XP.10","","Mon Nov 11 01:17:59 GMT 2024","passed","Mon Nov 11 01:17:59 GMT 2024","","FORWARD-CHAINER","FORWARD-CHAINER",""
"","2","SPACE-INTERSECTION-TESTS.11","","Mon Nov 11 00:36:54 GMT 2024","passed","Mon Nov 11 00:36:54 GMT 2024","","HYPERON-METTALOG-SANITY","HYPERON-METTALOG-SANITY",""
"","3","F1-MODULEA.05","","Mon Nov 11 00:35:17 GMT 2024","passed","Mon Nov 11 00:35:17 GMT 2024","","HYPERON-EXPERIMENTAL-SCRIPTS","HYPERON-EXPERIMENTAL-SCRIPTS",""
"","2","INF-CTL-MONTH-BC-CONT-XP.17","","Mon Nov 11 01:19:26 GMT 2024","passed","Mon Nov 11 01:19:26 GMT 2024","","INFERENCE-CONTROL","INFERENCE-CONTROL",""
"","2","TESTS2.08","","Mon Nov 11 00:45:32 GMT 2024","passed","Mon Nov 11 00:45:32 GMT 2024","","MAIN-BRANCH","MAIN-BRANCH",""
"","1","F1-MODULEA.07","","Mon Nov 11 00:35:08 GMT 2024","passed","Mon Nov 11 00:35:08 GMT 2024","","MODULE-SYSTEM","MODULE-SYSTEM",""
"","65","D5-AUTO-TYPES.02","","Mon Nov 11 01:11:24 GMT 2024","failed","Mon Nov 11 01:11:24 GMT 2024","","CHECK-TYPES","CHECK-TYPES",""
"","2","INF-CTL-MONTH-XP-SHORT-3.09","","Mon Nov 11 02:03:27 GMT 2024","passed","Mon Nov 11 02:03:27 GMT 2024","","COMPARISONS","COMPARISONS",""
"","2","DEDUCTIONIMPLICATIONDIRECTINTRODUCTIONDTLTEST.01","","Mon Nov 11 01:14:04 GMT 2024","passed","Mon Nov 11 01:14:04 GMT 2024","","DEPENDENT-TYPES","DEPENDENT-TYPES",""
"","9","TEST-INFER-FUNCTION-APPLICATION-TYPE.04","","Mon Nov 11 01:57:07 GMT 2024","failed","Mon Nov 11 01:57:07 GMT 2024","","BASIC","BASIC",""
"","14","CREATE-SERVER.02","","Mon Nov 11 01:52:52 GMT 2024","failed","Mon Nov 11 01:52:52 GMT 2024","","DISTRIBUTED-PROCESSING","DISTRIBUTED-PROCESSING",""
"","41000","subtyping.subtyping-test","","Mon Nov 11 00:35:13 GMT 2024","failed","Mon Nov 11 00:35:54 GMT 2024","","WHOLE-TESTS","WHOLE-TESTS",""
"","1","C1-GROUNDED-BASIC.16","","Mon Nov 11 00:35:17 GMT 2024","passed","Mon Nov 11 00:35:17 GMT 2024","","HYPERON-EXPERIMENTAL-SCRIPTS","HYPERON-EXPERIMENTAL-SCRIPTS",""
"","2","D4-TYPE-PROP.08","","Mon Nov 11 00:45:05 GMT 2024","passed","Mon Nov 11 00:45:05 GMT 2024","","QUICK","QUICK",""
"","3","MODUSPONENSDTLTEST.02","","Mon Nov 11 01:14:04 GMT 2024","passed","Mon Nov 11 01:14:04 GMT 2024","","DEPENDENT-TYPES","DEPENDENT-TYPES",""
"","5000","metta-morph_tests.let_superpose_list","","Mon Nov 11 00:35:13 GMT 2024","passed","Mon Nov 11 00:35:18 GMT 2024","","WHOLE-TESTS","WHOLE-TESTS",""
"","2","D2-HIGHERFUNC.11","","Mon Nov 11 00:45:05 GMT 2024","passed","Mon Nov 11 00:45:05 GMT 2024","","QUICK","QUICK",""
"","3","EVIDENTIALTRUTHVALUETEST.01","","Mon Nov 11 01:15:55 GMT 2024","passed","Mon Nov 11 01:15:55 GMT 2024","","TRUTHVALUE","TRUTHVALUE",""
"","3","BACKWARD-CHAINER-XP.22","","Mon Nov 11 01:15:12 GMT 2024","passed","Mon Nov 11 01:15:12 GMT 2024","","BACKWARD-CHAINER","BACKWARD-CHAINER",""
"","3","IBC-XP.09","","Mon Nov 11 01:21:29 GMT 2024","passed","Mon Nov 11 01:21:29 GMT 2024","","ITERATIVE-CHAINING","ITERATIVE-CHAINING",""
"","2","SPACE-INTERSECTION-TESTS.13","","Mon Nov 11 00:36:54 GMT 2024","passed","Mon Nov 11 00:36:54 GMT 2024","","HYPERON-METTALOG-SANITY","HYPERON-METTALOG-SANITY",""
"","2","DEDUCTIONFORMULATEST.05","","Mon Nov 11 01:15:51 GMT 2024","passed","Mon Nov 11 01:15:51 GMT 2024","","FORMULA","FORMULA",""
"","2","TYPE-PROP.68","","Mon Nov 11 01:11:03 GMT 2024","passed","Mon Nov 11 01:11:03 GMT 2024","","CHECK-TYPES-TEMP","CHECK-TYPES-TEMP",""
"","171","QUERIES.10","","Mon Nov 11 01:07:42 GMT 2024","passed","Mon Nov 11 01:07:42 GMT 2024","","STRIPS-TO-METTA-IMPROVED","STRIPS-TO-METTA-IMPROVED",""
"","43000","synth_buffer.time_synthesize","","Mon Nov 11 00:35:13 GMT 2024","failed","Mon Nov 11 00:35:56 GMT 2024","","WHOLE-TESTS","WHOLE-TESTS",""
"","64","OBIF-CLP.01","","Mon Nov 11 01:54:48 GMT 2024","failed","Mon Nov 11 01:54:48 GMT 2024","","MULTIDIRECTIONAL","MULTIDIRECTIONAL",""
"","2","INTERSECTION-TESTS.03","","Mon Nov 11 00:36:54 GMT 2024","passed","Mon Nov 11 00:36:54 GMT 2024","","HYPERON-METTALOG-SANITY","HYPERON-METTALOG-SANITY",""
"","2","00-LANG-CASE.18","","Mon Nov 11 00:36:54 GMT 2024","passed","Mon Nov 11 00:36:54 GMT 2024","","HYPERON-METTALOG-SANITY","HYPERON-METTALOG-SANITY",""
"","2","TEST-IF-CLOSED.04","","Mon Nov 11 01:48:29 GMT 2024","passed","Mon Nov 11 01:48:29 GMT 2024","","WALK-THRU","WALK-THRU",""
"","2","TYPE-PROP.02","","Mon Nov 11 01:11:03 GMT 2024","passed","Mon Nov 11 01:11:03 GMT 2024","","CHECK-TYPES-TEMP","CHECK-TYPES-TEMP",""
"","2","METTALOGTESTCURRIED2.06","","Mon Nov 11 00:42:55 GMT 2024","passed","Mon Nov 11 00:42:55 GMT 2024","","ANTI-REGRESSION","ANTI-REGRESSION",""
"","5000","entail.ImplicationDirectIntroductionEntailTest","","Mon Nov 11 00:35:13 GMT 2024","passed","Mon Nov 11 00:35:18 GMT 2024","","WHOLE-TESTS","WHOLE-TESTS",""
"","2","E2-STATES.03","","Mon Nov 11 01:11:24 GMT 2024","passed","Mon Nov 11 01:11:24 GMT 2024","","CHECK-TYPES","CHECK-TYPES",""
"","11","C1-GROUNDED-BASIC.23","","Mon Nov 11 00:45:05 GMT 2024","passed","Mon Nov 11 00:45:05 GMT 2024","","QUICK","QUICK",""
"","4000","multidirectional.obif_easy","","Mon Nov 11 00:35:13 GMT 2024","passed","Mon Nov 11 00:35:17 GMT 2024","","WHOLE-TESTS","WHOLE-TESTS",""
"","2","F1-IMPORTS.12","","Mon Nov 11 00:45:05 GMT 2024","passed","Mon Nov 11 00:45:05 GMT 2024","","QUICK","QUICK",""
"","1169","TESTS2.05","","Mon Nov 11 00:45:32 GMT 2024","failed","Mon Nov 11 00:45:33 GMT 2024","","MAIN-BRANCH","MAIN-BRANCH",""
"","2","HIGHER-ORDER-FUNCS.07","","Mon Nov 11 00:53:03 GMT 2024","passed","Mon Nov 11 00:53:03 GMT 2024","","STD","STD",""
"","2","BC-COMP.02","","Mon Nov 11 00:42:55 GMT 2024","passed","Mon Nov 11 00:42:55 GMT 2024","","ANTI-REGRESSION","ANTI-REGRESSION",""
"","1","D4-TYPE-PROP.10","","Mon Nov 11 00:45:05 GMT 2024","passed","Mon Nov 11 00:45:05 GMT 2024","","QUICK","QUICK",""
"","2","TEST-IF-CLOSED.02","","Mon Nov 11 00:42:55 GMT 2024","passed","Mon Nov 11 00:42:55 GMT 2024","","ANTI-REGRESSION","ANTI-REGRESSION",""
"","2","D3-DEPTYPES.03","","Mon Nov 11 00:35:17 GMT 2024","passed","Mon Nov 11 00:35:17 GMT 2024","","HYPERON-EXPERIMENTAL-SCRIPTS","HYPERON-EXPERIMENTAL-SCRIPTS",""
"","6000","nars_extras.RUN_minnars","","Mon Nov 11 00:35:13 GMT 2024","passed","Mon Nov 11 00:35:19 GMT 2024","","WHOLE-TESTS","WHOLE-TESTS",""
"","2","TMPMATCH1.03","","Mon Nov 11 01:48:29 GMT 2024","passed","Mon Nov 11 01:48:29 GMT 2024","","WALK-THRU","WALK-THRU",""
"","3","FC-XP.10","","Mon Nov 11 01:18:10 GMT 2024","passed","Mon Nov 11 01:18:10 GMT 2024","","FORWARD-CHAINING","FORWARD-CHAINING",""
"","2","PREREQS.03","","Mon Nov 11 00:45:32 GMT 2024","passed","Mon Nov 11 00:45:32 GMT 2024","","MAIN-BRANCH","MAIN-BRANCH",""
"","73","STATE-TYPES.06","","Mon Nov 11 01:57:07 GMT 2024","failed","Mon Nov 11 01:57:07 GMT 2024","","BASIC","BASIC",""
"","3","E1-KB-WRITE.01","","Mon Nov 11 00:35:17 GMT 2024","passed","Mon Nov 11 00:35:17 GMT 2024","","HYPERON-EXPERIMENTAL-SCRIPTS","HYPERON-EXPERIMENTAL-SCRIPTS",""
"","1","BCHAIN.03","","Mon Nov 11 01:48:29 GMT 2024","passed","Mon Nov 11 01:48:29 GMT 2024","","WALK-THRU","WALK-THRU",""
"","1","BACKWARD-CHAINER-XP.27","","Mon Nov 11 01:15:12 GMT 2024","passed","Mon Nov 11 01:15:12 GMT 2024","","BACKWARD-CHAINER","BACKWARD-CHAINER",""
"","3","TMPMATCH1.01","","Mon Nov 11 00:42:55 GMT 2024","passed","Mon Nov 11 00:42:55 GMT 2024","","ANTI-REGRESSION","ANTI-REGRESSION",""
"","5000","equal.ImplicationDirectIntroductionEqualTest","","Mon Nov 11 00:35:13 GMT 2024","passed","Mon Nov 11 00:35:18 GMT 2024","","WHOLE-TESTS","WHOLE-TESTS",""
"","2","IFC-XP.37","","Mon Nov 11 01:21:29 GMT 2024","passed","Mon Nov 11 01:21:29 GMT 2024","","ITERATIVE-CHAINING","ITERATIVE-CHAINING",""
"","2","ADD-REMOVE-MATCH-MIX-FLOAT-INTEGER.09","","Mon Nov 11 00:52:21 GMT 2024","passed","Mon Nov 11 00:52:21 GMT 2024","","SPACES","SPACES",""
"","46","BACKWARD-CHAINER-XP.25","","Mon Nov 11 01:15:12 GMT 2024","failed","Mon Nov 11 01:15:12 GMT 2024","","BACKWARD-CHAINER","BACKWARD-CHAINER",""
"","5","SPACE-SUBTRACTION-TESTS.11","","Mon Nov 11 00:36:54 GMT 2024","passed","Mon Nov 11 00:36:54 GMT 2024","","HYPERON-METTALOG-SANITY","HYPERON-METTALOG-SANITY",""
"","2","TEST-IF-CLOSED.03","","Mon Nov 11 01:48:29 GMT 2024","passed","Mon Nov 11 01:48:29 GMT 2024","","WALK-THRU","WALK-THRU",""
"","6000","nars_extras.RUN_minnars_trimmed","","Mon Nov 11 00:35:13 GMT 2024","passed","Mon Nov 11 00:35:19 GMT 2024","","WHOLE-TESTS","WHOLE-TESTS",""
"","2","F1-IMPORTS.12","","Mon Nov 11 00:35:17 GMT 2024","passed","Mon Nov 11 00:35:17 GMT 2024","","HYPERON-EXPERIMENTAL-SCRIPTS","HYPERON-EXPERIMENTAL-SCRIPTS",""
"","2","ADD-ATOM-NAIVE-FIB.04","","Mon Nov 11 02:03:27 GMT 2024","passed","Mon Nov 11 02:03:27 GMT 2024","","COMPARISONS","COMPARISONS",""
"","2","NATSTANDALONETEST.03","","Mon Nov 11 01:18:15 GMT 2024","passed","Mon Nov 11 01:18:15 GMT 2024","","HOL","HOL",""
"","1","ADD-REMOVE-MATCH-SS-SYMBOLS.05","","Mon Nov 11 00:52:21 GMT 2024","passed","Mon Nov 11 00:52:21 GMT 2024","","SPACES","SPACES",""
"","128","INTERPRETER.01","","Mon Nov 11 01:06:53 GMT 2024","failed","Mon Nov 11 01:06:53 GMT 2024","","STACK-BASED","STACK-BASED",""
"","4000","chaining.pln_stv","","Mon Nov 11 00:35:13 GMT 2024","passed","Mon Nov 11 00:35:17 GMT 2024","","WHOLE-TESTS","WHOLE-TESTS",""
"","3","A3-TWOSIDE.03","","Mon Nov 11 00:35:17 GMT 2024","passed","Mon Nov 11 00:35:17 GMT 2024","","HYPERON-EXPERIMENTAL-SCRIPTS","HYPERON-EXPERIMENTAL-SCRIPTS",""
"","6","SPACE-SUBTRACTION-TESTS.09","","Mon Nov 11 00:36:54 GMT 2024","passed","Mon Nov 11 00:36:54 GMT 2024","","HYPERON-METTALOG-SANITY","HYPERON-METTALOG-SANITY",""
"","1","HYPERPOSING-UNSHARED.08","","Mon Nov 11 01:57:07 GMT 2024","passed","Mon Nov 11 01:57:07 GMT 2024","","BASIC","BASIC",""
"","139","SHOW-TYPE.02","","Mon Nov 11 00:52:05 GMT 2024","failed","Mon Nov 11 00:52:05 GMT 2024","","INTROSPECT","INTROSPECT",""
"","58","TYPES-PRELIM.11","","Mon Nov 11 00:50:03 GMT 2024","failed","Mon Nov 11 00:50:03 GMT 2024","","CHAINING","CHAINING",""
"","2","PC-XP.03","","Mon Nov 11 01:24:11 GMT 2024","passed","Mon Nov 11 01:24:11 GMT 2024","","POLYWARD-CHAINING","POLYWARD-CHAINING",""
"","2","F1-MODULEA.02","","Mon Nov 11 00:35:17 GMT 2024","passed","Mon Nov 11 00:35:17 GMT 2024","","HYPERON-EXPERIMENTAL-SCRIPTS","HYPERON-EXPERIMENTAL-SCRIPTS",""
"","5","UNIQUE-TEST.11","","Mon Nov 11 00:36:54 GMT 2024","passed","Mon Nov 11 00:36:54 GMT 2024","","HYPERON-METTALOG-SANITY","HYPERON-METTALOG-SANITY",""
"","1","CHAPTER-1-1.09","","Mon Nov 11 00:54:37 GMT 2024","passed","Mon Nov 11 00:54:37 GMT 2024","","SICP-BOOK","SICP-BOOK",""
"","2","D4-TYPE-PROP.14","","Mon Nov 11 00:35:17 GMT 2024","passed","Mon Nov 11 00:35:17 GMT 2024","","HYPERON-EXPERIMENTAL-SCRIPTS","HYPERON-EXPERIMENTAL-SCRIPTS",""
"","9","MATCH-VOID.05","","Mon Nov 11 00:40:49 GMT 2024","passed","Mon Nov 11 00:40:49 GMT 2024","","METTA-MORPH-TESTS","METTA-MORPH-TESTS",""
"","2","B5-TYPES-PRELIM.26","","Mon Nov 11 01:11:03 GMT 2024","passed","Mon Nov 11 01:11:03 GMT 2024","","CHECK-TYPES-TEMP","CHECK-TYPES-TEMP",""
"","3","HYPERPOSE.01","","Mon Nov 11 00:40:49 GMT 2024","passed","Mon Nov 11 00:40:49 GMT 2024","","METTA-MORPH-TESTS","METTA-MORPH-TESTS",""
"","2","NATSTANDALONETEST.09","","Mon Nov 11 01:18:15 GMT 2024","passed","Mon Nov 11 01:18:15 GMT 2024","","HOL","HOL",""
"","4000","bidirectional_computation.send-more","","Mon Nov 11 00:35:13 GMT 2024","passed","Mon Nov 11 00:35:17 GMT 2024","","WHOLE-TESTS","WHOLE-TESTS",""
"","1","D4-TYPE-PROP.05","","Mon Nov 11 01:11:24 GMT 2024","passed","Mon Nov 11 01:11:24 GMT 2024","","CHECK-TYPES","CHECK-TYPES",""
"","40000","strips-to-metta-improved.queries","","Mon Nov 11 00:35:13 GMT 2024","failed","Mon Nov 11 00:35:53 GMT 2024","","WHOLE-TESTS","WHOLE-TESTS",""
"","482","PROB-DEP-TYPES.09","","Mon Nov 11 01:03:12 GMT 2024","failed","Mon Nov 11 01:03:12 GMT 2024","","PROB-DEP-TYPES","PROB-DEP-TYPES",""
"","2","C1-GROUNDED-BASIC.22","","Mon Nov 11 00:45:05 GMT 2024","passed","Mon Nov 11 00:45:05 GMT 2024","","QUICK","QUICK",""
"","2","TYPE-PROP.50","","Mon Nov 11 01:11:03 GMT 2024","passed","Mon Nov 11 01:11:03 GMT 2024","","CHECK-TYPES-TEMP","CHECK-TYPES-TEMP",""
"","3","B3-DIRECT.01","","Mon Nov 11 00:35:17 GMT 2024","passed","Mon Nov 11 00:35:17 GMT 2024","","HYPERON-EXPERIMENTAL-SCRIPTS","HYPERON-EXPERIMENTAL-SCRIPTS",""
"","1792","TESTS5.03","","Mon Nov 11 00:45:32 GMT 2024","failed","Mon Nov 11 00:45:33 GMT 2024","","MAIN-BRANCH","MAIN-BRANCH",""
"","12","D2-HIGHERFUNC.21","","Mon Nov 11 00:45:05 GMT 2024","passed","Mon Nov 11 00:45:05 GMT 2024","","QUICK","QUICK",""
"","63","INF-CTL-MONTH-XP-SHORT-3.15","","Mon Nov 11 02:03:27 GMT 2024","failed","Mon Nov 11 02:03:27 GMT 2024","","COMPARISONS","COMPARISONS",""
"","2","F1-IMPORTS.14","","Mon Nov 11 00:45:05 GMT 2024","passed","Mon Nov 11 00:45:05 GMT 2024","","QUICK","QUICK",""
"","40000","comparisons.fibo_Arg1i","","Mon Nov 11 00:35:13 GMT 2024","failed","Mon Nov 11 00:35:53 GMT 2024","","WHOLE-TESTS","WHOLE-TESTS",""
"","5000","edges-to-edges.nte","","Mon Nov 11 00:35:13 GMT 2024","passed","Mon Nov 11 00:35:18 GMT 2024","","WHOLE-TESTS","WHOLE-TESTS",""
"","2","TYPE-PROP.13","","Mon Nov 11 01:11:03 GMT 2024","passed","Mon Nov 11 01:11:03 GMT 2024","","CHECK-TYPES-TEMP","CHECK-TYPES-TEMP",""
"","381","NATSIMPLETEST.04","","Mon Nov 11 01:18:15 GMT 2024","failed","Mon Nov 11 01:18:15 GMT 2024","","HOL","HOL",""
"","2","MATCH-VOID.07","","Mon Nov 11 00:40:49 GMT 2024","passed","Mon Nov 11 00:40:49 GMT 2024","","METTA-MORPH-TESTS","METTA-MORPH-TESTS",""
"","2","ADD-ATOM-NAIVE-FIB.03","","Mon Nov 11 02:03:27 GMT 2024","passed","Mon Nov 11 02:03:27 GMT 2024","","COMPARISONS","COMPARISONS",""
"","68","STDLIB-METTALOG-TEST-PT2.11","","Mon Nov 11 00:54:28 GMT 2024","failed","Mon Nov 11 00:54:28 GMT 2024","","STDLIB-METTALOG","STDLIB-METTALOG",""
"","6","TRUTHVALUETEST.01","","Mon Nov 11 01:15:55 GMT 2024","passed","Mon Nov 11 01:15:55 GMT 2024","","TRUTHVALUE","TRUTHVALUE",""
"","4000","chaining.parent_go_1_comp","","Mon Nov 11 00:35:13 GMT 2024","passed","Mon Nov 11 00:35:17 GMT 2024","","WHOLE-TESTS","WHOLE-TESTS",""
"","5000","hyperon-mettalog_sanity.06_match_in_space","","Mon Nov 11 00:35:13 GMT 2024","passed","Mon Nov 11 00:35:18 GMT 2024","","WHOLE-TESTS","WHOLE-TESTS",""
"","2","TYPE-PROP.63","","Mon Nov 11 01:11:03 GMT 2024","passed","Mon Nov 11 01:11:03 GMT 2024","","CHECK-TYPES-TEMP","CHECK-TYPES-TEMP",""
"","3","D4-TYPE-PROP.14","","Mon Nov 11 00:45:05 GMT 2024","passed","Mon Nov 11 00:45:05 GMT 2024","","QUICK","QUICK",""
"","2","LTE.07","","Mon Nov 11 00:53:03 GMT 2024","passed","Mon Nov 11 00:53:03 GMT 2024","","STD","STD",""
"","3","A1-SYMBOLS.04","","Mon Nov 11 00:35:17 GMT 2024","passed","Mon Nov 11 00:35:17 GMT 2024","","HYPERON-EXPERIMENTAL-SCRIPTS","HYPERON-EXPERIMENTAL-SCRIPTS",""
"","3","NILS-IF-CONTROL-TEST-2.01","","Mon Nov 11 02:03:27 GMT 2024","passed","Mon Nov 11 02:03:27 GMT 2024","","COMPARISONS","COMPARISONS",""
"","72","E2-STATES.08","","Mon Nov 11 00:35:17 GMT 2024","failed","Mon Nov 11 00:35:17 GMT 2024","","HYPERON-EXPERIMENTAL-SCRIPTS","HYPERON-EXPERIMENTAL-SCRIPTS",""
"","46000","new.tests4","","Mon Nov 11 00:35:13 GMT 2024","failed","Mon Nov 11 00:35:59 GMT 2024","","WHOLE-TESTS","WHOLE-TESTS",""
"","1086","PLLM-PENNTREE.07","","Mon Nov 11 02:09:38 GMT 2024","passed","Mon Nov 11 02:09:39 GMT 2024","","LANGUAGE-MODELS","LANGUAGE-MODELS",""
"","1","D2-HIGHERFUNC.14","","Mon Nov 11 00:35:17 GMT 2024","passed","Mon Nov 11 00:35:17 GMT 2024","","HYPERON-EXPERIMENTAL-SCRIPTS","HYPERON-EXPERIMENTAL-SCRIPTS",""
"","2","LISTTEST.16","","Mon Nov 11 01:15:27 GMT 2024","passed","Mon Nov 11 01:15:27 GMT 2024","","COMMON","COMMON",""
"","157","NATTEST.01","","Mon Nov 11 01:18:15 GMT 2024","failed","Mon Nov 11 01:18:15 GMT 2024","","HOL","HOL",""
"","2","TYPE-PROP.30","","Mon Nov 11 01:11:03 GMT 2024","passed","Mon Nov 11 01:11:03 GMT 2024","","CHECK-TYPES-TEMP","CHECK-TYPES-TEMP",""
"","1","HYPERPOSING-SHARED.06","","Mon Nov 11 01:57:07 GMT 2024","passed","Mon Nov 11 01:57:07 GMT 2024","","BASIC","BASIC",""
"","2","CHAPTER-1-1.06","","Mon Nov 11 00:54:37 GMT 2024","passed","Mon Nov 11 00:54:37 GMT 2024","","SICP-BOOK","SICP-BOOK",""
"","43","IMPLICATIONDIRECTINTRODUCTIONDTLTEST.07","","Mon Nov 11 01:14:04 GMT 2024","failed","Mon Nov 11 01:14:04 GMT 2024","","DEPENDENT-TYPES","DEPENDENT-TYPES",""
"","4000","spaces.add-remove-match-s-strings","","Mon Nov 11 00:35:13 GMT 2024","passed","Mon Nov 11 00:35:17 GMT 2024","","WHOLE-TESTS","WHOLE-TESTS",""
"","2","BACKWARD-CHAINER-XP.37","","Mon Nov 11 01:15:12 GMT 2024","passed","Mon Nov 11 01:15:12 GMT 2024","","BACKWARD-CHAINER","BACKWARD-CHAINER",""
"","45000","new.tests3","","Mon Nov 11 00:35:13 GMT 2024","failed","Mon Nov 11 00:35:58 GMT 2024","","WHOLE-TESTS","WHOLE-TESTS",""
"","2","CML-UNSHARED.09","","Mon Nov 11 01:57:07 GMT 2024","passed","Mon Nov 11 01:57:07 GMT 2024","","BASIC","BASIC",""
"","12","D2-HIGHERFUNC.21","","Mon Nov 11 01:11:24 GMT 2024","passed","Mon Nov 11 01:11:24 GMT 2024","","CHECK-TYPES","CHECK-TYPES",""
"","1","HYPERPOSING.07","","Mon Nov 11 01:57:07 GMT 2024","passed","Mon Nov 11 01:57:07 GMT 2024","","BASIC","BASIC",""
"","5000","hyperon-mettalog_sanity.space_subtraction_tests","","Mon Nov 11 00:35:13 GMT 2024","passed","Mon Nov 11 00:35:18 GMT 2024","","WHOLE-TESTS","WHOLE-TESTS",""
"","2","D4-TYPE-PROP.15","","Mon Nov 11 00:35:17 GMT 2024","passed","Mon Nov 11 00:35:17 GMT 2024","","HYPERON-EXPERIMENTAL-SCRIPTS","HYPERON-EXPERIMENTAL-SCRIPTS",""
"","2","FC-XP.16","","Mon Nov 11 01:18:10 GMT 2024","passed","Mon Nov 11 01:18:10 GMT 2024","","FORWARD-CHAINING","FORWARD-CHAINING",""
"","46","STDLIB-METTALOG-TEST-PT2.03","","Mon Nov 11 00:54:28 GMT 2024","failed","Mon Nov 11 00:54:28 GMT 2024","","STDLIB-METTALOG","STDLIB-METTALOG",""
"","2","B4-NONDETERM.09","","Mon Nov 11 00:35:17 GMT 2024","passed","Mon Nov 11 00:35:17 GMT 2024","","HYPERON-EXPERIMENTAL-SCRIPTS","HYPERON-EXPERIMENTAL-SCRIPTS",""
"","1121","TRAINING.02","","Mon Nov 11 02:09:38 GMT 2024","passed","Mon Nov 11 02:09:39 GMT 2024","","LANGUAGE-MODELS","LANGUAGE-MODELS",""
"","2","IS-SPACE.02","","Mon Nov 11 00:36:54 GMT 2024","passed","Mon Nov 11 00:36:54 GMT 2024","","HYPERON-METTALOG-SANITY","HYPERON-METTALOG-SANITY",""
"","66","MODUSPONENSDTLTEST.01","","Mon Nov 11 01:14:04 GMT 2024","failed","Mon Nov 11 01:14:04 GMT 2024","","DEPENDENT-TYPES","DEPENDENT-TYPES",""
"","18","IMPLICATIONDIRECTINTRODUCTIONMATCHTEST.01","","Mon Nov 11 01:21:47 GMT 2024","failed","Mon Nov 11 01:21:47 GMT 2024","","MATCH","MATCH",""
"","3","IBC-XP.08","","Mon Nov 11 01:21:29 GMT 2024","passed","Mon Nov 11 01:21:29 GMT 2024","","ITERATIVE-CHAINING","ITERATIVE-CHAINING",""
"","2","EXAM-SPACES.02","","Mon Nov 11 00:52:05 GMT 2024","passed","Mon Nov 11 00:52:05 GMT 2024","","INTROSPECT","INTROSPECT",""
"","22","STDLIB-METTALOG-TEST-PT2.49","","Mon Nov 11 00:54:28 GMT 2024","failed","Mon Nov 11 00:54:28 GMT 2024","","STDLIB-METTALOG","STDLIB-METTALOG",""
"","3","D2-HIGHERFUNC.27","","Mon Nov 11 01:11:24 GMT 2024","passed","Mon Nov 11 01:11:24 GMT 2024","","CHECK-TYPES","CHECK-TYPES",""
"","2","OR-TEST.06","","Mon Nov 11 00:36:54 GMT 2024","passed","Mon Nov 11 00:36:54 GMT 2024","","HYPERON-METTALOG-SANITY","HYPERON-METTALOG-SANITY",""
"","3","APPEND.02","","Mon Nov 11 01:54:48 GMT 2024","passed","Mon Nov 11 01:54:48 GMT 2024","","MULTIDIRECTIONAL","MULTIDIRECTIONAL",""
"","9","MATCH-VOID.11","","Mon Nov 11 00:40:49 GMT 2024","passed","Mon Nov 11 00:40:49 GMT 2024","","METTA-MORPH-TESTS","METTA-MORPH-TESTS",""
"","239","NATTEST.06","","Mon Nov 11 01:18:15 GMT 2024","failed","Mon Nov 11 01:18:15 GMT 2024","","HOL","HOL",""
"","13","D1-GADT.05","","Mon Nov 11 00:35:17 GMT 2024","passed","Mon Nov 11 00:35:17 GMT 2024","","HYPERON-EXPERIMENTAL-SCRIPTS","HYPERON-EXPERIMENTAL-SCRIPTS",""
"","3","E2-STATES.01","","Mon Nov 11 00:35:17 GMT 2024","passed","Mon Nov 11 00:35:17 GMT 2024","","HYPERON-EXPERIMENTAL-SCRIPTS","HYPERON-EXPERIMENTAL-SCRIPTS",""
"","2","SUPPORTRULEEXP.01","","Mon Nov 11 01:14:04 GMT 2024","passed","Mon Nov 11 01:14:04 GMT 2024","","DEPENDENT-TYPES","DEPENDENT-TYPES",""
"","6000","distributed-processing.use-one-server","","Mon Nov 11 00:35:13 GMT 2024","passed","Mon Nov 11 00:35:19 GMT 2024","","WHOLE-TESTS","WHOLE-TESTS",""
"","18","INF-CTL-MONTH-XP-SHORT-5.01","","Mon Nov 11 02:03:27 GMT 2024","failed","Mon Nov 11 02:03:27 GMT 2024","","COMPARISONS","COMPARISONS",""
"","2","IFC-XP.40","","Mon Nov 11 01:21:29 GMT 2024","passed","Mon Nov 11 01:21:29 GMT 2024","","ITERATIVE-CHAINING","ITERATIVE-CHAINING",""
"","6","F1-IMPORTS.02","","Mon Nov 11 00:45:05 GMT 2024","passed","Mon Nov 11 00:45:05 GMT 2024","","QUICK","QUICK",""
"","5000","spaces.add-remove-match-ss-strings","","Mon Nov 11 00:35:13 GMT 2024","passed","Mon Nov 11 00:35:18 GMT 2024","","WHOLE-TESTS","WHOLE-TESTS",""
"","2","B5-TYPES-PRELIM.18","","Mon Nov 11 00:35:17 GMT 2024","passed","Mon Nov 11 00:35:17 GMT 2024","","HYPERON-EXPERIMENTAL-SCRIPTS","HYPERON-EXPERIMENTAL-SCRIPTS",""
"","51","TYPE-PROP.55","","Mon Nov 11 01:11:03 GMT 2024","failed","Mon Nov 11 01:11:03 GMT 2024","","CHECK-TYPES-TEMP","CHECK-TYPES-TEMP",""
"","2","D4-TYPE-PROP.18","","Mon Nov 11 00:35:17 GMT 2024","passed","Mon Nov 11 00:35:17 GMT 2024","","HYPERON-EXPERIMENTAL-SCRIPTS","HYPERON-EXPERIMENTAL-SCRIPTS",""
"","44","IFC-XP.05","","Mon Nov 11 01:21:29 GMT 2024","failed","Mon Nov 11 01:21:29 GMT 2024","","ITERATIVE-CHAINING","ITERATIVE-CHAINING",""
"","2","NATPARITYTEST.10","","Mon Nov 11 01:18:15 GMT 2024","passed","Mon Nov 11 01:18:15 GMT 2024","","HOL","HOL",""
"","6000","walk_thru.impl_mettalogTestCurried","","Mon Nov 11 00:35:13 GMT 2024","passed","Mon Nov 11 00:35:19 GMT 2024","","WHOLE-TESTS","WHOLE-TESTS",""
"","3","FC-XP.12","","Mon Nov 11 01:18:10 GMT 2024","passed","Mon Nov 11 01:18:10 GMT 2024","","FORWARD-CHAINING","FORWARD-CHAINING",""
"","1","HYPERPOSE.06","","Mon Nov 11 00:40:49 GMT 2024","passed","Mon Nov 11 00:40:49 GMT 2024","","METTA-MORPH-TESTS","METTA-MORPH-TESTS",""
"","2","ZEROARGS.02","","Mon Nov 11 00:40:49 GMT 2024","passed","Mon Nov 11 00:40:49 GMT 2024","","METTA-MORPH-TESTS","METTA-MORPH-TESTS",""
"","5000","chaining.parent_go_comp","","Mon Nov 11 00:35:13 GMT 2024","passed","Mon Nov 11 00:35:18 GMT 2024","","WHOLE-TESTS","WHOLE-TESTS",""
"","6000","inference-control.inf-ctl-xp","","Mon Nov 11 00:35:13 GMT 2024","passed","Mon Nov 11 00:35:19 GMT 2024","","WHOLE-TESTS","WHOLE-TESTS",""
"","1","B5-TYPES-PRELIM.22","","Mon Nov 11 01:11:03 GMT 2024","passed","Mon Nov 11 01:11:03 GMT 2024","","CHECK-TYPES-TEMP","CHECK-TYPES-TEMP",""
"","2","B2-BACKCHAIN.03","","Mon Nov 11 00:35:17 GMT 2024","passed","Mon Nov 11 00:35:17 GMT 2024","","HYPERON-EXPERIMENTAL-SCRIPTS","HYPERON-EXPERIMENTAL-SCRIPTS",""
"","2","FC-XP.23","","Mon Nov 11 01:18:10 GMT 2024","passed","Mon Nov 11 01:18:10 GMT 2024","","FORWARD-CHAINING","FORWARD-CHAINING",""
"","3","D2-HIGHERFUNC.01","","Mon Nov 11 01:11:24 GMT 2024","passed","Mon Nov 11 01:11:24 GMT 2024","","CHECK-TYPES","CHECK-TYPES",""
"","2","ADD-REMOVE-MATCH-S-STRINGS.03","","Mon Nov 11 00:52:21 GMT 2024","passed","Mon Nov 11 00:52:21 GMT 2024","","SPACES","SPACES",""
"","3575","PROB-DEP-TYPES.15","","Mon Nov 11 01:03:12 GMT 2024","failed","Mon Nov 11 01:03:15 GMT 2024","","PROB-DEP-TYPES","PROB-DEP-TYPES",""
"","4000","multidirectional.ioioioi","","Mon Nov 11 00:35:13 GMT 2024","passed","Mon Nov 11 00:35:17 GMT 2024","","WHOLE-TESTS","WHOLE-TESTS",""
"","2","TESTS0.02","","Mon Nov 11 01:43:08 GMT 2024","passed","Mon Nov 11 01:43:08 GMT 2024","","PREV","PREV",""
"","2","BACKWARD-CHAINER-XP.42","","Mon Nov 11 01:15:12 GMT 2024","passed","Mon Nov 11 01:15:12 GMT 2024","","BACKWARD-CHAINER","BACKWARD-CHAINER",""
"","4","SEALED-TEST.02","","Mon Nov 11 00:36:54 GMT 2024","passed","Mon Nov 11 00:36:54 GMT 2024","","HYPERON-METTALOG-SANITY","HYPERON-METTALOG-SANITY",""
"","3","IFC-XP.22","","Mon Nov 11 01:21:29 GMT 2024","passed","Mon Nov 11 01:21:29 GMT 2024","","ITERATIVE-CHAINING","ITERATIVE-CHAINING",""
"","1","PROB-DEP-TYPES.02","","Mon Nov 11 01:03:12 GMT 2024","passed","Mon Nov 11 01:03:12 GMT 2024","","PROB-DEP-TYPES","PROB-DEP-TYPES",""
"","3","STDLIB-METTALOG-TEST-PT2.65","","Mon Nov 11 00:54:28 GMT 2024","passed","Mon Nov 11 00:54:28 GMT 2024","","STDLIB-METTALOG","STDLIB-METTALOG",""
"","4000","transpiler.identity","","Mon Nov 11 00:35:13 GMT 2024","passed","Mon Nov 11 00:35:17 GMT 2024","","WHOLE-TESTS","WHOLE-TESTS",""
"","2","BC-XP.26","","Mon Nov 11 01:15:17 GMT 2024","passed","Mon Nov 11 01:15:17 GMT 2024","","BACKWARD-CHAINING","BACKWARD-CHAINING",""
"","3","IMPL-METTALOGTESTCURRIED.06","","Mon Nov 11 01:48:29 GMT 2024","passed","Mon Nov 11 01:48:29 GMT 2024","","WALK-THRU","WALK-THRU",""
"","2","F1-IMPORTS.03","","Mon Nov 11 00:35:17 GMT 2024","passed","Mon Nov 11 00:35:17 GMT 2024","","HYPERON-EXPERIMENTAL-SCRIPTS","HYPERON-EXPERIMENTAL-SCRIPTS",""
"","1","CHAPTER-2-2.02","","Mon Nov 11 00:54:37 GMT 2024","passed","Mon Nov 11 00:54:37 GMT 2024","","SICP-BOOK","SICP-BOOK",""
"","6000","anti-regression.bc_comp","","Mon Nov 11 00:35:13 GMT 2024","passed","Mon Nov 11 00:35:19 GMT 2024","","WHOLE-TESTS","WHOLE-TESTS",""
"","2","STATE-TYPES.10","","Mon Nov 11 01:57:07 GMT 2024","passed","Mon Nov 11 01:57:07 GMT 2024","","BASIC","BASIC",""
"","47","INF-CTL-MONTH-BC-CONT-XP.18","","Mon Nov 11 01:19:26 GMT 2024","failed","Mon Nov 11 01:19:26 GMT 2024","","INFERENCE-CONTROL","INFERENCE-CONTROL",""
"","40000","main-branch.tests4","","Mon Nov 11 00:35:13 GMT 2024","failed","Mon Nov 11 00:35:53 GMT 2024","","WHOLE-TESTS","WHOLE-TESTS",""
"","40000","dependent-types.MinerDTL2Test","","Mon Nov 11 00:35:13 GMT 2024","failed","Mon Nov 11 00:35:53 GMT 2024","","WHOLE-TESTS","WHOLE-TESTS",""
"","2","OR-TEST.03","","Mon Nov 11 00:36:54 GMT 2024","passed","Mon Nov 11 00:36:54 GMT 2024","","HYPERON-METTALOG-SANITY","HYPERON-METTALOG-SANITY",""
"","4000","std.get-atoms-test","","Mon Nov 11 00:35:13 GMT 2024","passed","Mon Nov 11 00:35:17 GMT 2024","","WHOLE-TESTS","WHOLE-TESTS",""
"","2","ADD-REMOVE-MATCH-STRINGS.06","","Mon Nov 11 00:52:21 GMT 2024","passed","Mon Nov 11 00:52:21 GMT 2024","","SPACES","SPACES",""
"","14","D1-GADT.09","","Mon Nov 11 00:35:17 GMT 2024","passed","Mon Nov 11 00:35:17 GMT 2024","","HYPERON-EXPERIMENTAL-SCRIPTS","HYPERON-EXPERIMENTAL-SCRIPTS",""
"","18","NATSTANDALONETEST.11","","Mon Nov 11 01:18:15 GMT 2024","failed","Mon Nov 11 01:18:15 GMT 2024","","HOL","HOL",""
"","2","00A-LANG-COMPILED-CASE.05","","Mon Nov 11 01:47:02 GMT 2024","passed","Mon Nov 11 01:47:02 GMT 2024","","DIRECT-COMP","DIRECT-COMP",""
"","2","LISTTEST.04","","Mon Nov 11 01:15:27 GMT 2024","passed","Mon Nov 11 01:15:27 GMT 2024","","COMMON","COMMON",""
"","2","AI-SERVICE-COMPOSITION-EASY.06","","Mon Nov 11 01:08:34 GMT 2024","passed","Mon Nov 11 01:08:34 GMT 2024","","AI-SERVICE","AI-SERVICE",""
"","96","ADD-REMOVE-MATCH-STRINGS.14","","Mon Nov 11 00:52:21 GMT 2024","failed","Mon Nov 11 00:52:21 GMT 2024","","SPACES","SPACES",""
"","17","IFC-XP.19","","Mon Nov 11 01:21:29 GMT 2024","failed","Mon Nov 11 01:21:29 GMT 2024","","ITERATIVE-CHAINING","ITERATIVE-CHAINING",""
"","133","TESTS0.01","","Mon Nov 11 01:39:13 GMT 2024","passed","Mon Nov 11 01:39:13 GMT 2024","","NEW","NEW",""
"","2","BCHAIN.01","","Mon Nov 11 01:48:29 GMT 2024","passed","Mon Nov 11 01:48:29 GMT 2024","","WALK-THRU","WALK-THRU",""
"","3","TRUTHVALUETEST.06","","Mon Nov 11 01:15:55 GMT 2024","passed","Mon Nov 11 01:15:55 GMT 2024","","TRUTHVALUE","TRUTHVALUE",""
"","168","SPACE-SUBTRACTION-TESTS.08","","Mon Nov 11 00:36:54 GMT 2024","passed","Mon Nov 11 00:36:54 GMT 2024","","HYPERON-METTALOG-SANITY","HYPERON-METTALOG-SANITY",""
"","3","NILS-IF-CONTROL-TEST-3.01","","Mon Nov 11 02:03:27 GMT 2024","passed","Mon Nov 11 02:03:27 GMT 2024","","COMPARISONS","COMPARISONS",""
"","3","STRING-TESTS.13","","Mon Nov 11 00:36:54 GMT 2024","passed","Mon Nov 11 00:36:54 GMT 2024","","HYPERON-METTALOG-SANITY","HYPERON-METTALOG-SANITY",""
"","2","APPEND.04","","Mon Nov 11 01:54:48 GMT 2024","passed","Mon Nov 11 01:54:48 GMT 2024","","MULTIDIRECTIONAL","MULTIDIRECTIONAL",""
"","2","00-LANG-CASE.03","","Mon Nov 11 00:36:54 GMT 2024","passed","Mon Nov 11 00:36:54 GMT 2024","","HYPERON-METTALOG-SANITY","HYPERON-METTALOG-SANITY",""
"","295","SELF-CONTAINED-SYNTHESIZE.03","","Mon Nov 11 01:26:05 GMT 2024","failed","Mon Nov 11 01:26:05 GMT 2024","","EXPERIMENTS","EXPERIMENTS",""
"","2","NATDTLTEST.02","","Mon Nov 11 01:18:15 GMT 2024","passed","Mon Nov 11 01:18:15 GMT 2024","","HOL","HOL",""
"","2","UNIQUE-TEST.02","","Mon Nov 11 00:36:54 GMT 2024","passed","Mon Nov 11 00:36:54 GMT 2024","","HYPERON-METTALOG-SANITY","HYPERON-METTALOG-SANITY",""
"","2","CHAPTER-1-1.07","","Mon Nov 11 00:54:37 GMT 2024","passed","Mon Nov 11 00:54:37 GMT 2024","","SICP-BOOK","SICP-BOOK",""
"","12","TYPE-PROP.69","","Mon Nov 11 01:11:03 GMT 2024","failed","Mon Nov 11 01:11:03 GMT 2024","","CHECK-TYPES-TEMP","CHECK-TYPES-TEMP",""
"","4000","hyperon-experimental_scripts.a1_symbols","","Mon Nov 11 00:35:13 GMT 2024","passed","Mon Nov 11 00:35:17 GMT 2024","","WHOLE-TESTS","WHOLE-TESTS",""
"","5000","strips-to-metta-flat.queries_flat","","Mon Nov 11 00:35:13 GMT 2024","passed","Mon Nov 11 00:35:18 GMT 2024","","WHOLE-TESTS","WHOLE-TESTS",""
"","2","UNIQUE-TEST.08","","Mon Nov 11 00:36:54 GMT 2024","passed","Mon Nov 11 00:36:54 GMT 2024","","HYPERON-METTALOG-SANITY","HYPERON-METTALOG-SANITY",""
"","2","INF-CTL-MONTH-BC-CONT-XP.15","","Mon Nov 11 01:19:26 GMT 2024","passed","Mon Nov 11 01:19:26 GMT 2024","","INFERENCE-CONTROL","INFERENCE-CONTROL",""
"","1","D2-HIGHERFUNC.06","","Mon Nov 11 00:35:17 GMT 2024","passed","Mon Nov 11 00:35:17 GMT 2024","","HYPERON-EXPERIMENTAL-SCRIPTS","HYPERON-EXPERIMENTAL-SCRIPTS",""
"","3","F1-IMPORTS.01","","Mon Nov 11 00:35:08 GMT 2024","passed","Mon Nov 11 00:35:08 GMT 2024","","MODULE-SYSTEM","MODULE-SYSTEM",""
"","2","LET-SUPERPOSE-LIST.02","","Mon Nov 11 00:40:49 GMT 2024","passed","Mon Nov 11 00:40:49 GMT 2024","","METTA-MORPH-TESTS","METTA-MORPH-TESTS",""
"","2","06-MATCH-IN-SPACE.06","","Mon Nov 11 00:36:54 GMT 2024","passed","Mon Nov 11 00:36:54 GMT 2024","","HYPERON-METTALOG-SANITY","HYPERON-METTALOG-SANITY",""
"","2","00-LANG-CASE.14","","Mon Nov 11 00:36:54 GMT 2024","passed","Mon Nov 11 00:36:54 GMT 2024","","HYPERON-METTALOG-SANITY","HYPERON-METTALOG-SANITY",""
"","4000","metta-wam-issue-116.test_spo_100","","Mon Nov 11 00:35:13 GMT 2024","passed","Mon Nov 11 00:35:17 GMT 2024","","WHOLE-TESTS","WHOLE-TESTS",""
"","6","SUBTYPING-TEST.06","","Mon Nov 11 01:24:16 GMT 2024","passed","Mon Nov 11 01:24:16 GMT 2024","","SUBTYPING","SUBTYPING",""
"","3","SHOW-TYPE.01","","Mon Nov 11 00:52:05 GMT 2024","passed","Mon Nov 11 00:52:05 GMT 2024","","INTROSPECT","INTROSPECT",""
"","2","DEFINE-IF-LIKE.05","","Mon Nov 11 01:47:02 GMT 2024","passed","Mon Nov 11 01:47:02 GMT 2024","","DIRECT-COMP","DIRECT-COMP",""
"","2","TESTS1-PRE.07","","Mon Nov 11 00:45:32 GMT 2024","passed","Mon Nov 11 00:45:32 GMT 2024","","MAIN-BRANCH","MAIN-BRANCH",""
"","2","ADD-REMOVE-MATCH-S-STRINGS.04","","Mon Nov 11 00:52:21 GMT 2024","passed","Mon Nov 11 00:52:21 GMT 2024","","SPACES","SPACES",""
"","2","HYPERPOSING.09","","Mon Nov 11 01:57:07 GMT 2024","passed","Mon Nov 11 01:57:07 GMT 2024","","BASIC","BASIC",""
"","106","B5-TYPES-PRELIM.08","","Mon Nov 11 01:11:03 GMT 2024","failed","Mon Nov 11 01:11:03 GMT 2024","","CHECK-TYPES-TEMP","CHECK-TYPES-TEMP",""
"","102","SPACE-INTERSECTION-TESTS.17","","Mon Nov 11 00:36:54 GMT 2024","failed","Mon Nov 11 00:36:54 GMT 2024","","HYPERON-METTALOG-SANITY","HYPERON-METTALOG-SANITY",""
"","2","INF-CTL-MONTH-BC-CONT-XP.14","","Mon Nov 11 01:19:26 GMT 2024","passed","Mon Nov 11 01:19:26 GMT 2024","","INFERENCE-CONTROL","INFERENCE-CONTROL",""
"","4000","spaces.add-remove-match-integer","","Mon Nov 11 00:35:13 GMT 2024","passed","Mon Nov 11 00:35:17 GMT 2024","","WHOLE-TESTS","WHOLE-TESTS",""
"","2","STATE-TYPES.03","","Mon Nov 11 01:57:07 GMT 2024","passed","Mon Nov 11 01:57:07 GMT 2024","","BASIC","BASIC",""
"","2","ADD-REMOVE-MATCH-S-SYMBOLS.11","","Mon Nov 11 00:52:21 GMT 2024","passed","Mon Nov 11 00:52:21 GMT 2024","","SPACES","SPACES",""
"","3","SUBTRACTION-TEST.09","","Mon Nov 11 00:36:54 GMT 2024","passed","Mon Nov 11 00:36:54 GMT 2024","","HYPERON-METTALOG-SANITY","HYPERON-METTALOG-SANITY",""
"","5000","introspect.show-type","","Mon Nov 11 00:35:13 GMT 2024","passed","Mon Nov 11 00:35:18 GMT 2024","","WHOLE-TESTS","WHOLE-TESTS",""
"","87","TYPE-PROP.82","","Mon Nov 11 01:11:03 GMT 2024","failed","Mon Nov 11 01:11:03 GMT 2024","","CHECK-TYPES-TEMP","CHECK-TYPES-TEMP",""
"","3","MULTIFUNCTION.01","","Mon Nov 11 00:40:49 GMT 2024","passed","Mon Nov 11 00:40:49 GMT 2024","","METTA-MORPH-TESTS","METTA-MORPH-TESTS",""
"","2","ADD-REMOVE-MATCH-MIX-FLOAT-INTEGER.19","","Mon Nov 11 00:52:21 GMT 2024","passed","Mon Nov 11 00:52:21 GMT 2024","","SPACES","SPACES",""
"","5000","synth_buffer.synthesize","","Mon Nov 11 00:35:13 GMT 2024","passed","Mon Nov 11 00:35:18 GMT 2024","","WHOLE-TESTS","WHOLE-TESTS",""
"","4000","iterators.lazy_test","","Mon Nov 11 00:35:13 GMT 2024","passed","Mon Nov 11 00:35:17 GMT 2024","","WHOLE-TESTS","WHOLE-TESTS",""
"","8","00-LANG-CASE.11","","Mon Nov 11 00:36:54 GMT 2024","passed","Mon Nov 11 00:36:54 GMT 2024","","HYPERON-METTALOG-SANITY","HYPERON-METTALOG-SANITY",""
"","2","NILS-IF-CONTROL-TEST-3.02","","Mon Nov 11 02:03:27 GMT 2024","passed","Mon Nov 11 02:03:27 GMT 2024","","COMPARISONS","COMPARISONS",""
"","2","ADD-REMOVE-MATCH-INTEGER.04","","Mon Nov 11 00:52:21 GMT 2024","passed","Mon Nov 11 00:52:21 GMT 2024","","SPACES","SPACES",""
"","130","TESTS0.02","","Mon Nov 11 01:30:15 GMT 2024","passed","Mon Nov 11 01:30:15 GMT 2024","","CURRENT","CURRENT",""
"","1","ADD-REMOVE-MATCH-SS-STRINGS.02","","Mon Nov 11 00:52:21 GMT 2024","passed","Mon Nov 11 00:52:21 GMT 2024","","SPACES","SPACES",""
"","3","D2-HIGHERFUNC.12","","Mon Nov 11 00:45:05 GMT 2024","passed","Mon Nov 11 00:45:05 GMT 2024","","QUICK","QUICK",""
"","46000","current.tests2","","Mon Nov 11 00:35:13 GMT 2024","failed","Mon Nov 11 00:35:59 GMT 2024","","WHOLE-TESTS","WHOLE-TESTS",""
"","4000","walk_thru.mettalogTestCurried2","","Mon Nov 11 00:35:13 GMT 2024","passed","Mon Nov 11 00:35:17 GMT 2024","","WHOLE-TESTS","WHOLE-TESTS",""
"","5000","debugging.hyperon_experimental_issue_492","","Mon Nov 11 00:35:13 GMT 2024","passed","Mon Nov 11 00:35:18 GMT 2024","","WHOLE-TESTS","WHOLE-TESTS",""
"","2","D2-HIGHERFUNC.12","","Mon Nov 11 00:35:17 GMT 2024","passed","Mon Nov 11 00:35:17 GMT 2024","","HYPERON-EXPERIMENTAL-SCRIPTS","HYPERON-EXPERIMENTAL-SCRIPTS",""
"","2","ADD-REMOVE-MATCH-S-SYMBOLS.10","","Mon Nov 11 00:52:21 GMT 2024","passed","Mon Nov 11 00:52:21 GMT 2024","","SPACES","SPACES",""
"","2","TYPE-PROP.12","","Mon Nov 11 01:11:03 GMT 2024","passed","Mon Nov 11 01:11:03 GMT 2024","","CHECK-TYPES-TEMP","CHECK-TYPES-TEMP",""
"","2","CHAPTER-1-1.11","","Mon Nov 11 00:54:37 GMT 2024","passed","Mon Nov 11 00:54:37 GMT 2024","","SICP-BOOK","SICP-BOOK",""
"","2","ADD-REMOVE-MATCH-FLOAT.15","","Mon Nov 11 00:52:21 GMT 2024","passed","Mon Nov 11 00:52:21 GMT 2024","","SPACES","SPACES",""
"","2","HYPERPOSING.04","","Mon Nov 11 01:57:07 GMT 2024","passed","Mon Nov 11 01:57:07 GMT 2024","","BASIC","BASIC",""
"","2","TYPES-PRELIM.07","","Mon Nov 11 00:50:03 GMT 2024","passed","Mon Nov 11 00:50:03 GMT 2024","","CHAINING","CHAINING",""
"","2","CML-UNSHARED.05","","Mon Nov 11 01:57:07 GMT 2024","passed","Mon Nov 11 01:57:07 GMT 2024","","BASIC","BASIC",""
"","1","ADD-REMOVE-MATCH-MIX-FLOAT-INTEGER.03","","Mon Nov 11 00:52:21 GMT 2024","passed","Mon Nov 11 00:52:21 GMT 2024","","SPACES","SPACES",""
"","2","SYNTHESIZE-VIA-TYPE-CHECKING.03","","Mon Nov 11 01:26:05 GMT 2024","passed","Mon Nov 11 01:26:05 GMT 2024","","EXPERIMENTS","EXPERIMENTS",""
"","65","UNIFY-VIA-CASE.04","","Mon Nov 11 01:26:05 GMT 2024","failed","Mon Nov 11 01:26:05 GMT 2024","","EXPERIMENTS","EXPERIMENTS",""
"","3","D2-HIGHERFUNC.03","","Mon Nov 11 00:35:17 GMT 2024","passed","Mon Nov 11 00:35:17 GMT 2024","","HYPERON-EXPERIMENTAL-SCRIPTS","HYPERON-EXPERIMENTAL-SCRIPTS",""
"","2","A3-TWOSIDE.04","","Mon Nov 11 00:35:17 GMT 2024","passed","Mon Nov 11 00:35:17 GMT 2024","","HYPERON-EXPERIMENTAL-SCRIPTS","HYPERON-EXPERIMENTAL-SCRIPTS",""
"","2","OR-TEST.05","","Mon Nov 11 00:36:54 GMT 2024","passed","Mon Nov 11 00:36:54 GMT 2024","","HYPERON-METTALOG-SANITY","HYPERON-METTALOG-SANITY",""
"","6","SEALED-TEST.07","","Mon Nov 11 00:36:54 GMT 2024","passed","Mon Nov 11 00:36:54 GMT 2024","","HYPERON-METTALOG-SANITY","HYPERON-METTALOG-SANITY",""
"","2","D2-HIGHERFUNC.23","","Mon Nov 11 01:11:24 GMT 2024","passed","Mon Nov 11 01:11:24 GMT 2024","","CHECK-TYPES","CHECK-TYPES",""
"","2","PC-XP.13","","Mon Nov 11 01:24:11 GMT 2024","passed","Mon Nov 11 01:24:11 GMT 2024","","POLYWARD-CHAINING","POLYWARD-CHAINING",""
"","6000","walk_thru.debug_mettalogTestCurried","","Mon Nov 11 00:35:13 GMT 2024","passed","Mon Nov 11 00:35:19 GMT 2024","","WHOLE-TESTS","WHOLE-TESTS",""
"","3","BACKWARD-CHAIN.02","","Mon Nov 11 00:50:03 GMT 2024","passed","Mon Nov 11 00:50:03 GMT 2024","","CHAINING","CHAINING",""
"","1","KB-WRITE.02","","Mon Nov 11 00:53:03 GMT 2024","passed","Mon Nov 11 00:53:03 GMT 2024","","STD","STD",""
"","29000","language_models.training_bi","","Mon Nov 11 00:35:13 GMT 2024","passed","Mon Nov 11 00:35:42 GMT 2024","","WHOLE-TESTS","WHOLE-TESTS",""
"","5000","hyperon-mettalog_sanity.00_lang_case","","Mon Nov 11 00:35:13 GMT 2024","passed","Mon Nov 11 00:35:18 GMT 2024","","WHOLE-TESTS","WHOLE-TESTS",""
"","2","IBC-XP.03","","Mon Nov 11 01:21:29 GMT 2024","passed","Mon Nov 11 01:21:29 GMT 2024","","ITERATIVE-CHAINING","ITERATIVE-CHAINING",""
"","4000","basic.test_list_concatenation","","Mon Nov 11 00:35:13 GMT 2024","passed","Mon Nov 11 00:35:17 GMT 2024","","WHOLE-TESTS","WHOLE-TESTS",""
"","3","TYPE-PROP.01","","Mon Nov 11 00:50:03 GMT 2024","passed","Mon Nov 11 00:50:03 GMT 2024","","CHAINING","CHAINING",""
"","40000","ai-service.ai-service-composition-hard","","Mon Nov 11 00:35:13 GMT 2024","failed","Mon Nov 11 00:35:53 GMT 2024","","WHOLE-TESTS","WHOLE-TESTS",""
"","64","COMBINED.04","","Mon Nov 11 01:53:13 GMT 2024","failed","Mon Nov 11 01:53:13 GMT 2024","","ITERATORS","ITERATORS",""
"","2","BC-COMP.05","","Mon Nov 11 00:42:55 GMT 2024","passed","Mon Nov 11 00:42:55 GMT 2024","","ANTI-REGRESSION","ANTI-REGRESSION",""
"","3421","TRAINING-BI.03","","Mon Nov 11 02:09:38 GMT 2024","passed","Mon Nov 11 02:09:41 GMT 2024","","LANGUAGE-MODELS","LANGUAGE-MODELS",""
"","3","C2-SPACES.01","","Mon Nov 11 00:35:08 GMT 2024","passed","Mon Nov 11 00:35:08 GMT 2024","","MODULE-SYSTEM","MODULE-SYSTEM",""
"","2","D2-HIGHERFUNC.10","","Mon Nov 11 01:11:24 GMT 2024","passed","Mon Nov 11 01:11:24 GMT 2024","","CHECK-TYPES","CHECK-TYPES",""
"","506","TESTS0.02","","Mon Nov 11 00:45:32 GMT 2024","failed","Mon Nov 11 00:45:32 GMT 2024","","MAIN-BRANCH","MAIN-BRANCH",""
"","2","XOR-TEST.04","","Mon Nov 11 00:36:54 GMT 2024","passed","Mon Nov 11 00:36:54 GMT 2024","","HYPERON-METTALOG-SANITY","HYPERON-METTALOG-SANITY",""
"","2","03-SORING-VIA-INSERT.05","","Mon Nov 11 00:36:54 GMT 2024","passed","Mon Nov 11 00:36:54 GMT 2024","","HYPERON-METTALOG-SANITY","HYPERON-METTALOG-SANITY",""
"","2","STDLIB-METTALOG-TEST-PT2.66","","Mon Nov 11 00:54:28 GMT 2024","passed","Mon Nov 11 00:54:28 GMT 2024","","STDLIB-METTALOG","STDLIB-METTALOG",""
"","1","KEY-LOOKUPS-MANY.03","","Mon Nov 11 01:57:07 GMT 2024","passed","Mon Nov 11 01:57:07 GMT 2024","","BASIC","BASIC",""
"","2","B1-EQUAL-CHAIN.06","","Mon Nov 11 00:35:17 GMT 2024","passed","Mon Nov 11 00:35:17 GMT 2024","","HYPERON-EXPERIMENTAL-SCRIPTS","HYPERON-EXPERIMENTAL-SCRIPTS",""
"","4","JOHN-CARRY-FLOWER-TEST.02","","Mon Nov 11 01:24:57 GMT 2024","passed","Mon Nov 11 01:24:57 GMT 2024","","JOHN-CARRY-FLOWER","JOHN-CARRY-FLOWER",""
"","598","SELF-CONTAINED-SYNTHESIZE.01","","Mon Nov 11 01:26:05 GMT 2024","failed","Mon Nov 11 01:26:05 GMT 2024","","EXPERIMENTS","EXPERIMENTS",""
"","2","TMPMATCH2.04","","Mon Nov 11 01:48:29 GMT 2024","passed","Mon Nov 11 01:48:29 GMT 2024","","WALK-THRU","WALK-THRU",""
"","1138","PLLM-PENNTREE.01","","Mon Nov 11 02:09:38 GMT 2024","passed","Mon Nov 11 02:09:39 GMT 2024","","LANGUAGE-MODELS","LANGUAGE-MODELS",""
"","4","UTILS-TEST.02","","Mon Nov 11 01:15:08 GMT 2024","passed","Mon Nov 11 01:15:08 GMT 2024","","UTILS","UTILS",""
"","2","NATDTLTEST.03","","Mon Nov 11 01:18:15 GMT 2024","passed","Mon Nov 11 01:18:15 GMT 2024","","HOL","HOL",""
"","2","NATPARITYTEST.02","","Mon Nov 11 01:18:15 GMT 2024","passed","Mon Nov 11 01:18:15 GMT 2024","","HOL","HOL",""
"","3","UNIQUE-TEST.12","","Mon Nov 11 00:36:54 GMT 2024","passed","Mon Nov 11 00:36:54 GMT 2024","","HYPERON-METTALOG-SANITY","HYPERON-METTALOG-SANITY",""
"","16","HYPERON-EXPERIMENTAL-ISSUE-481.02","","Mon Nov 11 01:51:45 GMT 2024","passed","Mon Nov 11 01:51:45 GMT 2024","","DEBUGGING","DEBUGGING",""
"","5000","multidirectional.ioioioi_using_equality","","Mon Nov 11 00:35:13 GMT 2024","passed","Mon Nov 11 00:35:18 GMT 2024","","WHOLE-TESTS","WHOLE-TESTS",""
"","5000","module-system.f1_imports","","Mon Nov 11 00:35:13 GMT 2024","passed","Mon Nov 11 00:35:18 GMT 2024","","WHOLE-TESTS","WHOLE-TESTS",""
"","76","STATE-TYPES.19","","Mon Nov 11 01:57:07 GMT 2024","failed","Mon Nov 11 01:57:07 GMT 2024","","BASIC","BASIC",""
"","101","ADD-ATOM-MATCH.01","","Mon Nov 11 01:47:02 GMT 2024","failed","Mon Nov 11 01:47:02 GMT 2024","","DIRECT-COMP","DIRECT-COMP",""
"","1","HYPERPOSING.02","","Mon Nov 11 01:57:07 GMT 2024","passed","Mon Nov 11 01:57:07 GMT 2024","","BASIC","BASIC",""
"","1","INTERSECTION-TESTS.15","","Mon Nov 11 00:36:54 GMT 2024","passed","Mon Nov 11 00:36:54 GMT 2024","","HYPERON-METTALOG-SANITY","HYPERON-METTALOG-SANITY",""
"","9857","CLASSICAL.01","","Mon Nov 11 01:01:30 GMT 2024","passed","Mon Nov 11 01:01:39 GMT 2024","","FIZZBUZZ","FIZZBUZZ",""
"","4000","chaining.backward_chain","","Mon Nov 11 00:35:13 GMT 2024","passed","Mon Nov 11 00:35:17 GMT 2024","","WHOLE-TESTS","WHOLE-TESTS",""
"","2","TYPES-PRELIM.18","","Mon Nov 11 00:50:03 GMT 2024","passed","Mon Nov 11 00:50:03 GMT 2024","","CHAINING","CHAINING",""
"","3","NATSTANDALONETEST.01","","Mon Nov 11 01:18:15 GMT 2024","passed","Mon Nov 11 01:18:15 GMT 2024","","HOL","HOL",""
"","5000","curried-chaining.curried-chainer","","Mon Nov 11 00:35:13 GMT 2024","passed","Mon Nov 11 00:35:18 GMT 2024","","WHOLE-TESTS","WHOLE-TESTS",""
"","114","INF-ORDER-PROBS.08","","Mon Nov 11 01:03:12 GMT 2024","passed","Mon Nov 11 01:03:12 GMT 2024","","PROB-DEP-TYPES","PROB-DEP-TYPES",""
"","43","CHAPTER-2-2.07","","Mon Nov 11 00:54:37 GMT 2024","failed","Mon Nov 11 00:54:37 GMT 2024","","SICP-BOOK","SICP-BOOK",""
"","16","TEST-INFER-FUNCTION-APPLICATION-TYPE.07","","Mon Nov 11 01:57:07 GMT 2024","failed","Mon Nov 11 01:57:07 GMT 2024","","BASIC","BASIC",""
"","2","D2-HIGHERFUNC.18","","Mon Nov 11 00:45:05 GMT 2024","passed","Mon Nov 11 00:45:05 GMT 2024","","QUICK","QUICK",""
"","2","D3-DEPTYPES.07","","Mon Nov 11 01:11:24 GMT 2024","passed","Mon Nov 11 01:11:24 GMT 2024","","CHECK-TYPES","CHECK-TYPES",""
"","2","NATPARITYTEST.11","","Mon Nov 11 01:18:15 GMT 2024","passed","Mon Nov 11 01:18:15 GMT 2024","","HOL","HOL",""
"","2","TMPMATCH2.03","","Mon Nov 11 01:48:29 GMT 2024","passed","Mon Nov 11 01:48:29 GMT 2024","","WALK-THRU","WALK-THRU",""
"","15","D4-TYPE-PROP.03","","Mon Nov 11 00:35:17 GMT 2024","passed","Mon Nov 11 00:35:17 GMT 2024","","HYPERON-EXPERIMENTAL-SCRIPTS","HYPERON-EXPERIMENTAL-SCRIPTS",""
"","1100","PLLM-PENNTREE.05","","Mon Nov 11 02:09:38 GMT 2024","passed","Mon Nov 11 02:09:39 GMT 2024","","LANGUAGE-MODELS","LANGUAGE-MODELS",""
"","1","CML-UNSHARED.08","","Mon Nov 11 01:57:07 GMT 2024","passed","Mon Nov 11 01:57:07 GMT 2024","","BASIC","BASIC",""
"","2","STATES-SPACES.04","","Mon Nov 11 00:40:49 GMT 2024","passed","Mon Nov 11 00:40:49 GMT 2024","","METTA-MORPH-TESTS","METTA-MORPH-TESTS",""
"","2","CHAPTER-2-2.03","","Mon Nov 11 00:54:37 GMT 2024","passed","Mon Nov 11 00:54:37 GMT 2024","","SICP-BOOK","SICP-BOOK",""
"","60","NATSTANDALONETEST.12","","Mon Nov 11 01:18:15 GMT 2024","failed","Mon Nov 11 01:18:15 GMT 2024","","HOL","HOL",""
"","208","SYNTHESIZE-VIA-UNIFY-TEST.09","","Mon Nov 11 01:26:05 GMT 2024","failed","Mon Nov 11 01:26:05 GMT 2024","","EXPERIMENTS","EXPERIMENTS",""
"","3","MATCH-VOID.10","","Mon Nov 11 00:40:49 GMT 2024","passed","Mon Nov 11 00:40:49 GMT 2024","","METTA-MORPH-TESTS","METTA-MORPH-TESTS",""
"","2","QUERIES.02","","Mon Nov 11 01:07:42 GMT 2024","passed","Mon Nov 11 01:07:42 GMT 2024","","STRIPS-TO-METTA-IMPROVED","STRIPS-TO-METTA-IMPROVED",""
"","128","TESTS0.01","","Mon Nov 11 01:35:19 GMT 2024","passed","Mon Nov 11 01:35:19 GMT 2024","","NARS-V0","NARS-V0",""
"","2","NATPARITYTEST.09","","Mon Nov 11 01:18:15 GMT 2024","passed","Mon Nov 11 01:18:15 GMT 2024","","HOL","HOL",""
"","5000","metta-morph_tests.if","","Mon Nov 11 00:35:13 GMT 2024","passed","Mon Nov 11 00:35:18 GMT 2024","","WHOLE-TESTS","WHOLE-TESTS",""
"","27","AI-SERVICE-COMPOSITION-EASY.07","","Mon Nov 11 01:08:34 GMT 2024","passed","Mon Nov 11 01:08:34 GMT 2024","","AI-SERVICE","AI-SERVICE",""
"","3","BACKWARD-CHAINER-XP.43","","Mon Nov 11 01:15:12 GMT 2024","passed","Mon Nov 11 01:15:12 GMT 2024","","BACKWARD-CHAINER","BACKWARD-CHAINER",""
"","5000","distributed-processing.use-two-servers","","Mon Nov 11 00:35:13 GMT 2024","passed","Mon Nov 11 00:35:18 GMT 2024","","WHOLE-TESTS","WHOLE-TESTS",""
"","3","B5-TYPES-PRELIM.04","","Mon Nov 11 00:35:17 GMT 2024","passed","Mon Nov 11 00:35:17 GMT 2024","","HYPERON-EXPERIMENTAL-SCRIPTS","HYPERON-EXPERIMENTAL-SCRIPTS",""
"","2","IFC-XP.31","","Mon Nov 11 01:21:29 GMT 2024","passed","Mon Nov 11 01:21:29 GMT 2024","","ITERATIVE-CHAINING","ITERATIVE-CHAINING",""
"","309","PROB-DEP-TYPES.08","","Mon Nov 11 01:03:12 GMT 2024","failed","Mon Nov 11 01:03:12 GMT 2024","","PROB-DEP-TYPES","PROB-DEP-TYPES",""
"","2","E1-KB-WRITE.02","","Mon Nov 11 00:35:17 GMT 2024","passed","Mon Nov 11 00:35:17 GMT 2024","","HYPERON-EXPERIMENTAL-SCRIPTS","HYPERON-EXPERIMENTAL-SCRIPTS",""
"","71","TYPE-PROP.53","","Mon Nov 11 01:11:03 GMT 2024","failed","Mon Nov 11 01:11:03 GMT 2024","","CHECK-TYPES-TEMP","CHECK-TYPES-TEMP",""
"","3","ADD-REMOVE-MATCH-SS-SYMBOLS.16","","Mon Nov 11 00:52:21 GMT 2024","passed","Mon Nov 11 00:52:21 GMT 2024","","SPACES","SPACES",""
"","1","BACKWARD-CHAINER-XP.17","","Mon Nov 11 01:15:12 GMT 2024","passed","Mon Nov 11 01:15:12 GMT 2024","","BACKWARD-CHAINER","BACKWARD-CHAINER",""
"","2","BACKWARD-CHAINER-XP.09","","Mon Nov 11 01:15:12 GMT 2024","passed","Mon Nov 11 01:15:12 GMT 2024","","BACKWARD-CHAINER","BACKWARD-CHAINER",""
"","1","BC-XP.18","","Mon Nov 11 01:15:17 GMT 2024","passed","Mon Nov 11 01:15:17 GMT 2024","","BACKWARD-CHAINING","BACKWARD-CHAINING",""
"","2","B4-NONDETERM.06","","Mon Nov 11 00:35:17 GMT 2024","passed","Mon Nov 11 00:35:17 GMT 2024","","HYPERON-EXPERIMENTAL-SCRIPTS","HYPERON-EXPERIMENTAL-SCRIPTS",""
"","3","F1-IMPORTS.16","","Mon Nov 11 00:45:05 GMT 2024","passed","Mon Nov 11 00:45:05 GMT 2024","","QUICK","QUICK",""
"","1","ADD-REMOVE-MATCH-INTEGER.17","","Mon Nov 11 00:52:21 GMT 2024","passed","Mon Nov 11 00:52:21 GMT 2024","","SPACES","SPACES",""
"","1","C1-GROUNDED-BASIC.05","","Mon Nov 11 00:45:05 GMT 2024","passed","Mon Nov 11 00:45:05 GMT 2024","","QUICK","QUICK",""
"","2","IBC-XP.01","","Mon Nov 11 01:21:29 GMT 2024","passed","Mon Nov 11 01:21:29 GMT 2024","","ITERATIVE-CHAINING","ITERATIVE-CHAINING",""
"","2","TYPE-PROP.32","","Mon Nov 11 01:11:03 GMT 2024","passed","Mon Nov 11 01:11:03 GMT 2024","","CHECK-TYPES-TEMP","CHECK-TYPES-TEMP",""
"","3","BCHAIN-COMP.01","","Mon Nov 11 01:48:29 GMT 2024","passed","Mon Nov 11 01:48:29 GMT 2024","","WALK-THRU","WALK-THRU",""
"","4000","debugging.hyperon_experimental_issue_516","","Mon Nov 11 00:35:13 GMT 2024","passed","Mon Nov 11 00:35:17 GMT 2024","","WHOLE-TESTS","WHOLE-TESTS",""
"","71","SYNTHESIZE-VIA-LET-TEST.10","","Mon Nov 11 01:26:05 GMT 2024","passed","Mon Nov 11 01:26:05 GMT 2024","","EXPERIMENTS","EXPERIMENTS",""
"","2","IBC-XP.05","","Mon Nov 11 01:21:29 GMT 2024","passed","Mon Nov 11 01:21:29 GMT 2024","","ITERATIVE-CHAINING","ITERATIVE-CHAINING",""
"","17","INF-CTL-XP.15","","Mon Nov 11 01:19:26 GMT 2024","failed","Mon Nov 11 01:19:26 GMT 2024","","INFERENCE-CONTROL","INFERENCE-CONTROL",""
"","2","NONDETERM.03","","Mon Nov 11 00:53:03 GMT 2024","passed","Mon Nov 11 00:53:03 GMT 2024","","STD","STD",""
"","2","METTALOGTESTCURRIED2.04","","Mon Nov 11 00:42:55 GMT 2024","passed","Mon Nov 11 00:42:55 GMT 2024","","ANTI-REGRESSION","ANTI-REGRESSION",""
"","45","STDLIB-METTALOG-TEST-PT2.23","","Mon Nov 11 00:54:28 GMT 2024","failed","Mon Nov 11 00:54:28 GMT 2024","","STDLIB-METTALOG","STDLIB-METTALOG",""
"","5000","walk_thru.tmpMatch1","","Mon Nov 11 00:35:13 GMT 2024","passed","Mon Nov 11 00:35:18 GMT 2024","","WHOLE-TESTS","WHOLE-TESTS",""
"","3","INF-CTL-XP.01","","Mon Nov 11 01:19:26 GMT 2024","passed","Mon Nov 11 01:19:26 GMT 2024","","INFERENCE-CONTROL","INFERENCE-CONTROL",""
"","4","TYPE-PROP.41","","Mon Nov 11 01:11:03 GMT 2024","passed","Mon Nov 11 01:11:03 GMT 2024","","CHECK-TYPES-TEMP","CHECK-TYPES-TEMP",""
"","3","NATPARITYTEST.08","","Mon Nov 11 01:18:15 GMT 2024","passed","Mon Nov 11 01:18:15 GMT 2024","","HOL","HOL",""
"","2","IOIOIOI.05","","Mon Nov 11 01:54:48 GMT 2024","passed","Mon Nov 11 01:54:48 GMT 2024","","MULTIDIRECTIONAL","MULTIDIRECTIONAL",""
"","8000","ai-service.ai-service-composition-easy","","Mon Nov 11 00:35:13 GMT 2024","passed","Mon Nov 11 00:35:21 GMT 2024","","WHOLE-TESTS","WHOLE-TESTS",""
"","567","TMPMATCH2.05","","Mon Nov 11 01:48:29 GMT 2024","passed","Mon Nov 11 01:48:29 GMT 2024","","WALK-THRU","WALK-THRU",""
"","287","TESTS0.06","","Mon Nov 11 01:39:13 GMT 2024","failed","Mon Nov 11 01:39:13 GMT 2024","","NEW","NEW",""
"","406","IBC-XP.33","","Mon Nov 11 01:21:29 GMT 2024","failed","Mon Nov 11 01:21:29 GMT 2024","","ITERATIVE-CHAINING","ITERATIVE-CHAINING",""
"","79","F1-IMPORTS.14","","Mon Nov 11 00:35:08 GMT 2024","passed","Mon Nov 11 00:35:08 GMT 2024","","MODULE-SYSTEM","MODULE-SYSTEM",""
"","6000","experiments.synthesize-via-unify-test","","Mon Nov 11 00:35:13 GMT 2024","passed","Mon Nov 11 00:35:19 GMT 2024","","WHOLE-TESTS","WHOLE-TESTS",""
"","2","BC-COMP.01","","Mon Nov 11 00:42:55 GMT 2024","passed","Mon Nov 11 00:42:55 GMT 2024","","ANTI-REGRESSION","ANTI-REGRESSION",""
"","3","TEST-IF-CLOSED.01","","Mon Nov 11 00:42:55 GMT 2024","passed","Mon Nov 11 00:42:55 GMT 2024","","ANTI-REGRESSION","ANTI-REGRESSION",""
"","110","TYPE-PROP.73","","Mon Nov 11 01:11:03 GMT 2024","failed","Mon Nov 11 01:11:03 GMT 2024","","CHECK-TYPES-TEMP","CHECK-TYPES-TEMP",""
"","2","BACKWARD-CHAINER-XP.40","","Mon Nov 11 01:15:12 GMT 2024","passed","Mon Nov 11 01:15:12 GMT 2024","","BACKWARD-CHAINER","BACKWARD-CHAINER",""
"","6000","perfect-numbers.basic","","Mon Nov 11 00:35:13 GMT 2024","passed","Mon Nov 11 00:35:19 GMT 2024","","WHOLE-TESTS","WHOLE-TESTS",""
"","2","IDENTITY.01","","Mon Nov 11 01:48:04 GMT 2024","passed","Mon Nov 11 01:48:04 GMT 2024","","TRANSPILER","TRANSPILER",""
"","2","B5-TYPES-PRELIM.16","","Mon Nov 11 01:11:03 GMT 2024","passed","Mon Nov 11 01:11:03 GMT 2024","","CHECK-TYPES-TEMP","CHECK-TYPES-TEMP",""
"","2","SEQUENTIAL-NESTED.10","","Mon Nov 11 00:40:49 GMT 2024","passed","Mon Nov 11 00:40:49 GMT 2024","","METTA-MORPH-TESTS","METTA-MORPH-TESTS",""
"","6000","metta-morph_tests.nalifier","","Mon Nov 11 00:35:13 GMT 2024","passed","Mon Nov 11 00:35:19 GMT 2024","","WHOLE-TESTS","WHOLE-TESTS",""
"","50","FORWARD-CHAINER-TEST.01","","Mon Nov 11 01:17:59 GMT 2024","failed","Mon Nov 11 01:17:59 GMT 2024","","FORWARD-CHAINER","FORWARD-CHAINER",""
"","2","ADD-REMOVE-MATCH-STRINGS.02","","Mon Nov 11 00:52:21 GMT 2024","passed","Mon Nov 11 00:52:21 GMT 2024","","SPACES","SPACES",""
"","2","TYPES2.05","","Mon Nov 11 00:40:49 GMT 2024","passed","Mon Nov 11 00:40:49 GMT 2024","","METTA-MORPH-TESTS","METTA-MORPH-TESTS",""
"","2","D4-TYPE-PROP.13","","Mon Nov 11 00:35:17 GMT 2024","passed","Mon Nov 11 00:35:17 GMT 2024","","HYPERON-EXPERIMENTAL-SCRIPTS","HYPERON-EXPERIMENTAL-SCRIPTS",""
"","3","INTERSECTION-TESTS.27","","Mon Nov 11 00:36:54 GMT 2024","passed","Mon Nov 11 00:36:54 GMT 2024","","HYPERON-METTALOG-SANITY","HYPERON-METTALOG-SANITY",""
"","2","QUERIES.08","","Mon Nov 11 01:07:42 GMT 2024","passed","Mon Nov 11 01:07:42 GMT 2024","","STRIPS-TO-METTA-IMPROVED","STRIPS-TO-METTA-IMPROVED",""
"","2","FORWARD-CHAINER-XP.16","","Mon Nov 11 01:17:59 GMT 2024","passed","Mon Nov 11 01:17:59 GMT 2024","","FORWARD-CHAINER","FORWARD-CHAINER",""
"","2","E2-STATES.04","","Mon Nov 11 00:35:17 GMT 2024","passed","Mon Nov 11 00:35:17 GMT 2024","","HYPERON-EXPERIMENTAL-SCRIPTS","HYPERON-EXPERIMENTAL-SCRIPTS",""
"","2","FORWARD-CHAINER-TEST.08","","Mon Nov 11 01:17:59 GMT 2024","passed","Mon Nov 11 01:17:59 GMT 2024","","FORWARD-CHAINER","FORWARD-CHAINER",""
"","2","UNIFY-VIA-LET.05","","Mon Nov 11 01:26:05 GMT 2024","passed","Mon Nov 11 01:26:05 GMT 2024","","EXPERIMENTS","EXPERIMENTS",""
"","3","TESTS2.02","","Mon Nov 11 00:45:32 GMT 2024","passed","Mon Nov 11 00:45:32 GMT 2024","","MAIN-BRANCH","MAIN-BRANCH",""
"","3","CHAPTER-2-4.13","","Mon Nov 11 00:54:37 GMT 2024","passed","Mon Nov 11 00:54:37 GMT 2024","","SICP-BOOK","SICP-BOOK",""
"","5000","logic.puzzle","","Mon Nov 11 00:35:13 GMT 2024","passed","Mon Nov 11 00:35:18 GMT 2024","","WHOLE-TESTS","WHOLE-TESTS",""
"","1","STDLIB-METTALOG-TEST-PT2.36","","Mon Nov 11 00:54:28 GMT 2024","passed","Mon Nov 11 00:54:28 GMT 2024","","STDLIB-METTALOG","STDLIB-METTALOG",""
"","23","INF-CTL-XP.17","","Mon Nov 11 01:19:26 GMT 2024","failed","Mon Nov 11 01:19:26 GMT 2024","","INFERENCE-CONTROL","INFERENCE-CONTROL",""
"","253","TIME-SYNTHESIZE-SHORT.01","","Mon Nov 11 00:38:41 GMT 2024","passed","Mon Nov 11 00:38:41 GMT 2024","","SYNTH-BUFFER","SYNTH-BUFFER",""
"","107","INF-CTL-MONTH-BC-CONT-XP.25","","Mon Nov 11 01:19:26 GMT 2024","passed","Mon Nov 11 01:19:26 GMT 2024","","INFERENCE-CONTROL","INFERENCE-CONTROL",""
"","2","D2-HIGHERFUNC.11","","Mon Nov 11 00:35:17 GMT 2024","passed","Mon Nov 11 00:35:17 GMT 2024","","HYPERON-EXPERIMENTAL-SCRIPTS","HYPERON-EXPERIMENTAL-SCRIPTS",""
"","46000","prev.tests4","","Mon Nov 11 00:35:13 GMT 2024","failed","Mon Nov 11 00:35:59 GMT 2024","","WHOLE-TESTS","WHOLE-TESTS",""
"","2107","TESTS2.07","","Mon Nov 11 00:45:32 GMT 2024","failed","Mon Nov 11 00:45:34 GMT 2024","","MAIN-BRANCH","MAIN-BRANCH",""
"","2","B5-TYPES-PRELIM.21","","Mon Nov 11 01:11:03 GMT 2024","passed","Mon Nov 11 01:11:03 GMT 2024","","CHECK-TYPES-TEMP","CHECK-TYPES-TEMP",""
"","3","HYPERPOSING.01","","Mon Nov 11 01:57:07 GMT 2024","passed","Mon Nov 11 01:57:07 GMT 2024","","BASIC","BASIC",""
"","4000","basic.pathfinding-easy-f","","Mon Nov 11 00:35:13 GMT 2024","passed","Mon Nov 11 00:35:17 GMT 2024","","WHOLE-TESTS","WHOLE-TESTS",""
"","2","BCHAIN.05","","Mon Nov 11 01:48:29 GMT 2024","passed","Mon Nov 11 01:48:29 GMT 2024","","WALK-THRU","WALK-THRU",""
"","2","INF-CTL-MONTH-BC-CONT-XP.05","","Mon Nov 11 01:19:26 GMT 2024","passed","Mon Nov 11 01:19:26 GMT 2024","","INFERENCE-CONTROL","INFERENCE-CONTROL",""
"","4","FORWARD-CHAINER-XP.30","","Mon Nov 11 01:17:59 GMT 2024","passed","Mon Nov 11 01:17:59 GMT 2024","","FORWARD-CHAINER","FORWARD-CHAINER",""
"","149","FC-XP.20","","Mon Nov 11 01:18:10 GMT 2024","passed","Mon Nov 11 01:18:10 GMT 2024","","FORWARD-CHAINING","FORWARD-CHAINING",""
"","2","IMPLICATIONDIRECTINTRODUCTIONDTLTEST.10","","Mon Nov 11 01:14:04 GMT 2024","passed","Mon Nov 11 01:14:04 GMT 2024","","DEPENDENT-TYPES","DEPENDENT-TYPES",""
"","4","DEDUCTIONDTLTEST.02","","Mon Nov 11 01:14:04 GMT 2024","passed","Mon Nov 11 01:14:04 GMT 2024","","DEPENDENT-TYPES","DEPENDENT-TYPES",""
"","2","C1-GROUNDED-BASIC.17","","Mon Nov 11 00:35:17 GMT 2024","passed","Mon Nov 11 00:35:17 GMT 2024","","HYPERON-EXPERIMENTAL-SCRIPTS","HYPERON-EXPERIMENTAL-SCRIPTS",""
"","4000","chaining.type_prop","","Mon Nov 11 00:35:13 GMT 2024","passed","Mon Nov 11 00:35:17 GMT 2024","","WHOLE-TESTS","WHOLE-TESTS",""
"","13","IMPLICATIONDIRECTINTRODUCTIONDTLTEST.03","","Mon Nov 11 01:14:04 GMT 2024","passed","Mon Nov 11 01:14:04 GMT 2024","","DEPENDENT-TYPES","DEPENDENT-TYPES",""
"","4000","formula.DeductionFormulaTest","","Mon Nov 11 00:35:13 GMT 2024","passed","Mon Nov 11 00:35:17 GMT 2024","","WHOLE-TESTS","WHOLE-TESTS",""
"","2","TYPES2.01","","Mon Nov 11 00:40:49 GMT 2024","passed","Mon Nov 11 00:40:49 GMT 2024","","METTA-MORPH-TESTS","METTA-MORPH-TESTS",""
"","3","TEST-LIST-CONCATENATION.01","","Mon Nov 11 01:57:07 GMT 2024","passed","Mon Nov 11 01:57:07 GMT 2024","","BASIC","BASIC",""
"","2475","TESTS1-PRE.04","","Mon Nov 11 00:45:32 GMT 2024","failed","Mon Nov 11 00:45:34 GMT 2024","","MAIN-BRANCH","MAIN-BRANCH",""
"","2456","TESTS1.04","","Mon Nov 11 00:45:32 GMT 2024","failed","Mon Nov 11 00:45:34 GMT 2024","","MAIN-BRANCH","MAIN-BRANCH",""
"","76","BASE-TEST-REPR-PARSE-INTERSECTION.02","","Mon Nov 11 00:36:54 GMT 2024","passed","Mon Nov 11 00:36:54 GMT 2024","","HYPERON-METTALOG-SANITY","HYPERON-METTALOG-SANITY",""
"","3","TYPE-PROP.18","","Mon Nov 11 01:11:03 GMT 2024","passed","Mon Nov 11 01:11:03 GMT 2024","","CHECK-TYPES-TEMP","CHECK-TYPES-TEMP",""
"","2","D1-GADT.06","","Mon Nov 11 00:45:05 GMT 2024","passed","Mon Nov 11 00:45:05 GMT 2024","","QUICK","QUICK",""
"","4000","experiments.synthesize-via-superpose","","Mon Nov 11 00:35:13 GMT 2024","passed","Mon Nov 11 00:35:17 GMT 2024","","WHOLE-TESTS","WHOLE-TESTS",""
"","2","INTERSECTION-TESTS.04","","Mon Nov 11 00:36:54 GMT 2024","passed","Mon Nov 11 00:36:54 GMT 2024","","HYPERON-METTALOG-SANITY","HYPERON-METTALOG-SANITY",""
"","2","TYPE-PROP.49","","Mon Nov 11 01:11:03 GMT 2024","passed","Mon Nov 11 01:11:03 GMT 2024","","CHECK-TYPES-TEMP","CHECK-TYPES-TEMP",""
"","4","FC-XP.31","","Mon Nov 11 01:18:10 GMT 2024","passed","Mon Nov 11 01:18:10 GMT 2024","","FORWARD-CHAINING","FORWARD-CHAINING",""
"","580","APPEND.03","","Mon Nov 11 01:54:48 GMT 2024","passed","Mon Nov 11 01:54:48 GMT 2024","","MULTIDIRECTIONAL","MULTIDIRECTIONAL",""
"","2","TESTS0.03","","Mon Nov 11 00:45:32 GMT 2024","passed","Mon Nov 11 00:45:32 GMT 2024","","MAIN-BRANCH","MAIN-BRANCH",""
"","4000","loop-checks.06_loop_1","","Mon Nov 11 00:35:13 GMT 2024","passed","Mon Nov 11 00:35:17 GMT 2024","","WHOLE-TESTS","WHOLE-TESTS",""
"","3","SYNTHESIZE-VIA-SUPERPOSE.01","","Mon Nov 11 01:26:05 GMT 2024","passed","Mon Nov 11 01:26:05 GMT 2024","","EXPERIMENTS","EXPERIMENTS",""
"","2","F1-IMPORTS.19","","Mon Nov 11 00:35:17 GMT 2024","passed","Mon Nov 11 00:35:17 GMT 2024","","HYPERON-EXPERIMENTAL-SCRIPTS","HYPERON-EXPERIMENTAL-SCRIPTS",""
"","3","D1-GADT.11","","Mon Nov 11 00:35:17 GMT 2024","passed","Mon Nov 11 00:35:17 GMT 2024","","HYPERON-EXPERIMENTAL-SCRIPTS","HYPERON-EXPERIMENTAL-SCRIPTS",""
"","2","D4-TYPE-PROP.17","","Mon Nov 11 00:45:05 GMT 2024","passed","Mon Nov 11 00:45:05 GMT 2024","","QUICK","QUICK",""
"","2","D2-HIGHERFUNC.10","","Mon Nov 11 00:35:17 GMT 2024","passed","Mon Nov 11 00:35:17 GMT 2024","","HYPERON-EXPERIMENTAL-SCRIPTS","HYPERON-EXPERIMENTAL-SCRIPTS",""
"","43","FORWARD-CHAINER-TEST.05","","Mon Nov 11 01:17:59 GMT 2024","failed","Mon Nov 11 01:17:59 GMT 2024","","FORWARD-CHAINER","FORWARD-CHAINER",""
"","40000","SICP_book.chapter_1_3","","Mon Nov 11 00:35:13 GMT 2024","failed","Mon Nov 11 00:35:53 GMT 2024","","WHOLE-TESTS","WHOLE-TESTS",""
"","788","INF-ORDER-PROBS.07","","Mon Nov 11 01:03:12 GMT 2024","passed","Mon Nov 11 01:03:12 GMT 2024","","PROB-DEP-TYPES","PROB-DEP-TYPES",""
"","2","TESTS4.01","","Mon Nov 11 00:45:32 GMT 2024","passed","Mon Nov 11 00:45:32 GMT 2024","","MAIN-BRANCH","MAIN-BRANCH",""
"","40000","basic.hanoi-peg-space","","Mon Nov 11 00:35:13 GMT 2024","failed","Mon Nov 11 00:35:53 GMT 2024","","WHOLE-TESTS","WHOLE-TESTS",""
"","8000","john-carry-flower.john-carry-flower-test","","Mon Nov 11 00:35:13 GMT 2024","passed","Mon Nov 11 00:35:21 GMT 2024","","WHOLE-TESTS","WHOLE-TESTS",""
"","291","QUERIES.06","","Mon Nov 11 01:07:42 GMT 2024","passed","Mon Nov 11 01:07:42 GMT 2024","","STRIPS-TO-METTA-IMPROVED","STRIPS-TO-METTA-IMPROVED",""
"","26000","language_models.pllm_penntree","","Mon Nov 11 00:35:13 GMT 2024","passed","Mon Nov 11 00:35:39 GMT 2024","","WHOLE-TESTS","WHOLE-TESTS",""
"","72","TESTS1.01","","Mon Nov 11 01:39:13 GMT 2024","failed","Mon Nov 11 01:39:13 GMT 2024","","NEW","NEW",""
"","2","ADD-REMOVE-MATCH-MIX-FLOAT-INTEGER.02","","Mon Nov 11 00:52:21 GMT 2024","passed","Mon Nov 11 00:52:21 GMT 2024","","SPACES","SPACES",""
"","4","BCHAIN-COMP.06","","Mon Nov 11 00:42:55 GMT 2024","passed","Mon Nov 11 00:42:55 GMT 2024","","ANTI-REGRESSION","ANTI-REGRESSION",""
"","2","E3-MATCH-STATES.02","","Mon Nov 11 00:35:17 GMT 2024","passed","Mon Nov 11 00:35:17 GMT 2024","","HYPERON-EXPERIMENTAL-SCRIPTS","HYPERON-EXPERIMENTAL-SCRIPTS",""
"","3","00-LANG-CASE.17","","Mon Nov 11 00:36:54 GMT 2024","passed","Mon Nov 11 00:36:54 GMT 2024","","HYPERON-METTALOG-SANITY","HYPERON-METTALOG-SANITY",""
"","2","SEQUENTIAL-NESTED.04","","Mon Nov 11 00:40:49 GMT 2024","passed","Mon Nov 11 00:40:49 GMT 2024","","METTA-MORPH-TESTS","METTA-MORPH-TESTS",""
"","2","F1-IMPORTS.11","","Mon Nov 11 00:35:17 GMT 2024","passed","Mon Nov 11 00:35:17 GMT 2024","","HYPERON-EXPERIMENTAL-SCRIPTS","HYPERON-EXPERIMENTAL-SCRIPTS",""
"","2","C1-GROUNDED-BASIC.18","","Mon Nov 11 00:45:05 GMT 2024","passed","Mon Nov 11 00:45:05 GMT 2024","","QUICK","QUICK",""
"","2","STRING-TESTS.12","","Mon Nov 11 00:36:54 GMT 2024","passed","Mon Nov 11 00:36:54 GMT 2024","","HYPERON-METTALOG-SANITY","HYPERON-METTALOG-SANITY",""
"","99","STDLIB-METTALOG-TEST-PT2.59","","Mon Nov 11 00:54:28 GMT 2024","failed","Mon Nov 11 00:54:28 GMT 2024","","STDLIB-METTALOG","STDLIB-METTALOG",""
"","2","TEST-IF-CLOSED.10","","Mon Nov 11 00:42:55 GMT 2024","passed","Mon Nov 11 00:42:55 GMT 2024","","ANTI-REGRESSION","ANTI-REGRESSION",""
"","5000","check_types.d5_auto_types","","Mon Nov 11 00:35:13 GMT 2024","passed","Mon Nov 11 00:35:18 GMT 2024","","WHOLE-TESTS","WHOLE-TESTS",""
"","46","IMPLICATIONDIRECTINTRODUCTIONDTLTEST.15","","Mon Nov 11 01:14:04 GMT 2024","failed","Mon Nov 11 01:14:04 GMT 2024","","DEPENDENT-TYPES","DEPENDENT-TYPES",""
"","2","BACKWARD-CHAINER-XP.14","","Mon Nov 11 01:15:12 GMT 2024","passed","Mon Nov 11 01:15:12 GMT 2024","","BACKWARD-CHAINER","BACKWARD-CHAINER",""
"","3","ADD-REMOVE-MATCH-SS-STRINGS.03","","Mon Nov 11 00:52:21 GMT 2024","passed","Mon Nov 11 00:52:21 GMT 2024","","SPACES","SPACES",""
"","2","BCHAIN.02","","Mon Nov 11 01:48:29 GMT 2024","passed","Mon Nov 11 01:48:29 GMT 2024","","WALK-THRU","WALK-THRU",""
"","3","00-LANG-CASE.13","","Mon Nov 11 00:36:54 GMT 2024","passed","Mon Nov 11 00:36:54 GMT 2024","","HYPERON-METTALOG-SANITY","HYPERON-METTALOG-SANITY",""
"","14","IMPLICATIONDIRECTINTRODUCTIONENTAILTEST.04","","Mon Nov 11 01:17:38 GMT 2024","passed","Mon Nov 11 01:17:38 GMT 2024","","ENTAIL","ENTAIL",""
"","5000","hyperon-experimental_scripts.b2_backchain","","Mon Nov 11 00:35:13 GMT 2024","passed","Mon Nov 11 00:35:18 GMT 2024","","WHOLE-TESTS","WHOLE-TESTS",""
"","2147","LTE.09","","Mon Nov 11 00:53:03 GMT 2024","passed","Mon Nov 11 00:53:05 GMT 2024","","STD","STD",""
"","1","TYPE-PROP.34","","Mon Nov 11 01:11:03 GMT 2024","passed","Mon Nov 11 01:11:03 GMT 2024","","CHECK-TYPES-TEMP","CHECK-TYPES-TEMP",""
"","2","LISTTEST.13","","Mon Nov 11 01:15:27 GMT 2024","passed","Mon Nov 11 01:15:27 GMT 2024","","COMMON","COMMON",""
"","8","TYPE-PROP.59","","Mon Nov 11 01:11:03 GMT 2024","failed","Mon Nov 11 01:11:03 GMT 2024","","CHECK-TYPES-TEMP","CHECK-TYPES-TEMP",""
"","2","QUERIES.01","","Mon Nov 11 01:07:42 GMT 2024","passed","Mon Nov 11 01:07:42 GMT 2024","","STRIPS-TO-METTA-IMPROVED","STRIPS-TO-METTA-IMPROVED",""
"","2","IOIOIOI.02","","Mon Nov 11 01:54:48 GMT 2024","passed","Mon Nov 11 01:54:48 GMT 2024","","MULTIDIRECTIONAL","MULTIDIRECTIONAL",""
"","2","TYPE-PROP.11","","Mon Nov 11 01:11:03 GMT 2024","passed","Mon Nov 11 01:11:03 GMT 2024","","CHECK-TYPES-TEMP","CHECK-TYPES-TEMP",""
"","2","D1-GADT.01","","Mon Nov 11 00:45:05 GMT 2024","passed","Mon Nov 11 00:45:05 GMT 2024","","QUICK","QUICK",""
"","2","PC-XP.02","","Mon Nov 11 01:24:11 GMT 2024","passed","Mon Nov 11 01:24:11 GMT 2024","","POLYWARD-CHAINING","POLYWARD-CHAINING",""
"","1","D4-TYPE-PROP.14","","Mon Nov 11 01:11:24 GMT 2024","passed","Mon Nov 11 01:11:24 GMT 2024","","CHECK-TYPES","CHECK-TYPES",""
"","2","INF-ORDER-PROBS.09","","Mon Nov 11 01:03:12 GMT 2024","passed","Mon Nov 11 01:03:12 GMT 2024","","PROB-DEP-TYPES","PROB-DEP-TYPES",""
"","13","HYPERON-EXPERIMENTAL-ISSUE-481.03","","Mon Nov 11 01:51:45 GMT 2024","passed","Mon Nov 11 01:51:45 GMT 2024","","DEBUGGING","DEBUGGING",""
"","2","BACKWARD-CHAINER-XP.30","","Mon Nov 11 01:15:12 GMT 2024","passed","Mon Nov 11 01:15:12 GMT 2024","","BACKWARD-CHAINER","BACKWARD-CHAINER",""
"","4000","anti-regression.tmpMatch2","","Mon Nov 11 00:35:13 GMT 2024","passed","Mon Nov 11 00:35:17 GMT 2024","","WHOLE-TESTS","WHOLE-TESTS",""
"","10","C1-GROUNDED-BASIC.23","","Mon Nov 11 00:35:17 GMT 2024","passed","Mon Nov 11 00:35:17 GMT 2024","","HYPERON-EXPERIMENTAL-SCRIPTS","HYPERON-EXPERIMENTAL-SCRIPTS",""
"","40000","comparisons.nils_if_control_test_10","","Mon Nov 11 00:35:13 GMT 2024","failed","Mon Nov 11 00:35:53 GMT 2024","","WHOLE-TESTS","WHOLE-TESTS",""
"","4000","quick.d1_gadt","","Mon Nov 11 00:35:13 GMT 2024","passed","Mon Nov 11 00:35:17 GMT 2024","","WHOLE-TESTS","WHOLE-TESTS",""
"","2","FC-XP.14","","Mon Nov 11 01:18:10 GMT 2024","passed","Mon Nov 11 01:18:10 GMT 2024","","FORWARD-CHAINING","FORWARD-CHAINING",""
"","3","TMPMATCH1.01","","Mon Nov 11 01:48:29 GMT 2024","passed","Mon Nov 11 01:48:29 GMT 2024","","WALK-THRU","WALK-THRU",""
"","2","INF-CTL-XP.10","","Mon Nov 11 01:19:26 GMT 2024","passed","Mon Nov 11 01:19:26 GMT 2024","","INFERENCE-CONTROL","INFERENCE-CONTROL",""
"","2","ADD-REMOVE-MATCH-STRINGS.04","","Mon Nov 11 00:52:21 GMT 2024","passed","Mon Nov 11 00:52:21 GMT 2024","","SPACES","SPACES",""
"","112","ADD-REMOVE-MATCH-SS-SYMBOLS.14","","Mon Nov 11 00:52:21 GMT 2024","passed","Mon Nov 11 00:52:21 GMT 2024","","SPACES","SPACES",""
"","5","TRUTHVALUETEST.05","","Mon Nov 11 01:15:55 GMT 2024","passed","Mon Nov 11 01:15:55 GMT 2024","","TRUTHVALUE","TRUTHVALUE",""
"","2","F1-IMPORTS.20","","Mon Nov 11 00:45:05 GMT 2024","passed","Mon Nov 11 00:45:05 GMT 2024","","QUICK","QUICK",""
"","2","PREREQS.04","","Mon Nov 11 00:45:32 GMT 2024","passed","Mon Nov 11 00:45:32 GMT 2024","","MAIN-BRANCH","MAIN-BRANCH",""
"","42","BACKWARD-CHAINER-XP.35","","Mon Nov 11 01:15:12 GMT 2024","failed","Mon Nov 11 01:15:12 GMT 2024","","BACKWARD-CHAINER","BACKWARD-CHAINER",""
"","45000","nars_v0.tests1","","Mon Nov 11 00:35:13 GMT 2024","failed","Mon Nov 11 00:35:58 GMT 2024","","WHOLE-TESTS","WHOLE-TESTS",""
"","2","NUMTEST.06","","Mon Nov 11 01:15:27 GMT 2024","passed","Mon Nov 11 01:15:27 GMT 2024","","COMMON","COMMON",""
"","3","V2-PLN-XP-EASY-IMPL.01","","Mon Nov 11 00:50:03 GMT 2024","passed","Mon Nov 11 00:50:03 GMT 2024","","CHAINING","CHAINING",""
"","515","NTE.02","","Mon Nov 11 01:01:14 GMT 2024","passed","Mon Nov 11 01:01:14 GMT 2024","","EDGES-TO-EDGES","EDGES-TO-EDGES",""
"","2","D4-TYPE-PROP.22","","Mon Nov 11 01:11:24 GMT 2024","passed","Mon Nov 11 01:11:24 GMT 2024","","CHECK-TYPES","CHECK-TYPES",""
"","2","ADD-REMOVE-MATCH-INTEGER.43","","Mon Nov 11 00:52:21 GMT 2024","passed","Mon Nov 11 00:52:21 GMT 2024","","SPACES","SPACES",""
"","2","STRING-TESTS.19","","Mon Nov 11 00:36:54 GMT 2024","passed","Mon Nov 11 00:36:54 GMT 2024","","HYPERON-METTALOG-SANITY","HYPERON-METTALOG-SANITY",""
"","3","B5-TYPES-PRELIM.01","","Mon Nov 11 01:11:03 GMT 2024","passed","Mon Nov 11 01:11:03 GMT 2024","","CHECK-TYPES-TEMP","CHECK-TYPES-TEMP",""
"","4000","hyperon-mettalog_sanity.03-soring-via-insert","","Mon Nov 11 00:35:13 GMT 2024","passed","Mon Nov 11 00:35:17 GMT 2024","","WHOLE-TESTS","WHOLE-TESTS",""
"","2","MATCH-SUPERPOSED-SPACES.05","","Mon Nov 11 00:40:49 GMT 2024","passed","Mon Nov 11 00:40:49 GMT 2024","","METTA-MORPH-TESTS","METTA-MORPH-TESTS",""
"","3","LISTTEST.10","","Mon Nov 11 01:15:27 GMT 2024","passed","Mon Nov 11 01:15:27 GMT 2024","","COMMON","COMMON",""
"","4000","metta-morph_tests.identity","","Mon Nov 11 00:35:13 GMT 2024","passed","Mon Nov 11 00:35:17 GMT 2024","","WHOLE-TESTS","WHOLE-TESTS",""
"","47","IMPLICATIONDIRECTINTRODUCTIONDTLTEST.09","","Mon Nov 11 01:14:04 GMT 2024","failed","Mon Nov 11 01:14:04 GMT 2024","","DEPENDENT-TYPES","DEPENDENT-TYPES",""
"","293","TESTS0.06","","Mon Nov 11 01:35:19 GMT 2024","failed","Mon Nov 11 01:35:19 GMT 2024","","NARS-V0","NARS-V0",""
"","5000","comparisons.inf-ctl-month-xp-short_3","","Mon Nov 11 00:35:13 GMT 2024","passed","Mon Nov 11 00:35:18 GMT 2024","","WHOLE-TESTS","WHOLE-TESTS",""
"","45000","prev.tests5","","Mon Nov 11 00:35:13 GMT 2024","failed","Mon Nov 11 00:35:58 GMT 2024","","WHOLE-TESTS","WHOLE-TESTS",""
"","2","LISTTEST.08","","Mon Nov 11 01:15:27 GMT 2024","passed","Mon Nov 11 01:15:27 GMT 2024","","COMMON","COMMON",""
"","2","GADT.02","","Mon Nov 11 00:53:03 GMT 2024","passed","Mon Nov 11 00:53:03 GMT 2024","","STD","STD",""
"","2","ADD-REMOVE-MATCH-SS-STRINGS.09","","Mon Nov 11 00:52:21 GMT 2024","passed","Mon Nov 11 00:52:21 GMT 2024","","SPACES","SPACES",""
"","2","BASIC.11","","Mon Nov 11 01:08:23 GMT 2024","passed","Mon Nov 11 01:08:23 GMT 2024","","TRAVERSER","TRAVERSER",""
"","2","B5-TYPES-PRELIM.06","","Mon Nov 11 00:35:17 GMT 2024","passed","Mon Nov 11 00:35:17 GMT 2024","","HYPERON-EXPERIMENTAL-SCRIPTS","HYPERON-EXPERIMENTAL-SCRIPTS",""
"","241","SYNTHESIZE-VIA-CASE-TEST.02","","Mon Nov 11 01:26:05 GMT 2024","failed","Mon Nov 11 01:26:05 GMT 2024","","EXPERIMENTS","EXPERIMENTS",""
"","426","MODUSPONENSDTLTEST.03","","Mon Nov 11 01:14:04 GMT 2024","failed","Mon Nov 11 01:14:04 GMT 2024","","DEPENDENT-TYPES","DEPENDENT-TYPES",""
"","3","CHAPTER-2-4.01","","Mon Nov 11 00:54:37 GMT 2024","passed","Mon Nov 11 00:54:37 GMT 2024","","SICP-BOOK","SICP-BOOK",""
"","71","STDLIB-METTALOG-TEST-PT2.71","","Mon Nov 11 00:54:28 GMT 2024","failed","Mon Nov 11 00:54:28 GMT 2024","","STDLIB-METTALOG","STDLIB-METTALOG",""
"","2","D3-DEPTYPES.02","","Mon Nov 11 01:11:24 GMT 2024","passed","Mon Nov 11 01:11:24 GMT 2024","","CHECK-TYPES","CHECK-TYPES",""
"","5000","metta-morph_tests.peano","","Mon Nov 11 00:35:13 GMT 2024","passed","Mon Nov 11 00:35:18 GMT 2024","","WHOLE-TESTS","WHOLE-TESTS",""
"","4","NUMTEST.10","","Mon Nov 11 01:15:27 GMT 2024","passed","Mon Nov 11 01:15:27 GMT 2024","","COMMON","COMMON",""
"","4","INF-CTL-XP.06","","Mon Nov 11 01:19:26 GMT 2024","passed","Mon Nov 11 01:19:26 GMT 2024","","INFERENCE-CONTROL","INFERENCE-CONTROL",""
"","37","STDLIB-METTALOG-TEST-PT2.18","","Mon Nov 11 00:54:28 GMT 2024","failed","Mon Nov 11 00:54:28 GMT 2024","","STDLIB-METTALOG","STDLIB-METTALOG",""
"","116","PREREQS.08","","Mon Nov 11 00:45:32 GMT 2024","failed","Mon Nov 11 00:45:32 GMT 2024","","MAIN-BRANCH","MAIN-BRANCH",""
"","2","D2-HIGHERFUNC.16","","Mon Nov 11 01:11:24 GMT 2024","passed","Mon Nov 11 01:11:24 GMT 2024","","CHECK-TYPES","CHECK-TYPES",""
"","2","TESTS0.03","","Mon Nov 11 01:30:15 GMT 2024","passed","Mon Nov 11 01:30:15 GMT 2024","","CURRENT","CURRENT",""
"","212","SHOW-TYPE.17","","Mon Nov 11 00:52:05 GMT 2024","failed","Mon Nov 11 00:52:05 GMT 2024","","INTROSPECT","INTROSPECT",""
"","2","D2-HIGHERFUNC.13","","Mon Nov 11 00:45:05 GMT 2024","passed","Mon Nov 11 00:45:05 GMT 2024","","QUICK","QUICK",""
"","2","D1-GADT.14","","Mon Nov 11 01:11:24 GMT 2024","passed","Mon Nov 11 01:11:24 GMT 2024","","CHECK-TYPES","CHECK-TYPES",""
"","3","E2-STATES.12","","Mon Nov 11 01:11:24 GMT 2024","passed","Mon Nov 11 01:11:24 GMT 2024","","CHECK-TYPES","CHECK-TYPES",""
"","554","INF-CTL-MONTH-XP.04","","Mon Nov 11 01:19:26 GMT 2024","passed","Mon Nov 11 01:19:26 GMT 2024","","INFERENCE-CONTROL","INFERENCE-CONTROL",""
"","2","ADD-REMOVE-MATCH-INTEGER.32","","Mon Nov 11 00:52:21 GMT 2024","passed","Mon Nov 11 00:52:21 GMT 2024","","SPACES","SPACES",""
"","104","STATE-TYPES.02","","Mon Nov 11 01:57:07 GMT 2024","failed","Mon Nov 11 01:57:07 GMT 2024","","BASIC","BASIC",""
"","2","D1-GADT.12","","Mon Nov 11 00:35:17 GMT 2024","passed","Mon Nov 11 00:35:17 GMT 2024","","HYPERON-EXPERIMENTAL-SCRIPTS","HYPERON-EXPERIMENTAL-SCRIPTS",""
"","538","TESTS5.01","","Mon Nov 11 00:45:32 GMT 2024","failed","Mon Nov 11 00:45:32 GMT 2024","","MAIN-BRANCH","MAIN-BRANCH",""
"","14","TYPE-PROP.57","","Mon Nov 11 01:11:03 GMT 2024","failed","Mon Nov 11 01:11:03 GMT 2024","","CHECK-TYPES-TEMP","CHECK-TYPES-TEMP",""
"","3","NUMTEST.08","","Mon Nov 11 01:15:27 GMT 2024","passed","Mon Nov 11 01:15:27 GMT 2024","","COMMON","COMMON",""
"","117","INF-CTL-MONTH-BC-XP.02","","Mon Nov 11 01:19:26 GMT 2024","failed","Mon Nov 11 01:19:26 GMT 2024","","INFERENCE-CONTROL","INFERENCE-CONTROL",""
"","2","TYPE-PROP.47","","Mon Nov 11 01:11:03 GMT 2024","passed","Mon Nov 11 01:11:03 GMT 2024","","CHECK-TYPES-TEMP","CHECK-TYPES-TEMP",""
"","1143","IBC-XP.28","","Mon Nov 11 01:21:29 GMT 2024","passed","Mon Nov 11 01:21:30 GMT 2024","","ITERATIVE-CHAINING","ITERATIVE-CHAINING",""
"","56","STDLIB-METTALOG-TEST-PT2.43","","Mon Nov 11 00:54:28 GMT 2024","failed","Mon Nov 11 00:54:28 GMT 2024","","STDLIB-METTALOG","STDLIB-METTALOG",""
"","3","SYNTHESIZE-VIA-TYPE-CHECKING.08","","Mon Nov 11 01:26:05 GMT 2024","passed","Mon Nov 11 01:26:05 GMT 2024","","EXPERIMENTS","EXPERIMENTS",""
"","2","INTERSECTION-TESTS.24","","Mon Nov 11 00:36:54 GMT 2024","passed","Mon Nov 11 00:36:54 GMT 2024","","HYPERON-METTALOG-SANITY","HYPERON-METTALOG-SANITY",""
"","3","FORWARD-CHAINER-TEST.16","","Mon Nov 11 01:17:59 GMT 2024","passed","Mon Nov 11 01:17:59 GMT 2024","","FORWARD-CHAINER","FORWARD-CHAINER",""
"","2","IFC-XP.07","","Mon Nov 11 01:21:29 GMT 2024","passed","Mon Nov 11 01:21:29 GMT 2024","","ITERATIVE-CHAINING","ITERATIVE-CHAINING",""
"","5000","dependent-types.SupportRuleExp","","Mon Nov 11 00:35:13 GMT 2024","passed","Mon Nov 11 00:35:18 GMT 2024","","WHOLE-TESTS","WHOLE-TESTS",""
"","3","IMPLICATIONDIRECTINTRODUCTIONDTLTEST.08","","Mon Nov 11 01:14:04 GMT 2024","passed","Mon Nov 11 01:14:04 GMT 2024","","DEPENDENT-TYPES","DEPENDENT-TYPES",""
"","2","TEST-IF-CLOSED.01","","Mon Nov 11 01:48:29 GMT 2024","passed","Mon Nov 11 01:48:29 GMT 2024","","WALK-THRU","WALK-THRU",""
"","2","C1-GROUNDED-BASIC.05","","Mon Nov 11 00:35:17 GMT 2024","passed","Mon Nov 11 00:35:17 GMT 2024","","HYPERON-EXPERIMENTAL-SCRIPTS","HYPERON-EXPERIMENTAL-SCRIPTS",""
"","4000","debugging.hyperon_experimental_issue_500","","Mon Nov 11 00:35:13 GMT 2024","passed","Mon Nov 11 00:35:17 GMT 2024","","WHOLE-TESTS","WHOLE-TESTS",""
"","1","CHAPTER-2-2.11","","Mon Nov 11 00:54:37 GMT 2024","passed","Mon Nov 11 00:54:37 GMT 2024","","SICP-BOOK","SICP-BOOK",""
"","2","IBC-XP.19","","Mon Nov 11 01:21:29 GMT 2024","passed","Mon Nov 11 01:21:29 GMT 2024","","ITERATIVE-CHAINING","ITERATIVE-CHAINING",""
"","3","MATCH-SUPERPOSED-SPACES.01","","Mon Nov 11 00:40:49 GMT 2024","passed","Mon Nov 11 00:40:49 GMT 2024","","METTA-MORPH-TESTS","METTA-MORPH-TESTS",""
"","2","TEST-IF-CLOSED.11","","Mon Nov 11 00:42:55 GMT 2024","passed","Mon Nov 11 00:42:55 GMT 2024","","ANTI-REGRESSION","ANTI-REGRESSION",""
"","2","TYPE-PROP.28","","Mon Nov 11 01:11:03 GMT 2024","passed","Mon Nov 11 01:11:03 GMT 2024","","CHECK-TYPES-TEMP","CHECK-TYPES-TEMP",""
"","3","02-CURRIED-PLUS.01","","Mon Nov 11 00:36:54 GMT 2024","passed","Mon Nov 11 00:36:54 GMT 2024","","HYPERON-METTALOG-SANITY","HYPERON-METTALOG-SANITY",""
"","5","OR-TEST.17","","Mon Nov 11 00:36:54 GMT 2024","passed","Mon Nov 11 00:36:54 GMT 2024","","HYPERON-METTALOG-SANITY","HYPERON-METTALOG-SANITY",""
"","4000","polymorphic-types.examples-quants","","Mon Nov 11 00:35:13 GMT 2024","passed","Mon Nov 11 00:35:17 GMT 2024","","WHOLE-TESTS","WHOLE-TESTS",""
"","2","QUERIES.16","","Mon Nov 11 01:07:42 GMT 2024","passed","Mon Nov 11 01:07:42 GMT 2024","","STRIPS-TO-METTA-IMPROVED","STRIPS-TO-METTA-IMPROVED",""
"","1","00-LANG-CASE.05","","Mon Nov 11 00:36:54 GMT 2024","passed","Mon Nov 11 00:36:54 GMT 2024","","HYPERON-METTALOG-SANITY","HYPERON-METTALOG-SANITY",""
"","1","INF-CTL-MONTH-BC-CONT-XP.23","","Mon Nov 11 01:19:26 GMT 2024","passed","Mon Nov 11 01:19:26 GMT 2024","","INFERENCE-CONTROL","INFERENCE-CONTROL",""
"","2","F1-IMPORTS.09","","Mon Nov 11 00:35:08 GMT 2024","passed","Mon Nov 11 00:35:08 GMT 2024","","MODULE-SYSTEM","MODULE-SYSTEM",""
"","2","F1-IMPORTS.15","","Mon Nov 11 00:35:08 GMT 2024","passed","Mon Nov 11 00:35:08 GMT 2024","","MODULE-SYSTEM","MODULE-SYSTEM",""
"","2","C3-PLN-STV.03","","Mon Nov 11 00:35:17 GMT 2024","passed","Mon Nov 11 00:35:17 GMT 2024","","HYPERON-EXPERIMENTAL-SCRIPTS","HYPERON-EXPERIMENTAL-SCRIPTS",""
"","5000","entail.DeductionEntailTest","","Mon Nov 11 00:35:13 GMT 2024","passed","Mon Nov 11 00:35:18 GMT 2024","","WHOLE-TESTS","WHOLE-TESTS",""
"","5000","hyperon-mettalog_sanity.intersection_tests","","Mon Nov 11 00:35:13 GMT 2024","passed","Mon Nov 11 00:35:18 GMT 2024","","WHOLE-TESTS","WHOLE-TESTS",""
"","2","BACKWARD-CHAINER-XP.19","","Mon Nov 11 01:15:12 GMT 2024","passed","Mon Nov 11 01:15:12 GMT 2024","","BACKWARD-CHAINER","BACKWARD-CHAINER",""
"","2","TYPE-PROP.25","","Mon Nov 11 01:11:03 GMT 2024","passed","Mon Nov 11 01:11:03 GMT 2024","","CHECK-TYPES-TEMP","CHECK-TYPES-TEMP",""
"","3","OBIF-EASY.02","","Mon Nov 11 01:54:48 GMT 2024","passed","Mon Nov 11 01:54:48 GMT 2024","","MULTIDIRECTIONAL","MULTIDIRECTIONAL",""
"","3","LET-SUPERPOSE-LIST.01","","Mon Nov 11 00:40:49 GMT 2024","passed","Mon Nov 11 00:40:49 GMT 2024","","METTA-MORPH-TESTS","METTA-MORPH-TESTS",""
"","45000","current.tests3","","Mon Nov 11 00:35:13 GMT 2024","failed","Mon Nov 11 00:35:58 GMT 2024","","WHOLE-TESTS","WHOLE-TESTS",""
"","2","STDLIB-METTALOG-TEST-PT2.52","","Mon Nov 11 00:54:28 GMT 2024","passed","Mon Nov 11 00:54:28 GMT 2024","","STDLIB-METTALOG","STDLIB-METTALOG",""
"","2","TMPMATCH1.04","","Mon Nov 11 00:42:55 GMT 2024","passed","Mon Nov 11 00:42:55 GMT 2024","","ANTI-REGRESSION","ANTI-REGRESSION",""
"","2","GADT.01","","Mon Nov 11 00:53:03 GMT 2024","passed","Mon Nov 11 00:53:03 GMT 2024","","STD","STD",""
"","60","F1-IMPORTS.21","","Mon Nov 11 00:35:17 GMT 2024","passed","Mon Nov 11 00:35:17 GMT 2024","","HYPERON-EXPERIMENTAL-SCRIPTS","HYPERON-EXPERIMENTAL-SCRIPTS",""
"","7000","metta-wam-issue-116.test_spo_1000","","Mon Nov 11 00:35:13 GMT 2024","passed","Mon Nov 11 00:35:20 GMT 2024","","WHOLE-TESTS","WHOLE-TESTS",""
"","391","IOIOIOI-USING-EQUALITY.03","","Mon Nov 11 01:54:48 GMT 2024","failed","Mon Nov 11 01:54:48 GMT 2024","","MULTIDIRECTIONAL","MULTIDIRECTIONAL",""
"","6000","prev.tests0","","Mon Nov 11 00:35:13 GMT 2024","passed","Mon Nov 11 00:35:19 GMT 2024","","WHOLE-TESTS","WHOLE-TESTS",""
"","4000","anti-regression.comma_is_not_special","","Mon Nov 11 00:35:13 GMT 2024","passed","Mon Nov 11 00:35:17 GMT 2024","","WHOLE-TESTS","WHOLE-TESTS",""
"","2","STDLIB-METTALOG-TEST-PT2.63","","Mon Nov 11 00:54:28 GMT 2024","passed","Mon Nov 11 00:54:28 GMT 2024","","STDLIB-METTALOG","STDLIB-METTALOG",""
"","2","SEQUENTIAL-NESTED.12","","Mon Nov 11 00:40:49 GMT 2024","passed","Mon Nov 11 00:40:49 GMT 2024","","METTA-MORPH-TESTS","METTA-MORPH-TESTS",""
"","1","BC-XP.03","","Mon Nov 11 00:50:03 GMT 2024","passed","Mon Nov 11 00:50:03 GMT 2024","","CHAINING","CHAINING",""
"","3","03-SORING-VIA-INSERT.03","","Mon Nov 11 00:36:54 GMT 2024","passed","Mon Nov 11 00:36:54 GMT 2024","","HYPERON-METTALOG-SANITY","HYPERON-METTALOG-SANITY",""
"","2","TESTS0.03","","Mon Nov 11 01:43:08 GMT 2024","passed","Mon Nov 11 01:43:08 GMT 2024","","PREV","PREV",""
"","2","00A-LANG-COMPILED-CASE.12","","Mon Nov 11 01:47:02 GMT 2024","passed","Mon Nov 11 01:47:02 GMT 2024","","DIRECT-COMP","DIRECT-COMP",""
"","2","B5-TYPES-PRELIM.04","","Mon Nov 11 01:11:03 GMT 2024","passed","Mon Nov 11 01:11:03 GMT 2024","","CHECK-TYPES-TEMP","CHECK-TYPES-TEMP",""
"","51","IMPLICATIONDIRECTINTRODUCTIONDTLTEST.01","","Mon Nov 11 01:14:04 GMT 2024","failed","Mon Nov 11 01:14:04 GMT 2024","","DEPENDENT-TYPES","DEPENDENT-TYPES",""
"","2","D4-TYPE-PROP.17","","Mon Nov 11 00:35:17 GMT 2024","passed","Mon Nov 11 00:35:17 GMT 2024","","HYPERON-EXPERIMENTAL-SCRIPTS","HYPERON-EXPERIMENTAL-SCRIPTS",""
"","1","SEQUENTIAL-NESTED.08","","Mon Nov 11 00:40:49 GMT 2024","passed","Mon Nov 11 00:40:49 GMT 2024","","METTA-MORPH-TESTS","METTA-MORPH-TESTS",""
"","2","TYPE-PROP.61","","Mon Nov 11 01:11:03 GMT 2024","passed","Mon Nov 11 01:11:03 GMT 2024","","CHECK-TYPES-TEMP","CHECK-TYPES-TEMP",""
"","8000","comparisons.nils_if_control_test_2","","Mon Nov 11 00:35:13 GMT 2024","passed","Mon Nov 11 00:35:21 GMT 2024","","WHOLE-TESTS","WHOLE-TESTS",""
"","3","ORDEREDSETTEST.03","","Mon Nov 11 01:15:27 GMT 2024","passed","Mon Nov 11 01:15:27 GMT 2024","","COMMON","COMMON",""
"","29","INF-CTL-XP.12","","Mon Nov 11 01:19:26 GMT 2024","failed","Mon Nov 11 01:19:26 GMT 2024","","INFERENCE-CONTROL","INFERENCE-CONTROL",""
"","2","C2-SPACES.02","","Mon Nov 11 00:35:08 GMT 2024","passed","Mon Nov 11 00:35:08 GMT 2024","","MODULE-SYSTEM","MODULE-SYSTEM",""
"","2","D2-HIGHERFUNC.17","","Mon Nov 11 00:45:05 GMT 2024","passed","Mon Nov 11 00:45:05 GMT 2024","","QUICK","QUICK",""
"","5000","hyperon-experimental_scripts.d4_type_prop","","Mon Nov 11 00:35:13 GMT 2024","passed","Mon Nov 11 00:35:18 GMT 2024","","WHOLE-TESTS","WHOLE-TESTS",""
"","10000","bigram-sentence-evaluator.wordVectors","","Mon Nov 11 00:35:13 GMT 2024","passed","Mon Nov 11 00:35:23 GMT 2024","","WHOLE-TESTS","WHOLE-TESTS",""
"","2","STATES-SPACES.02","","Mon Nov 11 00:40:49 GMT 2024","passed","Mon Nov 11 00:40:49 GMT 2024","","METTA-MORPH-TESTS","METTA-MORPH-TESTS",""
"","3","APPEND.01","","Mon Nov 11 01:54:48 GMT 2024","passed","Mon Nov 11 01:54:48 GMT 2024","","MULTIDIRECTIONAL","MULTIDIRECTIONAL",""
"","2","INF-CTL-MONTH-XP-SHORT-3.02","","Mon Nov 11 02:03:27 GMT 2024","passed","Mon Nov 11 02:03:27 GMT 2024","","COMPARISONS","COMPARISONS",""
"","5","V2-PLN-XP.03","","Mon Nov 11 00:50:03 GMT 2024","passed","Mon Nov 11 00:50:03 GMT 2024","","CHAINING","CHAINING",""
"","2","ADD-REMOVE-MATCH-SYMBOLS.06","","Mon Nov 11 00:52:21 GMT 2024","passed","Mon Nov 11 00:52:21 GMT 2024","","SPACES","SPACES",""
"","5000","truthvalue.TruthValueTest","","Mon Nov 11 00:35:13 GMT 2024","passed","Mon Nov 11 00:35:18 GMT 2024","","WHOLE-TESTS","WHOLE-TESTS",""
"","2","DEDUCTIONFORMULATEST.04","","Mon Nov 11 01:15:51 GMT 2024","passed","Mon Nov 11 01:15:51 GMT 2024","","FORMULA","FORMULA",""
"","2","C1-GROUNDED-BASIC.06","","Mon Nov 11 00:35:17 GMT 2024","passed","Mon Nov 11 00:35:17 GMT 2024","","HYPERON-EXPERIMENTAL-SCRIPTS","HYPERON-EXPERIMENTAL-SCRIPTS",""
"","2","KEY-LOOKUPS-MANY.08","","Mon Nov 11 01:57:07 GMT 2024","passed","Mon Nov 11 01:57:07 GMT 2024","","BASIC","BASIC",""
"","3","PREREQS.01","","Mon Nov 11 00:45:32 GMT 2024","passed","Mon Nov 11 00:45:32 GMT 2024","","MAIN-BRANCH","MAIN-BRANCH",""
"","112","D5-AUTO-TYPES.04","","Mon Nov 11 01:11:24 GMT 2024","failed","Mon Nov 11 01:11:24 GMT 2024","","CHECK-TYPES","CHECK-TYPES",""
"","5000","logic.all_any","","Mon Nov 11 00:35:13 GMT 2024","passed","Mon Nov 11 00:35:18 GMT 2024","","WHOLE-TESTS","WHOLE-TESTS",""
"","119","STDLIB-METTALOG-TEST-PT2.60","","Mon Nov 11 00:54:28 GMT 2024","failed","Mon Nov 11 00:54:28 GMT 2024","","STDLIB-METTALOG","STDLIB-METTALOG",""
"","2","IFC-XP.14","","Mon Nov 11 01:21:29 GMT 2024","passed","Mon Nov 11 01:21:29 GMT 2024","","ITERATIVE-CHAINING","ITERATIVE-CHAINING",""
"","1","D2-HIGHERFUNC.06","","Mon Nov 11 01:11:24 GMT 2024","passed","Mon Nov 11 01:11:24 GMT 2024","","CHECK-TYPES","CHECK-TYPES",""
"","40000","dependent-types.MinerDTL1Test","","Mon Nov 11 00:35:13 GMT 2024","failed","Mon Nov 11 00:35:53 GMT 2024","","WHOLE-TESTS","WHOLE-TESTS",""
"","1","HYPERPOSING-SHARED.03","","Mon Nov 11 01:57:07 GMT 2024","passed","Mon Nov 11 01:57:07 GMT 2024","","BASIC","BASIC",""
"","2","TMPMATCH2.04","","Mon Nov 11 00:42:55 GMT 2024","passed","Mon Nov 11 00:42:55 GMT 2024","","ANTI-REGRESSION","ANTI-REGRESSION",""
"","47000","direct_comp.compiler_walkthru","","Mon Nov 11 00:35:13 GMT 2024","failed","Mon Nov 11 00:36:00 GMT 2024","","WHOLE-TESTS","WHOLE-TESTS",""
"","4000","hyperon-mettalog_sanity.02-curried-plus","","Mon Nov 11 00:35:13 GMT 2024","passed","Mon Nov 11 00:35:17 GMT 2024","","WHOLE-TESTS","WHOLE-TESTS",""
"","278","SELF-CONTAINED-SYNTHESIZE.10","","Mon Nov 11 01:26:05 GMT 2024","failed","Mon Nov 11 01:26:05 GMT 2024","","EXPERIMENTS","EXPERIMENTS",""
"","3","FC-XP.29","","Mon Nov 11 01:18:10 GMT 2024","passed","Mon Nov 11 01:18:10 GMT 2024","","FORWARD-CHAINING","FORWARD-CHAINING",""
"","136","TESTS0.04","","Mon Nov 11 00:45:32 GMT 2024","passed","Mon Nov 11 00:45:32 GMT 2024","","MAIN-BRANCH","MAIN-BRANCH",""
"","2","D2-HIGHERFUNC.15","","Mon Nov 11 00:45:05 GMT 2024","passed","Mon Nov 11 00:45:05 GMT 2024","","QUICK","QUICK",""
"","3","00-LANG-CASE.01","","Mon Nov 11 00:36:54 GMT 2024","passed","Mon Nov 11 00:36:54 GMT 2024","","HYPERON-METTALOG-SANITY","HYPERON-METTALOG-SANITY",""
"","5","INF-ORDER-PROBS.05","","Mon Nov 11 01:03:12 GMT 2024","passed","Mon Nov 11 01:03:12 GMT 2024","","PROB-DEP-TYPES","PROB-DEP-TYPES",""
"","2","CHAPTER-1-1.16","","Mon Nov 11 00:54:37 GMT 2024","passed","Mon Nov 11 00:54:37 GMT 2024","","SICP-BOOK","SICP-BOOK",""
"","2","BCHAIN-COMP.03","","Mon Nov 11 01:48:29 GMT 2024","passed","Mon Nov 11 01:48:29 GMT 2024","","WALK-THRU","WALK-THRU",""
"","3","TYPE-PROP.01","","Mon Nov 11 01:11:03 GMT 2024","passed","Mon Nov 11 01:11:03 GMT 2024","","CHECK-TYPES-TEMP","CHECK-TYPES-TEMP",""
"","3","E3-MATCH-STATES.01","","Mon Nov 11 00:35:17 GMT 2024","passed","Mon Nov 11 00:35:17 GMT 2024","","HYPERON-EXPERIMENTAL-SCRIPTS","HYPERON-EXPERIMENTAL-SCRIPTS",""
"","2","F1-MODULEA.01","","Mon Nov 11 00:45:05 GMT 2024","passed","Mon Nov 11 00:45:05 GMT 2024","","QUICK","QUICK",""
"","2","HYPERPOSING-SHARED.02","","Mon Nov 11 01:57:07 GMT 2024","passed","Mon Nov 11 01:57:07 GMT 2024","","BASIC","BASIC",""
"","2","IFC-XP.16","","Mon Nov 11 01:21:29 GMT 2024","passed","Mon Nov 11 01:21:29 GMT 2024","","ITERATIVE-CHAINING","ITERATIVE-CHAINING",""
"","126","ADD-REMOVE-MATCH-SS-STRINGS.14","","Mon Nov 11 00:52:21 GMT 2024","passed","Mon Nov 11 00:52:21 GMT 2024","","SPACES","SPACES",""
"","2","BACKWARD-CHAINER-XP.41","","Mon Nov 11 01:15:12 GMT 2024","passed","Mon Nov 11 01:15:12 GMT 2024","","BACKWARD-CHAINER","BACKWARD-CHAINER",""
"","158","ADD-REMOVE-MATCH-S-SYMBOLS.14","","Mon Nov 11 00:52:21 GMT 2024","passed","Mon Nov 11 00:52:21 GMT 2024","","SPACES","SPACES",""
"","117","TRUTHVALUETEST.08","","Mon Nov 11 01:15:55 GMT 2024","passed","Mon Nov 11 01:15:55 GMT 2024","","TRUTHVALUE","TRUTHVALUE",""
"","6","C3-PLN-STV.04","","Mon Nov 11 00:35:17 GMT 2024","passed","Mon Nov 11 00:35:17 GMT 2024","","HYPERON-EXPERIMENTAL-SCRIPTS","HYPERON-EXPERIMENTAL-SCRIPTS",""
"","3","FORWARD-CHAINER-TEST.11","","Mon Nov 11 01:17:59 GMT 2024","passed","Mon Nov 11 01:17:59 GMT 2024","","FORWARD-CHAINER","FORWARD-CHAINER",""
"","2","XOR-TEST.06","","Mon Nov 11 00:36:54 GMT 2024","passed","Mon Nov 11 00:36:54 GMT 2024","","HYPERON-METTALOG-SANITY","HYPERON-METTALOG-SANITY",""
"","41","CHAPTER-1-1.21","","Mon Nov 11 00:54:37 GMT 2024","passed","Mon Nov 11 00:54:37 GMT 2024","","SICP-BOOK","SICP-BOOK",""
"","1967","TESTS3.04","","Mon Nov 11 00:45:32 GMT 2024","failed","Mon Nov 11 00:45:33 GMT 2024","","MAIN-BRANCH","MAIN-BRANCH",""
"","3","D2-HIGHERFUNC.23","","Mon Nov 11 00:35:17 GMT 2024","passed","Mon Nov 11 00:35:17 GMT 2024","","HYPERON-EXPERIMENTAL-SCRIPTS","HYPERON-EXPERIMENTAL-SCRIPTS",""
"","4","UNIQUE-TEST.13","","Mon Nov 11 00:36:54 GMT 2024","passed","Mon Nov 11 00:36:54 GMT 2024","","HYPERON-METTALOG-SANITY","HYPERON-METTALOG-SANITY",""
"","2","STDLIB-METTALOG-TEST-PT2.27","","Mon Nov 11 00:54:28 GMT 2024","passed","Mon Nov 11 00:54:28 GMT 2024","","STDLIB-METTALOG","STDLIB-METTALOG",""
"","2","OR-TEST.12","","Mon Nov 11 00:36:54 GMT 2024","passed","Mon Nov 11 00:36:54 GMT 2024","","HYPERON-METTALOG-SANITY","HYPERON-METTALOG-SANITY",""
"","3","IOIOIOI.01","","Mon Nov 11 01:54:48 GMT 2024","passed","Mon Nov 11 01:54:48 GMT 2024","","MULTIDIRECTIONAL","MULTIDIRECTIONAL",""
"","2","BC-XP.04","","Mon Nov 11 01:15:17 GMT 2024","passed","Mon Nov 11 01:15:17 GMT 2024","","BACKWARD-CHAINING","BACKWARD-CHAINING",""
"","2","DEBUG-METTALOGTESTCURRIED.02","","Mon Nov 11 01:48:29 GMT 2024","passed","Mon Nov 11 01:48:29 GMT 2024","","WALK-THRU","WALK-THRU",""
"","299","IBC-XP.14","","Mon Nov 11 01:21:29 GMT 2024","passed","Mon Nov 11 01:21:29 GMT 2024","","ITERATIVE-CHAINING","ITERATIVE-CHAINING",""
"","2","INF-CTL-MONTH-BC-CONT-XP.04","","Mon Nov 11 01:19:26 GMT 2024","passed","Mon Nov 11 01:19:26 GMT 2024","","INFERENCE-CONTROL","INFERENCE-CONTROL",""
"","4000","metta-morph_tests.let_superpose_if_case","","Mon Nov 11 00:35:13 GMT 2024","passed","Mon Nov 11 00:35:17 GMT 2024","","WHOLE-TESTS","WHOLE-TESTS",""
"","2","STDLIB-METTALOG-TEST-PT2.19","","Mon Nov 11 00:54:28 GMT 2024","passed","Mon Nov 11 00:54:28 GMT 2024","","STDLIB-METTALOG","STDLIB-METTALOG",""
"","5000","metta-morph_tests.hyperpose","","Mon Nov 11 00:35:13 GMT 2024","passed","Mon Nov 11 00:35:18 GMT 2024","","WHOLE-TESTS","WHOLE-TESTS",""
"","3","IFC-XP.35","","Mon Nov 11 01:21:29 GMT 2024","passed","Mon Nov 11 01:21:29 GMT 2024","","ITERATIVE-CHAINING","ITERATIVE-CHAINING",""
"","1","ORDEREDSETTEST.06","","Mon Nov 11 01:15:27 GMT 2024","passed","Mon Nov 11 01:15:27 GMT 2024","","COMMON","COMMON",""
"","2","D4-TYPE-PROP.19","","Mon Nov 11 00:45:05 GMT 2024","passed","Mon Nov 11 00:45:05 GMT 2024","","QUICK","QUICK",""
"","2","ORDEREDSETTEST.02","","Mon Nov 11 01:15:27 GMT 2024","passed","Mon Nov 11 01:15:27 GMT 2024","","COMMON","COMMON",""
"","1199","TESTS1.02","","Mon Nov 11 00:45:32 GMT 2024","failed","Mon Nov 11 00:45:33 GMT 2024","","MAIN-BRANCH","MAIN-BRANCH",""
"","2","E2-STATES.10","","Mon Nov 11 01:11:24 GMT 2024","passed","Mon Nov 11 01:11:24 GMT 2024","","CHECK-TYPES","CHECK-TYPES",""
"","2","CML-UNSHARED.06","","Mon Nov 11 01:57:07 GMT 2024","passed","Mon Nov 11 01:57:07 GMT 2024","","BASIC","BASIC",""
"","2","BC-XP.05","","Mon Nov 11 01:15:17 GMT 2024","passed","Mon Nov 11 01:15:17 GMT 2024","","BACKWARD-CHAINING","BACKWARD-CHAINING",""
"","3","COMBINED.01","","Mon Nov 11 01:53:13 GMT 2024","passed","Mon Nov 11 01:53:13 GMT 2024","","ITERATORS","ITERATORS",""
"","2","INF-CTL-MONTH-BC-CONT-XP.03","","Mon Nov 11 01:19:26 GMT 2024","passed","Mon Nov 11 01:19:26 GMT 2024","","INFERENCE-CONTROL","INFERENCE-CONTROL",""
"","2","B4-NONDETERM.02","","Mon Nov 11 00:35:17 GMT 2024","passed","Mon Nov 11 00:35:17 GMT 2024","","HYPERON-EXPERIMENTAL-SCRIPTS","HYPERON-EXPERIMENTAL-SCRIPTS",""
"","2","C1-GROUNDED-BASIC.11","","Mon Nov 11 00:45:05 GMT 2024","passed","Mon Nov 11 00:45:05 GMT 2024","","QUICK","QUICK",""
"","1","XOR-TEST.09","","Mon Nov 11 00:36:54 GMT 2024","passed","Mon Nov 11 00:36:54 GMT 2024","","HYPERON-METTALOG-SANITY","HYPERON-METTALOG-SANITY",""
"","3","D2-HIGHERFUNC.03","","Mon Nov 11 00:45:05 GMT 2024","passed","Mon Nov 11 00:45:05 GMT 2024","","QUICK","QUICK",""
"","5000","hyperon-mettalog_sanity.flip_test","","Mon Nov 11 00:35:13 GMT 2024","passed","Mon Nov 11 00:35:18 GMT 2024","","WHOLE-TESTS","WHOLE-TESTS",""
"","4000","basic.hyperposing-unshared","","Mon Nov 11 00:35:13 GMT 2024","passed","Mon Nov 11 00:35:17 GMT 2024","","WHOLE-TESTS","WHOLE-TESTS",""
"","2","ADD-REMOVE-MATCH-SS-SYMBOLS.02","","Mon Nov 11 00:52:21 GMT 2024","passed","Mon Nov 11 00:52:21 GMT 2024","","SPACES","SPACES",""
"","5000","orientation.orientation-test","","Mon Nov 11 00:35:13 GMT 2024","passed","Mon Nov 11 00:35:18 GMT 2024","","WHOLE-TESTS","WHOLE-TESTS",""
"","2","01-LANG-INC.02","","Mon Nov 11 00:36:54 GMT 2024","passed","Mon Nov 11 00:36:54 GMT 2024","","HYPERON-METTALOG-SANITY","HYPERON-METTALOG-SANITY",""
"","1","BASIC.12","","Mon Nov 11 01:08:23 GMT 2024","passed","Mon Nov 11 01:08:23 GMT 2024","","TRAVERSER","TRAVERSER",""
"","2","D3-DEPTYPES.06","","Mon Nov 11 01:11:24 GMT 2024","passed","Mon Nov 11 01:11:24 GMT 2024","","CHECK-TYPES","CHECK-TYPES",""
"","6000","std.lte","","Mon Nov 11 00:35:13 GMT 2024","passed","Mon Nov 11 00:35:19 GMT 2024","","WHOLE-TESTS","WHOLE-TESTS",""
"","87","00A-LANG-COMPILED-CASE.08","","Mon Nov 11 01:47:02 GMT 2024","passed","Mon Nov 11 01:47:02 GMT 2024","","DIRECT-COMP","DIRECT-COMP",""
"","58","STDLIB-METTALOG-TEST-PT2.08","","Mon Nov 11 00:54:28 GMT 2024","failed","Mon Nov 11 00:54:28 GMT 2024","","STDLIB-METTALOG","STDLIB-METTALOG",""
"","47","OBIF-CLP.03","","Mon Nov 11 01:54:48 GMT 2024","failed","Mon Nov 11 01:54:48 GMT 2024","","MULTIDIRECTIONAL","MULTIDIRECTIONAL",""
"","3","D2-HIGHERFUNC.24","","Mon Nov 11 00:45:05 GMT 2024","passed","Mon Nov 11 00:45:05 GMT 2024","","QUICK","QUICK",""
"","14","D1-GADT.04","","Mon Nov 11 00:35:17 GMT 2024","passed","Mon Nov 11 00:35:17 GMT 2024","","HYPERON-EXPERIMENTAL-SCRIPTS","HYPERON-EXPERIMENTAL-SCRIPTS",""
"","5000","iterative-chaining.ifc-xp","","Mon Nov 11 00:35:13 GMT 2024","passed","Mon Nov 11 00:35:18 GMT 2024","","WHOLE-TESTS","WHOLE-TESTS",""
"","28000","inference-control.inf-ctl-month-xp","","Mon Nov 11 00:35:13 GMT 2024","passed","Mon Nov 11 00:35:41 GMT 2024","","WHOLE-TESTS","WHOLE-TESTS",""
"","66","STDLIB-METTALOG-TEST-PT2.25","","Mon Nov 11 00:54:28 GMT 2024","failed","Mon Nov 11 00:54:28 GMT 2024","","STDLIB-METTALOG","STDLIB-METTALOG",""
"","2","TYPE-PROP.21","","Mon Nov 11 01:11:03 GMT 2024","passed","Mon Nov 11 01:11:03 GMT 2024","","CHECK-TYPES-TEMP","CHECK-TYPES-TEMP",""
"","2","D4-TYPE-PROP.21","","Mon Nov 11 01:11:24 GMT 2024","passed","Mon Nov 11 01:11:24 GMT 2024","","CHECK-TYPES","CHECK-TYPES",""
"","2","D4-TYPE-PROP.19","","Mon Nov 11 01:11:24 GMT 2024","passed","Mon Nov 11 01:11:24 GMT 2024","","CHECK-TYPES","CHECK-TYPES",""
"","4000","hyperon-experimental_scripts.d5_auto_types","","Mon Nov 11 00:35:13 GMT 2024","passed","Mon Nov 11 00:35:17 GMT 2024","","WHOLE-TESTS","WHOLE-TESTS",""
"","2","TYPE-PROP.16","","Mon Nov 11 01:11:03 GMT 2024","passed","Mon Nov 11 01:11:03 GMT 2024","","CHECK-TYPES-TEMP","CHECK-TYPES-TEMP",""
"","4000","comparisons.inf-ctl-month-xp-short_5","","Mon Nov 11 00:35:13 GMT 2024","passed","Mon Nov 11 00:35:17 GMT 2024","","WHOLE-TESTS","WHOLE-TESTS",""
"","1","HYPERPOSING-SHARED.08","","Mon Nov 11 01:57:07 GMT 2024","passed","Mon Nov 11 01:57:07 GMT 2024","","BASIC","BASIC",""
"","2","D2-HIGHERFUNC.18","","Mon Nov 11 00:35:17 GMT 2024","passed","Mon Nov 11 00:35:17 GMT 2024","","HYPERON-EXPERIMENTAL-SCRIPTS","HYPERON-EXPERIMENTAL-SCRIPTS",""
"","2","B4-NONDETERM.08","","Mon Nov 11 00:35:17 GMT 2024","passed","Mon Nov 11 00:35:17 GMT 2024","","HYPERON-EXPERIMENTAL-SCRIPTS","HYPERON-EXPERIMENTAL-SCRIPTS",""
"","2","NATSTANDALONETEST.02","","Mon Nov 11 01:18:15 GMT 2024","passed","Mon Nov 11 01:18:15 GMT 2024","","HOL","HOL",""
"","3","C1-GROUNDED-BASIC.01","","Mon Nov 11 00:35:17 GMT 2024","passed","Mon Nov 11 00:35:17 GMT 2024","","HYPERON-EXPERIMENTAL-SCRIPTS","HYPERON-EXPERIMENTAL-SCRIPTS",""
"","3","ADD-REMOVE-MATCH-SS-STRINGS.01","","Mon Nov 11 00:52:21 GMT 2024","passed","Mon Nov 11 00:52:21 GMT 2024","","SPACES","SPACES",""
"","89","PATHFINDING-EASY.01","","Mon Nov 11 01:57:07 GMT 2024","failed","Mon Nov 11 01:57:07 GMT 2024","","BASIC","BASIC",""
"","3","SYNTHESIZE-VIA-CASE-TEST.04","","Mon Nov 11 01:26:05 GMT 2024","passed","Mon Nov 11 01:26:05 GMT 2024","","EXPERIMENTS","EXPERIMENTS",""
"","118","TYPE-PROP.74","","Mon Nov 11 01:11:03 GMT 2024","failed","Mon Nov 11 01:11:03 GMT 2024","","CHECK-TYPES-TEMP","CHECK-TYPES-TEMP",""
"","3","ADD-REMOVE-MATCH-S-SYMBOLS.01","","Mon Nov 11 00:52:21 GMT 2024","passed","Mon Nov 11 00:52:21 GMT 2024","","SPACES","SPACES",""
"","2","TESTS0.03","","Mon Nov 11 00:40:49 GMT 2024","passed","Mon Nov 11 00:40:49 GMT 2024","","METTA-MORPH-TESTS","METTA-MORPH-TESTS",""
"","2","D1-GADT.03","","Mon Nov 11 00:35:17 GMT 2024","passed","Mon Nov 11 00:35:17 GMT 2024","","HYPERON-EXPERIMENTAL-SCRIPTS","HYPERON-EXPERIMENTAL-SCRIPTS",""
"","4000","metta-morph_tests.nested_parameters","","Mon Nov 11 00:35:13 GMT 2024","passed","Mon Nov 11 00:35:17 GMT 2024","","WHOLE-TESTS","WHOLE-TESTS",""
"","2","TYPES-PRELIM.20","","Mon Nov 11 00:50:03 GMT 2024","passed","Mon Nov 11 00:50:03 GMT 2024","","CHAINING","CHAINING",""
"","2","NON-DETERMINISM.01","","Mon Nov 11 01:26:05 GMT 2024","passed","Mon Nov 11 01:26:05 GMT 2024","","EXPERIMENTS","EXPERIMENTS",""
"","39","STDLIB-METTALOG-TEST-PT2.16","","Mon Nov 11 00:54:28 GMT 2024","failed","Mon Nov 11 00:54:28 GMT 2024","","STDLIB-METTALOG","STDLIB-METTALOG",""
"","2","METTALOGTESTCURRIED2.02","","Mon Nov 11 01:48:29 GMT 2024","passed","Mon Nov 11 01:48:29 GMT 2024","","WALK-THRU","WALK-THRU",""
"","6000","main-branch.nalifier_Prev","","Mon Nov 11 00:35:13 GMT 2024","passed","Mon Nov 11 00:35:19 GMT 2024","","WHOLE-TESTS","WHOLE-TESTS",""
"","70","B5-TYPES-PRELIM.02","","Mon Nov 11 00:35:17 GMT 2024","failed","Mon Nov 11 00:35:17 GMT 2024","","HYPERON-EXPERIMENTAL-SCRIPTS","HYPERON-EXPERIMENTAL-SCRIPTS",""
"","6000","stdlib-mettalog.stdlib_mettalog_test_pt2","","Mon Nov 11 00:35:13 GMT 2024","passed","Mon Nov 11 00:35:19 GMT 2024","","WHOLE-TESTS","WHOLE-TESTS",""
"","37000","language_models.training_logicmoo","","Mon Nov 11 00:35:13 GMT 2024","passed","Mon Nov 11 00:35:50 GMT 2024","","WHOLE-TESTS","WHOLE-TESTS",""
"","2","LETLET.01","","Mon Nov 11 00:40:49 GMT 2024","passed","Mon Nov 11 00:40:49 GMT 2024","","METTA-MORPH-TESTS","METTA-MORPH-TESTS",""
"","3","CHAPTER-2-2.06","","Mon Nov 11 00:54:37 GMT 2024","passed","Mon Nov 11 00:54:37 GMT 2024","","SICP-BOOK","SICP-BOOK",""
"","2","C1-GROUNDED-BASIC.21","","Mon Nov 11 00:45:05 GMT 2024","passed","Mon Nov 11 00:45:05 GMT 2024","","QUICK","QUICK",""
"","2","TEST-IF-CLOSED.08","","Mon Nov 11 01:48:29 GMT 2024","passed","Mon Nov 11 01:48:29 GMT 2024","","WALK-THRU","WALK-THRU",""
"","473","TESTS0.08","","Mon Nov 11 01:30:15 GMT 2024","failed","Mon Nov 11 01:30:15 GMT 2024","","CURRENT","CURRENT",""
"","2","FC-XP.07","","Mon Nov 11 01:18:10 GMT 2024","passed","Mon Nov 11 01:18:10 GMT 2024","","FORWARD-CHAINING","FORWARD-CHAINING",""
"","1148","RED-BLACK.03","","Mon Nov 11 01:06:47 GMT 2024","passed","Mon Nov 11 01:06:48 GMT 2024","","RED-BLACK-LAMBDA","RED-BLACK-LAMBDA",""
"","4000","metta_to_amr.dep-types","","Mon Nov 11 00:35:13 GMT 2024","passed","Mon Nov 11 00:35:17 GMT 2024","","WHOLE-TESTS","WHOLE-TESTS",""
"","2","BACKWARD-CHAINER-XP.45","","Mon Nov 11 01:15:12 GMT 2024","passed","Mon Nov 11 01:15:12 GMT 2024","","BACKWARD-CHAINER","BACKWARD-CHAINER",""
"","2","F1-IMPORTS.08","","Mon Nov 11 00:35:08 GMT 2024","passed","Mon Nov 11 00:35:08 GMT 2024","","MODULE-SYSTEM","MODULE-SYSTEM",""
"","46000","nars_v0.tests5","","Mon Nov 11 00:35:13 GMT 2024","failed","Mon Nov 11 00:35:59 GMT 2024","","WHOLE-TESTS","WHOLE-TESTS",""
"","5000","spaces.add-remove-match-mix-float-integer","","Mon Nov 11 00:35:13 GMT 2024","passed","Mon Nov 11 00:35:18 GMT 2024","","WHOLE-TESTS","WHOLE-TESTS",""
"","4000","graphml.graphml_csv_test","","Mon Nov 11 00:35:13 GMT 2024","passed","Mon Nov 11 00:35:17 GMT 2024","","WHOLE-TESTS","WHOLE-TESTS",""
"","2","ADD-REMOVE-MATCH-INTEGER.20","","Mon Nov 11 00:52:21 GMT 2024","passed","Mon Nov 11 00:52:21 GMT 2024","","SPACES","SPACES",""
"","2","STRING-TESTS.02","","Mon Nov 11 00:36:54 GMT 2024","passed","Mon Nov 11 00:36:54 GMT 2024","","HYPERON-METTALOG-SANITY","HYPERON-METTALOG-SANITY",""
"","2","ADD-REMOVE-MATCH-FLOAT.02","","Mon Nov 11 00:52:21 GMT 2024","passed","Mon Nov 11 00:52:21 GMT 2024","","SPACES","SPACES",""
"","2","ADD-REMOVE-MATCH-SS-SYMBOLS.11","","Mon Nov 11 00:52:21 GMT 2024","passed","Mon Nov 11 00:52:21 GMT 2024","","SPACES","SPACES",""
"","2","D2-HIGHERFUNC.05","","Mon Nov 11 01:11:24 GMT 2024","passed","Mon Nov 11 01:11:24 GMT 2024","","CHECK-TYPES","CHECK-TYPES",""
"","2","BACKWARD-CHAINER-XP.32","","Mon Nov 11 01:15:12 GMT 2024","passed","Mon Nov 11 01:15:12 GMT 2024","","BACKWARD-CHAINER","BACKWARD-CHAINER",""
"","2","HYPERPOSE.04","","Mon Nov 11 00:40:49 GMT 2024","passed","Mon Nov 11 00:40:49 GMT 2024","","METTA-MORPH-TESTS","METTA-MORPH-TESTS",""
"","100","ADD-ATOM-NAIVE-FIB.09","","Mon Nov 11 02:03:27 GMT 2024","passed","Mon Nov 11 02:03:27 GMT 2024","","COMPARISONS","COMPARISONS",""
"","91","B5-TYPES-PRELIM.11","","Mon Nov 11 01:11:03 GMT 2024","failed","Mon Nov 11 01:11:03 GMT 2024","","CHECK-TYPES-TEMP","CHECK-TYPES-TEMP",""
"","8000","dependent-types.MinerCurriedDTLTest","","Mon Nov 11 00:35:13 GMT 2024","passed","Mon Nov 11 00:35:21 GMT 2024","","WHOLE-TESTS","WHOLE-TESTS",""
"","61","B5-TYPES-PRELIM.15","","Mon Nov 11 01:11:03 GMT 2024","failed","Mon Nov 11 01:11:03 GMT 2024","","CHECK-TYPES-TEMP","CHECK-TYPES-TEMP",""
"","4000","metta-morph_tests.match_feval","","Mon Nov 11 00:35:13 GMT 2024","passed","Mon Nov 11 00:35:17 GMT 2024","","WHOLE-TESTS","WHOLE-TESTS",""
"","2","ADD-REMOVE-MATCH-INTEGER.21","","Mon Nov 11 00:52:21 GMT 2024","passed","Mon Nov 11 00:52:21 GMT 2024","","SPACES","SPACES",""
"","2199","SELF-CONTAINED-SYNTHESIZE.07","","Mon Nov 11 01:26:05 GMT 2024","failed","Mon Nov 11 01:26:07 GMT 2024","","EXPERIMENTS","EXPERIMENTS",""
"","2","D3-DEPTYPES.03","","Mon Nov 11 01:11:24 GMT 2024","passed","Mon Nov 11 01:11:24 GMT 2024","","CHECK-TYPES","CHECK-TYPES",""
"","15","V2-PLN-XP-EASY-IMPL.02","","Mon Nov 11 00:50:03 GMT 2024","passed","Mon Nov 11 00:50:03 GMT 2024","","CHAINING","CHAINING",""
"","2","TYPES-PRELIM.06","","Mon Nov 11 00:50:03 GMT 2024","passed","Mon Nov 11 00:50:03 GMT 2024","","CHAINING","CHAINING",""
"","2","C1-GROUNDED-BASIC.20","","Mon Nov 11 00:35:17 GMT 2024","passed","Mon Nov 11 00:35:17 GMT 2024","","HYPERON-EXPERIMENTAL-SCRIPTS","HYPERON-EXPERIMENTAL-SCRIPTS",""
"","2","TESTS5.08","","Mon Nov 11 00:45:32 GMT 2024","passed","Mon Nov 11 00:45:32 GMT 2024","","MAIN-BRANCH","MAIN-BRANCH",""
"","2","INF-CTL-MONTH-XP-SHORT-3.08","","Mon Nov 11 02:03:27 GMT 2024","passed","Mon Nov 11 02:03:27 GMT 2024","","COMPARISONS","COMPARISONS",""
"","4","FC-XP.11","","Mon Nov 11 01:18:10 GMT 2024","passed","Mon Nov 11 01:18:10 GMT 2024","","FORWARD-CHAINING","FORWARD-CHAINING",""
"","365","METTALOGTESTCURRIED2.07","","Mon Nov 11 01:48:29 GMT 2024","passed","Mon Nov 11 01:48:29 GMT 2024","","WALK-THRU","WALK-THRU",""
"","481","PROB-DEP-TYPES.10","","Mon Nov 11 01:03:12 GMT 2024","failed","Mon Nov 11 01:03:12 GMT 2024","","PROB-DEP-TYPES","PROB-DEP-TYPES",""
"","13000","walk_thru.bc_impl","","Mon Nov 11 00:35:13 GMT 2024","passed","Mon Nov 11 00:35:26 GMT 2024","","WHOLE-TESTS","WHOLE-TESTS",""
"","3","NTE.01","","Mon Nov 11 01:01:14 GMT 2024","passed","Mon Nov 11 01:01:14 GMT 2024","","EDGES-TO-EDGES","EDGES-TO-EDGES",""
"","81","INF-CTL-MONTH-XP.12","","Mon Nov 11 01:19:26 GMT 2024","failed","Mon Nov 11 01:19:26 GMT 2024","","INFERENCE-CONTROL","INFERENCE-CONTROL",""
"","3","KEY-LOOKUPS-MANY.09","","Mon Nov 11 01:57:07 GMT 2024","passed","Mon Nov 11 01:57:07 GMT 2024","","BASIC","BASIC",""
"","2","TMPMATCH2.02","","Mon Nov 11 00:42:55 GMT 2024","passed","Mon Nov 11 00:42:55 GMT 2024","","ANTI-REGRESSION","ANTI-REGRESSION",""
"","42","INF-CTL-MONTH-BC-CONT-XP.20","","Mon Nov 11 01:19:26 GMT 2024","failed","Mon Nov 11 01:19:26 GMT 2024","","INFERENCE-CONTROL","INFERENCE-CONTROL",""
"","4000","std.kb_write","","Mon Nov 11 00:35:13 GMT 2024","passed","Mon Nov 11 00:35:17 GMT 2024","","WHOLE-TESTS","WHOLE-TESTS",""
"","20","INF-CTL-XP.13","","Mon Nov 11 01:19:26 GMT 2024","failed","Mon Nov 11 01:19:26 GMT 2024","","INFERENCE-CONTROL","INFERENCE-CONTROL",""
"","2","ADD-REMOVE-MATCH-INTEGER.37","","Mon Nov 11 00:52:21 GMT 2024","passed","Mon Nov 11 00:52:21 GMT 2024","","SPACES","SPACES",""
"","207","PROB-DEP-TYPES.11","","Mon Nov 11 01:03:12 GMT 2024","passed","Mon Nov 11 01:03:12 GMT 2024","","PROB-DEP-TYPES","PROB-DEP-TYPES",""
"","46000","typed-variables.even-number","","Mon Nov 11 00:35:13 GMT 2024","failed","Mon Nov 11 00:35:59 GMT 2024","","WHOLE-TESTS","WHOLE-TESTS",""
"","2","F1-MODULEA.10","","Mon Nov 11 00:35:17 GMT 2024","passed","Mon Nov 11 00:35:17 GMT 2024","","HYPERON-EXPERIMENTAL-SCRIPTS","HYPERON-EXPERIMENTAL-SCRIPTS",""
"","3","ADD-REMOVE-MATCH-SYMBOLS.01","","Mon Nov 11 00:52:21 GMT 2024","passed","Mon Nov 11 00:52:21 GMT 2024","","SPACES","SPACES",""
"","5000","features.represent_and_parse_tests","","Mon Nov 11 00:35:13 GMT 2024","passed","Mon Nov 11 00:35:18 GMT 2024","","WHOLE-TESTS","WHOLE-TESTS",""
"","2","F1-IMPORTS.06","","Mon Nov 11 00:35:17 GMT 2024","passed","Mon Nov 11 00:35:17 GMT 2024","","HYPERON-EXPERIMENTAL-SCRIPTS","HYPERON-EXPERIMENTAL-SCRIPTS",""
"","4000","spaces.add-remove-match-float","","Mon Nov 11 00:35:13 GMT 2024","passed","Mon Nov 11 00:35:17 GMT 2024","","WHOLE-TESTS","WHOLE-TESTS",""
"","96","OR-TEST.20","","Mon Nov 11 00:36:54 GMT 2024","failed","Mon Nov 11 00:36:54 GMT 2024","","HYPERON-METTALOG-SANITY","HYPERON-METTALOG-SANITY",""
"","5000","distributed-processing.create-server","","Mon Nov 11 00:35:13 GMT 2024","passed","Mon Nov 11 00:35:18 GMT 2024","","WHOLE-TESTS","WHOLE-TESTS",""
"","46000","new.tests5","","Mon Nov 11 00:35:13 GMT 2024","failed","Mon Nov 11 00:35:59 GMT 2024","","WHOLE-TESTS","WHOLE-TESTS",""
"","1","HYPERPOSING.05","","Mon Nov 11 01:57:07 GMT 2024","passed","Mon Nov 11 01:57:07 GMT 2024","","BASIC","BASIC",""
"","2","DEDUCTIONFORMULATEST.02","","Mon Nov 11 01:15:51 GMT 2024","passed","Mon Nov 11 01:15:51 GMT 2024","","FORMULA","FORMULA",""
"","43","IFC-XP.20","","Mon Nov 11 01:21:29 GMT 2024","failed","Mon Nov 11 01:21:29 GMT 2024","","ITERATIVE-CHAINING","ITERATIVE-CHAINING",""
"","1184","TRAINING-BI.02","","Mon Nov 11 02:09:38 GMT 2024","passed","Mon Nov 11 02:09:39 GMT 2024","","LANGUAGE-MODELS","LANGUAGE-MODELS",""
"","4","ORIENTATION-TEST.02","","Mon Nov 11 01:25:12 GMT 2024","passed","Mon Nov 11 01:25:12 GMT 2024","","ORIENTATION","ORIENTATION",""
"","108","PROB-DEP-TYPES.05","","Mon Nov 11 01:03:12 GMT 2024","passed","Mon Nov 11 01:03:12 GMT 2024","","PROB-DEP-TYPES","PROB-DEP-TYPES",""
"","29","INF-CTL-MONTH-XP.11","","Mon Nov 11 01:19:26 GMT 2024","failed","Mon Nov 11 01:19:26 GMT 2024","","INFERENCE-CONTROL","INFERENCE-CONTROL",""
"","4000","hyperon-experimental_scripts.a3_twoside","","Mon Nov 11 00:35:13 GMT 2024","passed","Mon Nov 11 00:35:17 GMT 2024","","WHOLE-TESTS","WHOLE-TESTS",""
"","2","BACKWARD-CHAINER-XP.10","","Mon Nov 11 01:15:12 GMT 2024","passed","Mon Nov 11 01:15:12 GMT 2024","","BACKWARD-CHAINER","BACKWARD-CHAINER",""
"","1150","RED-BLACK.01","","Mon Nov 11 01:06:47 GMT 2024","passed","Mon Nov 11 01:06:48 GMT 2024","","RED-BLACK-LAMBDA","RED-BLACK-LAMBDA",""
"","2","INF-CTL-MONTH-XP-SHORT-3.14","","Mon Nov 11 02:03:27 GMT 2024","passed","Mon Nov 11 02:03:27 GMT 2024","","COMPARISONS","COMPARISONS",""
"","2","ADD-REMOVE-MATCH-SS-SYMBOLS.09","","Mon Nov 11 00:52:21 GMT 2024","passed","Mon Nov 11 00:52:21 GMT 2024","","SPACES","SPACES",""
"","264","SHOW-TYPE.15","","Mon Nov 11 00:52:05 GMT 2024","failed","Mon Nov 11 00:52:05 GMT 2024","","INTROSPECT","INTROSPECT",""
"","3","NUMTEST.01","","Mon Nov 11 01:15:27 GMT 2024","passed","Mon Nov 11 01:15:27 GMT 2024","","COMMON","COMMON",""
"","2","FC-XP.24","","Mon Nov 11 01:18:10 GMT 2024","passed","Mon Nov 11 01:18:10 GMT 2024","","FORWARD-CHAINING","FORWARD-CHAINING",""
"","6","NAIVE-FIB.02","","Mon Nov 11 02:03:27 GMT 2024","passed","Mon Nov 11 02:03:27 GMT 2024","","COMPARISONS","COMPARISONS",""
"","43000","inference-control.inf-ctl-month-bc-xp","","Mon Nov 11 00:35:13 GMT 2024","failed","Mon Nov 11 00:35:56 GMT 2024","","WHOLE-TESTS","WHOLE-TESTS",""
"","3","OBIF.02","","Mon Nov 11 01:54:48 GMT 2024","passed","Mon Nov 11 01:54:48 GMT 2024","","MULTIDIRECTIONAL","MULTIDIRECTIONAL",""
"","2","ADD-REMOVE-MATCH-INTEGER.19","","Mon Nov 11 00:52:21 GMT 2024","passed","Mon Nov 11 00:52:21 GMT 2024","","SPACES","SPACES",""
"","3","AI-SERVICE-COMPOSITION-SANITY.06","","Mon Nov 11 01:08:34 GMT 2024","passed","Mon Nov 11 01:08:34 GMT 2024","","AI-SERVICE","AI-SERVICE",""
"","40000","experiments.synthesize-via-case-test","","Mon Nov 11 00:35:13 GMT 2024","failed","Mon Nov 11 00:35:53 GMT 2024","","WHOLE-TESTS","WHOLE-TESTS",""
"","3","D4-TYPE-PROP.01","","Mon Nov 11 00:35:17 GMT 2024","passed","Mon Nov 11 00:35:17 GMT 2024","","HYPERON-EXPERIMENTAL-SCRIPTS","HYPERON-EXPERIMENTAL-SCRIPTS",""
"","17","STDLIB-METTALOG-TEST-PT2.34","","Mon Nov 11 00:54:28 GMT 2024","failed","Mon Nov 11 00:54:28 GMT 2024","","STDLIB-METTALOG","STDLIB-METTALOG",""
"","3","INTERSECTION-TESTS.01","","Mon Nov 11 00:36:54 GMT 2024","passed","Mon Nov 11 00:36:54 GMT 2024","","HYPERON-METTALOG-SANITY","HYPERON-METTALOG-SANITY",""
"","2","06-MATCH-IN-SPACE.05","","Mon Nov 11 00:36:54 GMT 2024","passed","Mon Nov 11 00:36:54 GMT 2024","","HYPERON-METTALOG-SANITY","HYPERON-METTALOG-SANITY",""
"","1129","TRAINING-BI.05","","Mon Nov 11 02:09:38 GMT 2024","passed","Mon Nov 11 02:09:39 GMT 2024","","LANGUAGE-MODELS","LANGUAGE-MODELS",""
"","2","STDLIB-METTALOG-TEST-PT2.61","","Mon Nov 11 00:54:28 GMT 2024","passed","Mon Nov 11 00:54:28 GMT 2024","","STDLIB-METTALOG","STDLIB-METTALOG",""
"","2","ADD-REMOVE-MATCH-FLOAT.05","","Mon Nov 11 00:52:21 GMT 2024","passed","Mon Nov 11 00:52:21 GMT 2024","","SPACES","SPACES",""
"","2","TYPE-PROP.39","","Mon Nov 11 01:11:03 GMT 2024","passed","Mon Nov 11 01:11:03 GMT 2024","","CHECK-TYPES-TEMP","CHECK-TYPES-TEMP",""
"","2","GENE-PLN-XP.02","","Mon Nov 11 01:10:51 GMT 2024","passed","Mon Nov 11 01:10:51 GMT 2024","","PLN","PLN",""
"","46000","current.tests5","","Mon Nov 11 00:35:13 GMT 2024","failed","Mon Nov 11 00:35:59 GMT 2024","","WHOLE-TESTS","WHOLE-TESTS",""
"","2","DEDUCTIONFORMULATEST.01","","Mon Nov 11 01:15:51 GMT 2024","passed","Mon Nov 11 01:15:51 GMT 2024","","FORMULA","FORMULA",""
"","46","SUBTYPING-TEST.03","","Mon Nov 11 01:24:16 GMT 2024","passed","Mon Nov 11 01:24:16 GMT 2024","","SUBTYPING","SUBTYPING",""
"","4","TRUTHVALUETEST.02","","Mon Nov 11 01:15:55 GMT 2024","passed","Mon Nov 11 01:15:55 GMT 2024","","TRUTHVALUE","TRUTHVALUE",""
"","2","00-LANG-CASE.09","","Mon Nov 11 00:36:54 GMT 2024","passed","Mon Nov 11 00:36:54 GMT 2024","","HYPERON-METTALOG-SANITY","HYPERON-METTALOG-SANITY",""
"","2","ADD-REMOVE-MATCH-MIX-FLOAT-INTEGER.06","","Mon Nov 11 00:52:21 GMT 2024","passed","Mon Nov 11 00:52:21 GMT 2024","","SPACES","SPACES",""
"","1","CHAPTER-1-1.03","","Mon Nov 11 00:54:37 GMT 2024","passed","Mon Nov 11 00:54:37 GMT 2024","","SICP-BOOK","SICP-BOOK",""
"","3","06-MATCH-IN-SPACE.04","","Mon Nov 11 00:36:54 GMT 2024","passed","Mon Nov 11 00:36:54 GMT 2024","","HYPERON-METTALOG-SANITY","HYPERON-METTALOG-SANITY",""
"","2","AI-SERVICE-COMPOSITION-EASY.03","","Mon Nov 11 01:08:34 GMT 2024","passed","Mon Nov 11 01:08:34 GMT 2024","","AI-SERVICE","AI-SERVICE",""
"","2","ADD-REMOVE-MATCH-MIX-FLOAT-INTEGER.21","","Mon Nov 11 00:52:21 GMT 2024","passed","Mon Nov 11 00:52:21 GMT 2024","","SPACES","SPACES",""
"","110","TYPE-PROP.54","","Mon Nov 11 01:11:03 GMT 2024","failed","Mon Nov 11 01:11:03 GMT 2024","","CHECK-TYPES-TEMP","CHECK-TYPES-TEMP",""
"","102","B4-NONDETERM.10","","Mon Nov 11 00:35:17 GMT 2024","passed","Mon Nov 11 00:35:17 GMT 2024","","HYPERON-EXPERIMENTAL-SCRIPTS","HYPERON-EXPERIMENTAL-SCRIPTS",""
"","3","AI-SERVICE-COMPOSITION-SANITY.01","","Mon Nov 11 01:08:34 GMT 2024","passed","Mon Nov 11 01:08:34 GMT 2024","","AI-SERVICE","AI-SERVICE",""
"","2","IFC-XP.21","","Mon Nov 11 01:21:29 GMT 2024","passed","Mon Nov 11 01:21:29 GMT 2024","","ITERATIVE-CHAINING","ITERATIVE-CHAINING",""
"","1211","SYNTHESIZE-VIA-LET-TEST.06","","Mon Nov 11 01:26:05 GMT 2024","failed","Mon Nov 11 01:26:06 GMT 2024","","EXPERIMENTS","EXPERIMENTS",""
"","1","ADD-ATOM-NAIVE-FIB.07","","Mon Nov 11 02:03:27 GMT 2024","passed","Mon Nov 11 02:03:27 GMT 2024","","COMPARISONS","COMPARISONS",""
"","3","IFC-XP.18","","Mon Nov 11 01:21:29 GMT 2024","passed","Mon Nov 11 01:21:29 GMT 2024","","ITERATIVE-CHAINING","ITERATIVE-CHAINING",""
"","2","TYPE-PROP.42","","Mon Nov 11 01:11:03 GMT 2024","passed","Mon Nov 11 01:11:03 GMT 2024","","CHECK-TYPES-TEMP","CHECK-TYPES-TEMP",""
"","1","D1-GADT.14","","Mon Nov 11 00:35:17 GMT 2024","passed","Mon Nov 11 00:35:17 GMT 2024","","HYPERON-EXPERIMENTAL-SCRIPTS","HYPERON-EXPERIMENTAL-SCRIPTS",""
"","1","ADD-REMOVE-MATCH-INTEGER.11","","Mon Nov 11 00:52:21 GMT 2024","passed","Mon Nov 11 00:52:21 GMT 2024","","SPACES","SPACES",""
"","2","CHAINING-PRELIM.03","","Mon Nov 11 00:50:03 GMT 2024","passed","Mon Nov 11 00:50:03 GMT 2024","","CHAINING","CHAINING",""
"","340","BASIC.05","","Mon Nov 11 01:08:23 GMT 2024","passed","Mon Nov 11 01:08:23 GMT 2024","","TRAVERSER","TRAVERSER",""
"","4000","comparisons.inf-ctl-month-xp-short_6","","Mon Nov 11 00:35:13 GMT 2024","passed","Mon Nov 11 00:35:17 GMT 2024","","WHOLE-TESTS","WHOLE-TESTS",""
"","5000","metta-morph_tests.types","","Mon Nov 11 00:35:13 GMT 2024","passed","Mon Nov 11 00:35:18 GMT 2024","","WHOLE-TESTS","WHOLE-TESTS",""
"","5000","metta-morph_tests.types3","","Mon Nov 11 00:35:13 GMT 2024","passed","Mon Nov 11 00:35:18 GMT 2024","","WHOLE-TESTS","WHOLE-TESTS",""
"","1","KEY-LOOKUPS-MANY.07","","Mon Nov 11 01:57:07 GMT 2024","passed","Mon Nov 11 01:57:07 GMT 2024","","BASIC","BASIC",""
"","2","FORWARD-CHAINER-XP.15","","Mon Nov 11 01:17:59 GMT 2024","passed","Mon Nov 11 01:17:59 GMT 2024","","FORWARD-CHAINER","FORWARD-CHAINER",""
"","42","FORWARD-CHAINER-XP.13","","Mon Nov 11 01:17:59 GMT 2024","failed","Mon Nov 11 01:17:59 GMT 2024","","FORWARD-CHAINER","FORWARD-CHAINER",""
"","2","STDLIB-METTALOG-TEST-PT2.45","","Mon Nov 11 00:54:28 GMT 2024","passed","Mon Nov 11 00:54:28 GMT 2024","","STDLIB-METTALOG","STDLIB-METTALOG",""
"","4000","pln.gene-pln-xp","","Mon Nov 11 00:35:13 GMT 2024","passed","Mon Nov 11 00:35:17 GMT 2024","","WHOLE-TESTS","WHOLE-TESTS",""
"","2","IMPLICATIONDIRECTINTRODUCTIONDTLTEST.05","","Mon Nov 11 01:14:04 GMT 2024","passed","Mon Nov 11 01:14:04 GMT 2024","","DEPENDENT-TYPES","DEPENDENT-TYPES",""
"","5","GENE-PLN-XP.03","","Mon Nov 11 01:10:51 GMT 2024","passed","Mon Nov 11 01:10:51 GMT 2024","","PLN","PLN",""
"","3","FORWARD-CHAINER-XP.03","","Mon Nov 11 01:17:59 GMT 2024","passed","Mon Nov 11 01:17:59 GMT 2024","","FORWARD-CHAINER","FORWARD-CHAINER",""
"","176","SYNTHESIZE-VIA-UNIFY-TEST.06","","Mon Nov 11 01:26:05 GMT 2024","failed","Mon Nov 11 01:26:05 GMT 2024","","EXPERIMENTS","EXPERIMENTS",""
"","18","NATSTANDALONETEST.10","","Mon Nov 11 01:18:15 GMT 2024","failed","Mon Nov 11 01:18:15 GMT 2024","","HOL","HOL",""
"","3","D2-HIGHERFUNC.27","","Mon Nov 11 00:45:05 GMT 2024","passed","Mon Nov 11 00:45:05 GMT 2024","","QUICK","QUICK",""
"","2","TESTS0.02","","Mon Nov 11 01:35:19 GMT 2024","passed","Mon Nov 11 01:35:19 GMT 2024","","NARS-V0","NARS-V0",""
"","2","ADD-REMOVE-MATCH-SYMBOLS.16","","Mon Nov 11 00:52:21 GMT 2024","passed","Mon Nov 11 00:52:21 GMT 2024","","SPACES","SPACES",""
"","2747","TESTS3.06","","Mon Nov 11 00:45:32 GMT 2024","failed","Mon Nov 11 00:45:34 GMT 2024","","MAIN-BRANCH","MAIN-BRANCH",""
"","5000","hyperon-experimental_scripts.f1_imports","","Mon Nov 11 00:35:13 GMT 2024","passed","Mon Nov 11 00:35:18 GMT 2024","","WHOLE-TESTS","WHOLE-TESTS",""
"","1","FORWARD-CHAINER-XP.19","","Mon Nov 11 01:17:59 GMT 2024","passed","Mon Nov 11 01:17:59 GMT 2024","","FORWARD-CHAINER","FORWARD-CHAINER",""
"","1","TYPE-PROP.48","","Mon Nov 11 01:11:03 GMT 2024","passed","Mon Nov 11 01:11:03 GMT 2024","","CHECK-TYPES-TEMP","CHECK-TYPES-TEMP",""
"","4","SEALED-TEST.04","","Mon Nov 11 00:36:54 GMT 2024","passed","Mon Nov 11 00:36:54 GMT 2024","","HYPERON-METTALOG-SANITY","HYPERON-METTALOG-SANITY",""
"","1","ADD-REMOVE-MATCH-S-STRINGS.02","","Mon Nov 11 00:52:21 GMT 2024","passed","Mon Nov 11 00:52:21 GMT 2024","","SPACES","SPACES",""
"","4000","stack-based.interpreter","","Mon Nov 11 00:35:13 GMT 2024","passed","Mon Nov 11 00:35:17 GMT 2024","","WHOLE-TESTS","WHOLE-TESTS",""
"","14","C3-PLN-STV.05","","Mon Nov 11 00:35:17 GMT 2024","passed","Mon Nov 11 00:35:17 GMT 2024","","HYPERON-EXPERIMENTAL-SCRIPTS","HYPERON-EXPERIMENTAL-SCRIPTS",""
"","2","D3-DEPTYPES.05","","Mon Nov 11 01:11:24 GMT 2024","passed","Mon Nov 11 01:11:24 GMT 2024","","CHECK-TYPES","CHECK-TYPES",""
"","5","NUMTEST.03","","Mon Nov 11 01:15:27 GMT 2024","passed","Mon Nov 11 01:15:27 GMT 2024","","COMMON","COMMON",""
"","3","IBC-XP.27","","Mon Nov 11 01:21:29 GMT 2024","passed","Mon Nov 11 01:21:29 GMT 2024","","ITERATIVE-CHAINING","ITERATIVE-CHAINING",""
"","3","STATE-TYPES.13","","Mon Nov 11 01:57:07 GMT 2024","passed","Mon Nov 11 01:57:07 GMT 2024","","BASIC","BASIC",""
"","3","OBIF-EASY.01","","Mon Nov 11 01:54:48 GMT 2024","passed","Mon Nov 11 01:54:48 GMT 2024","","MULTIDIRECTIONAL","MULTIDIRECTIONAL",""
"","3","TEST-SPO-100.01","","Mon Nov 11 00:43:30 GMT 2024","passed","Mon Nov 11 00:43:30 GMT 2024","","METTA-WAM-ISSUE-116","METTA-WAM-ISSUE-116",""
"","17000","main-branch.tests1_pre","","Mon Nov 11 00:35:13 GMT 2024","passed","Mon Nov 11 00:35:30 GMT 2024","","WHOLE-TESTS","WHOLE-TESTS",""
"","2","C1-GROUNDED-BASIC.17","","Mon Nov 11 00:45:05 GMT 2024","passed","Mon Nov 11 00:45:05 GMT 2024","","QUICK","QUICK",""
"","1","BC-XP.16","","Mon Nov 11 01:15:17 GMT 2024","passed","Mon Nov 11 01:15:17 GMT 2024","","BACKWARD-CHAINING","BACKWARD-CHAINING",""
"","2","ADD-REMOVE-MATCH-SS-STRINGS.10","","Mon Nov 11 00:52:21 GMT 2024","passed","Mon Nov 11 00:52:21 GMT 2024","","SPACES","SPACES",""
"","1","TYPE-PROP.08","","Mon Nov 11 00:50:03 GMT 2024","passed","Mon Nov 11 00:50:03 GMT 2024","","CHAINING","CHAINING",""
"","2","ADD-REMOVE-MATCH-SS-STRINGS.06","","Mon Nov 11 00:52:21 GMT 2024","passed","Mon Nov 11 00:52:21 GMT 2024","","SPACES","SPACES",""
"","2","SUPERCOLLAPSE.05","","Mon Nov 11 00:40:49 GMT 2024","passed","Mon Nov 11 00:40:49 GMT 2024","","METTA-MORPH-TESTS","METTA-MORPH-TESTS",""
"","1","D2-HIGHERFUNC.18","","Mon Nov 11 01:11:24 GMT 2024","passed","Mon Nov 11 01:11:24 GMT 2024","","CHECK-TYPES","CHECK-TYPES",""
"","47","FORWARD-CHAINER-XP.28","","Mon Nov 11 01:17:59 GMT 2024","failed","Mon Nov 11 01:17:59 GMT 2024","","FORWARD-CHAINER","FORWARD-CHAINER",""
"","40000","basic.pathfinding-edge","","Mon Nov 11 00:35:13 GMT 2024","failed","Mon Nov 11 00:35:53 GMT 2024","","WHOLE-TESTS","WHOLE-TESTS",""
"","3","00A-LANG-COMPILED-CASE.01","","Mon Nov 11 01:47:02 GMT 2024","passed","Mon Nov 11 01:47:02 GMT 2024","","DIRECT-COMP","DIRECT-COMP",""
"","2","TEST-IF-CLOSED.05","","Mon Nov 11 00:42:55 GMT 2024","passed","Mon Nov 11 00:42:55 GMT 2024","","ANTI-REGRESSION","ANTI-REGRESSION",""
"","2","CHAPTER-1-1.19","","Mon Nov 11 00:54:37 GMT 2024","passed","Mon Nov 11 00:54:37 GMT 2024","","SICP-BOOK","SICP-BOOK",""
"","2","NATPARITYTEST.05","","Mon Nov 11 01:18:15 GMT 2024","passed","Mon Nov 11 01:18:15 GMT 2024","","HOL","HOL",""
"","4000","hyperon-experimental_scripts.f1_moduleA","","Mon Nov 11 00:35:13 GMT 2024","passed","Mon Nov 11 00:35:17 GMT 2024","","WHOLE-TESTS","WHOLE-TESTS",""
"","2","B5-TYPES-PRELIM.17","","Mon Nov 11 01:11:03 GMT 2024","passed","Mon Nov 11 01:11:03 GMT 2024","","CHECK-TYPES-TEMP","CHECK-TYPES-TEMP",""
"","17030","NARS-BUILDTUPLECOUNTS.02","","Mon Nov 11 01:34:05 GMT 2024","failed","Mon Nov 11 01:34:22 GMT 2024","","NARS-EXTRAS","NARS-EXTRAS",""
"","2","D2-HIGHERFUNC.02","","Mon Nov 11 01:11:24 GMT 2024","passed","Mon Nov 11 01:11:24 GMT 2024","","CHECK-TYPES","CHECK-TYPES",""
"","100","MEMB.01","","Mon Nov 11 01:02:32 GMT 2024","failed","Mon Nov 11 01:02:32 GMT 2024","","LOGIC","LOGIC",""
"","3","F1-MODULEA.08","","Mon Nov 11 00:35:17 GMT 2024","passed","Mon Nov 11 00:35:17 GMT 2024","","HYPERON-EXPERIMENTAL-SCRIPTS","HYPERON-EXPERIMENTAL-SCRIPTS",""
"","62","C1-GROUNDED-BASIC.15","","Mon Nov 11 00:35:17 GMT 2024","failed","Mon Nov 11 00:35:17 GMT 2024","","HYPERON-EXPERIMENTAL-SCRIPTS","HYPERON-EXPERIMENTAL-SCRIPTS",""
"","4000","match.MinerMatchTest","","Mon Nov 11 00:35:13 GMT 2024","passed","Mon Nov 11 00:35:17 GMT 2024","","WHOLE-TESTS","WHOLE-TESTS",""
"","2","NATSTANDALONETEST.06","","Mon Nov 11 01:18:15 GMT 2024","passed","Mon Nov 11 01:18:15 GMT 2024","","HOL","HOL",""
"","3","D4-TYPE-PROP.16","","Mon Nov 11 00:45:05 GMT 2024","passed","Mon Nov 11 00:45:05 GMT 2024","","QUICK","QUICK",""
"","3","LOCATED-TEST.01","","Mon Nov 11 01:25:06 GMT 2024","passed","Mon Nov 11 01:25:06 GMT 2024","","LOCATED","LOCATED",""
"","3","PC-XP.14","","Mon Nov 11 01:24:11 GMT 2024","passed","Mon Nov 11 01:24:11 GMT 2024","","POLYWARD-CHAINING","POLYWARD-CHAINING",""
"","2","B5-TYPES-PRELIM.20","","Mon Nov 11 01:11:03 GMT 2024","passed","Mon Nov 11 01:11:03 GMT 2024","","CHECK-TYPES-TEMP","CHECK-TYPES-TEMP",""
"","4000","match.DeductionImplicationDirectIntroductionMatchTest","","Mon Nov 11 00:35:13 GMT 2024","passed","Mon Nov 11 00:35:17 GMT 2024","","WHOLE-TESTS","WHOLE-TESTS",""
"","79","INF-CTL-MONTH-XP-SHORT-6.02","","Mon Nov 11 02:03:27 GMT 2024","failed","Mon Nov 11 02:03:27 GMT 2024","","COMPARISONS","COMPARISONS",""
"","2","STATE-TYPES.05","","Mon Nov 11 01:57:07 GMT 2024","passed","Mon Nov 11 01:57:07 GMT 2024","","BASIC","BASIC",""
"","2","TEST-IF-CLOSED.07","","Mon Nov 11 01:48:29 GMT 2024","passed","Mon Nov 11 01:48:29 GMT 2024","","WALK-THRU","WALK-THRU",""
"","2","B5-TYPES-PRELIM.12","","Mon Nov 11 01:11:03 GMT 2024","passed","Mon Nov 11 01:11:03 GMT 2024","","CHECK-TYPES-TEMP","CHECK-TYPES-TEMP",""
"","2","TYPES-PRELIM.19","","Mon Nov 11 00:50:03 GMT 2024","passed","Mon Nov 11 00:50:03 GMT 2024","","CHAINING","CHAINING",""
"","2","D1-GADT.11","","Mon Nov 11 01:11:24 GMT 2024","passed","Mon Nov 11 01:11:24 GMT 2024","","CHECK-TYPES","CHECK-TYPES",""
"","3","BCHAIN-COMP.06","","Mon Nov 11 01:48:29 GMT 2024","passed","Mon Nov 11 01:48:29 GMT 2024","","WALK-THRU","WALK-THRU",""
"","2","STDLIB-METTALOG-TEST-PT2.39","","Mon Nov 11 00:54:28 GMT 2024","passed","Mon Nov 11 00:54:28 GMT 2024","","STDLIB-METTALOG","STDLIB-METTALOG",""
"","4000","containers_are_spaces.05_match_superpose_element_like_space","","Mon Nov 11 00:35:13 GMT 2024","passed","Mon Nov 11 00:35:17 GMT 2024","","WHOLE-TESTS","WHOLE-TESTS",""
"","120","INTERSECTION-TESTS.21","","Mon Nov 11 00:36:54 GMT 2024","failed","Mon Nov 11 00:36:54 GMT 2024","","HYPERON-METTALOG-SANITY","HYPERON-METTALOG-SANITY",""
"","2","UNIFY-VIA-CASE.02","","Mon Nov 11 01:26:05 GMT 2024","passed","Mon Nov 11 01:26:05 GMT 2024","","EXPERIMENTS","EXPERIMENTS",""
"","43","IBC-XP.07","","Mon Nov 11 01:21:29 GMT 2024","failed","Mon Nov 11 01:21:29 GMT 2024","","ITERATIVE-CHAINING","ITERATIVE-CHAINING",""
"","3","SUPERPOSE-NESTED.01","","Mon Nov 11 00:40:49 GMT 2024","passed","Mon Nov 11 00:40:49 GMT 2024","","METTA-MORPH-TESTS","METTA-MORPH-TESTS",""
"","2","DEDUCTIONFORMULATEST.06","","Mon Nov 11 01:15:51 GMT 2024","passed","Mon Nov 11 01:15:51 GMT 2024","","FORMULA","FORMULA",""
"","3","ADD-REMOVE-MATCH-MIX-FLOAT-INTEGER.01","","Mon Nov 11 00:52:21 GMT 2024","passed","Mon Nov 11 00:52:21 GMT 2024","","SPACES","SPACES",""
"","4000","aunt-kg.baseline_formulation","","Mon Nov 11 00:35:13 GMT 2024","passed","Mon Nov 11 00:35:17 GMT 2024","","WHOLE-TESTS","WHOLE-TESTS",""
"","2","SYNTHESIZE-VIA-TYPE-CHECKING.02","","Mon Nov 11 01:26:05 GMT 2024","passed","Mon Nov 11 01:26:05 GMT 2024","","EXPERIMENTS","EXPERIMENTS",""
"","40000","basic.fibo","","Mon Nov 11 00:35:13 GMT 2024","failed","Mon Nov 11 00:35:53 GMT 2024","","WHOLE-TESTS","WHOLE-TESTS",""
"","4000","hyperon-experimental_scripts.e3_match_states","","Mon Nov 11 00:35:13 GMT 2024","passed","Mon Nov 11 00:35:17 GMT 2024","","WHOLE-TESTS","WHOLE-TESTS",""
"","3","B1-EQUAL-CHAIN.03","","Mon Nov 11 00:35:17 GMT 2024","passed","Mon Nov 11 00:35:17 GMT 2024","","HYPERON-EXPERIMENTAL-SCRIPTS","HYPERON-EXPERIMENTAL-SCRIPTS",""
"","2","ADD-REMOVE-MATCH-SYMBOLS.03","","Mon Nov 11 00:52:21 GMT 2024","passed","Mon Nov 11 00:52:21 GMT 2024","","SPACES","SPACES",""
"","1","QUERIES.03","","Mon Nov 11 01:07:42 GMT 2024","passed","Mon Nov 11 01:07:42 GMT 2024","","STRIPS-TO-METTA-IMPROVED","STRIPS-TO-METTA-IMPROVED",""
"","3","TESTS0.04","","Mon Nov 11 00:40:49 GMT 2024","passed","Mon Nov 11 00:40:49 GMT 2024","","METTA-MORPH-TESTS","METTA-MORPH-TESTS",""
"","5000","anti-regression.bchain_comp","","Mon Nov 11 00:35:13 GMT 2024","passed","Mon Nov 11 00:35:18 GMT 2024","","WHOLE-TESTS","WHOLE-TESTS",""
"","4000","chaining.chaining_prelim","","Mon Nov 11 00:35:13 GMT 2024","passed","Mon Nov 11 00:35:17 GMT 2024","","WHOLE-TESTS","WHOLE-TESTS",""
"","3","HYPERPOSING-SHARED.01","","Mon Nov 11 01:57:07 GMT 2024","passed","Mon Nov 11 01:57:07 GMT 2024","","BASIC","BASIC",""
"","3","D2-HIGHERFUNC.19","","Mon Nov 11 00:35:17 GMT 2024","passed","Mon Nov 11 00:35:17 GMT 2024","","HYPERON-EXPERIMENTAL-SCRIPTS","HYPERON-EXPERIMENTAL-SCRIPTS",""
"","5","INF-ORDER-PROBS.06","","Mon Nov 11 01:03:12 GMT 2024","passed","Mon Nov 11 01:03:12 GMT 2024","","PROB-DEP-TYPES","PROB-DEP-TYPES",""
"","3","CHAPTER-2-4.06","","Mon Nov 11 00:54:37 GMT 2024","passed","Mon Nov 11 00:54:37 GMT 2024","","SICP-BOOK","SICP-BOOK",""
"","6","EVIDENTIALTRUTHVALUETEST.02","","Mon Nov 11 01:15:55 GMT 2024","passed","Mon Nov 11 01:15:55 GMT 2024","","TRUTHVALUE","TRUTHVALUE",""
"","2","ADD-REMOVE-MATCH-SS-STRINGS.04","","Mon Nov 11 00:52:21 GMT 2024","passed","Mon Nov 11 00:52:21 GMT 2024","","SPACES","SPACES",""
"","2","HYPERPOSING-SHARED.04","","Mon Nov 11 01:57:07 GMT 2024","passed","Mon Nov 11 01:57:07 GMT 2024","","BASIC","BASIC",""
"","117","STDLIB-METTALOG-TEST-PT2.01","","Mon Nov 11 00:54:28 GMT 2024","failed","Mon Nov 11 00:54:28 GMT 2024","","STDLIB-METTALOG","STDLIB-METTALOG",""
"","3","PLN-STV.02","","Mon Nov 11 00:50:03 GMT 2024","passed","Mon Nov 11 00:50:03 GMT 2024","","CHAINING","CHAINING",""
"","2","D1-GADT.07","","Mon Nov 11 00:35:17 GMT 2024","passed","Mon Nov 11 00:35:17 GMT 2024","","HYPERON-EXPERIMENTAL-SCRIPTS","HYPERON-EXPERIMENTAL-SCRIPTS",""
"","3","FORWARD-CHAINER-TEST.12","","Mon Nov 11 01:17:59 GMT 2024","passed","Mon Nov 11 01:17:59 GMT 2024","","FORWARD-CHAINER","FORWARD-CHAINER",""
"","949","BC-IMPL.01","","Mon Nov 11 01:48:29 GMT 2024","passed","Mon Nov 11 01:48:29 GMT 2024","","WALK-THRU","WALK-THRU",""
"","2","A3-TWOSIDE.01","","Mon Nov 11 00:35:17 GMT 2024","passed","Mon Nov 11 00:35:17 GMT 2024","","HYPERON-EXPERIMENTAL-SCRIPTS","HYPERON-EXPERIMENTAL-SCRIPTS",""
"","70","C1-GROUNDED-BASIC.19","","Mon Nov 11 00:45:05 GMT 2024","passed","Mon Nov 11 00:45:05 GMT 2024","","QUICK","QUICK",""
"","1","HIGHER-ORDER-FUNCS.04","","Mon Nov 11 00:53:03 GMT 2024","passed","Mon Nov 11 00:53:03 GMT 2024","","STD","STD",""
"","2","TEST-IF-CLOSED.04","","Mon Nov 11 00:42:55 GMT 2024","passed","Mon Nov 11 00:42:55 GMT 2024","","ANTI-REGRESSION","ANTI-REGRESSION",""
"","2","SEQUENTIAL-NESTED.07","","Mon Nov 11 00:40:49 GMT 2024","passed","Mon Nov 11 00:40:49 GMT 2024","","METTA-MORPH-TESTS","METTA-MORPH-TESTS",""
"","2","CHAPTER-2-4.16","","Mon Nov 11 00:54:37 GMT 2024","passed","Mon Nov 11 00:54:37 GMT 2024","","SICP-BOOK","SICP-BOOK",""
"","2","C1-GROUNDED-BASIC.16","","Mon Nov 11 00:45:05 GMT 2024","passed","Mon Nov 11 00:45:05 GMT 2024","","QUICK","QUICK",""
"","2","PREREQS.06","","Mon Nov 11 00:45:32 GMT 2024","passed","Mon Nov 11 00:45:32 GMT 2024","","MAIN-BRANCH","MAIN-BRANCH",""
"","71","B5-TYPES-PRELIM.24","","Mon Nov 11 00:35:17 GMT 2024","failed","Mon Nov 11 00:35:17 GMT 2024","","HYPERON-EXPERIMENTAL-SCRIPTS","HYPERON-EXPERIMENTAL-SCRIPTS",""
"","13","INF-CTL-XP.14","","Mon Nov 11 01:19:26 GMT 2024","failed","Mon Nov 11 01:19:26 GMT 2024","","INFERENCE-CONTROL","INFERENCE-CONTROL",""
"","3","LISTTEST.07","","Mon Nov 11 01:15:27 GMT 2024","passed","Mon Nov 11 01:15:27 GMT 2024","","COMMON","COMMON",""
"","2","C1-GROUNDED-BASIC.04","","Mon Nov 11 00:35:17 GMT 2024","passed","Mon Nov 11 00:35:17 GMT 2024","","HYPERON-EXPERIMENTAL-SCRIPTS","HYPERON-EXPERIMENTAL-SCRIPTS",""
"","5000","hyperon-mettalog_sanity.sealed_test","","Mon Nov 11 00:35:13 GMT 2024","passed","Mon Nov 11 00:35:18 GMT 2024","","WHOLE-TESTS","WHOLE-TESTS",""
"","15000","anti-regression.mettalogTestCurried","","Mon Nov 11 00:35:13 GMT 2024","failed","Mon Nov 11 00:35:28 GMT 2024","","WHOLE-TESTS","WHOLE-TESTS",""
"","2","FORWARD-CHAINER-XP.07","","Mon Nov 11 01:17:59 GMT 2024","passed","Mon Nov 11 01:17:59 GMT 2024","","FORWARD-CHAINER","FORWARD-CHAINER",""
"","65","D5-AUTO-TYPES.03","","Mon Nov 11 01:11:24 GMT 2024","failed","Mon Nov 11 01:11:24 GMT 2024","","CHECK-TYPES","CHECK-TYPES",""
"","5000","anti-regression.tmpMatch1","","Mon Nov 11 00:35:13 GMT 2024","passed","Mon Nov 11 00:35:18 GMT 2024","","WHOLE-TESTS","WHOLE-TESTS",""
"","2","ADD-ATOM-NAIVE-FIB.02","","Mon Nov 11 02:03:27 GMT 2024","passed","Mon Nov 11 02:03:27 GMT 2024","","COMPARISONS","COMPARISONS",""
"","45","IFC-XP.32","","Mon Nov 11 01:21:29 GMT 2024","failed","Mon Nov 11 01:21:29 GMT 2024","","ITERATIVE-CHAINING","ITERATIVE-CHAINING",""
"","2","TYPE-PROP.06","","Mon Nov 11 00:50:03 GMT 2024","passed","Mon Nov 11 00:50:03 GMT 2024","","CHAINING","CHAINING",""
"","2","ADD-REMOVE-MATCH-MIX-FLOAT-INTEGER.12","","Mon Nov 11 00:52:21 GMT 2024","passed","Mon Nov 11 00:52:21 GMT 2024","","SPACES","SPACES",""
"","3","HIGHER-ORDER-FUNCS.10","","Mon Nov 11 00:53:03 GMT 2024","passed","Mon Nov 11 00:53:03 GMT 2024","","STD","STD",""
"","2","IFC-XP.04","","Mon Nov 11 01:21:29 GMT 2024","passed","Mon Nov 11 01:21:29 GMT 2024","","ITERATIVE-CHAINING","ITERATIVE-CHAINING",""
"","2","GROUNDED-BASIC.04","","Mon Nov 11 00:53:03 GMT 2024","passed","Mon Nov 11 00:53:03 GMT 2024","","STD","STD",""
"","2","A1-SYMBOLS.07","","Mon Nov 11 00:35:17 GMT 2024","passed","Mon Nov 11 00:35:17 GMT 2024","","HYPERON-EXPERIMENTAL-SCRIPTS","HYPERON-EXPERIMENTAL-SCRIPTS",""
"","402","SYNTHESIZE-VIA-LET-TEST.01","","Mon Nov 11 01:26:05 GMT 2024","failed","Mon Nov 11 01:26:05 GMT 2024","","EXPERIMENTS","EXPERIMENTS",""
"","2","ADD-REMOVE-MATCH-S-SYMBOLS.12","","Mon Nov 11 00:52:21 GMT 2024","passed","Mon Nov 11 00:52:21 GMT 2024","","SPACES","SPACES",""
"","89","SHOW-TYPE.12","","Mon Nov 11 00:52:05 GMT 2024","failed","Mon Nov 11 00:52:05 GMT 2024","","INTROSPECT","INTROSPECT",""
"","1645","SELF-CONTAINED-SYNTHESIZE.12","","Mon Nov 11 01:26:05 GMT 2024","failed","Mon Nov 11 01:26:06 GMT 2024","","EXPERIMENTS","EXPERIMENTS",""
"","5000","hyperon-mettalog_sanity.or_test","","Mon Nov 11 00:35:13 GMT 2024","passed","Mon Nov 11 00:35:18 GMT 2024","","WHOLE-TESTS","WHOLE-TESTS",""
"","2","TESTS3.05","","Mon Nov 11 00:45:32 GMT 2024","passed","Mon Nov 11 00:45:32 GMT 2024","","MAIN-BRANCH","MAIN-BRANCH",""
"","2","D3-DEPTYPES.07","","Mon Nov 11 00:35:17 GMT 2024","passed","Mon Nov 11 00:35:17 GMT 2024","","HYPERON-EXPERIMENTAL-SCRIPTS","HYPERON-EXPERIMENTAL-SCRIPTS",""
"","247","INF-CTL-MONTH-XP.13","","Mon Nov 11 01:19:26 GMT 2024","failed","Mon Nov 11 01:19:26 GMT 2024","","INFERENCE-CONTROL","INFERENCE-CONTROL",""
"","5000","metta-morph_tests.supercollapse","","Mon Nov 11 00:35:13 GMT 2024","passed","Mon Nov 11 00:35:18 GMT 2024","","WHOLE-TESTS","WHOLE-TESTS",""
"","2","BC-XP.05","","Mon Nov 11 00:50:03 GMT 2024","passed","Mon Nov 11 00:50:03 GMT 2024","","CHAINING","CHAINING",""
"","2","TYPES-PRELIM.03","","Mon Nov 11 00:50:03 GMT 2024","passed","Mon Nov 11 00:50:03 GMT 2024","","CHAINING","CHAINING",""
"","2","BC-XP.11","","Mon Nov 11 01:15:17 GMT 2024","passed","Mon Nov 11 01:15:17 GMT 2024","","BACKWARD-CHAINING","BACKWARD-CHAINING",""
"","2","QUERIES.12","","Mon Nov 11 01:07:42 GMT 2024","passed","Mon Nov 11 01:07:42 GMT 2024","","STRIPS-TO-METTA-IMPROVED","STRIPS-TO-METTA-IMPROVED",""
"","2","C1-GROUNDED-BASIC.09","","Mon Nov 11 00:45:05 GMT 2024","passed","Mon Nov 11 00:45:05 GMT 2024","","QUICK","QUICK",""
"","113","SPACE-INTERSECTION-TESTS.08","","Mon Nov 11 00:36:54 GMT 2024","failed","Mon Nov 11 00:36:54 GMT 2024","","HYPERON-METTALOG-SANITY","HYPERON-METTALOG-SANITY",""
"","2","INTERSECTION-TESTS.08","","Mon Nov 11 00:36:54 GMT 2024","passed","Mon Nov 11 00:36:54 GMT 2024","","HYPERON-METTALOG-SANITY","HYPERON-METTALOG-SANITY",""
"","2","CHAPTER-2-4.10","","Mon Nov 11 00:54:37 GMT 2024","passed","Mon Nov 11 00:54:37 GMT 2024","","SICP-BOOK","SICP-BOOK",""
"","41000","main-branch.tests5","","Mon Nov 11 00:35:13 GMT 2024","failed","Mon Nov 11 00:35:54 GMT 2024","","WHOLE-TESTS","WHOLE-TESTS",""
"","2","B5-TYPES-PRELIM.21","","Mon Nov 11 00:35:17 GMT 2024","passed","Mon Nov 11 00:35:17 GMT 2024","","HYPERON-EXPERIMENTAL-SCRIPTS","HYPERON-EXPERIMENTAL-SCRIPTS",""
"","3","SPACE-SUBTRACTION-TESTS.02","","Mon Nov 11 00:36:54 GMT 2024","passed","Mon Nov 11 00:36:54 GMT 2024","","HYPERON-METTALOG-SANITY","HYPERON-METTALOG-SANITY",""
"","2","HYPERPOSE.02","","Mon Nov 11 00:40:49 GMT 2024","passed","Mon Nov 11 00:40:49 GMT 2024","","METTA-MORPH-TESTS","METTA-MORPH-TESTS",""
"","2","ORDEREDSETTEST.07","","Mon Nov 11 01:15:27 GMT 2024","passed","Mon Nov 11 01:15:27 GMT 2024","","COMMON","COMMON",""
"","235","SYNTHESIZE-VIA-LET-TEST.02","","Mon Nov 11 01:26:05 GMT 2024","failed","Mon Nov 11 01:26:05 GMT 2024","","EXPERIMENTS","EXPERIMENTS",""
"","14","STDLIB-METTALOG-TEST-PT2.26","","Mon Nov 11 00:54:28 GMT 2024","failed","Mon Nov 11 00:54:28 GMT 2024","","STDLIB-METTALOG","STDLIB-METTALOG",""
"","2","ADD-REMOVE-MATCH-STRINGS.15","","Mon Nov 11 00:52:21 GMT 2024","passed","Mon Nov 11 00:52:21 GMT 2024","","SPACES","SPACES",""
"","1","XOR-TEST.08","","Mon Nov 11 00:36:54 GMT 2024","passed","Mon Nov 11 00:36:54 GMT 2024","","HYPERON-METTALOG-SANITY","HYPERON-METTALOG-SANITY",""
"","2","SEQUENTIAL-NESTED.03","","Mon Nov 11 00:40:49 GMT 2024","passed","Mon Nov 11 00:40:49 GMT 2024","","METTA-MORPH-TESTS","METTA-MORPH-TESTS",""
"","2","AI-SERVICE-COMPOSITION-SANITY.03","","Mon Nov 11 01:08:34 GMT 2024","passed","Mon Nov 11 01:08:34 GMT 2024","","AI-SERVICE","AI-SERVICE",""
"","3","E2-STATES.05","","Mon Nov 11 00:35:17 GMT 2024","passed","Mon Nov 11 00:35:17 GMT 2024","","HYPERON-EXPERIMENTAL-SCRIPTS","HYPERON-EXPERIMENTAL-SCRIPTS",""
"","2","SPACE-INTERSECTION-TESTS.04","","Mon Nov 11 00:36:54 GMT 2024","passed","Mon Nov 11 00:36:54 GMT 2024","","HYPERON-METTALOG-SANITY","HYPERON-METTALOG-SANITY",""
"","14","CHAPTER-2-4.19","","Mon Nov 11 00:54:37 GMT 2024","failed","Mon Nov 11 00:54:37 GMT 2024","","SICP-BOOK","SICP-BOOK",""
"","4000","hyperon-experimental_scripts.c2_spaces","","Mon Nov 11 00:35:13 GMT 2024","passed","Mon Nov 11 00:35:17 GMT 2024","","WHOLE-TESTS","WHOLE-TESTS",""
"","4000","common.ListTest","","Mon Nov 11 00:35:13 GMT 2024","passed","Mon Nov 11 00:35:17 GMT 2024","","WHOLE-TESTS","WHOLE-TESTS",""
"","40000","main-branch.tests1","","Mon Nov 11 00:35:13 GMT 2024","failed","Mon Nov 11 00:35:53 GMT 2024","","WHOLE-TESTS","WHOLE-TESTS",""
"","2","QUERIES.15","","Mon Nov 11 01:07:42 GMT 2024","passed","Mon Nov 11 01:07:42 GMT 2024","","STRIPS-TO-METTA-IMPROVED","STRIPS-TO-METTA-IMPROVED",""
"","178","SYNTHESIZE-VIA-UNIFY-TEST.07","","Mon Nov 11 01:26:05 GMT 2024","failed","Mon Nov 11 01:26:05 GMT 2024","","EXPERIMENTS","EXPERIMENTS",""
"","65","V2-PLN-XP.01","","Mon Nov 11 00:50:03 GMT 2024","failed","Mon Nov 11 00:50:03 GMT 2024","","CHAINING","CHAINING",""
"","369","NATSTANDALONETEST.14","","Mon Nov 11 01:18:15 GMT 2024","failed","Mon Nov 11 01:18:15 GMT 2024","","HOL","HOL",""
"","8","D1-GADT.13","","Mon Nov 11 00:35:17 GMT 2024","passed","Mon Nov 11 00:35:17 GMT 2024","","HYPERON-EXPERIMENTAL-SCRIPTS","HYPERON-EXPERIMENTAL-SCRIPTS",""
"","2","SUPERCOLLAPSE.07","","Mon Nov 11 00:40:49 GMT 2024","passed","Mon Nov 11 00:40:49 GMT 2024","","METTA-MORPH-TESTS","METTA-MORPH-TESTS",""
"","6","F1-IMPORTS.02","","Mon Nov 11 00:35:17 GMT 2024","passed","Mon Nov 11 00:35:17 GMT 2024","","HYPERON-EXPERIMENTAL-SCRIPTS","HYPERON-EXPERIMENTAL-SCRIPTS",""
"","1","MATCH-VOID.09","","Mon Nov 11 00:40:49 GMT 2024","passed","Mon Nov 11 00:40:49 GMT 2024","","METTA-MORPH-TESTS","METTA-MORPH-TESTS",""
"","2","INTERSECTION-TESTS.02","","Mon Nov 11 00:36:54 GMT 2024","passed","Mon Nov 11 00:36:54 GMT 2024","","HYPERON-METTALOG-SANITY","HYPERON-METTALOG-SANITY",""
"","5","TRUTHVALUETEST.03","","Mon Nov 11 01:15:55 GMT 2024","passed","Mon Nov 11 01:15:55 GMT 2024","","TRUTHVALUE","TRUTHVALUE",""
"","93","NONDETERM.01","","Mon Nov 11 00:53:03 GMT 2024","passed","Mon Nov 11 00:53:03 GMT 2024","","STD","STD",""
"","2","PC-XP.06","","Mon Nov 11 01:24:11 GMT 2024","passed","Mon Nov 11 01:24:11 GMT 2024","","POLYWARD-CHAINING","POLYWARD-CHAINING",""
"","3","SUPERPOSE-NESTED.03","","Mon Nov 11 00:40:49 GMT 2024","passed","Mon Nov 11 00:40:49 GMT 2024","","METTA-MORPH-TESTS","METTA-MORPH-TESTS",""
"","4000","metta-morph_tests.match_superposed_spaces","","Mon Nov 11 00:35:13 GMT 2024","passed","Mon Nov 11 00:35:17 GMT 2024","","WHOLE-TESTS","WHOLE-TESTS",""
"","1","FORWARD-CHAINER-XP.18","","Mon Nov 11 01:17:59 GMT 2024","passed","Mon Nov 11 01:17:59 GMT 2024","","FORWARD-CHAINER","FORWARD-CHAINER",""
"","2","ADD-REMOVE-MATCH-FLOAT.11","","Mon Nov 11 00:52:21 GMT 2024","passed","Mon Nov 11 00:52:21 GMT 2024","","SPACES","SPACES",""
"","5","DEDUCTIONEQUALTEST.01","","Mon Nov 11 01:17:49 GMT 2024","passed","Mon Nov 11 01:17:49 GMT 2024","","EQUAL","EQUAL",""
"","5","SEALED-TEST.01","","Mon Nov 11 00:36:54 GMT 2024","passed","Mon Nov 11 00:36:54 GMT 2024","","HYPERON-METTALOG-SANITY","HYPERON-METTALOG-SANITY",""
"","2","ADD-REMOVE-MATCH-MIX-FLOAT-INTEGER.05","","Mon Nov 11 00:52:21 GMT 2024","passed","Mon Nov 11 00:52:21 GMT 2024","","SPACES","SPACES",""
"","2","ADD-REMOVE-MATCH-S-STRINGS.05","","Mon Nov 11 00:52:21 GMT 2024","passed","Mon Nov 11 00:52:21 GMT 2024","","SPACES","SPACES",""
"","2","BACKWARD-CHAINER-XP.16","","Mon Nov 11 01:15:12 GMT 2024","passed","Mon Nov 11 01:15:12 GMT 2024","","BACKWARD-CHAINER","BACKWARD-CHAINER",""
"","2","NATPARITYTEST.16","","Mon Nov 11 01:18:15 GMT 2024","passed","Mon Nov 11 01:18:15 GMT 2024","","HOL","HOL",""
"","3","AI-SERVICE-COMPOSITION-EASY.01","","Mon Nov 11 01:08:34 GMT 2024","passed","Mon Nov 11 01:08:34 GMT 2024","","AI-SERVICE","AI-SERVICE",""
"","2","UNIFY-VIA-LET.04","","Mon Nov 11 01:26:05 GMT 2024","passed","Mon Nov 11 01:26:05 GMT 2024","","EXPERIMENTS","EXPERIMENTS",""
"","3","C1-GROUNDED-BASIC.07","","Mon Nov 11 00:45:05 GMT 2024","passed","Mon Nov 11 00:45:05 GMT 2024","","QUICK","QUICK",""
"","3","LET-SUPERPOSE-IF-CASE.01","","Mon Nov 11 01:48:04 GMT 2024","passed","Mon Nov 11 01:48:04 GMT 2024","","TRANSPILER","TRANSPILER",""
"","13","TEST-INFER-FUNCTION-APPLICATION-TYPE.05","","Mon Nov 11 01:57:07 GMT 2024","failed","Mon Nov 11 01:57:07 GMT 2024","","BASIC","BASIC",""
"","1","DEBUG-METTALOGTESTCURRIED.12","","Mon Nov 11 01:48:29 GMT 2024","passed","Mon Nov 11 01:48:29 GMT 2024","","WALK-THRU","WALK-THRU",""
"","2","E2-STATES.01","","Mon Nov 11 01:11:24 GMT 2024","passed","Mon Nov 11 01:11:24 GMT 2024","","CHECK-TYPES","CHECK-TYPES",""
"","40000","experiments.synthesize-via-unify-test-longer","","Mon Nov 11 00:35:13 GMT 2024","failed","Mon Nov 11 00:35:53 GMT 2024","","WHOLE-TESTS","WHOLE-TESTS",""
"","3","SHOW-TYPE.04","","Mon Nov 11 00:52:05 GMT 2024","passed","Mon Nov 11 00:52:05 GMT 2024","","INTROSPECT","INTROSPECT",""
"","1170","TRAINING.04","","Mon Nov 11 02:09:38 GMT 2024","passed","Mon Nov 11 02:09:39 GMT 2024","","LANGUAGE-MODELS","LANGUAGE-MODELS",""
"","2","D4-TYPE-PROP.19","","Mon Nov 11 00:35:17 GMT 2024","passed","Mon Nov 11 00:35:17 GMT 2024","","HYPERON-EXPERIMENTAL-SCRIPTS","HYPERON-EXPERIMENTAL-SCRIPTS",""
"","973","TRAINING-BI.04","","Mon Nov 11 02:09:38 GMT 2024","passed","Mon Nov 11 02:09:38 GMT 2024","","LANGUAGE-MODELS","LANGUAGE-MODELS",""
"","2","TEST-IF-CLOSED.06","","Mon Nov 11 01:48:29 GMT 2024","passed","Mon Nov 11 01:48:29 GMT 2024","","WALK-THRU","WALK-THRU",""
"","2","ADD-REMOVE-MATCH-SS-SYMBOLS.06","","Mon Nov 11 00:52:21 GMT 2024","passed","Mon Nov 11 00:52:21 GMT 2024","","SPACES","SPACES",""
"","2","EXAM-SPACES.03","","Mon Nov 11 00:52:05 GMT 2024","passed","Mon Nov 11 00:52:05 GMT 2024","","INTROSPECT","INTROSPECT",""
"","41000","experiments.self-contained-synthesize","","Mon Nov 11 00:35:13 GMT 2024","failed","Mon Nov 11 00:35:54 GMT 2024","","WHOLE-TESTS","WHOLE-TESTS",""
"","3","SUPERCOLLAPSE.01","","Mon Nov 11 00:40:49 GMT 2024","passed","Mon Nov 11 00:40:49 GMT 2024","","METTA-MORPH-TESTS","METTA-MORPH-TESTS",""
"","2","CURRIED-CHAINER.03","","Mon Nov 11 01:16:05 GMT 2024","passed","Mon Nov 11 01:16:05 GMT 2024","","CURRIED-CHAINING","CURRIED-CHAINING",""
"","14","D1-GADT.05","","Mon Nov 11 01:11:24 GMT 2024","passed","Mon Nov 11 01:11:24 GMT 2024","","CHECK-TYPES","CHECK-TYPES",""
"","25000","language_models.unweighted_pllm","","Mon Nov 11 00:35:13 GMT 2024","passed","Mon Nov 11 00:35:38 GMT 2024","","WHOLE-TESTS","WHOLE-TESTS",""
"","2","B1-EQUAL-CHAIN.04","","Mon Nov 11 00:35:17 GMT 2024","passed","Mon Nov 11 00:35:17 GMT 2024","","HYPERON-EXPERIMENTAL-SCRIPTS","HYPERON-EXPERIMENTAL-SCRIPTS",""
"","2","STRING-TESTS.10","","Mon Nov 11 00:36:54 GMT 2024","passed","Mon Nov 11 00:36:54 GMT 2024","","HYPERON-METTALOG-SANITY","HYPERON-METTALOG-SANITY",""
"","2","BCHAIN.01","","Mon Nov 11 00:42:55 GMT 2024","passed","Mon Nov 11 00:42:55 GMT 2024","","ANTI-REGRESSION","ANTI-REGRESSION",""
"","2","D2-HIGHERFUNC.06","","Mon Nov 11 00:45:05 GMT 2024","passed","Mon Nov 11 00:45:05 GMT 2024","","QUICK","QUICK",""
"","5000","forward-chainer.forward-chainer-xp","","Mon Nov 11 00:35:13 GMT 2024","passed","Mon Nov 11 00:35:18 GMT 2024","","WHOLE-TESTS","WHOLE-TESTS",""
"","41","BACKWARD-CHAINER-XP.06","","Mon Nov 11 01:15:12 GMT 2024","failed","Mon Nov 11 01:15:12 GMT 2024","","BACKWARD-CHAINER","BACKWARD-CHAINER",""
"","3","FC-XP.03","","Mon Nov 11 01:18:10 GMT 2024","passed","Mon Nov 11 01:18:10 GMT 2024","","FORWARD-CHAINING","FORWARD-CHAINING",""
"","4000","metta-morph_tests.sequential_nested","","Mon Nov 11 00:35:13 GMT 2024","passed","Mon Nov 11 00:35:17 GMT 2024","","WHOLE-TESTS","WHOLE-TESTS",""
"","2","HYPERON-EXPERIMENTAL-ISSUE-516-REDDUCED.02","","Mon Nov 11 01:51:45 GMT 2024","passed","Mon Nov 11 01:51:45 GMT 2024","","DEBUGGING","DEBUGGING",""
"","43000","examples.benchmark","","Mon Nov 11 00:35:13 GMT 2024","failed","Mon Nov 11 00:35:56 GMT 2024","","WHOLE-TESTS","WHOLE-TESTS",""
"","71","D2-HIGHERFUNC.07","","Mon Nov 11 00:45:05 GMT 2024","failed","Mon Nov 11 00:45:05 GMT 2024","","QUICK","QUICK",""
"","2","BC-XP.22","","Mon Nov 11 01:15:17 GMT 2024","passed","Mon Nov 11 01:15:17 GMT 2024","","BACKWARD-CHAINING","BACKWARD-CHAINING",""
"","4","SEALED-TEST.09","","Mon Nov 11 00:36:54 GMT 2024","passed","Mon Nov 11 00:36:54 GMT 2024","","HYPERON-METTALOG-SANITY","HYPERON-METTALOG-SANITY",""
"","2","BCHAIN-COMP.05","","Mon Nov 11 01:48:29 GMT 2024","passed","Mon Nov 11 01:48:29 GMT 2024","","WALK-THRU","WALK-THRU",""
"","2","IMPL-METTALOGTESTCURRIED.12","","Mon Nov 11 01:48:29 GMT 2024","passed","Mon Nov 11 01:48:29 GMT 2024","","WALK-THRU","WALK-THRU",""
"","4000","hyperon-mettalog_sanity.01_lang_inc","","Mon Nov 11 00:35:13 GMT 2024","passed","Mon Nov 11 00:35:17 GMT 2024","","WHOLE-TESTS","WHOLE-TESTS",""
"","3","TYPES3.01","","Mon Nov 11 00:40:49 GMT 2024","passed","Mon Nov 11 00:40:49 GMT 2024","","METTA-MORPH-TESTS","METTA-MORPH-TESTS",""
"","41000","comparisons.naive-fib","","Mon Nov 11 00:35:13 GMT 2024","failed","Mon Nov 11 00:35:54 GMT 2024","","WHOLE-TESTS","WHOLE-TESTS",""
"","2","D4-TYPE-PROP.18","","Mon Nov 11 00:45:05 GMT 2024","passed","Mon Nov 11 00:45:05 GMT 2024","","QUICK","QUICK",""
"","3","BC-XP.09","","Mon Nov 11 01:15:17 GMT 2024","passed","Mon Nov 11 01:15:17 GMT 2024","","BACKWARD-CHAINING","BACKWARD-CHAINING",""
"","3","STATE-TYPES.01","","Mon Nov 11 01:57:07 GMT 2024","passed","Mon Nov 11 01:57:07 GMT 2024","","BASIC","BASIC",""
"","1546","SYNTHESIZE-VIA-CASE-TEST.11","","Mon Nov 11 01:26:05 GMT 2024","failed","Mon Nov 11 01:26:06 GMT 2024","","EXPERIMENTS","EXPERIMENTS",""
"","9","D2-HIGHERFUNC.20","","Mon Nov 11 00:35:17 GMT 2024","passed","Mon Nov 11 00:35:17 GMT 2024","","HYPERON-EXPERIMENTAL-SCRIPTS","HYPERON-EXPERIMENTAL-SCRIPTS",""
"","2","KB-WRITE.03","","Mon Nov 11 00:53:03 GMT 2024","passed","Mon Nov 11 00:53:03 GMT 2024","","STD","STD",""
"","4000","hyperon-mettalog_sanity.subtraction_test","","Mon Nov 11 00:35:13 GMT 2024","passed","Mon Nov 11 00:35:17 GMT 2024","","WHOLE-TESTS","WHOLE-TESTS",""
"","3","FORWARD-CHAINER-XP.23","","Mon Nov 11 01:17:59 GMT 2024","passed","Mon Nov 11 01:17:59 GMT 2024","","FORWARD-CHAINER","FORWARD-CHAINER",""
"","43000","inference-control.inf-ctl-month-bc-cont-xp","","Mon Nov 11 00:35:13 GMT 2024","failed","Mon Nov 11 00:35:56 GMT 2024","","WHOLE-TESTS","WHOLE-TESTS",""
"","86","STATE-TYPES.08","","Mon Nov 11 01:57:07 GMT 2024","failed","Mon Nov 11 01:57:07 GMT 2024","","BASIC","BASIC",""
"","2","LISTTEST.02","","Mon Nov 11 01:15:27 GMT 2024","passed","Mon Nov 11 01:15:27 GMT 2024","","COMMON","COMMON",""
"","2","IBC-XP.20","","Mon Nov 11 01:21:29 GMT 2024","passed","Mon Nov 11 01:21:29 GMT 2024","","ITERATIVE-CHAINING","ITERATIVE-CHAINING",""
"","3","XOR-TEST.01","","Mon Nov 11 00:36:54 GMT 2024","passed","Mon Nov 11 00:36:54 GMT 2024","","HYPERON-METTALOG-SANITY","HYPERON-METTALOG-SANITY",""
"","2","BC-XP.12","","Mon Nov 11 01:15:17 GMT 2024","passed","Mon Nov 11 01:15:17 GMT 2024","","BACKWARD-CHAINING","BACKWARD-CHAINING",""
"","100","ADD-ATOM-NAIVE-FIB.10","","Mon Nov 11 02:03:27 GMT 2024","passed","Mon Nov 11 02:03:27 GMT 2024","","COMPARISONS","COMPARISONS",""
"","153","NALIFIER-PREV.01","","Mon Nov 11 00:45:32 GMT 2024","passed","Mon Nov 11 00:45:32 GMT 2024","","MAIN-BRANCH","MAIN-BRANCH",""
"","4000","metta_to_amr.user","","Mon Nov 11 00:35:13 GMT 2024","passed","Mon Nov 11 00:35:17 GMT 2024","","WHOLE-TESTS","WHOLE-TESTS",""
"","4","UNIQUE-TEST.10","","Mon Nov 11 00:36:54 GMT 2024","passed","Mon Nov 11 00:36:54 GMT 2024","","HYPERON-METTALOG-SANITY","HYPERON-METTALOG-SANITY",""
"","2","BC-XP.25","","Mon Nov 11 01:15:17 GMT 2024","passed","Mon Nov 11 01:15:17 GMT 2024","","BACKWARD-CHAINING","BACKWARD-CHAINING",""
"","2","ADD-REMOVE-MATCH-S-STRINGS.10","","Mon Nov 11 00:52:21 GMT 2024","passed","Mon Nov 11 00:52:21 GMT 2024","","SPACES","SPACES",""
"","2","IMPL-METTALOGTESTCURRIED.04","","Mon Nov 11 01:48:29 GMT 2024","passed","Mon Nov 11 01:48:29 GMT 2024","","WALK-THRU","WALK-THRU",""
"","2","00-LANG-CASE.16","","Mon Nov 11 00:36:54 GMT 2024","passed","Mon Nov 11 00:36:54 GMT 2024","","HYPERON-METTALOG-SANITY","HYPERON-METTALOG-SANITY",""
"","325","SYNTHESIZE-VIA-CASE-TEST.07","","Mon Nov 11 01:26:05 GMT 2024","failed","Mon Nov 11 01:26:05 GMT 2024","","EXPERIMENTS","EXPERIMENTS",""
"","60","D5-AUTO-TYPES.01","","Mon Nov 11 00:35:17 GMT 2024","failed","Mon Nov 11 00:35:17 GMT 2024","","HYPERON-EXPERIMENTAL-SCRIPTS","HYPERON-EXPERIMENTAL-SCRIPTS",""
"","66","F1-IMPORTS.17","","Mon Nov 11 00:35:08 GMT 2024","passed","Mon Nov 11 00:35:08 GMT 2024","","MODULE-SYSTEM","MODULE-SYSTEM",""
"","43000","synth_buffer.time_synthesize_long","","Mon Nov 11 00:35:13 GMT 2024","failed","Mon Nov 11 00:35:56 GMT 2024","","WHOLE-TESTS","WHOLE-TESTS",""
"","273","SYNTHESIZE-VIA-LET-TEST.03","","Mon Nov 11 01:26:05 GMT 2024","failed","Mon Nov 11 01:26:05 GMT 2024","","EXPERIMENTS","EXPERIMENTS",""
"","4","FORWARD-CHAINER-XP.29","","Mon Nov 11 01:17:59 GMT 2024","passed","Mon Nov 11 01:17:59 GMT 2024","","FORWARD-CHAINER","FORWARD-CHAINER",""
"","2","B5-TYPES-PRELIM.05","","Mon Nov 11 01:11:03 GMT 2024","passed","Mon Nov 11 01:11:03 GMT 2024","","CHECK-TYPES-TEMP","CHECK-TYPES-TEMP",""
"","3","CHAPTER-2-2.01","","Mon Nov 11 00:54:37 GMT 2024","passed","Mon Nov 11 00:54:37 GMT 2024","","SICP-BOOK","SICP-BOOK",""
"","111","BASE-TEST-REPR-PARSE-INTERSECTION.01","","Mon Nov 11 00:36:54 GMT 2024","passed","Mon Nov 11 00:36:54 GMT 2024","","HYPERON-METTALOG-SANITY","HYPERON-METTALOG-SANITY",""
"","2","METTALOGTESTCURRIED2.05","","Mon Nov 11 01:48:29 GMT 2024","passed","Mon Nov 11 01:48:29 GMT 2024","","WALK-THRU","WALK-THRU",""
"","6","C3-PLN-STV.02","","Mon Nov 11 00:35:17 GMT 2024","passed","Mon Nov 11 00:35:17 GMT 2024","","HYPERON-EXPERIMENTAL-SCRIPTS","HYPERON-EXPERIMENTAL-SCRIPTS",""
"","2","BACKWARD-CHAINER-XP.08","","Mon Nov 11 01:15:12 GMT 2024","passed","Mon Nov 11 01:15:12 GMT 2024","","BACKWARD-CHAINER","BACKWARD-CHAINER",""
"","3","BC-XP.14","","Mon Nov 11 01:15:17 GMT 2024","passed","Mon Nov 11 01:15:17 GMT 2024","","BACKWARD-CHAINING","BACKWARD-CHAINING",""
"","2","PC-XP.05","","Mon Nov 11 01:24:11 GMT 2024","passed","Mon Nov 11 01:24:11 GMT 2024","","POLYWARD-CHAINING","POLYWARD-CHAINING",""
"","2","TYPE-PROP.81","","Mon Nov 11 01:11:03 GMT 2024","passed","Mon Nov 11 01:11:03 GMT 2024","","CHECK-TYPES-TEMP","CHECK-TYPES-TEMP",""
"","2","PC-XP.08","","Mon Nov 11 01:24:11 GMT 2024","passed","Mon Nov 11 01:24:11 GMT 2024","","POLYWARD-CHAINING","POLYWARD-CHAINING",""
"","272","BASIC.02","","Mon Nov 11 01:08:23 GMT 2024","passed","Mon Nov 11 01:08:23 GMT 2024","","TRAVERSER","TRAVERSER",""
"","2","IBC-XP.23","","Mon Nov 11 01:21:29 GMT 2024","passed","Mon Nov 11 01:21:29 GMT 2024","","ITERATIVE-CHAINING","ITERATIVE-CHAINING",""
"","3","UNIQUE-TEST.07","","Mon Nov 11 00:36:54 GMT 2024","passed","Mon Nov 11 00:36:54 GMT 2024","","HYPERON-METTALOG-SANITY","HYPERON-METTALOG-SANITY",""
"","21","INF-CTL-MONTH-BC-XP.03","","Mon Nov 11 01:19:26 GMT 2024","failed","Mon Nov 11 01:19:26 GMT 2024","","INFERENCE-CONTROL","INFERENCE-CONTROL",""
"","2","STDLIB-METTALOG-TEST-PT2.41","","Mon Nov 11 00:54:28 GMT 2024","passed","Mon Nov 11 00:54:28 GMT 2024","","STDLIB-METTALOG","STDLIB-METTALOG",""
"","2","TYPE-PROP.46","","Mon Nov 11 01:11:03 GMT 2024","passed","Mon Nov 11 01:11:03 GMT 2024","","CHECK-TYPES-TEMP","CHECK-TYPES-TEMP",""
"","2","SYNTHESIZE-VIA-TYPE-CHECKING.01","","Mon Nov 11 01:26:05 GMT 2024","passed","Mon Nov 11 01:26:05 GMT 2024","","EXPERIMENTS","EXPERIMENTS",""
"","127","ADD-ATOM-NAIVE-FIB.05","","Mon Nov 11 02:03:27 GMT 2024","failed","Mon Nov 11 02:03:27 GMT 2024","","COMPARISONS","COMPARISONS",""
"","5000","located.located-test","","Mon Nov 11 00:35:13 GMT 2024","passed","Mon Nov 11 00:35:18 GMT 2024","","WHOLE-TESTS","WHOLE-TESTS",""
"","210","IFC-XP.24","","Mon Nov 11 01:21:29 GMT 2024","failed","Mon Nov 11 01:21:29 GMT 2024","","ITERATIVE-CHAINING","ITERATIVE-CHAINING",""
"","2","HYPERPOSE.10","","Mon Nov 11 00:40:49 GMT 2024","passed","Mon Nov 11 00:40:49 GMT 2024","","METTA-MORPH-TESTS","METTA-MORPH-TESTS",""
"","5000","quick.f1_imports","","Mon Nov 11 00:35:13 GMT 2024","passed","Mon Nov 11 00:35:18 GMT 2024","","WHOLE-TESTS","WHOLE-TESTS",""
"","14","D4-TYPE-PROP.03","","Mon Nov 11 00:45:05 GMT 2024","passed","Mon Nov 11 00:45:05 GMT 2024","","QUICK","QUICK",""
"","2","INF-CTL-MONTH-XP-SHORT-3.06","","Mon Nov 11 02:03:27 GMT 2024","passed","Mon Nov 11 02:03:27 GMT 2024","","COMPARISONS","COMPARISONS",""
"","291","NATSIMPLETEST.03","","Mon Nov 11 01:18:15 GMT 2024","failed","Mon Nov 11 01:18:15 GMT 2024","","HOL","HOL",""
"","3","INTERSECTION-TESTS.30","","Mon Nov 11 00:36:54 GMT 2024","passed","Mon Nov 11 00:36:54 GMT 2024","","HYPERON-METTALOG-SANITY","HYPERON-METTALOG-SANITY",""
"","3","STATE-TYPES.17","","Mon Nov 11 01:57:07 GMT 2024","passed","Mon Nov 11 01:57:07 GMT 2024","","BASIC","BASIC",""
"","194","SYNTHESIZE-VIA-UNIFY-TEST.04","","Mon Nov 11 01:26:05 GMT 2024","failed","Mon Nov 11 01:26:05 GMT 2024","","EXPERIMENTS","EXPERIMENTS",""
"","70","F1-IMPORTS.13","","Mon Nov 11 00:45:05 GMT 2024","failed","Mon Nov 11 00:45:05 GMT 2024","","QUICK","QUICK",""
"","2","BACKWARD-CHAINER-XP.39","","Mon Nov 11 01:15:12 GMT 2024","passed","Mon Nov 11 01:15:12 GMT 2024","","BACKWARD-CHAINER","BACKWARD-CHAINER",""
"","2","CHAPTER-1-1.05","","Mon Nov 11 00:54:37 GMT 2024","passed","Mon Nov 11 00:54:37 GMT 2024","","SICP-BOOK","SICP-BOOK",""
"","3","STDLIB-METTALOG-TEST-PT2.56","","Mon Nov 11 00:54:28 GMT 2024","passed","Mon Nov 11 00:54:28 GMT 2024","","STDLIB-METTALOG","STDLIB-METTALOG",""
"","2","ADD-REMOVE-MATCH-INTEGER.02","","Mon Nov 11 00:52:21 GMT 2024","passed","Mon Nov 11 00:52:21 GMT 2024","","SPACES","SPACES",""
"","2","F1-MODULEA.01","","Mon Nov 11 00:35:17 GMT 2024","passed","Mon Nov 11 00:35:17 GMT 2024","","HYPERON-EXPERIMENTAL-SCRIPTS","HYPERON-EXPERIMENTAL-SCRIPTS",""
"","1","KEY-LOOKUPS-MANY.10","","Mon Nov 11 01:57:07 GMT 2024","passed","Mon Nov 11 01:57:07 GMT 2024","","BASIC","BASIC",""
"","2","B5-TYPES-PRELIM.26","","Mon Nov 11 00:35:17 GMT 2024","passed","Mon Nov 11 00:35:17 GMT 2024","","HYPERON-EXPERIMENTAL-SCRIPTS","HYPERON-EXPERIMENTAL-SCRIPTS",""
"","102","PREREQS.07","","Mon Nov 11 00:45:32 GMT 2024","failed","Mon Nov 11 00:45:32 GMT 2024","","MAIN-BRANCH","MAIN-BRANCH",""
"","2","IMPL-METTALOGTESTCURRIED.10","","Mon Nov 11 01:48:29 GMT 2024","passed","Mon Nov 11 01:48:29 GMT 2024","","WALK-THRU","WALK-THRU",""
"","109","UNWEIGHTED-PLLM.06","","Mon Nov 11 02:09:38 GMT 2024","failed","Mon Nov 11 02:09:38 GMT 2024","","LANGUAGE-MODELS","LANGUAGE-MODELS",""
"","131","TESTS0.01","","Mon Nov 11 00:40:49 GMT 2024","passed","Mon Nov 11 00:40:49 GMT 2024","","METTA-MORPH-TESTS","METTA-MORPH-TESTS",""
"","5000","basic.hyperposing","","Mon Nov 11 00:35:13 GMT 2024","passed","Mon Nov 11 00:35:18 GMT 2024","","WHOLE-TESTS","WHOLE-TESTS",""
"","9","STDLIB-METTALOG-TEST-PT2.14","","Mon Nov 11 00:54:28 GMT 2024","passed","Mon Nov 11 00:54:28 GMT 2024","","STDLIB-METTALOG","STDLIB-METTALOG",""
"","4","IFC-XP.41","","Mon Nov 11 01:21:29 GMT 2024","passed","Mon Nov 11 01:21:29 GMT 2024","","ITERATIVE-CHAINING","ITERATIVE-CHAINING",""
"","3","CHAPTER-2-4.04","","Mon Nov 11 00:54:37 GMT 2024","passed","Mon Nov 11 00:54:37 GMT 2024","","SICP-BOOK","SICP-BOOK",""
"","2","INTERSECTION-TESTS.16","","Mon Nov 11 00:36:54 GMT 2024","passed","Mon Nov 11 00:36:54 GMT 2024","","HYPERON-METTALOG-SANITY","HYPERON-METTALOG-SANITY",""
"","2","QUERIES.04","","Mon Nov 11 01:07:42 GMT 2024","passed","Mon Nov 11 01:07:42 GMT 2024","","STRIPS-TO-METTA-IMPROVED","STRIPS-TO-METTA-IMPROVED",""
"","5000","common.NumTest","","Mon Nov 11 00:35:13 GMT 2024","passed","Mon Nov 11 00:35:18 GMT 2024","","WHOLE-TESTS","WHOLE-TESTS",""
"","2","TEST-IF-CLOSED.05","","Mon Nov 11 01:48:29 GMT 2024","passed","Mon Nov 11 01:48:29 GMT 2024","","WALK-THRU","WALK-THRU",""
"","3","TESTS0.05","","Mon Nov 11 01:43:08 GMT 2024","passed","Mon Nov 11 01:43:08 GMT 2024","","PREV","PREV",""
"","3","TMPMATCH1.02","","Mon Nov 11 01:48:29 GMT 2024","passed","Mon Nov 11 01:48:29 GMT 2024","","WALK-THRU","WALK-THRU",""
"","2","C2-SPACES.05","","Mon Nov 11 00:35:17 GMT 2024","passed","Mon Nov 11 00:35:17 GMT 2024","","HYPERON-EXPERIMENTAL-SCRIPTS","HYPERON-EXPERIMENTAL-SCRIPTS",""
"","2","APPEND-USING-EQUALITY.05","","Mon Nov 11 01:54:48 GMT 2024","passed","Mon Nov 11 01:54:48 GMT 2024","","MULTIDIRECTIONAL","MULTIDIRECTIONAL",""
"","8000","bigram-sentence-evaluator.trigramModel","","Mon Nov 11 00:35:13 GMT 2024","passed","Mon Nov 11 00:35:21 GMT 2024","","WHOLE-TESTS","WHOLE-TESTS",""
"","3","INTERSECTION-TESTS.11","","Mon Nov 11 00:36:54 GMT 2024","passed","Mon Nov 11 00:36:54 GMT 2024","","HYPERON-METTALOG-SANITY","HYPERON-METTALOG-SANITY",""
"","10","05-MATCH-SUPERPOSE-ELEMENT-LIKE-SPACE.02","","Mon Nov 11 01:51:41 GMT 2024","failed","Mon Nov 11 01:51:41 GMT 2024","","CONTAINERS-ARE-SPACES","CONTAINERS-ARE-SPACES",""
"","2","BACKWARD-CHAIN.03","","Mon Nov 11 00:50:03 GMT 2024","passed","Mon Nov 11 00:50:03 GMT 2024","","CHAINING","CHAINING",""
"","2","ADD-ATOM-NAIVE-FIB.06","","Mon Nov 11 02:03:27 GMT 2024","passed","Mon Nov 11 02:03:27 GMT 2024","","COMPARISONS","COMPARISONS",""
"","2","STDLIB-METTALOG-TEST-PT2.30","","Mon Nov 11 00:54:28 GMT 2024","passed","Mon Nov 11 00:54:28 GMT 2024","","STDLIB-METTALOG","STDLIB-METTALOG",""
"","2","D2-HIGHERFUNC.05","","Mon Nov 11 00:35:17 GMT 2024","passed","Mon Nov 11 00:35:17 GMT 2024","","HYPERON-EXPERIMENTAL-SCRIPTS","HYPERON-EXPERIMENTAL-SCRIPTS",""
"","3","V2-PLN-XP-SYS-IMPL.01","","Mon Nov 11 00:50:03 GMT 2024","passed","Mon Nov 11 00:50:03 GMT 2024","","CHAINING","CHAINING",""
"","146","SPACE-INTERSECTION-TESTS.07","","Mon Nov 11 00:36:54 GMT 2024","failed","Mon Nov 11 00:36:54 GMT 2024","","HYPERON-METTALOG-SANITY","HYPERON-METTALOG-SANITY",""
"","2","F1-MODULEA.02","","Mon Nov 11 00:45:05 GMT 2024","passed","Mon Nov 11 00:45:05 GMT 2024","","QUICK","QUICK",""
"","6000","dependent-types.DeductionDTLTest","","Mon Nov 11 00:35:13 GMT 2024","passed","Mon Nov 11 00:35:19 GMT 2024","","WHOLE-TESTS","WHOLE-TESTS",""
"","86","STDLIB-METTALOG-TEST-PT2.17","","Mon Nov 11 00:54:28 GMT 2024","failed","Mon Nov 11 00:54:28 GMT 2024","","STDLIB-METTALOG","STDLIB-METTALOG",""
"","6000","bigram-sentence-evaluator.unigrams","","Mon Nov 11 00:35:13 GMT 2024","passed","Mon Nov 11 00:35:19 GMT 2024","","WHOLE-TESTS","WHOLE-TESTS",""
"","4","OR-TEST.14","","Mon Nov 11 00:36:54 GMT 2024","passed","Mon Nov 11 00:36:54 GMT 2024","","HYPERON-METTALOG-SANITY","HYPERON-METTALOG-SANITY",""
"","23449","TIME-SYNTHESIZE-SHORT.02","","Mon Nov 11 00:38:41 GMT 2024","passed","Mon Nov 11 00:39:04 GMT 2024","","SYNTH-BUFFER","SYNTH-BUFFER",""
"","1","CHAPTER-1-2.03","","Mon Nov 11 00:54:37 GMT 2024","passed","Mon Nov 11 00:54:37 GMT 2024","","SICP-BOOK","SICP-BOOK",""
"","5000","transpiler.peano","","Mon Nov 11 00:35:13 GMT 2024","passed","Mon Nov 11 00:35:18 GMT 2024","","WHOLE-TESTS","WHOLE-TESTS",""
"","8","D1-GADT.13","","Mon Nov 11 01:11:24 GMT 2024","passed","Mon Nov 11 01:11:24 GMT 2024","","CHECK-TYPES","CHECK-TYPES",""
"","1","KEY-LOOKUPS-MANY.02","","Mon Nov 11 01:57:07 GMT 2024","passed","Mon Nov 11 01:57:07 GMT 2024","","BASIC","BASIC",""
"","3","BCHAIN.06","","Mon Nov 11 01:48:29 GMT 2024","passed","Mon Nov 11 01:48:29 GMT 2024","","WALK-THRU","WALK-THRU",""
"","4000","ai-service.ai-service-composition-sanity","","Mon Nov 11 00:35:13 GMT 2024","passed","Mon Nov 11 00:35:17 GMT 2024","","WHOLE-TESTS","WHOLE-TESTS",""
"","2","IBC-XP.31","","Mon Nov 11 01:21:29 GMT 2024","passed","Mon Nov 11 01:21:29 GMT 2024","","ITERATIVE-CHAINING","ITERATIVE-CHAINING",""
"","2","FORWARD-CHAINER-XP.22","","Mon Nov 11 01:17:59 GMT 2024","passed","Mon Nov 11 01:17:59 GMT 2024","","FORWARD-CHAINER","FORWARD-CHAINER",""
"","1","STDLIB-METTALOG-TEST-PT2.42","","Mon Nov 11 00:54:28 GMT 2024","passed","Mon Nov 11 00:54:28 GMT 2024","","STDLIB-METTALOG","STDLIB-METTALOG",""
"","6","HYPERON-EXPERIMENTAL-ISSUE-516.01","","Mon Nov 11 01:51:45 GMT 2024","passed","Mon Nov 11 01:51:45 GMT 2024","","DEBUGGING","DEBUGGING",""
"","4000","bidirectional_computation.reverse-arithmetic","","Mon Nov 11 00:35:13 GMT 2024","passed","Mon Nov 11 00:35:17 GMT 2024","","WHOLE-TESTS","WHOLE-TESTS",""
"","2","BACKWARD-CHAINER-XP.44","","Mon Nov 11 01:15:12 GMT 2024","passed","Mon Nov 11 01:15:12 GMT 2024","","BACKWARD-CHAINER","BACKWARD-CHAINER",""
"","48","FC-XP.05","","Mon Nov 11 01:18:10 GMT 2024","failed","Mon Nov 11 01:18:10 GMT 2024","","FORWARD-CHAINING","FORWARD-CHAINING",""
"","2","LTE.05","","Mon Nov 11 00:53:03 GMT 2024","passed","Mon Nov 11 00:53:03 GMT 2024","","STD","STD",""
"","2","FORWARD-CHAINER-XP.17","","Mon Nov 11 01:17:59 GMT 2024","passed","Mon Nov 11 01:17:59 GMT 2024","","FORWARD-CHAINER","FORWARD-CHAINER",""
"","43","FORWARD-CHAINER-TEST.13","","Mon Nov 11 01:17:59 GMT 2024","failed","Mon Nov 11 01:17:59 GMT 2024","","FORWARD-CHAINER","FORWARD-CHAINER",""
"","40000","SICP_book.chapter_1_3_2","","Mon Nov 11 00:35:13 GMT 2024","failed","Mon Nov 11 00:35:53 GMT 2024","","WHOLE-TESTS","WHOLE-TESTS",""
"","2","F1-IMPORTS.20","","Mon Nov 11 00:35:17 GMT 2024","passed","Mon Nov 11 00:35:17 GMT 2024","","HYPERON-EXPERIMENTAL-SCRIPTS","HYPERON-EXPERIMENTAL-SCRIPTS",""
"","2","TYPES.01","","Mon Nov 11 00:40:49 GMT 2024","passed","Mon Nov 11 00:40:49 GMT 2024","","METTA-MORPH-TESTS","METTA-MORPH-TESTS",""
"","2","B5-TYPES-PRELIM.07","","Mon Nov 11 00:35:17 GMT 2024","passed","Mon Nov 11 00:35:17 GMT 2024","","HYPERON-EXPERIMENTAL-SCRIPTS","HYPERON-EXPERIMENTAL-SCRIPTS",""
"","102","TRUTHVALUETEST.09","","Mon Nov 11 01:15:55 GMT 2024","passed","Mon Nov 11 01:15:55 GMT 2024","","TRUTHVALUE","TRUTHVALUE",""
"","4000","basic.pathfinding-hard-f","","Mon Nov 11 00:35:13 GMT 2024","passed","Mon Nov 11 00:35:17 GMT 2024","","WHOLE-TESTS","WHOLE-TESTS",""
"","352","APPEND-USING-EQUALITY.03","","Mon Nov 11 01:54:48 GMT 2024","failed","Mon Nov 11 01:54:48 GMT 2024","","MULTIDIRECTIONAL","MULTIDIRECTIONAL",""
"","2","D4-TYPE-PROP.13","","Mon Nov 11 01:11:24 GMT 2024","passed","Mon Nov 11 01:11:24 GMT 2024","","CHECK-TYPES","CHECK-TYPES",""
"","2","IBC-XP.02","","Mon Nov 11 01:21:29 GMT 2024","passed","Mon Nov 11 01:21:29 GMT 2024","","ITERATIVE-CHAINING","ITERATIVE-CHAINING",""
"","100","ADD-REMOVE-MATCH-STRINGS.03","","Mon Nov 11 00:52:21 GMT 2024","failed","Mon Nov 11 00:52:21 GMT 2024","","SPACES","SPACES",""
"","4","INTERSECTION-TESTS.18","","Mon Nov 11 00:36:54 GMT 2024","passed","Mon Nov 11 00:36:54 GMT 2024","","HYPERON-METTALOG-SANITY","HYPERON-METTALOG-SANITY",""
"","2","INF-CTL-MONTH-XP.02","","Mon Nov 11 01:19:26 GMT 2024","passed","Mon Nov 11 01:19:26 GMT 2024","","INFERENCE-CONTROL","INFERENCE-CONTROL",""
"","2","TYPE-PROP.09","","Mon Nov 11 00:50:03 GMT 2024","passed","Mon Nov 11 00:50:03 GMT 2024","","CHAINING","CHAINING",""
"","3","LISTTEST.09","","Mon Nov 11 01:15:27 GMT 2024","passed","Mon Nov 11 01:15:27 GMT 2024","","COMMON","COMMON",""
"","2","SPACE-INTERSECTION-TESTS.20","","Mon Nov 11 00:36:54 GMT 2024","passed","Mon Nov 11 00:36:54 GMT 2024","","HYPERON-METTALOG-SANITY","HYPERON-METTALOG-SANITY",""
"","244","NATSIMPLETEST.02","","Mon Nov 11 01:18:15 GMT 2024","failed","Mon Nov 11 01:18:15 GMT 2024","","HOL","HOL",""
"","923","BC-IMPL.02","","Mon Nov 11 01:48:29 GMT 2024","passed","Mon Nov 11 01:48:29 GMT 2024","","WALK-THRU","WALK-THRU",""
"","199","USE-TWO-SERVERS.01","","Mon Nov 11 01:52:52 GMT 2024","failed","Mon Nov 11 01:52:52 GMT 2024","","DISTRIBUTED-PROCESSING","DISTRIBUTED-PROCESSING",""
"","4000","hol.NatDTLTest","","Mon Nov 11 00:35:13 GMT 2024","passed","Mon Nov 11 00:35:17 GMT 2024","","WHOLE-TESTS","WHOLE-TESTS",""
"","4000","comparisons.inf-ctl-month-xp-short_1","","Mon Nov 11 00:35:13 GMT 2024","passed","Mon Nov 11 00:35:17 GMT 2024","","WHOLE-TESTS","WHOLE-TESTS",""
"","4000","std.gadt","","Mon Nov 11 00:35:13 GMT 2024","passed","Mon Nov 11 00:35:17 GMT 2024","","WHOLE-TESTS","WHOLE-TESTS",""
"","2","CHAPTER-2-4.02","","Mon Nov 11 00:54:37 GMT 2024","passed","Mon Nov 11 00:54:37 GMT 2024","","SICP-BOOK","SICP-BOOK",""
"","90","INTERSECTION-TESTS.28","","Mon Nov 11 00:36:54 GMT 2024","failed","Mon Nov 11 00:36:54 GMT 2024","","HYPERON-METTALOG-SANITY","HYPERON-METTALOG-SANITY",""
"","11","STDLIB-METTALOG-TEST-PT2.05","","Mon Nov 11 00:54:28 GMT 2024","failed","Mon Nov 11 00:54:28 GMT 2024","","STDLIB-METTALOG","STDLIB-METTALOG",""
"","2","CHAPTER-1-1.04","","Mon Nov 11 00:54:37 GMT 2024","passed","Mon Nov 11 00:54:37 GMT 2024","","SICP-BOOK","SICP-BOOK",""
"","2","ADD-REMOVE-MATCH-SYMBOLS.02","","Mon Nov 11 00:52:21 GMT 2024","passed","Mon Nov 11 00:52:21 GMT 2024","","SPACES","SPACES",""
"","2","LTE.03","","Mon Nov 11 00:53:03 GMT 2024","passed","Mon Nov 11 00:53:03 GMT 2024","","STD","STD",""
"","5000","introspect.exam-spaces","","Mon Nov 11 00:35:13 GMT 2024","passed","Mon Nov 11 00:35:18 GMT 2024","","WHOLE-TESTS","WHOLE-TESTS",""
"","2","BASE-TEST-REPR-PARSE-INTERSECTION.03","","Mon Nov 11 00:36:54 GMT 2024","passed","Mon Nov 11 00:36:54 GMT 2024","","HYPERON-METTALOG-SANITY","HYPERON-METTALOG-SANITY",""
"","3","INF-CTL-XP.18","","Mon Nov 11 01:19:26 GMT 2024","passed","Mon Nov 11 01:19:26 GMT 2024","","INFERENCE-CONTROL","INFERENCE-CONTROL",""
"","2","ADD-REMOVE-MATCH-MIX-FLOAT-INTEGER.07","","Mon Nov 11 00:52:21 GMT 2024","passed","Mon Nov 11 00:52:21 GMT 2024","","SPACES","SPACES",""
"","2","ADD-REMOVE-MATCH-MIX-FLOAT-INTEGER.13","","Mon Nov 11 00:52:21 GMT 2024","passed","Mon Nov 11 00:52:21 GMT 2024","","SPACES","SPACES",""
"","2","B5-TYPES-PRELIM.19","","Mon Nov 11 00:35:17 GMT 2024","passed","Mon Nov 11 00:35:17 GMT 2024","","HYPERON-EXPERIMENTAL-SCRIPTS","HYPERON-EXPERIMENTAL-SCRIPTS",""
"","116","TOO-EAGER-MATH.02","","Mon Nov 11 01:56:06 GMT 2024","passed","Mon Nov 11 01:56:06 GMT 2024","","POSSIBLY-WRONG","POSSIBLY-WRONG",""
"","1","HYPERPOSING.08","","Mon Nov 11 01:57:07 GMT 2024","passed","Mon Nov 11 01:57:07 GMT 2024","","BASIC","BASIC",""
"","13","00-LANG-CASE.12","","Mon Nov 11 00:36:54 GMT 2024","passed","Mon Nov 11 00:36:54 GMT 2024","","HYPERON-METTALOG-SANITY","HYPERON-METTALOG-SANITY",""
"","2","STDLIB-METTALOG-TEST-PT2.29","","Mon Nov 11 00:54:28 GMT 2024","passed","Mon Nov 11 00:54:28 GMT 2024","","STDLIB-METTALOG","STDLIB-METTALOG",""
"","3","STDLIB-METTALOG-TEST-PT2.67","","Mon Nov 11 00:54:28 GMT 2024","passed","Mon Nov 11 00:54:28 GMT 2024","","STDLIB-METTALOG","STDLIB-METTALOG",""
"","9","TEST-INFER-FUNCTION-APPLICATION-TYPE.12","","Mon Nov 11 01:57:07 GMT 2024","failed","Mon Nov 11 01:57:07 GMT 2024","","BASIC","BASIC",""
"","66","ADD-REMOVE-MATCH-INTEGER.28","","Mon Nov 11 00:52:21 GMT 2024","passed","Mon Nov 11 00:52:21 GMT 2024","","SPACES","SPACES",""
"","5000","hyperon-experimental_scripts.b4_nondeterm","","Mon Nov 11 00:35:13 GMT 2024","passed","Mon Nov 11 00:35:18 GMT 2024","","WHOLE-TESTS","WHOLE-TESTS",""
"","85","00-LANG-CASE.08","","Mon Nov 11 00:36:54 GMT 2024","passed","Mon Nov 11 00:36:54 GMT 2024","","HYPERON-METTALOG-SANITY","HYPERON-METTALOG-SANITY",""
"","2","AI-SERVICE-COMPOSITION-EASY.05","","Mon Nov 11 01:08:34 GMT 2024","passed","Mon Nov 11 01:08:34 GMT 2024","","AI-SERVICE","AI-SERVICE",""
"","2","ADD-REMOVE-MATCH-MIX-FLOAT-INTEGER.10","","Mon Nov 11 00:52:21 GMT 2024","passed","Mon Nov 11 00:52:21 GMT 2024","","SPACES","SPACES",""
"","82","INF-CTL-MONTH-XP-SHORT-1.02","","Mon Nov 11 02:03:27 GMT 2024","failed","Mon Nov 11 02:03:27 GMT 2024","","COMPARISONS","COMPARISONS",""
"","1","CHAPTER-1-1.10","","Mon Nov 11 00:54:37 GMT 2024","passed","Mon Nov 11 00:54:37 GMT 2024","","SICP-BOOK","SICP-BOOK",""
"","1","CHAPTER-1-1.20","","Mon Nov 11 00:54:37 GMT 2024","passed","Mon Nov 11 00:54:37 GMT 2024","","SICP-BOOK","SICP-BOOK",""
"","2","D2-HIGHERFUNC.10","","Mon Nov 11 00:45:05 GMT 2024","passed","Mon Nov 11 00:45:05 GMT 2024","","QUICK","QUICK",""
"","24108","SYNTHESIZE.01","","Mon Nov 11 00:38:41 GMT 2024","passed","Mon Nov 11 00:39:05 GMT 2024","","SYNTH-BUFFER","SYNTH-BUFFER",""
"","2","TESTS4.05","","Mon Nov 11 00:45:32 GMT 2024","passed","Mon Nov 11 00:45:32 GMT 2024","","MAIN-BRANCH","MAIN-BRANCH",""
"","1245","SYNTHESIZE-VIA-LET-TEST.08","","Mon Nov 11 01:26:05 GMT 2024","failed","Mon Nov 11 01:26:06 GMT 2024","","EXPERIMENTS","EXPERIMENTS",""
"","2","DEDUCTIONFORMULATEST.10","","Mon Nov 11 01:15:51 GMT 2024","passed","Mon Nov 11 01:15:51 GMT 2024","","FORMULA","FORMULA",""
"","4","TESTS0.04","","Mon Nov 11 01:43:08 GMT 2024","passed","Mon Nov 11 01:43:08 GMT 2024","","PREV","PREV",""
"","2","UNIFY-VIA-LET.03","","Mon Nov 11 01:26:05 GMT 2024","passed","Mon Nov 11 01:26:05 GMT 2024","","EXPERIMENTS","EXPERIMENTS",""
"","2","STDLIB-METTALOG-TEST-PT2.55","","Mon Nov 11 00:54:28 GMT 2024","passed","Mon Nov 11 00:54:28 GMT 2024","","STDLIB-METTALOG","STDLIB-METTALOG",""
"","1","ADD-REMOVE-MATCH-MIX-FLOAT-INTEGER.15","","Mon Nov 11 00:52:21 GMT 2024","passed","Mon Nov 11 00:52:21 GMT 2024","","SPACES","SPACES",""
"","50","E3-MATCH-STATES.03","","Mon Nov 11 00:35:17 GMT 2024","failed","Mon Nov 11 00:35:17 GMT 2024","","HYPERON-EXPERIMENTAL-SCRIPTS","HYPERON-EXPERIMENTAL-SCRIPTS",""
"","2","BC-XP.02","","Mon Nov 11 00:50:03 GMT 2024","passed","Mon Nov 11 00:50:03 GMT 2024","","CHAINING","CHAINING",""
"","2","B0-CHAINING-PRELIM.05","","Mon Nov 11 00:35:17 GMT 2024","passed","Mon Nov 11 00:35:17 GMT 2024","","HYPERON-EXPERIMENTAL-SCRIPTS","HYPERON-EXPERIMENTAL-SCRIPTS",""
"","3","BCHAIN-COMP.04","","Mon Nov 11 01:48:29 GMT 2024","passed","Mon Nov 11 01:48:29 GMT 2024","","WALK-THRU","WALK-THRU",""
"","3","BACKWARD-CHAINER-XP.23","","Mon Nov 11 01:15:12 GMT 2024","passed","Mon Nov 11 01:15:12 GMT 2024","","BACKWARD-CHAINER","BACKWARD-CHAINER",""
"","14","CHAPTER-2-4.18","","Mon Nov 11 00:54:37 GMT 2024","failed","Mon Nov 11 00:54:37 GMT 2024","","SICP-BOOK","SICP-BOOK",""
"","1","CHAPTER-1-1.12","","Mon Nov 11 00:54:37 GMT 2024","passed","Mon Nov 11 00:54:37 GMT 2024","","SICP-BOOK","SICP-BOOK",""
"","58","APPEND-USING-EQUALITY.04","","Mon Nov 11 01:54:48 GMT 2024","failed","Mon Nov 11 01:54:48 GMT 2024","","MULTIDIRECTIONAL","MULTIDIRECTIONAL",""
"","7","CHAPTER-1-3.05","","Mon Nov 11 00:54:37 GMT 2024","passed","Mon Nov 11 00:54:37 GMT 2024","","SICP-BOOK","SICP-BOOK",""
"","2","D1-GADT.12","","Mon Nov 11 01:11:24 GMT 2024","passed","Mon Nov 11 01:11:24 GMT 2024","","CHECK-TYPES","CHECK-TYPES",""
"","3","06-MATCH-IN-SPACE.01","","Mon Nov 11 00:36:54 GMT 2024","passed","Mon Nov 11 00:36:54 GMT 2024","","HYPERON-METTALOG-SANITY","HYPERON-METTALOG-SANITY",""
"","4000","comparisons.add-atom-naive-fib","","Mon Nov 11 00:35:13 GMT 2024","passed","Mon Nov 11 00:35:17 GMT 2024","","WHOLE-TESTS","WHOLE-TESTS",""
"","12","JOHN-CARRY-FLOWER-TEST.01","","Mon Nov 11 01:24:57 GMT 2024","passed","Mon Nov 11 01:24:57 GMT 2024","","JOHN-CARRY-FLOWER","JOHN-CARRY-FLOWER",""
"","2","TYPE-PROP.70","","Mon Nov 11 01:11:03 GMT 2024","passed","Mon Nov 11 01:11:03 GMT 2024","","CHECK-TYPES-TEMP","CHECK-TYPES-TEMP",""
"","2","FORWARD-CHAINER-XP.24","","Mon Nov 11 01:17:59 GMT 2024","passed","Mon Nov 11 01:17:59 GMT 2024","","FORWARD-CHAINER","FORWARD-CHAINER",""
"","271","INF-CTL-XP.09","","Mon Nov 11 01:19:26 GMT 2024","passed","Mon Nov 11 01:19:26 GMT 2024","","INFERENCE-CONTROL","INFERENCE-CONTROL",""
"","3","ORDEREDSETTEST.08","","Mon Nov 11 01:15:27 GMT 2024","passed","Mon Nov 11 01:15:27 GMT 2024","","COMMON","COMMON",""
"","2","QUERIES.05","","Mon Nov 11 01:07:42 GMT 2024","passed","Mon Nov 11 01:07:42 GMT 2024","","STRIPS-TO-METTA-IMPROVED","STRIPS-TO-METTA-IMPROVED",""
"","22","KB-WRITE.01","","Mon Nov 11 00:53:03 GMT 2024","failed","Mon Nov 11 00:53:03 GMT 2024","","STD","STD",""
"","1","UNIFY-VIA-CASE.06","","Mon Nov 11 01:26:05 GMT 2024","passed","Mon Nov 11 01:26:05 GMT 2024","","EXPERIMENTS","EXPERIMENTS",""
"","1","BC-XP.07","","Mon Nov 11 01:15:17 GMT 2024","passed","Mon Nov 11 01:15:17 GMT 2024","","BACKWARD-CHAINING","BACKWARD-CHAINING",""
"","2","HYPERPOSING-UNSHARED.02","","Mon Nov 11 01:57:07 GMT 2024","passed","Mon Nov 11 01:57:07 GMT 2024","","BASIC","BASIC",""
"","266","SYNTHESIZE-VIA-CASE-TEST.03","","Mon Nov 11 01:26:05 GMT 2024","failed","Mon Nov 11 01:26:05 GMT 2024","","EXPERIMENTS","EXPERIMENTS",""
"","2","QUERIES.14","","Mon Nov 11 01:07:42 GMT 2024","passed","Mon Nov 11 01:07:42 GMT 2024","","STRIPS-TO-METTA-IMPROVED","STRIPS-TO-METTA-IMPROVED",""
"","106","STDLIB-METTALOG-TEST-PT2.37","","Mon Nov 11 00:54:28 GMT 2024","failed","Mon Nov 11 00:54:28 GMT 2024","","STDLIB-METTALOG","STDLIB-METTALOG",""
"","2","D1-GADT.07","","Mon Nov 11 00:45:05 GMT 2024","passed","Mon Nov 11 00:45:05 GMT 2024","","QUICK","QUICK",""
"","302","NATSTANDALONETEST.13","","Mon Nov 11 01:18:15 GMT 2024","failed","Mon Nov 11 01:18:15 GMT 2024","","HOL","HOL",""
"","3","D2-HIGHERFUNC.01","","Mon Nov 11 00:45:05 GMT 2024","passed","Mon Nov 11 00:45:05 GMT 2024","","QUICK","QUICK",""
"","2","PREREQS.05","","Mon Nov 11 00:45:32 GMT 2024","passed","Mon Nov 11 00:45:32 GMT 2024","","MAIN-BRANCH","MAIN-BRANCH",""
"","3","FORWARD-CHAINER-XP.04","","Mon Nov 11 01:17:59 GMT 2024","passed","Mon Nov 11 01:17:59 GMT 2024","","FORWARD-CHAINER","FORWARD-CHAINER",""
"","4000","prob-dep-types.inf_order_probs","","Mon Nov 11 00:35:13 GMT 2024","passed","Mon Nov 11 00:35:17 GMT 2024","","WHOLE-TESTS","WHOLE-TESTS",""
"","2","B5-TYPES-PRELIM.12","","Mon Nov 11 00:35:17 GMT 2024","passed","Mon Nov 11 00:35:17 GMT 2024","","HYPERON-EXPERIMENTAL-SCRIPTS","HYPERON-EXPERIMENTAL-SCRIPTS",""
"","3","CHAPTER-1-1.22","","Mon Nov 11 00:54:37 GMT 2024","passed","Mon Nov 11 00:54:37 GMT 2024","","SICP-BOOK","SICP-BOOK",""
"","3","E2-STATES.11","","Mon Nov 11 01:11:24 GMT 2024","passed","Mon Nov 11 01:11:24 GMT 2024","","CHECK-TYPES","CHECK-TYPES",""
"","2","TESTS0.02","","Mon Nov 11 00:40:49 GMT 2024","passed","Mon Nov 11 00:40:49 GMT 2024","","METTA-MORPH-TESTS","METTA-MORPH-TESTS",""
"","2","TEST-IF-CLOSED.07","","Mon Nov 11 00:42:55 GMT 2024","passed","Mon Nov 11 00:42:55 GMT 2024","","ANTI-REGRESSION","ANTI-REGRESSION",""
"","1","00-LANG-CASE.10","","Mon Nov 11 00:36:54 GMT 2024","passed","Mon Nov 11 00:36:54 GMT 2024","","HYPERON-METTALOG-SANITY","HYPERON-METTALOG-SANITY",""
"","5000","quick.d2_higherfunc","","Mon Nov 11 00:35:13 GMT 2024","passed","Mon Nov 11 00:35:18 GMT 2024","","WHOLE-TESTS","WHOLE-TESTS",""
"","7000","metta-morph_tests.factorial","","Mon Nov 11 00:35:13 GMT 2024","passed","Mon Nov 11 00:35:20 GMT 2024","","WHOLE-TESTS","WHOLE-TESTS",""
"","2","BC-XP.03","","Mon Nov 11 01:15:17 GMT 2024","passed","Mon Nov 11 01:15:17 GMT 2024","","BACKWARD-CHAINING","BACKWARD-CHAINING",""
"","14","TEST-INFER-FUNCTION-APPLICATION-TYPE.06","","Mon Nov 11 01:57:07 GMT 2024","failed","Mon Nov 11 01:57:07 GMT 2024","","BASIC","BASIC",""
"","2","HYPERPOSING-UNSHARED.04","","Mon Nov 11 01:57:07 GMT 2024","passed","Mon Nov 11 01:57:07 GMT 2024","","BASIC","BASIC",""
"","86","ADD-REMOVE-MATCH-FLOAT.16","","Mon Nov 11 00:52:21 GMT 2024","failed","Mon Nov 11 00:52:21 GMT 2024","","SPACES","SPACES",""
"","5000","backward-chainer.backward-chainer-xp","","Mon Nov 11 00:35:13 GMT 2024","passed","Mon Nov 11 00:35:18 GMT 2024","","WHOLE-TESTS","WHOLE-TESTS",""
"","2","SUBTRACTION-TEST.03","","Mon Nov 11 00:36:54 GMT 2024","passed","Mon Nov 11 00:36:54 GMT 2024","","HYPERON-METTALOG-SANITY","HYPERON-METTALOG-SANITY",""
"","2","D4-TYPE-PROP.23","","Mon Nov 11 01:11:24 GMT 2024","passed","Mon Nov 11 01:11:24 GMT 2024","","CHECK-TYPES","CHECK-TYPES",""
"","2","UNIFY-VIA-CASE.05","","Mon Nov 11 01:26:05 GMT 2024","passed","Mon Nov 11 01:26:05 GMT 2024","","EXPERIMENTS","EXPERIMENTS",""
"","485","TESTS0.07","","Mon Nov 11 01:39:13 GMT 2024","failed","Mon Nov 11 01:39:13 GMT 2024","","NEW","NEW",""
"","2","SPACE-INTERSECTION-TESTS.19","","Mon Nov 11 00:36:54 GMT 2024","passed","Mon Nov 11 00:36:54 GMT 2024","","HYPERON-METTALOG-SANITY","HYPERON-METTALOG-SANITY",""
"","103","HYPERON-EXPERIMENTAL-ISSUE-492.01","","Mon Nov 11 01:51:45 GMT 2024","failed","Mon Nov 11 01:51:45 GMT 2024","","DEBUGGING","DEBUGGING",""
"","2","E2-STATES.04","","Mon Nov 11 01:11:24 GMT 2024","passed","Mon Nov 11 01:11:24 GMT 2024","","CHECK-TYPES","CHECK-TYPES",""
"","1631","PLLM-PENNTREE.03","","Mon Nov 11 02:09:38 GMT 2024","passed","Mon Nov 11 02:09:39 GMT 2024","","LANGUAGE-MODELS","LANGUAGE-MODELS",""
"","1","HYPERPOSE.03","","Mon Nov 11 00:40:49 GMT 2024","passed","Mon Nov 11 00:40:49 GMT 2024","","METTA-MORPH-TESTS","METTA-MORPH-TESTS",""
"","4000","basic.cml-unshared","","Mon Nov 11 00:35:13 GMT 2024","passed","Mon Nov 11 00:35:17 GMT 2024","","WHOLE-TESTS","WHOLE-TESTS",""
"","2","CHAPTER-2-4.14","","Mon Nov 11 00:54:37 GMT 2024","passed","Mon Nov 11 00:54:37 GMT 2024","","SICP-BOOK","SICP-BOOK",""
"","2","D4-TYPE-PROP.10","","Mon Nov 11 00:35:17 GMT 2024","passed","Mon Nov 11 00:35:17 GMT 2024","","HYPERON-EXPERIMENTAL-SCRIPTS","HYPERON-EXPERIMENTAL-SCRIPTS",""
"","135","FORWARD-CHAINER-XP.20","","Mon Nov 11 01:17:59 GMT 2024","passed","Mon Nov 11 01:17:59 GMT 2024","","FORWARD-CHAINER","FORWARD-CHAINER",""
"","4000","check_types.d1_gadt","","Mon Nov 11 00:35:13 GMT 2024","passed","Mon Nov 11 00:35:17 GMT 2024","","WHOLE-TESTS","WHOLE-TESTS",""
"","2","TEST-SPO-1000.01","","Mon Nov 11 00:43:30 GMT 2024","passed","Mon Nov 11 00:43:30 GMT 2024","","METTA-WAM-ISSUE-116","METTA-WAM-ISSUE-116",""
"","2","F1-MODULEA.09","","Mon Nov 11 00:35:17 GMT 2024","passed","Mon Nov 11 00:35:17 GMT 2024","","HYPERON-EXPERIMENTAL-SCRIPTS","HYPERON-EXPERIMENTAL-SCRIPTS",""
"","3","D2-HIGHERFUNC.19","","Mon Nov 11 00:45:05 GMT 2024","passed","Mon Nov 11 00:45:05 GMT 2024","","QUICK","QUICK",""
"","2","ADD-REMOVE-MATCH-INTEGER.07","","Mon Nov 11 00:52:21 GMT 2024","passed","Mon Nov 11 00:52:21 GMT 2024","","SPACES","SPACES",""
"","50","B5-TYPES-PRELIM.15","","Mon Nov 11 00:35:17 GMT 2024","failed","Mon Nov 11 00:35:17 GMT 2024","","HYPERON-EXPERIMENTAL-SCRIPTS","HYPERON-EXPERIMENTAL-SCRIPTS",""
"","2","D2-HIGHERFUNC.25","","Mon Nov 11 01:11:24 GMT 2024","passed","Mon Nov 11 01:11:24 GMT 2024","","CHECK-TYPES","CHECK-TYPES",""
"","4000","hyperon-mettalog_sanity.base_test_repr_parse_intersection","","Mon Nov 11 00:35:13 GMT 2024","passed","Mon Nov 11 00:35:17 GMT 2024","","WHOLE-TESTS","WHOLE-TESTS",""
"","4","SHOW-TYPE.06","","Mon Nov 11 00:52:05 GMT 2024","passed","Mon Nov 11 00:52:05 GMT 2024","","INTROSPECT","INTROSPECT",""
"","3","B0-CHAINING-PRELIM.01","","Mon Nov 11 00:35:17 GMT 2024","passed","Mon Nov 11 00:35:17 GMT 2024","","HYPERON-EXPERIMENTAL-SCRIPTS","HYPERON-EXPERIMENTAL-SCRIPTS",""
"","2","AI-SERVICE-COMPOSITION-SANITY.04","","Mon Nov 11 01:08:34 GMT 2024","passed","Mon Nov 11 01:08:34 GMT 2024","","AI-SERVICE","AI-SERVICE",""
"","3","CHAPTER-2-4.15","","Mon Nov 11 00:54:37 GMT 2024","passed","Mon Nov 11 00:54:37 GMT 2024","","SICP-BOOK","SICP-BOOK",""
"","10","METTALOGTESTCURRIED2.07","","Mon Nov 11 00:42:55 GMT 2024","passed","Mon Nov 11 00:42:55 GMT 2024","","ANTI-REGRESSION","ANTI-REGRESSION",""
"","4","E2-STATES.02","","Mon Nov 11 01:11:24 GMT 2024","passed","Mon Nov 11 01:11:24 GMT 2024","","CHECK-TYPES","CHECK-TYPES",""
"","3","BC-XP.29","","Mon Nov 11 01:15:17 GMT 2024","passed","Mon Nov 11 01:15:17 GMT 2024","","BACKWARD-CHAINING","BACKWARD-CHAINING",""
"","4000","hyperon-experimental_scripts.d3_deptypes","","Mon Nov 11 00:35:13 GMT 2024","passed","Mon Nov 11 00:35:17 GMT 2024","","WHOLE-TESTS","WHOLE-TESTS",""
"","3","UNIFY-VIA-LET.01","","Mon Nov 11 01:26:05 GMT 2024","passed","Mon Nov 11 01:26:05 GMT 2024","","EXPERIMENTS","EXPERIMENTS",""
"","5","TYPES-PRELIM.04","","Mon Nov 11 00:50:03 GMT 2024","passed","Mon Nov 11 00:50:03 GMT 2024","","CHAINING","CHAINING",""
"","2","D1-GADT.03","","Mon Nov 11 00:45:05 GMT 2024","passed","Mon Nov 11 00:45:05 GMT 2024","","QUICK","QUICK",""
"","2","B5-TYPES-PRELIM.20","","Mon Nov 11 00:35:17 GMT 2024","passed","Mon Nov 11 00:35:17 GMT 2024","","HYPERON-EXPERIMENTAL-SCRIPTS","HYPERON-EXPERIMENTAL-SCRIPTS",""
"","2","TYPE-PROP.04","","Mon Nov 11 01:11:03 GMT 2024","passed","Mon Nov 11 01:11:03 GMT 2024","","CHECK-TYPES-TEMP","CHECK-TYPES-TEMP",""
"","2","CHAPTER-1-1.02","","Mon Nov 11 00:54:37 GMT 2024","passed","Mon Nov 11 00:54:37 GMT 2024","","SICP-BOOK","SICP-BOOK",""
"","2","TYPES-PRELIM.05","","Mon Nov 11 00:50:03 GMT 2024","passed","Mon Nov 11 00:50:03 GMT 2024","","CHAINING","CHAINING",""
"","2","METTALOGTESTCURRIED2.01","","Mon Nov 11 00:42:55 GMT 2024","passed","Mon Nov 11 00:42:55 GMT 2024","","ANTI-REGRESSION","ANTI-REGRESSION",""
"","2","D4-TYPE-PROP.02","","Mon Nov 11 00:45:05 GMT 2024","passed","Mon Nov 11 00:45:05 GMT 2024","","QUICK","QUICK",""
"","113","NATTEST.03","","Mon Nov 11 01:18:15 GMT 2024","failed","Mon Nov 11 01:18:15 GMT 2024","","HOL","HOL",""
"","2","METTALOGTESTCURRIED2.06","","Mon Nov 11 01:48:29 GMT 2024","passed","Mon Nov 11 01:48:29 GMT 2024","","WALK-THRU","WALK-THRU",""
"","2","F1-MODULEA.10","","Mon Nov 11 00:45:05 GMT 2024","passed","Mon Nov 11 00:45:05 GMT 2024","","QUICK","QUICK",""
"","2","OR-TEST.04","","Mon Nov 11 00:36:54 GMT 2024","passed","Mon Nov 11 00:36:54 GMT 2024","","HYPERON-METTALOG-SANITY","HYPERON-METTALOG-SANITY",""
"","265","REWRITES.03","","Mon Nov 11 01:06:53 GMT 2024","failed","Mon Nov 11 01:06:53 GMT 2024","","STACK-BASED","STACK-BASED",""
"","2","XOR-TEST.03","","Mon Nov 11 00:36:54 GMT 2024","passed","Mon Nov 11 00:36:54 GMT 2024","","HYPERON-METTALOG-SANITY","HYPERON-METTALOG-SANITY",""
"","5000","hyperon-mettalog_sanity.structure-tests","","Mon Nov 11 00:35:13 GMT 2024","passed","Mon Nov 11 00:35:18 GMT 2024","","WHOLE-TESTS","WHOLE-TESTS",""
"","1","ADD-REMOVE-MATCH-MIX-FLOAT-INTEGER.18","","Mon Nov 11 00:52:21 GMT 2024","passed","Mon Nov 11 00:52:21 GMT 2024","","SPACES","SPACES",""
"","2","INF-CTL-XP.05","","Mon Nov 11 01:19:26 GMT 2024","passed","Mon Nov 11 01:19:26 GMT 2024","","INFERENCE-CONTROL","INFERENCE-CONTROL",""
"","2","IOIOIOI-USING-EQUALITY.05","","Mon Nov 11 01:54:48 GMT 2024","passed","Mon Nov 11 01:54:48 GMT 2024","","MULTIDIRECTIONAL","MULTIDIRECTIONAL",""
"","4000","metta-morph_tests.add_atom_match","","Mon Nov 11 00:35:13 GMT 2024","passed","Mon Nov 11 00:35:17 GMT 2024","","WHOLE-TESTS","WHOLE-TESTS",""
"","40000","basic.fwgc1","","Mon Nov 11 00:35:13 GMT 2024","failed","Mon Nov 11 00:35:53 GMT 2024","","WHOLE-TESTS","WHOLE-TESTS",""
"","2","IBC-XP.04","","Mon Nov 11 01:21:29 GMT 2024","passed","Mon Nov 11 01:21:29 GMT 2024","","ITERATIVE-CHAINING","ITERATIVE-CHAINING",""
"","5000","hol.ListTest","","Mon Nov 11 00:35:13 GMT 2024","passed","Mon Nov 11 00:35:18 GMT 2024","","WHOLE-TESTS","WHOLE-TESTS",""
"","2","BC-XP.06","","Mon Nov 11 01:15:17 GMT 2024","passed","Mon Nov 11 01:15:17 GMT 2024","","BACKWARD-CHAINING","BACKWARD-CHAINING",""
"","2","ADD-REMOVE-MATCH-MIX-FLOAT-INTEGER.08","","Mon Nov 11 00:52:21 GMT 2024","passed","Mon Nov 11 00:52:21 GMT 2024","","SPACES","SPACES",""
"","3","B3-DIRECT.02","","Mon Nov 11 00:35:17 GMT 2024","passed","Mon Nov 11 00:35:17 GMT 2024","","HYPERON-EXPERIMENTAL-SCRIPTS","HYPERON-EXPERIMENTAL-SCRIPTS",""
"","1145","RED-BLACK.02","","Mon Nov 11 01:06:47 GMT 2024","passed","Mon Nov 11 01:06:48 GMT 2024","","RED-BLACK-LAMBDA","RED-BLACK-LAMBDA",""
"","2","B2-BACKCHAIN.02","","Mon Nov 11 00:35:17 GMT 2024","passed","Mon Nov 11 00:35:17 GMT 2024","","HYPERON-EXPERIMENTAL-SCRIPTS","HYPERON-EXPERIMENTAL-SCRIPTS",""
"","3","D4-TYPE-PROP.04","","Mon Nov 11 01:11:24 GMT 2024","passed","Mon Nov 11 01:11:24 GMT 2024","","CHECK-TYPES","CHECK-TYPES",""
"","3","UNIQUE-TEST.01","","Mon Nov 11 00:36:54 GMT 2024","passed","Mon Nov 11 00:36:54 GMT 2024","","HYPERON-METTALOG-SANITY","HYPERON-METTALOG-SANITY",""
"","1","D2-HIGHERFUNC.13","","Mon Nov 11 00:35:17 GMT 2024","passed","Mon Nov 11 00:35:17 GMT 2024","","HYPERON-EXPERIMENTAL-SCRIPTS","HYPERON-EXPERIMENTAL-SCRIPTS",""
"","4000","metta-morph_tests.collapse","","Mon Nov 11 00:35:13 GMT 2024","passed","Mon Nov 11 00:35:17 GMT 2024","","WHOLE-TESTS","WHOLE-TESTS",""
"","2","E2-STATES.06","","Mon Nov 11 01:11:24 GMT 2024","passed","Mon Nov 11 01:11:24 GMT 2024","","CHECK-TYPES","CHECK-TYPES",""
"","2","B5-TYPES-PRELIM.03","","Mon Nov 11 01:11:03 GMT 2024","passed","Mon Nov 11 01:11:03 GMT 2024","","CHECK-TYPES-TEMP","CHECK-TYPES-TEMP",""
"","2","ADD-REMOVE-MATCH-SS-SYMBOLS.04","","Mon Nov 11 00:52:21 GMT 2024","passed","Mon Nov 11 00:52:21 GMT 2024","","SPACES","SPACES",""
"","3","SYNTHESIZE-VIA-TYPE-CHECKING.12","","Mon Nov 11 01:26:05 GMT 2024","passed","Mon Nov 11 01:26:05 GMT 2024","","EXPERIMENTS","EXPERIMENTS",""
"","1","D1-GADT.12","","Mon Nov 11 00:45:05 GMT 2024","passed","Mon Nov 11 00:45:05 GMT 2024","","QUICK","QUICK",""
