"DESCRIPTION","DURATION IN MS","NAME","PARENT SUITE","START TIME","STATUS","STOP TIME","SUB SUITE","SUITE","TEST CLASS","TEST METHOD"
"","3","STATE-TYPES.07","","Fri Nov 08 01:56:15 GMT 2024","passed","Fri Nov 08 01:56:15 GMT 2024","","BASIC","BASIC",""
"","2","DEFINE-IF-LIKE.05","","Fri Nov 08 01:46:09 GMT 2024","passed","Fri Nov 08 01:46:09 GMT 2024","","DIRECT-COMP","DIRECT-COMP",""
"","1","D1-GADT.14","","Fri Nov 08 00:34:14 GMT 2024","passed","Fri Nov 08 00:34:14 GMT 2024","","HYPERON-EXPERIMENTAL-SCRIPTS","HYPERON-EXPERIMENTAL-SCRIPTS",""
"","49","DEDUCTIONIMPLICATIONDIRECTINTRODUCTIONDTLTEST.05","","Fri Nov 08 01:13:15 GMT 2024","failed","Fri Nov 08 01:13:15 GMT 2024","","DEPENDENT-TYPES","DEPENDENT-TYPES",""
"","2","OR-TEST.16","","Fri Nov 08 00:35:50 GMT 2024","passed","Fri Nov 08 00:35:50 GMT 2024","","HYPERON-METTALOG-SANITY","HYPERON-METTALOG-SANITY",""
"","2","D1-GADT.11","","Fri Nov 08 00:34:14 GMT 2024","passed","Fri Nov 08 00:34:14 GMT 2024","","HYPERON-EXPERIMENTAL-SCRIPTS","HYPERON-EXPERIMENTAL-SCRIPTS",""
"","2","CHAPTER-1-1.10","","Fri Nov 08 00:53:40 GMT 2024","passed","Fri Nov 08 00:53:40 GMT 2024","","SICP-BOOK","SICP-BOOK",""
"","213","PROB-DEP-TYPES.12","","Fri Nov 08 01:02:17 GMT 2024","passed","Fri Nov 08 01:02:17 GMT 2024","","PROB-DEP-TYPES","PROB-DEP-TYPES",""
"","3","IFC-XP.07","","Fri Nov 08 01:20:34 GMT 2024","passed","Fri Nov 08 01:20:34 GMT 2024","","ITERATIVE-CHAINING","ITERATIVE-CHAINING",""
"","3","TESTS2.10","","Fri Nov 08 00:44:34 GMT 2024","passed","Fri Nov 08 00:44:34 GMT 2024","","MAIN-BRANCH","MAIN-BRANCH",""
"","4000","hyperon-experimental_scripts.b1_equal_chain","","Fri Nov 08 00:34:10 GMT 2024","passed","Fri Nov 08 00:34:14 GMT 2024","","WHOLE-TESTS","WHOLE-TESTS",""
"","25","UNIFYTEST.03","","Fri Nov 08 01:25:04 GMT 2024","failed","Fri Nov 08 01:25:04 GMT 2024","","SYNTHESIS","SYNTHESIS",""
"","5000","check_types.d1_gadt","","Fri Nov 08 00:34:10 GMT 2024","passed","Fri Nov 08 00:34:15 GMT 2024","","WHOLE-TESTS","WHOLE-TESTS",""
"","3","NAIVE-FIB.01","","Fri Nov 08 02:02:34 GMT 2024","passed","Fri Nov 08 02:02:34 GMT 2024","","COMPARISONS","COMPARISONS",""
"","97","ADD-ATOM-MATCH.01","","Fri Nov 08 01:46:09 GMT 2024","failed","Fri Nov 08 01:46:09 GMT 2024","","DIRECT-COMP","DIRECT-COMP",""
"","2","D4-TYPE-PROP.11","","Fri Nov 08 00:44:05 GMT 2024","passed","Fri Nov 08 00:44:05 GMT 2024","","QUICK","QUICK",""
"","2","D4-TYPE-PROP.12","","Fri Nov 08 00:34:14 GMT 2024","passed","Fri Nov 08 00:34:14 GMT 2024","","HYPERON-EXPERIMENTAL-SCRIPTS","HYPERON-EXPERIMENTAL-SCRIPTS",""
"","2","TYPES-PRELIM.02","","Fri Nov 08 00:49:03 GMT 2024","passed","Fri Nov 08 00:49:03 GMT 2024","","CHAINING","CHAINING",""
"","29000","language_models.training_bi","","Fri Nov 08 00:34:10 GMT 2024","passed","Fri Nov 08 00:34:39 GMT 2024","","WHOLE-TESTS","WHOLE-TESTS",""
"","1555","SYNTHESIZE-VIA-LET-TEST.11","","Fri Nov 08 01:25:10 GMT 2024","failed","Fri Nov 08 01:25:11 GMT 2024","","EXPERIMENTS","EXPERIMENTS",""
"","319","BASIC.04","","Fri Nov 08 01:07:29 GMT 2024","passed","Fri Nov 08 01:07:29 GMT 2024","","TRAVERSER","TRAVERSER",""
"","2","MATCH-VOID.10","","Fri Nov 08 00:39:48 GMT 2024","passed","Fri Nov 08 00:39:48 GMT 2024","","METTA-MORPH-TESTS","METTA-MORPH-TESTS",""
"","2","TESTS0.02","","Fri Nov 08 00:39:48 GMT 2024","passed","Fri Nov 08 00:39:48 GMT 2024","","METTA-MORPH-TESTS","METTA-MORPH-TESTS",""
"","3","SUPERCOLLAPSE.01","","Fri Nov 08 00:39:48 GMT 2024","passed","Fri Nov 08 00:39:48 GMT 2024","","METTA-MORPH-TESTS","METTA-MORPH-TESTS",""
"","1056","TRAINING-BI.02","","Fri Nov 08 02:08:49 GMT 2024","passed","Fri Nov 08 02:08:50 GMT 2024","","LANGUAGE-MODELS","LANGUAGE-MODELS",""
"","273","SYNTHESIZE-VIA-CASE-TEST.03","","Fri Nov 08 01:25:10 GMT 2024","failed","Fri Nov 08 01:25:10 GMT 2024","","EXPERIMENTS","EXPERIMENTS",""
"","2","ADD-REMOVE-MATCH-SYMBOLS.10","","Fri Nov 08 00:51:22 GMT 2024","passed","Fri Nov 08 00:51:22 GMT 2024","","SPACES","SPACES",""
"","2","D2-HIGHERFUNC.16","","Fri Nov 08 00:34:14 GMT 2024","passed","Fri Nov 08 00:34:14 GMT 2024","","HYPERON-EXPERIMENTAL-SCRIPTS","HYPERON-EXPERIMENTAL-SCRIPTS",""
"","4","OR-TEST.17","","Fri Nov 08 00:35:50 GMT 2024","passed","Fri Nov 08 00:35:50 GMT 2024","","HYPERON-METTALOG-SANITY","HYPERON-METTALOG-SANITY",""
"","2","E2-STATES.03","","Fri Nov 08 01:10:34 GMT 2024","passed","Fri Nov 08 01:10:34 GMT 2024","","CHECK-TYPES","CHECK-TYPES",""
"","2","CHAPTER-1-2.04","","Fri Nov 08 00:53:40 GMT 2024","passed","Fri Nov 08 00:53:40 GMT 2024","","SICP-BOOK","SICP-BOOK",""
"","2","ADD-REMOVE-MATCH-INTEGER.31","","Fri Nov 08 00:51:22 GMT 2024","passed","Fri Nov 08 00:51:22 GMT 2024","","SPACES","SPACES",""
"","3","BC-COMP.01","","Fri Nov 08 00:41:57 GMT 2024","passed","Fri Nov 08 00:41:57 GMT 2024","","ANTI-REGRESSION","ANTI-REGRESSION",""
"","73","PROB-DEP-TYPES.03","","Fri Nov 08 01:02:17 GMT 2024","passed","Fri Nov 08 01:02:17 GMT 2024","","PROB-DEP-TYPES","PROB-DEP-TYPES",""
"","2","DEBUG-METTALOGTESTCURRIED.12","","Fri Nov 08 01:47:36 GMT 2024","passed","Fri Nov 08 01:47:36 GMT 2024","","WALK-THRU","WALK-THRU",""
"","6","PREREQS.09","","Fri Nov 08 00:44:34 GMT 2024","passed","Fri Nov 08 00:44:34 GMT 2024","","MAIN-BRANCH","MAIN-BRANCH",""
"","2","A3-TWOSIDE.04","","Fri Nov 08 00:34:14 GMT 2024","passed","Fri Nov 08 00:34:14 GMT 2024","","HYPERON-EXPERIMENTAL-SCRIPTS","HYPERON-EXPERIMENTAL-SCRIPTS",""
"","3","D2-HIGHERFUNC.17","","Fri Nov 08 01:10:34 GMT 2024","passed","Fri Nov 08 01:10:34 GMT 2024","","CHECK-TYPES","CHECK-TYPES",""
"","5000","common.InTest","","Fri Nov 08 00:34:10 GMT 2024","passed","Fri Nov 08 00:34:15 GMT 2024","","WHOLE-TESTS","WHOLE-TESTS",""
"","4000","metta_to_amr.amr-connect","","Fri Nov 08 00:34:10 GMT 2024","passed","Fri Nov 08 00:34:14 GMT 2024","","WHOLE-TESTS","WHOLE-TESTS",""
"","2","TYPE-PROP.17","","Fri Nov 08 01:10:13 GMT 2024","passed","Fri Nov 08 01:10:13 GMT 2024","","CHECK-TYPES-TEMP","CHECK-TYPES-TEMP",""
"","10","JOHN-CARRY-FLOWER-TEST.01","","Fri Nov 08 01:24:02 GMT 2024","passed","Fri Nov 08 01:24:02 GMT 2024","","JOHN-CARRY-FLOWER","JOHN-CARRY-FLOWER",""
"","2","INF-CTL-MONTH-XP-SHORT-3.04","","Fri Nov 08 02:02:34 GMT 2024","passed","Fri Nov 08 02:02:34 GMT 2024","","COMPARISONS","COMPARISONS",""
"","42000","basic.pathfinding-hard","","Fri Nov 08 00:34:10 GMT 2024","failed","Fri Nov 08 00:34:52 GMT 2024","","WHOLE-TESTS","WHOLE-TESTS",""
"","76","NTE.04","","Fri Nov 08 01:00:19 GMT 2024","passed","Fri Nov 08 01:00:19 GMT 2024","","EDGES-TO-EDGES","EDGES-TO-EDGES",""
"","5000","debugging.hyperon_experimental_issue_516","","Fri Nov 08 00:34:10 GMT 2024","passed","Fri Nov 08 00:34:15 GMT 2024","","WHOLE-TESTS","WHOLE-TESTS",""
"","3","INF-CTL-XP.02","","Fri Nov 08 01:18:32 GMT 2024","passed","Fri Nov 08 01:18:32 GMT 2024","","INFERENCE-CONTROL","INFERENCE-CONTROL",""
"","2","D3-DEPTYPES.06","","Fri Nov 08 00:34:14 GMT 2024","passed","Fri Nov 08 00:34:14 GMT 2024","","HYPERON-EXPERIMENTAL-SCRIPTS","HYPERON-EXPERIMENTAL-SCRIPTS",""
"","41000","dependent-types.MinerDTL3Test","","Fri Nov 08 00:34:10 GMT 2024","failed","Fri Nov 08 00:34:51 GMT 2024","","WHOLE-TESTS","WHOLE-TESTS",""
"","2","HYPERPOSING-UNSHARED.09","","Fri Nov 08 01:56:15 GMT 2024","passed","Fri Nov 08 01:56:15 GMT 2024","","BASIC","BASIC",""
"","7000","metta-wam-issue-116.test_spo_1000","","Fri Nov 08 00:34:10 GMT 2024","passed","Fri Nov 08 00:34:17 GMT 2024","","WHOLE-TESTS","WHOLE-TESTS",""
"","2","ADD-REMOVE-MATCH-MIX-FLOAT-INTEGER.19","","Fri Nov 08 00:51:22 GMT 2024","passed","Fri Nov 08 00:51:22 GMT 2024","","SPACES","SPACES",""
"","2","INF-CTL-MONTH-XP-SHORT-3.05","","Fri Nov 08 02:02:34 GMT 2024","passed","Fri Nov 08 02:02:34 GMT 2024","","COMPARISONS","COMPARISONS",""
"","1174","RED-BLACK.03","","Fri Nov 08 01:05:53 GMT 2024","passed","Fri Nov 08 01:05:54 GMT 2024","","RED-BLACK-LAMBDA","RED-BLACK-LAMBDA",""
"","2","CML-UNSHARED.09","","Fri Nov 08 01:56:15 GMT 2024","passed","Fri Nov 08 01:56:15 GMT 2024","","BASIC","BASIC",""
"","28","FACTORIAL.01","","Fri Nov 08 00:39:48 GMT 2024","passed","Fri Nov 08 00:39:48 GMT 2024","","METTA-MORPH-TESTS","METTA-MORPH-TESTS",""
"","2","TYPE-PROP.12","","Fri Nov 08 01:10:13 GMT 2024","passed","Fri Nov 08 01:10:13 GMT 2024","","CHECK-TYPES-TEMP","CHECK-TYPES-TEMP",""
"","2","PC-XP.05","","Fri Nov 08 01:23:17 GMT 2024","passed","Fri Nov 08 01:23:17 GMT 2024","","POLYWARD-CHAINING","POLYWARD-CHAINING",""
"","41000","combinator-calculi.tree","","Fri Nov 08 00:34:10 GMT 2024","failed","Fri Nov 08 00:34:51 GMT 2024","","WHOLE-TESTS","WHOLE-TESTS",""
"","129","SYNTHESIZE-VIA-UNIFY-TEST.11","","Fri Nov 08 01:25:10 GMT 2024","failed","Fri Nov 08 01:25:10 GMT 2024","","EXPERIMENTS","EXPERIMENTS",""
"","1","STDLIB-METTALOG-TEST-PT2.39","","Fri Nov 08 00:53:30 GMT 2024","passed","Fri Nov 08 00:53:30 GMT 2024","","STDLIB-METTALOG","STDLIB-METTALOG",""
"","2","IBC-XP.12","","Fri Nov 08 01:20:34 GMT 2024","passed","Fri Nov 08 01:20:34 GMT 2024","","ITERATIVE-CHAINING","ITERATIVE-CHAINING",""
"","2","EXAM-SPACES.01","","Fri Nov 08 00:51:07 GMT 2024","passed","Fri Nov 08 00:51:07 GMT 2024","","INTROSPECT","INTROSPECT",""
"","75","STDLIB-METTALOG-TEST-PT2.74","","Fri Nov 08 00:53:30 GMT 2024","failed","Fri Nov 08 00:53:30 GMT 2024","","STDLIB-METTALOG","STDLIB-METTALOG",""
"","2","MAYBETEST.03","","Fri Nov 08 01:14:36 GMT 2024","passed","Fri Nov 08 01:14:36 GMT 2024","","COMMON","COMMON",""
"","1","B5-TYPES-PRELIM.19","","Fri Nov 08 01:10:13 GMT 2024","passed","Fri Nov 08 01:10:13 GMT 2024","","CHECK-TYPES-TEMP","CHECK-TYPES-TEMP",""
"","2","C1-GROUNDED-BASIC.17","","Fri Nov 08 00:34:14 GMT 2024","passed","Fri Nov 08 00:34:14 GMT 2024","","HYPERON-EXPERIMENTAL-SCRIPTS","HYPERON-EXPERIMENTAL-SCRIPTS",""
"","2","ADD-REMOVE-MATCH-STRINGS.06","","Fri Nov 08 00:51:22 GMT 2024","passed","Fri Nov 08 00:51:22 GMT 2024","","SPACES","SPACES",""
"","3","FORWARD-CHAINER-XP.07","","Fri Nov 08 01:17:07 GMT 2024","passed","Fri Nov 08 01:17:07 GMT 2024","","FORWARD-CHAINER","FORWARD-CHAINER",""
"","52","STDLIB-METTALOG-TEST-PT2.13","","Fri Nov 08 00:53:30 GMT 2024","failed","Fri Nov 08 00:53:30 GMT 2024","","STDLIB-METTALOG","STDLIB-METTALOG",""
"","97","B4-NONDETERM.11","","Fri Nov 08 00:34:14 GMT 2024","passed","Fri Nov 08 00:34:14 GMT 2024","","HYPERON-EXPERIMENTAL-SCRIPTS","HYPERON-EXPERIMENTAL-SCRIPTS",""
"","2","ADD-REMOVE-MATCH-SYMBOLS.11","","Fri Nov 08 00:51:22 GMT 2024","passed","Fri Nov 08 00:51:22 GMT 2024","","SPACES","SPACES",""
"","2","NATSTANDALONETEST.06","","Fri Nov 08 01:17:20 GMT 2024","passed","Fri Nov 08 01:17:20 GMT 2024","","HOL","HOL",""
"","97","C1-GROUNDED-BASIC.14","","Fri Nov 08 00:34:14 GMT 2024","failed","Fri Nov 08 00:34:14 GMT 2024","","HYPERON-EXPERIMENTAL-SCRIPTS","HYPERON-EXPERIMENTAL-SCRIPTS",""
"","41","IBC-XP.16","","Fri Nov 08 01:20:34 GMT 2024","failed","Fri Nov 08 01:20:34 GMT 2024","","ITERATIVE-CHAINING","ITERATIVE-CHAINING",""
"","106","TOO-EAGER-MATH.02","","Fri Nov 08 01:55:14 GMT 2024","passed","Fri Nov 08 01:55:14 GMT 2024","","POSSIBLY-WRONG","POSSIBLY-WRONG",""
"","2","TYPE-PROP.43","","Fri Nov 08 01:10:13 GMT 2024","passed","Fri Nov 08 01:10:13 GMT 2024","","CHECK-TYPES-TEMP","CHECK-TYPES-TEMP",""
"","96","SHOW-TYPE.13","","Fri Nov 08 00:51:07 GMT 2024","failed","Fri Nov 08 00:51:07 GMT 2024","","INTROSPECT","INTROSPECT",""
"","8","C1-GROUNDED-BASIC.23","","Fri Nov 08 00:44:05 GMT 2024","passed","Fri Nov 08 00:44:05 GMT 2024","","QUICK","QUICK",""
"","13","D1-GADT.05","","Fri Nov 08 00:44:05 GMT 2024","passed","Fri Nov 08 00:44:05 GMT 2024","","QUICK","QUICK",""
"","2","NATPARITYTEST.09","","Fri Nov 08 01:17:20 GMT 2024","passed","Fri Nov 08 01:17:20 GMT 2024","","HOL","HOL",""
"","143","NALIFIER.01","","Fri Nov 08 00:39:48 GMT 2024","passed","Fri Nov 08 00:39:48 GMT 2024","","METTA-MORPH-TESTS","METTA-MORPH-TESTS",""
"","3","TESTS1.03","","Fri Nov 08 00:44:34 GMT 2024","passed","Fri Nov 08 00:44:34 GMT 2024","","MAIN-BRANCH","MAIN-BRANCH",""
"","2","ADD-REMOVE-MATCH-SS-STRINGS.16","","Fri Nov 08 00:51:22 GMT 2024","passed","Fri Nov 08 00:51:22 GMT 2024","","SPACES","SPACES",""
"","2","TESTS0.02","","Fri Nov 08 01:34:24 GMT 2024","passed","Fri Nov 08 01:34:24 GMT 2024","","NARS-V0","NARS-V0",""
"","3","ORIENTATION-TEST.02","","Fri Nov 08 01:24:16 GMT 2024","passed","Fri Nov 08 01:24:16 GMT 2024","","ORIENTATION","ORIENTATION",""
"","39","INF-CTL-MONTH-BC-CONT-XP.20","","Fri Nov 08 01:18:32 GMT 2024","failed","Fri Nov 08 01:18:32 GMT 2024","","INFERENCE-CONTROL","INFERENCE-CONTROL",""
"","1","TESTS5.06","","Fri Nov 08 00:44:34 GMT 2024","passed","Fri Nov 08 00:44:34 GMT 2024","","MAIN-BRANCH","MAIN-BRANCH",""
"","4","DEDUCTIONIMPLICATIONDIRECTINTRODUCTIONDTLTEST.02","","Fri Nov 08 01:13:15 GMT 2024","passed","Fri Nov 08 01:13:15 GMT 2024","","DEPENDENT-TYPES","DEPENDENT-TYPES",""
"","2","DEDUCTIONDTLTEST.03","","Fri Nov 08 01:13:15 GMT 2024","passed","Fri Nov 08 01:13:15 GMT 2024","","DEPENDENT-TYPES","DEPENDENT-TYPES",""
"","2","F1-IMPORTS.12","","Fri Nov 08 00:34:05 GMT 2024","passed","Fri Nov 08 00:34:05 GMT 2024","","MODULE-SYSTEM","MODULE-SYSTEM",""
"","3","D2-HIGHERFUNC.26","","Fri Nov 08 01:10:34 GMT 2024","passed","Fri Nov 08 01:10:34 GMT 2024","","CHECK-TYPES","CHECK-TYPES",""
"","2","ADD-REMOVE-MATCH-S-STRINGS.10","","Fri Nov 08 00:51:22 GMT 2024","passed","Fri Nov 08 00:51:22 GMT 2024","","SPACES","SPACES",""
"","1","INTERSECTION-TESTS.15","","Fri Nov 08 00:35:50 GMT 2024","passed","Fri Nov 08 00:35:50 GMT 2024","","HYPERON-METTALOG-SANITY","HYPERON-METTALOG-SANITY",""
"","2","ADD-REMOVE-MATCH-SS-STRINGS.15","","Fri Nov 08 00:51:22 GMT 2024","passed","Fri Nov 08 00:51:22 GMT 2024","","SPACES","SPACES",""
"","51","DEDUCTIONIMPLICATIONDIRECTINTRODUCTIONDTLTEST.03","","Fri Nov 08 01:13:15 GMT 2024","failed","Fri Nov 08 01:13:15 GMT 2024","","DEPENDENT-TYPES","DEPENDENT-TYPES",""
"","1","D4-TYPE-PROP.07","","Fri Nov 08 00:34:14 GMT 2024","passed","Fri Nov 08 00:34:14 GMT 2024","","HYPERON-EXPERIMENTAL-SCRIPTS","HYPERON-EXPERIMENTAL-SCRIPTS",""
"","1000","TESTS2.03","","Fri Nov 08 00:44:34 GMT 2024","failed","Fri Nov 08 00:44:35 GMT 2024","","MAIN-BRANCH","MAIN-BRANCH",""
"","13","00-LANG-CASE.11","","Fri Nov 08 00:35:50 GMT 2024","passed","Fri Nov 08 00:35:50 GMT 2024","","HYPERON-METTALOG-SANITY","HYPERON-METTALOG-SANITY",""
"","3","IFC-XP.06","","Fri Nov 08 01:20:34 GMT 2024","passed","Fri Nov 08 01:20:34 GMT 2024","","ITERATIVE-CHAINING","ITERATIVE-CHAINING",""
"","2","METTALOGTESTCURRIED2.02","","Fri Nov 08 00:41:57 GMT 2024","passed","Fri Nov 08 00:41:57 GMT 2024","","ANTI-REGRESSION","ANTI-REGRESSION",""
"","3","D1-GADT.10","","Fri Nov 08 01:10:34 GMT 2024","passed","Fri Nov 08 01:10:34 GMT 2024","","CHECK-TYPES","CHECK-TYPES",""
"","3","FORWARD-CHAINER-TEST.03","","Fri Nov 08 01:17:07 GMT 2024","passed","Fri Nov 08 01:17:07 GMT 2024","","FORWARD-CHAINER","FORWARD-CHAINER",""
"","2","IBC-XP.21","","Fri Nov 08 01:20:34 GMT 2024","passed","Fri Nov 08 01:20:34 GMT 2024","","ITERATIVE-CHAINING","ITERATIVE-CHAINING",""
"","4000","chaining.bc-xp","","Fri Nov 08 00:34:10 GMT 2024","passed","Fri Nov 08 00:34:14 GMT 2024","","WHOLE-TESTS","WHOLE-TESTS",""
"","3","00A-LANG-COMPILED-CASE.09","","Fri Nov 08 01:46:09 GMT 2024","passed","Fri Nov 08 01:46:09 GMT 2024","","DIRECT-COMP","DIRECT-COMP",""
"","1","LISTTEST.12","","Fri Nov 08 01:14:36 GMT 2024","passed","Fri Nov 08 01:14:36 GMT 2024","","COMMON","COMMON",""
"","2","INTERSECTION-TESTS.22","","Fri Nov 08 00:35:50 GMT 2024","passed","Fri Nov 08 00:35:50 GMT 2024","","HYPERON-METTALOG-SANITY","HYPERON-METTALOG-SANITY",""
"","3","SUPERPOSE-NESTED.03","","Fri Nov 08 00:39:48 GMT 2024","passed","Fri Nov 08 00:39:48 GMT 2024","","METTA-MORPH-TESTS","METTA-MORPH-TESTS",""
"","238","BACKWARD-CHAIN.01","","Fri Nov 08 00:49:03 GMT 2024","failed","Fri Nov 08 00:49:03 GMT 2024","","CHAINING","CHAINING",""
"","41","STDLIB-METTALOG-TEST-PT2.03","","Fri Nov 08 00:53:30 GMT 2024","failed","Fri Nov 08 00:53:30 GMT 2024","","STDLIB-METTALOG","STDLIB-METTALOG",""
"","1","SPACE-SUBTRACTION-TESTS.03","","Fri Nov 08 00:35:50 GMT 2024","passed","Fri Nov 08 00:35:50 GMT 2024","","HYPERON-METTALOG-SANITY","HYPERON-METTALOG-SANITY",""
"","4","FC-XP.31","","Fri Nov 08 01:17:16 GMT 2024","passed","Fri Nov 08 01:17:16 GMT 2024","","FORWARD-CHAINING","FORWARD-CHAINING",""
"","2","E2-STATES.10","","Fri Nov 08 00:34:14 GMT 2024","passed","Fri Nov 08 00:34:14 GMT 2024","","HYPERON-EXPERIMENTAL-SCRIPTS","HYPERON-EXPERIMENTAL-SCRIPTS",""
"","1","V2-PLN-XP-SYS-IMPL.02","","Fri Nov 08 00:49:03 GMT 2024","passed","Fri Nov 08 00:49:03 GMT 2024","","CHAINING","CHAINING",""
"","2","00-LANG-CASE.02","","Fri Nov 08 00:35:50 GMT 2024","passed","Fri Nov 08 00:35:50 GMT 2024","","HYPERON-METTALOG-SANITY","HYPERON-METTALOG-SANITY",""
"","5000","hyperon-experimental_scripts.b4_nondeterm","","Fri Nov 08 00:34:10 GMT 2024","passed","Fri Nov 08 00:34:15 GMT 2024","","WHOLE-TESTS","WHOLE-TESTS",""
"","2","BC-COMP.05","","Fri Nov 08 00:41:57 GMT 2024","passed","Fri Nov 08 00:41:57 GMT 2024","","ANTI-REGRESSION","ANTI-REGRESSION",""
"","2","ADD-REMOVE-MATCH-INTEGER.35","","Fri Nov 08 00:51:22 GMT 2024","passed","Fri Nov 08 00:51:22 GMT 2024","","SPACES","SPACES",""
"","4000","anti-regression.tmpMatch1","","Fri Nov 08 00:34:10 GMT 2024","passed","Fri Nov 08 00:34:14 GMT 2024","","WHOLE-TESTS","WHOLE-TESTS",""
"","4","DEDUCTIONEQUALTEST.01","","Fri Nov 08 01:16:56 GMT 2024","passed","Fri Nov 08 01:16:56 GMT 2024","","EQUAL","EQUAL",""
"","3","00-LANG-CASE.13","","Fri Nov 08 00:35:50 GMT 2024","passed","Fri Nov 08 00:35:50 GMT 2024","","HYPERON-METTALOG-SANITY","HYPERON-METTALOG-SANITY",""
"","2","ADD-REMOVE-MATCH-MIX-FLOAT-INTEGER.20","","Fri Nov 08 00:51:22 GMT 2024","passed","Fri Nov 08 00:51:22 GMT 2024","","SPACES","SPACES",""
"","300","STDLIB-METTALOG-TEST-PT2.22","","Fri Nov 08 00:53:30 GMT 2024","failed","Fri Nov 08 00:53:30 GMT 2024","","STDLIB-METTALOG","STDLIB-METTALOG",""
"","1","ADD-REMOVE-MATCH-STRINGS.12","","Fri Nov 08 00:51:22 GMT 2024","passed","Fri Nov 08 00:51:22 GMT 2024","","SPACES","SPACES",""
"","12","D2-HIGHERFUNC.22","","Fri Nov 08 01:10:34 GMT 2024","passed","Fri Nov 08 01:10:34 GMT 2024","","CHECK-TYPES","CHECK-TYPES",""
"","4000","hyperon-experimental_scripts.b3_direct","","Fri Nov 08 00:34:10 GMT 2024","passed","Fri Nov 08 00:34:14 GMT 2024","","WHOLE-TESTS","WHOLE-TESTS",""
"","499","TESTS5.01","","Fri Nov 08 00:44:34 GMT 2024","failed","Fri Nov 08 00:44:34 GMT 2024","","MAIN-BRANCH","MAIN-BRANCH",""
"","6000","nars_extras.RUN_minnars_trimmed","","Fri Nov 08 00:34:10 GMT 2024","passed","Fri Nov 08 00:34:16 GMT 2024","","WHOLE-TESTS","WHOLE-TESTS",""
"","3","00-LANG-CASE.01","","Fri Nov 08 00:35:50 GMT 2024","passed","Fri Nov 08 00:35:50 GMT 2024","","HYPERON-METTALOG-SANITY","HYPERON-METTALOG-SANITY",""
"","2","LTE.04","","Fri Nov 08 00:52:05 GMT 2024","passed","Fri Nov 08 00:52:05 GMT 2024","","STD","STD",""
"","74","CREATE-SERVER.04","","Fri Nov 08 01:52:02 GMT 2024","failed","Fri Nov 08 01:52:02 GMT 2024","","DISTRIBUTED-PROCESSING","DISTRIBUTED-PROCESSING",""
"","3","FORWARD-CHAINER-XP.31","","Fri Nov 08 01:17:07 GMT 2024","passed","Fri Nov 08 01:17:07 GMT 2024","","FORWARD-CHAINER","FORWARD-CHAINER",""
"","2","TMPMATCH1.01","","Fri Nov 08 01:47:36 GMT 2024","passed","Fri Nov 08 01:47:36 GMT 2024","","WALK-THRU","WALK-THRU",""
"","68","INF-CTL-MONTH-XP-SHORT-6.02","","Fri Nov 08 02:02:34 GMT 2024","failed","Fri Nov 08 02:02:34 GMT 2024","","COMPARISONS","COMPARISONS",""
"","2","DEDUCTIONFORMULATEST.11","","Fri Nov 08 01:14:59 GMT 2024","passed","Fri Nov 08 01:14:59 GMT 2024","","FORMULA","FORMULA",""
"","2","DEDUCTIONFORMULATEST.10","","Fri Nov 08 01:14:59 GMT 2024","passed","Fri Nov 08 01:14:59 GMT 2024","","FORMULA","FORMULA",""
"","95","05-MATCH-SUPERPOSE-ELEMENT-LIKE-SPACE.03","","Fri Nov 08 01:50:51 GMT 2024","failed","Fri Nov 08 01:50:51 GMT 2024","","CONTAINERS-ARE-SPACES","CONTAINERS-ARE-SPACES",""
"","2","HIGHER-ORDER-FUNCS.04","","Fri Nov 08 00:52:05 GMT 2024","passed","Fri Nov 08 00:52:05 GMT 2024","","STD","STD",""
"","1","KEY-LOOKUPS-MANY.08","","Fri Nov 08 01:56:15 GMT 2024","passed","Fri Nov 08 01:56:15 GMT 2024","","BASIC","BASIC",""
"","3","APPEND.05","","Fri Nov 08 01:53:56 GMT 2024","passed","Fri Nov 08 01:53:56 GMT 2024","","MULTIDIRECTIONAL","MULTIDIRECTIONAL",""
"","2","05-MATCH-SUPERPOSE-ELEMENT-LIKE-SPACE.04","","Fri Nov 08 01:50:51 GMT 2024","passed","Fri Nov 08 01:50:51 GMT 2024","","CONTAINERS-ARE-SPACES","CONTAINERS-ARE-SPACES",""
"","2","AI-SERVICE-COMPOSITION-EASY.05","","Fri Nov 08 01:07:41 GMT 2024","passed","Fri Nov 08 01:07:41 GMT 2024","","AI-SERVICE","AI-SERVICE",""
"","2","STDLIB-METTALOG-TEST-PT2.27","","Fri Nov 08 00:53:30 GMT 2024","passed","Fri Nov 08 00:53:30 GMT 2024","","STDLIB-METTALOG","STDLIB-METTALOG",""
"","1","D2-HIGHERFUNC.14","","Fri Nov 08 00:34:14 GMT 2024","passed","Fri Nov 08 00:34:14 GMT 2024","","HYPERON-EXPERIMENTAL-SCRIPTS","HYPERON-EXPERIMENTAL-SCRIPTS",""
"","5000","anti-regression.test_if_closed","","Fri Nov 08 00:34:10 GMT 2024","passed","Fri Nov 08 00:34:15 GMT 2024","","WHOLE-TESTS","WHOLE-TESTS",""
"","2","NATSTANDALONETEST.04","","Fri Nov 08 01:17:20 GMT 2024","passed","Fri Nov 08 01:17:20 GMT 2024","","HOL","HOL",""
"","4","FORWARD-CHAINER-TEST.04","","Fri Nov 08 01:17:07 GMT 2024","passed","Fri Nov 08 01:17:07 GMT 2024","","FORWARD-CHAINER","FORWARD-CHAINER",""
"","3","TESTS5.04","","Fri Nov 08 00:44:34 GMT 2024","passed","Fri Nov 08 00:44:34 GMT 2024","","MAIN-BRANCH","MAIN-BRANCH",""
"","2","IBC-XP.04","","Fri Nov 08 01:20:34 GMT 2024","passed","Fri Nov 08 01:20:34 GMT 2024","","ITERATIVE-CHAINING","ITERATIVE-CHAINING",""
"","7000","match.DeductionImplicationDirectIntroductionMatchTest","","Fri Nov 08 00:34:10 GMT 2024","passed","Fri Nov 08 00:34:17 GMT 2024","","WHOLE-TESTS","WHOLE-TESTS",""
"","2","TEST-IF-CLOSED.07","","Fri Nov 08 00:41:57 GMT 2024","passed","Fri Nov 08 00:41:57 GMT 2024","","ANTI-REGRESSION","ANTI-REGRESSION",""
"","2","ORDEREDSETTEST.02","","Fri Nov 08 01:14:36 GMT 2024","passed","Fri Nov 08 01:14:36 GMT 2024","","COMMON","COMMON",""
"","40000","experiments.synthesize-via-unify-test-longer","","Fri Nov 08 00:34:10 GMT 2024","failed","Fri Nov 08 00:34:50 GMT 2024","","WHOLE-TESTS","WHOLE-TESTS",""
"","5000","introspect.exam-spaces","","Fri Nov 08 00:34:10 GMT 2024","passed","Fri Nov 08 00:34:15 GMT 2024","","WHOLE-TESTS","WHOLE-TESTS",""
"","4000","multidirectional.ioioioi_using_equality","","Fri Nov 08 00:34:10 GMT 2024","passed","Fri Nov 08 00:34:14 GMT 2024","","WHOLE-TESTS","WHOLE-TESTS",""
"","4","SPACE-SUBTRACTION-TESTS.04","","Fri Nov 08 00:35:50 GMT 2024","passed","Fri Nov 08 00:35:50 GMT 2024","","HYPERON-METTALOG-SANITY","HYPERON-METTALOG-SANITY",""
"","66","D5-AUTO-TYPES.03","","Fri Nov 08 01:10:34 GMT 2024","failed","Fri Nov 08 01:10:34 GMT 2024","","CHECK-TYPES","CHECK-TYPES",""
"","3","CHAINING-PRELIM.01","","Fri Nov 08 00:49:03 GMT 2024","passed","Fri Nov 08 00:49:03 GMT 2024","","CHAINING","CHAINING",""
"","110","TESTS0.02","","Fri Nov 08 01:29:19 GMT 2024","passed","Fri Nov 08 01:29:19 GMT 2024","","CURRENT","CURRENT",""
"","2","ADD-REMOVE-MATCH-INTEGER.34","","Fri Nov 08 00:51:22 GMT 2024","passed","Fri Nov 08 00:51:22 GMT 2024","","SPACES","SPACES",""
"","71","B4-NONDETERM.03","","Fri Nov 08 00:34:14 GMT 2024","passed","Fri Nov 08 00:34:14 GMT 2024","","HYPERON-EXPERIMENTAL-SCRIPTS","HYPERON-EXPERIMENTAL-SCRIPTS",""
"","1","MATCH-SUPERPOSED-SPACES.05","","Fri Nov 08 00:39:48 GMT 2024","passed","Fri Nov 08 00:39:48 GMT 2024","","METTA-MORPH-TESTS","METTA-MORPH-TESTS",""
"","6000","hol.NatParityTest","","Fri Nov 08 00:34:10 GMT 2024","passed","Fri Nov 08 00:34:16 GMT 2024","","WHOLE-TESTS","WHOLE-TESTS",""
"","5000","hol.NatDTLTest","","Fri Nov 08 00:34:10 GMT 2024","passed","Fri Nov 08 00:34:15 GMT 2024","","WHOLE-TESTS","WHOLE-TESTS",""
"","2","BC-XP.19","","Fri Nov 08 01:14:27 GMT 2024","passed","Fri Nov 08 01:14:27 GMT 2024","","BACKWARD-CHAINING","BACKWARD-CHAINING",""
"","2","PC-XP.04","","Fri Nov 08 01:23:17 GMT 2024","passed","Fri Nov 08 01:23:17 GMT 2024","","POLYWARD-CHAINING","POLYWARD-CHAINING",""
"","3","B5-TYPES-PRELIM.07","","Fri Nov 08 00:34:14 GMT 2024","passed","Fri Nov 08 00:34:14 GMT 2024","","HYPERON-EXPERIMENTAL-SCRIPTS","HYPERON-EXPERIMENTAL-SCRIPTS",""
"","55","CHAPTER-2-4.09","","Fri Nov 08 00:53:40 GMT 2024","failed","Fri Nov 08 00:53:40 GMT 2024","","SICP-BOOK","SICP-BOOK",""
"","111","TRUTHVALUETEST.08","","Fri Nov 08 01:15:03 GMT 2024","passed","Fri Nov 08 01:15:03 GMT 2024","","TRUTHVALUE","TRUTHVALUE",""
"","3","E2-STATES.02","","Fri Nov 08 01:10:34 GMT 2024","passed","Fri Nov 08 01:10:34 GMT 2024","","CHECK-TYPES","CHECK-TYPES",""
"","3","SPACE-INTERSECTION-TESTS.05","","Fri Nov 08 00:35:50 GMT 2024","passed","Fri Nov 08 00:35:50 GMT 2024","","HYPERON-METTALOG-SANITY","HYPERON-METTALOG-SANITY",""
"","46","TYPES-PRELIM.11","","Fri Nov 08 00:49:03 GMT 2024","failed","Fri Nov 08 00:49:03 GMT 2024","","CHAINING","CHAINING",""
"","4","RUN-MINNARS.01","","Fri Nov 08 01:33:08 GMT 2024","passed","Fri Nov 08 01:33:08 GMT 2024","","NARS-EXTRAS","NARS-EXTRAS",""
"","76","IMPL-METTALOGTESTCURRIED.09","","Fri Nov 08 01:47:36 GMT 2024","passed","Fri Nov 08 01:47:36 GMT 2024","","WALK-THRU","WALK-THRU",""
"","2","ADD-REMOVE-MATCH-FLOAT.04","","Fri Nov 08 00:51:22 GMT 2024","passed","Fri Nov 08 00:51:22 GMT 2024","","SPACES","SPACES",""
"","2","BC-COMP.01","","Fri Nov 08 01:47:36 GMT 2024","passed","Fri Nov 08 01:47:36 GMT 2024","","WALK-THRU","WALK-THRU",""
"","3","SPACE-INTERSECTION-TESTS.01","","Fri Nov 08 00:35:50 GMT 2024","passed","Fri Nov 08 00:35:50 GMT 2024","","HYPERON-METTALOG-SANITY","HYPERON-METTALOG-SANITY",""
"","5000","edges-to-edges.nte","","Fri Nov 08 00:34:10 GMT 2024","passed","Fri Nov 08 00:34:15 GMT 2024","","WHOLE-TESTS","WHOLE-TESTS",""
"","2","ADD-REMOVE-MATCH-INTEGER.29","","Fri Nov 08 00:51:22 GMT 2024","passed","Fri Nov 08 00:51:22 GMT 2024","","SPACES","SPACES",""
"","195","IFC-XP.25","","Fri Nov 08 01:20:34 GMT 2024","failed","Fri Nov 08 01:20:34 GMT 2024","","ITERATIVE-CHAINING","ITERATIVE-CHAINING",""
"","2","OR-TEST.09","","Fri Nov 08 00:35:50 GMT 2024","passed","Fri Nov 08 00:35:50 GMT 2024","","HYPERON-METTALOG-SANITY","HYPERON-METTALOG-SANITY",""
"","40000","main-branch.tests5","","Fri Nov 08 00:34:10 GMT 2024","failed","Fri Nov 08 00:34:50 GMT 2024","","WHOLE-TESTS","WHOLE-TESTS",""
"","105","STDLIB-METTALOG-TEST-PT2.59","","Fri Nov 08 00:53:30 GMT 2024","failed","Fri Nov 08 00:53:30 GMT 2024","","STDLIB-METTALOG","STDLIB-METTALOG",""
"","17000","bigram-sentence-evaluator.bigrams","","Fri Nov 08 00:34:10 GMT 2024","passed","Fri Nov 08 00:34:27 GMT 2024","","WHOLE-TESTS","WHOLE-TESTS",""
"","2","NATSTANDALONETEST.02","","Fri Nov 08 01:17:20 GMT 2024","passed","Fri Nov 08 01:17:20 GMT 2024","","HOL","HOL",""
"","2","INTERSECTION-TESTS.09","","Fri Nov 08 00:35:50 GMT 2024","passed","Fri Nov 08 00:35:50 GMT 2024","","HYPERON-METTALOG-SANITY","HYPERON-METTALOG-SANITY",""
"","2","06-MATCH-IN-SPACE.04","","Fri Nov 08 00:35:50 GMT 2024","passed","Fri Nov 08 00:35:50 GMT 2024","","HYPERON-METTALOG-SANITY","HYPERON-METTALOG-SANITY",""
"","2","BCHAIN.01","","Fri Nov 08 00:41:57 GMT 2024","passed","Fri Nov 08 00:41:57 GMT 2024","","ANTI-REGRESSION","ANTI-REGRESSION",""
"","118","TESTS0.07","","Fri Nov 08 00:44:34 GMT 2024","passed","Fri Nov 08 00:44:34 GMT 2024","","MAIN-BRANCH","MAIN-BRANCH",""
"","2","CHAPTER-2-4.05","","Fri Nov 08 00:53:40 GMT 2024","passed","Fri Nov 08 00:53:40 GMT 2024","","SICP-BOOK","SICP-BOOK",""
"","2","F1-IMPORTS.11","","Fri Nov 08 00:44:05 GMT 2024","passed","Fri Nov 08 00:44:05 GMT 2024","","QUICK","QUICK",""
"","2","D3-DEPTYPES.05","","Fri Nov 08 00:34:14 GMT 2024","passed","Fri Nov 08 00:34:14 GMT 2024","","HYPERON-EXPERIMENTAL-SCRIPTS","HYPERON-EXPERIMENTAL-SCRIPTS",""
"","67","ADD-REMOVE-MATCH-FLOAT.16","","Fri Nov 08 00:51:22 GMT 2024","failed","Fri Nov 08 00:51:22 GMT 2024","","SPACES","SPACES",""
"","6000","experiments.synthesize-via-unify-test","","Fri Nov 08 00:34:10 GMT 2024","passed","Fri Nov 08 00:34:16 GMT 2024","","WHOLE-TESTS","WHOLE-TESTS",""
"","20","INF-CTL-MONTH-XP.11","","Fri Nov 08 01:18:32 GMT 2024","failed","Fri Nov 08 01:18:32 GMT 2024","","INFERENCE-CONTROL","INFERENCE-CONTROL",""
"","3","TYPES-PRELIM.01","","Fri Nov 08 00:49:03 GMT 2024","passed","Fri Nov 08 00:49:03 GMT 2024","","CHAINING","CHAINING",""
"","57","D5-AUTO-TYPES.02","","Fri Nov 08 00:34:14 GMT 2024","failed","Fri Nov 08 00:34:14 GMT 2024","","HYPERON-EXPERIMENTAL-SCRIPTS","HYPERON-EXPERIMENTAL-SCRIPTS",""
"","7000","soap_opera_corpus.so_convert","","Fri Nov 08 00:34:10 GMT 2024","passed","Fri Nov 08 00:34:17 GMT 2024","","WHOLE-TESTS","WHOLE-TESTS",""
"","3","INF-ORDER-PROBS.11","","Fri Nov 08 01:02:17 GMT 2024","passed","Fri Nov 08 01:02:17 GMT 2024","","PROB-DEP-TYPES","PROB-DEP-TYPES",""
"","3","DEDUCTIONFORMULATEST.07","","Fri Nov 08 01:14:59 GMT 2024","passed","Fri Nov 08 01:14:59 GMT 2024","","FORMULA","FORMULA",""
"","2","B5-TYPES-PRELIM.03","","Fri Nov 08 00:34:14 GMT 2024","passed","Fri Nov 08 00:34:14 GMT 2024","","HYPERON-EXPERIMENTAL-SCRIPTS","HYPERON-EXPERIMENTAL-SCRIPTS",""
"","2","QUERIES.07","","Fri Nov 08 01:06:48 GMT 2024","passed","Fri Nov 08 01:06:48 GMT 2024","","STRIPS-TO-METTA-IMPROVED","STRIPS-TO-METTA-IMPROVED",""
"","1","NATPARITYTEST.13","","Fri Nov 08 01:17:20 GMT 2024","passed","Fri Nov 08 01:17:20 GMT 2024","","HOL","HOL",""
"","2","TYPE-PROP.70","","Fri Nov 08 01:10:13 GMT 2024","passed","Fri Nov 08 01:10:13 GMT 2024","","CHECK-TYPES-TEMP","CHECK-TYPES-TEMP",""
"","4000","basic.test_list_concatenation","","Fri Nov 08 00:34:10 GMT 2024","passed","Fri Nov 08 00:34:14 GMT 2024","","WHOLE-TESTS","WHOLE-TESTS",""
"","3","QUERIES.12","","Fri Nov 08 01:06:48 GMT 2024","passed","Fri Nov 08 01:06:48 GMT 2024","","STRIPS-TO-METTA-IMPROVED","STRIPS-TO-METTA-IMPROVED",""
"","596","IOIOIOI.03","","Fri Nov 08 01:53:56 GMT 2024","passed","Fri Nov 08 01:53:56 GMT 2024","","MULTIDIRECTIONAL","MULTIDIRECTIONAL",""
"","40","FORWARD-CHAINER-XP.09","","Fri Nov 08 01:17:07 GMT 2024","failed","Fri Nov 08 01:17:07 GMT 2024","","FORWARD-CHAINER","FORWARD-CHAINER",""
"","1","00-LANG-CASE.03","","Fri Nov 08 00:35:50 GMT 2024","passed","Fri Nov 08 00:35:50 GMT 2024","","HYPERON-METTALOG-SANITY","HYPERON-METTALOG-SANITY",""
"","2","D2-HIGHERFUNC.12","","Fri Nov 08 00:44:05 GMT 2024","passed","Fri Nov 08 00:44:05 GMT 2024","","QUICK","QUICK",""
"","5000","match.ImplicationDirectIntroductionMatchTest","","Fri Nov 08 00:34:10 GMT 2024","passed","Fri Nov 08 00:34:15 GMT 2024","","WHOLE-TESTS","WHOLE-TESTS",""
"","77","STATE-TYPES.08","","Fri Nov 08 01:56:15 GMT 2024","failed","Fri Nov 08 01:56:15 GMT 2024","","BASIC","BASIC",""
"","16","TEST-INFER-FUNCTION-APPLICATION-TYPE.05","","Fri Nov 08 01:56:15 GMT 2024","failed","Fri Nov 08 01:56:15 GMT 2024","","BASIC","BASIC",""
"","2","IMPLICATIONDIRECTINTRODUCTIONDTLTEST.02","","Fri Nov 08 01:13:15 GMT 2024","passed","Fri Nov 08 01:13:15 GMT 2024","","DEPENDENT-TYPES","DEPENDENT-TYPES",""
"","2","TYPE-PROP.81","","Fri Nov 08 01:10:13 GMT 2024","passed","Fri Nov 08 01:10:13 GMT 2024","","CHECK-TYPES-TEMP","CHECK-TYPES-TEMP",""
"","3","FC-XP.19","","Fri Nov 08 01:17:16 GMT 2024","passed","Fri Nov 08 01:17:16 GMT 2024","","FORWARD-CHAINING","FORWARD-CHAINING",""
"","1","METTALOGTESTCURRIED2.03","","Fri Nov 08 01:47:36 GMT 2024","passed","Fri Nov 08 01:47:36 GMT 2024","","WALK-THRU","WALK-THRU",""
"","2","HYPERPOSING-UNSHARED.08","","Fri Nov 08 01:56:15 GMT 2024","passed","Fri Nov 08 01:56:15 GMT 2024","","BASIC","BASIC",""
"","2","TYPE-PROP.56","","Fri Nov 08 01:10:13 GMT 2024","passed","Fri Nov 08 01:10:13 GMT 2024","","CHECK-TYPES-TEMP","CHECK-TYPES-TEMP",""
"","2","INF-CTL-MONTH-BC-CONT-XP.15","","Fri Nov 08 01:18:32 GMT 2024","passed","Fri Nov 08 01:18:32 GMT 2024","","INFERENCE-CONTROL","INFERENCE-CONTROL",""
"","2","D1-GADT.03","","Fri Nov 08 00:34:14 GMT 2024","passed","Fri Nov 08 00:34:14 GMT 2024","","HYPERON-EXPERIMENTAL-SCRIPTS","HYPERON-EXPERIMENTAL-SCRIPTS",""
"","4000","module-system.f1_moduleA","","Fri Nov 08 00:34:10 GMT 2024","passed","Fri Nov 08 00:34:14 GMT 2024","","WHOLE-TESTS","WHOLE-TESTS",""
"","2","D2-HIGHERFUNC.23","","Fri Nov 08 00:34:14 GMT 2024","passed","Fri Nov 08 00:34:14 GMT 2024","","HYPERON-EXPERIMENTAL-SCRIPTS","HYPERON-EXPERIMENTAL-SCRIPTS",""
"","3","UNIQUE-TEST.07","","Fri Nov 08 00:35:50 GMT 2024","passed","Fri Nov 08 00:35:50 GMT 2024","","HYPERON-METTALOG-SANITY","HYPERON-METTALOG-SANITY",""
"","1","D4-TYPE-PROP.07","","Fri Nov 08 01:10:34 GMT 2024","passed","Fri Nov 08 01:10:34 GMT 2024","","CHECK-TYPES","CHECK-TYPES",""
"","2","TMPMATCH2.02","","Fri Nov 08 01:47:36 GMT 2024","passed","Fri Nov 08 01:47:36 GMT 2024","","WALK-THRU","WALK-THRU",""
"","2","ADD-REMOVE-MATCH-MIX-FLOAT-INTEGER.23","","Fri Nov 08 00:51:22 GMT 2024","passed","Fri Nov 08 00:51:22 GMT 2024","","SPACES","SPACES",""
"","2","IBC-XP.25","","Fri Nov 08 01:20:34 GMT 2024","passed","Fri Nov 08 01:20:34 GMT 2024","","ITERATIVE-CHAINING","ITERATIVE-CHAINING",""
"","50","INF-CTL-MONTH-BC-CONT-XP.18","","Fri Nov 08 01:18:32 GMT 2024","failed","Fri Nov 08 01:18:32 GMT 2024","","INFERENCE-CONTROL","INFERENCE-CONTROL",""
"","2","BACKWARD-CHAIN.03","","Fri Nov 08 00:49:03 GMT 2024","passed","Fri Nov 08 00:49:03 GMT 2024","","CHAINING","CHAINING",""
"","49","FORWARD-CHAINER-TEST.01","","Fri Nov 08 01:17:07 GMT 2024","failed","Fri Nov 08 01:17:07 GMT 2024","","FORWARD-CHAINER","FORWARD-CHAINER",""
"","3","D2-HIGHERFUNC.27","","Fri Nov 08 01:10:34 GMT 2024","passed","Fri Nov 08 01:10:34 GMT 2024","","CHECK-TYPES","CHECK-TYPES",""
"","2","TMPMATCH2.03","","Fri Nov 08 00:41:57 GMT 2024","passed","Fri Nov 08 00:41:57 GMT 2024","","ANTI-REGRESSION","ANTI-REGRESSION",""
"","2","INF-CTL-MONTH-BC-CONT-XP.05","","Fri Nov 08 01:18:32 GMT 2024","passed","Fri Nov 08 01:18:32 GMT 2024","","INFERENCE-CONTROL","INFERENCE-CONTROL",""
"","6000","distributed-processing.use-one-server","","Fri Nov 08 00:34:10 GMT 2024","passed","Fri Nov 08 00:34:16 GMT 2024","","WHOLE-TESTS","WHOLE-TESTS",""
"","91","D5-AUTO-TYPES.06","","Fri Nov 08 01:10:34 GMT 2024","failed","Fri Nov 08 01:10:34 GMT 2024","","CHECK-TYPES","CHECK-TYPES",""
"","5","ADD-REMOVE-MATCH-MIX-FLOAT-INTEGER.29","","Fri Nov 08 00:51:22 GMT 2024","passed","Fri Nov 08 00:51:22 GMT 2024","","SPACES","SPACES",""
"","2","ADD-REMOVE-MATCH-S-SYMBOLS.03","","Fri Nov 08 00:51:22 GMT 2024","passed","Fri Nov 08 00:51:22 GMT 2024","","SPACES","SPACES",""
"","2","B1-EQUAL-CHAIN.03","","Fri Nov 08 00:34:14 GMT 2024","passed","Fri Nov 08 00:34:14 GMT 2024","","HYPERON-EXPERIMENTAL-SCRIPTS","HYPERON-EXPERIMENTAL-SCRIPTS",""
"","2","BACKWARD-CHAINER-XP.33","","Fri Nov 08 01:14:22 GMT 2024","passed","Fri Nov 08 01:14:22 GMT 2024","","BACKWARD-CHAINER","BACKWARD-CHAINER",""
"","2","STRING-TESTS.20","","Fri Nov 08 00:35:50 GMT 2024","passed","Fri Nov 08 00:35:50 GMT 2024","","HYPERON-METTALOG-SANITY","HYPERON-METTALOG-SANITY",""
"","2","CURRIED-CHAINER.05","","Fri Nov 08 01:15:13 GMT 2024","passed","Fri Nov 08 01:15:13 GMT 2024","","CURRIED-CHAINING","CURRIED-CHAINING",""
"","2","D4-TYPE-PROP.22","","Fri Nov 08 01:10:34 GMT 2024","passed","Fri Nov 08 01:10:34 GMT 2024","","CHECK-TYPES","CHECK-TYPES",""
"","5000","bidirectional_computation.send-more-money","","Fri Nov 08 00:34:10 GMT 2024","passed","Fri Nov 08 00:34:15 GMT 2024","","WHOLE-TESTS","WHOLE-TESTS",""
"","2","B5-TYPES-PRELIM.12","","Fri Nov 08 01:10:13 GMT 2024","passed","Fri Nov 08 01:10:13 GMT 2024","","CHECK-TYPES-TEMP","CHECK-TYPES-TEMP",""
"","2","TYPE-PROP.77","","Fri Nov 08 01:10:13 GMT 2024","passed","Fri Nov 08 01:10:13 GMT 2024","","CHECK-TYPES-TEMP","CHECK-TYPES-TEMP",""
"","2","E2-STATES.05","","Fri Nov 08 00:34:14 GMT 2024","passed","Fri Nov 08 00:34:14 GMT 2024","","HYPERON-EXPERIMENTAL-SCRIPTS","HYPERON-EXPERIMENTAL-SCRIPTS",""
"","2","LISTTEST.11","","Fri Nov 08 01:14:36 GMT 2024","passed","Fri Nov 08 01:14:36 GMT 2024","","COMMON","COMMON",""
"","17","NATSTANDALONETEST.10","","Fri Nov 08 01:17:20 GMT 2024","failed","Fri Nov 08 01:17:20 GMT 2024","","HOL","HOL",""
"","112","D5-AUTO-TYPES.04","","Fri Nov 08 01:10:34 GMT 2024","failed","Fri Nov 08 01:10:34 GMT 2024","","CHECK-TYPES","CHECK-TYPES",""
"","5","INF-CTL-XP.03","","Fri Nov 08 01:18:32 GMT 2024","passed","Fri Nov 08 01:18:32 GMT 2024","","INFERENCE-CONTROL","INFERENCE-CONTROL",""
"","93","ADD-REMOVE-MATCH-SYMBOLS.14","","Fri Nov 08 00:51:22 GMT 2024","passed","Fri Nov 08 00:51:22 GMT 2024","","SPACES","SPACES",""
"","2","OR-TEST.04","","Fri Nov 08 00:35:50 GMT 2024","passed","Fri Nov 08 00:35:50 GMT 2024","","HYPERON-METTALOG-SANITY","HYPERON-METTALOG-SANITY",""
"","4","C1-GROUNDED-BASIC.01","","Fri Nov 08 01:10:13 GMT 2024","passed","Fri Nov 08 01:10:13 GMT 2024","","CHECK-TYPES-TEMP","CHECK-TYPES-TEMP",""
"","3","FORWARD-CHAINER-XP.29","","Fri Nov 08 01:17:07 GMT 2024","passed","Fri Nov 08 01:17:07 GMT 2024","","FORWARD-CHAINER","FORWARD-CHAINER",""
"","4","SELF-CONTAINED-SYNTHESIZE.05","","Fri Nov 08 01:25:10 GMT 2024","passed","Fri Nov 08 01:25:10 GMT 2024","","EXPERIMENTS","EXPERIMENTS",""
"","2","NAIVE-FIB.02","","Fri Nov 08 02:02:34 GMT 2024","passed","Fri Nov 08 02:02:34 GMT 2024","","COMPARISONS","COMPARISONS",""
"","3","LET-SUPERPOSE-IF-CASE.01","","Fri Nov 08 01:47:09 GMT 2024","passed","Fri Nov 08 01:47:09 GMT 2024","","TRANSPILER","TRANSPILER",""
"","3","IFC-XP.42","","Fri Nov 08 01:20:34 GMT 2024","passed","Fri Nov 08 01:20:34 GMT 2024","","ITERATIVE-CHAINING","ITERATIVE-CHAINING",""
"","2","INTERSECTION-TESTS.32","","Fri Nov 08 00:35:50 GMT 2024","passed","Fri Nov 08 00:35:50 GMT 2024","","HYPERON-METTALOG-SANITY","HYPERON-METTALOG-SANITY",""
"","15","C3-PLN-STV.05","","Fri Nov 08 00:34:14 GMT 2024","passed","Fri Nov 08 00:34:14 GMT 2024","","HYPERON-EXPERIMENTAL-SCRIPTS","HYPERON-EXPERIMENTAL-SCRIPTS",""
"","2","F1-IMPORTS.19","","Fri Nov 08 00:34:14 GMT 2024","passed","Fri Nov 08 00:34:14 GMT 2024","","HYPERON-EXPERIMENTAL-SCRIPTS","HYPERON-EXPERIMENTAL-SCRIPTS",""
"","2","HYPERPOSING-SHARED.10","","Fri Nov 08 01:56:15 GMT 2024","passed","Fri Nov 08 01:56:15 GMT 2024","","BASIC","BASIC",""
"","2","PC-XP.12","","Fri Nov 08 01:23:17 GMT 2024","passed","Fri Nov 08 01:23:17 GMT 2024","","POLYWARD-CHAINING","POLYWARD-CHAINING",""
"","2","XOR-TEST.02","","Fri Nov 08 00:35:50 GMT 2024","passed","Fri Nov 08 00:35:50 GMT 2024","","HYPERON-METTALOG-SANITY","HYPERON-METTALOG-SANITY",""
"","2","HYPERPOSING-UNSHARED.03","","Fri Nov 08 01:56:15 GMT 2024","passed","Fri Nov 08 01:56:15 GMT 2024","","BASIC","BASIC",""
"","6","NATTEST.05","","Fri Nov 08 01:17:20 GMT 2024","passed","Fri Nov 08 01:17:20 GMT 2024","","HOL","HOL",""
"","2","INF-CTL-XP.18","","Fri Nov 08 01:18:32 GMT 2024","passed","Fri Nov 08 01:18:32 GMT 2024","","INFERENCE-CONTROL","INFERENCE-CONTROL",""
"","70","ADD-REMOVE-MATCH-INTEGER.28","","Fri Nov 08 00:51:22 GMT 2024","passed","Fri Nov 08 00:51:22 GMT 2024","","SPACES","SPACES",""
"","2","ADD-REMOVE-MATCH-SYMBOLS.06","","Fri Nov 08 00:51:22 GMT 2024","passed","Fri Nov 08 00:51:22 GMT 2024","","SPACES","SPACES",""
"","2","NATSTANDALONETEST.09","","Fri Nov 08 01:17:20 GMT 2024","passed","Fri Nov 08 01:17:20 GMT 2024","","HOL","HOL",""
"","5000","module-system.f1_imports","","Fri Nov 08 00:34:10 GMT 2024","passed","Fri Nov 08 00:34:15 GMT 2024","","WHOLE-TESTS","WHOLE-TESTS",""
"","2","UNIFY-VIA-LET.07","","Fri Nov 08 01:25:10 GMT 2024","passed","Fri Nov 08 01:25:10 GMT 2024","","EXPERIMENTS","EXPERIMENTS",""
"","2","B5-TYPES-PRELIM.03","","Fri Nov 08 01:10:13 GMT 2024","passed","Fri Nov 08 01:10:13 GMT 2024","","CHECK-TYPES-TEMP","CHECK-TYPES-TEMP",""
"","2","NATPARITYTEST.14","","Fri Nov 08 01:17:20 GMT 2024","passed","Fri Nov 08 01:17:20 GMT 2024","","HOL","HOL",""
"","2","D4-TYPE-PROP.16","","Fri Nov 08 00:34:14 GMT 2024","passed","Fri Nov 08 00:34:14 GMT 2024","","HYPERON-EXPERIMENTAL-SCRIPTS","HYPERON-EXPERIMENTAL-SCRIPTS",""
"","66","E2-STATES.07","","Fri Nov 08 00:34:14 GMT 2024","failed","Fri Nov 08 00:34:14 GMT 2024","","HYPERON-EXPERIMENTAL-SCRIPTS","HYPERON-EXPERIMENTAL-SCRIPTS",""
"","2","C2-SPACES.03","","Fri Nov 08 00:34:14 GMT 2024","passed","Fri Nov 08 00:34:14 GMT 2024","","HYPERON-EXPERIMENTAL-SCRIPTS","HYPERON-EXPERIMENTAL-SCRIPTS",""
"","2","IFC-XP.37","","Fri Nov 08 01:20:34 GMT 2024","passed","Fri Nov 08 01:20:34 GMT 2024","","ITERATIVE-CHAINING","ITERATIVE-CHAINING",""
"","2","IBC-XP.10","","Fri Nov 08 01:20:34 GMT 2024","passed","Fri Nov 08 01:20:34 GMT 2024","","ITERATIVE-CHAINING","ITERATIVE-CHAINING",""
"","1","SYNTHESIZE-VIA-TYPE-CHECKING.07","","Fri Nov 08 01:25:10 GMT 2024","passed","Fri Nov 08 01:25:10 GMT 2024","","EXPERIMENTS","EXPERIMENTS",""
"","19","06-MATCH-IN-SPACE.01","","Fri Nov 08 00:35:50 GMT 2024","passed","Fri Nov 08 00:35:50 GMT 2024","","HYPERON-METTALOG-SANITY","HYPERON-METTALOG-SANITY",""
"","2","C2-SPACES.05","","Fri Nov 08 00:34:14 GMT 2024","passed","Fri Nov 08 00:34:14 GMT 2024","","HYPERON-EXPERIMENTAL-SCRIPTS","HYPERON-EXPERIMENTAL-SCRIPTS",""
"","1","DEBUG-METTALOGTESTCURRIED.04","","Fri Nov 08 01:47:36 GMT 2024","passed","Fri Nov 08 01:47:36 GMT 2024","","WALK-THRU","WALK-THRU",""
"","5000","metta-morph_tests.states_spaces","","Fri Nov 08 00:34:10 GMT 2024","passed","Fri Nov 08 00:34:15 GMT 2024","","WHOLE-TESTS","WHOLE-TESTS",""
"","5000","transpiler.let_superpose_list","","Fri Nov 08 00:34:10 GMT 2024","passed","Fri Nov 08 00:34:15 GMT 2024","","WHOLE-TESTS","WHOLE-TESTS",""
"","3","FORWARD-CHAINER-XP.30","","Fri Nov 08 01:17:07 GMT 2024","passed","Fri Nov 08 01:17:07 GMT 2024","","FORWARD-CHAINER","FORWARD-CHAINER",""
"","2","ADD-REMOVE-MATCH-S-STRINGS.09","","Fri Nov 08 00:51:22 GMT 2024","passed","Fri Nov 08 00:51:22 GMT 2024","","SPACES","SPACES",""
"","4000","nondet_unify.prover","","Fri Nov 08 00:34:10 GMT 2024","passed","Fri Nov 08 00:34:14 GMT 2024","","WHOLE-TESTS","WHOLE-TESTS",""
"","5000","common.OrderedSetTest","","Fri Nov 08 00:34:10 GMT 2024","passed","Fri Nov 08 00:34:15 GMT 2024","","WHOLE-TESTS","WHOLE-TESTS",""
"","1","IFC-XP.02","","Fri Nov 08 01:20:34 GMT 2024","passed","Fri Nov 08 01:20:34 GMT 2024","","ITERATIVE-CHAINING","ITERATIVE-CHAINING",""
"","2","ADD-REMOVE-MATCH-SS-STRINGS.06","","Fri Nov 08 00:51:22 GMT 2024","passed","Fri Nov 08 00:51:22 GMT 2024","","SPACES","SPACES",""
"","2","IBC-XP.31","","Fri Nov 08 01:20:34 GMT 2024","passed","Fri Nov 08 01:20:34 GMT 2024","","ITERATIVE-CHAINING","ITERATIVE-CHAINING",""
"","2","C2-SPACES.02","","Fri Nov 08 00:34:05 GMT 2024","passed","Fri Nov 08 00:34:05 GMT 2024","","MODULE-SYSTEM","MODULE-SYSTEM",""
"","5","CHAPTER-1-3.03","","Fri Nov 08 00:53:40 GMT 2024","passed","Fri Nov 08 00:53:40 GMT 2024","","SICP-BOOK","SICP-BOOK",""
"","2","BACKWARD-CHAINER-XP.32","","Fri Nov 08 01:14:22 GMT 2024","passed","Fri Nov 08 01:14:22 GMT 2024","","BACKWARD-CHAINER","BACKWARD-CHAINER",""
"","4","SPACE-INTERSECTION-TESTS.03","","Fri Nov 08 00:35:50 GMT 2024","passed","Fri Nov 08 00:35:50 GMT 2024","","HYPERON-METTALOG-SANITY","HYPERON-METTALOG-SANITY",""
"","3","TEST-LIST-CONCATENATION.01","","Fri Nov 08 01:56:15 GMT 2024","passed","Fri Nov 08 01:56:15 GMT 2024","","BASIC","BASIC",""
"","293","PROB-DEP-TYPES.07","","Fri Nov 08 01:02:17 GMT 2024","failed","Fri Nov 08 01:02:17 GMT 2024","","PROB-DEP-TYPES","PROB-DEP-TYPES",""
"","59","TESTS0.01","","Fri Nov 08 01:29:19 GMT 2024","failed","Fri Nov 08 01:29:19 GMT 2024","","CURRENT","CURRENT",""
"","40000","strips-to-metta-improved.queries","","Fri Nov 08 00:34:10 GMT 2024","failed","Fri Nov 08 00:34:50 GMT 2024","","WHOLE-TESTS","WHOLE-TESTS",""
"","2","AND-OR.01","","Fri Nov 08 00:39:48 GMT 2024","passed","Fri Nov 08 00:39:48 GMT 2024","","METTA-MORPH-TESTS","METTA-MORPH-TESTS",""
"","4","NUMTEST.02","","Fri Nov 08 01:14:36 GMT 2024","passed","Fri Nov 08 01:14:36 GMT 2024","","COMMON","COMMON",""
"","5","UNIQUE-TEST.12","","Fri Nov 08 00:35:50 GMT 2024","passed","Fri Nov 08 00:35:50 GMT 2024","","HYPERON-METTALOG-SANITY","HYPERON-METTALOG-SANITY",""
"","3","INTERSECTION-TESTS.01","","Fri Nov 08 00:35:50 GMT 2024","passed","Fri Nov 08 00:35:50 GMT 2024","","HYPERON-METTALOG-SANITY","HYPERON-METTALOG-SANITY",""
"","2","F1-IMPORTS.02","","Fri Nov 08 00:34:05 GMT 2024","passed","Fri Nov 08 00:34:05 GMT 2024","","MODULE-SYSTEM","MODULE-SYSTEM",""
"","2","CHAPTER-2-2.04","","Fri Nov 08 00:53:40 GMT 2024","passed","Fri Nov 08 00:53:40 GMT 2024","","SICP-BOOK","SICP-BOOK",""
"","2","OR-TEST.06","","Fri Nov 08 00:35:50 GMT 2024","passed","Fri Nov 08 00:35:50 GMT 2024","","HYPERON-METTALOG-SANITY","HYPERON-METTALOG-SANITY",""
"","2","D1-GADT.06","","Fri Nov 08 00:44:05 GMT 2024","passed","Fri Nov 08 00:44:05 GMT 2024","","QUICK","QUICK",""
"","3","C2-SPACES.01","","Fri Nov 08 00:34:14 GMT 2024","passed","Fri Nov 08 00:34:14 GMT 2024","","HYPERON-EXPERIMENTAL-SCRIPTS","HYPERON-EXPERIMENTAL-SCRIPTS",""
"","5000","hyperon-experimental_scripts.a2_opencoggy","","Fri Nov 08 00:34:10 GMT 2024","passed","Fri Nov 08 00:34:15 GMT 2024","","WHOLE-TESTS","WHOLE-TESTS",""
"","3","IDENTITY.01","","Fri Nov 08 01:47:09 GMT 2024","passed","Fri Nov 08 01:47:09 GMT 2024","","TRANSPILER","TRANSPILER",""
"","3","TYPES.01","","Fri Nov 08 00:39:48 GMT 2024","passed","Fri Nov 08 00:39:48 GMT 2024","","METTA-MORPH-TESTS","METTA-MORPH-TESTS",""
"","2","D4-TYPE-PROP.18","","Fri Nov 08 01:10:34 GMT 2024","passed","Fri Nov 08 01:10:34 GMT 2024","","CHECK-TYPES","CHECK-TYPES",""
"","2","SEQUENTIAL-NESTED.03","","Fri Nov 08 00:39:48 GMT 2024","passed","Fri Nov 08 00:39:48 GMT 2024","","METTA-MORPH-TESTS","METTA-MORPH-TESTS",""
"","3","ADD-ATOM-NAIVE-FIB.08","","Fri Nov 08 02:02:34 GMT 2024","passed","Fri Nov 08 02:02:34 GMT 2024","","COMPARISONS","COMPARISONS",""
"","2172","LTE.09","","Fri Nov 08 00:52:05 GMT 2024","passed","Fri Nov 08 00:52:07 GMT 2024","","STD","STD",""
"","3","BC-COMP.04","","Fri Nov 08 00:41:57 GMT 2024","passed","Fri Nov 08 00:41:57 GMT 2024","","ANTI-REGRESSION","ANTI-REGRESSION",""
"","5","CHAPTER-1-3.05","","Fri Nov 08 00:53:40 GMT 2024","passed","Fri Nov 08 00:53:40 GMT 2024","","SICP-BOOK","SICP-BOOK",""
"","2","BCHAIN.05","","Fri Nov 08 01:47:36 GMT 2024","passed","Fri Nov 08 01:47:36 GMT 2024","","WALK-THRU","WALK-THRU",""
"","126","SYNTHESIZE-VIA-UNIFY-TEST-LONGER.01","","Fri Nov 08 01:25:10 GMT 2024","passed","Fri Nov 08 01:25:10 GMT 2024","","EXPERIMENTS","EXPERIMENTS",""
"","7","HYPERON-EXPERIMENTAL-ISSUE-516.01","","Fri Nov 08 01:50:55 GMT 2024","passed","Fri Nov 08 01:50:55 GMT 2024","","DEBUGGING","DEBUGGING",""
"","1","FC-XP.24","","Fri Nov 08 01:17:16 GMT 2024","passed","Fri Nov 08 01:17:16 GMT 2024","","FORWARD-CHAINING","FORWARD-CHAINING",""
"","62","STDLIB-METTALOG-TEST-PT2.72","","Fri Nov 08 00:53:30 GMT 2024","failed","Fri Nov 08 00:53:30 GMT 2024","","STDLIB-METTALOG","STDLIB-METTALOG",""
"","43","FC-XP.05","","Fri Nov 08 01:17:16 GMT 2024","failed","Fri Nov 08 01:17:16 GMT 2024","","FORWARD-CHAINING","FORWARD-CHAINING",""
"","5000","metta-morph_tests.types2","","Fri Nov 08 00:34:10 GMT 2024","passed","Fri Nov 08 00:34:15 GMT 2024","","WHOLE-TESTS","WHOLE-TESTS",""
"","3","CHAPTER-2-2.12","","Fri Nov 08 00:53:40 GMT 2024","passed","Fri Nov 08 00:53:40 GMT 2024","","SICP-BOOK","SICP-BOOK",""
"","3","FC-XP.12","","Fri Nov 08 01:17:16 GMT 2024","passed","Fri Nov 08 01:17:16 GMT 2024","","FORWARD-CHAINING","FORWARD-CHAINING",""
"","25","NATTEST.04","","Fri Nov 08 01:17:20 GMT 2024","failed","Fri Nov 08 01:17:20 GMT 2024","","HOL","HOL",""
"","2","ADD-REMOVE-MATCH-INTEGER.07","","Fri Nov 08 00:51:22 GMT 2024","passed","Fri Nov 08 00:51:22 GMT 2024","","SPACES","SPACES",""
"","2","B5-TYPES-PRELIM.13","","Fri Nov 08 01:10:13 GMT 2024","passed","Fri Nov 08 01:10:13 GMT 2024","","CHECK-TYPES-TEMP","CHECK-TYPES-TEMP",""
"","2","OR-TEST.18","","Fri Nov 08 00:35:50 GMT 2024","passed","Fri Nov 08 00:35:50 GMT 2024","","HYPERON-METTALOG-SANITY","HYPERON-METTALOG-SANITY",""
"","2","D2-HIGHERFUNC.23","","Fri Nov 08 00:44:05 GMT 2024","passed","Fri Nov 08 00:44:05 GMT 2024","","QUICK","QUICK",""
"","2","STRING-TESTS.04","","Fri Nov 08 00:35:50 GMT 2024","passed","Fri Nov 08 00:35:50 GMT 2024","","HYPERON-METTALOG-SANITY","HYPERON-METTALOG-SANITY",""
"","2","KEY-LOOKUPS-MANY.06","","Fri Nov 08 01:56:15 GMT 2024","passed","Fri Nov 08 01:56:15 GMT 2024","","BASIC","BASIC",""
"","2","IBC-XP.19","","Fri Nov 08 01:20:34 GMT 2024","passed","Fri Nov 08 01:20:34 GMT 2024","","ITERATIVE-CHAINING","ITERATIVE-CHAINING",""
"","2","D4-TYPE-PROP.07","","Fri Nov 08 00:44:05 GMT 2024","passed","Fri Nov 08 00:44:05 GMT 2024","","QUICK","QUICK",""
"","4000","graphml.graphml_csv_test","","Fri Nov 08 00:34:10 GMT 2024","passed","Fri Nov 08 00:34:14 GMT 2024","","WHOLE-TESTS","WHOLE-TESTS",""
"","2","A1-SYMBOLS.04","","Fri Nov 08 00:34:14 GMT 2024","passed","Fri Nov 08 00:34:14 GMT 2024","","HYPERON-EXPERIMENTAL-SCRIPTS","HYPERON-EXPERIMENTAL-SCRIPTS",""
"","2","ADD-REMOVE-MATCH-SS-SYMBOLS.09","","Fri Nov 08 00:51:22 GMT 2024","passed","Fri Nov 08 00:51:22 GMT 2024","","SPACES","SPACES",""
"","15","CHAPTER-2-4.17","","Fri Nov 08 00:53:40 GMT 2024","failed","Fri Nov 08 00:53:40 GMT 2024","","SICP-BOOK","SICP-BOOK",""
"","3","STDLIB-METTALOG-TEST-PT2.41","","Fri Nov 08 00:53:30 GMT 2024","passed","Fri Nov 08 00:53:30 GMT 2024","","STDLIB-METTALOG","STDLIB-METTALOG",""
"","2","B5-TYPES-PRELIM.20","","Fri Nov 08 00:34:14 GMT 2024","passed","Fri Nov 08 00:34:14 GMT 2024","","HYPERON-EXPERIMENTAL-SCRIPTS","HYPERON-EXPERIMENTAL-SCRIPTS",""
"","26000","walk_thru.system_proofTestCurried","","Fri Nov 08 00:34:10 GMT 2024","passed","Fri Nov 08 00:34:36 GMT 2024","","WHOLE-TESTS","WHOLE-TESTS",""
"","2","PREREQS.06","","Fri Nov 08 00:44:34 GMT 2024","passed","Fri Nov 08 00:44:34 GMT 2024","","MAIN-BRANCH","MAIN-BRANCH",""
"","240","CREATION.03","","Fri Nov 08 01:07:29 GMT 2024","failed","Fri Nov 08 01:07:29 GMT 2024","","TRAVERSER","TRAVERSER",""
"","114","B5-TYPES-PRELIM.08","","Fri Nov 08 00:34:14 GMT 2024","failed","Fri Nov 08 00:34:14 GMT 2024","","HYPERON-EXPERIMENTAL-SCRIPTS","HYPERON-EXPERIMENTAL-SCRIPTS",""
"","3","HYPERON-EXPERIMENTAL-ISSUE-516-REDDUCED.01","","Fri Nov 08 01:50:55 GMT 2024","passed","Fri Nov 08 01:50:55 GMT 2024","","DEBUGGING","DEBUGGING",""
"","3","TESTS0.04","","Fri Nov 08 01:42:12 GMT 2024","passed","Fri Nov 08 01:42:12 GMT 2024","","PREV","PREV",""
"","2","ADD-REMOVE-MATCH-MIX-FLOAT-INTEGER.26","","Fri Nov 08 00:51:22 GMT 2024","passed","Fri Nov 08 00:51:22 GMT 2024","","SPACES","SPACES",""
"","167","QUERIES.18","","Fri Nov 08 01:06:48 GMT 2024","failed","Fri Nov 08 01:06:48 GMT 2024","","STRIPS-TO-METTA-IMPROVED","STRIPS-TO-METTA-IMPROVED",""
"","2","TYPE-PROP.45","","Fri Nov 08 01:10:13 GMT 2024","passed","Fri Nov 08 01:10:13 GMT 2024","","CHECK-TYPES-TEMP","CHECK-TYPES-TEMP",""
"","2","D2-HIGHERFUNC.18","","Fri Nov 08 01:10:34 GMT 2024","passed","Fri Nov 08 01:10:34 GMT 2024","","CHECK-TYPES","CHECK-TYPES",""
"","4000","polyward-chaining.pc-xp","","Fri Nov 08 00:34:10 GMT 2024","passed","Fri Nov 08 00:34:14 GMT 2024","","WHOLE-TESTS","WHOLE-TESTS",""
"","1","STRING-TESTS.02","","Fri Nov 08 00:35:50 GMT 2024","passed","Fri Nov 08 00:35:50 GMT 2024","","HYPERON-METTALOG-SANITY","HYPERON-METTALOG-SANITY",""
"","3","STDLIB-METTALOG-TEST-PT2.65","","Fri Nov 08 00:53:30 GMT 2024","passed","Fri Nov 08 00:53:30 GMT 2024","","STDLIB-METTALOG","STDLIB-METTALOG",""
"","3","FC-XP.02","","Fri Nov 08 01:17:16 GMT 2024","passed","Fri Nov 08 01:17:16 GMT 2024","","FORWARD-CHAINING","FORWARD-CHAINING",""
"","2","DEDUCTIONFORMULATEST.05","","Fri Nov 08 01:14:59 GMT 2024","passed","Fri Nov 08 01:14:59 GMT 2024","","FORMULA","FORMULA",""
"","151","NALIFIER-PREV.01","","Fri Nov 08 00:44:34 GMT 2024","passed","Fri Nov 08 00:44:34 GMT 2024","","MAIN-BRANCH","MAIN-BRANCH",""
"","3","D2-HIGHERFUNC.26","","Fri Nov 08 00:34:14 GMT 2024","passed","Fri Nov 08 00:34:14 GMT 2024","","HYPERON-EXPERIMENTAL-SCRIPTS","HYPERON-EXPERIMENTAL-SCRIPTS",""
"","2","HIGHER-ORDER-FUNCS.07","","Fri Nov 08 00:52:05 GMT 2024","passed","Fri Nov 08 00:52:05 GMT 2024","","STD","STD",""
"","14","ORDEREDSETTEST.11","","Fri Nov 08 01:14:36 GMT 2024","passed","Fri Nov 08 01:14:36 GMT 2024","","COMMON","COMMON",""
"","4000","walk_thru.bchain_comp","","Fri Nov 08 00:34:10 GMT 2024","passed","Fri Nov 08 00:34:14 GMT 2024","","WHOLE-TESTS","WHOLE-TESTS",""
"","1","D4-TYPE-PROP.16","","Fri Nov 08 01:10:34 GMT 2024","passed","Fri Nov 08 01:10:34 GMT 2024","","CHECK-TYPES","CHECK-TYPES",""
"","5000","transpiler.identity","","Fri Nov 08 00:34:10 GMT 2024","passed","Fri Nov 08 00:34:15 GMT 2024","","WHOLE-TESTS","WHOLE-TESTS",""
"","2","DEFINE-IF-LIKE.04","","Fri Nov 08 01:46:09 GMT 2024","passed","Fri Nov 08 01:46:09 GMT 2024","","DIRECT-COMP","DIRECT-COMP",""
"","2","00-LANG-CASE.15","","Fri Nov 08 00:35:50 GMT 2024","passed","Fri Nov 08 00:35:50 GMT 2024","","HYPERON-METTALOG-SANITY","HYPERON-METTALOG-SANITY",""
"","133","INF-ORDER-PROBS.08","","Fri Nov 08 01:02:17 GMT 2024","passed","Fri Nov 08 01:02:17 GMT 2024","","PROB-DEP-TYPES","PROB-DEP-TYPES",""
"","2","FC-XP.25","","Fri Nov 08 01:17:16 GMT 2024","passed","Fri Nov 08 01:17:16 GMT 2024","","FORWARD-CHAINING","FORWARD-CHAINING",""
"","5000","walk_thru.comma_is_not_special","","Fri Nov 08 00:34:10 GMT 2024","passed","Fri Nov 08 00:34:15 GMT 2024","","WHOLE-TESTS","WHOLE-TESTS",""
"","1","NATPARITYTEST.08","","Fri Nov 08 01:17:20 GMT 2024","passed","Fri Nov 08 01:17:20 GMT 2024","","HOL","HOL",""
"","4000","collatz.classical","","Fri Nov 08 00:34:10 GMT 2024","passed","Fri Nov 08 00:34:14 GMT 2024","","WHOLE-TESTS","WHOLE-TESTS",""
"","40000","nars_extras.TestNARS_listing","","Fri Nov 08 00:34:10 GMT 2024","failed","Fri Nov 08 00:34:50 GMT 2024","","WHOLE-TESTS","WHOLE-TESTS",""
"","2","ADD-REMOVE-MATCH-INTEGER.16","","Fri Nov 08 00:51:22 GMT 2024","passed","Fri Nov 08 00:51:22 GMT 2024","","SPACES","SPACES",""
"","2","B1-EQUAL-CHAIN.05","","Fri Nov 08 00:34:14 GMT 2024","passed","Fri Nov 08 00:34:14 GMT 2024","","HYPERON-EXPERIMENTAL-SCRIPTS","HYPERON-EXPERIMENTAL-SCRIPTS",""
"","2","DEBUG-METTALOGTESTCURRIED.03","","Fri Nov 08 01:47:36 GMT 2024","passed","Fri Nov 08 01:47:36 GMT 2024","","WALK-THRU","WALK-THRU",""
"","5000","hyperon-experimental_scripts.b0_chaining_prelim","","Fri Nov 08 00:34:10 GMT 2024","passed","Fri Nov 08 00:34:15 GMT 2024","","WHOLE-TESTS","WHOLE-TESTS",""
"","3","APPEND.02","","Fri Nov 08 01:53:56 GMT 2024","passed","Fri Nov 08 01:53:56 GMT 2024","","MULTIDIRECTIONAL","MULTIDIRECTIONAL",""
"","2","STATE-TYPES.09","","Fri Nov 08 01:56:15 GMT 2024","passed","Fri Nov 08 01:56:15 GMT 2024","","BASIC","BASIC",""
"","2","ADD-REMOVE-MATCH-INTEGER.03","","Fri Nov 08 00:51:22 GMT 2024","passed","Fri Nov 08 00:51:22 GMT 2024","","SPACES","SPACES",""
"","1","F1-MODULEA.07","","Fri Nov 08 00:34:14 GMT 2024","passed","Fri Nov 08 00:34:14 GMT 2024","","HYPERON-EXPERIMENTAL-SCRIPTS","HYPERON-EXPERIMENTAL-SCRIPTS",""
"","2","TEST-IF-CLOSED.06","","Fri Nov 08 01:47:36 GMT 2024","passed","Fri Nov 08 01:47:36 GMT 2024","","WALK-THRU","WALK-THRU",""
"","5000","spaces.add-remove-match-integer","","Fri Nov 08 00:34:10 GMT 2024","passed","Fri Nov 08 00:34:15 GMT 2024","","WHOLE-TESTS","WHOLE-TESTS",""
"","2","CURRIED-CHAINER.04","","Fri Nov 08 01:15:13 GMT 2024","passed","Fri Nov 08 01:15:13 GMT 2024","","CURRIED-CHAINING","CURRIED-CHAINING",""
"","13","D2-HIGHERFUNC.21","","Fri Nov 08 00:34:14 GMT 2024","passed","Fri Nov 08 00:34:14 GMT 2024","","HYPERON-EXPERIMENTAL-SCRIPTS","HYPERON-EXPERIMENTAL-SCRIPTS",""
"","3","NILS-IF-CONTROL-TEST-3.01","","Fri Nov 08 02:02:34 GMT 2024","passed","Fri Nov 08 02:02:34 GMT 2024","","COMPARISONS","COMPARISONS",""
"","39","FORWARD-CHAINER-XP.28","","Fri Nov 08 01:17:07 GMT 2024","failed","Fri Nov 08 01:17:07 GMT 2024","","FORWARD-CHAINER","FORWARD-CHAINER",""
"","3","CHAPTER-2-2.06","","Fri Nov 08 00:53:40 GMT 2024","passed","Fri Nov 08 00:53:40 GMT 2024","","SICP-BOOK","SICP-BOOK",""
"","2","B5-TYPES-PRELIM.16","","Fri Nov 08 01:10:13 GMT 2024","passed","Fri Nov 08 01:10:13 GMT 2024","","CHECK-TYPES-TEMP","CHECK-TYPES-TEMP",""
"","7","INF-ORDER-PROBS.10","","Fri Nov 08 01:02:17 GMT 2024","passed","Fri Nov 08 01:02:17 GMT 2024","","PROB-DEP-TYPES","PROB-DEP-TYPES",""
"","2","CHAPTER-1-1.07","","Fri Nov 08 00:53:40 GMT 2024","passed","Fri Nov 08 00:53:40 GMT 2024","","SICP-BOOK","SICP-BOOK",""
"","16","STDLIB-METTALOG-TEST-PT2.68","","Fri Nov 08 00:53:30 GMT 2024","failed","Fri Nov 08 00:53:30 GMT 2024","","STDLIB-METTALOG","STDLIB-METTALOG",""
"","2","D3-DEPTYPES.02","","Fri Nov 08 00:34:14 GMT 2024","passed","Fri Nov 08 00:34:14 GMT 2024","","HYPERON-EXPERIMENTAL-SCRIPTS","HYPERON-EXPERIMENTAL-SCRIPTS",""
"","67","STDLIB-METTALOG-TEST-PT2.06","","Fri Nov 08 00:53:30 GMT 2024","failed","Fri Nov 08 00:53:30 GMT 2024","","STDLIB-METTALOG","STDLIB-METTALOG",""
"","3","ADD-REMOVE-MATCH-FLOAT.03","","Fri Nov 08 00:51:22 GMT 2024","passed","Fri Nov 08 00:51:22 GMT 2024","","SPACES","SPACES",""
"","1","F1-MODULEA.03","","Fri Nov 08 00:34:05 GMT 2024","passed","Fri Nov 08 00:34:05 GMT 2024","","MODULE-SYSTEM","MODULE-SYSTEM",""
"","2","TEST-IF-CLOSED.08","","Fri Nov 08 01:47:36 GMT 2024","passed","Fri Nov 08 01:47:36 GMT 2024","","WALK-THRU","WALK-THRU",""
"","75","ADD-REMOVE-MATCH-STRINGS.09","","Fri Nov 08 00:51:22 GMT 2024","failed","Fri Nov 08 00:51:22 GMT 2024","","SPACES","SPACES",""
"","2","CURRIED-CHAINER.08","","Fri Nov 08 01:15:13 GMT 2024","passed","Fri Nov 08 01:15:13 GMT 2024","","CURRIED-CHAINING","CURRIED-CHAINING",""
"","1","HYPERPOSING-SHARED.07","","Fri Nov 08 01:56:15 GMT 2024","passed","Fri Nov 08 01:56:15 GMT 2024","","BASIC","BASIC",""
"","2","SYNTHESIZE-VIA-TYPE-CHECKING.04","","Fri Nov 08 01:25:10 GMT 2024","passed","Fri Nov 08 01:25:10 GMT 2024","","EXPERIMENTS","EXPERIMENTS",""
"","2","TESTS0.04","","Fri Nov 08 01:29:19 GMT 2024","passed","Fri Nov 08 01:29:19 GMT 2024","","CURRENT","CURRENT",""
"","2","ADD-REMOVE-MATCH-SS-SYMBOLS.05","","Fri Nov 08 00:51:22 GMT 2024","passed","Fri Nov 08 00:51:22 GMT 2024","","SPACES","SPACES",""
"","3","D2-HIGHERFUNC.27","","Fri Nov 08 00:34:14 GMT 2024","passed","Fri Nov 08 00:34:14 GMT 2024","","HYPERON-EXPERIMENTAL-SCRIPTS","HYPERON-EXPERIMENTAL-SCRIPTS",""
"","2","INTERSECTION-TESTS.04","","Fri Nov 08 00:35:50 GMT 2024","passed","Fri Nov 08 00:35:50 GMT 2024","","HYPERON-METTALOG-SANITY","HYPERON-METTALOG-SANITY",""
"","2","TYPE-PROP.48","","Fri Nov 08 01:10:13 GMT 2024","passed","Fri Nov 08 01:10:13 GMT 2024","","CHECK-TYPES-TEMP","CHECK-TYPES-TEMP",""
"","4000","multidirectional.append_using_equality","","Fri Nov 08 00:34:10 GMT 2024","passed","Fri Nov 08 00:34:14 GMT 2024","","WHOLE-TESTS","WHOLE-TESTS",""
"","1","TYPE-PROP.46","","Fri Nov 08 01:10:13 GMT 2024","passed","Fri Nov 08 01:10:13 GMT 2024","","CHECK-TYPES-TEMP","CHECK-TYPES-TEMP",""
"","2","STATE-TYPES.20","","Fri Nov 08 01:56:15 GMT 2024","passed","Fri Nov 08 01:56:15 GMT 2024","","BASIC","BASIC",""
"","1","BC-XP.03","","Fri Nov 08 00:49:03 GMT 2024","passed","Fri Nov 08 00:49:03 GMT 2024","","CHAINING","CHAINING",""
"","618","SELF-CONTAINED-SYNTHESIZE.01","","Fri Nov 08 01:25:10 GMT 2024","failed","Fri Nov 08 01:25:10 GMT 2024","","EXPERIMENTS","EXPERIMENTS",""
"","2","BC-XP.12","","Fri Nov 08 01:14:27 GMT 2024","passed","Fri Nov 08 01:14:27 GMT 2024","","BACKWARD-CHAINING","BACKWARD-CHAINING",""
"","1","ADD-REMOVE-MATCH-SS-STRINGS.04","","Fri Nov 08 00:51:22 GMT 2024","passed","Fri Nov 08 00:51:22 GMT 2024","","SPACES","SPACES",""
"","2","ORDEREDSETTEST.07","","Fri Nov 08 01:14:36 GMT 2024","passed","Fri Nov 08 01:14:36 GMT 2024","","COMMON","COMMON",""
"","2","CHAPTER-1-2.02","","Fri Nov 08 00:53:40 GMT 2024","passed","Fri Nov 08 00:53:40 GMT 2024","","SICP-BOOK","SICP-BOOK",""
"","6000","hol.NatStandaloneTest","","Fri Nov 08 00:34:10 GMT 2024","passed","Fri Nov 08 00:34:16 GMT 2024","","WHOLE-TESTS","WHOLE-TESTS",""
"","530","BC-XP.06","","Fri Nov 08 00:49:03 GMT 2024","failed","Fri Nov 08 00:49:03 GMT 2024","","CHAINING","CHAINING",""
"","47","FC-XP.09","","Fri Nov 08 01:17:16 GMT 2024","failed","Fri Nov 08 01:17:16 GMT 2024","","FORWARD-CHAINING","FORWARD-CHAINING",""
"","1","METTALOGTESTCURRIED2.05","","Fri Nov 08 01:47:36 GMT 2024","passed","Fri Nov 08 01:47:36 GMT 2024","","WALK-THRU","WALK-THRU",""
"","2","D2-HIGHERFUNC.10","","Fri Nov 08 01:10:34 GMT 2024","passed","Fri Nov 08 01:10:34 GMT 2024","","CHECK-TYPES","CHECK-TYPES",""
"","3","TYPE-PROP.14","","Fri Nov 08 01:10:13 GMT 2024","passed","Fri Nov 08 01:10:13 GMT 2024","","CHECK-TYPES-TEMP","CHECK-TYPES-TEMP",""
"","6","V2-PLN-XP.02","","Fri Nov 08 00:49:03 GMT 2024","passed","Fri Nov 08 00:49:03 GMT 2024","","CHAINING","CHAINING",""
"","2","TEST-IF-CLOSED.07","","Fri Nov 08 01:47:36 GMT 2024","passed","Fri Nov 08 01:47:36 GMT 2024","","WALK-THRU","WALK-THRU",""
"","3","IMPLICATIONDIRECTINTRODUCTIONDTLTEST.10","","Fri Nov 08 01:13:15 GMT 2024","passed","Fri Nov 08 01:13:15 GMT 2024","","DEPENDENT-TYPES","DEPENDENT-TYPES",""
"","3","KEY-LOOKUPS-MANY.01","","Fri Nov 08 01:56:15 GMT 2024","passed","Fri Nov 08 01:56:15 GMT 2024","","BASIC","BASIC",""
"","7000","nars_extras.RUN_minnars","","Fri Nov 08 00:34:10 GMT 2024","passed","Fri Nov 08 00:34:17 GMT 2024","","WHOLE-TESTS","WHOLE-TESTS",""
"","297","SPACE-SUBTRACTION-TESTS.07","","Fri Nov 08 00:35:50 GMT 2024","passed","Fri Nov 08 00:35:50 GMT 2024","","HYPERON-METTALOG-SANITY","HYPERON-METTALOG-SANITY",""
"","8000","dependent-types.MinerCurriedDTLTest","","Fri Nov 08 00:34:10 GMT 2024","passed","Fri Nov 08 00:34:18 GMT 2024","","WHOLE-TESTS","WHOLE-TESTS",""
"","45000","constraint.types","","Fri Nov 08 00:34:10 GMT 2024","failed","Fri Nov 08 00:34:55 GMT 2024","","WHOLE-TESTS","WHOLE-TESTS",""
"","2","FORWARD-CHAINER-XP.06","","Fri Nov 08 01:17:07 GMT 2024","passed","Fri Nov 08 01:17:07 GMT 2024","","FORWARD-CHAINER","FORWARD-CHAINER",""
"","4000","metta-morph_tests.peano","","Fri Nov 08 00:34:10 GMT 2024","passed","Fri Nov 08 00:34:14 GMT 2024","","WHOLE-TESTS","WHOLE-TESTS",""
"","6000","hol.NatTest","","Fri Nov 08 00:34:10 GMT 2024","passed","Fri Nov 08 00:34:16 GMT 2024","","WHOLE-TESTS","WHOLE-TESTS",""
"","2","BC-XP.20","","Fri Nov 08 01:14:27 GMT 2024","passed","Fri Nov 08 01:14:27 GMT 2024","","BACKWARD-CHAINING","BACKWARD-CHAINING",""
"","80","SYNTHESIZE-VIA-LET-TEST.10","","Fri Nov 08 01:25:10 GMT 2024","passed","Fri Nov 08 01:25:10 GMT 2024","","EXPERIMENTS","EXPERIMENTS",""
"","2","NATPARITYTEST.02","","Fri Nov 08 01:17:20 GMT 2024","passed","Fri Nov 08 01:17:20 GMT 2024","","HOL","HOL",""
"","2","03-SORING-VIA-INSERT.02","","Fri Nov 08 00:35:50 GMT 2024","passed","Fri Nov 08 00:35:50 GMT 2024","","HYPERON-METTALOG-SANITY","HYPERON-METTALOG-SANITY",""
"","2","KEY-LOOKUPS-MANY.09","","Fri Nov 08 01:56:15 GMT 2024","passed","Fri Nov 08 01:56:15 GMT 2024","","BASIC","BASIC",""
"","2","B4-NONDETERM.04","","Fri Nov 08 00:34:14 GMT 2024","passed","Fri Nov 08 00:34:14 GMT 2024","","HYPERON-EXPERIMENTAL-SCRIPTS","HYPERON-EXPERIMENTAL-SCRIPTS",""
"","1","D1-GADT.08","","Fri Nov 08 00:44:05 GMT 2024","passed","Fri Nov 08 00:44:05 GMT 2024","","QUICK","QUICK",""
"","201","SYNTHESIZE-VIA-UNIFY-TEST.05","","Fri Nov 08 01:25:10 GMT 2024","failed","Fri Nov 08 01:25:10 GMT 2024","","EXPERIMENTS","EXPERIMENTS",""
"","2","F1-MODULEA.09","","Fri Nov 08 00:34:14 GMT 2024","passed","Fri Nov 08 00:34:14 GMT 2024","","HYPERON-EXPERIMENTAL-SCRIPTS","HYPERON-EXPERIMENTAL-SCRIPTS",""
"","2","KEY-LOOKUPS-MANY.13","","Fri Nov 08 01:56:15 GMT 2024","passed","Fri Nov 08 01:56:15 GMT 2024","","BASIC","BASIC",""
"","2","ALL-ANY.02","","Fri Nov 08 01:01:40 GMT 2024","passed","Fri Nov 08 01:01:40 GMT 2024","","LOGIC","LOGIC",""
"","2","BACKWARD-CHAINER-XP.12","","Fri Nov 08 01:14:22 GMT 2024","passed","Fri Nov 08 01:14:22 GMT 2024","","BACKWARD-CHAINER","BACKWARD-CHAINER",""
"","2","TYPE-PROP.05","","Fri Nov 08 00:49:03 GMT 2024","passed","Fri Nov 08 00:49:03 GMT 2024","","CHAINING","CHAINING",""
"","11000","bigram-sentence-evaluator.wordVectors","","Fri Nov 08 00:34:10 GMT 2024","passed","Fri Nov 08 00:34:21 GMT 2024","","WHOLE-TESTS","WHOLE-TESTS",""
"","67","CHAPTER-2-4.07","","Fri Nov 08 00:53:40 GMT 2024","failed","Fri Nov 08 00:53:40 GMT 2024","","SICP-BOOK","SICP-BOOK",""
"","3","TRUTHVALUETEST.03","","Fri Nov 08 01:15:03 GMT 2024","passed","Fri Nov 08 01:15:03 GMT 2024","","TRUTHVALUE","TRUTHVALUE",""
"","14","AI-SERVICE-COMPOSITION-EASY.07","","Fri Nov 08 01:07:41 GMT 2024","passed","Fri Nov 08 01:07:41 GMT 2024","","AI-SERVICE","AI-SERVICE",""
"","17000","nondet_unify.run","","Fri Nov 08 00:34:10 GMT 2024","passed","Fri Nov 08 00:34:27 GMT 2024","","WHOLE-TESTS","WHOLE-TESTS",""
"","2","ADD-REMOVE-MATCH-FLOAT.09","","Fri Nov 08 00:51:22 GMT 2024","passed","Fri Nov 08 00:51:22 GMT 2024","","SPACES","SPACES",""
"","2","TEST-IF-CLOSED.03","","Fri Nov 08 00:41:57 GMT 2024","passed","Fri Nov 08 00:41:57 GMT 2024","","ANTI-REGRESSION","ANTI-REGRESSION",""
"","2","C1-GROUNDED-BASIC.05","","Fri Nov 08 00:44:05 GMT 2024","passed","Fri Nov 08 00:44:05 GMT 2024","","QUICK","QUICK",""
"","14","D2-HIGHERFUNC.20","","Fri Nov 08 00:44:05 GMT 2024","passed","Fri Nov 08 00:44:05 GMT 2024","","QUICK","QUICK",""
"","40000","iterators.combined","","Fri Nov 08 00:34:10 GMT 2024","failed","Fri Nov 08 00:34:50 GMT 2024","","WHOLE-TESTS","WHOLE-TESTS",""
"","2","STDLIB-METTALOG-TEST-PT2.66","","Fri Nov 08 00:53:30 GMT 2024","passed","Fri Nov 08 00:53:30 GMT 2024","","STDLIB-METTALOG","STDLIB-METTALOG",""
"","2","ADD-REMOVE-MATCH-INTEGER.22","","Fri Nov 08 00:51:22 GMT 2024","passed","Fri Nov 08 00:51:22 GMT 2024","","SPACES","SPACES",""
"","3","PLN-STV.01","","Fri Nov 08 00:49:03 GMT 2024","passed","Fri Nov 08 00:49:03 GMT 2024","","CHAINING","CHAINING",""
"","4000","walk_thru.bchain","","Fri Nov 08 00:34:10 GMT 2024","passed","Fri Nov 08 00:34:14 GMT 2024","","WHOLE-TESTS","WHOLE-TESTS",""
"","9000","bigram-sentence-evaluator.trigramModel","","Fri Nov 08 00:34:10 GMT 2024","passed","Fri Nov 08 00:34:19 GMT 2024","","WHOLE-TESTS","WHOLE-TESTS",""
"","19","INF-CTL-MONTH-XP-SHORT-6.01","","Fri Nov 08 02:02:34 GMT 2024","failed","Fri Nov 08 02:02:34 GMT 2024","","COMPARISONS","COMPARISONS",""
"","1","D1-GADT.14","","Fri Nov 08 01:10:34 GMT 2024","passed","Fri Nov 08 01:10:34 GMT 2024","","CHECK-TYPES","CHECK-TYPES",""
"","114","INTERSECTION-TESTS.21","","Fri Nov 08 00:35:50 GMT 2024","failed","Fri Nov 08 00:35:50 GMT 2024","","HYPERON-METTALOG-SANITY","HYPERON-METTALOG-SANITY",""
"","2","F1-IMPORTS.10","","Fri Nov 08 00:34:05 GMT 2024","passed","Fri Nov 08 00:34:05 GMT 2024","","MODULE-SYSTEM","MODULE-SYSTEM",""
"","91","EXAM-SPACES.04","","Fri Nov 08 00:51:07 GMT 2024","passed","Fri Nov 08 00:51:07 GMT 2024","","INTROSPECT","INTROSPECT",""
"","2","SPACE-INTERSECTION-TESTS.15","","Fri Nov 08 00:35:50 GMT 2024","passed","Fri Nov 08 00:35:50 GMT 2024","","HYPERON-METTALOG-SANITY","HYPERON-METTALOG-SANITY",""
"","1","IFC-XP.28","","Fri Nov 08 01:20:34 GMT 2024","passed","Fri Nov 08 01:20:34 GMT 2024","","ITERATIVE-CHAINING","ITERATIVE-CHAINING",""
"","2","STDLIB-METTALOG-TEST-PT2.47","","Fri Nov 08 00:53:30 GMT 2024","passed","Fri Nov 08 00:53:30 GMT 2024","","STDLIB-METTALOG","STDLIB-METTALOG",""
"","40000","basic.fibo-as-pred","","Fri Nov 08 00:34:10 GMT 2024","failed","Fri Nov 08 00:34:50 GMT 2024","","WHOLE-TESTS","WHOLE-TESTS",""
"","4000","forward-chaining.fc-xp","","Fri Nov 08 00:34:10 GMT 2024","passed","Fri Nov 08 00:34:14 GMT 2024","","WHOLE-TESTS","WHOLE-TESTS",""
"","14","TEST-INFER-FUNCTION-APPLICATION-TYPE.03","","Fri Nov 08 01:56:15 GMT 2024","failed","Fri Nov 08 01:56:15 GMT 2024","","BASIC","BASIC",""
"","3","TESTS5.01","","Fri Nov 08 01:29:19 GMT 2024","passed","Fri Nov 08 01:29:19 GMT 2024","","CURRENT","CURRENT",""
"","135","EXAMPLES-QUANTS.02","","Fri Nov 08 01:55:10 GMT 2024","failed","Fri Nov 08 01:55:10 GMT 2024","","POLYMORPHIC-TYPES","POLYMORPHIC-TYPES",""
"","40000","dependent-types.DeductionImplicationDirectIntroductionDTLTest","","Fri Nov 08 00:34:10 GMT 2024","failed","Fri Nov 08 00:34:50 GMT 2024","","WHOLE-TESTS","WHOLE-TESTS",""
"","2","ADD-REMOVE-MATCH-MIX-FLOAT-INTEGER.08","","Fri Nov 08 00:51:22 GMT 2024","passed","Fri Nov 08 00:51:22 GMT 2024","","SPACES","SPACES",""
"","2","DEDUCTIONFORMULATEST.12","","Fri Nov 08 01:14:59 GMT 2024","passed","Fri Nov 08 01:14:59 GMT 2024","","FORMULA","FORMULA",""
"","47000","direct_comp.compiler_walkthru","","Fri Nov 08 00:34:10 GMT 2024","failed","Fri Nov 08 00:34:57 GMT 2024","","WHOLE-TESTS","WHOLE-TESTS",""
"","153","NON-DETERMINISM.02","","Fri Nov 08 01:25:10 GMT 2024","passed","Fri Nov 08 01:25:10 GMT 2024","","EXPERIMENTS","EXPERIMENTS",""
"","46000","new.tests3","","Fri Nov 08 00:34:10 GMT 2024","failed","Fri Nov 08 00:34:56 GMT 2024","","WHOLE-TESTS","WHOLE-TESTS",""
"","46000","new.tests4","","Fri Nov 08 00:34:10 GMT 2024","failed","Fri Nov 08 00:34:56 GMT 2024","","WHOLE-TESTS","WHOLE-TESTS",""
"","2","MAYBETEST.02","","Fri Nov 08 01:14:36 GMT 2024","passed","Fri Nov 08 01:14:36 GMT 2024","","COMMON","COMMON",""
"","2","IMPLICATIONDIRECTINTRODUCTIONENTAILTEST.06","","Fri Nov 08 01:16:46 GMT 2024","passed","Fri Nov 08 01:16:46 GMT 2024","","ENTAIL","ENTAIL",""
"","71","E2-STATES.07","","Fri Nov 08 01:10:34 GMT 2024","failed","Fri Nov 08 01:10:34 GMT 2024","","CHECK-TYPES","CHECK-TYPES",""
"","4000","metta-morph_tests.let_superpose_list","","Fri Nov 08 00:34:10 GMT 2024","passed","Fri Nov 08 00:34:14 GMT 2024","","WHOLE-TESTS","WHOLE-TESTS",""
"","3","STRING-TESTS.01","","Fri Nov 08 00:35:50 GMT 2024","passed","Fri Nov 08 00:35:50 GMT 2024","","HYPERON-METTALOG-SANITY","HYPERON-METTALOG-SANITY",""
"","2","D2-HIGHERFUNC.02","","Fri Nov 08 01:10:34 GMT 2024","passed","Fri Nov 08 01:10:34 GMT 2024","","CHECK-TYPES","CHECK-TYPES",""
"","2","NUMTEST.05","","Fri Nov 08 01:14:36 GMT 2024","passed","Fri Nov 08 01:14:36 GMT 2024","","COMMON","COMMON",""
"","2","00-LANG-CASE.17","","Fri Nov 08 00:35:50 GMT 2024","passed","Fri Nov 08 00:35:50 GMT 2024","","HYPERON-METTALOG-SANITY","HYPERON-METTALOG-SANITY",""
"","69","C1-GROUNDED-BASIC.19","","Fri Nov 08 00:44:05 GMT 2024","passed","Fri Nov 08 00:44:05 GMT 2024","","QUICK","QUICK",""
"","1","INF-CTL-MONTH-XP-SHORT-3.02","","Fri Nov 08 02:02:34 GMT 2024","passed","Fri Nov 08 02:02:34 GMT 2024","","COMPARISONS","COMPARISONS",""
"","2","UNIQUE-TEST.05","","Fri Nov 08 00:35:50 GMT 2024","passed","Fri Nov 08 00:35:50 GMT 2024","","HYPERON-METTALOG-SANITY","HYPERON-METTALOG-SANITY",""
"","2","F1-IMPORTS.06","","Fri Nov 08 00:44:05 GMT 2024","passed","Fri Nov 08 00:44:05 GMT 2024","","QUICK","QUICK",""
"","2","TEST-IF-CLOSED.04","","Fri Nov 08 00:41:57 GMT 2024","passed","Fri Nov 08 00:41:57 GMT 2024","","ANTI-REGRESSION","ANTI-REGRESSION",""
"","3","UNIFY-VIA-CASE.01","","Fri Nov 08 01:25:10 GMT 2024","passed","Fri Nov 08 01:25:10 GMT 2024","","EXPERIMENTS","EXPERIMENTS",""
"","2","B2-BACKCHAIN.03","","Fri Nov 08 00:34:14 GMT 2024","passed","Fri Nov 08 00:34:14 GMT 2024","","HYPERON-EXPERIMENTAL-SCRIPTS","HYPERON-EXPERIMENTAL-SCRIPTS",""
"","4","OBIF-EASY.01","","Fri Nov 08 01:53:56 GMT 2024","passed","Fri Nov 08 01:53:56 GMT 2024","","MULTIDIRECTIONAL","MULTIDIRECTIONAL",""
"","1","D4-TYPE-PROP.11","","Fri Nov 08 01:10:34 GMT 2024","passed","Fri Nov 08 01:10:34 GMT 2024","","CHECK-TYPES","CHECK-TYPES",""
"","2","ADD-REMOVE-MATCH-SS-STRINGS.09","","Fri Nov 08 00:51:22 GMT 2024","passed","Fri Nov 08 00:51:22 GMT 2024","","SPACES","SPACES",""
"","2","TYPE-PROP.25","","Fri Nov 08 01:10:13 GMT 2024","passed","Fri Nov 08 01:10:13 GMT 2024","","CHECK-TYPES-TEMP","CHECK-TYPES-TEMP",""
"","2","D2-HIGHERFUNC.24","","Fri Nov 08 00:34:14 GMT 2024","passed","Fri Nov 08 00:34:14 GMT 2024","","HYPERON-EXPERIMENTAL-SCRIPTS","HYPERON-EXPERIMENTAL-SCRIPTS",""
"","3","D2-HIGHERFUNC.25","","Fri Nov 08 01:10:34 GMT 2024","passed","Fri Nov 08 01:10:34 GMT 2024","","CHECK-TYPES","CHECK-TYPES",""
"","12","IMPLICATIONDIRECTINTRODUCTIONDTLTEST.03","","Fri Nov 08 01:13:15 GMT 2024","passed","Fri Nov 08 01:13:15 GMT 2024","","DEPENDENT-TYPES","DEPENDENT-TYPES",""
"","2","LISTTEST.02","","Fri Nov 08 01:14:36 GMT 2024","passed","Fri Nov 08 01:14:36 GMT 2024","","COMMON","COMMON",""
"","3","SUPPORTRULEEXP.01","","Fri Nov 08 01:13:15 GMT 2024","passed","Fri Nov 08 01:13:15 GMT 2024","","DEPENDENT-TYPES","DEPENDENT-TYPES",""
"","899","IBC-XP.26","","Fri Nov 08 01:20:34 GMT 2024","passed","Fri Nov 08 01:20:34 GMT 2024","","ITERATIVE-CHAINING","ITERATIVE-CHAINING",""
"","6","TYPES2.01","","Fri Nov 08 00:39:48 GMT 2024","passed","Fri Nov 08 00:39:48 GMT 2024","","METTA-MORPH-TESTS","METTA-MORPH-TESTS",""
"","2","IMPL-METTALOGTESTCURRIED.10","","Fri Nov 08 01:47:36 GMT 2024","passed","Fri Nov 08 01:47:36 GMT 2024","","WALK-THRU","WALK-THRU",""
"","2","FC-XP.11","","Fri Nov 08 01:17:16 GMT 2024","passed","Fri Nov 08 01:17:16 GMT 2024","","FORWARD-CHAINING","FORWARD-CHAINING",""
"","4","SORING-VIA-INSERT.01","","Fri Nov 08 01:10:13 GMT 2024","passed","Fri Nov 08 01:10:13 GMT 2024","","CHECK-TYPES-TEMP","CHECK-TYPES-TEMP",""
"","4000","std.gadt","","Fri Nov 08 00:34:10 GMT 2024","passed","Fri Nov 08 00:34:14 GMT 2024","","WHOLE-TESTS","WHOLE-TESTS",""
"","2","D4-TYPE-PROP.01","","Fri Nov 08 00:34:14 GMT 2024","passed","Fri Nov 08 00:34:14 GMT 2024","","HYPERON-EXPERIMENTAL-SCRIPTS","HYPERON-EXPERIMENTAL-SCRIPTS",""
"","50","C1-GROUNDED-BASIC.15","","Fri Nov 08 00:34:14 GMT 2024","failed","Fri Nov 08 00:34:14 GMT 2024","","HYPERON-EXPERIMENTAL-SCRIPTS","HYPERON-EXPERIMENTAL-SCRIPTS",""
"","2","ADD-REMOVE-MATCH-S-SYMBOLS.01","","Fri Nov 08 00:51:22 GMT 2024","passed","Fri Nov 08 00:51:22 GMT 2024","","SPACES","SPACES",""
"","5000","hyperon-mettalog_sanity.or_test","","Fri Nov 08 00:34:10 GMT 2024","passed","Fri Nov 08 00:34:15 GMT 2024","","WHOLE-TESTS","WHOLE-TESTS",""
"","2","ADD-REMOVE-MATCH-STRINGS.04","","Fri Nov 08 00:51:22 GMT 2024","passed","Fri Nov 08 00:51:22 GMT 2024","","SPACES","SPACES",""
"","4","TESTS0.03","","Fri Nov 08 01:42:12 GMT 2024","passed","Fri Nov 08 01:42:12 GMT 2024","","PREV","PREV",""
"","20","NATSTANDALONETEST.11","","Fri Nov 08 01:17:20 GMT 2024","failed","Fri Nov 08 01:17:20 GMT 2024","","HOL","HOL",""
"","2","SPACE-INTERSECTION-TESTS.04","","Fri Nov 08 00:35:50 GMT 2024","passed","Fri Nov 08 00:35:50 GMT 2024","","HYPERON-METTALOG-SANITY","HYPERON-METTALOG-SANITY",""
"","3","CML-UNSHARED.01","","Fri Nov 08 01:56:15 GMT 2024","passed","Fri Nov 08 01:56:15 GMT 2024","","BASIC","BASIC",""
"","46","TYPE-PROP.79","","Fri Nov 08 01:10:13 GMT 2024","failed","Fri Nov 08 01:10:13 GMT 2024","","CHECK-TYPES-TEMP","CHECK-TYPES-TEMP",""
"","3","HYPERPOSING-SHARED.01","","Fri Nov 08 01:56:15 GMT 2024","passed","Fri Nov 08 01:56:15 GMT 2024","","BASIC","BASIC",""
"","15","TEST-INFER-FUNCTION-APPLICATION-TYPE.11","","Fri Nov 08 01:56:15 GMT 2024","failed","Fri Nov 08 01:56:15 GMT 2024","","BASIC","BASIC",""
"","13","STDLIB-METTALOG-TEST-PT2.35","","Fri Nov 08 00:53:30 GMT 2024","passed","Fri Nov 08 00:53:30 GMT 2024","","STDLIB-METTALOG","STDLIB-METTALOG",""
"","2","KEY-LOOKUPS-MANY.05","","Fri Nov 08 01:56:15 GMT 2024","passed","Fri Nov 08 01:56:15 GMT 2024","","BASIC","BASIC",""
"","2","AI-SERVICE-COMPOSITION-SANITY.04","","Fri Nov 08 01:07:41 GMT 2024","passed","Fri Nov 08 01:07:41 GMT 2024","","AI-SERVICE","AI-SERVICE",""
"","4000","hyperon-experimental_scripts.c2_spaces","","Fri Nov 08 00:34:10 GMT 2024","passed","Fri Nov 08 00:34:14 GMT 2024","","WHOLE-TESTS","WHOLE-TESTS",""
"","5000","basic.hyperposing-shared","","Fri Nov 08 00:34:10 GMT 2024","passed","Fri Nov 08 00:34:15 GMT 2024","","WHOLE-TESTS","WHOLE-TESTS",""
"","3","NUMTEST.08","","Fri Nov 08 01:14:36 GMT 2024","passed","Fri Nov 08 01:14:36 GMT 2024","","COMMON","COMMON",""
"","1","MATCH-VOID.07","","Fri Nov 08 00:39:48 GMT 2024","passed","Fri Nov 08 00:39:48 GMT 2024","","METTA-MORPH-TESTS","METTA-MORPH-TESTS",""
"","2","FORWARD-CHAINER-XP.27","","Fri Nov 08 01:17:07 GMT 2024","passed","Fri Nov 08 01:17:07 GMT 2024","","FORWARD-CHAINER","FORWARD-CHAINER",""
"","2","MATCH-SUPERPOSED-SPACES.02","","Fri Nov 08 00:39:48 GMT 2024","passed","Fri Nov 08 00:39:48 GMT 2024","","METTA-MORPH-TESTS","METTA-MORPH-TESTS",""
"","2","ADD-REMOVE-MATCH-INTEGER.23","","Fri Nov 08 00:51:22 GMT 2024","passed","Fri Nov 08 00:51:22 GMT 2024","","SPACES","SPACES",""
"","2","STDLIB-METTALOG-TEST-PT2.45","","Fri Nov 08 00:53:30 GMT 2024","passed","Fri Nov 08 00:53:30 GMT 2024","","STDLIB-METTALOG","STDLIB-METTALOG",""
"","2","ADD-REMOVE-MATCH-MIX-FLOAT-INTEGER.03","","Fri Nov 08 00:51:22 GMT 2024","passed","Fri Nov 08 00:51:22 GMT 2024","","SPACES","SPACES",""
"","4000","metta-morph_tests.match_feval","","Fri Nov 08 00:34:10 GMT 2024","passed","Fri Nov 08 00:34:14 GMT 2024","","WHOLE-TESTS","WHOLE-TESTS",""
"","2","BACKWARD-CHAINER-XP.40","","Fri Nov 08 01:14:22 GMT 2024","passed","Fri Nov 08 01:14:22 GMT 2024","","BACKWARD-CHAINER","BACKWARD-CHAINER",""
"","2","ADD-REMOVE-MATCH-INTEGER.08","","Fri Nov 08 00:51:22 GMT 2024","passed","Fri Nov 08 00:51:22 GMT 2024","","SPACES","SPACES",""
"","2","BASE-TEST-REPR-PARSE-INTERSECTION.03","","Fri Nov 08 00:35:50 GMT 2024","passed","Fri Nov 08 00:35:50 GMT 2024","","HYPERON-METTALOG-SANITY","HYPERON-METTALOG-SANITY",""
"","387","INF-CTL-XP.07","","Fri Nov 08 01:18:32 GMT 2024","passed","Fri Nov 08 01:18:32 GMT 2024","","INFERENCE-CONTROL","INFERENCE-CONTROL",""
"","2","HYPERPOSE.05","","Fri Nov 08 00:39:48 GMT 2024","passed","Fri Nov 08 00:39:48 GMT 2024","","METTA-MORPH-TESTS","METTA-MORPH-TESTS",""
"","2","LET-SUPERPOSE-LIST.01","","Fri Nov 08 01:47:09 GMT 2024","passed","Fri Nov 08 01:47:09 GMT 2024","","TRANSPILER","TRANSPILER",""
"","2","BCHAIN-COMP.01","","Fri Nov 08 00:41:57 GMT 2024","passed","Fri Nov 08 00:41:57 GMT 2024","","ANTI-REGRESSION","ANTI-REGRESSION",""
"","2","IBC-XP.32","","Fri Nov 08 01:20:34 GMT 2024","passed","Fri Nov 08 01:20:34 GMT 2024","","ITERATIVE-CHAINING","ITERATIVE-CHAINING",""
"","2","HYPERPOSING-UNSHARED.07","","Fri Nov 08 01:56:15 GMT 2024","passed","Fri Nov 08 01:56:15 GMT 2024","","BASIC","BASIC",""
"","2","FC-XP.15","","Fri Nov 08 01:17:16 GMT 2024","passed","Fri Nov 08 01:17:16 GMT 2024","","FORWARD-CHAINING","FORWARD-CHAINING",""
"","2","CHAPTER-1-1.19","","Fri Nov 08 00:53:40 GMT 2024","passed","Fri Nov 08 00:53:40 GMT 2024","","SICP-BOOK","SICP-BOOK",""
"","4","EVIDENTIALTRUTHVALUETEST.02","","Fri Nov 08 01:15:03 GMT 2024","passed","Fri Nov 08 01:15:03 GMT 2024","","TRUTHVALUE","TRUTHVALUE",""
"","2","F1-IMPORTS.17","","Fri Nov 08 00:44:05 GMT 2024","passed","Fri Nov 08 00:44:05 GMT 2024","","QUICK","QUICK",""
"","174","SPACE-SUBTRACTION-TESTS.08","","Fri Nov 08 00:35:50 GMT 2024","passed","Fri Nov 08 00:35:50 GMT 2024","","HYPERON-METTALOG-SANITY","HYPERON-METTALOG-SANITY",""
"","500","PARENT-GO-1-COMP.01","","Fri Nov 08 00:49:03 GMT 2024","passed","Fri Nov 08 00:49:03 GMT 2024","","CHAINING","CHAINING",""
"","2","MATCH-VOID.08","","Fri Nov 08 00:39:48 GMT 2024","passed","Fri Nov 08 00:39:48 GMT 2024","","METTA-MORPH-TESTS","METTA-MORPH-TESTS",""
"","128","SHOW-TYPE.10","","Fri Nov 08 00:51:07 GMT 2024","failed","Fri Nov 08 00:51:07 GMT 2024","","INTROSPECT","INTROSPECT",""
"","2","ADD-REMOVE-MATCH-INTEGER.06","","Fri Nov 08 00:51:22 GMT 2024","passed","Fri Nov 08 00:51:22 GMT 2024","","SPACES","SPACES",""
"","1","HYPERPOSING-UNSHARED.02","","Fri Nov 08 01:56:15 GMT 2024","passed","Fri Nov 08 01:56:15 GMT 2024","","BASIC","BASIC",""
"","27000","language_models.pllm_penntree","","Fri Nov 08 00:34:10 GMT 2024","passed","Fri Nov 08 00:34:37 GMT 2024","","WHOLE-TESTS","WHOLE-TESTS",""
"","263","BASIC.02","","Fri Nov 08 01:07:29 GMT 2024","passed","Fri Nov 08 01:07:29 GMT 2024","","TRAVERSER","TRAVERSER",""
"","2","D2-HIGHERFUNC.27","","Fri Nov 08 00:44:05 GMT 2024","passed","Fri Nov 08 00:44:05 GMT 2024","","QUICK","QUICK",""
"","50","B5-TYPES-PRELIM.14","","Fri Nov 08 01:10:13 GMT 2024","failed","Fri Nov 08 01:10:13 GMT 2024","","CHECK-TYPES-TEMP","CHECK-TYPES-TEMP",""
"","403","IBC-XP.33","","Fri Nov 08 01:20:34 GMT 2024","failed","Fri Nov 08 01:20:34 GMT 2024","","ITERATIVE-CHAINING","ITERATIVE-CHAINING",""
"","17271","NARS-BUILDTUPLECOUNTS.02","","Fri Nov 08 01:33:08 GMT 2024","failed","Fri Nov 08 01:33:25 GMT 2024","","NARS-EXTRAS","NARS-EXTRAS",""
"","67","C1-GROUNDED-BASIC.19","","Fri Nov 08 00:34:14 GMT 2024","passed","Fri Nov 08 00:34:14 GMT 2024","","HYPERON-EXPERIMENTAL-SCRIPTS","HYPERON-EXPERIMENTAL-SCRIPTS",""
"","3","FORWARD-CHAINER-TEST.10","","Fri Nov 08 01:17:07 GMT 2024","passed","Fri Nov 08 01:17:07 GMT 2024","","FORWARD-CHAINER","FORWARD-CHAINER",""
"","58","NATSTANDALONETEST.15","","Fri Nov 08 01:17:20 GMT 2024","failed","Fri Nov 08 01:17:20 GMT 2024","","HOL","HOL",""
"","1","D4-TYPE-PROP.14","","Fri Nov 08 01:10:34 GMT 2024","passed","Fri Nov 08 01:10:34 GMT 2024","","CHECK-TYPES","CHECK-TYPES",""
"","556","NATPARITYTEST.17","","Fri Nov 08 01:17:20 GMT 2024","passed","Fri Nov 08 01:17:20 GMT 2024","","HOL","HOL",""
"","18","UNIFYTEST.02","","Fri Nov 08 01:25:04 GMT 2024","failed","Fri Nov 08 01:25:04 GMT 2024","","SYNTHESIS","SYNTHESIS",""
"","66","B5-TYPES-PRELIM.02","","Fri Nov 08 01:10:13 GMT 2024","failed","Fri Nov 08 01:10:13 GMT 2024","","CHECK-TYPES-TEMP","CHECK-TYPES-TEMP",""
"","2","MATCH-VOID.06","","Fri Nov 08 00:39:48 GMT 2024","passed","Fri Nov 08 00:39:48 GMT 2024","","METTA-MORPH-TESTS","METTA-MORPH-TESTS",""
"","2","BCHAIN-COMP.06","","Fri Nov 08 01:47:36 GMT 2024","passed","Fri Nov 08 01:47:36 GMT 2024","","WALK-THRU","WALK-THRU",""
"","4000","quick.f1_moduleA","","Fri Nov 08 00:34:10 GMT 2024","passed","Fri Nov 08 00:34:14 GMT 2024","","WHOLE-TESTS","WHOLE-TESTS",""
"","2","DEDUCTIONFORMULATEST.03","","Fri Nov 08 01:14:59 GMT 2024","passed","Fri Nov 08 01:14:59 GMT 2024","","FORMULA","FORMULA",""
"","3","TYPE-PROP.02","","Fri Nov 08 01:10:13 GMT 2024","passed","Fri Nov 08 01:10:13 GMT 2024","","CHECK-TYPES-TEMP","CHECK-TYPES-TEMP",""
"","2","F1-MODULEA.10","","Fri Nov 08 00:44:05 GMT 2024","passed","Fri Nov 08 00:44:05 GMT 2024","","QUICK","QUICK",""
"","41000","comparisons.fibo_arg1c","","Fri Nov 08 00:34:10 GMT 2024","failed","Fri Nov 08 00:34:51 GMT 2024","","WHOLE-TESTS","WHOLE-TESTS",""
"","4000","anti-regression.bchain_comp","","Fri Nov 08 00:34:10 GMT 2024","passed","Fri Nov 08 00:34:14 GMT 2024","","WHOLE-TESTS","WHOLE-TESTS",""
"","2","BC-COMP.03","","Fri Nov 08 00:41:57 GMT 2024","passed","Fri Nov 08 00:41:57 GMT 2024","","ANTI-REGRESSION","ANTI-REGRESSION",""
"","5000","loop-checks.06_loop_1","","Fri Nov 08 00:34:10 GMT 2024","passed","Fri Nov 08 00:34:15 GMT 2024","","WHOLE-TESTS","WHOLE-TESTS",""
"","2","STRING-TESTS.17","","Fri Nov 08 00:35:50 GMT 2024","passed","Fri Nov 08 00:35:50 GMT 2024","","HYPERON-METTALOG-SANITY","HYPERON-METTALOG-SANITY",""
"","2","IDENTITY.01","","Fri Nov 08 00:39:48 GMT 2024","passed","Fri Nov 08 00:39:48 GMT 2024","","METTA-MORPH-TESTS","METTA-MORPH-TESTS",""
"","3","TESTS4.01","","Fri Nov 08 00:44:34 GMT 2024","passed","Fri Nov 08 00:44:34 GMT 2024","","MAIN-BRANCH","MAIN-BRANCH",""
"","3","E2-STATES.12","","Fri Nov 08 00:34:14 GMT 2024","passed","Fri Nov 08 00:34:14 GMT 2024","","HYPERON-EXPERIMENTAL-SCRIPTS","HYPERON-EXPERIMENTAL-SCRIPTS",""
"","5000","experiments.synthesize-via-type-checking","","Fri Nov 08 00:34:10 GMT 2024","passed","Fri Nov 08 00:34:15 GMT 2024","","WHOLE-TESTS","WHOLE-TESTS",""
"","85","TYPE-PROP.66","","Fri Nov 08 01:10:13 GMT 2024","failed","Fri Nov 08 01:10:13 GMT 2024","","CHECK-TYPES-TEMP","CHECK-TYPES-TEMP",""
"","576","TMPMATCH2.05","","Fri Nov 08 01:47:36 GMT 2024","passed","Fri Nov 08 01:47:36 GMT 2024","","WALK-THRU","WALK-THRU",""
"","15000","anti-regression.mettalogTestCurried","","Fri Nov 08 00:34:10 GMT 2024","failed","Fri Nov 08 00:34:25 GMT 2024","","WHOLE-TESTS","WHOLE-TESTS",""
"","3","D2-HIGHERFUNC.01","","Fri Nov 08 00:34:14 GMT 2024","passed","Fri Nov 08 00:34:14 GMT 2024","","HYPERON-EXPERIMENTAL-SCRIPTS","HYPERON-EXPERIMENTAL-SCRIPTS",""
"","3","B4-NONDETERM.07","","Fri Nov 08 00:34:14 GMT 2024","passed","Fri Nov 08 00:34:14 GMT 2024","","HYPERON-EXPERIMENTAL-SCRIPTS","HYPERON-EXPERIMENTAL-SCRIPTS",""
"","2","TYPE-PROP.65","","Fri Nov 08 01:10:13 GMT 2024","passed","Fri Nov 08 01:10:13 GMT 2024","","CHECK-TYPES-TEMP","CHECK-TYPES-TEMP",""
"","2","F1-IMPORTS.01","","Fri Nov 08 00:34:14 GMT 2024","passed","Fri Nov 08 00:34:14 GMT 2024","","HYPERON-EXPERIMENTAL-SCRIPTS","HYPERON-EXPERIMENTAL-SCRIPTS",""
"","4000","comparisons.inf-ctl-month-xp-short_1","","Fri Nov 08 00:34:10 GMT 2024","passed","Fri Nov 08 00:34:14 GMT 2024","","WHOLE-TESTS","WHOLE-TESTS",""
"","40000","python_from_metta.requests","","Fri Nov 08 00:34:10 GMT 2024","failed","Fri Nov 08 00:34:50 GMT 2024","","WHOLE-TESTS","WHOLE-TESTS",""
"","55","APPEND-USING-EQUALITY.02","","Fri Nov 08 01:53:56 GMT 2024","failed","Fri Nov 08 01:53:56 GMT 2024","","MULTIDIRECTIONAL","MULTIDIRECTIONAL",""
"","6000","std.lte","","Fri Nov 08 00:34:10 GMT 2024","passed","Fri Nov 08 00:34:16 GMT 2024","","WHOLE-TESTS","WHOLE-TESTS",""
"","6000","aunt-kg.simple_conversion","","Fri Nov 08 00:34:10 GMT 2024","passed","Fri Nov 08 00:34:16 GMT 2024","","WHOLE-TESTS","WHOLE-TESTS",""
"","2","COMBINED.02","","Fri Nov 08 01:52:22 GMT 2024","passed","Fri Nov 08 01:52:22 GMT 2024","","ITERATORS","ITERATORS",""
"","2","UNIFY-VIA-CASE.06","","Fri Nov 08 01:25:10 GMT 2024","passed","Fri Nov 08 01:25:10 GMT 2024","","EXPERIMENTS","EXPERIMENTS",""
"","64","F1-IMPORTS.17","","Fri Nov 08 00:34:05 GMT 2024","passed","Fri Nov 08 00:34:05 GMT 2024","","MODULE-SYSTEM","MODULE-SYSTEM",""
"","2","NATSTANDALONETEST.01","","Fri Nov 08 01:17:20 GMT 2024","passed","Fri Nov 08 01:17:20 GMT 2024","","HOL","HOL",""
"","4000","hyperon-experimental_scripts.d3_deptypes","","Fri Nov 08 00:34:10 GMT 2024","passed","Fri Nov 08 00:34:14 GMT 2024","","WHOLE-TESTS","WHOLE-TESTS",""
"","2","TESTS0.03","","Fri Nov 08 01:38:18 GMT 2024","passed","Fri Nov 08 01:38:18 GMT 2024","","NEW","NEW",""
"","68","B5-TYPES-PRELIM.24","","Fri Nov 08 01:10:13 GMT 2024","failed","Fri Nov 08 01:10:13 GMT 2024","","CHECK-TYPES-TEMP","CHECK-TYPES-TEMP",""
"","2","F1-MODULEA.01","","Fri Nov 08 00:34:05 GMT 2024","passed","Fri Nov 08 00:34:05 GMT 2024","","MODULE-SYSTEM","MODULE-SYSTEM",""
"","2","PC-XP.06","","Fri Nov 08 01:23:17 GMT 2024","passed","Fri Nov 08 01:23:17 GMT 2024","","POLYWARD-CHAINING","POLYWARD-CHAINING",""
"","2","OR-TEST.13","","Fri Nov 08 00:35:50 GMT 2024","passed","Fri Nov 08 00:35:50 GMT 2024","","HYPERON-METTALOG-SANITY","HYPERON-METTALOG-SANITY",""
"","2","ADD-REMOVE-MATCH-INTEGER.26","","Fri Nov 08 00:51:22 GMT 2024","passed","Fri Nov 08 00:51:22 GMT 2024","","SPACES","SPACES",""
"","791","NATSIMPLETEST.05","","Fri Nov 08 01:17:20 GMT 2024","passed","Fri Nov 08 01:17:20 GMT 2024","","HOL","HOL",""
"","2","SUPERCOLLAPSE.08","","Fri Nov 08 00:39:48 GMT 2024","passed","Fri Nov 08 00:39:48 GMT 2024","","METTA-MORPH-TESTS","METTA-MORPH-TESTS",""
"","1","HYPERPOSE.06","","Fri Nov 08 00:39:48 GMT 2024","passed","Fri Nov 08 00:39:48 GMT 2024","","METTA-MORPH-TESTS","METTA-MORPH-TESTS",""
"","2","B5-TYPES-PRELIM.13","","Fri Nov 08 00:34:14 GMT 2024","passed","Fri Nov 08 00:34:14 GMT 2024","","HYPERON-EXPERIMENTAL-SCRIPTS","HYPERON-EXPERIMENTAL-SCRIPTS",""
"","3","DEDUCTIONDTLTEST.02","","Fri Nov 08 01:13:15 GMT 2024","passed","Fri Nov 08 01:13:15 GMT 2024","","DEPENDENT-TYPES","DEPENDENT-TYPES",""
"","54","APPEND-USING-EQUALITY.04","","Fri Nov 08 01:53:56 GMT 2024","failed","Fri Nov 08 01:53:56 GMT 2024","","MULTIDIRECTIONAL","MULTIDIRECTIONAL",""
"","3","ORIENTATION-TEST.01","","Fri Nov 08 01:24:16 GMT 2024","passed","Fri Nov 08 01:24:16 GMT 2024","","ORIENTATION","ORIENTATION",""
"","2","TMPMATCH2.04","","Fri Nov 08 01:47:36 GMT 2024","passed","Fri Nov 08 01:47:36 GMT 2024","","WALK-THRU","WALK-THRU",""
"","2","00A-LANG-COMPILED-CASE.10","","Fri Nov 08 01:46:09 GMT 2024","passed","Fri Nov 08 01:46:09 GMT 2024","","DIRECT-COMP","DIRECT-COMP",""
"","2","A3-TWOSIDE.02","","Fri Nov 08 00:34:14 GMT 2024","passed","Fri Nov 08 00:34:14 GMT 2024","","HYPERON-EXPERIMENTAL-SCRIPTS","HYPERON-EXPERIMENTAL-SCRIPTS",""
"","40000","main-branch.tests2","","Fri Nov 08 00:34:10 GMT 2024","failed","Fri Nov 08 00:34:50 GMT 2024","","WHOLE-TESTS","WHOLE-TESTS",""
"","2","STDLIB-METTALOG-TEST-PT2.24","","Fri Nov 08 00:53:30 GMT 2024","passed","Fri Nov 08 00:53:30 GMT 2024","","STDLIB-METTALOG","STDLIB-METTALOG",""
"","38","IFC-XP.32","","Fri Nov 08 01:20:34 GMT 2024","failed","Fri Nov 08 01:20:34 GMT 2024","","ITERATIVE-CHAINING","ITERATIVE-CHAINING",""
"","2","B5-TYPES-PRELIM.12","","Fri Nov 08 00:34:14 GMT 2024","passed","Fri Nov 08 00:34:14 GMT 2024","","HYPERON-EXPERIMENTAL-SCRIPTS","HYPERON-EXPERIMENTAL-SCRIPTS",""
"","2","D4-TYPE-PROP.17","","Fri Nov 08 00:44:05 GMT 2024","passed","Fri Nov 08 00:44:05 GMT 2024","","QUICK","QUICK",""
"","482","TESTS0.07","","Fri Nov 08 01:34:24 GMT 2024","failed","Fri Nov 08 01:34:24 GMT 2024","","NARS-V0","NARS-V0",""
"","69","ADD-REMOVE-MATCH-STRINGS.16","","Fri Nov 08 00:51:22 GMT 2024","failed","Fri Nov 08 00:51:22 GMT 2024","","SPACES","SPACES",""
"","2","TYPE-PROP.50","","Fri Nov 08 01:10:13 GMT 2024","passed","Fri Nov 08 01:10:13 GMT 2024","","CHECK-TYPES-TEMP","CHECK-TYPES-TEMP",""
"","5000","std.grounded_basic","","Fri Nov 08 00:34:10 GMT 2024","passed","Fri Nov 08 00:34:15 GMT 2024","","WHOLE-TESTS","WHOLE-TESTS",""
"","62","NONDETERM.02","","Fri Nov 08 00:52:05 GMT 2024","passed","Fri Nov 08 00:52:05 GMT 2024","","STD","STD",""
"","2","FC-XP.16","","Fri Nov 08 01:17:16 GMT 2024","passed","Fri Nov 08 01:17:16 GMT 2024","","FORWARD-CHAINING","FORWARD-CHAINING",""
"","102","TYPE-PROP.76","","Fri Nov 08 01:10:13 GMT 2024","failed","Fri Nov 08 01:10:13 GMT 2024","","CHECK-TYPES-TEMP","CHECK-TYPES-TEMP",""
"","4000","quick.d2_higherfunc","","Fri Nov 08 00:34:10 GMT 2024","passed","Fri Nov 08 00:34:14 GMT 2024","","WHOLE-TESTS","WHOLE-TESTS",""
"","3","CHAPTER-2-4.01","","Fri Nov 08 00:53:40 GMT 2024","passed","Fri Nov 08 00:53:40 GMT 2024","","SICP-BOOK","SICP-BOOK",""
"","13","SPACE-INTERSECTION-TESTS.14","","Fri Nov 08 00:35:50 GMT 2024","passed","Fri Nov 08 00:35:50 GMT 2024","","HYPERON-METTALOG-SANITY","HYPERON-METTALOG-SANITY",""
"","2","TYPES-PRELIM.20","","Fri Nov 08 00:49:03 GMT 2024","passed","Fri Nov 08 00:49:03 GMT 2024","","CHAINING","CHAINING",""
"","46000","nars_v0.tests1","","Fri Nov 08 00:34:10 GMT 2024","failed","Fri Nov 08 00:34:56 GMT 2024","","WHOLE-TESTS","WHOLE-TESTS",""
"","3","QUERIES.09","","Fri Nov 08 01:06:48 GMT 2024","passed","Fri Nov 08 01:06:48 GMT 2024","","STRIPS-TO-METTA-IMPROVED","STRIPS-TO-METTA-IMPROVED",""
"","40000","stack-based.rewrites","","Fri Nov 08 00:34:10 GMT 2024","failed","Fri Nov 08 00:34:50 GMT 2024","","WHOLE-TESTS","WHOLE-TESTS",""
"","1","B5-TYPES-PRELIM.22","","Fri Nov 08 01:10:13 GMT 2024","passed","Fri Nov 08 01:10:13 GMT 2024","","CHECK-TYPES-TEMP","CHECK-TYPES-TEMP",""
"","1","IFC-XP.30","","Fri Nov 08 01:20:34 GMT 2024","passed","Fri Nov 08 01:20:34 GMT 2024","","ITERATIVE-CHAINING","ITERATIVE-CHAINING",""
"","141","ADD-REMOVE-MATCH-SS-STRINGS.14","","Fri Nov 08 00:51:22 GMT 2024","passed","Fri Nov 08 00:51:22 GMT 2024","","SPACES","SPACES",""
"","2","TYPES2.03","","Fri Nov 08 00:39:48 GMT 2024","passed","Fri Nov 08 00:39:48 GMT 2024","","METTA-MORPH-TESTS","METTA-MORPH-TESTS",""
"","3","D4-TYPE-PROP.04","","Fri Nov 08 00:44:05 GMT 2024","passed","Fri Nov 08 00:44:05 GMT 2024","","QUICK","QUICK",""
"","2","BACKWARD-CHAINER-XP.39","","Fri Nov 08 01:14:22 GMT 2024","passed","Fri Nov 08 01:14:22 GMT 2024","","BACKWARD-CHAINER","BACKWARD-CHAINER",""
"","119","INF-CTL-MONTH-XP.01","","Fri Nov 08 01:18:32 GMT 2024","passed","Fri Nov 08 01:18:32 GMT 2024","","INFERENCE-CONTROL","INFERENCE-CONTROL",""
"","66","IOIOIOI-USING-EQUALITY.02","","Fri Nov 08 01:53:56 GMT 2024","failed","Fri Nov 08 01:53:56 GMT 2024","","MULTIDIRECTIONAL","MULTIDIRECTIONAL",""
"","2","TESTS0.02","","Fri Nov 08 01:42:12 GMT 2024","passed","Fri Nov 08 01:42:12 GMT 2024","","PREV","PREV",""
"","3","TESTS0.06","","Fri Nov 08 00:44:34 GMT 2024","passed","Fri Nov 08 00:44:34 GMT 2024","","MAIN-BRANCH","MAIN-BRANCH",""
"","2","PC-XP.07","","Fri Nov 08 01:23:17 GMT 2024","passed","Fri Nov 08 01:23:17 GMT 2024","","POLYWARD-CHAINING","POLYWARD-CHAINING",""
"","2","D2-HIGHERFUNC.09","","Fri Nov 08 01:10:34 GMT 2024","passed","Fri Nov 08 01:10:34 GMT 2024","","CHECK-TYPES","CHECK-TYPES",""
"","47","TREE.02","","Fri Nov 08 00:58:58 GMT 2024","failed","Fri Nov 08 00:58:58 GMT 2024","","COMBINATOR-CALCULI","COMBINATOR-CALCULI",""
"","44","IMPLICATIONDIRECTINTRODUCTIONDTLTEST.09","","Fri Nov 08 01:13:15 GMT 2024","failed","Fri Nov 08 01:13:15 GMT 2024","","DEPENDENT-TYPES","DEPENDENT-TYPES",""
"","158","INF-ORDER-PROBS.02","","Fri Nov 08 01:02:17 GMT 2024","passed","Fri Nov 08 01:02:17 GMT 2024","","PROB-DEP-TYPES","PROB-DEP-TYPES",""
"","3","F1-IMPORTS.01","","Fri Nov 08 00:44:05 GMT 2024","passed","Fri Nov 08 00:44:05 GMT 2024","","QUICK","QUICK",""
"","2","TYPE-PROP.09","","Fri Nov 08 01:10:13 GMT 2024","passed","Fri Nov 08 01:10:13 GMT 2024","","CHECK-TYPES-TEMP","CHECK-TYPES-TEMP",""
"","101","D5-AUTO-TYPES.04","","Fri Nov 08 00:34:14 GMT 2024","failed","Fri Nov 08 00:34:14 GMT 2024","","HYPERON-EXPERIMENTAL-SCRIPTS","HYPERON-EXPERIMENTAL-SCRIPTS",""
"","152","SYNTHESIZE-VIA-LET-TEST.09","","Fri Nov 08 01:25:10 GMT 2024","passed","Fri Nov 08 01:25:10 GMT 2024","","EXPERIMENTS","EXPERIMENTS",""
"","2","INF-CTL-MONTH-BC-CONT-XP.26","","Fri Nov 08 01:18:32 GMT 2024","passed","Fri Nov 08 01:18:32 GMT 2024","","INFERENCE-CONTROL","INFERENCE-CONTROL",""
"","6000","chaining.pln-xp-local_v2","","Fri Nov 08 00:34:10 GMT 2024","passed","Fri Nov 08 00:34:16 GMT 2024","","WHOLE-TESTS","WHOLE-TESTS",""
"","2","ADD-REMOVE-MATCH-INTEGER.39","","Fri Nov 08 00:51:22 GMT 2024","passed","Fri Nov 08 00:51:22 GMT 2024","","SPACES","SPACES",""
"","2","D4-TYPE-PROP.14","","Fri Nov 08 00:34:14 GMT 2024","passed","Fri Nov 08 00:34:14 GMT 2024","","HYPERON-EXPERIMENTAL-SCRIPTS","HYPERON-EXPERIMENTAL-SCRIPTS",""
"","5000","backward-chainer.backward-chainer-xp","","Fri Nov 08 00:34:10 GMT 2024","passed","Fri Nov 08 00:34:15 GMT 2024","","WHOLE-TESTS","WHOLE-TESTS",""
"","91","MEMB.01","","Fri Nov 08 01:01:40 GMT 2024","failed","Fri Nov 08 01:01:40 GMT 2024","","LOGIC","LOGIC",""
"","89","STDLIB-METTALOG-TEST-PT2.17","","Fri Nov 08 00:53:30 GMT 2024","failed","Fri Nov 08 00:53:30 GMT 2024","","STDLIB-METTALOG","STDLIB-METTALOG",""
"","386","IOIOIOI-USING-EQUALITY.03","","Fri Nov 08 01:53:56 GMT 2024","failed","Fri Nov 08 01:53:56 GMT 2024","","MULTIDIRECTIONAL","MULTIDIRECTIONAL",""
"","3","IMPLICATIONDIRECTINTRODUCTIONDTLTEST.12","","Fri Nov 08 01:13:15 GMT 2024","passed","Fri Nov 08 01:13:15 GMT 2024","","DEPENDENT-TYPES","DEPENDENT-TYPES",""
"","7618","SUPPORTRULEEXP.04","","Fri Nov 08 01:13:15 GMT 2024","failed","Fri Nov 08 01:13:22 GMT 2024","","DEPENDENT-TYPES","DEPENDENT-TYPES",""
"","2","FC-XP.26","","Fri Nov 08 01:17:16 GMT 2024","passed","Fri Nov 08 01:17:16 GMT 2024","","FORWARD-CHAINING","FORWARD-CHAINING",""
"","5000","quick.d4_type_prop","","Fri Nov 08 00:34:10 GMT 2024","passed","Fri Nov 08 00:34:15 GMT 2024","","WHOLE-TESTS","WHOLE-TESTS",""
"","599","APPEND.03","","Fri Nov 08 01:53:56 GMT 2024","passed","Fri Nov 08 01:53:56 GMT 2024","","MULTIDIRECTIONAL","MULTIDIRECTIONAL",""
"","2","DEBUG-METTALOGTESTCURRIED.08","","Fri Nov 08 01:47:36 GMT 2024","passed","Fri Nov 08 01:47:36 GMT 2024","","WALK-THRU","WALK-THRU",""
"","2","B5-TYPES-PRELIM.18","","Fri Nov 08 01:10:13 GMT 2024","passed","Fri Nov 08 01:10:13 GMT 2024","","CHECK-TYPES-TEMP","CHECK-TYPES-TEMP",""
"","2","TYPE-PROP.44","","Fri Nov 08 01:10:13 GMT 2024","passed","Fri Nov 08 01:10:13 GMT 2024","","CHECK-TYPES-TEMP","CHECK-TYPES-TEMP",""
"","2","ADD-REMOVE-MATCH-S-SYMBOLS.09","","Fri Nov 08 00:51:22 GMT 2024","passed","Fri Nov 08 00:51:22 GMT 2024","","SPACES","SPACES",""
"","2","CHAPTER-2-4.16","","Fri Nov 08 00:53:40 GMT 2024","passed","Fri Nov 08 00:53:40 GMT 2024","","SICP-BOOK","SICP-BOOK",""
"","2","CHAPTER-1-1.15","","Fri Nov 08 00:53:40 GMT 2024","passed","Fri Nov 08 00:53:40 GMT 2024","","SICP-BOOK","SICP-BOOK",""
"","1202","SYNTHESIZE-VIA-LET-TEST.06","","Fri Nov 08 01:25:10 GMT 2024","failed","Fri Nov 08 01:25:11 GMT 2024","","EXPERIMENTS","EXPERIMENTS",""
"","2","TESTS1.05","","Fri Nov 08 00:44:34 GMT 2024","passed","Fri Nov 08 00:44:34 GMT 2024","","MAIN-BRANCH","MAIN-BRANCH",""
"","1","TYPE-PROP.10","","Fri Nov 08 01:10:13 GMT 2024","passed","Fri Nov 08 01:10:13 GMT 2024","","CHECK-TYPES-TEMP","CHECK-TYPES-TEMP",""
"","3","TYPES3.01","","Fri Nov 08 00:39:48 GMT 2024","passed","Fri Nov 08 00:39:48 GMT 2024","","METTA-MORPH-TESTS","METTA-MORPH-TESTS",""
"","4000","match.DeductionMatchTest","","Fri Nov 08 00:34:10 GMT 2024","passed","Fri Nov 08 00:34:14 GMT 2024","","WHOLE-TESTS","WHOLE-TESTS",""
"","6","SUBTYPING-TEST.06","","Fri Nov 08 01:23:22 GMT 2024","passed","Fri Nov 08 01:23:22 GMT 2024","","SUBTYPING","SUBTYPING",""
"","40000","parallelism.builtins","","Fri Nov 08 00:34:10 GMT 2024","failed","Fri Nov 08 00:34:50 GMT 2024","","WHOLE-TESTS","WHOLE-TESTS",""
"","2","FORWARD-CHAINER-XP.04","","Fri Nov 08 01:17:07 GMT 2024","passed","Fri Nov 08 01:17:07 GMT 2024","","FORWARD-CHAINER","FORWARD-CHAINER",""
"","50","DEDUCTIONDTLTEST.01","","Fri Nov 08 01:13:15 GMT 2024","failed","Fri Nov 08 01:13:15 GMT 2024","","DEPENDENT-TYPES","DEPENDENT-TYPES",""
"","3","IMPL-METTALOGTESTCURRIED.11","","Fri Nov 08 01:47:36 GMT 2024","passed","Fri Nov 08 01:47:36 GMT 2024","","WALK-THRU","WALK-THRU",""
"","2","SEQUENTIAL-NESTED.10","","Fri Nov 08 00:39:48 GMT 2024","passed","Fri Nov 08 00:39:48 GMT 2024","","METTA-MORPH-TESTS","METTA-MORPH-TESTS",""
"","84","NONDETERM.01","","Fri Nov 08 00:52:05 GMT 2024","passed","Fri Nov 08 00:52:05 GMT 2024","","STD","STD",""
"","2","FIBO-AS-PRED.01","","Fri Nov 08 01:56:15 GMT 2024","passed","Fri Nov 08 01:56:15 GMT 2024","","BASIC","BASIC",""
"","1","D4-TYPE-PROP.06","","Fri Nov 08 00:34:14 GMT 2024","passed","Fri Nov 08 00:34:14 GMT 2024","","HYPERON-EXPERIMENTAL-SCRIPTS","HYPERON-EXPERIMENTAL-SCRIPTS",""
"","133","TESTS0.04","","Fri Nov 08 00:44:34 GMT 2024","passed","Fri Nov 08 00:44:34 GMT 2024","","MAIN-BRANCH","MAIN-BRANCH",""
"","3","ADD-ATOM-NAIVE-FIB.01","","Fri Nov 08 02:02:34 GMT 2024","passed","Fri Nov 08 02:02:34 GMT 2024","","COMPARISONS","COMPARISONS",""
"","1","D2-HIGHERFUNC.06","","Fri Nov 08 00:34:14 GMT 2024","passed","Fri Nov 08 00:34:14 GMT 2024","","HYPERON-EXPERIMENTAL-SCRIPTS","HYPERON-EXPERIMENTAL-SCRIPTS",""
"","2","INF-CTL-MONTH-XP-SHORT-3.10","","Fri Nov 08 02:02:34 GMT 2024","passed","Fri Nov 08 02:02:34 GMT 2024","","COMPARISONS","COMPARISONS",""
"","4000","forward-chainer.forward-chainer-xp","","Fri Nov 08 00:34:10 GMT 2024","passed","Fri Nov 08 00:34:14 GMT 2024","","WHOLE-TESTS","WHOLE-TESTS",""
"","14","CHAPTER-2-4.22","","Fri Nov 08 00:53:40 GMT 2024","failed","Fri Nov 08 00:53:40 GMT 2024","","SICP-BOOK","SICP-BOOK",""
"","3","IMPLICATIONDIRECTINTRODUCTIONENTAILTEST.03","","Fri Nov 08 01:16:46 GMT 2024","passed","Fri Nov 08 01:16:46 GMT 2024","","ENTAIL","ENTAIL",""
"","4000","truthvalue.EvidentialTruthValueTest","","Fri Nov 08 00:34:10 GMT 2024","passed","Fri Nov 08 00:34:14 GMT 2024","","WHOLE-TESTS","WHOLE-TESTS",""
"","135","FC-XP.20","","Fri Nov 08 01:17:16 GMT 2024","passed","Fri Nov 08 01:17:16 GMT 2024","","FORWARD-CHAINING","FORWARD-CHAINING",""
"","2","BACKWARD-CHAINER-XP.18","","Fri Nov 08 01:14:22 GMT 2024","passed","Fri Nov 08 01:14:22 GMT 2024","","BACKWARD-CHAINER","BACKWARD-CHAINER",""
"","194","SHOW-TYPE.17","","Fri Nov 08 00:51:07 GMT 2024","failed","Fri Nov 08 00:51:07 GMT 2024","","INTROSPECT","INTROSPECT",""
"","2","TYPE-PROP.33","","Fri Nov 08 01:10:13 GMT 2024","passed","Fri Nov 08 01:10:13 GMT 2024","","CHECK-TYPES-TEMP","CHECK-TYPES-TEMP",""
"","5000","bidirectional_computation.relative-arithmetic","","Fri Nov 08 00:34:10 GMT 2024","passed","Fri Nov 08 00:34:15 GMT 2024","","WHOLE-TESTS","WHOLE-TESTS",""
"","3","SUPERCOLLAPSE.06","","Fri Nov 08 00:39:48 GMT 2024","passed","Fri Nov 08 00:39:48 GMT 2024","","METTA-MORPH-TESTS","METTA-MORPH-TESTS",""
"","2","C3-PLN-STV.03","","Fri Nov 08 00:34:14 GMT 2024","passed","Fri Nov 08 00:34:14 GMT 2024","","HYPERON-EXPERIMENTAL-SCRIPTS","HYPERON-EXPERIMENTAL-SCRIPTS",""
"","5000","hol.ListTest","","Fri Nov 08 00:34:10 GMT 2024","passed","Fri Nov 08 00:34:15 GMT 2024","","WHOLE-TESTS","WHOLE-TESTS",""
"","2","00A-LANG-COMPILED-CASE.05","","Fri Nov 08 01:46:09 GMT 2024","passed","Fri Nov 08 01:46:09 GMT 2024","","DIRECT-COMP","DIRECT-COMP",""
"","2","C1-GROUNDED-BASIC.11","","Fri Nov 08 00:44:05 GMT 2024","passed","Fri Nov 08 00:44:05 GMT 2024","","QUICK","QUICK",""
"","2","B5-TYPES-PRELIM.25","","Fri Nov 08 01:10:13 GMT 2024","passed","Fri Nov 08 01:10:13 GMT 2024","","CHECK-TYPES-TEMP","CHECK-TYPES-TEMP",""
"","2","BC-XP.13","","Fri Nov 08 01:14:27 GMT 2024","passed","Fri Nov 08 01:14:27 GMT 2024","","BACKWARD-CHAINING","BACKWARD-CHAINING",""
"","3","B5-TYPES-PRELIM.01","","Fri Nov 08 00:34:14 GMT 2024","passed","Fri Nov 08 00:34:14 GMT 2024","","HYPERON-EXPERIMENTAL-SCRIPTS","HYPERON-EXPERIMENTAL-SCRIPTS",""
"","3","E1-KB-WRITE.01","","Fri Nov 08 00:34:14 GMT 2024","passed","Fri Nov 08 00:34:14 GMT 2024","","HYPERON-EXPERIMENTAL-SCRIPTS","HYPERON-EXPERIMENTAL-SCRIPTS",""
"","2","TYPES2.02","","Fri Nov 08 00:39:48 GMT 2024","passed","Fri Nov 08 00:39:48 GMT 2024","","METTA-MORPH-TESTS","METTA-MORPH-TESTS",""
"","2","HYPERPOSING.08","","Fri Nov 08 01:56:15 GMT 2024","passed","Fri Nov 08 01:56:15 GMT 2024","","BASIC","BASIC",""
"","2","D1-GADT.02","","Fri Nov 08 00:34:14 GMT 2024","passed","Fri Nov 08 00:34:14 GMT 2024","","HYPERON-EXPERIMENTAL-SCRIPTS","HYPERON-EXPERIMENTAL-SCRIPTS",""
"","4000","backward-chaining.bc-xp","","Fri Nov 08 00:34:10 GMT 2024","passed","Fri Nov 08 00:34:14 GMT 2024","","WHOLE-TESTS","WHOLE-TESTS",""
"","2","ADD-REMOVE-MATCH-S-STRINGS.04","","Fri Nov 08 00:51:22 GMT 2024","passed","Fri Nov 08 00:51:22 GMT 2024","","SPACES","SPACES",""
"","15","D1-GADT.04","","Fri Nov 08 00:44:05 GMT 2024","passed","Fri Nov 08 00:44:05 GMT 2024","","QUICK","QUICK",""
"","2","PREREQS.02","","Fri Nov 08 00:44:34 GMT 2024","passed","Fri Nov 08 00:44:34 GMT 2024","","MAIN-BRANCH","MAIN-BRANCH",""
"","15","D2-HIGHERFUNC.20","","Fri Nov 08 01:10:34 GMT 2024","passed","Fri Nov 08 01:10:34 GMT 2024","","CHECK-TYPES","CHECK-TYPES",""
"","2","BC-XP.23","","Fri Nov 08 01:14:27 GMT 2024","passed","Fri Nov 08 01:14:27 GMT 2024","","BACKWARD-CHAINING","BACKWARD-CHAINING",""
"","2","ADD-REMOVE-MATCH-INTEGER.10","","Fri Nov 08 00:51:22 GMT 2024","passed","Fri Nov 08 00:51:22 GMT 2024","","SPACES","SPACES",""
"","2","DEBUG-METTALOGTESTCURRIED.01","","Fri Nov 08 01:47:36 GMT 2024","passed","Fri Nov 08 01:47:36 GMT 2024","","WALK-THRU","WALK-THRU",""
"","3","TYPES2.05","","Fri Nov 08 00:39:48 GMT 2024","passed","Fri Nov 08 00:39:48 GMT 2024","","METTA-MORPH-TESTS","METTA-MORPH-TESTS",""
"","2772","TESTS3.06","","Fri Nov 08 00:44:34 GMT 2024","failed","Fri Nov 08 00:44:36 GMT 2024","","MAIN-BRANCH","MAIN-BRANCH",""
"","1","FC-XP.14","","Fri Nov 08 01:17:16 GMT 2024","passed","Fri Nov 08 01:17:16 GMT 2024","","FORWARD-CHAINING","FORWARD-CHAINING",""
"","1","GROUNDED-BASIC.02","","Fri Nov 08 00:52:05 GMT 2024","passed","Fri Nov 08 00:52:05 GMT 2024","","STD","STD",""
"","132","SPACE-INTERSECTION-TESTS.07","","Fri Nov 08 00:35:50 GMT 2024","failed","Fri Nov 08 00:35:50 GMT 2024","","HYPERON-METTALOG-SANITY","HYPERON-METTALOG-SANITY",""
"","2","00-LANG-CASE.06","","Fri Nov 08 00:35:50 GMT 2024","passed","Fri Nov 08 00:35:50 GMT 2024","","HYPERON-METTALOG-SANITY","HYPERON-METTALOG-SANITY",""
"","396","MODUSPONENSDTLTEST.03","","Fri Nov 08 01:13:15 GMT 2024","failed","Fri Nov 08 01:13:15 GMT 2024","","DEPENDENT-TYPES","DEPENDENT-TYPES",""
"","7","CHAPTER-1-2.01","","Fri Nov 08 00:53:40 GMT 2024","passed","Fri Nov 08 00:53:40 GMT 2024","","SICP-BOOK","SICP-BOOK",""
"","4000","metta-morph_tests.hyperpose","","Fri Nov 08 00:34:10 GMT 2024","passed","Fri Nov 08 00:34:14 GMT 2024","","WHOLE-TESTS","WHOLE-TESTS",""
"","40000","experiments.synthesize-via-case-test","","Fri Nov 08 00:34:10 GMT 2024","failed","Fri Nov 08 00:34:50 GMT 2024","","WHOLE-TESTS","WHOLE-TESTS",""
"","2","F1-MODULEA.08","","Fri Nov 08 00:34:14 GMT 2024","passed","Fri Nov 08 00:34:14 GMT 2024","","HYPERON-EXPERIMENTAL-SCRIPTS","HYPERON-EXPERIMENTAL-SCRIPTS",""
"","40000","match.tmpMatch","","Fri Nov 08 00:34:10 GMT 2024","failed","Fri Nov 08 00:34:50 GMT 2024","","WHOLE-TESTS","WHOLE-TESTS",""
"","46","FORWARD-CHAINER-TEST.09","","Fri Nov 08 01:17:07 GMT 2024","failed","Fri Nov 08 01:17:07 GMT 2024","","FORWARD-CHAINER","FORWARD-CHAINER",""
"","4000","basic.hyperposing-unshared","","Fri Nov 08 00:34:10 GMT 2024","passed","Fri Nov 08 00:34:14 GMT 2024","","WHOLE-TESTS","WHOLE-TESTS",""
"","4000","metta-morph_tests.and_or","","Fri Nov 08 00:34:10 GMT 2024","passed","Fri Nov 08 00:34:14 GMT 2024","","WHOLE-TESTS","WHOLE-TESTS",""
"","14","D1-GADT.05","","Fri Nov 08 00:34:14 GMT 2024","passed","Fri Nov 08 00:34:14 GMT 2024","","HYPERON-EXPERIMENTAL-SCRIPTS","HYPERON-EXPERIMENTAL-SCRIPTS",""
"","6000","bigram-sentence-evaluator.unigrams","","Fri Nov 08 00:34:10 GMT 2024","passed","Fri Nov 08 00:34:16 GMT 2024","","WHOLE-TESTS","WHOLE-TESTS",""
"","1","KEY-LOOKUPS-MANY.10","","Fri Nov 08 01:56:15 GMT 2024","passed","Fri Nov 08 01:56:15 GMT 2024","","BASIC","BASIC",""
"","2","TESTS2.04","","Fri Nov 08 00:44:34 GMT 2024","passed","Fri Nov 08 00:44:34 GMT 2024","","MAIN-BRANCH","MAIN-BRANCH",""
"","2","OR-TEST.15","","Fri Nov 08 00:35:50 GMT 2024","passed","Fri Nov 08 00:35:50 GMT 2024","","HYPERON-METTALOG-SANITY","HYPERON-METTALOG-SANITY",""
"","2","D2-HIGHERFUNC.01","","Fri Nov 08 00:44:05 GMT 2024","passed","Fri Nov 08 00:44:05 GMT 2024","","QUICK","QUICK",""
"","14","D1-GADT.04","","Fri Nov 08 01:10:34 GMT 2024","passed","Fri Nov 08 01:10:34 GMT 2024","","CHECK-TYPES","CHECK-TYPES",""
"","12","D3-DEPTYPES.04","","Fri Nov 08 00:34:14 GMT 2024","passed","Fri Nov 08 00:34:14 GMT 2024","","HYPERON-EXPERIMENTAL-SCRIPTS","HYPERON-EXPERIMENTAL-SCRIPTS",""
"","2","GADT.02","","Fri Nov 08 00:52:05 GMT 2024","passed","Fri Nov 08 00:52:05 GMT 2024","","STD","STD",""
"","14","TYPE-PROP.03","","Fri Nov 08 01:10:13 GMT 2024","passed","Fri Nov 08 01:10:13 GMT 2024","","CHECK-TYPES-TEMP","CHECK-TYPES-TEMP",""
"","2","BACKWARD-CHAINER-XP.28","","Fri Nov 08 01:14:22 GMT 2024","passed","Fri Nov 08 01:14:22 GMT 2024","","BACKWARD-CHAINER","BACKWARD-CHAINER",""
"","2","CML-UNSHARED.05","","Fri Nov 08 01:56:15 GMT 2024","passed","Fri Nov 08 01:56:15 GMT 2024","","BASIC","BASIC",""
"","40000","comparisons.nils_if_control_test_3","","Fri Nov 08 00:34:10 GMT 2024","failed","Fri Nov 08 00:34:50 GMT 2024","","WHOLE-TESTS","WHOLE-TESTS",""
"","4000","basic.state_types","","Fri Nov 08 00:34:10 GMT 2024","passed","Fri Nov 08 00:34:14 GMT 2024","","WHOLE-TESTS","WHOLE-TESTS",""
"","2","TYPE-PROP.71","","Fri Nov 08 01:10:13 GMT 2024","passed","Fri Nov 08 01:10:13 GMT 2024","","CHECK-TYPES-TEMP","CHECK-TYPES-TEMP",""
"","2","STRING-TESTS.21","","Fri Nov 08 00:35:50 GMT 2024","passed","Fri Nov 08 00:35:50 GMT 2024","","HYPERON-METTALOG-SANITY","HYPERON-METTALOG-SANITY",""
"","2","ADD-REMOVE-MATCH-SYMBOLS.03","","Fri Nov 08 00:51:22 GMT 2024","passed","Fri Nov 08 00:51:22 GMT 2024","","SPACES","SPACES",""
"","49","TYPE-PROP.55","","Fri Nov 08 01:10:13 GMT 2024","failed","Fri Nov 08 01:10:13 GMT 2024","","CHECK-TYPES-TEMP","CHECK-TYPES-TEMP",""
"","40000","comparisons.nils_if_control_test_4","","Fri Nov 08 00:34:10 GMT 2024","failed","Fri Nov 08 00:34:50 GMT 2024","","WHOLE-TESTS","WHOLE-TESTS",""
"","2","STATES-SPACES.01","","Fri Nov 08 00:39:48 GMT 2024","passed","Fri Nov 08 00:39:48 GMT 2024","","METTA-MORPH-TESTS","METTA-MORPH-TESTS",""
"","2","CHAPTER-1-1.03","","Fri Nov 08 00:53:40 GMT 2024","passed","Fri Nov 08 00:53:40 GMT 2024","","SICP-BOOK","SICP-BOOK",""
"","90","SHOW-TYPE.14","","Fri Nov 08 00:51:07 GMT 2024","failed","Fri Nov 08 00:51:07 GMT 2024","","INTROSPECT","INTROSPECT",""
"","1445","TESTS4.02","","Fri Nov 08 00:44:34 GMT 2024","failed","Fri Nov 08 00:44:35 GMT 2024","","MAIN-BRANCH","MAIN-BRANCH",""
"","2","UNIQUE-TEST.08","","Fri Nov 08 00:35:50 GMT 2024","passed","Fri Nov 08 00:35:50 GMT 2024","","HYPERON-METTALOG-SANITY","HYPERON-METTALOG-SANITY",""
"","2","BACKWARD-CHAINER-XP.23","","Fri Nov 08 01:14:22 GMT 2024","passed","Fri Nov 08 01:14:22 GMT 2024","","BACKWARD-CHAINER","BACKWARD-CHAINER",""
"","58","C1-GROUNDED-BASIC.15","","Fri Nov 08 00:44:05 GMT 2024","failed","Fri Nov 08 00:44:05 GMT 2024","","QUICK","QUICK",""
"","386","NATSIMPLETEST.04","","Fri Nov 08 01:17:20 GMT 2024","failed","Fri Nov 08 01:17:20 GMT 2024","","HOL","HOL",""
"","3","TYPE-PROP.02","","Fri Nov 08 00:49:03 GMT 2024","passed","Fri Nov 08 00:49:03 GMT 2024","","CHAINING","CHAINING",""
"","2","FC-XP.23","","Fri Nov 08 01:17:16 GMT 2024","passed","Fri Nov 08 01:17:16 GMT 2024","","FORWARD-CHAINING","FORWARD-CHAINING",""
"","3","SUBTRACTION-TEST.08","","Fri Nov 08 00:35:50 GMT 2024","passed","Fri Nov 08 00:35:50 GMT 2024","","HYPERON-METTALOG-SANITY","HYPERON-METTALOG-SANITY",""
"","24","INF-CTL-MONTH-XP.10","","Fri Nov 08 01:18:32 GMT 2024","failed","Fri Nov 08 01:18:32 GMT 2024","","INFERENCE-CONTROL","INFERENCE-CONTROL",""
"","2","D4-TYPE-PROP.18","","Fri Nov 08 00:34:14 GMT 2024","passed","Fri Nov 08 00:34:14 GMT 2024","","HYPERON-EXPERIMENTAL-SCRIPTS","HYPERON-EXPERIMENTAL-SCRIPTS",""
"","3","IMPLICATIONDIRECTINTRODUCTIONDTLTEST.08","","Fri Nov 08 01:13:15 GMT 2024","passed","Fri Nov 08 01:13:15 GMT 2024","","DEPENDENT-TYPES","DEPENDENT-TYPES",""
"","3","LISTTEST.04","","Fri Nov 08 01:14:36 GMT 2024","passed","Fri Nov 08 01:14:36 GMT 2024","","COMMON","COMMON",""
"","5000","metta-morph_tests.match_superposed_spaces","","Fri Nov 08 00:34:10 GMT 2024","passed","Fri Nov 08 00:34:15 GMT 2024","","WHOLE-TESTS","WHOLE-TESTS",""
"","2","D2-HIGHERFUNC.13","","Fri Nov 08 00:44:05 GMT 2024","passed","Fri Nov 08 00:44:05 GMT 2024","","QUICK","QUICK",""
"","2","BCHAIN.02","","Fri Nov 08 01:47:36 GMT 2024","passed","Fri Nov 08 01:47:36 GMT 2024","","WALK-THRU","WALK-THRU",""
"","2","OR-TEST.05","","Fri Nov 08 00:35:50 GMT 2024","passed","Fri Nov 08 00:35:50 GMT 2024","","HYPERON-METTALOG-SANITY","HYPERON-METTALOG-SANITY",""
"","2","IFC-XP.21","","Fri Nov 08 01:20:34 GMT 2024","passed","Fri Nov 08 01:20:34 GMT 2024","","ITERATIVE-CHAINING","ITERATIVE-CHAINING",""
"","3","INTERSECTION-TESTS.24","","Fri Nov 08 00:35:50 GMT 2024","passed","Fri Nov 08 00:35:50 GMT 2024","","HYPERON-METTALOG-SANITY","HYPERON-METTALOG-SANITY",""
"","1","D2-HIGHERFUNC.04","","Fri Nov 08 00:44:05 GMT 2024","passed","Fri Nov 08 00:44:05 GMT 2024","","QUICK","QUICK",""
"","4000","transpiler.let_superpose_if_case","","Fri Nov 08 00:34:10 GMT 2024","passed","Fri Nov 08 00:34:14 GMT 2024","","WHOLE-TESTS","WHOLE-TESTS",""
"","2","TYPE-PROP.07","","Fri Nov 08 00:49:03 GMT 2024","passed","Fri Nov 08 00:49:03 GMT 2024","","CHAINING","CHAINING",""
"","2","BC-XP.28","","Fri Nov 08 01:14:27 GMT 2024","passed","Fri Nov 08 01:14:27 GMT 2024","","BACKWARD-CHAINING","BACKWARD-CHAINING",""
"","2","D1-GADT.03","","Fri Nov 08 01:10:34 GMT 2024","passed","Fri Nov 08 01:10:34 GMT 2024","","CHECK-TYPES","CHECK-TYPES",""
"","4000","common.MaybeTest","","Fri Nov 08 00:34:10 GMT 2024","passed","Fri Nov 08 00:34:14 GMT 2024","","WHOLE-TESTS","WHOLE-TESTS",""
"","1","B5-TYPES-PRELIM.22","","Fri Nov 08 00:34:14 GMT 2024","passed","Fri Nov 08 00:34:14 GMT 2024","","HYPERON-EXPERIMENTAL-SCRIPTS","HYPERON-EXPERIMENTAL-SCRIPTS",""
"","50","STDLIB-METTALOG-TEST-PT2.08","","Fri Nov 08 00:53:30 GMT 2024","failed","Fri Nov 08 00:53:30 GMT 2024","","STDLIB-METTALOG","STDLIB-METTALOG",""
"","23659","TIME-SYNTHESIZE-SHORT.02","","Fri Nov 08 00:37:39 GMT 2024","passed","Fri Nov 08 00:38:02 GMT 2024","","SYNTH-BUFFER","SYNTH-BUFFER",""
"","3","TESTS0.01","","Fri Nov 08 00:44:34 GMT 2024","passed","Fri Nov 08 00:44:34 GMT 2024","","MAIN-BRANCH","MAIN-BRANCH",""
"","2","B5-TYPES-PRELIM.04","","Fri Nov 08 01:10:13 GMT 2024","passed","Fri Nov 08 01:10:13 GMT 2024","","CHECK-TYPES-TEMP","CHECK-TYPES-TEMP",""
"","359","APPEND-USING-EQUALITY.03","","Fri Nov 08 01:53:56 GMT 2024","failed","Fri Nov 08 01:53:56 GMT 2024","","MULTIDIRECTIONAL","MULTIDIRECTIONAL",""
"","2","ADD-REMOVE-MATCH-S-SYMBOLS.11","","Fri Nov 08 00:51:22 GMT 2024","passed","Fri Nov 08 00:51:22 GMT 2024","","SPACES","SPACES",""
"","2","STRING-TESTS.05","","Fri Nov 08 00:35:50 GMT 2024","passed","Fri Nov 08 00:35:50 GMT 2024","","HYPERON-METTALOG-SANITY","HYPERON-METTALOG-SANITY",""
"","3","BACKWARD-CHAINER-XP.07","","Fri Nov 08 01:14:22 GMT 2024","passed","Fri Nov 08 01:14:22 GMT 2024","","BACKWARD-CHAINER","BACKWARD-CHAINER",""
"","2","TESTS3.05","","Fri Nov 08 00:44:34 GMT 2024","passed","Fri Nov 08 00:44:34 GMT 2024","","MAIN-BRANCH","MAIN-BRANCH",""
"","3","TYPES-PRELIM.19","","Fri Nov 08 00:49:03 GMT 2024","passed","Fri Nov 08 00:49:03 GMT 2024","","CHAINING","CHAINING",""
"","3","ADD-REMOVE-MATCH-STRINGS.01","","Fri Nov 08 00:51:22 GMT 2024","passed","Fri Nov 08 00:51:22 GMT 2024","","SPACES","SPACES",""
"","1","PC-XP.03","","Fri Nov 08 01:23:17 GMT 2024","passed","Fri Nov 08 01:23:17 GMT 2024","","POLYWARD-CHAINING","POLYWARD-CHAINING",""
"","12","MATCH-VOID.04","","Fri Nov 08 00:39:48 GMT 2024","passed","Fri Nov 08 00:39:48 GMT 2024","","METTA-MORPH-TESTS","METTA-MORPH-TESTS",""
"","9","D1-GADT.13","","Fri Nov 08 00:34:14 GMT 2024","passed","Fri Nov 08 00:34:14 GMT 2024","","HYPERON-EXPERIMENTAL-SCRIPTS","HYPERON-EXPERIMENTAL-SCRIPTS",""
"","41","BACKWARD-CHAINER-XP.35","","Fri Nov 08 01:14:22 GMT 2024","failed","Fri Nov 08 01:14:22 GMT 2024","","BACKWARD-CHAINER","BACKWARD-CHAINER",""
"","363","IBC-XP.15","","Fri Nov 08 01:20:34 GMT 2024","passed","Fri Nov 08 01:20:34 GMT 2024","","ITERATIVE-CHAINING","ITERATIVE-CHAINING",""
"","6000","walk_thru.debug_mettalogTestCurried","","Fri Nov 08 00:34:10 GMT 2024","passed","Fri Nov 08 00:34:16 GMT 2024","","WHOLE-TESTS","WHOLE-TESTS",""
"","2","B5-TYPES-PRELIM.17","","Fri Nov 08 00:34:14 GMT 2024","passed","Fri Nov 08 00:34:14 GMT 2024","","HYPERON-EXPERIMENTAL-SCRIPTS","HYPERON-EXPERIMENTAL-SCRIPTS",""
"","3","SYNTHESIZE-VIA-SUPERPOSE.01","","Fri Nov 08 01:25:10 GMT 2024","passed","Fri Nov 08 01:25:10 GMT 2024","","EXPERIMENTS","EXPERIMENTS",""
"","2","C1-GROUNDED-BASIC.04","","Fri Nov 08 00:44:05 GMT 2024","passed","Fri Nov 08 00:44:05 GMT 2024","","QUICK","QUICK",""
"","1","HYPERPOSING.05","","Fri Nov 08 01:56:15 GMT 2024","passed","Fri Nov 08 01:56:15 GMT 2024","","BASIC","BASIC",""
"","2","STRING-TESTS.08","","Fri Nov 08 00:35:50 GMT 2024","passed","Fri Nov 08 00:35:50 GMT 2024","","HYPERON-METTALOG-SANITY","HYPERON-METTALOG-SANITY",""
"","2","METTALOGTESTCURRIED2.06","","Fri Nov 08 00:41:57 GMT 2024","passed","Fri Nov 08 00:41:57 GMT 2024","","ANTI-REGRESSION","ANTI-REGRESSION",""
"","2","CHAPTER-1-1.11","","Fri Nov 08 00:53:40 GMT 2024","passed","Fri Nov 08 00:53:40 GMT 2024","","SICP-BOOK","SICP-BOOK",""
"","15","D3-DEPTYPES.04","","Fri Nov 08 01:10:34 GMT 2024","passed","Fri Nov 08 01:10:34 GMT 2024","","CHECK-TYPES","CHECK-TYPES",""
"","2","KB-WRITE.02","","Fri Nov 08 00:52:05 GMT 2024","passed","Fri Nov 08 00:52:05 GMT 2024","","STD","STD",""
"","2","F1-IMPORTS.19","","Fri Nov 08 00:44:05 GMT 2024","passed","Fri Nov 08 00:44:05 GMT 2024","","QUICK","QUICK",""
"","3","APPEND-USING-EQUALITY.05","","Fri Nov 08 01:53:56 GMT 2024","passed","Fri Nov 08 01:53:56 GMT 2024","","MULTIDIRECTIONAL","MULTIDIRECTIONAL",""
"","66","STDLIB-METTALOG-TEST-PT2.57","","Fri Nov 08 00:53:30 GMT 2024","failed","Fri Nov 08 00:53:30 GMT 2024","","STDLIB-METTALOG","STDLIB-METTALOG",""
"","45000","current.tests3","","Fri Nov 08 00:34:10 GMT 2024","failed","Fri Nov 08 00:34:55 GMT 2024","","WHOLE-TESTS","WHOLE-TESTS",""
"","3","D2-HIGHERFUNC.25","","Fri Nov 08 00:44:05 GMT 2024","passed","Fri Nov 08 00:44:05 GMT 2024","","QUICK","QUICK",""
"","2","B0-CHAINING-PRELIM.04","","Fri Nov 08 00:34:14 GMT 2024","passed","Fri Nov 08 00:34:14 GMT 2024","","HYPERON-EXPERIMENTAL-SCRIPTS","HYPERON-EXPERIMENTAL-SCRIPTS",""
"","109","STDLIB-METTALOG-TEST-PT2.62","","Fri Nov 08 00:53:30 GMT 2024","failed","Fri Nov 08 00:53:30 GMT 2024","","STDLIB-METTALOG","STDLIB-METTALOG",""
"","4000","debugging.hyperon_experimental_issue_516_redduced","","Fri Nov 08 00:34:10 GMT 2024","passed","Fri Nov 08 00:34:14 GMT 2024","","WHOLE-TESTS","WHOLE-TESTS",""
"","10294","SIMPLE.01","","Fri Nov 08 01:00:35 GMT 2024","passed","Fri Nov 08 01:00:45 GMT 2024","","FIZZBUZZ","FIZZBUZZ",""
"","2","BCHAIN.02","","Fri Nov 08 00:41:57 GMT 2024","passed","Fri Nov 08 00:41:57 GMT 2024","","ANTI-REGRESSION","ANTI-REGRESSION",""
"","46000","prev.tests5","","Fri Nov 08 00:34:10 GMT 2024","failed","Fri Nov 08 00:34:56 GMT 2024","","WHOLE-TESTS","WHOLE-TESTS",""
"","4","A1-SYMBOLS.01","","Fri Nov 08 00:34:14 GMT 2024","passed","Fri Nov 08 00:34:14 GMT 2024","","HYPERON-EXPERIMENTAL-SCRIPTS","HYPERON-EXPERIMENTAL-SCRIPTS",""
"","7","GENE-PLN-XP.01","","Fri Nov 08 01:10:00 GMT 2024","passed","Fri Nov 08 01:10:00 GMT 2024","","PLN","PLN",""
"","2","BACKWARD-CHAINER-XP.29","","Fri Nov 08 01:14:22 GMT 2024","passed","Fri Nov 08 01:14:22 GMT 2024","","BACKWARD-CHAINER","BACKWARD-CHAINER",""
"","2","FC-XP.07","","Fri Nov 08 01:17:16 GMT 2024","passed","Fri Nov 08 01:17:16 GMT 2024","","FORWARD-CHAINING","FORWARD-CHAINING",""
"","2","LTE.03","","Fri Nov 08 00:52:05 GMT 2024","passed","Fri Nov 08 00:52:05 GMT 2024","","STD","STD",""
"","2","SUPERCOLLAPSE.02","","Fri Nov 08 00:39:48 GMT 2024","passed","Fri Nov 08 00:39:48 GMT 2024","","METTA-MORPH-TESTS","METTA-MORPH-TESTS",""
"","2","TESTS0.02","","Fri Nov 08 01:38:18 GMT 2024","passed","Fri Nov 08 01:38:18 GMT 2024","","NEW","NEW",""
"","2","NONDETERM.03","","Fri Nov 08 00:52:05 GMT 2024","passed","Fri Nov 08 00:52:05 GMT 2024","","STD","STD",""
"","21000","comparisons.nils_if_control_test_6","","Fri Nov 08 00:34:10 GMT 2024","passed","Fri Nov 08 00:34:31 GMT 2024","","WHOLE-TESTS","WHOLE-TESTS",""
"","2","C1-GROUNDED-BASIC.06","","Fri Nov 08 00:44:05 GMT 2024","passed","Fri Nov 08 00:44:05 GMT 2024","","QUICK","QUICK",""
"","7000","chaining.v2-pln-xp-easy-impl","","Fri Nov 08 00:34:10 GMT 2024","passed","Fri Nov 08 00:34:17 GMT 2024","","WHOLE-TESTS","WHOLE-TESTS",""
"","2","STDLIB-METTALOG-TEST-PT2.07","","Fri Nov 08 00:53:30 GMT 2024","passed","Fri Nov 08 00:53:30 GMT 2024","","STDLIB-METTALOG","STDLIB-METTALOG",""
"","124","ADD-ATOM-NAIVE-FIB.05","","Fri Nov 08 02:02:34 GMT 2024","failed","Fri Nov 08 02:02:34 GMT 2024","","COMPARISONS","COMPARISONS",""
"","3","LTE.01","","Fri Nov 08 00:52:05 GMT 2024","passed","Fri Nov 08 00:52:05 GMT 2024","","STD","STD",""
"","4000","introspect.show-space-self","","Fri Nov 08 00:34:10 GMT 2024","passed","Fri Nov 08 00:34:14 GMT 2024","","WHOLE-TESTS","WHOLE-TESTS",""
"","4000","basic.pathfinding-hard-f","","Fri Nov 08 00:34:10 GMT 2024","passed","Fri Nov 08 00:34:14 GMT 2024","","WHOLE-TESTS","WHOLE-TESTS",""
"","2","00A-LANG-COMPILED-CASE.04","","Fri Nov 08 01:46:09 GMT 2024","passed","Fri Nov 08 01:46:09 GMT 2024","","DIRECT-COMP","DIRECT-COMP",""
"","3","HIGHER-ORDER-FUNCS.06","","Fri Nov 08 00:52:05 GMT 2024","passed","Fri Nov 08 00:52:05 GMT 2024","","STD","STD",""
"","2","BASIC.07","","Fri Nov 08 01:07:29 GMT 2024","passed","Fri Nov 08 01:07:29 GMT 2024","","TRAVERSER","TRAVERSER",""
"","2","C1-GROUNDED-BASIC.07","","Fri Nov 08 00:44:05 GMT 2024","passed","Fri Nov 08 00:44:05 GMT 2024","","QUICK","QUICK",""
"","2","TYPE-PROP.62","","Fri Nov 08 01:10:13 GMT 2024","passed","Fri Nov 08 01:10:13 GMT 2024","","CHECK-TYPES-TEMP","CHECK-TYPES-TEMP",""
"","3","E2-STATES.03","","Fri Nov 08 00:34:14 GMT 2024","passed","Fri Nov 08 00:34:14 GMT 2024","","HYPERON-EXPERIMENTAL-SCRIPTS","HYPERON-EXPERIMENTAL-SCRIPTS",""
"","1072","PLLM-PENNTREE.07","","Fri Nov 08 02:08:49 GMT 2024","passed","Fri Nov 08 02:08:50 GMT 2024","","LANGUAGE-MODELS","LANGUAGE-MODELS",""
"","2","B5-TYPES-PRELIM.19","","Fri Nov 08 00:34:14 GMT 2024","passed","Fri Nov 08 00:34:14 GMT 2024","","HYPERON-EXPERIMENTAL-SCRIPTS","HYPERON-EXPERIMENTAL-SCRIPTS",""
"","165","QUERIES.10","","Fri Nov 08 01:06:48 GMT 2024","passed","Fri Nov 08 01:06:48 GMT 2024","","STRIPS-TO-METTA-IMPROVED","STRIPS-TO-METTA-IMPROVED",""
"","287","TESTS0.06","","Fri Nov 08 01:34:24 GMT 2024","failed","Fri Nov 08 01:34:24 GMT 2024","","NARS-V0","NARS-V0",""
"","812","JOHN-CARRY-FLOWER-TEST.05","","Fri Nov 08 01:24:02 GMT 2024","failed","Fri Nov 08 01:24:02 GMT 2024","","JOHN-CARRY-FLOWER","JOHN-CARRY-FLOWER",""
"","2","UNIQUE-TEST.02","","Fri Nov 08 00:35:50 GMT 2024","passed","Fri Nov 08 00:35:50 GMT 2024","","HYPERON-METTALOG-SANITY","HYPERON-METTALOG-SANITY",""
"","2","INTERSECTION-TESTS.07","","Fri Nov 08 00:35:50 GMT 2024","passed","Fri Nov 08 00:35:50 GMT 2024","","HYPERON-METTALOG-SANITY","HYPERON-METTALOG-SANITY",""
"","2","STRING-TESTS.15","","Fri Nov 08 00:35:50 GMT 2024","passed","Fri Nov 08 00:35:50 GMT 2024","","HYPERON-METTALOG-SANITY","HYPERON-METTALOG-SANITY",""
"","2","BC-XP.14","","Fri Nov 08 01:14:27 GMT 2024","passed","Fri Nov 08 01:14:27 GMT 2024","","BACKWARD-CHAINING","BACKWARD-CHAINING",""
"","503","PARENT-GO-1.01","","Fri Nov 08 00:49:03 GMT 2024","passed","Fri Nov 08 00:49:03 GMT 2024","","CHAINING","CHAINING",""
"","2","CHAINING-PRELIM.03","","Fri Nov 08 00:49:03 GMT 2024","passed","Fri Nov 08 00:49:03 GMT 2024","","CHAINING","CHAINING",""
"","60","COMBINED.04","","Fri Nov 08 01:52:22 GMT 2024","failed","Fri Nov 08 01:52:22 GMT 2024","","ITERATORS","ITERATORS",""
"","360","IBC-XP.13","","Fri Nov 08 01:20:34 GMT 2024","passed","Fri Nov 08 01:20:34 GMT 2024","","ITERATIVE-CHAINING","ITERATIVE-CHAINING",""
"","14","KB-WRITE.01","","Fri Nov 08 00:52:05 GMT 2024","failed","Fri Nov 08 00:52:05 GMT 2024","","STD","STD",""
"","2","SEQUENTIAL-NESTED.04","","Fri Nov 08 00:39:48 GMT 2024","passed","Fri Nov 08 00:39:48 GMT 2024","","METTA-MORPH-TESTS","METTA-MORPH-TESTS",""
"","151","APPEND-USING-EQUALITY.01","","Fri Nov 08 01:53:56 GMT 2024","failed","Fri Nov 08 01:53:56 GMT 2024","","MULTIDIRECTIONAL","MULTIDIRECTIONAL",""
"","2","INF-CTL-MONTH-XP.02","","Fri Nov 08 01:18:32 GMT 2024","passed","Fri Nov 08 01:18:32 GMT 2024","","INFERENCE-CONTROL","INFERENCE-CONTROL",""
"","2","IBC-XP.05","","Fri Nov 08 01:20:34 GMT 2024","passed","Fri Nov 08 01:20:34 GMT 2024","","ITERATIVE-CHAINING","ITERATIVE-CHAINING",""
"","2","BACKWARD-CHAINER-XP.45","","Fri Nov 08 01:14:22 GMT 2024","passed","Fri Nov 08 01:14:22 GMT 2024","","BACKWARD-CHAINER","BACKWARD-CHAINER",""
"","2","INTERSECTION-TESTS.12","","Fri Nov 08 00:35:50 GMT 2024","passed","Fri Nov 08 00:35:50 GMT 2024","","HYPERON-METTALOG-SANITY","HYPERON-METTALOG-SANITY",""
"","4","UTILS-TEST.01","","Fri Nov 08 01:14:18 GMT 2024","passed","Fri Nov 08 01:14:18 GMT 2024","","UTILS","UTILS",""
"","5000","metta_to_amr.dep-types","","Fri Nov 08 00:34:10 GMT 2024","passed","Fri Nov 08 00:34:15 GMT 2024","","WHOLE-TESTS","WHOLE-TESTS",""
"","4000","module-system.c2_spaces","","Fri Nov 08 00:34:10 GMT 2024","passed","Fri Nov 08 00:34:14 GMT 2024","","WHOLE-TESTS","WHOLE-TESTS",""
"","4000","distributed-processing.use-two-servers","","Fri Nov 08 00:34:10 GMT 2024","passed","Fri Nov 08 00:34:14 GMT 2024","","WHOLE-TESTS","WHOLE-TESTS",""
"","2","NATPARITYTEST.01","","Fri Nov 08 01:17:20 GMT 2024","passed","Fri Nov 08 01:17:20 GMT 2024","","HOL","HOL",""
"","2","D1-GADT.07","","Fri Nov 08 00:34:14 GMT 2024","passed","Fri Nov 08 00:34:14 GMT 2024","","HYPERON-EXPERIMENTAL-SCRIPTS","HYPERON-EXPERIMENTAL-SCRIPTS",""
"","3","ADD-REMOVE-MATCH-SS-STRINGS.01","","Fri Nov 08 00:51:22 GMT 2024","passed","Fri Nov 08 00:51:22 GMT 2024","","SPACES","SPACES",""
"","2","B5-TYPES-PRELIM.10","","Fri Nov 08 00:34:14 GMT 2024","passed","Fri Nov 08 00:34:14 GMT 2024","","HYPERON-EXPERIMENTAL-SCRIPTS","HYPERON-EXPERIMENTAL-SCRIPTS",""
"","243","DEDUCTIONIMPLICATIONDIRECTINTRODUCTIONDTLTEST.04","","Fri Nov 08 01:13:15 GMT 2024","passed","Fri Nov 08 01:13:15 GMT 2024","","DEPENDENT-TYPES","DEPENDENT-TYPES",""
"","2","ADD-REMOVE-MATCH-MIX-FLOAT-INTEGER.11","","Fri Nov 08 00:51:22 GMT 2024","passed","Fri Nov 08 00:51:22 GMT 2024","","SPACES","SPACES",""
"","5000","hyperon-mettalog_sanity.space_subtraction_tests","","Fri Nov 08 00:34:10 GMT 2024","passed","Fri Nov 08 00:34:15 GMT 2024","","WHOLE-TESTS","WHOLE-TESTS",""
"","2","DEBUG-METTALOGTESTCURRIED.11","","Fri Nov 08 01:47:36 GMT 2024","passed","Fri Nov 08 01:47:36 GMT 2024","","WALK-THRU","WALK-THRU",""
"","1176","TESTS2.05","","Fri Nov 08 00:44:34 GMT 2024","failed","Fri Nov 08 00:44:35 GMT 2024","","MAIN-BRANCH","MAIN-BRANCH",""
"","140","SHOW-TYPE.07","","Fri Nov 08 00:51:07 GMT 2024","failed","Fri Nov 08 00:51:07 GMT 2024","","INTROSPECT","INTROSPECT",""
"","2","TESTS5.02","","Fri Nov 08 00:44:34 GMT 2024","passed","Fri Nov 08 00:44:34 GMT 2024","","MAIN-BRANCH","MAIN-BRANCH",""
"","2","D2-HIGHERFUNC.02","","Fri Nov 08 00:44:05 GMT 2024","passed","Fri Nov 08 00:44:05 GMT 2024","","QUICK","QUICK",""
"","94","NATTEST.02","","Fri Nov 08 01:17:20 GMT 2024","failed","Fri Nov 08 01:17:20 GMT 2024","","HOL","HOL",""
"","5000","check_types.d3_deptypes","","Fri Nov 08 00:34:10 GMT 2024","passed","Fri Nov 08 00:34:15 GMT 2024","","WHOLE-TESTS","WHOLE-TESTS",""
"","8451","INF-ORDER-PROBS.04","","Fri Nov 08 01:02:17 GMT 2024","passed","Fri Nov 08 01:02:25 GMT 2024","","PROB-DEP-TYPES","PROB-DEP-TYPES",""
"","4000","hyperon-experimental_scripts.c1_grounded_basic","","Fri Nov 08 00:34:10 GMT 2024","passed","Fri Nov 08 00:34:14 GMT 2024","","WHOLE-TESTS","WHOLE-TESTS",""
"","2","BC-XP.09","","Fri Nov 08 01:14:27 GMT 2024","passed","Fri Nov 08 01:14:27 GMT 2024","","BACKWARD-CHAINING","BACKWARD-CHAINING",""
"","2","TYPE-PROP.09","","Fri Nov 08 00:49:03 GMT 2024","passed","Fri Nov 08 00:49:03 GMT 2024","","CHAINING","CHAINING",""
"","2","SYNTHESIZE-VIA-TYPE-CHECKING.05","","Fri Nov 08 01:25:10 GMT 2024","passed","Fri Nov 08 01:25:10 GMT 2024","","EXPERIMENTS","EXPERIMENTS",""
"","123","STDLIB-METTALOG-TEST-PT2.01","","Fri Nov 08 00:53:30 GMT 2024","failed","Fri Nov 08 00:53:30 GMT 2024","","STDLIB-METTALOG","STDLIB-METTALOG",""
"","4000","check_types-temp.c1_grounded_basic","","Fri Nov 08 00:34:10 GMT 2024","passed","Fri Nov 08 00:34:14 GMT 2024","","WHOLE-TESTS","WHOLE-TESTS",""
"","2","ADD-REMOVE-MATCH-MIX-FLOAT-INTEGER.07","","Fri Nov 08 00:51:22 GMT 2024","passed","Fri Nov 08 00:51:22 GMT 2024","","SPACES","SPACES",""
"","2","NATPARITYTEST.15","","Fri Nov 08 01:17:20 GMT 2024","passed","Fri Nov 08 01:17:20 GMT 2024","","HOL","HOL",""
"","2","BC-COMP.03","","Fri Nov 08 01:47:36 GMT 2024","passed","Fri Nov 08 01:47:36 GMT 2024","","WALK-THRU","WALK-THRU",""
"","292","IBC-XP.14","","Fri Nov 08 01:20:34 GMT 2024","passed","Fri Nov 08 01:20:34 GMT 2024","","ITERATIVE-CHAINING","ITERATIVE-CHAINING",""
"","120","SPACE-INTERSECTION-TESTS.09","","Fri Nov 08 00:35:50 GMT 2024","failed","Fri Nov 08 00:35:50 GMT 2024","","HYPERON-METTALOG-SANITY","HYPERON-METTALOG-SANITY",""
"","37","IMPLICATIONDIRECTINTRODUCTIONDTLTEST.04","","Fri Nov 08 01:13:15 GMT 2024","failed","Fri Nov 08 01:13:15 GMT 2024","","DEPENDENT-TYPES","DEPENDENT-TYPES",""
"","107","DEDUCTIONDTLTEST.04","","Fri Nov 08 01:13:15 GMT 2024","passed","Fri Nov 08 01:13:15 GMT 2024","","DEPENDENT-TYPES","DEPENDENT-TYPES",""
"","40000","walk_thru.mettalogTestCurried","","Fri Nov 08 00:34:10 GMT 2024","failed","Fri Nov 08 00:34:50 GMT 2024","","WHOLE-TESTS","WHOLE-TESTS",""
"","3","SYNTHESIZE-VIA-TYPE-CHECKING.01","","Fri Nov 08 01:25:10 GMT 2024","passed","Fri Nov 08 01:25:10 GMT 2024","","EXPERIMENTS","EXPERIMENTS",""
"","2","CHAPTER-1-1.02","","Fri Nov 08 00:53:40 GMT 2024","passed","Fri Nov 08 00:53:40 GMT 2024","","SICP-BOOK","SICP-BOOK",""
"","5000","hyperon-experimental_scripts.c3_pln_stv","","Fri Nov 08 00:34:10 GMT 2024","passed","Fri Nov 08 00:34:15 GMT 2024","","WHOLE-TESTS","WHOLE-TESTS",""
"","2","NATSTANDALONETEST.08","","Fri Nov 08 01:17:20 GMT 2024","passed","Fri Nov 08 01:17:20 GMT 2024","","HOL","HOL",""
"","1709","TESTS5.03","","Fri Nov 08 00:44:34 GMT 2024","failed","Fri Nov 08 00:44:35 GMT 2024","","MAIN-BRANCH","MAIN-BRANCH",""
"","3","INF-CTL-MONTH-BC-CONT-XP.01","","Fri Nov 08 01:18:32 GMT 2024","passed","Fri Nov 08 01:18:32 GMT 2024","","INFERENCE-CONTROL","INFERENCE-CONTROL",""
"","5000","main-branch.prereqs","","Fri Nov 08 00:34:10 GMT 2024","passed","Fri Nov 08 00:34:15 GMT 2024","","WHOLE-TESTS","WHOLE-TESTS",""
"","2","STDLIB-METTALOG-TEST-PT2.52","","Fri Nov 08 00:53:30 GMT 2024","passed","Fri Nov 08 00:53:30 GMT 2024","","STDLIB-METTALOG","STDLIB-METTALOG",""
"","40000","current.tests1","","Fri Nov 08 00:34:10 GMT 2024","failed","Fri Nov 08 00:34:50 GMT 2024","","WHOLE-TESTS","WHOLE-TESTS",""
"","2","ADD-REMOVE-MATCH-INTEGER.18","","Fri Nov 08 00:51:22 GMT 2024","passed","Fri Nov 08 00:51:22 GMT 2024","","SPACES","SPACES",""
"","2","01-LANG-INC.02","","Fri Nov 08 00:35:50 GMT 2024","passed","Fri Nov 08 00:35:50 GMT 2024","","HYPERON-METTALOG-SANITY","HYPERON-METTALOG-SANITY",""
"","40000","main-branch.tests4","","Fri Nov 08 00:34:10 GMT 2024","failed","Fri Nov 08 00:34:50 GMT 2024","","WHOLE-TESTS","WHOLE-TESTS",""
"","62","TYPES-PRELIM.21","","Fri Nov 08 00:49:03 GMT 2024","failed","Fri Nov 08 00:49:03 GMT 2024","","CHAINING","CHAINING",""
"","2","E2-STATES.05","","Fri Nov 08 01:10:34 GMT 2024","passed","Fri Nov 08 01:10:34 GMT 2024","","CHECK-TYPES","CHECK-TYPES",""
"","1","PC-XP.02","","Fri Nov 08 01:23:17 GMT 2024","passed","Fri Nov 08 01:23:17 GMT 2024","","POLYWARD-CHAINING","POLYWARD-CHAINING",""
"","40000","loop-checks.06_loop_2","","Fri Nov 08 00:34:10 GMT 2024","failed","Fri Nov 08 00:34:50 GMT 2024","","WHOLE-TESTS","WHOLE-TESTS",""
"","2","C1-GROUNDED-BASIC.16","","Fri Nov 08 00:34:14 GMT 2024","passed","Fri Nov 08 00:34:14 GMT 2024","","HYPERON-EXPERIMENTAL-SCRIPTS","HYPERON-EXPERIMENTAL-SCRIPTS",""
"","46000","prev.tests2","","Fri Nov 08 00:34:10 GMT 2024","failed","Fri Nov 08 00:34:56 GMT 2024","","WHOLE-TESTS","WHOLE-TESTS",""
"","1","HYPERPOSING-SHARED.05","","Fri Nov 08 01:56:15 GMT 2024","passed","Fri Nov 08 01:56:15 GMT 2024","","BASIC","BASIC",""
"","2","SEQUENTIAL-NESTED.08","","Fri Nov 08 00:39:48 GMT 2024","passed","Fri Nov 08 00:39:48 GMT 2024","","METTA-MORPH-TESTS","METTA-MORPH-TESTS",""
"","3187","TRAINING.02","","Fri Nov 08 02:08:49 GMT 2024","passed","Fri Nov 08 02:08:52 GMT 2024","","LANGUAGE-MODELS","LANGUAGE-MODELS",""
"","5000","hyperon-experimental_scripts.b2_backchain","","Fri Nov 08 00:34:10 GMT 2024","passed","Fri Nov 08 00:34:15 GMT 2024","","WHOLE-TESTS","WHOLE-TESTS",""
"","4000","multidirectional.obif_clp","","Fri Nov 08 00:34:10 GMT 2024","passed","Fri Nov 08 00:34:14 GMT 2024","","WHOLE-TESTS","WHOLE-TESTS",""
"","2","BACKWARD-CHAINER-XP.19","","Fri Nov 08 01:14:22 GMT 2024","passed","Fri Nov 08 01:14:22 GMT 2024","","BACKWARD-CHAINER","BACKWARD-CHAINER",""
"","2","TYPES-PRELIM.03","","Fri Nov 08 00:49:03 GMT 2024","passed","Fri Nov 08 00:49:03 GMT 2024","","CHAINING","CHAINING",""
"","4000","hyperon-mettalog_sanity.unique_test","","Fri Nov 08 00:34:10 GMT 2024","passed","Fri Nov 08 00:34:14 GMT 2024","","WHOLE-TESTS","WHOLE-TESTS",""
"","87","OR-TEST.20","","Fri Nov 08 00:35:50 GMT 2024","failed","Fri Nov 08 00:35:50 GMT 2024","","HYPERON-METTALOG-SANITY","HYPERON-METTALOG-SANITY",""
"","4000","hyperon-mettalog_sanity.base_test_repr_parse_intersection","","Fri Nov 08 00:34:10 GMT 2024","passed","Fri Nov 08 00:34:14 GMT 2024","","WHOLE-TESTS","WHOLE-TESTS",""
"","3","STDLIB-METTALOG-TEST-PT2.19","","Fri Nov 08 00:53:30 GMT 2024","passed","Fri Nov 08 00:53:30 GMT 2024","","STDLIB-METTALOG","STDLIB-METTALOG",""
"","3","TESTS4.05","","Fri Nov 08 00:44:34 GMT 2024","passed","Fri Nov 08 00:44:34 GMT 2024","","MAIN-BRANCH","MAIN-BRANCH",""
"","4000","hyperon-mettalog_sanity.string-tests","","Fri Nov 08 00:34:10 GMT 2024","passed","Fri Nov 08 00:34:14 GMT 2024","","WHOLE-TESTS","WHOLE-TESTS",""
"","7000","chaining.v2-pln-xp","","Fri Nov 08 00:34:10 GMT 2024","passed","Fri Nov 08 00:34:17 GMT 2024","","WHOLE-TESTS","WHOLE-TESTS",""
"","6000","main-branch.minnars_Prev","","Fri Nov 08 00:34:10 GMT 2024","passed","Fri Nov 08 00:34:16 GMT 2024","","WHOLE-TESTS","WHOLE-TESTS",""
"","2","LISTTEST.15","","Fri Nov 08 01:14:36 GMT 2024","passed","Fri Nov 08 01:14:36 GMT 2024","","COMMON","COMMON",""
"","3","ADD-REMOVE-MATCH-FLOAT.01","","Fri Nov 08 00:51:22 GMT 2024","passed","Fri Nov 08 00:51:22 GMT 2024","","SPACES","SPACES",""
"","2","C1-GROUNDED-BASIC.03","","Fri Nov 08 00:34:14 GMT 2024","passed","Fri Nov 08 00:34:14 GMT 2024","","HYPERON-EXPERIMENTAL-SCRIPTS","HYPERON-EXPERIMENTAL-SCRIPTS",""
"","2","HYPERPOSE.02","","Fri Nov 08 00:39:48 GMT 2024","passed","Fri Nov 08 00:39:48 GMT 2024","","METTA-MORPH-TESTS","METTA-MORPH-TESTS",""
"","4","NATDTLTEST.01","","Fri Nov 08 01:17:20 GMT 2024","passed","Fri Nov 08 01:17:20 GMT 2024","","HOL","HOL",""
"","5000","hyperon-experimental_scripts.d4_type_prop","","Fri Nov 08 00:34:10 GMT 2024","passed","Fri Nov 08 00:34:15 GMT 2024","","WHOLE-TESTS","WHOLE-TESTS",""
"","4000","metta-morph_tests.types","","Fri Nov 08 00:34:10 GMT 2024","passed","Fri Nov 08 00:34:14 GMT 2024","","WHOLE-TESTS","WHOLE-TESTS",""
"","2","F1-MODULEA.02","","Fri Nov 08 00:44:05 GMT 2024","passed","Fri Nov 08 00:44:05 GMT 2024","","QUICK","QUICK",""
"","4","ORIENTATION-TEST.03","","Fri Nov 08 01:24:16 GMT 2024","passed","Fri Nov 08 01:24:16 GMT 2024","","ORIENTATION","ORIENTATION",""
"","2","ADD-REMOVE-MATCH-MIX-FLOAT-INTEGER.12","","Fri Nov 08 00:51:22 GMT 2024","passed","Fri Nov 08 00:51:22 GMT 2024","","SPACES","SPACES",""
"","2","TEST-IF-CLOSED.05","","Fri Nov 08 01:47:36 GMT 2024","passed","Fri Nov 08 01:47:36 GMT 2024","","WALK-THRU","WALK-THRU",""
"","3","TESTS2.06","","Fri Nov 08 00:44:34 GMT 2024","passed","Fri Nov 08 00:44:34 GMT 2024","","MAIN-BRANCH","MAIN-BRANCH",""
"","2","IS-SPACE.02","","Fri Nov 08 00:35:50 GMT 2024","passed","Fri Nov 08 00:35:50 GMT 2024","","HYPERON-METTALOG-SANITY","HYPERON-METTALOG-SANITY",""
"","144","STDLIB-METTALOG-TEST-PT2.21","","Fri Nov 08 00:53:30 GMT 2024","failed","Fri Nov 08 00:53:30 GMT 2024","","STDLIB-METTALOG","STDLIB-METTALOG",""
"","3","D1-GADT.01","","Fri Nov 08 00:34:14 GMT 2024","passed","Fri Nov 08 00:34:14 GMT 2024","","HYPERON-EXPERIMENTAL-SCRIPTS","HYPERON-EXPERIMENTAL-SCRIPTS",""
"","5000","walk_thru.test_if_closed","","Fri Nov 08 00:34:10 GMT 2024","passed","Fri Nov 08 00:34:15 GMT 2024","","WHOLE-TESTS","WHOLE-TESTS",""
"","1179","TESTS1-PRE.02","","Fri Nov 08 00:44:34 GMT 2024","failed","Fri Nov 08 00:44:35 GMT 2024","","MAIN-BRANCH","MAIN-BRANCH",""
"","2","BC-XP.18","","Fri Nov 08 01:14:27 GMT 2024","passed","Fri Nov 08 01:14:27 GMT 2024","","BACKWARD-CHAINING","BACKWARD-CHAINING",""
"","2","ADD-REMOVE-MATCH-FLOAT.15","","Fri Nov 08 00:51:22 GMT 2024","passed","Fri Nov 08 00:51:22 GMT 2024","","SPACES","SPACES",""
"","5000","metta-morph_tests.zeroargs","","Fri Nov 08 00:34:10 GMT 2024","passed","Fri Nov 08 00:34:15 GMT 2024","","WHOLE-TESTS","WHOLE-TESTS",""
"","4","C1-GROUNDED-BASIC.08","","Fri Nov 08 00:44:05 GMT 2024","passed","Fri Nov 08 00:44:05 GMT 2024","","QUICK","QUICK",""
"","120","PROB-DEP-TYPES.05","","Fri Nov 08 01:02:17 GMT 2024","passed","Fri Nov 08 01:02:17 GMT 2024","","PROB-DEP-TYPES","PROB-DEP-TYPES",""
"","2","F1-IMPORTS.09","","Fri Nov 08 00:34:05 GMT 2024","passed","Fri Nov 08 00:34:05 GMT 2024","","MODULE-SYSTEM","MODULE-SYSTEM",""
"","4000","chaining.parent_go_1","","Fri Nov 08 00:34:10 GMT 2024","passed","Fri Nov 08 00:34:14 GMT 2024","","WHOLE-TESTS","WHOLE-TESTS",""
"","269","IMPLICATIONDIRECTINTRODUCTIONDTLTEST.14","","Fri Nov 08 01:13:15 GMT 2024","passed","Fri Nov 08 01:13:15 GMT 2024","","DEPENDENT-TYPES","DEPENDENT-TYPES",""
"","3","INF-CTL-XP.01","","Fri Nov 08 01:18:32 GMT 2024","passed","Fri Nov 08 01:18:32 GMT 2024","","INFERENCE-CONTROL","INFERENCE-CONTROL",""
"","2","03-SORING-VIA-INSERT.05","","Fri Nov 08 00:35:50 GMT 2024","passed","Fri Nov 08 00:35:50 GMT 2024","","HYPERON-METTALOG-SANITY","HYPERON-METTALOG-SANITY",""
"","2","ADD-REMOVE-MATCH-MIX-FLOAT-INTEGER.16","","Fri Nov 08 00:51:22 GMT 2024","passed","Fri Nov 08 00:51:22 GMT 2024","","SPACES","SPACES",""
"","2","C1-GROUNDED-BASIC.22","","Fri Nov 08 00:44:05 GMT 2024","passed","Fri Nov 08 00:44:05 GMT 2024","","QUICK","QUICK",""
"","5","CHAPTER-1-1.22","","Fri Nov 08 00:53:40 GMT 2024","passed","Fri Nov 08 00:53:40 GMT 2024","","SICP-BOOK","SICP-BOOK",""
"","2","C1-GROUNDED-BASIC.18","","Fri Nov 08 00:44:05 GMT 2024","passed","Fri Nov 08 00:44:05 GMT 2024","","QUICK","QUICK",""
"","2","XOR-TEST.06","","Fri Nov 08 00:35:50 GMT 2024","passed","Fri Nov 08 00:35:50 GMT 2024","","HYPERON-METTALOG-SANITY","HYPERON-METTALOG-SANITY",""
"","2","D1-GADT.07","","Fri Nov 08 00:44:05 GMT 2024","passed","Fri Nov 08 00:44:05 GMT 2024","","QUICK","QUICK",""
"","4000","utils.utils-test","","Fri Nov 08 00:34:10 GMT 2024","passed","Fri Nov 08 00:34:14 GMT 2024","","WHOLE-TESTS","WHOLE-TESTS",""
"","18000","main-branch.tests1_pre","","Fri Nov 08 00:34:10 GMT 2024","passed","Fri Nov 08 00:34:28 GMT 2024","","WHOLE-TESTS","WHOLE-TESTS",""
"","2","INF-CTL-XP.05","","Fri Nov 08 01:18:32 GMT 2024","passed","Fri Nov 08 01:18:32 GMT 2024","","INFERENCE-CONTROL","INFERENCE-CONTROL",""
"","411","SYNTHESIZE-VIA-CASE-TEST.08","","Fri Nov 08 01:25:10 GMT 2024","failed","Fri Nov 08 01:25:10 GMT 2024","","EXPERIMENTS","EXPERIMENTS",""
"","2","HYPERPOSE.04","","Fri Nov 08 00:39:48 GMT 2024","passed","Fri Nov 08 00:39:48 GMT 2024","","METTA-MORPH-TESTS","METTA-MORPH-TESTS",""
"","2","BC-XP.26","","Fri Nov 08 01:14:27 GMT 2024","passed","Fri Nov 08 01:14:27 GMT 2024","","BACKWARD-CHAINING","BACKWARD-CHAINING",""
"","40000","main-branch.tests1","","Fri Nov 08 00:34:10 GMT 2024","failed","Fri Nov 08 00:34:50 GMT 2024","","WHOLE-TESTS","WHOLE-TESTS",""
"","62","B5-TYPES-PRELIM.24","","Fri Nov 08 00:34:14 GMT 2024","failed","Fri Nov 08 00:34:14 GMT 2024","","HYPERON-EXPERIMENTAL-SCRIPTS","HYPERON-EXPERIMENTAL-SCRIPTS",""
"","66","TESTS1.01","","Fri Nov 08 01:34:24 GMT 2024","failed","Fri Nov 08 01:34:24 GMT 2024","","NARS-V0","NARS-V0",""
"","2","06-MATCH-IN-SPACE.05","","Fri Nov 08 00:35:50 GMT 2024","passed","Fri Nov 08 00:35:50 GMT 2024","","HYPERON-METTALOG-SANITY","HYPERON-METTALOG-SANITY",""
"","2","E2-STATES.09","","Fri Nov 08 01:10:34 GMT 2024","passed","Fri Nov 08 01:10:34 GMT 2024","","CHECK-TYPES","CHECK-TYPES",""
"","2","FORWARD-CHAINER-XP.23","","Fri Nov 08 01:17:07 GMT 2024","passed","Fri Nov 08 01:17:07 GMT 2024","","FORWARD-CHAINER","FORWARD-CHAINER",""
"","1","INF-CTL-MONTH-BC-CONT-XP.23","","Fri Nov 08 01:18:32 GMT 2024","passed","Fri Nov 08 01:18:32 GMT 2024","","INFERENCE-CONTROL","INFERENCE-CONTROL",""
"","2","INF-CTL-MONTH-BC-CONT-XP.17","","Fri Nov 08 01:18:32 GMT 2024","passed","Fri Nov 08 01:18:32 GMT 2024","","INFERENCE-CONTROL","INFERENCE-CONTROL",""
"","64","STDLIB-METTALOG-TEST-PT2.23","","Fri Nov 08 00:53:30 GMT 2024","failed","Fri Nov 08 00:53:30 GMT 2024","","STDLIB-METTALOG","STDLIB-METTALOG",""
"","3","XOR-TEST.03","","Fri Nov 08 00:35:50 GMT 2024","passed","Fri Nov 08 00:35:50 GMT 2024","","HYPERON-METTALOG-SANITY","HYPERON-METTALOG-SANITY",""
"","2118","TESTS5.07","","Fri Nov 08 00:44:34 GMT 2024","failed","Fri Nov 08 00:44:36 GMT 2024","","MAIN-BRANCH","MAIN-BRANCH",""
"","2","SYNTHESIZE-VIA-TYPE-CHECKING.03","","Fri Nov 08 01:25:10 GMT 2024","passed","Fri Nov 08 01:25:10 GMT 2024","","EXPERIMENTS","EXPERIMENTS",""
"","4000","formula.DeductionFormulaTest","","Fri Nov 08 00:34:10 GMT 2024","passed","Fri Nov 08 00:34:14 GMT 2024","","WHOLE-TESTS","WHOLE-TESTS",""
"","5000","synthesis.UnifyTest","","Fri Nov 08 00:34:10 GMT 2024","passed","Fri Nov 08 00:34:15 GMT 2024","","WHOLE-TESTS","WHOLE-TESTS",""
"","3","RUN-MINNARS-TRIMMED.01","","Fri Nov 08 01:33:08 GMT 2024","passed","Fri Nov 08 01:33:08 GMT 2024","","NARS-EXTRAS","NARS-EXTRAS",""
"","5","ADD-REMOVE-MATCH-INTEGER.42","","Fri Nov 08 00:51:22 GMT 2024","passed","Fri Nov 08 00:51:22 GMT 2024","","SPACES","SPACES",""
"","3556","PROB-DEP-TYPES.15","","Fri Nov 08 01:02:17 GMT 2024","failed","Fri Nov 08 01:02:20 GMT 2024","","PROB-DEP-TYPES","PROB-DEP-TYPES",""
"","2","LISTTEST.19","","Fri Nov 08 01:14:36 GMT 2024","passed","Fri Nov 08 01:14:36 GMT 2024","","COMMON","COMMON",""
"","2","F1-MODULEA.07","","Fri Nov 08 00:34:05 GMT 2024","passed","Fri Nov 08 00:34:05 GMT 2024","","MODULE-SYSTEM","MODULE-SYSTEM",""
"","4","C1-GROUNDED-BASIC.08","","Fri Nov 08 00:34:14 GMT 2024","passed","Fri Nov 08 00:34:14 GMT 2024","","HYPERON-EXPERIMENTAL-SCRIPTS","HYPERON-EXPERIMENTAL-SCRIPTS",""
"","52","HYPERON-EXPERIMENTAL-ISSUE-481.01","","Fri Nov 08 01:50:55 GMT 2024","failed","Fri Nov 08 01:50:55 GMT 2024","","DEBUGGING","DEBUGGING",""
"","2","IFC-XP.29","","Fri Nov 08 01:20:34 GMT 2024","passed","Fri Nov 08 01:20:34 GMT 2024","","ITERATIVE-CHAINING","ITERATIVE-CHAINING",""
"","3","IBC-XP.01","","Fri Nov 08 01:20:34 GMT 2024","passed","Fri Nov 08 01:20:34 GMT 2024","","ITERATIVE-CHAINING","ITERATIVE-CHAINING",""
"","33","IFC-XP.20","","Fri Nov 08 01:20:34 GMT 2024","failed","Fri Nov 08 01:20:34 GMT 2024","","ITERATIVE-CHAINING","ITERATIVE-CHAINING",""
"","2","TYPE-PROP.23","","Fri Nov 08 01:10:13 GMT 2024","passed","Fri Nov 08 01:10:13 GMT 2024","","CHECK-TYPES-TEMP","CHECK-TYPES-TEMP",""
"","2","F1-IMPORTS.16","","Fri Nov 08 00:34:05 GMT 2024","passed","Fri Nov 08 00:34:05 GMT 2024","","MODULE-SYSTEM","MODULE-SYSTEM",""
"","5","TYPES-PRELIM.04","","Fri Nov 08 00:49:03 GMT 2024","passed","Fri Nov 08 00:49:03 GMT 2024","","CHAINING","CHAINING",""
"","2","INTERSECTION-TESTS.30","","Fri Nov 08 00:35:50 GMT 2024","passed","Fri Nov 08 00:35:50 GMT 2024","","HYPERON-METTALOG-SANITY","HYPERON-METTALOG-SANITY",""
"","3","NILS-IF-CONTROL-TEST-3.02","","Fri Nov 08 02:02:34 GMT 2024","passed","Fri Nov 08 02:02:34 GMT 2024","","COMPARISONS","COMPARISONS",""
"","2","CHAPTER-2-4.14","","Fri Nov 08 00:53:40 GMT 2024","passed","Fri Nov 08 00:53:40 GMT 2024","","SICP-BOOK","SICP-BOOK",""
"","3","TMPMATCH2.01","","Fri Nov 08 01:47:36 GMT 2024","passed","Fri Nov 08 01:47:36 GMT 2024","","WALK-THRU","WALK-THRU",""
"","2","D4-TYPE-PROP.09","","Fri Nov 08 00:34:14 GMT 2024","passed","Fri Nov 08 00:34:14 GMT 2024","","HYPERON-EXPERIMENTAL-SCRIPTS","HYPERON-EXPERIMENTAL-SCRIPTS",""
"","4000","hyperon-experimental_scripts.e3_match_states","","Fri Nov 08 00:34:10 GMT 2024","passed","Fri Nov 08 00:34:14 GMT 2024","","WHOLE-TESTS","WHOLE-TESTS",""
"","2","TEST-IF-CLOSED.03","","Fri Nov 08 01:47:36 GMT 2024","passed","Fri Nov 08 01:47:36 GMT 2024","","WALK-THRU","WALK-THRU",""
"","34","CHAPTER-1-3.04","","Fri Nov 08 00:53:40 GMT 2024","passed","Fri Nov 08 00:53:40 GMT 2024","","SICP-BOOK","SICP-BOOK",""
"","2","ADD-REMOVE-MATCH-INTEGER.43","","Fri Nov 08 00:51:22 GMT 2024","passed","Fri Nov 08 00:51:22 GMT 2024","","SPACES","SPACES",""
"","2","TESTS0.04","","Fri Nov 08 00:39:48 GMT 2024","passed","Fri Nov 08 00:39:48 GMT 2024","","METTA-MORPH-TESTS","METTA-MORPH-TESTS",""
"","2","F1-MODULEA.08","","Fri Nov 08 00:44:05 GMT 2024","passed","Fri Nov 08 00:44:05 GMT 2024","","QUICK","QUICK",""
"","67","ADD-REMOVE-MATCH-INTEGER.40","","Fri Nov 08 00:51:22 GMT 2024","passed","Fri Nov 08 00:51:22 GMT 2024","","SPACES","SPACES",""
"","3","TEST-IF-CLOSED.01","","Fri Nov 08 01:47:36 GMT 2024","passed","Fri Nov 08 01:47:36 GMT 2024","","WALK-THRU","WALK-THRU",""
"","2","CHAPTER-2-4.10","","Fri Nov 08 00:53:40 GMT 2024","passed","Fri Nov 08 00:53:40 GMT 2024","","SICP-BOOK","SICP-BOOK",""
"","5","EVIDENTIALTRUTHVALUETEST.04","","Fri Nov 08 01:15:03 GMT 2024","passed","Fri Nov 08 01:15:03 GMT 2024","","TRUTHVALUE","TRUTHVALUE",""
"","3","BCHAIN-COMP.04","","Fri Nov 08 01:47:36 GMT 2024","passed","Fri Nov 08 01:47:36 GMT 2024","","WALK-THRU","WALK-THRU",""
"","4000","hyperon-mettalog_sanity.is_space","","Fri Nov 08 00:34:10 GMT 2024","passed","Fri Nov 08 00:34:14 GMT 2024","","WHOLE-TESTS","WHOLE-TESTS",""
"","2","B5-TYPES-PRELIM.26","","Fri Nov 08 00:34:14 GMT 2024","passed","Fri Nov 08 00:34:14 GMT 2024","","HYPERON-EXPERIMENTAL-SCRIPTS","HYPERON-EXPERIMENTAL-SCRIPTS",""
"","3","ADD-ATOM-MATCH.01","","Fri Nov 08 00:39:48 GMT 2024","passed","Fri Nov 08 00:39:48 GMT 2024","","METTA-MORPH-TESTS","METTA-MORPH-TESTS",""
"","1","IFC-XP.11","","Fri Nov 08 01:20:34 GMT 2024","passed","Fri Nov 08 01:20:34 GMT 2024","","ITERATIVE-CHAINING","ITERATIVE-CHAINING",""
"","2","INF-CTL-MONTH-BC-XP.01","","Fri Nov 08 01:18:32 GMT 2024","passed","Fri Nov 08 01:18:32 GMT 2024","","INFERENCE-CONTROL","INFERENCE-CONTROL",""
"","2","STRING-TESTS.13","","Fri Nov 08 00:35:50 GMT 2024","passed","Fri Nov 08 00:35:50 GMT 2024","","HYPERON-METTALOG-SANITY","HYPERON-METTALOG-SANITY",""
"","402","TESTS0.06","","Fri Nov 08 01:42:12 GMT 2024","passed","Fri Nov 08 01:42:12 GMT 2024","","PREV","PREV",""
"","2","C1-GROUNDED-BASIC.10","","Fri Nov 08 00:34:14 GMT 2024","passed","Fri Nov 08 00:34:14 GMT 2024","","HYPERON-EXPERIMENTAL-SCRIPTS","HYPERON-EXPERIMENTAL-SCRIPTS",""
"","2","ADD-REMOVE-MATCH-FLOAT.11","","Fri Nov 08 00:51:22 GMT 2024","passed","Fri Nov 08 00:51:22 GMT 2024","","SPACES","SPACES",""
"","2","ADD-REMOVE-MATCH-INTEGER.17","","Fri Nov 08 00:51:22 GMT 2024","passed","Fri Nov 08 00:51:22 GMT 2024","","SPACES","SPACES",""
"","4000","anti-regression.tmpMatch2","","Fri Nov 08 00:34:10 GMT 2024","passed","Fri Nov 08 00:34:14 GMT 2024","","WHOLE-TESTS","WHOLE-TESTS",""
"","2","CHAPTER-1-1.20","","Fri Nov 08 00:53:40 GMT 2024","passed","Fri Nov 08 00:53:40 GMT 2024","","SICP-BOOK","SICP-BOOK",""
"","4000","hyperon-mettalog_sanity.01_lang_inc","","Fri Nov 08 00:34:10 GMT 2024","passed","Fri Nov 08 00:34:14 GMT 2024","","WHOLE-TESTS","WHOLE-TESTS",""
"","1153","IBC-XP.28","","Fri Nov 08 01:20:34 GMT 2024","passed","Fri Nov 08 01:20:35 GMT 2024","","ITERATIVE-CHAINING","ITERATIVE-CHAINING",""
"","5000","walk_thru.tmpMatch2","","Fri Nov 08 00:34:10 GMT 2024","passed","Fri Nov 08 00:34:15 GMT 2024","","WHOLE-TESTS","WHOLE-TESTS",""
"","2","ADD-REMOVE-MATCH-SYMBOLS.09","","Fri Nov 08 00:51:22 GMT 2024","passed","Fri Nov 08 00:51:22 GMT 2024","","SPACES","SPACES",""
"","3","STATE-TYPES.03","","Fri Nov 08 01:56:15 GMT 2024","passed","Fri Nov 08 01:56:15 GMT 2024","","BASIC","BASIC",""
"","2","BACKWARD-CHAINER-XP.30","","Fri Nov 08 01:14:22 GMT 2024","passed","Fri Nov 08 01:14:22 GMT 2024","","BACKWARD-CHAINER","BACKWARD-CHAINER",""
"","5000","chaining.pln_stv","","Fri Nov 08 00:34:10 GMT 2024","passed","Fri Nov 08 00:34:15 GMT 2024","","WHOLE-TESTS","WHOLE-TESTS",""
"","2","BACKWARD-CHAINER-XP.41","","Fri Nov 08 01:14:22 GMT 2024","passed","Fri Nov 08 01:14:22 GMT 2024","","BACKWARD-CHAINER","BACKWARD-CHAINER",""
"","2","C1-GROUNDED-BASIC.03","","Fri Nov 08 00:44:05 GMT 2024","passed","Fri Nov 08 00:44:05 GMT 2024","","QUICK","QUICK",""
"","2","F1-MODULEA.07","","Fri Nov 08 00:44:05 GMT 2024","passed","Fri Nov 08 00:44:05 GMT 2024","","QUICK","QUICK",""
"","2","F1-MODULEA.01","","Fri Nov 08 00:34:14 GMT 2024","passed","Fri Nov 08 00:34:14 GMT 2024","","HYPERON-EXPERIMENTAL-SCRIPTS","HYPERON-EXPERIMENTAL-SCRIPTS",""
"","4000","loop-checks.06_loop_0","","Fri Nov 08 00:34:10 GMT 2024","passed","Fri Nov 08 00:34:14 GMT 2024","","WHOLE-TESTS","WHOLE-TESTS",""
"","2","SYNTHESIZE-VIA-TYPE-CHECKING.11","","Fri Nov 08 01:25:10 GMT 2024","passed","Fri Nov 08 01:25:10 GMT 2024","","EXPERIMENTS","EXPERIMENTS",""
"","2","D2-HIGHERFUNC.03","","Fri Nov 08 00:34:14 GMT 2024","passed","Fri Nov 08 00:34:14 GMT 2024","","HYPERON-EXPERIMENTAL-SCRIPTS","HYPERON-EXPERIMENTAL-SCRIPTS",""
"","3","02-CURRIED-PLUS.01","","Fri Nov 08 00:35:50 GMT 2024","passed","Fri Nov 08 00:35:50 GMT 2024","","HYPERON-METTALOG-SANITY","HYPERON-METTALOG-SANITY",""
"","9","D1-GADT.09","","Fri Nov 08 00:44:05 GMT 2024","passed","Fri Nov 08 00:44:05 GMT 2024","","QUICK","QUICK",""
"","2","E2-STATES.09","","Fri Nov 08 00:34:14 GMT 2024","passed","Fri Nov 08 00:34:14 GMT 2024","","HYPERON-EXPERIMENTAL-SCRIPTS","HYPERON-EXPERIMENTAL-SCRIPTS",""
"","68","CREATE-SERVER.03","","Fri Nov 08 01:52:02 GMT 2024","failed","Fri Nov 08 01:52:02 GMT 2024","","DISTRIBUTED-PROCESSING","DISTRIBUTED-PROCESSING",""
"","3","B5-TYPES-PRELIM.10","","Fri Nov 08 01:10:13 GMT 2024","passed","Fri Nov 08 01:10:13 GMT 2024","","CHECK-TYPES-TEMP","CHECK-TYPES-TEMP",""
"","82","B5-TYPES-PRELIM.11","","Fri Nov 08 01:10:13 GMT 2024","failed","Fri Nov 08 01:10:13 GMT 2024","","CHECK-TYPES-TEMP","CHECK-TYPES-TEMP",""
"","2","GENE-PLN-XP.02","","Fri Nov 08 01:10:00 GMT 2024","passed","Fri Nov 08 01:10:00 GMT 2024","","PLN","PLN",""
"","3","MATCH-VOID.01","","Fri Nov 08 00:39:48 GMT 2024","passed","Fri Nov 08 00:39:48 GMT 2024","","METTA-MORPH-TESTS","METTA-MORPH-TESTS",""
"","5000","hyperon-mettalog_sanity.sealed_test","","Fri Nov 08 00:34:10 GMT 2024","passed","Fri Nov 08 00:34:15 GMT 2024","","WHOLE-TESTS","WHOLE-TESTS",""
"","14","F1-IMPORTS.04","","Fri Nov 08 00:34:05 GMT 2024","failed","Fri Nov 08 00:34:05 GMT 2024","","MODULE-SYSTEM","MODULE-SYSTEM",""
"","4","BC-COMP.06","","Fri Nov 08 00:41:57 GMT 2024","passed","Fri Nov 08 00:41:57 GMT 2024","","ANTI-REGRESSION","ANTI-REGRESSION",""
"","3","STDLIB-METTALOG-TEST-PT2.46","","Fri Nov 08 00:53:30 GMT 2024","passed","Fri Nov 08 00:53:30 GMT 2024","","STDLIB-METTALOG","STDLIB-METTALOG",""
"","2","KEY-LOOKUPS-MANY.04","","Fri Nov 08 01:56:15 GMT 2024","passed","Fri Nov 08 01:56:15 GMT 2024","","BASIC","BASIC",""
"","2","SHOW-TYPE.11","","Fri Nov 08 00:51:07 GMT 2024","passed","Fri Nov 08 00:51:07 GMT 2024","","INTROSPECT","INTROSPECT",""
"","2","BACKWARD-CHAINER-XP.36","","Fri Nov 08 01:14:22 GMT 2024","passed","Fri Nov 08 01:14:22 GMT 2024","","BACKWARD-CHAINER","BACKWARD-CHAINER",""
"","6000","dependent-types.bchain","","Fri Nov 08 00:34:10 GMT 2024","passed","Fri Nov 08 00:34:16 GMT 2024","","WHOLE-TESTS","WHOLE-TESTS",""
"","2","BACKWARD-CHAINER-XP.17","","Fri Nov 08 01:14:22 GMT 2024","passed","Fri Nov 08 01:14:22 GMT 2024","","BACKWARD-CHAINER","BACKWARD-CHAINER",""
"","3","AI-SERVICE-COMPOSITION-SANITY.01","","Fri Nov 08 01:07:41 GMT 2024","passed","Fri Nov 08 01:07:41 GMT 2024","","AI-SERVICE","AI-SERVICE",""
"","2","BCHAIN.06","","Fri Nov 08 00:41:57 GMT 2024","passed","Fri Nov 08 00:41:57 GMT 2024","","ANTI-REGRESSION","ANTI-REGRESSION",""
"","4000","red-black-lambda.lambda-theory","","Fri Nov 08 00:34:10 GMT 2024","passed","Fri Nov 08 00:34:14 GMT 2024","","WHOLE-TESTS","WHOLE-TESTS",""
"","74","INF-CTL-MONTH-XP-SHORT-1.02","","Fri Nov 08 02:02:34 GMT 2024","failed","Fri Nov 08 02:02:34 GMT 2024","","COMPARISONS","COMPARISONS",""
"","28","SUBTYPING-TEST.02","","Fri Nov 08 01:23:22 GMT 2024","failed","Fri Nov 08 01:23:22 GMT 2024","","SUBTYPING","SUBTYPING",""
"","2","D4-TYPE-PROP.15","","Fri Nov 08 00:44:05 GMT 2024","passed","Fri Nov 08 00:44:05 GMT 2024","","QUICK","QUICK",""
"","40","SUBTYPING-TEST.04","","Fri Nov 08 01:23:22 GMT 2024","passed","Fri Nov 08 01:23:22 GMT 2024","","SUBTYPING","SUBTYPING",""
"","115","BASE-TEST-REPR-PARSE-INTERSECTION.01","","Fri Nov 08 00:35:50 GMT 2024","passed","Fri Nov 08 00:35:50 GMT 2024","","HYPERON-METTALOG-SANITY","HYPERON-METTALOG-SANITY",""
"","76","UNIFY-VIA-CASE.04","","Fri Nov 08 01:25:10 GMT 2024","failed","Fri Nov 08 01:25:10 GMT 2024","","EXPERIMENTS","EXPERIMENTS",""
"","2","CHAPTER-1-1.12","","Fri Nov 08 00:53:40 GMT 2024","passed","Fri Nov 08 00:53:40 GMT 2024","","SICP-BOOK","SICP-BOOK",""
"","2","INF-CTL-MONTH-BC-CONT-XP.27","","Fri Nov 08 01:18:32 GMT 2024","passed","Fri Nov 08 01:18:32 GMT 2024","","INFERENCE-CONTROL","INFERENCE-CONTROL",""
"","41000","python_from_metta.fs","","Fri Nov 08 00:34:10 GMT 2024","failed","Fri Nov 08 00:34:51 GMT 2024","","WHOLE-TESTS","WHOLE-TESTS",""
"","2","STDLIB-METTALOG-TEST-PT2.64","","Fri Nov 08 00:53:30 GMT 2024","passed","Fri Nov 08 00:53:30 GMT 2024","","STDLIB-METTALOG","STDLIB-METTALOG",""
"","4000","anti-regression.comma_is_not_special","","Fri Nov 08 00:34:10 GMT 2024","passed","Fri Nov 08 00:34:14 GMT 2024","","WHOLE-TESTS","WHOLE-TESTS",""
"","296","SELF-CONTAINED-SYNTHESIZE.06","","Fri Nov 08 01:25:10 GMT 2024","failed","Fri Nov 08 01:25:10 GMT 2024","","EXPERIMENTS","EXPERIMENTS",""
"","97","B4-NONDETERM.10","","Fri Nov 08 00:34:14 GMT 2024","passed","Fri Nov 08 00:34:14 GMT 2024","","HYPERON-EXPERIMENTAL-SCRIPTS","HYPERON-EXPERIMENTAL-SCRIPTS",""
"","3","F1-IMPORTS.15","","Fri Nov 08 00:34:05 GMT 2024","passed","Fri Nov 08 00:34:05 GMT 2024","","MODULE-SYSTEM","MODULE-SYSTEM",""
"","4000","features.represent_and_parse_tests","","Fri Nov 08 00:34:10 GMT 2024","passed","Fri Nov 08 00:34:14 GMT 2024","","WHOLE-TESTS","WHOLE-TESTS",""
"","274","SELF-CONTAINED-SYNTHESIZE.04","","Fri Nov 08 01:25:10 GMT 2024","failed","Fri Nov 08 01:25:10 GMT 2024","","EXPERIMENTS","EXPERIMENTS",""
"","1","KEY-LOOKUPS-MANY.03","","Fri Nov 08 01:56:15 GMT 2024","passed","Fri Nov 08 01:56:15 GMT 2024","","BASIC","BASIC",""
"","3","LET-SUPERPOSE-LIST.01","","Fri Nov 08 00:39:48 GMT 2024","passed","Fri Nov 08 00:39:48 GMT 2024","","METTA-MORPH-TESTS","METTA-MORPH-TESTS",""
"","2","D4-TYPE-PROP.15","","Fri Nov 08 01:10:34 GMT 2024","passed","Fri Nov 08 01:10:34 GMT 2024","","CHECK-TYPES","CHECK-TYPES",""
"","3","ADD-REMOVE-MATCH-INTEGER.02","","Fri Nov 08 00:51:22 GMT 2024","passed","Fri Nov 08 00:51:22 GMT 2024","","SPACES","SPACES",""
"","138","FORWARD-CHAINER-XP.20","","Fri Nov 08 01:17:07 GMT 2024","passed","Fri Nov 08 01:17:07 GMT 2024","","FORWARD-CHAINER","FORWARD-CHAINER",""
"","2","IBC-XP.08","","Fri Nov 08 01:20:34 GMT 2024","passed","Fri Nov 08 01:20:34 GMT 2024","","ITERATIVE-CHAINING","ITERATIVE-CHAINING",""
"","2","F1-IMPORTS.13","","Fri Nov 08 00:34:05 GMT 2024","passed","Fri Nov 08 00:34:05 GMT 2024","","MODULE-SYSTEM","MODULE-SYSTEM",""
"","171","SYNTHESIZE-VIA-UNIFY-TEST.07","","Fri Nov 08 01:25:10 GMT 2024","failed","Fri Nov 08 01:25:10 GMT 2024","","EXPERIMENTS","EXPERIMENTS",""
"","1039","PLLM-PENNTREE.02","","Fri Nov 08 02:08:49 GMT 2024","passed","Fri Nov 08 02:08:50 GMT 2024","","LANGUAGE-MODELS","LANGUAGE-MODELS",""
"","1","HYPERPOSING-UNSHARED.05","","Fri Nov 08 01:56:15 GMT 2024","passed","Fri Nov 08 01:56:15 GMT 2024","","BASIC","BASIC",""
"","5000","iterators.lazy_test","","Fri Nov 08 00:34:10 GMT 2024","passed","Fri Nov 08 00:34:15 GMT 2024","","WHOLE-TESTS","WHOLE-TESTS",""
"","4000","metta-morph_tests.if","","Fri Nov 08 00:34:10 GMT 2024","passed","Fri Nov 08 00:34:14 GMT 2024","","WHOLE-TESTS","WHOLE-TESTS",""
"","74","DEBUG-METTALOGTESTCURRIED.09","","Fri Nov 08 01:47:36 GMT 2024","passed","Fri Nov 08 01:47:36 GMT 2024","","WALK-THRU","WALK-THRU",""
"","45000","SICP_book.chapter_2_3","","Fri Nov 08 00:34:10 GMT 2024","failed","Fri Nov 08 00:34:55 GMT 2024","","WHOLE-TESTS","WHOLE-TESTS",""
"","5","OR-TEST.14","","Fri Nov 08 00:35:50 GMT 2024","passed","Fri Nov 08 00:35:50 GMT 2024","","HYPERON-METTALOG-SANITY","HYPERON-METTALOG-SANITY",""
"","3","DEDUCTIONIMPLICATIONDIRECTINTRODUCTIONDTLTEST.01","","Fri Nov 08 01:13:15 GMT 2024","passed","Fri Nov 08 01:13:15 GMT 2024","","DEPENDENT-TYPES","DEPENDENT-TYPES",""
"","2","ADD-REMOVE-MATCH-S-STRINGS.12","","Fri Nov 08 00:51:22 GMT 2024","passed","Fri Nov 08 00:51:22 GMT 2024","","SPACES","SPACES",""
"","3","IS-SPACE.01","","Fri Nov 08 00:35:50 GMT 2024","passed","Fri Nov 08 00:35:50 GMT 2024","","HYPERON-METTALOG-SANITY","HYPERON-METTALOG-SANITY",""
"","63","B5-TYPES-PRELIM.02","","Fri Nov 08 00:34:14 GMT 2024","failed","Fri Nov 08 00:34:14 GMT 2024","","HYPERON-EXPERIMENTAL-SCRIPTS","HYPERON-EXPERIMENTAL-SCRIPTS",""
"","2","TYPES2.04","","Fri Nov 08 00:39:48 GMT 2024","passed","Fri Nov 08 00:39:48 GMT 2024","","METTA-MORPH-TESTS","METTA-MORPH-TESTS",""
"","7","DEBUG-METTALOGTESTCURRIED.05","","Fri Nov 08 01:47:36 GMT 2024","passed","Fri Nov 08 01:47:36 GMT 2024","","WALK-THRU","WALK-THRU",""
"","2","STRING-TESTS.14","","Fri Nov 08 00:35:50 GMT 2024","passed","Fri Nov 08 00:35:50 GMT 2024","","HYPERON-METTALOG-SANITY","HYPERON-METTALOG-SANITY",""
"","4000","hyperon-experimental_scripts.f1_moduleA","","Fri Nov 08 00:34:10 GMT 2024","passed","Fri Nov 08 00:34:14 GMT 2024","","WHOLE-TESTS","WHOLE-TESTS",""
"","2","NUMTEST.06","","Fri Nov 08 01:14:36 GMT 2024","passed","Fri Nov 08 01:14:36 GMT 2024","","COMMON","COMMON",""
"","3","STRING-TESTS.11","","Fri Nov 08 00:35:50 GMT 2024","passed","Fri Nov 08 00:35:50 GMT 2024","","HYPERON-METTALOG-SANITY","HYPERON-METTALOG-SANITY",""
"","2","F1-MODULEA.01","","Fri Nov 08 00:44:05 GMT 2024","passed","Fri Nov 08 00:44:05 GMT 2024","","QUICK","QUICK",""
"","2","IFC-XP.09","","Fri Nov 08 01:20:34 GMT 2024","passed","Fri Nov 08 01:20:34 GMT 2024","","ITERATIVE-CHAINING","ITERATIVE-CHAINING",""
"","2","ALL-ANY.01","","Fri Nov 08 01:01:40 GMT 2024","passed","Fri Nov 08 01:01:40 GMT 2024","","LOGIC","LOGIC",""
"","4000","hyperon-mettalog_sanity.first_answer_long","","Fri Nov 08 00:34:10 GMT 2024","passed","Fri Nov 08 00:34:14 GMT 2024","","WHOLE-TESTS","WHOLE-TESTS",""
"","2","BACKWARD-CHAINER-XP.04","","Fri Nov 08 01:14:22 GMT 2024","passed","Fri Nov 08 01:14:22 GMT 2024","","BACKWARD-CHAINER","BACKWARD-CHAINER",""
"","3","06-MATCH-IN-SPACE.03","","Fri Nov 08 00:35:50 GMT 2024","passed","Fri Nov 08 00:35:50 GMT 2024","","HYPERON-METTALOG-SANITY","HYPERON-METTALOG-SANITY",""
"","98","ADD-REMOVE-MATCH-INTEGER.38","","Fri Nov 08 00:51:22 GMT 2024","passed","Fri Nov 08 00:51:22 GMT 2024","","SPACES","SPACES",""
"","2","TMPMATCH1.04","","Fri Nov 08 00:41:57 GMT 2024","passed","Fri Nov 08 00:41:57 GMT 2024","","ANTI-REGRESSION","ANTI-REGRESSION",""
"","5000","hyperon-experimental_scripts.d2_higherfunc","","Fri Nov 08 00:34:10 GMT 2024","passed","Fri Nov 08 00:34:15 GMT 2024","","WHOLE-TESTS","WHOLE-TESTS",""
"","2","TYPE-PROP.26","","Fri Nov 08 01:10:13 GMT 2024","passed","Fri Nov 08 01:10:13 GMT 2024","","CHECK-TYPES-TEMP","CHECK-TYPES-TEMP",""
"","2","E3-MATCH-STATES.02","","Fri Nov 08 00:34:14 GMT 2024","passed","Fri Nov 08 00:34:14 GMT 2024","","HYPERON-EXPERIMENTAL-SCRIPTS","HYPERON-EXPERIMENTAL-SCRIPTS",""
"","2","F1-MODULEA.06","","Fri Nov 08 00:34:05 GMT 2024","passed","Fri Nov 08 00:34:05 GMT 2024","","MODULE-SYSTEM","MODULE-SYSTEM",""
"","2","SUPERPOSE-NESTED.02","","Fri Nov 08 00:39:48 GMT 2024","passed","Fri Nov 08 00:39:48 GMT 2024","","METTA-MORPH-TESTS","METTA-MORPH-TESTS",""
"","2","TEST-IF-CLOSED.08","","Fri Nov 08 00:41:57 GMT 2024","passed","Fri Nov 08 00:41:57 GMT 2024","","ANTI-REGRESSION","ANTI-REGRESSION",""
"","2","D2-HIGHERFUNC.13","","Fri Nov 08 01:10:34 GMT 2024","passed","Fri Nov 08 01:10:34 GMT 2024","","CHECK-TYPES","CHECK-TYPES",""
"","146","TESTS0.01","","Fri Nov 08 00:39:48 GMT 2024","passed","Fri Nov 08 00:39:48 GMT 2024","","METTA-MORPH-TESTS","METTA-MORPH-TESTS",""
"","2","BCHAIN-COMP.04","","Fri Nov 08 00:41:57 GMT 2024","passed","Fri Nov 08 00:41:57 GMT 2024","","ANTI-REGRESSION","ANTI-REGRESSION",""
"","274","TESTS0.07","","Fri Nov 08 01:29:19 GMT 2024","failed","Fri Nov 08 01:29:19 GMT 2024","","CURRENT","CURRENT",""
"","27000","inference-control.inf-ctl-month-xp","","Fri Nov 08 00:34:10 GMT 2024","passed","Fri Nov 08 00:34:37 GMT 2024","","WHOLE-TESTS","WHOLE-TESTS",""
"","3","ORDEREDSETTEST.08","","Fri Nov 08 01:14:36 GMT 2024","passed","Fri Nov 08 01:14:36 GMT 2024","","COMMON","COMMON",""
"","2","F1-IMPORTS.08","","Fri Nov 08 00:34:05 GMT 2024","passed","Fri Nov 08 00:34:05 GMT 2024","","MODULE-SYSTEM","MODULE-SYSTEM",""
"","50","TYPE-PROP.80","","Fri Nov 08 01:10:13 GMT 2024","failed","Fri Nov 08 01:10:13 GMT 2024","","CHECK-TYPES-TEMP","CHECK-TYPES-TEMP",""
"","2","ADD-REMOVE-MATCH-S-SYMBOLS.10","","Fri Nov 08 00:51:22 GMT 2024","passed","Fri Nov 08 00:51:22 GMT 2024","","SPACES","SPACES",""
"","2","MATCH-VOID.09","","Fri Nov 08 00:39:48 GMT 2024","passed","Fri Nov 08 00:39:48 GMT 2024","","METTA-MORPH-TESTS","METTA-MORPH-TESTS",""
"","46","FC-XP.13","","Fri Nov 08 01:17:16 GMT 2024","failed","Fri Nov 08 01:17:16 GMT 2024","","FORWARD-CHAINING","FORWARD-CHAINING",""
"","12000","walk_thru.bc_impl","","Fri Nov 08 00:34:10 GMT 2024","passed","Fri Nov 08 00:34:22 GMT 2024","","WHOLE-TESTS","WHOLE-TESTS",""
"","14","IMPLICATIONDIRECTINTRODUCTIONENTAILTEST.04","","Fri Nov 08 01:16:46 GMT 2024","passed","Fri Nov 08 01:16:46 GMT 2024","","ENTAIL","ENTAIL",""
"","16","TEST-INFER-FUNCTION-APPLICATION-TYPE.07","","Fri Nov 08 01:56:15 GMT 2024","failed","Fri Nov 08 01:56:15 GMT 2024","","BASIC","BASIC",""
"","3","TESTS0.03","","Fri Nov 08 01:29:19 GMT 2024","passed","Fri Nov 08 01:29:19 GMT 2024","","CURRENT","CURRENT",""
"","23000","language_models.training","","Fri Nov 08 00:34:10 GMT 2024","passed","Fri Nov 08 00:34:33 GMT 2024","","WHOLE-TESTS","WHOLE-TESTS",""
"","1116","TRAINING.01","","Fri Nov 08 02:08:49 GMT 2024","passed","Fri Nov 08 02:08:50 GMT 2024","","LANGUAGE-MODELS","LANGUAGE-MODELS",""
"","4","SPACE-INTERSECTION-TESTS.06","","Fri Nov 08 00:35:50 GMT 2024","passed","Fri Nov 08 00:35:50 GMT 2024","","HYPERON-METTALOG-SANITY","HYPERON-METTALOG-SANITY",""
"","3","ADD-ATOM-NAIVE-FIB.04","","Fri Nov 08 02:02:34 GMT 2024","passed","Fri Nov 08 02:02:34 GMT 2024","","COMPARISONS","COMPARISONS",""
"","2","FORWARD-CHAINER-XP.18","","Fri Nov 08 01:17:07 GMT 2024","passed","Fri Nov 08 01:17:07 GMT 2024","","FORWARD-CHAINER","FORWARD-CHAINER",""
"","2","STATE-TYPES.10","","Fri Nov 08 01:56:15 GMT 2024","passed","Fri Nov 08 01:56:15 GMT 2024","","BASIC","BASIC",""
"","2","STATES-SPACES.03","","Fri Nov 08 00:39:48 GMT 2024","passed","Fri Nov 08 00:39:48 GMT 2024","","METTA-MORPH-TESTS","METTA-MORPH-TESTS",""
"","5","SPACE-SUBTRACTION-TESTS.10","","Fri Nov 08 00:35:50 GMT 2024","passed","Fri Nov 08 00:35:50 GMT 2024","","HYPERON-METTALOG-SANITY","HYPERON-METTALOG-SANITY",""
"","2","HYPERPOSING.04","","Fri Nov 08 01:56:15 GMT 2024","passed","Fri Nov 08 01:56:15 GMT 2024","","BASIC","BASIC",""
"","2","FORWARD-CHAINER-XP.08","","Fri Nov 08 01:17:07 GMT 2024","passed","Fri Nov 08 01:17:07 GMT 2024","","FORWARD-CHAINER","FORWARD-CHAINER",""
"","15","TEST-INFER-FUNCTION-APPLICATION-TYPE.06","","Fri Nov 08 01:56:15 GMT 2024","failed","Fri Nov 08 01:56:15 GMT 2024","","BASIC","BASIC",""
"","4000","metta-morph_tests.multifunction","","Fri Nov 08 00:34:10 GMT 2024","passed","Fri Nov 08 00:34:14 GMT 2024","","WHOLE-TESTS","WHOLE-TESTS",""
"","8000","comparisons.nils_if_control_test_2","","Fri Nov 08 00:34:10 GMT 2024","passed","Fri Nov 08 00:34:18 GMT 2024","","WHOLE-TESTS","WHOLE-TESTS",""
"","4000","bidirectional_computation.reverse-arithmetic","","Fri Nov 08 00:34:10 GMT 2024","passed","Fri Nov 08 00:34:14 GMT 2024","","WHOLE-TESTS","WHOLE-TESTS",""
"","5000","metta-morph_tests.superpose_nested","","Fri Nov 08 00:34:10 GMT 2024","passed","Fri Nov 08 00:34:15 GMT 2024","","WHOLE-TESTS","WHOLE-TESTS",""
"","2","D1-GADT.11","","Fri Nov 08 01:10:34 GMT 2024","passed","Fri Nov 08 01:10:34 GMT 2024","","CHECK-TYPES","CHECK-TYPES",""
"","2","TYPE-PROP.34","","Fri Nov 08 01:10:13 GMT 2024","passed","Fri Nov 08 01:10:13 GMT 2024","","CHECK-TYPES-TEMP","CHECK-TYPES-TEMP",""
"","2","IFC-XP.40","","Fri Nov 08 01:20:34 GMT 2024","passed","Fri Nov 08 01:20:34 GMT 2024","","ITERATIVE-CHAINING","ITERATIVE-CHAINING",""
"","2","BACKWARD-CHAINER-XP.37","","Fri Nov 08 01:14:22 GMT 2024","passed","Fri Nov 08 01:14:22 GMT 2024","","BACKWARD-CHAINER","BACKWARD-CHAINER",""
"","2","LISTTEST.05","","Fri Nov 08 01:14:36 GMT 2024","passed","Fri Nov 08 01:14:36 GMT 2024","","COMMON","COMMON",""
"","54","D5-AUTO-TYPES.03","","Fri Nov 08 00:34:14 GMT 2024","failed","Fri Nov 08 00:34:14 GMT 2024","","HYPERON-EXPERIMENTAL-SCRIPTS","HYPERON-EXPERIMENTAL-SCRIPTS",""
"","3","C2-SPACES.05","","Fri Nov 08 00:34:05 GMT 2024","passed","Fri Nov 08 00:34:05 GMT 2024","","MODULE-SYSTEM","MODULE-SYSTEM",""
"","34","CHAPTER-1-1.18","","Fri Nov 08 00:53:40 GMT 2024","passed","Fri Nov 08 00:53:40 GMT 2024","","SICP-BOOK","SICP-BOOK",""
"","3","UNIFY-VIA-LET.05","","Fri Nov 08 01:25:10 GMT 2024","passed","Fri Nov 08 01:25:10 GMT 2024","","EXPERIMENTS","EXPERIMENTS",""
"","2","D2-HIGHERFUNC.16","","Fri Nov 08 00:44:05 GMT 2024","passed","Fri Nov 08 00:44:05 GMT 2024","","QUICK","QUICK",""
"","7","TYPE-PROP.69","","Fri Nov 08 01:10:13 GMT 2024","failed","Fri Nov 08 01:10:13 GMT 2024","","CHECK-TYPES-TEMP","CHECK-TYPES-TEMP",""
"","5000","quick.d1_gadt","","Fri Nov 08 00:34:10 GMT 2024","passed","Fri Nov 08 00:34:15 GMT 2024","","WHOLE-TESTS","WHOLE-TESTS",""
"","40","IFC-XP.13","","Fri Nov 08 01:20:34 GMT 2024","failed","Fri Nov 08 01:20:34 GMT 2024","","ITERATIVE-CHAINING","ITERATIVE-CHAINING",""
"","92","ADD-REMOVE-MATCH-MIX-FLOAT-INTEGER.14","","Fri Nov 08 00:51:22 GMT 2024","passed","Fri Nov 08 00:51:22 GMT 2024","","SPACES","SPACES",""
"","14","CHAPTER-2-4.19","","Fri Nov 08 00:53:40 GMT 2024","failed","Fri Nov 08 00:53:40 GMT 2024","","SICP-BOOK","SICP-BOOK",""
"","42","IBC-XP.22","","Fri Nov 08 01:20:34 GMT 2024","failed","Fri Nov 08 01:20:34 GMT 2024","","ITERATIVE-CHAINING","ITERATIVE-CHAINING",""
"","2","F1-IMPORTS.12","","Fri Nov 08 00:44:05 GMT 2024","passed","Fri Nov 08 00:44:05 GMT 2024","","QUICK","QUICK",""
"","2","INF-CTL-MONTH-BC-CONT-XP.24","","Fri Nov 08 01:18:32 GMT 2024","passed","Fri Nov 08 01:18:32 GMT 2024","","INFERENCE-CONTROL","INFERENCE-CONTROL",""
"","3","D1-GADT.11","","Fri Nov 08 00:44:05 GMT 2024","passed","Fri Nov 08 00:44:05 GMT 2024","","QUICK","QUICK",""
"","3","00-LANG-CASE.14","","Fri Nov 08 00:35:50 GMT 2024","passed","Fri Nov 08 00:35:50 GMT 2024","","HYPERON-METTALOG-SANITY","HYPERON-METTALOG-SANITY",""
"","2","METTALOGTESTCURRIED2.04","","Fri Nov 08 01:47:36 GMT 2024","passed","Fri Nov 08 01:47:36 GMT 2024","","WALK-THRU","WALK-THRU",""
"","2","METTALOGTESTCURRIED2.06","","Fri Nov 08 01:47:36 GMT 2024","passed","Fri Nov 08 01:47:36 GMT 2024","","WALK-THRU","WALK-THRU",""
"","9","E3-MATCH-STATES.05","","Fri Nov 08 00:34:14 GMT 2024","failed","Fri Nov 08 00:34:14 GMT 2024","","HYPERON-EXPERIMENTAL-SCRIPTS","HYPERON-EXPERIMENTAL-SCRIPTS",""
"","44000","synth_buffer.time_synthesize","","Fri Nov 08 00:34:10 GMT 2024","failed","Fri Nov 08 00:34:54 GMT 2024","","WHOLE-TESTS","WHOLE-TESTS",""
"","3","IMPL-METTALOGTESTCURRIED.06","","Fri Nov 08 01:47:36 GMT 2024","passed","Fri Nov 08 01:47:36 GMT 2024","","WALK-THRU","WALK-THRU",""
"","17","IFC-XP.19","","Fri Nov 08 01:20:34 GMT 2024","failed","Fri Nov 08 01:20:34 GMT 2024","","ITERATIVE-CHAINING","ITERATIVE-CHAINING",""
"","11","C1-GROUNDED-BASIC.23","","Fri Nov 08 00:34:14 GMT 2024","passed","Fri Nov 08 00:34:14 GMT 2024","","HYPERON-EXPERIMENTAL-SCRIPTS","HYPERON-EXPERIMENTAL-SCRIPTS",""
"","2","ADD-REMOVE-MATCH-INTEGER.01","","Fri Nov 08 00:51:22 GMT 2024","passed","Fri Nov 08 00:51:22 GMT 2024","","SPACES","SPACES",""
"","2","ADD-REMOVE-MATCH-SS-STRINGS.02","","Fri Nov 08 00:51:22 GMT 2024","passed","Fri Nov 08 00:51:22 GMT 2024","","SPACES","SPACES",""
"","2","TESTS0.05","","Fri Nov 08 01:38:18 GMT 2024","passed","Fri Nov 08 01:38:18 GMT 2024","","NEW","NEW",""
"","2","ADD-REMOVE-MATCH-S-STRINGS.06","","Fri Nov 08 00:51:22 GMT 2024","passed","Fri Nov 08 00:51:22 GMT 2024","","SPACES","SPACES",""
"","8","D2-HIGHERFUNC.22","","Fri Nov 08 00:34:14 GMT 2024","passed","Fri Nov 08 00:34:14 GMT 2024","","HYPERON-EXPERIMENTAL-SCRIPTS","HYPERON-EXPERIMENTAL-SCRIPTS",""
"","181","SYNTHESIZE-VIA-UNIFY-TEST.01","","Fri Nov 08 01:25:10 GMT 2024","failed","Fri Nov 08 01:25:10 GMT 2024","","EXPERIMENTS","EXPERIMENTS",""
"","2","B3-DIRECT.02","","Fri Nov 08 00:34:14 GMT 2024","passed","Fri Nov 08 00:34:14 GMT 2024","","HYPERON-EXPERIMENTAL-SCRIPTS","HYPERON-EXPERIMENTAL-SCRIPTS",""
"","2","HYPERPOSING-SHARED.02","","Fri Nov 08 01:56:15 GMT 2024","passed","Fri Nov 08 01:56:15 GMT 2024","","BASIC","BASIC",""
"","2","D4-TYPE-PROP.20","","Fri Nov 08 01:10:34 GMT 2024","passed","Fri Nov 08 01:10:34 GMT 2024","","CHECK-TYPES","CHECK-TYPES",""
"","94","SPACE-INTERSECTION-TESTS.10","","Fri Nov 08 00:35:50 GMT 2024","failed","Fri Nov 08 00:35:50 GMT 2024","","HYPERON-METTALOG-SANITY","HYPERON-METTALOG-SANITY",""
"","2","BACKWARD-CHAINER-XP.16","","Fri Nov 08 01:14:22 GMT 2024","passed","Fri Nov 08 01:14:22 GMT 2024","","BACKWARD-CHAINER","BACKWARD-CHAINER",""
"","2","BC-XP.27","","Fri Nov 08 01:14:27 GMT 2024","passed","Fri Nov 08 01:14:27 GMT 2024","","BACKWARD-CHAINING","BACKWARD-CHAINING",""
"","2","SPACE-INTERSECTION-TESTS.20","","Fri Nov 08 00:35:50 GMT 2024","passed","Fri Nov 08 00:35:50 GMT 2024","","HYPERON-METTALOG-SANITY","HYPERON-METTALOG-SANITY",""
"","2","F1-IMPORTS.20","","Fri Nov 08 00:44:05 GMT 2024","passed","Fri Nov 08 00:44:05 GMT 2024","","QUICK","QUICK",""
"","3","D3-DEPTYPES.01","","Fri Nov 08 01:10:34 GMT 2024","passed","Fri Nov 08 01:10:34 GMT 2024","","CHECK-TYPES","CHECK-TYPES",""
"","2","NATPARITYTEST.07","","Fri Nov 08 01:17:20 GMT 2024","passed","Fri Nov 08 01:17:20 GMT 2024","","HOL","HOL",""
"","2","BCHAIN-COMP.05","","Fri Nov 08 01:47:36 GMT 2024","passed","Fri Nov 08 01:47:36 GMT 2024","","WALK-THRU","WALK-THRU",""
"","2","UNIFY-VIA-CASE.05","","Fri Nov 08 01:25:10 GMT 2024","passed","Fri Nov 08 01:25:10 GMT 2024","","EXPERIMENTS","EXPERIMENTS",""
"","40000","SICP_book.chapter_1_2","","Fri Nov 08 00:34:10 GMT 2024","failed","Fri Nov 08 00:34:50 GMT 2024","","WHOLE-TESTS","WHOLE-TESTS",""
"","3","TESTS5.01","","Fri Nov 08 01:38:18 GMT 2024","passed","Fri Nov 08 01:38:18 GMT 2024","","NEW","NEW",""
"","40000","basic.pathfinding-edge","","Fri Nov 08 00:34:10 GMT 2024","failed","Fri Nov 08 00:34:50 GMT 2024","","WHOLE-TESTS","WHOLE-TESTS",""
"","96","ADD-REMOVE-MATCH-INTEGER.25","","Fri Nov 08 00:51:22 GMT 2024","passed","Fri Nov 08 00:51:22 GMT 2024","","SPACES","SPACES",""
"","2","BC-XP.07","","Fri Nov 08 01:14:27 GMT 2024","passed","Fri Nov 08 01:14:27 GMT 2024","","BACKWARD-CHAINING","BACKWARD-CHAINING",""
"","5","F1-IMPORTS.02","","Fri Nov 08 00:34:14 GMT 2024","passed","Fri Nov 08 00:34:14 GMT 2024","","HYPERON-EXPERIMENTAL-SCRIPTS","HYPERON-EXPERIMENTAL-SCRIPTS",""
"","2","B5-TYPES-PRELIM.04","","Fri Nov 08 00:34:14 GMT 2024","passed","Fri Nov 08 00:34:14 GMT 2024","","HYPERON-EXPERIMENTAL-SCRIPTS","HYPERON-EXPERIMENTAL-SCRIPTS",""
"","3","IBC-XP.09","","Fri Nov 08 01:20:34 GMT 2024","passed","Fri Nov 08 01:20:34 GMT 2024","","ITERATIVE-CHAINING","ITERATIVE-CHAINING",""
"","41000","ai-service.ai-service-composition-hard","","Fri Nov 08 00:34:10 GMT 2024","failed","Fri Nov 08 00:34:51 GMT 2024","","WHOLE-TESTS","WHOLE-TESTS",""
"","2","ADD-REMOVE-MATCH-FLOAT.06","","Fri Nov 08 00:51:22 GMT 2024","passed","Fri Nov 08 00:51:22 GMT 2024","","SPACES","SPACES",""
"","2","INF-CTL-MONTH-XP-SHORT-3.11","","Fri Nov 08 02:02:34 GMT 2024","passed","Fri Nov 08 02:02:34 GMT 2024","","COMPARISONS","COMPARISONS",""
"","2","ORDEREDSETTEST.06","","Fri Nov 08 01:14:36 GMT 2024","passed","Fri Nov 08 01:14:36 GMT 2024","","COMMON","COMMON",""
"","2","B5-TYPES-PRELIM.09","","Fri Nov 08 01:10:13 GMT 2024","passed","Fri Nov 08 01:10:13 GMT 2024","","CHECK-TYPES-TEMP","CHECK-TYPES-TEMP",""
"","273","INF-CTL-XP.09","","Fri Nov 08 01:18:32 GMT 2024","passed","Fri Nov 08 01:18:32 GMT 2024","","INFERENCE-CONTROL","INFERENCE-CONTROL",""
"","2","C1-GROUNDED-BASIC.16","","Fri Nov 08 00:44:05 GMT 2024","passed","Fri Nov 08 00:44:05 GMT 2024","","QUICK","QUICK",""
"","78","00-LANG-CASE.07","","Fri Nov 08 00:35:50 GMT 2024","passed","Fri Nov 08 00:35:50 GMT 2024","","HYPERON-METTALOG-SANITY","HYPERON-METTALOG-SANITY",""
"","3","FC-XP.03","","Fri Nov 08 01:17:16 GMT 2024","passed","Fri Nov 08 01:17:16 GMT 2024","","FORWARD-CHAINING","FORWARD-CHAINING",""
"","2","D4-TYPE-PROP.23","","Fri Nov 08 01:10:34 GMT 2024","passed","Fri Nov 08 01:10:34 GMT 2024","","CHECK-TYPES","CHECK-TYPES",""
"","14","CHAPTER-2-4.20","","Fri Nov 08 00:53:40 GMT 2024","failed","Fri Nov 08 00:53:40 GMT 2024","","SICP-BOOK","SICP-BOOK",""
"","3","TYPE-PROP.01","","Fri Nov 08 01:10:13 GMT 2024","passed","Fri Nov 08 01:10:13 GMT 2024","","CHECK-TYPES-TEMP","CHECK-TYPES-TEMP",""
"","7000","prev.tests0","","Fri Nov 08 00:34:10 GMT 2024","passed","Fri Nov 08 00:34:17 GMT 2024","","WHOLE-TESTS","WHOLE-TESTS",""
"","2","DEDUCTIONFORMULATEST.09","","Fri Nov 08 01:14:59 GMT 2024","passed","Fri Nov 08 01:14:59 GMT 2024","","FORMULA","FORMULA",""
"","2","IS-SPACE.03","","Fri Nov 08 00:35:50 GMT 2024","passed","Fri Nov 08 00:35:50 GMT 2024","","HYPERON-METTALOG-SANITY","HYPERON-METTALOG-SANITY",""
"","7000","typed-variables.enforced-types","","Fri Nov 08 00:34:10 GMT 2024","passed","Fri Nov 08 00:34:17 GMT 2024","","WHOLE-TESTS","WHOLE-TESTS",""
"","2","STDLIB-METTALOG-TEST-PT2.40","","Fri Nov 08 00:53:30 GMT 2024","passed","Fri Nov 08 00:53:30 GMT 2024","","STDLIB-METTALOG","STDLIB-METTALOG",""
"","2","APPEND.04","","Fri Nov 08 01:53:56 GMT 2024","passed","Fri Nov 08 01:53:56 GMT 2024","","MULTIDIRECTIONAL","MULTIDIRECTIONAL",""
"","2","D2-HIGHERFUNC.18","","Fri Nov 08 00:44:05 GMT 2024","passed","Fri Nov 08 00:44:05 GMT 2024","","QUICK","QUICK",""
"","4000","spaces.add-remove-match-symbols","","Fri Nov 08 00:34:10 GMT 2024","passed","Fri Nov 08 00:34:14 GMT 2024","","WHOLE-TESTS","WHOLE-TESTS",""
"","2","ADD-REMOVE-MATCH-MIX-FLOAT-INTEGER.28","","Fri Nov 08 00:51:22 GMT 2024","passed","Fri Nov 08 00:51:22 GMT 2024","","SPACES","SPACES",""
"","5000","bidirectional_computation.fish-riddle","","Fri Nov 08 00:34:10 GMT 2024","passed","Fri Nov 08 00:34:15 GMT 2024","","WHOLE-TESTS","WHOLE-TESTS",""
"","1","ADD-REMOVE-MATCH-SS-SYMBOLS.11","","Fri Nov 08 00:51:22 GMT 2024","passed","Fri Nov 08 00:51:22 GMT 2024","","SPACES","SPACES",""
"","142","CREATION.01","","Fri Nov 08 01:07:29 GMT 2024","failed","Fri Nov 08 01:07:29 GMT 2024","","TRAVERSER","TRAVERSER",""
"","2456","TESTS1-PRE.04","","Fri Nov 08 00:44:34 GMT 2024","failed","Fri Nov 08 00:44:36 GMT 2024","","MAIN-BRANCH","MAIN-BRANCH",""
"","2","ADD-REMOVE-MATCH-MIX-FLOAT-INTEGER.22","","Fri Nov 08 00:51:22 GMT 2024","passed","Fri Nov 08 00:51:22 GMT 2024","","SPACES","SPACES",""
"","2","C2-SPACES.02","","Fri Nov 08 00:34:14 GMT 2024","passed","Fri Nov 08 00:34:14 GMT 2024","","HYPERON-EXPERIMENTAL-SCRIPTS","HYPERON-EXPERIMENTAL-SCRIPTS",""
"","2","00-LANG-CASE.18","","Fri Nov 08 00:35:50 GMT 2024","passed","Fri Nov 08 00:35:50 GMT 2024","","HYPERON-METTALOG-SANITY","HYPERON-METTALOG-SANITY",""
"","4000","spaces.add-remove-match-float","","Fri Nov 08 00:34:10 GMT 2024","passed","Fri Nov 08 00:34:14 GMT 2024","","WHOLE-TESTS","WHOLE-TESTS",""
"","3","B3-DIRECT.01","","Fri Nov 08 00:34:14 GMT 2024","passed","Fri Nov 08 00:34:14 GMT 2024","","HYPERON-EXPERIMENTAL-SCRIPTS","HYPERON-EXPERIMENTAL-SCRIPTS",""
"","2","PROB-DEP-TYPES.06","","Fri Nov 08 01:02:17 GMT 2024","passed","Fri Nov 08 01:02:17 GMT 2024","","PROB-DEP-TYPES","PROB-DEP-TYPES",""
"","1","D1-GADT.07","","Fri Nov 08 01:10:34 GMT 2024","passed","Fri Nov 08 01:10:34 GMT 2024","","CHECK-TYPES","CHECK-TYPES",""
"","2","D1-GADT.02","","Fri Nov 08 00:44:05 GMT 2024","passed","Fri Nov 08 00:44:05 GMT 2024","","QUICK","QUICK",""
"","272","SYNTHESIZE-VIA-LET-TEST.03","","Fri Nov 08 01:25:10 GMT 2024","failed","Fri Nov 08 01:25:10 GMT 2024","","EXPERIMENTS","EXPERIMENTS",""
"","40000","basic.fibo","","Fri Nov 08 00:34:10 GMT 2024","failed","Fri Nov 08 00:34:50 GMT 2024","","WHOLE-TESTS","WHOLE-TESTS",""
"","2","BC-XP.02","","Fri Nov 08 00:49:03 GMT 2024","passed","Fri Nov 08 00:49:03 GMT 2024","","CHAINING","CHAINING",""
"","2","D1-GADT.06","","Fri Nov 08 00:34:14 GMT 2024","passed","Fri Nov 08 00:34:14 GMT 2024","","HYPERON-EXPERIMENTAL-SCRIPTS","HYPERON-EXPERIMENTAL-SCRIPTS",""
"","2","TYPE-PROP.49","","Fri Nov 08 01:10:13 GMT 2024","passed","Fri Nov 08 01:10:13 GMT 2024","","CHECK-TYPES-TEMP","CHECK-TYPES-TEMP",""
"","156","QUERIES.11","","Fri Nov 08 01:06:48 GMT 2024","failed","Fri Nov 08 01:06:48 GMT 2024","","STRIPS-TO-METTA-IMPROVED","STRIPS-TO-METTA-IMPROVED",""
"","2","TYPES-PRELIM.10","","Fri Nov 08 00:49:03 GMT 2024","passed","Fri Nov 08 00:49:03 GMT 2024","","CHAINING","CHAINING",""
"","31","IMPL-METTALOGTESTCURRIED.07","","Fri Nov 08 01:47:36 GMT 2024","passed","Fri Nov 08 01:47:36 GMT 2024","","WALK-THRU","WALK-THRU",""
"","5000","metta-morph_tests.identity","","Fri Nov 08 00:34:10 GMT 2024","passed","Fri Nov 08 00:34:15 GMT 2024","","WHOLE-TESTS","WHOLE-TESTS",""
"","3","A1-SYMBOLS.07","","Fri Nov 08 00:34:14 GMT 2024","passed","Fri Nov 08 00:34:14 GMT 2024","","HYPERON-EXPERIMENTAL-SCRIPTS","HYPERON-EXPERIMENTAL-SCRIPTS",""
"","85","INF-CTL-MONTH-XP-SHORT-5.02","","Fri Nov 08 02:02:34 GMT 2024","failed","Fri Nov 08 02:02:34 GMT 2024","","COMPARISONS","COMPARISONS",""
"","2","IOIOIOI.04","","Fri Nov 08 01:53:56 GMT 2024","passed","Fri Nov 08 01:53:56 GMT 2024","","MULTIDIRECTIONAL","MULTIDIRECTIONAL",""
"","3","ADD-REMOVE-MATCH-SS-SYMBOLS.01","","Fri Nov 08 00:51:22 GMT 2024","passed","Fri Nov 08 00:51:22 GMT 2024","","SPACES","SPACES",""
"","3","E2-STATES.01","","Fri Nov 08 01:10:34 GMT 2024","passed","Fri Nov 08 01:10:34 GMT 2024","","CHECK-TYPES","CHECK-TYPES",""
"","40000","basic.pathfinding-med-f","","Fri Nov 08 00:34:10 GMT 2024","failed","Fri Nov 08 00:34:50 GMT 2024","","WHOLE-TESTS","WHOLE-TESTS",""
"","2","D2-HIGHERFUNC.17","","Fri Nov 08 00:44:05 GMT 2024","passed","Fri Nov 08 00:44:05 GMT 2024","","QUICK","QUICK",""
"","4000","equal.ImplicationDirectIntroductionEqualTest","","Fri Nov 08 00:34:10 GMT 2024","passed","Fri Nov 08 00:34:14 GMT 2024","","WHOLE-TESTS","WHOLE-TESTS",""
"","1","TYPE-PROP.05","","Fri Nov 08 01:10:13 GMT 2024","passed","Fri Nov 08 01:10:13 GMT 2024","","CHECK-TYPES-TEMP","CHECK-TYPES-TEMP",""
"","6","HIGHER-ORDER-FUNCS.08","","Fri Nov 08 00:52:05 GMT 2024","passed","Fri Nov 08 00:52:05 GMT 2024","","STD","STD",""
"","2","D4-TYPE-PROP.10","","Fri Nov 08 00:34:14 GMT 2024","passed","Fri Nov 08 00:34:14 GMT 2024","","HYPERON-EXPERIMENTAL-SCRIPTS","HYPERON-EXPERIMENTAL-SCRIPTS",""
"","6000","dependent-types.DeductionDTLTest","","Fri Nov 08 00:34:10 GMT 2024","passed","Fri Nov 08 00:34:16 GMT 2024","","WHOLE-TESTS","WHOLE-TESTS",""
"","9","D2-HIGHERFUNC.21","","Fri Nov 08 00:44:05 GMT 2024","passed","Fri Nov 08 00:44:05 GMT 2024","","QUICK","QUICK",""
"","14","STDLIB-METTALOG-TEST-PT2.26","","Fri Nov 08 00:53:30 GMT 2024","failed","Fri Nov 08 00:53:30 GMT 2024","","STDLIB-METTALOG","STDLIB-METTALOG",""
"","655","TESTS0.07","","Fri Nov 08 01:42:12 GMT 2024","passed","Fri Nov 08 01:42:12 GMT 2024","","PREV","PREV",""
"","1","NATPARITYTEST.12","","Fri Nov 08 01:17:20 GMT 2024","passed","Fri Nov 08 01:17:20 GMT 2024","","HOL","HOL",""
"","2","TESTS3.07","","Fri Nov 08 00:44:34 GMT 2024","passed","Fri Nov 08 00:44:34 GMT 2024","","MAIN-BRANCH","MAIN-BRANCH",""
"","5000","game_of_clue.game_of_clue","","Fri Nov 08 00:34:10 GMT 2024","passed","Fri Nov 08 00:34:15 GMT 2024","","WHOLE-TESTS","WHOLE-TESTS",""
"","2","SUPERCOLLAPSE.03","","Fri Nov 08 00:39:48 GMT 2024","passed","Fri Nov 08 00:39:48 GMT 2024","","METTA-MORPH-TESTS","METTA-MORPH-TESTS",""
"","2","C1-GROUNDED-BASIC.17","","Fri Nov 08 00:44:05 GMT 2024","passed","Fri Nov 08 00:44:05 GMT 2024","","QUICK","QUICK",""
"","2","D3-DEPTYPES.06","","Fri Nov 08 01:10:34 GMT 2024","passed","Fri Nov 08 01:10:34 GMT 2024","","CHECK-TYPES","CHECK-TYPES",""
"","2","SUBTRACTION-TEST.06","","Fri Nov 08 00:35:50 GMT 2024","passed","Fri Nov 08 00:35:50 GMT 2024","","HYPERON-METTALOG-SANITY","HYPERON-METTALOG-SANITY",""
"","1","LTE.05","","Fri Nov 08 00:52:05 GMT 2024","passed","Fri Nov 08 00:52:05 GMT 2024","","STD","STD",""
"","3","CHAPTER-2-2.09","","Fri Nov 08 00:53:40 GMT 2024","passed","Fri Nov 08 00:53:40 GMT 2024","","SICP-BOOK","SICP-BOOK",""
"","2","LISTTEST.18","","Fri Nov 08 01:14:36 GMT 2024","passed","Fri Nov 08 01:14:36 GMT 2024","","COMMON","COMMON",""
"","4000","multidirectional.obif_easy","","Fri Nov 08 00:34:10 GMT 2024","passed","Fri Nov 08 00:34:14 GMT 2024","","WHOLE-TESTS","WHOLE-TESTS",""
"","3","ADD-REMOVE-MATCH-MIX-FLOAT-INTEGER.01","","Fri Nov 08 00:51:22 GMT 2024","passed","Fri Nov 08 00:51:22 GMT 2024","","SPACES","SPACES",""
"","1","SUPPORTRULEEXP.02","","Fri Nov 08 01:13:15 GMT 2024","passed","Fri Nov 08 01:13:15 GMT 2024","","DEPENDENT-TYPES","DEPENDENT-TYPES",""
"","2","CURRIED-CHAINER.02","","Fri Nov 08 01:15:13 GMT 2024","passed","Fri Nov 08 01:15:13 GMT 2024","","CURRIED-CHAINING","CURRIED-CHAINING",""
"","2901","GENE-QUERY.02","","Fri Nov 08 01:10:06 GMT 2024","failed","Fri Nov 08 01:10:08 GMT 2024","","QUERY","QUERY",""
"","4000","common.ListTest","","Fri Nov 08 00:34:10 GMT 2024","passed","Fri Nov 08 00:34:14 GMT 2024","","WHOLE-TESTS","WHOLE-TESTS",""
"","2","ADD-REMOVE-MATCH-SS-STRINGS.03","","Fri Nov 08 00:51:22 GMT 2024","passed","Fri Nov 08 00:51:22 GMT 2024","","SPACES","SPACES",""
"","5000","hyperon-mettalog_sanity.00_lang_case","","Fri Nov 08 00:34:10 GMT 2024","passed","Fri Nov 08 00:34:15 GMT 2024","","WHOLE-TESTS","WHOLE-TESTS",""
"","1","INTERSECTION-TESTS.13","","Fri Nov 08 00:35:50 GMT 2024","passed","Fri Nov 08 00:35:50 GMT 2024","","HYPERON-METTALOG-SANITY","HYPERON-METTALOG-SANITY",""
"","4000","direct_comp.add_atom_match","","Fri Nov 08 00:34:10 GMT 2024","passed","Fri Nov 08 00:34:14 GMT 2024","","WHOLE-TESTS","WHOLE-TESTS",""
"","958","TRAINING-BI.04","","Fri Nov 08 02:08:49 GMT 2024","passed","Fri Nov 08 02:08:49 GMT 2024","","LANGUAGE-MODELS","LANGUAGE-MODELS",""
"","5000","comparisons.inf-ctl-month-xp-short_3","","Fri Nov 08 00:34:10 GMT 2024","passed","Fri Nov 08 00:34:15 GMT 2024","","WHOLE-TESTS","WHOLE-TESTS",""
"","3","D2-HIGHERFUNC.08","","Fri Nov 08 01:10:34 GMT 2024","passed","Fri Nov 08 01:10:34 GMT 2024","","CHECK-TYPES","CHECK-TYPES",""
"","12","D2-HIGHERFUNC.20","","Fri Nov 08 00:34:14 GMT 2024","passed","Fri Nov 08 00:34:14 GMT 2024","","HYPERON-EXPERIMENTAL-SCRIPTS","HYPERON-EXPERIMENTAL-SCRIPTS",""
"","2","IFC-XP.39","","Fri Nov 08 01:20:34 GMT 2024","passed","Fri Nov 08 01:20:34 GMT 2024","","ITERATIVE-CHAINING","ITERATIVE-CHAINING",""
"","1","D2-HIGHERFUNC.09","","Fri Nov 08 00:34:14 GMT 2024","passed","Fri Nov 08 00:34:14 GMT 2024","","HYPERON-EXPERIMENTAL-SCRIPTS","HYPERON-EXPERIMENTAL-SCRIPTS",""
"","2","INF-CTL-MONTH-BC-CONT-XP.11","","Fri Nov 08 01:18:32 GMT 2024","passed","Fri Nov 08 01:18:32 GMT 2024","","INFERENCE-CONTROL","INFERENCE-CONTROL",""
"","2","INF-CTL-XP.04","","Fri Nov 08 01:18:32 GMT 2024","passed","Fri Nov 08 01:18:32 GMT 2024","","INFERENCE-CONTROL","INFERENCE-CONTROL",""
"","3","STATE-TYPES.21","","Fri Nov 08 01:56:15 GMT 2024","passed","Fri Nov 08 01:56:15 GMT 2024","","BASIC","BASIC",""
"","740","IBC-XP.24","","Fri Nov 08 01:20:34 GMT 2024","passed","Fri Nov 08 01:20:34 GMT 2024","","ITERATIVE-CHAINING","ITERATIVE-CHAINING",""
"","4","SEALED-TEST.02","","Fri Nov 08 00:35:50 GMT 2024","passed","Fri Nov 08 00:35:50 GMT 2024","","HYPERON-METTALOG-SANITY","HYPERON-METTALOG-SANITY",""
"","73","V2-PLN-XP.01","","Fri Nov 08 00:49:03 GMT 2024","failed","Fri Nov 08 00:49:03 GMT 2024","","CHAINING","CHAINING",""
"","2","BC-XP.06","","Fri Nov 08 01:14:27 GMT 2024","passed","Fri Nov 08 01:14:27 GMT 2024","","BACKWARD-CHAINING","BACKWARD-CHAINING",""
"","41000","dependent-types.ImplicationDirectIntroductionDTLTest","","Fri Nov 08 00:34:10 GMT 2024","failed","Fri Nov 08 00:34:51 GMT 2024","","WHOLE-TESTS","WHOLE-TESTS",""
"","80","00A-LANG-COMPILED-CASE.07","","Fri Nov 08 01:46:09 GMT 2024","passed","Fri Nov 08 01:46:09 GMT 2024","","DIRECT-COMP","DIRECT-COMP",""
"","2","LTE.02","","Fri Nov 08 00:52:05 GMT 2024","passed","Fri Nov 08 00:52:05 GMT 2024","","STD","STD",""
"","5000","transpiler.match_feval","","Fri Nov 08 00:34:10 GMT 2024","passed","Fri Nov 08 00:34:15 GMT 2024","","WHOLE-TESTS","WHOLE-TESTS",""
"","2","TYPE-PROP.47","","Fri Nov 08 01:10:13 GMT 2024","passed","Fri Nov 08 01:10:13 GMT 2024","","CHECK-TYPES-TEMP","CHECK-TYPES-TEMP",""
"","1","HYPERPOSE.03","","Fri Nov 08 00:39:48 GMT 2024","passed","Fri Nov 08 00:39:48 GMT 2024","","METTA-MORPH-TESTS","METTA-MORPH-TESTS",""
"","70","TYPE-PROP.53","","Fri Nov 08 01:10:13 GMT 2024","failed","Fri Nov 08 01:10:13 GMT 2024","","CHECK-TYPES-TEMP","CHECK-TYPES-TEMP",""
"","315","LOCATED-TEST.02","","Fri Nov 08 01:24:11 GMT 2024","failed","Fri Nov 08 01:24:11 GMT 2024","","LOCATED","LOCATED",""
"","2","TYPES-PRELIM.17","","Fri Nov 08 00:49:03 GMT 2024","passed","Fri Nov 08 00:49:03 GMT 2024","","CHAINING","CHAINING",""
"","7000","metta-morph_tests.factorial","","Fri Nov 08 00:34:10 GMT 2024","passed","Fri Nov 08 00:34:17 GMT 2024","","WHOLE-TESTS","WHOLE-TESTS",""
"","1","D2-HIGHERFUNC.06","","Fri Nov 08 00:44:05 GMT 2024","passed","Fri Nov 08 00:44:05 GMT 2024","","QUICK","QUICK",""
"","167","SYNTHESIZE-VIA-UNIFY-TEST.02","","Fri Nov 08 01:25:10 GMT 2024","failed","Fri Nov 08 01:25:10 GMT 2024","","EXPERIMENTS","EXPERIMENTS",""
"","1","SPACE-SUBTRACTION-TESTS.02","","Fri Nov 08 00:35:50 GMT 2024","passed","Fri Nov 08 00:35:50 GMT 2024","","HYPERON-METTALOG-SANITY","HYPERON-METTALOG-SANITY",""
"","139","TEST-SPO-5000.01","","Fri Nov 08 00:42:31 GMT 2024","passed","Fri Nov 08 00:42:31 GMT 2024","","METTA-WAM-ISSUE-116","METTA-WAM-ISSUE-116",""
"","2","IFC-XP.15","","Fri Nov 08 01:20:34 GMT 2024","passed","Fri Nov 08 01:20:34 GMT 2024","","ITERATIVE-CHAINING","ITERATIVE-CHAINING",""
"","1353","PLLM-PENNTREE.06","","Fri Nov 08 02:08:49 GMT 2024","passed","Fri Nov 08 02:08:50 GMT 2024","","LANGUAGE-MODELS","LANGUAGE-MODELS",""
"","11330","NILS-IF-CONTROL-TEST-2.03","","Fri Nov 08 02:02:34 GMT 2024","passed","Fri Nov 08 02:02:45 GMT 2024","","COMPARISONS","COMPARISONS",""
"","2","FORWARD-CHAINER-TEST.11","","Fri Nov 08 01:17:07 GMT 2024","passed","Fri Nov 08 01:17:07 GMT 2024","","FORWARD-CHAINER","FORWARD-CHAINER",""
"","44","FC-XP.28","","Fri Nov 08 01:17:16 GMT 2024","failed","Fri Nov 08 01:17:16 GMT 2024","","FORWARD-CHAINING","FORWARD-CHAINING",""
"","2","LISTTEST.09","","Fri Nov 08 01:14:36 GMT 2024","passed","Fri Nov 08 01:14:36 GMT 2024","","COMMON","COMMON",""
"","6","00A-LANG-COMPILED-CASE.06","","Fri Nov 08 01:46:09 GMT 2024","passed","Fri Nov 08 01:46:09 GMT 2024","","DIRECT-COMP","DIRECT-COMP",""
"","4000","metta-morph_tests.nested_parameters","","Fri Nov 08 00:34:10 GMT 2024","passed","Fri Nov 08 00:34:14 GMT 2024","","WHOLE-TESTS","WHOLE-TESTS",""
"","12","HIGHER-ORDER-FUNCS.02","","Fri Nov 08 00:52:05 GMT 2024","failed","Fri Nov 08 00:52:05 GMT 2024","","STD","STD",""
"","108","TYPE-PROP.75","","Fri Nov 08 01:10:13 GMT 2024","failed","Fri Nov 08 01:10:13 GMT 2024","","CHECK-TYPES-TEMP","CHECK-TYPES-TEMP",""
"","5","SEALED-TEST.05","","Fri Nov 08 00:35:50 GMT 2024","passed","Fri Nov 08 00:35:50 GMT 2024","","HYPERON-METTALOG-SANITY","HYPERON-METTALOG-SANITY",""
"","4000","match.MinerMatchTest","","Fri Nov 08 00:34:10 GMT 2024","passed","Fri Nov 08 00:34:14 GMT 2024","","WHOLE-TESTS","WHOLE-TESTS",""
"","2","DEDUCTIONFORMULATEST.06","","Fri Nov 08 01:14:59 GMT 2024","passed","Fri Nov 08 01:14:59 GMT 2024","","FORMULA","FORMULA",""
"","2","IBC-XP.17","","Fri Nov 08 01:20:34 GMT 2024","passed","Fri Nov 08 01:20:34 GMT 2024","","ITERATIVE-CHAINING","ITERATIVE-CHAINING",""
"","46","FORWARD-CHAINER-TEST.13","","Fri Nov 08 01:17:07 GMT 2024","failed","Fri Nov 08 01:17:07 GMT 2024","","FORWARD-CHAINER","FORWARD-CHAINER",""
"","2","TYPE-PROP.40","","Fri Nov 08 01:10:13 GMT 2024","passed","Fri Nov 08 01:10:13 GMT 2024","","CHECK-TYPES-TEMP","CHECK-TYPES-TEMP",""
"","5000","iterative-chaining.ifc-xp","","Fri Nov 08 00:34:10 GMT 2024","passed","Fri Nov 08 00:34:15 GMT 2024","","WHOLE-TESTS","WHOLE-TESTS",""
"","84","F1-IMPORTS.14","","Fri Nov 08 00:34:05 GMT 2024","passed","Fri Nov 08 00:34:05 GMT 2024","","MODULE-SYSTEM","MODULE-SYSTEM",""
"","4000","chaining.type_prop","","Fri Nov 08 00:34:10 GMT 2024","passed","Fri Nov 08 00:34:14 GMT 2024","","WHOLE-TESTS","WHOLE-TESTS",""
"","1","QUERIES.03","","Fri Nov 08 01:06:48 GMT 2024","passed","Fri Nov 08 01:06:48 GMT 2024","","STRIPS-TO-METTA-IMPROVED","STRIPS-TO-METTA-IMPROVED",""
"","2","ADD-REMOVE-MATCH-MIX-FLOAT-INTEGER.06","","Fri Nov 08 00:51:22 GMT 2024","passed","Fri Nov 08 00:51:22 GMT 2024","","SPACES","SPACES",""
"","2","CML-UNSHARED.08","","Fri Nov 08 01:56:15 GMT 2024","passed","Fri Nov 08 01:56:15 GMT 2024","","BASIC","BASIC",""
"","2","ADD-REMOVE-MATCH-SYMBOLS.04","","Fri Nov 08 00:51:22 GMT 2024","passed","Fri Nov 08 00:51:22 GMT 2024","","SPACES","SPACES",""
"","2","DEDUCTIONFORMULATEST.04","","Fri Nov 08 01:14:59 GMT 2024","passed","Fri Nov 08 01:14:59 GMT 2024","","FORMULA","FORMULA",""
"","2","ADD-ATOM-NAIVE-FIB.07","","Fri Nov 08 02:02:34 GMT 2024","passed","Fri Nov 08 02:02:34 GMT 2024","","COMPARISONS","COMPARISONS",""
"","2","ADD-REMOVE-MATCH-MIX-FLOAT-INTEGER.17","","Fri Nov 08 00:51:22 GMT 2024","passed","Fri Nov 08 00:51:22 GMT 2024","","SPACES","SPACES",""
"","3","CREATE-SERVER.01","","Fri Nov 08 01:52:02 GMT 2024","passed","Fri Nov 08 01:52:02 GMT 2024","","DISTRIBUTED-PROCESSING","DISTRIBUTED-PROCESSING",""
"","2","SEQUENTIAL-NESTED.12","","Fri Nov 08 00:39:48 GMT 2024","passed","Fri Nov 08 00:39:48 GMT 2024","","METTA-MORPH-TESTS","METTA-MORPH-TESTS",""
"","2","BACKWARD-CHAINER-XP.22","","Fri Nov 08 01:14:22 GMT 2024","passed","Fri Nov 08 01:14:22 GMT 2024","","BACKWARD-CHAINER","BACKWARD-CHAINER",""
"","3","COLLAPSE.01","","Fri Nov 08 00:39:48 GMT 2024","passed","Fri Nov 08 00:39:48 GMT 2024","","METTA-MORPH-TESTS","METTA-MORPH-TESTS",""
"","46000","nars_v0.tests4","","Fri Nov 08 00:34:10 GMT 2024","failed","Fri Nov 08 00:34:56 GMT 2024","","WHOLE-TESTS","WHOLE-TESTS",""
"","44","STDLIB-METTALOG-TEST-PT2.04","","Fri Nov 08 00:53:30 GMT 2024","failed","Fri Nov 08 00:53:30 GMT 2024","","STDLIB-METTALOG","STDLIB-METTALOG",""
"","3","MINNARS-PREV.01","","Fri Nov 08 00:44:34 GMT 2024","passed","Fri Nov 08 00:44:34 GMT 2024","","MAIN-BRANCH","MAIN-BRANCH",""
"","2","SUPPORTRULEEXP.03","","Fri Nov 08 01:13:15 GMT 2024","passed","Fri Nov 08 01:13:15 GMT 2024","","DEPENDENT-TYPES","DEPENDENT-TYPES",""
"","2","D4-TYPE-PROP.19","","Fri Nov 08 00:44:05 GMT 2024","passed","Fri Nov 08 00:44:05 GMT 2024","","QUICK","QUICK",""
"","38","STDLIB-METTALOG-TEST-PT2.16","","Fri Nov 08 00:53:30 GMT 2024","failed","Fri Nov 08 00:53:30 GMT 2024","","STDLIB-METTALOG","STDLIB-METTALOG",""
"","2","TYPES-PRELIM.18","","Fri Nov 08 00:49:03 GMT 2024","passed","Fri Nov 08 00:49:03 GMT 2024","","CHAINING","CHAINING",""
"","2","F1-IMPORTS.14","","Fri Nov 08 00:44:05 GMT 2024","passed","Fri Nov 08 00:44:05 GMT 2024","","QUICK","QUICK",""
"","4000","chaining.chaining_prelim","","Fri Nov 08 00:34:10 GMT 2024","passed","Fri Nov 08 00:34:14 GMT 2024","","WHOLE-TESTS","WHOLE-TESTS",""
"","3","ADD-ATOM-NAIVE-FIB.02","","Fri Nov 08 02:02:34 GMT 2024","passed","Fri Nov 08 02:02:34 GMT 2024","","COMPARISONS","COMPARISONS",""
"","1","TYPE-PROP.21","","Fri Nov 08 01:10:13 GMT 2024","passed","Fri Nov 08 01:10:13 GMT 2024","","CHECK-TYPES-TEMP","CHECK-TYPES-TEMP",""
"","313","IBC-XP.29","","Fri Nov 08 01:20:34 GMT 2024","passed","Fri Nov 08 01:20:34 GMT 2024","","ITERATIVE-CHAINING","ITERATIVE-CHAINING",""
"","44","SUBTYPING-TEST.03","","Fri Nov 08 01:23:22 GMT 2024","passed","Fri Nov 08 01:23:22 GMT 2024","","SUBTYPING","SUBTYPING",""
"","1186","RED-BLACK.02","","Fri Nov 08 01:05:53 GMT 2024","passed","Fri Nov 08 01:05:54 GMT 2024","","RED-BLACK-LAMBDA","RED-BLACK-LAMBDA",""
"","4000","bidirectional_computation.send-more","","Fri Nov 08 00:34:10 GMT 2024","passed","Fri Nov 08 00:34:14 GMT 2024","","WHOLE-TESTS","WHOLE-TESTS",""
"","2","C1-GROUNDED-BASIC.09","","Fri Nov 08 00:44:05 GMT 2024","passed","Fri Nov 08 00:44:05 GMT 2024","","QUICK","QUICK",""
"","4000","direct_comp.define_if_like","","Fri Nov 08 00:34:10 GMT 2024","passed","Fri Nov 08 00:34:14 GMT 2024","","WHOLE-TESTS","WHOLE-TESTS",""
"","4","TRUTHVALUETEST.05","","Fri Nov 08 01:15:03 GMT 2024","passed","Fri Nov 08 01:15:03 GMT 2024","","TRUTHVALUE","TRUTHVALUE",""
"","75","00-LANG-CASE.08","","Fri Nov 08 00:35:50 GMT 2024","passed","Fri Nov 08 00:35:50 GMT 2024","","HYPERON-METTALOG-SANITY","HYPERON-METTALOG-SANITY",""
"","2","STATES-SPACES.02","","Fri Nov 08 00:39:48 GMT 2024","passed","Fri Nov 08 00:39:48 GMT 2024","","METTA-MORPH-TESTS","METTA-MORPH-TESTS",""
"","3","FC-XP.04","","Fri Nov 08 01:17:16 GMT 2024","passed","Fri Nov 08 01:17:16 GMT 2024","","FORWARD-CHAINING","FORWARD-CHAINING",""
"","2","LISTTEST.03","","Fri Nov 08 01:14:36 GMT 2024","passed","Fri Nov 08 01:14:36 GMT 2024","","COMMON","COMMON",""
"","3","PC-XP.09","","Fri Nov 08 01:23:17 GMT 2024","passed","Fri Nov 08 01:23:17 GMT 2024","","POLYWARD-CHAINING","POLYWARD-CHAINING",""
"","4","SPACE-SUBTRACTION-TESTS.11","","Fri Nov 08 00:35:50 GMT 2024","passed","Fri Nov 08 00:35:50 GMT 2024","","HYPERON-METTALOG-SANITY","HYPERON-METTALOG-SANITY",""
"","2","CHAPTER-2-2.05","","Fri Nov 08 00:53:40 GMT 2024","passed","Fri Nov 08 00:53:40 GMT 2024","","SICP-BOOK","SICP-BOOK",""
"","127","INTERPRETER.01","","Fri Nov 08 01:05:59 GMT 2024","failed","Fri Nov 08 01:05:59 GMT 2024","","STACK-BASED","STACK-BASED",""
"","7000","basic.hanoi-one-space","","Fri Nov 08 00:34:10 GMT 2024","passed","Fri Nov 08 00:34:17 GMT 2024","","WHOLE-TESTS","WHOLE-TESTS",""
"","2","F1-MODULEA.04","","Fri Nov 08 00:34:14 GMT 2024","passed","Fri Nov 08 00:34:14 GMT 2024","","HYPERON-EXPERIMENTAL-SCRIPTS","HYPERON-EXPERIMENTAL-SCRIPTS",""
"","3","LISTTEST.01","","Fri Nov 08 01:14:36 GMT 2024","passed","Fri Nov 08 01:14:36 GMT 2024","","COMMON","COMMON",""
"","1","D4-TYPE-PROP.10","","Fri Nov 08 00:44:05 GMT 2024","passed","Fri Nov 08 00:44:05 GMT 2024","","QUICK","QUICK",""
"","3","C1-GROUNDED-BASIC.01","","Fri Nov 08 00:34:14 GMT 2024","passed","Fri Nov 08 00:34:14 GMT 2024","","HYPERON-EXPERIMENTAL-SCRIPTS","HYPERON-EXPERIMENTAL-SCRIPTS",""
"","4000","chaining.parent_go_comp","","Fri Nov 08 00:34:10 GMT 2024","passed","Fri Nov 08 00:34:14 GMT 2024","","WHOLE-TESTS","WHOLE-TESTS",""
"","3","FORWARD-CHAINER-XP.12","","Fri Nov 08 01:17:07 GMT 2024","passed","Fri Nov 08 01:17:07 GMT 2024","","FORWARD-CHAINER","FORWARD-CHAINER",""
"","108","SPACE-INTERSECTION-TESTS.08","","Fri Nov 08 00:35:50 GMT 2024","failed","Fri Nov 08 00:35:50 GMT 2024","","HYPERON-METTALOG-SANITY","HYPERON-METTALOG-SANITY",""
"","3","HIGHER-ORDER-FUNCS.03","","Fri Nov 08 00:52:05 GMT 2024","passed","Fri Nov 08 00:52:05 GMT 2024","","STD","STD",""
"","2","TYPE-PROP.29","","Fri Nov 08 01:10:13 GMT 2024","passed","Fri Nov 08 01:10:13 GMT 2024","","CHECK-TYPES-TEMP","CHECK-TYPES-TEMP",""
"","2","BACKWARD-CHAINER-XP.08","","Fri Nov 08 01:14:22 GMT 2024","passed","Fri Nov 08 01:14:22 GMT 2024","","BACKWARD-CHAINER","BACKWARD-CHAINER",""
"","178","DEDUCTIONMATCHTEST.01","","Fri Nov 08 01:20:52 GMT 2024","failed","Fri Nov 08 01:20:52 GMT 2024","","MATCH","MATCH",""
"","7","REWRITES.02","","Fri Nov 08 01:05:59 GMT 2024","passed","Fri Nov 08 01:05:59 GMT 2024","","STACK-BASED","STACK-BASED",""
"","2","TESTS1.02","","Fri Nov 08 01:29:19 GMT 2024","passed","Fri Nov 08 01:29:19 GMT 2024","","CURRENT","CURRENT",""
"","2","ADD-REMOVE-MATCH-INTEGER.32","","Fri Nov 08 00:51:22 GMT 2024","passed","Fri Nov 08 00:51:22 GMT 2024","","SPACES","SPACES",""
"","4","IFC-XP.35","","Fri Nov 08 01:20:34 GMT 2024","passed","Fri Nov 08 01:20:34 GMT 2024","","ITERATIVE-CHAINING","ITERATIVE-CHAINING",""
"","3","NUMTEST.09","","Fri Nov 08 01:14:36 GMT 2024","passed","Fri Nov 08 01:14:36 GMT 2024","","COMMON","COMMON",""
"","6","V2-PLN-XP.03","","Fri Nov 08 00:49:03 GMT 2024","passed","Fri Nov 08 00:49:03 GMT 2024","","CHAINING","CHAINING",""
"","1","D4-TYPE-PROP.13","","Fri Nov 08 00:44:05 GMT 2024","passed","Fri Nov 08 00:44:05 GMT 2024","","QUICK","QUICK",""
"","4000","transpiler.letlet","","Fri Nov 08 00:34:10 GMT 2024","passed","Fri Nov 08 00:34:14 GMT 2024","","WHOLE-TESTS","WHOLE-TESTS",""
"","2","INTERSECTION-TESTS.08","","Fri Nov 08 00:35:50 GMT 2024","passed","Fri Nov 08 00:35:50 GMT 2024","","HYPERON-METTALOG-SANITY","HYPERON-METTALOG-SANITY",""
"","4000","distributed-processing.create-server","","Fri Nov 08 00:34:10 GMT 2024","passed","Fri Nov 08 00:34:14 GMT 2024","","WHOLE-TESTS","WHOLE-TESTS",""
"","62","STDLIB-METTALOG-TEST-PT2.43","","Fri Nov 08 00:53:30 GMT 2024","failed","Fri Nov 08 00:53:30 GMT 2024","","STDLIB-METTALOG","STDLIB-METTALOG",""
"","2","TYPES-PRELIM.09","","Fri Nov 08 00:49:03 GMT 2024","passed","Fri Nov 08 00:49:03 GMT 2024","","CHAINING","CHAINING",""
"","4000","std.kb_write","","Fri Nov 08 00:34:10 GMT 2024","passed","Fri Nov 08 00:34:14 GMT 2024","","WHOLE-TESTS","WHOLE-TESTS",""
"","2","INF-CTL-MONTH-BC-CONT-XP.03","","Fri Nov 08 01:18:32 GMT 2024","passed","Fri Nov 08 01:18:32 GMT 2024","","INFERENCE-CONTROL","INFERENCE-CONTROL",""
"","3","ADD-ATOM-NAIVE-FIB.03","","Fri Nov 08 02:02:34 GMT 2024","passed","Fri Nov 08 02:02:34 GMT 2024","","COMPARISONS","COMPARISONS",""
"","16","TEST-INFER-FUNCTION-APPLICATION-TYPE.09","","Fri Nov 08 01:56:15 GMT 2024","failed","Fri Nov 08 01:56:15 GMT 2024","","BASIC","BASIC",""
"","6000","prob-dep-types.prob_dep_types","","Fri Nov 08 00:34:10 GMT 2024","passed","Fri Nov 08 00:34:16 GMT 2024","","WHOLE-TESTS","WHOLE-TESTS",""
"","2","HYPERPOSING-SHARED.08","","Fri Nov 08 01:56:15 GMT 2024","passed","Fri Nov 08 01:56:15 GMT 2024","","BASIC","BASIC",""
"","61","STDLIB-METTALOG-TEST-PT2.71","","Fri Nov 08 00:53:30 GMT 2024","failed","Fri Nov 08 00:53:30 GMT 2024","","STDLIB-METTALOG","STDLIB-METTALOG",""
"","1","ADD-REMOVE-MATCH-MIX-FLOAT-INTEGER.09","","Fri Nov 08 00:51:22 GMT 2024","passed","Fri Nov 08 00:51:22 GMT 2024","","SPACES","SPACES",""
"","110","TYPES-PRELIM.08","","Fri Nov 08 00:49:03 GMT 2024","failed","Fri Nov 08 00:49:03 GMT 2024","","CHAINING","CHAINING",""
"","2","B5-TYPES-PRELIM.06","","Fri Nov 08 01:10:13 GMT 2024","passed","Fri Nov 08 01:10:13 GMT 2024","","CHECK-TYPES-TEMP","CHECK-TYPES-TEMP",""
"","580","INF-CTL-MONTH-XP.04","","Fri Nov 08 01:18:32 GMT 2024","passed","Fri Nov 08 01:18:32 GMT 2024","","INFERENCE-CONTROL","INFERENCE-CONTROL",""
"","68","SPACE-INTERSECTION-TESTS.12","","Fri Nov 08 00:35:50 GMT 2024","failed","Fri Nov 08 00:35:50 GMT 2024","","HYPERON-METTALOG-SANITY","HYPERON-METTALOG-SANITY",""
"","2","BACKWARD-CHAINER-XP.38","","Fri Nov 08 01:14:22 GMT 2024","passed","Fri Nov 08 01:14:22 GMT 2024","","BACKWARD-CHAINER","BACKWARD-CHAINER",""
"","4000","comparisons.inf-ctl-month-xp-short_6","","Fri Nov 08 00:34:10 GMT 2024","passed","Fri Nov 08 00:34:14 GMT 2024","","WHOLE-TESTS","WHOLE-TESTS",""
"","17","SHOW-TYPE.05","","Fri Nov 08 00:51:07 GMT 2024","passed","Fri Nov 08 00:51:07 GMT 2024","","INTROSPECT","INTROSPECT",""
"","3","PLN-XP-LOCAL-V2.02","","Fri Nov 08 00:49:03 GMT 2024","passed","Fri Nov 08 00:49:03 GMT 2024","","CHAINING","CHAINING",""
"","2","CHAPTER-2-4.13","","Fri Nov 08 00:53:40 GMT 2024","passed","Fri Nov 08 00:53:40 GMT 2024","","SICP-BOOK","SICP-BOOK",""
"","2","D1-GADT.03","","Fri Nov 08 00:44:05 GMT 2024","passed","Fri Nov 08 00:44:05 GMT 2024","","QUICK","QUICK",""
"","50","BACKWARD-CHAINER-XP.01","","Fri Nov 08 01:14:22 GMT 2024","failed","Fri Nov 08 01:14:22 GMT 2024","","BACKWARD-CHAINER","BACKWARD-CHAINER",""
"","3","OBIF.02","","Fri Nov 08 01:53:56 GMT 2024","passed","Fri Nov 08 01:53:56 GMT 2024","","MULTIDIRECTIONAL","MULTIDIRECTIONAL",""
"","4","TYPE-PROP.41","","Fri Nov 08 01:10:13 GMT 2024","passed","Fri Nov 08 01:10:13 GMT 2024","","CHECK-TYPES-TEMP","CHECK-TYPES-TEMP",""
"","2","STRING-TESTS.10","","Fri Nov 08 00:35:50 GMT 2024","passed","Fri Nov 08 00:35:50 GMT 2024","","HYPERON-METTALOG-SANITY","HYPERON-METTALOG-SANITY",""
"","2","D4-TYPE-PROP.17","","Fri Nov 08 00:34:14 GMT 2024","passed","Fri Nov 08 00:34:14 GMT 2024","","HYPERON-EXPERIMENTAL-SCRIPTS","HYPERON-EXPERIMENTAL-SCRIPTS",""
"","50","OBIF-CLP.02","","Fri Nov 08 01:53:56 GMT 2024","failed","Fri Nov 08 01:53:56 GMT 2024","","MULTIDIRECTIONAL","MULTIDIRECTIONAL",""
"","98","BASE-TEST-REPR-PARSE-INTERSECTION.02","","Fri Nov 08 00:35:50 GMT 2024","passed","Fri Nov 08 00:35:50 GMT 2024","","HYPERON-METTALOG-SANITY","HYPERON-METTALOG-SANITY",""
"","4","HIGHER-ORDER-FUNCS.01","","Fri Nov 08 00:52:05 GMT 2024","passed","Fri Nov 08 00:52:05 GMT 2024","","STD","STD",""
"","74","B5-TYPES-PRELIM.11","","Fri Nov 08 00:34:14 GMT 2024","failed","Fri Nov 08 00:34:14 GMT 2024","","HYPERON-EXPERIMENTAL-SCRIPTS","HYPERON-EXPERIMENTAL-SCRIPTS",""
"","5000","traverser.creation","","Fri Nov 08 00:34:10 GMT 2024","passed","Fri Nov 08 00:34:15 GMT 2024","","WHOLE-TESTS","WHOLE-TESTS",""
"","2","ADD-REMOVE-MATCH-SS-SYMBOLS.10","","Fri Nov 08 00:51:22 GMT 2024","passed","Fri Nov 08 00:51:22 GMT 2024","","SPACES","SPACES",""
"","2075","TESTS2.09","","Fri Nov 08 00:44:34 GMT 2024","failed","Fri Nov 08 00:44:36 GMT 2024","","MAIN-BRANCH","MAIN-BRANCH",""
"","5000","basic.hyperposing","","Fri Nov 08 00:34:10 GMT 2024","passed","Fri Nov 08 00:34:15 GMT 2024","","WHOLE-TESTS","WHOLE-TESTS",""
"","5000","metta_to_amr.user","","Fri Nov 08 00:34:10 GMT 2024","passed","Fri Nov 08 00:34:15 GMT 2024","","WHOLE-TESTS","WHOLE-TESTS",""
"","3","E2-STATES.11","","Fri Nov 08 00:34:14 GMT 2024","passed","Fri Nov 08 00:34:14 GMT 2024","","HYPERON-EXPERIMENTAL-SCRIPTS","HYPERON-EXPERIMENTAL-SCRIPTS",""
"","4","TYPE-PROP.38","","Fri Nov 08 01:10:13 GMT 2024","passed","Fri Nov 08 01:10:13 GMT 2024","","CHECK-TYPES-TEMP","CHECK-TYPES-TEMP",""
"","3","COMBINED.01","","Fri Nov 08 01:52:22 GMT 2024","passed","Fri Nov 08 01:52:22 GMT 2024","","ITERATORS","ITERATORS",""
"","2","TESTS2.02","","Fri Nov 08 00:44:34 GMT 2024","passed","Fri Nov 08 00:44:34 GMT 2024","","MAIN-BRANCH","MAIN-BRANCH",""
"","3","JOHN-CARRY-FLOWER-TEST.02","","Fri Nov 08 01:24:02 GMT 2024","passed","Fri Nov 08 01:24:02 GMT 2024","","JOHN-CARRY-FLOWER","JOHN-CARRY-FLOWER",""
"","2","IFC-XP.12","","Fri Nov 08 01:20:34 GMT 2024","passed","Fri Nov 08 01:20:34 GMT 2024","","ITERATIVE-CHAINING","ITERATIVE-CHAINING",""
"","3","D3-DEPTYPES.07","","Fri Nov 08 00:34:14 GMT 2024","passed","Fri Nov 08 00:34:14 GMT 2024","","HYPERON-EXPERIMENTAL-SCRIPTS","HYPERON-EXPERIMENTAL-SCRIPTS",""
"","5000","introspect.show-type","","Fri Nov 08 00:34:10 GMT 2024","passed","Fri Nov 08 00:34:15 GMT 2024","","WHOLE-TESTS","WHOLE-TESTS",""
"","14","UNWEIGHTED-PLLM.04","","Fri Nov 08 02:08:49 GMT 2024","failed","Fri Nov 08 02:08:49 GMT 2024","","LANGUAGE-MODELS","LANGUAGE-MODELS",""
"","4000","metta-morph_tests.match_void","","Fri Nov 08 00:34:10 GMT 2024","passed","Fri Nov 08 00:34:14 GMT 2024","","WHOLE-TESTS","WHOLE-TESTS",""
"","2","BACKWARD-CHAINER-XP.43","","Fri Nov 08 01:14:22 GMT 2024","passed","Fri Nov 08 01:14:22 GMT 2024","","BACKWARD-CHAINER","BACKWARD-CHAINER",""
"","2","TESTS0.03","","Fri Nov 08 01:34:24 GMT 2024","passed","Fri Nov 08 01:34:24 GMT 2024","","NARS-V0","NARS-V0",""
"","3","NUMTEST.10","","Fri Nov 08 01:14:36 GMT 2024","passed","Fri Nov 08 01:14:36 GMT 2024","","COMMON","COMMON",""
"","2","MATCH-VOID.02","","Fri Nov 08 00:39:48 GMT 2024","passed","Fri Nov 08 00:39:48 GMT 2024","","METTA-MORPH-TESTS","METTA-MORPH-TESTS",""
"","2","D1-GADT.12","","Fri Nov 08 01:10:34 GMT 2024","passed","Fri Nov 08 01:10:34 GMT 2024","","CHECK-TYPES","CHECK-TYPES",""
"","2","STDLIB-METTALOG-TEST-PT2.09","","Fri Nov 08 00:53:30 GMT 2024","passed","Fri Nov 08 00:53:30 GMT 2024","","STDLIB-METTALOG","STDLIB-METTALOG",""
"","2","METTALOGTESTCURRIED2.04","","Fri Nov 08 00:41:57 GMT 2024","passed","Fri Nov 08 00:41:57 GMT 2024","","ANTI-REGRESSION","ANTI-REGRESSION",""
"","3","IFC-XP.38","","Fri Nov 08 01:20:34 GMT 2024","passed","Fri Nov 08 01:20:34 GMT 2024","","ITERATIVE-CHAINING","ITERATIVE-CHAINING",""
"","247","REWRITES.03","","Fri Nov 08 01:05:59 GMT 2024","failed","Fri Nov 08 01:05:59 GMT 2024","","STACK-BASED","STACK-BASED",""
"","1","CHAPTER-1-1.08","","Fri Nov 08 00:53:40 GMT 2024","passed","Fri Nov 08 00:53:40 GMT 2024","","SICP-BOOK","SICP-BOOK",""
"","2","A1-SYMBOLS.03","","Fri Nov 08 00:34:14 GMT 2024","passed","Fri Nov 08 00:34:14 GMT 2024","","HYPERON-EXPERIMENTAL-SCRIPTS","HYPERON-EXPERIMENTAL-SCRIPTS",""
"","2","IFC-XP.18","","Fri Nov 08 01:20:34 GMT 2024","passed","Fri Nov 08 01:20:34 GMT 2024","","ITERATIVE-CHAINING","ITERATIVE-CHAINING",""
"","381","NATSTANDALONETEST.14","","Fri Nov 08 01:17:20 GMT 2024","failed","Fri Nov 08 01:17:20 GMT 2024","","HOL","HOL",""
"","2","ORDEREDSETTEST.03","","Fri Nov 08 01:14:36 GMT 2024","passed","Fri Nov 08 01:14:36 GMT 2024","","COMMON","COMMON",""
"","2","A1-SYMBOLS.06","","Fri Nov 08 00:34:14 GMT 2024","passed","Fri Nov 08 00:34:14 GMT 2024","","HYPERON-EXPERIMENTAL-SCRIPTS","HYPERON-EXPERIMENTAL-SCRIPTS",""
"","106","TOO-EAGER-MATH.03","","Fri Nov 08 01:55:14 GMT 2024","passed","Fri Nov 08 01:55:14 GMT 2024","","POSSIBLY-WRONG","POSSIBLY-WRONG",""
"","2","STATE-TYPES.17","","Fri Nov 08 01:56:15 GMT 2024","passed","Fri Nov 08 01:56:15 GMT 2024","","BASIC","BASIC",""
"","2","CHAINING-PRELIM.02","","Fri Nov 08 00:49:03 GMT 2024","passed","Fri Nov 08 00:49:03 GMT 2024","","CHAINING","CHAINING",""
"","2","STDLIB-METTALOG-TEST-PT2.32","","Fri Nov 08 00:53:30 GMT 2024","passed","Fri Nov 08 00:53:30 GMT 2024","","STDLIB-METTALOG","STDLIB-METTALOG",""
"","2","TEST-IF-CLOSED.09","","Fri Nov 08 00:41:57 GMT 2024","passed","Fri Nov 08 00:41:57 GMT 2024","","ANTI-REGRESSION","ANTI-REGRESSION",""
"","2","BACKWARD-CHAINER-XP.09","","Fri Nov 08 01:14:22 GMT 2024","passed","Fri Nov 08 01:14:22 GMT 2024","","BACKWARD-CHAINER","BACKWARD-CHAINER",""
"","3","INF-CTL-XP.06","","Fri Nov 08 01:18:32 GMT 2024","passed","Fri Nov 08 01:18:32 GMT 2024","","INFERENCE-CONTROL","INFERENCE-CONTROL",""
"","4000","check_types.d2_higherfunc","","Fri Nov 08 00:34:10 GMT 2024","passed","Fri Nov 08 00:34:14 GMT 2024","","WHOLE-TESTS","WHOLE-TESTS",""
"","2","KEY-LOOKUPS-MANY.11","","Fri Nov 08 01:56:15 GMT 2024","passed","Fri Nov 08 01:56:15 GMT 2024","","BASIC","BASIC",""
"","2","IFC-XP.14","","Fri Nov 08 01:20:34 GMT 2024","passed","Fri Nov 08 01:20:34 GMT 2024","","ITERATIVE-CHAINING","ITERATIVE-CHAINING",""
"","2","STATES-SPACES.05","","Fri Nov 08 00:39:48 GMT 2024","passed","Fri Nov 08 00:39:48 GMT 2024","","METTA-MORPH-TESTS","METTA-MORPH-TESTS",""
"","3","D1-GADT.01","","Fri Nov 08 00:44:05 GMT 2024","passed","Fri Nov 08 00:44:05 GMT 2024","","QUICK","QUICK",""
"","2","D2-HIGHERFUNC.11","","Fri Nov 08 00:44:05 GMT 2024","passed","Fri Nov 08 00:44:05 GMT 2024","","QUICK","QUICK",""
"","3","SHOW-TYPE.04","","Fri Nov 08 00:51:07 GMT 2024","passed","Fri Nov 08 00:51:07 GMT 2024","","INTROSPECT","INTROSPECT",""
"","2","INF-CTL-MONTH-BC-CONT-XP.02","","Fri Nov 08 01:18:32 GMT 2024","passed","Fri Nov 08 01:18:32 GMT 2024","","INFERENCE-CONTROL","INFERENCE-CONTROL",""
"","2","TMPMATCH1.04","","Fri Nov 08 01:47:36 GMT 2024","passed","Fri Nov 08 01:47:36 GMT 2024","","WALK-THRU","WALK-THRU",""
"","47","CHAPTER-2-2.08","","Fri Nov 08 00:53:40 GMT 2024","failed","Fri Nov 08 00:53:40 GMT 2024","","SICP-BOOK","SICP-BOOK",""
"","102","TYPE-PROP.74","","Fri Nov 08 01:10:13 GMT 2024","failed","Fri Nov 08 01:10:13 GMT 2024","","CHECK-TYPES-TEMP","CHECK-TYPES-TEMP",""
"","5","ADD-REMOVE-MATCH-MIX-FLOAT-INTEGER.30","","Fri Nov 08 00:51:22 GMT 2024","passed","Fri Nov 08 00:51:22 GMT 2024","","SPACES","SPACES",""
"","119","MODUSPONENSDTLTEST.04","","Fri Nov 08 01:13:15 GMT 2024","failed","Fri Nov 08 01:13:15 GMT 2024","","DEPENDENT-TYPES","DEPENDENT-TYPES",""
"","4000","metta-morph_tests.types3","","Fri Nov 08 00:34:10 GMT 2024","passed","Fri Nov 08 00:34:14 GMT 2024","","WHOLE-TESTS","WHOLE-TESTS",""
"","3","NUMTEST.01","","Fri Nov 08 01:14:36 GMT 2024","passed","Fri Nov 08 01:14:36 GMT 2024","","COMMON","COMMON",""
"","2","ADD-REMOVE-MATCH-S-SYMBOLS.04","","Fri Nov 08 00:51:22 GMT 2024","passed","Fri Nov 08 00:51:22 GMT 2024","","SPACES","SPACES",""
"","24","INF-CTL-XP.17","","Fri Nov 08 01:18:32 GMT 2024","failed","Fri Nov 08 01:18:32 GMT 2024","","INFERENCE-CONTROL","INFERENCE-CONTROL",""
"","45000","new.tests2","","Fri Nov 08 00:34:10 GMT 2024","failed","Fri Nov 08 00:34:55 GMT 2024","","WHOLE-TESTS","WHOLE-TESTS",""
"","2","METTALOGTESTCURRIED2.01","","Fri Nov 08 01:47:36 GMT 2024","passed","Fri Nov 08 01:47:36 GMT 2024","","WALK-THRU","WALK-THRU",""
"","16","TEST-INFER-FUNCTION-APPLICATION-TYPE.08","","Fri Nov 08 01:56:15 GMT 2024","failed","Fri Nov 08 01:56:15 GMT 2024","","BASIC","BASIC",""
"","3","03-SORING-VIA-INSERT.06","","Fri Nov 08 00:35:50 GMT 2024","passed","Fri Nov 08 00:35:50 GMT 2024","","HYPERON-METTALOG-SANITY","HYPERON-METTALOG-SANITY",""
"","2","D1-GADT.02","","Fri Nov 08 01:10:34 GMT 2024","passed","Fri Nov 08 01:10:34 GMT 2024","","CHECK-TYPES","CHECK-TYPES",""
"","5000","direct_comp.00a_lang_compiled_case","","Fri Nov 08 00:34:10 GMT 2024","passed","Fri Nov 08 00:34:15 GMT 2024","","WHOLE-TESTS","WHOLE-TESTS",""
"","18","INF-CTL-MONTH-BC-XP.03","","Fri Nov 08 01:18:32 GMT 2024","failed","Fri Nov 08 01:18:32 GMT 2024","","INFERENCE-CONTROL","INFERENCE-CONTROL",""
"","2","INTERSECTION-TESTS.16","","Fri Nov 08 00:35:50 GMT 2024","passed","Fri Nov 08 00:35:50 GMT 2024","","HYPERON-METTALOG-SANITY","HYPERON-METTALOG-SANITY",""
"","8000","ai-service.ai-service-composition-easy","","Fri Nov 08 00:34:10 GMT 2024","passed","Fri Nov 08 00:34:18 GMT 2024","","WHOLE-TESTS","WHOLE-TESTS",""
"","2","STRING-TESTS.18","","Fri Nov 08 00:35:50 GMT 2024","passed","Fri Nov 08 00:35:50 GMT 2024","","HYPERON-METTALOG-SANITY","HYPERON-METTALOG-SANITY",""
"","2","E2-STATES.11","","Fri Nov 08 01:10:34 GMT 2024","passed","Fri Nov 08 01:10:34 GMT 2024","","CHECK-TYPES","CHECK-TYPES",""
"","2","D4-TYPE-PROP.16","","Fri Nov 08 00:44:05 GMT 2024","passed","Fri Nov 08 00:44:05 GMT 2024","","QUICK","QUICK",""
"","2","D2-HIGHERFUNC.08","","Fri Nov 08 00:44:05 GMT 2024","passed","Fri Nov 08 00:44:05 GMT 2024","","QUICK","QUICK",""
"","43000","examples.expression","","Fri Nov 08 00:34:10 GMT 2024","failed","Fri Nov 08 00:34:53 GMT 2024","","WHOLE-TESTS","WHOLE-TESTS",""
"","3","D1-GADT.10","","Fri Nov 08 00:44:05 GMT 2024","passed","Fri Nov 08 00:44:05 GMT 2024","","QUICK","QUICK",""
"","6000","dependent-types.ModusPonensDTLTest","","Fri Nov 08 00:34:10 GMT 2024","passed","Fri Nov 08 00:34:16 GMT 2024","","WHOLE-TESTS","WHOLE-TESTS",""
"","2","BACKWARD-CHAINER-XP.31","","Fri Nov 08 01:14:22 GMT 2024","passed","Fri Nov 08 01:14:22 GMT 2024","","BACKWARD-CHAINER","BACKWARD-CHAINER",""
"","3","LETLET.01","","Fri Nov 08 00:39:48 GMT 2024","passed","Fri Nov 08 00:39:48 GMT 2024","","METTA-MORPH-TESTS","METTA-MORPH-TESTS",""
"","62","D2-HIGHERFUNC.07","","Fri Nov 08 01:10:34 GMT 2024","failed","Fri Nov 08 01:10:34 GMT 2024","","CHECK-TYPES","CHECK-TYPES",""
"","3","FORWARD-CHAINER-TEST.14","","Fri Nov 08 01:17:07 GMT 2024","passed","Fri Nov 08 01:17:07 GMT 2024","","FORWARD-CHAINER","FORWARD-CHAINER",""
"","10","05-MATCH-SUPERPOSE-ELEMENT-LIKE-SPACE.02","","Fri Nov 08 01:50:51 GMT 2024","failed","Fri Nov 08 01:50:51 GMT 2024","","CONTAINERS-ARE-SPACES","CONTAINERS-ARE-SPACES",""
"","2","IFC-XP.08","","Fri Nov 08 01:20:34 GMT 2024","passed","Fri Nov 08 01:20:34 GMT 2024","","ITERATIVE-CHAINING","ITERATIVE-CHAINING",""
"","2","D4-TYPE-PROP.17","","Fri Nov 08 01:10:34 GMT 2024","passed","Fri Nov 08 01:10:34 GMT 2024","","CHECK-TYPES","CHECK-TYPES",""
"","3","STDLIB-METTALOG-TEST-PT2.67","","Fri Nov 08 00:53:30 GMT 2024","passed","Fri Nov 08 00:53:30 GMT 2024","","STDLIB-METTALOG","STDLIB-METTALOG",""
"","5000","std.higher_order_funcs","","Fri Nov 08 00:34:10 GMT 2024","passed","Fri Nov 08 00:34:15 GMT 2024","","WHOLE-TESTS","WHOLE-TESTS",""
"","3","D2-HIGHERFUNC.05","","Fri Nov 08 00:34:14 GMT 2024","passed","Fri Nov 08 00:34:14 GMT 2024","","HYPERON-EXPERIMENTAL-SCRIPTS","HYPERON-EXPERIMENTAL-SCRIPTS",""
"","2","UNIFY-VIA-CASE.03","","Fri Nov 08 01:25:10 GMT 2024","passed","Fri Nov 08 01:25:10 GMT 2024","","EXPERIMENTS","EXPERIMENTS",""
"","3","INF-CTL-MONTH-XP-SHORT-3.01","","Fri Nov 08 02:02:34 GMT 2024","passed","Fri Nov 08 02:02:34 GMT 2024","","COMPARISONS","COMPARISONS",""
"","2","AI-SERVICE-COMPOSITION-EASY.02","","Fri Nov 08 01:07:41 GMT 2024","passed","Fri Nov 08 01:07:41 GMT 2024","","AI-SERVICE","AI-SERVICE",""
"","53","STDLIB-METTALOG-TEST-PT2.15","","Fri Nov 08 00:53:30 GMT 2024","failed","Fri Nov 08 00:53:30 GMT 2024","","STDLIB-METTALOG","STDLIB-METTALOG",""
"","2","D2-HIGHERFUNC.15","","Fri Nov 08 01:10:34 GMT 2024","passed","Fri Nov 08 01:10:34 GMT 2024","","CHECK-TYPES","CHECK-TYPES",""
"","145","NATSIMPLETEST.01","","Fri Nov 08 01:17:20 GMT 2024","failed","Fri Nov 08 01:17:20 GMT 2024","","HOL","HOL",""
"","100","STDLIB-METTALOG-TEST-PT2.38","","Fri Nov 08 00:53:30 GMT 2024","failed","Fri Nov 08 00:53:30 GMT 2024","","STDLIB-METTALOG","STDLIB-METTALOG",""
"","5000","check_types-temp.type_prop","","Fri Nov 08 00:34:10 GMT 2024","passed","Fri Nov 08 00:34:15 GMT 2024","","WHOLE-TESTS","WHOLE-TESTS",""
"","990","TRAINING.04","","Fri Nov 08 02:08:49 GMT 2024","passed","Fri Nov 08 02:08:49 GMT 2024","","LANGUAGE-MODELS","LANGUAGE-MODELS",""
"","2","STDLIB-METTALOG-TEST-PT2.31","","Fri Nov 08 00:53:30 GMT 2024","passed","Fri Nov 08 00:53:30 GMT 2024","","STDLIB-METTALOG","STDLIB-METTALOG",""
"","2","D4-TYPE-PROP.12","","Fri Nov 08 01:10:34 GMT 2024","passed","Fri Nov 08 01:10:34 GMT 2024","","CHECK-TYPES","CHECK-TYPES",""
"","3","E3-MATCH-STATES.04","","Fri Nov 08 00:34:14 GMT 2024","passed","Fri Nov 08 00:34:14 GMT 2024","","HYPERON-EXPERIMENTAL-SCRIPTS","HYPERON-EXPERIMENTAL-SCRIPTS",""
"","2","FIRST-ANSWER.01","","Fri Nov 08 00:35:50 GMT 2024","passed","Fri Nov 08 00:35:50 GMT 2024","","HYPERON-METTALOG-SANITY","HYPERON-METTALOG-SANITY",""
"","2","STATE-TYPES.16","","Fri Nov 08 01:56:15 GMT 2024","passed","Fri Nov 08 01:56:15 GMT 2024","","BASIC","BASIC",""
"","2","B0-CHAINING-PRELIM.03","","Fri Nov 08 00:34:14 GMT 2024","passed","Fri Nov 08 00:34:14 GMT 2024","","HYPERON-EXPERIMENTAL-SCRIPTS","HYPERON-EXPERIMENTAL-SCRIPTS",""
"","5000","main-branch.tests0","","Fri Nov 08 00:34:10 GMT 2024","passed","Fri Nov 08 00:34:15 GMT 2024","","WHOLE-TESTS","WHOLE-TESTS",""
"","4","SPACE-SUBTRACTION-TESTS.05","","Fri Nov 08 00:35:50 GMT 2024","passed","Fri Nov 08 00:35:50 GMT 2024","","HYPERON-METTALOG-SANITY","HYPERON-METTALOG-SANITY",""
"","52","B5-TYPES-PRELIM.15","","Fri Nov 08 00:34:14 GMT 2024","failed","Fri Nov 08 00:34:14 GMT 2024","","HYPERON-EXPERIMENTAL-SCRIPTS","HYPERON-EXPERIMENTAL-SCRIPTS",""
"","2","IBC-XP.03","","Fri Nov 08 01:20:34 GMT 2024","passed","Fri Nov 08 01:20:34 GMT 2024","","ITERATIVE-CHAINING","ITERATIVE-CHAINING",""
"","3","A2-OPENCOGGY.01","","Fri Nov 08 00:34:14 GMT 2024","passed","Fri Nov 08 00:34:14 GMT 2024","","HYPERON-EXPERIMENTAL-SCRIPTS","HYPERON-EXPERIMENTAL-SCRIPTS",""
"","2","TYPE-PROP.11","","Fri Nov 08 01:10:13 GMT 2024","passed","Fri Nov 08 01:10:13 GMT 2024","","CHECK-TYPES-TEMP","CHECK-TYPES-TEMP",""
"","1019","PLLM-PENNTREE.04","","Fri Nov 08 02:08:49 GMT 2024","passed","Fri Nov 08 02:08:50 GMT 2024","","LANGUAGE-MODELS","LANGUAGE-MODELS",""
"","2","CML-UNSHARED.02","","Fri Nov 08 01:56:15 GMT 2024","passed","Fri Nov 08 01:56:15 GMT 2024","","BASIC","BASIC",""
"","2","TESTS0.06","","Fri Nov 08 01:29:19 GMT 2024","passed","Fri Nov 08 01:29:19 GMT 2024","","CURRENT","CURRENT",""
"","2","B2-BACKCHAIN.02","","Fri Nov 08 00:34:14 GMT 2024","passed","Fri Nov 08 00:34:14 GMT 2024","","HYPERON-EXPERIMENTAL-SCRIPTS","HYPERON-EXPERIMENTAL-SCRIPTS",""
"","2","INF-CTL-MONTH-XP-SHORT-3.03","","Fri Nov 08 02:02:34 GMT 2024","passed","Fri Nov 08 02:02:34 GMT 2024","","COMPARISONS","COMPARISONS",""
"","3","STATE-TYPES.23","","Fri Nov 08 01:56:15 GMT 2024","passed","Fri Nov 08 01:56:15 GMT 2024","","BASIC","BASIC",""
"","41000","basic.fwgc1","","Fri Nov 08 00:34:10 GMT 2024","failed","Fri Nov 08 00:34:51 GMT 2024","","WHOLE-TESTS","WHOLE-TESTS",""
"","2","SEALED-TEST.06","","Fri Nov 08 00:35:50 GMT 2024","passed","Fri Nov 08 00:35:50 GMT 2024","","HYPERON-METTALOG-SANITY","HYPERON-METTALOG-SANITY",""
"","1","CML-UNSHARED.06","","Fri Nov 08 01:56:15 GMT 2024","passed","Fri Nov 08 01:56:15 GMT 2024","","BASIC","BASIC",""
"","3","ADD-REMOVE-MATCH-SS-SYMBOLS.15","","Fri Nov 08 00:51:22 GMT 2024","passed","Fri Nov 08 00:51:22 GMT 2024","","SPACES","SPACES",""
"","2","BC-XP.11","","Fri Nov 08 01:14:27 GMT 2024","passed","Fri Nov 08 01:14:27 GMT 2024","","BACKWARD-CHAINING","BACKWARD-CHAINING",""
"","2","F1-IMPORTS.16","","Fri Nov 08 00:34:14 GMT 2024","passed","Fri Nov 08 00:34:14 GMT 2024","","HYPERON-EXPERIMENTAL-SCRIPTS","HYPERON-EXPERIMENTAL-SCRIPTS",""
"","5000","SICP_book.chapter_1_1","","Fri Nov 08 00:34:10 GMT 2024","passed","Fri Nov 08 00:34:15 GMT 2024","","WHOLE-TESTS","WHOLE-TESTS",""
"","2","B5-TYPES-PRELIM.23","","Fri Nov 08 01:10:13 GMT 2024","passed","Fri Nov 08 01:10:13 GMT 2024","","CHECK-TYPES-TEMP","CHECK-TYPES-TEMP",""
"","3","E2-STATES.01","","Fri Nov 08 00:34:14 GMT 2024","passed","Fri Nov 08 00:34:14 GMT 2024","","HYPERON-EXPERIMENTAL-SCRIPTS","HYPERON-EXPERIMENTAL-SCRIPTS",""
"","2","SPACE-SUBTRACTION-TESTS.06","","Fri Nov 08 00:35:50 GMT 2024","passed","Fri Nov 08 00:35:50 GMT 2024","","HYPERON-METTALOG-SANITY","HYPERON-METTALOG-SANITY",""
"","5000","features.intersection_tests","","Fri Nov 08 00:34:10 GMT 2024","passed","Fri Nov 08 00:34:15 GMT 2024","","WHOLE-TESTS","WHOLE-TESTS",""
"","1597","SELF-CONTAINED-SYNTHESIZE.09","","Fri Nov 08 01:25:10 GMT 2024","failed","Fri Nov 08 01:25:11 GMT 2024","","EXPERIMENTS","EXPERIMENTS",""
"","2","E2-STATES.06","","Fri Nov 08 00:34:14 GMT 2024","passed","Fri Nov 08 00:34:14 GMT 2024","","HYPERON-EXPERIMENTAL-SCRIPTS","HYPERON-EXPERIMENTAL-SCRIPTS",""
"","2","B0-CHAINING-PRELIM.02","","Fri Nov 08 00:34:14 GMT 2024","passed","Fri Nov 08 00:34:14 GMT 2024","","HYPERON-EXPERIMENTAL-SCRIPTS","HYPERON-EXPERIMENTAL-SCRIPTS",""
"","40000","debugging.hyperon_experimental_issue_530","","Fri Nov 08 00:34:10 GMT 2024","failed","Fri Nov 08 00:34:50 GMT 2024","","WHOLE-TESTS","WHOLE-TESTS",""
"","2","TESTS0.05","","Fri Nov 08 01:29:19 GMT 2024","passed","Fri Nov 08 01:29:19 GMT 2024","","CURRENT","CURRENT",""
"","1368","TESTS5.05","","Fri Nov 08 00:44:34 GMT 2024","failed","Fri Nov 08 00:44:35 GMT 2024","","MAIN-BRANCH","MAIN-BRANCH",""
"","2","FC-XP.22","","Fri Nov 08 01:17:16 GMT 2024","passed","Fri Nov 08 01:17:16 GMT 2024","","FORWARD-CHAINING","FORWARD-CHAINING",""
"","113","ADD-ATOM-NAIVE-FIB.09","","Fri Nov 08 02:02:34 GMT 2024","passed","Fri Nov 08 02:02:34 GMT 2024","","COMPARISONS","COMPARISONS",""
"","2","B5-TYPES-PRELIM.09","","Fri Nov 08 00:34:14 GMT 2024","passed","Fri Nov 08 00:34:14 GMT 2024","","HYPERON-EXPERIMENTAL-SCRIPTS","HYPERON-EXPERIMENTAL-SCRIPTS",""
"","6000","walk_thru.impl_mettalogTestCurried","","Fri Nov 08 00:34:10 GMT 2024","passed","Fri Nov 08 00:34:16 GMT 2024","","WHOLE-TESTS","WHOLE-TESTS",""
"","61","STDLIB-METTALOG-TEST-PT2.25","","Fri Nov 08 00:53:30 GMT 2024","failed","Fri Nov 08 00:53:30 GMT 2024","","STDLIB-METTALOG","STDLIB-METTALOG",""
"","1","D4-TYPE-PROP.06","","Fri Nov 08 00:44:05 GMT 2024","passed","Fri Nov 08 00:44:05 GMT 2024","","QUICK","QUICK",""
"","5000","spaces.add-remove-match-ss-strings","","Fri Nov 08 00:34:10 GMT 2024","passed","Fri Nov 08 00:34:15 GMT 2024","","WHOLE-TESTS","WHOLE-TESTS",""
"","2","HYPERPOSE.09","","Fri Nov 08 00:39:48 GMT 2024","passed","Fri Nov 08 00:39:48 GMT 2024","","METTA-MORPH-TESTS","METTA-MORPH-TESTS",""
"","431","SYNTHESIZE-VIA-CASE-TEST.01","","Fri Nov 08 01:25:10 GMT 2024","failed","Fri Nov 08 01:25:10 GMT 2024","","EXPERIMENTS","EXPERIMENTS",""
"","3","IOIOIOI.01","","Fri Nov 08 01:53:56 GMT 2024","passed","Fri Nov 08 01:53:56 GMT 2024","","MULTIDIRECTIONAL","MULTIDIRECTIONAL",""
"","2","BCHAIN.05","","Fri Nov 08 00:41:57 GMT 2024","passed","Fri Nov 08 00:41:57 GMT 2024","","ANTI-REGRESSION","ANTI-REGRESSION",""
"","523","TESTS0.02","","Fri Nov 08 00:44:34 GMT 2024","failed","Fri Nov 08 00:44:34 GMT 2024","","MAIN-BRANCH","MAIN-BRANCH",""
"","3804","TRAINING-BI.03","","Fri Nov 08 02:08:49 GMT 2024","passed","Fri Nov 08 02:08:52 GMT 2024","","LANGUAGE-MODELS","LANGUAGE-MODELS",""
"","134","SYNTHESIZE-VIA-UNIFY-TEST.10","","Fri Nov 08 01:25:10 GMT 2024","failed","Fri Nov 08 01:25:10 GMT 2024","","EXPERIMENTS","EXPERIMENTS",""
"","47","IBC-XP.07","","Fri Nov 08 01:20:34 GMT 2024","failed","Fri Nov 08 01:20:34 GMT 2024","","ITERATIVE-CHAINING","ITERATIVE-CHAINING",""
"","2","CHAPTER-1-1.05","","Fri Nov 08 00:53:40 GMT 2024","passed","Fri Nov 08 00:53:40 GMT 2024","","SICP-BOOK","SICP-BOOK",""
"","2","TESTS1.01","","Fri Nov 08 00:44:34 GMT 2024","passed","Fri Nov 08 00:44:34 GMT 2024","","MAIN-BRANCH","MAIN-BRANCH",""
"","54","STDLIB-METTALOG-TEST-PT2.11","","Fri Nov 08 00:53:30 GMT 2024","failed","Fri Nov 08 00:53:30 GMT 2024","","STDLIB-METTALOG","STDLIB-METTALOG",""
"","2","XOR-TEST.05","","Fri Nov 08 00:35:50 GMT 2024","passed","Fri Nov 08 00:35:50 GMT 2024","","HYPERON-METTALOG-SANITY","HYPERON-METTALOG-SANITY",""
"","2","MULTIFUNCTION.01","","Fri Nov 08 00:39:48 GMT 2024","passed","Fri Nov 08 00:39:48 GMT 2024","","METTA-MORPH-TESTS","METTA-MORPH-TESTS",""
"","2","HYPERPOSING-SHARED.04","","Fri Nov 08 01:56:15 GMT 2024","passed","Fri Nov 08 01:56:15 GMT 2024","","BASIC","BASIC",""
"","40000","combinator_logic_experiments.y_comb_examples","","Fri Nov 08 00:34:10 GMT 2024","failed","Fri Nov 08 00:34:50 GMT 2024","","WHOLE-TESTS","WHOLE-TESTS",""
"","1957","TESTS3.04","","Fri Nov 08 00:44:34 GMT 2024","failed","Fri Nov 08 00:44:35 GMT 2024","","MAIN-BRANCH","MAIN-BRANCH",""
"","2","IFC-XP.33","","Fri Nov 08 01:20:34 GMT 2024","passed","Fri Nov 08 01:20:34 GMT 2024","","ITERATIVE-CHAINING","ITERATIVE-CHAINING",""
"","125","ADD-REMOVE-MATCH-MIX-FLOAT-INTEGER.25","","Fri Nov 08 00:51:22 GMT 2024","failed","Fri Nov 08 00:51:22 GMT 2024","","SPACES","SPACES",""
"","2","D4-TYPE-PROP.05","","Fri Nov 08 01:10:34 GMT 2024","passed","Fri Nov 08 01:10:34 GMT 2024","","CHECK-TYPES","CHECK-TYPES",""
"","2","UNIQUE-TEST.04","","Fri Nov 08 00:35:50 GMT 2024","passed","Fri Nov 08 00:35:50 GMT 2024","","HYPERON-METTALOG-SANITY","HYPERON-METTALOG-SANITY",""
"","2","TEST-IF-CLOSED.02","","Fri Nov 08 01:47:36 GMT 2024","passed","Fri Nov 08 01:47:36 GMT 2024","","WALK-THRU","WALK-THRU",""
"","2","ADD-REMOVE-MATCH-FLOAT.05","","Fri Nov 08 00:51:22 GMT 2024","passed","Fri Nov 08 00:51:22 GMT 2024","","SPACES","SPACES",""
"","3348","TRAINING.03","","Fri Nov 08 02:08:49 GMT 2024","passed","Fri Nov 08 02:08:52 GMT 2024","","LANGUAGE-MODELS","LANGUAGE-MODELS",""
"","173","IFC-XP.24","","Fri Nov 08 01:20:34 GMT 2024","failed","Fri Nov 08 01:20:34 GMT 2024","","ITERATIVE-CHAINING","ITERATIVE-CHAINING",""
"","1","D3-DEPTYPES.03","","Fri Nov 08 00:34:14 GMT 2024","passed","Fri Nov 08 00:34:14 GMT 2024","","HYPERON-EXPERIMENTAL-SCRIPTS","HYPERON-EXPERIMENTAL-SCRIPTS",""
"","38","FORWARD-CHAINER-XP.13","","Fri Nov 08 01:17:07 GMT 2024","failed","Fri Nov 08 01:17:07 GMT 2024","","FORWARD-CHAINER","FORWARD-CHAINER",""
"","9","NARS-BUILDTUPLECOUNTS.01","","Fri Nov 08 01:33:08 GMT 2024","passed","Fri Nov 08 01:33:08 GMT 2024","","NARS-EXTRAS","NARS-EXTRAS",""
"","5000","traverser.basic","","Fri Nov 08 00:34:10 GMT 2024","passed","Fri Nov 08 00:34:15 GMT 2024","","WHOLE-TESTS","WHOLE-TESTS",""
"","2","F1-IMPORTS.17","","Fri Nov 08 00:34:14 GMT 2024","passed","Fri Nov 08 00:34:14 GMT 2024","","HYPERON-EXPERIMENTAL-SCRIPTS","HYPERON-EXPERIMENTAL-SCRIPTS",""
"","2","F1-IMPORTS.15","","Fri Nov 08 00:44:05 GMT 2024","passed","Fri Nov 08 00:44:05 GMT 2024","","QUICK","QUICK",""
"","57","NATSTANDALONETEST.12","","Fri Nov 08 01:17:20 GMT 2024","failed","Fri Nov 08 01:17:20 GMT 2024","","HOL","HOL",""
"","129","STDLIB-METTALOG-TEST-PT2.75","","Fri Nov 08 00:53:30 GMT 2024","failed","Fri Nov 08 00:53:30 GMT 2024","","STDLIB-METTALOG","STDLIB-METTALOG",""
"","3","A3-TWOSIDE.01","","Fri Nov 08 00:34:14 GMT 2024","passed","Fri Nov 08 00:34:14 GMT 2024","","HYPERON-EXPERIMENTAL-SCRIPTS","HYPERON-EXPERIMENTAL-SCRIPTS",""
"","75","STATE-TYPES.18","","Fri Nov 08 01:56:15 GMT 2024","failed","Fri Nov 08 01:56:15 GMT 2024","","BASIC","BASIC",""
"","4","UNIQUE-TEST.13","","Fri Nov 08 00:35:50 GMT 2024","passed","Fri Nov 08 00:35:50 GMT 2024","","HYPERON-METTALOG-SANITY","HYPERON-METTALOG-SANITY",""
"","40000","main-branch.tests3","","Fri Nov 08 00:34:10 GMT 2024","failed","Fri Nov 08 00:34:50 GMT 2024","","WHOLE-TESTS","WHOLE-TESTS",""
"","7000","metta-morph_tests.nalifier","","Fri Nov 08 00:34:10 GMT 2024","passed","Fri Nov 08 00:34:17 GMT 2024","","WHOLE-TESTS","WHOLE-TESTS",""
"","18","IFC-XP.17","","Fri Nov 08 01:20:34 GMT 2024","failed","Fri Nov 08 01:20:34 GMT 2024","","ITERATIVE-CHAINING","ITERATIVE-CHAINING",""
"","2","00-LANG-CASE.09","","Fri Nov 08 00:35:50 GMT 2024","passed","Fri Nov 08 00:35:50 GMT 2024","","HYPERON-METTALOG-SANITY","HYPERON-METTALOG-SANITY",""
"","16","TESTS1.01","","Fri Nov 08 01:42:12 GMT 2024","failed","Fri Nov 08 01:42:12 GMT 2024","","PREV","PREV",""
"","2","C1-GROUNDED-BASIC.13","","Fri Nov 08 00:34:14 GMT 2024","passed","Fri Nov 08 00:34:14 GMT 2024","","HYPERON-EXPERIMENTAL-SCRIPTS","HYPERON-EXPERIMENTAL-SCRIPTS",""
"","3","IBC-XP.11","","Fri Nov 08 01:20:34 GMT 2024","passed","Fri Nov 08 01:20:34 GMT 2024","","ITERATIVE-CHAINING","ITERATIVE-CHAINING",""
"","2","SPACE-INTERSECTION-TESTS.18","","Fri Nov 08 00:35:50 GMT 2024","passed","Fri Nov 08 00:35:50 GMT 2024","","HYPERON-METTALOG-SANITY","HYPERON-METTALOG-SANITY",""
"","36","OBIF-CLP.03","","Fri Nov 08 01:53:56 GMT 2024","failed","Fri Nov 08 01:53:56 GMT 2024","","MULTIDIRECTIONAL","MULTIDIRECTIONAL",""
"","2","DEFINE-IF-LIKE.02","","Fri Nov 08 01:46:09 GMT 2024","passed","Fri Nov 08 01:46:09 GMT 2024","","DIRECT-COMP","DIRECT-COMP",""
"","2","CHAPTER-1-1.16","","Fri Nov 08 00:53:40 GMT 2024","passed","Fri Nov 08 00:53:40 GMT 2024","","SICP-BOOK","SICP-BOOK",""
"","2","TYPE-PROP.68","","Fri Nov 08 01:10:13 GMT 2024","passed","Fri Nov 08 01:10:13 GMT 2024","","CHECK-TYPES-TEMP","CHECK-TYPES-TEMP",""
"","4000","basic.pathfinding-easy","","Fri Nov 08 00:34:10 GMT 2024","passed","Fri Nov 08 00:34:14 GMT 2024","","WHOLE-TESTS","WHOLE-TESTS",""
"","3","DEBUG-METTALOGTESTCURRIED.10","","Fri Nov 08 01:47:36 GMT 2024","passed","Fri Nov 08 01:47:36 GMT 2024","","WALK-THRU","WALK-THRU",""
"","482","PROB-DEP-TYPES.10","","Fri Nov 08 01:02:17 GMT 2024","failed","Fri Nov 08 01:02:17 GMT 2024","","PROB-DEP-TYPES","PROB-DEP-TYPES",""
"","4000","basic.key-lookups-many","","Fri Nov 08 00:34:10 GMT 2024","passed","Fri Nov 08 00:34:14 GMT 2024","","WHOLE-TESTS","WHOLE-TESTS",""
"","12","00-LANG-CASE.12","","Fri Nov 08 00:35:50 GMT 2024","passed","Fri Nov 08 00:35:50 GMT 2024","","HYPERON-METTALOG-SANITY","HYPERON-METTALOG-SANITY",""
"","3","TESTS0.04","","Fri Nov 08 01:38:18 GMT 2024","passed","Fri Nov 08 01:38:18 GMT 2024","","NEW","NEW",""
"","3","CHAPTER-2-4.15","","Fri Nov 08 00:53:40 GMT 2024","passed","Fri Nov 08 00:53:40 GMT 2024","","SICP-BOOK","SICP-BOOK",""
"","5000","metta-wam-issue-116.test_spo_100","","Fri Nov 08 00:34:10 GMT 2024","passed","Fri Nov 08 00:34:15 GMT 2024","","WHOLE-TESTS","WHOLE-TESTS",""
"","2","TYPE-PROP.04","","Fri Nov 08 01:10:13 GMT 2024","passed","Fri Nov 08 01:10:13 GMT 2024","","CHECK-TYPES-TEMP","CHECK-TYPES-TEMP",""
"","72","TYPE-PROP.60","","Fri Nov 08 01:10:13 GMT 2024","failed","Fri Nov 08 01:10:13 GMT 2024","","CHECK-TYPES-TEMP","CHECK-TYPES-TEMP",""
"","1","D4-TYPE-PROP.13","","Fri Nov 08 00:34:14 GMT 2024","passed","Fri Nov 08 00:34:14 GMT 2024","","HYPERON-EXPERIMENTAL-SCRIPTS","HYPERON-EXPERIMENTAL-SCRIPTS",""
"","4000","hyperon-experimental_scripts.a3_twoside","","Fri Nov 08 00:34:10 GMT 2024","passed","Fri Nov 08 00:34:14 GMT 2024","","WHOLE-TESTS","WHOLE-TESTS",""
"","2","SPACE-SUBTRACTION-TESTS.01","","Fri Nov 08 00:35:50 GMT 2024","passed","Fri Nov 08 00:35:50 GMT 2024","","HYPERON-METTALOG-SANITY","HYPERON-METTALOG-SANITY",""
"","256","SYNTHESIZE-VIA-CASE-TEST.10","","Fri Nov 08 01:25:10 GMT 2024","failed","Fri Nov 08 01:25:10 GMT 2024","","EXPERIMENTS","EXPERIMENTS",""
"","73","00A-LANG-COMPILED-CASE.08","","Fri Nov 08 01:46:09 GMT 2024","passed","Fri Nov 08 01:46:09 GMT 2024","","DIRECT-COMP","DIRECT-COMP",""
"","2","SYNTHESIZE-VIA-SUPERPOSE.04","","Fri Nov 08 01:25:10 GMT 2024","passed","Fri Nov 08 01:25:10 GMT 2024","","EXPERIMENTS","EXPERIMENTS",""
"","2","B1-EQUAL-CHAIN.04","","Fri Nov 08 00:34:14 GMT 2024","passed","Fri Nov 08 00:34:14 GMT 2024","","HYPERON-EXPERIMENTAL-SCRIPTS","HYPERON-EXPERIMENTAL-SCRIPTS",""
"","2","NATSTANDALONETEST.05","","Fri Nov 08 01:17:20 GMT 2024","passed","Fri Nov 08 01:17:20 GMT 2024","","HOL","HOL",""
"","25000","language_models.unweighted_pllm","","Fri Nov 08 00:34:10 GMT 2024","passed","Fri Nov 08 00:34:35 GMT 2024","","WHOLE-TESTS","WHOLE-TESTS",""
"","2","NATSTANDALONETEST.07","","Fri Nov 08 01:17:20 GMT 2024","passed","Fri Nov 08 01:17:20 GMT 2024","","HOL","HOL",""
"","1","D4-TYPE-PROP.14","","Fri Nov 08 00:44:05 GMT 2024","passed","Fri Nov 08 00:44:05 GMT 2024","","QUICK","QUICK",""
"","50","DEFINE-IF-LIKE.01","","Fri Nov 08 01:46:09 GMT 2024","failed","Fri Nov 08 01:46:09 GMT 2024","","DIRECT-COMP","DIRECT-COMP",""
"","2","INTERSECTION-TESTS.03","","Fri Nov 08 00:35:50 GMT 2024","passed","Fri Nov 08 00:35:50 GMT 2024","","HYPERON-METTALOG-SANITY","HYPERON-METTALOG-SANITY",""
"","5","UTILS-TEST.03","","Fri Nov 08 01:14:18 GMT 2024","passed","Fri Nov 08 01:14:18 GMT 2024","","UTILS","UTILS",""
"","3","ADD-REMOVE-MATCH-S-STRINGS.01","","Fri Nov 08 00:51:22 GMT 2024","passed","Fri Nov 08 00:51:22 GMT 2024","","SPACES","SPACES",""
"","5000","spaces.add-remove-match-mix-float-integer","","Fri Nov 08 00:34:10 GMT 2024","passed","Fri Nov 08 00:34:15 GMT 2024","","WHOLE-TESTS","WHOLE-TESTS",""
"","49","IMPLICATIONDIRECTINTRODUCTIONDTLTEST.11","","Fri Nov 08 01:13:15 GMT 2024","failed","Fri Nov 08 01:13:15 GMT 2024","","DEPENDENT-TYPES","DEPENDENT-TYPES",""
"","1","SYNTHESIZE-VIA-SUPERPOSE.02","","Fri Nov 08 01:25:10 GMT 2024","passed","Fri Nov 08 01:25:10 GMT 2024","","EXPERIMENTS","EXPERIMENTS",""
"","3","STDLIB-METTALOG-TEST-PT2.51","","Fri Nov 08 00:53:30 GMT 2024","passed","Fri Nov 08 00:53:30 GMT 2024","","STDLIB-METTALOG","STDLIB-METTALOG",""
"","2","F1-IMPORTS.11","","Fri Nov 08 00:34:05 GMT 2024","passed","Fri Nov 08 00:34:05 GMT 2024","","MODULE-SYSTEM","MODULE-SYSTEM",""
"","2","STDLIB-METTALOG-TEST-PT2.63","","Fri Nov 08 00:53:30 GMT 2024","passed","Fri Nov 08 00:53:30 GMT 2024","","STDLIB-METTALOG","STDLIB-METTALOG",""
"","1","KEY-LOOKUPS-MANY.07","","Fri Nov 08 01:56:15 GMT 2024","passed","Fri Nov 08 01:56:15 GMT 2024","","BASIC","BASIC",""
"","5000","check_types-temp.soring-via-insert","","Fri Nov 08 00:34:10 GMT 2024","passed","Fri Nov 08 00:34:15 GMT 2024","","WHOLE-TESTS","WHOLE-TESTS",""
"","54","B5-TYPES-PRELIM.14","","Fri Nov 08 00:34:14 GMT 2024","failed","Fri Nov 08 00:34:14 GMT 2024","","HYPERON-EXPERIMENTAL-SCRIPTS","HYPERON-EXPERIMENTAL-SCRIPTS",""
"","104","SHOW-TYPE.12","","Fri Nov 08 00:51:07 GMT 2024","failed","Fri Nov 08 00:51:07 GMT 2024","","INTROSPECT","INTROSPECT",""
"","3","NILS-IF-CONTROL-TEST-2.01","","Fri Nov 08 02:02:34 GMT 2024","passed","Fri Nov 08 02:02:34 GMT 2024","","COMPARISONS","COMPARISONS",""
"","2","B5-TYPES-PRELIM.26","","Fri Nov 08 01:10:13 GMT 2024","passed","Fri Nov 08 01:10:13 GMT 2024","","CHECK-TYPES-TEMP","CHECK-TYPES-TEMP",""
"","128","ADD-REMOVE-MATCH-S-SYMBOLS.14","","Fri Nov 08 00:51:22 GMT 2024","passed","Fri Nov 08 00:51:22 GMT 2024","","SPACES","SPACES",""
"","116","CREATION.02","","Fri Nov 08 01:07:29 GMT 2024","failed","Fri Nov 08 01:07:29 GMT 2024","","TRAVERSER","TRAVERSER",""
"","2","ADD-REMOVE-MATCH-INTEGER.19","","Fri Nov 08 00:51:22 GMT 2024","passed","Fri Nov 08 00:51:22 GMT 2024","","SPACES","SPACES",""
"","42","IMPLICATIONDIRECTINTRODUCTIONDTLTEST.01","","Fri Nov 08 01:13:15 GMT 2024","failed","Fri Nov 08 01:13:15 GMT 2024","","DEPENDENT-TYPES","DEPENDENT-TYPES",""
"","4","TESTS0.05","","Fri Nov 08 01:42:12 GMT 2024","passed","Fri Nov 08 01:42:12 GMT 2024","","PREV","PREV",""
"","351","SYNTHESIZE-VIA-CASE-TEST.07","","Fri Nov 08 01:25:10 GMT 2024","failed","Fri Nov 08 01:25:10 GMT 2024","","EXPERIMENTS","EXPERIMENTS",""
"","2","TMPMATCH1.03","","Fri Nov 08 01:47:36 GMT 2024","passed","Fri Nov 08 01:47:36 GMT 2024","","WALK-THRU","WALK-THRU",""
"","2","FORWARD-CHAINER-XP.16","","Fri Nov 08 01:17:07 GMT 2024","passed","Fri Nov 08 01:17:07 GMT 2024","","FORWARD-CHAINER","FORWARD-CHAINER",""
"","2","SUBTRACTION-TEST.07","","Fri Nov 08 00:35:50 GMT 2024","passed","Fri Nov 08 00:35:50 GMT 2024","","HYPERON-METTALOG-SANITY","HYPERON-METTALOG-SANITY",""
"","51","IFC-XP.26","","Fri Nov 08 01:20:34 GMT 2024","passed","Fri Nov 08 01:20:34 GMT 2024","","ITERATIVE-CHAINING","ITERATIVE-CHAINING",""
"","2","HYPERPOSING.07","","Fri Nov 08 01:56:15 GMT 2024","passed","Fri Nov 08 01:56:15 GMT 2024","","BASIC","BASIC",""
"","66","REVERSE-ARITHMETIC.01","","Fri Nov 08 01:50:38 GMT 2024","failed","Fri Nov 08 01:50:38 GMT 2024","","BIDIRECTIONAL-COMPUTATION","BIDIRECTIONAL-COMPUTATION",""
"","2","STDLIB-METTALOG-TEST-PT2.30","","Fri Nov 08 00:53:30 GMT 2024","passed","Fri Nov 08 00:53:30 GMT 2024","","STDLIB-METTALOG","STDLIB-METTALOG",""
"","1","BC-XP.10","","Fri Nov 08 01:14:27 GMT 2024","passed","Fri Nov 08 01:14:27 GMT 2024","","BACKWARD-CHAINING","BACKWARD-CHAINING",""
"","5000","located.located-test","","Fri Nov 08 00:34:10 GMT 2024","passed","Fri Nov 08 00:34:15 GMT 2024","","WHOLE-TESTS","WHOLE-TESTS",""
"","5000","walk_thru.mettalogTestCurried2","","Fri Nov 08 00:34:10 GMT 2024","passed","Fri Nov 08 00:34:15 GMT 2024","","WHOLE-TESTS","WHOLE-TESTS",""
"","274","BASIC.06","","Fri Nov 08 01:07:29 GMT 2024","passed","Fri Nov 08 01:07:29 GMT 2024","","TRAVERSER","TRAVERSER",""
"","3","ORDEREDSETTEST.09","","Fri Nov 08 01:14:36 GMT 2024","passed","Fri Nov 08 01:14:36 GMT 2024","","COMMON","COMMON",""
"","2","ADD-REMOVE-MATCH-SS-SYMBOLS.03","","Fri Nov 08 00:51:22 GMT 2024","passed","Fri Nov 08 00:51:22 GMT 2024","","SPACES","SPACES",""
"","2","IBC-XP.18","","Fri Nov 08 01:20:34 GMT 2024","passed","Fri Nov 08 01:20:34 GMT 2024","","ITERATIVE-CHAINING","ITERATIVE-CHAINING",""
"","1","QUERIES.16","","Fri Nov 08 01:06:48 GMT 2024","passed","Fri Nov 08 01:06:48 GMT 2024","","STRIPS-TO-METTA-IMPROVED","STRIPS-TO-METTA-IMPROVED",""
"","2","TESTS2.08","","Fri Nov 08 00:44:34 GMT 2024","passed","Fri Nov 08 00:44:34 GMT 2024","","MAIN-BRANCH","MAIN-BRANCH",""
"","44","IMPLICATIONDIRECTINTRODUCTIONDTLTEST.15","","Fri Nov 08 01:13:15 GMT 2024","failed","Fri Nov 08 01:13:15 GMT 2024","","DEPENDENT-TYPES","DEPENDENT-TYPES",""
"","3","REWRITES.01","","Fri Nov 08 01:05:59 GMT 2024","passed","Fri Nov 08 01:05:59 GMT 2024","","STACK-BASED","STACK-BASED",""
"","3","SUPERPOSE-NESTED.01","","Fri Nov 08 00:39:48 GMT 2024","passed","Fri Nov 08 00:39:48 GMT 2024","","METTA-MORPH-TESTS","METTA-MORPH-TESTS",""
"","4","TRUTHVALUETEST.02","","Fri Nov 08 01:15:03 GMT 2024","passed","Fri Nov 08 01:15:03 GMT 2024","","TRUTHVALUE","TRUTHVALUE",""
"","3","TYPE-PROP.37","","Fri Nov 08 01:10:13 GMT 2024","passed","Fri Nov 08 01:10:13 GMT 2024","","CHECK-TYPES-TEMP","CHECK-TYPES-TEMP",""
"","98","ADD-REMOVE-MATCH-MIX-FLOAT-INTEGER.27","","Fri Nov 08 00:51:22 GMT 2024","failed","Fri Nov 08 00:51:22 GMT 2024","","SPACES","SPACES",""
"","523","NTE.02","","Fri Nov 08 01:00:19 GMT 2024","passed","Fri Nov 08 01:00:19 GMT 2024","","EDGES-TO-EDGES","EDGES-TO-EDGES",""
"","4000","spaces.add-remove-match-ss-symbols","","Fri Nov 08 00:34:10 GMT 2024","passed","Fri Nov 08 00:34:14 GMT 2024","","WHOLE-TESTS","WHOLE-TESTS",""
"","2","TMPMATCH2.02","","Fri Nov 08 00:41:57 GMT 2024","passed","Fri Nov 08 00:41:57 GMT 2024","","ANTI-REGRESSION","ANTI-REGRESSION",""
"","6","GROUNDED-BASIC.05","","Fri Nov 08 00:52:05 GMT 2024","passed","Fri Nov 08 00:52:05 GMT 2024","","STD","STD",""
"","60","E2-STATES.08","","Fri Nov 08 00:34:14 GMT 2024","failed","Fri Nov 08 00:34:14 GMT 2024","","HYPERON-EXPERIMENTAL-SCRIPTS","HYPERON-EXPERIMENTAL-SCRIPTS",""
"","4000","hyperon-experimental_scripts.e2_states","","Fri Nov 08 00:34:10 GMT 2024","passed","Fri Nov 08 00:34:14 GMT 2024","","WHOLE-TESTS","WHOLE-TESTS",""
"","3","LISTTEST.06","","Fri Nov 08 01:14:36 GMT 2024","passed","Fri Nov 08 01:14:36 GMT 2024","","COMMON","COMMON",""
"","94","SHOW-TYPE.03","","Fri Nov 08 00:51:07 GMT 2024","failed","Fri Nov 08 00:51:07 GMT 2024","","INTROSPECT","INTROSPECT",""
"","3","TREE.01","","Fri Nov 08 00:58:58 GMT 2024","passed","Fri Nov 08 00:58:58 GMT 2024","","COMBINATOR-CALCULI","COMBINATOR-CALCULI",""
"","5000","multidirectional.ioioioi","","Fri Nov 08 00:34:10 GMT 2024","passed","Fri Nov 08 00:34:15 GMT 2024","","WHOLE-TESTS","WHOLE-TESTS",""
"","2","INF-CTL-MONTH-BC-CONT-XP.06","","Fri Nov 08 01:18:32 GMT 2024","passed","Fri Nov 08 01:18:32 GMT 2024","","INFERENCE-CONTROL","INFERENCE-CONTROL",""
"","1","INTERSECTION-TESTS.11","","Fri Nov 08 00:35:50 GMT 2024","passed","Fri Nov 08 00:35:50 GMT 2024","","HYPERON-METTALOG-SANITY","HYPERON-METTALOG-SANITY",""
"","2","IFC-XP.04","","Fri Nov 08 01:20:34 GMT 2024","passed","Fri Nov 08 01:20:34 GMT 2024","","ITERATIVE-CHAINING","ITERATIVE-CHAINING",""
"","2","INF-CTL-MONTH-BC-CONT-XP.16","","Fri Nov 08 01:18:32 GMT 2024","passed","Fri Nov 08 01:18:32 GMT 2024","","INFERENCE-CONTROL","INFERENCE-CONTROL",""
"","4000","basic.pathfinding-easy-f","","Fri Nov 08 00:34:10 GMT 2024","passed","Fri Nov 08 00:34:14 GMT 2024","","WHOLE-TESTS","WHOLE-TESTS",""
"","1","HIGHER-ORDER-FUNCS.11","","Fri Nov 08 00:52:05 GMT 2024","passed","Fri Nov 08 00:52:05 GMT 2024","","STD","STD",""
"","2","00A-LANG-COMPILED-CASE.12","","Fri Nov 08 01:46:09 GMT 2024","passed","Fri Nov 08 01:46:09 GMT 2024","","DIRECT-COMP","DIRECT-COMP",""
"","5000","curried-chaining.curried-chainer","","Fri Nov 08 00:34:10 GMT 2024","passed","Fri Nov 08 00:34:15 GMT 2024","","WHOLE-TESTS","WHOLE-TESTS",""
"","2","ADD-REMOVE-MATCH-MIX-FLOAT-INTEGER.02","","Fri Nov 08 00:51:22 GMT 2024","passed","Fri Nov 08 00:51:22 GMT 2024","","SPACES","SPACES",""
"","2","HYPERPOSE.07","","Fri Nov 08 00:39:48 GMT 2024","passed","Fri Nov 08 00:39:48 GMT 2024","","METTA-MORPH-TESTS","METTA-MORPH-TESTS",""
"","33","NATDTLTEST.04","","Fri Nov 08 01:17:20 GMT 2024","failed","Fri Nov 08 01:17:20 GMT 2024","","HOL","HOL",""
"","3","01-LANG-INC.01","","Fri Nov 08 00:35:50 GMT 2024","passed","Fri Nov 08 00:35:50 GMT 2024","","HYPERON-METTALOG-SANITY","HYPERON-METTALOG-SANITY",""
"","3","LET-SUPERPOSE-IF-CASE.02","","Fri Nov 08 00:39:48 GMT 2024","passed","Fri Nov 08 00:39:48 GMT 2024","","METTA-MORPH-TESTS","METTA-MORPH-TESTS",""
"","2","TYPE-PROP.39","","Fri Nov 08 01:10:13 GMT 2024","passed","Fri Nov 08 01:10:13 GMT 2024","","CHECK-TYPES-TEMP","CHECK-TYPES-TEMP",""
"","2","INTERSECTION-TESTS.20","","Fri Nov 08 00:35:50 GMT 2024","passed","Fri Nov 08 00:35:50 GMT 2024","","HYPERON-METTALOG-SANITY","HYPERON-METTALOG-SANITY",""
"","99","STATE-TYPES.02","","Fri Nov 08 01:56:15 GMT 2024","failed","Fri Nov 08 01:56:15 GMT 2024","","BASIC","BASIC",""
"","1","SPACE-INTERSECTION-TESTS.19","","Fri Nov 08 00:35:50 GMT 2024","passed","Fri Nov 08 00:35:50 GMT 2024","","HYPERON-METTALOG-SANITY","HYPERON-METTALOG-SANITY",""
"","2","TYPE-PROP.42","","Fri Nov 08 01:10:13 GMT 2024","passed","Fri Nov 08 01:10:13 GMT 2024","","CHECK-TYPES-TEMP","CHECK-TYPES-TEMP",""
"","3","QUERIES.13","","Fri Nov 08 01:06:48 GMT 2024","passed","Fri Nov 08 01:06:48 GMT 2024","","STRIPS-TO-METTA-IMPROVED","STRIPS-TO-METTA-IMPROVED",""
"","2","TYPE-PROP.15","","Fri Nov 08 01:10:13 GMT 2024","passed","Fri Nov 08 01:10:13 GMT 2024","","CHECK-TYPES-TEMP","CHECK-TYPES-TEMP",""
"","2","B5-TYPES-PRELIM.23","","Fri Nov 08 00:34:14 GMT 2024","passed","Fri Nov 08 00:34:14 GMT 2024","","HYPERON-EXPERIMENTAL-SCRIPTS","HYPERON-EXPERIMENTAL-SCRIPTS",""
"","3","LET-SUPERPOSE-LIST.02","","Fri Nov 08 01:47:09 GMT 2024","passed","Fri Nov 08 01:47:09 GMT 2024","","TRANSPILER","TRANSPILER",""
"","40","TESTS1-PRE.06","","Fri Nov 08 00:44:34 GMT 2024","failed","Fri Nov 08 00:44:34 GMT 2024","","MAIN-BRANCH","MAIN-BRANCH",""
"","1","NATPARITYTEST.04","","Fri Nov 08 01:17:20 GMT 2024","passed","Fri Nov 08 01:17:20 GMT 2024","","HOL","HOL",""
"","4000","hyperon-mettalog_sanity.03-soring-via-insert","","Fri Nov 08 00:34:10 GMT 2024","passed","Fri Nov 08 00:34:14 GMT 2024","","WHOLE-TESTS","WHOLE-TESTS",""
"","2","ADD-REMOVE-MATCH-INTEGER.36","","Fri Nov 08 00:51:22 GMT 2024","passed","Fri Nov 08 00:51:22 GMT 2024","","SPACES","SPACES",""
"","46","CHAPTER-1-1.21","","Fri Nov 08 00:53:40 GMT 2024","passed","Fri Nov 08 00:53:40 GMT 2024","","SICP-BOOK","SICP-BOOK",""
"","1","TESTS3.03","","Fri Nov 08 00:44:34 GMT 2024","passed","Fri Nov 08 00:44:34 GMT 2024","","MAIN-BRANCH","MAIN-BRANCH",""
"","41","BACKWARD-CHAINER-XP.13","","Fri Nov 08 01:14:22 GMT 2024","failed","Fri Nov 08 01:14:22 GMT 2024","","BACKWARD-CHAINER","BACKWARD-CHAINER",""
"","15","REVERSE-ARITHMETIC.02","","Fri Nov 08 01:50:38 GMT 2024","failed","Fri Nov 08 01:50:38 GMT 2024","","BIDIRECTIONAL-COMPUTATION","BIDIRECTIONAL-COMPUTATION",""
"","2","00-LANG-CASE.05","","Fri Nov 08 00:35:50 GMT 2024","passed","Fri Nov 08 00:35:50 GMT 2024","","HYPERON-METTALOG-SANITY","HYPERON-METTALOG-SANITY",""
"","2","INF-CTL-MONTH-BC-CONT-XP.13","","Fri Nov 08 01:18:32 GMT 2024","passed","Fri Nov 08 01:18:32 GMT 2024","","INFERENCE-CONTROL","INFERENCE-CONTROL",""
"","4","FORWARD-CHAINER-TEST.16","","Fri Nov 08 01:17:07 GMT 2024","passed","Fri Nov 08 01:17:07 GMT 2024","","FORWARD-CHAINER","FORWARD-CHAINER",""
"","203","INF-CTL-MONTH-XP.13","","Fri Nov 08 01:18:32 GMT 2024","failed","Fri Nov 08 01:18:32 GMT 2024","","INFERENCE-CONTROL","INFERENCE-CONTROL",""
"","1","BACKWARD-CHAINER-XP.20","","Fri Nov 08 01:14:22 GMT 2024","passed","Fri Nov 08 01:14:22 GMT 2024","","BACKWARD-CHAINER","BACKWARD-CHAINER",""
"","132","TESTS0.01","","Fri Nov 08 01:42:12 GMT 2024","passed","Fri Nov 08 01:42:12 GMT 2024","","PREV","PREV",""
"","2","TEST-IF-CLOSED.11","","Fri Nov 08 00:41:57 GMT 2024","passed","Fri Nov 08 00:41:57 GMT 2024","","ANTI-REGRESSION","ANTI-REGRESSION",""
"","2","UNIFY-VIA-LET.04","","Fri Nov 08 01:25:10 GMT 2024","passed","Fri Nov 08 01:25:10 GMT 2024","","EXPERIMENTS","EXPERIMENTS",""
"","243","TIME-SYNTHESIZE-SHORT.01","","Fri Nov 08 00:37:39 GMT 2024","passed","Fri Nov 08 00:37:39 GMT 2024","","SYNTH-BUFFER","SYNTH-BUFFER",""
"","3","HIGHER-ORDER-FUNCS.10","","Fri Nov 08 00:52:05 GMT 2024","passed","Fri Nov 08 00:52:05 GMT 2024","","STD","STD",""
"","2","E2-STATES.10","","Fri Nov 08 01:10:34 GMT 2024","passed","Fri Nov 08 01:10:34 GMT 2024","","CHECK-TYPES","CHECK-TYPES",""
"","26","DEDUCTIONIMPLICATIONDIRECTINTRODUCTIONMATCHTEST.01","","Fri Nov 08 01:20:52 GMT 2024","passed","Fri Nov 08 01:20:52 GMT 2024","","MATCH","MATCH",""
"","1190","RED-BLACK.01","","Fri Nov 08 01:05:53 GMT 2024","passed","Fri Nov 08 01:05:54 GMT 2024","","RED-BLACK-LAMBDA","RED-BLACK-LAMBDA",""
"","83","ADD-REMOVE-MATCH-STRINGS.14","","Fri Nov 08 00:51:22 GMT 2024","failed","Fri Nov 08 00:51:22 GMT 2024","","SPACES","SPACES",""
"","189","SYNTHESIZE-VIA-UNIFY-TEST.06","","Fri Nov 08 01:25:10 GMT 2024","failed","Fri Nov 08 01:25:10 GMT 2024","","EXPERIMENTS","EXPERIMENTS",""
"","2","D2-HIGHERFUNC.23","","Fri Nov 08 01:10:34 GMT 2024","passed","Fri Nov 08 01:10:34 GMT 2024","","CHECK-TYPES","CHECK-TYPES",""
"","3","IMPLICATIONDIRECTINTRODUCTIONENTAILTEST.01","","Fri Nov 08 01:16:46 GMT 2024","passed","Fri Nov 08 01:16:46 GMT 2024","","ENTAIL","ENTAIL",""
"","105","SPACE-INTERSECTION-TESTS.17","","Fri Nov 08 00:35:50 GMT 2024","failed","Fri Nov 08 00:35:50 GMT 2024","","HYPERON-METTALOG-SANITY","HYPERON-METTALOG-SANITY",""
"","4000","basic.cml-unshared","","Fri Nov 08 00:34:10 GMT 2024","passed","Fri Nov 08 00:34:14 GMT 2024","","WHOLE-TESTS","WHOLE-TESTS",""
"","2","CHAPTER-1-1.06","","Fri Nov 08 00:53:40 GMT 2024","passed","Fri Nov 08 00:53:40 GMT 2024","","SICP-BOOK","SICP-BOOK",""
"","2","STDLIB-METTALOG-TEST-PT2.50","","Fri Nov 08 00:53:30 GMT 2024","passed","Fri Nov 08 00:53:30 GMT 2024","","STDLIB-METTALOG","STDLIB-METTALOG",""
"","3","BCHAIN.01","","Fri Nov 08 01:47:36 GMT 2024","passed","Fri Nov 08 01:47:36 GMT 2024","","WALK-THRU","WALK-THRU",""
"","3","MINNARS.01","","Fri Nov 08 00:39:48 GMT 2024","passed","Fri Nov 08 00:39:48 GMT 2024","","METTA-MORPH-TESTS","METTA-MORPH-TESTS",""
"","1","D2-HIGHERFUNC.03","","Fri Nov 08 00:44:05 GMT 2024","passed","Fri Nov 08 00:44:05 GMT 2024","","QUICK","QUICK",""
"","1663","PLLM-PENNTREE.03","","Fri Nov 08 02:08:49 GMT 2024","passed","Fri Nov 08 02:08:50 GMT 2024","","LANGUAGE-MODELS","LANGUAGE-MODELS",""
"","2","DEDUCTIONFORMULATEST.01","","Fri Nov 08 01:14:59 GMT 2024","passed","Fri Nov 08 01:14:59 GMT 2024","","FORMULA","FORMULA",""
"","143","NATTEST.01","","Fri Nov 08 01:17:20 GMT 2024","failed","Fri Nov 08 01:17:20 GMT 2024","","HOL","HOL",""
"","150","INF-ORDER-PROBS.01","","Fri Nov 08 01:02:17 GMT 2024","passed","Fri Nov 08 01:02:17 GMT 2024","","PROB-DEP-TYPES","PROB-DEP-TYPES",""
"","5000","hyperon-experimental_scripts.f1_imports","","Fri Nov 08 00:34:10 GMT 2024","passed","Fri Nov 08 00:34:15 GMT 2024","","WHOLE-TESTS","WHOLE-TESTS",""
"","4","FC-XP.30","","Fri Nov 08 01:17:16 GMT 2024","passed","Fri Nov 08 01:17:16 GMT 2024","","FORWARD-CHAINING","FORWARD-CHAINING",""
"","4","CHAPTER-2-2.01","","Fri Nov 08 00:53:40 GMT 2024","passed","Fri Nov 08 00:53:40 GMT 2024","","SICP-BOOK","SICP-BOOK",""
"","1","IFC-XP.10","","Fri Nov 08 01:20:34 GMT 2024","passed","Fri Nov 08 01:20:34 GMT 2024","","ITERATIVE-CHAINING","ITERATIVE-CHAINING",""
"","1","XOR-TEST.09","","Fri Nov 08 00:35:50 GMT 2024","passed","Fri Nov 08 00:35:50 GMT 2024","","HYPERON-METTALOG-SANITY","HYPERON-METTALOG-SANITY",""
"","2","LISTTEST.14","","Fri Nov 08 01:14:36 GMT 2024","passed","Fri Nov 08 01:14:36 GMT 2024","","COMMON","COMMON",""
"","2","METTALOGTESTCURRIED2.01","","Fri Nov 08 00:41:57 GMT 2024","passed","Fri Nov 08 00:41:57 GMT 2024","","ANTI-REGRESSION","ANTI-REGRESSION",""
"","2","TYPE-PROP.36","","Fri Nov 08 01:10:13 GMT 2024","passed","Fri Nov 08 01:10:13 GMT 2024","","CHECK-TYPES-TEMP","CHECK-TYPES-TEMP",""
"","46000","walk_thru.bc_comp","","Fri Nov 08 00:34:10 GMT 2024","failed","Fri Nov 08 00:34:56 GMT 2024","","WHOLE-TESTS","WHOLE-TESTS",""
"","44","TYPES-PRELIM.12","","Fri Nov 08 00:49:03 GMT 2024","failed","Fri Nov 08 00:49:03 GMT 2024","","CHAINING","CHAINING",""
"","3","FC-XP.27","","Fri Nov 08 01:17:16 GMT 2024","passed","Fri Nov 08 01:17:16 GMT 2024","","FORWARD-CHAINING","FORWARD-CHAINING",""
"","2","D4-TYPE-PROP.08","","Fri Nov 08 00:44:05 GMT 2024","passed","Fri Nov 08 00:44:05 GMT 2024","","QUICK","QUICK",""
"","2","AI-SERVICE-COMPOSITION-SANITY.07","","Fri Nov 08 01:07:41 GMT 2024","passed","Fri Nov 08 01:07:41 GMT 2024","","AI-SERVICE","AI-SERVICE",""
"","3","TEST-SPO-100.01","","Fri Nov 08 00:42:31 GMT 2024","passed","Fri Nov 08 00:42:31 GMT 2024","","METTA-WAM-ISSUE-116","METTA-WAM-ISSUE-116",""
"","5000","hyperon-experimental_scripts.b5_types_prelim","","Fri Nov 08 00:34:10 GMT 2024","passed","Fri Nov 08 00:34:15 GMT 2024","","WHOLE-TESTS","WHOLE-TESTS",""
"","2","INF-CTL-MONTH-BC-CONT-XP.12","","Fri Nov 08 01:18:32 GMT 2024","passed","Fri Nov 08 01:18:32 GMT 2024","","INFERENCE-CONTROL","INFERENCE-CONTROL",""
"","40000","SICP_book.chapter_1_3","","Fri Nov 08 00:34:10 GMT 2024","failed","Fri Nov 08 00:34:50 GMT 2024","","WHOLE-TESTS","WHOLE-TESTS",""
"","64","INF-CTL-MONTH-XP-SHORT-3.15","","Fri Nov 08 02:02:34 GMT 2024","failed","Fri Nov 08 02:02:34 GMT 2024","","COMPARISONS","COMPARISONS",""
"","219","NATTEST.06","","Fri Nov 08 01:17:20 GMT 2024","failed","Fri Nov 08 01:17:20 GMT 2024","","HOL","HOL",""
"","64","D5-AUTO-TYPES.01","","Fri Nov 08 01:10:34 GMT 2024","failed","Fri Nov 08 01:10:34 GMT 2024","","CHECK-TYPES","CHECK-TYPES",""
"","2","C1-GROUNDED-BASIC.20","","Fri Nov 08 00:44:05 GMT 2024","passed","Fri Nov 08 00:44:05 GMT 2024","","QUICK","QUICK",""
"","2","ADD-REMOVE-MATCH-SYMBOLS.15","","Fri Nov 08 00:51:22 GMT 2024","passed","Fri Nov 08 00:51:22 GMT 2024","","SPACES","SPACES",""
"","2","B5-TYPES-PRELIM.17","","Fri Nov 08 01:10:13 GMT 2024","passed","Fri Nov 08 01:10:13 GMT 2024","","CHECK-TYPES-TEMP","CHECK-TYPES-TEMP",""
"","2","DEDUCTIONFORMULATEST.02","","Fri Nov 08 01:14:59 GMT 2024","passed","Fri Nov 08 01:14:59 GMT 2024","","FORMULA","FORMULA",""
"","2","TYPE-PROP.24","","Fri Nov 08 01:10:13 GMT 2024","passed","Fri Nov 08 01:10:13 GMT 2024","","CHECK-TYPES-TEMP","CHECK-TYPES-TEMP",""
"","4","HYPERON-EXPERIMENTAL-ISSUE-530.01","","Fri Nov 08 01:50:55 GMT 2024","passed","Fri Nov 08 01:50:55 GMT 2024","","DEBUGGING","DEBUGGING",""
"","1","HYPERPOSE.08","","Fri Nov 08 00:39:48 GMT 2024","passed","Fri Nov 08 00:39:48 GMT 2024","","METTA-MORPH-TESTS","METTA-MORPH-TESTS",""
"","2","TEST-IF-CLOSED.04","","Fri Nov 08 01:47:36 GMT 2024","passed","Fri Nov 08 01:47:36 GMT 2024","","WALK-THRU","WALK-THRU",""
"","4000","comparisons.inf-ctl-month-xp-long","","Fri Nov 08 00:34:10 GMT 2024","passed","Fri Nov 08 00:34:14 GMT 2024","","WHOLE-TESTS","WHOLE-TESTS",""
"","40000","combinator-calculi.y_comb_examples","","Fri Nov 08 00:34:10 GMT 2024","failed","Fri Nov 08 00:34:50 GMT 2024","","WHOLE-TESTS","WHOLE-TESTS",""
"","3","NON-DETERMINISM.01","","Fri Nov 08 01:25:10 GMT 2024","passed","Fri Nov 08 01:25:10 GMT 2024","","EXPERIMENTS","EXPERIMENTS",""
"","2","SUBTRACTION-TEST.03","","Fri Nov 08 00:35:50 GMT 2024","passed","Fri Nov 08 00:35:50 GMT 2024","","HYPERON-METTALOG-SANITY","HYPERON-METTALOG-SANITY",""
"","3","C3-PLN-STV.01","","Fri Nov 08 00:34:14 GMT 2024","passed","Fri Nov 08 00:34:14 GMT 2024","","HYPERON-EXPERIMENTAL-SCRIPTS","HYPERON-EXPERIMENTAL-SCRIPTS",""
"","1","KEY-LOOKUPS-MANY.02","","Fri Nov 08 01:56:15 GMT 2024","passed","Fri Nov 08 01:56:15 GMT 2024","","BASIC","BASIC",""
"","1","DEBUG-METTALOGTESTCURRIED.02","","Fri Nov 08 01:47:36 GMT 2024","passed","Fri Nov 08 01:47:36 GMT 2024","","WALK-THRU","WALK-THRU",""
"","5","UNIQUE-TEST.11","","Fri Nov 08 00:35:50 GMT 2024","passed","Fri Nov 08 00:35:50 GMT 2024","","HYPERON-METTALOG-SANITY","HYPERON-METTALOG-SANITY",""
"","5000","common.EqualityTypeTest","","Fri Nov 08 00:34:10 GMT 2024","passed","Fri Nov 08 00:34:15 GMT 2024","","WHOLE-TESTS","WHOLE-TESTS",""
"","24113","SYNTHESIZE.01","","Fri Nov 08 00:37:39 GMT 2024","passed","Fri Nov 08 00:38:03 GMT 2024","","SYNTH-BUFFER","SYNTH-BUFFER",""
"","52","F1-IMPORTS.21","","Fri Nov 08 00:34:14 GMT 2024","passed","Fri Nov 08 00:34:14 GMT 2024","","HYPERON-EXPERIMENTAL-SCRIPTS","HYPERON-EXPERIMENTAL-SCRIPTS",""
"","15","SPACE-INTERSECTION-TESTS.16","","Fri Nov 08 00:35:50 GMT 2024","failed","Fri Nov 08 00:35:50 GMT 2024","","HYPERON-METTALOG-SANITY","HYPERON-METTALOG-SANITY",""
"","45000","typed-variables.even-number","","Fri Nov 08 00:34:10 GMT 2024","failed","Fri Nov 08 00:34:55 GMT 2024","","WHOLE-TESTS","WHOLE-TESTS",""
"","46","D5-AUTO-TYPES.05","","Fri Nov 08 00:34:14 GMT 2024","failed","Fri Nov 08 00:34:14 GMT 2024","","HYPERON-EXPERIMENTAL-SCRIPTS","HYPERON-EXPERIMENTAL-SCRIPTS",""
"","2","F1-IMPORTS.03","","Fri Nov 08 00:44:05 GMT 2024","passed","Fri Nov 08 00:44:05 GMT 2024","","QUICK","QUICK",""
"","5000","synth_buffer.time_synthesize_short","","Fri Nov 08 00:34:10 GMT 2024","passed","Fri Nov 08 00:34:15 GMT 2024","","WHOLE-TESTS","WHOLE-TESTS",""
"","2","ADD-REMOVE-MATCH-MIX-FLOAT-INTEGER.24","","Fri Nov 08 00:51:22 GMT 2024","passed","Fri Nov 08 00:51:22 GMT 2024","","SPACES","SPACES",""
"","144","JOHN-CARRY-FLOWER-TEST.03","","Fri Nov 08 01:24:02 GMT 2024","passed","Fri Nov 08 01:24:02 GMT 2024","","JOHN-CARRY-FLOWER","JOHN-CARRY-FLOWER",""
"","3","03-SORING-VIA-INSERT.03","","Fri Nov 08 00:35:50 GMT 2024","passed","Fri Nov 08 00:35:50 GMT 2024","","HYPERON-METTALOG-SANITY","HYPERON-METTALOG-SANITY",""
"","2","D2-HIGHERFUNC.15","","Fri Nov 08 00:44:05 GMT 2024","passed","Fri Nov 08 00:44:05 GMT 2024","","QUICK","QUICK",""
"","2","ADD-REMOVE-MATCH-SYMBOLS.05","","Fri Nov 08 00:51:22 GMT 2024","passed","Fri Nov 08 00:51:22 GMT 2024","","SPACES","SPACES",""
"","6","SEALED-TEST.10","","Fri Nov 08 00:35:50 GMT 2024","passed","Fri Nov 08 00:35:50 GMT 2024","","HYPERON-METTALOG-SANITY","HYPERON-METTALOG-SANITY",""
"","2","BACKWARD-CHAINER-XP.02","","Fri Nov 08 01:14:22 GMT 2024","passed","Fri Nov 08 01:14:22 GMT 2024","","BACKWARD-CHAINER","BACKWARD-CHAINER",""
"","2","IFC-XP.03","","Fri Nov 08 01:20:34 GMT 2024","passed","Fri Nov 08 01:20:34 GMT 2024","","ITERATIVE-CHAINING","ITERATIVE-CHAINING",""
"","2","F1-MODULEA.09","","Fri Nov 08 00:44:05 GMT 2024","passed","Fri Nov 08 00:44:05 GMT 2024","","QUICK","QUICK",""
"","2","TEST-IF-CLOSED.09","","Fri Nov 08 01:47:36 GMT 2024","passed","Fri Nov 08 01:47:36 GMT 2024","","WALK-THRU","WALK-THRU",""
"","1","AI-SERVICE-COMPOSITION-SANITY.03","","Fri Nov 08 01:07:41 GMT 2024","passed","Fri Nov 08 01:07:41 GMT 2024","","AI-SERVICE","AI-SERVICE",""
"","2","NATPARITYTEST.03","","Fri Nov 08 01:17:20 GMT 2024","passed","Fri Nov 08 01:17:20 GMT 2024","","HOL","HOL",""
"","2","QUERIES.08","","Fri Nov 08 01:06:48 GMT 2024","passed","Fri Nov 08 01:06:48 GMT 2024","","STRIPS-TO-METTA-IMPROVED","STRIPS-TO-METTA-IMPROVED",""
"","1","TRUTHVALUETEST.04","","Fri Nov 08 01:15:03 GMT 2024","passed","Fri Nov 08 01:15:03 GMT 2024","","TRUTHVALUE","TRUTHVALUE",""
"","2","FORWARD-CHAINER-XP.24","","Fri Nov 08 01:17:07 GMT 2024","passed","Fri Nov 08 01:17:07 GMT 2024","","FORWARD-CHAINER","FORWARD-CHAINER",""
"","227","INF-CTL-MONTH-XP-LONG.01","","Fri Nov 08 02:02:34 GMT 2024","failed","Fri Nov 08 02:02:34 GMT 2024","","COMPARISONS","COMPARISONS",""
"","2","ADD-REMOVE-MATCH-MIX-FLOAT-INTEGER.18","","Fri Nov 08 00:51:22 GMT 2024","passed","Fri Nov 08 00:51:22 GMT 2024","","SPACES","SPACES",""
"","477","TESTS0.07","","Fri Nov 08 01:38:18 GMT 2024","failed","Fri Nov 08 01:38:18 GMT 2024","","NEW","NEW",""
"","2","INTERSECTION-TESTS.19","","Fri Nov 08 00:35:50 GMT 2024","passed","Fri Nov 08 00:35:50 GMT 2024","","HYPERON-METTALOG-SANITY","HYPERON-METTALOG-SANITY",""
"","137","USE-TWO-SERVERS.02","","Fri Nov 08 01:52:02 GMT 2024","failed","Fri Nov 08 01:52:02 GMT 2024","","DISTRIBUTED-PROCESSING","DISTRIBUTED-PROCESSING",""
"","2","CML-UNSHARED.10","","Fri Nov 08 01:56:15 GMT 2024","passed","Fri Nov 08 01:56:15 GMT 2024","","BASIC","BASIC",""
"","14","D4-TYPE-PROP.03","","Fri Nov 08 00:44:05 GMT 2024","passed","Fri Nov 08 00:44:05 GMT 2024","","QUICK","QUICK",""
"","2","FORWARD-CHAINER-XP.25","","Fri Nov 08 01:17:07 GMT 2024","passed","Fri Nov 08 01:17:07 GMT 2024","","FORWARD-CHAINER","FORWARD-CHAINER",""
"","2","F1-IMPORTS.14","","Fri Nov 08 00:34:14 GMT 2024","passed","Fri Nov 08 00:34:14 GMT 2024","","HYPERON-EXPERIMENTAL-SCRIPTS","HYPERON-EXPERIMENTAL-SCRIPTS",""
"","2","IMPL-METTALOGTESTCURRIED.02","","Fri Nov 08 01:47:36 GMT 2024","passed","Fri Nov 08 01:47:36 GMT 2024","","WALK-THRU","WALK-THRU",""
"","42","TYPE-PROP.58","","Fri Nov 08 01:10:13 GMT 2024","failed","Fri Nov 08 01:10:13 GMT 2024","","CHECK-TYPES-TEMP","CHECK-TYPES-TEMP",""
"","2","NATPARITYTEST.10","","Fri Nov 08 01:17:20 GMT 2024","passed","Fri Nov 08 01:17:20 GMT 2024","","HOL","HOL",""
"","22","INF-CTL-MONTH-XP.06","","Fri Nov 08 01:18:32 GMT 2024","failed","Fri Nov 08 01:18:32 GMT 2024","","INFERENCE-CONTROL","INFERENCE-CONTROL",""
"","5000","hyperon-mettalog_sanity.flip_test","","Fri Nov 08 00:34:10 GMT 2024","passed","Fri Nov 08 00:34:15 GMT 2024","","WHOLE-TESTS","WHOLE-TESTS",""
"","1","BC-XP.17","","Fri Nov 08 01:14:27 GMT 2024","passed","Fri Nov 08 01:14:27 GMT 2024","","BACKWARD-CHAINING","BACKWARD-CHAINING",""
"","1","TYPE-PROP.06","","Fri Nov 08 00:49:03 GMT 2024","passed","Fri Nov 08 00:49:03 GMT 2024","","CHAINING","CHAINING",""
"","665","TESTS0.07","","Fri Nov 08 00:39:48 GMT 2024","passed","Fri Nov 08 00:39:48 GMT 2024","","METTA-MORPH-TESTS","METTA-MORPH-TESTS",""
"","119","TYPE-PROP.54","","Fri Nov 08 01:10:13 GMT 2024","failed","Fri Nov 08 01:10:13 GMT 2024","","CHECK-TYPES-TEMP","CHECK-TYPES-TEMP",""
"","1","D2-HIGHERFUNC.08","","Fri Nov 08 00:34:14 GMT 2024","passed","Fri Nov 08 00:34:14 GMT 2024","","HYPERON-EXPERIMENTAL-SCRIPTS","HYPERON-EXPERIMENTAL-SCRIPTS",""
"","10","STDLIB-METTALOG-TEST-PT2.05","","Fri Nov 08 00:53:30 GMT 2024","failed","Fri Nov 08 00:53:30 GMT 2024","","STDLIB-METTALOG","STDLIB-METTALOG",""
"","2","BC-XP.16","","Fri Nov 08 01:14:27 GMT 2024","passed","Fri Nov 08 01:14:27 GMT 2024","","BACKWARD-CHAINING","BACKWARD-CHAINING",""
"","2","D2-HIGHERFUNC.12","","Fri Nov 08 01:10:34 GMT 2024","passed","Fri Nov 08 01:10:34 GMT 2024","","CHECK-TYPES","CHECK-TYPES",""
"","3","SYNTHESIZE-VIA-TYPE-CHECKING.13","","Fri Nov 08 01:25:10 GMT 2024","passed","Fri Nov 08 01:25:10 GMT 2024","","EXPERIMENTS","EXPERIMENTS",""
"","40","FORWARD-CHAINER-XP.21","","Fri Nov 08 01:17:07 GMT 2024","failed","Fri Nov 08 01:17:07 GMT 2024","","FORWARD-CHAINER","FORWARD-CHAINER",""
"","94","TYPE-PROP.52","","Fri Nov 08 01:10:13 GMT 2024","failed","Fri Nov 08 01:10:13 GMT 2024","","CHECK-TYPES-TEMP","CHECK-TYPES-TEMP",""
"","2","CHAPTER-2-2.03","","Fri Nov 08 00:53:40 GMT 2024","passed","Fri Nov 08 00:53:40 GMT 2024","","SICP-BOOK","SICP-BOOK",""
"","1","D2-HIGHERFUNC.04","","Fri Nov 08 00:34:14 GMT 2024","passed","Fri Nov 08 00:34:14 GMT 2024","","HYPERON-EXPERIMENTAL-SCRIPTS","HYPERON-EXPERIMENTAL-SCRIPTS",""
"","3","STDLIB-METTALOG-TEST-PT2.55","","Fri Nov 08 00:53:30 GMT 2024","passed","Fri Nov 08 00:53:30 GMT 2024","","STDLIB-METTALOG","STDLIB-METTALOG",""
"","3","UNIFY-VIA-LET.03","","Fri Nov 08 01:25:10 GMT 2024","passed","Fri Nov 08 01:25:10 GMT 2024","","EXPERIMENTS","EXPERIMENTS",""
"","2","FORWARD-CHAINER-TEST.12","","Fri Nov 08 01:17:07 GMT 2024","passed","Fri Nov 08 01:17:07 GMT 2024","","FORWARD-CHAINER","FORWARD-CHAINER",""
"","2","PREREQS.05","","Fri Nov 08 00:44:34 GMT 2024","passed","Fri Nov 08 00:44:34 GMT 2024","","MAIN-BRANCH","MAIN-BRANCH",""
"","2","INF-CTL-MONTH-XP-SHORT-3.06","","Fri Nov 08 02:02:34 GMT 2024","passed","Fri Nov 08 02:02:34 GMT 2024","","COMPARISONS","COMPARISONS",""
"","3","B4-NONDETERM.09","","Fri Nov 08 00:34:14 GMT 2024","passed","Fri Nov 08 00:34:14 GMT 2024","","HYPERON-EXPERIMENTAL-SCRIPTS","HYPERON-EXPERIMENTAL-SCRIPTS",""
"","1","STATES-SPACES.06","","Fri Nov 08 00:39:48 GMT 2024","passed","Fri Nov 08 00:39:48 GMT 2024","","METTA-MORPH-TESTS","METTA-MORPH-TESTS",""
"","3","UNIQUE-TEST.09","","Fri Nov 08 00:35:50 GMT 2024","passed","Fri Nov 08 00:35:50 GMT 2024","","HYPERON-METTALOG-SANITY","HYPERON-METTALOG-SANITY",""
"","2","BC-XP.25","","Fri Nov 08 01:14:27 GMT 2024","passed","Fri Nov 08 01:14:27 GMT 2024","","BACKWARD-CHAINING","BACKWARD-CHAINING",""
"","2","ADD-REMOVE-MATCH-MIX-FLOAT-INTEGER.04","","Fri Nov 08 00:51:22 GMT 2024","passed","Fri Nov 08 00:51:22 GMT 2024","","SPACES","SPACES",""
"","3","TESTS1-PRE.03","","Fri Nov 08 00:44:34 GMT 2024","passed","Fri Nov 08 00:44:34 GMT 2024","","MAIN-BRANCH","MAIN-BRANCH",""
"","78","INTERSECTION-TESTS.31","","Fri Nov 08 00:35:50 GMT 2024","failed","Fri Nov 08 00:35:50 GMT 2024","","HYPERON-METTALOG-SANITY","HYPERON-METTALOG-SANITY",""
"","1053","TRAINING-BI.01","","Fri Nov 08 02:08:49 GMT 2024","passed","Fri Nov 08 02:08:50 GMT 2024","","LANGUAGE-MODELS","LANGUAGE-MODELS",""
"","4000","metta-morph_tests.sequential_nested","","Fri Nov 08 00:34:10 GMT 2024","passed","Fri Nov 08 00:34:14 GMT 2024","","WHOLE-TESTS","WHOLE-TESTS",""
"","65","D5-AUTO-TYPES.01","","Fri Nov 08 00:34:14 GMT 2024","failed","Fri Nov 08 00:34:14 GMT 2024","","HYPERON-EXPERIMENTAL-SCRIPTS","HYPERON-EXPERIMENTAL-SCRIPTS",""
"","2","HYPERPOSING.09","","Fri Nov 08 01:56:15 GMT 2024","passed","Fri Nov 08 01:56:15 GMT 2024","","BASIC","BASIC",""
"","2","D4-TYPE-PROP.19","","Fri Nov 08 00:34:14 GMT 2024","passed","Fri Nov 08 00:34:14 GMT 2024","","HYPERON-EXPERIMENTAL-SCRIPTS","HYPERON-EXPERIMENTAL-SCRIPTS",""
"","5000","hyperon-mettalog_sanity.space_intersection_tests","","Fri Nov 08 00:34:10 GMT 2024","passed","Fri Nov 08 00:34:15 GMT 2024","","WHOLE-TESTS","WHOLE-TESTS",""
"","1","NATDTLTEST.03","","Fri Nov 08 01:17:20 GMT 2024","passed","Fri Nov 08 01:17:20 GMT 2024","","HOL","HOL",""
"","2","INTERSECTION-TESTS.25","","Fri Nov 08 00:35:50 GMT 2024","passed","Fri Nov 08 00:35:50 GMT 2024","","HYPERON-METTALOG-SANITY","HYPERON-METTALOG-SANITY",""
"","3","V2-PLN-XP.04","","Fri Nov 08 00:49:03 GMT 2024","passed","Fri Nov 08 00:49:03 GMT 2024","","CHAINING","CHAINING",""
"","3","NUMTEST.03","","Fri Nov 08 01:14:36 GMT 2024","passed","Fri Nov 08 01:14:36 GMT 2024","","COMMON","COMMON",""
"","3","TIME-SYNTHESIZE-SHORT.03","","Fri Nov 08 00:37:39 GMT 2024","passed","Fri Nov 08 00:37:39 GMT 2024","","SYNTH-BUFFER","SYNTH-BUFFER",""
"","5000","metta-morph_tests.collapse","","Fri Nov 08 00:34:10 GMT 2024","passed","Fri Nov 08 00:34:15 GMT 2024","","WHOLE-TESTS","WHOLE-TESTS",""
"","42","IMPLICATIONDIRECTINTRODUCTIONDTLTEST.13","","Fri Nov 08 01:13:15 GMT 2024","failed","Fri Nov 08 01:13:15 GMT 2024","","DEPENDENT-TYPES","DEPENDENT-TYPES",""
"","2","ADD-REMOVE-MATCH-STRINGS.05","","Fri Nov 08 00:51:22 GMT 2024","passed","Fri Nov 08 00:51:22 GMT 2024","","SPACES","SPACES",""
"","72","F1-IMPORTS.18","","Fri Nov 08 00:44:05 GMT 2024","passed","Fri Nov 08 00:44:05 GMT 2024","","QUICK","QUICK",""
"","13","D1-GADT.09","","Fri Nov 08 00:34:14 GMT 2024","passed","Fri Nov 08 00:34:14 GMT 2024","","HYPERON-EXPERIMENTAL-SCRIPTS","HYPERON-EXPERIMENTAL-SCRIPTS",""
"","16","HYPERON-EXPERIMENTAL-ISSUE-481.02","","Fri Nov 08 01:50:55 GMT 2024","passed","Fri Nov 08 01:50:55 GMT 2024","","DEBUGGING","DEBUGGING",""
"","46000","stdlib-mettalog.stdlib_mettalog_test","","Fri Nov 08 00:34:10 GMT 2024","failed","Fri Nov 08 00:34:56 GMT 2024","","WHOLE-TESTS","WHOLE-TESTS",""
"","3","STATE-TYPES.01","","Fri Nov 08 01:56:15 GMT 2024","passed","Fri Nov 08 01:56:15 GMT 2024","","BASIC","BASIC",""
"","5000","new.tests0","","Fri Nov 08 00:34:10 GMT 2024","passed","Fri Nov 08 00:34:15 GMT 2024","","WHOLE-TESTS","WHOLE-TESTS",""
"","5000","chaining.parent_go_1_comp","","Fri Nov 08 00:34:10 GMT 2024","passed","Fri Nov 08 00:34:15 GMT 2024","","WHOLE-TESTS","WHOLE-TESTS",""
"","479","PARENT-GO-COMP.01","","Fri Nov 08 00:49:03 GMT 2024","passed","Fri Nov 08 00:49:03 GMT 2024","","CHAINING","CHAINING",""
"","1239","PLLM-PENNTREE.05","","Fri Nov 08 02:08:49 GMT 2024","passed","Fri Nov 08 02:08:50 GMT 2024","","LANGUAGE-MODELS","LANGUAGE-MODELS",""
"","2","ADD-REMOVE-MATCH-STRINGS.15","","Fri Nov 08 00:51:22 GMT 2024","passed","Fri Nov 08 00:51:22 GMT 2024","","SPACES","SPACES",""
"","4","MATCH-FEVAL.01","","Fri Nov 08 00:39:48 GMT 2024","passed","Fri Nov 08 00:39:48 GMT 2024","","METTA-MORPH-TESTS","METTA-MORPH-TESTS",""
"","2","BC-XP.02","","Fri Nov 08 01:14:27 GMT 2024","passed","Fri Nov 08 01:14:27 GMT 2024","","BACKWARD-CHAINING","BACKWARD-CHAINING",""
"","3","B0-CHAINING-PRELIM.01","","Fri Nov 08 00:34:14 GMT 2024","passed","Fri Nov 08 00:34:14 GMT 2024","","HYPERON-EXPERIMENTAL-SCRIPTS","HYPERON-EXPERIMENTAL-SCRIPTS",""
"","3","CURRIED-CHAINER.07","","Fri Nov 08 01:15:13 GMT 2024","passed","Fri Nov 08 01:15:13 GMT 2024","","CURRIED-CHAINING","CURRIED-CHAINING",""
"","5000","dependent-types.SupportRuleExp","","Fri Nov 08 00:34:10 GMT 2024","passed","Fri Nov 08 00:34:15 GMT 2024","","WHOLE-TESTS","WHOLE-TESTS",""
"","4000","std.get-atoms-test","","Fri Nov 08 00:34:10 GMT 2024","passed","Fri Nov 08 00:34:14 GMT 2024","","WHOLE-TESTS","WHOLE-TESTS",""
"","42000","aunt-kg.sergey_rodionov_formulation","","Fri Nov 08 00:34:10 GMT 2024","failed","Fri Nov 08 00:34:52 GMT 2024","","WHOLE-TESTS","WHOLE-TESTS",""
"","2","HYPERPOSING.10","","Fri Nov 08 01:56:15 GMT 2024","passed","Fri Nov 08 01:56:15 GMT 2024","","BASIC","BASIC",""
"","3","INTERSECTION-TESTS.05","","Fri Nov 08 00:35:50 GMT 2024","passed","Fri Nov 08 00:35:50 GMT 2024","","HYPERON-METTALOG-SANITY","HYPERON-METTALOG-SANITY",""
"","2","STATE-TYPES.05","","Fri Nov 08 01:56:15 GMT 2024","passed","Fri Nov 08 01:56:15 GMT 2024","","BASIC","BASIC",""
"","2","TYPE-PROP.32","","Fri Nov 08 01:10:13 GMT 2024","passed","Fri Nov 08 01:10:13 GMT 2024","","CHECK-TYPES-TEMP","CHECK-TYPES-TEMP",""
"","4","APPEND.01","","Fri Nov 08 01:53:56 GMT 2024","passed","Fri Nov 08 01:53:56 GMT 2024","","MULTIDIRECTIONAL","MULTIDIRECTIONAL",""
"","1","CHAPTER-1-1.13","","Fri Nov 08 00:53:40 GMT 2024","passed","Fri Nov 08 00:53:40 GMT 2024","","SICP-BOOK","SICP-BOOK",""
"","2","ORDEREDSETTEST.04","","Fri Nov 08 01:14:36 GMT 2024","passed","Fri Nov 08 01:14:36 GMT 2024","","COMMON","COMMON",""
"","3","EVIDENTIALTRUTHVALUETEST.01","","Fri Nov 08 01:15:03 GMT 2024","passed","Fri Nov 08 01:15:03 GMT 2024","","TRUTHVALUE","TRUTHVALUE",""
"","6000","inference-control.inf-ctl-xp","","Fri Nov 08 00:34:10 GMT 2024","passed","Fri Nov 08 00:34:16 GMT 2024","","WHOLE-TESTS","WHOLE-TESTS",""
"","2","SEALED-TEST.03","","Fri Nov 08 00:35:50 GMT 2024","passed","Fri Nov 08 00:35:50 GMT 2024","","HYPERON-METTALOG-SANITY","HYPERON-METTALOG-SANITY",""
"","3","FC-XP.08","","Fri Nov 08 01:17:16 GMT 2024","passed","Fri Nov 08 01:17:16 GMT 2024","","FORWARD-CHAINING","FORWARD-CHAINING",""
"","2","STRING-TESTS.03","","Fri Nov 08 00:35:50 GMT 2024","passed","Fri Nov 08 00:35:50 GMT 2024","","HYPERON-METTALOG-SANITY","HYPERON-METTALOG-SANITY",""
"","2","SUPERCOLLAPSE.04","","Fri Nov 08 00:39:48 GMT 2024","passed","Fri Nov 08 00:39:48 GMT 2024","","METTA-MORPH-TESTS","METTA-MORPH-TESTS",""
"","2","A3-TWOSIDE.03","","Fri Nov 08 00:34:14 GMT 2024","passed","Fri Nov 08 00:34:14 GMT 2024","","HYPERON-EXPERIMENTAL-SCRIPTS","HYPERON-EXPERIMENTAL-SCRIPTS",""
"","71","STATE-TYPES.06","","Fri Nov 08 01:56:15 GMT 2024","failed","Fri Nov 08 01:56:15 GMT 2024","","BASIC","BASIC",""
"","3","CHAPTER-2-2.11","","Fri Nov 08 00:53:40 GMT 2024","passed","Fri Nov 08 00:53:40 GMT 2024","","SICP-BOOK","SICP-BOOK",""
"","2","OR-TEST.08","","Fri Nov 08 00:35:50 GMT 2024","passed","Fri Nov 08 00:35:50 GMT 2024","","HYPERON-METTALOG-SANITY","HYPERON-METTALOG-SANITY",""
"","3","C1-GROUNDED-BASIC.01","","Fri Nov 08 00:44:05 GMT 2024","passed","Fri Nov 08 00:44:05 GMT 2024","","QUICK","QUICK",""
"","45000","prev.tests1","","Fri Nov 08 00:34:10 GMT 2024","failed","Fri Nov 08 00:34:55 GMT 2024","","WHOLE-TESTS","WHOLE-TESTS",""
"","2","TMPMATCH2.04","","Fri Nov 08 00:41:57 GMT 2024","passed","Fri Nov 08 00:41:57 GMT 2024","","ANTI-REGRESSION","ANTI-REGRESSION",""
"","2","BC-XP.22","","Fri Nov 08 01:14:27 GMT 2024","passed","Fri Nov 08 01:14:27 GMT 2024","","BACKWARD-CHAINING","BACKWARD-CHAINING",""
"","2","F1-MODULEA.02","","Fri Nov 08 00:34:14 GMT 2024","passed","Fri Nov 08 00:34:14 GMT 2024","","HYPERON-EXPERIMENTAL-SCRIPTS","HYPERON-EXPERIMENTAL-SCRIPTS",""
"","5","03-SORING-VIA-INSERT.01","","Fri Nov 08 00:35:50 GMT 2024","passed","Fri Nov 08 00:35:50 GMT 2024","","HYPERON-METTALOG-SANITY","HYPERON-METTALOG-SANITY",""
"","2","TMPMATCH1.02","","Fri Nov 08 00:41:57 GMT 2024","passed","Fri Nov 08 00:41:57 GMT 2024","","ANTI-REGRESSION","ANTI-REGRESSION",""
"","43000","inference-control.inf-ctl-month-bc-xp","","Fri Nov 08 00:34:10 GMT 2024","failed","Fri Nov 08 00:34:53 GMT 2024","","WHOLE-TESTS","WHOLE-TESTS",""
"","3","XOR-TEST.01","","Fri Nov 08 00:35:50 GMT 2024","passed","Fri Nov 08 00:35:50 GMT 2024","","HYPERON-METTALOG-SANITY","HYPERON-METTALOG-SANITY",""
"","207","SYNTHESIZE-VIA-CASE-TEST.02","","Fri Nov 08 01:25:10 GMT 2024","failed","Fri Nov 08 01:25:10 GMT 2024","","EXPERIMENTS","EXPERIMENTS",""
"","5000","truthvalue.TruthValueTest","","Fri Nov 08 00:34:10 GMT 2024","passed","Fri Nov 08 00:34:15 GMT 2024","","WHOLE-TESTS","WHOLE-TESTS",""
"","2","ADD-REMOVE-MATCH-S-SYMBOLS.02","","Fri Nov 08 00:51:22 GMT 2024","passed","Fri Nov 08 00:51:22 GMT 2024","","SPACES","SPACES",""
"","2","FC-XP.06","","Fri Nov 08 01:17:16 GMT 2024","passed","Fri Nov 08 01:17:16 GMT 2024","","FORWARD-CHAINING","FORWARD-CHAINING",""
"","2","C1-GROUNDED-BASIC.21","","Fri Nov 08 00:34:14 GMT 2024","passed","Fri Nov 08 00:34:14 GMT 2024","","HYPERON-EXPERIMENTAL-SCRIPTS","HYPERON-EXPERIMENTAL-SCRIPTS",""
"","3569","PROB-DEP-TYPES.16","","Fri Nov 08 01:02:17 GMT 2024","failed","Fri Nov 08 01:02:20 GMT 2024","","PROB-DEP-TYPES","PROB-DEP-TYPES",""
"","112","B5-TYPES-PRELIM.08","","Fri Nov 08 01:10:13 GMT 2024","failed","Fri Nov 08 01:10:13 GMT 2024","","CHECK-TYPES-TEMP","CHECK-TYPES-TEMP",""
"","122","TESTS0.05","","Fri Nov 08 00:44:34 GMT 2024","passed","Fri Nov 08 00:44:34 GMT 2024","","MAIN-BRANCH","MAIN-BRANCH",""
"","2","SUPERPOSE-NESTED.04","","Fri Nov 08 00:39:48 GMT 2024","passed","Fri Nov 08 00:39:48 GMT 2024","","METTA-MORPH-TESTS","METTA-MORPH-TESTS",""
"","166","IOIOIOI-USING-EQUALITY.01","","Fri Nov 08 01:53:56 GMT 2024","failed","Fri Nov 08 01:53:56 GMT 2024","","MULTIDIRECTIONAL","MULTIDIRECTIONAL",""
"","2","SYNTHESIZE-VIA-TYPE-CHECKING.02","","Fri Nov 08 01:25:10 GMT 2024","passed","Fri Nov 08 01:25:10 GMT 2024","","EXPERIMENTS","EXPERIMENTS",""
"","1","D4-TYPE-PROP.09","","Fri Nov 08 00:44:05 GMT 2024","passed","Fri Nov 08 00:44:05 GMT 2024","","QUICK","QUICK",""
"","3","FC-XP.10","","Fri Nov 08 01:17:16 GMT 2024","passed","Fri Nov 08 01:17:16 GMT 2024","","FORWARD-CHAINING","FORWARD-CHAINING",""
"","2","IBC-XP.06","","Fri Nov 08 01:20:34 GMT 2024","passed","Fri Nov 08 01:20:34 GMT 2024","","ITERATIVE-CHAINING","ITERATIVE-CHAINING",""
"","2","CHAPTER-1-1.04","","Fri Nov 08 00:53:40 GMT 2024","passed","Fri Nov 08 00:53:40 GMT 2024","","SICP-BOOK","SICP-BOOK",""
"","12","05-MATCH-SUPERPOSE-ELEMENT-LIKE-SPACE.01","","Fri Nov 08 01:50:51 GMT 2024","failed","Fri Nov 08 01:50:51 GMT 2024","","CONTAINERS-ARE-SPACES","CONTAINERS-ARE-SPACES",""
"","9","D4-TYPE-PROP.04","","Fri Nov 08 00:34:14 GMT 2024","passed","Fri Nov 08 00:34:14 GMT 2024","","HYPERON-EXPERIMENTAL-SCRIPTS","HYPERON-EXPERIMENTAL-SCRIPTS",""
"","43000","synth_buffer.time_synthesize_long","","Fri Nov 08 00:34:10 GMT 2024","failed","Fri Nov 08 00:34:53 GMT 2024","","WHOLE-TESTS","WHOLE-TESTS",""
"","2","STDLIB-METTALOG-TEST-PT2.28","","Fri Nov 08 00:53:30 GMT 2024","passed","Fri Nov 08 00:53:30 GMT 2024","","STDLIB-METTALOG","STDLIB-METTALOG",""
"","2","D2-HIGHERFUNC.19","","Fri Nov 08 00:44:05 GMT 2024","passed","Fri Nov 08 00:44:05 GMT 2024","","QUICK","QUICK",""
"","2","UTILS-TEST.04","","Fri Nov 08 01:14:18 GMT 2024","passed","Fri Nov 08 01:14:18 GMT 2024","","UTILS","UTILS",""
"","2098","TESTS2.07","","Fri Nov 08 00:44:34 GMT 2024","failed","Fri Nov 08 00:44:36 GMT 2024","","MAIN-BRANCH","MAIN-BRANCH",""
"","4000","transpiler.peano","","Fri Nov 08 00:34:10 GMT 2024","passed","Fri Nov 08 00:34:14 GMT 2024","","WHOLE-TESTS","WHOLE-TESTS",""
"","128","SYMBOLS.01","","Fri Nov 08 00:52:05 GMT 2024","passed","Fri Nov 08 00:52:05 GMT 2024","","STD","STD",""
"","5000","metta-morph_tests.tests0","","Fri Nov 08 00:34:10 GMT 2024","passed","Fri Nov 08 00:34:15 GMT 2024","","WHOLE-TESTS","WHOLE-TESTS",""
"","2","ADD-REMOVE-MATCH-INTEGER.20","","Fri Nov 08 00:51:22 GMT 2024","passed","Fri Nov 08 00:51:22 GMT 2024","","SPACES","SPACES",""
"","5000","equal.DeductionEqualTest","","Fri Nov 08 00:34:10 GMT 2024","passed","Fri Nov 08 00:34:15 GMT 2024","","WHOLE-TESTS","WHOLE-TESTS",""
"","182","D4-TYPE-PROP.10","","Fri Nov 08 01:10:34 GMT 2024","failed","Fri Nov 08 01:10:34 GMT 2024","","CHECK-TYPES","CHECK-TYPES",""
"","4000","experiments.synthesize-via-superpose","","Fri Nov 08 00:34:10 GMT 2024","passed","Fri Nov 08 00:34:14 GMT 2024","","WHOLE-TESTS","WHOLE-TESTS",""
"","82","STATE-TYPES.04","","Fri Nov 08 01:56:15 GMT 2024","failed","Fri Nov 08 01:56:15 GMT 2024","","BASIC","BASIC",""
"","4000","experiments.unify-via-let","","Fri Nov 08 00:34:10 GMT 2024","passed","Fri Nov 08 00:34:14 GMT 2024","","WHOLE-TESTS","WHOLE-TESTS",""
"","2","ADD-REMOVE-MATCH-STRINGS.11","","Fri Nov 08 00:51:22 GMT 2024","passed","Fri Nov 08 00:51:22 GMT 2024","","SPACES","SPACES",""
"","3","NILS-IF-CONTROL-TEST-2.02","","Fri Nov 08 02:02:34 GMT 2024","passed","Fri Nov 08 02:02:34 GMT 2024","","COMPARISONS","COMPARISONS",""
"","2","BCHAIN-COMP.03","","Fri Nov 08 01:47:36 GMT 2024","passed","Fri Nov 08 01:47:36 GMT 2024","","WALK-THRU","WALK-THRU",""
"","49","IFC-XP.01","","Fri Nov 08 01:20:34 GMT 2024","failed","Fri Nov 08 01:20:34 GMT 2024","","ITERATIVE-CHAINING","ITERATIVE-CHAINING",""
"","2","STATE-TYPES.14","","Fri Nov 08 01:56:15 GMT 2024","passed","Fri Nov 08 01:56:15 GMT 2024","","BASIC","BASIC",""
"","2","BCHAIN.03","","Fri Nov 08 00:41:57 GMT 2024","passed","Fri Nov 08 00:41:57 GMT 2024","","ANTI-REGRESSION","ANTI-REGRESSION",""
"","4000","hyperon-mettalog_sanity.represent_and_parse_tests","","Fri Nov 08 00:34:10 GMT 2024","passed","Fri Nov 08 00:34:14 GMT 2024","","WHOLE-TESTS","WHOLE-TESTS",""
"","3","MAYBETEST.01","","Fri Nov 08 01:14:36 GMT 2024","passed","Fri Nov 08 01:14:36 GMT 2024","","COMMON","COMMON",""
"","2","LISTTEST.01","","Fri Nov 08 01:17:20 GMT 2024","passed","Fri Nov 08 01:17:20 GMT 2024","","HOL","HOL",""
"","2","LET-SUPERPOSE-LIST.02","","Fri Nov 08 00:39:48 GMT 2024","passed","Fri Nov 08 00:39:48 GMT 2024","","METTA-MORPH-TESTS","METTA-MORPH-TESTS",""
"","41000","experiments.self-contained-synthesize","","Fri Nov 08 00:34:10 GMT 2024","failed","Fri Nov 08 00:34:51 GMT 2024","","WHOLE-TESTS","WHOLE-TESTS",""
"","1","D2-HIGHERFUNC.10","","Fri Nov 08 00:34:14 GMT 2024","passed","Fri Nov 08 00:34:14 GMT 2024","","HYPERON-EXPERIMENTAL-SCRIPTS","HYPERON-EXPERIMENTAL-SCRIPTS",""
"","1","NATPARITYTEST.05","","Fri Nov 08 01:17:20 GMT 2024","passed","Fri Nov 08 01:17:20 GMT 2024","","HOL","HOL",""
"","5","SEALED-TEST.08","","Fri Nov 08 00:35:50 GMT 2024","passed","Fri Nov 08 00:35:50 GMT 2024","","HYPERON-METTALOG-SANITY","HYPERON-METTALOG-SANITY",""
"","2","ADD-REMOVE-MATCH-SS-STRINGS.11","","Fri Nov 08 00:51:22 GMT 2024","passed","Fri Nov 08 00:51:22 GMT 2024","","SPACES","SPACES",""
"","2","B5-TYPES-PRELIM.21","","Fri Nov 08 01:10:13 GMT 2024","passed","Fri Nov 08 01:10:13 GMT 2024","","CHECK-TYPES-TEMP","CHECK-TYPES-TEMP",""
"","2","00-LANG-CASE.16","","Fri Nov 08 00:35:50 GMT 2024","passed","Fri Nov 08 00:35:50 GMT 2024","","HYPERON-METTALOG-SANITY","HYPERON-METTALOG-SANITY",""
"","3","B2-BACKCHAIN.01","","Fri Nov 08 00:34:14 GMT 2024","passed","Fri Nov 08 00:34:14 GMT 2024","","HYPERON-EXPERIMENTAL-SCRIPTS","HYPERON-EXPERIMENTAL-SCRIPTS",""
"","2","INF-CTL-MONTH-XP-SHORT-3.07","","Fri Nov 08 02:02:34 GMT 2024","passed","Fri Nov 08 02:02:34 GMT 2024","","COMPARISONS","COMPARISONS",""
"","9","METTALOGTESTCURRIED2.07","","Fri Nov 08 00:41:57 GMT 2024","passed","Fri Nov 08 00:41:57 GMT 2024","","ANTI-REGRESSION","ANTI-REGRESSION",""
"","2","TYPES-PRELIM.07","","Fri Nov 08 00:49:03 GMT 2024","passed","Fri Nov 08 00:49:03 GMT 2024","","CHAINING","CHAINING",""
"","20","STDLIB-METTALOG-TEST-PT2.49","","Fri Nov 08 00:53:30 GMT 2024","failed","Fri Nov 08 00:53:30 GMT 2024","","STDLIB-METTALOG","STDLIB-METTALOG",""
"","2","D2-HIGHERFUNC.19","","Fri Nov 08 00:34:14 GMT 2024","passed","Fri Nov 08 00:34:14 GMT 2024","","HYPERON-EXPERIMENTAL-SCRIPTS","HYPERON-EXPERIMENTAL-SCRIPTS",""
"","3","TESTS1.01","","Fri Nov 08 01:29:19 GMT 2024","passed","Fri Nov 08 01:29:19 GMT 2024","","CURRENT","CURRENT",""
"","2","PROB-DEP-TYPES.02","","Fri Nov 08 01:02:17 GMT 2024","passed","Fri Nov 08 01:02:17 GMT 2024","","PROB-DEP-TYPES","PROB-DEP-TYPES",""
"","4","FIRST-ANSWER.02","","Fri Nov 08 00:35:50 GMT 2024","passed","Fri Nov 08 00:35:50 GMT 2024","","HYPERON-METTALOG-SANITY","HYPERON-METTALOG-SANITY",""
"","176","EXAMPLES-QUANTS.01","","Fri Nov 08 01:55:10 GMT 2024","failed","Fri Nov 08 01:55:10 GMT 2024","","POLYMORPHIC-TYPES","POLYMORPHIC-TYPES",""
"","2","TYPE-PROP.27","","Fri Nov 08 01:10:13 GMT 2024","passed","Fri Nov 08 01:10:13 GMT 2024","","CHECK-TYPES-TEMP","CHECK-TYPES-TEMP",""
"","65","F1-IMPORTS.21","","Fri Nov 08 00:44:05 GMT 2024","passed","Fri Nov 08 00:44:05 GMT 2024","","QUICK","QUICK",""
"","3","BCHAIN.06","","Fri Nov 08 01:47:36 GMT 2024","passed","Fri Nov 08 01:47:36 GMT 2024","","WALK-THRU","WALK-THRU",""
"","2","LET-SUPERPOSE-IF-CASE.01","","Fri Nov 08 00:39:48 GMT 2024","passed","Fri Nov 08 00:39:48 GMT 2024","","METTA-MORPH-TESTS","METTA-MORPH-TESTS",""
"","134","SHOW-TYPE.02","","Fri Nov 08 00:51:07 GMT 2024","failed","Fri Nov 08 00:51:07 GMT 2024","","INTROSPECT","INTROSPECT",""
"","3","INTEST.01","","Fri Nov 08 01:14:36 GMT 2024","passed","Fri Nov 08 01:14:36 GMT 2024","","COMMON","COMMON",""
"","5000","strips-to-metta-flat.queries_flat","","Fri Nov 08 00:34:10 GMT 2024","passed","Fri Nov 08 00:34:15 GMT 2024","","WHOLE-TESTS","WHOLE-TESTS",""
"","4000","stack-based.interpreter","","Fri Nov 08 00:34:10 GMT 2024","passed","Fri Nov 08 00:34:14 GMT 2024","","WHOLE-TESTS","WHOLE-TESTS",""
"","2","SHOW-TYPE.08","","Fri Nov 08 00:51:07 GMT 2024","passed","Fri Nov 08 00:51:07 GMT 2024","","INTROSPECT","INTROSPECT",""
"","5","INF-ORDER-PROBS.05","","Fri Nov 08 01:02:17 GMT 2024","passed","Fri Nov 08 01:02:17 GMT 2024","","PROB-DEP-TYPES","PROB-DEP-TYPES",""
"","2","D2-HIGHERFUNC.06","","Fri Nov 08 01:10:34 GMT 2024","passed","Fri Nov 08 01:10:34 GMT 2024","","CHECK-TYPES","CHECK-TYPES",""
"","2","D2-HIGHERFUNC.05","","Fri Nov 08 01:10:34 GMT 2024","passed","Fri Nov 08 01:10:34 GMT 2024","","CHECK-TYPES","CHECK-TYPES",""
"","45000","nars_v0.tests3","","Fri Nov 08 00:34:10 GMT 2024","failed","Fri Nov 08 00:34:55 GMT 2024","","WHOLE-TESTS","WHOLE-TESTS",""
"","5","TRUTHVALUETEST.07","","Fri Nov 08 01:15:03 GMT 2024","passed","Fri Nov 08 01:15:03 GMT 2024","","TRUTHVALUE","TRUTHVALUE",""
"","68","D5-AUTO-TYPES.06","","Fri Nov 08 00:34:14 GMT 2024","failed","Fri Nov 08 00:34:14 GMT 2024","","HYPERON-EXPERIMENTAL-SCRIPTS","HYPERON-EXPERIMENTAL-SCRIPTS",""
"","1","D2-HIGHERFUNC.02","","Fri Nov 08 00:34:14 GMT 2024","passed","Fri Nov 08 00:34:14 GMT 2024","","HYPERON-EXPERIMENTAL-SCRIPTS","HYPERON-EXPERIMENTAL-SCRIPTS",""
"","2","HYPERPOSE.01","","Fri Nov 08 00:39:48 GMT 2024","passed","Fri Nov 08 00:39:48 GMT 2024","","METTA-MORPH-TESTS","METTA-MORPH-TESTS",""
"","14","TEST-INFER-FUNCTION-APPLICATION-TYPE.04","","Fri Nov 08 01:56:15 GMT 2024","failed","Fri Nov 08 01:56:15 GMT 2024","","BASIC","BASIC",""
"","2","D4-TYPE-PROP.15","","Fri Nov 08 00:34:14 GMT 2024","passed","Fri Nov 08 00:34:14 GMT 2024","","HYPERON-EXPERIMENTAL-SCRIPTS","HYPERON-EXPERIMENTAL-SCRIPTS",""
"","2","FORWARD-CHAINER-XP.22","","Fri Nov 08 01:17:07 GMT 2024","passed","Fri Nov 08 01:17:07 GMT 2024","","FORWARD-CHAINER","FORWARD-CHAINER",""
"","1","CML-UNSHARED.03","","Fri Nov 08 01:56:15 GMT 2024","passed","Fri Nov 08 01:56:15 GMT 2024","","BASIC","BASIC",""
"","2","C1-GROUNDED-BASIC.10","","Fri Nov 08 00:44:05 GMT 2024","passed","Fri Nov 08 00:44:05 GMT 2024","","QUICK","QUICK",""
"","289","SELF-CONTAINED-SYNTHESIZE.03","","Fri Nov 08 01:25:10 GMT 2024","failed","Fri Nov 08 01:25:10 GMT 2024","","EXPERIMENTS","EXPERIMENTS",""
"","2","ADD-REMOVE-MATCH-SYMBOLS.12","","Fri Nov 08 00:51:22 GMT 2024","passed","Fri Nov 08 00:51:22 GMT 2024","","SPACES","SPACES",""
"","2","C1-GROUNDED-BASIC.18","","Fri Nov 08 00:34:14 GMT 2024","passed","Fri Nov 08 00:34:14 GMT 2024","","HYPERON-EXPERIMENTAL-SCRIPTS","HYPERON-EXPERIMENTAL-SCRIPTS",""
"","2","TESTS1-PRE.01","","Fri Nov 08 00:44:34 GMT 2024","passed","Fri Nov 08 00:44:34 GMT 2024","","MAIN-BRANCH","MAIN-BRANCH",""
"","2","F1-IMPORTS.20","","Fri Nov 08 00:34:14 GMT 2024","passed","Fri Nov 08 00:34:14 GMT 2024","","HYPERON-EXPERIMENTAL-SCRIPTS","HYPERON-EXPERIMENTAL-SCRIPTS",""
"","5000","metta-wam-issue-116.test_spo_5000","","Fri Nov 08 00:34:10 GMT 2024","passed","Fri Nov 08 00:34:15 GMT 2024","","WHOLE-TESTS","WHOLE-TESTS",""
"","1","CHAPTER-1-1.14","","Fri Nov 08 00:53:40 GMT 2024","passed","Fri Nov 08 00:53:40 GMT 2024","","SICP-BOOK","SICP-BOOK",""
"","2","ADD-REMOVE-MATCH-INTEGER.21","","Fri Nov 08 00:51:22 GMT 2024","passed","Fri Nov 08 00:51:22 GMT 2024","","SPACES","SPACES",""
"","2","KB-WRITE.03","","Fri Nov 08 00:52:05 GMT 2024","passed","Fri Nov 08 00:52:05 GMT 2024","","STD","STD",""
"","2","SYNTHESIZE-VIA-TYPE-CHECKING.08","","Fri Nov 08 01:25:10 GMT 2024","passed","Fri Nov 08 01:25:10 GMT 2024","","EXPERIMENTS","EXPERIMENTS",""
"","5000","debugging.hyperon_experimental_issue_481","","Fri Nov 08 00:34:10 GMT 2024","passed","Fri Nov 08 00:34:15 GMT 2024","","WHOLE-TESTS","WHOLE-TESTS",""
"","7","C3-PLN-STV.02","","Fri Nov 08 00:34:14 GMT 2024","passed","Fri Nov 08 00:34:14 GMT 2024","","HYPERON-EXPERIMENTAL-SCRIPTS","HYPERON-EXPERIMENTAL-SCRIPTS",""
"","93","INF-ORDER-PROBS.03","","Fri Nov 08 01:02:17 GMT 2024","failed","Fri Nov 08 01:02:17 GMT 2024","","PROB-DEP-TYPES","PROB-DEP-TYPES",""
"","3","TEST-INFER-FUNCTION-APPLICATION-TYPE.01","","Fri Nov 08 01:56:15 GMT 2024","passed","Fri Nov 08 01:56:15 GMT 2024","","BASIC","BASIC",""
"","5","OR-TEST.07","","Fri Nov 08 00:35:50 GMT 2024","passed","Fri Nov 08 00:35:50 GMT 2024","","HYPERON-METTALOG-SANITY","HYPERON-METTALOG-SANITY",""
"","955","BC-IMPL.01","","Fri Nov 08 01:47:36 GMT 2024","passed","Fri Nov 08 01:47:36 GMT 2024","","WALK-THRU","WALK-THRU",""
"","9978","CLASSICAL.01","","Fri Nov 08 01:00:35 GMT 2024","passed","Fri Nov 08 01:00:44 GMT 2024","","FIZZBUZZ","FIZZBUZZ",""
"","101","ADD-REMOVE-MATCH-STRINGS.03","","Fri Nov 08 00:51:22 GMT 2024","failed","Fri Nov 08 00:51:22 GMT 2024","","SPACES","SPACES",""
"","497","TESTS0.08","","Fri Nov 08 01:29:19 GMT 2024","failed","Fri Nov 08 01:29:19 GMT 2024","","CURRENT","CURRENT",""
"","7","UNIQUE-TEST.14","","Fri Nov 08 00:35:50 GMT 2024","passed","Fri Nov 08 00:35:50 GMT 2024","","HYPERON-METTALOG-SANITY","HYPERON-METTALOG-SANITY",""
"","26","FACTORIAL.02","","Fri Nov 08 00:39:48 GMT 2024","passed","Fri Nov 08 00:39:48 GMT 2024","","METTA-MORPH-TESTS","METTA-MORPH-TESTS",""
"","4000","logic.all_any","","Fri Nov 08 00:34:10 GMT 2024","passed","Fri Nov 08 00:34:14 GMT 2024","","WHOLE-TESTS","WHOLE-TESTS",""
"","6","TRUTHVALUETEST.01","","Fri Nov 08 01:15:03 GMT 2024","passed","Fri Nov 08 01:15:03 GMT 2024","","TRUTHVALUE","TRUTHVALUE",""
"","65","SEQUENTIAL-NESTED.11","","Fri Nov 08 00:39:48 GMT 2024","passed","Fri Nov 08 00:39:48 GMT 2024","","METTA-MORPH-TESTS","METTA-MORPH-TESTS",""
"","138","ADD-REMOVE-MATCH-SS-SYMBOLS.14","","Fri Nov 08 00:51:22 GMT 2024","passed","Fri Nov 08 00:51:22 GMT 2024","","SPACES","SPACES",""
"","46000","current.tests4","","Fri Nov 08 00:34:10 GMT 2024","failed","Fri Nov 08 00:34:56 GMT 2024","","WHOLE-TESTS","WHOLE-TESTS",""
"","44","IMPLICATIONDIRECTINTRODUCTIONDTLTEST.07","","Fri Nov 08 01:13:15 GMT 2024","failed","Fri Nov 08 01:13:15 GMT 2024","","DEPENDENT-TYPES","DEPENDENT-TYPES",""
"","2","D2-HIGHERFUNC.17","","Fri Nov 08 00:34:14 GMT 2024","passed","Fri Nov 08 00:34:14 GMT 2024","","HYPERON-EXPERIMENTAL-SCRIPTS","HYPERON-EXPERIMENTAL-SCRIPTS",""
"","1","D4-TYPE-PROP.09","","Fri Nov 08 01:10:34 GMT 2024","passed","Fri Nov 08 01:10:34 GMT 2024","","CHECK-TYPES","CHECK-TYPES",""
"","112","HYPERON-EXPERIMENTAL-ISSUE-492.01","","Fri Nov 08 01:50:55 GMT 2024","failed","Fri Nov 08 01:50:55 GMT 2024","","DEBUGGING","DEBUGGING",""
"","8","D2-HIGHERFUNC.21","","Fri Nov 08 01:10:34 GMT 2024","passed","Fri Nov 08 01:10:34 GMT 2024","","CHECK-TYPES","CHECK-TYPES",""
"","12","D1-GADT.09","","Fri Nov 08 01:10:34 GMT 2024","passed","Fri Nov 08 01:10:34 GMT 2024","","CHECK-TYPES","CHECK-TYPES",""
"","2","STRING-TESTS.16","","Fri Nov 08 00:35:50 GMT 2024","passed","Fri Nov 08 00:35:50 GMT 2024","","HYPERON-METTALOG-SANITY","HYPERON-METTALOG-SANITY",""
"","239","INF-CTL-MONTH-BC-CONT-XP.19","","Fri Nov 08 01:18:32 GMT 2024","failed","Fri Nov 08 01:18:32 GMT 2024","","INFERENCE-CONTROL","INFERENCE-CONTROL",""
"","2","CHAPTER-2-4.02","","Fri Nov 08 00:53:40 GMT 2024","passed","Fri Nov 08 00:53:40 GMT 2024","","SICP-BOOK","SICP-BOOK",""
"","3","STDLIB-METTALOG-TEST-PT2.70","","Fri Nov 08 00:53:30 GMT 2024","passed","Fri Nov 08 00:53:30 GMT 2024","","STDLIB-METTALOG","STDLIB-METTALOG",""
"","2","ADD-REMOVE-MATCH-S-SYMBOLS.05","","Fri Nov 08 00:51:22 GMT 2024","passed","Fri Nov 08 00:51:22 GMT 2024","","SPACES","SPACES",""
"","3","BCHAIN-COMP.06","","Fri Nov 08 00:41:57 GMT 2024","passed","Fri Nov 08 00:41:57 GMT 2024","","ANTI-REGRESSION","ANTI-REGRESSION",""
"","2","ADD-REMOVE-MATCH-S-STRINGS.02","","Fri Nov 08 00:51:22 GMT 2024","passed","Fri Nov 08 00:51:22 GMT 2024","","SPACES","SPACES",""
"","203","USE-TWO-SERVERS.01","","Fri Nov 08 01:52:02 GMT 2024","failed","Fri Nov 08 01:52:02 GMT 2024","","DISTRIBUTED-PROCESSING","DISTRIBUTED-PROCESSING",""
"","2","PLN-STV.02","","Fri Nov 08 00:49:03 GMT 2024","passed","Fri Nov 08 00:49:03 GMT 2024","","CHAINING","CHAINING",""
"","3","TESTS0.03","","Fri Nov 08 00:39:48 GMT 2024","passed","Fri Nov 08 00:39:48 GMT 2024","","METTA-MORPH-TESTS","METTA-MORPH-TESTS",""
"","2","ADD-REMOVE-MATCH-SS-STRINGS.12","","Fri Nov 08 00:51:22 GMT 2024","passed","Fri Nov 08 00:51:22 GMT 2024","","SPACES","SPACES",""
"","4000","polymorphic-types.examples-quants","","Fri Nov 08 00:34:10 GMT 2024","passed","Fri Nov 08 00:34:14 GMT 2024","","WHOLE-TESTS","WHOLE-TESTS",""
"","3","PC-XP.10","","Fri Nov 08 01:23:17 GMT 2024","passed","Fri Nov 08 01:23:17 GMT 2024","","POLYWARD-CHAINING","POLYWARD-CHAINING",""
"","6","PLN-STV.03","","Fri Nov 08 00:49:03 GMT 2024","passed","Fri Nov 08 00:49:03 GMT 2024","","CHAINING","CHAINING",""
"","2","BC-XP.05","","Fri Nov 08 01:14:27 GMT 2024","passed","Fri Nov 08 01:14:27 GMT 2024","","BACKWARD-CHAINING","BACKWARD-CHAINING",""
"","3","GROUNDED-BASIC.01","","Fri Nov 08 00:52:05 GMT 2024","passed","Fri Nov 08 00:52:05 GMT 2024","","STD","STD",""
"","2","00-LANG-CASE.04","","Fri Nov 08 00:35:50 GMT 2024","passed","Fri Nov 08 00:35:50 GMT 2024","","HYPERON-METTALOG-SANITY","HYPERON-METTALOG-SANITY",""
"","4000","dependent-types.MinerDTLTest","","Fri Nov 08 00:34:10 GMT 2024","passed","Fri Nov 08 00:34:14 GMT 2024","","WHOLE-TESTS","WHOLE-TESTS",""
"","7316","PROB-DEP-TYPES.13","","Fri Nov 08 01:02:17 GMT 2024","failed","Fri Nov 08 01:02:24 GMT 2024","","PROB-DEP-TYPES","PROB-DEP-TYPES",""
"","40000","fizzbuzz.constructive","","Fri Nov 08 00:34:10 GMT 2024","failed","Fri Nov 08 00:34:50 GMT 2024","","WHOLE-TESTS","WHOLE-TESTS",""
"","1","HYPERPOSING-SHARED.03","","Fri Nov 08 01:56:15 GMT 2024","passed","Fri Nov 08 01:56:15 GMT 2024","","BASIC","BASIC",""
"","1","B2-BACKCHAIN.04","","Fri Nov 08 00:34:14 GMT 2024","passed","Fri Nov 08 00:34:14 GMT 2024","","HYPERON-EXPERIMENTAL-SCRIPTS","HYPERON-EXPERIMENTAL-SCRIPTS",""
"","2","BACKWARD-CHAIN.02","","Fri Nov 08 00:49:03 GMT 2024","passed","Fri Nov 08 00:49:03 GMT 2024","","CHAINING","CHAINING",""
"","2","INF-CTL-MONTH-XP-SHORT-3.14","","Fri Nov 08 02:02:34 GMT 2024","passed","Fri Nov 08 02:02:34 GMT 2024","","COMPARISONS","COMPARISONS",""
"","2","INF-CTL-MONTH-BC-CONT-XP.07","","Fri Nov 08 01:18:32 GMT 2024","passed","Fri Nov 08 01:18:32 GMT 2024","","INFERENCE-CONTROL","INFERENCE-CONTROL",""
"","2","ADD-REMOVE-MATCH-SS-STRINGS.10","","Fri Nov 08 00:51:22 GMT 2024","passed","Fri Nov 08 00:51:22 GMT 2024","","SPACES","SPACES",""
"","3","HYPERPOSING.01","","Fri Nov 08 01:56:15 GMT 2024","passed","Fri Nov 08 01:56:15 GMT 2024","","BASIC","BASIC",""
"","2","TYPE-PROP.64","","Fri Nov 08 01:10:13 GMT 2024","passed","Fri Nov 08 01:10:13 GMT 2024","","CHECK-TYPES-TEMP","CHECK-TYPES-TEMP",""
"","5000","logic.puzzle","","Fri Nov 08 00:34:10 GMT 2024","passed","Fri Nov 08 00:34:15 GMT 2024","","WHOLE-TESTS","WHOLE-TESTS",""
"","2","INF-CTL-XP.10","","Fri Nov 08 01:18:32 GMT 2024","passed","Fri Nov 08 01:18:32 GMT 2024","","INFERENCE-CONTROL","INFERENCE-CONTROL",""
"","2","LETLET.01","","Fri Nov 08 01:47:09 GMT 2024","passed","Fri Nov 08 01:47:09 GMT 2024","","TRANSPILER","TRANSPILER",""
"","1","IBC-XP.20","","Fri Nov 08 01:20:34 GMT 2024","passed","Fri Nov 08 01:20:34 GMT 2024","","ITERATIVE-CHAINING","ITERATIVE-CHAINING",""
"","2","BC-XP.15","","Fri Nov 08 01:14:27 GMT 2024","passed","Fri Nov 08 01:14:27 GMT 2024","","BACKWARD-CHAINING","BACKWARD-CHAINING",""
"","2","F1-MODULEA.05","","Fri Nov 08 00:44:05 GMT 2024","passed","Fri Nov 08 00:44:05 GMT 2024","","QUICK","QUICK",""
"","3","ADD-REMOVE-MATCH-STRINGS.02","","Fri Nov 08 00:51:22 GMT 2024","passed","Fri Nov 08 00:51:22 GMT 2024","","SPACES","SPACES",""
"","1","F1-IMPORTS.06","","Fri Nov 08 00:34:14 GMT 2024","passed","Fri Nov 08 00:34:14 GMT 2024","","HYPERON-EXPERIMENTAL-SCRIPTS","HYPERON-EXPERIMENTAL-SCRIPTS",""
"","4000","metta-morph_tests.supercollapse","","Fri Nov 08 00:34:10 GMT 2024","passed","Fri Nov 08 00:34:14 GMT 2024","","WHOLE-TESTS","WHOLE-TESTS",""
"","2","PC-XP.08","","Fri Nov 08 01:23:17 GMT 2024","passed","Fri Nov 08 01:23:17 GMT 2024","","POLYWARD-CHAINING","POLYWARD-CHAINING",""
"","5000","hyperon-mettalog_sanity.first_answer","","Fri Nov 08 00:34:10 GMT 2024","passed","Fri Nov 08 00:34:15 GMT 2024","","WHOLE-TESTS","WHOLE-TESTS",""
"","15","V2-PLN-XP-EASY-IMPL.02","","Fri Nov 08 00:49:03 GMT 2024","passed","Fri Nov 08 00:49:03 GMT 2024","","CHAINING","CHAINING",""
"","2","CHAPTER-2-4.03","","Fri Nov 08 00:53:40 GMT 2024","passed","Fri Nov 08 00:53:40 GMT 2024","","SICP-BOOK","SICP-BOOK",""
"","3","D4-TYPE-PROP.02","","Fri Nov 08 00:34:14 GMT 2024","passed","Fri Nov 08 00:34:14 GMT 2024","","HYPERON-EXPERIMENTAL-SCRIPTS","HYPERON-EXPERIMENTAL-SCRIPTS",""
"","2","LISTTEST.17","","Fri Nov 08 01:14:36 GMT 2024","passed","Fri Nov 08 01:14:36 GMT 2024","","COMMON","COMMON",""
"","2","BACKWARD-CHAINER-XP.26","","Fri Nov 08 01:14:22 GMT 2024","passed","Fri Nov 08 01:14:22 GMT 2024","","BACKWARD-CHAINER","BACKWARD-CHAINER",""
"","2","00A-LANG-COMPILED-CASE.03","","Fri Nov 08 01:46:09 GMT 2024","passed","Fri Nov 08 01:46:09 GMT 2024","","DIRECT-COMP","DIRECT-COMP",""
"","7","IMPL-METTALOGTESTCURRIED.05","","Fri Nov 08 01:47:36 GMT 2024","passed","Fri Nov 08 01:47:36 GMT 2024","","WALK-THRU","WALK-THRU",""
"","488","PROB-DEP-TYPES.09","","Fri Nov 08 01:02:17 GMT 2024","failed","Fri Nov 08 01:02:17 GMT 2024","","PROB-DEP-TYPES","PROB-DEP-TYPES",""
"","1139","TRAINING-BI.05","","Fri Nov 08 02:08:49 GMT 2024","passed","Fri Nov 08 02:08:50 GMT 2024","","LANGUAGE-MODELS","LANGUAGE-MODELS",""
"","3","TYPES-PRELIM.05","","Fri Nov 08 00:49:03 GMT 2024","passed","Fri Nov 08 00:49:03 GMT 2024","","CHAINING","CHAINING",""
"","53","D5-AUTO-TYPES.02","","Fri Nov 08 01:10:34 GMT 2024","failed","Fri Nov 08 01:10:34 GMT 2024","","CHECK-TYPES","CHECK-TYPES",""
"","44","BACKWARD-CHAINER-XP.25","","Fri Nov 08 01:14:22 GMT 2024","failed","Fri Nov 08 01:14:22 GMT 2024","","BACKWARD-CHAINER","BACKWARD-CHAINER",""
"","338","SELF-CONTAINED-SYNTHESIZE.08","","Fri Nov 08 01:25:10 GMT 2024","failed","Fri Nov 08 01:25:10 GMT 2024","","EXPERIMENTS","EXPERIMENTS",""
"","2","C1-GROUNDED-BASIC.12","","Fri Nov 08 00:34:14 GMT 2024","passed","Fri Nov 08 00:34:14 GMT 2024","","HYPERON-EXPERIMENTAL-SCRIPTS","HYPERON-EXPERIMENTAL-SCRIPTS",""
"","2","ADD-REMOVE-MATCH-INTEGER.41","","Fri Nov 08 00:51:22 GMT 2024","passed","Fri Nov 08 00:51:22 GMT 2024","","SPACES","SPACES",""
"","3","DEDUCTIONENTAILTEST.01","","Fri Nov 08 01:16:46 GMT 2024","passed","Fri Nov 08 01:16:46 GMT 2024","","ENTAIL","ENTAIL",""
"","4","MATCH-FEVAL.01","","Fri Nov 08 01:47:09 GMT 2024","passed","Fri Nov 08 01:47:09 GMT 2024","","TRANSPILER","TRANSPILER",""
"","6000","chaining.v2-pln-xp-sys-impl","","Fri Nov 08 00:34:10 GMT 2024","passed","Fri Nov 08 00:34:16 GMT 2024","","WHOLE-TESTS","WHOLE-TESTS",""
"","2","CHAPTER-2-4.04","","Fri Nov 08 00:53:40 GMT 2024","passed","Fri Nov 08 00:53:40 GMT 2024","","SICP-BOOK","SICP-BOOK",""
"","4","FORWARD-CHAINER-TEST.02","","Fri Nov 08 01:17:07 GMT 2024","passed","Fri Nov 08 01:17:07 GMT 2024","","FORWARD-CHAINER","FORWARD-CHAINER",""
"","564","TMPMATCH2.05","","Fri Nov 08 00:41:57 GMT 2024","passed","Fri Nov 08 00:41:57 GMT 2024","","ANTI-REGRESSION","ANTI-REGRESSION",""
"","128","STDLIB-METTALOG-TEST-PT2.58","","Fri Nov 08 00:53:30 GMT 2024","failed","Fri Nov 08 00:53:30 GMT 2024","","STDLIB-METTALOG","STDLIB-METTALOG",""
"","2","TESTS0.05","","Fri Nov 08 01:34:24 GMT 2024","passed","Fri Nov 08 01:34:24 GMT 2024","","NARS-V0","NARS-V0",""
"","2549","TESTS1.04","","Fri Nov 08 00:44:34 GMT 2024","failed","Fri Nov 08 00:44:36 GMT 2024","","MAIN-BRANCH","MAIN-BRANCH",""
"","2","QUERIES.15","","Fri Nov 08 01:06:48 GMT 2024","passed","Fri Nov 08 01:06:48 GMT 2024","","STRIPS-TO-METTA-IMPROVED","STRIPS-TO-METTA-IMPROVED",""
"","2","SEQUENTIAL-NESTED.09","","Fri Nov 08 00:39:48 GMT 2024","passed","Fri Nov 08 00:39:48 GMT 2024","","METTA-MORPH-TESTS","METTA-MORPH-TESTS",""
"","2","D2-HIGHERFUNC.15","","Fri Nov 08 00:34:14 GMT 2024","passed","Fri Nov 08 00:34:14 GMT 2024","","HYPERON-EXPERIMENTAL-SCRIPTS","HYPERON-EXPERIMENTAL-SCRIPTS",""
"","5","TYPE-PROP.72","","Fri Nov 08 01:10:13 GMT 2024","passed","Fri Nov 08 01:10:13 GMT 2024","","CHECK-TYPES-TEMP","CHECK-TYPES-TEMP",""
"","125","BASIC.01","","Fri Nov 08 01:07:29 GMT 2024","passed","Fri Nov 08 01:07:29 GMT 2024","","TRAVERSER","TRAVERSER",""
"","1","XOR-TEST.08","","Fri Nov 08 00:35:50 GMT 2024","passed","Fri Nov 08 00:35:50 GMT 2024","","HYPERON-METTALOG-SANITY","HYPERON-METTALOG-SANITY",""
"","40","IOIOIOI-USING-EQUALITY.04","","Fri Nov 08 01:53:56 GMT 2024","failed","Fri Nov 08 01:53:56 GMT 2024","","MULTIDIRECTIONAL","MULTIDIRECTIONAL",""
"","41","STDLIB-METTALOG-TEST-PT2.18","","Fri Nov 08 00:53:30 GMT 2024","failed","Fri Nov 08 00:53:30 GMT 2024","","STDLIB-METTALOG","STDLIB-METTALOG",""
"","2","INTERSECTION-TESTS.17","","Fri Nov 08 00:35:50 GMT 2024","passed","Fri Nov 08 00:35:50 GMT 2024","","HYPERON-METTALOG-SANITY","HYPERON-METTALOG-SANITY",""
"","45","FORWARD-CHAINER-TEST.05","","Fri Nov 08 01:17:07 GMT 2024","failed","Fri Nov 08 01:17:07 GMT 2024","","FORWARD-CHAINER","FORWARD-CHAINER",""
"","2","D1-GADT.08","","Fri Nov 08 01:10:34 GMT 2024","passed","Fri Nov 08 01:10:34 GMT 2024","","CHECK-TYPES","CHECK-TYPES",""
"","25","INF-CTL-XP.16","","Fri Nov 08 01:18:32 GMT 2024","failed","Fri Nov 08 01:18:32 GMT 2024","","INFERENCE-CONTROL","INFERENCE-CONTROL",""
"","3","SYNTHESIZE-VIA-TYPE-CHECKING.12","","Fri Nov 08 01:25:10 GMT 2024","passed","Fri Nov 08 01:25:10 GMT 2024","","EXPERIMENTS","EXPERIMENTS",""
"","2","CHAPTER-2-2.02","","Fri Nov 08 00:53:40 GMT 2024","passed","Fri Nov 08 00:53:40 GMT 2024","","SICP-BOOK","SICP-BOOK",""
"","2","NATPARITYTEST.06","","Fri Nov 08 01:17:20 GMT 2024","passed","Fri Nov 08 01:17:20 GMT 2024","","HOL","HOL",""
"","13","MATCH-VOID.11","","Fri Nov 08 00:39:48 GMT 2024","passed","Fri Nov 08 00:39:48 GMT 2024","","METTA-MORPH-TESTS","METTA-MORPH-TESTS",""
"","47","INF-CTL-MONTH-BC-CONT-XP.21","","Fri Nov 08 01:18:32 GMT 2024","failed","Fri Nov 08 01:18:32 GMT 2024","","INFERENCE-CONTROL","INFERENCE-CONTROL",""
"","69","STDLIB-METTALOG-TEST-PT2.73","","Fri Nov 08 00:53:30 GMT 2024","failed","Fri Nov 08 00:53:30 GMT 2024","","STDLIB-METTALOG","STDLIB-METTALOG",""
"","281","SELF-CONTAINED-SYNTHESIZE.10","","Fri Nov 08 01:25:10 GMT 2024","failed","Fri Nov 08 01:25:10 GMT 2024","","EXPERIMENTS","EXPERIMENTS",""
"","5000","hyperon-mettalog_sanity.06_match_in_space","","Fri Nov 08 00:34:10 GMT 2024","passed","Fri Nov 08 00:34:15 GMT 2024","","WHOLE-TESTS","WHOLE-TESTS",""
"","2","HYPERPOSING-UNSHARED.04","","Fri Nov 08 01:56:15 GMT 2024","passed","Fri Nov 08 01:56:15 GMT 2024","","BASIC","BASIC",""
"","4","UTILS-TEST.02","","Fri Nov 08 01:14:18 GMT 2024","passed","Fri Nov 08 01:14:18 GMT 2024","","UTILS","UTILS",""
"","1","XOR-TEST.11","","Fri Nov 08 00:35:50 GMT 2024","passed","Fri Nov 08 00:35:50 GMT 2024","","HYPERON-METTALOG-SANITY","HYPERON-METTALOG-SANITY",""
"","5000","pln.gene-pln-xp","","Fri Nov 08 00:34:10 GMT 2024","passed","Fri Nov 08 00:34:15 GMT 2024","","WHOLE-TESTS","WHOLE-TESTS",""
"","2","BCHAIN-COMP.02","","Fri Nov 08 01:47:36 GMT 2024","passed","Fri Nov 08 01:47:36 GMT 2024","","WALK-THRU","WALK-THRU",""
"","3","ADD-REMOVE-MATCH-S-SYMBOLS.15","","Fri Nov 08 00:51:22 GMT 2024","passed","Fri Nov 08 00:51:22 GMT 2024","","SPACES","SPACES",""
"","2","BACKWARD-CHAINER-XP.03","","Fri Nov 08 01:14:22 GMT 2024","passed","Fri Nov 08 01:14:22 GMT 2024","","BACKWARD-CHAINER","BACKWARD-CHAINER",""
"","2","ADD-REMOVE-MATCH-SS-SYMBOLS.04","","Fri Nov 08 00:51:22 GMT 2024","passed","Fri Nov 08 00:51:22 GMT 2024","","SPACES","SPACES",""
"","2","ADD-REMOVE-MATCH-MIX-FLOAT-INTEGER.21","","Fri Nov 08 00:51:22 GMT 2024","passed","Fri Nov 08 00:51:22 GMT 2024","","SPACES","SPACES",""
"","2","STRING-TESTS.12","","Fri Nov 08 00:35:50 GMT 2024","passed","Fri Nov 08 00:35:50 GMT 2024","","HYPERON-METTALOG-SANITY","HYPERON-METTALOG-SANITY",""
"","3","OBIF-EASY.02","","Fri Nov 08 01:53:56 GMT 2024","passed","Fri Nov 08 01:53:56 GMT 2024","","MULTIDIRECTIONAL","MULTIDIRECTIONAL",""
"","2","ADD-REMOVE-MATCH-INTEGER.09","","Fri Nov 08 00:51:22 GMT 2024","passed","Fri Nov 08 00:51:22 GMT 2024","","SPACES","SPACES",""
"","71","INTERSECTION-TESTS.06","","Fri Nov 08 00:35:50 GMT 2024","passed","Fri Nov 08 00:35:50 GMT 2024","","HYPERON-METTALOG-SANITY","HYPERON-METTALOG-SANITY",""
"","2","BASIC.09","","Fri Nov 08 01:07:29 GMT 2024","passed","Fri Nov 08 01:07:29 GMT 2024","","TRAVERSER","TRAVERSER",""
"","5000","basic.test_infer_function_application_type","","Fri Nov 08 00:34:10 GMT 2024","passed","Fri Nov 08 00:34:15 GMT 2024","","WHOLE-TESTS","WHOLE-TESTS",""
"","5000","aunt-kg.baseline_formulation","","Fri Nov 08 00:34:10 GMT 2024","passed","Fri Nov 08 00:34:15 GMT 2024","","WHOLE-TESTS","WHOLE-TESTS",""
"","2","TYPES-PRELIM.06","","Fri Nov 08 00:49:03 GMT 2024","passed","Fri Nov 08 00:49:03 GMT 2024","","CHAINING","CHAINING",""
"","2","TYPES-PRELIM.13","","Fri Nov 08 00:49:03 GMT 2024","passed","Fri Nov 08 00:49:03 GMT 2024","","CHAINING","CHAINING",""
"","6000","metta-morph_tests.minnars","","Fri Nov 08 00:34:10 GMT 2024","passed","Fri Nov 08 00:34:16 GMT 2024","","WHOLE-TESTS","WHOLE-TESTS",""
"","5000","chaining.types_prelim","","Fri Nov 08 00:34:10 GMT 2024","passed","Fri Nov 08 00:34:15 GMT 2024","","WHOLE-TESTS","WHOLE-TESTS",""
"","5000","multidirectional.obif","","Fri Nov 08 00:34:10 GMT 2024","passed","Fri Nov 08 00:34:15 GMT 2024","","WHOLE-TESTS","WHOLE-TESTS",""
"","2","STDLIB-METTALOG-TEST-PT2.36","","Fri Nov 08 00:53:30 GMT 2024","passed","Fri Nov 08 00:53:30 GMT 2024","","STDLIB-METTALOG","STDLIB-METTALOG",""
"","3","00A-LANG-COMPILED-CASE.01","","Fri Nov 08 01:46:09 GMT 2024","passed","Fri Nov 08 01:46:09 GMT 2024","","DIRECT-COMP","DIRECT-COMP",""
"","8","C3-PLN-STV.04","","Fri Nov 08 00:34:14 GMT 2024","passed","Fri Nov 08 00:34:14 GMT 2024","","HYPERON-EXPERIMENTAL-SCRIPTS","HYPERON-EXPERIMENTAL-SCRIPTS",""
"","2","SEQUENTIAL-NESTED.07","","Fri Nov 08 00:39:48 GMT 2024","passed","Fri Nov 08 00:39:48 GMT 2024","","METTA-MORPH-TESTS","METTA-MORPH-TESTS",""
"","2","F1-MODULEA.10","","Fri Nov 08 00:34:14 GMT 2024","passed","Fri Nov 08 00:34:14 GMT 2024","","HYPERON-EXPERIMENTAL-SCRIPTS","HYPERON-EXPERIMENTAL-SCRIPTS",""
"","2","ADD-REMOVE-MATCH-S-SYMBOLS.12","","Fri Nov 08 00:51:22 GMT 2024","passed","Fri Nov 08 00:51:22 GMT 2024","","SPACES","SPACES",""
"","71","OR-TEST.02","","Fri Nov 08 00:35:50 GMT 2024","failed","Fri Nov 08 00:35:50 GMT 2024","","HYPERON-METTALOG-SANITY","HYPERON-METTALOG-SANITY",""
"","54","B5-TYPES-PRELIM.15","","Fri Nov 08 01:10:13 GMT 2024","failed","Fri Nov 08 01:10:13 GMT 2024","","CHECK-TYPES-TEMP","CHECK-TYPES-TEMP",""
"","3","IFC-XP.34","","Fri Nov 08 01:20:34 GMT 2024","passed","Fri Nov 08 01:20:34 GMT 2024","","ITERATIVE-CHAINING","ITERATIVE-CHAINING",""
"","2","D1-GADT.10","","Fri Nov 08 00:34:14 GMT 2024","passed","Fri Nov 08 00:34:14 GMT 2024","","HYPERON-EXPERIMENTAL-SCRIPTS","HYPERON-EXPERIMENTAL-SCRIPTS",""
"","3","D1-GADT.01","","Fri Nov 08 01:10:34 GMT 2024","passed","Fri Nov 08 01:10:34 GMT 2024","","CHECK-TYPES","CHECK-TYPES",""
"","10000","chaining.pln-xp","","Fri Nov 08 00:34:10 GMT 2024","passed","Fri Nov 08 00:34:20 GMT 2024","","WHOLE-TESTS","WHOLE-TESTS",""
"","4000","experiments.non-determinism","","Fri Nov 08 00:34:10 GMT 2024","passed","Fri Nov 08 00:34:14 GMT 2024","","WHOLE-TESTS","WHOLE-TESTS",""
"","3","IMPL-METTALOGTESTCURRIED.01","","Fri Nov 08 01:47:36 GMT 2024","passed","Fri Nov 08 01:47:36 GMT 2024","","WALK-THRU","WALK-THRU",""
"","2","IFC-XP.27","","Fri Nov 08 01:20:34 GMT 2024","passed","Fri Nov 08 01:20:34 GMT 2024","","ITERATIVE-CHAINING","ITERATIVE-CHAINING",""
"","43000","language_models.training_terms","","Fri Nov 08 00:34:10 GMT 2024","failed","Fri Nov 08 00:34:53 GMT 2024","","WHOLE-TESTS","WHOLE-TESTS",""
"","2","LTE.06","","Fri Nov 08 00:52:05 GMT 2024","passed","Fri Nov 08 00:52:05 GMT 2024","","STD","STD",""
"","4","HYPERON-EXPERIMENTAL-ISSUE-516-REDDUCED.02","","Fri Nov 08 01:50:55 GMT 2024","passed","Fri Nov 08 01:50:55 GMT 2024","","DEBUGGING","DEBUGGING",""
"","41000","comparisons.naive-fib","","Fri Nov 08 00:34:10 GMT 2024","failed","Fri Nov 08 00:34:51 GMT 2024","","WHOLE-TESTS","WHOLE-TESTS",""
"","2","D3-DEPTYPES.02","","Fri Nov 08 01:10:34 GMT 2024","passed","Fri Nov 08 01:10:34 GMT 2024","","CHECK-TYPES","CHECK-TYPES",""
"","1","D4-TYPE-PROP.05","","Fri Nov 08 00:34:14 GMT 2024","passed","Fri Nov 08 00:34:14 GMT 2024","","HYPERON-EXPERIMENTAL-SCRIPTS","HYPERON-EXPERIMENTAL-SCRIPTS",""
"","2","EXAM-SPACES.03","","Fri Nov 08 00:51:07 GMT 2024","passed","Fri Nov 08 00:51:07 GMT 2024","","INTROSPECT","INTROSPECT",""
"","2","BACKWARD-CHAINER-XP.27","","Fri Nov 08 01:14:22 GMT 2024","passed","Fri Nov 08 01:14:22 GMT 2024","","BACKWARD-CHAINER","BACKWARD-CHAINER",""
"","3","EXAM-SPACES.02","","Fri Nov 08 00:51:07 GMT 2024","passed","Fri Nov 08 00:51:07 GMT 2024","","INTROSPECT","INTROSPECT",""
"","2","UNIFY-VIA-LET.02","","Fri Nov 08 01:25:10 GMT 2024","passed","Fri Nov 08 01:25:10 GMT 2024","","EXPERIMENTS","EXPERIMENTS",""
"","2","BASE-TEST-REPR-PARSE-INTERSECTION.04","","Fri Nov 08 00:35:50 GMT 2024","passed","Fri Nov 08 00:35:50 GMT 2024","","HYPERON-METTALOG-SANITY","HYPERON-METTALOG-SANITY",""
"","108","C1-GROUNDED-BASIC.14","","Fri Nov 08 00:44:05 GMT 2024","failed","Fri Nov 08 00:44:05 GMT 2024","","QUICK","QUICK",""
"","1100","PLLM-PENNTREE.01","","Fri Nov 08 02:08:49 GMT 2024","passed","Fri Nov 08 02:08:50 GMT 2024","","LANGUAGE-MODELS","LANGUAGE-MODELS",""
"","2","C1-GROUNDED-BASIC.12","","Fri Nov 08 00:44:05 GMT 2024","passed","Fri Nov 08 00:44:05 GMT 2024","","QUICK","QUICK",""
"","8000","john-carry-flower.john-carry-flower-test","","Fri Nov 08 00:34:10 GMT 2024","passed","Fri Nov 08 00:34:18 GMT 2024","","WHOLE-TESTS","WHOLE-TESTS",""
"","14","TEST-INFER-FUNCTION-APPLICATION-TYPE.12","","Fri Nov 08 01:56:15 GMT 2024","failed","Fri Nov 08 01:56:15 GMT 2024","","BASIC","BASIC",""
"","3","PEANO.01","","Fri Nov 08 00:39:48 GMT 2024","passed","Fri Nov 08 00:39:48 GMT 2024","","METTA-MORPH-TESTS","METTA-MORPH-TESTS",""
"","1207","SYNTHESIZE-VIA-LET-TEST.08","","Fri Nov 08 01:25:10 GMT 2024","failed","Fri Nov 08 01:25:11 GMT 2024","","EXPERIMENTS","EXPERIMENTS",""
"","2","HYPERPOSING.03","","Fri Nov 08 01:56:15 GMT 2024","passed","Fri Nov 08 01:56:15 GMT 2024","","BASIC","BASIC",""
"","63","D5-AUTO-TYPES.05","","Fri Nov 08 01:10:34 GMT 2024","failed","Fri Nov 08 01:10:34 GMT 2024","","CHECK-TYPES","CHECK-TYPES",""
"","2","QUERIES.02","","Fri Nov 08 01:06:48 GMT 2024","passed","Fri Nov 08 01:06:48 GMT 2024","","STRIPS-TO-METTA-IMPROVED","STRIPS-TO-METTA-IMPROVED",""
"","3","D3-DEPTYPES.01","","Fri Nov 08 00:34:14 GMT 2024","passed","Fri Nov 08 00:34:14 GMT 2024","","HYPERON-EXPERIMENTAL-SCRIPTS","HYPERON-EXPERIMENTAL-SCRIPTS",""
"","17","INF-CTL-XP.11","","Fri Nov 08 01:18:32 GMT 2024","failed","Fri Nov 08 01:18:32 GMT 2024","","INFERENCE-CONTROL","INFERENCE-CONTROL",""
"","4000","spaces.add-remove-match-s-strings","","Fri Nov 08 00:34:10 GMT 2024","passed","Fri Nov 08 00:34:14 GMT 2024","","WHOLE-TESTS","WHOLE-TESTS",""
"","2","D3-DEPTYPES.03","","Fri Nov 08 01:10:34 GMT 2024","passed","Fri Nov 08 01:10:34 GMT 2024","","CHECK-TYPES","CHECK-TYPES",""
"","2","CHAPTER-1-2.03","","Fri Nov 08 00:53:40 GMT 2024","passed","Fri Nov 08 00:53:40 GMT 2024","","SICP-BOOK","SICP-BOOK",""
"","2","STATE-TYPES.11","","Fri Nov 08 01:56:15 GMT 2024","passed","Fri Nov 08 01:56:15 GMT 2024","","BASIC","BASIC",""
"","102","UNWEIGHTED-PLLM.06","","Fri Nov 08 02:08:49 GMT 2024","failed","Fri Nov 08 02:08:49 GMT 2024","","LANGUAGE-MODELS","LANGUAGE-MODELS",""
"","19","INF-CTL-MONTH-XP.07","","Fri Nov 08 01:18:32 GMT 2024","failed","Fri Nov 08 01:18:32 GMT 2024","","INFERENCE-CONTROL","INFERENCE-CONTROL",""
"","2","D1-GADT.12","","Fri Nov 08 00:34:14 GMT 2024","passed","Fri Nov 08 00:34:14 GMT 2024","","HYPERON-EXPERIMENTAL-SCRIPTS","HYPERON-EXPERIMENTAL-SCRIPTS",""
"","2","BACKWARD-CHAINER-XP.42","","Fri Nov 08 01:14:22 GMT 2024","passed","Fri Nov 08 01:14:22 GMT 2024","","BACKWARD-CHAINER","BACKWARD-CHAINER",""
"","1","DEFINE-IF-LIKE.03","","Fri Nov 08 01:46:09 GMT 2024","passed","Fri Nov 08 01:46:09 GMT 2024","","DIRECT-COMP","DIRECT-COMP",""
"","2","STRING-TESTS.06","","Fri Nov 08 00:35:50 GMT 2024","passed","Fri Nov 08 00:35:50 GMT 2024","","HYPERON-METTALOG-SANITY","HYPERON-METTALOG-SANITY",""
"","40000","SICP_book.chapter_1_3_2","","Fri Nov 08 00:34:10 GMT 2024","failed","Fri Nov 08 00:34:50 GMT 2024","","WHOLE-TESTS","WHOLE-TESTS",""
"","2","OR-TEST.12","","Fri Nov 08 00:35:50 GMT 2024","passed","Fri Nov 08 00:35:50 GMT 2024","","HYPERON-METTALOG-SANITY","HYPERON-METTALOG-SANITY",""
"","3","IOIOIOI.02","","Fri Nov 08 01:53:56 GMT 2024","passed","Fri Nov 08 01:53:56 GMT 2024","","MULTIDIRECTIONAL","MULTIDIRECTIONAL",""
"","2","PC-XP.13","","Fri Nov 08 01:23:17 GMT 2024","passed","Fri Nov 08 01:23:17 GMT 2024","","POLYWARD-CHAINING","POLYWARD-CHAINING",""
"","1","HYPERPOSING-UNSHARED.06","","Fri Nov 08 01:56:15 GMT 2024","passed","Fri Nov 08 01:56:15 GMT 2024","","BASIC","BASIC",""
"","2","INF-CTL-MONTH-BC-CONT-XP.22","","Fri Nov 08 01:18:32 GMT 2024","passed","Fri Nov 08 01:18:32 GMT 2024","","INFERENCE-CONTROL","INFERENCE-CONTROL",""
"","2","BC-XP.24","","Fri Nov 08 01:14:27 GMT 2024","passed","Fri Nov 08 01:14:27 GMT 2024","","BACKWARD-CHAINING","BACKWARD-CHAINING",""
"","4","OR-TEST.01","","Fri Nov 08 00:35:50 GMT 2024","passed","Fri Nov 08 00:35:50 GMT 2024","","HYPERON-METTALOG-SANITY","HYPERON-METTALOG-SANITY",""
"","290","QUERIES.06","","Fri Nov 08 01:06:48 GMT 2024","passed","Fri Nov 08 01:06:48 GMT 2024","","STRIPS-TO-METTA-IMPROVED","STRIPS-TO-METTA-IMPROVED",""
"","2","BC-XP.03","","Fri Nov 08 01:14:27 GMT 2024","passed","Fri Nov 08 01:14:27 GMT 2024","","BACKWARD-CHAINING","BACKWARD-CHAINING",""
"","3","SPACE-INTERSECTION-TESTS.13","","Fri Nov 08 00:35:50 GMT 2024","passed","Fri Nov 08 00:35:50 GMT 2024","","HYPERON-METTALOG-SANITY","HYPERON-METTALOG-SANITY",""
"","3","LET-SUPERPOSE-IF-CASE.02","","Fri Nov 08 01:47:09 GMT 2024","passed","Fri Nov 08 01:47:09 GMT 2024","","TRANSPILER","TRANSPILER",""
"","2","F1-IMPORTS.16","","Fri Nov 08 00:44:05 GMT 2024","passed","Fri Nov 08 00:44:05 GMT 2024","","QUICK","QUICK",""
"","2","TYPE-PROP.51","","Fri Nov 08 01:10:13 GMT 2024","passed","Fri Nov 08 01:10:13 GMT 2024","","CHECK-TYPES-TEMP","CHECK-TYPES-TEMP",""
"","252","SYNTHESIZE-VIA-UNIFY-TEST.08","","Fri Nov 08 01:25:10 GMT 2024","failed","Fri Nov 08 01:25:10 GMT 2024","","EXPERIMENTS","EXPERIMENTS",""
"","3","D2-HIGHERFUNC.12","","Fri Nov 08 00:34:14 GMT 2024","passed","Fri Nov 08 00:34:14 GMT 2024","","HYPERON-EXPERIMENTAL-SCRIPTS","HYPERON-EXPERIMENTAL-SCRIPTS",""
"","2","D4-TYPE-PROP.19","","Fri Nov 08 01:10:34 GMT 2024","passed","Fri Nov 08 01:10:34 GMT 2024","","CHECK-TYPES","CHECK-TYPES",""
"","3","SYNTHESIZE-VIA-CASE-TEST.04","","Fri Nov 08 01:25:10 GMT 2024","passed","Fri Nov 08 01:25:10 GMT 2024","","EXPERIMENTS","EXPERIMENTS",""
"","2","FORWARD-CHAINER-XP.15","","Fri Nov 08 01:17:07 GMT 2024","passed","Fri Nov 08 01:17:07 GMT 2024","","FORWARD-CHAINER","FORWARD-CHAINER",""
"","889","BC-IMPL.02","","Fri Nov 08 01:47:36 GMT 2024","passed","Fri Nov 08 01:47:36 GMT 2024","","WALK-THRU","WALK-THRU",""
"","15","CREATE-SERVER.02","","Fri Nov 08 01:52:02 GMT 2024","failed","Fri Nov 08 01:52:02 GMT 2024","","DISTRIBUTED-PROCESSING","DISTRIBUTED-PROCESSING",""
"","2","LISTTEST.16","","Fri Nov 08 01:14:36 GMT 2024","passed","Fri Nov 08 01:14:36 GMT 2024","","COMMON","COMMON",""
"","2","V2-PLN-XP-EASY-IMPL.01","","Fri Nov 08 00:49:03 GMT 2024","passed","Fri Nov 08 00:49:03 GMT 2024","","CHAINING","CHAINING",""
"","35000","language_models.training_logicmoo","","Fri Nov 08 00:34:10 GMT 2024","passed","Fri Nov 08 00:34:45 GMT 2024","","WHOLE-TESTS","WHOLE-TESTS",""
"","3","B5-TYPES-PRELIM.07","","Fri Nov 08 01:10:13 GMT 2024","passed","Fri Nov 08 01:10:13 GMT 2024","","CHECK-TYPES-TEMP","CHECK-TYPES-TEMP",""
"","2","D3-DEPTYPES.05","","Fri Nov 08 01:10:34 GMT 2024","passed","Fri Nov 08 01:10:34 GMT 2024","","CHECK-TYPES","CHECK-TYPES",""
"","2","FLIP-TEST.01","","Fri Nov 08 00:35:50 GMT 2024","passed","Fri Nov 08 00:35:50 GMT 2024","","HYPERON-METTALOG-SANITY","HYPERON-METTALOG-SANITY",""
"","40000","dependent-types.MinerDTL2Test","","Fri Nov 08 00:34:10 GMT 2024","failed","Fri Nov 08 00:34:50 GMT 2024","","WHOLE-TESTS","WHOLE-TESTS",""
"","13","CHAPTER-2-4.18","","Fri Nov 08 00:53:40 GMT 2024","failed","Fri Nov 08 00:53:40 GMT 2024","","SICP-BOOK","SICP-BOOK",""
"","2","SUBTRACTION-TEST.02","","Fri Nov 08 00:35:50 GMT 2024","passed","Fri Nov 08 00:35:50 GMT 2024","","HYPERON-METTALOG-SANITY","HYPERON-METTALOG-SANITY",""
"","4","OR-TEST.11","","Fri Nov 08 00:35:50 GMT 2024","passed","Fri Nov 08 00:35:50 GMT 2024","","HYPERON-METTALOG-SANITY","HYPERON-METTALOG-SANITY",""
"","5000","hyperon-mettalog_sanity.02-curried-plus","","Fri Nov 08 00:34:10 GMT 2024","passed","Fri Nov 08 00:34:15 GMT 2024","","WHOLE-TESTS","WHOLE-TESTS",""
"","2","B5-TYPES-PRELIM.21","","Fri Nov 08 00:34:14 GMT 2024","passed","Fri Nov 08 00:34:14 GMT 2024","","HYPERON-EXPERIMENTAL-SCRIPTS","HYPERON-EXPERIMENTAL-SCRIPTS",""
"","264","NATSIMPLETEST.02","","Fri Nov 08 01:17:20 GMT 2024","failed","Fri Nov 08 01:17:20 GMT 2024","","HOL","HOL",""
"","5000","debugging.hyperon_experimental_issue_500","","Fri Nov 08 00:34:10 GMT 2024","passed","Fri Nov 08 00:34:15 GMT 2024","","WHOLE-TESTS","WHOLE-TESTS",""
"","2","MATCH-SUPERPOSED-SPACES.03","","Fri Nov 08 00:39:48 GMT 2024","passed","Fri Nov 08 00:39:48 GMT 2024","","METTA-MORPH-TESTS","METTA-MORPH-TESTS",""
"","53","E3-MATCH-STATES.03","","Fri Nov 08 00:34:14 GMT 2024","failed","Fri Nov 08 00:34:14 GMT 2024","","HYPERON-EXPERIMENTAL-SCRIPTS","HYPERON-EXPERIMENTAL-SCRIPTS",""
"","7","TYPE-PROP.59","","Fri Nov 08 01:10:13 GMT 2024","failed","Fri Nov 08 01:10:13 GMT 2024","","CHECK-TYPES-TEMP","CHECK-TYPES-TEMP",""
"","2","SEQUENTIAL-NESTED.05","","Fri Nov 08 00:39:48 GMT 2024","passed","Fri Nov 08 00:39:48 GMT 2024","","METTA-MORPH-TESTS","METTA-MORPH-TESTS",""
"","2","MATCH-VOID.03","","Fri Nov 08 00:39:48 GMT 2024","passed","Fri Nov 08 00:39:48 GMT 2024","","METTA-MORPH-TESTS","METTA-MORPH-TESTS",""
"","2","BCHAIN-COMP.02","","Fri Nov 08 00:41:57 GMT 2024","passed","Fri Nov 08 00:41:57 GMT 2024","","ANTI-REGRESSION","ANTI-REGRESSION",""
"","4000","hyperon-experimental_scripts.a1_symbols","","Fri Nov 08 00:34:10 GMT 2024","passed","Fri Nov 08 00:34:14 GMT 2024","","WHOLE-TESTS","WHOLE-TESTS",""
"","4000","logic.memb","","Fri Nov 08 00:34:10 GMT 2024","passed","Fri Nov 08 00:34:14 GMT 2024","","WHOLE-TESTS","WHOLE-TESTS",""
"","40000","comparisons.fibo_Arg1i","","Fri Nov 08 00:34:10 GMT 2024","failed","Fri Nov 08 00:34:50 GMT 2024","","WHOLE-TESTS","WHOLE-TESTS",""
"","2","D4-TYPE-PROP.13","","Fri Nov 08 01:10:34 GMT 2024","passed","Fri Nov 08 01:10:34 GMT 2024","","CHECK-TYPES","CHECK-TYPES",""
"","2","B5-TYPES-PRELIM.20","","Fri Nov 08 01:10:13 GMT 2024","passed","Fri Nov 08 01:10:13 GMT 2024","","CHECK-TYPES-TEMP","CHECK-TYPES-TEMP",""
"","5000","comparisons.add-atom-naive-fib","","Fri Nov 08 00:34:10 GMT 2024","passed","Fri Nov 08 00:34:15 GMT 2024","","WHOLE-TESTS","WHOLE-TESTS",""
"","2","F1-IMPORTS.03","","Fri Nov 08 00:34:14 GMT 2024","passed","Fri Nov 08 00:34:14 GMT 2024","","HYPERON-EXPERIMENTAL-SCRIPTS","HYPERON-EXPERIMENTAL-SCRIPTS",""
"","4000","debugging.hyperon_experimental_issue_492","","Fri Nov 08 00:34:10 GMT 2024","passed","Fri Nov 08 00:34:14 GMT 2024","","WHOLE-TESTS","WHOLE-TESTS",""
"","2","B5-TYPES-PRELIM.25","","Fri Nov 08 00:34:14 GMT 2024","passed","Fri Nov 08 00:34:14 GMT 2024","","HYPERON-EXPERIMENTAL-SCRIPTS","HYPERON-EXPERIMENTAL-SCRIPTS",""
"","2","D1-GADT.06","","Fri Nov 08 01:10:34 GMT 2024","passed","Fri Nov 08 01:10:34 GMT 2024","","CHECK-TYPES","CHECK-TYPES",""
"","4","FORWARD-CHAINER-TEST.15","","Fri Nov 08 01:17:07 GMT 2024","passed","Fri Nov 08 01:17:07 GMT 2024","","FORWARD-CHAINER","FORWARD-CHAINER",""
"","2","D2-HIGHERFUNC.14","","Fri Nov 08 00:44:05 GMT 2024","passed","Fri Nov 08 00:44:05 GMT 2024","","QUICK","QUICK",""
"","5","GENE-PLN-XP.03","","Fri Nov 08 01:10:00 GMT 2024","passed","Fri Nov 08 01:10:00 GMT 2024","","PLN","PLN",""
"","91","SUBTYPING-TEST.05","","Fri Nov 08 01:23:22 GMT 2024","failed","Fri Nov 08 01:23:22 GMT 2024","","SUBTYPING","SUBTYPING",""
"","52","TYPE-PROP.67","","Fri Nov 08 01:10:13 GMT 2024","failed","Fri Nov 08 01:10:13 GMT 2024","","CHECK-TYPES-TEMP","CHECK-TYPES-TEMP",""
"","2","TEST-IF-CLOSED.05","","Fri Nov 08 00:41:57 GMT 2024","passed","Fri Nov 08 00:41:57 GMT 2024","","ANTI-REGRESSION","ANTI-REGRESSION",""
"","2","AI-SERVICE-COMPOSITION-EASY.01","","Fri Nov 08 01:07:41 GMT 2024","passed","Fri Nov 08 01:07:41 GMT 2024","","AI-SERVICE","AI-SERVICE",""
"","2","ADD-REMOVE-MATCH-FLOAT.02","","Fri Nov 08 00:51:22 GMT 2024","passed","Fri Nov 08 00:51:22 GMT 2024","","SPACES","SPACES",""
"","2","IFC-XP.31","","Fri Nov 08 01:20:34 GMT 2024","passed","Fri Nov 08 01:20:34 GMT 2024","","ITERATIVE-CHAINING","ITERATIVE-CHAINING",""
"","3","SUBTYPING-TEST.01","","Fri Nov 08 01:23:22 GMT 2024","passed","Fri Nov 08 01:23:22 GMT 2024","","SUBTYPING","SUBTYPING",""
"","3","MODUSPONENSDTLTEST.02","","Fri Nov 08 01:13:15 GMT 2024","passed","Fri Nov 08 01:13:15 GMT 2024","","DEPENDENT-TYPES","DEPENDENT-TYPES",""
"","45000","bio-atomspace.pln-xp","","Fri Nov 08 00:34:10 GMT 2024","failed","Fri Nov 08 00:34:55 GMT 2024","","WHOLE-TESTS","WHOLE-TESTS",""
"","68","STATE-TYPES.19","","Fri Nov 08 01:56:15 GMT 2024","failed","Fri Nov 08 01:56:15 GMT 2024","","BASIC","BASIC",""
"","3","ADD-REMOVE-MATCH-S-STRINGS.16","","Fri Nov 08 00:51:22 GMT 2024","passed","Fri Nov 08 00:51:22 GMT 2024","","SPACES","SPACES",""
"","45000","nars_v0.tests2","","Fri Nov 08 00:34:10 GMT 2024","failed","Fri Nov 08 00:34:55 GMT 2024","","WHOLE-TESTS","WHOLE-TESTS",""
"","7000","comparisons.nils_if_control_test_5","","Fri Nov 08 00:34:10 GMT 2024","passed","Fri Nov 08 00:34:17 GMT 2024","","WHOLE-TESTS","WHOLE-TESTS",""
"","5000","metta-morph_tests.let_superpose_if_case","","Fri Nov 08 00:34:10 GMT 2024","passed","Fri Nov 08 00:34:15 GMT 2024","","WHOLE-TESTS","WHOLE-TESTS",""
"","2","FORWARD-CHAINER-TEST.07","","Fri Nov 08 01:17:07 GMT 2024","passed","Fri Nov 08 01:17:07 GMT 2024","","FORWARD-CHAINER","FORWARD-CHAINER",""
"","3","BC-XP.01","","Fri Nov 08 00:49:03 GMT 2024","passed","Fri Nov 08 00:49:03 GMT 2024","","CHAINING","CHAINING",""
"","5000","fizzbuzz.simple","","Fri Nov 08 00:34:10 GMT 2024","passed","Fri Nov 08 00:34:15 GMT 2024","","WHOLE-TESTS","WHOLE-TESTS",""
"","13","D2-HIGHERFUNC.22","","Fri Nov 08 00:44:05 GMT 2024","passed","Fri Nov 08 00:44:05 GMT 2024","","QUICK","QUICK",""
"","1645","SELF-CONTAINED-SYNTHESIZE.12","","Fri Nov 08 01:25:10 GMT 2024","failed","Fri Nov 08 01:25:11 GMT 2024","","EXPERIMENTS","EXPERIMENTS",""
"","2","IFC-XP.16","","Fri Nov 08 01:20:34 GMT 2024","passed","Fri Nov 08 01:20:34 GMT 2024","","ITERATIVE-CHAINING","ITERATIVE-CHAINING",""
"","4000","hyperon-experimental_scripts.d1_gadt","","Fri Nov 08 00:34:10 GMT 2024","passed","Fri Nov 08 00:34:14 GMT 2024","","WHOLE-TESTS","WHOLE-TESTS",""
"","2","PREREQS.01","","Fri Nov 08 00:44:34 GMT 2024","passed","Fri Nov 08 00:44:34 GMT 2024","","MAIN-BRANCH","MAIN-BRANCH",""
"","3","BCHAIN-COMP.01","","Fri Nov 08 01:47:36 GMT 2024","passed","Fri Nov 08 01:47:36 GMT 2024","","WALK-THRU","WALK-THRU",""
"","2","IBC-XP.02","","Fri Nov 08 01:20:34 GMT 2024","passed","Fri Nov 08 01:20:34 GMT 2024","","ITERATIVE-CHAINING","ITERATIVE-CHAINING",""
"","2","C1-GROUNDED-BASIC.05","","Fri Nov 08 00:34:14 GMT 2024","passed","Fri Nov 08 00:34:14 GMT 2024","","HYPERON-EXPERIMENTAL-SCRIPTS","HYPERON-EXPERIMENTAL-SCRIPTS",""
"","5000","possibly_wrong.too_eager_math","","Fri Nov 08 00:34:10 GMT 2024","passed","Fri Nov 08 00:34:15 GMT 2024","","WHOLE-TESTS","WHOLE-TESTS",""
"","40000","SICP_book.chapter_2_1","","Fri Nov 08 00:34:10 GMT 2024","failed","Fri Nov 08 00:34:50 GMT 2024","","WHOLE-TESTS","WHOLE-TESTS",""
"","2","SUPERCOLLAPSE.07","","Fri Nov 08 00:39:48 GMT 2024","passed","Fri Nov 08 00:39:48 GMT 2024","","METTA-MORPH-TESTS","METTA-MORPH-TESTS",""
"","259","SYNTHESIZE-VIA-CASE-TEST.05","","Fri Nov 08 01:25:10 GMT 2024","failed","Fri Nov 08 01:25:10 GMT 2024","","EXPERIMENTS","EXPERIMENTS",""
"","40000","comparisons.nils_if_control_test_10","","Fri Nov 08 00:34:10 GMT 2024","failed","Fri Nov 08 00:34:50 GMT 2024","","WHOLE-TESTS","WHOLE-TESTS",""
"","2","TYPE-PROP.28","","Fri Nov 08 01:10:13 GMT 2024","passed","Fri Nov 08 01:10:13 GMT 2024","","CHECK-TYPES-TEMP","CHECK-TYPES-TEMP",""
"","2","METTALOGTESTCURRIED2.02","","Fri Nov 08 01:47:36 GMT 2024","passed","Fri Nov 08 01:47:36 GMT 2024","","WALK-THRU","WALK-THRU",""
"","2","ADD-REMOVE-MATCH-INTEGER.33","","Fri Nov 08 00:51:22 GMT 2024","passed","Fri Nov 08 00:51:22 GMT 2024","","SPACES","SPACES",""
"","1","D1-GADT.14","","Fri Nov 08 00:44:05 GMT 2024","passed","Fri Nov 08 00:44:05 GMT 2024","","QUICK","QUICK",""
"","5000","multidirectional.append","","Fri Nov 08 00:34:10 GMT 2024","passed","Fri Nov 08 00:34:15 GMT 2024","","WHOLE-TESTS","WHOLE-TESTS",""
"","16","INF-CTL-XP.15","","Fri Nov 08 01:18:32 GMT 2024","failed","Fri Nov 08 01:18:32 GMT 2024","","INFERENCE-CONTROL","INFERENCE-CONTROL",""
"","15","D1-GADT.04","","Fri Nov 08 00:34:14 GMT 2024","passed","Fri Nov 08 00:34:14 GMT 2024","","HYPERON-EXPERIMENTAL-SCRIPTS","HYPERON-EXPERIMENTAL-SCRIPTS",""
"","48","PC-XP.01","","Fri Nov 08 01:23:17 GMT 2024","failed","Fri Nov 08 01:23:17 GMT 2024","","POLYWARD-CHAINING","POLYWARD-CHAINING",""
"","5","SPACE-SUBTRACTION-TESTS.09","","Fri Nov 08 00:35:50 GMT 2024","passed","Fri Nov 08 00:35:50 GMT 2024","","HYPERON-METTALOG-SANITY","HYPERON-METTALOG-SANITY",""
"","2","E1-KB-WRITE.02","","Fri Nov 08 00:34:14 GMT 2024","passed","Fri Nov 08 00:34:14 GMT 2024","","HYPERON-EXPERIMENTAL-SCRIPTS","HYPERON-EXPERIMENTAL-SCRIPTS",""
"","2","BACKWARD-CHAINER-XP.11","","Fri Nov 08 01:14:22 GMT 2024","passed","Fri Nov 08 01:14:22 GMT 2024","","BACKWARD-CHAINER","BACKWARD-CHAINER",""
"","4000","graphml.graphml_test","","Fri Nov 08 00:34:10 GMT 2024","passed","Fri Nov 08 00:34:14 GMT 2024","","WHOLE-TESTS","WHOLE-TESTS",""
"","2","STATE-TYPES.13","","Fri Nov 08 01:56:15 GMT 2024","passed","Fri Nov 08 01:56:15 GMT 2024","","BASIC","BASIC",""
"","41","BACKWARD-CHAINER-XP.06","","Fri Nov 08 01:14:22 GMT 2024","failed","Fri Nov 08 01:14:22 GMT 2024","","BACKWARD-CHAINER","BACKWARD-CHAINER",""
"","40000","hol.NatSimpleTest","","Fri Nov 08 00:34:10 GMT 2024","passed","Fri Nov 08 00:34:50 GMT 2024","","WHOLE-TESTS","WHOLE-TESTS",""
"","40000","basic.hanoi-peg-space","","Fri Nov 08 00:34:10 GMT 2024","failed","Fri Nov 08 00:34:50 GMT 2024","","WHOLE-TESTS","WHOLE-TESTS",""
"","2","E2-STATES.02","","Fri Nov 08 00:34:14 GMT 2024","passed","Fri Nov 08 00:34:14 GMT 2024","","HYPERON-EXPERIMENTAL-SCRIPTS","HYPERON-EXPERIMENTAL-SCRIPTS",""
"","2","IMPL-METTALOGTESTCURRIED.08","","Fri Nov 08 01:47:36 GMT 2024","passed","Fri Nov 08 01:47:36 GMT 2024","","WALK-THRU","WALK-THRU",""
"","1","FORWARD-CHAINER-XP.17","","Fri Nov 08 01:17:07 GMT 2024","passed","Fri Nov 08 01:17:07 GMT 2024","","FORWARD-CHAINER","FORWARD-CHAINER",""
"","2","ADD-REMOVE-MATCH-SS-SYMBOLS.16","","Fri Nov 08 00:51:22 GMT 2024","passed","Fri Nov 08 00:51:22 GMT 2024","","SPACES","SPACES",""
"","9","D4-TYPE-PROP.03","","Fri Nov 08 00:34:14 GMT 2024","passed","Fri Nov 08 00:34:14 GMT 2024","","HYPERON-EXPERIMENTAL-SCRIPTS","HYPERON-EXPERIMENTAL-SCRIPTS",""
"","2","TEST-IF-CLOSED.10","","Fri Nov 08 00:41:57 GMT 2024","passed","Fri Nov 08 00:41:57 GMT 2024","","ANTI-REGRESSION","ANTI-REGRESSION",""
"","2","SUBTRACTION-TEST.09","","Fri Nov 08 00:35:50 GMT 2024","passed","Fri Nov 08 00:35:50 GMT 2024","","HYPERON-METTALOG-SANITY","HYPERON-METTALOG-SANITY",""
"","2","ADD-REMOVE-MATCH-INTEGER.24","","Fri Nov 08 00:51:22 GMT 2024","passed","Fri Nov 08 00:51:22 GMT 2024","","SPACES","SPACES",""
"","2","SPACE-INTERSECTION-TESTS.11","","Fri Nov 08 00:35:50 GMT 2024","passed","Fri Nov 08 00:35:50 GMT 2024","","HYPERON-METTALOG-SANITY","HYPERON-METTALOG-SANITY",""
"","1","ADD-REMOVE-MATCH-INTEGER.12","","Fri Nov 08 00:51:22 GMT 2024","passed","Fri Nov 08 00:51:22 GMT 2024","","SPACES","SPACES",""
"","55","MODUSPONENSDTLTEST.01","","Fri Nov 08 01:13:15 GMT 2024","failed","Fri Nov 08 01:13:15 GMT 2024","","DEPENDENT-TYPES","DEPENDENT-TYPES",""
"","3","STATE-TYPES.22","","Fri Nov 08 01:56:15 GMT 2024","passed","Fri Nov 08 01:56:15 GMT 2024","","BASIC","BASIC",""
"","15000","anti-regression.debug_mettalogTestCurried","","Fri Nov 08 00:34:10 GMT 2024","failed","Fri Nov 08 00:34:25 GMT 2024","","WHOLE-TESTS","WHOLE-TESTS",""
"","2","SYNTHESIZE-VIA-TYPE-CHECKING.06","","Fri Nov 08 01:25:10 GMT 2024","passed","Fri Nov 08 01:25:10 GMT 2024","","EXPERIMENTS","EXPERIMENTS",""
"","3","B5-TYPES-PRELIM.01","","Fri Nov 08 01:10:13 GMT 2024","passed","Fri Nov 08 01:10:13 GMT 2024","","CHECK-TYPES-TEMP","CHECK-TYPES-TEMP",""
"","99","PREREQS.08","","Fri Nov 08 00:44:34 GMT 2024","failed","Fri Nov 08 00:44:34 GMT 2024","","MAIN-BRANCH","MAIN-BRANCH",""
"","2","BCHAIN.04","","Fri Nov 08 00:41:57 GMT 2024","passed","Fri Nov 08 00:41:57 GMT 2024","","ANTI-REGRESSION","ANTI-REGRESSION",""
"","84","INTERSECTION-TESTS.28","","Fri Nov 08 00:35:50 GMT 2024","failed","Fri Nov 08 00:35:50 GMT 2024","","HYPERON-METTALOG-SANITY","HYPERON-METTALOG-SANITY",""
"","45000","new.tests5","","Fri Nov 08 00:34:10 GMT 2024","failed","Fri Nov 08 00:34:55 GMT 2024","","WHOLE-TESTS","WHOLE-TESTS",""
"","3","FORWARD-CHAINER-TEST.06","","Fri Nov 08 01:17:07 GMT 2024","passed","Fri Nov 08 01:17:07 GMT 2024","","FORWARD-CHAINER","FORWARD-CHAINER",""
"","2","PLN-XP-LOCAL-V2.01","","Fri Nov 08 00:49:03 GMT 2024","passed","Fri Nov 08 00:49:03 GMT 2024","","CHAINING","CHAINING",""
"","40000","dependent-types.MinerDTL1Test","","Fri Nov 08 00:34:10 GMT 2024","failed","Fri Nov 08 00:34:50 GMT 2024","","WHOLE-TESTS","WHOLE-TESTS",""
"","2","ZEROARGS.01","","Fri Nov 08 00:39:48 GMT 2024","passed","Fri Nov 08 00:39:48 GMT 2024","","METTA-MORPH-TESTS","METTA-MORPH-TESTS",""
"","1","IMPL-METTALOGTESTCURRIED.12","","Fri Nov 08 01:47:36 GMT 2024","passed","Fri Nov 08 01:47:36 GMT 2024","","WALK-THRU","WALK-THRU",""
"","3","BCHAIN.04","","Fri Nov 08 01:47:36 GMT 2024","passed","Fri Nov 08 01:47:36 GMT 2024","","WALK-THRU","WALK-THRU",""
"","5000","entail.ImplicationDirectIntroductionEntailTest","","Fri Nov 08 00:34:10 GMT 2024","passed","Fri Nov 08 00:34:15 GMT 2024","","WHOLE-TESTS","WHOLE-TESTS",""
"","2","ADD-REMOVE-MATCH-S-SYMBOLS.16","","Fri Nov 08 00:51:22 GMT 2024","passed","Fri Nov 08 00:51:22 GMT 2024","","SPACES","SPACES",""
"","5000","hyperon-experimental_scripts.e1_kb_write","","Fri Nov 08 00:34:10 GMT 2024","passed","Fri Nov 08 00:34:15 GMT 2024","","WHOLE-TESTS","WHOLE-TESTS",""
"","2","D2-HIGHERFUNC.10","","Fri Nov 08 00:44:05 GMT 2024","passed","Fri Nov 08 00:44:05 GMT 2024","","QUICK","QUICK",""
"","140","STDLIB-METTALOG-TEST-PT2.20","","Fri Nov 08 00:53:30 GMT 2024","failed","Fri Nov 08 00:53:30 GMT 2024","","STDLIB-METTALOG","STDLIB-METTALOG",""
"","2","CHAPTER-2-4.06","","Fri Nov 08 00:53:40 GMT 2024","passed","Fri Nov 08 00:53:40 GMT 2024","","SICP-BOOK","SICP-BOOK",""
"","2","TYPE-PROP.13","","Fri Nov 08 01:10:13 GMT 2024","passed","Fri Nov 08 01:10:13 GMT 2024","","CHECK-TYPES-TEMP","CHECK-TYPES-TEMP",""
"","252","SHOW-TYPE.16","","Fri Nov 08 00:51:07 GMT 2024","failed","Fri Nov 08 00:51:07 GMT 2024","","INTROSPECT","INTROSPECT",""
"","300","NATSIMPLETEST.03","","Fri Nov 08 01:17:20 GMT 2024","failed","Fri Nov 08 01:17:20 GMT 2024","","HOL","HOL",""
"","143","STDLIB-METTALOG-TEST-PT2.48","","Fri Nov 08 00:53:30 GMT 2024","failed","Fri Nov 08 00:53:30 GMT 2024","","STDLIB-METTALOG","STDLIB-METTALOG",""
"","131","TESTS0.01","","Fri Nov 08 01:34:24 GMT 2024","passed","Fri Nov 08 01:34:24 GMT 2024","","NARS-V0","NARS-V0",""
"","2","FORWARD-CHAINER-XP.02","","Fri Nov 08 01:17:07 GMT 2024","passed","Fri Nov 08 01:17:07 GMT 2024","","FORWARD-CHAINER","FORWARD-CHAINER",""
"","5000","quick.f1_imports","","Fri Nov 08 00:34:10 GMT 2024","passed","Fri Nov 08 00:34:15 GMT 2024","","WHOLE-TESTS","WHOLE-TESTS",""
"","2","ADD-REMOVE-MATCH-S-STRINGS.15","","Fri Nov 08 00:51:22 GMT 2024","passed","Fri Nov 08 00:51:22 GMT 2024","","SPACES","SPACES",""
"","79","INTERSECTION-TESTS.29","","Fri Nov 08 00:35:50 GMT 2024","failed","Fri Nov 08 00:35:50 GMT 2024","","HYPERON-METTALOG-SANITY","HYPERON-METTALOG-SANITY",""
"","4000","metta_to_amr.instances","","Fri Nov 08 00:34:10 GMT 2024","passed","Fri Nov 08 00:34:14 GMT 2024","","WHOLE-TESTS","WHOLE-TESTS",""
"","3","SUBTRACTION-TEST.01","","Fri Nov 08 00:35:50 GMT 2024","passed","Fri Nov 08 00:35:50 GMT 2024","","HYPERON-METTALOG-SANITY","HYPERON-METTALOG-SANITY",""
"","1","TYPE-PROP.61","","Fri Nov 08 01:10:13 GMT 2024","passed","Fri Nov 08 01:10:13 GMT 2024","","CHECK-TYPES-TEMP","CHECK-TYPES-TEMP",""
"","2","06-MATCH-IN-SPACE.06","","Fri Nov 08 00:35:50 GMT 2024","passed","Fri Nov 08 00:35:50 GMT 2024","","HYPERON-METTALOG-SANITY","HYPERON-METTALOG-SANITY",""
"","6","SEALED-TEST.01","","Fri Nov 08 00:35:50 GMT 2024","passed","Fri Nov 08 00:35:50 GMT 2024","","HYPERON-METTALOG-SANITY","HYPERON-METTALOG-SANITY",""
"","3","FORWARD-CHAINER-XP.26","","Fri Nov 08 01:17:07 GMT 2024","passed","Fri Nov 08 01:17:07 GMT 2024","","FORWARD-CHAINER","FORWARD-CHAINER",""
"","126","STDLIB-METTALOG-TEST-PT2.37","","Fri Nov 08 00:53:30 GMT 2024","failed","Fri Nov 08 00:53:30 GMT 2024","","STDLIB-METTALOG","STDLIB-METTALOG",""
"","58","TESTS1.01","","Fri Nov 08 01:38:18 GMT 2024","failed","Fri Nov 08 01:38:18 GMT 2024","","NEW","NEW",""
"","47","FORWARD-CHAINER-XP.01","","Fri Nov 08 01:17:07 GMT 2024","failed","Fri Nov 08 01:17:07 GMT 2024","","FORWARD-CHAINER","FORWARD-CHAINER",""
"","3","B1-EQUAL-CHAIN.01","","Fri Nov 08 00:34:14 GMT 2024","passed","Fri Nov 08 00:34:14 GMT 2024","","HYPERON-EXPERIMENTAL-SCRIPTS","HYPERON-EXPERIMENTAL-SCRIPTS",""
"","2","F1-IMPORTS.15","","Fri Nov 08 00:34:14 GMT 2024","passed","Fri Nov 08 00:34:14 GMT 2024","","HYPERON-EXPERIMENTAL-SCRIPTS","HYPERON-EXPERIMENTAL-SCRIPTS",""
"","2","BACKWARD-CHAINER-XP.14","","Fri Nov 08 01:14:22 GMT 2024","passed","Fri Nov 08 01:14:22 GMT 2024","","BACKWARD-CHAINER","BACKWARD-CHAINER",""
"","104","STDLIB-METTALOG-TEST-PT2.02","","Fri Nov 08 00:53:30 GMT 2024","failed","Fri Nov 08 00:53:30 GMT 2024","","STDLIB-METTALOG","STDLIB-METTALOG",""
"","3","TMPMATCH2.01","","Fri Nov 08 00:41:57 GMT 2024","passed","Fri Nov 08 00:41:57 GMT 2024","","ANTI-REGRESSION","ANTI-REGRESSION",""
"","2","DEDUCTIONFORMULATEST.08","","Fri Nov 08 01:14:59 GMT 2024","passed","Fri Nov 08 01:14:59 GMT 2024","","FORMULA","FORMULA",""
"","75","F1-IMPORTS.13","","Fri Nov 08 00:34:14 GMT 2024","failed","Fri Nov 08 00:34:14 GMT 2024","","HYPERON-EXPERIMENTAL-SCRIPTS","HYPERON-EXPERIMENTAL-SCRIPTS",""
"","29","STRUCTURE-TESTS.01","","Fri Nov 08 00:35:50 GMT 2024","passed","Fri Nov 08 00:35:50 GMT 2024","","HYPERON-METTALOG-SANITY","HYPERON-METTALOG-SANITY",""
"","2","OR-TEST.03","","Fri Nov 08 00:35:50 GMT 2024","passed","Fri Nov 08 00:35:50 GMT 2024","","HYPERON-METTALOG-SANITY","HYPERON-METTALOG-SANITY",""
"","2","NATPARITYTEST.16","","Fri Nov 08 01:17:20 GMT 2024","passed","Fri Nov 08 01:17:20 GMT 2024","","HOL","HOL",""
"","4000","spaces.add-remove-match-s-symbols","","Fri Nov 08 00:34:10 GMT 2024","passed","Fri Nov 08 00:34:14 GMT 2024","","WHOLE-TESTS","WHOLE-TESTS",""
"","108","NATTEST.03","","Fri Nov 08 01:17:20 GMT 2024","failed","Fri Nov 08 01:17:20 GMT 2024","","HOL","HOL",""
"","2","TYPE-PROP.08","","Fri Nov 08 00:49:03 GMT 2024","passed","Fri Nov 08 00:49:03 GMT 2024","","CHAINING","CHAINING",""
"","2","UNIQUE-TEST.03","","Fri Nov 08 00:35:50 GMT 2024","passed","Fri Nov 08 00:35:50 GMT 2024","","HYPERON-METTALOG-SANITY","HYPERON-METTALOG-SANITY",""
"","3","V2-PLN-XP-SYS-IMPL.01","","Fri Nov 08 00:49:03 GMT 2024","passed","Fri Nov 08 00:49:03 GMT 2024","","CHAINING","CHAINING",""
"","2","D2-HIGHERFUNC.19","","Fri Nov 08 01:10:34 GMT 2024","passed","Fri Nov 08 01:10:34 GMT 2024","","CHECK-TYPES","CHECK-TYPES",""
"","3","D4-TYPE-PROP.08","","Fri Nov 08 01:10:34 GMT 2024","passed","Fri Nov 08 01:10:34 GMT 2024","","CHECK-TYPES","CHECK-TYPES",""
"","5000","spaces.add-remove-match-strings","","Fri Nov 08 00:34:10 GMT 2024","passed","Fri Nov 08 00:34:15 GMT 2024","","WHOLE-TESTS","WHOLE-TESTS",""
"","1","BC-XP.04","","Fri Nov 08 00:49:03 GMT 2024","passed","Fri Nov 08 00:49:03 GMT 2024","","CHAINING","CHAINING",""
"","2","C1-GROUNDED-BASIC.22","","Fri Nov 08 00:34:14 GMT 2024","passed","Fri Nov 08 00:34:14 GMT 2024","","HYPERON-EXPERIMENTAL-SCRIPTS","HYPERON-EXPERIMENTAL-SCRIPTS",""
"","2","BASIC.08","","Fri Nov 08 01:07:29 GMT 2024","passed","Fri Nov 08 01:07:29 GMT 2024","","TRAVERSER","TRAVERSER",""
"","3","INTERSECTION-TESTS.27","","Fri Nov 08 00:35:50 GMT 2024","passed","Fri Nov 08 00:35:50 GMT 2024","","HYPERON-METTALOG-SANITY","HYPERON-METTALOG-SANITY",""
"","3","UNIQUE-TEST.01","","Fri Nov 08 00:35:50 GMT 2024","passed","Fri Nov 08 00:35:50 GMT 2024","","HYPERON-METTALOG-SANITY","HYPERON-METTALOG-SANITY",""
"","2","B5-TYPES-PRELIM.05","","Fri Nov 08 01:10:13 GMT 2024","passed","Fri Nov 08 01:10:13 GMT 2024","","CHECK-TYPES-TEMP","CHECK-TYPES-TEMP",""
"","2","CHAPTER-2-4.08","","Fri Nov 08 00:53:40 GMT 2024","passed","Fri Nov 08 00:53:40 GMT 2024","","SICP-BOOK","SICP-BOOK",""
"","106","NUMTEST.07","","Fri Nov 08 01:14:36 GMT 2024","failed","Fri Nov 08 01:14:36 GMT 2024","","COMMON","COMMON",""
"","89","ADD-REMOVE-MATCH-INTEGER.14","","Fri Nov 08 00:51:22 GMT 2024","passed","Fri Nov 08 00:51:22 GMT 2024","","SPACES","SPACES",""
"","2","D1-GADT.12","","Fri Nov 08 00:44:05 GMT 2024","passed","Fri Nov 08 00:44:05 GMT 2024","","QUICK","QUICK",""
"","3","IFC-XP.22","","Fri Nov 08 01:20:34 GMT 2024","passed","Fri Nov 08 01:20:34 GMT 2024","","ITERATIVE-CHAINING","ITERATIVE-CHAINING",""
"","2","B5-TYPES-PRELIM.06","","Fri Nov 08 00:34:14 GMT 2024","passed","Fri Nov 08 00:34:14 GMT 2024","","HYPERON-EXPERIMENTAL-SCRIPTS","HYPERON-EXPERIMENTAL-SCRIPTS",""
"","2","INF-CTL-MONTH-BC-CONT-XP.10","","Fri Nov 08 01:18:32 GMT 2024","passed","Fri Nov 08 01:18:32 GMT 2024","","INFERENCE-CONTROL","INFERENCE-CONTROL",""
"","2","XOR-TEST.10","","Fri Nov 08 00:35:50 GMT 2024","passed","Fri Nov 08 00:35:50 GMT 2024","","HYPERON-METTALOG-SANITY","HYPERON-METTALOG-SANITY",""
"","2","TYPE-PROP.03","","Fri Nov 08 00:49:03 GMT 2024","passed","Fri Nov 08 00:49:03 GMT 2024","","CHAINING","CHAINING",""
"","2","00A-LANG-COMPILED-CASE.02","","Fri Nov 08 01:46:09 GMT 2024","passed","Fri Nov 08 01:46:09 GMT 2024","","DIRECT-COMP","DIRECT-COMP",""
"","1326","TESTS3.02","","Fri Nov 08 00:44:34 GMT 2024","failed","Fri Nov 08 00:44:35 GMT 2024","","MAIN-BRANCH","MAIN-BRANCH",""
"","23","SHOW-TYPE.09","","Fri Nov 08 00:51:07 GMT 2024","passed","Fri Nov 08 00:51:07 GMT 2024","","INTROSPECT","INTROSPECT",""
"","2","TYPES-PRELIM.15","","Fri Nov 08 00:49:03 GMT 2024","passed","Fri Nov 08 00:49:03 GMT 2024","","CHAINING","CHAINING",""
"","2","TYPE-PROP.31","","Fri Nov 08 01:10:13 GMT 2024","passed","Fri Nov 08 01:10:13 GMT 2024","","CHECK-TYPES-TEMP","CHECK-TYPES-TEMP",""
"","3","STATE-TYPES.12","","Fri Nov 08 01:56:15 GMT 2024","passed","Fri Nov 08 01:56:15 GMT 2024","","BASIC","BASIC",""
"","121","LOCATED-TEST.03","","Fri Nov 08 01:24:11 GMT 2024","passed","Fri Nov 08 01:24:11 GMT 2024","","LOCATED","LOCATED",""
"","1","B4-NONDETERM.02","","Fri Nov 08 00:34:14 GMT 2024","passed","Fri Nov 08 00:34:14 GMT 2024","","HYPERON-EXPERIMENTAL-SCRIPTS","HYPERON-EXPERIMENTAL-SCRIPTS",""
"","2","LISTTEST.13","","Fri Nov 08 01:14:36 GMT 2024","passed","Fri Nov 08 01:14:36 GMT 2024","","COMMON","COMMON",""
"","225","SYNTHESIZE-VIA-UNIFY-TEST.03","","Fri Nov 08 01:25:10 GMT 2024","failed","Fri Nov 08 01:25:10 GMT 2024","","EXPERIMENTS","EXPERIMENTS",""
"","1","KEY-LOOKUPS-MANY.12","","Fri Nov 08 01:56:15 GMT 2024","passed","Fri Nov 08 01:56:15 GMT 2024","","BASIC","BASIC",""
"","5000","check_types-temp.b5_types_prelim","","Fri Nov 08 00:34:10 GMT 2024","passed","Fri Nov 08 00:34:15 GMT 2024","","WHOLE-TESTS","WHOLE-TESTS",""
"","3","METTALOGTESTCURRIED2.03","","Fri Nov 08 00:41:57 GMT 2024","passed","Fri Nov 08 00:41:57 GMT 2024","","ANTI-REGRESSION","ANTI-REGRESSION",""
"","3","TESTS2.01","","Fri Nov 08 00:44:34 GMT 2024","passed","Fri Nov 08 00:44:34 GMT 2024","","MAIN-BRANCH","MAIN-BRANCH",""
"","2","HYPERPOSE.10","","Fri Nov 08 00:39:48 GMT 2024","passed","Fri Nov 08 00:39:48 GMT 2024","","METTA-MORPH-TESTS","METTA-MORPH-TESTS",""
"","3","QUERIES.01","","Fri Nov 08 01:06:48 GMT 2024","passed","Fri Nov 08 01:06:48 GMT 2024","","STRIPS-TO-METTA-IMPROVED","STRIPS-TO-METTA-IMPROVED",""
"","45000","language_models.weighted_pllm","","Fri Nov 08 00:34:10 GMT 2024","failed","Fri Nov 08 00:34:55 GMT 2024","","WHOLE-TESTS","WHOLE-TESTS",""
"","2","FORWARD-CHAINER-XP.19","","Fri Nov 08 01:17:07 GMT 2024","passed","Fri Nov 08 01:17:07 GMT 2024","","FORWARD-CHAINER","FORWARD-CHAINER",""
"","2","D3-DEPTYPES.07","","Fri Nov 08 01:10:34 GMT 2024","passed","Fri Nov 08 01:10:34 GMT 2024","","CHECK-TYPES","CHECK-TYPES",""
"","349","METTALOGTESTCURRIED2.07","","Fri Nov 08 01:47:36 GMT 2024","passed","Fri Nov 08 01:47:36 GMT 2024","","WALK-THRU","WALK-THRU",""
"","71","D2-HIGHERFUNC.07","","Fri Nov 08 00:34:14 GMT 2024","failed","Fri Nov 08 00:34:14 GMT 2024","","HYPERON-EXPERIMENTAL-SCRIPTS","HYPERON-EXPERIMENTAL-SCRIPTS",""
"","46000","current.tests5","","Fri Nov 08 00:34:10 GMT 2024","failed","Fri Nov 08 00:34:56 GMT 2024","","WHOLE-TESTS","WHOLE-TESTS",""
"","1","TYPE-PROP.19","","Fri Nov 08 01:10:13 GMT 2024","passed","Fri Nov 08 01:10:13 GMT 2024","","CHECK-TYPES-TEMP","CHECK-TYPES-TEMP",""
"","4","FORWARD-CHAINER-TEST.08","","Fri Nov 08 01:17:07 GMT 2024","passed","Fri Nov 08 01:17:07 GMT 2024","","FORWARD-CHAINER","FORWARD-CHAINER",""
"","14","D1-GADT.13","","Fri Nov 08 00:44:05 GMT 2024","passed","Fri Nov 08 00:44:05 GMT 2024","","QUICK","QUICK",""
"","59","STDLIB-METTALOG-TEST-PT2.10","","Fri Nov 08 00:53:30 GMT 2024","failed","Fri Nov 08 00:53:30 GMT 2024","","STDLIB-METTALOG","STDLIB-METTALOG",""
"","1","00-LANG-CASE.10","","Fri Nov 08 00:35:50 GMT 2024","passed","Fri Nov 08 00:35:50 GMT 2024","","HYPERON-METTALOG-SANITY","HYPERON-METTALOG-SANITY",""
"","2","ZEROARGS.02","","Fri Nov 08 00:39:48 GMT 2024","passed","Fri Nov 08 00:39:48 GMT 2024","","METTA-MORPH-TESTS","METTA-MORPH-TESTS",""
"","4","STDLIB-METTALOG-TEST-PT2.56","","Fri Nov 08 00:53:30 GMT 2024","passed","Fri Nov 08 00:53:30 GMT 2024","","STDLIB-METTALOG","STDLIB-METTALOG",""
"","2","OR-TEST.10","","Fri Nov 08 00:35:50 GMT 2024","passed","Fri Nov 08 00:35:50 GMT 2024","","HYPERON-METTALOG-SANITY","HYPERON-METTALOG-SANITY",""
"","6","F1-IMPORTS.02","","Fri Nov 08 00:44:05 GMT 2024","passed","Fri Nov 08 00:44:05 GMT 2024","","QUICK","QUICK",""
"","5000","SICP_book.chapter_2_4","","Fri Nov 08 00:34:10 GMT 2024","passed","Fri Nov 08 00:34:15 GMT 2024","","WHOLE-TESTS","WHOLE-TESTS",""
"","2","D4-TYPE-PROP.18","","Fri Nov 08 00:44:05 GMT 2024","passed","Fri Nov 08 00:44:05 GMT 2024","","QUICK","QUICK",""
"","42","TESTS1-PRE.05","","Fri Nov 08 00:44:34 GMT 2024","failed","Fri Nov 08 00:44:34 GMT 2024","","MAIN-BRANCH","MAIN-BRANCH",""
"","2","TMPMATCH1.02","","Fri Nov 08 01:47:36 GMT 2024","passed","Fri Nov 08 01:47:36 GMT 2024","","WALK-THRU","WALK-THRU",""
"","221","SYNTHESIZE-VIA-UNIFY-TEST.04","","Fri Nov 08 01:25:10 GMT 2024","failed","Fri Nov 08 01:25:10 GMT 2024","","EXPERIMENTS","EXPERIMENTS",""
"","4000","check_types.d4_type_prop","","Fri Nov 08 00:34:10 GMT 2024","passed","Fri Nov 08 00:34:14 GMT 2024","","WHOLE-TESTS","WHOLE-TESTS",""
"","2","TYPE-PROP.04","","Fri Nov 08 00:49:03 GMT 2024","passed","Fri Nov 08 00:49:03 GMT 2024","","CHAINING","CHAINING",""
"","490","PC-XP.15","","Fri Nov 08 01:23:17 GMT 2024","failed","Fri Nov 08 01:23:17 GMT 2024","","POLYWARD-CHAINING","POLYWARD-CHAINING",""
"","3","CHAPTER-1-1.01","","Fri Nov 08 00:53:40 GMT 2024","passed","Fri Nov 08 00:53:40 GMT 2024","","SICP-BOOK","SICP-BOOK",""
"","3","LOCATED-TEST.01","","Fri Nov 08 01:24:11 GMT 2024","passed","Fri Nov 08 01:24:11 GMT 2024","","LOCATED","LOCATED",""
"","2","STDLIB-METTALOG-TEST-PT2.69","","Fri Nov 08 00:53:30 GMT 2024","passed","Fri Nov 08 00:53:30 GMT 2024","","STDLIB-METTALOG","STDLIB-METTALOG",""
"","39","IFC-XP.05","","Fri Nov 08 01:20:34 GMT 2024","failed","Fri Nov 08 01:20:34 GMT 2024","","ITERATIVE-CHAINING","ITERATIVE-CHAINING",""
"","3","INTERSECTION-TESTS.26","","Fri Nov 08 00:35:50 GMT 2024","passed","Fri Nov 08 00:35:50 GMT 2024","","HYPERON-METTALOG-SANITY","HYPERON-METTALOG-SANITY",""
"","3","UNIFY-VIA-CASE.02","","Fri Nov 08 01:25:10 GMT 2024","passed","Fri Nov 08 01:25:10 GMT 2024","","EXPERIMENTS","EXPERIMENTS",""
"","2","F1-MODULEA.05","","Fri Nov 08 00:34:14 GMT 2024","passed","Fri Nov 08 00:34:14 GMT 2024","","HYPERON-EXPERIMENTAL-SCRIPTS","HYPERON-EXPERIMENTAL-SCRIPTS",""
"","2","PREREQS.04","","Fri Nov 08 00:44:34 GMT 2024","passed","Fri Nov 08 00:44:34 GMT 2024","","MAIN-BRANCH","MAIN-BRANCH",""
"","2","TESTS5.08","","Fri Nov 08 00:44:34 GMT 2024","passed","Fri Nov 08 00:44:34 GMT 2024","","MAIN-BRANCH","MAIN-BRANCH",""
"","2","A1-SYMBOLS.02","","Fri Nov 08 00:34:14 GMT 2024","passed","Fri Nov 08 00:34:14 GMT 2024","","HYPERON-EXPERIMENTAL-SCRIPTS","HYPERON-EXPERIMENTAL-SCRIPTS",""
"","2","IOIOIOI.05","","Fri Nov 08 01:53:56 GMT 2024","passed","Fri Nov 08 01:53:56 GMT 2024","","MULTIDIRECTIONAL","MULTIDIRECTIONAL",""
"","2","IMPLICATIONDIRECTINTRODUCTIONDTLTEST.05","","Fri Nov 08 01:13:15 GMT 2024","passed","Fri Nov 08 01:13:15 GMT 2024","","DEPENDENT-TYPES","DEPENDENT-TYPES",""
"","5000","metta-morph_tests.letlet","","Fri Nov 08 00:34:10 GMT 2024","passed","Fri Nov 08 00:34:15 GMT 2024","","WHOLE-TESTS","WHOLE-TESTS",""
"","133","BASIC.10","","Fri Nov 08 01:07:29 GMT 2024","failed","Fri Nov 08 01:07:29 GMT 2024","","TRAVERSER","TRAVERSER",""
"","2","B1-EQUAL-CHAIN.02","","Fri Nov 08 00:34:14 GMT 2024","passed","Fri Nov 08 00:34:14 GMT 2024","","HYPERON-EXPERIMENTAL-SCRIPTS","HYPERON-EXPERIMENTAL-SCRIPTS",""
"","2","C2-SPACES.03","","Fri Nov 08 00:34:05 GMT 2024","passed","Fri Nov 08 00:34:05 GMT 2024","","MODULE-SYSTEM","MODULE-SYSTEM",""
"","2","C1-GROUNDED-BASIC.06","","Fri Nov 08 00:34:14 GMT 2024","passed","Fri Nov 08 00:34:14 GMT 2024","","HYPERON-EXPERIMENTAL-SCRIPTS","HYPERON-EXPERIMENTAL-SCRIPTS",""
"","2","D2-HIGHERFUNC.11","","Fri Nov 08 00:34:14 GMT 2024","passed","Fri Nov 08 00:34:14 GMT 2024","","HYPERON-EXPERIMENTAL-SCRIPTS","HYPERON-EXPERIMENTAL-SCRIPTS",""
"","4","IMPLICATIONDIRECTINTRODUCTIONDTLTEST.06","","Fri Nov 08 01:13:15 GMT 2024","passed","Fri Nov 08 01:13:15 GMT 2024","","DEPENDENT-TYPES","DEPENDENT-TYPES",""
"","6000","bigram-sentence-evaluator.taus","","Fri Nov 08 00:34:10 GMT 2024","passed","Fri Nov 08 00:34:16 GMT 2024","","WHOLE-TESTS","WHOLE-TESTS",""
"","78","PATHFINDING-EASY.01","","Fri Nov 08 01:56:15 GMT 2024","failed","Fri Nov 08 01:56:15 GMT 2024","","BASIC","BASIC",""
"","3","SEALED-TEST.04","","Fri Nov 08 00:35:50 GMT 2024","passed","Fri Nov 08 00:35:50 GMT 2024","","HYPERON-METTALOG-SANITY","HYPERON-METTALOG-SANITY",""
"","2","E2-STATES.04","","Fri Nov 08 01:10:34 GMT 2024","passed","Fri Nov 08 01:10:34 GMT 2024","","CHECK-TYPES","CHECK-TYPES",""
"","5000","chaining.backward_chain","","Fri Nov 08 00:34:10 GMT 2024","passed","Fri Nov 08 00:34:15 GMT 2024","","WHOLE-TESTS","WHOLE-TESTS",""
"","4000","hyperon-experimental_scripts.d5_auto_types","","Fri Nov 08 00:34:10 GMT 2024","passed","Fri Nov 08 00:34:14 GMT 2024","","WHOLE-TESTS","WHOLE-TESTS",""
"","2","FC-XP.17","","Fri Nov 08 01:17:16 GMT 2024","passed","Fri Nov 08 01:17:16 GMT 2024","","FORWARD-CHAINING","FORWARD-CHAINING",""
"","79","F1-IMPORTS.13","","Fri Nov 08 00:44:05 GMT 2024","failed","Fri Nov 08 00:44:05 GMT 2024","","QUICK","QUICK",""
"","2","LTE.07","","Fri Nov 08 00:52:05 GMT 2024","passed","Fri Nov 08 00:52:05 GMT 2024","","STD","STD",""
"","2","UNIFY-VIA-LET.06","","Fri Nov 08 01:25:10 GMT 2024","passed","Fri Nov 08 01:25:10 GMT 2024","","EXPERIMENTS","EXPERIMENTS",""
"","18","INF-CTL-XP.13","","Fri Nov 08 01:18:32 GMT 2024","failed","Fri Nov 08 01:18:32 GMT 2024","","INFERENCE-CONTROL","INFERENCE-CONTROL",""
"","5000","fizzbuzz.classical","","Fri Nov 08 00:34:10 GMT 2024","passed","Fri Nov 08 00:34:15 GMT 2024","","WHOLE-TESTS","WHOLE-TESTS",""
"","110","INF-CTL-MONTH-BC-CONT-XP.25","","Fri Nov 08 01:18:32 GMT 2024","passed","Fri Nov 08 01:18:32 GMT 2024","","INFERENCE-CONTROL","INFERENCE-CONTROL",""
"","2","B1-EQUAL-CHAIN.06","","Fri Nov 08 00:34:14 GMT 2024","passed","Fri Nov 08 00:34:14 GMT 2024","","HYPERON-EXPERIMENTAL-SCRIPTS","HYPERON-EXPERIMENTAL-SCRIPTS",""
"","75","INF-CTL-MONTH-XP.12","","Fri Nov 08 01:18:32 GMT 2024","failed","Fri Nov 08 01:18:32 GMT 2024","","INFERENCE-CONTROL","INFERENCE-CONTROL",""
"","2","TESTS3.01","","Fri Nov 08 00:44:34 GMT 2024","passed","Fri Nov 08 00:44:34 GMT 2024","","MAIN-BRANCH","MAIN-BRANCH",""
"","2","BC-XP.04","","Fri Nov 08 01:14:27 GMT 2024","passed","Fri Nov 08 01:14:27 GMT 2024","","BACKWARD-CHAINING","BACKWARD-CHAINING",""
"","2","BC-COMP.02","","Fri Nov 08 00:41:57 GMT 2024","passed","Fri Nov 08 00:41:57 GMT 2024","","ANTI-REGRESSION","ANTI-REGRESSION",""
"","70","E2-STATES.08","","Fri Nov 08 01:10:34 GMT 2024","failed","Fri Nov 08 01:10:34 GMT 2024","","CHECK-TYPES","CHECK-TYPES",""
"","3","D2-HIGHERFUNC.03","","Fri Nov 08 01:10:34 GMT 2024","passed","Fri Nov 08 01:10:34 GMT 2024","","CHECK-TYPES","CHECK-TYPES",""
"","3","CURRIED-CHAINER.03","","Fri Nov 08 01:15:13 GMT 2024","passed","Fri Nov 08 01:15:13 GMT 2024","","CURRIED-CHAINING","CURRIED-CHAINING",""
"","2","TEST-IF-CLOSED.02","","Fri Nov 08 00:41:57 GMT 2024","passed","Fri Nov 08 00:41:57 GMT 2024","","ANTI-REGRESSION","ANTI-REGRESSION",""
"","2","F1-IMPORTS.12","","Fri Nov 08 00:34:14 GMT 2024","passed","Fri Nov 08 00:34:14 GMT 2024","","HYPERON-EXPERIMENTAL-SCRIPTS","HYPERON-EXPERIMENTAL-SCRIPTS",""
"","2","BASIC.11","","Fri Nov 08 01:07:29 GMT 2024","passed","Fri Nov 08 01:07:29 GMT 2024","","TRAVERSER","TRAVERSER",""
"","17","STDLIB-METTALOG-TEST-PT2.34","","Fri Nov 08 00:53:30 GMT 2024","failed","Fri Nov 08 00:53:30 GMT 2024","","STDLIB-METTALOG","STDLIB-METTALOG",""
"","2","UNWEIGHTED-PLLM.05","","Fri Nov 08 02:08:49 GMT 2024","passed","Fri Nov 08 02:08:49 GMT 2024","","LANGUAGE-MODELS","LANGUAGE-MODELS",""
"","2","CURRIED-CHAINER.01","","Fri Nov 08 01:15:13 GMT 2024","passed","Fri Nov 08 01:15:13 GMT 2024","","CURRIED-CHAINING","CURRIED-CHAINING",""
"","2","00A-LANG-COMPILED-CASE.11","","Fri Nov 08 01:46:09 GMT 2024","passed","Fri Nov 08 01:46:09 GMT 2024","","DIRECT-COMP","DIRECT-COMP",""
"","5","JOHN-CARRY-FLOWER-TEST.04","","Fri Nov 08 01:24:02 GMT 2024","passed","Fri Nov 08 01:24:02 GMT 2024","","JOHN-CARRY-FLOWER","JOHN-CARRY-FLOWER",""
"","2","ADD-REMOVE-MATCH-INTEGER.37","","Fri Nov 08 00:51:22 GMT 2024","passed","Fri Nov 08 00:51:22 GMT 2024","","SPACES","SPACES",""
"","2","F1-IMPORTS.01","","Fri Nov 08 00:34:05 GMT 2024","passed","Fri Nov 08 00:34:05 GMT 2024","","MODULE-SYSTEM","MODULE-SYSTEM",""
"","2","TYPE-PROP.78","","Fri Nov 08 01:10:13 GMT 2024","passed","Fri Nov 08 01:10:13 GMT 2024","","CHECK-TYPES-TEMP","CHECK-TYPES-TEMP",""
"","1","SPACE-INTERSECTION-TESTS.02","","Fri Nov 08 00:35:50 GMT 2024","passed","Fri Nov 08 00:35:50 GMT 2024","","HYPERON-METTALOG-SANITY","HYPERON-METTALOG-SANITY",""
"","14","CHAPTER-2-4.21","","Fri Nov 08 00:53:40 GMT 2024","failed","Fri Nov 08 00:53:40 GMT 2024","","SICP-BOOK","SICP-BOOK",""
"","5000","anti-regression.bchain","","Fri Nov 08 00:34:10 GMT 2024","passed","Fri Nov 08 00:34:15 GMT 2024","","WHOLE-TESTS","WHOLE-TESTS",""
"","2","ADD-REMOVE-MATCH-MIX-FLOAT-INTEGER.05","","Fri Nov 08 00:51:22 GMT 2024","passed","Fri Nov 08 00:51:22 GMT 2024","","SPACES","SPACES",""
"","5000","comparisons.inf-ctl-month-xp-short_5","","Fri Nov 08 00:34:10 GMT 2024","passed","Fri Nov 08 00:34:15 GMT 2024","","WHOLE-TESTS","WHOLE-TESTS",""
"","2","CML-UNSHARED.04","","Fri Nov 08 01:56:15 GMT 2024","passed","Fri Nov 08 01:56:15 GMT 2024","","BASIC","BASIC",""
"","2","C1-GROUNDED-BASIC.09","","Fri Nov 08 00:34:14 GMT 2024","passed","Fri Nov 08 00:34:14 GMT 2024","","HYPERON-EXPERIMENTAL-SCRIPTS","HYPERON-EXPERIMENTAL-SCRIPTS",""
"","2","D2-HIGHERFUNC.09","","Fri Nov 08 00:44:05 GMT 2024","passed","Fri Nov 08 00:44:05 GMT 2024","","QUICK","QUICK",""
"","2","STDLIB-METTALOG-TEST-PT2.61","","Fri Nov 08 00:53:30 GMT 2024","passed","Fri Nov 08 00:53:30 GMT 2024","","STDLIB-METTALOG","STDLIB-METTALOG",""
"","973","INF-ORDER-PROBS.07","","Fri Nov 08 01:02:17 GMT 2024","passed","Fri Nov 08 01:02:17 GMT 2024","","PROB-DEP-TYPES","PROB-DEP-TYPES",""
"","3","IMPLICATIONDIRECTINTRODUCTIONENTAILTEST.02","","Fri Nov 08 01:16:46 GMT 2024","passed","Fri Nov 08 01:16:46 GMT 2024","","ENTAIL","ENTAIL",""
"","2","LISTTEST.07","","Fri Nov 08 01:14:36 GMT 2024","passed","Fri Nov 08 01:14:36 GMT 2024","","COMMON","COMMON",""
"","3","TMPMATCH1.01","","Fri Nov 08 00:41:57 GMT 2024","passed","Fri Nov 08 00:41:57 GMT 2024","","ANTI-REGRESSION","ANTI-REGRESSION",""
"","2","PROB-DEP-TYPES.04","","Fri Nov 08 01:02:17 GMT 2024","passed","Fri Nov 08 01:02:17 GMT 2024","","PROB-DEP-TYPES","PROB-DEP-TYPES",""
"","2","AI-SERVICE-COMPOSITION-SANITY.06","","Fri Nov 08 01:07:41 GMT 2024","passed","Fri Nov 08 01:07:41 GMT 2024","","AI-SERVICE","AI-SERVICE",""
"","2","ORDEREDSETTEST.10","","Fri Nov 08 01:14:36 GMT 2024","passed","Fri Nov 08 01:14:36 GMT 2024","","COMMON","COMMON",""
"","6000","anti-regression.bc_comp","","Fri Nov 08 00:34:10 GMT 2024","passed","Fri Nov 08 00:34:16 GMT 2024","","WHOLE-TESTS","WHOLE-TESTS",""
"","2","BC-XP.21","","Fri Nov 08 01:14:27 GMT 2024","passed","Fri Nov 08 01:14:27 GMT 2024","","BACKWARD-CHAINING","BACKWARD-CHAINING",""
"","2","BACKWARD-CHAINER-XP.24","","Fri Nov 08 01:14:22 GMT 2024","passed","Fri Nov 08 01:14:22 GMT 2024","","BACKWARD-CHAINER","BACKWARD-CHAINER",""
"","3","TYPE-PROP.18","","Fri Nov 08 01:10:13 GMT 2024","passed","Fri Nov 08 01:10:13 GMT 2024","","CHECK-TYPES-TEMP","CHECK-TYPES-TEMP",""
"","4","COMMA-IS-NOT-SPECIAL.01","","Fri Nov 08 01:47:36 GMT 2024","passed","Fri Nov 08 01:47:36 GMT 2024","","WALK-THRU","WALK-THRU",""
"","4000","anti-regression.mettalogTestCurried2","","Fri Nov 08 00:34:10 GMT 2024","passed","Fri Nov 08 00:34:14 GMT 2024","","WHOLE-TESTS","WHOLE-TESTS",""
"","64","STDLIB-METTALOG-TEST-PT2.12","","Fri Nov 08 00:53:30 GMT 2024","failed","Fri Nov 08 00:53:30 GMT 2024","","STDLIB-METTALOG","STDLIB-METTALOG",""
"","126","INF-CTL-MONTH-BC-XP.02","","Fri Nov 08 01:18:32 GMT 2024","failed","Fri Nov 08 01:18:32 GMT 2024","","INFERENCE-CONTROL","INFERENCE-CONTROL",""
"","2","TYPE-PROP.30","","Fri Nov 08 01:10:13 GMT 2024","passed","Fri Nov 08 01:10:13 GMT 2024","","CHECK-TYPES-TEMP","CHECK-TYPES-TEMP",""
"","1","TYPE-PROP.63","","Fri Nov 08 01:10:13 GMT 2024","passed","Fri Nov 08 01:10:13 GMT 2024","","CHECK-TYPES-TEMP","CHECK-TYPES-TEMP",""
"","2","TYPE-PROP.16","","Fri Nov 08 01:10:13 GMT 2024","passed","Fri Nov 08 01:10:13 GMT 2024","","CHECK-TYPES-TEMP","CHECK-TYPES-TEMP",""
"","92","ADD-ATOM-NAIVE-FIB.10","","Fri Nov 08 02:02:34 GMT 2024","passed","Fri Nov 08 02:02:34 GMT 2024","","COMPARISONS","COMPARISONS",""
"","2","BACKWARD-CHAINER-XP.05","","Fri Nov 08 01:14:22 GMT 2024","passed","Fri Nov 08 01:14:22 GMT 2024","","BACKWARD-CHAINER","BACKWARD-CHAINER",""
"","5000","quick.c1_grounded_basic","","Fri Nov 08 00:34:10 GMT 2024","passed","Fri Nov 08 00:34:15 GMT 2024","","WHOLE-TESTS","WHOLE-TESTS",""
"","3","NUMTEST.04","","Fri Nov 08 01:14:36 GMT 2024","passed","Fri Nov 08 01:14:36 GMT 2024","","COMMON","COMMON",""
"","3","NESTED-PARAMETERS.01","","Fri Nov 08 00:39:48 GMT 2024","passed","Fri Nov 08 00:39:48 GMT 2024","","METTA-MORPH-TESTS","METTA-MORPH-TESTS",""
"","136","TESTS0.01","","Fri Nov 08 01:38:18 GMT 2024","passed","Fri Nov 08 01:38:18 GMT 2024","","NEW","NEW",""
"","2","ADD-REMOVE-MATCH-MIX-FLOAT-INTEGER.10","","Fri Nov 08 00:51:22 GMT 2024","passed","Fri Nov 08 00:51:22 GMT 2024","","SPACES","SPACES",""
"","84","PROB-DEP-TYPES.01","","Fri Nov 08 01:02:17 GMT 2024","passed","Fri Nov 08 01:02:17 GMT 2024","","PROB-DEP-TYPES","PROB-DEP-TYPES",""
"","1","XOR-TEST.04","","Fri Nov 08 00:35:50 GMT 2024","passed","Fri Nov 08 00:35:50 GMT 2024","","HYPERON-METTALOG-SANITY","HYPERON-METTALOG-SANITY",""
"","400","TESTS0.06","","Fri Nov 08 00:39:48 GMT 2024","passed","Fri Nov 08 00:39:48 GMT 2024","","METTA-MORPH-TESTS","METTA-MORPH-TESTS",""
"","2","D4-TYPE-PROP.08","","Fri Nov 08 00:34:14 GMT 2024","passed","Fri Nov 08 00:34:14 GMT 2024","","HYPERON-EXPERIMENTAL-SCRIPTS","HYPERON-EXPERIMENTAL-SCRIPTS",""
"","2","INF-CTL-MONTH-XP.05","","Fri Nov 08 01:18:32 GMT 2024","passed","Fri Nov 08 01:18:32 GMT 2024","","INFERENCE-CONTROL","INFERENCE-CONTROL",""
"","3","ORDEREDSETTEST.01","","Fri Nov 08 01:14:36 GMT 2024","passed","Fri Nov 08 01:14:36 GMT 2024","","COMMON","COMMON",""
"","2","SYNTHESIZE-VIA-TYPE-CHECKING.10","","Fri Nov 08 01:25:10 GMT 2024","passed","Fri Nov 08 01:25:10 GMT 2024","","EXPERIMENTS","EXPERIMENTS",""
"","2","SUBTRACTION-TEST.04","","Fri Nov 08 00:35:50 GMT 2024","passed","Fri Nov 08 00:35:50 GMT 2024","","HYPERON-METTALOG-SANITY","HYPERON-METTALOG-SANITY",""
"","4000","ai-service.ai-service-composition-sanity","","Fri Nov 08 00:34:10 GMT 2024","passed","Fri Nov 08 00:34:14 GMT 2024","","WHOLE-TESTS","WHOLE-TESTS",""
"","1","ADD-REMOVE-MATCH-SS-SYMBOLS.02","","Fri Nov 08 00:51:22 GMT 2024","passed","Fri Nov 08 00:51:22 GMT 2024","","SPACES","SPACES",""
"","2","INTERSECTION-TESTS.02","","Fri Nov 08 00:35:50 GMT 2024","passed","Fri Nov 08 00:35:50 GMT 2024","","HYPERON-METTALOG-SANITY","HYPERON-METTALOG-SANITY",""
"","122","STDLIB-METTALOG-TEST-PT2.60","","Fri Nov 08 00:53:30 GMT 2024","failed","Fri Nov 08 00:53:30 GMT 2024","","STDLIB-METTALOG","STDLIB-METTALOG",""
"","2","D2-HIGHERFUNC.14","","Fri Nov 08 01:10:34 GMT 2024","passed","Fri Nov 08 01:10:34 GMT 2024","","CHECK-TYPES","CHECK-TYPES",""
"","68","F1-IMPORTS.18","","Fri Nov 08 00:34:14 GMT 2024","passed","Fri Nov 08 00:34:14 GMT 2024","","HYPERON-EXPERIMENTAL-SCRIPTS","HYPERON-EXPERIMENTAL-SCRIPTS",""
"","53","FC-XP.01","","Fri Nov 08 01:17:16 GMT 2024","failed","Fri Nov 08 01:17:16 GMT 2024","","FORWARD-CHAINING","FORWARD-CHAINING",""
"","2","TESTS0.05","","Fri Nov 08 00:39:48 GMT 2024","passed","Fri Nov 08 00:39:48 GMT 2024","","METTA-MORPH-TESTS","METTA-MORPH-TESTS",""
"","3","BACKWARD-CHAINER-XP.34","","Fri Nov 08 01:14:22 GMT 2024","passed","Fri Nov 08 01:14:22 GMT 2024","","BACKWARD-CHAINER","BACKWARD-CHAINER",""
"","2","D4-TYPE-PROP.12","","Fri Nov 08 00:44:05 GMT 2024","passed","Fri Nov 08 00:44:05 GMT 2024","","QUICK","QUICK",""
"","100","PREREQS.07","","Fri Nov 08 00:44:34 GMT 2024","failed","Fri Nov 08 00:44:34 GMT 2024","","MAIN-BRANCH","MAIN-BRANCH",""
"","358","SYNTHESIZE-VIA-LET-TEST.07","","Fri Nov 08 01:25:10 GMT 2024","failed","Fri Nov 08 01:25:10 GMT 2024","","EXPERIMENTS","EXPERIMENTS",""
"","2","LISTTEST.10","","Fri Nov 08 01:14:36 GMT 2024","passed","Fri Nov 08 01:14:36 GMT 2024","","COMMON","COMMON",""
"","2","PC-XP.14","","Fri Nov 08 01:23:17 GMT 2024","passed","Fri Nov 08 01:23:17 GMT 2024","","POLYWARD-CHAINING","POLYWARD-CHAINING",""
"","2","STRING-TESTS.07","","Fri Nov 08 00:35:50 GMT 2024","passed","Fri Nov 08 00:35:50 GMT 2024","","HYPERON-METTALOG-SANITY","HYPERON-METTALOG-SANITY",""
"","2","D2-HIGHERFUNC.18","","Fri Nov 08 00:34:14 GMT 2024","passed","Fri Nov 08 00:34:14 GMT 2024","","HYPERON-EXPERIMENTAL-SCRIPTS","HYPERON-EXPERIMENTAL-SCRIPTS",""
"","17","CHAPTER-1-3.01","","Fri Nov 08 00:53:40 GMT 2024","passed","Fri Nov 08 00:53:40 GMT 2024","","SICP-BOOK","SICP-BOOK",""
"","1","D1-GADT.08","","Fri Nov 08 00:34:14 GMT 2024","passed","Fri Nov 08 00:34:14 GMT 2024","","HYPERON-EXPERIMENTAL-SCRIPTS","HYPERON-EXPERIMENTAL-SCRIPTS",""
"","3","E2-STATES.12","","Fri Nov 08 01:10:34 GMT 2024","passed","Fri Nov 08 01:10:34 GMT 2024","","CHECK-TYPES","CHECK-TYPES",""
"","2","BC-XP.08","","Fri Nov 08 01:14:27 GMT 2024","passed","Fri Nov 08 01:14:27 GMT 2024","","BACKWARD-CHAINING","BACKWARD-CHAINING",""
"","2","D2-HIGHERFUNC.16","","Fri Nov 08 01:10:34 GMT 2024","passed","Fri Nov 08 01:10:34 GMT 2024","","CHECK-TYPES","CHECK-TYPES",""
"","2","D2-HIGHERFUNC.24","","Fri Nov 08 00:44:05 GMT 2024","passed","Fri Nov 08 00:44:05 GMT 2024","","QUICK","QUICK",""
"","98","TRUTHVALUETEST.09","","Fri Nov 08 01:15:03 GMT 2024","passed","Fri Nov 08 01:15:03 GMT 2024","","TRUTHVALUE","TRUTHVALUE",""
"","1","C1-GROUNDED-BASIC.21","","Fri Nov 08 00:44:05 GMT 2024","passed","Fri Nov 08 00:44:05 GMT 2024","","QUICK","QUICK",""
"","2","LISTTEST.08","","Fri Nov 08 01:14:36 GMT 2024","passed","Fri Nov 08 01:14:36 GMT 2024","","COMMON","COMMON",""
"","2","TYPE-PROP.06","","Fri Nov 08 01:10:13 GMT 2024","passed","Fri Nov 08 01:10:13 GMT 2024","","CHECK-TYPES-TEMP","CHECK-TYPES-TEMP",""
"","30","DEBUG-METTALOGTESTCURRIED.07","","Fri Nov 08 01:47:36 GMT 2024","passed","Fri Nov 08 01:47:36 GMT 2024","","WALK-THRU","WALK-THRU",""
"","5000","hyperon-mettalog_sanity.intersection_tests","","Fri Nov 08 00:34:10 GMT 2024","passed","Fri Nov 08 00:34:15 GMT 2024","","WHOLE-TESTS","WHOLE-TESTS",""
"","3","HYPERPOSING.06","","Fri Nov 08 01:56:15 GMT 2024","passed","Fri Nov 08 01:56:15 GMT 2024","","BASIC","BASIC",""
"","2","ADD-REMOVE-MATCH-S-STRINGS.05","","Fri Nov 08 00:51:22 GMT 2024","passed","Fri Nov 08 00:51:22 GMT 2024","","SPACES","SPACES",""
"","19","INF-CTL-MONTH-XP.08","","Fri Nov 08 01:18:32 GMT 2024","failed","Fri Nov 08 01:18:32 GMT 2024","","INFERENCE-CONTROL","INFERENCE-CONTROL",""
"","2","TYPES-PRELIM.16","","Fri Nov 08 00:49:03 GMT 2024","passed","Fri Nov 08 00:49:03 GMT 2024","","CHAINING","CHAINING",""
"","3","D4-TYPE-PROP.01","","Fri Nov 08 01:10:34 GMT 2024","passed","Fri Nov 08 01:10:34 GMT 2024","","CHECK-TYPES","CHECK-TYPES",""
"","2","ADD-REMOVE-MATCH-INTEGER.11","","Fri Nov 08 00:51:22 GMT 2024","passed","Fri Nov 08 00:51:22 GMT 2024","","SPACES","SPACES",""
"","3","HYPERPOSING-UNSHARED.01","","Fri Nov 08 01:56:15 GMT 2024","passed","Fri Nov 08 01:56:15 GMT 2024","","BASIC","BASIC",""
"","2","INF-CTL-MONTH-BC-CONT-XP.09","","Fri Nov 08 01:18:32 GMT 2024","passed","Fri Nov 08 01:18:32 GMT 2024","","INFERENCE-CONTROL","INFERENCE-CONTROL",""
"","1","SYNTHESIZE-VIA-SUPERPOSE.03","","Fri Nov 08 01:25:10 GMT 2024","passed","Fri Nov 08 01:25:10 GMT 2024","","EXPERIMENTS","EXPERIMENTS",""
"","5000","orientation.orientation-test","","Fri Nov 08 00:34:10 GMT 2024","passed","Fri Nov 08 00:34:15 GMT 2024","","WHOLE-TESTS","WHOLE-TESTS",""
"","2","IMPL-METTALOGTESTCURRIED.03","","Fri Nov 08 01:47:36 GMT 2024","passed","Fri Nov 08 01:47:36 GMT 2024","","WALK-THRU","WALK-THRU",""
"","2","PC-XP.11","","Fri Nov 08 01:23:17 GMT 2024","passed","Fri Nov 08 01:23:17 GMT 2024","","POLYWARD-CHAINING","POLYWARD-CHAINING",""
"","8000","iterative-chaining.ibc-xp","","Fri Nov 08 00:34:10 GMT 2024","passed","Fri Nov 08 00:34:18 GMT 2024","","WHOLE-TESTS","WHOLE-TESTS",""
"","5000","nars_extras.NARS_BuildTupleCounts","","Fri Nov 08 00:34:10 GMT 2024","passed","Fri Nov 08 00:34:15 GMT 2024","","WHOLE-TESTS","WHOLE-TESTS",""
"","3","A1-SYMBOLS.05","","Fri Nov 08 00:34:14 GMT 2024","passed","Fri Nov 08 00:34:14 GMT 2024","","HYPERON-EXPERIMENTAL-SCRIPTS","HYPERON-EXPERIMENTAL-SCRIPTS",""
"","2","ADD-REMOVE-MATCH-S-SYMBOLS.06","","Fri Nov 08 00:51:22 GMT 2024","passed","Fri Nov 08 00:51:22 GMT 2024","","SPACES","SPACES",""
"","4000","synth_buffer.synthesize","","Fri Nov 08 00:34:10 GMT 2024","passed","Fri Nov 08 00:34:14 GMT 2024","","WHOLE-TESTS","WHOLE-TESTS",""
"","2","D4-TYPE-PROP.06","","Fri Nov 08 01:10:34 GMT 2024","passed","Fri Nov 08 01:10:34 GMT 2024","","CHECK-TYPES","CHECK-TYPES",""
"","41000","basic.coins","","Fri Nov 08 00:34:10 GMT 2024","failed","Fri Nov 08 00:34:51 GMT 2024","","WHOLE-TESTS","WHOLE-TESTS",""
"","2","IOIOIOI-USING-EQUALITY.05","","Fri Nov 08 01:53:56 GMT 2024","passed","Fri Nov 08 01:53:56 GMT 2024","","MULTIDIRECTIONAL","MULTIDIRECTIONAL",""
"","5000","check_types.e2_states","","Fri Nov 08 00:34:10 GMT 2024","passed","Fri Nov 08 00:34:15 GMT 2024","","WHOLE-TESTS","WHOLE-TESTS",""
"","15000","anti-regression.system_proofTestCurried","","Fri Nov 08 00:34:10 GMT 2024","failed","Fri Nov 08 00:34:25 GMT 2024","","WHOLE-TESTS","WHOLE-TESTS",""
"","2","D2-HIGHERFUNC.24","","Fri Nov 08 01:10:34 GMT 2024","passed","Fri Nov 08 01:10:34 GMT 2024","","CHECK-TYPES","CHECK-TYPES",""
"","2","QUERIES.05","","Fri Nov 08 01:06:48 GMT 2024","passed","Fri Nov 08 01:06:48 GMT 2024","","STRIPS-TO-METTA-IMPROVED","STRIPS-TO-METTA-IMPROVED",""
"","2","B4-NONDETERM.06","","Fri Nov 08 00:34:14 GMT 2024","passed","Fri Nov 08 00:34:14 GMT 2024","","HYPERON-EXPERIMENTAL-SCRIPTS","HYPERON-EXPERIMENTAL-SCRIPTS",""
"","2","F1-MODULEA.04","","Fri Nov 08 00:44:05 GMT 2024","passed","Fri Nov 08 00:44:05 GMT 2024","","QUICK","QUICK",""
"","2","SUPERCOLLAPSE.05","","Fri Nov 08 00:39:48 GMT 2024","passed","Fri Nov 08 00:39:48 GMT 2024","","METTA-MORPH-TESTS","METTA-MORPH-TESTS",""
"","2","ADD-REMOVE-MATCH-SS-SYMBOLS.06","","Fri Nov 08 00:51:22 GMT 2024","passed","Fri Nov 08 00:51:22 GMT 2024","","SPACES","SPACES",""
"","4","SEALED-TEST.07","","Fri Nov 08 00:35:50 GMT 2024","passed","Fri Nov 08 00:35:50 GMT 2024","","HYPERON-METTALOG-SANITY","HYPERON-METTALOG-SANITY",""
"","2","D4-TYPE-PROP.05","","Fri Nov 08 00:44:05 GMT 2024","passed","Fri Nov 08 00:44:05 GMT 2024","","QUICK","QUICK",""
"","938","BC-IMPL.03","","Fri Nov 08 01:47:36 GMT 2024","passed","Fri Nov 08 01:47:36 GMT 2024","","WALK-THRU","WALK-THRU",""
"","12","UNIFYTEST.01","","Fri Nov 08 01:25:04 GMT 2024","failed","Fri Nov 08 01:25:04 GMT 2024","","SYNTHESIS","SYNTHESIS",""
"","2","SEQUENTIAL-NESTED.01","","Fri Nov 08 00:39:48 GMT 2024","passed","Fri Nov 08 00:39:48 GMT 2024","","METTA-MORPH-TESTS","METTA-MORPH-TESTS",""
"","2","PREREQS.03","","Fri Nov 08 00:44:34 GMT 2024","passed","Fri Nov 08 00:44:34 GMT 2024","","MAIN-BRANCH","MAIN-BRANCH",""
"","97","TYPE-PROP.82","","Fri Nov 08 01:10:13 GMT 2024","failed","Fri Nov 08 01:10:13 GMT 2024","","CHECK-TYPES-TEMP","CHECK-TYPES-TEMP",""
"","1","TYPE-PROP.08","","Fri Nov 08 01:10:13 GMT 2024","passed","Fri Nov 08 01:10:13 GMT 2024","","CHECK-TYPES-TEMP","CHECK-TYPES-TEMP",""
"","3","HYPERPOSING-SHARED.09","","Fri Nov 08 01:56:15 GMT 2024","passed","Fri Nov 08 01:56:15 GMT 2024","","BASIC","BASIC",""
"","2","INF-CTL-MONTH-BC-CONT-XP.08","","Fri Nov 08 01:18:32 GMT 2024","passed","Fri Nov 08 01:18:32 GMT 2024","","INFERENCE-CONTROL","INFERENCE-CONTROL",""
"","13","E3-MATCH-STATES.06","","Fri Nov 08 00:34:14 GMT 2024","failed","Fri Nov 08 00:34:14 GMT 2024","","HYPERON-EXPERIMENTAL-SCRIPTS","HYPERON-EXPERIMENTAL-SCRIPTS",""
"","2","EVIDENTIALTRUTHVALUETEST.03","","Fri Nov 08 01:15:03 GMT 2024","passed","Fri Nov 08 01:15:03 GMT 2024","","TRUTHVALUE","TRUTHVALUE",""
"","2","STDLIB-METTALOG-TEST-PT2.54","","Fri Nov 08 00:53:30 GMT 2024","passed","Fri Nov 08 00:53:30 GMT 2024","","STDLIB-METTALOG","STDLIB-METTALOG",""
"","3","SUBTRACTION-TEST.10","","Fri Nov 08 00:35:50 GMT 2024","passed","Fri Nov 08 00:35:50 GMT 2024","","HYPERON-METTALOG-SANITY","HYPERON-METTALOG-SANITY",""
"","4000","query.gene-query","","Fri Nov 08 00:34:10 GMT 2024","passed","Fri Nov 08 00:34:14 GMT 2024","","WHOLE-TESTS","WHOLE-TESTS",""
"","2","IFC-XP.23","","Fri Nov 08 01:20:34 GMT 2024","passed","Fri Nov 08 01:20:34 GMT 2024","","ITERATIVE-CHAINING","ITERATIVE-CHAINING",""
"","4000","walk_thru.tmpMatch1","","Fri Nov 08 00:34:10 GMT 2024","passed","Fri Nov 08 00:34:14 GMT 2024","","WHOLE-TESTS","WHOLE-TESTS",""
"","172","BASIC.03","","Fri Nov 08 01:07:29 GMT 2024","passed","Fri Nov 08 01:07:29 GMT 2024","","TRAVERSER","TRAVERSER",""
"","2","FORWARD-CHAINER-XP.14","","Fri Nov 08 01:17:07 GMT 2024","passed","Fri Nov 08 01:17:07 GMT 2024","","FORWARD-CHAINER","FORWARD-CHAINER",""
"","47","FORWARD-CHAINER-XP.05","","Fri Nov 08 01:17:07 GMT 2024","failed","Fri Nov 08 01:17:07 GMT 2024","","FORWARD-CHAINER","FORWARD-CHAINER",""
"","2","FORWARD-CHAINER-XP.10","","Fri Nov 08 01:17:07 GMT 2024","passed","Fri Nov 08 01:17:07 GMT 2024","","FORWARD-CHAINER","FORWARD-CHAINER",""
"","46000","nars_v0.tests5","","Fri Nov 08 00:34:10 GMT 2024","failed","Fri Nov 08 00:34:56 GMT 2024","","WHOLE-TESTS","WHOLE-TESTS",""
"","2","C1-GROUNDED-BASIC.20","","Fri Nov 08 00:34:14 GMT 2024","passed","Fri Nov 08 00:34:14 GMT 2024","","HYPERON-EXPERIMENTAL-SCRIPTS","HYPERON-EXPERIMENTAL-SCRIPTS",""
"","1","STATE-TYPES.15","","Fri Nov 08 01:56:15 GMT 2024","passed","Fri Nov 08 01:56:15 GMT 2024","","BASIC","BASIC",""
"","210","PROB-DEP-TYPES.11","","Fri Nov 08 01:02:17 GMT 2024","passed","Fri Nov 08 01:02:17 GMT 2024","","PROB-DEP-TYPES","PROB-DEP-TYPES",""
"","2","TYPES-PRELIM.14","","Fri Nov 08 00:49:03 GMT 2024","passed","Fri Nov 08 00:49:03 GMT 2024","","CHAINING","CHAINING",""
"","2","STRING-TESTS.09","","Fri Nov 08 00:35:50 GMT 2024","passed","Fri Nov 08 00:35:50 GMT 2024","","HYPERON-METTALOG-SANITY","HYPERON-METTALOG-SANITY",""
"","2","BACKWARD-CHAINER-XP.15","","Fri Nov 08 01:14:22 GMT 2024","passed","Fri Nov 08 01:14:22 GMT 2024","","BACKWARD-CHAINER","BACKWARD-CHAINER",""
"","3","FC-XP.29","","Fri Nov 08 01:17:16 GMT 2024","passed","Fri Nov 08 01:17:16 GMT 2024","","FORWARD-CHAINING","FORWARD-CHAINING",""
"","2","TREE.03","","Fri Nov 08 00:58:58 GMT 2024","passed","Fri Nov 08 00:58:58 GMT 2024","","COMBINATOR-CALCULI","COMBINATOR-CALCULI",""
"","40","FC-XP.21","","Fri Nov 08 01:17:16 GMT 2024","failed","Fri Nov 08 01:17:16 GMT 2024","","FORWARD-CHAINING","FORWARD-CHAINING",""
"","738","GENE-QUERY.01","","Fri Nov 08 01:10:06 GMT 2024","passed","Fri Nov 08 01:10:06 GMT 2024","","QUERY","QUERY",""
"","2","B3-DIRECT.03","","Fri Nov 08 00:34:14 GMT 2024","passed","Fri Nov 08 00:34:14 GMT 2024","","HYPERON-EXPERIMENTAL-SCRIPTS","HYPERON-EXPERIMENTAL-SCRIPTS",""
"","275","TESTS0.06","","Fri Nov 08 01:38:18 GMT 2024","failed","Fri Nov 08 01:38:18 GMT 2024","","NEW","NEW",""
"","2","AI-SERVICE-COMPOSITION-EASY.06","","Fri Nov 08 01:07:41 GMT 2024","passed","Fri Nov 08 01:07:41 GMT 2024","","AI-SERVICE","AI-SERVICE",""
"","3","ADD-REMOVE-MATCH-S-STRINGS.03","","Fri Nov 08 00:51:22 GMT 2024","passed","Fri Nov 08 00:51:22 GMT 2024","","SPACES","SPACES",""
"","4","INTERSECTION-TESTS.18","","Fri Nov 08 00:35:50 GMT 2024","passed","Fri Nov 08 00:35:50 GMT 2024","","HYPERON-METTALOG-SANITY","HYPERON-METTALOG-SANITY",""
"","3","CHAPTER-2-4.11","","Fri Nov 08 00:53:40 GMT 2024","passed","Fri Nov 08 00:53:40 GMT 2024","","SICP-BOOK","SICP-BOOK",""
"","2","STDLIB-METTALOG-TEST-PT2.33","","Fri Nov 08 00:53:30 GMT 2024","passed","Fri Nov 08 00:53:30 GMT 2024","","STDLIB-METTALOG","STDLIB-METTALOG",""
"","3","COMMA-IS-NOT-SPECIAL.01","","Fri Nov 08 00:41:57 GMT 2024","passed","Fri Nov 08 00:41:57 GMT 2024","","ANTI-REGRESSION","ANTI-REGRESSION",""
"","2","TMPMATCH1.03","","Fri Nov 08 00:41:57 GMT 2024","passed","Fri Nov 08 00:41:57 GMT 2024","","ANTI-REGRESSION","ANTI-REGRESSION",""
"","2","C1-GROUNDED-BASIC.11","","Fri Nov 08 00:34:14 GMT 2024","passed","Fri Nov 08 00:34:14 GMT 2024","","HYPERON-EXPERIMENTAL-SCRIPTS","HYPERON-EXPERIMENTAL-SCRIPTS",""
"","240","SELF-CONTAINED-SYNTHESIZE.02","","Fri Nov 08 01:25:10 GMT 2024","failed","Fri Nov 08 01:25:10 GMT 2024","","EXPERIMENTS","EXPERIMENTS",""
"","2","NATPARITYTEST.11","","Fri Nov 08 01:17:20 GMT 2024","passed","Fri Nov 08 01:17:20 GMT 2024","","HOL","HOL",""
"","2","ADD-REMOVE-MATCH-SS-STRINGS.05","","Fri Nov 08 00:51:22 GMT 2024","passed","Fri Nov 08 00:51:22 GMT 2024","","SPACES","SPACES",""
"","3","SHOW-TYPE.01","","Fri Nov 08 00:51:07 GMT 2024","passed","Fri Nov 08 00:51:07 GMT 2024","","INTROSPECT","INTROSPECT",""
"","1","MATCH-SUPERPOSED-SPACES.04","","Fri Nov 08 00:39:48 GMT 2024","passed","Fri Nov 08 00:39:48 GMT 2024","","METTA-MORPH-TESTS","METTA-MORPH-TESTS",""
"","3","C2-SPACES.01","","Fri Nov 08 00:34:05 GMT 2024","passed","Fri Nov 08 00:34:05 GMT 2024","","MODULE-SYSTEM","MODULE-SYSTEM",""
"","103","TOO-EAGER-MATH.01","","Fri Nov 08 01:55:14 GMT 2024","passed","Fri Nov 08 01:55:14 GMT 2024","","POSSIBLY-WRONG","POSSIBLY-WRONG",""
"","3","TEST-IF-CLOSED.01","","Fri Nov 08 00:41:57 GMT 2024","passed","Fri Nov 08 00:41:57 GMT 2024","","ANTI-REGRESSION","ANTI-REGRESSION",""
"","3","HIGHER-ORDER-FUNCS.09","","Fri Nov 08 00:52:05 GMT 2024","passed","Fri Nov 08 00:52:05 GMT 2024","","STD","STD",""
"","407","SYNTHESIZE-VIA-LET-TEST.01","","Fri Nov 08 01:25:10 GMT 2024","failed","Fri Nov 08 01:25:10 GMT 2024","","EXPERIMENTS","EXPERIMENTS",""
"","262","SHOW-TYPE.15","","Fri Nov 08 00:51:07 GMT 2024","failed","Fri Nov 08 00:51:07 GMT 2024","","INTROSPECT","INTROSPECT",""
"","16","TEST-INFER-FUNCTION-APPLICATION-TYPE.02","","Fri Nov 08 01:56:15 GMT 2024","failed","Fri Nov 08 01:56:15 GMT 2024","","BASIC","BASIC",""
"","10","TYPE-PROP.57","","Fri Nov 08 01:10:13 GMT 2024","failed","Fri Nov 08 01:10:13 GMT 2024","","CHECK-TYPES-TEMP","CHECK-TYPES-TEMP",""
"","2","DEFINE-IF-LIKE.06","","Fri Nov 08 01:46:09 GMT 2024","passed","Fri Nov 08 01:46:09 GMT 2024","","DIRECT-COMP","DIRECT-COMP",""
"","5","SEALED-TEST.09","","Fri Nov 08 00:35:50 GMT 2024","passed","Fri Nov 08 00:35:50 GMT 2024","","HYPERON-METTALOG-SANITY","HYPERON-METTALOG-SANITY",""
"","2","ADD-REMOVE-MATCH-SYMBOLS.01","","Fri Nov 08 00:51:22 GMT 2024","passed","Fri Nov 08 00:51:22 GMT 2024","","SPACES","SPACES",""
"","2","INF-CTL-MONTH-XP-SHORT-3.13","","Fri Nov 08 02:02:34 GMT 2024","passed","Fri Nov 08 02:02:34 GMT 2024","","COMPARISONS","COMPARISONS",""
"","2","D4-TYPE-PROP.02","","Fri Nov 08 00:44:05 GMT 2024","passed","Fri Nov 08 00:44:05 GMT 2024","","QUICK","QUICK",""
"","3","QUERIES.14","","Fri Nov 08 01:06:48 GMT 2024","passed","Fri Nov 08 01:06:48 GMT 2024","","STRIPS-TO-METTA-IMPROVED","STRIPS-TO-METTA-IMPROVED",""
"","294","NATSTANDALONETEST.13","","Fri Nov 08 01:17:20 GMT 2024","failed","Fri Nov 08 01:17:20 GMT 2024","","HOL","HOL",""
"","1177","TESTS1.02","","Fri Nov 08 00:44:34 GMT 2024","failed","Fri Nov 08 00:44:35 GMT 2024","","MAIN-BRANCH","MAIN-BRANCH",""
"","2","TESTS0.04","","Fri Nov 08 01:34:24 GMT 2024","passed","Fri Nov 08 01:34:24 GMT 2024","","NARS-V0","NARS-V0",""
"","5000","std.symbols","","Fri Nov 08 00:34:10 GMT 2024","passed","Fri Nov 08 00:34:15 GMT 2024","","WHOLE-TESTS","WHOLE-TESTS",""
"","2","TMPMATCH2.03","","Fri Nov 08 01:47:36 GMT 2024","passed","Fri Nov 08 01:47:36 GMT 2024","","WALK-THRU","WALK-THRU",""
"","2","C1-GROUNDED-BASIC.13","","Fri Nov 08 00:44:05 GMT 2024","passed","Fri Nov 08 00:44:05 GMT 2024","","QUICK","QUICK",""
"","3","BACKWARD-CHAINER-XP.44","","Fri Nov 08 01:14:22 GMT 2024","passed","Fri Nov 08 01:14:22 GMT 2024","","BACKWARD-CHAINER","BACKWARD-CHAINER",""
"","2","CML-UNSHARED.07","","Fri Nov 08 01:56:15 GMT 2024","passed","Fri Nov 08 01:56:15 GMT 2024","","BASIC","BASIC",""
"","2","CHAPTER-1-3.02","","Fri Nov 08 00:53:40 GMT 2024","passed","Fri Nov 08 00:53:40 GMT 2024","","SICP-BOOK","SICP-BOOK",""
"","5000","hyperon-mettalog_sanity.xor_test","","Fri Nov 08 00:34:10 GMT 2024","passed","Fri Nov 08 00:34:15 GMT 2024","","WHOLE-TESTS","WHOLE-TESTS",""
"","4","NTE.01","","Fri Nov 08 01:00:19 GMT 2024","passed","Fri Nov 08 01:00:19 GMT 2024","","EDGES-TO-EDGES","EDGES-TO-EDGES",""
"","2","TRUTHVALUETEST.06","","Fri Nov 08 01:15:03 GMT 2024","passed","Fri Nov 08 01:15:03 GMT 2024","","TRUTHVALUE","TRUTHVALUE",""
"","2","TESTS0.03","","Fri Nov 08 00:44:34 GMT 2024","passed","Fri Nov 08 00:44:34 GMT 2024","","MAIN-BRANCH","MAIN-BRANCH",""
"","2","C1-GROUNDED-BASIC.07","","Fri Nov 08 00:34:14 GMT 2024","passed","Fri Nov 08 00:34:14 GMT 2024","","HYPERON-EXPERIMENTAL-SCRIPTS","HYPERON-EXPERIMENTAL-SCRIPTS",""
"","2","LTE.08","","Fri Nov 08 00:52:05 GMT 2024","passed","Fri Nov 08 00:52:05 GMT 2024","","STD","STD",""
"","78","ADD-REMOVE-MATCH-FLOAT.14","","Fri Nov 08 00:51:22 GMT 2024","passed","Fri Nov 08 00:51:22 GMT 2024","","SPACES","SPACES",""
"","4000","red-black-lambda.red-black","","Fri Nov 08 00:34:10 GMT 2024","passed","Fri Nov 08 00:34:14 GMT 2024","","WHOLE-TESTS","WHOLE-TESTS",""
"","11","IMPLICATIONDIRECTINTRODUCTIONMATCHTEST.01","","Fri Nov 08 01:20:52 GMT 2024","failed","Fri Nov 08 01:20:52 GMT 2024","","MATCH","MATCH",""
"","3","IFC-XP.41","","Fri Nov 08 01:20:34 GMT 2024","passed","Fri Nov 08 01:20:34 GMT 2024","","ITERATIVE-CHAINING","ITERATIVE-CHAINING",""
"","5000","current.tests0","","Fri Nov 08 00:34:10 GMT 2024","passed","Fri Nov 08 00:34:15 GMT 2024","","WHOLE-TESTS","WHOLE-TESTS",""
"","2","INF-CTL-MONTH-XP.03","","Fri Nov 08 01:18:32 GMT 2024","passed","Fri Nov 08 01:18:32 GMT 2024","","INFERENCE-CONTROL","INFERENCE-CONTROL",""
"","218","SYNTHESIZE-VIA-UNIFY-TEST.09","","Fri Nov 08 01:25:10 GMT 2024","failed","Fri Nov 08 01:25:10 GMT 2024","","EXPERIMENTS","EXPERIMENTS",""
"","9","STDLIB-METTALOG-TEST-PT2.14","","Fri Nov 08 00:53:30 GMT 2024","passed","Fri Nov 08 00:53:30 GMT 2024","","STDLIB-METTALOG","STDLIB-METTALOG",""
"","80","B4-NONDETERM.01","","Fri Nov 08 00:34:14 GMT 2024","passed","Fri Nov 08 00:34:14 GMT 2024","","HYPERON-EXPERIMENTAL-SCRIPTS","HYPERON-EXPERIMENTAL-SCRIPTS",""
"","25","INF-CTL-XP.12","","Fri Nov 08 01:18:32 GMT 2024","failed","Fri Nov 08 01:18:32 GMT 2024","","INFERENCE-CONTROL","INFERENCE-CONTROL",""
"","2","D4-TYPE-PROP.02","","Fri Nov 08 01:10:34 GMT 2024","passed","Fri Nov 08 01:10:34 GMT 2024","","CHECK-TYPES","CHECK-TYPES",""
"","2","INF-CTL-MONTH-XP-SHORT-3.08","","Fri Nov 08 02:02:34 GMT 2024","passed","Fri Nov 08 02:02:34 GMT 2024","","COMPARISONS","COMPARISONS",""
"","3","FORWARD-CHAINER-XP.11","","Fri Nov 08 01:17:07 GMT 2024","passed","Fri Nov 08 01:17:07 GMT 2024","","FORWARD-CHAINER","FORWARD-CHAINER",""
"","2212","SELF-CONTAINED-SYNTHESIZE.07","","Fri Nov 08 01:25:10 GMT 2024","failed","Fri Nov 08 01:25:12 GMT 2024","","EXPERIMENTS","EXPERIMENTS",""
"","3","D2-HIGHERFUNC.25","","Fri Nov 08 00:34:14 GMT 2024","passed","Fri Nov 08 00:34:14 GMT 2024","","HYPERON-EXPERIMENTAL-SCRIPTS","HYPERON-EXPERIMENTAL-SCRIPTS",""
"","2","ADD-REMOVE-MATCH-SS-SYMBOLS.12","","Fri Nov 08 00:51:22 GMT 2024","passed","Fri Nov 08 00:51:22 GMT 2024","","SPACES","SPACES",""
"","2","HYPERPOSING-SHARED.06","","Fri Nov 08 01:56:15 GMT 2024","passed","Fri Nov 08 01:56:15 GMT 2024","","BASIC","BASIC",""
"","2","FC-XP.18","","Fri Nov 08 01:17:16 GMT 2024","passed","Fri Nov 08 01:17:16 GMT 2024","","FORWARD-CHAINING","FORWARD-CHAINING",""
"","360","BASIC.05","","Fri Nov 08 01:07:29 GMT 2024","passed","Fri Nov 08 01:07:29 GMT 2024","","TRAVERSER","TRAVERSER",""
"","2","TEST-SPO-1000.01","","Fri Nov 08 00:42:31 GMT 2024","passed","Fri Nov 08 00:42:31 GMT 2024","","METTA-WAM-ISSUE-116","METTA-WAM-ISSUE-116",""
"","5","INF-ORDER-PROBS.06","","Fri Nov 08 01:02:17 GMT 2024","passed","Fri Nov 08 01:02:17 GMT 2024","","PROB-DEP-TYPES","PROB-DEP-TYPES",""
"","2","B5-TYPES-PRELIM.05","","Fri Nov 08 00:34:14 GMT 2024","passed","Fri Nov 08 00:34:14 GMT 2024","","HYPERON-EXPERIMENTAL-SCRIPTS","HYPERON-EXPERIMENTAL-SCRIPTS",""
"","2","XOR-TEST.07","","Fri Nov 08 00:35:50 GMT 2024","passed","Fri Nov 08 00:35:50 GMT 2024","","HYPERON-METTALOG-SANITY","HYPERON-METTALOG-SANITY",""
"","2","F1-IMPORTS.11","","Fri Nov 08 00:34:14 GMT 2024","passed","Fri Nov 08 00:34:14 GMT 2024","","HYPERON-EXPERIMENTAL-SCRIPTS","HYPERON-EXPERIMENTAL-SCRIPTS",""
"","1","AI-SERVICE-COMPOSITION-EASY.03","","Fri Nov 08 01:07:41 GMT 2024","passed","Fri Nov 08 01:07:41 GMT 2024","","AI-SERVICE","AI-SERVICE",""
"","43000","synthesis.SynthesizeTest","","Fri Nov 08 00:34:10 GMT 2024","failed","Fri Nov 08 00:34:53 GMT 2024","","WHOLE-TESTS","WHOLE-TESTS",""
"","1","INF-CTL-MONTH-XP-SHORT-3.09","","Fri Nov 08 02:02:34 GMT 2024","passed","Fri Nov 08 02:02:34 GMT 2024","","COMPARISONS","COMPARISONS",""
"","2","D2-HIGHERFUNC.05","","Fri Nov 08 00:44:05 GMT 2024","passed","Fri Nov 08 00:44:05 GMT 2024","","QUICK","QUICK",""
"","3","B2-BACKCHAIN.05","","Fri Nov 08 00:34:14 GMT 2024","passed","Fri Nov 08 00:34:14 GMT 2024","","HYPERON-EXPERIMENTAL-SCRIPTS","HYPERON-EXPERIMENTAL-SCRIPTS",""
"","13","HYPERON-EXPERIMENTAL-ISSUE-481.03","","Fri Nov 08 01:50:55 GMT 2024","passed","Fri Nov 08 01:50:55 GMT 2024","","DEBUGGING","DEBUGGING",""
"","2","ADD-REMOVE-MATCH-SYMBOLS.16","","Fri Nov 08 00:51:22 GMT 2024","passed","Fri Nov 08 00:51:22 GMT 2024","","SPACES","SPACES",""
"","514","DEDUCTIONEQUALTEST.02","","Fri Nov 08 01:16:56 GMT 2024","failed","Fri Nov 08 01:16:56 GMT 2024","","EQUAL","EQUAL",""
"","278","SYNTHESIZE-VIA-LET-TEST.05","","Fri Nov 08 01:25:10 GMT 2024","failed","Fri Nov 08 01:25:10 GMT 2024","","EXPERIMENTS","EXPERIMENTS",""
"","6000","nars_v0.tests0","","Fri Nov 08 00:34:10 GMT 2024","passed","Fri Nov 08 00:34:16 GMT 2024","","WHOLE-TESTS","WHOLE-TESTS",""
"","3","STRING-TESTS.19","","Fri Nov 08 00:35:50 GMT 2024","passed","Fri Nov 08 00:35:50 GMT 2024","","HYPERON-METTALOG-SANITY","HYPERON-METTALOG-SANITY",""
"","2","TYPE-PROP.07","","Fri Nov 08 01:10:13 GMT 2024","passed","Fri Nov 08 01:10:13 GMT 2024","","CHECK-TYPES-TEMP","CHECK-TYPES-TEMP",""
"","2","B5-TYPES-PRELIM.18","","Fri Nov 08 00:34:14 GMT 2024","passed","Fri Nov 08 00:34:14 GMT 2024","","HYPERON-EXPERIMENTAL-SCRIPTS","HYPERON-EXPERIMENTAL-SCRIPTS",""
"","3","ADD-REMOVE-MATCH-S-STRINGS.11","","Fri Nov 08 00:51:22 GMT 2024","passed","Fri Nov 08 00:51:22 GMT 2024","","SPACES","SPACES",""
"","3","UNIQUE-TEST.10","","Fri Nov 08 00:35:50 GMT 2024","passed","Fri Nov 08 00:35:50 GMT 2024","","HYPERON-METTALOG-SANITY","HYPERON-METTALOG-SANITY",""
"","3","INF-CTL-XP.08","","Fri Nov 08 01:18:32 GMT 2024","passed","Fri Nov 08 01:18:32 GMT 2024","","INFERENCE-CONTROL","INFERENCE-CONTROL",""
"","2","CHAPTER-2-2.10","","Fri Nov 08 00:53:40 GMT 2024","passed","Fri Nov 08 00:53:40 GMT 2024","","SICP-BOOK","SICP-BOOK",""
"","2","STDLIB-METTALOG-TEST-PT2.44","","Fri Nov 08 00:53:30 GMT 2024","passed","Fri Nov 08 00:53:30 GMT 2024","","STDLIB-METTALOG","STDLIB-METTALOG",""
"","2","SYNTHESIZE-VIA-TYPE-CHECKING.09","","Fri Nov 08 01:25:10 GMT 2024","passed","Fri Nov 08 01:25:10 GMT 2024","","EXPERIMENTS","EXPERIMENTS",""
"","5000","hyperon-mettalog_sanity.structure-tests","","Fri Nov 08 00:34:10 GMT 2024","passed","Fri Nov 08 00:34:15 GMT 2024","","WHOLE-TESTS","WHOLE-TESTS",""
"","3","CHAPTER-2-4.12","","Fri Nov 08 00:53:40 GMT 2024","passed","Fri Nov 08 00:53:40 GMT 2024","","SICP-BOOK","SICP-BOOK",""
"","1","SEQUENTIAL-NESTED.06","","Fri Nov 08 00:39:48 GMT 2024","passed","Fri Nov 08 00:39:48 GMT 2024","","METTA-MORPH-TESTS","METTA-MORPH-TESTS",""
"","5000","common.NumTest","","Fri Nov 08 00:34:10 GMT 2024","passed","Fri Nov 08 00:34:15 GMT 2024","","WHOLE-TESTS","WHOLE-TESTS",""
"","3","IBC-XP.27","","Fri Nov 08 01:20:34 GMT 2024","passed","Fri Nov 08 01:20:34 GMT 2024","","ITERATIVE-CHAINING","ITERATIVE-CHAINING",""
"","1","INTERSECTION-TESTS.14","","Fri Nov 08 00:35:50 GMT 2024","passed","Fri Nov 08 00:35:50 GMT 2024","","HYPERON-METTALOG-SANITY","HYPERON-METTALOG-SANITY",""
"","2","C1-GROUNDED-BASIC.02","","Fri Nov 08 00:44:05 GMT 2024","passed","Fri Nov 08 00:44:05 GMT 2024","","QUICK","QUICK",""
"","3","GADT.01","","Fri Nov 08 00:52:05 GMT 2024","passed","Fri Nov 08 00:52:05 GMT 2024","","STD","STD",""
"","2","BCHAIN-COMP.05","","Fri Nov 08 00:41:57 GMT 2024","passed","Fri Nov 08 00:41:57 GMT 2024","","ANTI-REGRESSION","ANTI-REGRESSION",""
"","42000","examples.benchmark","","Fri Nov 08 00:34:10 GMT 2024","failed","Fri Nov 08 00:34:52 GMT 2024","","WHOLE-TESTS","WHOLE-TESTS",""
"","2","D2-HIGHERFUNC.13","","Fri Nov 08 00:34:14 GMT 2024","passed","Fri Nov 08 00:34:14 GMT 2024","","HYPERON-EXPERIMENTAL-SCRIPTS","HYPERON-EXPERIMENTAL-SCRIPTS",""
"","9","MATCH-VOID.05","","Fri Nov 08 00:39:48 GMT 2024","passed","Fri Nov 08 00:39:48 GMT 2024","","METTA-MORPH-TESTS","METTA-MORPH-TESTS",""
"","41","IFC-XP.36","","Fri Nov 08 01:20:34 GMT 2024","failed","Fri Nov 08 01:20:34 GMT 2024","","ITERATIVE-CHAINING","ITERATIVE-CHAINING",""
"","3","D2-HIGHERFUNC.04","","Fri Nov 08 01:10:34 GMT 2024","passed","Fri Nov 08 01:10:34 GMT 2024","","CHECK-TYPES","CHECK-TYPES",""
"","4000","experiments.unify-via-case","","Fri Nov 08 00:34:10 GMT 2024","passed","Fri Nov 08 00:34:14 GMT 2024","","WHOLE-TESTS","WHOLE-TESTS",""
"","258","SELF-CONTAINED-SYNTHESIZE.11","","Fri Nov 08 01:25:10 GMT 2024","failed","Fri Nov 08 01:25:10 GMT 2024","","EXPERIMENTS","EXPERIMENTS",""
"","2","STDLIB-METTALOG-TEST-PT2.29","","Fri Nov 08 00:53:30 GMT 2024","passed","Fri Nov 08 00:53:30 GMT 2024","","STDLIB-METTALOG","STDLIB-METTALOG",""
"","45000","prev.tests4","","Fri Nov 08 00:34:10 GMT 2024","failed","Fri Nov 08 00:34:55 GMT 2024","","WHOLE-TESTS","WHOLE-TESTS",""
"","3","UNIFY-VIA-LET.01","","Fri Nov 08 01:25:10 GMT 2024","passed","Fri Nov 08 01:25:10 GMT 2024","","EXPERIMENTS","EXPERIMENTS",""
"","2","ADD-REMOVE-MATCH-MIX-FLOAT-INTEGER.13","","Fri Nov 08 00:51:22 GMT 2024","passed","Fri Nov 08 00:51:22 GMT 2024","","SPACES","SPACES",""
"","2","INF-ORDER-PROBS.09","","Fri Nov 08 01:02:17 GMT 2024","passed","Fri Nov 08 01:02:17 GMT 2024","","PROB-DEP-TYPES","PROB-DEP-TYPES",""
"","1","NATDTLTEST.02","","Fri Nov 08 01:17:20 GMT 2024","passed","Fri Nov 08 01:17:20 GMT 2024","","HOL","HOL",""
"","135","TYPE-PROP.73","","Fri Nov 08 01:10:13 GMT 2024","failed","Fri Nov 08 01:10:13 GMT 2024","","CHECK-TYPES-TEMP","CHECK-TYPES-TEMP",""
"","1574","SYNTHESIZE-VIA-CASE-TEST.11","","Fri Nov 08 01:25:10 GMT 2024","failed","Fri Nov 08 01:25:11 GMT 2024","","EXPERIMENTS","EXPERIMENTS",""
"","266","SYNTHESIZE-VIA-CASE-TEST.09","","Fri Nov 08 01:25:10 GMT 2024","failed","Fri Nov 08 01:25:10 GMT 2024","","EXPERIMENTS","EXPERIMENTS",""
"","2","C2-SPACES.04","","Fri Nov 08 00:34:14 GMT 2024","passed","Fri Nov 08 00:34:14 GMT 2024","","HYPERON-EXPERIMENTAL-SCRIPTS","HYPERON-EXPERIMENTAL-SCRIPTS",""
"","1","METTALOGTESTCURRIED2.05","","Fri Nov 08 00:41:57 GMT 2024","passed","Fri Nov 08 00:41:57 GMT 2024","","ANTI-REGRESSION","ANTI-REGRESSION",""
"","14","D1-GADT.05","","Fri Nov 08 01:10:34 GMT 2024","passed","Fri Nov 08 01:10:34 GMT 2024","","CHECK-TYPES","CHECK-TYPES",""
"","3","ADD-REMOVE-MATCH-INTEGER.30","","Fri Nov 08 00:51:22 GMT 2024","passed","Fri Nov 08 00:51:22 GMT 2024","","SPACES","SPACES",""
"","2","ADD-REMOVE-MATCH-SYMBOLS.02","","Fri Nov 08 00:51:22 GMT 2024","passed","Fri Nov 08 00:51:22 GMT 2024","","SPACES","SPACES",""
"","118","ADD-REMOVE-MATCH-S-STRINGS.14","","Fri Nov 08 00:51:22 GMT 2024","passed","Fri Nov 08 00:51:22 GMT 2024","","SPACES","SPACES",""
"","2","IBC-XP.23","","Fri Nov 08 01:20:34 GMT 2024","passed","Fri Nov 08 01:20:34 GMT 2024","","ITERATIVE-CHAINING","ITERATIVE-CHAINING",""
"","2","D4-TYPE-PROP.11","","Fri Nov 08 00:34:14 GMT 2024","passed","Fri Nov 08 00:34:14 GMT 2024","","HYPERON-EXPERIMENTAL-SCRIPTS","HYPERON-EXPERIMENTAL-SCRIPTS",""
"","84","COMBINED.03","","Fri Nov 08 01:52:22 GMT 2024","failed","Fri Nov 08 01:52:22 GMT 2024","","ITERATORS","ITERATORS",""
"","40000","subtyping.subtyping-test","","Fri Nov 08 00:34:10 GMT 2024","failed","Fri Nov 08 00:34:50 GMT 2024","","WHOLE-TESTS","WHOLE-TESTS",""
"","2","B5-TYPES-PRELIM.16","","Fri Nov 08 00:34:14 GMT 2024","passed","Fri Nov 08 00:34:14 GMT 2024","","HYPERON-EXPERIMENTAL-SCRIPTS","HYPERON-EXPERIMENTAL-SCRIPTS",""
"","10","D4-TYPE-PROP.03","","Fri Nov 08 01:10:34 GMT 2024","passed","Fri Nov 08 01:10:34 GMT 2024","","CHECK-TYPES","CHECK-TYPES",""
"","2","03-SORING-VIA-INSERT.04","","Fri Nov 08 00:35:50 GMT 2024","passed","Fri Nov 08 00:35:50 GMT 2024","","HYPERON-METTALOG-SANITY","HYPERON-METTALOG-SANITY",""
"","3","IF.01","","Fri Nov 08 00:39:48 GMT 2024","passed","Fri Nov 08 00:39:48 GMT 2024","","METTA-MORPH-TESTS","METTA-MORPH-TESTS",""
"","4","D4-TYPE-PROP.01","","Fri Nov 08 00:44:05 GMT 2024","passed","Fri Nov 08 00:44:05 GMT 2024","","QUICK","QUICK",""
"","65","D2-HIGHERFUNC.07","","Fri Nov 08 00:44:05 GMT 2024","failed","Fri Nov 08 00:44:05 GMT 2024","","QUICK","QUICK",""
"","2","CURRIED-CHAINER.06","","Fri Nov 08 01:15:13 GMT 2024","passed","Fri Nov 08 01:15:13 GMT 2024","","CURRIED-CHAINING","CURRIED-CHAINING",""
"","1","ADD-REMOVE-MATCH-INTEGER.05","","Fri Nov 08 00:51:22 GMT 2024","passed","Fri Nov 08 00:51:22 GMT 2024","","SPACES","SPACES",""
"","2","TYPE-PROP.20","","Fri Nov 08 01:10:13 GMT 2024","passed","Fri Nov 08 01:10:13 GMT 2024","","CHECK-TYPES-TEMP","CHECK-TYPES-TEMP",""
"","2","ADD-REMOVE-MATCH-INTEGER.04","","Fri Nov 08 00:51:22 GMT 2024","passed","Fri Nov 08 00:51:22 GMT 2024","","SPACES","SPACES",""
"","2","CHAPTER-1-1.17","","Fri Nov 08 00:53:40 GMT 2024","passed","Fri Nov 08 00:53:40 GMT 2024","","SICP-BOOK","SICP-BOOK",""
"","5000","collatz.peano","","Fri Nov 08 00:34:10 GMT 2024","passed","Fri Nov 08 00:34:15 GMT 2024","","WHOLE-TESTS","WHOLE-TESTS",""
"","3","UNIQUE-TEST.06","","Fri Nov 08 00:35:50 GMT 2024","passed","Fri Nov 08 00:35:50 GMT 2024","","HYPERON-METTALOG-SANITY","HYPERON-METTALOG-SANITY",""
"","2","D2-HIGHERFUNC.11","","Fri Nov 08 01:10:34 GMT 2024","passed","Fri Nov 08 01:10:34 GMT 2024","","CHECK-TYPES","CHECK-TYPES",""
"","2","AI-SERVICE-COMPOSITION-SANITY.05","","Fri Nov 08 01:07:41 GMT 2024","passed","Fri Nov 08 01:07:41 GMT 2024","","AI-SERVICE","AI-SERVICE",""
"","304","PROB-DEP-TYPES.08","","Fri Nov 08 01:02:17 GMT 2024","failed","Fri Nov 08 01:02:17 GMT 2024","","PROB-DEP-TYPES","PROB-DEP-TYPES",""
"","45","CHAPTER-2-2.07","","Fri Nov 08 00:53:40 GMT 2024","failed","Fri Nov 08 00:53:40 GMT 2024","","SICP-BOOK","SICP-BOOK",""
"","3","OBIF.01","","Fri Nov 08 01:53:56 GMT 2024","passed","Fri Nov 08 01:53:56 GMT 2024","","MULTIDIRECTIONAL","MULTIDIRECTIONAL",""
"","4","TYPE-PROP.35","","Fri Nov 08 01:10:13 GMT 2024","passed","Fri Nov 08 01:10:13 GMT 2024","","CHECK-TYPES-TEMP","CHECK-TYPES-TEMP",""
"","1","SUBTRACTION-TEST.05","","Fri Nov 08 00:35:50 GMT 2024","passed","Fri Nov 08 00:35:50 GMT 2024","","HYPERON-METTALOG-SANITY","HYPERON-METTALOG-SANITY",""
"","1","INTERSECTION-TESTS.10","","Fri Nov 08 00:35:50 GMT 2024","passed","Fri Nov 08 00:35:50 GMT 2024","","HYPERON-METTALOG-SANITY","HYPERON-METTALOG-SANITY",""
"","1","C1-GROUNDED-BASIC.02","","Fri Nov 08 00:34:14 GMT 2024","passed","Fri Nov 08 00:34:14 GMT 2024","","HYPERON-EXPERIMENTAL-SCRIPTS","HYPERON-EXPERIMENTAL-SCRIPTS",""
"","2","IBC-XP.30","","Fri Nov 08 01:20:34 GMT 2024","passed","Fri Nov 08 01:20:34 GMT 2024","","ITERATIVE-CHAINING","ITERATIVE-CHAINING",""
"","2","AI-SERVICE-COMPOSITION-EASY.04","","Fri Nov 08 01:07:41 GMT 2024","passed","Fri Nov 08 01:07:41 GMT 2024","","AI-SERVICE","AI-SERVICE",""
"","2","NATSTANDALONETEST.03","","Fri Nov 08 01:17:20 GMT 2024","passed","Fri Nov 08 01:17:20 GMT 2024","","HOL","HOL",""
"","40000","SICP_book.chapter_2_2","","Fri Nov 08 00:34:10 GMT 2024","failed","Fri Nov 08 00:34:50 GMT 2024","","WHOLE-TESTS","WHOLE-TESTS",""
"","3","BACKWARD-CHAINER-XP.10","","Fri Nov 08 01:14:22 GMT 2024","passed","Fri Nov 08 01:14:22 GMT 2024","","BACKWARD-CHAINER","BACKWARD-CHAINER",""
"","16000","metta-wam-issue-116.test_spo_116378","","Fri Nov 08 00:34:10 GMT 2024","failed","Fri Nov 08 00:34:26 GMT 2024","","WHOLE-TESTS","WHOLE-TESTS",""
"","2","STDLIB-METTALOG-TEST-PT2.42","","Fri Nov 08 00:53:30 GMT 2024","passed","Fri Nov 08 00:53:30 GMT 2024","","STDLIB-METTALOG","STDLIB-METTALOG",""
"","30","INF-CTL-MONTH-XP-SHORT-1.01","","Fri Nov 08 02:02:34 GMT 2024","failed","Fri Nov 08 02:02:34 GMT 2024","","COMPARISONS","COMPARISONS",""
"","3","PEANO.01","","Fri Nov 08 01:47:09 GMT 2024","passed","Fri Nov 08 01:47:09 GMT 2024","","TRANSPILER","TRANSPILER",""
"","2","TYPE-PROP.22","","Fri Nov 08 01:10:13 GMT 2024","passed","Fri Nov 08 01:10:13 GMT 2024","","CHECK-TYPES-TEMP","CHECK-TYPES-TEMP",""
"","2","B4-NONDETERM.08","","Fri Nov 08 00:34:14 GMT 2024","passed","Fri Nov 08 00:34:14 GMT 2024","","HYPERON-EXPERIMENTAL-SCRIPTS","HYPERON-EXPERIMENTAL-SCRIPTS",""
"","5000","perfect-numbers.basic","","Fri Nov 08 00:34:10 GMT 2024","passed","Fri Nov 08 00:34:15 GMT 2024","","WHOLE-TESTS","WHOLE-TESTS",""
"","4000","std.nondeterm","","Fri Nov 08 00:34:10 GMT 2024","passed","Fri Nov 08 00:34:14 GMT 2024","","WHOLE-TESTS","WHOLE-TESTS",""
"","81","QUERIES.17","","Fri Nov 08 01:06:48 GMT 2024","failed","Fri Nov 08 01:06:48 GMT 2024","","STRIPS-TO-METTA-IMPROVED","STRIPS-TO-METTA-IMPROVED",""
"","1","C1-GROUNDED-BASIC.04","","Fri Nov 08 00:34:14 GMT 2024","passed","Fri Nov 08 00:34:14 GMT 2024","","HYPERON-EXPERIMENTAL-SCRIPTS","HYPERON-EXPERIMENTAL-SCRIPTS",""
"","4000","forward-chainer.forward-chainer-test","","Fri Nov 08 00:34:10 GMT 2024","passed","Fri Nov 08 00:34:14 GMT 2024","","WHOLE-TESTS","WHOLE-TESTS",""
"","46000","current.tests2","","Fri Nov 08 00:34:10 GMT 2024","failed","Fri Nov 08 00:34:56 GMT 2024","","WHOLE-TESTS","WHOLE-TESTS",""
"","2","INF-CTL-MONTH-XP-SHORT-3.12","","Fri Nov 08 02:02:34 GMT 2024","passed","Fri Nov 08 02:02:34 GMT 2024","","COMPARISONS","COMPARISONS",""
"","2","ADD-REMOVE-MATCH-FLOAT.12","","Fri Nov 08 00:51:22 GMT 2024","passed","Fri Nov 08 00:51:22 GMT 2024","","SPACES","SPACES",""
"","2","TESTS1-PRE.07","","Fri Nov 08 00:44:34 GMT 2024","passed","Fri Nov 08 00:44:34 GMT 2024","","MAIN-BRANCH","MAIN-BRANCH",""
"","2","ADD-REMOVE-MATCH-INTEGER.15","","Fri Nov 08 00:51:22 GMT 2024","passed","Fri Nov 08 00:51:22 GMT 2024","","SPACES","SPACES",""
"","3","TESTS4.03","","Fri Nov 08 00:44:34 GMT 2024","passed","Fri Nov 08 00:44:34 GMT 2024","","MAIN-BRANCH","MAIN-BRANCH",""
"","1205","SYNTHESIZE-VIA-CASE-TEST.06","","Fri Nov 08 01:25:10 GMT 2024","failed","Fri Nov 08 01:25:11 GMT 2024","","EXPERIMENTS","EXPERIMENTS",""
"","2","IMPL-METTALOGTESTCURRIED.04","","Fri Nov 08 01:47:36 GMT 2024","passed","Fri Nov 08 01:47:36 GMT 2024","","WALK-THRU","WALK-THRU",""
"","2","E2-STATES.04","","Fri Nov 08 00:34:14 GMT 2024","passed","Fri Nov 08 00:34:14 GMT 2024","","HYPERON-EXPERIMENTAL-SCRIPTS","HYPERON-EXPERIMENTAL-SCRIPTS",""
"","22","INF-CTL-XP.14","","Fri Nov 08 01:18:32 GMT 2024","failed","Fri Nov 08 01:18:32 GMT 2024","","INFERENCE-CONTROL","INFERENCE-CONTROL",""
"","2","OR-TEST.19","","Fri Nov 08 00:35:50 GMT 2024","passed","Fri Nov 08 00:35:50 GMT 2024","","HYPERON-METTALOG-SANITY","HYPERON-METTALOG-SANITY",""
"","2","C2-SPACES.04","","Fri Nov 08 00:34:05 GMT 2024","passed","Fri Nov 08 00:34:05 GMT 2024","","MODULE-SYSTEM","MODULE-SYSTEM",""
"","75","GROUNDED-BASIC.03","","Fri Nov 08 00:52:05 GMT 2024","passed","Fri Nov 08 00:52:05 GMT 2024","","STD","STD",""
"","2","CHAPTER-1-1.09","","Fri Nov 08 00:53:40 GMT 2024","passed","Fri Nov 08 00:53:40 GMT 2024","","SICP-BOOK","SICP-BOOK",""
"","1264","PUZZLE.01","","Fri Nov 08 01:01:40 GMT 2024","passed","Fri Nov 08 01:01:41 GMT 2024","","LOGIC","LOGIC",""
"","4","SHOW-TYPE.06","","Fri Nov 08 00:51:07 GMT 2024","passed","Fri Nov 08 00:51:07 GMT 2024","","INTROSPECT","INTROSPECT",""
"","19","INF-CTL-MONTH-XP.09","","Fri Nov 08 01:18:32 GMT 2024","failed","Fri Nov 08 01:18:32 GMT 2024","","INFERENCE-CONTROL","INFERENCE-CONTROL",""
"","254","TESTS0.08","","Fri Nov 08 00:44:34 GMT 2024","passed","Fri Nov 08 00:44:34 GMT 2024","","MAIN-BRANCH","MAIN-BRANCH",""
"","2","BC-COMP.02","","Fri Nov 08 01:47:36 GMT 2024","passed","Fri Nov 08 01:47:36 GMT 2024","","WALK-THRU","WALK-THRU",""
"","3","BC-XP.29","","Fri Nov 08 01:14:27 GMT 2024","passed","Fri Nov 08 01:14:27 GMT 2024","","BACKWARD-CHAINING","BACKWARD-CHAINING",""
"","1","ADD-REMOVE-MATCH-INTEGER.27","","Fri Nov 08 00:51:22 GMT 2024","passed","Fri Nov 08 00:51:22 GMT 2024","","SPACES","SPACES",""
"","3","ADD-ATOM-NAIVE-FIB.06","","Fri Nov 08 02:02:34 GMT 2024","passed","Fri Nov 08 02:02:34 GMT 2024","","COMPARISONS","COMPARISONS",""
"","2","D4-TYPE-PROP.04","","Fri Nov 08 01:10:34 GMT 2024","passed","Fri Nov 08 01:10:34 GMT 2024","","CHECK-TYPES","CHECK-TYPES",""
"","1","D4-TYPE-PROP.21","","Fri Nov 08 01:10:34 GMT 2024","passed","Fri Nov 08 01:10:34 GMT 2024","","CHECK-TYPES","CHECK-TYPES",""
"","2","BCHAIN.03","","Fri Nov 08 01:47:36 GMT 2024","passed","Fri Nov 08 01:47:36 GMT 2024","","WALK-THRU","WALK-THRU",""
"","3","D2-HIGHERFUNC.01","","Fri Nov 08 01:10:34 GMT 2024","passed","Fri Nov 08 01:10:34 GMT 2024","","CHECK-TYPES","CHECK-TYPES",""
"","2","INF-CTL-MONTH-BC-CONT-XP.14","","Fri Nov 08 01:18:32 GMT 2024","passed","Fri Nov 08 01:18:32 GMT 2024","","INFERENCE-CONTROL","INFERENCE-CONTROL",""
"","2","MATCH-SUPERPOSED-SPACES.01","","Fri Nov 08 00:39:48 GMT 2024","passed","Fri Nov 08 00:39:48 GMT 2024","","METTA-MORPH-TESTS","METTA-MORPH-TESTS",""
"","2","SEQUENTIAL-NESTED.02","","Fri Nov 08 00:39:48 GMT 2024","passed","Fri Nov 08 00:39:48 GMT 2024","","METTA-MORPH-TESTS","METTA-MORPH-TESTS",""
"","2","DEBUG-METTALOGTESTCURRIED.06","","Fri Nov 08 01:47:36 GMT 2024","passed","Fri Nov 08 01:47:36 GMT 2024","","WALK-THRU","WALK-THRU",""
"","3","E3-MATCH-STATES.01","","Fri Nov 08 00:34:14 GMT 2024","passed","Fri Nov 08 00:34:14 GMT 2024","","HYPERON-EXPERIMENTAL-SCRIPTS","HYPERON-EXPERIMENTAL-SCRIPTS",""
"","5000","entail.DeductionEntailTest","","Fri Nov 08 00:34:10 GMT 2024","passed","Fri Nov 08 00:34:15 GMT 2024","","WHOLE-TESTS","WHOLE-TESTS",""
"","13","D1-GADT.13","","Fri Nov 08 01:10:34 GMT 2024","passed","Fri Nov 08 01:10:34 GMT 2024","","CHECK-TYPES","CHECK-TYPES",""
"","2","ORDEREDSETTEST.05","","Fri Nov 08 01:14:36 GMT 2024","passed","Fri Nov 08 01:14:36 GMT 2024","","COMMON","COMMON",""
"","2","FLIP-TEST.02","","Fri Nov 08 00:35:50 GMT 2024","passed","Fri Nov 08 00:35:50 GMT 2024","","HYPERON-METTALOG-SANITY","HYPERON-METTALOG-SANITY",""
"","2","BACKWARD-CHAINER-XP.21","","Fri Nov 08 01:14:22 GMT 2024","passed","Fri Nov 08 01:14:22 GMT 2024","","BACKWARD-CHAINER","BACKWARD-CHAINER",""
"","4000","containers_are_spaces.05_match_superpose_element_like_space","","Fri Nov 08 00:34:10 GMT 2024","passed","Fri Nov 08 00:34:14 GMT 2024","","WHOLE-TESTS","WHOLE-TESTS",""
"","2","IMPLICATIONDIRECTINTRODUCTIONENTAILTEST.05","","Fri Nov 08 01:16:46 GMT 2024","passed","Fri Nov 08 01:16:46 GMT 2024","","ENTAIL","ENTAIL",""
"","67","OBIF-CLP.01","","Fri Nov 08 01:53:56 GMT 2024","failed","Fri Nov 08 01:53:56 GMT 2024","","MULTIDIRECTIONAL","MULTIDIRECTIONAL",""
"","3","D2-HIGHERFUNC.26","","Fri Nov 08 00:44:05 GMT 2024","passed","Fri Nov 08 00:44:05 GMT 2024","","QUICK","QUICK",""
"","46000","new.tests1","","Fri Nov 08 00:34:10 GMT 2024","failed","Fri Nov 08 00:34:56 GMT 2024","","WHOLE-TESTS","WHOLE-TESTS",""
"","43000","inference-control.inf-ctl-month-bc-cont-xp","","Fri Nov 08 00:34:10 GMT 2024","failed","Fri Nov 08 00:34:53 GMT 2024","","WHOLE-TESTS","WHOLE-TESTS",""
"","4000","check_types.d5_auto_types","","Fri Nov 08 00:34:10 GMT 2024","passed","Fri Nov 08 00:34:14 GMT 2024","","WHOLE-TESTS","WHOLE-TESTS",""
"","2","ADD-REMOVE-MATCH-MIX-FLOAT-INTEGER.15","","Fri Nov 08 00:51:22 GMT 2024","passed","Fri Nov 08 00:51:22 GMT 2024","","SPACES","SPACES",""
"","2","GROUNDED-BASIC.04","","Fri Nov 08 00:52:05 GMT 2024","passed","Fri Nov 08 00:52:05 GMT 2024","","STD","STD",""
"","16","TEST-INFER-FUNCTION-APPLICATION-TYPE.10","","Fri Nov 08 01:56:15 GMT 2024","failed","Fri Nov 08 01:56:15 GMT 2024","","BASIC","BASIC",""
"","18","INF-CTL-MONTH-XP-SHORT-5.01","","Fri Nov 08 02:02:34 GMT 2024","failed","Fri Nov 08 02:02:34 GMT 2024","","COMPARISONS","COMPARISONS",""
"","138","NTE.03","","Fri Nov 08 01:00:19 GMT 2024","passed","Fri Nov 08 01:00:19 GMT 2024","","EDGES-TO-EDGES","EDGES-TO-EDGES",""
"","278","SYNTHESIZE-VIA-LET-TEST.02","","Fri Nov 08 01:25:10 GMT 2024","failed","Fri Nov 08 01:25:10 GMT 2024","","EXPERIMENTS","EXPERIMENTS",""
"","1","BCHAIN-COMP.03","","Fri Nov 08 00:41:57 GMT 2024","passed","Fri Nov 08 00:41:57 GMT 2024","","ANTI-REGRESSION","ANTI-REGRESSION",""
"","7000","stdlib-mettalog.stdlib_mettalog_test_pt2","","Fri Nov 08 00:34:10 GMT 2024","passed","Fri Nov 08 00:34:17 GMT 2024","","WHOLE-TESTS","WHOLE-TESTS",""
"","2","AI-SERVICE-COMPOSITION-SANITY.02","","Fri Nov 08 01:07:41 GMT 2024","passed","Fri Nov 08 01:07:41 GMT 2024","","AI-SERVICE","AI-SERVICE",""
"","3","TYPE-PROP.01","","Fri Nov 08 00:49:03 GMT 2024","passed","Fri Nov 08 00:49:03 GMT 2024","","CHAINING","CHAINING",""
"","3","HYPERPOSING-UNSHARED.10","","Fri Nov 08 01:56:15 GMT 2024","passed","Fri Nov 08 01:56:15 GMT 2024","","BASIC","BASIC",""
"","2","STATES-SPACES.04","","Fri Nov 08 00:39:48 GMT 2024","passed","Fri Nov 08 00:39:48 GMT 2024","","METTA-MORPH-TESTS","METTA-MORPH-TESTS",""
"","4000","prob-dep-types.inf_order_probs","","Fri Nov 08 00:34:10 GMT 2024","passed","Fri Nov 08 00:34:14 GMT 2024","","WHOLE-TESTS","WHOLE-TESTS",""
"","2","B0-CHAINING-PRELIM.05","","Fri Nov 08 00:34:14 GMT 2024","passed","Fri Nov 08 00:34:14 GMT 2024","","HYPERON-EXPERIMENTAL-SCRIPTS","HYPERON-EXPERIMENTAL-SCRIPTS",""
"","2","BASIC.12","","Fri Nov 08 01:07:29 GMT 2024","passed","Fri Nov 08 01:07:29 GMT 2024","","TRAVERSER","TRAVERSER",""
"","41000","bio-atomspace.pln-xp-mettalog","","Fri Nov 08 00:34:10 GMT 2024","failed","Fri Nov 08 00:34:51 GMT 2024","","WHOLE-TESTS","WHOLE-TESTS",""
"","46000","prev.tests3","","Fri Nov 08 00:34:10 GMT 2024","failed","Fri Nov 08 00:34:56 GMT 2024","","WHOLE-TESTS","WHOLE-TESTS",""
"","2","ADD-REMOVE-MATCH-FLOAT.10","","Fri Nov 08 00:51:22 GMT 2024","passed","Fri Nov 08 00:51:22 GMT 2024","","SPACES","SPACES",""
"","1","B4-NONDETERM.05","","Fri Nov 08 00:34:14 GMT 2024","passed","Fri Nov 08 00:34:14 GMT 2024","","HYPERON-EXPERIMENTAL-SCRIPTS","HYPERON-EXPERIMENTAL-SCRIPTS",""
"","1","HYPERPOSING.02","","Fri Nov 08 01:56:15 GMT 2024","passed","Fri Nov 08 01:56:15 GMT 2024","","BASIC","BASIC",""
"","6000","main-branch.nalifier_Prev","","Fri Nov 08 00:34:10 GMT 2024","passed","Fri Nov 08 00:34:16 GMT 2024","","WHOLE-TESTS","WHOLE-TESTS",""
"","2","HIGHER-ORDER-FUNCS.05","","Fri Nov 08 00:52:05 GMT 2024","passed","Fri Nov 08 00:52:05 GMT 2024","","STD","STD",""
"","3","FORWARD-CHAINER-XP.03","","Fri Nov 08 01:17:07 GMT 2024","passed","Fri Nov 08 01:17:07 GMT 2024","","FORWARD-CHAINER","FORWARD-CHAINER",""
"","5000","hyperon-mettalog_sanity.subtraction_test","","Fri Nov 08 00:34:10 GMT 2024","passed","Fri Nov 08 00:34:15 GMT 2024","","WHOLE-TESTS","WHOLE-TESTS",""
"","2","ADD-REMOVE-MATCH-STRINGS.10","","Fri Nov 08 00:51:22 GMT 2024","passed","Fri Nov 08 00:51:22 GMT 2024","","SPACES","SPACES",""
"","3","SYNTHESIZE-VIA-LET-TEST.04","","Fri Nov 08 01:25:10 GMT 2024","passed","Fri Nov 08 01:25:10 GMT 2024","","EXPERIMENTS","EXPERIMENTS",""
"","1","06-MATCH-IN-SPACE.02","","Fri Nov 08 00:35:50 GMT 2024","passed","Fri Nov 08 00:35:50 GMT 2024","","HYPERON-METTALOG-SANITY","HYPERON-METTALOG-SANITY",""
"","1","INF-CTL-MONTH-BC-CONT-XP.04","","Fri Nov 08 01:18:32 GMT 2024","passed","Fri Nov 08 01:18:32 GMT 2024","","INFERENCE-CONTROL","INFERENCE-CONTROL",""
"","2","QUERIES.04","","Fri Nov 08 01:06:48 GMT 2024","passed","Fri Nov 08 01:06:48 GMT 2024","","STRIPS-TO-METTA-IMPROVED","STRIPS-TO-METTA-IMPROVED",""
"","4000","debugging.hyperon_experimental_issue_514","","Fri Nov 08 00:34:10 GMT 2024","passed","Fri Nov 08 00:34:14 GMT 2024","","WHOLE-TESTS","WHOLE-TESTS",""
"","40000","experiments.synthesize-via-let-test","","Fri Nov 08 00:34:10 GMT 2024","failed","Fri Nov 08 00:34:50 GMT 2024","","WHOLE-TESTS","WHOLE-TESTS",""
"","1","ADD-REMOVE-MATCH-INTEGER.13","","Fri Nov 08 00:51:22 GMT 2024","passed","Fri Nov 08 00:51:22 GMT 2024","","SPACES","SPACES",""
"","7346","PROB-DEP-TYPES.14","","Fri Nov 08 01:02:17 GMT 2024","failed","Fri Nov 08 01:02:24 GMT 2024","","PROB-DEP-TYPES","PROB-DEP-TYPES",""
"","3","BC-XP.01","","Fri Nov 08 01:14:27 GMT 2024","passed","Fri Nov 08 01:14:27 GMT 2024","","BACKWARD-CHAINING","BACKWARD-CHAINING",""
"","2","TEST-IF-CLOSED.06","","Fri Nov 08 00:41:57 GMT 2024","passed","Fri Nov 08 00:41:57 GMT 2024","","ANTI-REGRESSION","ANTI-REGRESSION",""
"","15","STDLIB-METTALOG-TEST-PT2.53","","Fri Nov 08 00:53:30 GMT 2024","failed","Fri Nov 08 00:53:30 GMT 2024","","STDLIB-METTALOG","STDLIB-METTALOG",""
"","5000","metta-morph_tests.add_atom_match","","Fri Nov 08 00:34:10 GMT 2024","passed","Fri Nov 08 00:34:15 GMT 2024","","WHOLE-TESTS","WHOLE-TESTS",""
"","2","BC-XP.05","","Fri Nov 08 00:49:03 GMT 2024","passed","Fri Nov 08 00:49:03 GMT 2024","","CHAINING","CHAINING",""
"","2","F1-IMPORTS.05","","Fri Nov 08 00:34:05 GMT 2024","passed","Fri Nov 08 00:34:05 GMT 2024","","MODULE-SYSTEM","MODULE-SYSTEM",""
"","2","E2-STATES.06","","Fri Nov 08 01:10:34 GMT 2024","passed","Fri Nov 08 01:10:34 GMT 2024","","CHECK-TYPES","CHECK-TYPES",""
