"DESCRIPTION","DURATION IN MS","NAME","PARENT SUITE","START TIME","STATUS","STOP TIME","SUB SUITE","SUITE","TEST CLASS","TEST METHOD"
"","2","TESTS5.02","","Mon Nov 04 00:46:15 GMT 2024","passed","Mon Nov 04 00:46:15 GMT 2024","","MAIN-BRANCH","MAIN-BRANCH",""
"","15","TYPE-PROP.03","","Mon Nov 04 01:11:50 GMT 2024","passed","Mon Nov 04 01:11:50 GMT 2024","","CHECK-TYPES-TEMP","CHECK-TYPES-TEMP",""
"","197","SYNTHESIZE-VIA-UNIFY-TEST.05","","Mon Nov 04 01:26:50 GMT 2024","failed","Mon Nov 04 01:26:50 GMT 2024","","EXPERIMENTS","EXPERIMENTS",""
"","5","SPACE-SUBTRACTION-TESTS.09","","Mon Nov 04 00:37:43 GMT 2024","passed","Mon Nov 04 00:37:43 GMT 2024","","HYPERON-METTALOG-SANITY","HYPERON-METTALOG-SANITY",""
"","6","OR-TEST.01","","Mon Nov 04 00:37:43 GMT 2024","passed","Mon Nov 04 00:37:43 GMT 2024","","HYPERON-METTALOG-SANITY","HYPERON-METTALOG-SANITY",""
"","2","F1-IMPORTS.14","","Mon Nov 04 00:45:46 GMT 2024","passed","Mon Nov 04 00:45:46 GMT 2024","","QUICK","QUICK",""
"","2","ADD-REMOVE-MATCH-FLOAT.06","","Mon Nov 04 00:53:03 GMT 2024","passed","Mon Nov 04 00:53:03 GMT 2024","","SPACES","SPACES",""
"","3","LET-SUPERPOSE-LIST.01","","Mon Nov 04 01:48:50 GMT 2024","passed","Mon Nov 04 01:48:50 GMT 2024","","TRANSPILER","TRANSPILER",""
"","3","D2-HIGHERFUNC.01","","Mon Nov 04 00:36:07 GMT 2024","passed","Mon Nov 04 00:36:07 GMT 2024","","HYPERON-EXPERIMENTAL-SCRIPTS","HYPERON-EXPERIMENTAL-SCRIPTS",""
"","2","B5-TYPES-PRELIM.25","","Mon Nov 04 01:11:50 GMT 2024","passed","Mon Nov 04 01:11:50 GMT 2024","","CHECK-TYPES-TEMP","CHECK-TYPES-TEMP",""
"","2","LTE.05","","Mon Nov 04 00:53:44 GMT 2024","passed","Mon Nov 04 00:53:44 GMT 2024","","STD","STD",""
"","2","A3-TWOSIDE.04","","Mon Nov 04 00:36:07 GMT 2024","passed","Mon Nov 04 00:36:07 GMT 2024","","HYPERON-EXPERIMENTAL-SCRIPTS","HYPERON-EXPERIMENTAL-SCRIPTS",""
"","2","INF-CTL-MONTH-XP-SHORT-3.09","","Mon Nov 04 02:04:14 GMT 2024","passed","Mon Nov 04 02:04:14 GMT 2024","","COMPARISONS","COMPARISONS",""
"","2","CML-UNSHARED.08","","Mon Nov 04 01:57:54 GMT 2024","passed","Mon Nov 04 01:57:54 GMT 2024","","BASIC","BASIC",""
"","1","D4-TYPE-PROP.05","","Mon Nov 04 00:45:46 GMT 2024","passed","Mon Nov 04 00:45:46 GMT 2024","","QUICK","QUICK",""
"","3","LETLET.01","","Mon Nov 04 01:48:50 GMT 2024","passed","Mon Nov 04 01:48:50 GMT 2024","","TRANSPILER","TRANSPILER",""
"","4","C1-GROUNDED-BASIC.08","","Mon Nov 04 00:36:07 GMT 2024","passed","Mon Nov 04 00:36:07 GMT 2024","","HYPERON-EXPERIMENTAL-SCRIPTS","HYPERON-EXPERIMENTAL-SCRIPTS",""
"","2","V2-PLN-XP-SYS-IMPL.02","","Mon Nov 04 00:50:44 GMT 2024","passed","Mon Nov 04 00:50:44 GMT 2024","","CHAINING","CHAINING",""
"","94","SHOW-TYPE.14","","Mon Nov 04 00:52:48 GMT 2024","failed","Mon Nov 04 00:52:48 GMT 2024","","INTROSPECT","INTROSPECT",""
"","5000","hyperon-experimental_scripts.c1_grounded_basic","","Mon Nov 04 00:36:03 GMT 2024","passed","Mon Nov 04 00:36:08 GMT 2024","","WHOLE-TESTS","WHOLE-TESTS",""
"","2","B0-CHAINING-PRELIM.03","","Mon Nov 04 00:36:07 GMT 2024","passed","Mon Nov 04 00:36:07 GMT 2024","","HYPERON-EXPERIMENTAL-SCRIPTS","HYPERON-EXPERIMENTAL-SCRIPTS",""
"","2","SUBTRACTION-TEST.09","","Mon Nov 04 00:37:43 GMT 2024","passed","Mon Nov 04 00:37:43 GMT 2024","","HYPERON-METTALOG-SANITY","HYPERON-METTALOG-SANITY",""
"","2","TEST-IF-CLOSED.09","","Mon Nov 04 01:49:17 GMT 2024","passed","Mon Nov 04 01:49:17 GMT 2024","","WALK-THRU","WALK-THRU",""
"","72","00A-LANG-COMPILED-CASE.08","","Mon Nov 04 01:47:48 GMT 2024","passed","Mon Nov 04 01:47:48 GMT 2024","","DIRECT-COMP","DIRECT-COMP",""
"","2","DEFINE-IF-LIKE.03","","Mon Nov 04 01:47:48 GMT 2024","passed","Mon Nov 04 01:47:48 GMT 2024","","DIRECT-COMP","DIRECT-COMP",""
"","6000","dependent-types.bchain","","Mon Nov 04 00:36:03 GMT 2024","passed","Mon Nov 04 00:36:09 GMT 2024","","WHOLE-TESTS","WHOLE-TESTS",""
"","150","BASIC.10","","Mon Nov 04 01:09:08 GMT 2024","failed","Mon Nov 04 01:09:08 GMT 2024","","TRAVERSER","TRAVERSER",""
"","14","CHAPTER-2-4.17","","Mon Nov 04 00:55:17 GMT 2024","failed","Mon Nov 04 00:55:17 GMT 2024","","SICP-BOOK","SICP-BOOK",""
"","5","UNIQUE-TEST.13","","Mon Nov 04 00:37:43 GMT 2024","passed","Mon Nov 04 00:37:43 GMT 2024","","HYPERON-METTALOG-SANITY","HYPERON-METTALOG-SANITY",""
"","87","05-MATCH-SUPERPOSE-ELEMENT-LIKE-SPACE.03","","Mon Nov 04 01:52:29 GMT 2024","failed","Mon Nov 04 01:52:29 GMT 2024","","CONTAINERS-ARE-SPACES","CONTAINERS-ARE-SPACES",""
"","4000","basic.hyperposing","","Mon Nov 04 00:36:03 GMT 2024","passed","Mon Nov 04 00:36:07 GMT 2024","","WHOLE-TESTS","WHOLE-TESTS",""
"","2","NATPARITYTEST.08","","Mon Nov 04 01:19:01 GMT 2024","passed","Mon Nov 04 01:19:01 GMT 2024","","HOL","HOL",""
"","2","INF-CTL-MONTH-BC-CONT-XP.06","","Mon Nov 04 01:20:12 GMT 2024","passed","Mon Nov 04 01:20:12 GMT 2024","","INFERENCE-CONTROL","INFERENCE-CONTROL",""
"","2134","TESTS5.07","","Mon Nov 04 00:46:15 GMT 2024","failed","Mon Nov 04 00:46:17 GMT 2024","","MAIN-BRANCH","MAIN-BRANCH",""
"","3","SUBTYPING-TEST.01","","Mon Nov 04 01:25:02 GMT 2024","passed","Mon Nov 04 01:25:02 GMT 2024","","SUBTYPING","SUBTYPING",""
"","4000","metta-morph_tests.and_or","","Mon Nov 04 00:36:03 GMT 2024","passed","Mon Nov 04 00:36:07 GMT 2024","","WHOLE-TESTS","WHOLE-TESTS",""
"","4000","metta-morph_tests.match_void","","Mon Nov 04 00:36:03 GMT 2024","passed","Mon Nov 04 00:36:07 GMT 2024","","WHOLE-TESTS","WHOLE-TESTS",""
"","1","BCHAIN.05","","Mon Nov 04 00:43:38 GMT 2024","passed","Mon Nov 04 00:43:38 GMT 2024","","ANTI-REGRESSION","ANTI-REGRESSION",""
"","135","INF-ORDER-PROBS.08","","Mon Nov 04 01:03:54 GMT 2024","passed","Mon Nov 04 01:03:54 GMT 2024","","PROB-DEP-TYPES","PROB-DEP-TYPES",""
"","5000","new.tests0","","Mon Nov 04 00:36:03 GMT 2024","passed","Mon Nov 04 00:36:08 GMT 2024","","WHOLE-TESTS","WHOLE-TESTS",""
"","3","B4-NONDETERM.09","","Mon Nov 04 00:36:07 GMT 2024","passed","Mon Nov 04 00:36:07 GMT 2024","","HYPERON-EXPERIMENTAL-SCRIPTS","HYPERON-EXPERIMENTAL-SCRIPTS",""
"","2","ADD-REMOVE-MATCH-MIX-FLOAT-INTEGER.12","","Mon Nov 04 00:53:03 GMT 2024","passed","Mon Nov 04 00:53:03 GMT 2024","","SPACES","SPACES",""
"","2","METTALOGTESTCURRIED2.06","","Mon Nov 04 00:43:38 GMT 2024","passed","Mon Nov 04 00:43:38 GMT 2024","","ANTI-REGRESSION","ANTI-REGRESSION",""
"","3","TYPES-PRELIM.05","","Mon Nov 04 00:50:44 GMT 2024","passed","Mon Nov 04 00:50:44 GMT 2024","","CHAINING","CHAINING",""
"","2","DEFINE-IF-LIKE.04","","Mon Nov 04 01:47:48 GMT 2024","passed","Mon Nov 04 01:47:48 GMT 2024","","DIRECT-COMP","DIRECT-COMP",""
"","2","D4-TYPE-PROP.07","","Mon Nov 04 01:12:10 GMT 2024","passed","Mon Nov 04 01:12:10 GMT 2024","","CHECK-TYPES","CHECK-TYPES",""
"","2","C1-GROUNDED-BASIC.09","","Mon Nov 04 00:45:46 GMT 2024","passed","Mon Nov 04 00:45:46 GMT 2024","","QUICK","QUICK",""
"","40000","strips-to-metta-improved.queries","","Mon Nov 04 00:36:03 GMT 2024","failed","Mon Nov 04 00:36:43 GMT 2024","","WHOLE-TESTS","WHOLE-TESTS",""
"","515","NTE.02","","Mon Nov 04 01:01:56 GMT 2024","passed","Mon Nov 04 01:01:56 GMT 2024","","EDGES-TO-EDGES","EDGES-TO-EDGES",""
"","4000","multidirectional.append_using_equality","","Mon Nov 04 00:36:03 GMT 2024","passed","Mon Nov 04 00:36:07 GMT 2024","","WHOLE-TESTS","WHOLE-TESTS",""
"","2","IBC-XP.05","","Mon Nov 04 01:22:13 GMT 2024","passed","Mon Nov 04 01:22:13 GMT 2024","","ITERATIVE-CHAINING","ITERATIVE-CHAINING",""
"","4000","debugging.hyperon_experimental_issue_514","","Mon Nov 04 00:36:03 GMT 2024","passed","Mon Nov 04 00:36:07 GMT 2024","","WHOLE-TESTS","WHOLE-TESTS",""
"","2","TYPE-PROP.10","","Mon Nov 04 01:11:50 GMT 2024","passed","Mon Nov 04 01:11:50 GMT 2024","","CHECK-TYPES-TEMP","CHECK-TYPES-TEMP",""
"","2","F1-IMPORTS.16","","Mon Nov 04 00:36:07 GMT 2024","passed","Mon Nov 04 00:36:07 GMT 2024","","HYPERON-EXPERIMENTAL-SCRIPTS","HYPERON-EXPERIMENTAL-SCRIPTS",""
"","4000","hyperon-experimental_scripts.e3_match_states","","Mon Nov 04 00:36:03 GMT 2024","passed","Mon Nov 04 00:36:07 GMT 2024","","WHOLE-TESTS","WHOLE-TESTS",""
"","5000","common.OrderedSetTest","","Mon Nov 04 00:36:03 GMT 2024","passed","Mon Nov 04 00:36:08 GMT 2024","","WHOLE-TESTS","WHOLE-TESTS",""
"","2","FORWARD-CHAINER-TEST.06","","Mon Nov 04 01:18:45 GMT 2024","passed","Mon Nov 04 01:18:45 GMT 2024","","FORWARD-CHAINER","FORWARD-CHAINER",""
"","2","PC-XP.04","","Mon Nov 04 01:24:57 GMT 2024","passed","Mon Nov 04 01:24:57 GMT 2024","","POLYWARD-CHAINING","POLYWARD-CHAINING",""
"","267","SYNTHESIZE-VIA-LET-TEST.05","","Mon Nov 04 01:26:50 GMT 2024","failed","Mon Nov 04 01:26:50 GMT 2024","","EXPERIMENTS","EXPERIMENTS",""
"","4","MATCH-FEVAL.01","","Mon Nov 04 00:41:36 GMT 2024","passed","Mon Nov 04 00:41:36 GMT 2024","","METTA-MORPH-TESTS","METTA-MORPH-TESTS",""
"","2","STDLIB-METTALOG-TEST-PT2.36","","Mon Nov 04 00:55:08 GMT 2024","passed","Mon Nov 04 00:55:08 GMT 2024","","STDLIB-METTALOG","STDLIB-METTALOG",""
"","3","INF-CTL-MONTH-BC-CONT-XP.17","","Mon Nov 04 01:20:12 GMT 2024","passed","Mon Nov 04 01:20:12 GMT 2024","","INFERENCE-CONTROL","INFERENCE-CONTROL",""
"","2","D3-DEPTYPES.07","","Mon Nov 04 00:36:07 GMT 2024","passed","Mon Nov 04 00:36:07 GMT 2024","","HYPERON-EXPERIMENTAL-SCRIPTS","HYPERON-EXPERIMENTAL-SCRIPTS",""
"","40000","comparisons.fibo_arg1c","","Mon Nov 04 00:36:03 GMT 2024","failed","Mon Nov 04 00:36:43 GMT 2024","","WHOLE-TESTS","WHOLE-TESTS",""
"","2","D3-DEPTYPES.06","","Mon Nov 04 01:12:10 GMT 2024","passed","Mon Nov 04 01:12:10 GMT 2024","","CHECK-TYPES","CHECK-TYPES",""
"","2","E2-STATES.10","","Mon Nov 04 01:12:10 GMT 2024","passed","Mon Nov 04 01:12:10 GMT 2024","","CHECK-TYPES","CHECK-TYPES",""
"","3","TESTS0.03","","Mon Nov 04 00:46:15 GMT 2024","passed","Mon Nov 04 00:46:15 GMT 2024","","MAIN-BRANCH","MAIN-BRANCH",""
"","2","00-LANG-CASE.04","","Mon Nov 04 00:37:43 GMT 2024","passed","Mon Nov 04 00:37:43 GMT 2024","","HYPERON-METTALOG-SANITY","HYPERON-METTALOG-SANITY",""
"","3","ADD-REMOVE-MATCH-INTEGER.12","","Mon Nov 04 00:53:03 GMT 2024","passed","Mon Nov 04 00:53:03 GMT 2024","","SPACES","SPACES",""
"","2","TESTS2.01","","Mon Nov 04 00:46:15 GMT 2024","passed","Mon Nov 04 00:46:15 GMT 2024","","MAIN-BRANCH","MAIN-BRANCH",""
"","15","00-LANG-CASE.12","","Mon Nov 04 00:37:43 GMT 2024","passed","Mon Nov 04 00:37:43 GMT 2024","","HYPERON-METTALOG-SANITY","HYPERON-METTALOG-SANITY",""
"","3","B1-EQUAL-CHAIN.04","","Mon Nov 04 00:36:07 GMT 2024","passed","Mon Nov 04 00:36:07 GMT 2024","","HYPERON-EXPERIMENTAL-SCRIPTS","HYPERON-EXPERIMENTAL-SCRIPTS",""
"","54","STDLIB-METTALOG-TEST-PT2.13","","Mon Nov 04 00:55:08 GMT 2024","failed","Mon Nov 04 00:55:08 GMT 2024","","STDLIB-METTALOG","STDLIB-METTALOG",""
"","4","JOHN-CARRY-FLOWER-TEST.02","","Mon Nov 04 01:25:43 GMT 2024","passed","Mon Nov 04 01:25:43 GMT 2024","","JOHN-CARRY-FLOWER","JOHN-CARRY-FLOWER",""
"","1","HYPERPOSING-UNSHARED.05","","Mon Nov 04 01:57:54 GMT 2024","passed","Mon Nov 04 01:57:54 GMT 2024","","BASIC","BASIC",""
"","2","ADD-REMOVE-MATCH-MIX-FLOAT-INTEGER.03","","Mon Nov 04 00:53:03 GMT 2024","passed","Mon Nov 04 00:53:03 GMT 2024","","SPACES","SPACES",""
"","14","D2-HIGHERFUNC.20","","Mon Nov 04 00:45:46 GMT 2024","passed","Mon Nov 04 00:45:46 GMT 2024","","QUICK","QUICK",""
"","4000","std.symbols","","Mon Nov 04 00:36:03 GMT 2024","passed","Mon Nov 04 00:36:07 GMT 2024","","WHOLE-TESTS","WHOLE-TESTS",""
"","4000","hyperon-experimental_scripts.d4_type_prop","","Mon Nov 04 00:36:03 GMT 2024","passed","Mon Nov 04 00:36:07 GMT 2024","","WHOLE-TESTS","WHOLE-TESTS",""
"","2","TMPMATCH2.02","","Mon Nov 04 00:43:38 GMT 2024","passed","Mon Nov 04 00:43:38 GMT 2024","","ANTI-REGRESSION","ANTI-REGRESSION",""
"","64","PATHFINDING-EASY.01","","Mon Nov 04 01:57:54 GMT 2024","failed","Mon Nov 04 01:57:54 GMT 2024","","BASIC","BASIC",""
"","94","ADD-ATOM-NAIVE-FIB.10","","Mon Nov 04 02:04:14 GMT 2024","passed","Mon Nov 04 02:04:14 GMT 2024","","COMPARISONS","COMPARISONS",""
"","2","UNIFY-VIA-CASE.02","","Mon Nov 04 01:26:50 GMT 2024","passed","Mon Nov 04 01:26:50 GMT 2024","","EXPERIMENTS","EXPERIMENTS",""
"","2","LISTTEST.06","","Mon Nov 04 01:16:14 GMT 2024","passed","Mon Nov 04 01:16:14 GMT 2024","","COMMON","COMMON",""
"","81","STATE-TYPES.06","","Mon Nov 04 01:57:54 GMT 2024","failed","Mon Nov 04 01:57:54 GMT 2024","","BASIC","BASIC",""
"","2","F1-IMPORTS.02","","Mon Nov 04 00:35:58 GMT 2024","passed","Mon Nov 04 00:35:58 GMT 2024","","MODULE-SYSTEM","MODULE-SYSTEM",""
"","14","D1-GADT.09","","Mon Nov 04 00:45:46 GMT 2024","passed","Mon Nov 04 00:45:46 GMT 2024","","QUICK","QUICK",""
"","10","STDLIB-METTALOG-TEST-PT2.05","","Mon Nov 04 00:55:08 GMT 2024","failed","Mon Nov 04 00:55:08 GMT 2024","","STDLIB-METTALOG","STDLIB-METTALOG",""
"","3","SYNTHESIZE-VIA-TYPE-CHECKING.02","","Mon Nov 04 01:26:50 GMT 2024","passed","Mon Nov 04 01:26:50 GMT 2024","","EXPERIMENTS","EXPERIMENTS",""
"","3","03-SORING-VIA-INSERT.02","","Mon Nov 04 00:37:43 GMT 2024","passed","Mon Nov 04 00:37:43 GMT 2024","","HYPERON-METTALOG-SANITY","HYPERON-METTALOG-SANITY",""
"","3","ADD-ATOM-NAIVE-FIB.01","","Mon Nov 04 02:04:14 GMT 2024","passed","Mon Nov 04 02:04:14 GMT 2024","","COMPARISONS","COMPARISONS",""
"","2","D1-GADT.01","","Mon Nov 04 01:12:10 GMT 2024","passed","Mon Nov 04 01:12:10 GMT 2024","","CHECK-TYPES","CHECK-TYPES",""
"","21","INF-CTL-XP.16","","Mon Nov 04 01:20:12 GMT 2024","failed","Mon Nov 04 01:20:12 GMT 2024","","INFERENCE-CONTROL","INFERENCE-CONTROL",""
"","3","TYPE-PROP.01","","Mon Nov 04 00:50:44 GMT 2024","passed","Mon Nov 04 00:50:44 GMT 2024","","CHAINING","CHAINING",""
"","2","SUPERCOLLAPSE.02","","Mon Nov 04 00:41:36 GMT 2024","passed","Mon Nov 04 00:41:36 GMT 2024","","METTA-MORPH-TESTS","METTA-MORPH-TESTS",""
"","3","E2-STATES.01","","Mon Nov 04 00:36:07 GMT 2024","passed","Mon Nov 04 00:36:07 GMT 2024","","HYPERON-EXPERIMENTAL-SCRIPTS","HYPERON-EXPERIMENTAL-SCRIPTS",""
"","113","SYNTHESIZE-VIA-UNIFY-TEST-LONGER.01","","Mon Nov 04 01:26:50 GMT 2024","passed","Mon Nov 04 01:26:50 GMT 2024","","EXPERIMENTS","EXPERIMENTS",""
"","2","ADD-REMOVE-MATCH-S-SYMBOLS.04","","Mon Nov 04 00:53:03 GMT 2024","passed","Mon Nov 04 00:53:03 GMT 2024","","SPACES","SPACES",""
"","17","TEST-INFER-FUNCTION-APPLICATION-TYPE.02","","Mon Nov 04 01:57:54 GMT 2024","failed","Mon Nov 04 01:57:54 GMT 2024","","BASIC","BASIC",""
"","2","A1-SYMBOLS.07","","Mon Nov 04 00:36:07 GMT 2024","passed","Mon Nov 04 00:36:07 GMT 2024","","HYPERON-EXPERIMENTAL-SCRIPTS","HYPERON-EXPERIMENTAL-SCRIPTS",""
"","3","C2-SPACES.01","","Mon Nov 04 00:35:58 GMT 2024","passed","Mon Nov 04 00:35:58 GMT 2024","","MODULE-SYSTEM","MODULE-SYSTEM",""
"","233","SYNTHESIZE-VIA-UNIFY-TEST.08","","Mon Nov 04 01:26:50 GMT 2024","failed","Mon Nov 04 01:26:50 GMT 2024","","EXPERIMENTS","EXPERIMENTS",""
"","2","SEQUENTIAL-NESTED.02","","Mon Nov 04 00:41:36 GMT 2024","passed","Mon Nov 04 00:41:36 GMT 2024","","METTA-MORPH-TESTS","METTA-MORPH-TESTS",""
"","2","ADD-REMOVE-MATCH-MIX-FLOAT-INTEGER.18","","Mon Nov 04 00:53:03 GMT 2024","passed","Mon Nov 04 00:53:03 GMT 2024","","SPACES","SPACES",""
"","2","BASIC.09","","Mon Nov 04 01:09:08 GMT 2024","passed","Mon Nov 04 01:09:08 GMT 2024","","TRAVERSER","TRAVERSER",""
"","4000","basic.cml-unshared","","Mon Nov 04 00:36:03 GMT 2024","passed","Mon Nov 04 00:36:07 GMT 2024","","WHOLE-TESTS","WHOLE-TESTS",""
"","3","SYNTHESIZE-VIA-LET-TEST.04","","Mon Nov 04 01:26:50 GMT 2024","passed","Mon Nov 04 01:26:50 GMT 2024","","EXPERIMENTS","EXPERIMENTS",""
"","15","D1-GADT.04","","Mon Nov 04 00:45:46 GMT 2024","passed","Mon Nov 04 00:45:46 GMT 2024","","QUICK","QUICK",""
"","2","ADD-REMOVE-MATCH-S-SYMBOLS.05","","Mon Nov 04 00:53:03 GMT 2024","passed","Mon Nov 04 00:53:03 GMT 2024","","SPACES","SPACES",""
"","5000","anti-regression.test_if_closed","","Mon Nov 04 00:36:03 GMT 2024","passed","Mon Nov 04 00:36:08 GMT 2024","","WHOLE-TESTS","WHOLE-TESTS",""
"","1","D2-HIGHERFUNC.06","","Mon Nov 04 01:12:10 GMT 2024","passed","Mon Nov 04 01:12:10 GMT 2024","","CHECK-TYPES","CHECK-TYPES",""
"","2","ADD-REMOVE-MATCH-INTEGER.16","","Mon Nov 04 00:53:03 GMT 2024","passed","Mon Nov 04 00:53:03 GMT 2024","","SPACES","SPACES",""
"","2","BACKWARD-CHAINER-XP.03","","Mon Nov 04 01:15:59 GMT 2024","passed","Mon Nov 04 01:15:59 GMT 2024","","BACKWARD-CHAINER","BACKWARD-CHAINER",""
"","5000","metta_to_amr.user","","Mon Nov 04 00:36:03 GMT 2024","passed","Mon Nov 04 00:36:08 GMT 2024","","WHOLE-TESTS","WHOLE-TESTS",""
"","5","SEALED-TEST.08","","Mon Nov 04 00:37:43 GMT 2024","passed","Mon Nov 04 00:37:43 GMT 2024","","HYPERON-METTALOG-SANITY","HYPERON-METTALOG-SANITY",""
"","2","INF-CTL-MONTH-BC-CONT-XP.13","","Mon Nov 04 01:20:12 GMT 2024","passed","Mon Nov 04 01:20:12 GMT 2024","","INFERENCE-CONTROL","INFERENCE-CONTROL",""
"","2","PC-XP.05","","Mon Nov 04 01:24:57 GMT 2024","passed","Mon Nov 04 01:24:57 GMT 2024","","POLYWARD-CHAINING","POLYWARD-CHAINING",""
"","1","ADD-REMOVE-MATCH-SS-STRINGS.06","","Mon Nov 04 00:53:03 GMT 2024","passed","Mon Nov 04 00:53:03 GMT 2024","","SPACES","SPACES",""
"","3","ADD-REMOVE-MATCH-MIX-FLOAT-INTEGER.23","","Mon Nov 04 00:53:03 GMT 2024","passed","Mon Nov 04 00:53:03 GMT 2024","","SPACES","SPACES",""
"","2","IMPL-METTALOGTESTCURRIED.11","","Mon Nov 04 01:49:17 GMT 2024","passed","Mon Nov 04 01:49:17 GMT 2024","","WALK-THRU","WALK-THRU",""
"","3","FORWARD-CHAINER-XP.12","","Mon Nov 04 01:18:45 GMT 2024","passed","Mon Nov 04 01:18:45 GMT 2024","","FORWARD-CHAINER","FORWARD-CHAINER",""
"","4000","hyperon-experimental_scripts.a2_opencoggy","","Mon Nov 04 00:36:03 GMT 2024","passed","Mon Nov 04 00:36:07 GMT 2024","","WHOLE-TESTS","WHOLE-TESTS",""
"","5","CHAPTER-1-1.22","","Mon Nov 04 00:55:17 GMT 2024","passed","Mon Nov 04 00:55:17 GMT 2024","","SICP-BOOK","SICP-BOOK",""
"","2","IFC-XP.12","","Mon Nov 04 01:22:13 GMT 2024","passed","Mon Nov 04 01:22:13 GMT 2024","","ITERATIVE-CHAINING","ITERATIVE-CHAINING",""
"","6000","walk_thru.debug_mettalogTestCurried","","Mon Nov 04 00:36:03 GMT 2024","passed","Mon Nov 04 00:36:09 GMT 2024","","WHOLE-TESTS","WHOLE-TESTS",""
"","110","D5-AUTO-TYPES.04","","Mon Nov 04 01:12:10 GMT 2024","failed","Mon Nov 04 01:12:10 GMT 2024","","CHECK-TYPES","CHECK-TYPES",""
"","295","SELF-CONTAINED-SYNTHESIZE.04","","Mon Nov 04 01:26:50 GMT 2024","failed","Mon Nov 04 01:26:50 GMT 2024","","EXPERIMENTS","EXPERIMENTS",""
"","3","F1-IMPORTS.06","","Mon Nov 04 00:45:46 GMT 2024","passed","Mon Nov 04 00:45:46 GMT 2024","","QUICK","QUICK",""
"","2","BACKWARD-CHAINER-XP.32","","Mon Nov 04 01:15:59 GMT 2024","passed","Mon Nov 04 01:15:59 GMT 2024","","BACKWARD-CHAINER","BACKWARD-CHAINER",""
"","163","SYNTHESIZE-VIA-UNIFY-TEST.02","","Mon Nov 04 01:26:50 GMT 2024","failed","Mon Nov 04 01:26:50 GMT 2024","","EXPERIMENTS","EXPERIMENTS",""
"","34","DEDUCTIONIMPLICATIONDIRECTINTRODUCTIONMATCHTEST.01","","Mon Nov 04 01:22:33 GMT 2024","passed","Mon Nov 04 01:22:33 GMT 2024","","MATCH","MATCH",""
"","60","REVERSE-ARITHMETIC.01","","Mon Nov 04 01:52:15 GMT 2024","failed","Mon Nov 04 01:52:15 GMT 2024","","BIDIRECTIONAL-COMPUTATION","BIDIRECTIONAL-COMPUTATION",""
"","2","BACKWARD-CHAINER-XP.37","","Mon Nov 04 01:15:59 GMT 2024","passed","Mon Nov 04 01:15:59 GMT 2024","","BACKWARD-CHAINER","BACKWARD-CHAINER",""
"","1","XOR-TEST.11","","Mon Nov 04 00:37:43 GMT 2024","passed","Mon Nov 04 00:37:43 GMT 2024","","HYPERON-METTALOG-SANITY","HYPERON-METTALOG-SANITY",""
"","3","TESTS1.05","","Mon Nov 04 00:46:15 GMT 2024","passed","Mon Nov 04 00:46:15 GMT 2024","","MAIN-BRANCH","MAIN-BRANCH",""
"","5000","perfect-numbers.basic","","Mon Nov 04 00:36:03 GMT 2024","passed","Mon Nov 04 00:36:08 GMT 2024","","WHOLE-TESTS","WHOLE-TESTS",""
"","2","UNWEIGHTED-PLLM.05","","Mon Nov 04 02:10:27 GMT 2024","passed","Mon Nov 04 02:10:27 GMT 2024","","LANGUAGE-MODELS","LANGUAGE-MODELS",""
"","280","TESTS0.06","","Mon Nov 04 01:40:00 GMT 2024","failed","Mon Nov 04 01:40:00 GMT 2024","","NEW","NEW",""
"","2","CHAPTER-1-2.04","","Mon Nov 04 00:55:17 GMT 2024","passed","Mon Nov 04 00:55:17 GMT 2024","","SICP-BOOK","SICP-BOOK",""
"","2","TESTS3.05","","Mon Nov 04 00:46:15 GMT 2024","passed","Mon Nov 04 00:46:15 GMT 2024","","MAIN-BRANCH","MAIN-BRANCH",""
"","2","IFC-XP.28","","Mon Nov 04 01:22:13 GMT 2024","passed","Mon Nov 04 01:22:13 GMT 2024","","ITERATIVE-CHAINING","ITERATIVE-CHAINING",""
"","71","SEQUENTIAL-NESTED.11","","Mon Nov 04 00:41:36 GMT 2024","passed","Mon Nov 04 00:41:36 GMT 2024","","METTA-MORPH-TESTS","METTA-MORPH-TESTS",""
"","45","TREE.02","","Mon Nov 04 01:00:35 GMT 2024","failed","Mon Nov 04 01:00:35 GMT 2024","","COMBINATOR-CALCULI","COMBINATOR-CALCULI",""
"","2","FC-XP.06","","Mon Nov 04 01:18:55 GMT 2024","passed","Mon Nov 04 01:18:55 GMT 2024","","FORWARD-CHAINING","FORWARD-CHAINING",""
"","2","B5-TYPES-PRELIM.18","","Mon Nov 04 00:36:07 GMT 2024","passed","Mon Nov 04 00:36:07 GMT 2024","","HYPERON-EXPERIMENTAL-SCRIPTS","HYPERON-EXPERIMENTAL-SCRIPTS",""
"","3","ADD-REMOVE-MATCH-SS-STRINGS.03","","Mon Nov 04 00:53:03 GMT 2024","passed","Mon Nov 04 00:53:03 GMT 2024","","SPACES","SPACES",""
"","40000","basic.pathfinding-med-f","","Mon Nov 04 00:36:03 GMT 2024","failed","Mon Nov 04 00:36:43 GMT 2024","","WHOLE-TESTS","WHOLE-TESTS",""
"","2","IFC-XP.16","","Mon Nov 04 01:22:13 GMT 2024","passed","Mon Nov 04 01:22:13 GMT 2024","","ITERATIVE-CHAINING","ITERATIVE-CHAINING",""
"","3","D2-HIGHERFUNC.24","","Mon Nov 04 00:45:46 GMT 2024","passed","Mon Nov 04 00:45:46 GMT 2024","","QUICK","QUICK",""
"","2","KEY-LOOKUPS-MANY.05","","Mon Nov 04 01:57:54 GMT 2024","passed","Mon Nov 04 01:57:54 GMT 2024","","BASIC","BASIC",""
"","2","CHAPTER-1-1.11","","Mon Nov 04 00:55:17 GMT 2024","passed","Mon Nov 04 00:55:17 GMT 2024","","SICP-BOOK","SICP-BOOK",""
"","5000","metta-morph_tests.types","","Mon Nov 04 00:36:03 GMT 2024","passed","Mon Nov 04 00:36:08 GMT 2024","","WHOLE-TESTS","WHOLE-TESTS",""
"","5000","check_types-temp.type_prop","","Mon Nov 04 00:36:03 GMT 2024","passed","Mon Nov 04 00:36:08 GMT 2024","","WHOLE-TESTS","WHOLE-TESTS",""
"","2","ADD-REMOVE-MATCH-S-STRINGS.12","","Mon Nov 04 00:53:03 GMT 2024","passed","Mon Nov 04 00:53:03 GMT 2024","","SPACES","SPACES",""
"","2","BACKWARD-CHAINER-XP.28","","Mon Nov 04 01:15:59 GMT 2024","passed","Mon Nov 04 01:15:59 GMT 2024","","BACKWARD-CHAINER","BACKWARD-CHAINER",""
"","2","D2-HIGHERFUNC.18","","Mon Nov 04 00:36:07 GMT 2024","passed","Mon Nov 04 00:36:07 GMT 2024","","HYPERON-EXPERIMENTAL-SCRIPTS","HYPERON-EXPERIMENTAL-SCRIPTS",""
"","40","TYPE-PROP.80","","Mon Nov 04 01:11:50 GMT 2024","failed","Mon Nov 04 01:11:50 GMT 2024","","CHECK-TYPES-TEMP","CHECK-TYPES-TEMP",""
"","2","F1-MODULEA.09","","Mon Nov 04 00:36:07 GMT 2024","passed","Mon Nov 04 00:36:07 GMT 2024","","HYPERON-EXPERIMENTAL-SCRIPTS","HYPERON-EXPERIMENTAL-SCRIPTS",""
"","2","B4-NONDETERM.07","","Mon Nov 04 00:36:07 GMT 2024","passed","Mon Nov 04 00:36:07 GMT 2024","","HYPERON-EXPERIMENTAL-SCRIPTS","HYPERON-EXPERIMENTAL-SCRIPTS",""
"","1","CML-UNSHARED.05","","Mon Nov 04 01:57:54 GMT 2024","passed","Mon Nov 04 01:57:54 GMT 2024","","BASIC","BASIC",""
"","5000","metta-morph_tests.types3","","Mon Nov 04 00:36:03 GMT 2024","passed","Mon Nov 04 00:36:08 GMT 2024","","WHOLE-TESTS","WHOLE-TESTS",""
"","2483","TESTS1-PRE.04","","Mon Nov 04 00:46:15 GMT 2024","failed","Mon Nov 04 00:46:17 GMT 2024","","MAIN-BRANCH","MAIN-BRANCH",""
"","73","STDLIB-METTALOG-TEST-PT2.57","","Mon Nov 04 00:55:08 GMT 2024","failed","Mon Nov 04 00:55:08 GMT 2024","","STDLIB-METTALOG","STDLIB-METTALOG",""
"","2","SPACE-SUBTRACTION-TESTS.06","","Mon Nov 04 00:37:43 GMT 2024","passed","Mon Nov 04 00:37:43 GMT 2024","","HYPERON-METTALOG-SANITY","HYPERON-METTALOG-SANITY",""
"","2","BC-XP.10","","Mon Nov 04 01:16:05 GMT 2024","passed","Mon Nov 04 01:16:05 GMT 2024","","BACKWARD-CHAINING","BACKWARD-CHAINING",""
"","21000","comparisons.nils_if_control_test_6","","Mon Nov 04 00:36:03 GMT 2024","passed","Mon Nov 04 00:36:24 GMT 2024","","WHOLE-TESTS","WHOLE-TESTS",""
"","2","STATE-TYPES.17","","Mon Nov 04 01:57:54 GMT 2024","passed","Mon Nov 04 01:57:54 GMT 2024","","BASIC","BASIC",""
"","24","UNIFYTEST.03","","Mon Nov 04 01:26:45 GMT 2024","failed","Mon Nov 04 01:26:45 GMT 2024","","SYNTHESIS","SYNTHESIS",""
"","3","LET-SUPERPOSE-LIST.01","","Mon Nov 04 00:41:36 GMT 2024","passed","Mon Nov 04 00:41:36 GMT 2024","","METTA-MORPH-TESTS","METTA-MORPH-TESTS",""
"","4000","hyperon-experimental_scripts.b3_direct","","Mon Nov 04 00:36:03 GMT 2024","passed","Mon Nov 04 00:36:07 GMT 2024","","WHOLE-TESTS","WHOLE-TESTS",""
"","14","D1-GADT.13","","Mon Nov 04 00:45:46 GMT 2024","passed","Mon Nov 04 00:45:46 GMT 2024","","QUICK","QUICK",""
"","4","IMPLICATIONDIRECTINTRODUCTIONDTLTEST.06","","Mon Nov 04 01:14:52 GMT 2024","passed","Mon Nov 04 01:14:52 GMT 2024","","DEPENDENT-TYPES","DEPENDENT-TYPES",""
"","2","IMPL-METTALOGTESTCURRIED.06","","Mon Nov 04 01:49:17 GMT 2024","passed","Mon Nov 04 01:49:17 GMT 2024","","WALK-THRU","WALK-THRU",""
"","2","TYPE-PROP.64","","Mon Nov 04 01:11:50 GMT 2024","passed","Mon Nov 04 01:11:50 GMT 2024","","CHECK-TYPES-TEMP","CHECK-TYPES-TEMP",""
"","3","NATSTANDALONETEST.01","","Mon Nov 04 01:19:01 GMT 2024","passed","Mon Nov 04 01:19:01 GMT 2024","","HOL","HOL",""
"","339","METTALOGTESTCURRIED2.07","","Mon Nov 04 01:49:17 GMT 2024","passed","Mon Nov 04 01:49:17 GMT 2024","","WALK-THRU","WALK-THRU",""
"","40000","main-branch.tests1","","Mon Nov 04 00:36:03 GMT 2024","failed","Mon Nov 04 00:36:43 GMT 2024","","WHOLE-TESTS","WHOLE-TESTS",""
"","71","INF-CTL-MONTH-XP-SHORT-6.02","","Mon Nov 04 02:04:14 GMT 2024","failed","Mon Nov 04 02:04:14 GMT 2024","","COMPARISONS","COMPARISONS",""
"","21","INF-CTL-XP.14","","Mon Nov 04 01:20:12 GMT 2024","failed","Mon Nov 04 01:20:12 GMT 2024","","INFERENCE-CONTROL","INFERENCE-CONTROL",""
"","547","NATPARITYTEST.17","","Mon Nov 04 01:19:01 GMT 2024","passed","Mon Nov 04 01:19:01 GMT 2024","","HOL","HOL",""
"","2","SUPPORTRULEEXP.03","","Mon Nov 04 01:14:52 GMT 2024","passed","Mon Nov 04 01:14:52 GMT 2024","","DEPENDENT-TYPES","DEPENDENT-TYPES",""
"","42","NATDTLTEST.04","","Mon Nov 04 01:19:01 GMT 2024","failed","Mon Nov 04 01:19:01 GMT 2024","","HOL","HOL",""
"","299","IBC-XP.29","","Mon Nov 04 01:22:13 GMT 2024","passed","Mon Nov 04 01:22:13 GMT 2024","","ITERATIVE-CHAINING","ITERATIVE-CHAINING",""
"","61","TYPES-PRELIM.12","","Mon Nov 04 00:50:44 GMT 2024","failed","Mon Nov 04 00:50:44 GMT 2024","","CHAINING","CHAINING",""
"","2","BACKWARD-CHAINER-XP.21","","Mon Nov 04 01:15:59 GMT 2024","passed","Mon Nov 04 01:15:59 GMT 2024","","BACKWARD-CHAINER","BACKWARD-CHAINER",""
"","7000","chaining.v2-pln-xp-easy-impl","","Mon Nov 04 00:36:03 GMT 2024","passed","Mon Nov 04 00:36:10 GMT 2024","","WHOLE-TESTS","WHOLE-TESTS",""
"","2","CHAPTER-2-4.03","","Mon Nov 04 00:55:17 GMT 2024","passed","Mon Nov 04 00:55:17 GMT 2024","","SICP-BOOK","SICP-BOOK",""
"","2","IFC-XP.09","","Mon Nov 04 01:22:13 GMT 2024","passed","Mon Nov 04 01:22:13 GMT 2024","","ITERATIVE-CHAINING","ITERATIVE-CHAINING",""
"","2","SYNTHESIZE-VIA-SUPERPOSE.03","","Mon Nov 04 01:26:50 GMT 2024","passed","Mon Nov 04 01:26:50 GMT 2024","","EXPERIMENTS","EXPERIMENTS",""
"","4000","hyperon-mettalog_sanity.03-soring-via-insert","","Mon Nov 04 00:36:03 GMT 2024","passed","Mon Nov 04 00:36:07 GMT 2024","","WHOLE-TESTS","WHOLE-TESTS",""
"","4000","loop-checks.06_loop_1","","Mon Nov 04 00:36:03 GMT 2024","passed","Mon Nov 04 00:36:07 GMT 2024","","WHOLE-TESTS","WHOLE-TESTS",""
"","98","EXAM-SPACES.04","","Mon Nov 04 00:52:48 GMT 2024","passed","Mon Nov 04 00:52:48 GMT 2024","","INTROSPECT","INTROSPECT",""
"","5000","metta-morph_tests.if","","Mon Nov 04 00:36:03 GMT 2024","passed","Mon Nov 04 00:36:08 GMT 2024","","WHOLE-TESTS","WHOLE-TESTS",""
"","43","IFC-XP.20","","Mon Nov 04 01:22:13 GMT 2024","failed","Mon Nov 04 01:22:13 GMT 2024","","ITERATIVE-CHAINING","ITERATIVE-CHAINING",""
"","2","FC-XP.14","","Mon Nov 04 01:18:55 GMT 2024","passed","Mon Nov 04 01:18:55 GMT 2024","","FORWARD-CHAINING","FORWARD-CHAINING",""
"","14","TEST-INFER-FUNCTION-APPLICATION-TYPE.12","","Mon Nov 04 01:57:54 GMT 2024","failed","Mon Nov 04 01:57:54 GMT 2024","","BASIC","BASIC",""
"","2","HYPERPOSE.08","","Mon Nov 04 00:41:36 GMT 2024","passed","Mon Nov 04 00:41:36 GMT 2024","","METTA-MORPH-TESTS","METTA-MORPH-TESTS",""
"","2","C1-GROUNDED-BASIC.03","","Mon Nov 04 00:45:46 GMT 2024","passed","Mon Nov 04 00:45:46 GMT 2024","","QUICK","QUICK",""
"","2","TYPE-PROP.19","","Mon Nov 04 01:11:50 GMT 2024","passed","Mon Nov 04 01:11:50 GMT 2024","","CHECK-TYPES-TEMP","CHECK-TYPES-TEMP",""
"","2","C1-GROUNDED-BASIC.13","","Mon Nov 04 00:36:07 GMT 2024","passed","Mon Nov 04 00:36:07 GMT 2024","","HYPERON-EXPERIMENTAL-SCRIPTS","HYPERON-EXPERIMENTAL-SCRIPTS",""
"","13","05-MATCH-SUPERPOSE-ELEMENT-LIKE-SPACE.01","","Mon Nov 04 01:52:29 GMT 2024","failed","Mon Nov 04 01:52:29 GMT 2024","","CONTAINERS-ARE-SPACES","CONTAINERS-ARE-SPACES",""
"","9","D4-TYPE-PROP.03","","Mon Nov 04 00:45:46 GMT 2024","passed","Mon Nov 04 00:45:46 GMT 2024","","QUICK","QUICK",""
"","1","TMPMATCH1.04","","Mon Nov 04 01:49:17 GMT 2024","passed","Mon Nov 04 01:49:17 GMT 2024","","WALK-THRU","WALK-THRU",""
"","2","METTALOGTESTCURRIED2.03","","Mon Nov 04 01:49:17 GMT 2024","passed","Mon Nov 04 01:49:17 GMT 2024","","WALK-THRU","WALK-THRU",""
"","2","IFC-XP.14","","Mon Nov 04 01:22:13 GMT 2024","passed","Mon Nov 04 01:22:13 GMT 2024","","ITERATIVE-CHAINING","ITERATIVE-CHAINING",""
"","50","IFC-XP.01","","Mon Nov 04 01:22:13 GMT 2024","failed","Mon Nov 04 01:22:13 GMT 2024","","ITERATIVE-CHAINING","ITERATIVE-CHAINING",""
"","1","D1-GADT.07","","Mon Nov 04 01:12:10 GMT 2024","passed","Mon Nov 04 01:12:10 GMT 2024","","CHECK-TYPES","CHECK-TYPES",""
"","3","METTALOGTESTCURRIED2.01","","Mon Nov 04 00:43:38 GMT 2024","passed","Mon Nov 04 00:43:38 GMT 2024","","ANTI-REGRESSION","ANTI-REGRESSION",""
"","2","QUERIES.02","","Mon Nov 04 01:08:27 GMT 2024","passed","Mon Nov 04 01:08:27 GMT 2024","","STRIPS-TO-METTA-IMPROVED","STRIPS-TO-METTA-IMPROVED",""
"","14","TEST-INFER-FUNCTION-APPLICATION-TYPE.05","","Mon Nov 04 01:57:54 GMT 2024","failed","Mon Nov 04 01:57:54 GMT 2024","","BASIC","BASIC",""
"","135","JOHN-CARRY-FLOWER-TEST.03","","Mon Nov 04 01:25:43 GMT 2024","passed","Mon Nov 04 01:25:43 GMT 2024","","JOHN-CARRY-FLOWER","JOHN-CARRY-FLOWER",""
"","2","ORDEREDSETTEST.07","","Mon Nov 04 01:16:14 GMT 2024","passed","Mon Nov 04 01:16:14 GMT 2024","","COMMON","COMMON",""
"","24089","TIME-SYNTHESIZE-SHORT.02","","Mon Nov 04 00:39:27 GMT 2024","passed","Mon Nov 04 00:39:51 GMT 2024","","SYNTH-BUFFER","SYNTH-BUFFER",""
"","4000","prob-dep-types.inf_order_probs","","Mon Nov 04 00:36:03 GMT 2024","passed","Mon Nov 04 00:36:07 GMT 2024","","WHOLE-TESTS","WHOLE-TESTS",""
"","2","STATE-TYPES.23","","Mon Nov 04 01:57:54 GMT 2024","passed","Mon Nov 04 01:57:54 GMT 2024","","BASIC","BASIC",""
"","5000","common.NumTest","","Mon Nov 04 00:36:03 GMT 2024","passed","Mon Nov 04 00:36:08 GMT 2024","","WHOLE-TESTS","WHOLE-TESTS",""
"","6","INF-ORDER-PROBS.10","","Mon Nov 04 01:03:54 GMT 2024","passed","Mon Nov 04 01:03:54 GMT 2024","","PROB-DEP-TYPES","PROB-DEP-TYPES",""
"","168","SPACE-SUBTRACTION-TESTS.08","","Mon Nov 04 00:37:43 GMT 2024","passed","Mon Nov 04 00:37:43 GMT 2024","","HYPERON-METTALOG-SANITY","HYPERON-METTALOG-SANITY",""
"","4","OR-TEST.17","","Mon Nov 04 00:37:43 GMT 2024","passed","Mon Nov 04 00:37:43 GMT 2024","","HYPERON-METTALOG-SANITY","HYPERON-METTALOG-SANITY",""
"","4000","walk_thru.mettalogTestCurried2","","Mon Nov 04 00:36:03 GMT 2024","passed","Mon Nov 04 00:36:07 GMT 2024","","WHOLE-TESTS","WHOLE-TESTS",""
"","5000","spaces.add-remove-match-strings","","Mon Nov 04 00:36:03 GMT 2024","passed","Mon Nov 04 00:36:08 GMT 2024","","WHOLE-TESTS","WHOLE-TESTS",""
"","89","INTERSECTION-TESTS.31","","Mon Nov 04 00:37:43 GMT 2024","failed","Mon Nov 04 00:37:43 GMT 2024","","HYPERON-METTALOG-SANITY","HYPERON-METTALOG-SANITY",""
"","5000","iterative-chaining.ifc-xp","","Mon Nov 04 00:36:03 GMT 2024","passed","Mon Nov 04 00:36:08 GMT 2024","","WHOLE-TESTS","WHOLE-TESTS",""
"","2","D2-HIGHERFUNC.23","","Mon Nov 04 00:36:07 GMT 2024","passed","Mon Nov 04 00:36:07 GMT 2024","","HYPERON-EXPERIMENTAL-SCRIPTS","HYPERON-EXPERIMENTAL-SCRIPTS",""
"","5","SEALED-TEST.07","","Mon Nov 04 00:37:43 GMT 2024","passed","Mon Nov 04 00:37:43 GMT 2024","","HYPERON-METTALOG-SANITY","HYPERON-METTALOG-SANITY",""
"","1","ADD-REMOVE-MATCH-S-SYMBOLS.10","","Mon Nov 04 00:53:03 GMT 2024","passed","Mon Nov 04 00:53:03 GMT 2024","","SPACES","SPACES",""
"","2","D2-HIGHERFUNC.27","","Mon Nov 04 00:45:46 GMT 2024","passed","Mon Nov 04 00:45:46 GMT 2024","","QUICK","QUICK",""
"","126","INF-CTL-MONTH-XP.01","","Mon Nov 04 01:20:12 GMT 2024","passed","Mon Nov 04 01:20:12 GMT 2024","","INFERENCE-CONTROL","INFERENCE-CONTROL",""
"","3","IMPLICATIONDIRECTINTRODUCTIONDTLTEST.12","","Mon Nov 04 01:14:52 GMT 2024","passed","Mon Nov 04 01:14:52 GMT 2024","","DEPENDENT-TYPES","DEPENDENT-TYPES",""
"","3","SPACE-INTERSECTION-TESTS.19","","Mon Nov 04 00:37:43 GMT 2024","passed","Mon Nov 04 00:37:43 GMT 2024","","HYPERON-METTALOG-SANITY","HYPERON-METTALOG-SANITY",""
"","280","TESTS0.06","","Mon Nov 04 01:36:06 GMT 2024","failed","Mon Nov 04 01:36:06 GMT 2024","","NARS-V0","NARS-V0",""
"","2","TYPE-PROP.34","","Mon Nov 04 01:11:50 GMT 2024","passed","Mon Nov 04 01:11:50 GMT 2024","","CHECK-TYPES-TEMP","CHECK-TYPES-TEMP",""
"","40","FC-XP.09","","Mon Nov 04 01:18:55 GMT 2024","failed","Mon Nov 04 01:18:55 GMT 2024","","FORWARD-CHAINING","FORWARD-CHAINING",""
"","1","INF-CTL-MONTH-XP-SHORT-3.10","","Mon Nov 04 02:04:14 GMT 2024","passed","Mon Nov 04 02:04:14 GMT 2024","","COMPARISONS","COMPARISONS",""
"","1","INF-CTL-MONTH-BC-CONT-XP.24","","Mon Nov 04 01:20:12 GMT 2024","passed","Mon Nov 04 01:20:12 GMT 2024","","INFERENCE-CONTROL","INFERENCE-CONTROL",""
"","2","BCHAIN-COMP.03","","Mon Nov 04 01:49:17 GMT 2024","passed","Mon Nov 04 01:49:17 GMT 2024","","WALK-THRU","WALK-THRU",""
"","43000","examples.expression","","Mon Nov 04 00:36:03 GMT 2024","failed","Mon Nov 04 00:36:46 GMT 2024","","WHOLE-TESTS","WHOLE-TESTS",""
"","14","D2-HIGHERFUNC.20","","Mon Nov 04 01:12:10 GMT 2024","passed","Mon Nov 04 01:12:10 GMT 2024","","CHECK-TYPES","CHECK-TYPES",""
"","2","ADD-REMOVE-MATCH-INTEGER.05","","Mon Nov 04 00:53:03 GMT 2024","passed","Mon Nov 04 00:53:03 GMT 2024","","SPACES","SPACES",""
"","2","BACKWARD-CHAINER-XP.02","","Mon Nov 04 01:15:59 GMT 2024","passed","Mon Nov 04 01:15:59 GMT 2024","","BACKWARD-CHAINER","BACKWARD-CHAINER",""
"","2","SEQUENTIAL-NESTED.07","","Mon Nov 04 00:41:36 GMT 2024","passed","Mon Nov 04 00:41:36 GMT 2024","","METTA-MORPH-TESTS","METTA-MORPH-TESTS",""
"","42","BACKWARD-CHAINER-XP.13","","Mon Nov 04 01:15:59 GMT 2024","failed","Mon Nov 04 01:15:59 GMT 2024","","BACKWARD-CHAINER","BACKWARD-CHAINER",""
"","2","UNIQUE-TEST.09","","Mon Nov 04 00:37:43 GMT 2024","passed","Mon Nov 04 00:37:43 GMT 2024","","HYPERON-METTALOG-SANITY","HYPERON-METTALOG-SANITY",""
"","2","D1-GADT.11","","Mon Nov 04 00:36:07 GMT 2024","passed","Mon Nov 04 00:36:07 GMT 2024","","HYPERON-EXPERIMENTAL-SCRIPTS","HYPERON-EXPERIMENTAL-SCRIPTS",""
"","2","SUPERCOLLAPSE.05","","Mon Nov 04 00:41:36 GMT 2024","passed","Mon Nov 04 00:41:36 GMT 2024","","METTA-MORPH-TESTS","METTA-MORPH-TESTS",""
"","3","V2-PLN-XP-EASY-IMPL.01","","Mon Nov 04 00:50:44 GMT 2024","passed","Mon Nov 04 00:50:44 GMT 2024","","CHAINING","CHAINING",""
"","3","ADD-ATOM-MATCH.01","","Mon Nov 04 00:41:36 GMT 2024","passed","Mon Nov 04 00:41:36 GMT 2024","","METTA-MORPH-TESTS","METTA-MORPH-TESTS",""
"","1","NATPARITYTEST.15","","Mon Nov 04 01:19:01 GMT 2024","passed","Mon Nov 04 01:19:01 GMT 2024","","HOL","HOL",""
"","15","D2-HIGHERFUNC.22","","Mon Nov 04 01:12:10 GMT 2024","passed","Mon Nov 04 01:12:10 GMT 2024","","CHECK-TYPES","CHECK-TYPES",""
"","126","TESTS0.01","","Mon Nov 04 01:36:06 GMT 2024","passed","Mon Nov 04 01:36:06 GMT 2024","","NARS-V0","NARS-V0",""
"","2","D2-HIGHERFUNC.03","","Mon Nov 04 01:12:10 GMT 2024","passed","Mon Nov 04 01:12:10 GMT 2024","","CHECK-TYPES","CHECK-TYPES",""
"","4000","metta-morph_tests.identity","","Mon Nov 04 00:36:03 GMT 2024","passed","Mon Nov 04 00:36:07 GMT 2024","","WHOLE-TESTS","WHOLE-TESTS",""
"","3","D2-HIGHERFUNC.24","","Mon Nov 04 01:12:10 GMT 2024","passed","Mon Nov 04 01:12:10 GMT 2024","","CHECK-TYPES","CHECK-TYPES",""
"","3","AI-SERVICE-COMPOSITION-SANITY.01","","Mon Nov 04 01:09:19 GMT 2024","passed","Mon Nov 04 01:09:19 GMT 2024","","AI-SERVICE","AI-SERVICE",""
"","273","BASIC.06","","Mon Nov 04 01:09:08 GMT 2024","passed","Mon Nov 04 01:09:08 GMT 2024","","TRAVERSER","TRAVERSER",""
"","2","NATSTANDALONETEST.08","","Mon Nov 04 01:19:01 GMT 2024","passed","Mon Nov 04 01:19:01 GMT 2024","","HOL","HOL",""
"","2","TYPE-PROP.47","","Mon Nov 04 01:11:50 GMT 2024","passed","Mon Nov 04 01:11:50 GMT 2024","","CHECK-TYPES-TEMP","CHECK-TYPES-TEMP",""
"","145","FORWARD-CHAINER-XP.20","","Mon Nov 04 01:18:45 GMT 2024","passed","Mon Nov 04 01:18:45 GMT 2024","","FORWARD-CHAINER","FORWARD-CHAINER",""
"","3","INF-CTL-XP.04","","Mon Nov 04 01:20:12 GMT 2024","passed","Mon Nov 04 01:20:12 GMT 2024","","INFERENCE-CONTROL","INFERENCE-CONTROL",""
"","2","BASIC.11","","Mon Nov 04 01:09:08 GMT 2024","passed","Mon Nov 04 01:09:08 GMT 2024","","TRAVERSER","TRAVERSER",""
"","46000","new.tests2","","Mon Nov 04 00:36:03 GMT 2024","failed","Mon Nov 04 00:36:49 GMT 2024","","WHOLE-TESTS","WHOLE-TESTS",""
"","71","NTE.04","","Mon Nov 04 01:01:56 GMT 2024","passed","Mon Nov 04 01:01:56 GMT 2024","","EDGES-TO-EDGES","EDGES-TO-EDGES",""
"","2","OR-TEST.08","","Mon Nov 04 00:37:43 GMT 2024","passed","Mon Nov 04 00:37:43 GMT 2024","","HYPERON-METTALOG-SANITY","HYPERON-METTALOG-SANITY",""
"","1","B5-TYPES-PRELIM.16","","Mon Nov 04 01:11:50 GMT 2024","passed","Mon Nov 04 01:11:50 GMT 2024","","CHECK-TYPES-TEMP","CHECK-TYPES-TEMP",""
"","6000","nars_v0.tests0","","Mon Nov 04 00:36:03 GMT 2024","passed","Mon Nov 04 00:36:09 GMT 2024","","WHOLE-TESTS","WHOLE-TESTS",""
"","1","SPACE-INTERSECTION-TESTS.02","","Mon Nov 04 00:37:43 GMT 2024","passed","Mon Nov 04 00:37:43 GMT 2024","","HYPERON-METTALOG-SANITY","HYPERON-METTALOG-SANITY",""
"","2","ADD-ATOM-NAIVE-FIB.08","","Mon Nov 04 02:04:14 GMT 2024","passed","Mon Nov 04 02:04:14 GMT 2024","","COMPARISONS","COMPARISONS",""
"","1","ADD-REMOVE-MATCH-SS-STRINGS.12","","Mon Nov 04 00:53:03 GMT 2024","passed","Mon Nov 04 00:53:03 GMT 2024","","SPACES","SPACES",""
"","2","TYPE-PROP.45","","Mon Nov 04 01:11:50 GMT 2024","passed","Mon Nov 04 01:11:50 GMT 2024","","CHECK-TYPES-TEMP","CHECK-TYPES-TEMP",""
"","478","PROB-DEP-TYPES.09","","Mon Nov 04 01:03:54 GMT 2024","failed","Mon Nov 04 01:03:54 GMT 2024","","PROB-DEP-TYPES","PROB-DEP-TYPES",""
"","40000","combinator_logic_experiments.y_comb_examples","","Mon Nov 04 00:36:03 GMT 2024","failed","Mon Nov 04 00:36:43 GMT 2024","","WHOLE-TESTS","WHOLE-TESTS",""
"","3","IFC-XP.07","","Mon Nov 04 01:22:13 GMT 2024","passed","Mon Nov 04 01:22:13 GMT 2024","","ITERATIVE-CHAINING","ITERATIVE-CHAINING",""
"","4000","quick.f1_moduleA","","Mon Nov 04 00:36:03 GMT 2024","passed","Mon Nov 04 00:36:07 GMT 2024","","WHOLE-TESTS","WHOLE-TESTS",""
"","420","IBC-XP.33","","Mon Nov 04 01:22:13 GMT 2024","failed","Mon Nov 04 01:22:13 GMT 2024","","ITERATIVE-CHAINING","ITERATIVE-CHAINING",""
"","4000","collatz.peano","","Mon Nov 04 00:36:03 GMT 2024","passed","Mon Nov 04 00:36:07 GMT 2024","","WHOLE-TESTS","WHOLE-TESTS",""
"","248","IMPLICATIONDIRECTINTRODUCTIONDTLTEST.14","","Mon Nov 04 01:14:52 GMT 2024","passed","Mon Nov 04 01:14:52 GMT 2024","","DEPENDENT-TYPES","DEPENDENT-TYPES",""
"","6","HIGHER-ORDER-FUNCS.08","","Mon Nov 04 00:53:44 GMT 2024","passed","Mon Nov 04 00:53:44 GMT 2024","","STD","STD",""
"","127","STDLIB-METTALOG-TEST-PT2.48","","Mon Nov 04 00:55:08 GMT 2024","failed","Mon Nov 04 00:55:08 GMT 2024","","STDLIB-METTALOG","STDLIB-METTALOG",""
"","2","CURRIED-CHAINER.01","","Mon Nov 04 01:16:52 GMT 2024","passed","Mon Nov 04 01:16:52 GMT 2024","","CURRIED-CHAINING","CURRIED-CHAINING",""
"","4000","bidirectional_computation.send-more-money","","Mon Nov 04 00:36:03 GMT 2024","passed","Mon Nov 04 00:36:07 GMT 2024","","WHOLE-TESTS","WHOLE-TESTS",""
"","94","B5-TYPES-PRELIM.11","","Mon Nov 04 01:11:50 GMT 2024","failed","Mon Nov 04 01:11:50 GMT 2024","","CHECK-TYPES-TEMP","CHECK-TYPES-TEMP",""
"","4000","hyperon-experimental_scripts.d1_gadt","","Mon Nov 04 00:36:03 GMT 2024","passed","Mon Nov 04 00:36:07 GMT 2024","","WHOLE-TESTS","WHOLE-TESTS",""
"","2","F1-IMPORTS.11","","Mon Nov 04 00:35:58 GMT 2024","passed","Mon Nov 04 00:35:58 GMT 2024","","MODULE-SYSTEM","MODULE-SYSTEM",""
"","132","SPACE-INTERSECTION-TESTS.07","","Mon Nov 04 00:37:43 GMT 2024","failed","Mon Nov 04 00:37:43 GMT 2024","","HYPERON-METTALOG-SANITY","HYPERON-METTALOG-SANITY",""
"","50","FC-XP.01","","Mon Nov 04 01:18:55 GMT 2024","failed","Mon Nov 04 01:18:55 GMT 2024","","FORWARD-CHAINING","FORWARD-CHAINING",""
"","16000","metta-wam-issue-116.test_spo_116378","","Mon Nov 04 00:36:03 GMT 2024","failed","Mon Nov 04 00:36:19 GMT 2024","","WHOLE-TESTS","WHOLE-TESTS",""
"","2","ADD-REMOVE-MATCH-MIX-FLOAT-INTEGER.17","","Mon Nov 04 00:53:03 GMT 2024","passed","Mon Nov 04 00:53:03 GMT 2024","","SPACES","SPACES",""
"","2","TYPE-PROP.09","","Mon Nov 04 00:50:44 GMT 2024","passed","Mon Nov 04 00:50:44 GMT 2024","","CHAINING","CHAINING",""
"","22","INF-CTL-MONTH-XP.06","","Mon Nov 04 01:20:12 GMT 2024","failed","Mon Nov 04 01:20:12 GMT 2024","","INFERENCE-CONTROL","INFERENCE-CONTROL",""
"","2","TYPES-PRELIM.14","","Mon Nov 04 00:50:44 GMT 2024","passed","Mon Nov 04 00:50:44 GMT 2024","","CHAINING","CHAINING",""
"","3","CHAPTER-2-4.14","","Mon Nov 04 00:55:17 GMT 2024","passed","Mon Nov 04 00:55:17 GMT 2024","","SICP-BOOK","SICP-BOOK",""
"","2","INF-CTL-MONTH-BC-CONT-XP.27","","Mon Nov 04 01:20:12 GMT 2024","passed","Mon Nov 04 01:20:12 GMT 2024","","INFERENCE-CONTROL","INFERENCE-CONTROL",""
"","2","TYPE-PROP.31","","Mon Nov 04 01:11:50 GMT 2024","passed","Mon Nov 04 01:11:50 GMT 2024","","CHECK-TYPES-TEMP","CHECK-TYPES-TEMP",""
"","2","XOR-TEST.07","","Mon Nov 04 00:37:43 GMT 2024","passed","Mon Nov 04 00:37:43 GMT 2024","","HYPERON-METTALOG-SANITY","HYPERON-METTALOG-SANITY",""
"","1192","TESTS1.02","","Mon Nov 04 00:46:15 GMT 2024","failed","Mon Nov 04 00:46:16 GMT 2024","","MAIN-BRANCH","MAIN-BRANCH",""
"","1","TYPE-PROP.68","","Mon Nov 04 01:11:50 GMT 2024","passed","Mon Nov 04 01:11:50 GMT 2024","","CHECK-TYPES-TEMP","CHECK-TYPES-TEMP",""
"","4000","chaining.parent_go_comp","","Mon Nov 04 00:36:03 GMT 2024","passed","Mon Nov 04 00:36:07 GMT 2024","","WHOLE-TESTS","WHOLE-TESTS",""
"","1160","PLLM-PENNTREE.01","","Mon Nov 04 02:10:27 GMT 2024","passed","Mon Nov 04 02:10:28 GMT 2024","","LANGUAGE-MODELS","LANGUAGE-MODELS",""
"","2","NATPARITYTEST.03","","Mon Nov 04 01:19:01 GMT 2024","passed","Mon Nov 04 01:19:01 GMT 2024","","HOL","HOL",""
"","3","SPACE-INTERSECTION-TESTS.05","","Mon Nov 04 00:37:43 GMT 2024","passed","Mon Nov 04 00:37:43 GMT 2024","","HYPERON-METTALOG-SANITY","HYPERON-METTALOG-SANITY",""
"","6000","metta-wam-issue-116.test_spo_1000","","Mon Nov 04 00:36:03 GMT 2024","passed","Mon Nov 04 00:36:09 GMT 2024","","WHOLE-TESTS","WHOLE-TESTS",""
"","2","SEQUENTIAL-NESTED.03","","Mon Nov 04 00:41:36 GMT 2024","passed","Mon Nov 04 00:41:36 GMT 2024","","METTA-MORPH-TESTS","METTA-MORPH-TESTS",""
"","52","OBIF-CLP.02","","Mon Nov 04 01:55:33 GMT 2024","failed","Mon Nov 04 01:55:33 GMT 2024","","MULTIDIRECTIONAL","MULTIDIRECTIONAL",""
"","2","ADD-ATOM-NAIVE-FIB.06","","Mon Nov 04 02:04:14 GMT 2024","passed","Mon Nov 04 02:04:14 GMT 2024","","COMPARISONS","COMPARISONS",""
"","2","BCHAIN.03","","Mon Nov 04 01:49:17 GMT 2024","passed","Mon Nov 04 01:49:17 GMT 2024","","WALK-THRU","WALK-THRU",""
"","1","OR-TEST.18","","Mon Nov 04 00:37:43 GMT 2024","passed","Mon Nov 04 00:37:43 GMT 2024","","HYPERON-METTALOG-SANITY","HYPERON-METTALOG-SANITY",""
"","5000","debugging.hyperon_experimental_issue_516_redduced","","Mon Nov 04 00:36:03 GMT 2024","passed","Mon Nov 04 00:36:08 GMT 2024","","WHOLE-TESTS","WHOLE-TESTS",""
"","47","IMPLICATIONDIRECTINTRODUCTIONDTLTEST.13","","Mon Nov 04 01:14:52 GMT 2024","failed","Mon Nov 04 01:14:52 GMT 2024","","DEPENDENT-TYPES","DEPENDENT-TYPES",""
"","40000","loop-checks.06_loop_2","","Mon Nov 04 00:36:03 GMT 2024","failed","Mon Nov 04 00:36:43 GMT 2024","","WHOLE-TESTS","WHOLE-TESTS",""
"","2","IMPL-METTALOGTESTCURRIED.04","","Mon Nov 04 01:49:17 GMT 2024","passed","Mon Nov 04 01:49:17 GMT 2024","","WALK-THRU","WALK-THRU",""
"","2","D4-TYPE-PROP.08","","Mon Nov 04 00:45:46 GMT 2024","passed","Mon Nov 04 00:45:46 GMT 2024","","QUICK","QUICK",""
"","2","B4-NONDETERM.06","","Mon Nov 04 00:36:07 GMT 2024","passed","Mon Nov 04 00:36:07 GMT 2024","","HYPERON-EXPERIMENTAL-SCRIPTS","HYPERON-EXPERIMENTAL-SCRIPTS",""
"","3","SYNTHESIZE-VIA-TYPE-CHECKING.01","","Mon Nov 04 01:26:50 GMT 2024","passed","Mon Nov 04 01:26:50 GMT 2024","","EXPERIMENTS","EXPERIMENTS",""
"","2","03-SORING-VIA-INSERT.05","","Mon Nov 04 00:37:43 GMT 2024","passed","Mon Nov 04 00:37:43 GMT 2024","","HYPERON-METTALOG-SANITY","HYPERON-METTALOG-SANITY",""
"","2","TYPE-PROP.25","","Mon Nov 04 01:11:50 GMT 2024","passed","Mon Nov 04 01:11:50 GMT 2024","","CHECK-TYPES-TEMP","CHECK-TYPES-TEMP",""
"","2","E2-STATES.10","","Mon Nov 04 00:36:07 GMT 2024","passed","Mon Nov 04 00:36:07 GMT 2024","","HYPERON-EXPERIMENTAL-SCRIPTS","HYPERON-EXPERIMENTAL-SCRIPTS",""
"","7000","soap_opera_corpus.so_convert","","Mon Nov 04 00:36:03 GMT 2024","passed","Mon Nov 04 00:36:10 GMT 2024","","WHOLE-TESTS","WHOLE-TESTS",""
"","2","B5-TYPES-PRELIM.03","","Mon Nov 04 01:11:50 GMT 2024","passed","Mon Nov 04 01:11:50 GMT 2024","","CHECK-TYPES-TEMP","CHECK-TYPES-TEMP",""
"","2","D1-GADT.10","","Mon Nov 04 00:36:07 GMT 2024","passed","Mon Nov 04 00:36:07 GMT 2024","","HYPERON-EXPERIMENTAL-SCRIPTS","HYPERON-EXPERIMENTAL-SCRIPTS",""
"","4000","metta-morph_tests.add_atom_match","","Mon Nov 04 00:36:03 GMT 2024","passed","Mon Nov 04 00:36:07 GMT 2024","","WHOLE-TESTS","WHOLE-TESTS",""
"","871","BC-IMPL.01","","Mon Nov 04 01:49:17 GMT 2024","passed","Mon Nov 04 01:49:17 GMT 2024","","WALK-THRU","WALK-THRU",""
"","2","PC-XP.14","","Mon Nov 04 01:24:57 GMT 2024","passed","Mon Nov 04 01:24:57 GMT 2024","","POLYWARD-CHAINING","POLYWARD-CHAINING",""
"","3","STDLIB-METTALOG-TEST-PT2.67","","Mon Nov 04 00:55:08 GMT 2024","passed","Mon Nov 04 00:55:08 GMT 2024","","STDLIB-METTALOG","STDLIB-METTALOG",""
"","2","DEFINE-IF-LIKE.05","","Mon Nov 04 01:47:48 GMT 2024","passed","Mon Nov 04 01:47:48 GMT 2024","","DIRECT-COMP","DIRECT-COMP",""
"","2","ADD-REMOVE-MATCH-INTEGER.02","","Mon Nov 04 00:53:03 GMT 2024","passed","Mon Nov 04 00:53:03 GMT 2024","","SPACES","SPACES",""
"","88","TOO-EAGER-MATH.01","","Mon Nov 04 01:56:53 GMT 2024","passed","Mon Nov 04 01:56:53 GMT 2024","","POSSIBLY-WRONG","POSSIBLY-WRONG",""
"","3","SEQUENTIAL-NESTED.05","","Mon Nov 04 00:41:36 GMT 2024","passed","Mon Nov 04 00:41:36 GMT 2024","","METTA-MORPH-TESTS","METTA-MORPH-TESTS",""
"","2","UNIFY-VIA-LET.07","","Mon Nov 04 01:26:50 GMT 2024","passed","Mon Nov 04 01:26:50 GMT 2024","","EXPERIMENTS","EXPERIMENTS",""
"","2","B5-TYPES-PRELIM.19","","Mon Nov 04 01:11:50 GMT 2024","passed","Mon Nov 04 01:11:50 GMT 2024","","CHECK-TYPES-TEMP","CHECK-TYPES-TEMP",""
"","3","D2-HIGHERFUNC.23","","Mon Nov 04 01:12:10 GMT 2024","passed","Mon Nov 04 01:12:10 GMT 2024","","CHECK-TYPES","CHECK-TYPES",""
"","2","B5-TYPES-PRELIM.26","","Mon Nov 04 01:11:50 GMT 2024","passed","Mon Nov 04 01:11:50 GMT 2024","","CHECK-TYPES-TEMP","CHECK-TYPES-TEMP",""
"","2","D3-DEPTYPES.05","","Mon Nov 04 00:36:07 GMT 2024","passed","Mon Nov 04 00:36:07 GMT 2024","","HYPERON-EXPERIMENTAL-SCRIPTS","HYPERON-EXPERIMENTAL-SCRIPTS",""
"","3","MINNARS-PREV.01","","Mon Nov 04 00:46:15 GMT 2024","passed","Mon Nov 04 00:46:15 GMT 2024","","MAIN-BRANCH","MAIN-BRANCH",""
"","95","SHOW-TYPE.12","","Mon Nov 04 00:52:48 GMT 2024","failed","Mon Nov 04 00:52:48 GMT 2024","","INTROSPECT","INTROSPECT",""
"","2","CHAPTER-1-1.09","","Mon Nov 04 00:55:17 GMT 2024","passed","Mon Nov 04 00:55:17 GMT 2024","","SICP-BOOK","SICP-BOOK",""
"","5000","main-branch.prereqs","","Mon Nov 04 00:36:03 GMT 2024","passed","Mon Nov 04 00:36:08 GMT 2024","","WHOLE-TESTS","WHOLE-TESTS",""
"","2","ADD-REMOVE-MATCH-S-SYMBOLS.02","","Mon Nov 04 00:53:03 GMT 2024","passed","Mon Nov 04 00:53:03 GMT 2024","","SPACES","SPACES",""
"","40","FC-XP.05","","Mon Nov 04 01:18:55 GMT 2024","failed","Mon Nov 04 01:18:55 GMT 2024","","FORWARD-CHAINING","FORWARD-CHAINING",""
"","15","D3-DEPTYPES.04","","Mon Nov 04 01:12:10 GMT 2024","passed","Mon Nov 04 01:12:10 GMT 2024","","CHECK-TYPES","CHECK-TYPES",""
"","2","DEBUG-METTALOGTESTCURRIED.03","","Mon Nov 04 01:49:17 GMT 2024","passed","Mon Nov 04 01:49:17 GMT 2024","","WALK-THRU","WALK-THRU",""
"","120","SPACE-INTERSECTION-TESTS.08","","Mon Nov 04 00:37:43 GMT 2024","failed","Mon Nov 04 00:37:43 GMT 2024","","HYPERON-METTALOG-SANITY","HYPERON-METTALOG-SANITY",""
"","5000","match.ImplicationDirectIntroductionMatchTest","","Mon Nov 04 00:36:03 GMT 2024","passed","Mon Nov 04 00:36:08 GMT 2024","","WHOLE-TESTS","WHOLE-TESTS",""
"","216","SYNTHESIZE-VIA-LET-TEST.02","","Mon Nov 04 01:26:50 GMT 2024","failed","Mon Nov 04 01:26:50 GMT 2024","","EXPERIMENTS","EXPERIMENTS",""
"","594","IOIOIOI.03","","Mon Nov 04 01:55:33 GMT 2024","passed","Mon Nov 04 01:55:33 GMT 2024","","MULTIDIRECTIONAL","MULTIDIRECTIONAL",""
"","62","D2-HIGHERFUNC.07","","Mon Nov 04 01:12:10 GMT 2024","failed","Mon Nov 04 01:12:10 GMT 2024","","CHECK-TYPES","CHECK-TYPES",""
"","45000","nars_v0.tests3","","Mon Nov 04 00:36:03 GMT 2024","failed","Mon Nov 04 00:36:48 GMT 2024","","WHOLE-TESTS","WHOLE-TESTS",""
"","40000","basic.fibo","","Mon Nov 04 00:36:03 GMT 2024","failed","Mon Nov 04 00:36:43 GMT 2024","","WHOLE-TESTS","WHOLE-TESTS",""
"","4000","hyperon-experimental_scripts.e1_kb_write","","Mon Nov 04 00:36:03 GMT 2024","passed","Mon Nov 04 00:36:07 GMT 2024","","WHOLE-TESTS","WHOLE-TESTS",""
"","2","FC-XP.15","","Mon Nov 04 01:18:55 GMT 2024","passed","Mon Nov 04 01:18:55 GMT 2024","","FORWARD-CHAINING","FORWARD-CHAINING",""
"","54","COMBINED.04","","Mon Nov 04 01:54:00 GMT 2024","failed","Mon Nov 04 01:54:00 GMT 2024","","ITERATORS","ITERATORS",""
"","2","BACKWARD-CHAINER-XP.24","","Mon Nov 04 01:15:59 GMT 2024","passed","Mon Nov 04 01:15:59 GMT 2024","","BACKWARD-CHAINER","BACKWARD-CHAINER",""
"","2","ADD-REMOVE-MATCH-SS-STRINGS.10","","Mon Nov 04 00:53:03 GMT 2024","passed","Mon Nov 04 00:53:03 GMT 2024","","SPACES","SPACES",""
"","2","BCHAIN.02","","Mon Nov 04 00:43:38 GMT 2024","passed","Mon Nov 04 00:43:38 GMT 2024","","ANTI-REGRESSION","ANTI-REGRESSION",""
"","4000","basic.pathfinding-easy","","Mon Nov 04 00:36:03 GMT 2024","passed","Mon Nov 04 00:36:07 GMT 2024","","WHOLE-TESTS","WHOLE-TESTS",""
"","129","ADD-REMOVE-MATCH-S-SYMBOLS.14","","Mon Nov 04 00:53:03 GMT 2024","passed","Mon Nov 04 00:53:03 GMT 2024","","SPACES","SPACES",""
"","62","CREATE-SERVER.03","","Mon Nov 04 01:53:39 GMT 2024","failed","Mon Nov 04 01:53:39 GMT 2024","","DISTRIBUTED-PROCESSING","DISTRIBUTED-PROCESSING",""
"","5000","backward-chaining.bc-xp","","Mon Nov 04 00:36:03 GMT 2024","passed","Mon Nov 04 00:36:08 GMT 2024","","WHOLE-TESTS","WHOLE-TESTS",""
"","2","CHAPTER-1-1.13","","Mon Nov 04 00:55:17 GMT 2024","passed","Mon Nov 04 00:55:17 GMT 2024","","SICP-BOOK","SICP-BOOK",""
"","2","TYPE-PROP.18","","Mon Nov 04 01:11:50 GMT 2024","passed","Mon Nov 04 01:11:50 GMT 2024","","CHECK-TYPES-TEMP","CHECK-TYPES-TEMP",""
"","2","HIGHER-ORDER-FUNCS.07","","Mon Nov 04 00:53:44 GMT 2024","passed","Mon Nov 04 00:53:44 GMT 2024","","STD","STD",""
"","5000","transpiler.letlet","","Mon Nov 04 00:36:03 GMT 2024","passed","Mon Nov 04 00:36:08 GMT 2024","","WHOLE-TESTS","WHOLE-TESTS",""
"","2","INF-CTL-MONTH-XP.02","","Mon Nov 04 01:20:12 GMT 2024","passed","Mon Nov 04 01:20:12 GMT 2024","","INFERENCE-CONTROL","INFERENCE-CONTROL",""
"","3","CREATE-SERVER.01","","Mon Nov 04 01:53:39 GMT 2024","passed","Mon Nov 04 01:53:39 GMT 2024","","DISTRIBUTED-PROCESSING","DISTRIBUTED-PROCESSING",""
"","3","E2-STATES.12","","Mon Nov 04 01:12:10 GMT 2024","passed","Mon Nov 04 01:12:10 GMT 2024","","CHECK-TYPES","CHECK-TYPES",""
"","2","B5-TYPES-PRELIM.18","","Mon Nov 04 01:11:50 GMT 2024","passed","Mon Nov 04 01:11:50 GMT 2024","","CHECK-TYPES-TEMP","CHECK-TYPES-TEMP",""
"","2","IMPLICATIONDIRECTINTRODUCTIONDTLTEST.02","","Mon Nov 04 01:14:52 GMT 2024","passed","Mon Nov 04 01:14:52 GMT 2024","","DEPENDENT-TYPES","DEPENDENT-TYPES",""
"","2","D4-TYPE-PROP.19","","Mon Nov 04 00:45:46 GMT 2024","passed","Mon Nov 04 00:45:46 GMT 2024","","QUICK","QUICK",""
"","2","TYPES-PRELIM.13","","Mon Nov 04 00:50:44 GMT 2024","passed","Mon Nov 04 00:50:44 GMT 2024","","CHAINING","CHAINING",""
"","2","EXAM-SPACES.02","","Mon Nov 04 00:52:48 GMT 2024","passed","Mon Nov 04 00:52:48 GMT 2024","","INTROSPECT","INTROSPECT",""
"","4","TESTS0.03","","Mon Nov 04 01:43:55 GMT 2024","passed","Mon Nov 04 01:43:55 GMT 2024","","PREV","PREV",""
"","2","STATE-TYPES.03","","Mon Nov 04 01:57:54 GMT 2024","passed","Mon Nov 04 01:57:54 GMT 2024","","BASIC","BASIC",""
"","2","D2-HIGHERFUNC.26","","Mon Nov 04 00:45:46 GMT 2024","passed","Mon Nov 04 00:45:46 GMT 2024","","QUICK","QUICK",""
"","3","APPEND.04","","Mon Nov 04 01:55:33 GMT 2024","passed","Mon Nov 04 01:55:33 GMT 2024","","MULTIDIRECTIONAL","MULTIDIRECTIONAL",""
"","2","QUERIES.12","","Mon Nov 04 01:08:27 GMT 2024","passed","Mon Nov 04 01:08:27 GMT 2024","","STRIPS-TO-METTA-IMPROVED","STRIPS-TO-METTA-IMPROVED",""
"","8","NARS-BUILDTUPLECOUNTS.01","","Mon Nov 04 01:34:52 GMT 2024","passed","Mon Nov 04 01:34:52 GMT 2024","","NARS-EXTRAS","NARS-EXTRAS",""
"","82","ADD-REMOVE-MATCH-STRINGS.14","","Mon Nov 04 00:53:03 GMT 2024","failed","Mon Nov 04 00:53:03 GMT 2024","","SPACES","SPACES",""
"","95","ADD-REMOVE-MATCH-STRINGS.03","","Mon Nov 04 00:53:03 GMT 2024","failed","Mon Nov 04 00:53:03 GMT 2024","","SPACES","SPACES",""
"","2","BASE-TEST-REPR-PARSE-INTERSECTION.03","","Mon Nov 04 00:37:43 GMT 2024","passed","Mon Nov 04 00:37:43 GMT 2024","","HYPERON-METTALOG-SANITY","HYPERON-METTALOG-SANITY",""
"","1","F1-IMPORTS.14","","Mon Nov 04 00:36:07 GMT 2024","passed","Mon Nov 04 00:36:07 GMT 2024","","HYPERON-EXPERIMENTAL-SCRIPTS","HYPERON-EXPERIMENTAL-SCRIPTS",""
"","4","INTERSECTION-TESTS.30","","Mon Nov 04 00:37:43 GMT 2024","passed","Mon Nov 04 00:37:43 GMT 2024","","HYPERON-METTALOG-SANITY","HYPERON-METTALOG-SANITY",""
"","130","DEDUCTIONENTAILTEST.01","","Mon Nov 04 01:18:26 GMT 2024","failed","Mon Nov 04 01:18:26 GMT 2024","","ENTAIL","ENTAIL",""
"","2","B2-BACKCHAIN.02","","Mon Nov 04 00:36:07 GMT 2024","passed","Mon Nov 04 00:36:07 GMT 2024","","HYPERON-EXPERIMENTAL-SCRIPTS","HYPERON-EXPERIMENTAL-SCRIPTS",""
"","2","CHAPTER-1-1.16","","Mon Nov 04 00:55:17 GMT 2024","passed","Mon Nov 04 00:55:17 GMT 2024","","SICP-BOOK","SICP-BOOK",""
"","40000","combinator-calculi.y_comb_examples","","Mon Nov 04 00:36:03 GMT 2024","failed","Mon Nov 04 00:36:43 GMT 2024","","WHOLE-TESTS","WHOLE-TESTS",""
"","2","06-MATCH-IN-SPACE.03","","Mon Nov 04 00:37:43 GMT 2024","passed","Mon Nov 04 00:37:43 GMT 2024","","HYPERON-METTALOG-SANITY","HYPERON-METTALOG-SANITY",""
"","2","E3-MATCH-STATES.02","","Mon Nov 04 00:36:07 GMT 2024","passed","Mon Nov 04 00:36:07 GMT 2024","","HYPERON-EXPERIMENTAL-SCRIPTS","HYPERON-EXPERIMENTAL-SCRIPTS",""
"","534","BC-XP.06","","Mon Nov 04 00:50:44 GMT 2024","failed","Mon Nov 04 00:50:44 GMT 2024","","CHAINING","CHAINING",""
"","2","TYPE-PROP.56","","Mon Nov 04 01:11:50 GMT 2024","passed","Mon Nov 04 01:11:50 GMT 2024","","CHECK-TYPES-TEMP","CHECK-TYPES-TEMP",""
"","4000","std.kb_write","","Mon Nov 04 00:36:03 GMT 2024","passed","Mon Nov 04 00:36:07 GMT 2024","","WHOLE-TESTS","WHOLE-TESTS",""
"","2","SPACE-INTERSECTION-TESTS.20","","Mon Nov 04 00:37:43 GMT 2024","passed","Mon Nov 04 00:37:43 GMT 2024","","HYPERON-METTALOG-SANITY","HYPERON-METTALOG-SANITY",""
"","2","OR-TEST.16","","Mon Nov 04 00:37:43 GMT 2024","passed","Mon Nov 04 00:37:43 GMT 2024","","HYPERON-METTALOG-SANITY","HYPERON-METTALOG-SANITY",""
"","48","DEBUG-METTALOGTESTCURRIED.07","","Mon Nov 04 01:49:17 GMT 2024","passed","Mon Nov 04 01:49:17 GMT 2024","","WALK-THRU","WALK-THRU",""
"","2","KEY-LOOKUPS-MANY.06","","Mon Nov 04 01:57:54 GMT 2024","passed","Mon Nov 04 01:57:54 GMT 2024","","BASIC","BASIC",""
"","3","SHOW-TYPE.01","","Mon Nov 04 00:52:48 GMT 2024","passed","Mon Nov 04 00:52:48 GMT 2024","","INTROSPECT","INTROSPECT",""
"","5000","dependent-types.SupportRuleExp","","Mon Nov 04 00:36:03 GMT 2024","passed","Mon Nov 04 00:36:08 GMT 2024","","WHOLE-TESTS","WHOLE-TESTS",""
"","85","ADD-REMOVE-MATCH-FLOAT.14","","Mon Nov 04 00:53:03 GMT 2024","passed","Mon Nov 04 00:53:03 GMT 2024","","SPACES","SPACES",""
"","118","B5-TYPES-PRELIM.08","","Mon Nov 04 01:11:50 GMT 2024","failed","Mon Nov 04 01:11:50 GMT 2024","","CHECK-TYPES-TEMP","CHECK-TYPES-TEMP",""
"","2","CURRIED-CHAINER.04","","Mon Nov 04 01:16:52 GMT 2024","passed","Mon Nov 04 01:16:52 GMT 2024","","CURRIED-CHAINING","CURRIED-CHAINING",""
"","2","ORIENTATION-TEST.02","","Mon Nov 04 01:25:57 GMT 2024","passed","Mon Nov 04 01:25:57 GMT 2024","","ORIENTATION","ORIENTATION",""
"","2","NUMTEST.04","","Mon Nov 04 01:16:14 GMT 2024","passed","Mon Nov 04 01:16:14 GMT 2024","","COMMON","COMMON",""
"","2","DEBUG-METTALOGTESTCURRIED.10","","Mon Nov 04 01:49:17 GMT 2024","passed","Mon Nov 04 01:49:17 GMT 2024","","WALK-THRU","WALK-THRU",""
"","2","BC-XP.01","","Mon Nov 04 01:16:05 GMT 2024","passed","Mon Nov 04 01:16:05 GMT 2024","","BACKWARD-CHAINING","BACKWARD-CHAINING",""
"","4","TYPE-PROP.35","","Mon Nov 04 01:11:50 GMT 2024","passed","Mon Nov 04 01:11:50 GMT 2024","","CHECK-TYPES-TEMP","CHECK-TYPES-TEMP",""
"","2","UNIQUE-TEST.06","","Mon Nov 04 00:37:43 GMT 2024","passed","Mon Nov 04 00:37:43 GMT 2024","","HYPERON-METTALOG-SANITY","HYPERON-METTALOG-SANITY",""
"","3","UNIQUE-TEST.10","","Mon Nov 04 00:37:43 GMT 2024","passed","Mon Nov 04 00:37:43 GMT 2024","","HYPERON-METTALOG-SANITY","HYPERON-METTALOG-SANITY",""
"","13","D1-GADT.13","","Mon Nov 04 00:36:07 GMT 2024","passed","Mon Nov 04 00:36:07 GMT 2024","","HYPERON-EXPERIMENTAL-SCRIPTS","HYPERON-EXPERIMENTAL-SCRIPTS",""
"","5","TRUTHVALUETEST.07","","Mon Nov 04 01:16:43 GMT 2024","passed","Mon Nov 04 01:16:43 GMT 2024","","TRUTHVALUE","TRUTHVALUE",""
"","1","E2-STATES.09","","Mon Nov 04 01:12:10 GMT 2024","passed","Mon Nov 04 01:12:10 GMT 2024","","CHECK-TYPES","CHECK-TYPES",""
"","77","F1-IMPORTS.14","","Mon Nov 04 00:35:58 GMT 2024","passed","Mon Nov 04 00:35:58 GMT 2024","","MODULE-SYSTEM","MODULE-SYSTEM",""
"","3","STRING-TESTS.06","","Mon Nov 04 00:37:43 GMT 2024","passed","Mon Nov 04 00:37:43 GMT 2024","","HYPERON-METTALOG-SANITY","HYPERON-METTALOG-SANITY",""
"","2","STDLIB-METTALOG-TEST-PT2.64","","Mon Nov 04 00:55:08 GMT 2024","passed","Mon Nov 04 00:55:08 GMT 2024","","STDLIB-METTALOG","STDLIB-METTALOG",""
"","2","D2-HIGHERFUNC.27","","Mon Nov 04 01:12:10 GMT 2024","passed","Mon Nov 04 01:12:10 GMT 2024","","CHECK-TYPES","CHECK-TYPES",""
"","3","ADD-REMOVE-MATCH-SS-SYMBOLS.16","","Mon Nov 04 00:53:03 GMT 2024","passed","Mon Nov 04 00:53:03 GMT 2024","","SPACES","SPACES",""
"","5","NUMTEST.03","","Mon Nov 04 01:16:14 GMT 2024","passed","Mon Nov 04 01:16:14 GMT 2024","","COMMON","COMMON",""
"","2","INF-CTL-XP.05","","Mon Nov 04 01:20:12 GMT 2024","passed","Mon Nov 04 01:20:12 GMT 2024","","INFERENCE-CONTROL","INFERENCE-CONTROL",""
"","2","B5-TYPES-PRELIM.17","","Mon Nov 04 01:11:50 GMT 2024","passed","Mon Nov 04 01:11:50 GMT 2024","","CHECK-TYPES-TEMP","CHECK-TYPES-TEMP",""
"","2","INF-CTL-XP.02","","Mon Nov 04 01:20:12 GMT 2024","passed","Mon Nov 04 01:20:12 GMT 2024","","INFERENCE-CONTROL","INFERENCE-CONTROL",""
"","894","IBC-XP.26","","Mon Nov 04 01:22:13 GMT 2024","passed","Mon Nov 04 01:22:13 GMT 2024","","ITERATIVE-CHAINING","ITERATIVE-CHAINING",""
"","96","SUBTYPING-TEST.05","","Mon Nov 04 01:25:02 GMT 2024","failed","Mon Nov 04 01:25:02 GMT 2024","","SUBTYPING","SUBTYPING",""
"","4000","hyperon-experimental_scripts.b1_equal_chain","","Mon Nov 04 00:36:03 GMT 2024","passed","Mon Nov 04 00:36:07 GMT 2024","","WHOLE-TESTS","WHOLE-TESTS",""
"","671","TESTS0.07","","Mon Nov 04 00:41:36 GMT 2024","passed","Mon Nov 04 00:41:36 GMT 2024","","METTA-MORPH-TESTS","METTA-MORPH-TESTS",""
"","81","B5-TYPES-PRELIM.11","","Mon Nov 04 00:36:07 GMT 2024","failed","Mon Nov 04 00:36:07 GMT 2024","","HYPERON-EXPERIMENTAL-SCRIPTS","HYPERON-EXPERIMENTAL-SCRIPTS",""
"","2","B5-TYPES-PRELIM.09","","Mon Nov 04 01:11:50 GMT 2024","passed","Mon Nov 04 01:11:50 GMT 2024","","CHECK-TYPES-TEMP","CHECK-TYPES-TEMP",""
"","103","TYPE-PROP.76","","Mon Nov 04 01:11:50 GMT 2024","failed","Mon Nov 04 01:11:50 GMT 2024","","CHECK-TYPES-TEMP","CHECK-TYPES-TEMP",""
"","2","BC-XP.28","","Mon Nov 04 01:16:05 GMT 2024","passed","Mon Nov 04 01:16:05 GMT 2024","","BACKWARD-CHAINING","BACKWARD-CHAINING",""
"","4000","hyperon-mettalog_sanity.flip_test","","Mon Nov 04 00:36:03 GMT 2024","passed","Mon Nov 04 00:36:07 GMT 2024","","WHOLE-TESTS","WHOLE-TESTS",""
"","2","AI-SERVICE-COMPOSITION-EASY.02","","Mon Nov 04 01:09:19 GMT 2024","passed","Mon Nov 04 01:09:19 GMT 2024","","AI-SERVICE","AI-SERVICE",""
"","2","ADD-REMOVE-MATCH-MIX-FLOAT-INTEGER.04","","Mon Nov 04 00:53:03 GMT 2024","passed","Mon Nov 04 00:53:03 GMT 2024","","SPACES","SPACES",""
"","2","ADD-ATOM-NAIVE-FIB.03","","Mon Nov 04 02:04:14 GMT 2024","passed","Mon Nov 04 02:04:14 GMT 2024","","COMPARISONS","COMPARISONS",""
"","35","STDLIB-METTALOG-TEST-PT2.18","","Mon Nov 04 00:55:08 GMT 2024","failed","Mon Nov 04 00:55:08 GMT 2024","","STDLIB-METTALOG","STDLIB-METTALOG",""
"","101","TOO-EAGER-MATH.03","","Mon Nov 04 01:56:53 GMT 2024","passed","Mon Nov 04 01:56:53 GMT 2024","","POSSIBLY-WRONG","POSSIBLY-WRONG",""
"","2","LTE.03","","Mon Nov 04 00:53:44 GMT 2024","passed","Mon Nov 04 00:53:44 GMT 2024","","STD","STD",""
"","1","ADD-REMOVE-MATCH-SYMBOLS.15","","Mon Nov 04 00:53:03 GMT 2024","passed","Mon Nov 04 00:53:03 GMT 2024","","SPACES","SPACES",""
"","3","BACKWARD-CHAIN.03","","Mon Nov 04 00:50:44 GMT 2024","passed","Mon Nov 04 00:50:44 GMT 2024","","CHAINING","CHAINING",""
"","3","TMPMATCH1.01","","Mon Nov 04 00:43:38 GMT 2024","passed","Mon Nov 04 00:43:38 GMT 2024","","ANTI-REGRESSION","ANTI-REGRESSION",""
"","2","D4-TYPE-PROP.08","","Mon Nov 04 00:36:07 GMT 2024","passed","Mon Nov 04 00:36:07 GMT 2024","","HYPERON-EXPERIMENTAL-SCRIPTS","HYPERON-EXPERIMENTAL-SCRIPTS",""
"","3","SHOW-TYPE.04","","Mon Nov 04 00:52:48 GMT 2024","passed","Mon Nov 04 00:52:48 GMT 2024","","INTROSPECT","INTROSPECT",""
"","2","MATCH-VOID.03","","Mon Nov 04 00:41:36 GMT 2024","passed","Mon Nov 04 00:41:36 GMT 2024","","METTA-MORPH-TESTS","METTA-MORPH-TESTS",""
"","3","E2-STATES.11","","Mon Nov 04 00:36:07 GMT 2024","passed","Mon Nov 04 00:36:07 GMT 2024","","HYPERON-EXPERIMENTAL-SCRIPTS","HYPERON-EXPERIMENTAL-SCRIPTS",""
"","3","BC-XP.11","","Mon Nov 04 01:16:05 GMT 2024","passed","Mon Nov 04 01:16:05 GMT 2024","","BACKWARD-CHAINING","BACKWARD-CHAINING",""
"","2","IMPLICATIONDIRECTINTRODUCTIONENTAILTEST.06","","Mon Nov 04 01:18:26 GMT 2024","passed","Mon Nov 04 01:18:26 GMT 2024","","ENTAIL","ENTAIL",""
"","4000","hyperon-mettalog_sanity.06_match_in_space","","Mon Nov 04 00:36:03 GMT 2024","passed","Mon Nov 04 00:36:07 GMT 2024","","WHOLE-TESTS","WHOLE-TESTS",""
"","4","D4-TYPE-PROP.04","","Mon Nov 04 00:36:07 GMT 2024","passed","Mon Nov 04 00:36:07 GMT 2024","","HYPERON-EXPERIMENTAL-SCRIPTS","HYPERON-EXPERIMENTAL-SCRIPTS",""
"","56","E2-STATES.08","","Mon Nov 04 01:12:10 GMT 2024","failed","Mon Nov 04 01:12:10 GMT 2024","","CHECK-TYPES","CHECK-TYPES",""
"","2","CURRIED-CHAINER.07","","Mon Nov 04 01:16:52 GMT 2024","passed","Mon Nov 04 01:16:52 GMT 2024","","CURRIED-CHAINING","CURRIED-CHAINING",""
"","3","ORDEREDSETTEST.09","","Mon Nov 04 01:16:14 GMT 2024","passed","Mon Nov 04 01:16:14 GMT 2024","","COMMON","COMMON",""
"","2","D4-TYPE-PROP.09","","Mon Nov 04 00:45:46 GMT 2024","passed","Mon Nov 04 00:45:46 GMT 2024","","QUICK","QUICK",""
"","1","HYPERPOSING-SHARED.02","","Mon Nov 04 01:57:54 GMT 2024","passed","Mon Nov 04 01:57:54 GMT 2024","","BASIC","BASIC",""
"","2","TMPMATCH1.03","","Mon Nov 04 00:43:38 GMT 2024","passed","Mon Nov 04 00:43:38 GMT 2024","","ANTI-REGRESSION","ANTI-REGRESSION",""
"","2","LISTTEST.09","","Mon Nov 04 01:16:14 GMT 2024","passed","Mon Nov 04 01:16:14 GMT 2024","","COMMON","COMMON",""
"","51","HYPERON-EXPERIMENTAL-ISSUE-481.01","","Mon Nov 04 01:52:33 GMT 2024","failed","Mon Nov 04 01:52:33 GMT 2024","","DEBUGGING","DEBUGGING",""
"","91","ADD-REMOVE-MATCH-INTEGER.25","","Mon Nov 04 00:53:03 GMT 2024","passed","Mon Nov 04 00:53:03 GMT 2024","","SPACES","SPACES",""
"","2","BC-XP.13","","Mon Nov 04 01:16:05 GMT 2024","passed","Mon Nov 04 01:16:05 GMT 2024","","BACKWARD-CHAINING","BACKWARD-CHAINING",""
"","52","B5-TYPES-PRELIM.14","","Mon Nov 04 00:36:07 GMT 2024","failed","Mon Nov 04 00:36:07 GMT 2024","","HYPERON-EXPERIMENTAL-SCRIPTS","HYPERON-EXPERIMENTAL-SCRIPTS",""
"","6000","inference-control.inf-ctl-xp","","Mon Nov 04 00:36:03 GMT 2024","passed","Mon Nov 04 00:36:09 GMT 2024","","WHOLE-TESTS","WHOLE-TESTS",""
"","3","D1-GADT.12","","Mon Nov 04 00:45:46 GMT 2024","passed","Mon Nov 04 00:45:46 GMT 2024","","QUICK","QUICK",""
"","2","TEST-IF-CLOSED.06","","Mon Nov 04 01:49:17 GMT 2024","passed","Mon Nov 04 01:49:17 GMT 2024","","WALK-THRU","WALK-THRU",""
"","2","ADD-REMOVE-MATCH-STRINGS.04","","Mon Nov 04 00:53:03 GMT 2024","passed","Mon Nov 04 00:53:03 GMT 2024","","SPACES","SPACES",""
"","179","EXAMPLES-QUANTS.01","","Mon Nov 04 01:56:48 GMT 2024","failed","Mon Nov 04 01:56:48 GMT 2024","","POLYMORPHIC-TYPES","POLYMORPHIC-TYPES",""
"","2","NATPARITYTEST.13","","Mon Nov 04 01:19:01 GMT 2024","passed","Mon Nov 04 01:19:01 GMT 2024","","HOL","HOL",""
"","514","PARENT-GO-COMP.01","","Mon Nov 04 00:50:44 GMT 2024","passed","Mon Nov 04 00:50:44 GMT 2024","","CHAINING","CHAINING",""
"","2","D2-HIGHERFUNC.09","","Mon Nov 04 01:12:10 GMT 2024","passed","Mon Nov 04 01:12:10 GMT 2024","","CHECK-TYPES","CHECK-TYPES",""
"","2","D1-GADT.01","","Mon Nov 04 00:45:46 GMT 2024","passed","Mon Nov 04 00:45:46 GMT 2024","","QUICK","QUICK",""
"","2","HYPERPOSING-SHARED.08","","Mon Nov 04 01:57:54 GMT 2024","passed","Mon Nov 04 01:57:54 GMT 2024","","BASIC","BASIC",""
"","1571","SYNTHESIZE-VIA-LET-TEST.11","","Mon Nov 04 01:26:50 GMT 2024","failed","Mon Nov 04 01:26:51 GMT 2024","","EXPERIMENTS","EXPERIMENTS",""
"","1","A1-SYMBOLS.06","","Mon Nov 04 00:36:07 GMT 2024","passed","Mon Nov 04 00:36:07 GMT 2024","","HYPERON-EXPERIMENTAL-SCRIPTS","HYPERON-EXPERIMENTAL-SCRIPTS",""
"","4","TESTS0.05","","Mon Nov 04 01:43:55 GMT 2024","passed","Mon Nov 04 01:43:55 GMT 2024","","PREV","PREV",""
"","2","B4-NONDETERM.05","","Mon Nov 04 00:36:07 GMT 2024","passed","Mon Nov 04 00:36:07 GMT 2024","","HYPERON-EXPERIMENTAL-SCRIPTS","HYPERON-EXPERIMENTAL-SCRIPTS",""
"","2","IBC-XP.30","","Mon Nov 04 01:22:13 GMT 2024","passed","Mon Nov 04 01:22:13 GMT 2024","","ITERATIVE-CHAINING","ITERATIVE-CHAINING",""
"","2","D4-TYPE-PROP.20","","Mon Nov 04 01:12:10 GMT 2024","passed","Mon Nov 04 01:12:10 GMT 2024","","CHECK-TYPES","CHECK-TYPES",""
"","3","TESTS0.01","","Mon Nov 04 00:46:15 GMT 2024","passed","Mon Nov 04 00:46:15 GMT 2024","","MAIN-BRANCH","MAIN-BRANCH",""
"","261","SYNTHESIZE-VIA-CASE-TEST.03","","Mon Nov 04 01:26:50 GMT 2024","failed","Mon Nov 04 01:26:50 GMT 2024","","EXPERIMENTS","EXPERIMENTS",""
"","2","B5-TYPES-PRELIM.04","","Mon Nov 04 01:11:50 GMT 2024","passed","Mon Nov 04 01:11:50 GMT 2024","","CHECK-TYPES-TEMP","CHECK-TYPES-TEMP",""
"","2","TREE.03","","Mon Nov 04 01:00:35 GMT 2024","passed","Mon Nov 04 01:00:35 GMT 2024","","COMBINATOR-CALCULI","COMBINATOR-CALCULI",""
"","113","SPACE-INTERSECTION-TESTS.17","","Mon Nov 04 00:37:43 GMT 2024","failed","Mon Nov 04 00:37:43 GMT 2024","","HYPERON-METTALOG-SANITY","HYPERON-METTALOG-SANITY",""
"","2","D2-HIGHERFUNC.17","","Mon Nov 04 00:45:46 GMT 2024","passed","Mon Nov 04 00:45:46 GMT 2024","","QUICK","QUICK",""
"","1","B4-NONDETERM.02","","Mon Nov 04 00:36:07 GMT 2024","passed","Mon Nov 04 00:36:07 GMT 2024","","HYPERON-EXPERIMENTAL-SCRIPTS","HYPERON-EXPERIMENTAL-SCRIPTS",""
"","2095","TESTS2.07","","Mon Nov 04 00:46:15 GMT 2024","failed","Mon Nov 04 00:46:17 GMT 2024","","MAIN-BRANCH","MAIN-BRANCH",""
"","3","B3-DIRECT.02","","Mon Nov 04 00:36:07 GMT 2024","passed","Mon Nov 04 00:36:07 GMT 2024","","HYPERON-EXPERIMENTAL-SCRIPTS","HYPERON-EXPERIMENTAL-SCRIPTS",""
"","2","FC-XP.04","","Mon Nov 04 01:18:55 GMT 2024","passed","Mon Nov 04 01:18:55 GMT 2024","","FORWARD-CHAINING","FORWARD-CHAINING",""
"","2","BCHAIN-COMP.03","","Mon Nov 04 00:43:38 GMT 2024","passed","Mon Nov 04 00:43:38 GMT 2024","","ANTI-REGRESSION","ANTI-REGRESSION",""
"","5000","module-system.f1_imports","","Mon Nov 04 00:36:03 GMT 2024","passed","Mon Nov 04 00:36:08 GMT 2024","","WHOLE-TESTS","WHOLE-TESTS",""
"","7000","chaining.v2-pln-xp","","Mon Nov 04 00:36:03 GMT 2024","passed","Mon Nov 04 00:36:10 GMT 2024","","WHOLE-TESTS","WHOLE-TESTS",""
"","2","D1-GADT.11","","Mon Nov 04 01:12:10 GMT 2024","passed","Mon Nov 04 01:12:10 GMT 2024","","CHECK-TYPES","CHECK-TYPES",""
"","54","MODUSPONENSDTLTEST.01","","Mon Nov 04 01:14:52 GMT 2024","failed","Mon Nov 04 01:14:52 GMT 2024","","DEPENDENT-TYPES","DEPENDENT-TYPES",""
"","2","F1-IMPORTS.03","","Mon Nov 04 00:36:07 GMT 2024","passed","Mon Nov 04 00:36:07 GMT 2024","","HYPERON-EXPERIMENTAL-SCRIPTS","HYPERON-EXPERIMENTAL-SCRIPTS",""
"","2","BCHAIN.04","","Mon Nov 04 01:49:17 GMT 2024","passed","Mon Nov 04 01:49:17 GMT 2024","","WALK-THRU","WALK-THRU",""
"","2","ADD-REMOVE-MATCH-SS-SYMBOLS.03","","Mon Nov 04 00:53:03 GMT 2024","passed","Mon Nov 04 00:53:03 GMT 2024","","SPACES","SPACES",""
"","2","D2-HIGHERFUNC.26","","Mon Nov 04 00:36:07 GMT 2024","passed","Mon Nov 04 00:36:07 GMT 2024","","HYPERON-EXPERIMENTAL-SCRIPTS","HYPERON-EXPERIMENTAL-SCRIPTS",""
"","13","CHAPTER-2-4.21","","Mon Nov 04 00:55:17 GMT 2024","failed","Mon Nov 04 00:55:17 GMT 2024","","SICP-BOOK","SICP-BOOK",""
"","1217","SYNTHESIZE-VIA-CASE-TEST.06","","Mon Nov 04 01:26:50 GMT 2024","failed","Mon Nov 04 01:26:51 GMT 2024","","EXPERIMENTS","EXPERIMENTS",""
"","2","STDLIB-METTALOG-TEST-PT2.24","","Mon Nov 04 00:55:08 GMT 2024","passed","Mon Nov 04 00:55:08 GMT 2024","","STDLIB-METTALOG","STDLIB-METTALOG",""
"","1","OR-TEST.06","","Mon Nov 04 00:37:43 GMT 2024","passed","Mon Nov 04 00:37:43 GMT 2024","","HYPERON-METTALOG-SANITY","HYPERON-METTALOG-SANITY",""
"","4000","collatz.classical","","Mon Nov 04 00:36:03 GMT 2024","passed","Mon Nov 04 00:36:07 GMT 2024","","WHOLE-TESTS","WHOLE-TESTS",""
"","2","BACKWARD-CHAINER-XP.15","","Mon Nov 04 01:15:59 GMT 2024","passed","Mon Nov 04 01:15:59 GMT 2024","","BACKWARD-CHAINER","BACKWARD-CHAINER",""
"","7000","experiments.synthesize-via-unify-test","","Mon Nov 04 00:36:03 GMT 2024","passed","Mon Nov 04 00:36:10 GMT 2024","","WHOLE-TESTS","WHOLE-TESTS",""
"","3","TYPES-PRELIM.02","","Mon Nov 04 00:50:44 GMT 2024","passed","Mon Nov 04 00:50:44 GMT 2024","","CHAINING","CHAINING",""
"","2","D2-HIGHERFUNC.05","","Mon Nov 04 01:12:10 GMT 2024","passed","Mon Nov 04 01:12:10 GMT 2024","","CHECK-TYPES","CHECK-TYPES",""
"","37","BACKWARD-CHAINER-XP.06","","Mon Nov 04 01:15:59 GMT 2024","failed","Mon Nov 04 01:15:59 GMT 2024","","BACKWARD-CHAINER","BACKWARD-CHAINER",""
"","3","BC-XP.19","","Mon Nov 04 01:16:05 GMT 2024","passed","Mon Nov 04 01:16:05 GMT 2024","","BACKWARD-CHAINING","BACKWARD-CHAINING",""
"","3","UNIFY-VIA-LET.02","","Mon Nov 04 01:26:50 GMT 2024","passed","Mon Nov 04 01:26:50 GMT 2024","","EXPERIMENTS","EXPERIMENTS",""
"","1125","IBC-XP.28","","Mon Nov 04 01:22:13 GMT 2024","passed","Mon Nov 04 01:22:14 GMT 2024","","ITERATIVE-CHAINING","ITERATIVE-CHAINING",""
"","3","SEALED-TEST.06","","Mon Nov 04 00:37:43 GMT 2024","passed","Mon Nov 04 00:37:43 GMT 2024","","HYPERON-METTALOG-SANITY","HYPERON-METTALOG-SANITY",""
"","3","LISTTEST.14","","Mon Nov 04 01:16:14 GMT 2024","passed","Mon Nov 04 01:16:14 GMT 2024","","COMMON","COMMON",""
"","4000","graphml.graphml_csv_test","","Mon Nov 04 00:36:03 GMT 2024","passed","Mon Nov 04 00:36:07 GMT 2024","","WHOLE-TESTS","WHOLE-TESTS",""
"","2","TYPES-PRELIM.07","","Mon Nov 04 00:50:44 GMT 2024","passed","Mon Nov 04 00:50:44 GMT 2024","","CHAINING","CHAINING",""
"","14","CHAPTER-2-4.18","","Mon Nov 04 00:55:17 GMT 2024","failed","Mon Nov 04 00:55:17 GMT 2024","","SICP-BOOK","SICP-BOOK",""
"","2","IFC-XP.10","","Mon Nov 04 01:22:13 GMT 2024","passed","Mon Nov 04 01:22:13 GMT 2024","","ITERATIVE-CHAINING","ITERATIVE-CHAINING",""
"","4","IFC-XP.42","","Mon Nov 04 01:22:13 GMT 2024","passed","Mon Nov 04 01:22:13 GMT 2024","","ITERATIVE-CHAINING","ITERATIVE-CHAINING",""
"","3","D3-DEPTYPES.01","","Mon Nov 04 01:12:10 GMT 2024","passed","Mon Nov 04 01:12:10 GMT 2024","","CHECK-TYPES","CHECK-TYPES",""
"","2","BASE-TEST-REPR-PARSE-INTERSECTION.04","","Mon Nov 04 00:37:43 GMT 2024","passed","Mon Nov 04 00:37:43 GMT 2024","","HYPERON-METTALOG-SANITY","HYPERON-METTALOG-SANITY",""
"","3","D4-TYPE-PROP.02","","Mon Nov 04 00:45:46 GMT 2024","passed","Mon Nov 04 00:45:46 GMT 2024","","QUICK","QUICK",""
"","2","D2-HIGHERFUNC.18","","Mon Nov 04 01:12:10 GMT 2024","passed","Mon Nov 04 01:12:10 GMT 2024","","CHECK-TYPES","CHECK-TYPES",""
"","4000","hyperon-mettalog_sanity.first_answer_long","","Mon Nov 04 00:36:03 GMT 2024","passed","Mon Nov 04 00:36:07 GMT 2024","","WHOLE-TESTS","WHOLE-TESTS",""
"","2","FC-XP.07","","Mon Nov 04 01:18:55 GMT 2024","passed","Mon Nov 04 01:18:55 GMT 2024","","FORWARD-CHAINING","FORWARD-CHAINING",""
"","46","FORWARD-CHAINER-XP.05","","Mon Nov 04 01:18:45 GMT 2024","failed","Mon Nov 04 01:18:45 GMT 2024","","FORWARD-CHAINER","FORWARD-CHAINER",""
"","1","TESTS3.03","","Mon Nov 04 00:46:15 GMT 2024","passed","Mon Nov 04 00:46:15 GMT 2024","","MAIN-BRANCH","MAIN-BRANCH",""
"","3","BCHAIN.06","","Mon Nov 04 01:49:17 GMT 2024","passed","Mon Nov 04 01:49:17 GMT 2024","","WALK-THRU","WALK-THRU",""
"","2","TEST-IF-CLOSED.11","","Mon Nov 04 00:43:38 GMT 2024","passed","Mon Nov 04 00:43:38 GMT 2024","","ANTI-REGRESSION","ANTI-REGRESSION",""
"","2","D4-TYPE-PROP.18","","Mon Nov 04 00:45:46 GMT 2024","passed","Mon Nov 04 00:45:46 GMT 2024","","QUICK","QUICK",""
"","2","ADD-REMOVE-MATCH-STRINGS.15","","Mon Nov 04 00:53:03 GMT 2024","passed","Mon Nov 04 00:53:03 GMT 2024","","SPACES","SPACES",""
"","48","STRUCTURE-TESTS.01","","Mon Nov 04 00:37:43 GMT 2024","passed","Mon Nov 04 00:37:43 GMT 2024","","HYPERON-METTALOG-SANITY","HYPERON-METTALOG-SANITY",""
"","52","F1-IMPORTS.21","","Mon Nov 04 00:45:46 GMT 2024","passed","Mon Nov 04 00:45:46 GMT 2024","","QUICK","QUICK",""
"","288","TESTS0.07","","Mon Nov 04 01:31:03 GMT 2024","failed","Mon Nov 04 01:31:03 GMT 2024","","CURRENT","CURRENT",""
"","3","C2-SPACES.05","","Mon Nov 04 00:35:58 GMT 2024","passed","Mon Nov 04 00:35:58 GMT 2024","","MODULE-SYSTEM","MODULE-SYSTEM",""
"","2","BC-XP.17","","Mon Nov 04 01:16:05 GMT 2024","passed","Mon Nov 04 01:16:05 GMT 2024","","BACKWARD-CHAINING","BACKWARD-CHAINING",""
"","4","UNIQUE-TEST.11","","Mon Nov 04 00:37:43 GMT 2024","passed","Mon Nov 04 00:37:43 GMT 2024","","HYPERON-METTALOG-SANITY","HYPERON-METTALOG-SANITY",""
"","5000","hyperon-experimental_scripts.b2_backchain","","Mon Nov 04 00:36:03 GMT 2024","passed","Mon Nov 04 00:36:08 GMT 2024","","WHOLE-TESTS","WHOLE-TESTS",""
"","5000","chaining.types_prelim","","Mon Nov 04 00:36:03 GMT 2024","passed","Mon Nov 04 00:36:08 GMT 2024","","WHOLE-TESTS","WHOLE-TESTS",""
"","2","INTERSECTION-TESTS.24","","Mon Nov 04 00:37:43 GMT 2024","passed","Mon Nov 04 00:37:43 GMT 2024","","HYPERON-METTALOG-SANITY","HYPERON-METTALOG-SANITY",""
"","4000","module-system.f1_moduleA","","Mon Nov 04 00:36:03 GMT 2024","passed","Mon Nov 04 00:36:07 GMT 2024","","WHOLE-TESTS","WHOLE-TESTS",""
"","2","ADD-REMOVE-MATCH-INTEGER.21","","Mon Nov 04 00:53:03 GMT 2024","passed","Mon Nov 04 00:53:03 GMT 2024","","SPACES","SPACES",""
"","4000","chaining.bc-xp","","Mon Nov 04 00:36:03 GMT 2024","passed","Mon Nov 04 00:36:07 GMT 2024","","WHOLE-TESTS","WHOLE-TESTS",""
"","3","TMPMATCH2.01","","Mon Nov 04 00:43:38 GMT 2024","passed","Mon Nov 04 00:43:38 GMT 2024","","ANTI-REGRESSION","ANTI-REGRESSION",""
"","238","SELF-CONTAINED-SYNTHESIZE.02","","Mon Nov 04 01:26:50 GMT 2024","failed","Mon Nov 04 01:26:50 GMT 2024","","EXPERIMENTS","EXPERIMENTS",""
"","2","CML-UNSHARED.04","","Mon Nov 04 01:57:54 GMT 2024","passed","Mon Nov 04 01:57:54 GMT 2024","","BASIC","BASIC",""
"","4","SPACE-SUBTRACTION-TESTS.11","","Mon Nov 04 00:37:43 GMT 2024","passed","Mon Nov 04 00:37:43 GMT 2024","","HYPERON-METTALOG-SANITY","HYPERON-METTALOG-SANITY",""
"","106","INF-CTL-MONTH-BC-XP.02","","Mon Nov 04 01:20:12 GMT 2024","failed","Mon Nov 04 01:20:12 GMT 2024","","INFERENCE-CONTROL","INFERENCE-CONTROL",""
"","2","TYPE-PROP.30","","Mon Nov 04 01:11:50 GMT 2024","passed","Mon Nov 04 01:11:50 GMT 2024","","CHECK-TYPES-TEMP","CHECK-TYPES-TEMP",""
"","76","C1-GROUNDED-BASIC.19","","Mon Nov 04 00:45:46 GMT 2024","passed","Mon Nov 04 00:45:46 GMT 2024","","QUICK","QUICK",""
"","42","IMPLICATIONDIRECTINTRODUCTIONDTLTEST.04","","Mon Nov 04 01:14:52 GMT 2024","failed","Mon Nov 04 01:14:52 GMT 2024","","DEPENDENT-TYPES","DEPENDENT-TYPES",""
"","2","TYPES-PRELIM.20","","Mon Nov 04 00:50:44 GMT 2024","passed","Mon Nov 04 00:50:44 GMT 2024","","CHAINING","CHAINING",""
"","62","INF-CTL-MONTH-XP-SHORT-5.02","","Mon Nov 04 02:04:14 GMT 2024","failed","Mon Nov 04 02:04:14 GMT 2024","","COMPARISONS","COMPARISONS",""
"","2","ADD-REMOVE-MATCH-INTEGER.10","","Mon Nov 04 00:53:03 GMT 2024","passed","Mon Nov 04 00:53:03 GMT 2024","","SPACES","SPACES",""
"","2","BC-XP.04","","Mon Nov 04 01:16:05 GMT 2024","passed","Mon Nov 04 01:16:05 GMT 2024","","BACKWARD-CHAINING","BACKWARD-CHAINING",""
"","5000","game_of_clue.game_of_clue","","Mon Nov 04 00:36:03 GMT 2024","passed","Mon Nov 04 00:36:08 GMT 2024","","WHOLE-TESTS","WHOLE-TESTS",""
"","41000","combinator-calculi.tree","","Mon Nov 04 00:36:03 GMT 2024","failed","Mon Nov 04 00:36:44 GMT 2024","","WHOLE-TESTS","WHOLE-TESTS",""
"","4000","containers_are_spaces.05_match_superpose_element_like_space","","Mon Nov 04 00:36:03 GMT 2024","passed","Mon Nov 04 00:36:07 GMT 2024","","WHOLE-TESTS","WHOLE-TESTS",""
"","7440","PROB-DEP-TYPES.13","","Mon Nov 04 01:03:54 GMT 2024","failed","Mon Nov 04 01:04:01 GMT 2024","","PROB-DEP-TYPES","PROB-DEP-TYPES",""
"","91","B4-NONDETERM.01","","Mon Nov 04 00:36:07 GMT 2024","passed","Mon Nov 04 00:36:07 GMT 2024","","HYPERON-EXPERIMENTAL-SCRIPTS","HYPERON-EXPERIMENTAL-SCRIPTS",""
"","2","TESTS0.05","","Mon Nov 04 00:41:36 GMT 2024","passed","Mon Nov 04 00:41:36 GMT 2024","","METTA-MORPH-TESTS","METTA-MORPH-TESTS",""
"","3","IMPLICATIONDIRECTINTRODUCTIONENTAILTEST.02","","Mon Nov 04 01:18:26 GMT 2024","passed","Mon Nov 04 01:18:26 GMT 2024","","ENTAIL","ENTAIL",""
"","164","IOIOIOI-USING-EQUALITY.01","","Mon Nov 04 01:55:33 GMT 2024","failed","Mon Nov 04 01:55:33 GMT 2024","","MULTIDIRECTIONAL","MULTIDIRECTIONAL",""
"","2","ADD-REMOVE-MATCH-S-STRINGS.10","","Mon Nov 04 00:53:03 GMT 2024","passed","Mon Nov 04 00:53:03 GMT 2024","","SPACES","SPACES",""
"","5000","debugging.hyperon_experimental_issue_481","","Mon Nov 04 00:36:03 GMT 2024","passed","Mon Nov 04 00:36:08 GMT 2024","","WHOLE-TESTS","WHOLE-TESTS",""
"","12","00-LANG-CASE.11","","Mon Nov 04 00:37:43 GMT 2024","passed","Mon Nov 04 00:37:43 GMT 2024","","HYPERON-METTALOG-SANITY","HYPERON-METTALOG-SANITY",""
"","2","DEDUCTIONFORMULATEST.10","","Mon Nov 04 01:16:38 GMT 2024","passed","Mon Nov 04 01:16:38 GMT 2024","","FORMULA","FORMULA",""
"","149","NATSIMPLETEST.01","","Mon Nov 04 01:19:01 GMT 2024","failed","Mon Nov 04 01:19:01 GMT 2024","","HOL","HOL",""
"","2","D4-TYPE-PROP.02","","Mon Nov 04 00:36:07 GMT 2024","passed","Mon Nov 04 00:36:07 GMT 2024","","HYPERON-EXPERIMENTAL-SCRIPTS","HYPERON-EXPERIMENTAL-SCRIPTS",""
"","2","D3-DEPTYPES.02","","Mon Nov 04 01:12:10 GMT 2024","passed","Mon Nov 04 01:12:10 GMT 2024","","CHECK-TYPES","CHECK-TYPES",""
"","4000","chaining.parent_go_1","","Mon Nov 04 00:36:03 GMT 2024","passed","Mon Nov 04 00:36:07 GMT 2024","","WHOLE-TESTS","WHOLE-TESTS",""
"","5","F1-IMPORTS.02","","Mon Nov 04 00:45:46 GMT 2024","passed","Mon Nov 04 00:45:46 GMT 2024","","QUICK","QUICK",""
"","63","B5-TYPES-PRELIM.02","","Mon Nov 04 01:11:50 GMT 2024","failed","Mon Nov 04 01:11:50 GMT 2024","","CHECK-TYPES-TEMP","CHECK-TYPES-TEMP",""
"","1","D1-GADT.08","","Mon Nov 04 00:36:07 GMT 2024","passed","Mon Nov 04 00:36:07 GMT 2024","","HYPERON-EXPERIMENTAL-SCRIPTS","HYPERON-EXPERIMENTAL-SCRIPTS",""
"","2","E2-STATES.02","","Mon Nov 04 00:36:07 GMT 2024","passed","Mon Nov 04 00:36:07 GMT 2024","","HYPERON-EXPERIMENTAL-SCRIPTS","HYPERON-EXPERIMENTAL-SCRIPTS",""
"","2","TESTS0.03","","Mon Nov 04 00:41:36 GMT 2024","passed","Mon Nov 04 00:41:36 GMT 2024","","METTA-MORPH-TESTS","METTA-MORPH-TESTS",""
"","2","D2-HIGHERFUNC.03","","Mon Nov 04 00:36:07 GMT 2024","passed","Mon Nov 04 00:36:07 GMT 2024","","HYPERON-EXPERIMENTAL-SCRIPTS","HYPERON-EXPERIMENTAL-SCRIPTS",""
"","2","B5-TYPES-PRELIM.20","","Mon Nov 04 00:36:07 GMT 2024","passed","Mon Nov 04 00:36:07 GMT 2024","","HYPERON-EXPERIMENTAL-SCRIPTS","HYPERON-EXPERIMENTAL-SCRIPTS",""
"","3","INTERSECTION-TESTS.26","","Mon Nov 04 00:37:43 GMT 2024","passed","Mon Nov 04 00:37:43 GMT 2024","","HYPERON-METTALOG-SANITY","HYPERON-METTALOG-SANITY",""
"","2","E2-STATES.05","","Mon Nov 04 01:12:10 GMT 2024","passed","Mon Nov 04 01:12:10 GMT 2024","","CHECK-TYPES","CHECK-TYPES",""
"","64","INF-CTL-MONTH-XP-SHORT-1.02","","Mon Nov 04 02:04:14 GMT 2024","failed","Mon Nov 04 02:04:14 GMT 2024","","COMPARISONS","COMPARISONS",""
"","6000","dependent-types.ModusPonensDTLTest","","Mon Nov 04 00:36:03 GMT 2024","passed","Mon Nov 04 00:36:09 GMT 2024","","WHOLE-TESTS","WHOLE-TESTS",""
"","4000","walk_thru.bchain_comp","","Mon Nov 04 00:36:03 GMT 2024","passed","Mon Nov 04 00:36:07 GMT 2024","","WHOLE-TESTS","WHOLE-TESTS",""
"","50","DEFINE-IF-LIKE.01","","Mon Nov 04 01:47:48 GMT 2024","failed","Mon Nov 04 01:47:48 GMT 2024","","DIRECT-COMP","DIRECT-COMP",""
"","2","TEST-IF-CLOSED.01","","Mon Nov 04 01:49:17 GMT 2024","passed","Mon Nov 04 01:49:17 GMT 2024","","WALK-THRU","WALK-THRU",""
"","48","OR-TEST.02","","Mon Nov 04 00:37:43 GMT 2024","failed","Mon Nov 04 00:37:43 GMT 2024","","HYPERON-METTALOG-SANITY","HYPERON-METTALOG-SANITY",""
"","54","B5-TYPES-PRELIM.14","","Mon Nov 04 01:11:50 GMT 2024","failed","Mon Nov 04 01:11:50 GMT 2024","","CHECK-TYPES-TEMP","CHECK-TYPES-TEMP",""
"","9000","iterative-chaining.ibc-xp","","Mon Nov 04 00:36:03 GMT 2024","passed","Mon Nov 04 00:36:12 GMT 2024","","WHOLE-TESTS","WHOLE-TESTS",""
"","61","STDLIB-METTALOG-TEST-PT2.23","","Mon Nov 04 00:55:08 GMT 2024","failed","Mon Nov 04 00:55:08 GMT 2024","","STDLIB-METTALOG","STDLIB-METTALOG",""
"","3","TESTS5.01","","Mon Nov 04 01:31:03 GMT 2024","passed","Mon Nov 04 01:31:03 GMT 2024","","CURRENT","CURRENT",""
"","3","D4-TYPE-PROP.10","","Mon Nov 04 00:36:07 GMT 2024","passed","Mon Nov 04 00:36:07 GMT 2024","","HYPERON-EXPERIMENTAL-SCRIPTS","HYPERON-EXPERIMENTAL-SCRIPTS",""
"","81","IMPL-METTALOGTESTCURRIED.09","","Mon Nov 04 01:49:17 GMT 2024","passed","Mon Nov 04 01:49:17 GMT 2024","","WALK-THRU","WALK-THRU",""
"","2","IBC-XP.19","","Mon Nov 04 01:22:13 GMT 2024","passed","Mon Nov 04 01:22:13 GMT 2024","","ITERATIVE-CHAINING","ITERATIVE-CHAINING",""
"","2","IBC-XP.32","","Mon Nov 04 01:22:13 GMT 2024","passed","Mon Nov 04 01:22:13 GMT 2024","","ITERATIVE-CHAINING","ITERATIVE-CHAINING",""
"","6000","chaining.pln-xp-local_v2","","Mon Nov 04 00:36:03 GMT 2024","passed","Mon Nov 04 00:36:09 GMT 2024","","WHOLE-TESTS","WHOLE-TESTS",""
"","2","IFC-XP.18","","Mon Nov 04 01:22:13 GMT 2024","passed","Mon Nov 04 01:22:13 GMT 2024","","ITERATIVE-CHAINING","ITERATIVE-CHAINING",""
"","2","C2-SPACES.03","","Mon Nov 04 00:36:07 GMT 2024","passed","Mon Nov 04 00:36:07 GMT 2024","","HYPERON-EXPERIMENTAL-SCRIPTS","HYPERON-EXPERIMENTAL-SCRIPTS",""
"","2","BACKWARD-CHAINER-XP.40","","Mon Nov 04 01:15:59 GMT 2024","passed","Mon Nov 04 01:15:59 GMT 2024","","BACKWARD-CHAINER","BACKWARD-CHAINER",""
"","4000","dependent-types.MinerDTLTest","","Mon Nov 04 00:36:03 GMT 2024","passed","Mon Nov 04 00:36:07 GMT 2024","","WHOLE-TESTS","WHOLE-TESTS",""
"","3","SYNTHESIZE-VIA-TYPE-CHECKING.09","","Mon Nov 04 01:26:50 GMT 2024","passed","Mon Nov 04 01:26:50 GMT 2024","","EXPERIMENTS","EXPERIMENTS",""
"","2","BC-XP.12","","Mon Nov 04 01:16:05 GMT 2024","passed","Mon Nov 04 01:16:05 GMT 2024","","BACKWARD-CHAINING","BACKWARD-CHAINING",""
"","6000","main-branch.minnars_Prev","","Mon Nov 04 00:36:03 GMT 2024","passed","Mon Nov 04 00:36:09 GMT 2024","","WHOLE-TESTS","WHOLE-TESTS",""
"","2","PC-XP.12","","Mon Nov 04 01:24:57 GMT 2024","passed","Mon Nov 04 01:24:57 GMT 2024","","POLYWARD-CHAINING","POLYWARD-CHAINING",""
"","46","IMPLICATIONDIRECTINTRODUCTIONDTLTEST.07","","Mon Nov 04 01:14:52 GMT 2024","failed","Mon Nov 04 01:14:52 GMT 2024","","DEPENDENT-TYPES","DEPENDENT-TYPES",""
"","2","C1-GROUNDED-BASIC.18","","Mon Nov 04 00:45:46 GMT 2024","passed","Mon Nov 04 00:45:46 GMT 2024","","QUICK","QUICK",""
"","7000","basic.hanoi-one-space","","Mon Nov 04 00:36:03 GMT 2024","passed","Mon Nov 04 00:36:10 GMT 2024","","WHOLE-TESTS","WHOLE-TESTS",""
"","2","IBC-XP.11","","Mon Nov 04 01:22:13 GMT 2024","passed","Mon Nov 04 01:22:13 GMT 2024","","ITERATIVE-CHAINING","ITERATIVE-CHAINING",""
"","2","TYPES-PRELIM.18","","Mon Nov 04 00:50:44 GMT 2024","passed","Mon Nov 04 00:50:44 GMT 2024","","CHAINING","CHAINING",""
"","2","00-LANG-CASE.09","","Mon Nov 04 00:37:43 GMT 2024","passed","Mon Nov 04 00:37:43 GMT 2024","","HYPERON-METTALOG-SANITY","HYPERON-METTALOG-SANITY",""
"","15","D1-GADT.13","","Mon Nov 04 01:12:10 GMT 2024","passed","Mon Nov 04 01:12:10 GMT 2024","","CHECK-TYPES","CHECK-TYPES",""
"","144","B5-TYPES-PRELIM.08","","Mon Nov 04 00:36:07 GMT 2024","failed","Mon Nov 04 00:36:07 GMT 2024","","HYPERON-EXPERIMENTAL-SCRIPTS","HYPERON-EXPERIMENTAL-SCRIPTS",""
"","86","INF-ORDER-PROBS.03","","Mon Nov 04 01:03:54 GMT 2024","failed","Mon Nov 04 01:03:54 GMT 2024","","PROB-DEP-TYPES","PROB-DEP-TYPES",""
"","3","STDLIB-METTALOG-TEST-PT2.28","","Mon Nov 04 00:55:08 GMT 2024","passed","Mon Nov 04 00:55:08 GMT 2024","","STDLIB-METTALOG","STDLIB-METTALOG",""
"","2","F1-MODULEA.03","","Mon Nov 04 00:35:58 GMT 2024","passed","Mon Nov 04 00:35:58 GMT 2024","","MODULE-SYSTEM","MODULE-SYSTEM",""
"","3","FORWARD-CHAINER-XP.08","","Mon Nov 04 01:18:45 GMT 2024","passed","Mon Nov 04 01:18:45 GMT 2024","","FORWARD-CHAINER","FORWARD-CHAINER",""
"","2","TESTS0.02","","Mon Nov 04 01:43:55 GMT 2024","passed","Mon Nov 04 01:43:55 GMT 2024","","PREV","PREV",""
"","1172","TRAINING-BI.05","","Mon Nov 04 02:10:27 GMT 2024","passed","Mon Nov 04 02:10:28 GMT 2024","","LANGUAGE-MODELS","LANGUAGE-MODELS",""
"","46000","current.tests2","","Mon Nov 04 00:36:03 GMT 2024","failed","Mon Nov 04 00:36:49 GMT 2024","","WHOLE-TESTS","WHOLE-TESTS",""
"","3","BACKWARD-CHAINER-XP.11","","Mon Nov 04 01:15:59 GMT 2024","passed","Mon Nov 04 01:15:59 GMT 2024","","BACKWARD-CHAINER","BACKWARD-CHAINER",""
"","2","INF-CTL-XP.18","","Mon Nov 04 01:20:12 GMT 2024","passed","Mon Nov 04 01:20:12 GMT 2024","","INFERENCE-CONTROL","INFERENCE-CONTROL",""
"","3","LOCATED-TEST.01","","Mon Nov 04 01:25:52 GMT 2024","passed","Mon Nov 04 01:25:52 GMT 2024","","LOCATED","LOCATED",""
"","2","D2-HIGHERFUNC.04","","Mon Nov 04 00:36:07 GMT 2024","passed","Mon Nov 04 00:36:07 GMT 2024","","HYPERON-EXPERIMENTAL-SCRIPTS","HYPERON-EXPERIMENTAL-SCRIPTS",""
"","4","SHOW-TYPE.06","","Mon Nov 04 00:52:48 GMT 2024","passed","Mon Nov 04 00:52:48 GMT 2024","","INTROSPECT","INTROSPECT",""
"","101","NUMTEST.07","","Mon Nov 04 01:16:14 GMT 2024","failed","Mon Nov 04 01:16:14 GMT 2024","","COMMON","COMMON",""
"","4000","hyperon-experimental_scripts.f1_moduleA","","Mon Nov 04 00:36:03 GMT 2024","passed","Mon Nov 04 00:36:07 GMT 2024","","WHOLE-TESTS","WHOLE-TESTS",""
"","2","F1-IMPORTS.11","","Mon Nov 04 00:36:07 GMT 2024","passed","Mon Nov 04 00:36:07 GMT 2024","","HYPERON-EXPERIMENTAL-SCRIPTS","HYPERON-EXPERIMENTAL-SCRIPTS",""
"","75","ADD-REMOVE-MATCH-FLOAT.16","","Mon Nov 04 00:53:03 GMT 2024","failed","Mon Nov 04 00:53:03 GMT 2024","","SPACES","SPACES",""
"","23","SHOW-TYPE.09","","Mon Nov 04 00:52:48 GMT 2024","passed","Mon Nov 04 00:52:48 GMT 2024","","INTROSPECT","INTROSPECT",""
"","2","TYPES2.04","","Mon Nov 04 00:41:36 GMT 2024","passed","Mon Nov 04 00:41:36 GMT 2024","","METTA-MORPH-TESTS","METTA-MORPH-TESTS",""
"","47","IMPLICATIONDIRECTINTRODUCTIONDTLTEST.15","","Mon Nov 04 01:14:52 GMT 2024","failed","Mon Nov 04 01:14:52 GMT 2024","","DEPENDENT-TYPES","DEPENDENT-TYPES",""
"","2","IOIOIOI-USING-EQUALITY.05","","Mon Nov 04 01:55:33 GMT 2024","passed","Mon Nov 04 01:55:33 GMT 2024","","MULTIDIRECTIONAL","MULTIDIRECTIONAL",""
"","52","BACKWARD-CHAINER-XP.01","","Mon Nov 04 01:15:59 GMT 2024","failed","Mon Nov 04 01:15:59 GMT 2024","","BACKWARD-CHAINER","BACKWARD-CHAINER",""
"","5000","walk_thru.tmpMatch2","","Mon Nov 04 00:36:03 GMT 2024","passed","Mon Nov 04 00:36:08 GMT 2024","","WHOLE-TESTS","WHOLE-TESTS",""
"","5000","polyward-chaining.pc-xp","","Mon Nov 04 00:36:03 GMT 2024","passed","Mon Nov 04 00:36:08 GMT 2024","","WHOLE-TESTS","WHOLE-TESTS",""
"","2","TEST-IF-CLOSED.04","","Mon Nov 04 00:43:38 GMT 2024","passed","Mon Nov 04 00:43:38 GMT 2024","","ANTI-REGRESSION","ANTI-REGRESSION",""
"","3","TESTS3.01","","Mon Nov 04 00:46:15 GMT 2024","passed","Mon Nov 04 00:46:15 GMT 2024","","MAIN-BRANCH","MAIN-BRANCH",""
"","2","IFC-XP.02","","Mon Nov 04 01:22:13 GMT 2024","passed","Mon Nov 04 01:22:13 GMT 2024","","ITERATIVE-CHAINING","ITERATIVE-CHAINING",""
"","145","STDLIB-METTALOG-TEST-PT2.20","","Mon Nov 04 00:55:08 GMT 2024","failed","Mon Nov 04 00:55:08 GMT 2024","","STDLIB-METTALOG","STDLIB-METTALOG",""
"","3","IFC-XP.37","","Mon Nov 04 01:22:13 GMT 2024","passed","Mon Nov 04 01:22:13 GMT 2024","","ITERATIVE-CHAINING","ITERATIVE-CHAINING",""
"","2","BC-XP.21","","Mon Nov 04 01:16:05 GMT 2024","passed","Mon Nov 04 01:16:05 GMT 2024","","BACKWARD-CHAINING","BACKWARD-CHAINING",""
"","288","SELF-CONTAINED-SYNTHESIZE.06","","Mon Nov 04 01:26:50 GMT 2024","failed","Mon Nov 04 01:26:50 GMT 2024","","EXPERIMENTS","EXPERIMENTS",""
"","48","TYPE-PROP.55","","Mon Nov 04 01:11:50 GMT 2024","failed","Mon Nov 04 01:11:50 GMT 2024","","CHECK-TYPES-TEMP","CHECK-TYPES-TEMP",""
"","14","E3-MATCH-STATES.06","","Mon Nov 04 00:36:07 GMT 2024","failed","Mon Nov 04 00:36:07 GMT 2024","","HYPERON-EXPERIMENTAL-SCRIPTS","HYPERON-EXPERIMENTAL-SCRIPTS",""
"","2","F1-IMPORTS.17","","Mon Nov 04 00:45:46 GMT 2024","passed","Mon Nov 04 00:45:46 GMT 2024","","QUICK","QUICK",""
"","3","LISTTEST.19","","Mon Nov 04 01:16:14 GMT 2024","passed","Mon Nov 04 01:16:14 GMT 2024","","COMMON","COMMON",""
"","3","INF-CTL-MONTH-BC-CONT-XP.01","","Mon Nov 04 01:20:12 GMT 2024","passed","Mon Nov 04 01:20:12 GMT 2024","","INFERENCE-CONTROL","INFERENCE-CONTROL",""
"","2","BASIC.07","","Mon Nov 04 01:09:08 GMT 2024","passed","Mon Nov 04 01:09:08 GMT 2024","","TRAVERSER","TRAVERSER",""
"","2","F1-MODULEA.04","","Mon Nov 04 00:45:46 GMT 2024","passed","Mon Nov 04 00:45:46 GMT 2024","","QUICK","QUICK",""
"","5000","equal.DeductionEqualTest","","Mon Nov 04 00:36:03 GMT 2024","passed","Mon Nov 04 00:36:08 GMT 2024","","WHOLE-TESTS","WHOLE-TESTS",""
"","358","APPEND-USING-EQUALITY.03","","Mon Nov 04 01:55:33 GMT 2024","failed","Mon Nov 04 01:55:33 GMT 2024","","MULTIDIRECTIONAL","MULTIDIRECTIONAL",""
"","110","STDLIB-METTALOG-TEST-PT2.75","","Mon Nov 04 00:55:08 GMT 2024","failed","Mon Nov 04 00:55:08 GMT 2024","","STDLIB-METTALOG","STDLIB-METTALOG",""
"","7","GENE-PLN-XP.03","","Mon Nov 04 01:11:37 GMT 2024","passed","Mon Nov 04 01:11:37 GMT 2024","","PLN","PLN",""
"","75","TESTS1.01","","Mon Nov 04 01:40:00 GMT 2024","failed","Mon Nov 04 01:40:00 GMT 2024","","NEW","NEW",""
"","2","D4-TYPE-PROP.11","","Mon Nov 04 00:36:07 GMT 2024","passed","Mon Nov 04 00:36:07 GMT 2024","","HYPERON-EXPERIMENTAL-SCRIPTS","HYPERON-EXPERIMENTAL-SCRIPTS",""
"","4000","metta_to_amr.dep-types","","Mon Nov 04 00:36:03 GMT 2024","passed","Mon Nov 04 00:36:07 GMT 2024","","WHOLE-TESTS","WHOLE-TESTS",""
"","3","METTALOGTESTCURRIED2.01","","Mon Nov 04 01:49:17 GMT 2024","passed","Mon Nov 04 01:49:17 GMT 2024","","WALK-THRU","WALK-THRU",""
"","55","STDLIB-METTALOG-TEST-PT2.25","","Mon Nov 04 00:55:08 GMT 2024","failed","Mon Nov 04 00:55:08 GMT 2024","","STDLIB-METTALOG","STDLIB-METTALOG",""
"","99","STDLIB-METTALOG-TEST-PT2.62","","Mon Nov 04 00:55:08 GMT 2024","failed","Mon Nov 04 00:55:08 GMT 2024","","STDLIB-METTALOG","STDLIB-METTALOG",""
"","67","TYPE-PROP.60","","Mon Nov 04 01:11:50 GMT 2024","failed","Mon Nov 04 01:11:50 GMT 2024","","CHECK-TYPES-TEMP","CHECK-TYPES-TEMP",""
"","2","STATE-TYPES.13","","Mon Nov 04 01:57:54 GMT 2024","passed","Mon Nov 04 01:57:54 GMT 2024","","BASIC","BASIC",""
"","709","IBC-XP.24","","Mon Nov 04 01:22:13 GMT 2024","passed","Mon Nov 04 01:22:13 GMT 2024","","ITERATIVE-CHAINING","ITERATIVE-CHAINING",""
"","5000","std.grounded_basic","","Mon Nov 04 00:36:03 GMT 2024","passed","Mon Nov 04 00:36:08 GMT 2024","","WHOLE-TESTS","WHOLE-TESTS",""
"","69","B5-TYPES-PRELIM.02","","Mon Nov 04 00:36:07 GMT 2024","failed","Mon Nov 04 00:36:07 GMT 2024","","HYPERON-EXPERIMENTAL-SCRIPTS","HYPERON-EXPERIMENTAL-SCRIPTS",""
"","3","QUERIES.03","","Mon Nov 04 01:08:27 GMT 2024","passed","Mon Nov 04 01:08:27 GMT 2024","","STRIPS-TO-METTA-IMPROVED","STRIPS-TO-METTA-IMPROVED",""
"","2","F1-IMPORTS.16","","Mon Nov 04 00:45:46 GMT 2024","passed","Mon Nov 04 00:45:46 GMT 2024","","QUICK","QUICK",""
"","2","BCHAIN-COMP.02","","Mon Nov 04 00:43:38 GMT 2024","passed","Mon Nov 04 00:43:38 GMT 2024","","ANTI-REGRESSION","ANTI-REGRESSION",""
"","3","STDLIB-METTALOG-TEST-PT2.61","","Mon Nov 04 00:55:08 GMT 2024","passed","Mon Nov 04 00:55:08 GMT 2024","","STDLIB-METTALOG","STDLIB-METTALOG",""
"","3","IFC-XP.40","","Mon Nov 04 01:22:13 GMT 2024","passed","Mon Nov 04 01:22:13 GMT 2024","","ITERATIVE-CHAINING","ITERATIVE-CHAINING",""
"","2","SEQUENTIAL-NESTED.09","","Mon Nov 04 00:41:36 GMT 2024","passed","Mon Nov 04 00:41:36 GMT 2024","","METTA-MORPH-TESTS","METTA-MORPH-TESTS",""
"","2","ADD-REMOVE-MATCH-SYMBOLS.03","","Mon Nov 04 00:53:03 GMT 2024","passed","Mon Nov 04 00:53:03 GMT 2024","","SPACES","SPACES",""
"","3","00-LANG-CASE.01","","Mon Nov 04 00:37:43 GMT 2024","passed","Mon Nov 04 00:37:43 GMT 2024","","HYPERON-METTALOG-SANITY","HYPERON-METTALOG-SANITY",""
"","4000","hyperon-experimental_scripts.d3_deptypes","","Mon Nov 04 00:36:03 GMT 2024","passed","Mon Nov 04 00:36:07 GMT 2024","","WHOLE-TESTS","WHOLE-TESTS",""
"","2","FC-XP.18","","Mon Nov 04 01:18:55 GMT 2024","passed","Mon Nov 04 01:18:55 GMT 2024","","FORWARD-CHAINING","FORWARD-CHAINING",""
"","3","IFC-XP.38","","Mon Nov 04 01:22:13 GMT 2024","passed","Mon Nov 04 01:22:13 GMT 2024","","ITERATIVE-CHAINING","ITERATIVE-CHAINING",""
"","2","OR-TEST.09","","Mon Nov 04 00:37:43 GMT 2024","passed","Mon Nov 04 00:37:43 GMT 2024","","HYPERON-METTALOG-SANITY","HYPERON-METTALOG-SANITY",""
"","2","IFC-XP.04","","Mon Nov 04 01:22:13 GMT 2024","passed","Mon Nov 04 01:22:13 GMT 2024","","ITERATIVE-CHAINING","ITERATIVE-CHAINING",""
"","3","A1-SYMBOLS.01","","Mon Nov 04 00:36:07 GMT 2024","passed","Mon Nov 04 00:36:07 GMT 2024","","HYPERON-EXPERIMENTAL-SCRIPTS","HYPERON-EXPERIMENTAL-SCRIPTS",""
"","2","B5-TYPES-PRELIM.13","","Mon Nov 04 00:36:07 GMT 2024","passed","Mon Nov 04 00:36:07 GMT 2024","","HYPERON-EXPERIMENTAL-SCRIPTS","HYPERON-EXPERIMENTAL-SCRIPTS",""
"","2","B5-TYPES-PRELIM.21","","Mon Nov 04 01:11:50 GMT 2024","passed","Mon Nov 04 01:11:50 GMT 2024","","CHECK-TYPES-TEMP","CHECK-TYPES-TEMP",""
"","2","TMPMATCH2.03","","Mon Nov 04 01:49:17 GMT 2024","passed","Mon Nov 04 01:49:17 GMT 2024","","WALK-THRU","WALK-THRU",""
"","2","INTERSECTION-TESTS.10","","Mon Nov 04 00:37:43 GMT 2024","passed","Mon Nov 04 00:37:43 GMT 2024","","HYPERON-METTALOG-SANITY","HYPERON-METTALOG-SANITY",""
"","297","SELF-CONTAINED-SYNTHESIZE.03","","Mon Nov 04 01:26:50 GMT 2024","failed","Mon Nov 04 01:26:50 GMT 2024","","EXPERIMENTS","EXPERIMENTS",""
"","2","06-MATCH-IN-SPACE.04","","Mon Nov 04 00:37:43 GMT 2024","passed","Mon Nov 04 00:37:43 GMT 2024","","HYPERON-METTALOG-SANITY","HYPERON-METTALOG-SANITY",""
"","40000","SICP_book.chapter_2_2","","Mon Nov 04 00:36:03 GMT 2024","failed","Mon Nov 04 00:36:43 GMT 2024","","WHOLE-TESTS","WHOLE-TESTS",""
"","1","F1-MODULEA.09","","Mon Nov 04 00:45:46 GMT 2024","passed","Mon Nov 04 00:45:46 GMT 2024","","QUICK","QUICK",""
"","126","PROB-DEP-TYPES.05","","Mon Nov 04 01:03:54 GMT 2024","passed","Mon Nov 04 01:03:54 GMT 2024","","PROB-DEP-TYPES","PROB-DEP-TYPES",""
"","2","NONDETERM.03","","Mon Nov 04 00:53:44 GMT 2024","passed","Mon Nov 04 00:53:44 GMT 2024","","STD","STD",""
"","3","INF-CTL-MONTH-BC-CONT-XP.26","","Mon Nov 04 01:20:12 GMT 2024","passed","Mon Nov 04 01:20:12 GMT 2024","","INFERENCE-CONTROL","INFERENCE-CONTROL",""
"","3","IOIOIOI.04","","Mon Nov 04 01:55:33 GMT 2024","passed","Mon Nov 04 01:55:33 GMT 2024","","MULTIDIRECTIONAL","MULTIDIRECTIONAL",""
"","3","ORDEREDSETTEST.01","","Mon Nov 04 01:16:14 GMT 2024","passed","Mon Nov 04 01:16:14 GMT 2024","","COMMON","COMMON",""
"","48","IMPLICATIONDIRECTINTRODUCTIONDTLTEST.11","","Mon Nov 04 01:14:52 GMT 2024","failed","Mon Nov 04 01:14:52 GMT 2024","","DEPENDENT-TYPES","DEPENDENT-TYPES",""
"","45000","bio-atomspace.pln-xp","","Mon Nov 04 00:36:03 GMT 2024","failed","Mon Nov 04 00:36:48 GMT 2024","","WHOLE-TESTS","WHOLE-TESTS",""
"","2","CHAPTER-2-4.12","","Mon Nov 04 00:55:17 GMT 2024","passed","Mon Nov 04 00:55:17 GMT 2024","","SICP-BOOK","SICP-BOOK",""
"","2","STDLIB-METTALOG-TEST-PT2.27","","Mon Nov 04 00:55:08 GMT 2024","passed","Mon Nov 04 00:55:08 GMT 2024","","STDLIB-METTALOG","STDLIB-METTALOG",""
"","2","D2-HIGHERFUNC.19","","Mon Nov 04 00:45:46 GMT 2024","passed","Mon Nov 04 00:45:46 GMT 2024","","QUICK","QUICK",""
"","2","CHAPTER-1-1.06","","Mon Nov 04 00:55:17 GMT 2024","passed","Mon Nov 04 00:55:17 GMT 2024","","SICP-BOOK","SICP-BOOK",""
"","2","IMPL-METTALOGTESTCURRIED.02","","Mon Nov 04 01:49:17 GMT 2024","passed","Mon Nov 04 01:49:17 GMT 2024","","WALK-THRU","WALK-THRU",""
"","3","00A-LANG-COMPILED-CASE.02","","Mon Nov 04 01:47:48 GMT 2024","passed","Mon Nov 04 01:47:48 GMT 2024","","DIRECT-COMP","DIRECT-COMP",""
"","3","00-LANG-CASE.13","","Mon Nov 04 00:37:43 GMT 2024","passed","Mon Nov 04 00:37:43 GMT 2024","","HYPERON-METTALOG-SANITY","HYPERON-METTALOG-SANITY",""
"","52","STDLIB-METTALOG-TEST-PT2.43","","Mon Nov 04 00:55:08 GMT 2024","failed","Mon Nov 04 00:55:08 GMT 2024","","STDLIB-METTALOG","STDLIB-METTALOG",""
"","228","NATTEST.06","","Mon Nov 04 01:19:01 GMT 2024","failed","Mon Nov 04 01:19:01 GMT 2024","","HOL","HOL",""
"","2","ADD-REMOVE-MATCH-FLOAT.04","","Mon Nov 04 00:53:03 GMT 2024","passed","Mon Nov 04 00:53:03 GMT 2024","","SPACES","SPACES",""
"","2","IMPL-METTALOGTESTCURRIED.10","","Mon Nov 04 01:49:17 GMT 2024","passed","Mon Nov 04 01:49:17 GMT 2024","","WALK-THRU","WALK-THRU",""
"","3","ADD-REMOVE-MATCH-S-STRINGS.16","","Mon Nov 04 00:53:03 GMT 2024","passed","Mon Nov 04 00:53:03 GMT 2024","","SPACES","SPACES",""
"","24000","language_models.training","","Mon Nov 04 00:36:03 GMT 2024","passed","Mon Nov 04 00:36:27 GMT 2024","","WHOLE-TESTS","WHOLE-TESTS",""
"","4000","std.higher_order_funcs","","Mon Nov 04 00:36:03 GMT 2024","passed","Mon Nov 04 00:36:07 GMT 2024","","WHOLE-TESTS","WHOLE-TESTS",""
"","2","LISTTEST.12","","Mon Nov 04 01:16:14 GMT 2024","passed","Mon Nov 04 01:16:14 GMT 2024","","COMMON","COMMON",""
"","2","DEBUG-METTALOGTESTCURRIED.08","","Mon Nov 04 01:49:17 GMT 2024","passed","Mon Nov 04 01:49:17 GMT 2024","","WALK-THRU","WALK-THRU",""
"","9","05-MATCH-SUPERPOSE-ELEMENT-LIKE-SPACE.02","","Mon Nov 04 01:52:29 GMT 2024","failed","Mon Nov 04 01:52:29 GMT 2024","","CONTAINERS-ARE-SPACES","CONTAINERS-ARE-SPACES",""
"","2","BC-XP.15","","Mon Nov 04 01:16:05 GMT 2024","passed","Mon Nov 04 01:16:05 GMT 2024","","BACKWARD-CHAINING","BACKWARD-CHAINING",""
"","4000","metta-morph_tests.nested_parameters","","Mon Nov 04 00:36:03 GMT 2024","passed","Mon Nov 04 00:36:07 GMT 2024","","WHOLE-TESTS","WHOLE-TESTS",""
"","14","CREATE-SERVER.02","","Mon Nov 04 01:53:39 GMT 2024","failed","Mon Nov 04 01:53:39 GMT 2024","","DISTRIBUTED-PROCESSING","DISTRIBUTED-PROCESSING",""
"","2","ADD-REMOVE-MATCH-S-STRINGS.01","","Mon Nov 04 00:53:03 GMT 2024","passed","Mon Nov 04 00:53:03 GMT 2024","","SPACES","SPACES",""
"","3","B3-DIRECT.01","","Mon Nov 04 00:36:07 GMT 2024","passed","Mon Nov 04 00:36:07 GMT 2024","","HYPERON-EXPERIMENTAL-SCRIPTS","HYPERON-EXPERIMENTAL-SCRIPTS",""
"","4","ORIENTATION-TEST.03","","Mon Nov 04 01:25:57 GMT 2024","passed","Mon Nov 04 01:25:57 GMT 2024","","ORIENTATION","ORIENTATION",""
"","4000","entail.ImplicationDirectIntroductionEntailTest","","Mon Nov 04 00:36:03 GMT 2024","passed","Mon Nov 04 00:36:07 GMT 2024","","WHOLE-TESTS","WHOLE-TESTS",""
"","40000","parallelism.builtins","","Mon Nov 04 00:36:03 GMT 2024","failed","Mon Nov 04 00:36:43 GMT 2024","","WHOLE-TESTS","WHOLE-TESTS",""
"","84","INF-CTL-MONTH-XP-SHORT-3.15","","Mon Nov 04 02:04:14 GMT 2024","failed","Mon Nov 04 02:04:14 GMT 2024","","COMPARISONS","COMPARISONS",""
"","3","D2-HIGHERFUNC.26","","Mon Nov 04 01:12:10 GMT 2024","passed","Mon Nov 04 01:12:10 GMT 2024","","CHECK-TYPES","CHECK-TYPES",""
"","108","USE-TWO-SERVERS.02","","Mon Nov 04 01:53:39 GMT 2024","failed","Mon Nov 04 01:53:39 GMT 2024","","DISTRIBUTED-PROCESSING","DISTRIBUTED-PROCESSING",""
"","5000","basic.pathfinding-hard-f","","Mon Nov 04 00:36:03 GMT 2024","passed","Mon Nov 04 00:36:08 GMT 2024","","WHOLE-TESTS","WHOLE-TESTS",""
"","2","ADD-REMOVE-MATCH-MIX-FLOAT-INTEGER.28","","Mon Nov 04 00:53:03 GMT 2024","passed","Mon Nov 04 00:53:03 GMT 2024","","SPACES","SPACES",""
"","40000","SICP_book.chapter_1_3","","Mon Nov 04 00:36:03 GMT 2024","failed","Mon Nov 04 00:36:43 GMT 2024","","WHOLE-TESTS","WHOLE-TESTS",""
"","1198","TESTS1-PRE.02","","Mon Nov 04 00:46:15 GMT 2024","failed","Mon Nov 04 00:46:16 GMT 2024","","MAIN-BRANCH","MAIN-BRANCH",""
"","3","CHAPTER-1-1.01","","Mon Nov 04 00:55:17 GMT 2024","passed","Mon Nov 04 00:55:17 GMT 2024","","SICP-BOOK","SICP-BOOK",""
"","2","FORWARD-CHAINER-XP.16","","Mon Nov 04 01:18:45 GMT 2024","passed","Mon Nov 04 01:18:45 GMT 2024","","FORWARD-CHAINER","FORWARD-CHAINER",""
"","123","TRUTHVALUETEST.08","","Mon Nov 04 01:16:43 GMT 2024","passed","Mon Nov 04 01:16:43 GMT 2024","","TRUTHVALUE","TRUTHVALUE",""
"","1","INTERSECTION-TESTS.02","","Mon Nov 04 00:37:43 GMT 2024","passed","Mon Nov 04 00:37:43 GMT 2024","","HYPERON-METTALOG-SANITY","HYPERON-METTALOG-SANITY",""
"","2","FIBO-AS-PRED.01","","Mon Nov 04 01:57:54 GMT 2024","passed","Mon Nov 04 01:57:54 GMT 2024","","BASIC","BASIC",""
"","1","BACKWARD-CHAINER-XP.14","","Mon Nov 04 01:15:59 GMT 2024","passed","Mon Nov 04 01:15:59 GMT 2024","","BACKWARD-CHAINER","BACKWARD-CHAINER",""
"","62","TYPES-PRELIM.21","","Mon Nov 04 00:50:44 GMT 2024","failed","Mon Nov 04 00:50:44 GMT 2024","","CHAINING","CHAINING",""
"","147","STDLIB-METTALOG-TEST-PT2.21","","Mon Nov 04 00:55:08 GMT 2024","failed","Mon Nov 04 00:55:08 GMT 2024","","STDLIB-METTALOG","STDLIB-METTALOG",""
"","209","SYNTHESIZE-VIA-UNIFY-TEST.09","","Mon Nov 04 01:26:50 GMT 2024","failed","Mon Nov 04 01:26:50 GMT 2024","","EXPERIMENTS","EXPERIMENTS",""
"","1","00A-LANG-COMPILED-CASE.10","","Mon Nov 04 01:47:48 GMT 2024","passed","Mon Nov 04 01:47:48 GMT 2024","","DIRECT-COMP","DIRECT-COMP",""
"","2","DEDUCTIONFORMULATEST.02","","Mon Nov 04 01:16:38 GMT 2024","passed","Mon Nov 04 01:16:38 GMT 2024","","FORMULA","FORMULA",""
"","3","ADD-REMOVE-MATCH-S-STRINGS.03","","Mon Nov 04 00:53:03 GMT 2024","passed","Mon Nov 04 00:53:03 GMT 2024","","SPACES","SPACES",""
"","3","CHAPTER-2-2.03","","Mon Nov 04 00:55:17 GMT 2024","passed","Mon Nov 04 00:55:17 GMT 2024","","SICP-BOOK","SICP-BOOK",""
"","1","BCHAIN-COMP.05","","Mon Nov 04 01:49:17 GMT 2024","passed","Mon Nov 04 01:49:17 GMT 2024","","WALK-THRU","WALK-THRU",""
"","2","C1-GROUNDED-BASIC.11","","Mon Nov 04 00:36:07 GMT 2024","passed","Mon Nov 04 00:36:07 GMT 2024","","HYPERON-EXPERIMENTAL-SCRIPTS","HYPERON-EXPERIMENTAL-SCRIPTS",""
"","8","C3-PLN-STV.04","","Mon Nov 04 00:36:07 GMT 2024","passed","Mon Nov 04 00:36:07 GMT 2024","","HYPERON-EXPERIMENTAL-SCRIPTS","HYPERON-EXPERIMENTAL-SCRIPTS",""
"","5000","nars_extras.NARS_BuildTupleCounts","","Mon Nov 04 00:36:03 GMT 2024","passed","Mon Nov 04 00:36:08 GMT 2024","","WHOLE-TESTS","WHOLE-TESTS",""
"","5","EVIDENTIALTRUTHVALUETEST.04","","Mon Nov 04 01:16:43 GMT 2024","passed","Mon Nov 04 01:16:43 GMT 2024","","TRUTHVALUE","TRUTHVALUE",""
"","5000","logic.puzzle","","Mon Nov 04 00:36:03 GMT 2024","passed","Mon Nov 04 00:36:08 GMT 2024","","WHOLE-TESTS","WHOLE-TESTS",""
"","3","BACKWARD-CHAINER-XP.09","","Mon Nov 04 01:15:59 GMT 2024","passed","Mon Nov 04 01:15:59 GMT 2024","","BACKWARD-CHAINER","BACKWARD-CHAINER",""
"","2","METTALOGTESTCURRIED2.05","","Mon Nov 04 00:43:38 GMT 2024","passed","Mon Nov 04 00:43:38 GMT 2024","","ANTI-REGRESSION","ANTI-REGRESSION",""
"","2","SYNTHESIZE-VIA-SUPERPOSE.04","","Mon Nov 04 01:26:50 GMT 2024","passed","Mon Nov 04 01:26:50 GMT 2024","","EXPERIMENTS","EXPERIMENTS",""
"","41000","SICP_book.chapter_2_1","","Mon Nov 04 00:36:03 GMT 2024","failed","Mon Nov 04 00:36:44 GMT 2024","","WHOLE-TESTS","WHOLE-TESTS",""
"","3","QUERIES.04","","Mon Nov 04 01:08:27 GMT 2024","passed","Mon Nov 04 01:08:27 GMT 2024","","STRIPS-TO-METTA-IMPROVED","STRIPS-TO-METTA-IMPROVED",""
"","3","F1-IMPORTS.01","","Mon Nov 04 00:45:46 GMT 2024","passed","Mon Nov 04 00:45:46 GMT 2024","","QUICK","QUICK",""
"","2","TYPE-PROP.28","","Mon Nov 04 01:11:50 GMT 2024","passed","Mon Nov 04 01:11:50 GMT 2024","","CHECK-TYPES-TEMP","CHECK-TYPES-TEMP",""
"","1341","TESTS3.02","","Mon Nov 04 00:46:15 GMT 2024","failed","Mon Nov 04 00:46:16 GMT 2024","","MAIN-BRANCH","MAIN-BRANCH",""
"","6000","nars_extras.RUN_minnars_trimmed","","Mon Nov 04 00:36:03 GMT 2024","passed","Mon Nov 04 00:36:09 GMT 2024","","WHOLE-TESTS","WHOLE-TESTS",""
"","2","B5-TYPES-PRELIM.10","","Mon Nov 04 01:11:50 GMT 2024","passed","Mon Nov 04 01:11:50 GMT 2024","","CHECK-TYPES-TEMP","CHECK-TYPES-TEMP",""
"","2","IMPL-METTALOGTESTCURRIED.01","","Mon Nov 04 01:49:17 GMT 2024","passed","Mon Nov 04 01:49:17 GMT 2024","","WALK-THRU","WALK-THRU",""
"","4","CHAPTER-2-2.10","","Mon Nov 04 00:55:17 GMT 2024","passed","Mon Nov 04 00:55:17 GMT 2024","","SICP-BOOK","SICP-BOOK",""
"","2","E1-KB-WRITE.02","","Mon Nov 04 00:36:07 GMT 2024","passed","Mon Nov 04 00:36:07 GMT 2024","","HYPERON-EXPERIMENTAL-SCRIPTS","HYPERON-EXPERIMENTAL-SCRIPTS",""
"","14","MATCH-VOID.05","","Mon Nov 04 00:41:36 GMT 2024","passed","Mon Nov 04 00:41:36 GMT 2024","","METTA-MORPH-TESTS","METTA-MORPH-TESTS",""
"","2","B1-EQUAL-CHAIN.06","","Mon Nov 04 00:36:07 GMT 2024","passed","Mon Nov 04 00:36:07 GMT 2024","","HYPERON-EXPERIMENTAL-SCRIPTS","HYPERON-EXPERIMENTAL-SCRIPTS",""
"","2","NAIVE-FIB.02","","Mon Nov 04 02:04:14 GMT 2024","passed","Mon Nov 04 02:04:14 GMT 2024","","COMPARISONS","COMPARISONS",""
"","62","STDLIB-METTALOG-TEST-PT2.74","","Mon Nov 04 00:55:08 GMT 2024","failed","Mon Nov 04 00:55:08 GMT 2024","","STDLIB-METTALOG","STDLIB-METTALOG",""
"","3","B5-TYPES-PRELIM.07","","Mon Nov 04 01:11:50 GMT 2024","passed","Mon Nov 04 01:11:50 GMT 2024","","CHECK-TYPES-TEMP","CHECK-TYPES-TEMP",""
"","671","TESTS0.07","","Mon Nov 04 01:43:55 GMT 2024","passed","Mon Nov 04 01:43:55 GMT 2024","","PREV","PREV",""
"","12","TYPE-PROP.59","","Mon Nov 04 01:11:50 GMT 2024","failed","Mon Nov 04 01:11:50 GMT 2024","","CHECK-TYPES-TEMP","CHECK-TYPES-TEMP",""
"","2","SYNTHESIZE-VIA-TYPE-CHECKING.04","","Mon Nov 04 01:26:50 GMT 2024","passed","Mon Nov 04 01:26:50 GMT 2024","","EXPERIMENTS","EXPERIMENTS",""
"","3","TYPE-PROP.17","","Mon Nov 04 01:11:50 GMT 2024","passed","Mon Nov 04 01:11:50 GMT 2024","","CHECK-TYPES-TEMP","CHECK-TYPES-TEMP",""
"","111","TYPE-PROP.74","","Mon Nov 04 01:11:50 GMT 2024","failed","Mon Nov 04 01:11:50 GMT 2024","","CHECK-TYPES-TEMP","CHECK-TYPES-TEMP",""
"","2","FORWARD-CHAINER-TEST.12","","Mon Nov 04 01:18:45 GMT 2024","passed","Mon Nov 04 01:18:45 GMT 2024","","FORWARD-CHAINER","FORWARD-CHAINER",""
"","2","CHAPTER-1-2.03","","Mon Nov 04 00:55:17 GMT 2024","passed","Mon Nov 04 00:55:17 GMT 2024","","SICP-BOOK","SICP-BOOK",""
"","3","CURRIED-CHAINER.06","","Mon Nov 04 01:16:52 GMT 2024","passed","Mon Nov 04 01:16:52 GMT 2024","","CURRIED-CHAINING","CURRIED-CHAINING",""
"","2","C1-GROUNDED-BASIC.11","","Mon Nov 04 00:45:46 GMT 2024","passed","Mon Nov 04 00:45:46 GMT 2024","","QUICK","QUICK",""
"","3612","TRAINING.03","","Mon Nov 04 02:10:27 GMT 2024","passed","Mon Nov 04 02:10:30 GMT 2024","","LANGUAGE-MODELS","LANGUAGE-MODELS",""
"","2","D2-HIGHERFUNC.16","","Mon Nov 04 00:45:46 GMT 2024","passed","Mon Nov 04 00:45:46 GMT 2024","","QUICK","QUICK",""
"","2","TYPE-PROP.39","","Mon Nov 04 01:11:50 GMT 2024","passed","Mon Nov 04 01:11:50 GMT 2024","","CHECK-TYPES-TEMP","CHECK-TYPES-TEMP",""
"","2","STATE-TYPES.12","","Mon Nov 04 01:57:54 GMT 2024","passed","Mon Nov 04 01:57:54 GMT 2024","","BASIC","BASIC",""
"","40000","subtyping.subtyping-test","","Mon Nov 04 00:36:03 GMT 2024","failed","Mon Nov 04 00:36:43 GMT 2024","","WHOLE-TESTS","WHOLE-TESTS",""
"","119","ADD-REMOVE-MATCH-S-STRINGS.14","","Mon Nov 04 00:53:03 GMT 2024","passed","Mon Nov 04 00:53:03 GMT 2024","","SPACES","SPACES",""
"","2","STRING-TESTS.09","","Mon Nov 04 00:37:43 GMT 2024","passed","Mon Nov 04 00:37:43 GMT 2024","","HYPERON-METTALOG-SANITY","HYPERON-METTALOG-SANITY",""
"","2","D1-GADT.07","","Mon Nov 04 00:36:07 GMT 2024","passed","Mon Nov 04 00:36:07 GMT 2024","","HYPERON-EXPERIMENTAL-SCRIPTS","HYPERON-EXPERIMENTAL-SCRIPTS",""
"","39","STDLIB-METTALOG-TEST-PT2.04","","Mon Nov 04 00:55:08 GMT 2024","failed","Mon Nov 04 00:55:08 GMT 2024","","STDLIB-METTALOG","STDLIB-METTALOG",""
"","1","C1-GROUNDED-BASIC.17","","Mon Nov 04 00:36:07 GMT 2024","passed","Mon Nov 04 00:36:07 GMT 2024","","HYPERON-EXPERIMENTAL-SCRIPTS","HYPERON-EXPERIMENTAL-SCRIPTS",""
"","40000","debugging.hyperon_experimental_issue_530","","Mon Nov 04 00:36:03 GMT 2024","failed","Mon Nov 04 00:36:43 GMT 2024","","WHOLE-TESTS","WHOLE-TESTS",""
"","1","HYPERPOSING.02","","Mon Nov 04 01:57:54 GMT 2024","passed","Mon Nov 04 01:57:54 GMT 2024","","BASIC","BASIC",""
"","73","B5-TYPES-PRELIM.24","","Mon Nov 04 01:11:50 GMT 2024","failed","Mon Nov 04 01:11:50 GMT 2024","","CHECK-TYPES-TEMP","CHECK-TYPES-TEMP",""
"","4000","chaining.type_prop","","Mon Nov 04 00:36:03 GMT 2024","passed","Mon Nov 04 00:36:07 GMT 2024","","WHOLE-TESTS","WHOLE-TESTS",""
"","13","IMPLICATIONDIRECTINTRODUCTIONENTAILTEST.04","","Mon Nov 04 01:18:26 GMT 2024","passed","Mon Nov 04 01:18:26 GMT 2024","","ENTAIL","ENTAIL",""
"","4000","metta-morph_tests.match_superposed_spaces","","Mon Nov 04 00:36:03 GMT 2024","passed","Mon Nov 04 00:36:07 GMT 2024","","WHOLE-TESTS","WHOLE-TESTS",""
"","2","PC-XP.03","","Mon Nov 04 01:24:57 GMT 2024","passed","Mon Nov 04 01:24:57 GMT 2024","","POLYWARD-CHAINING","POLYWARD-CHAINING",""
"","2","ADD-REMOVE-MATCH-SYMBOLS.02","","Mon Nov 04 00:53:03 GMT 2024","passed","Mon Nov 04 00:53:03 GMT 2024","","SPACES","SPACES",""
"","3","ORIENTATION-TEST.01","","Mon Nov 04 01:25:57 GMT 2024","passed","Mon Nov 04 01:25:57 GMT 2024","","ORIENTATION","ORIENTATION",""
"","477","PC-XP.15","","Mon Nov 04 01:24:57 GMT 2024","failed","Mon Nov 04 01:24:57 GMT 2024","","POLYWARD-CHAINING","POLYWARD-CHAINING",""
"","2","AI-SERVICE-COMPOSITION-SANITY.03","","Mon Nov 04 01:09:19 GMT 2024","passed","Mon Nov 04 01:09:19 GMT 2024","","AI-SERVICE","AI-SERVICE",""
"","3","MATCH-VOID.01","","Mon Nov 04 00:41:36 GMT 2024","passed","Mon Nov 04 00:41:36 GMT 2024","","METTA-MORPH-TESTS","METTA-MORPH-TESTS",""
"","3","INTERSECTION-TESTS.01","","Mon Nov 04 00:37:43 GMT 2024","passed","Mon Nov 04 00:37:43 GMT 2024","","HYPERON-METTALOG-SANITY","HYPERON-METTALOG-SANITY",""
"","1","D2-HIGHERFUNC.08","","Mon Nov 04 01:12:10 GMT 2024","passed","Mon Nov 04 01:12:10 GMT 2024","","CHECK-TYPES","CHECK-TYPES",""
"","95","SHOW-TYPE.13","","Mon Nov 04 00:52:48 GMT 2024","failed","Mon Nov 04 00:52:48 GMT 2024","","INTROSPECT","INTROSPECT",""
"","158","SYNTHESIZE-VIA-LET-TEST.09","","Mon Nov 04 01:26:50 GMT 2024","passed","Mon Nov 04 01:26:50 GMT 2024","","EXPERIMENTS","EXPERIMENTS",""
"","5000","basic.key-lookups-many","","Mon Nov 04 00:36:03 GMT 2024","passed","Mon Nov 04 00:36:08 GMT 2024","","WHOLE-TESTS","WHOLE-TESTS",""
"","4000","metta-morph_tests.types2","","Mon Nov 04 00:36:03 GMT 2024","passed","Mon Nov 04 00:36:07 GMT 2024","","WHOLE-TESTS","WHOLE-TESTS",""
"","2","C1-GROUNDED-BASIC.20","","Mon Nov 04 00:45:46 GMT 2024","passed","Mon Nov 04 00:45:46 GMT 2024","","QUICK","QUICK",""
"","2","ADD-REMOVE-MATCH-S-SYMBOLS.03","","Mon Nov 04 00:53:03 GMT 2024","passed","Mon Nov 04 00:53:03 GMT 2024","","SPACES","SPACES",""
"","2","CHAPTER-2-2.11","","Mon Nov 04 00:55:17 GMT 2024","passed","Mon Nov 04 00:55:17 GMT 2024","","SICP-BOOK","SICP-BOOK",""
"","2","TYPE-PROP.23","","Mon Nov 04 01:11:50 GMT 2024","passed","Mon Nov 04 01:11:50 GMT 2024","","CHECK-TYPES-TEMP","CHECK-TYPES-TEMP",""
"","107","BASE-TEST-REPR-PARSE-INTERSECTION.01","","Mon Nov 04 00:37:43 GMT 2024","passed","Mon Nov 04 00:37:43 GMT 2024","","HYPERON-METTALOG-SANITY","HYPERON-METTALOG-SANITY",""
"","131","SYNTHESIZE-VIA-UNIFY-TEST.10","","Mon Nov 04 01:26:50 GMT 2024","failed","Mon Nov 04 01:26:50 GMT 2024","","EXPERIMENTS","EXPERIMENTS",""
"","2","C1-GROUNDED-BASIC.02","","Mon Nov 04 00:45:46 GMT 2024","passed","Mon Nov 04 00:45:46 GMT 2024","","QUICK","QUICK",""
"","131","TESTS0.04","","Mon Nov 04 00:46:15 GMT 2024","passed","Mon Nov 04 00:46:15 GMT 2024","","MAIN-BRANCH","MAIN-BRANCH",""
"","40000","experiments.synthesize-via-case-test","","Mon Nov 04 00:36:03 GMT 2024","failed","Mon Nov 04 00:36:43 GMT 2024","","WHOLE-TESTS","WHOLE-TESTS",""
"","2","INF-CTL-MONTH-BC-CONT-XP.12","","Mon Nov 04 01:20:12 GMT 2024","passed","Mon Nov 04 01:20:12 GMT 2024","","INFERENCE-CONTROL","INFERENCE-CONTROL",""
"","2","IFC-XP.11","","Mon Nov 04 01:22:13 GMT 2024","passed","Mon Nov 04 01:22:13 GMT 2024","","ITERATIVE-CHAINING","ITERATIVE-CHAINING",""
"","5000","quick.f1_imports","","Mon Nov 04 00:36:03 GMT 2024","passed","Mon Nov 04 00:36:08 GMT 2024","","WHOLE-TESTS","WHOLE-TESTS",""
"","2","DEDUCTIONFORMULATEST.12","","Mon Nov 04 01:16:38 GMT 2024","passed","Mon Nov 04 01:16:38 GMT 2024","","FORMULA","FORMULA",""
"","5000","SICP_book.chapter_1_1","","Mon Nov 04 00:36:03 GMT 2024","passed","Mon Nov 04 00:36:08 GMT 2024","","WHOLE-TESTS","WHOLE-TESTS",""
"","2","C1-GROUNDED-BASIC.16","","Mon Nov 04 00:45:46 GMT 2024","passed","Mon Nov 04 00:45:46 GMT 2024","","QUICK","QUICK",""
"","4000","hyperon-mettalog_sanity.represent_and_parse_tests","","Mon Nov 04 00:36:03 GMT 2024","passed","Mon Nov 04 00:36:07 GMT 2024","","WHOLE-TESTS","WHOLE-TESTS",""
"","2","NATSTANDALONETEST.06","","Mon Nov 04 01:19:01 GMT 2024","passed","Mon Nov 04 01:19:01 GMT 2024","","HOL","HOL",""
"","3","A1-SYMBOLS.02","","Mon Nov 04 00:36:07 GMT 2024","passed","Mon Nov 04 00:36:07 GMT 2024","","HYPERON-EXPERIMENTAL-SCRIPTS","HYPERON-EXPERIMENTAL-SCRIPTS",""
"","1","TYPE-PROP.08","","Mon Nov 04 01:11:50 GMT 2024","passed","Mon Nov 04 01:11:50 GMT 2024","","CHECK-TYPES-TEMP","CHECK-TYPES-TEMP",""
"","2","STRING-TESTS.18","","Mon Nov 04 00:37:43 GMT 2024","passed","Mon Nov 04 00:37:43 GMT 2024","","HYPERON-METTALOG-SANITY","HYPERON-METTALOG-SANITY",""
"","2","ADD-REMOVE-MATCH-SS-SYMBOLS.09","","Mon Nov 04 00:53:03 GMT 2024","passed","Mon Nov 04 00:53:03 GMT 2024","","SPACES","SPACES",""
"","476","TESTS0.07","","Mon Nov 04 01:40:00 GMT 2024","failed","Mon Nov 04 01:40:00 GMT 2024","","NEW","NEW",""
"","2","C2-SPACES.04","","Mon Nov 04 00:36:07 GMT 2024","passed","Mon Nov 04 00:36:07 GMT 2024","","HYPERON-EXPERIMENTAL-SCRIPTS","HYPERON-EXPERIMENTAL-SCRIPTS",""
"","2","00-LANG-CASE.03","","Mon Nov 04 00:37:43 GMT 2024","passed","Mon Nov 04 00:37:43 GMT 2024","","HYPERON-METTALOG-SANITY","HYPERON-METTALOG-SANITY",""
"","2","TYPE-PROP.29","","Mon Nov 04 01:11:50 GMT 2024","passed","Mon Nov 04 01:11:50 GMT 2024","","CHECK-TYPES-TEMP","CHECK-TYPES-TEMP",""
"","2","ADD-REMOVE-MATCH-MIX-FLOAT-INTEGER.07","","Mon Nov 04 00:53:03 GMT 2024","passed","Mon Nov 04 00:53:03 GMT 2024","","SPACES","SPACES",""
"","2","SYNTHESIZE-VIA-TYPE-CHECKING.08","","Mon Nov 04 01:26:50 GMT 2024","passed","Mon Nov 04 01:26:50 GMT 2024","","EXPERIMENTS","EXPERIMENTS",""
"","4000","hyperon-experimental_scripts.c2_spaces","","Mon Nov 04 00:36:03 GMT 2024","passed","Mon Nov 04 00:36:07 GMT 2024","","WHOLE-TESTS","WHOLE-TESTS",""
"","2","D1-GADT.06","","Mon Nov 04 00:45:46 GMT 2024","passed","Mon Nov 04 00:45:46 GMT 2024","","QUICK","QUICK",""
"","2","INTERSECTION-TESTS.32","","Mon Nov 04 00:37:43 GMT 2024","passed","Mon Nov 04 00:37:43 GMT 2024","","HYPERON-METTALOG-SANITY","HYPERON-METTALOG-SANITY",""
"","2","TYPE-PROP.78","","Mon Nov 04 01:11:50 GMT 2024","passed","Mon Nov 04 01:11:50 GMT 2024","","CHECK-TYPES-TEMP","CHECK-TYPES-TEMP",""
"","4000","match.MinerMatchTest","","Mon Nov 04 00:36:03 GMT 2024","passed","Mon Nov 04 00:36:07 GMT 2024","","WHOLE-TESTS","WHOLE-TESTS",""
"","80","STATE-TYPES.08","","Mon Nov 04 01:57:54 GMT 2024","failed","Mon Nov 04 01:57:54 GMT 2024","","BASIC","BASIC",""
"","2","STATE-TYPES.21","","Mon Nov 04 01:57:54 GMT 2024","passed","Mon Nov 04 01:57:54 GMT 2024","","BASIC","BASIC",""
"","2","BC-COMP.03","","Mon Nov 04 00:43:38 GMT 2024","passed","Mon Nov 04 00:43:38 GMT 2024","","ANTI-REGRESSION","ANTI-REGRESSION",""
"","2","HIGHER-ORDER-FUNCS.10","","Mon Nov 04 00:53:44 GMT 2024","passed","Mon Nov 04 00:53:44 GMT 2024","","STD","STD",""
"","44","CHAPTER-1-1.21","","Mon Nov 04 00:55:17 GMT 2024","passed","Mon Nov 04 00:55:17 GMT 2024","","SICP-BOOK","SICP-BOOK",""
"","9","TEST-INFER-FUNCTION-APPLICATION-TYPE.10","","Mon Nov 04 01:57:54 GMT 2024","failed","Mon Nov 04 01:57:54 GMT 2024","","BASIC","BASIC",""
"","45","SUBTYPING-TEST.04","","Mon Nov 04 01:25:02 GMT 2024","passed","Mon Nov 04 01:25:02 GMT 2024","","SUBTYPING","SUBTYPING",""
"","2","TYPE-PROP.36","","Mon Nov 04 01:11:50 GMT 2024","passed","Mon Nov 04 01:11:50 GMT 2024","","CHECK-TYPES-TEMP","CHECK-TYPES-TEMP",""
"","44","FC-XP.13","","Mon Nov 04 01:18:55 GMT 2024","failed","Mon Nov 04 01:18:55 GMT 2024","","FORWARD-CHAINING","FORWARD-CHAINING",""
"","2","D1-GADT.03","","Mon Nov 04 00:45:46 GMT 2024","passed","Mon Nov 04 00:45:46 GMT 2024","","QUICK","QUICK",""
"","1","STDLIB-METTALOG-TEST-PT2.50","","Mon Nov 04 00:55:08 GMT 2024","passed","Mon Nov 04 00:55:08 GMT 2024","","STDLIB-METTALOG","STDLIB-METTALOG",""
"","42000","basic.pathfinding-hard","","Mon Nov 04 00:36:03 GMT 2024","failed","Mon Nov 04 00:36:45 GMT 2024","","WHOLE-TESTS","WHOLE-TESTS",""
"","50","DEDUCTIONDTLTEST.01","","Mon Nov 04 01:14:52 GMT 2024","failed","Mon Nov 04 01:14:52 GMT 2024","","DEPENDENT-TYPES","DEPENDENT-TYPES",""
"","1","BACKWARD-CHAINER-XP.22","","Mon Nov 04 01:15:59 GMT 2024","passed","Mon Nov 04 01:15:59 GMT 2024","","BACKWARD-CHAINER","BACKWARD-CHAINER",""
"","2","INF-CTL-MONTH-XP-SHORT-3.12","","Mon Nov 04 02:04:14 GMT 2024","passed","Mon Nov 04 02:04:14 GMT 2024","","COMPARISONS","COMPARISONS",""
"","5000","check_types.e2_states","","Mon Nov 04 00:36:03 GMT 2024","passed","Mon Nov 04 00:36:08 GMT 2024","","WHOLE-TESTS","WHOLE-TESTS",""
"","2","IFC-XP.06","","Mon Nov 04 01:22:13 GMT 2024","passed","Mon Nov 04 01:22:13 GMT 2024","","ITERATIVE-CHAINING","ITERATIVE-CHAINING",""
"","2","SUPERPOSE-NESTED.01","","Mon Nov 04 00:41:36 GMT 2024","passed","Mon Nov 04 00:41:36 GMT 2024","","METTA-MORPH-TESTS","METTA-MORPH-TESTS",""
"","3","FORWARD-CHAINER-XP.11","","Mon Nov 04 01:18:45 GMT 2024","passed","Mon Nov 04 01:18:45 GMT 2024","","FORWARD-CHAINER","FORWARD-CHAINER",""
"","13","D1-GADT.05","","Mon Nov 04 00:36:07 GMT 2024","passed","Mon Nov 04 00:36:07 GMT 2024","","HYPERON-EXPERIMENTAL-SCRIPTS","HYPERON-EXPERIMENTAL-SCRIPTS",""
"","2","SUPPORTRULEEXP.02","","Mon Nov 04 01:14:52 GMT 2024","passed","Mon Nov 04 01:14:52 GMT 2024","","DEPENDENT-TYPES","DEPENDENT-TYPES",""
"","2","TYPE-PROP.11","","Mon Nov 04 01:11:50 GMT 2024","passed","Mon Nov 04 01:11:50 GMT 2024","","CHECK-TYPES-TEMP","CHECK-TYPES-TEMP",""
"","2","F1-IMPORTS.09","","Mon Nov 04 00:35:58 GMT 2024","passed","Mon Nov 04 00:35:58 GMT 2024","","MODULE-SYSTEM","MODULE-SYSTEM",""
"","1","SYNTHESIZE-VIA-TYPE-CHECKING.07","","Mon Nov 04 01:26:50 GMT 2024","passed","Mon Nov 04 01:26:50 GMT 2024","","EXPERIMENTS","EXPERIMENTS",""
"","3","F1-IMPORTS.17","","Mon Nov 04 00:36:07 GMT 2024","passed","Mon Nov 04 00:36:07 GMT 2024","","HYPERON-EXPERIMENTAL-SCRIPTS","HYPERON-EXPERIMENTAL-SCRIPTS",""
"","2","APPEND.05","","Mon Nov 04 01:55:33 GMT 2024","passed","Mon Nov 04 01:55:33 GMT 2024","","MULTIDIRECTIONAL","MULTIDIRECTIONAL",""
"","816","JOHN-CARRY-FLOWER-TEST.05","","Mon Nov 04 01:25:43 GMT 2024","failed","Mon Nov 04 01:25:43 GMT 2024","","JOHN-CARRY-FLOWER","JOHN-CARRY-FLOWER",""
"","2","ADD-REMOVE-MATCH-INTEGER.31","","Mon Nov 04 00:53:03 GMT 2024","passed","Mon Nov 04 00:53:03 GMT 2024","","SPACES","SPACES",""
"","2","COMBINED.02","","Mon Nov 04 01:54:00 GMT 2024","passed","Mon Nov 04 01:54:00 GMT 2024","","ITERATORS","ITERATORS",""
"","2","EXAM-SPACES.01","","Mon Nov 04 00:52:48 GMT 2024","passed","Mon Nov 04 00:52:48 GMT 2024","","INTROSPECT","INTROSPECT",""
"","2","ADD-REMOVE-MATCH-SYMBOLS.11","","Mon Nov 04 00:53:03 GMT 2024","passed","Mon Nov 04 00:53:03 GMT 2024","","SPACES","SPACES",""
"","8000","john-carry-flower.john-carry-flower-test","","Mon Nov 04 00:36:03 GMT 2024","passed","Mon Nov 04 00:36:11 GMT 2024","","WHOLE-TESTS","WHOLE-TESTS",""
"","2","AI-SERVICE-COMPOSITION-EASY.03","","Mon Nov 04 01:09:19 GMT 2024","passed","Mon Nov 04 01:09:19 GMT 2024","","AI-SERVICE","AI-SERVICE",""
"","2","D2-HIGHERFUNC.10","","Mon Nov 04 01:12:10 GMT 2024","passed","Mon Nov 04 01:12:10 GMT 2024","","CHECK-TYPES","CHECK-TYPES",""
"","15","TEST-INFER-FUNCTION-APPLICATION-TYPE.11","","Mon Nov 04 01:57:54 GMT 2024","failed","Mon Nov 04 01:57:54 GMT 2024","","BASIC","BASIC",""
"","5000","hyperon-mettalog_sanity.space_intersection_tests","","Mon Nov 04 00:36:03 GMT 2024","passed","Mon Nov 04 00:36:08 GMT 2024","","WHOLE-TESTS","WHOLE-TESTS",""
"","10000","bigram-sentence-evaluator.wordVectors","","Mon Nov 04 00:36:03 GMT 2024","passed","Mon Nov 04 00:36:13 GMT 2024","","WHOLE-TESTS","WHOLE-TESTS",""
"","2","ADD-REMOVE-MATCH-INTEGER.27","","Mon Nov 04 00:53:03 GMT 2024","passed","Mon Nov 04 00:53:03 GMT 2024","","SPACES","SPACES",""
"","3","LTE.07","","Mon Nov 04 00:53:44 GMT 2024","passed","Mon Nov 04 00:53:44 GMT 2024","","STD","STD",""
"","66","NONDETERM.02","","Mon Nov 04 00:53:44 GMT 2024","passed","Mon Nov 04 00:53:44 GMT 2024","","STD","STD",""
"","4000","hyperon-experimental_scripts.a3_twoside","","Mon Nov 04 00:36:03 GMT 2024","passed","Mon Nov 04 00:36:07 GMT 2024","","WHOLE-TESTS","WHOLE-TESTS",""
"","293","SPACE-SUBTRACTION-TESTS.07","","Mon Nov 04 00:37:43 GMT 2024","passed","Mon Nov 04 00:37:43 GMT 2024","","HYPERON-METTALOG-SANITY","HYPERON-METTALOG-SANITY",""
"","2","TYPES.01","","Mon Nov 04 00:41:36 GMT 2024","passed","Mon Nov 04 00:41:36 GMT 2024","","METTA-MORPH-TESTS","METTA-MORPH-TESTS",""
"","44","FORWARD-CHAINER-XP.01","","Mon Nov 04 01:18:45 GMT 2024","failed","Mon Nov 04 01:18:45 GMT 2024","","FORWARD-CHAINER","FORWARD-CHAINER",""
"","2","IOIOIOI.02","","Mon Nov 04 01:55:33 GMT 2024","passed","Mon Nov 04 01:55:33 GMT 2024","","MULTIDIRECTIONAL","MULTIDIRECTIONAL",""
"","2","GROUNDED-BASIC.04","","Mon Nov 04 00:53:44 GMT 2024","passed","Mon Nov 04 00:53:44 GMT 2024","","STD","STD",""
"","5000","fizzbuzz.simple","","Mon Nov 04 00:36:03 GMT 2024","passed","Mon Nov 04 00:36:08 GMT 2024","","WHOLE-TESTS","WHOLE-TESTS",""
"","6000","current.tests0","","Mon Nov 04 00:36:03 GMT 2024","passed","Mon Nov 04 00:36:09 GMT 2024","","WHOLE-TESTS","WHOLE-TESTS",""
"","2","BACKWARD-CHAINER-XP.42","","Mon Nov 04 01:15:59 GMT 2024","passed","Mon Nov 04 01:15:59 GMT 2024","","BACKWARD-CHAINER","BACKWARD-CHAINER",""
"","3","ADD-REMOVE-MATCH-FLOAT.03","","Mon Nov 04 00:53:03 GMT 2024","passed","Mon Nov 04 00:53:03 GMT 2024","","SPACES","SPACES",""
"","2","TESTS0.02","","Mon Nov 04 00:41:36 GMT 2024","passed","Mon Nov 04 00:41:36 GMT 2024","","METTA-MORPH-TESTS","METTA-MORPH-TESTS",""
"","2","D1-GADT.12","","Mon Nov 04 00:36:07 GMT 2024","passed","Mon Nov 04 00:36:07 GMT 2024","","HYPERON-EXPERIMENTAL-SCRIPTS","HYPERON-EXPERIMENTAL-SCRIPTS",""
"","2","D3-DEPTYPES.03","","Mon Nov 04 01:12:10 GMT 2024","passed","Mon Nov 04 01:12:10 GMT 2024","","CHECK-TYPES","CHECK-TYPES",""
"","2","F1-MODULEA.10","","Mon Nov 04 00:36:07 GMT 2024","passed","Mon Nov 04 00:36:07 GMT 2024","","HYPERON-EXPERIMENTAL-SCRIPTS","HYPERON-EXPERIMENTAL-SCRIPTS",""
"","2","E3-MATCH-STATES.04","","Mon Nov 04 00:36:07 GMT 2024","passed","Mon Nov 04 00:36:07 GMT 2024","","HYPERON-EXPERIMENTAL-SCRIPTS","HYPERON-EXPERIMENTAL-SCRIPTS",""
"","2","AI-SERVICE-COMPOSITION-EASY.06","","Mon Nov 04 01:09:19 GMT 2024","passed","Mon Nov 04 01:09:19 GMT 2024","","AI-SERVICE","AI-SERVICE",""
"","1","D4-TYPE-PROP.13","","Mon Nov 04 01:12:10 GMT 2024","passed","Mon Nov 04 01:12:10 GMT 2024","","CHECK-TYPES","CHECK-TYPES",""
"","3","CHAPTER-2-2.01","","Mon Nov 04 00:55:17 GMT 2024","passed","Mon Nov 04 00:55:17 GMT 2024","","SICP-BOOK","SICP-BOOK",""
"","5","ADD-REMOVE-MATCH-INTEGER.42","","Mon Nov 04 00:53:03 GMT 2024","passed","Mon Nov 04 00:53:03 GMT 2024","","SPACES","SPACES",""
"","2","CML-UNSHARED.10","","Mon Nov 04 01:57:54 GMT 2024","passed","Mon Nov 04 01:57:54 GMT 2024","","BASIC","BASIC",""
"","57","D5-AUTO-TYPES.03","","Mon Nov 04 01:12:10 GMT 2024","failed","Mon Nov 04 01:12:10 GMT 2024","","CHECK-TYPES","CHECK-TYPES",""
"","2","D2-HIGHERFUNC.17","","Mon Nov 04 00:36:07 GMT 2024","passed","Mon Nov 04 00:36:07 GMT 2024","","HYPERON-EXPERIMENTAL-SCRIPTS","HYPERON-EXPERIMENTAL-SCRIPTS",""
"","4","SPACE-SUBTRACTION-TESTS.04","","Mon Nov 04 00:37:43 GMT 2024","passed","Mon Nov 04 00:37:43 GMT 2024","","HYPERON-METTALOG-SANITY","HYPERON-METTALOG-SANITY",""
"","3","C1-GROUNDED-BASIC.07","","Mon Nov 04 00:45:46 GMT 2024","passed","Mon Nov 04 00:45:46 GMT 2024","","QUICK","QUICK",""
"","230","INF-CTL-MONTH-BC-CONT-XP.19","","Mon Nov 04 01:20:12 GMT 2024","failed","Mon Nov 04 01:20:12 GMT 2024","","INFERENCE-CONTROL","INFERENCE-CONTROL",""
"","3","AND-OR.01","","Mon Nov 04 00:41:36 GMT 2024","passed","Mon Nov 04 00:41:36 GMT 2024","","METTA-MORPH-TESTS","METTA-MORPH-TESTS",""
"","105","MEMB.01","","Mon Nov 04 01:03:17 GMT 2024","failed","Mon Nov 04 01:03:17 GMT 2024","","LOGIC","LOGIC",""
"","2","TYPE-PROP.33","","Mon Nov 04 01:11:50 GMT 2024","passed","Mon Nov 04 01:11:50 GMT 2024","","CHECK-TYPES-TEMP","CHECK-TYPES-TEMP",""
"","341","SYNTHESIZE-VIA-CASE-TEST.07","","Mon Nov 04 01:26:50 GMT 2024","failed","Mon Nov 04 01:26:50 GMT 2024","","EXPERIMENTS","EXPERIMENTS",""
"","75","F1-IMPORTS.13","","Mon Nov 04 00:36:07 GMT 2024","failed","Mon Nov 04 00:36:07 GMT 2024","","HYPERON-EXPERIMENTAL-SCRIPTS","HYPERON-EXPERIMENTAL-SCRIPTS",""
"","4000","comparisons.add-atom-naive-fib","","Mon Nov 04 00:36:03 GMT 2024","passed","Mon Nov 04 00:36:07 GMT 2024","","WHOLE-TESTS","WHOLE-TESTS",""
"","6000","typed-variables.enforced-types","","Mon Nov 04 00:36:03 GMT 2024","passed","Mon Nov 04 00:36:09 GMT 2024","","WHOLE-TESTS","WHOLE-TESTS",""
"","2","IFC-XP.08","","Mon Nov 04 01:22:13 GMT 2024","passed","Mon Nov 04 01:22:13 GMT 2024","","ITERATIVE-CHAINING","ITERATIVE-CHAINING",""
"","40000","main-branch.tests3","","Mon Nov 04 00:36:03 GMT 2024","failed","Mon Nov 04 00:36:43 GMT 2024","","WHOLE-TESTS","WHOLE-TESTS",""
"","2","AI-SERVICE-COMPOSITION-EASY.04","","Mon Nov 04 01:09:19 GMT 2024","passed","Mon Nov 04 01:09:19 GMT 2024","","AI-SERVICE","AI-SERVICE",""
"","18000","main-branch.tests1_pre","","Mon Nov 04 00:36:03 GMT 2024","passed","Mon Nov 04 00:36:21 GMT 2024","","WHOLE-TESTS","WHOLE-TESTS",""
"","1490","TESTS4.02","","Mon Nov 04 00:46:15 GMT 2024","failed","Mon Nov 04 00:46:16 GMT 2024","","MAIN-BRANCH","MAIN-BRANCH",""
"","2","ADD-REMOVE-MATCH-SYMBOLS.01","","Mon Nov 04 00:53:03 GMT 2024","passed","Mon Nov 04 00:53:03 GMT 2024","","SPACES","SPACES",""
"","2","XOR-TEST.01","","Mon Nov 04 00:37:43 GMT 2024","passed","Mon Nov 04 00:37:43 GMT 2024","","HYPERON-METTALOG-SANITY","HYPERON-METTALOG-SANITY",""
"","144","SYNTHESIZE-VIA-UNIFY-TEST.11","","Mon Nov 04 01:26:50 GMT 2024","failed","Mon Nov 04 01:26:50 GMT 2024","","EXPERIMENTS","EXPERIMENTS",""
"","2","STRING-TESTS.16","","Mon Nov 04 00:37:43 GMT 2024","passed","Mon Nov 04 00:37:43 GMT 2024","","HYPERON-METTALOG-SANITY","HYPERON-METTALOG-SANITY",""
"","2","ADD-REMOVE-MATCH-SYMBOLS.10","","Mon Nov 04 00:53:03 GMT 2024","passed","Mon Nov 04 00:53:03 GMT 2024","","SPACES","SPACES",""
"","2","INTERSECTION-TESTS.09","","Mon Nov 04 00:37:43 GMT 2024","passed","Mon Nov 04 00:37:43 GMT 2024","","HYPERON-METTALOG-SANITY","HYPERON-METTALOG-SANITY",""
"","2","B5-TYPES-PRELIM.16","","Mon Nov 04 00:36:07 GMT 2024","passed","Mon Nov 04 00:36:07 GMT 2024","","HYPERON-EXPERIMENTAL-SCRIPTS","HYPERON-EXPERIMENTAL-SCRIPTS",""
"","2","D2-HIGHERFUNC.15","","Mon Nov 04 00:45:46 GMT 2024","passed","Mon Nov 04 00:45:46 GMT 2024","","QUICK","QUICK",""
"","2","F1-IMPORTS.12","","Mon Nov 04 00:45:46 GMT 2024","passed","Mon Nov 04 00:45:46 GMT 2024","","QUICK","QUICK",""
"","2","PC-XP.08","","Mon Nov 04 01:24:57 GMT 2024","passed","Mon Nov 04 01:24:57 GMT 2024","","POLYWARD-CHAINING","POLYWARD-CHAINING",""
"","46000","typed-variables.even-number","","Mon Nov 04 00:36:03 GMT 2024","failed","Mon Nov 04 00:36:49 GMT 2024","","WHOLE-TESTS","WHOLE-TESTS",""
"","2","ADD-REMOVE-MATCH-INTEGER.24","","Mon Nov 04 00:53:03 GMT 2024","passed","Mon Nov 04 00:53:03 GMT 2024","","SPACES","SPACES",""
"","2","TESTS0.04","","Mon Nov 04 00:41:36 GMT 2024","passed","Mon Nov 04 00:41:36 GMT 2024","","METTA-MORPH-TESTS","METTA-MORPH-TESTS",""
"","41000","comparisons.naive-fib","","Mon Nov 04 00:36:03 GMT 2024","failed","Mon Nov 04 00:36:44 GMT 2024","","WHOLE-TESTS","WHOLE-TESTS",""
"","6","SEALED-TEST.09","","Mon Nov 04 00:37:43 GMT 2024","passed","Mon Nov 04 00:37:43 GMT 2024","","HYPERON-METTALOG-SANITY","HYPERON-METTALOG-SANITY",""
"","92","ADD-REMOVE-MATCH-INTEGER.14","","Mon Nov 04 00:53:03 GMT 2024","passed","Mon Nov 04 00:53:03 GMT 2024","","SPACES","SPACES",""
"","2","NATDTLTEST.02","","Mon Nov 04 01:19:01 GMT 2024","passed","Mon Nov 04 01:19:01 GMT 2024","","HOL","HOL",""
"","3","TESTS0.04","","Mon Nov 04 01:36:06 GMT 2024","passed","Mon Nov 04 01:36:06 GMT 2024","","NARS-V0","NARS-V0",""
"","5000","hyperon-experimental_scripts.b4_nondeterm","","Mon Nov 04 00:36:03 GMT 2024","passed","Mon Nov 04 00:36:08 GMT 2024","","WHOLE-TESTS","WHOLE-TESTS",""
"","2","F1-IMPORTS.19","","Mon Nov 04 00:45:46 GMT 2024","passed","Mon Nov 04 00:45:46 GMT 2024","","QUICK","QUICK",""
"","74","TYPE-PROP.66","","Mon Nov 04 01:11:50 GMT 2024","failed","Mon Nov 04 01:11:50 GMT 2024","","CHECK-TYPES-TEMP","CHECK-TYPES-TEMP",""
"","3","02-CURRIED-PLUS.01","","Mon Nov 04 00:37:43 GMT 2024","passed","Mon Nov 04 00:37:43 GMT 2024","","HYPERON-METTALOG-SANITY","HYPERON-METTALOG-SANITY",""
"","3","C1-GROUNDED-BASIC.07","","Mon Nov 04 00:36:07 GMT 2024","passed","Mon Nov 04 00:36:07 GMT 2024","","HYPERON-EXPERIMENTAL-SCRIPTS","HYPERON-EXPERIMENTAL-SCRIPTS",""
"","2","TYPE-PROP.03","","Mon Nov 04 00:50:44 GMT 2024","passed","Mon Nov 04 00:50:44 GMT 2024","","CHAINING","CHAINING",""
"","18","INF-CTL-MONTH-XP.08","","Mon Nov 04 01:20:12 GMT 2024","failed","Mon Nov 04 01:20:12 GMT 2024","","INFERENCE-CONTROL","INFERENCE-CONTROL",""
"","3","NUMTEST.09","","Mon Nov 04 01:16:14 GMT 2024","passed","Mon Nov 04 01:16:14 GMT 2024","","COMMON","COMMON",""
"","2","ADD-REMOVE-MATCH-SYMBOLS.16","","Mon Nov 04 00:53:03 GMT 2024","passed","Mon Nov 04 00:53:03 GMT 2024","","SPACES","SPACES",""
"","3","HIGHER-ORDER-FUNCS.06","","Mon Nov 04 00:53:44 GMT 2024","passed","Mon Nov 04 00:53:44 GMT 2024","","STD","STD",""
"","2","E2-STATES.06","","Mon Nov 04 00:36:07 GMT 2024","passed","Mon Nov 04 00:36:07 GMT 2024","","HYPERON-EXPERIMENTAL-SCRIPTS","HYPERON-EXPERIMENTAL-SCRIPTS",""
"","3","HYPERPOSING-UNSHARED.08","","Mon Nov 04 01:57:54 GMT 2024","passed","Mon Nov 04 01:57:54 GMT 2024","","BASIC","BASIC",""
"","3","D2-HIGHERFUNC.01","","Mon Nov 04 00:45:46 GMT 2024","passed","Mon Nov 04 00:45:46 GMT 2024","","QUICK","QUICK",""
"","3","C2-SPACES.01","","Mon Nov 04 00:36:07 GMT 2024","passed","Mon Nov 04 00:36:07 GMT 2024","","HYPERON-EXPERIMENTAL-SCRIPTS","HYPERON-EXPERIMENTAL-SCRIPTS",""
"","1","CHAPTER-1-1.03","","Mon Nov 04 00:55:17 GMT 2024","passed","Mon Nov 04 00:55:17 GMT 2024","","SICP-BOOK","SICP-BOOK",""
"","52","IOIOIOI-USING-EQUALITY.02","","Mon Nov 04 01:55:33 GMT 2024","failed","Mon Nov 04 01:55:33 GMT 2024","","MULTIDIRECTIONAL","MULTIDIRECTIONAL",""
"","2","BCHAIN.02","","Mon Nov 04 01:49:17 GMT 2024","passed","Mon Nov 04 01:49:17 GMT 2024","","WALK-THRU","WALK-THRU",""
"","15","D1-GADT.04","","Mon Nov 04 01:12:10 GMT 2024","passed","Mon Nov 04 01:12:10 GMT 2024","","CHECK-TYPES","CHECK-TYPES",""
"","3","IMPLICATIONDIRECTINTRODUCTIONENTAILTEST.01","","Mon Nov 04 01:18:26 GMT 2024","passed","Mon Nov 04 01:18:26 GMT 2024","","ENTAIL","ENTAIL",""
"","3","STATE-TYPES.09","","Mon Nov 04 01:57:54 GMT 2024","passed","Mon Nov 04 01:57:54 GMT 2024","","BASIC","BASIC",""
"","3","UNIQUE-TEST.14","","Mon Nov 04 00:37:43 GMT 2024","passed","Mon Nov 04 00:37:43 GMT 2024","","HYPERON-METTALOG-SANITY","HYPERON-METTALOG-SANITY",""
"","2","STDLIB-METTALOG-TEST-PT2.07","","Mon Nov 04 00:55:08 GMT 2024","passed","Mon Nov 04 00:55:08 GMT 2024","","STDLIB-METTALOG","STDLIB-METTALOG",""
"","142","MODUSPONENSDTLTEST.04","","Mon Nov 04 01:14:52 GMT 2024","failed","Mon Nov 04 01:14:52 GMT 2024","","DEPENDENT-TYPES","DEPENDENT-TYPES",""
"","5000","spaces.add-remove-match-mix-float-integer","","Mon Nov 04 00:36:03 GMT 2024","passed","Mon Nov 04 00:36:08 GMT 2024","","WHOLE-TESTS","WHOLE-TESTS",""
"","2","BC-XP.07","","Mon Nov 04 01:16:05 GMT 2024","passed","Mon Nov 04 01:16:05 GMT 2024","","BACKWARD-CHAINING","BACKWARD-CHAINING",""
"","2140","LTE.09","","Mon Nov 04 00:53:44 GMT 2024","passed","Mon Nov 04 00:53:46 GMT 2024","","STD","STD",""
"","71","UNIFY-VIA-CASE.04","","Mon Nov 04 01:26:50 GMT 2024","failed","Mon Nov 04 01:26:50 GMT 2024","","EXPERIMENTS","EXPERIMENTS",""
"","4","SEALED-TEST.03","","Mon Nov 04 00:37:43 GMT 2024","passed","Mon Nov 04 00:37:43 GMT 2024","","HYPERON-METTALOG-SANITY","HYPERON-METTALOG-SANITY",""
"","8000","bigram-sentence-evaluator.trigramModel","","Mon Nov 04 00:36:03 GMT 2024","passed","Mon Nov 04 00:36:11 GMT 2024","","WHOLE-TESTS","WHOLE-TESTS",""
"","368","BASIC.05","","Mon Nov 04 01:09:08 GMT 2024","passed","Mon Nov 04 01:09:08 GMT 2024","","TRAVERSER","TRAVERSER",""
"","22","INF-CTL-MONTH-XP.07","","Mon Nov 04 01:20:12 GMT 2024","failed","Mon Nov 04 01:20:12 GMT 2024","","INFERENCE-CONTROL","INFERENCE-CONTROL",""
"","2","F1-IMPORTS.11","","Mon Nov 04 00:45:46 GMT 2024","passed","Mon Nov 04 00:45:46 GMT 2024","","QUICK","QUICK",""
"","1212","SYNTHESIZE-VIA-LET-TEST.08","","Mon Nov 04 01:26:50 GMT 2024","failed","Mon Nov 04 01:26:51 GMT 2024","","EXPERIMENTS","EXPERIMENTS",""
"","2","HYPERPOSING-SHARED.09","","Mon Nov 04 01:57:54 GMT 2024","passed","Mon Nov 04 01:57:54 GMT 2024","","BASIC","BASIC",""
"","5","NATTEST.05","","Mon Nov 04 01:19:01 GMT 2024","passed","Mon Nov 04 01:19:01 GMT 2024","","HOL","HOL",""
"","2","HYPERPOSING-UNSHARED.06","","Mon Nov 04 01:57:54 GMT 2024","passed","Mon Nov 04 01:57:54 GMT 2024","","BASIC","BASIC",""
"","70","E2-STATES.07","","Mon Nov 04 01:12:10 GMT 2024","failed","Mon Nov 04 01:12:10 GMT 2024","","CHECK-TYPES","CHECK-TYPES",""
"","2","METTALOGTESTCURRIED2.04","","Mon Nov 04 01:49:17 GMT 2024","passed","Mon Nov 04 01:49:17 GMT 2024","","WALK-THRU","WALK-THRU",""
"","2","TMPMATCH2.01","","Mon Nov 04 01:49:17 GMT 2024","passed","Mon Nov 04 01:49:17 GMT 2024","","WALK-THRU","WALK-THRU",""
"","2","KEY-LOOKUPS-MANY.09","","Mon Nov 04 01:57:54 GMT 2024","passed","Mon Nov 04 01:57:54 GMT 2024","","BASIC","BASIC",""
"","1","ADD-REMOVE-MATCH-SS-SYMBOLS.12","","Mon Nov 04 00:53:03 GMT 2024","passed","Mon Nov 04 00:53:03 GMT 2024","","SPACES","SPACES",""
"","5000","transpiler.let_superpose_if_case","","Mon Nov 04 00:36:03 GMT 2024","passed","Mon Nov 04 00:36:08 GMT 2024","","WHOLE-TESTS","WHOLE-TESTS",""
"","2","F1-IMPORTS.13","","Mon Nov 04 00:35:58 GMT 2024","passed","Mon Nov 04 00:35:58 GMT 2024","","MODULE-SYSTEM","MODULE-SYSTEM",""
"","1","D1-GADT.14","","Mon Nov 04 00:36:07 GMT 2024","passed","Mon Nov 04 00:36:07 GMT 2024","","HYPERON-EXPERIMENTAL-SCRIPTS","HYPERON-EXPERIMENTAL-SCRIPTS",""
"","7","IMPL-METTALOGTESTCURRIED.05","","Mon Nov 04 01:49:17 GMT 2024","passed","Mon Nov 04 01:49:17 GMT 2024","","WALK-THRU","WALK-THRU",""
"","14","D2-HIGHERFUNC.22","","Mon Nov 04 00:45:46 GMT 2024","passed","Mon Nov 04 00:45:46 GMT 2024","","QUICK","QUICK",""
"","1","HYPERPOSE.03","","Mon Nov 04 00:41:36 GMT 2024","passed","Mon Nov 04 00:41:36 GMT 2024","","METTA-MORPH-TESTS","METTA-MORPH-TESTS",""
"","2","STRING-TESTS.08","","Mon Nov 04 00:37:43 GMT 2024","passed","Mon Nov 04 00:37:43 GMT 2024","","HYPERON-METTALOG-SANITY","HYPERON-METTALOG-SANITY",""
"","2","D2-HIGHERFUNC.14","","Mon Nov 04 01:12:10 GMT 2024","passed","Mon Nov 04 01:12:10 GMT 2024","","CHECK-TYPES","CHECK-TYPES",""
"","3","FC-XP.27","","Mon Nov 04 01:18:55 GMT 2024","passed","Mon Nov 04 01:18:55 GMT 2024","","FORWARD-CHAINING","FORWARD-CHAINING",""
"","4","SYNTHESIZE-VIA-TYPE-CHECKING.13","","Mon Nov 04 01:26:50 GMT 2024","passed","Mon Nov 04 01:26:50 GMT 2024","","EXPERIMENTS","EXPERIMENTS",""
"","2","D4-TYPE-PROP.10","","Mon Nov 04 00:45:46 GMT 2024","passed","Mon Nov 04 00:45:46 GMT 2024","","QUICK","QUICK",""
"","2","ADD-REMOVE-MATCH-MIX-FLOAT-INTEGER.24","","Mon Nov 04 00:53:03 GMT 2024","passed","Mon Nov 04 00:53:03 GMT 2024","","SPACES","SPACES",""
"","2","GROUNDED-BASIC.01","","Mon Nov 04 00:53:44 GMT 2024","passed","Mon Nov 04 00:53:44 GMT 2024","","STD","STD",""
"","506","TESTS5.01","","Mon Nov 04 00:46:15 GMT 2024","failed","Mon Nov 04 00:46:15 GMT 2024","","MAIN-BRANCH","MAIN-BRANCH",""
"","2","CML-UNSHARED.02","","Mon Nov 04 01:57:54 GMT 2024","passed","Mon Nov 04 01:57:54 GMT 2024","","BASIC","BASIC",""
"","3","A3-TWOSIDE.03","","Mon Nov 04 00:36:07 GMT 2024","passed","Mon Nov 04 00:36:07 GMT 2024","","HYPERON-EXPERIMENTAL-SCRIPTS","HYPERON-EXPERIMENTAL-SCRIPTS",""
"","3","FORWARD-CHAINER-TEST.11","","Mon Nov 04 01:18:45 GMT 2024","passed","Mon Nov 04 01:18:45 GMT 2024","","FORWARD-CHAINER","FORWARD-CHAINER",""
"","3","E2-STATES.12","","Mon Nov 04 00:36:07 GMT 2024","passed","Mon Nov 04 00:36:07 GMT 2024","","HYPERON-EXPERIMENTAL-SCRIPTS","HYPERON-EXPERIMENTAL-SCRIPTS",""
"","1","KEY-LOOKUPS-MANY.07","","Mon Nov 04 01:57:54 GMT 2024","passed","Mon Nov 04 01:57:54 GMT 2024","","BASIC","BASIC",""
"","90","GROUNDED-BASIC.03","","Mon Nov 04 00:53:44 GMT 2024","passed","Mon Nov 04 00:53:44 GMT 2024","","STD","STD",""
"","78","ADD-REMOVE-MATCH-STRINGS.09","","Mon Nov 04 00:53:03 GMT 2024","failed","Mon Nov 04 00:53:03 GMT 2024","","SPACES","SPACES",""
"","46000","new.tests4","","Mon Nov 04 00:36:03 GMT 2024","failed","Mon Nov 04 00:36:49 GMT 2024","","WHOLE-TESTS","WHOLE-TESTS",""
"","305","SYNTHESIZE-VIA-CASE-TEST.02","","Mon Nov 04 01:26:50 GMT 2024","failed","Mon Nov 04 01:26:50 GMT 2024","","EXPERIMENTS","EXPERIMENTS",""
"","39","TESTS1-PRE.06","","Mon Nov 04 00:46:15 GMT 2024","failed","Mon Nov 04 00:46:15 GMT 2024","","MAIN-BRANCH","MAIN-BRANCH",""
"","2","INTERSECTION-TESTS.16","","Mon Nov 04 00:37:43 GMT 2024","passed","Mon Nov 04 00:37:43 GMT 2024","","HYPERON-METTALOG-SANITY","HYPERON-METTALOG-SANITY",""
"","38","STDLIB-METTALOG-TEST-PT2.03","","Mon Nov 04 00:55:08 GMT 2024","failed","Mon Nov 04 00:55:08 GMT 2024","","STDLIB-METTALOG","STDLIB-METTALOG",""
"","79","PREREQS.08","","Mon Nov 04 00:46:15 GMT 2024","failed","Mon Nov 04 00:46:15 GMT 2024","","MAIN-BRANCH","MAIN-BRANCH",""
"","2","BACKWARD-CHAINER-XP.45","","Mon Nov 04 01:15:59 GMT 2024","passed","Mon Nov 04 01:15:59 GMT 2024","","BACKWARD-CHAINER","BACKWARD-CHAINER",""
"","2","00-LANG-CASE.18","","Mon Nov 04 00:37:43 GMT 2024","passed","Mon Nov 04 00:37:43 GMT 2024","","HYPERON-METTALOG-SANITY","HYPERON-METTALOG-SANITY",""
"","2","DEBUG-METTALOGTESTCURRIED.04","","Mon Nov 04 01:49:17 GMT 2024","passed","Mon Nov 04 01:49:17 GMT 2024","","WALK-THRU","WALK-THRU",""
"","1","KEY-LOOKUPS-MANY.12","","Mon Nov 04 01:57:54 GMT 2024","passed","Mon Nov 04 01:57:54 GMT 2024","","BASIC","BASIC",""
"","5","JOHN-CARRY-FLOWER-TEST.04","","Mon Nov 04 01:25:43 GMT 2024","passed","Mon Nov 04 01:25:43 GMT 2024","","JOHN-CARRY-FLOWER","JOHN-CARRY-FLOWER",""
"","163","QUERIES.11","","Mon Nov 04 01:08:27 GMT 2024","failed","Mon Nov 04 01:08:27 GMT 2024","","STRIPS-TO-METTA-IMPROVED","STRIPS-TO-METTA-IMPROVED",""
"","40000","basic.pathfinding-edge","","Mon Nov 04 00:36:03 GMT 2024","failed","Mon Nov 04 00:36:43 GMT 2024","","WHOLE-TESTS","WHOLE-TESTS",""
"","100","TRUTHVALUETEST.09","","Mon Nov 04 01:16:43 GMT 2024","passed","Mon Nov 04 01:16:43 GMT 2024","","TRUTHVALUE","TRUTHVALUE",""
"","21","INF-CTL-MONTH-BC-XP.03","","Mon Nov 04 01:20:12 GMT 2024","failed","Mon Nov 04 01:20:12 GMT 2024","","INFERENCE-CONTROL","INFERENCE-CONTROL",""
"","2","IFC-XP.23","","Mon Nov 04 01:22:13 GMT 2024","passed","Mon Nov 04 01:22:13 GMT 2024","","ITERATIVE-CHAINING","ITERATIVE-CHAINING",""
"","2","D4-TYPE-PROP.05","","Mon Nov 04 01:12:10 GMT 2024","passed","Mon Nov 04 01:12:10 GMT 2024","","CHECK-TYPES","CHECK-TYPES",""
"","18","INF-CTL-MONTH-XP-SHORT-5.01","","Mon Nov 04 02:04:14 GMT 2024","failed","Mon Nov 04 02:04:14 GMT 2024","","COMPARISONS","COMPARISONS",""
"","3","STRING-TESTS.02","","Mon Nov 04 00:37:43 GMT 2024","passed","Mon Nov 04 00:37:43 GMT 2024","","HYPERON-METTALOG-SANITY","HYPERON-METTALOG-SANITY",""
"","3","D4-TYPE-PROP.06","","Mon Nov 04 01:12:10 GMT 2024","passed","Mon Nov 04 01:12:10 GMT 2024","","CHECK-TYPES","CHECK-TYPES",""
"","280","TESTS0.08","","Mon Nov 04 00:46:15 GMT 2024","passed","Mon Nov 04 00:46:15 GMT 2024","","MAIN-BRANCH","MAIN-BRANCH",""
"","148","NALIFIER.01","","Mon Nov 04 00:41:36 GMT 2024","passed","Mon Nov 04 00:41:36 GMT 2024","","METTA-MORPH-TESTS","METTA-MORPH-TESTS",""
"","2","ADD-REMOVE-MATCH-MIX-FLOAT-INTEGER.22","","Mon Nov 04 00:53:03 GMT 2024","passed","Mon Nov 04 00:53:03 GMT 2024","","SPACES","SPACES",""
"","62","OBIF-CLP.01","","Mon Nov 04 01:55:33 GMT 2024","failed","Mon Nov 04 01:55:33 GMT 2024","","MULTIDIRECTIONAL","MULTIDIRECTIONAL",""
"","5000","orientation.orientation-test","","Mon Nov 04 00:36:03 GMT 2024","passed","Mon Nov 04 00:36:08 GMT 2024","","WHOLE-TESTS","WHOLE-TESTS",""
"","2","NATPARITYTEST.16","","Mon Nov 04 01:19:01 GMT 2024","passed","Mon Nov 04 01:19:01 GMT 2024","","HOL","HOL",""
"","2","D2-HIGHERFUNC.16","","Mon Nov 04 01:12:10 GMT 2024","passed","Mon Nov 04 01:12:10 GMT 2024","","CHECK-TYPES","CHECK-TYPES",""
"","6000","metta-morph_tests.nalifier","","Mon Nov 04 00:36:03 GMT 2024","passed","Mon Nov 04 00:36:09 GMT 2024","","WHOLE-TESTS","WHOLE-TESTS",""
"","2","ADD-REMOVE-MATCH-INTEGER.08","","Mon Nov 04 00:53:03 GMT 2024","passed","Mon Nov 04 00:53:03 GMT 2024","","SPACES","SPACES",""
"","4","NTE.01","","Mon Nov 04 01:01:56 GMT 2024","passed","Mon Nov 04 01:01:56 GMT 2024","","EDGES-TO-EDGES","EDGES-TO-EDGES",""
"","2","DEDUCTIONFORMULATEST.05","","Mon Nov 04 01:16:38 GMT 2024","passed","Mon Nov 04 01:16:38 GMT 2024","","FORMULA","FORMULA",""
"","2","D4-TYPE-PROP.19","","Mon Nov 04 01:12:10 GMT 2024","passed","Mon Nov 04 01:12:10 GMT 2024","","CHECK-TYPES","CHECK-TYPES",""
"","6","BC-XP.16","","Mon Nov 04 01:16:05 GMT 2024","passed","Mon Nov 04 01:16:05 GMT 2024","","BACKWARD-CHAINING","BACKWARD-CHAINING",""
"","1","CHAPTER-1-1.04","","Mon Nov 04 00:55:17 GMT 2024","passed","Mon Nov 04 00:55:17 GMT 2024","","SICP-BOOK","SICP-BOOK",""
"","1","C1-GROUNDED-BASIC.21","","Mon Nov 04 00:36:07 GMT 2024","passed","Mon Nov 04 00:36:07 GMT 2024","","HYPERON-EXPERIMENTAL-SCRIPTS","HYPERON-EXPERIMENTAL-SCRIPTS",""
"","2","HYPERPOSING.08","","Mon Nov 04 01:57:54 GMT 2024","passed","Mon Nov 04 01:57:54 GMT 2024","","BASIC","BASIC",""
"","4000","entail.DeductionEntailTest","","Mon Nov 04 00:36:03 GMT 2024","passed","Mon Nov 04 00:36:07 GMT 2024","","WHOLE-TESTS","WHOLE-TESTS",""
"","2","INF-CTL-MONTH-XP-SHORT-3.02","","Mon Nov 04 02:04:14 GMT 2024","passed","Mon Nov 04 02:04:14 GMT 2024","","COMPARISONS","COMPARISONS",""
"","67","B4-NONDETERM.03","","Mon Nov 04 00:36:07 GMT 2024","passed","Mon Nov 04 00:36:07 GMT 2024","","HYPERON-EXPERIMENTAL-SCRIPTS","HYPERON-EXPERIMENTAL-SCRIPTS",""
"","2","C1-GROUNDED-BASIC.04","","Mon Nov 04 00:36:07 GMT 2024","passed","Mon Nov 04 00:36:07 GMT 2024","","HYPERON-EXPERIMENTAL-SCRIPTS","HYPERON-EXPERIMENTAL-SCRIPTS",""
"","3","STDLIB-METTALOG-TEST-PT2.51","","Mon Nov 04 00:55:08 GMT 2024","passed","Mon Nov 04 00:55:08 GMT 2024","","STDLIB-METTALOG","STDLIB-METTALOG",""
"","110","HYPERON-EXPERIMENTAL-ISSUE-492.01","","Mon Nov 04 01:52:33 GMT 2024","failed","Mon Nov 04 01:52:33 GMT 2024","","DEBUGGING","DEBUGGING",""
"","2","FORWARD-CHAINER-XP.22","","Mon Nov 04 01:18:45 GMT 2024","passed","Mon Nov 04 01:18:45 GMT 2024","","FORWARD-CHAINER","FORWARD-CHAINER",""
"","119","STDLIB-METTALOG-TEST-PT2.37","","Mon Nov 04 00:55:08 GMT 2024","failed","Mon Nov 04 00:55:08 GMT 2024","","STDLIB-METTALOG","STDLIB-METTALOG",""
"","3","D2-HIGHERFUNC.15","","Mon Nov 04 01:12:10 GMT 2024","passed","Mon Nov 04 01:12:10 GMT 2024","","CHECK-TYPES","CHECK-TYPES",""
"","2","D4-TYPE-PROP.19","","Mon Nov 04 00:36:07 GMT 2024","passed","Mon Nov 04 00:36:07 GMT 2024","","HYPERON-EXPERIMENTAL-SCRIPTS","HYPERON-EXPERIMENTAL-SCRIPTS",""
"","3","MODUSPONENSDTLTEST.02","","Mon Nov 04 01:14:52 GMT 2024","passed","Mon Nov 04 01:14:52 GMT 2024","","DEPENDENT-TYPES","DEPENDENT-TYPES",""
"","3","IDENTITY.01","","Mon Nov 04 01:48:50 GMT 2024","passed","Mon Nov 04 01:48:50 GMT 2024","","TRANSPILER","TRANSPILER",""
"","2","BC-COMP.05","","Mon Nov 04 00:43:38 GMT 2024","passed","Mon Nov 04 00:43:38 GMT 2024","","ANTI-REGRESSION","ANTI-REGRESSION",""
"","3","OBIF.02","","Mon Nov 04 01:55:33 GMT 2024","passed","Mon Nov 04 01:55:33 GMT 2024","","MULTIDIRECTIONAL","MULTIDIRECTIONAL",""
"","2","TYPES-PRELIM.09","","Mon Nov 04 00:50:44 GMT 2024","passed","Mon Nov 04 00:50:44 GMT 2024","","CHAINING","CHAINING",""
"","3","IFC-XP.27","","Mon Nov 04 01:22:13 GMT 2024","passed","Mon Nov 04 01:22:13 GMT 2024","","ITERATIVE-CHAINING","ITERATIVE-CHAINING",""
"","4","PEANO.01","","Mon Nov 04 01:48:50 GMT 2024","passed","Mon Nov 04 01:48:50 GMT 2024","","TRANSPILER","TRANSPILER",""
"","1","TMPMATCH1.03","","Mon Nov 04 01:49:17 GMT 2024","passed","Mon Nov 04 01:49:17 GMT 2024","","WALK-THRU","WALK-THRU",""
"","2","CHAPTER-2-2.02","","Mon Nov 04 00:55:17 GMT 2024","passed","Mon Nov 04 00:55:17 GMT 2024","","SICP-BOOK","SICP-BOOK",""
"","4000","match.DeductionMatchTest","","Mon Nov 04 00:36:03 GMT 2024","passed","Mon Nov 04 00:36:07 GMT 2024","","WHOLE-TESTS","WHOLE-TESTS",""
"","2","TESTS0.02","","Mon Nov 04 01:36:06 GMT 2024","passed","Mon Nov 04 01:36:06 GMT 2024","","NARS-V0","NARS-V0",""
"","16","SPACE-INTERSECTION-TESTS.16","","Mon Nov 04 00:37:43 GMT 2024","failed","Mon Nov 04 00:37:43 GMT 2024","","HYPERON-METTALOG-SANITY","HYPERON-METTALOG-SANITY",""
"","4","OR-TEST.11","","Mon Nov 04 00:37:43 GMT 2024","passed","Mon Nov 04 00:37:43 GMT 2024","","HYPERON-METTALOG-SANITY","HYPERON-METTALOG-SANITY",""
"","11","JOHN-CARRY-FLOWER-TEST.01","","Mon Nov 04 01:25:43 GMT 2024","passed","Mon Nov 04 01:25:43 GMT 2024","","JOHN-CARRY-FLOWER","JOHN-CARRY-FLOWER",""
"","3","CHAINING-PRELIM.02","","Mon Nov 04 00:50:44 GMT 2024","passed","Mon Nov 04 00:50:44 GMT 2024","","CHAINING","CHAINING",""
"","343","DEDUCTIONEQUALTEST.01","","Mon Nov 04 01:18:35 GMT 2024","failed","Mon Nov 04 01:18:35 GMT 2024","","EQUAL","EQUAL",""
"","4","TEST-LIST-CONCATENATION.01","","Mon Nov 04 01:57:54 GMT 2024","passed","Mon Nov 04 01:57:54 GMT 2024","","BASIC","BASIC",""
"","1","BC-XP.02","","Mon Nov 04 00:50:44 GMT 2024","passed","Mon Nov 04 00:50:44 GMT 2024","","CHAINING","CHAINING",""
"","75","COMBINED.03","","Mon Nov 04 01:54:00 GMT 2024","failed","Mon Nov 04 01:54:00 GMT 2024","","ITERATORS","ITERATORS",""
"","3","DEBUG-METTALOGTESTCURRIED.06","","Mon Nov 04 01:49:17 GMT 2024","passed","Mon Nov 04 01:49:17 GMT 2024","","WALK-THRU","WALK-THRU",""
"","280","SYNTHESIZE-VIA-CASE-TEST.05","","Mon Nov 04 01:26:50 GMT 2024","failed","Mon Nov 04 01:26:50 GMT 2024","","EXPERIMENTS","EXPERIMENTS",""
"","2","C1-GROUNDED-BASIC.10","","Mon Nov 04 00:45:46 GMT 2024","passed","Mon Nov 04 00:45:46 GMT 2024","","QUICK","QUICK",""
"","1","TEST-IF-CLOSED.03","","Mon Nov 04 01:49:17 GMT 2024","passed","Mon Nov 04 01:49:17 GMT 2024","","WALK-THRU","WALK-THRU",""
"","3","CHAPTER-2-2.06","","Mon Nov 04 00:55:17 GMT 2024","passed","Mon Nov 04 00:55:17 GMT 2024","","SICP-BOOK","SICP-BOOK",""
"","14","D2-HIGHERFUNC.21","","Mon Nov 04 00:45:46 GMT 2024","passed","Mon Nov 04 00:45:46 GMT 2024","","QUICK","QUICK",""
"","24","INF-CTL-XP.17","","Mon Nov 04 01:20:12 GMT 2024","failed","Mon Nov 04 01:20:12 GMT 2024","","INFERENCE-CONTROL","INFERENCE-CONTROL",""
"","2","F1-IMPORTS.15","","Mon Nov 04 00:36:07 GMT 2024","passed","Mon Nov 04 00:36:07 GMT 2024","","HYPERON-EXPERIMENTAL-SCRIPTS","HYPERON-EXPERIMENTAL-SCRIPTS",""
"","6","F1-IMPORTS.02","","Mon Nov 04 00:36:07 GMT 2024","passed","Mon Nov 04 00:36:07 GMT 2024","","HYPERON-EXPERIMENTAL-SCRIPTS","HYPERON-EXPERIMENTAL-SCRIPTS",""
"","2","ADD-REMOVE-MATCH-INTEGER.04","","Mon Nov 04 00:53:03 GMT 2024","passed","Mon Nov 04 00:53:03 GMT 2024","","SPACES","SPACES",""
"","46","DEDUCTIONIMPLICATIONDIRECTINTRODUCTIONDTLTEST.05","","Mon Nov 04 01:14:52 GMT 2024","failed","Mon Nov 04 01:14:52 GMT 2024","","DEPENDENT-TYPES","DEPENDENT-TYPES",""
"","2","E2-STATES.09","","Mon Nov 04 00:36:07 GMT 2024","passed","Mon Nov 04 00:36:07 GMT 2024","","HYPERON-EXPERIMENTAL-SCRIPTS","HYPERON-EXPERIMENTAL-SCRIPTS",""
"","15","TESTS1.01","","Mon Nov 04 01:43:55 GMT 2024","failed","Mon Nov 04 01:43:55 GMT 2024","","PREV","PREV",""
"","2","B2-BACKCHAIN.05","","Mon Nov 04 00:36:07 GMT 2024","passed","Mon Nov 04 00:36:07 GMT 2024","","HYPERON-EXPERIMENTAL-SCRIPTS","HYPERON-EXPERIMENTAL-SCRIPTS",""
"","3","LET-SUPERPOSE-IF-CASE.01","","Mon Nov 04 01:48:50 GMT 2024","passed","Mon Nov 04 01:48:50 GMT 2024","","TRANSPILER","TRANSPILER",""
"","1","STRING-TESTS.04","","Mon Nov 04 00:37:43 GMT 2024","passed","Mon Nov 04 00:37:43 GMT 2024","","HYPERON-METTALOG-SANITY","HYPERON-METTALOG-SANITY",""
"","2","D4-TYPE-PROP.09","","Mon Nov 04 01:12:10 GMT 2024","passed","Mon Nov 04 01:12:10 GMT 2024","","CHECK-TYPES","CHECK-TYPES",""
"","3","BACKWARD-CHAINER-XP.07","","Mon Nov 04 01:15:59 GMT 2024","passed","Mon Nov 04 01:15:59 GMT 2024","","BACKWARD-CHAINER","BACKWARD-CHAINER",""
"","2","FC-XP.24","","Mon Nov 04 01:18:55 GMT 2024","passed","Mon Nov 04 01:18:55 GMT 2024","","FORWARD-CHAINING","FORWARD-CHAINING",""
"","2","CHAPTER-1-1.15","","Mon Nov 04 00:55:17 GMT 2024","passed","Mon Nov 04 00:55:17 GMT 2024","","SICP-BOOK","SICP-BOOK",""
"","3","FORWARD-CHAINER-TEST.04","","Mon Nov 04 01:18:45 GMT 2024","passed","Mon Nov 04 01:18:45 GMT 2024","","FORWARD-CHAINER","FORWARD-CHAINER",""
"","2","D2-HIGHERFUNC.19","","Mon Nov 04 00:36:07 GMT 2024","passed","Mon Nov 04 00:36:07 GMT 2024","","HYPERON-EXPERIMENTAL-SCRIPTS","HYPERON-EXPERIMENTAL-SCRIPTS",""
"","2","INTERSECTION-TESTS.18","","Mon Nov 04 00:37:43 GMT 2024","passed","Mon Nov 04 00:37:43 GMT 2024","","HYPERON-METTALOG-SANITY","HYPERON-METTALOG-SANITY",""
"","40000","basic.fibo-as-pred","","Mon Nov 04 00:36:03 GMT 2024","failed","Mon Nov 04 00:36:43 GMT 2024","","WHOLE-TESTS","WHOLE-TESTS",""
"","304","STDLIB-METTALOG-TEST-PT2.22","","Mon Nov 04 00:55:08 GMT 2024","failed","Mon Nov 04 00:55:08 GMT 2024","","STDLIB-METTALOG","STDLIB-METTALOG",""
"","2","TYPES-PRELIM.06","","Mon Nov 04 00:50:44 GMT 2024","passed","Mon Nov 04 00:50:44 GMT 2024","","CHAINING","CHAINING",""
"","1","HYPERPOSE.02","","Mon Nov 04 00:41:36 GMT 2024","passed","Mon Nov 04 00:41:36 GMT 2024","","METTA-MORPH-TESTS","METTA-MORPH-TESTS",""
"","138","LOCATED-TEST.03","","Mon Nov 04 01:25:52 GMT 2024","passed","Mon Nov 04 01:25:52 GMT 2024","","LOCATED","LOCATED",""
"","3","UNIFY-VIA-LET.01","","Mon Nov 04 01:26:50 GMT 2024","passed","Mon Nov 04 01:26:50 GMT 2024","","EXPERIMENTS","EXPERIMENTS",""
"","95","ADD-ATOM-MATCH.01","","Mon Nov 04 01:47:48 GMT 2024","failed","Mon Nov 04 01:47:48 GMT 2024","","DIRECT-COMP","DIRECT-COMP",""
"","2","NILS-IF-CONTROL-TEST-2.02","","Mon Nov 04 02:04:14 GMT 2024","passed","Mon Nov 04 02:04:14 GMT 2024","","COMPARISONS","COMPARISONS",""
"","45000","nars_v0.tests4","","Mon Nov 04 00:36:03 GMT 2024","failed","Mon Nov 04 00:36:48 GMT 2024","","WHOLE-TESTS","WHOLE-TESTS",""
"","2","SUPERCOLLAPSE.03","","Mon Nov 04 00:41:36 GMT 2024","passed","Mon Nov 04 00:41:36 GMT 2024","","METTA-MORPH-TESTS","METTA-MORPH-TESTS",""
"","4000","hyperon-mettalog_sanity.sealed_test","","Mon Nov 04 00:36:03 GMT 2024","passed","Mon Nov 04 00:36:07 GMT 2024","","WHOLE-TESTS","WHOLE-TESTS",""
"","3","FORWARD-CHAINER-TEST.16","","Mon Nov 04 01:18:45 GMT 2024","passed","Mon Nov 04 01:18:45 GMT 2024","","FORWARD-CHAINER","FORWARD-CHAINER",""
"","120","ADD-REMOVE-MATCH-SS-SYMBOLS.14","","Mon Nov 04 00:53:03 GMT 2024","passed","Mon Nov 04 00:53:03 GMT 2024","","SPACES","SPACES",""
"","17270","NARS-BUILDTUPLECOUNTS.02","","Mon Nov 04 01:34:52 GMT 2024","failed","Mon Nov 04 01:35:09 GMT 2024","","NARS-EXTRAS","NARS-EXTRAS",""
"","55","IFC-XP.26","","Mon Nov 04 01:22:13 GMT 2024","passed","Mon Nov 04 01:22:13 GMT 2024","","ITERATIVE-CHAINING","ITERATIVE-CHAINING",""
"","2","ADD-REMOVE-MATCH-MIX-FLOAT-INTEGER.26","","Mon Nov 04 00:53:03 GMT 2024","passed","Mon Nov 04 00:53:03 GMT 2024","","SPACES","SPACES",""
"","14","TEST-INFER-FUNCTION-APPLICATION-TYPE.03","","Mon Nov 04 01:57:54 GMT 2024","failed","Mon Nov 04 01:57:54 GMT 2024","","BASIC","BASIC",""
"","2","STDLIB-METTALOG-TEST-PT2.45","","Mon Nov 04 00:55:08 GMT 2024","passed","Mon Nov 04 00:55:08 GMT 2024","","STDLIB-METTALOG","STDLIB-METTALOG",""
"","3","SYNTHESIZE-VIA-TYPE-CHECKING.05","","Mon Nov 04 01:26:50 GMT 2024","passed","Mon Nov 04 01:26:50 GMT 2024","","EXPERIMENTS","EXPERIMENTS",""
"","65","STDLIB-METTALOG-TEST-PT2.71","","Mon Nov 04 00:55:08 GMT 2024","failed","Mon Nov 04 00:55:08 GMT 2024","","STDLIB-METTALOG","STDLIB-METTALOG",""
"","6000","anti-regression.bc_comp","","Mon Nov 04 00:36:03 GMT 2024","passed","Mon Nov 04 00:36:09 GMT 2024","","WHOLE-TESTS","WHOLE-TESTS",""
"","42000","python_from_metta.fs","","Mon Nov 04 00:36:03 GMT 2024","failed","Mon Nov 04 00:36:45 GMT 2024","","WHOLE-TESTS","WHOLE-TESTS",""
"","46000","nars_v0.tests5","","Mon Nov 04 00:36:03 GMT 2024","failed","Mon Nov 04 00:36:49 GMT 2024","","WHOLE-TESTS","WHOLE-TESTS",""
"","3","C3-PLN-STV.03","","Mon Nov 04 00:36:07 GMT 2024","passed","Mon Nov 04 00:36:07 GMT 2024","","HYPERON-EXPERIMENTAL-SCRIPTS","HYPERON-EXPERIMENTAL-SCRIPTS",""
"","2","AI-SERVICE-COMPOSITION-SANITY.06","","Mon Nov 04 01:09:19 GMT 2024","passed","Mon Nov 04 01:09:19 GMT 2024","","AI-SERVICE","AI-SERVICE",""
"","4000","equal.ImplicationDirectIntroductionEqualTest","","Mon Nov 04 00:36:03 GMT 2024","passed","Mon Nov 04 00:36:07 GMT 2024","","WHOLE-TESTS","WHOLE-TESTS",""
"","3","HYPERPOSE.09","","Mon Nov 04 00:41:36 GMT 2024","passed","Mon Nov 04 00:41:36 GMT 2024","","METTA-MORPH-TESTS","METTA-MORPH-TESTS",""
"","4000","aunt-kg.baseline_formulation","","Mon Nov 04 00:36:03 GMT 2024","passed","Mon Nov 04 00:36:07 GMT 2024","","WHOLE-TESTS","WHOLE-TESTS",""
"","2","D2-HIGHERFUNC.17","","Mon Nov 04 01:12:10 GMT 2024","passed","Mon Nov 04 01:12:10 GMT 2024","","CHECK-TYPES","CHECK-TYPES",""
"","28","INF-CTL-MONTH-XP-SHORT-1.01","","Mon Nov 04 02:04:14 GMT 2024","failed","Mon Nov 04 02:04:14 GMT 2024","","COMPARISONS","COMPARISONS",""
"","1","TYPE-PROP.13","","Mon Nov 04 01:11:50 GMT 2024","passed","Mon Nov 04 01:11:50 GMT 2024","","CHECK-TYPES-TEMP","CHECK-TYPES-TEMP",""
"","5","ADD-REMOVE-MATCH-MIX-FLOAT-INTEGER.29","","Mon Nov 04 00:53:03 GMT 2024","passed","Mon Nov 04 00:53:03 GMT 2024","","SPACES","SPACES",""
"","153","NTE.03","","Mon Nov 04 01:01:56 GMT 2024","passed","Mon Nov 04 01:01:56 GMT 2024","","EDGES-TO-EDGES","EDGES-TO-EDGES",""
"","2","TYPE-PROP.61","","Mon Nov 04 01:11:50 GMT 2024","passed","Mon Nov 04 01:11:50 GMT 2024","","CHECK-TYPES-TEMP","CHECK-TYPES-TEMP",""
"","2","ADD-REMOVE-MATCH-FLOAT.15","","Mon Nov 04 00:53:03 GMT 2024","passed","Mon Nov 04 00:53:03 GMT 2024","","SPACES","SPACES",""
"","2","OR-TEST.15","","Mon Nov 04 00:37:43 GMT 2024","passed","Mon Nov 04 00:37:43 GMT 2024","","HYPERON-METTALOG-SANITY","HYPERON-METTALOG-SANITY",""
"","3","A1-SYMBOLS.05","","Mon Nov 04 00:36:07 GMT 2024","passed","Mon Nov 04 00:36:07 GMT 2024","","HYPERON-EXPERIMENTAL-SCRIPTS","HYPERON-EXPERIMENTAL-SCRIPTS",""
"","79","QUERIES.17","","Mon Nov 04 01:08:27 GMT 2024","failed","Mon Nov 04 01:08:27 GMT 2024","","STRIPS-TO-METTA-IMPROVED","STRIPS-TO-METTA-IMPROVED",""
"","34","STDLIB-METTALOG-TEST-PT2.16","","Mon Nov 04 00:55:08 GMT 2024","failed","Mon Nov 04 00:55:08 GMT 2024","","STDLIB-METTALOG","STDLIB-METTALOG",""
"","4","TRUTHVALUETEST.03","","Mon Nov 04 01:16:43 GMT 2024","passed","Mon Nov 04 01:16:43 GMT 2024","","TRUTHVALUE","TRUTHVALUE",""
"","2","F1-MODULEA.08","","Mon Nov 04 00:45:46 GMT 2024","passed","Mon Nov 04 00:45:46 GMT 2024","","QUICK","QUICK",""
"","2","00A-LANG-COMPILED-CASE.06","","Mon Nov 04 01:47:48 GMT 2024","passed","Mon Nov 04 01:47:48 GMT 2024","","DIRECT-COMP","DIRECT-COMP",""
"","14","D2-HIGHERFUNC.21","","Mon Nov 04 01:12:10 GMT 2024","passed","Mon Nov 04 01:12:10 GMT 2024","","CHECK-TYPES","CHECK-TYPES",""
"","5000","match.DeductionImplicationDirectIntroductionMatchTest","","Mon Nov 04 00:36:03 GMT 2024","passed","Mon Nov 04 00:36:08 GMT 2024","","WHOLE-TESTS","WHOLE-TESTS",""
"","2","CML-UNSHARED.09","","Mon Nov 04 01:57:54 GMT 2024","passed","Mon Nov 04 01:57:54 GMT 2024","","BASIC","BASIC",""
"","2","BACKWARD-CHAINER-XP.16","","Mon Nov 04 01:15:59 GMT 2024","passed","Mon Nov 04 01:15:59 GMT 2024","","BACKWARD-CHAINER","BACKWARD-CHAINER",""
"","41000","comparisons.nils_if_control_test_4","","Mon Nov 04 00:36:03 GMT 2024","failed","Mon Nov 04 00:36:44 GMT 2024","","WHOLE-TESTS","WHOLE-TESTS",""
"","2","D2-HIGHERFUNC.06","","Mon Nov 04 00:45:46 GMT 2024","passed","Mon Nov 04 00:45:46 GMT 2024","","QUICK","QUICK",""
"","5","SEALED-TEST.01","","Mon Nov 04 00:37:43 GMT 2024","passed","Mon Nov 04 00:37:43 GMT 2024","","HYPERON-METTALOG-SANITY","HYPERON-METTALOG-SANITY",""
"","2","F1-IMPORTS.08","","Mon Nov 04 00:35:58 GMT 2024","passed","Mon Nov 04 00:35:58 GMT 2024","","MODULE-SYSTEM","MODULE-SYSTEM",""
"","2","BACKWARD-CHAINER-XP.23","","Mon Nov 04 01:15:59 GMT 2024","passed","Mon Nov 04 01:15:59 GMT 2024","","BACKWARD-CHAINER","BACKWARD-CHAINER",""
"","2","BC-XP.02","","Mon Nov 04 01:16:05 GMT 2024","passed","Mon Nov 04 01:16:05 GMT 2024","","BACKWARD-CHAINING","BACKWARD-CHAINING",""
"","3","FORWARD-CHAINER-XP.29","","Mon Nov 04 01:18:45 GMT 2024","passed","Mon Nov 04 01:18:45 GMT 2024","","FORWARD-CHAINER","FORWARD-CHAINER",""
"","2","IBC-XP.23","","Mon Nov 04 01:22:13 GMT 2024","passed","Mon Nov 04 01:22:13 GMT 2024","","ITERATIVE-CHAINING","ITERATIVE-CHAINING",""
"","12","HIGHER-ORDER-FUNCS.02","","Mon Nov 04 00:53:44 GMT 2024","failed","Mon Nov 04 00:53:44 GMT 2024","","STD","STD",""
"","1","D2-HIGHERFUNC.03","","Mon Nov 04 00:45:46 GMT 2024","passed","Mon Nov 04 00:45:46 GMT 2024","","QUICK","QUICK",""
"","3","BC-COMP.04","","Mon Nov 04 00:43:38 GMT 2024","passed","Mon Nov 04 00:43:38 GMT 2024","","ANTI-REGRESSION","ANTI-REGRESSION",""
"","2","D4-TYPE-PROP.07","","Mon Nov 04 00:36:07 GMT 2024","passed","Mon Nov 04 00:36:07 GMT 2024","","HYPERON-EXPERIMENTAL-SCRIPTS","HYPERON-EXPERIMENTAL-SCRIPTS",""
"","121","SHOW-TYPE.10","","Mon Nov 04 00:52:48 GMT 2024","failed","Mon Nov 04 00:52:48 GMT 2024","","INTROSPECT","INTROSPECT",""
"","5","03-SORING-VIA-INSERT.01","","Mon Nov 04 00:37:43 GMT 2024","passed","Mon Nov 04 00:37:43 GMT 2024","","HYPERON-METTALOG-SANITY","HYPERON-METTALOG-SANITY",""
"","2","ADD-REMOVE-MATCH-S-SYMBOLS.01","","Mon Nov 04 00:53:03 GMT 2024","passed","Mon Nov 04 00:53:03 GMT 2024","","SPACES","SPACES",""
"","1","HYPERPOSING.07","","Mon Nov 04 01:57:54 GMT 2024","passed","Mon Nov 04 01:57:54 GMT 2024","","BASIC","BASIC",""
"","501","DEDUCTIONEQUALTEST.02","","Mon Nov 04 01:18:35 GMT 2024","failed","Mon Nov 04 01:18:35 GMT 2024","","EQUAL","EQUAL",""
"","2","ADD-REMOVE-MATCH-SS-SYMBOLS.15","","Mon Nov 04 00:53:03 GMT 2024","passed","Mon Nov 04 00:53:03 GMT 2024","","SPACES","SPACES",""
"","57","APPEND-USING-EQUALITY.02","","Mon Nov 04 01:55:33 GMT 2024","failed","Mon Nov 04 01:55:33 GMT 2024","","MULTIDIRECTIONAL","MULTIDIRECTIONAL",""
"","2","STDLIB-METTALOG-TEST-PT2.47","","Mon Nov 04 00:55:08 GMT 2024","passed","Mon Nov 04 00:55:08 GMT 2024","","STDLIB-METTALOG","STDLIB-METTALOG",""
"","1","NATPARITYTEST.14","","Mon Nov 04 01:19:01 GMT 2024","passed","Mon Nov 04 01:19:01 GMT 2024","","HOL","HOL",""
"","63","C1-GROUNDED-BASIC.15","","Mon Nov 04 00:36:07 GMT 2024","failed","Mon Nov 04 00:36:07 GMT 2024","","HYPERON-EXPERIMENTAL-SCRIPTS","HYPERON-EXPERIMENTAL-SCRIPTS",""
"","4000","check_types-temp.soring-via-insert","","Mon Nov 04 00:36:03 GMT 2024","passed","Mon Nov 04 00:36:07 GMT 2024","","WHOLE-TESTS","WHOLE-TESTS",""
"","2","D1-GADT.14","","Mon Nov 04 00:45:46 GMT 2024","passed","Mon Nov 04 00:45:46 GMT 2024","","QUICK","QUICK",""
"","2","SYNTHESIZE-VIA-SUPERPOSE.02","","Mon Nov 04 01:26:50 GMT 2024","passed","Mon Nov 04 01:26:50 GMT 2024","","EXPERIMENTS","EXPERIMENTS",""
"","5000","hyperon-mettalog_sanity.01_lang_inc","","Mon Nov 04 00:36:03 GMT 2024","passed","Mon Nov 04 00:36:08 GMT 2024","","WHOLE-TESTS","WHOLE-TESTS",""
"","12","IMPLICATIONDIRECTINTRODUCTIONDTLTEST.03","","Mon Nov 04 01:14:52 GMT 2024","passed","Mon Nov 04 01:14:52 GMT 2024","","DEPENDENT-TYPES","DEPENDENT-TYPES",""
"","2","F1-IMPORTS.05","","Mon Nov 04 00:35:58 GMT 2024","passed","Mon Nov 04 00:35:58 GMT 2024","","MODULE-SYSTEM","MODULE-SYSTEM",""
"","51","STDLIB-METTALOG-TEST-PT2.15","","Mon Nov 04 00:55:08 GMT 2024","failed","Mon Nov 04 00:55:08 GMT 2024","","STDLIB-METTALOG","STDLIB-METTALOG",""
"","40000","dependent-types.DeductionImplicationDirectIntroductionDTLTest","","Mon Nov 04 00:36:03 GMT 2024","failed","Mon Nov 04 00:36:43 GMT 2024","","WHOLE-TESTS","WHOLE-TESTS",""
"","63","D5-AUTO-TYPES.05","","Mon Nov 04 00:36:07 GMT 2024","failed","Mon Nov 04 00:36:07 GMT 2024","","HYPERON-EXPERIMENTAL-SCRIPTS","HYPERON-EXPERIMENTAL-SCRIPTS",""
"","40","IFC-XP.05","","Mon Nov 04 01:22:13 GMT 2024","failed","Mon Nov 04 01:22:13 GMT 2024","","ITERATIVE-CHAINING","ITERATIVE-CHAINING",""
"","131","CREATION.02","","Mon Nov 04 01:09:08 GMT 2024","failed","Mon Nov 04 01:09:08 GMT 2024","","TRAVERSER","TRAVERSER",""
"","2","ADD-REMOVE-MATCH-INTEGER.41","","Mon Nov 04 00:53:03 GMT 2024","passed","Mon Nov 04 00:53:03 GMT 2024","","SPACES","SPACES",""
"","2","SUBTRACTION-TEST.10","","Mon Nov 04 00:37:43 GMT 2024","passed","Mon Nov 04 00:37:43 GMT 2024","","HYPERON-METTALOG-SANITY","HYPERON-METTALOG-SANITY",""
"","2","SEQUENTIAL-NESTED.10","","Mon Nov 04 00:41:36 GMT 2024","passed","Mon Nov 04 00:41:36 GMT 2024","","METTA-MORPH-TESTS","METTA-MORPH-TESTS",""
"","3","COMMA-IS-NOT-SPECIAL.01","","Mon Nov 04 01:49:17 GMT 2024","passed","Mon Nov 04 01:49:17 GMT 2024","","WALK-THRU","WALK-THRU",""
"","2","SUBTRACTION-TEST.03","","Mon Nov 04 00:37:43 GMT 2024","passed","Mon Nov 04 00:37:43 GMT 2024","","HYPERON-METTALOG-SANITY","HYPERON-METTALOG-SANITY",""
"","2","TYPE-PROP.43","","Mon Nov 04 01:11:50 GMT 2024","passed","Mon Nov 04 01:11:50 GMT 2024","","CHECK-TYPES-TEMP","CHECK-TYPES-TEMP",""
"","2","B0-CHAINING-PRELIM.05","","Mon Nov 04 00:36:07 GMT 2024","passed","Mon Nov 04 00:36:07 GMT 2024","","HYPERON-EXPERIMENTAL-SCRIPTS","HYPERON-EXPERIMENTAL-SCRIPTS",""
"","5000","chaining.chaining_prelim","","Mon Nov 04 00:36:03 GMT 2024","passed","Mon Nov 04 00:36:08 GMT 2024","","WHOLE-TESTS","WHOLE-TESTS",""
"","3","QUERIES.01","","Mon Nov 04 01:08:27 GMT 2024","passed","Mon Nov 04 01:08:27 GMT 2024","","STRIPS-TO-METTA-IMPROVED","STRIPS-TO-METTA-IMPROVED",""
"","2","PLN-XP-LOCAL-V2.02","","Mon Nov 04 00:50:44 GMT 2024","passed","Mon Nov 04 00:50:44 GMT 2024","","CHAINING","CHAINING",""
"","2","FORWARD-CHAINER-XP.24","","Mon Nov 04 01:18:45 GMT 2024","passed","Mon Nov 04 01:18:45 GMT 2024","","FORWARD-CHAINER","FORWARD-CHAINER",""
"","5","UTILS-TEST.03","","Mon Nov 04 01:15:54 GMT 2024","passed","Mon Nov 04 01:15:54 GMT 2024","","UTILS","UTILS",""
"","1151","RED-BLACK.02","","Mon Nov 04 01:07:30 GMT 2024","passed","Mon Nov 04 01:07:31 GMT 2024","","RED-BLACK-LAMBDA","RED-BLACK-LAMBDA",""
"","2","KEY-LOOKUPS-MANY.04","","Mon Nov 04 01:57:54 GMT 2024","passed","Mon Nov 04 01:57:54 GMT 2024","","BASIC","BASIC",""
"","2","IBC-XP.06","","Mon Nov 04 01:22:13 GMT 2024","passed","Mon Nov 04 01:22:13 GMT 2024","","ITERATIVE-CHAINING","ITERATIVE-CHAINING",""
"","2","D4-TYPE-PROP.17","","Mon Nov 04 00:45:46 GMT 2024","passed","Mon Nov 04 00:45:46 GMT 2024","","QUICK","QUICK",""
"","2","BC-COMP.01","","Mon Nov 04 00:43:38 GMT 2024","passed","Mon Nov 04 00:43:38 GMT 2024","","ANTI-REGRESSION","ANTI-REGRESSION",""
"","2","ADD-REMOVE-MATCH-FLOAT.02","","Mon Nov 04 00:53:03 GMT 2024","passed","Mon Nov 04 00:53:03 GMT 2024","","SPACES","SPACES",""
"","1","STATES-SPACES.05","","Mon Nov 04 00:41:36 GMT 2024","passed","Mon Nov 04 00:41:36 GMT 2024","","METTA-MORPH-TESTS","METTA-MORPH-TESTS",""
"","318","LOCATED-TEST.02","","Mon Nov 04 01:25:52 GMT 2024","failed","Mon Nov 04 01:25:52 GMT 2024","","LOCATED","LOCATED",""
"","1","INTERSECTION-TESTS.05","","Mon Nov 04 00:37:43 GMT 2024","passed","Mon Nov 04 00:37:43 GMT 2024","","HYPERON-METTALOG-SANITY","HYPERON-METTALOG-SANITY",""
"","96","STDLIB-METTALOG-TEST-PT2.02","","Mon Nov 04 00:55:08 GMT 2024","failed","Mon Nov 04 00:55:08 GMT 2024","","STDLIB-METTALOG","STDLIB-METTALOG",""
"","2","C1-GROUNDED-BASIC.18","","Mon Nov 04 00:36:07 GMT 2024","passed","Mon Nov 04 00:36:07 GMT 2024","","HYPERON-EXPERIMENTAL-SCRIPTS","HYPERON-EXPERIMENTAL-SCRIPTS",""
"","2","TMPMATCH2.02","","Mon Nov 04 01:49:17 GMT 2024","passed","Mon Nov 04 01:49:17 GMT 2024","","WALK-THRU","WALK-THRU",""
"","2","D4-TYPE-PROP.17","","Mon Nov 04 00:36:07 GMT 2024","passed","Mon Nov 04 00:36:07 GMT 2024","","HYPERON-EXPERIMENTAL-SCRIPTS","HYPERON-EXPERIMENTAL-SCRIPTS",""
"","1","B5-TYPES-PRELIM.12","","Mon Nov 04 01:11:50 GMT 2024","passed","Mon Nov 04 01:11:50 GMT 2024","","CHECK-TYPES-TEMP","CHECK-TYPES-TEMP",""
"","2","SPACE-INTERSECTION-TESTS.13","","Mon Nov 04 00:37:43 GMT 2024","passed","Mon Nov 04 00:37:43 GMT 2024","","HYPERON-METTALOG-SANITY","HYPERON-METTALOG-SANITY",""
"","3","RUN-MINNARS.01","","Mon Nov 04 01:34:52 GMT 2024","passed","Mon Nov 04 01:34:52 GMT 2024","","NARS-EXTRAS","NARS-EXTRAS",""
"","2","CHAPTER-2-4.08","","Mon Nov 04 00:55:17 GMT 2024","passed","Mon Nov 04 00:55:17 GMT 2024","","SICP-BOOK","SICP-BOOK",""
"","2","INTERSECTION-TESTS.11","","Mon Nov 04 00:37:43 GMT 2024","passed","Mon Nov 04 00:37:43 GMT 2024","","HYPERON-METTALOG-SANITY","HYPERON-METTALOG-SANITY",""
"","245","SHOW-TYPE.16","","Mon Nov 04 00:52:48 GMT 2024","failed","Mon Nov 04 00:52:48 GMT 2024","","INTROSPECT","INTROSPECT",""
"","40000","SICP_book.chapter_1_2","","Mon Nov 04 00:36:03 GMT 2024","failed","Mon Nov 04 00:36:43 GMT 2024","","WHOLE-TESTS","WHOLE-TESTS",""
"","3","NATDTLTEST.01","","Mon Nov 04 01:19:01 GMT 2024","passed","Mon Nov 04 01:19:01 GMT 2024","","HOL","HOL",""
"","72","F1-IMPORTS.18","","Mon Nov 04 00:45:46 GMT 2024","passed","Mon Nov 04 00:45:46 GMT 2024","","QUICK","QUICK",""
"","2","ADD-REMOVE-MATCH-SS-STRINGS.04","","Mon Nov 04 00:53:03 GMT 2024","passed","Mon Nov 04 00:53:03 GMT 2024","","SPACES","SPACES",""
"","2","TEST-IF-CLOSED.02","","Mon Nov 04 00:43:38 GMT 2024","passed","Mon Nov 04 00:43:38 GMT 2024","","ANTI-REGRESSION","ANTI-REGRESSION",""
"","5000","hyperon-experimental_scripts.d5_auto_types","","Mon Nov 04 00:36:03 GMT 2024","passed","Mon Nov 04 00:36:08 GMT 2024","","WHOLE-TESTS","WHOLE-TESTS",""
"","3","IFC-XP.34","","Mon Nov 04 01:22:13 GMT 2024","passed","Mon Nov 04 01:22:13 GMT 2024","","ITERATIVE-CHAINING","ITERATIVE-CHAINING",""
"","2","ADD-REMOVE-MATCH-SS-STRINGS.11","","Mon Nov 04 00:53:03 GMT 2024","passed","Mon Nov 04 00:53:03 GMT 2024","","SPACES","SPACES",""
"","4000","walk_thru.tmpMatch1","","Mon Nov 04 00:36:03 GMT 2024","passed","Mon Nov 04 00:36:07 GMT 2024","","WHOLE-TESTS","WHOLE-TESTS",""
"","2","D2-HIGHERFUNC.04","","Mon Nov 04 00:45:46 GMT 2024","passed","Mon Nov 04 00:45:46 GMT 2024","","QUICK","QUICK",""
"","2476","TESTS1.04","","Mon Nov 04 00:46:15 GMT 2024","failed","Mon Nov 04 00:46:17 GMT 2024","","MAIN-BRANCH","MAIN-BRANCH",""
"","5000","graphml.graphml_test","","Mon Nov 04 00:36:03 GMT 2024","passed","Mon Nov 04 00:36:08 GMT 2024","","WHOLE-TESTS","WHOLE-TESTS",""
"","2","ADD-REMOVE-MATCH-INTEGER.23","","Mon Nov 04 00:53:03 GMT 2024","passed","Mon Nov 04 00:53:03 GMT 2024","","SPACES","SPACES",""
"","76","PROB-DEP-TYPES.03","","Mon Nov 04 01:03:54 GMT 2024","passed","Mon Nov 04 01:03:54 GMT 2024","","PROB-DEP-TYPES","PROB-DEP-TYPES",""
"","11","TYPE-PROP.57","","Mon Nov 04 01:11:50 GMT 2024","failed","Mon Nov 04 01:11:50 GMT 2024","","CHECK-TYPES-TEMP","CHECK-TYPES-TEMP",""
"","16","F1-IMPORTS.04","","Mon Nov 04 00:35:58 GMT 2024","failed","Mon Nov 04 00:35:58 GMT 2024","","MODULE-SYSTEM","MODULE-SYSTEM",""
"","94","ADD-REMOVE-MATCH-MIX-FLOAT-INTEGER.27","","Mon Nov 04 00:53:03 GMT 2024","failed","Mon Nov 04 00:53:03 GMT 2024","","SPACES","SPACES",""
"","2","STDLIB-METTALOG-TEST-PT2.33","","Mon Nov 04 00:55:08 GMT 2024","passed","Mon Nov 04 00:55:08 GMT 2024","","STDLIB-METTALOG","STDLIB-METTALOG",""
"","2","NILS-IF-CONTROL-TEST-2.01","","Mon Nov 04 02:04:14 GMT 2024","passed","Mon Nov 04 02:04:14 GMT 2024","","COMPARISONS","COMPARISONS",""
"","2","INF-CTL-XP.10","","Mon Nov 04 01:20:12 GMT 2024","passed","Mon Nov 04 01:20:12 GMT 2024","","INFERENCE-CONTROL","INFERENCE-CONTROL",""
"","2","SPACE-SUBTRACTION-TESTS.02","","Mon Nov 04 00:37:43 GMT 2024","passed","Mon Nov 04 00:37:43 GMT 2024","","HYPERON-METTALOG-SANITY","HYPERON-METTALOG-SANITY",""
"","3","REWRITES.01","","Mon Nov 04 01:07:38 GMT 2024","passed","Mon Nov 04 01:07:38 GMT 2024","","STACK-BASED","STACK-BASED",""
"","382","NATSTANDALONETEST.14","","Mon Nov 04 01:19:01 GMT 2024","failed","Mon Nov 04 01:19:01 GMT 2024","","HOL","HOL",""
"","2","CHAPTER-2-4.11","","Mon Nov 04 00:55:17 GMT 2024","passed","Mon Nov 04 00:55:17 GMT 2024","","SICP-BOOK","SICP-BOOK",""
"","3","B5-TYPES-PRELIM.01","","Mon Nov 04 00:36:07 GMT 2024","passed","Mon Nov 04 00:36:07 GMT 2024","","HYPERON-EXPERIMENTAL-SCRIPTS","HYPERON-EXPERIMENTAL-SCRIPTS",""
"","2","TMPMATCH2.04","","Mon Nov 04 01:49:17 GMT 2024","passed","Mon Nov 04 01:49:17 GMT 2024","","WALK-THRU","WALK-THRU",""
"","12","D1-GADT.04","","Mon Nov 04 00:36:07 GMT 2024","passed","Mon Nov 04 00:36:07 GMT 2024","","HYPERON-EXPERIMENTAL-SCRIPTS","HYPERON-EXPERIMENTAL-SCRIPTS",""
"","90","STDLIB-METTALOG-TEST-PT2.59","","Mon Nov 04 00:55:08 GMT 2024","failed","Mon Nov 04 00:55:08 GMT 2024","","STDLIB-METTALOG","STDLIB-METTALOG",""
"","3","NUMTEST.08","","Mon Nov 04 01:16:14 GMT 2024","passed","Mon Nov 04 01:16:14 GMT 2024","","COMMON","COMMON",""
"","4","MINNARS.01","","Mon Nov 04 00:41:36 GMT 2024","passed","Mon Nov 04 00:41:36 GMT 2024","","METTA-MORPH-TESTS","METTA-MORPH-TESTS",""
"","2","BC-XP.08","","Mon Nov 04 01:16:05 GMT 2024","passed","Mon Nov 04 01:16:05 GMT 2024","","BACKWARD-CHAINING","BACKWARD-CHAINING",""
"","2","KEY-LOOKUPS-MANY.03","","Mon Nov 04 01:57:54 GMT 2024","passed","Mon Nov 04 01:57:54 GMT 2024","","BASIC","BASIC",""
"","2","C1-GROUNDED-BASIC.22","","Mon Nov 04 00:36:07 GMT 2024","passed","Mon Nov 04 00:36:07 GMT 2024","","HYPERON-EXPERIMENTAL-SCRIPTS","HYPERON-EXPERIMENTAL-SCRIPTS",""
"","1","BACKWARD-CHAINER-XP.26","","Mon Nov 04 01:15:59 GMT 2024","passed","Mon Nov 04 01:15:59 GMT 2024","","BACKWARD-CHAINER","BACKWARD-CHAINER",""
"","2","FORWARD-CHAINER-XP.03","","Mon Nov 04 01:18:45 GMT 2024","passed","Mon Nov 04 01:18:45 GMT 2024","","FORWARD-CHAINER","FORWARD-CHAINER",""
"","40000","main-branch.tests4","","Mon Nov 04 00:36:03 GMT 2024","failed","Mon Nov 04 00:36:43 GMT 2024","","WHOLE-TESTS","WHOLE-TESTS",""
"","4000","metta-morph_tests.zeroargs","","Mon Nov 04 00:36:03 GMT 2024","passed","Mon Nov 04 00:36:07 GMT 2024","","WHOLE-TESTS","WHOLE-TESTS",""
"","88","ADD-REMOVE-MATCH-SYMBOLS.14","","Mon Nov 04 00:53:03 GMT 2024","passed","Mon Nov 04 00:53:03 GMT 2024","","SPACES","SPACES",""
"","2","INTERSECTION-TESTS.13","","Mon Nov 04 00:37:43 GMT 2024","passed","Mon Nov 04 00:37:43 GMT 2024","","HYPERON-METTALOG-SANITY","HYPERON-METTALOG-SANITY",""
"","2","B5-TYPES-PRELIM.22","","Mon Nov 04 00:36:07 GMT 2024","passed","Mon Nov 04 00:36:07 GMT 2024","","HYPERON-EXPERIMENTAL-SCRIPTS","HYPERON-EXPERIMENTAL-SCRIPTS",""
"","123","INF-CTL-MONTH-BC-CONT-XP.25","","Mon Nov 04 01:20:12 GMT 2024","passed","Mon Nov 04 01:20:12 GMT 2024","","INFERENCE-CONTROL","INFERENCE-CONTROL",""
"","2","F1-IMPORTS.20","","Mon Nov 04 00:45:46 GMT 2024","passed","Mon Nov 04 00:45:46 GMT 2024","","QUICK","QUICK",""
"","2","ADD-REMOVE-MATCH-MIX-FLOAT-INTEGER.15","","Mon Nov 04 00:53:03 GMT 2024","passed","Mon Nov 04 00:53:03 GMT 2024","","SPACES","SPACES",""
"","2","BACKWARD-CHAINER-XP.12","","Mon Nov 04 01:15:59 GMT 2024","passed","Mon Nov 04 01:15:59 GMT 2024","","BACKWARD-CHAINER","BACKWARD-CHAINER",""
"","5000","logic.all_any","","Mon Nov 04 00:36:03 GMT 2024","passed","Mon Nov 04 00:36:08 GMT 2024","","WHOLE-TESTS","WHOLE-TESTS",""
"","2","BACKWARD-CHAINER-XP.30","","Mon Nov 04 01:15:59 GMT 2024","passed","Mon Nov 04 01:15:59 GMT 2024","","BACKWARD-CHAINER","BACKWARD-CHAINER",""
"","1","NATSTANDALONETEST.04","","Mon Nov 04 01:19:01 GMT 2024","passed","Mon Nov 04 01:19:01 GMT 2024","","HOL","HOL",""
"","12000","walk_thru.bc_impl","","Mon Nov 04 00:36:03 GMT 2024","passed","Mon Nov 04 00:36:15 GMT 2024","","WHOLE-TESTS","WHOLE-TESTS",""
"","74","NONDETERM.01","","Mon Nov 04 00:53:44 GMT 2024","passed","Mon Nov 04 00:53:44 GMT 2024","","STD","STD",""
"","2","ADD-REMOVE-MATCH-STRINGS.02","","Mon Nov 04 00:53:03 GMT 2024","passed","Mon Nov 04 00:53:03 GMT 2024","","SPACES","SPACES",""
"","43000","synth_buffer.time_synthesize_long","","Mon Nov 04 00:36:03 GMT 2024","failed","Mon Nov 04 00:36:46 GMT 2024","","WHOLE-TESTS","WHOLE-TESTS",""
"","40000","dependent-types.MinerDTL1Test","","Mon Nov 04 00:36:03 GMT 2024","failed","Mon Nov 04 00:36:43 GMT 2024","","WHOLE-TESTS","WHOLE-TESTS",""
"","2","B5-TYPES-PRELIM.05","","Mon Nov 04 00:36:07 GMT 2024","passed","Mon Nov 04 00:36:07 GMT 2024","","HYPERON-EXPERIMENTAL-SCRIPTS","HYPERON-EXPERIMENTAL-SCRIPTS",""
"","43000","synthesis.SynthesizeTest","","Mon Nov 04 00:36:03 GMT 2024","failed","Mon Nov 04 00:36:46 GMT 2024","","WHOLE-TESTS","WHOLE-TESTS",""
"","3","D4-TYPE-PROP.12","","Mon Nov 04 01:12:10 GMT 2024","passed","Mon Nov 04 01:12:10 GMT 2024","","CHECK-TYPES","CHECK-TYPES",""
"","2","TYPE-PROP.70","","Mon Nov 04 01:11:50 GMT 2024","passed","Mon Nov 04 01:11:50 GMT 2024","","CHECK-TYPES-TEMP","CHECK-TYPES-TEMP",""
"","1","HYPERPOSING-UNSHARED.03","","Mon Nov 04 01:57:54 GMT 2024","passed","Mon Nov 04 01:57:54 GMT 2024","","BASIC","BASIC",""
"","1","BACKWARD-CHAINER-XP.36","","Mon Nov 04 01:15:59 GMT 2024","passed","Mon Nov 04 01:15:59 GMT 2024","","BACKWARD-CHAINER","BACKWARD-CHAINER",""
"","4000","spaces.add-remove-match-ss-strings","","Mon Nov 04 00:36:03 GMT 2024","passed","Mon Nov 04 00:36:07 GMT 2024","","WHOLE-TESTS","WHOLE-TESTS",""
"","3","IFC-XP.30","","Mon Nov 04 01:22:13 GMT 2024","passed","Mon Nov 04 01:22:13 GMT 2024","","ITERATIVE-CHAINING","ITERATIVE-CHAINING",""
"","2","D4-TYPE-PROP.12","","Mon Nov 04 00:45:46 GMT 2024","passed","Mon Nov 04 00:45:46 GMT 2024","","QUICK","QUICK",""
"","58","D5-AUTO-TYPES.02","","Mon Nov 04 01:12:10 GMT 2024","failed","Mon Nov 04 01:12:10 GMT 2024","","CHECK-TYPES","CHECK-TYPES",""
"","71","BASE-TEST-REPR-PARSE-INTERSECTION.02","","Mon Nov 04 00:37:43 GMT 2024","passed","Mon Nov 04 00:37:43 GMT 2024","","HYPERON-METTALOG-SANITY","HYPERON-METTALOG-SANITY",""
"","3","HIGHER-ORDER-FUNCS.09","","Mon Nov 04 00:53:44 GMT 2024","passed","Mon Nov 04 00:53:44 GMT 2024","","STD","STD",""
"","8","PREREQS.09","","Mon Nov 04 00:46:15 GMT 2024","passed","Mon Nov 04 00:46:15 GMT 2024","","MAIN-BRANCH","MAIN-BRANCH",""
"","7472","INF-ORDER-PROBS.04","","Mon Nov 04 01:03:54 GMT 2024","passed","Mon Nov 04 01:04:01 GMT 2024","","PROB-DEP-TYPES","PROB-DEP-TYPES",""
"","152","NALIFIER-PREV.01","","Mon Nov 04 00:46:15 GMT 2024","passed","Mon Nov 04 00:46:15 GMT 2024","","MAIN-BRANCH","MAIN-BRANCH",""
"","50","INF-CTL-MONTH-BC-CONT-XP.18","","Mon Nov 04 01:20:12 GMT 2024","failed","Mon Nov 04 01:20:12 GMT 2024","","INFERENCE-CONTROL","INFERENCE-CONTROL",""
"","185","IFC-XP.25","","Mon Nov 04 01:22:13 GMT 2024","failed","Mon Nov 04 01:22:13 GMT 2024","","ITERATIVE-CHAINING","ITERATIVE-CHAINING",""
"","195","USE-TWO-SERVERS.01","","Mon Nov 04 01:53:39 GMT 2024","failed","Mon Nov 04 01:53:39 GMT 2024","","DISTRIBUTED-PROCESSING","DISTRIBUTED-PROCESSING",""
"","7289","PROB-DEP-TYPES.14","","Mon Nov 04 01:03:54 GMT 2024","failed","Mon Nov 04 01:04:01 GMT 2024","","PROB-DEP-TYPES","PROB-DEP-TYPES",""
"","1","D2-HIGHERFUNC.08","","Mon Nov 04 00:45:46 GMT 2024","passed","Mon Nov 04 00:45:46 GMT 2024","","QUICK","QUICK",""
"","46000","SICP_book.chapter_2_3","","Mon Nov 04 00:36:03 GMT 2024","failed","Mon Nov 04 00:36:49 GMT 2024","","WHOLE-TESTS","WHOLE-TESTS",""
"","2","ORDEREDSETTEST.10","","Mon Nov 04 01:16:14 GMT 2024","passed","Mon Nov 04 01:16:14 GMT 2024","","COMMON","COMMON",""
"","3","TESTS2.02","","Mon Nov 04 00:46:15 GMT 2024","passed","Mon Nov 04 00:46:15 GMT 2024","","MAIN-BRANCH","MAIN-BRANCH",""
"","2","ADD-REMOVE-MATCH-INTEGER.20","","Mon Nov 04 00:53:03 GMT 2024","passed","Mon Nov 04 00:53:03 GMT 2024","","SPACES","SPACES",""
"","2","TESTS5.06","","Mon Nov 04 00:46:15 GMT 2024","passed","Mon Nov 04 00:46:15 GMT 2024","","MAIN-BRANCH","MAIN-BRANCH",""
"","46000","nars_v0.tests2","","Mon Nov 04 00:36:03 GMT 2024","failed","Mon Nov 04 00:36:49 GMT 2024","","WHOLE-TESTS","WHOLE-TESTS",""
"","2","TYPE-PROP.40","","Mon Nov 04 01:11:50 GMT 2024","passed","Mon Nov 04 01:11:50 GMT 2024","","CHECK-TYPES-TEMP","CHECK-TYPES-TEMP",""
"","2","STRING-TESTS.15","","Mon Nov 04 00:37:43 GMT 2024","passed","Mon Nov 04 00:37:43 GMT 2024","","HYPERON-METTALOG-SANITY","HYPERON-METTALOG-SANITY",""
"","3","NUMTEST.01","","Mon Nov 04 01:16:14 GMT 2024","passed","Mon Nov 04 01:16:14 GMT 2024","","COMMON","COMMON",""
"","3","A1-SYMBOLS.04","","Mon Nov 04 00:36:07 GMT 2024","passed","Mon Nov 04 00:36:07 GMT 2024","","HYPERON-EXPERIMENTAL-SCRIPTS","HYPERON-EXPERIMENTAL-SCRIPTS",""
"","3","PREREQS.01","","Mon Nov 04 00:46:15 GMT 2024","passed","Mon Nov 04 00:46:15 GMT 2024","","MAIN-BRANCH","MAIN-BRANCH",""
"","8","PLN-STV.03","","Mon Nov 04 00:50:44 GMT 2024","passed","Mon Nov 04 00:50:44 GMT 2024","","CHAINING","CHAINING",""
"","3","E2-STATES.05","","Mon Nov 04 00:36:07 GMT 2024","passed","Mon Nov 04 00:36:07 GMT 2024","","HYPERON-EXPERIMENTAL-SCRIPTS","HYPERON-EXPERIMENTAL-SCRIPTS",""
"","2","ADD-REMOVE-MATCH-MIX-FLOAT-INTEGER.20","","Mon Nov 04 00:53:03 GMT 2024","passed","Mon Nov 04 00:53:03 GMT 2024","","SPACES","SPACES",""
"","52","IMPLICATIONDIRECTINTRODUCTIONDTLTEST.01","","Mon Nov 04 01:14:52 GMT 2024","failed","Mon Nov 04 01:14:52 GMT 2024","","DEPENDENT-TYPES","DEPENDENT-TYPES",""
"","2","KEY-LOOKUPS-MANY.10","","Mon Nov 04 01:57:54 GMT 2024","passed","Mon Nov 04 01:57:54 GMT 2024","","BASIC","BASIC",""
"","458","NATSIMPLETEST.04","","Mon Nov 04 01:19:01 GMT 2024","failed","Mon Nov 04 01:19:01 GMT 2024","","HOL","HOL",""
"","1","HYPERPOSING.06","","Mon Nov 04 01:57:54 GMT 2024","passed","Mon Nov 04 01:57:54 GMT 2024","","BASIC","BASIC",""
"","2","TEST-IF-CLOSED.05","","Mon Nov 04 00:43:38 GMT 2024","passed","Mon Nov 04 00:43:38 GMT 2024","","ANTI-REGRESSION","ANTI-REGRESSION",""
"","2","SYNTHESIZE-VIA-TYPE-CHECKING.03","","Mon Nov 04 01:26:50 GMT 2024","passed","Mon Nov 04 01:26:50 GMT 2024","","EXPERIMENTS","EXPERIMENTS",""
"","3","LISTTEST.04","","Mon Nov 04 01:16:14 GMT 2024","passed","Mon Nov 04 01:16:14 GMT 2024","","COMMON","COMMON",""
"","4","TESTS0.04","","Mon Nov 04 01:40:00 GMT 2024","passed","Mon Nov 04 01:40:00 GMT 2024","","NEW","NEW",""
"","3","TEST-INFER-FUNCTION-APPLICATION-TYPE.01","","Mon Nov 04 01:57:54 GMT 2024","passed","Mon Nov 04 01:57:54 GMT 2024","","BASIC","BASIC",""
"","2","BC-XP.25","","Mon Nov 04 01:16:05 GMT 2024","passed","Mon Nov 04 01:16:05 GMT 2024","","BACKWARD-CHAINING","BACKWARD-CHAINING",""
"","2","LTE.08","","Mon Nov 04 00:53:44 GMT 2024","passed","Mon Nov 04 00:53:44 GMT 2024","","STD","STD",""
"","2","PLN-XP-LOCAL-V2.01","","Mon Nov 04 00:50:44 GMT 2024","passed","Mon Nov 04 00:50:44 GMT 2024","","CHAINING","CHAINING",""
"","195","SHOW-TYPE.17","","Mon Nov 04 00:52:48 GMT 2024","failed","Mon Nov 04 00:52:48 GMT 2024","","INTROSPECT","INTROSPECT",""
"","14","MATCH-VOID.11","","Mon Nov 04 00:41:36 GMT 2024","passed","Mon Nov 04 00:41:36 GMT 2024","","METTA-MORPH-TESTS","METTA-MORPH-TESTS",""
"","39000","walk_thru.mettalogTestCurried","","Mon Nov 04 00:36:03 GMT 2024","passed","Mon Nov 04 00:36:42 GMT 2024","","WHOLE-TESTS","WHOLE-TESTS",""
"","2","NATPARITYTEST.11","","Mon Nov 04 01:19:01 GMT 2024","passed","Mon Nov 04 01:19:01 GMT 2024","","HOL","HOL",""
"","2","FC-XP.23","","Mon Nov 04 01:18:55 GMT 2024","passed","Mon Nov 04 01:18:55 GMT 2024","","FORWARD-CHAINING","FORWARD-CHAINING",""
"","5000","hyperon-mettalog_sanity.or_test","","Mon Nov 04 00:36:03 GMT 2024","passed","Mon Nov 04 00:36:08 GMT 2024","","WHOLE-TESTS","WHOLE-TESTS",""
"","2","IMPL-METTALOGTESTCURRIED.03","","Mon Nov 04 01:49:17 GMT 2024","passed","Mon Nov 04 01:49:17 GMT 2024","","WALK-THRU","WALK-THRU",""
"","2","D2-HIGHERFUNC.12","","Mon Nov 04 01:12:10 GMT 2024","passed","Mon Nov 04 01:12:10 GMT 2024","","CHECK-TYPES","CHECK-TYPES",""
"","2","STDLIB-METTALOG-TEST-PT2.69","","Mon Nov 04 00:55:08 GMT 2024","passed","Mon Nov 04 00:55:08 GMT 2024","","STDLIB-METTALOG","STDLIB-METTALOG",""
"","5000","synthesis.UnifyTest","","Mon Nov 04 00:36:03 GMT 2024","passed","Mon Nov 04 00:36:08 GMT 2024","","WHOLE-TESTS","WHOLE-TESTS",""
"","2","F1-IMPORTS.10","","Mon Nov 04 00:35:58 GMT 2024","passed","Mon Nov 04 00:35:58 GMT 2024","","MODULE-SYSTEM","MODULE-SYSTEM",""
"","2","SEQUENTIAL-NESTED.04","","Mon Nov 04 00:41:36 GMT 2024","passed","Mon Nov 04 00:41:36 GMT 2024","","METTA-MORPH-TESTS","METTA-MORPH-TESTS",""
"","53","TYPES-PRELIM.11","","Mon Nov 04 00:50:44 GMT 2024","failed","Mon Nov 04 00:50:44 GMT 2024","","CHAINING","CHAINING",""
"","2","ADD-REMOVE-MATCH-INTEGER.39","","Mon Nov 04 00:53:03 GMT 2024","passed","Mon Nov 04 00:53:03 GMT 2024","","SPACES","SPACES",""
"","386","IBC-XP.13","","Mon Nov 04 01:22:13 GMT 2024","passed","Mon Nov 04 01:22:13 GMT 2024","","ITERATIVE-CHAINING","ITERATIVE-CHAINING",""
"","5000","bidirectional_computation.reverse-arithmetic","","Mon Nov 04 00:36:03 GMT 2024","passed","Mon Nov 04 00:36:08 GMT 2024","","WHOLE-TESTS","WHOLE-TESTS",""
"","2","INF-CTL-XP.01","","Mon Nov 04 01:20:12 GMT 2024","passed","Mon Nov 04 01:20:12 GMT 2024","","INFERENCE-CONTROL","INFERENCE-CONTROL",""
"","4000","walk_thru.test_if_closed","","Mon Nov 04 00:36:03 GMT 2024","passed","Mon Nov 04 00:36:07 GMT 2024","","WHOLE-TESTS","WHOLE-TESTS",""
"","2","FC-XP.25","","Mon Nov 04 01:18:55 GMT 2024","passed","Mon Nov 04 01:18:55 GMT 2024","","FORWARD-CHAINING","FORWARD-CHAINING",""
"","5000","check_types-temp.c1_grounded_basic","","Mon Nov 04 00:36:03 GMT 2024","passed","Mon Nov 04 00:36:08 GMT 2024","","WHOLE-TESTS","WHOLE-TESTS",""
"","2","D4-TYPE-PROP.09","","Mon Nov 04 00:36:07 GMT 2024","passed","Mon Nov 04 00:36:07 GMT 2024","","HYPERON-EXPERIMENTAL-SCRIPTS","HYPERON-EXPERIMENTAL-SCRIPTS",""
"","4","STDLIB-METTALOG-TEST-PT2.56","","Mon Nov 04 00:55:08 GMT 2024","passed","Mon Nov 04 00:55:08 GMT 2024","","STDLIB-METTALOG","STDLIB-METTALOG",""
"","2","ADD-REMOVE-MATCH-S-STRINGS.05","","Mon Nov 04 00:53:03 GMT 2024","passed","Mon Nov 04 00:53:03 GMT 2024","","SPACES","SPACES",""
"","3","FORWARD-CHAINER-XP.19","","Mon Nov 04 01:18:45 GMT 2024","passed","Mon Nov 04 01:18:45 GMT 2024","","FORWARD-CHAINER","FORWARD-CHAINER",""
"","2","BC-XP.06","","Mon Nov 04 01:16:05 GMT 2024","passed","Mon Nov 04 01:16:05 GMT 2024","","BACKWARD-CHAINING","BACKWARD-CHAINING",""
"","3","HYPERPOSING-UNSHARED.01","","Mon Nov 04 01:57:54 GMT 2024","passed","Mon Nov 04 01:57:54 GMT 2024","","BASIC","BASIC",""
"","78","INTERSECTION-TESTS.06","","Mon Nov 04 00:37:43 GMT 2024","passed","Mon Nov 04 00:37:43 GMT 2024","","HYPERON-METTALOG-SANITY","HYPERON-METTALOG-SANITY",""
"","5000","polymorphic-types.examples-quants","","Mon Nov 04 00:36:03 GMT 2024","passed","Mon Nov 04 00:36:08 GMT 2024","","WHOLE-TESTS","WHOLE-TESTS",""
"","4000","comparisons.inf-ctl-month-xp-short_6","","Mon Nov 04 00:36:03 GMT 2024","passed","Mon Nov 04 00:36:07 GMT 2024","","WHOLE-TESTS","WHOLE-TESTS",""
"","43","FORWARD-CHAINER-XP.09","","Mon Nov 04 01:18:45 GMT 2024","failed","Mon Nov 04 01:18:45 GMT 2024","","FORWARD-CHAINER","FORWARD-CHAINER",""
"","1","INF-CTL-MONTH-BC-CONT-XP.23","","Mon Nov 04 01:20:12 GMT 2024","passed","Mon Nov 04 01:20:12 GMT 2024","","INFERENCE-CONTROL","INFERENCE-CONTROL",""
"","3","UNIFY-VIA-LET.06","","Mon Nov 04 01:26:50 GMT 2024","passed","Mon Nov 04 01:26:50 GMT 2024","","EXPERIMENTS","EXPERIMENTS",""
"","2","TESTS0.02","","Mon Nov 04 01:40:00 GMT 2024","passed","Mon Nov 04 01:40:00 GMT 2024","","NEW","NEW",""
"","45000","language_models.weighted_pllm","","Mon Nov 04 00:36:03 GMT 2024","failed","Mon Nov 04 00:36:48 GMT 2024","","WHOLE-TESTS","WHOLE-TESTS",""
"","2","ADD-REMOVE-MATCH-STRINGS.11","","Mon Nov 04 00:53:03 GMT 2024","passed","Mon Nov 04 00:53:03 GMT 2024","","SPACES","SPACES",""
"","188","SYNTHESIZE-VIA-UNIFY-TEST.06","","Mon Nov 04 01:26:50 GMT 2024","failed","Mon Nov 04 01:26:50 GMT 2024","","EXPERIMENTS","EXPERIMENTS",""
"","2","BCHAIN-COMP.04","","Mon Nov 04 01:49:17 GMT 2024","passed","Mon Nov 04 01:49:17 GMT 2024","","WALK-THRU","WALK-THRU",""
"","2","AI-SERVICE-COMPOSITION-SANITY.02","","Mon Nov 04 01:09:19 GMT 2024","passed","Mon Nov 04 01:09:19 GMT 2024","","AI-SERVICE","AI-SERVICE",""
"","8000","comparisons.nils_if_control_test_2","","Mon Nov 04 00:36:03 GMT 2024","passed","Mon Nov 04 00:36:11 GMT 2024","","WHOLE-TESTS","WHOLE-TESTS",""
"","12","TEST-INFER-FUNCTION-APPLICATION-TYPE.04","","Mon Nov 04 01:57:54 GMT 2024","failed","Mon Nov 04 01:57:54 GMT 2024","","BASIC","BASIC",""
"","2","IBC-XP.17","","Mon Nov 04 01:22:13 GMT 2024","passed","Mon Nov 04 01:22:13 GMT 2024","","ITERATIVE-CHAINING","ITERATIVE-CHAINING",""
"","4000","hyperon-mettalog_sanity.first_answer","","Mon Nov 04 00:36:03 GMT 2024","passed","Mon Nov 04 00:36:07 GMT 2024","","WHOLE-TESTS","WHOLE-TESTS",""
"","1","HYPERPOSING-SHARED.06","","Mon Nov 04 01:57:54 GMT 2024","passed","Mon Nov 04 01:57:54 GMT 2024","","BASIC","BASIC",""
"","3","QUERIES.14","","Mon Nov 04 01:08:27 GMT 2024","passed","Mon Nov 04 01:08:27 GMT 2024","","STRIPS-TO-METTA-IMPROVED","STRIPS-TO-METTA-IMPROVED",""
"","6000","prev.tests0","","Mon Nov 04 00:36:03 GMT 2024","passed","Mon Nov 04 00:36:09 GMT 2024","","WHOLE-TESTS","WHOLE-TESTS",""
"","2","ADD-REMOVE-MATCH-SS-SYMBOLS.02","","Mon Nov 04 00:53:03 GMT 2024","passed","Mon Nov 04 00:53:03 GMT 2024","","SPACES","SPACES",""
"","2","NATPARITYTEST.10","","Mon Nov 04 01:19:01 GMT 2024","passed","Mon Nov 04 01:19:01 GMT 2024","","HOL","HOL",""
"","1","IOIOIOI.05","","Mon Nov 04 01:55:33 GMT 2024","passed","Mon Nov 04 01:55:33 GMT 2024","","MULTIDIRECTIONAL","MULTIDIRECTIONAL",""
"","2","MULTIFUNCTION.01","","Mon Nov 04 00:41:36 GMT 2024","passed","Mon Nov 04 00:41:36 GMT 2024","","METTA-MORPH-TESTS","METTA-MORPH-TESTS",""
"","90","TYPE-PROP.82","","Mon Nov 04 01:11:50 GMT 2024","failed","Mon Nov 04 01:11:50 GMT 2024","","CHECK-TYPES-TEMP","CHECK-TYPES-TEMP",""
"","3","TESTS0.05","","Mon Nov 04 01:36:06 GMT 2024","passed","Mon Nov 04 01:36:06 GMT 2024","","NARS-V0","NARS-V0",""
"","2","HYPERPOSE.05","","Mon Nov 04 00:41:36 GMT 2024","passed","Mon Nov 04 00:41:36 GMT 2024","","METTA-MORPH-TESTS","METTA-MORPH-TESTS",""
"","2","BACKWARD-CHAINER-XP.17","","Mon Nov 04 01:15:59 GMT 2024","passed","Mon Nov 04 01:15:59 GMT 2024","","BACKWARD-CHAINER","BACKWARD-CHAINER",""
"","2","PEANO.01","","Mon Nov 04 00:41:36 GMT 2024","passed","Mon Nov 04 00:41:36 GMT 2024","","METTA-MORPH-TESTS","METTA-MORPH-TESTS",""
"","3","TREE.01","","Mon Nov 04 01:00:35 GMT 2024","passed","Mon Nov 04 01:00:35 GMT 2024","","COMBINATOR-CALCULI","COMBINATOR-CALCULI",""
"","3","F1-MODULEA.01","","Mon Nov 04 00:35:58 GMT 2024","passed","Mon Nov 04 00:35:58 GMT 2024","","MODULE-SYSTEM","MODULE-SYSTEM",""
"","1","BC-XP.22","","Mon Nov 04 01:16:05 GMT 2024","passed","Mon Nov 04 01:16:05 GMT 2024","","BACKWARD-CHAINING","BACKWARD-CHAINING",""
"","14","D2-HIGHERFUNC.21","","Mon Nov 04 00:36:07 GMT 2024","passed","Mon Nov 04 00:36:07 GMT 2024","","HYPERON-EXPERIMENTAL-SCRIPTS","HYPERON-EXPERIMENTAL-SCRIPTS",""
"","3","LISTTEST.16","","Mon Nov 04 01:16:14 GMT 2024","passed","Mon Nov 04 01:16:14 GMT 2024","","COMMON","COMMON",""
"","86","STATE-TYPES.04","","Mon Nov 04 01:57:54 GMT 2024","failed","Mon Nov 04 01:57:54 GMT 2024","","BASIC","BASIC",""
"","2","STDLIB-METTALOG-TEST-PT2.30","","Mon Nov 04 00:55:08 GMT 2024","passed","Mon Nov 04 00:55:08 GMT 2024","","STDLIB-METTALOG","STDLIB-METTALOG",""
"","2","F1-MODULEA.02","","Mon Nov 04 00:45:46 GMT 2024","passed","Mon Nov 04 00:45:46 GMT 2024","","QUICK","QUICK",""
"","2","STRING-TESTS.21","","Mon Nov 04 00:37:43 GMT 2024","passed","Mon Nov 04 00:37:43 GMT 2024","","HYPERON-METTALOG-SANITY","HYPERON-METTALOG-SANITY",""
"","2","C1-GROUNDED-BASIC.03","","Mon Nov 04 00:36:07 GMT 2024","passed","Mon Nov 04 00:36:07 GMT 2024","","HYPERON-EXPERIMENTAL-SCRIPTS","HYPERON-EXPERIMENTAL-SCRIPTS",""
"","2","IBC-XP.04","","Mon Nov 04 01:22:13 GMT 2024","passed","Mon Nov 04 01:22:13 GMT 2024","","ITERATIVE-CHAINING","ITERATIVE-CHAINING",""
"","2","SUBTRACTION-TEST.06","","Mon Nov 04 00:37:43 GMT 2024","passed","Mon Nov 04 00:37:43 GMT 2024","","HYPERON-METTALOG-SANITY","HYPERON-METTALOG-SANITY",""
"","3","TESTS0.04","","Mon Nov 04 01:31:03 GMT 2024","passed","Mon Nov 04 01:31:03 GMT 2024","","CURRENT","CURRENT",""
"","1043","TRAINING-BI.01","","Mon Nov 04 02:10:27 GMT 2024","passed","Mon Nov 04 02:10:28 GMT 2024","","LANGUAGE-MODELS","LANGUAGE-MODELS",""
"","2","D4-TYPE-PROP.22","","Mon Nov 04 01:12:10 GMT 2024","passed","Mon Nov 04 01:12:10 GMT 2024","","CHECK-TYPES","CHECK-TYPES",""
"","2","ADD-REMOVE-MATCH-INTEGER.29","","Mon Nov 04 00:53:03 GMT 2024","passed","Mon Nov 04 00:53:03 GMT 2024","","SPACES","SPACES",""
"","308","BASIC.04","","Mon Nov 04 01:09:08 GMT 2024","passed","Mon Nov 04 01:09:08 GMT 2024","","TRAVERSER","TRAVERSER",""
"","43000","language_models.training_terms","","Mon Nov 04 00:36:03 GMT 2024","failed","Mon Nov 04 00:36:46 GMT 2024","","WHOLE-TESTS","WHOLE-TESTS",""
"","278","BASIC.02","","Mon Nov 04 01:09:08 GMT 2024","passed","Mon Nov 04 01:09:08 GMT 2024","","TRAVERSER","TRAVERSER",""
"","4000","hyperon-mettalog_sanity.base_test_repr_parse_intersection","","Mon Nov 04 00:36:03 GMT 2024","passed","Mon Nov 04 00:36:07 GMT 2024","","WHOLE-TESTS","WHOLE-TESTS",""
"","5000","multidirectional.obif_easy","","Mon Nov 04 00:36:03 GMT 2024","passed","Mon Nov 04 00:36:08 GMT 2024","","WHOLE-TESTS","WHOLE-TESTS",""
"","2","HYPERPOSING-SHARED.10","","Mon Nov 04 01:57:54 GMT 2024","passed","Mon Nov 04 01:57:54 GMT 2024","","BASIC","BASIC",""
"","2","CHAPTER-2-4.06","","Mon Nov 04 00:55:17 GMT 2024","passed","Mon Nov 04 00:55:17 GMT 2024","","SICP-BOOK","SICP-BOOK",""
"","1","F1-MODULEA.04","","Mon Nov 04 00:36:07 GMT 2024","passed","Mon Nov 04 00:36:07 GMT 2024","","HYPERON-EXPERIMENTAL-SCRIPTS","HYPERON-EXPERIMENTAL-SCRIPTS",""
"","3","FORWARD-CHAINER-TEST.14","","Mon Nov 04 01:18:45 GMT 2024","passed","Mon Nov 04 01:18:45 GMT 2024","","FORWARD-CHAINER","FORWARD-CHAINER",""
"","4000","metta-morph_tests.match_feval","","Mon Nov 04 00:36:03 GMT 2024","passed","Mon Nov 04 00:36:07 GMT 2024","","WHOLE-TESTS","WHOLE-TESTS",""
"","224","INF-CTL-MONTH-XP-LONG.01","","Mon Nov 04 02:04:14 GMT 2024","failed","Mon Nov 04 02:04:14 GMT 2024","","COMPARISONS","COMPARISONS",""
"","2","TEST-IF-CLOSED.01","","Mon Nov 04 00:43:38 GMT 2024","passed","Mon Nov 04 00:43:38 GMT 2024","","ANTI-REGRESSION","ANTI-REGRESSION",""
"","1","INF-CTL-MONTH-XP-SHORT-3.07","","Mon Nov 04 02:04:14 GMT 2024","passed","Mon Nov 04 02:04:14 GMT 2024","","COMPARISONS","COMPARISONS",""
"","2","HYPERPOSE.06","","Mon Nov 04 00:41:36 GMT 2024","passed","Mon Nov 04 00:41:36 GMT 2024","","METTA-MORPH-TESTS","METTA-MORPH-TESTS",""
"","4000","hyperon-mettalog_sanity.00_lang_case","","Mon Nov 04 00:36:03 GMT 2024","passed","Mon Nov 04 00:36:07 GMT 2024","","WHOLE-TESTS","WHOLE-TESTS",""
"","3","PLN-STV.02","","Mon Nov 04 00:50:44 GMT 2024","passed","Mon Nov 04 00:50:44 GMT 2024","","CHAINING","CHAINING",""
"","2","QUERIES.09","","Mon Nov 04 01:08:27 GMT 2024","passed","Mon Nov 04 01:08:27 GMT 2024","","STRIPS-TO-METTA-IMPROVED","STRIPS-TO-METTA-IMPROVED",""
"","2","KEY-LOOKUPS-MANY.08","","Mon Nov 04 01:57:54 GMT 2024","passed","Mon Nov 04 01:57:54 GMT 2024","","BASIC","BASIC",""
"","3","STRING-TESTS.05","","Mon Nov 04 00:37:43 GMT 2024","passed","Mon Nov 04 00:37:43 GMT 2024","","HYPERON-METTALOG-SANITY","HYPERON-METTALOG-SANITY",""
"","14","CHAPTER-2-4.20","","Mon Nov 04 00:55:17 GMT 2024","failed","Mon Nov 04 00:55:17 GMT 2024","","SICP-BOOK","SICP-BOOK",""
"","4","SPACE-INTERSECTION-TESTS.06","","Mon Nov 04 00:37:43 GMT 2024","passed","Mon Nov 04 00:37:43 GMT 2024","","HYPERON-METTALOG-SANITY","HYPERON-METTALOG-SANITY",""
"","6","C1-GROUNDED-BASIC.09","","Mon Nov 04 00:36:07 GMT 2024","passed","Mon Nov 04 00:36:07 GMT 2024","","HYPERON-EXPERIMENTAL-SCRIPTS","HYPERON-EXPERIMENTAL-SCRIPTS",""
"","1","MATCH-VOID.06","","Mon Nov 04 00:41:36 GMT 2024","passed","Mon Nov 04 00:41:36 GMT 2024","","METTA-MORPH-TESTS","METTA-MORPH-TESTS",""
"","3","BACKWARD-CHAINER-XP.39","","Mon Nov 04 01:15:59 GMT 2024","passed","Mon Nov 04 01:15:59 GMT 2024","","BACKWARD-CHAINER","BACKWARD-CHAINER",""
"","115","DEDUCTIONDTLTEST.04","","Mon Nov 04 01:14:52 GMT 2024","passed","Mon Nov 04 01:14:52 GMT 2024","","DEPENDENT-TYPES","DEPENDENT-TYPES",""
"","1","HYPERPOSING.04","","Mon Nov 04 01:57:54 GMT 2024","passed","Mon Nov 04 01:57:54 GMT 2024","","BASIC","BASIC",""
"","3","HYPERPOSING-SHARED.04","","Mon Nov 04 01:57:54 GMT 2024","passed","Mon Nov 04 01:57:54 GMT 2024","","BASIC","BASIC",""
"","4000","hol.NatDTLTest","","Mon Nov 04 00:36:03 GMT 2024","passed","Mon Nov 04 00:36:07 GMT 2024","","WHOLE-TESTS","WHOLE-TESTS",""
"","3","BACKWARD-CHAINER-XP.41","","Mon Nov 04 01:15:59 GMT 2024","passed","Mon Nov 04 01:15:59 GMT 2024","","BACKWARD-CHAINER","BACKWARD-CHAINER",""
"","48","E3-MATCH-STATES.03","","Mon Nov 04 00:36:07 GMT 2024","failed","Mon Nov 04 00:36:07 GMT 2024","","HYPERON-EXPERIMENTAL-SCRIPTS","HYPERON-EXPERIMENTAL-SCRIPTS",""
"","2","B1-EQUAL-CHAIN.03","","Mon Nov 04 00:36:07 GMT 2024","passed","Mon Nov 04 00:36:07 GMT 2024","","HYPERON-EXPERIMENTAL-SCRIPTS","HYPERON-EXPERIMENTAL-SCRIPTS",""
"","2","LISTTEST.05","","Mon Nov 04 01:16:14 GMT 2024","passed","Mon Nov 04 01:16:14 GMT 2024","","COMMON","COMMON",""
"","979","PLLM-PENNTREE.07","","Mon Nov 04 02:10:27 GMT 2024","passed","Mon Nov 04 02:10:27 GMT 2024","","LANGUAGE-MODELS","LANGUAGE-MODELS",""
"","1","ADD-REMOVE-MATCH-S-STRINGS.04","","Mon Nov 04 00:53:03 GMT 2024","passed","Mon Nov 04 00:53:03 GMT 2024","","SPACES","SPACES",""
"","43000","inference-control.inf-ctl-month-bc-cont-xp","","Mon Nov 04 00:36:03 GMT 2024","failed","Mon Nov 04 00:36:46 GMT 2024","","WHOLE-TESTS","WHOLE-TESTS",""
"","4","UNIQUE-TEST.12","","Mon Nov 04 00:37:43 GMT 2024","passed","Mon Nov 04 00:37:43 GMT 2024","","HYPERON-METTALOG-SANITY","HYPERON-METTALOG-SANITY",""
"","2","STRING-TESTS.10","","Mon Nov 04 00:37:43 GMT 2024","passed","Mon Nov 04 00:37:43 GMT 2024","","HYPERON-METTALOG-SANITY","HYPERON-METTALOG-SANITY",""
"","2","ADD-REMOVE-MATCH-FLOAT.11","","Mon Nov 04 00:53:03 GMT 2024","passed","Mon Nov 04 00:53:03 GMT 2024","","SPACES","SPACES",""
"","955","BC-IMPL.02","","Mon Nov 04 01:49:17 GMT 2024","passed","Mon Nov 04 01:49:17 GMT 2024","","WALK-THRU","WALK-THRU",""
"","2","D2-HIGHERFUNC.13","","Mon Nov 04 00:45:46 GMT 2024","passed","Mon Nov 04 00:45:46 GMT 2024","","QUICK","QUICK",""
"","5","SPACE-SUBTRACTION-TESTS.10","","Mon Nov 04 00:37:43 GMT 2024","passed","Mon Nov 04 00:37:43 GMT 2024","","HYPERON-METTALOG-SANITY","HYPERON-METTALOG-SANITY",""
"","2","OR-TEST.13","","Mon Nov 04 00:37:43 GMT 2024","passed","Mon Nov 04 00:37:43 GMT 2024","","HYPERON-METTALOG-SANITY","HYPERON-METTALOG-SANITY",""
"","47000","direct_comp.compiler_walkthru","","Mon Nov 04 00:36:03 GMT 2024","failed","Mon Nov 04 00:36:50 GMT 2024","","WHOLE-TESTS","WHOLE-TESTS",""
"","28000","language_models.training_bi","","Mon Nov 04 00:36:03 GMT 2024","passed","Mon Nov 04 00:36:31 GMT 2024","","WHOLE-TESTS","WHOLE-TESTS",""
"","2","FC-XP.16","","Mon Nov 04 01:18:55 GMT 2024","passed","Mon Nov 04 01:18:55 GMT 2024","","FORWARD-CHAINING","FORWARD-CHAINING",""
"","3","ADD-REMOVE-MATCH-S-SYMBOLS.16","","Mon Nov 04 00:53:03 GMT 2024","passed","Mon Nov 04 00:53:03 GMT 2024","","SPACES","SPACES",""
"","2","ORDEREDSETTEST.02","","Mon Nov 04 01:16:14 GMT 2024","passed","Mon Nov 04 01:16:14 GMT 2024","","COMMON","COMMON",""
"","2","AI-SERVICE-COMPOSITION-SANITY.05","","Mon Nov 04 01:09:19 GMT 2024","passed","Mon Nov 04 01:09:19 GMT 2024","","AI-SERVICE","AI-SERVICE",""
"","3","FORWARD-CHAINER-XP.06","","Mon Nov 04 01:18:45 GMT 2024","passed","Mon Nov 04 01:18:45 GMT 2024","","FORWARD-CHAINER","FORWARD-CHAINER",""
"","5000","red-black-lambda.red-black","","Mon Nov 04 00:36:03 GMT 2024","passed","Mon Nov 04 00:36:08 GMT 2024","","WHOLE-TESTS","WHOLE-TESTS",""
"","5000","comparisons.inf-ctl-month-xp-long","","Mon Nov 04 00:36:03 GMT 2024","passed","Mon Nov 04 00:36:08 GMT 2024","","WHOLE-TESTS","WHOLE-TESTS",""
"","3","TYPE-PROP.49","","Mon Nov 04 01:11:50 GMT 2024","passed","Mon Nov 04 01:11:50 GMT 2024","","CHECK-TYPES-TEMP","CHECK-TYPES-TEMP",""
"","2","TEST-IF-CLOSED.06","","Mon Nov 04 00:43:38 GMT 2024","passed","Mon Nov 04 00:43:38 GMT 2024","","ANTI-REGRESSION","ANTI-REGRESSION",""
"","4000","quick.d2_higherfunc","","Mon Nov 04 00:36:03 GMT 2024","passed","Mon Nov 04 00:36:07 GMT 2024","","WHOLE-TESTS","WHOLE-TESTS",""
"","2","TYPE-PROP.02","","Mon Nov 04 01:11:50 GMT 2024","passed","Mon Nov 04 01:11:50 GMT 2024","","CHECK-TYPES-TEMP","CHECK-TYPES-TEMP",""
"","1","CML-UNSHARED.03","","Mon Nov 04 01:57:54 GMT 2024","passed","Mon Nov 04 01:57:54 GMT 2024","","BASIC","BASIC",""
"","13","D1-GADT.05","","Mon Nov 04 01:12:10 GMT 2024","passed","Mon Nov 04 01:12:10 GMT 2024","","CHECK-TYPES","CHECK-TYPES",""
"","2","INF-CTL-MONTH-BC-CONT-XP.09","","Mon Nov 04 01:20:12 GMT 2024","passed","Mon Nov 04 01:20:12 GMT 2024","","INFERENCE-CONTROL","INFERENCE-CONTROL",""
"","2","TESTS1.03","","Mon Nov 04 00:46:15 GMT 2024","passed","Mon Nov 04 00:46:15 GMT 2024","","MAIN-BRANCH","MAIN-BRANCH",""
"","5000","hyperon-experimental_scripts.b0_chaining_prelim","","Mon Nov 04 00:36:03 GMT 2024","passed","Mon Nov 04 00:36:08 GMT 2024","","WHOLE-TESTS","WHOLE-TESTS",""
"","250","PROB-DEP-TYPES.11","","Mon Nov 04 01:03:54 GMT 2024","passed","Mon Nov 04 01:03:54 GMT 2024","","PROB-DEP-TYPES","PROB-DEP-TYPES",""
"","2","D1-GADT.10","","Mon Nov 04 00:45:46 GMT 2024","passed","Mon Nov 04 00:45:46 GMT 2024","","QUICK","QUICK",""
"","1","F1-MODULEA.07","","Mon Nov 04 00:36:07 GMT 2024","passed","Mon Nov 04 00:36:07 GMT 2024","","HYPERON-EXPERIMENTAL-SCRIPTS","HYPERON-EXPERIMENTAL-SCRIPTS",""
"","3","TRUTHVALUETEST.04","","Mon Nov 04 01:16:43 GMT 2024","passed","Mon Nov 04 01:16:43 GMT 2024","","TRUTHVALUE","TRUTHVALUE",""
"","2","B5-TYPES-PRELIM.03","","Mon Nov 04 00:36:07 GMT 2024","passed","Mon Nov 04 00:36:07 GMT 2024","","HYPERON-EXPERIMENTAL-SCRIPTS","HYPERON-EXPERIMENTAL-SCRIPTS",""
"","2","IMPLICATIONDIRECTINTRODUCTIONDTLTEST.05","","Mon Nov 04 01:14:52 GMT 2024","passed","Mon Nov 04 01:14:52 GMT 2024","","DEPENDENT-TYPES","DEPENDENT-TYPES",""
"","2","TEST-IF-CLOSED.04","","Mon Nov 04 01:49:17 GMT 2024","passed","Mon Nov 04 01:49:17 GMT 2024","","WALK-THRU","WALK-THRU",""
"","3932","TRAINING-BI.03","","Mon Nov 04 02:10:27 GMT 2024","passed","Mon Nov 04 02:10:30 GMT 2024","","LANGUAGE-MODELS","LANGUAGE-MODELS",""
"","1179","TESTS2.05","","Mon Nov 04 00:46:15 GMT 2024","failed","Mon Nov 04 00:46:16 GMT 2024","","MAIN-BRANCH","MAIN-BRANCH",""
"","4000","metta-morph_tests.letlet","","Mon Nov 04 00:36:03 GMT 2024","passed","Mon Nov 04 00:36:07 GMT 2024","","WHOLE-TESTS","WHOLE-TESTS",""
"","2","INF-CTL-MONTH-XP-SHORT-3.13","","Mon Nov 04 02:04:14 GMT 2024","passed","Mon Nov 04 02:04:14 GMT 2024","","COMPARISONS","COMPARISONS",""
"","2","XOR-TEST.03","","Mon Nov 04 00:37:43 GMT 2024","passed","Mon Nov 04 00:37:43 GMT 2024","","HYPERON-METTALOG-SANITY","HYPERON-METTALOG-SANITY",""
"","233","TIME-SYNTHESIZE-SHORT.01","","Mon Nov 04 00:39:27 GMT 2024","passed","Mon Nov 04 00:39:27 GMT 2024","","SYNTH-BUFFER","SYNTH-BUFFER",""
"","2","D4-TYPE-PROP.18","","Mon Nov 04 01:12:10 GMT 2024","passed","Mon Nov 04 01:12:10 GMT 2024","","CHECK-TYPES","CHECK-TYPES",""
"","2","STDLIB-METTALOG-TEST-PT2.40","","Mon Nov 04 00:55:08 GMT 2024","passed","Mon Nov 04 00:55:08 GMT 2024","","STDLIB-METTALOG","STDLIB-METTALOG",""
"","10","MATCH-VOID.04","","Mon Nov 04 00:41:36 GMT 2024","passed","Mon Nov 04 00:41:36 GMT 2024","","METTA-MORPH-TESTS","METTA-MORPH-TESTS",""
"","3","NAIVE-FIB.01","","Mon Nov 04 02:04:14 GMT 2024","passed","Mon Nov 04 02:04:14 GMT 2024","","COMPARISONS","COMPARISONS",""
"","2","TYPE-PROP.22","","Mon Nov 04 01:11:50 GMT 2024","passed","Mon Nov 04 01:11:50 GMT 2024","","CHECK-TYPES-TEMP","CHECK-TYPES-TEMP",""
"","2","COMBINED.01","","Mon Nov 04 01:54:00 GMT 2024","passed","Mon Nov 04 01:54:00 GMT 2024","","ITERATORS","ITERATORS",""
"","2","ADD-REMOVE-MATCH-INTEGER.26","","Mon Nov 04 00:53:03 GMT 2024","passed","Mon Nov 04 00:53:03 GMT 2024","","SPACES","SPACES",""
"","2","ADD-REMOVE-MATCH-INTEGER.03","","Mon Nov 04 00:53:03 GMT 2024","passed","Mon Nov 04 00:53:03 GMT 2024","","SPACES","SPACES",""
"","2","CURRIED-CHAINER.05","","Mon Nov 04 01:16:52 GMT 2024","passed","Mon Nov 04 01:16:52 GMT 2024","","CURRIED-CHAINING","CURRIED-CHAINING",""
"","3","PLN-STV.01","","Mon Nov 04 00:50:44 GMT 2024","passed","Mon Nov 04 00:50:44 GMT 2024","","CHAINING","CHAINING",""
"","2","LET-SUPERPOSE-LIST.02","","Mon Nov 04 01:48:50 GMT 2024","passed","Mon Nov 04 01:48:50 GMT 2024","","TRANSPILER","TRANSPILER",""
"","95","00-LANG-CASE.08","","Mon Nov 04 00:37:43 GMT 2024","passed","Mon Nov 04 00:37:43 GMT 2024","","HYPERON-METTALOG-SANITY","HYPERON-METTALOG-SANITY",""
"","128","BASIC.01","","Mon Nov 04 01:09:08 GMT 2024","passed","Mon Nov 04 01:09:08 GMT 2024","","TRAVERSER","TRAVERSER",""
"","1","PREREQS.05","","Mon Nov 04 00:46:15 GMT 2024","passed","Mon Nov 04 00:46:15 GMT 2024","","MAIN-BRANCH","MAIN-BRANCH",""
"","576","TMPMATCH2.05","","Mon Nov 04 01:49:17 GMT 2024","passed","Mon Nov 04 01:49:17 GMT 2024","","WALK-THRU","WALK-THRU",""
"","2","C2-SPACES.04","","Mon Nov 04 00:35:58 GMT 2024","passed","Mon Nov 04 00:35:58 GMT 2024","","MODULE-SYSTEM","MODULE-SYSTEM",""
"","3","TYPE-PROP.01","","Mon Nov 04 01:11:50 GMT 2024","passed","Mon Nov 04 01:11:50 GMT 2024","","CHECK-TYPES-TEMP","CHECK-TYPES-TEMP",""
"","17","HYPERON-EXPERIMENTAL-ISSUE-481.02","","Mon Nov 04 01:52:33 GMT 2024","passed","Mon Nov 04 01:52:33 GMT 2024","","DEBUGGING","DEBUGGING",""
"","65","STDLIB-METTALOG-TEST-PT2.72","","Mon Nov 04 00:55:08 GMT 2024","failed","Mon Nov 04 00:55:08 GMT 2024","","STDLIB-METTALOG","STDLIB-METTALOG",""
"","40","FC-XP.21","","Mon Nov 04 01:18:55 GMT 2024","failed","Mon Nov 04 01:18:55 GMT 2024","","FORWARD-CHAINING","FORWARD-CHAINING",""
"","2","F1-IMPORTS.20","","Mon Nov 04 00:36:07 GMT 2024","passed","Mon Nov 04 00:36:07 GMT 2024","","HYPERON-EXPERIMENTAL-SCRIPTS","HYPERON-EXPERIMENTAL-SCRIPTS",""
"","2","IFC-XP.15","","Mon Nov 04 01:22:13 GMT 2024","passed","Mon Nov 04 01:22:13 GMT 2024","","ITERATIVE-CHAINING","ITERATIVE-CHAINING",""
"","2","HYPERPOSE.07","","Mon Nov 04 00:41:36 GMT 2024","passed","Mon Nov 04 00:41:36 GMT 2024","","METTA-MORPH-TESTS","METTA-MORPH-TESTS",""
"","2","ADD-REMOVE-MATCH-SS-SYMBOLS.04","","Mon Nov 04 00:53:03 GMT 2024","passed","Mon Nov 04 00:53:03 GMT 2024","","SPACES","SPACES",""
"","3","STRING-TESTS.11","","Mon Nov 04 00:37:43 GMT 2024","passed","Mon Nov 04 00:37:43 GMT 2024","","HYPERON-METTALOG-SANITY","HYPERON-METTALOG-SANITY",""
"","1","ADD-REMOVE-MATCH-INTEGER.22","","Mon Nov 04 00:53:03 GMT 2024","passed","Mon Nov 04 00:53:03 GMT 2024","","SPACES","SPACES",""
"","2","LISTTEST.15","","Mon Nov 04 01:16:14 GMT 2024","passed","Mon Nov 04 01:16:14 GMT 2024","","COMMON","COMMON",""
"","1","TYPE-PROP.02","","Mon Nov 04 00:50:44 GMT 2024","passed","Mon Nov 04 00:50:44 GMT 2024","","CHAINING","CHAINING",""
"","24000","language_models.unweighted_pllm","","Mon Nov 04 00:36:03 GMT 2024","passed","Mon Nov 04 00:36:27 GMT 2024","","WHOLE-TESTS","WHOLE-TESTS",""
"","2","D1-GADT.03","","Mon Nov 04 00:36:07 GMT 2024","passed","Mon Nov 04 00:36:07 GMT 2024","","HYPERON-EXPERIMENTAL-SCRIPTS","HYPERON-EXPERIMENTAL-SCRIPTS",""
"","3","NATPARITYTEST.01","","Mon Nov 04 01:19:01 GMT 2024","passed","Mon Nov 04 01:19:01 GMT 2024","","HOL","HOL",""
"","2","MATCH-SUPERPOSED-SPACES.03","","Mon Nov 04 00:41:36 GMT 2024","passed","Mon Nov 04 00:41:36 GMT 2024","","METTA-MORPH-TESTS","METTA-MORPH-TESTS",""
"","1152","RED-BLACK.01","","Mon Nov 04 01:07:30 GMT 2024","passed","Mon Nov 04 01:07:31 GMT 2024","","RED-BLACK-LAMBDA","RED-BLACK-LAMBDA",""
"","2","HYPERPOSE.04","","Mon Nov 04 00:41:36 GMT 2024","passed","Mon Nov 04 00:41:36 GMT 2024","","METTA-MORPH-TESTS","METTA-MORPH-TESTS",""
"","3","FLIP-TEST.01","","Mon Nov 04 00:37:43 GMT 2024","passed","Mon Nov 04 00:37:43 GMT 2024","","HYPERON-METTALOG-SANITY","HYPERON-METTALOG-SANITY",""
"","2","BC-XP.24","","Mon Nov 04 01:16:05 GMT 2024","passed","Mon Nov 04 01:16:05 GMT 2024","","BACKWARD-CHAINING","BACKWARD-CHAINING",""
"","2","INF-CTL-MONTH-BC-CONT-XP.11","","Mon Nov 04 01:20:12 GMT 2024","passed","Mon Nov 04 01:20:12 GMT 2024","","INFERENCE-CONTROL","INFERENCE-CONTROL",""
"","1","SEQUENTIAL-NESTED.06","","Mon Nov 04 00:41:36 GMT 2024","passed","Mon Nov 04 00:41:36 GMT 2024","","METTA-MORPH-TESTS","METTA-MORPH-TESTS",""
"","19","INF-CTL-MONTH-XP-SHORT-6.01","","Mon Nov 04 02:04:14 GMT 2024","failed","Mon Nov 04 02:04:14 GMT 2024","","COMPARISONS","COMPARISONS",""
"","6","CHAPTER-1-2.01","","Mon Nov 04 00:55:17 GMT 2024","passed","Mon Nov 04 00:55:17 GMT 2024","","SICP-BOOK","SICP-BOOK",""
"","2","PROB-DEP-TYPES.06","","Mon Nov 04 01:03:54 GMT 2024","passed","Mon Nov 04 01:03:54 GMT 2024","","PROB-DEP-TYPES","PROB-DEP-TYPES",""
"","103","TYPE-PROP.54","","Mon Nov 04 01:11:50 GMT 2024","failed","Mon Nov 04 01:11:50 GMT 2024","","CHECK-TYPES-TEMP","CHECK-TYPES-TEMP",""
"","5000","hyperon-experimental_scripts.e2_states","","Mon Nov 04 00:36:03 GMT 2024","passed","Mon Nov 04 00:36:08 GMT 2024","","WHOLE-TESTS","WHOLE-TESTS",""
"","2","KB-WRITE.02","","Mon Nov 04 00:53:44 GMT 2024","passed","Mon Nov 04 00:53:44 GMT 2024","","STD","STD",""
"","38","IBC-XP.22","","Mon Nov 04 01:22:13 GMT 2024","failed","Mon Nov 04 01:22:13 GMT 2024","","ITERATIVE-CHAINING","ITERATIVE-CHAINING",""
"","2","KEY-LOOKUPS-MANY.01","","Mon Nov 04 01:57:54 GMT 2024","passed","Mon Nov 04 01:57:54 GMT 2024","","BASIC","BASIC",""
"","4000","debugging.hyperon_experimental_issue_516","","Mon Nov 04 00:36:03 GMT 2024","passed","Mon Nov 04 00:36:07 GMT 2024","","WHOLE-TESTS","WHOLE-TESTS",""
"","3","00-LANG-CASE.02","","Mon Nov 04 00:37:43 GMT 2024","passed","Mon Nov 04 00:37:43 GMT 2024","","HYPERON-METTALOG-SANITY","HYPERON-METTALOG-SANITY",""
"","5000","bigram-sentence-evaluator.unigrams","","Mon Nov 04 00:36:03 GMT 2024","passed","Mon Nov 04 00:36:08 GMT 2024","","WHOLE-TESTS","WHOLE-TESTS",""
"","208","SYNTHESIZE-VIA-UNIFY-TEST.03","","Mon Nov 04 01:26:50 GMT 2024","failed","Mon Nov 04 01:26:50 GMT 2024","","EXPERIMENTS","EXPERIMENTS",""
"","2","NATPARITYTEST.12","","Mon Nov 04 01:19:01 GMT 2024","passed","Mon Nov 04 01:19:01 GMT 2024","","HOL","HOL",""
"","6000","walk_thru.impl_mettalogTestCurried","","Mon Nov 04 00:36:03 GMT 2024","passed","Mon Nov 04 00:36:09 GMT 2024","","WHOLE-TESTS","WHOLE-TESTS",""
"","3","ADD-REMOVE-MATCH-INTEGER.37","","Mon Nov 04 00:53:03 GMT 2024","passed","Mon Nov 04 00:53:03 GMT 2024","","SPACES","SPACES",""
"","2","ADD-ATOM-NAIVE-FIB.07","","Mon Nov 04 02:04:14 GMT 2024","passed","Mon Nov 04 02:04:14 GMT 2024","","COMPARISONS","COMPARISONS",""
"","5000","hyperon-experimental_scripts.b5_types_prelim","","Mon Nov 04 00:36:03 GMT 2024","passed","Mon Nov 04 00:36:08 GMT 2024","","WHOLE-TESTS","WHOLE-TESTS",""
"","2","MATCH-SUPERPOSED-SPACES.05","","Mon Nov 04 00:41:36 GMT 2024","passed","Mon Nov 04 00:41:36 GMT 2024","","METTA-MORPH-TESTS","METTA-MORPH-TESTS",""
"","6000","chaining.v2-pln-xp-sys-impl","","Mon Nov 04 00:36:03 GMT 2024","passed","Mon Nov 04 00:36:09 GMT 2024","","WHOLE-TESTS","WHOLE-TESTS",""
"","8000","ai-service.ai-service-composition-easy","","Mon Nov 04 00:36:03 GMT 2024","passed","Mon Nov 04 00:36:11 GMT 2024","","WHOLE-TESTS","WHOLE-TESTS",""
"","2","HYPERPOSING-UNSHARED.07","","Mon Nov 04 01:57:54 GMT 2024","passed","Mon Nov 04 01:57:54 GMT 2024","","BASIC","BASIC",""
"","5000","metta-morph_tests.let_superpose_list","","Mon Nov 04 00:36:03 GMT 2024","passed","Mon Nov 04 00:36:08 GMT 2024","","WHOLE-TESTS","WHOLE-TESTS",""
"","1","ADD-REMOVE-MATCH-SS-SYMBOLS.06","","Mon Nov 04 00:53:03 GMT 2024","passed","Mon Nov 04 00:53:03 GMT 2024","","SPACES","SPACES",""
"","2","TYPE-PROP.48","","Mon Nov 04 01:11:50 GMT 2024","passed","Mon Nov 04 01:11:50 GMT 2024","","CHECK-TYPES-TEMP","CHECK-TYPES-TEMP",""
"","1","TYPES-PRELIM.16","","Mon Nov 04 00:50:44 GMT 2024","passed","Mon Nov 04 00:50:44 GMT 2024","","CHAINING","CHAINING",""
"","2","ADD-REMOVE-MATCH-STRINGS.10","","Mon Nov 04 00:53:03 GMT 2024","passed","Mon Nov 04 00:53:03 GMT 2024","","SPACES","SPACES",""
"","2","00A-LANG-COMPILED-CASE.01","","Mon Nov 04 01:47:48 GMT 2024","passed","Mon Nov 04 01:47:48 GMT 2024","","DIRECT-COMP","DIRECT-COMP",""
"","2","ADD-REMOVE-MATCH-SS-SYMBOLS.11","","Mon Nov 04 00:53:03 GMT 2024","passed","Mon Nov 04 00:53:03 GMT 2024","","SPACES","SPACES",""
"","6","TRUTHVALUETEST.01","","Mon Nov 04 01:16:43 GMT 2024","passed","Mon Nov 04 01:16:43 GMT 2024","","TRUTHVALUE","TRUTHVALUE",""
"","49","IOIOIOI-USING-EQUALITY.04","","Mon Nov 04 01:55:33 GMT 2024","failed","Mon Nov 04 01:55:33 GMT 2024","","MULTIDIRECTIONAL","MULTIDIRECTIONAL",""
"","2","STATE-TYPES.07","","Mon Nov 04 01:57:54 GMT 2024","passed","Mon Nov 04 01:57:54 GMT 2024","","BASIC","BASIC",""
"","14","C3-PLN-STV.05","","Mon Nov 04 00:36:07 GMT 2024","passed","Mon Nov 04 00:36:07 GMT 2024","","HYPERON-EXPERIMENTAL-SCRIPTS","HYPERON-EXPERIMENTAL-SCRIPTS",""
"","2","ADD-REMOVE-MATCH-INTEGER.11","","Mon Nov 04 00:53:03 GMT 2024","passed","Mon Nov 04 00:53:03 GMT 2024","","SPACES","SPACES",""
"","66","F1-IMPORTS.13","","Mon Nov 04 00:45:46 GMT 2024","failed","Mon Nov 04 00:45:46 GMT 2024","","QUICK","QUICK",""
"","4000","debugging.hyperon_experimental_issue_492","","Mon Nov 04 00:36:03 GMT 2024","passed","Mon Nov 04 00:36:07 GMT 2024","","WHOLE-TESTS","WHOLE-TESTS",""
"","2","D2-HIGHERFUNC.14","","Mon Nov 04 00:45:46 GMT 2024","passed","Mon Nov 04 00:45:46 GMT 2024","","QUICK","QUICK",""
"","2","NILS-IF-CONTROL-TEST-3.02","","Mon Nov 04 02:04:14 GMT 2024","passed","Mon Nov 04 02:04:14 GMT 2024","","COMPARISONS","COMPARISONS",""
"","2","TESTS2.08","","Mon Nov 04 00:46:15 GMT 2024","passed","Mon Nov 04 00:46:15 GMT 2024","","MAIN-BRANCH","MAIN-BRANCH",""
"","1099","TRAINING.01","","Mon Nov 04 02:10:27 GMT 2024","passed","Mon Nov 04 02:10:28 GMT 2024","","LANGUAGE-MODELS","LANGUAGE-MODELS",""
"","5000","query.gene-query","","Mon Nov 04 00:36:03 GMT 2024","passed","Mon Nov 04 00:36:08 GMT 2024","","WHOLE-TESTS","WHOLE-TESTS",""
"","2","ADD-REMOVE-MATCH-MIX-FLOAT-INTEGER.13","","Mon Nov 04 00:53:03 GMT 2024","passed","Mon Nov 04 00:53:03 GMT 2024","","SPACES","SPACES",""
"","45000","new.tests3","","Mon Nov 04 00:36:03 GMT 2024","failed","Mon Nov 04 00:36:48 GMT 2024","","WHOLE-TESTS","WHOLE-TESTS",""
"","4","C1-GROUNDED-BASIC.08","","Mon Nov 04 00:45:46 GMT 2024","passed","Mon Nov 04 00:45:46 GMT 2024","","QUICK","QUICK",""
"","40000","dependent-types.MinerDTL3Test","","Mon Nov 04 00:36:03 GMT 2024","failed","Mon Nov 04 00:36:43 GMT 2024","","WHOLE-TESTS","WHOLE-TESTS",""
"","3","A2-OPENCOGGY.01","","Mon Nov 04 00:36:07 GMT 2024","passed","Mon Nov 04 00:36:07 GMT 2024","","HYPERON-EXPERIMENTAL-SCRIPTS","HYPERON-EXPERIMENTAL-SCRIPTS",""
"","41000","basic.fwgc1","","Mon Nov 04 00:36:03 GMT 2024","failed","Mon Nov 04 00:36:44 GMT 2024","","WHOLE-TESTS","WHOLE-TESTS",""
"","2","STATES-SPACES.03","","Mon Nov 04 00:41:36 GMT 2024","passed","Mon Nov 04 00:41:36 GMT 2024","","METTA-MORPH-TESTS","METTA-MORPH-TESTS",""
"","5000","common.ListTest","","Mon Nov 04 00:36:03 GMT 2024","passed","Mon Nov 04 00:36:08 GMT 2024","","WHOLE-TESTS","WHOLE-TESTS",""
"","3","CHAPTER-1-1.17","","Mon Nov 04 00:55:17 GMT 2024","passed","Mon Nov 04 00:55:17 GMT 2024","","SICP-BOOK","SICP-BOOK",""
"","808","INF-ORDER-PROBS.07","","Mon Nov 04 01:03:54 GMT 2024","passed","Mon Nov 04 01:03:54 GMT 2024","","PROB-DEP-TYPES","PROB-DEP-TYPES",""
"","108","TYPE-PROP.73","","Mon Nov 04 01:11:50 GMT 2024","failed","Mon Nov 04 01:11:50 GMT 2024","","CHECK-TYPES-TEMP","CHECK-TYPES-TEMP",""
"","247","SYNTHESIZE-VIA-CASE-TEST.10","","Mon Nov 04 01:26:50 GMT 2024","failed","Mon Nov 04 01:26:50 GMT 2024","","EXPERIMENTS","EXPERIMENTS",""
"","2","D4-TYPE-PROP.14","","Mon Nov 04 00:36:07 GMT 2024","passed","Mon Nov 04 00:36:07 GMT 2024","","HYPERON-EXPERIMENTAL-SCRIPTS","HYPERON-EXPERIMENTAL-SCRIPTS",""
"","2","ADD-REMOVE-MATCH-MIX-FLOAT-INTEGER.01","","Mon Nov 04 00:53:03 GMT 2024","passed","Mon Nov 04 00:53:03 GMT 2024","","SPACES","SPACES",""
"","2","NATPARITYTEST.02","","Mon Nov 04 01:19:01 GMT 2024","passed","Mon Nov 04 01:19:01 GMT 2024","","HOL","HOL",""
"","3","IBC-XP.25","","Mon Nov 04 01:22:13 GMT 2024","passed","Mon Nov 04 01:22:13 GMT 2024","","ITERATIVE-CHAINING","ITERATIVE-CHAINING",""
"","67","STDLIB-METTALOG-TEST-PT2.73","","Mon Nov 04 00:55:08 GMT 2024","failed","Mon Nov 04 00:55:08 GMT 2024","","STDLIB-METTALOG","STDLIB-METTALOG",""
"","304","IBC-XP.14","","Mon Nov 04 01:22:13 GMT 2024","passed","Mon Nov 04 01:22:13 GMT 2024","","ITERATIVE-CHAINING","ITERATIVE-CHAINING",""
"","2","NUMTEST.05","","Mon Nov 04 01:16:14 GMT 2024","passed","Mon Nov 04 01:16:14 GMT 2024","","COMMON","COMMON",""
"","3","LISTTEST.01","","Mon Nov 04 01:19:01 GMT 2024","passed","Mon Nov 04 01:19:01 GMT 2024","","HOL","HOL",""
"","2","PREREQS.06","","Mon Nov 04 00:46:15 GMT 2024","passed","Mon Nov 04 00:46:15 GMT 2024","","MAIN-BRANCH","MAIN-BRANCH",""
"","2","TYPES2.03","","Mon Nov 04 00:41:36 GMT 2024","passed","Mon Nov 04 00:41:36 GMT 2024","","METTA-MORPH-TESTS","METTA-MORPH-TESTS",""
"","2","TESTS0.05","","Mon Nov 04 01:40:00 GMT 2024","passed","Mon Nov 04 01:40:00 GMT 2024","","NEW","NEW",""
"","2","HYPERPOSING-UNSHARED.02","","Mon Nov 04 01:57:54 GMT 2024","passed","Mon Nov 04 01:57:54 GMT 2024","","BASIC","BASIC",""
"","5000","formula.DeductionFormulaTest","","Mon Nov 04 00:36:03 GMT 2024","passed","Mon Nov 04 00:36:08 GMT 2024","","WHOLE-TESTS","WHOLE-TESTS",""
"","2","D3-DEPTYPES.03","","Mon Nov 04 00:36:07 GMT 2024","passed","Mon Nov 04 00:36:07 GMT 2024","","HYPERON-EXPERIMENTAL-SCRIPTS","HYPERON-EXPERIMENTAL-SCRIPTS",""
"","5000","synth_buffer.time_synthesize_short","","Mon Nov 04 00:36:03 GMT 2024","passed","Mon Nov 04 00:36:08 GMT 2024","","WHOLE-TESTS","WHOLE-TESTS",""
"","3","FC-XP.03","","Mon Nov 04 01:18:55 GMT 2024","passed","Mon Nov 04 01:18:55 GMT 2024","","FORWARD-CHAINING","FORWARD-CHAINING",""
"","3","TESTS0.03","","Mon Nov 04 01:40:00 GMT 2024","passed","Mon Nov 04 01:40:00 GMT 2024","","NEW","NEW",""
"","2","B5-TYPES-PRELIM.23","","Mon Nov 04 00:36:07 GMT 2024","passed","Mon Nov 04 00:36:07 GMT 2024","","HYPERON-EXPERIMENTAL-SCRIPTS","HYPERON-EXPERIMENTAL-SCRIPTS",""
"","3","INF-CTL-MONTH-BC-XP.01","","Mon Nov 04 01:20:12 GMT 2024","passed","Mon Nov 04 01:20:12 GMT 2024","","INFERENCE-CONTROL","INFERENCE-CONTROL",""
"","2","DEDUCTIONFORMULATEST.04","","Mon Nov 04 01:16:38 GMT 2024","passed","Mon Nov 04 01:16:38 GMT 2024","","FORMULA","FORMULA",""
"","2","D1-GADT.07","","Mon Nov 04 00:45:46 GMT 2024","passed","Mon Nov 04 00:45:46 GMT 2024","","QUICK","QUICK",""
"","2","UNIFY-VIA-LET.04","","Mon Nov 04 01:26:50 GMT 2024","passed","Mon Nov 04 01:26:50 GMT 2024","","EXPERIMENTS","EXPERIMENTS",""
"","487","PARENT-GO-1-COMP.01","","Mon Nov 04 00:50:44 GMT 2024","passed","Mon Nov 04 00:50:44 GMT 2024","","CHAINING","CHAINING",""
"","5000","main-branch.tests0","","Mon Nov 04 00:36:03 GMT 2024","passed","Mon Nov 04 00:36:08 GMT 2024","","WHOLE-TESTS","WHOLE-TESTS",""
"","1","D2-HIGHERFUNC.11","","Mon Nov 04 00:45:46 GMT 2024","passed","Mon Nov 04 00:45:46 GMT 2024","","QUICK","QUICK",""
"","3","D2-HIGHERFUNC.27","","Mon Nov 04 00:36:07 GMT 2024","passed","Mon Nov 04 00:36:07 GMT 2024","","HYPERON-EXPERIMENTAL-SCRIPTS","HYPERON-EXPERIMENTAL-SCRIPTS",""
"","21","STDLIB-METTALOG-TEST-PT2.49","","Mon Nov 04 00:55:08 GMT 2024","failed","Mon Nov 04 00:55:08 GMT 2024","","STDLIB-METTALOG","STDLIB-METTALOG",""
"","5000","check_types.d4_type_prop","","Mon Nov 04 00:36:03 GMT 2024","passed","Mon Nov 04 00:36:08 GMT 2024","","WHOLE-TESTS","WHOLE-TESTS",""
"","2","SYNTHESIZE-VIA-TYPE-CHECKING.12","","Mon Nov 04 01:26:50 GMT 2024","passed","Mon Nov 04 01:26:50 GMT 2024","","EXPERIMENTS","EXPERIMENTS",""
"","3","E2-STATES.11","","Mon Nov 04 01:12:10 GMT 2024","passed","Mon Nov 04 01:12:10 GMT 2024","","CHECK-TYPES","CHECK-TYPES",""
"","2","00A-LANG-COMPILED-CASE.03","","Mon Nov 04 01:47:48 GMT 2024","passed","Mon Nov 04 01:47:48 GMT 2024","","DIRECT-COMP","DIRECT-COMP",""
"","2","TYPE-PROP.50","","Mon Nov 04 01:11:50 GMT 2024","passed","Mon Nov 04 01:11:50 GMT 2024","","CHECK-TYPES-TEMP","CHECK-TYPES-TEMP",""
"","137","TESTS0.05","","Mon Nov 04 00:46:15 GMT 2024","passed","Mon Nov 04 00:46:15 GMT 2024","","MAIN-BRANCH","MAIN-BRANCH",""
"","110","NATTEST.03","","Mon Nov 04 01:19:01 GMT 2024","failed","Mon Nov 04 01:19:01 GMT 2024","","HOL","HOL",""
"","2","STDLIB-METTALOG-TEST-PT2.41","","Mon Nov 04 00:55:08 GMT 2024","passed","Mon Nov 04 00:55:08 GMT 2024","","STDLIB-METTALOG","STDLIB-METTALOG",""
"","1","F1-MODULEA.05","","Mon Nov 04 00:36:07 GMT 2024","passed","Mon Nov 04 00:36:07 GMT 2024","","HYPERON-EXPERIMENTAL-SCRIPTS","HYPERON-EXPERIMENTAL-SCRIPTS",""
"","2","STRING-TESTS.17","","Mon Nov 04 00:37:43 GMT 2024","passed","Mon Nov 04 00:37:43 GMT 2024","","HYPERON-METTALOG-SANITY","HYPERON-METTALOG-SANITY",""
"","3","D1-GADT.12","","Mon Nov 04 01:12:10 GMT 2024","passed","Mon Nov 04 01:12:10 GMT 2024","","CHECK-TYPES","CHECK-TYPES",""
"","1989","TESTS3.04","","Mon Nov 04 00:46:15 GMT 2024","failed","Mon Nov 04 00:46:16 GMT 2024","","MAIN-BRANCH","MAIN-BRANCH",""
"","1","TESTS1-PRE.07","","Mon Nov 04 00:46:15 GMT 2024","passed","Mon Nov 04 00:46:15 GMT 2024","","MAIN-BRANCH","MAIN-BRANCH",""
"","2","KB-WRITE.03","","Mon Nov 04 00:53:44 GMT 2024","passed","Mon Nov 04 00:53:44 GMT 2024","","STD","STD",""
"","8","SPACE-INTERSECTION-TESTS.03","","Mon Nov 04 00:37:43 GMT 2024","passed","Mon Nov 04 00:37:43 GMT 2024","","HYPERON-METTALOG-SANITY","HYPERON-METTALOG-SANITY",""
"","5000","spaces.add-remove-match-s-symbols","","Mon Nov 04 00:36:03 GMT 2024","passed","Mon Nov 04 00:36:08 GMT 2024","","WHOLE-TESTS","WHOLE-TESTS",""
"","504","TESTS0.07","","Mon Nov 04 01:36:06 GMT 2024","failed","Mon Nov 04 01:36:06 GMT 2024","","NARS-V0","NARS-V0",""
"","2","B5-TYPES-PRELIM.26","","Mon Nov 04 00:36:07 GMT 2024","passed","Mon Nov 04 00:36:07 GMT 2024","","HYPERON-EXPERIMENTAL-SCRIPTS","HYPERON-EXPERIMENTAL-SCRIPTS",""
"","5000","hyperon-mettalog_sanity.intersection_tests","","Mon Nov 04 00:36:03 GMT 2024","passed","Mon Nov 04 00:36:08 GMT 2024","","WHOLE-TESTS","WHOLE-TESTS",""
"","2","CHAPTER-1-1.12","","Mon Nov 04 00:55:17 GMT 2024","passed","Mon Nov 04 00:55:17 GMT 2024","","SICP-BOOK","SICP-BOOK",""
"","3","C1-GROUNDED-BASIC.01","","Mon Nov 04 00:45:46 GMT 2024","passed","Mon Nov 04 00:45:46 GMT 2024","","QUICK","QUICK",""
"","2","D4-TYPE-PROP.15","","Mon Nov 04 00:36:07 GMT 2024","passed","Mon Nov 04 00:36:07 GMT 2024","","HYPERON-EXPERIMENTAL-SCRIPTS","HYPERON-EXPERIMENTAL-SCRIPTS",""
"","2","B4-NONDETERM.08","","Mon Nov 04 00:36:07 GMT 2024","passed","Mon Nov 04 00:36:07 GMT 2024","","HYPERON-EXPERIMENTAL-SCRIPTS","HYPERON-EXPERIMENTAL-SCRIPTS",""
"","4","C3-PLN-STV.01","","Mon Nov 04 00:36:07 GMT 2024","passed","Mon Nov 04 00:36:07 GMT 2024","","HYPERON-EXPERIMENTAL-SCRIPTS","HYPERON-EXPERIMENTAL-SCRIPTS",""
"","12","HYPERON-EXPERIMENTAL-ISSUE-481.03","","Mon Nov 04 01:52:33 GMT 2024","passed","Mon Nov 04 01:52:33 GMT 2024","","DEBUGGING","DEBUGGING",""
"","144","SHOW-TYPE.02","","Mon Nov 04 00:52:48 GMT 2024","failed","Mon Nov 04 00:52:48 GMT 2024","","INTROSPECT","INTROSPECT",""
"","3","TESTS0.03","","Mon Nov 04 01:31:03 GMT 2024","passed","Mon Nov 04 01:31:03 GMT 2024","","CURRENT","CURRENT",""
"","3","BACKWARD-CHAINER-XP.08","","Mon Nov 04 01:15:59 GMT 2024","passed","Mon Nov 04 01:15:59 GMT 2024","","BACKWARD-CHAINER","BACKWARD-CHAINER",""
"","13","E3-MATCH-STATES.05","","Mon Nov 04 00:36:07 GMT 2024","failed","Mon Nov 04 00:36:07 GMT 2024","","HYPERON-EXPERIMENTAL-SCRIPTS","HYPERON-EXPERIMENTAL-SCRIPTS",""
"","2","ADD-REMOVE-MATCH-INTEGER.43","","Mon Nov 04 00:53:03 GMT 2024","passed","Mon Nov 04 00:53:03 GMT 2024","","SPACES","SPACES",""
"","3","CURRIED-CHAINER.03","","Mon Nov 04 01:16:52 GMT 2024","passed","Mon Nov 04 01:16:52 GMT 2024","","CURRIED-CHAINING","CURRIED-CHAINING",""
"","2","GADT.02","","Mon Nov 04 00:53:44 GMT 2024","passed","Mon Nov 04 00:53:44 GMT 2024","","STD","STD",""
"","287","SELF-CONTAINED-SYNTHESIZE.11","","Mon Nov 04 01:26:50 GMT 2024","failed","Mon Nov 04 01:26:50 GMT 2024","","EXPERIMENTS","EXPERIMENTS",""
"","2","TYPE-PROP.24","","Mon Nov 04 01:11:50 GMT 2024","passed","Mon Nov 04 01:11:50 GMT 2024","","CHECK-TYPES-TEMP","CHECK-TYPES-TEMP",""
"","2","IS-SPACE.03","","Mon Nov 04 00:37:43 GMT 2024","passed","Mon Nov 04 00:37:43 GMT 2024","","HYPERON-METTALOG-SANITY","HYPERON-METTALOG-SANITY",""
"","6000","hol.NatStandaloneTest","","Mon Nov 04 00:36:03 GMT 2024","passed","Mon Nov 04 00:36:09 GMT 2024","","WHOLE-TESTS","WHOLE-TESTS",""
"","62","CREATE-SERVER.04","","Mon Nov 04 01:53:39 GMT 2024","failed","Mon Nov 04 01:53:39 GMT 2024","","DISTRIBUTED-PROCESSING","DISTRIBUTED-PROCESSING",""
"","2","03-SORING-VIA-INSERT.03","","Mon Nov 04 00:37:43 GMT 2024","passed","Mon Nov 04 00:37:43 GMT 2024","","HYPERON-METTALOG-SANITY","HYPERON-METTALOG-SANITY",""
"","2","SEQUENTIAL-NESTED.12","","Mon Nov 04 00:41:36 GMT 2024","passed","Mon Nov 04 00:41:36 GMT 2024","","METTA-MORPH-TESTS","METTA-MORPH-TESTS",""
"","2","INF-ORDER-PROBS.11","","Mon Nov 04 01:03:54 GMT 2024","passed","Mon Nov 04 01:03:54 GMT 2024","","PROB-DEP-TYPES","PROB-DEP-TYPES",""
"","2","XOR-TEST.10","","Mon Nov 04 00:37:43 GMT 2024","passed","Mon Nov 04 00:37:43 GMT 2024","","HYPERON-METTALOG-SANITY","HYPERON-METTALOG-SANITY",""
"","5000","anti-regression.mettalogTestCurried2","","Mon Nov 04 00:36:03 GMT 2024","passed","Mon Nov 04 00:36:08 GMT 2024","","WHOLE-TESTS","WHOLE-TESTS",""
"","1","INF-ORDER-PROBS.09","","Mon Nov 04 01:03:54 GMT 2024","passed","Mon Nov 04 01:03:54 GMT 2024","","PROB-DEP-TYPES","PROB-DEP-TYPES",""
"","380","INF-CTL-XP.07","","Mon Nov 04 01:20:12 GMT 2024","passed","Mon Nov 04 01:20:12 GMT 2024","","INFERENCE-CONTROL","INFERENCE-CONTROL",""
"","2","TMPMATCH2.03","","Mon Nov 04 00:43:38 GMT 2024","passed","Mon Nov 04 00:43:38 GMT 2024","","ANTI-REGRESSION","ANTI-REGRESSION",""
"","2","ADD-REMOVE-MATCH-FLOAT.09","","Mon Nov 04 00:53:03 GMT 2024","passed","Mon Nov 04 00:53:03 GMT 2024","","SPACES","SPACES",""
"","2","TYPE-PROP.51","","Mon Nov 04 01:11:50 GMT 2024","passed","Mon Nov 04 01:11:50 GMT 2024","","CHECK-TYPES-TEMP","CHECK-TYPES-TEMP",""
"","4000","comparisons.inf-ctl-month-xp-short_1","","Mon Nov 04 00:36:03 GMT 2024","passed","Mon Nov 04 00:36:07 GMT 2024","","WHOLE-TESTS","WHOLE-TESTS",""
"","5000","hyperon-mettalog_sanity.string-tests","","Mon Nov 04 00:36:03 GMT 2024","passed","Mon Nov 04 00:36:08 GMT 2024","","WHOLE-TESTS","WHOLE-TESTS",""
"","1","D2-HIGHERFUNC.04","","Mon Nov 04 01:12:10 GMT 2024","passed","Mon Nov 04 01:12:10 GMT 2024","","CHECK-TYPES","CHECK-TYPES",""
"","14","CHAPTER-2-4.22","","Mon Nov 04 00:55:17 GMT 2024","failed","Mon Nov 04 00:55:17 GMT 2024","","SICP-BOOK","SICP-BOOK",""
"","14","STDLIB-METTALOG-TEST-PT2.35","","Mon Nov 04 00:55:08 GMT 2024","passed","Mon Nov 04 00:55:08 GMT 2024","","STDLIB-METTALOG","STDLIB-METTALOG",""
"","3","D2-HIGHERFUNC.25","","Mon Nov 04 00:45:46 GMT 2024","passed","Mon Nov 04 00:45:46 GMT 2024","","QUICK","QUICK",""
"","45000","prev.tests1","","Mon Nov 04 00:36:03 GMT 2024","failed","Mon Nov 04 00:36:48 GMT 2024","","WHOLE-TESTS","WHOLE-TESTS",""
"","127","TESTS0.02","","Mon Nov 04 01:31:03 GMT 2024","passed","Mon Nov 04 01:31:03 GMT 2024","","CURRENT","CURRENT",""
"","14","D1-GADT.09","","Mon Nov 04 01:12:10 GMT 2024","passed","Mon Nov 04 01:12:10 GMT 2024","","CHECK-TYPES","CHECK-TYPES",""
"","44","IFC-XP.32","","Mon Nov 04 01:22:13 GMT 2024","failed","Mon Nov 04 01:22:13 GMT 2024","","ITERATIVE-CHAINING","ITERATIVE-CHAINING",""
"","40000","main-branch.tests2","","Mon Nov 04 00:36:03 GMT 2024","failed","Mon Nov 04 00:36:43 GMT 2024","","WHOLE-TESTS","WHOLE-TESTS",""
"","3","TIME-SYNTHESIZE-SHORT.03","","Mon Nov 04 00:39:27 GMT 2024","passed","Mon Nov 04 00:39:27 GMT 2024","","SYNTH-BUFFER","SYNTH-BUFFER",""
"","3","HYPERON-EXPERIMENTAL-ISSUE-516-REDDUCED.02","","Mon Nov 04 01:52:33 GMT 2024","passed","Mon Nov 04 01:52:33 GMT 2024","","DEBUGGING","DEBUGGING",""
"","40000","experiments.synthesize-via-unify-test-longer","","Mon Nov 04 00:36:03 GMT 2024","failed","Mon Nov 04 00:36:43 GMT 2024","","WHOLE-TESTS","WHOLE-TESTS",""
"","3","SYNTHESIZE-VIA-TYPE-CHECKING.10","","Mon Nov 04 01:26:50 GMT 2024","passed","Mon Nov 04 01:26:50 GMT 2024","","EXPERIMENTS","EXPERIMENTS",""
"","26000","language_models.pllm_penntree","","Mon Nov 04 00:36:03 GMT 2024","passed","Mon Nov 04 00:36:29 GMT 2024","","WHOLE-TESTS","WHOLE-TESTS",""
"","4000","experiments.synthesize-via-superpose","","Mon Nov 04 00:36:03 GMT 2024","passed","Mon Nov 04 00:36:07 GMT 2024","","WHOLE-TESTS","WHOLE-TESTS",""
"","19","NATSTANDALONETEST.11","","Mon Nov 04 01:19:01 GMT 2024","failed","Mon Nov 04 01:19:01 GMT 2024","","HOL","HOL",""
"","3","D4-TYPE-PROP.16","","Mon Nov 04 00:45:46 GMT 2024","passed","Mon Nov 04 00:45:46 GMT 2024","","QUICK","QUICK",""
"","127","TESTS0.01","","Mon Nov 04 00:41:36 GMT 2024","passed","Mon Nov 04 00:41:36 GMT 2024","","METTA-MORPH-TESTS","METTA-MORPH-TESTS",""
"","111","SPACE-INTERSECTION-TESTS.10","","Mon Nov 04 00:37:43 GMT 2024","failed","Mon Nov 04 00:37:43 GMT 2024","","HYPERON-METTALOG-SANITY","HYPERON-METTALOG-SANITY",""
"","2","SUPERPOSE-NESTED.04","","Mon Nov 04 00:41:36 GMT 2024","passed","Mon Nov 04 00:41:36 GMT 2024","","METTA-MORPH-TESTS","METTA-MORPH-TESTS",""
"","2","FORWARD-CHAINER-XP.18","","Mon Nov 04 01:18:45 GMT 2024","passed","Mon Nov 04 01:18:45 GMT 2024","","FORWARD-CHAINER","FORWARD-CHAINER",""
"","2","PC-XP.07","","Mon Nov 04 01:24:57 GMT 2024","passed","Mon Nov 04 01:24:57 GMT 2024","","POLYWARD-CHAINING","POLYWARD-CHAINING",""
"","2","V2-PLN-XP-SYS-IMPL.01","","Mon Nov 04 00:50:44 GMT 2024","passed","Mon Nov 04 00:50:44 GMT 2024","","CHAINING","CHAINING",""
"","7437","SUPPORTRULEEXP.04","","Mon Nov 04 01:14:52 GMT 2024","failed","Mon Nov 04 01:14:59 GMT 2024","","DEPENDENT-TYPES","DEPENDENT-TYPES",""
"","2","D3-DEPTYPES.07","","Mon Nov 04 01:12:10 GMT 2024","passed","Mon Nov 04 01:12:10 GMT 2024","","CHECK-TYPES","CHECK-TYPES",""
"","1","A3-TWOSIDE.02","","Mon Nov 04 00:36:07 GMT 2024","passed","Mon Nov 04 00:36:07 GMT 2024","","HYPERON-EXPERIMENTAL-SCRIPTS","HYPERON-EXPERIMENTAL-SCRIPTS",""
"","2","C2-SPACES.02","","Mon Nov 04 00:36:07 GMT 2024","passed","Mon Nov 04 00:36:07 GMT 2024","","HYPERON-EXPERIMENTAL-SCRIPTS","HYPERON-EXPERIMENTAL-SCRIPTS",""
"","3","STATE-TYPES.22","","Mon Nov 04 01:57:54 GMT 2024","passed","Mon Nov 04 01:57:54 GMT 2024","","BASIC","BASIC",""
"","6000","distributed-processing.use-one-server","","Mon Nov 04 00:36:03 GMT 2024","passed","Mon Nov 04 00:36:09 GMT 2024","","WHOLE-TESTS","WHOLE-TESTS",""
"","4000","hyperon-experimental_scripts.a1_symbols","","Mon Nov 04 00:36:03 GMT 2024","passed","Mon Nov 04 00:36:07 GMT 2024","","WHOLE-TESTS","WHOLE-TESTS",""
"","5","CHAPTER-2-2.09","","Mon Nov 04 00:55:17 GMT 2024","passed","Mon Nov 04 00:55:17 GMT 2024","","SICP-BOOK","SICP-BOOK",""
"","13","ORDEREDSETTEST.11","","Mon Nov 04 01:16:14 GMT 2024","passed","Mon Nov 04 01:16:14 GMT 2024","","COMMON","COMMON",""
"","2","BC-XP.26","","Mon Nov 04 01:16:05 GMT 2024","passed","Mon Nov 04 01:16:05 GMT 2024","","BACKWARD-CHAINING","BACKWARD-CHAINING",""
"","295","NATSTANDALONETEST.13","","Mon Nov 04 01:19:01 GMT 2024","failed","Mon Nov 04 01:19:01 GMT 2024","","HOL","HOL",""
"","95","OR-TEST.20","","Mon Nov 04 00:37:43 GMT 2024","failed","Mon Nov 04 00:37:43 GMT 2024","","HYPERON-METTALOG-SANITY","HYPERON-METTALOG-SANITY",""
"","2","TESTS0.05","","Mon Nov 04 01:31:03 GMT 2024","passed","Mon Nov 04 01:31:03 GMT 2024","","CURRENT","CURRENT",""
"","123","INTERPRETER.01","","Mon Nov 04 01:07:38 GMT 2024","failed","Mon Nov 04 01:07:38 GMT 2024","","STACK-BASED","STACK-BASED",""
"","63","ADD-REMOVE-MATCH-INTEGER.40","","Mon Nov 04 00:53:03 GMT 2024","passed","Mon Nov 04 00:53:03 GMT 2024","","SPACES","SPACES",""
"","5000","comparisons.inf-ctl-month-xp-short_3","","Mon Nov 04 00:36:03 GMT 2024","passed","Mon Nov 04 00:36:08 GMT 2024","","WHOLE-TESTS","WHOLE-TESTS",""
"","3","SUBTRACTION-TEST.01","","Mon Nov 04 00:37:43 GMT 2024","passed","Mon Nov 04 00:37:43 GMT 2024","","HYPERON-METTALOG-SANITY","HYPERON-METTALOG-SANITY",""
"","2","CHAPTER-1-1.02","","Mon Nov 04 00:55:17 GMT 2024","passed","Mon Nov 04 00:55:17 GMT 2024","","SICP-BOOK","SICP-BOOK",""
"","2","INF-CTL-MONTH-XP-SHORT-3.03","","Mon Nov 04 02:04:14 GMT 2024","passed","Mon Nov 04 02:04:14 GMT 2024","","COMPARISONS","COMPARISONS",""
"","3","BACKWARD-CHAINER-XP.34","","Mon Nov 04 01:15:59 GMT 2024","passed","Mon Nov 04 01:15:59 GMT 2024","","BACKWARD-CHAINER","BACKWARD-CHAINER",""
"","136","FC-XP.20","","Mon Nov 04 01:18:55 GMT 2024","passed","Mon Nov 04 01:18:55 GMT 2024","","FORWARD-CHAINING","FORWARD-CHAINING",""
"","1198","SYNTHESIZE-VIA-LET-TEST.06","","Mon Nov 04 01:26:50 GMT 2024","failed","Mon Nov 04 01:26:51 GMT 2024","","EXPERIMENTS","EXPERIMENTS",""
"","8","D2-HIGHERFUNC.22","","Mon Nov 04 00:36:07 GMT 2024","passed","Mon Nov 04 00:36:07 GMT 2024","","HYPERON-EXPERIMENTAL-SCRIPTS","HYPERON-EXPERIMENTAL-SCRIPTS",""
"","4000","possibly_wrong.too_eager_math","","Mon Nov 04 00:36:03 GMT 2024","passed","Mon Nov 04 00:36:07 GMT 2024","","WHOLE-TESTS","WHOLE-TESTS",""
"","6","INF-CTL-XP.03","","Mon Nov 04 01:20:12 GMT 2024","passed","Mon Nov 04 01:20:12 GMT 2024","","INFERENCE-CONTROL","INFERENCE-CONTROL",""
"","40000","nars_extras.TestNARS_listing","","Mon Nov 04 00:36:03 GMT 2024","failed","Mon Nov 04 00:36:43 GMT 2024","","WHOLE-TESTS","WHOLE-TESTS",""
"","2","B5-TYPES-PRELIM.05","","Mon Nov 04 01:11:50 GMT 2024","passed","Mon Nov 04 01:11:50 GMT 2024","","CHECK-TYPES-TEMP","CHECK-TYPES-TEMP",""
"","3","B5-TYPES-PRELIM.13","","Mon Nov 04 01:11:50 GMT 2024","passed","Mon Nov 04 01:11:50 GMT 2024","","CHECK-TYPES-TEMP","CHECK-TYPES-TEMP",""
"","4000","features.intersection_tests","","Mon Nov 04 00:36:03 GMT 2024","passed","Mon Nov 04 00:36:07 GMT 2024","","WHOLE-TESTS","WHOLE-TESTS",""
"","1","HYPERPOSING.05","","Mon Nov 04 01:57:54 GMT 2024","passed","Mon Nov 04 01:57:54 GMT 2024","","BASIC","BASIC",""
"","2","B0-CHAINING-PRELIM.02","","Mon Nov 04 00:36:07 GMT 2024","passed","Mon Nov 04 00:36:07 GMT 2024","","HYPERON-EXPERIMENTAL-SCRIPTS","HYPERON-EXPERIMENTAL-SCRIPTS",""
"","2","FORWARD-CHAINER-XP.04","","Mon Nov 04 01:18:45 GMT 2024","passed","Mon Nov 04 01:18:45 GMT 2024","","FORWARD-CHAINER","FORWARD-CHAINER",""
"","2","LISTTEST.17","","Mon Nov 04 01:16:14 GMT 2024","passed","Mon Nov 04 01:16:14 GMT 2024","","COMMON","COMMON",""
"","39","CHAPTER-2-2.08","","Mon Nov 04 00:55:17 GMT 2024","failed","Mon Nov 04 00:55:17 GMT 2024","","SICP-BOOK","SICP-BOOK",""
"","2","STDLIB-METTALOG-TEST-PT2.42","","Mon Nov 04 00:55:08 GMT 2024","passed","Mon Nov 04 00:55:08 GMT 2024","","STDLIB-METTALOG","STDLIB-METTALOG",""
"","2","D4-TYPE-PROP.07","","Mon Nov 04 00:45:46 GMT 2024","passed","Mon Nov 04 00:45:46 GMT 2024","","QUICK","QUICK",""
"","101","B4-NONDETERM.11","","Mon Nov 04 00:36:07 GMT 2024","passed","Mon Nov 04 00:36:07 GMT 2024","","HYPERON-EXPERIMENTAL-SCRIPTS","HYPERON-EXPERIMENTAL-SCRIPTS",""
"","3","SELF-CONTAINED-SYNTHESIZE.05","","Mon Nov 04 01:26:50 GMT 2024","passed","Mon Nov 04 01:26:50 GMT 2024","","EXPERIMENTS","EXPERIMENTS",""
"","2","LTE.04","","Mon Nov 04 00:53:44 GMT 2024","passed","Mon Nov 04 00:53:44 GMT 2024","","STD","STD",""
"","6000","aunt-kg.simple_conversion","","Mon Nov 04 00:36:03 GMT 2024","passed","Mon Nov 04 00:36:09 GMT 2024","","WHOLE-TESTS","WHOLE-TESTS",""
"","2","SYNTHESIZE-VIA-TYPE-CHECKING.11","","Mon Nov 04 01:26:50 GMT 2024","passed","Mon Nov 04 01:26:50 GMT 2024","","EXPERIMENTS","EXPERIMENTS",""
"","2","IMPLICATIONDIRECTINTRODUCTIONENTAILTEST.05","","Mon Nov 04 01:18:26 GMT 2024","passed","Mon Nov 04 01:18:26 GMT 2024","","ENTAIL","ENTAIL",""
"","77","F1-IMPORTS.21","","Mon Nov 04 00:36:07 GMT 2024","passed","Mon Nov 04 00:36:07 GMT 2024","","HYPERON-EXPERIMENTAL-SCRIPTS","HYPERON-EXPERIMENTAL-SCRIPTS",""
"","3","LISTTEST.10","","Mon Nov 04 01:16:14 GMT 2024","passed","Mon Nov 04 01:16:14 GMT 2024","","COMMON","COMMON",""
"","4","HYPERON-EXPERIMENTAL-ISSUE-530.01","","Mon Nov 04 01:52:33 GMT 2024","passed","Mon Nov 04 01:52:33 GMT 2024","","DEBUGGING","DEBUGGING",""
"","2","F1-MODULEA.10","","Mon Nov 04 00:45:46 GMT 2024","passed","Mon Nov 04 00:45:46 GMT 2024","","QUICK","QUICK",""
"","32","FORWARD-CHAINER-TEST.13","","Mon Nov 04 01:18:45 GMT 2024","failed","Mon Nov 04 01:18:45 GMT 2024","","FORWARD-CHAINER","FORWARD-CHAINER",""
"","2","SHOW-TYPE.11","","Mon Nov 04 00:52:48 GMT 2024","passed","Mon Nov 04 00:52:48 GMT 2024","","INTROSPECT","INTROSPECT",""
"","92","TYPE-PROP.52","","Mon Nov 04 01:11:50 GMT 2024","failed","Mon Nov 04 01:11:50 GMT 2024","","CHECK-TYPES-TEMP","CHECK-TYPES-TEMP",""
"","2","BC-XP.03","","Mon Nov 04 01:16:05 GMT 2024","passed","Mon Nov 04 01:16:05 GMT 2024","","BACKWARD-CHAINING","BACKWARD-CHAINING",""
"","2","TYPES2.05","","Mon Nov 04 00:41:36 GMT 2024","passed","Mon Nov 04 00:41:36 GMT 2024","","METTA-MORPH-TESTS","METTA-MORPH-TESTS",""
"","2","D2-HIGHERFUNC.18","","Mon Nov 04 00:45:46 GMT 2024","passed","Mon Nov 04 00:45:46 GMT 2024","","QUICK","QUICK",""
"","4000","anti-regression.tmpMatch2","","Mon Nov 04 00:36:03 GMT 2024","passed","Mon Nov 04 00:36:07 GMT 2024","","WHOLE-TESTS","WHOLE-TESTS",""
"","2","D4-TYPE-PROP.16","","Mon Nov 04 00:36:07 GMT 2024","passed","Mon Nov 04 00:36:07 GMT 2024","","HYPERON-EXPERIMENTAL-SCRIPTS","HYPERON-EXPERIMENTAL-SCRIPTS",""
"","3","SUPERCOLLAPSE.04","","Mon Nov 04 00:41:36 GMT 2024","passed","Mon Nov 04 00:41:36 GMT 2024","","METTA-MORPH-TESTS","METTA-MORPH-TESTS",""
"","2","UNIFY-VIA-CASE.05","","Mon Nov 04 01:26:50 GMT 2024","passed","Mon Nov 04 01:26:50 GMT 2024","","EXPERIMENTS","EXPERIMENTS",""
"","2","STDLIB-METTALOG-TEST-PT2.39","","Mon Nov 04 00:55:08 GMT 2024","passed","Mon Nov 04 00:55:08 GMT 2024","","STDLIB-METTALOG","STDLIB-METTALOG",""
"","2","IBC-XP.12","","Mon Nov 04 01:22:13 GMT 2024","passed","Mon Nov 04 01:22:13 GMT 2024","","ITERATIVE-CHAINING","ITERATIVE-CHAINING",""
"","112","B4-NONDETERM.10","","Mon Nov 04 00:36:07 GMT 2024","passed","Mon Nov 04 00:36:07 GMT 2024","","HYPERON-EXPERIMENTAL-SCRIPTS","HYPERON-EXPERIMENTAL-SCRIPTS",""
"","2","NUMTEST.06","","Mon Nov 04 01:16:14 GMT 2024","passed","Mon Nov 04 01:16:14 GMT 2024","","COMMON","COMMON",""
"","1","STDLIB-METTALOG-TEST-PT2.54","","Mon Nov 04 00:55:08 GMT 2024","passed","Mon Nov 04 00:55:08 GMT 2024","","STDLIB-METTALOG","STDLIB-METTALOG",""
"","2","INF-CTL-MONTH-XP-SHORT-3.06","","Mon Nov 04 02:04:14 GMT 2024","passed","Mon Nov 04 02:04:14 GMT 2024","","COMPARISONS","COMPARISONS",""
"","11","NATSTANDALONETEST.10","","Mon Nov 04 01:19:01 GMT 2024","failed","Mon Nov 04 01:19:01 GMT 2024","","HOL","HOL",""
"","2","UNIQUE-TEST.05","","Mon Nov 04 00:37:43 GMT 2024","passed","Mon Nov 04 00:37:43 GMT 2024","","HYPERON-METTALOG-SANITY","HYPERON-METTALOG-SANITY",""
"","4000","experiments.non-determinism","","Mon Nov 04 00:36:03 GMT 2024","passed","Mon Nov 04 00:36:07 GMT 2024","","WHOLE-TESTS","WHOLE-TESTS",""
"","2","D1-GADT.11","","Mon Nov 04 00:45:46 GMT 2024","passed","Mon Nov 04 00:45:46 GMT 2024","","QUICK","QUICK",""
"","2","ADD-REMOVE-MATCH-MIX-FLOAT-INTEGER.09","","Mon Nov 04 00:53:03 GMT 2024","passed","Mon Nov 04 00:53:03 GMT 2024","","SPACES","SPACES",""
"","3","AI-SERVICE-COMPOSITION-EASY.01","","Mon Nov 04 01:09:19 GMT 2024","passed","Mon Nov 04 01:09:19 GMT 2024","","AI-SERVICE","AI-SERVICE",""
"","2","STRING-TESTS.19","","Mon Nov 04 00:37:43 GMT 2024","passed","Mon Nov 04 00:37:43 GMT 2024","","HYPERON-METTALOG-SANITY","HYPERON-METTALOG-SANITY",""
"","5000","chaining.backward_chain","","Mon Nov 04 00:36:03 GMT 2024","passed","Mon Nov 04 00:36:08 GMT 2024","","WHOLE-TESTS","WHOLE-TESTS",""
"","2","QUERIES.05","","Mon Nov 04 01:08:27 GMT 2024","passed","Mon Nov 04 01:08:27 GMT 2024","","STRIPS-TO-METTA-IMPROVED","STRIPS-TO-METTA-IMPROVED",""
"","7","REWRITES.02","","Mon Nov 04 01:07:38 GMT 2024","passed","Mon Nov 04 01:07:38 GMT 2024","","STACK-BASED","STACK-BASED",""
"","4","INTEST.01","","Mon Nov 04 01:16:14 GMT 2024","passed","Mon Nov 04 01:16:14 GMT 2024","","COMMON","COMMON",""
"","2","INF-CTL-MONTH-BC-CONT-XP.07","","Mon Nov 04 01:20:12 GMT 2024","passed","Mon Nov 04 01:20:12 GMT 2024","","INFERENCE-CONTROL","INFERENCE-CONTROL",""
"","119","ADD-ATOM-NAIVE-FIB.05","","Mon Nov 04 02:04:14 GMT 2024","failed","Mon Nov 04 02:04:14 GMT 2024","","COMPARISONS","COMPARISONS",""
"","2","STRING-TESTS.13","","Mon Nov 04 00:37:43 GMT 2024","passed","Mon Nov 04 00:37:43 GMT 2024","","HYPERON-METTALOG-SANITY","HYPERON-METTALOG-SANITY",""
"","3","CHAPTER-1-3.02","","Mon Nov 04 00:55:17 GMT 2024","passed","Mon Nov 04 00:55:17 GMT 2024","","SICP-BOOK","SICP-BOOK",""
"","3611","PROB-DEP-TYPES.16","","Mon Nov 04 01:03:54 GMT 2024","failed","Mon Nov 04 01:03:57 GMT 2024","","PROB-DEP-TYPES","PROB-DEP-TYPES",""
"","1","D1-GADT.14","","Mon Nov 04 01:12:10 GMT 2024","passed","Mon Nov 04 01:12:10 GMT 2024","","CHECK-TYPES","CHECK-TYPES",""
"","2","ADD-REMOVE-MATCH-SYMBOLS.12","","Mon Nov 04 00:53:03 GMT 2024","passed","Mon Nov 04 00:53:03 GMT 2024","","SPACES","SPACES",""
"","15","AI-SERVICE-COMPOSITION-EASY.07","","Mon Nov 04 01:09:19 GMT 2024","passed","Mon Nov 04 01:09:19 GMT 2024","","AI-SERVICE","AI-SERVICE",""
"","2","DEDUCTIONFORMULATEST.01","","Mon Nov 04 01:16:38 GMT 2024","passed","Mon Nov 04 01:16:38 GMT 2024","","FORMULA","FORMULA",""
"","7000","metta-morph_tests.factorial","","Mon Nov 04 00:36:03 GMT 2024","passed","Mon Nov 04 00:36:10 GMT 2024","","WHOLE-TESTS","WHOLE-TESTS",""
"","3","BCHAIN-COMP.06","","Mon Nov 04 00:43:38 GMT 2024","passed","Mon Nov 04 00:43:38 GMT 2024","","ANTI-REGRESSION","ANTI-REGRESSION",""
"","1","00A-LANG-COMPILED-CASE.11","","Mon Nov 04 01:47:48 GMT 2024","passed","Mon Nov 04 01:47:48 GMT 2024","","DIRECT-COMP","DIRECT-COMP",""
"","89","ADD-REMOVE-MATCH-INTEGER.38","","Mon Nov 04 00:53:03 GMT 2024","passed","Mon Nov 04 00:53:03 GMT 2024","","SPACES","SPACES",""
"","2","D2-HIGHERFUNC.15","","Mon Nov 04 00:36:07 GMT 2024","passed","Mon Nov 04 00:36:07 GMT 2024","","HYPERON-EXPERIMENTAL-SCRIPTS","HYPERON-EXPERIMENTAL-SCRIPTS",""
"","2","00-LANG-CASE.14","","Mon Nov 04 00:37:43 GMT 2024","passed","Mon Nov 04 00:37:43 GMT 2024","","HYPERON-METTALOG-SANITY","HYPERON-METTALOG-SANITY",""
"","4000","anti-regression.bchain_comp","","Mon Nov 04 00:36:03 GMT 2024","passed","Mon Nov 04 00:36:07 GMT 2024","","WHOLE-TESTS","WHOLE-TESTS",""
"","2","ADD-REMOVE-MATCH-S-STRINGS.02","","Mon Nov 04 00:53:03 GMT 2024","passed","Mon Nov 04 00:53:03 GMT 2024","","SPACES","SPACES",""
"","2","D2-HIGHERFUNC.12","","Mon Nov 04 00:36:07 GMT 2024","passed","Mon Nov 04 00:36:07 GMT 2024","","HYPERON-EXPERIMENTAL-SCRIPTS","HYPERON-EXPERIMENTAL-SCRIPTS",""
"","2","UNIFY-VIA-LET.05","","Mon Nov 04 01:26:50 GMT 2024","passed","Mon Nov 04 01:26:50 GMT 2024","","EXPERIMENTS","EXPERIMENTS",""
"","18","UNIFYTEST.02","","Mon Nov 04 01:26:45 GMT 2024","failed","Mon Nov 04 01:26:45 GMT 2024","","SYNTHESIS","SYNTHESIS",""
"","59","D5-AUTO-TYPES.01","","Mon Nov 04 01:12:10 GMT 2024","failed","Mon Nov 04 01:12:10 GMT 2024","","CHECK-TYPES","CHECK-TYPES",""
"","3","PREREQS.02","","Mon Nov 04 00:46:15 GMT 2024","passed","Mon Nov 04 00:46:15 GMT 2024","","MAIN-BRANCH","MAIN-BRANCH",""
"","4","MATCH-FEVAL.01","","Mon Nov 04 01:48:50 GMT 2024","passed","Mon Nov 04 01:48:50 GMT 2024","","TRANSPILER","TRANSPILER",""
"","39","FORWARD-CHAINER-TEST.05","","Mon Nov 04 01:18:45 GMT 2024","failed","Mon Nov 04 01:18:45 GMT 2024","","FORWARD-CHAINER","FORWARD-CHAINER",""
"","3","TESTS2.06","","Mon Nov 04 00:46:15 GMT 2024","passed","Mon Nov 04 00:46:15 GMT 2024","","MAIN-BRANCH","MAIN-BRANCH",""
"","2","LISTTEST.07","","Mon Nov 04 01:16:14 GMT 2024","passed","Mon Nov 04 01:16:14 GMT 2024","","COMMON","COMMON",""
"","3","INF-CTL-MONTH-BC-CONT-XP.22","","Mon Nov 04 01:20:12 GMT 2024","passed","Mon Nov 04 01:20:12 GMT 2024","","INFERENCE-CONTROL","INFERENCE-CONTROL",""
"","2","INTERSECTION-TESTS.19","","Mon Nov 04 00:37:43 GMT 2024","passed","Mon Nov 04 00:37:43 GMT 2024","","HYPERON-METTALOG-SANITY","HYPERON-METTALOG-SANITY",""
"","5000","introspect.exam-spaces","","Mon Nov 04 00:36:03 GMT 2024","passed","Mon Nov 04 00:36:08 GMT 2024","","WHOLE-TESTS","WHOLE-TESTS",""
"","4000","metta_to_amr.amr-connect","","Mon Nov 04 00:36:03 GMT 2024","passed","Mon Nov 04 00:36:07 GMT 2024","","WHOLE-TESTS","WHOLE-TESTS",""
"","625","SELF-CONTAINED-SYNTHESIZE.01","","Mon Nov 04 01:26:50 GMT 2024","failed","Mon Nov 04 01:26:50 GMT 2024","","EXPERIMENTS","EXPERIMENTS",""
"","3","TYPE-PROP.14","","Mon Nov 04 01:11:50 GMT 2024","passed","Mon Nov 04 01:11:50 GMT 2024","","CHECK-TYPES-TEMP","CHECK-TYPES-TEMP",""
"","42000","aunt-kg.sergey_rodionov_formulation","","Mon Nov 04 00:36:03 GMT 2024","failed","Mon Nov 04 00:36:45 GMT 2024","","WHOLE-TESTS","WHOLE-TESTS",""
"","2","TYPE-PROP.08","","Mon Nov 04 00:50:44 GMT 2024","passed","Mon Nov 04 00:50:44 GMT 2024","","CHAINING","CHAINING",""
"","3","UNIQUE-TEST.07","","Mon Nov 04 00:37:43 GMT 2024","passed","Mon Nov 04 00:37:43 GMT 2024","","HYPERON-METTALOG-SANITY","HYPERON-METTALOG-SANITY",""
"","86","D5-AUTO-TYPES.06","","Mon Nov 04 00:36:07 GMT 2024","failed","Mon Nov 04 00:36:07 GMT 2024","","HYPERON-EXPERIMENTAL-SCRIPTS","HYPERON-EXPERIMENTAL-SCRIPTS",""
"","19","UNIFYTEST.01","","Mon Nov 04 01:26:45 GMT 2024","failed","Mon Nov 04 01:26:45 GMT 2024","","SYNTHESIS","SYNTHESIS",""
"","2","BC-XP.27","","Mon Nov 04 01:16:05 GMT 2024","passed","Mon Nov 04 01:16:05 GMT 2024","","BACKWARD-CHAINING","BACKWARD-CHAINING",""
"","2","IBC-XP.31","","Mon Nov 04 01:22:13 GMT 2024","passed","Mon Nov 04 01:22:13 GMT 2024","","ITERATIVE-CHAINING","ITERATIVE-CHAINING",""
"","3","SUBTRACTION-TEST.08","","Mon Nov 04 00:37:43 GMT 2024","passed","Mon Nov 04 00:37:43 GMT 2024","","HYPERON-METTALOG-SANITY","HYPERON-METTALOG-SANITY",""
"","3","TYPE-PROP.16","","Mon Nov 04 01:11:50 GMT 2024","passed","Mon Nov 04 01:11:50 GMT 2024","","CHECK-TYPES-TEMP","CHECK-TYPES-TEMP",""
"","2","D4-TYPE-PROP.04","","Mon Nov 04 00:45:46 GMT 2024","passed","Mon Nov 04 00:45:46 GMT 2024","","QUICK","QUICK",""
"","56","IFC-XP.13","","Mon Nov 04 01:22:13 GMT 2024","failed","Mon Nov 04 01:22:13 GMT 2024","","ITERATIVE-CHAINING","ITERATIVE-CHAINING",""
"","3","DEDUCTIONDTLTEST.03","","Mon Nov 04 01:14:52 GMT 2024","passed","Mon Nov 04 01:14:52 GMT 2024","","DEPENDENT-TYPES","DEPENDENT-TYPES",""
"","2","FORWARD-CHAINER-XP.26","","Mon Nov 04 01:18:45 GMT 2024","passed","Mon Nov 04 01:18:45 GMT 2024","","FORWARD-CHAINER","FORWARD-CHAINER",""
"","1","D1-GADT.02","","Mon Nov 04 00:45:46 GMT 2024","passed","Mon Nov 04 00:45:46 GMT 2024","","QUICK","QUICK",""
"","2","STATES-SPACES.06","","Mon Nov 04 00:41:36 GMT 2024","passed","Mon Nov 04 00:41:36 GMT 2024","","METTA-MORPH-TESTS","METTA-MORPH-TESTS",""
"","2","XOR-TEST.09","","Mon Nov 04 00:37:43 GMT 2024","passed","Mon Nov 04 00:37:43 GMT 2024","","HYPERON-METTALOG-SANITY","HYPERON-METTALOG-SANITY",""
"","1","TYPE-PROP.46","","Mon Nov 04 01:11:50 GMT 2024","passed","Mon Nov 04 01:11:50 GMT 2024","","CHECK-TYPES-TEMP","CHECK-TYPES-TEMP",""
"","2","ALL-ANY.02","","Mon Nov 04 01:03:17 GMT 2024","passed","Mon Nov 04 01:03:17 GMT 2024","","LOGIC","LOGIC",""
"","2","BCHAIN-COMP.05","","Mon Nov 04 00:43:38 GMT 2024","passed","Mon Nov 04 00:43:38 GMT 2024","","ANTI-REGRESSION","ANTI-REGRESSION",""
"","41000","iterators.combined","","Mon Nov 04 00:36:03 GMT 2024","failed","Mon Nov 04 00:36:44 GMT 2024","","WHOLE-TESTS","WHOLE-TESTS",""
"","16000","bigram-sentence-evaluator.bigrams","","Mon Nov 04 00:36:03 GMT 2024","passed","Mon Nov 04 00:36:19 GMT 2024","","WHOLE-TESTS","WHOLE-TESTS",""
"","4000","check_types.d5_auto_types","","Mon Nov 04 00:36:03 GMT 2024","passed","Mon Nov 04 00:36:07 GMT 2024","","WHOLE-TESTS","WHOLE-TESTS",""
"","3","D2-HIGHERFUNC.05","","Mon Nov 04 00:36:07 GMT 2024","passed","Mon Nov 04 00:36:07 GMT 2024","","HYPERON-EXPERIMENTAL-SCRIPTS","HYPERON-EXPERIMENTAL-SCRIPTS",""
"","2","FC-XP.26","","Mon Nov 04 01:18:55 GMT 2024","passed","Mon Nov 04 01:18:55 GMT 2024","","FORWARD-CHAINING","FORWARD-CHAINING",""
"","2","C1-GROUNDED-BASIC.06","","Mon Nov 04 00:36:07 GMT 2024","passed","Mon Nov 04 00:36:07 GMT 2024","","HYPERON-EXPERIMENTAL-SCRIPTS","HYPERON-EXPERIMENTAL-SCRIPTS",""
"","2","TYPE-PROP.21","","Mon Nov 04 01:11:50 GMT 2024","passed","Mon Nov 04 01:11:50 GMT 2024","","CHECK-TYPES-TEMP","CHECK-TYPES-TEMP",""
"","281","NATSIMPLETEST.02","","Mon Nov 04 01:19:01 GMT 2024","failed","Mon Nov 04 01:19:01 GMT 2024","","HOL","HOL",""
"","2","05-MATCH-SUPERPOSE-ELEMENT-LIKE-SPACE.04","","Mon Nov 04 01:52:29 GMT 2024","passed","Mon Nov 04 01:52:29 GMT 2024","","CONTAINERS-ARE-SPACES","CONTAINERS-ARE-SPACES",""
"","2","D2-HIGHERFUNC.12","","Mon Nov 04 00:45:46 GMT 2024","passed","Mon Nov 04 00:45:46 GMT 2024","","QUICK","QUICK",""
"","5000","metta-morph_tests.multifunction","","Mon Nov 04 00:36:03 GMT 2024","passed","Mon Nov 04 00:36:08 GMT 2024","","WHOLE-TESTS","WHOLE-TESTS",""
"","5000","hyperon-experimental_scripts.f1_imports","","Mon Nov 04 00:36:03 GMT 2024","passed","Mon Nov 04 00:36:08 GMT 2024","","WHOLE-TESTS","WHOLE-TESTS",""
"","18","CML-UNSHARED.06","","Mon Nov 04 01:57:54 GMT 2024","passed","Mon Nov 04 01:57:54 GMT 2024","","BASIC","BASIC",""
"","590","APPEND.03","","Mon Nov 04 01:55:33 GMT 2024","passed","Mon Nov 04 01:55:33 GMT 2024","","MULTIDIRECTIONAL","MULTIDIRECTIONAL",""
"","5000","chaining.pln_stv","","Mon Nov 04 00:36:03 GMT 2024","passed","Mon Nov 04 00:36:08 GMT 2024","","WHOLE-TESTS","WHOLE-TESTS",""
"","3","OBIF-EASY.01","","Mon Nov 04 01:55:33 GMT 2024","passed","Mon Nov 04 01:55:33 GMT 2024","","MULTIDIRECTIONAL","MULTIDIRECTIONAL",""
"","2","STDLIB-METTALOG-TEST-PT2.55","","Mon Nov 04 00:55:08 GMT 2024","passed","Mon Nov 04 00:55:08 GMT 2024","","STDLIB-METTALOG","STDLIB-METTALOG",""
"","5000","utils.utils-test","","Mon Nov 04 00:36:03 GMT 2024","passed","Mon Nov 04 00:36:08 GMT 2024","","WHOLE-TESTS","WHOLE-TESTS",""
"","3","D4-TYPE-PROP.01","","Mon Nov 04 00:45:46 GMT 2024","passed","Mon Nov 04 00:45:46 GMT 2024","","QUICK","QUICK",""
"","5000","features.represent_and_parse_tests","","Mon Nov 04 00:36:03 GMT 2024","passed","Mon Nov 04 00:36:08 GMT 2024","","WHOLE-TESTS","WHOLE-TESTS",""
"","5","SPACE-SUBTRACTION-TESTS.05","","Mon Nov 04 00:37:43 GMT 2024","passed","Mon Nov 04 00:37:43 GMT 2024","","HYPERON-METTALOG-SANITY","HYPERON-METTALOG-SANITY",""
"","117","STDLIB-METTALOG-TEST-PT2.60","","Mon Nov 04 00:55:08 GMT 2024","failed","Mon Nov 04 00:55:08 GMT 2024","","STDLIB-METTALOG","STDLIB-METTALOG",""
"","2","TESTS1-PRE.03","","Mon Nov 04 00:46:15 GMT 2024","passed","Mon Nov 04 00:46:15 GMT 2024","","MAIN-BRANCH","MAIN-BRANCH",""
"","112","TYPE-PROP.75","","Mon Nov 04 01:11:50 GMT 2024","failed","Mon Nov 04 01:11:50 GMT 2024","","CHECK-TYPES-TEMP","CHECK-TYPES-TEMP",""
"","5000","hyperon-mettalog_sanity.space_subtraction_tests","","Mon Nov 04 00:36:03 GMT 2024","passed","Mon Nov 04 00:36:08 GMT 2024","","WHOLE-TESTS","WHOLE-TESTS",""
"","2","BACKWARD-CHAINER-XP.05","","Mon Nov 04 01:15:59 GMT 2024","passed","Mon Nov 04 01:15:59 GMT 2024","","BACKWARD-CHAINER","BACKWARD-CHAINER",""
"","44","BACKWARD-CHAINER-XP.35","","Mon Nov 04 01:15:59 GMT 2024","failed","Mon Nov 04 01:15:59 GMT 2024","","BACKWARD-CHAINER","BACKWARD-CHAINER",""
"","4000","stack-based.interpreter","","Mon Nov 04 00:36:03 GMT 2024","passed","Mon Nov 04 00:36:07 GMT 2024","","WHOLE-TESTS","WHOLE-TESTS",""
"","2","METTALOGTESTCURRIED2.02","","Mon Nov 04 01:49:17 GMT 2024","passed","Mon Nov 04 01:49:17 GMT 2024","","WALK-THRU","WALK-THRU",""
"","2","F1-IMPORTS.16","","Mon Nov 04 00:35:58 GMT 2024","passed","Mon Nov 04 00:35:58 GMT 2024","","MODULE-SYSTEM","MODULE-SYSTEM",""
"","24","INF-CTL-XP.15","","Mon Nov 04 01:20:12 GMT 2024","failed","Mon Nov 04 01:20:12 GMT 2024","","INFERENCE-CONTROL","INFERENCE-CONTROL",""
"","5000","check_types.d2_higherfunc","","Mon Nov 04 00:36:03 GMT 2024","passed","Mon Nov 04 00:36:08 GMT 2024","","WHOLE-TESTS","WHOLE-TESTS",""
"","2","METTALOGTESTCURRIED2.02","","Mon Nov 04 00:43:38 GMT 2024","passed","Mon Nov 04 00:43:38 GMT 2024","","ANTI-REGRESSION","ANTI-REGRESSION",""
"","4","SEALED-TEST.02","","Mon Nov 04 00:37:43 GMT 2024","passed","Mon Nov 04 00:37:43 GMT 2024","","HYPERON-METTALOG-SANITY","HYPERON-METTALOG-SANITY",""
"","40000","SICP_book.chapter_1_3_2","","Mon Nov 04 00:36:03 GMT 2024","failed","Mon Nov 04 00:36:43 GMT 2024","","WHOLE-TESTS","WHOLE-TESTS",""
"","47","APPEND-USING-EQUALITY.04","","Mon Nov 04 01:55:33 GMT 2024","failed","Mon Nov 04 01:55:33 GMT 2024","","MULTIDIRECTIONAL","MULTIDIRECTIONAL",""
"","40000","basic.hanoi-peg-space","","Mon Nov 04 00:36:03 GMT 2024","failed","Mon Nov 04 00:36:43 GMT 2024","","WHOLE-TESTS","WHOLE-TESTS",""
"","989","TESTS2.03","","Mon Nov 04 00:46:15 GMT 2024","failed","Mon Nov 04 00:46:15 GMT 2024","","MAIN-BRANCH","MAIN-BRANCH",""
"","40000","match.tmpMatch","","Mon Nov 04 00:36:03 GMT 2024","failed","Mon Nov 04 00:36:43 GMT 2024","","WHOLE-TESTS","WHOLE-TESTS",""
"","2","IMPLICATIONDIRECTINTRODUCTIONDTLTEST.10","","Mon Nov 04 01:14:52 GMT 2024","passed","Mon Nov 04 01:14:52 GMT 2024","","DEPENDENT-TYPES","DEPENDENT-TYPES",""
"","3","TESTS5.01","","Mon Nov 04 01:40:00 GMT 2024","passed","Mon Nov 04 01:40:00 GMT 2024","","NEW","NEW",""
"","16","V2-PLN-XP-EASY-IMPL.02","","Mon Nov 04 00:50:44 GMT 2024","passed","Mon Nov 04 00:50:44 GMT 2024","","CHAINING","CHAINING",""
"","97","SHOW-TYPE.03","","Mon Nov 04 00:52:48 GMT 2024","failed","Mon Nov 04 00:52:48 GMT 2024","","INTROSPECT","INTROSPECT",""
"","4000","nondet_unify.prover","","Mon Nov 04 00:36:03 GMT 2024","passed","Mon Nov 04 00:36:07 GMT 2024","","WHOLE-TESTS","WHOLE-TESTS",""
"","2","CURRIED-CHAINER.02","","Mon Nov 04 01:16:52 GMT 2024","passed","Mon Nov 04 01:16:52 GMT 2024","","CURRIED-CHAINING","CURRIED-CHAINING",""
"","2","SHOW-TYPE.08","","Mon Nov 04 00:52:48 GMT 2024","passed","Mon Nov 04 00:52:48 GMT 2024","","INTROSPECT","INTROSPECT",""
"","2","00-LANG-CASE.05","","Mon Nov 04 00:37:43 GMT 2024","passed","Mon Nov 04 00:37:43 GMT 2024","","HYPERON-METTALOG-SANITY","HYPERON-METTALOG-SANITY",""
"","46000","new.tests1","","Mon Nov 04 00:36:03 GMT 2024","failed","Mon Nov 04 00:36:49 GMT 2024","","WHOLE-TESTS","WHOLE-TESTS",""
"","2","ADD-REMOVE-MATCH-INTEGER.35","","Mon Nov 04 00:53:03 GMT 2024","passed","Mon Nov 04 00:53:03 GMT 2024","","SPACES","SPACES",""
"","45000","prev.tests5","","Mon Nov 04 00:36:03 GMT 2024","failed","Mon Nov 04 00:36:48 GMT 2024","","WHOLE-TESTS","WHOLE-TESTS",""
"","5000","backward-chainer.backward-chainer-xp","","Mon Nov 04 00:36:03 GMT 2024","passed","Mon Nov 04 00:36:08 GMT 2024","","WHOLE-TESTS","WHOLE-TESTS",""
"","2","B4-NONDETERM.04","","Mon Nov 04 00:36:07 GMT 2024","passed","Mon Nov 04 00:36:07 GMT 2024","","HYPERON-EXPERIMENTAL-SCRIPTS","HYPERON-EXPERIMENTAL-SCRIPTS",""
"","7000","bigram-sentence-evaluator.taus","","Mon Nov 04 00:36:03 GMT 2024","passed","Mon Nov 04 00:36:10 GMT 2024","","WHOLE-TESTS","WHOLE-TESTS",""
"","4000","multidirectional.ioioioi_using_equality","","Mon Nov 04 00:36:03 GMT 2024","passed","Mon Nov 04 00:36:07 GMT 2024","","WHOLE-TESTS","WHOLE-TESTS",""
"","1","FC-XP.17","","Mon Nov 04 01:18:55 GMT 2024","passed","Mon Nov 04 01:18:55 GMT 2024","","FORWARD-CHAINING","FORWARD-CHAINING",""
"","2","C1-GROUNDED-BASIC.21","","Mon Nov 04 00:45:46 GMT 2024","passed","Mon Nov 04 00:45:46 GMT 2024","","QUICK","QUICK",""
"","47","TESTS1-PRE.05","","Mon Nov 04 00:46:15 GMT 2024","failed","Mon Nov 04 00:46:15 GMT 2024","","MAIN-BRANCH","MAIN-BRANCH",""
"","2","D4-TYPE-PROP.06","","Mon Nov 04 00:36:07 GMT 2024","passed","Mon Nov 04 00:36:07 GMT 2024","","HYPERON-EXPERIMENTAL-SCRIPTS","HYPERON-EXPERIMENTAL-SCRIPTS",""
"","2","B5-TYPES-PRELIM.23","","Mon Nov 04 01:11:50 GMT 2024","passed","Mon Nov 04 01:11:50 GMT 2024","","CHECK-TYPES-TEMP","CHECK-TYPES-TEMP",""
"","2","BC-XP.09","","Mon Nov 04 01:16:05 GMT 2024","passed","Mon Nov 04 01:16:05 GMT 2024","","BACKWARD-CHAINING","BACKWARD-CHAINING",""
"","305","PROB-DEP-TYPES.08","","Mon Nov 04 01:03:54 GMT 2024","failed","Mon Nov 04 01:03:54 GMT 2024","","PROB-DEP-TYPES","PROB-DEP-TYPES",""
"","81","ADD-REMOVE-MATCH-STRINGS.16","","Mon Nov 04 00:53:03 GMT 2024","failed","Mon Nov 04 00:53:03 GMT 2024","","SPACES","SPACES",""
"","260","INF-CTL-XP.09","","Mon Nov 04 01:20:12 GMT 2024","passed","Mon Nov 04 01:20:12 GMT 2024","","INFERENCE-CONTROL","INFERENCE-CONTROL",""
"","3","CML-UNSHARED.01","","Mon Nov 04 01:57:54 GMT 2024","passed","Mon Nov 04 01:57:54 GMT 2024","","BASIC","BASIC",""
"","37000","dependent-types.ImplicationDirectIntroductionDTLTest","","Mon Nov 04 00:36:03 GMT 2024","passed","Mon Nov 04 00:36:40 GMT 2024","","WHOLE-TESTS","WHOLE-TESTS",""
"","2","IBC-XP.18","","Mon Nov 04 01:22:13 GMT 2024","passed","Mon Nov 04 01:22:13 GMT 2024","","ITERATIVE-CHAINING","ITERATIVE-CHAINING",""
"","45000","walk_thru.bc_comp","","Mon Nov 04 00:36:03 GMT 2024","failed","Mon Nov 04 00:36:48 GMT 2024","","WHOLE-TESTS","WHOLE-TESTS",""
"","4000","spaces.add-remove-match-ss-symbols","","Mon Nov 04 00:36:03 GMT 2024","passed","Mon Nov 04 00:36:07 GMT 2024","","WHOLE-TESTS","WHOLE-TESTS",""
"","2","D2-HIGHERFUNC.14","","Mon Nov 04 00:36:07 GMT 2024","passed","Mon Nov 04 00:36:07 GMT 2024","","HYPERON-EXPERIMENTAL-SCRIPTS","HYPERON-EXPERIMENTAL-SCRIPTS",""
"","14","STDLIB-METTALOG-TEST-PT2.68","","Mon Nov 04 00:55:08 GMT 2024","failed","Mon Nov 04 00:55:08 GMT 2024","","STDLIB-METTALOG","STDLIB-METTALOG",""
"","5000","distributed-processing.use-two-servers","","Mon Nov 04 00:36:03 GMT 2024","passed","Mon Nov 04 00:36:08 GMT 2024","","WHOLE-TESTS","WHOLE-TESTS",""
"","1121","TRAINING-BI.02","","Mon Nov 04 02:10:27 GMT 2024","passed","Mon Nov 04 02:10:28 GMT 2024","","LANGUAGE-MODELS","LANGUAGE-MODELS",""
"","2","FC-XP.10","","Mon Nov 04 01:18:55 GMT 2024","passed","Mon Nov 04 01:18:55 GMT 2024","","FORWARD-CHAINING","FORWARD-CHAINING",""
"","4000","metta_to_amr.instances","","Mon Nov 04 00:36:03 GMT 2024","passed","Mon Nov 04 00:36:07 GMT 2024","","WHOLE-TESTS","WHOLE-TESTS",""
"","3","UNIQUE-TEST.01","","Mon Nov 04 00:37:43 GMT 2024","passed","Mon Nov 04 00:37:43 GMT 2024","","HYPERON-METTALOG-SANITY","HYPERON-METTALOG-SANITY",""
"","5000","traverser.basic","","Mon Nov 04 00:36:03 GMT 2024","passed","Mon Nov 04 00:36:08 GMT 2024","","WHOLE-TESTS","WHOLE-TESTS",""
"","103","TOO-EAGER-MATH.02","","Mon Nov 04 01:56:53 GMT 2024","passed","Mon Nov 04 01:56:53 GMT 2024","","POSSIBLY-WRONG","POSSIBLY-WRONG",""
"","2","D2-HIGHERFUNC.09","","Mon Nov 04 00:36:07 GMT 2024","passed","Mon Nov 04 00:36:07 GMT 2024","","HYPERON-EXPERIMENTAL-SCRIPTS","HYPERON-EXPERIMENTAL-SCRIPTS",""
"","2","BC-XP.05","","Mon Nov 04 00:50:44 GMT 2024","passed","Mon Nov 04 00:50:44 GMT 2024","","CHAINING","CHAINING",""
"","60","D2-HIGHERFUNC.07","","Mon Nov 04 00:45:46 GMT 2024","failed","Mon Nov 04 00:45:46 GMT 2024","","QUICK","QUICK",""
"","54","STDLIB-METTALOG-TEST-PT2.10","","Mon Nov 04 00:55:08 GMT 2024","failed","Mon Nov 04 00:55:08 GMT 2024","","STDLIB-METTALOG","STDLIB-METTALOG",""
"","2","B2-BACKCHAIN.03","","Mon Nov 04 00:36:07 GMT 2024","passed","Mon Nov 04 00:36:07 GMT 2024","","HYPERON-EXPERIMENTAL-SCRIPTS","HYPERON-EXPERIMENTAL-SCRIPTS",""
"","2","STRING-TESTS.20","","Mon Nov 04 00:37:43 GMT 2024","passed","Mon Nov 04 00:37:43 GMT 2024","","HYPERON-METTALOG-SANITY","HYPERON-METTALOG-SANITY",""
"","2","NATSTANDALONETEST.07","","Mon Nov 04 01:19:01 GMT 2024","passed","Mon Nov 04 01:19:01 GMT 2024","","HOL","HOL",""
"","4000","hyperon-mettalog_sanity.02-curried-plus","","Mon Nov 04 00:36:03 GMT 2024","passed","Mon Nov 04 00:36:07 GMT 2024","","WHOLE-TESTS","WHOLE-TESTS",""
"","1","STRING-TESTS.12","","Mon Nov 04 00:37:43 GMT 2024","passed","Mon Nov 04 00:37:43 GMT 2024","","HYPERON-METTALOG-SANITY","HYPERON-METTALOG-SANITY",""
"","4000","module-system.c2_spaces","","Mon Nov 04 00:36:03 GMT 2024","passed","Mon Nov 04 00:36:07 GMT 2024","","WHOLE-TESTS","WHOLE-TESTS",""
"","58","STDLIB-METTALOG-TEST-PT2.08","","Mon Nov 04 00:55:08 GMT 2024","failed","Mon Nov 04 00:55:08 GMT 2024","","STDLIB-METTALOG","STDLIB-METTALOG",""
"","2","C2-SPACES.03","","Mon Nov 04 00:35:58 GMT 2024","passed","Mon Nov 04 00:35:58 GMT 2024","","MODULE-SYSTEM","MODULE-SYSTEM",""
"","3","E2-STATES.04","","Mon Nov 04 00:36:07 GMT 2024","passed","Mon Nov 04 00:36:07 GMT 2024","","HYPERON-EXPERIMENTAL-SCRIPTS","HYPERON-EXPERIMENTAL-SCRIPTS",""
"","5000","direct_comp.define_if_like","","Mon Nov 04 00:36:03 GMT 2024","passed","Mon Nov 04 00:36:08 GMT 2024","","WHOLE-TESTS","WHOLE-TESTS",""
"","99","STDLIB-METTALOG-TEST-PT2.01","","Mon Nov 04 00:55:08 GMT 2024","failed","Mon Nov 04 00:55:08 GMT 2024","","STDLIB-METTALOG","STDLIB-METTALOG",""
"","2","BACKWARD-CHAINER-XP.04","","Mon Nov 04 01:15:59 GMT 2024","passed","Mon Nov 04 01:15:59 GMT 2024","","BACKWARD-CHAINER","BACKWARD-CHAINER",""
"","3","CHAINING-PRELIM.01","","Mon Nov 04 00:50:44 GMT 2024","passed","Mon Nov 04 00:50:44 GMT 2024","","CHAINING","CHAINING",""
"","2","D2-HIGHERFUNC.16","","Mon Nov 04 00:36:07 GMT 2024","passed","Mon Nov 04 00:36:07 GMT 2024","","HYPERON-EXPERIMENTAL-SCRIPTS","HYPERON-EXPERIMENTAL-SCRIPTS",""
"","2","OR-TEST.04","","Mon Nov 04 00:37:43 GMT 2024","passed","Mon Nov 04 00:37:43 GMT 2024","","HYPERON-METTALOG-SANITY","HYPERON-METTALOG-SANITY",""
"","2","PC-XP.13","","Mon Nov 04 01:24:57 GMT 2024","passed","Mon Nov 04 01:24:57 GMT 2024","","POLYWARD-CHAINING","POLYWARD-CHAINING",""
"","14","TEST-INFER-FUNCTION-APPLICATION-TYPE.07","","Mon Nov 04 01:57:54 GMT 2024","failed","Mon Nov 04 01:57:54 GMT 2024","","BASIC","BASIC",""
"","2","BCHAIN.04","","Mon Nov 04 00:43:38 GMT 2024","passed","Mon Nov 04 00:43:38 GMT 2024","","ANTI-REGRESSION","ANTI-REGRESSION",""
"","6000","prob-dep-types.prob_dep_types","","Mon Nov 04 00:36:03 GMT 2024","passed","Mon Nov 04 00:36:09 GMT 2024","","WHOLE-TESTS","WHOLE-TESTS",""
"","242","SHOW-TYPE.15","","Mon Nov 04 00:52:48 GMT 2024","failed","Mon Nov 04 00:52:48 GMT 2024","","INTROSPECT","INTROSPECT",""
"","5","OR-TEST.14","","Mon Nov 04 00:37:43 GMT 2024","passed","Mon Nov 04 00:37:43 GMT 2024","","HYPERON-METTALOG-SANITY","HYPERON-METTALOG-SANITY",""
"","2","ADD-REMOVE-MATCH-MIX-FLOAT-INTEGER.02","","Mon Nov 04 00:53:03 GMT 2024","passed","Mon Nov 04 00:53:03 GMT 2024","","SPACES","SPACES",""
"","2","B5-TYPES-PRELIM.17","","Mon Nov 04 00:36:07 GMT 2024","passed","Mon Nov 04 00:36:07 GMT 2024","","HYPERON-EXPERIMENTAL-SCRIPTS","HYPERON-EXPERIMENTAL-SCRIPTS",""
"","2","D2-HIGHERFUNC.24","","Mon Nov 04 00:36:07 GMT 2024","passed","Mon Nov 04 00:36:07 GMT 2024","","HYPERON-EXPERIMENTAL-SCRIPTS","HYPERON-EXPERIMENTAL-SCRIPTS",""
"","21","INF-CTL-MONTH-XP.09","","Mon Nov 04 01:20:12 GMT 2024","failed","Mon Nov 04 01:20:12 GMT 2024","","INFERENCE-CONTROL","INFERENCE-CONTROL",""
"","2","INF-CTL-MONTH-BC-CONT-XP.03","","Mon Nov 04 01:20:12 GMT 2024","passed","Mon Nov 04 01:20:12 GMT 2024","","INFERENCE-CONTROL","INFERENCE-CONTROL",""
"","2","CHAPTER-1-2.02","","Mon Nov 04 00:55:17 GMT 2024","passed","Mon Nov 04 00:55:17 GMT 2024","","SICP-BOOK","SICP-BOOK",""
"","17","TEST-INFER-FUNCTION-APPLICATION-TYPE.09","","Mon Nov 04 01:57:54 GMT 2024","failed","Mon Nov 04 01:57:54 GMT 2024","","BASIC","BASIC",""
"","3","IBC-XP.27","","Mon Nov 04 01:22:13 GMT 2024","passed","Mon Nov 04 01:22:13 GMT 2024","","ITERATIVE-CHAINING","ITERATIVE-CHAINING",""
"","5000","check_types.d1_gadt","","Mon Nov 04 00:36:03 GMT 2024","passed","Mon Nov 04 00:36:08 GMT 2024","","WHOLE-TESTS","WHOLE-TESTS",""
"","6","CHAPTER-1-3.05","","Mon Nov 04 00:55:17 GMT 2024","passed","Mon Nov 04 00:55:17 GMT 2024","","SICP-BOOK","SICP-BOOK",""
"","2","C1-GROUNDED-BASIC.17","","Mon Nov 04 00:45:46 GMT 2024","passed","Mon Nov 04 00:45:46 GMT 2024","","QUICK","QUICK",""
"","69","TYPE-PROP.53","","Mon Nov 04 01:11:50 GMT 2024","failed","Mon Nov 04 01:11:50 GMT 2024","","CHECK-TYPES-TEMP","CHECK-TYPES-TEMP",""
"","5000","multidirectional.ioioioi","","Mon Nov 04 00:36:03 GMT 2024","passed","Mon Nov 04 00:36:08 GMT 2024","","WHOLE-TESTS","WHOLE-TESTS",""
"","37","FORWARD-CHAINER-XP.13","","Mon Nov 04 01:18:45 GMT 2024","failed","Mon Nov 04 01:18:45 GMT 2024","","FORWARD-CHAINER","FORWARD-CHAINER",""
"","2","ADD-REMOVE-MATCH-MIX-FLOAT-INTEGER.10","","Mon Nov 04 00:53:03 GMT 2024","passed","Mon Nov 04 00:53:03 GMT 2024","","SPACES","SPACES",""
"","1","B2-BACKCHAIN.04","","Mon Nov 04 00:36:07 GMT 2024","passed","Mon Nov 04 00:36:07 GMT 2024","","HYPERON-EXPERIMENTAL-SCRIPTS","HYPERON-EXPERIMENTAL-SCRIPTS",""
"","4000","anti-regression.tmpMatch1","","Mon Nov 04 00:36:03 GMT 2024","passed","Mon Nov 04 00:36:07 GMT 2024","","WHOLE-TESTS","WHOLE-TESTS",""
"","42","FORWARD-CHAINER-TEST.09","","Mon Nov 04 01:18:45 GMT 2024","failed","Mon Nov 04 01:18:45 GMT 2024","","FORWARD-CHAINER","FORWARD-CHAINER",""
"","2","D4-TYPE-PROP.18","","Mon Nov 04 00:36:07 GMT 2024","passed","Mon Nov 04 00:36:07 GMT 2024","","HYPERON-EXPERIMENTAL-SCRIPTS","HYPERON-EXPERIMENTAL-SCRIPTS",""
"","2","METTALOGTESTCURRIED2.03","","Mon Nov 04 00:43:38 GMT 2024","passed","Mon Nov 04 00:43:38 GMT 2024","","ANTI-REGRESSION","ANTI-REGRESSION",""
"","4000","hyperon-mettalog_sanity.unique_test","","Mon Nov 04 00:36:03 GMT 2024","passed","Mon Nov 04 00:36:07 GMT 2024","","WHOLE-TESTS","WHOLE-TESTS",""
"","5000","SICP_book.chapter_2_4","","Mon Nov 04 00:36:03 GMT 2024","passed","Mon Nov 04 00:36:08 GMT 2024","","WHOLE-TESTS","WHOLE-TESTS",""
"","3","D4-TYPE-PROP.04","","Mon Nov 04 01:12:10 GMT 2024","passed","Mon Nov 04 01:12:10 GMT 2024","","CHECK-TYPES","CHECK-TYPES",""
"","390","TESTS0.06","","Mon Nov 04 00:41:36 GMT 2024","passed","Mon Nov 04 00:41:36 GMT 2024","","METTA-MORPH-TESTS","METTA-MORPH-TESTS",""
"","1","ADD-REMOVE-MATCH-S-SYMBOLS.06","","Mon Nov 04 00:53:03 GMT 2024","passed","Mon Nov 04 00:53:03 GMT 2024","","SPACES","SPACES",""
"","141","CREATION.01","","Mon Nov 04 01:09:08 GMT 2024","failed","Mon Nov 04 01:09:08 GMT 2024","","TRAVERSER","TRAVERSER",""
"","2","TESTS0.04","","Mon Nov 04 01:43:55 GMT 2024","passed","Mon Nov 04 01:43:55 GMT 2024","","PREV","PREV",""
"","124","ADD-REMOVE-MATCH-SS-STRINGS.14","","Mon Nov 04 00:53:03 GMT 2024","passed","Mon Nov 04 00:53:03 GMT 2024","","SPACES","SPACES",""
"","2","TYPE-PROP.06","","Mon Nov 04 01:11:50 GMT 2024","passed","Mon Nov 04 01:11:50 GMT 2024","","CHECK-TYPES-TEMP","CHECK-TYPES-TEMP",""
"","3","UTILS-TEST.02","","Mon Nov 04 01:15:54 GMT 2024","passed","Mon Nov 04 01:15:54 GMT 2024","","UTILS","UTILS",""
"","2","DEFINE-IF-LIKE.02","","Mon Nov 04 01:47:48 GMT 2024","passed","Mon Nov 04 01:47:48 GMT 2024","","DIRECT-COMP","DIRECT-COMP",""
"","1","ADD-REMOVE-MATCH-S-SYMBOLS.12","","Mon Nov 04 00:53:03 GMT 2024","passed","Mon Nov 04 00:53:03 GMT 2024","","SPACES","SPACES",""
"","48","CHAPTER-2-2.07","","Mon Nov 04 00:55:17 GMT 2024","failed","Mon Nov 04 00:55:17 GMT 2024","","SICP-BOOK","SICP-BOOK",""
"","3","UNIFY-VIA-CASE.01","","Mon Nov 04 01:26:50 GMT 2024","passed","Mon Nov 04 01:26:50 GMT 2024","","EXPERIMENTS","EXPERIMENTS",""
"","3","FORWARD-CHAINER-TEST.03","","Mon Nov 04 01:18:45 GMT 2024","passed","Mon Nov 04 01:18:45 GMT 2024","","FORWARD-CHAINER","FORWARD-CHAINER",""
"","1","EVIDENTIALTRUTHVALUETEST.03","","Mon Nov 04 01:16:43 GMT 2024","passed","Mon Nov 04 01:16:43 GMT 2024","","TRUTHVALUE","TRUTHVALUE",""
"","63","SPACE-INTERSECTION-TESTS.12","","Mon Nov 04 00:37:43 GMT 2024","failed","Mon Nov 04 00:37:43 GMT 2024","","HYPERON-METTALOG-SANITY","HYPERON-METTALOG-SANITY",""
"","5","TRUTHVALUETEST.02","","Mon Nov 04 01:16:43 GMT 2024","passed","Mon Nov 04 01:16:43 GMT 2024","","TRUTHVALUE","TRUTHVALUE",""
"","166","APPEND-USING-EQUALITY.01","","Mon Nov 04 01:55:33 GMT 2024","failed","Mon Nov 04 01:55:33 GMT 2024","","MULTIDIRECTIONAL","MULTIDIRECTIONAL",""
"","3","HYPERPOSING.09","","Mon Nov 04 01:57:54 GMT 2024","passed","Mon Nov 04 01:57:54 GMT 2024","","BASIC","BASIC",""
"","1","TYPE-PROP.63","","Mon Nov 04 01:11:50 GMT 2024","passed","Mon Nov 04 01:11:50 GMT 2024","","CHECK-TYPES-TEMP","CHECK-TYPES-TEMP",""
"","2","APPEND-USING-EQUALITY.05","","Mon Nov 04 01:55:33 GMT 2024","passed","Mon Nov 04 01:55:33 GMT 2024","","MULTIDIRECTIONAL","MULTIDIRECTIONAL",""
"","2","FLIP-TEST.02","","Mon Nov 04 00:37:43 GMT 2024","passed","Mon Nov 04 00:37:43 GMT 2024","","HYPERON-METTALOG-SANITY","HYPERON-METTALOG-SANITY",""
"","2","INF-CTL-MONTH-XP.03","","Mon Nov 04 01:20:12 GMT 2024","passed","Mon Nov 04 01:20:12 GMT 2024","","INFERENCE-CONTROL","INFERENCE-CONTROL",""
"","5000","multidirectional.append","","Mon Nov 04 00:36:03 GMT 2024","passed","Mon Nov 04 00:36:08 GMT 2024","","WHOLE-TESTS","WHOLE-TESTS",""
"","2","TYPE-PROP.32","","Mon Nov 04 01:11:50 GMT 2024","passed","Mon Nov 04 01:11:50 GMT 2024","","CHECK-TYPES-TEMP","CHECK-TYPES-TEMP",""
"","1","B1-EQUAL-CHAIN.02","","Mon Nov 04 00:36:07 GMT 2024","passed","Mon Nov 04 00:36:07 GMT 2024","","HYPERON-EXPERIMENTAL-SCRIPTS","HYPERON-EXPERIMENTAL-SCRIPTS",""
"","3599","PROB-DEP-TYPES.15","","Mon Nov 04 01:03:54 GMT 2024","failed","Mon Nov 04 01:03:57 GMT 2024","","PROB-DEP-TYPES","PROB-DEP-TYPES",""
"","3","MAYBETEST.01","","Mon Nov 04 01:16:14 GMT 2024","passed","Mon Nov 04 01:16:14 GMT 2024","","COMMON","COMMON",""
"","2","NATPARITYTEST.05","","Mon Nov 04 01:19:01 GMT 2024","passed","Mon Nov 04 01:19:01 GMT 2024","","HOL","HOL",""
"","1","LTE.02","","Mon Nov 04 00:53:44 GMT 2024","passed","Mon Nov 04 00:53:44 GMT 2024","","STD","STD",""
"","2","FC-XP.12","","Mon Nov 04 01:18:55 GMT 2024","passed","Mon Nov 04 01:18:55 GMT 2024","","FORWARD-CHAINING","FORWARD-CHAINING",""
"","16","UNWEIGHTED-PLLM.04","","Mon Nov 04 02:10:27 GMT 2024","failed","Mon Nov 04 02:10:27 GMT 2024","","LANGUAGE-MODELS","LANGUAGE-MODELS",""
"","2","QUERIES.16","","Mon Nov 04 01:08:27 GMT 2024","passed","Mon Nov 04 01:08:27 GMT 2024","","STRIPS-TO-METTA-IMPROVED","STRIPS-TO-METTA-IMPROVED",""
"","3","FORWARD-CHAINER-TEST.07","","Mon Nov 04 01:18:45 GMT 2024","passed","Mon Nov 04 01:18:45 GMT 2024","","FORWARD-CHAINER","FORWARD-CHAINER",""
"","50","TYPE-PROP.67","","Mon Nov 04 01:11:50 GMT 2024","failed","Mon Nov 04 01:11:50 GMT 2024","","CHECK-TYPES-TEMP","CHECK-TYPES-TEMP",""
"","2","TYPE-PROP.05","","Mon Nov 04 01:11:50 GMT 2024","passed","Mon Nov 04 01:11:50 GMT 2024","","CHECK-TYPES-TEMP","CHECK-TYPES-TEMP",""
"","3","E2-STATES.01","","Mon Nov 04 01:12:10 GMT 2024","passed","Mon Nov 04 01:12:10 GMT 2024","","CHECK-TYPES","CHECK-TYPES",""
"","271","SYNTHESIZE-VIA-LET-TEST.03","","Mon Nov 04 01:26:50 GMT 2024","failed","Mon Nov 04 01:26:50 GMT 2024","","EXPERIMENTS","EXPERIMENTS",""
"","2","ADD-REMOVE-MATCH-STRINGS.01","","Mon Nov 04 00:53:03 GMT 2024","passed","Mon Nov 04 00:53:03 GMT 2024","","SPACES","SPACES",""
"","1","TYPE-PROP.07","","Mon Nov 04 01:11:50 GMT 2024","passed","Mon Nov 04 01:11:50 GMT 2024","","CHECK-TYPES-TEMP","CHECK-TYPES-TEMP",""
"","2","ADD-REMOVE-MATCH-INTEGER.06","","Mon Nov 04 00:53:03 GMT 2024","passed","Mon Nov 04 00:53:03 GMT 2024","","SPACES","SPACES",""
"","40000","hol.NatSimpleTest","","Mon Nov 04 00:36:03 GMT 2024","passed","Mon Nov 04 00:36:43 GMT 2024","","WHOLE-TESTS","WHOLE-TESTS",""
"","997","BC-IMPL.03","","Mon Nov 04 01:49:17 GMT 2024","passed","Mon Nov 04 01:49:17 GMT 2024","","WALK-THRU","WALK-THRU",""
"","3","BACKWARD-CHAINER-XP.10","","Mon Nov 04 01:15:59 GMT 2024","passed","Mon Nov 04 01:15:59 GMT 2024","","BACKWARD-CHAINER","BACKWARD-CHAINER",""
"","2","LET-SUPERPOSE-IF-CASE.02","","Mon Nov 04 00:41:36 GMT 2024","passed","Mon Nov 04 00:41:36 GMT 2024","","METTA-MORPH-TESTS","METTA-MORPH-TESTS",""
"","4","FORWARD-CHAINER-XP.31","","Mon Nov 04 01:18:45 GMT 2024","passed","Mon Nov 04 01:18:45 GMT 2024","","FORWARD-CHAINER","FORWARD-CHAINER",""
"","6","V2-PLN-XP.03","","Mon Nov 04 00:50:44 GMT 2024","passed","Mon Nov 04 00:50:44 GMT 2024","","CHAINING","CHAINING",""
"","2","IF.01","","Mon Nov 04 00:41:36 GMT 2024","passed","Mon Nov 04 00:41:36 GMT 2024","","METTA-MORPH-TESTS","METTA-MORPH-TESTS",""
"","2","FORWARD-CHAINER-TEST.10","","Mon Nov 04 01:18:45 GMT 2024","passed","Mon Nov 04 01:18:45 GMT 2024","","FORWARD-CHAINER","FORWARD-CHAINER",""
"","4000","std.get-atoms-test","","Mon Nov 04 00:36:03 GMT 2024","passed","Mon Nov 04 00:36:07 GMT 2024","","WHOLE-TESTS","WHOLE-TESTS",""
"","2","OR-TEST.05","","Mon Nov 04 00:37:43 GMT 2024","passed","Mon Nov 04 00:37:43 GMT 2024","","HYPERON-METTALOG-SANITY","HYPERON-METTALOG-SANITY",""
"","6","SEALED-TEST.05","","Mon Nov 04 00:37:43 GMT 2024","passed","Mon Nov 04 00:37:43 GMT 2024","","HYPERON-METTALOG-SANITY","HYPERON-METTALOG-SANITY",""
"","3","ADD-REMOVE-MATCH-SS-STRINGS.16","","Mon Nov 04 00:53:03 GMT 2024","passed","Mon Nov 04 00:53:03 GMT 2024","","SPACES","SPACES",""
"","4000","walk_thru.comma_is_not_special","","Mon Nov 04 00:36:03 GMT 2024","passed","Mon Nov 04 00:36:07 GMT 2024","","WHOLE-TESTS","WHOLE-TESTS",""
"","2078","TESTS2.09","","Mon Nov 04 00:46:15 GMT 2024","failed","Mon Nov 04 00:46:17 GMT 2024","","MAIN-BRANCH","MAIN-BRANCH",""
"","10000","chaining.pln-xp","","Mon Nov 04 00:36:03 GMT 2024","passed","Mon Nov 04 00:36:13 GMT 2024","","WHOLE-TESTS","WHOLE-TESTS",""
"","5000","quick.d1_gadt","","Mon Nov 04 00:36:03 GMT 2024","passed","Mon Nov 04 00:36:08 GMT 2024","","WHOLE-TESTS","WHOLE-TESTS",""
"","1","C1-GROUNDED-BASIC.05","","Mon Nov 04 00:36:07 GMT 2024","passed","Mon Nov 04 00:36:07 GMT 2024","","HYPERON-EXPERIMENTAL-SCRIPTS","HYPERON-EXPERIMENTAL-SCRIPTS",""
"","1400","PLLM-PENNTREE.06","","Mon Nov 04 02:10:27 GMT 2024","passed","Mon Nov 04 02:10:28 GMT 2024","","LANGUAGE-MODELS","LANGUAGE-MODELS",""
"","2","D2-HIGHERFUNC.08","","Mon Nov 04 00:36:07 GMT 2024","passed","Mon Nov 04 00:36:07 GMT 2024","","HYPERON-EXPERIMENTAL-SCRIPTS","HYPERON-EXPERIMENTAL-SCRIPTS",""
"","6000","hyperon-experimental_scripts.c3_pln_stv","","Mon Nov 04 00:36:03 GMT 2024","passed","Mon Nov 04 00:36:09 GMT 2024","","WHOLE-TESTS","WHOLE-TESTS",""
"","2","ADD-REMOVE-MATCH-FLOAT.12","","Mon Nov 04 00:53:03 GMT 2024","passed","Mon Nov 04 00:53:03 GMT 2024","","SPACES","SPACES",""
"","3","STATE-TYPES.01","","Mon Nov 04 01:57:54 GMT 2024","passed","Mon Nov 04 01:57:54 GMT 2024","","BASIC","BASIC",""
"","3","ADD-ATOM-NAIVE-FIB.04","","Mon Nov 04 02:04:14 GMT 2024","passed","Mon Nov 04 02:04:14 GMT 2024","","COMPARISONS","COMPARISONS",""
"","2","D4-TYPE-PROP.15","","Mon Nov 04 00:45:46 GMT 2024","passed","Mon Nov 04 00:45:46 GMT 2024","","QUICK","QUICK",""
"","3","STDLIB-METTALOG-TEST-PT2.63","","Mon Nov 04 00:55:08 GMT 2024","passed","Mon Nov 04 00:55:08 GMT 2024","","STDLIB-METTALOG","STDLIB-METTALOG",""
"","45000","current.tests3","","Mon Nov 04 00:36:03 GMT 2024","failed","Mon Nov 04 00:36:48 GMT 2024","","WHOLE-TESTS","WHOLE-TESTS",""
"","14","D3-DEPTYPES.04","","Mon Nov 04 00:36:07 GMT 2024","passed","Mon Nov 04 00:36:07 GMT 2024","","HYPERON-EXPERIMENTAL-SCRIPTS","HYPERON-EXPERIMENTAL-SCRIPTS",""
"","1413","TESTS5.05","","Mon Nov 04 00:46:15 GMT 2024","failed","Mon Nov 04 00:46:16 GMT 2024","","MAIN-BRANCH","MAIN-BRANCH",""
"","2","MATCH-VOID.07","","Mon Nov 04 00:41:36 GMT 2024","passed","Mon Nov 04 00:41:36 GMT 2024","","METTA-MORPH-TESTS","METTA-MORPH-TESTS",""
"","2","ADD-REMOVE-MATCH-FLOAT.05","","Mon Nov 04 00:53:03 GMT 2024","passed","Mon Nov 04 00:53:03 GMT 2024","","SPACES","SPACES",""
"","16","STDLIB-METTALOG-TEST-PT2.53","","Mon Nov 04 00:55:08 GMT 2024","failed","Mon Nov 04 00:55:08 GMT 2024","","STDLIB-METTALOG","STDLIB-METTALOG",""
"","1","D3-DEPTYPES.02","","Mon Nov 04 00:36:07 GMT 2024","passed","Mon Nov 04 00:36:07 GMT 2024","","HYPERON-EXPERIMENTAL-SCRIPTS","HYPERON-EXPERIMENTAL-SCRIPTS",""
"","3","SUPERCOLLAPSE.01","","Mon Nov 04 00:41:36 GMT 2024","passed","Mon Nov 04 00:41:36 GMT 2024","","METTA-MORPH-TESTS","METTA-MORPH-TESTS",""
"","3","IMPLICATIONDIRECTINTRODUCTIONENTAILTEST.03","","Mon Nov 04 01:18:26 GMT 2024","passed","Mon Nov 04 01:18:26 GMT 2024","","ENTAIL","ENTAIL",""
"","1","STDLIB-METTALOG-TEST-PT2.44","","Mon Nov 04 00:55:08 GMT 2024","passed","Mon Nov 04 00:55:08 GMT 2024","","STDLIB-METTALOG","STDLIB-METTALOG",""
"","4000","forward-chainer.forward-chainer-test","","Mon Nov 04 00:36:03 GMT 2024","passed","Mon Nov 04 00:36:07 GMT 2024","","WHOLE-TESTS","WHOLE-TESTS",""
"","1","INF-CTL-MONTH-XP-SHORT-3.04","","Mon Nov 04 02:04:14 GMT 2024","passed","Mon Nov 04 02:04:14 GMT 2024","","COMPARISONS","COMPARISONS",""
"","171","QUERIES.18","","Mon Nov 04 01:08:27 GMT 2024","failed","Mon Nov 04 01:08:27 GMT 2024","","STRIPS-TO-METTA-IMPROVED","STRIPS-TO-METTA-IMPROVED",""
"","2","BC-XP.04","","Mon Nov 04 00:50:44 GMT 2024","passed","Mon Nov 04 00:50:44 GMT 2024","","CHAINING","CHAINING",""
"","3","ORDEREDSETTEST.06","","Mon Nov 04 01:16:14 GMT 2024","passed","Mon Nov 04 01:16:14 GMT 2024","","COMMON","COMMON",""
"","4000","anti-regression.comma_is_not_special","","Mon Nov 04 00:36:03 GMT 2024","passed","Mon Nov 04 00:36:07 GMT 2024","","WHOLE-TESTS","WHOLE-TESTS",""
"","52","IBC-XP.07","","Mon Nov 04 01:22:13 GMT 2024","failed","Mon Nov 04 01:22:13 GMT 2024","","ITERATIVE-CHAINING","ITERATIVE-CHAINING",""
"","2","ADD-REMOVE-MATCH-S-STRINGS.09","","Mon Nov 04 00:53:03 GMT 2024","passed","Mon Nov 04 00:53:03 GMT 2024","","SPACES","SPACES",""
"","2","TYPE-PROP.37","","Mon Nov 04 01:11:50 GMT 2024","passed","Mon Nov 04 01:11:50 GMT 2024","","CHECK-TYPES-TEMP","CHECK-TYPES-TEMP",""
"","2","SUPERPOSE-NESTED.03","","Mon Nov 04 00:41:36 GMT 2024","passed","Mon Nov 04 00:41:36 GMT 2024","","METTA-MORPH-TESTS","METTA-MORPH-TESTS",""
"","1","DEDUCTIONFORMULATEST.08","","Mon Nov 04 01:16:38 GMT 2024","passed","Mon Nov 04 01:16:38 GMT 2024","","FORMULA","FORMULA",""
"","2","C1-GROUNDED-BASIC.20","","Mon Nov 04 00:36:07 GMT 2024","passed","Mon Nov 04 00:36:07 GMT 2024","","HYPERON-EXPERIMENTAL-SCRIPTS","HYPERON-EXPERIMENTAL-SCRIPTS",""
"","2","ADD-REMOVE-MATCH-INTEGER.36","","Mon Nov 04 00:53:03 GMT 2024","passed","Mon Nov 04 00:53:03 GMT 2024","","SPACES","SPACES",""
"","6","SUBTYPING-TEST.06","","Mon Nov 04 01:25:02 GMT 2024","passed","Mon Nov 04 01:25:02 GMT 2024","","SUBTYPING","SUBTYPING",""
"","2","INTERSECTION-TESTS.17","","Mon Nov 04 00:37:43 GMT 2024","passed","Mon Nov 04 00:37:43 GMT 2024","","HYPERON-METTALOG-SANITY","HYPERON-METTALOG-SANITY",""
"","2","B5-TYPES-PRELIM.22","","Mon Nov 04 01:11:50 GMT 2024","passed","Mon Nov 04 01:11:50 GMT 2024","","CHECK-TYPES-TEMP","CHECK-TYPES-TEMP",""
"","2","FORWARD-CHAINER-XP.14","","Mon Nov 04 01:18:45 GMT 2024","passed","Mon Nov 04 01:18:45 GMT 2024","","FORWARD-CHAINER","FORWARD-CHAINER",""
"","2","D4-TYPE-PROP.13","","Mon Nov 04 00:36:07 GMT 2024","passed","Mon Nov 04 00:36:07 GMT 2024","","HYPERON-EXPERIMENTAL-SCRIPTS","HYPERON-EXPERIMENTAL-SCRIPTS",""
"","2","BCHAIN-COMP.02","","Mon Nov 04 01:49:17 GMT 2024","passed","Mon Nov 04 01:49:17 GMT 2024","","WALK-THRU","WALK-THRU",""
"","24","INF-CTL-XP.13","","Mon Nov 04 01:20:12 GMT 2024","failed","Mon Nov 04 01:20:12 GMT 2024","","INFERENCE-CONTROL","INFERENCE-CONTROL",""
"","2","C1-GROUNDED-BASIC.22","","Mon Nov 04 00:45:46 GMT 2024","passed","Mon Nov 04 00:45:46 GMT 2024","","QUICK","QUICK",""
"","4000","introspect.show-space-self","","Mon Nov 04 00:36:03 GMT 2024","passed","Mon Nov 04 00:36:07 GMT 2024","","WHOLE-TESTS","WHOLE-TESTS",""
"","71","DEBUG-METTALOGTESTCURRIED.09","","Mon Nov 04 01:49:17 GMT 2024","passed","Mon Nov 04 01:49:17 GMT 2024","","WALK-THRU","WALK-THRU",""
"","12","TEST-INFER-FUNCTION-APPLICATION-TYPE.06","","Mon Nov 04 01:57:54 GMT 2024","failed","Mon Nov 04 01:57:54 GMT 2024","","BASIC","BASIC",""
"","97","C1-GROUNDED-BASIC.14","","Mon Nov 04 00:45:46 GMT 2024","failed","Mon Nov 04 00:45:46 GMT 2024","","QUICK","QUICK",""
"","2","TYPE-PROP.12","","Mon Nov 04 01:11:50 GMT 2024","passed","Mon Nov 04 01:11:50 GMT 2024","","CHECK-TYPES-TEMP","CHECK-TYPES-TEMP",""
"","108","SYMBOLS.01","","Mon Nov 04 00:53:44 GMT 2024","passed","Mon Nov 04 00:53:44 GMT 2024","","STD","STD",""
"","41000","comparisons.fibo_Arg1i","","Mon Nov 04 00:36:03 GMT 2024","failed","Mon Nov 04 00:36:44 GMT 2024","","WHOLE-TESTS","WHOLE-TESTS",""
"","2","DEDUCTIONFORMULATEST.11","","Mon Nov 04 01:16:38 GMT 2024","passed","Mon Nov 04 01:16:38 GMT 2024","","FORMULA","FORMULA",""
"","45000","nars_v0.tests1","","Mon Nov 04 00:36:03 GMT 2024","failed","Mon Nov 04 00:36:48 GMT 2024","","WHOLE-TESTS","WHOLE-TESTS",""
"","3","FORWARD-CHAINER-XP.25","","Mon Nov 04 01:18:45 GMT 2024","passed","Mon Nov 04 01:18:45 GMT 2024","","FORWARD-CHAINER","FORWARD-CHAINER",""
"","2","SUPERPOSE-NESTED.02","","Mon Nov 04 00:41:36 GMT 2024","passed","Mon Nov 04 00:41:36 GMT 2024","","METTA-MORPH-TESTS","METTA-MORPH-TESTS",""
"","8","STDLIB-METTALOG-TEST-PT2.14","","Mon Nov 04 00:55:08 GMT 2024","passed","Mon Nov 04 00:55:08 GMT 2024","","STDLIB-METTALOG","STDLIB-METTALOG",""
"","2","ADD-REMOVE-MATCH-INTEGER.17","","Mon Nov 04 00:53:03 GMT 2024","passed","Mon Nov 04 00:53:03 GMT 2024","","SPACES","SPACES",""
"","2","XOR-TEST.02","","Mon Nov 04 00:37:43 GMT 2024","passed","Mon Nov 04 00:37:43 GMT 2024","","HYPERON-METTALOG-SANITY","HYPERON-METTALOG-SANITY",""
"","3","CHAPTER-2-4.04","","Mon Nov 04 00:55:17 GMT 2024","passed","Mon Nov 04 00:55:17 GMT 2024","","SICP-BOOK","SICP-BOOK",""
"","1","INTERSECTION-TESTS.07","","Mon Nov 04 00:37:43 GMT 2024","passed","Mon Nov 04 00:37:43 GMT 2024","","HYPERON-METTALOG-SANITY","HYPERON-METTALOG-SANITY",""
"","2","SPACE-INTERSECTION-TESTS.18","","Mon Nov 04 00:37:43 GMT 2024","passed","Mon Nov 04 00:37:43 GMT 2024","","HYPERON-METTALOG-SANITY","HYPERON-METTALOG-SANITY",""
"","3","LISTTEST.02","","Mon Nov 04 01:16:14 GMT 2024","passed","Mon Nov 04 01:16:14 GMT 2024","","COMMON","COMMON",""
"","3","NESTED-PARAMETERS.01","","Mon Nov 04 00:41:36 GMT 2024","passed","Mon Nov 04 00:41:36 GMT 2024","","METTA-MORPH-TESTS","METTA-MORPH-TESTS",""
"","4","SHOW-TYPE.05","","Mon Nov 04 00:52:48 GMT 2024","passed","Mon Nov 04 00:52:48 GMT 2024","","INTROSPECT","INTROSPECT",""
"","2","PC-XP.10","","Mon Nov 04 01:24:57 GMT 2024","passed","Mon Nov 04 01:24:57 GMT 2024","","POLYWARD-CHAINING","POLYWARD-CHAINING",""
"","2","OR-TEST.12","","Mon Nov 04 00:37:43 GMT 2024","passed","Mon Nov 04 00:37:43 GMT 2024","","HYPERON-METTALOG-SANITY","HYPERON-METTALOG-SANITY",""
"","46000","current.tests5","","Mon Nov 04 00:36:03 GMT 2024","failed","Mon Nov 04 00:36:49 GMT 2024","","WHOLE-TESTS","WHOLE-TESTS",""
"","36000","language_models.training_logicmoo","","Mon Nov 04 00:36:03 GMT 2024","passed","Mon Nov 04 00:36:39 GMT 2024","","WHOLE-TESTS","WHOLE-TESTS",""
"","2","TEST-IF-CLOSED.02","","Mon Nov 04 01:49:17 GMT 2024","passed","Mon Nov 04 01:49:17 GMT 2024","","WALK-THRU","WALK-THRU",""
"","3","PC-XP.11","","Mon Nov 04 01:24:57 GMT 2024","passed","Mon Nov 04 01:24:57 GMT 2024","","POLYWARD-CHAINING","POLYWARD-CHAINING",""
"","2","TESTS1.02","","Mon Nov 04 01:31:03 GMT 2024","passed","Mon Nov 04 01:31:03 GMT 2024","","CURRENT","CURRENT",""
"","2","ALL-ANY.01","","Mon Nov 04 01:03:17 GMT 2024","passed","Mon Nov 04 01:03:17 GMT 2024","","LOGIC","LOGIC",""
"","2","GROUNDED-BASIC.02","","Mon Nov 04 00:53:44 GMT 2024","passed","Mon Nov 04 00:53:44 GMT 2024","","STD","STD",""
"","3","CHAPTER-2-4.13","","Mon Nov 04 00:55:17 GMT 2024","passed","Mon Nov 04 00:55:17 GMT 2024","","SICP-BOOK","SICP-BOOK",""
"","27000","inference-control.inf-ctl-month-xp","","Mon Nov 04 00:36:03 GMT 2024","passed","Mon Nov 04 00:36:30 GMT 2024","","WHOLE-TESTS","WHOLE-TESTS",""
"","3","IFC-XP.03","","Mon Nov 04 01:22:13 GMT 2024","passed","Mon Nov 04 01:22:13 GMT 2024","","ITERATIVE-CHAINING","ITERATIVE-CHAINING",""
"","3","FORWARD-CHAINER-TEST.15","","Mon Nov 04 01:18:45 GMT 2024","passed","Mon Nov 04 01:18:45 GMT 2024","","FORWARD-CHAINER","FORWARD-CHAINER",""
"","5000","hyperon-mettalog_sanity.subtraction_test","","Mon Nov 04 00:36:03 GMT 2024","passed","Mon Nov 04 00:36:08 GMT 2024","","WHOLE-TESTS","WHOLE-TESTS",""
"","43000","inference-control.inf-ctl-month-bc-xp","","Mon Nov 04 00:36:03 GMT 2024","failed","Mon Nov 04 00:36:46 GMT 2024","","WHOLE-TESTS","WHOLE-TESTS",""
"","3","FC-XP.29","","Mon Nov 04 01:18:55 GMT 2024","passed","Mon Nov 04 01:18:55 GMT 2024","","FORWARD-CHAINING","FORWARD-CHAINING",""
"","383","IOIOIOI-USING-EQUALITY.03","","Mon Nov 04 01:55:33 GMT 2024","failed","Mon Nov 04 01:55:33 GMT 2024","","MULTIDIRECTIONAL","MULTIDIRECTIONAL",""
"","2","ORDEREDSETTEST.04","","Mon Nov 04 01:16:14 GMT 2024","passed","Mon Nov 04 01:16:14 GMT 2024","","COMMON","COMMON",""
"","2","D2-HIGHERFUNC.23","","Mon Nov 04 00:45:46 GMT 2024","passed","Mon Nov 04 00:45:46 GMT 2024","","QUICK","QUICK",""
"","2","ADD-REMOVE-MATCH-SYMBOLS.04","","Mon Nov 04 00:53:03 GMT 2024","passed","Mon Nov 04 00:53:03 GMT 2024","","SPACES","SPACES",""
"","2","D3-DEPTYPES.06","","Mon Nov 04 00:36:07 GMT 2024","passed","Mon Nov 04 00:36:07 GMT 2024","","HYPERON-EXPERIMENTAL-SCRIPTS","HYPERON-EXPERIMENTAL-SCRIPTS",""
"","2","NATPARITYTEST.07","","Mon Nov 04 01:19:01 GMT 2024","passed","Mon Nov 04 01:19:01 GMT 2024","","HOL","HOL",""
"","3","STATES-SPACES.01","","Mon Nov 04 00:41:36 GMT 2024","passed","Mon Nov 04 00:41:36 GMT 2024","","METTA-MORPH-TESTS","METTA-MORPH-TESTS",""
"","76","C1-GROUNDED-BASIC.19","","Mon Nov 04 00:36:07 GMT 2024","passed","Mon Nov 04 00:36:07 GMT 2024","","HYPERON-EXPERIMENTAL-SCRIPTS","HYPERON-EXPERIMENTAL-SCRIPTS",""
"","2","BC-COMP.03","","Mon Nov 04 01:49:17 GMT 2024","passed","Mon Nov 04 01:49:17 GMT 2024","","WALK-THRU","WALK-THRU",""
"","4000","experiments.unify-via-case","","Mon Nov 04 00:36:03 GMT 2024","passed","Mon Nov 04 00:36:07 GMT 2024","","WHOLE-TESTS","WHOLE-TESTS",""
"","74","B5-TYPES-PRELIM.24","","Mon Nov 04 00:36:07 GMT 2024","failed","Mon Nov 04 00:36:07 GMT 2024","","HYPERON-EXPERIMENTAL-SCRIPTS","HYPERON-EXPERIMENTAL-SCRIPTS",""
"","1","INF-CTL-MONTH-BC-CONT-XP.10","","Mon Nov 04 01:20:12 GMT 2024","passed","Mon Nov 04 01:20:12 GMT 2024","","INFERENCE-CONTROL","INFERENCE-CONTROL",""
"","2","D2-HIGHERFUNC.11","","Mon Nov 04 00:36:07 GMT 2024","passed","Mon Nov 04 00:36:07 GMT 2024","","HYPERON-EXPERIMENTAL-SCRIPTS","HYPERON-EXPERIMENTAL-SCRIPTS",""
"","3","SYNTHESIZE-VIA-CASE-TEST.04","","Mon Nov 04 01:26:50 GMT 2024","passed","Mon Nov 04 01:26:50 GMT 2024","","EXPERIMENTS","EXPERIMENTS",""
"","20","NATTEST.04","","Mon Nov 04 01:19:01 GMT 2024","failed","Mon Nov 04 01:19:01 GMT 2024","","HOL","HOL",""
"","7","DEBUG-METTALOGTESTCURRIED.05","","Mon Nov 04 01:49:17 GMT 2024","passed","Mon Nov 04 01:49:17 GMT 2024","","WALK-THRU","WALK-THRU",""
"","18","IFC-XP.17","","Mon Nov 04 01:22:13 GMT 2024","failed","Mon Nov 04 01:22:13 GMT 2024","","ITERATIVE-CHAINING","ITERATIVE-CHAINING",""
"","1","HYPERPOSING-SHARED.03","","Mon Nov 04 01:57:54 GMT 2024","passed","Mon Nov 04 01:57:54 GMT 2024","","BASIC","BASIC",""
"","69","F1-IMPORTS.17","","Mon Nov 04 00:35:58 GMT 2024","passed","Mon Nov 04 00:35:58 GMT 2024","","MODULE-SYSTEM","MODULE-SYSTEM",""
"","2","STRING-TESTS.14","","Mon Nov 04 00:37:43 GMT 2024","passed","Mon Nov 04 00:37:43 GMT 2024","","HYPERON-METTALOG-SANITY","HYPERON-METTALOG-SANITY",""
"","2","SPACE-INTERSECTION-TESTS.11","","Mon Nov 04 00:37:43 GMT 2024","passed","Mon Nov 04 00:37:43 GMT 2024","","HYPERON-METTALOG-SANITY","HYPERON-METTALOG-SANITY",""
"","5000","metta-wam-issue-116.test_spo_5000","","Mon Nov 04 00:36:03 GMT 2024","passed","Mon Nov 04 00:36:08 GMT 2024","","WHOLE-TESTS","WHOLE-TESTS",""
"","45000","stdlib-mettalog.stdlib_mettalog_test","","Mon Nov 04 00:36:03 GMT 2024","failed","Mon Nov 04 00:36:48 GMT 2024","","WHOLE-TESTS","WHOLE-TESTS",""
"","2","OR-TEST.03","","Mon Nov 04 00:37:43 GMT 2024","passed","Mon Nov 04 00:37:43 GMT 2024","","HYPERON-METTALOG-SANITY","HYPERON-METTALOG-SANITY",""
"","2","PC-XP.06","","Mon Nov 04 01:24:57 GMT 2024","passed","Mon Nov 04 01:24:57 GMT 2024","","POLYWARD-CHAINING","POLYWARD-CHAINING",""
"","2","00-LANG-CASE.10","","Mon Nov 04 00:37:43 GMT 2024","passed","Mon Nov 04 00:37:43 GMT 2024","","HYPERON-METTALOG-SANITY","HYPERON-METTALOG-SANITY",""
"","5000","forward-chainer.forward-chainer-xp","","Mon Nov 04 00:36:03 GMT 2024","passed","Mon Nov 04 00:36:08 GMT 2024","","WHOLE-TESTS","WHOLE-TESTS",""
"","2","D4-TYPE-PROP.11","","Mon Nov 04 01:12:10 GMT 2024","passed","Mon Nov 04 01:12:10 GMT 2024","","CHECK-TYPES","CHECK-TYPES",""
"","2","INTERSECTION-TESTS.12","","Mon Nov 04 00:37:43 GMT 2024","passed","Mon Nov 04 00:37:43 GMT 2024","","HYPERON-METTALOG-SANITY","HYPERON-METTALOG-SANITY",""
"","6","CHAPTER-1-3.03","","Mon Nov 04 00:55:17 GMT 2024","passed","Mon Nov 04 00:55:17 GMT 2024","","SICP-BOOK","SICP-BOOK",""
"","40000","fizzbuzz.constructive","","Mon Nov 04 00:36:03 GMT 2024","failed","Mon Nov 04 00:36:43 GMT 2024","","WHOLE-TESTS","WHOLE-TESTS",""
"","3","STDLIB-METTALOG-TEST-PT2.52","","Mon Nov 04 00:55:08 GMT 2024","passed","Mon Nov 04 00:55:08 GMT 2024","","STDLIB-METTALOG","STDLIB-METTALOG",""
"","3","OBIF.01","","Mon Nov 04 01:55:33 GMT 2024","passed","Mon Nov 04 01:55:33 GMT 2024","","MULTIDIRECTIONAL","MULTIDIRECTIONAL",""
"","1","NATPARITYTEST.06","","Mon Nov 04 01:19:01 GMT 2024","passed","Mon Nov 04 01:19:01 GMT 2024","","HOL","HOL",""
"","2","DEDUCTIONFORMULATEST.09","","Mon Nov 04 01:16:38 GMT 2024","passed","Mon Nov 04 01:16:38 GMT 2024","","FORMULA","FORMULA",""
"","2","FORWARD-CHAINER-TEST.02","","Mon Nov 04 01:18:45 GMT 2024","passed","Mon Nov 04 01:18:45 GMT 2024","","FORWARD-CHAINER","FORWARD-CHAINER",""
"","4000","spaces.add-remove-match-float","","Mon Nov 04 00:36:03 GMT 2024","passed","Mon Nov 04 00:36:07 GMT 2024","","WHOLE-TESTS","WHOLE-TESTS",""
"","2","TYPE-PROP.42","","Mon Nov 04 01:11:50 GMT 2024","passed","Mon Nov 04 01:11:50 GMT 2024","","CHECK-TYPES-TEMP","CHECK-TYPES-TEMP",""
"","5000","basic.pathfinding-easy-f","","Mon Nov 04 00:36:03 GMT 2024","passed","Mon Nov 04 00:36:08 GMT 2024","","WHOLE-TESTS","WHOLE-TESTS",""
"","1","C1-GROUNDED-BASIC.16","","Mon Nov 04 00:36:07 GMT 2024","passed","Mon Nov 04 00:36:07 GMT 2024","","HYPERON-EXPERIMENTAL-SCRIPTS","HYPERON-EXPERIMENTAL-SCRIPTS",""
"","68","D2-HIGHERFUNC.07","","Mon Nov 04 00:36:07 GMT 2024","failed","Mon Nov 04 00:36:07 GMT 2024","","HYPERON-EXPERIMENTAL-SCRIPTS","HYPERON-EXPERIMENTAL-SCRIPTS",""
"","2","C1-GROUNDED-BASIC.10","","Mon Nov 04 00:36:07 GMT 2024","passed","Mon Nov 04 00:36:07 GMT 2024","","HYPERON-EXPERIMENTAL-SCRIPTS","HYPERON-EXPERIMENTAL-SCRIPTS",""
"","146","EXAMPLES-QUANTS.02","","Mon Nov 04 01:56:48 GMT 2024","failed","Mon Nov 04 01:56:48 GMT 2024","","POLYMORPHIC-TYPES","POLYMORPHIC-TYPES",""
"","3","ADD-REMOVE-MATCH-S-SYMBOLS.15","","Mon Nov 04 00:53:03 GMT 2024","passed","Mon Nov 04 00:53:03 GMT 2024","","SPACES","SPACES",""
"","4000","spaces.add-remove-match-integer","","Mon Nov 04 00:36:03 GMT 2024","passed","Mon Nov 04 00:36:07 GMT 2024","","WHOLE-TESTS","WHOLE-TESTS",""
"","38","TYPE-PROP.79","","Mon Nov 04 01:11:50 GMT 2024","failed","Mon Nov 04 01:11:50 GMT 2024","","CHECK-TYPES-TEMP","CHECK-TYPES-TEMP",""
"","5000","metta-morph_tests.supercollapse","","Mon Nov 04 00:36:03 GMT 2024","passed","Mon Nov 04 00:36:08 GMT 2024","","WHOLE-TESTS","WHOLE-TESTS",""
"","6","EVIDENTIALTRUTHVALUETEST.02","","Mon Nov 04 01:16:43 GMT 2024","passed","Mon Nov 04 01:16:43 GMT 2024","","TRUTHVALUE","TRUTHVALUE",""
"","1","ADD-REMOVE-MATCH-SS-STRINGS.02","","Mon Nov 04 00:53:03 GMT 2024","passed","Mon Nov 04 00:53:03 GMT 2024","","SPACES","SPACES",""
"","2","QUERIES.13","","Mon Nov 04 01:08:27 GMT 2024","passed","Mon Nov 04 01:08:27 GMT 2024","","STRIPS-TO-METTA-IMPROVED","STRIPS-TO-METTA-IMPROVED",""
"","5000","experiments.unify-via-let","","Mon Nov 04 00:36:03 GMT 2024","passed","Mon Nov 04 00:36:08 GMT 2024","","WHOLE-TESTS","WHOLE-TESTS",""
"","13","D1-GADT.05","","Mon Nov 04 00:45:46 GMT 2024","passed","Mon Nov 04 00:45:46 GMT 2024","","QUICK","QUICK",""
"","3","BC-COMP.01","","Mon Nov 04 01:49:17 GMT 2024","passed","Mon Nov 04 01:49:17 GMT 2024","","WALK-THRU","WALK-THRU",""
"","2","TYPE-PROP.44","","Mon Nov 04 01:11:50 GMT 2024","passed","Mon Nov 04 01:11:50 GMT 2024","","CHECK-TYPES-TEMP","CHECK-TYPES-TEMP",""
"","5000","fizzbuzz.classical","","Mon Nov 04 00:36:03 GMT 2024","passed","Mon Nov 04 00:36:08 GMT 2024","","WHOLE-TESTS","WHOLE-TESTS",""
"","2","F1-IMPORTS.03","","Mon Nov 04 00:45:46 GMT 2024","passed","Mon Nov 04 00:45:46 GMT 2024","","QUICK","QUICK",""
"","2","TYPE-PROP.62","","Mon Nov 04 01:11:50 GMT 2024","passed","Mon Nov 04 01:11:50 GMT 2024","","CHECK-TYPES-TEMP","CHECK-TYPES-TEMP",""
"","2806","TESTS3.06","","Mon Nov 04 00:46:15 GMT 2024","failed","Mon Nov 04 00:46:17 GMT 2024","","MAIN-BRANCH","MAIN-BRANCH",""
"","3","HIGHER-ORDER-FUNCS.01","","Mon Nov 04 00:53:44 GMT 2024","passed","Mon Nov 04 00:53:44 GMT 2024","","STD","STD",""
"","2","FORWARD-CHAINER-XP.15","","Mon Nov 04 01:18:45 GMT 2024","passed","Mon Nov 04 01:18:45 GMT 2024","","FORWARD-CHAINER","FORWARD-CHAINER",""
"","2","TYPE-PROP.07","","Mon Nov 04 00:50:44 GMT 2024","passed","Mon Nov 04 00:50:44 GMT 2024","","CHAINING","CHAINING",""
"","4000","bidirectional_computation.relative-arithmetic","","Mon Nov 04 00:36:03 GMT 2024","passed","Mon Nov 04 00:36:07 GMT 2024","","WHOLE-TESTS","WHOLE-TESTS",""
"","40000","current.tests1","","Mon Nov 04 00:36:03 GMT 2024","failed","Mon Nov 04 00:36:43 GMT 2024","","WHOLE-TESTS","WHOLE-TESTS",""
"","2","ADD-REMOVE-MATCH-STRINGS.12","","Mon Nov 04 00:53:03 GMT 2024","passed","Mon Nov 04 00:53:03 GMT 2024","","SPACES","SPACES",""
"","60","CHAPTER-2-4.09","","Mon Nov 04 00:55:17 GMT 2024","failed","Mon Nov 04 00:55:17 GMT 2024","","SICP-BOOK","SICP-BOOK",""
"","2","ADD-REMOVE-MATCH-INTEGER.33","","Mon Nov 04 00:53:03 GMT 2024","passed","Mon Nov 04 00:53:03 GMT 2024","","SPACES","SPACES",""
"","577","TMPMATCH2.05","","Mon Nov 04 00:43:38 GMT 2024","passed","Mon Nov 04 00:43:38 GMT 2024","","ANTI-REGRESSION","ANTI-REGRESSION",""
"","2","INF-CTL-MONTH-BC-CONT-XP.04","","Mon Nov 04 01:20:12 GMT 2024","passed","Mon Nov 04 01:20:12 GMT 2024","","INFERENCE-CONTROL","INFERENCE-CONTROL",""
"","40","FORWARD-CHAINER-XP.21","","Mon Nov 04 01:18:45 GMT 2024","failed","Mon Nov 04 01:18:45 GMT 2024","","FORWARD-CHAINER","FORWARD-CHAINER",""
"","2","TYPE-PROP.20","","Mon Nov 04 01:11:50 GMT 2024","passed","Mon Nov 04 01:11:50 GMT 2024","","CHECK-TYPES-TEMP","CHECK-TYPES-TEMP",""
"","62","ADD-REMOVE-MATCH-INTEGER.28","","Mon Nov 04 00:53:03 GMT 2024","passed","Mon Nov 04 00:53:03 GMT 2024","","SPACES","SPACES",""
"","2","LISTTEST.18","","Mon Nov 04 01:16:14 GMT 2024","passed","Mon Nov 04 01:16:14 GMT 2024","","COMMON","COMMON",""
"","1","D2-HIGHERFUNC.13","","Mon Nov 04 01:12:10 GMT 2024","passed","Mon Nov 04 01:12:10 GMT 2024","","CHECK-TYPES","CHECK-TYPES",""
"","3","D2-HIGHERFUNC.10","","Mon Nov 04 00:45:46 GMT 2024","passed","Mon Nov 04 00:45:46 GMT 2024","","QUICK","QUICK",""
"","2","INTERSECTION-TESTS.08","","Mon Nov 04 00:37:43 GMT 2024","passed","Mon Nov 04 00:37:43 GMT 2024","","HYPERON-METTALOG-SANITY","HYPERON-METTALOG-SANITY",""
"","7000","comparisons.nils_if_control_test_5","","Mon Nov 04 00:36:03 GMT 2024","passed","Mon Nov 04 00:36:10 GMT 2024","","WHOLE-TESTS","WHOLE-TESTS",""
"","2","UNIFY-VIA-LET.03","","Mon Nov 04 01:26:50 GMT 2024","passed","Mon Nov 04 01:26:50 GMT 2024","","EXPERIMENTS","EXPERIMENTS",""
"","15","STDLIB-METTALOG-TEST-PT2.34","","Mon Nov 04 00:55:08 GMT 2024","failed","Mon Nov 04 00:55:08 GMT 2024","","STDLIB-METTALOG","STDLIB-METTALOG",""
"","158","INF-ORDER-PROBS.01","","Mon Nov 04 01:03:54 GMT 2024","passed","Mon Nov 04 01:03:54 GMT 2024","","PROB-DEP-TYPES","PROB-DEP-TYPES",""
"","1","D4-TYPE-PROP.13","","Mon Nov 04 00:45:46 GMT 2024","passed","Mon Nov 04 00:45:46 GMT 2024","","QUICK","QUICK",""
"","2","XOR-TEST.06","","Mon Nov 04 00:37:43 GMT 2024","passed","Mon Nov 04 00:37:43 GMT 2024","","HYPERON-METTALOG-SANITY","HYPERON-METTALOG-SANITY",""
"","2","DEFINE-IF-LIKE.06","","Mon Nov 04 01:47:48 GMT 2024","passed","Mon Nov 04 01:47:48 GMT 2024","","DIRECT-COMP","DIRECT-COMP",""
"","177","BASIC.03","","Mon Nov 04 01:09:08 GMT 2024","passed","Mon Nov 04 01:09:08 GMT 2024","","TRAVERSER","TRAVERSER",""
"","5000","hol.ListTest","","Mon Nov 04 00:36:03 GMT 2024","passed","Mon Nov 04 00:36:08 GMT 2024","","WHOLE-TESTS","WHOLE-TESTS",""
"","2","ADD-REMOVE-MATCH-INTEGER.09","","Mon Nov 04 00:53:03 GMT 2024","passed","Mon Nov 04 00:53:03 GMT 2024","","SPACES","SPACES",""
"","2","SUBTRACTION-TEST.05","","Mon Nov 04 00:37:43 GMT 2024","passed","Mon Nov 04 00:37:43 GMT 2024","","HYPERON-METTALOG-SANITY","HYPERON-METTALOG-SANITY",""
"","2","00-LANG-CASE.06","","Mon Nov 04 00:37:43 GMT 2024","passed","Mon Nov 04 00:37:43 GMT 2024","","HYPERON-METTALOG-SANITY","HYPERON-METTALOG-SANITY",""
"","2","D2-HIGHERFUNC.10","","Mon Nov 04 00:36:07 GMT 2024","passed","Mon Nov 04 00:36:07 GMT 2024","","HYPERON-EXPERIMENTAL-SCRIPTS","HYPERON-EXPERIMENTAL-SCRIPTS",""
"","2","BCHAIN.03","","Mon Nov 04 00:43:38 GMT 2024","passed","Mon Nov 04 00:43:38 GMT 2024","","ANTI-REGRESSION","ANTI-REGRESSION",""
"","1","F1-MODULEA.08","","Mon Nov 04 00:36:07 GMT 2024","passed","Mon Nov 04 00:36:07 GMT 2024","","HYPERON-EXPERIMENTAL-SCRIPTS","HYPERON-EXPERIMENTAL-SCRIPTS",""
"","365","SELF-CONTAINED-SYNTHESIZE.08","","Mon Nov 04 01:26:50 GMT 2024","failed","Mon Nov 04 01:26:50 GMT 2024","","EXPERIMENTS","EXPERIMENTS",""
"","3","APPEND.02","","Mon Nov 04 01:55:33 GMT 2024","passed","Mon Nov 04 01:55:33 GMT 2024","","MULTIDIRECTIONAL","MULTIDIRECTIONAL",""
"","40000","comparisons.nils_if_control_test_3","","Mon Nov 04 00:36:03 GMT 2024","failed","Mon Nov 04 00:36:43 GMT 2024","","WHOLE-TESTS","WHOLE-TESTS",""
"","74","STATE-TYPES.18","","Mon Nov 04 01:57:54 GMT 2024","failed","Mon Nov 04 01:57:54 GMT 2024","","BASIC","BASIC",""
"","45000","prev.tests4","","Mon Nov 04 00:36:03 GMT 2024","failed","Mon Nov 04 00:36:48 GMT 2024","","WHOLE-TESTS","WHOLE-TESTS",""
"","142","INF-ORDER-PROBS.02","","Mon Nov 04 01:03:54 GMT 2024","passed","Mon Nov 04 01:03:54 GMT 2024","","PROB-DEP-TYPES","PROB-DEP-TYPES",""
"","3","BCHAIN-COMP.06","","Mon Nov 04 01:49:17 GMT 2024","passed","Mon Nov 04 01:49:17 GMT 2024","","WALK-THRU","WALK-THRU",""
"","2","TEST-IF-CLOSED.09","","Mon Nov 04 00:43:38 GMT 2024","passed","Mon Nov 04 00:43:38 GMT 2024","","ANTI-REGRESSION","ANTI-REGRESSION",""
"","83","INTERSECTION-TESTS.29","","Mon Nov 04 00:37:43 GMT 2024","failed","Mon Nov 04 00:37:43 GMT 2024","","HYPERON-METTALOG-SANITY","HYPERON-METTALOG-SANITY",""
"","2","TYPE-PROP.81","","Mon Nov 04 01:11:50 GMT 2024","passed","Mon Nov 04 01:11:50 GMT 2024","","CHECK-TYPES-TEMP","CHECK-TYPES-TEMP",""
"","2","BACKWARD-CHAINER-XP.20","","Mon Nov 04 01:15:59 GMT 2024","passed","Mon Nov 04 01:15:59 GMT 2024","","BACKWARD-CHAINER","BACKWARD-CHAINER",""
"","3","BCHAIN.01","","Mon Nov 04 00:43:38 GMT 2024","passed","Mon Nov 04 00:43:38 GMT 2024","","ANTI-REGRESSION","ANTI-REGRESSION",""
"","18000","nondet_unify.run","","Mon Nov 04 00:36:03 GMT 2024","passed","Mon Nov 04 00:36:21 GMT 2024","","WHOLE-TESTS","WHOLE-TESTS",""
"","4","OR-TEST.07","","Mon Nov 04 00:37:43 GMT 2024","passed","Mon Nov 04 00:37:43 GMT 2024","","HYPERON-METTALOG-SANITY","HYPERON-METTALOG-SANITY",""
"","41","FORWARD-CHAINER-XP.28","","Mon Nov 04 01:18:45 GMT 2024","failed","Mon Nov 04 01:18:45 GMT 2024","","FORWARD-CHAINER","FORWARD-CHAINER",""
"","2","ADD-REMOVE-MATCH-INTEGER.19","","Mon Nov 04 00:53:03 GMT 2024","passed","Mon Nov 04 00:53:03 GMT 2024","","SPACES","SPACES",""
"","2","IMPL-METTALOGTESTCURRIED.12","","Mon Nov 04 01:49:17 GMT 2024","passed","Mon Nov 04 01:49:17 GMT 2024","","WALK-THRU","WALK-THRU",""
"","23","CHAPTER-1-3.01","","Mon Nov 04 00:55:17 GMT 2024","passed","Mon Nov 04 00:55:17 GMT 2024","","SICP-BOOK","SICP-BOOK",""
"","107","00A-LANG-COMPILED-CASE.07","","Mon Nov 04 01:47:48 GMT 2024","passed","Mon Nov 04 01:47:48 GMT 2024","","DIRECT-COMP","DIRECT-COMP",""
"","3","D3-DEPTYPES.01","","Mon Nov 04 00:36:07 GMT 2024","passed","Mon Nov 04 00:36:07 GMT 2024","","HYPERON-EXPERIMENTAL-SCRIPTS","HYPERON-EXPERIMENTAL-SCRIPTS",""
"","100","C1-GROUNDED-BASIC.14","","Mon Nov 04 00:36:07 GMT 2024","failed","Mon Nov 04 00:36:07 GMT 2024","","HYPERON-EXPERIMENTAL-SCRIPTS","HYPERON-EXPERIMENTAL-SCRIPTS",""
"","2","BCHAIN.05","","Mon Nov 04 01:49:17 GMT 2024","passed","Mon Nov 04 01:49:17 GMT 2024","","WALK-THRU","WALK-THRU",""
"","5","TYPE-PROP.72","","Mon Nov 04 01:11:50 GMT 2024","passed","Mon Nov 04 01:11:50 GMT 2024","","CHECK-TYPES-TEMP","CHECK-TYPES-TEMP",""
"","4000","strips-to-metta-flat.queries_flat","","Mon Nov 04 00:36:03 GMT 2024","passed","Mon Nov 04 00:36:07 GMT 2024","","WHOLE-TESTS","WHOLE-TESTS",""
"","74","SYNTHESIZE-VIA-LET-TEST.10","","Mon Nov 04 01:26:50 GMT 2024","passed","Mon Nov 04 01:26:50 GMT 2024","","EXPERIMENTS","EXPERIMENTS",""
"","3","FC-XP.11","","Mon Nov 04 01:18:55 GMT 2024","passed","Mon Nov 04 01:18:55 GMT 2024","","FORWARD-CHAINING","FORWARD-CHAINING",""
"","4000","hyperon-mettalog_sanity.is_space","","Mon Nov 04 00:36:03 GMT 2024","passed","Mon Nov 04 00:36:07 GMT 2024","","WHOLE-TESTS","WHOLE-TESTS",""
"","5","SEALED-TEST.10","","Mon Nov 04 00:37:43 GMT 2024","passed","Mon Nov 04 00:37:43 GMT 2024","","HYPERON-METTALOG-SANITY","HYPERON-METTALOG-SANITY",""
"","4","FIRST-ANSWER.02","","Mon Nov 04 00:37:43 GMT 2024","passed","Mon Nov 04 00:37:43 GMT 2024","","HYPERON-METTALOG-SANITY","HYPERON-METTALOG-SANITY",""
"","2","SUPERCOLLAPSE.06","","Mon Nov 04 00:41:36 GMT 2024","passed","Mon Nov 04 00:41:36 GMT 2024","","METTA-MORPH-TESTS","METTA-MORPH-TESTS",""
"","4000","synth_buffer.synthesize","","Mon Nov 04 00:36:03 GMT 2024","passed","Mon Nov 04 00:36:07 GMT 2024","","WHOLE-TESTS","WHOLE-TESTS",""
"","1","TYPE-PROP.09","","Mon Nov 04 01:11:50 GMT 2024","passed","Mon Nov 04 01:11:50 GMT 2024","","CHECK-TYPES-TEMP","CHECK-TYPES-TEMP",""
"","1","ADD-REMOVE-MATCH-MIX-FLOAT-INTEGER.05","","Mon Nov 04 00:53:03 GMT 2024","passed","Mon Nov 04 00:53:03 GMT 2024","","SPACES","SPACES",""
"","2","B5-TYPES-PRELIM.10","","Mon Nov 04 00:36:07 GMT 2024","passed","Mon Nov 04 00:36:07 GMT 2024","","HYPERON-EXPERIMENTAL-SCRIPTS","HYPERON-EXPERIMENTAL-SCRIPTS",""
"","4000","basic.hyperposing-unshared","","Mon Nov 04 00:36:03 GMT 2024","passed","Mon Nov 04 00:36:07 GMT 2024","","WHOLE-TESTS","WHOLE-TESTS",""
"","6000","stdlib-mettalog.stdlib_mettalog_test_pt2","","Mon Nov 04 00:36:03 GMT 2024","passed","Mon Nov 04 00:36:09 GMT 2024","","WHOLE-TESTS","WHOLE-TESTS",""
"","237","DEDUCTIONIMPLICATIONDIRECTINTRODUCTIONDTLTEST.04","","Mon Nov 04 01:14:52 GMT 2024","passed","Mon Nov 04 01:14:52 GMT 2024","","DEPENDENT-TYPES","DEPENDENT-TYPES",""
"","133","TESTS0.01","","Mon Nov 04 01:40:00 GMT 2024","passed","Mon Nov 04 01:40:00 GMT 2024","","NEW","NEW",""
"","4000","logic.memb","","Mon Nov 04 00:36:03 GMT 2024","passed","Mon Nov 04 00:36:07 GMT 2024","","WHOLE-TESTS","WHOLE-TESTS",""
"","4000","common.EqualityTypeTest","","Mon Nov 04 00:36:03 GMT 2024","passed","Mon Nov 04 00:36:07 GMT 2024","","WHOLE-TESTS","WHOLE-TESTS",""
"","3","FORWARD-CHAINER-XP.27","","Mon Nov 04 01:18:45 GMT 2024","passed","Mon Nov 04 01:18:45 GMT 2024","","FORWARD-CHAINER","FORWARD-CHAINER",""
"","2","TYPES3.01","","Mon Nov 04 00:41:36 GMT 2024","passed","Mon Nov 04 00:41:36 GMT 2024","","METTA-MORPH-TESTS","METTA-MORPH-TESTS",""
"","12","D4-TYPE-PROP.03","","Mon Nov 04 00:36:07 GMT 2024","passed","Mon Nov 04 00:36:07 GMT 2024","","HYPERON-EXPERIMENTAL-SCRIPTS","HYPERON-EXPERIMENTAL-SCRIPTS",""
"","1","CHAPTER-1-1.08","","Mon Nov 04 00:55:17 GMT 2024","passed","Mon Nov 04 00:55:17 GMT 2024","","SICP-BOOK","SICP-BOOK",""
"","2","STDLIB-METTALOG-TEST-PT2.19","","Mon Nov 04 00:55:08 GMT 2024","passed","Mon Nov 04 00:55:08 GMT 2024","","STDLIB-METTALOG","STDLIB-METTALOG",""
"","2","F1-IMPORTS.12","","Mon Nov 04 00:35:58 GMT 2024","passed","Mon Nov 04 00:35:58 GMT 2024","","MODULE-SYSTEM","MODULE-SYSTEM",""
"","3590","TRAINING.02","","Mon Nov 04 02:10:27 GMT 2024","passed","Mon Nov 04 02:10:30 GMT 2024","","LANGUAGE-MODELS","LANGUAGE-MODELS",""
"","3","D1-GADT.10","","Mon Nov 04 01:12:10 GMT 2024","passed","Mon Nov 04 01:12:10 GMT 2024","","CHECK-TYPES","CHECK-TYPES",""
"","1","STATE-TYPES.14","","Mon Nov 04 01:57:54 GMT 2024","passed","Mon Nov 04 01:57:54 GMT 2024","","BASIC","BASIC",""
"","107","ADD-ATOM-NAIVE-FIB.09","","Mon Nov 04 02:04:14 GMT 2024","passed","Mon Nov 04 02:04:14 GMT 2024","","COMPARISONS","COMPARISONS",""
"","1175","TRAINING-BI.04","","Mon Nov 04 02:10:27 GMT 2024","passed","Mon Nov 04 02:10:28 GMT 2024","","LANGUAGE-MODELS","LANGUAGE-MODELS",""
"","2","PROB-DEP-TYPES.02","","Mon Nov 04 01:03:54 GMT 2024","passed","Mon Nov 04 01:03:54 GMT 2024","","PROB-DEP-TYPES","PROB-DEP-TYPES",""
"","2221","SELF-CONTAINED-SYNTHESIZE.07","","Mon Nov 04 01:26:50 GMT 2024","failed","Mon Nov 04 01:26:52 GMT 2024","","EXPERIMENTS","EXPERIMENTS",""
"","2","C1-GROUNDED-BASIC.06","","Mon Nov 04 00:45:46 GMT 2024","passed","Mon Nov 04 00:45:46 GMT 2024","","QUICK","QUICK",""
"","2","ADD-REMOVE-MATCH-SS-SYMBOLS.10","","Mon Nov 04 00:53:03 GMT 2024","passed","Mon Nov 04 00:53:03 GMT 2024","","SPACES","SPACES",""
"","44","TYPE-PROP.58","","Mon Nov 04 01:11:50 GMT 2024","failed","Mon Nov 04 01:11:50 GMT 2024","","CHECK-TYPES-TEMP","CHECK-TYPES-TEMP",""
"","2","IFC-XP.29","","Mon Nov 04 01:22:13 GMT 2024","passed","Mon Nov 04 01:22:13 GMT 2024","","ITERATIVE-CHAINING","ITERATIVE-CHAINING",""
"","2","MATCH-SUPERPOSED-SPACES.04","","Mon Nov 04 00:41:36 GMT 2024","passed","Mon Nov 04 00:41:36 GMT 2024","","METTA-MORPH-TESTS","METTA-MORPH-TESTS",""
"","2","BC-XP.20","","Mon Nov 04 01:16:05 GMT 2024","passed","Mon Nov 04 01:16:05 GMT 2024","","BACKWARD-CHAINING","BACKWARD-CHAINING",""
"","3","TESTS3.07","","Mon Nov 04 00:46:15 GMT 2024","passed","Mon Nov 04 00:46:15 GMT 2024","","MAIN-BRANCH","MAIN-BRANCH",""
"","5000","ai-service.ai-service-composition-sanity","","Mon Nov 04 00:36:03 GMT 2024","passed","Mon Nov 04 00:36:08 GMT 2024","","WHOLE-TESTS","WHOLE-TESTS",""
"","2","D4-TYPE-PROP.16","","Mon Nov 04 01:12:10 GMT 2024","passed","Mon Nov 04 01:12:10 GMT 2024","","CHECK-TYPES","CHECK-TYPES",""
"","2","E2-STATES.03","","Mon Nov 04 01:12:10 GMT 2024","passed","Mon Nov 04 01:12:10 GMT 2024","","CHECK-TYPES","CHECK-TYPES",""
"","2","CHAPTER-1-1.20","","Mon Nov 04 00:55:17 GMT 2024","passed","Mon Nov 04 00:55:17 GMT 2024","","SICP-BOOK","SICP-BOOK",""
"","4000","transpiler.identity","","Mon Nov 04 00:36:03 GMT 2024","passed","Mon Nov 04 00:36:07 GMT 2024","","WHOLE-TESTS","WHOLE-TESTS",""
"","6000","nars_extras.RUN_minnars","","Mon Nov 04 00:36:03 GMT 2024","passed","Mon Nov 04 00:36:09 GMT 2024","","WHOLE-TESTS","WHOLE-TESTS",""
"","2","TYPES-PRELIM.03","","Mon Nov 04 00:50:44 GMT 2024","passed","Mon Nov 04 00:50:44 GMT 2024","","CHAINING","CHAINING",""
"","1224","PLLM-PENNTREE.05","","Mon Nov 04 02:10:27 GMT 2024","passed","Mon Nov 04 02:10:28 GMT 2024","","LANGUAGE-MODELS","LANGUAGE-MODELS",""
"","2","D2-HIGHERFUNC.25","","Mon Nov 04 01:12:10 GMT 2024","passed","Mon Nov 04 01:12:10 GMT 2024","","CHECK-TYPES","CHECK-TYPES",""
"","2","STRING-TESTS.07","","Mon Nov 04 00:37:43 GMT 2024","passed","Mon Nov 04 00:37:43 GMT 2024","","HYPERON-METTALOG-SANITY","HYPERON-METTALOG-SANITY",""
"","2","QUERIES.08","","Mon Nov 04 01:08:27 GMT 2024","passed","Mon Nov 04 01:08:27 GMT 2024","","STRIPS-TO-METTA-IMPROVED","STRIPS-TO-METTA-IMPROVED",""
"","1","NATPARITYTEST.04","","Mon Nov 04 01:19:01 GMT 2024","passed","Mon Nov 04 01:19:01 GMT 2024","","HOL","HOL",""
"","1","SPACE-INTERSECTION-TESTS.15","","Mon Nov 04 00:37:43 GMT 2024","passed","Mon Nov 04 00:37:43 GMT 2024","","HYPERON-METTALOG-SANITY","HYPERON-METTALOG-SANITY",""
"","2","00-LANG-CASE.15","","Mon Nov 04 00:37:43 GMT 2024","passed","Mon Nov 04 00:37:43 GMT 2024","","HYPERON-METTALOG-SANITY","HYPERON-METTALOG-SANITY",""
"","486","PROB-DEP-TYPES.10","","Mon Nov 04 01:03:54 GMT 2024","failed","Mon Nov 04 01:03:54 GMT 2024","","PROB-DEP-TYPES","PROB-DEP-TYPES",""
"","3","BCHAIN.06","","Mon Nov 04 00:43:38 GMT 2024","passed","Mon Nov 04 00:43:38 GMT 2024","","ANTI-REGRESSION","ANTI-REGRESSION",""
"","5000","quick.d4_type_prop","","Mon Nov 04 00:36:03 GMT 2024","passed","Mon Nov 04 00:36:08 GMT 2024","","WHOLE-TESTS","WHOLE-TESTS",""
"","103","SPACE-INTERSECTION-TESTS.09","","Mon Nov 04 00:37:43 GMT 2024","failed","Mon Nov 04 00:37:43 GMT 2024","","HYPERON-METTALOG-SANITY","HYPERON-METTALOG-SANITY",""
"","1586","SELF-CONTAINED-SYNTHESIZE.09","","Mon Nov 04 01:26:50 GMT 2024","failed","Mon Nov 04 01:26:51 GMT 2024","","EXPERIMENTS","EXPERIMENTS",""
"","4","DEDUCTIONMATCHTEST.01","","Mon Nov 04 01:22:33 GMT 2024","passed","Mon Nov 04 01:22:33 GMT 2024","","MATCH","MATCH",""
"","63","D5-AUTO-TYPES.03","","Mon Nov 04 00:36:07 GMT 2024","failed","Mon Nov 04 00:36:07 GMT 2024","","HYPERON-EXPERIMENTAL-SCRIPTS","HYPERON-EXPERIMENTAL-SCRIPTS",""
"","15000","anti-regression.system_proofTestCurried","","Mon Nov 04 00:36:03 GMT 2024","failed","Mon Nov 04 00:36:18 GMT 2024","","WHOLE-TESTS","WHOLE-TESTS",""
"","2","BC-XP.05","","Mon Nov 04 01:16:05 GMT 2024","passed","Mon Nov 04 01:16:05 GMT 2024","","BACKWARD-CHAINING","BACKWARD-CHAINING",""
"","3","UNIFY-VIA-CASE.03","","Mon Nov 04 01:26:50 GMT 2024","passed","Mon Nov 04 01:26:50 GMT 2024","","EXPERIMENTS","EXPERIMENTS",""
"","5000","direct_comp.00a_lang_compiled_case","","Mon Nov 04 00:36:03 GMT 2024","passed","Mon Nov 04 00:36:08 GMT 2024","","WHOLE-TESTS","WHOLE-TESTS",""
"","2","E2-STATES.03","","Mon Nov 04 00:36:07 GMT 2024","passed","Mon Nov 04 00:36:07 GMT 2024","","HYPERON-EXPERIMENTAL-SCRIPTS","HYPERON-EXPERIMENTAL-SCRIPTS",""
"","63","V2-PLN-XP.01","","Mon Nov 04 00:50:44 GMT 2024","failed","Mon Nov 04 00:50:44 GMT 2024","","CHAINING","CHAINING",""
"","3","NON-DETERMINISM.01","","Mon Nov 04 01:26:50 GMT 2024","passed","Mon Nov 04 01:26:50 GMT 2024","","EXPERIMENTS","EXPERIMENTS",""
"","5000","truthvalue.EvidentialTruthValueTest","","Mon Nov 04 00:36:03 GMT 2024","passed","Mon Nov 04 00:36:08 GMT 2024","","WHOLE-TESTS","WHOLE-TESTS",""
"","14","D1-GADT.09","","Mon Nov 04 00:36:07 GMT 2024","passed","Mon Nov 04 00:36:07 GMT 2024","","HYPERON-EXPERIMENTAL-SCRIPTS","HYPERON-EXPERIMENTAL-SCRIPTS",""
"","45","BACKWARD-CHAINER-XP.25","","Mon Nov 04 01:15:59 GMT 2024","failed","Mon Nov 04 01:15:59 GMT 2024","","BACKWARD-CHAINER","BACKWARD-CHAINER",""
"","2","LET-SUPERPOSE-IF-CASE.01","","Mon Nov 04 00:41:36 GMT 2024","passed","Mon Nov 04 00:41:36 GMT 2024","","METTA-MORPH-TESTS","METTA-MORPH-TESTS",""
"","2","SPACE-SUBTRACTION-TESTS.03","","Mon Nov 04 00:37:43 GMT 2024","passed","Mon Nov 04 00:37:43 GMT 2024","","HYPERON-METTALOG-SANITY","HYPERON-METTALOG-SANITY",""
"","585","SYNTHESIZE-VIA-LET-TEST.01","","Mon Nov 04 01:26:50 GMT 2024","failed","Mon Nov 04 01:26:50 GMT 2024","","EXPERIMENTS","EXPERIMENTS",""
"","4000","metta-morph_tests.sequential_nested","","Mon Nov 04 00:36:03 GMT 2024","passed","Mon Nov 04 00:36:07 GMT 2024","","WHOLE-TESTS","WHOLE-TESTS",""
"","2","TEST-SPO-1000.01","","Mon Nov 04 00:44:11 GMT 2024","passed","Mon Nov 04 00:44:11 GMT 2024","","METTA-WAM-ISSUE-116","METTA-WAM-ISSUE-116",""
"","3","LETLET.01","","Mon Nov 04 00:41:36 GMT 2024","passed","Mon Nov 04 00:41:36 GMT 2024","","METTA-MORPH-TESTS","METTA-MORPH-TESTS",""
"","2","INF-CTL-MONTH-XP.05","","Mon Nov 04 01:20:12 GMT 2024","passed","Mon Nov 04 01:20:12 GMT 2024","","INFERENCE-CONTROL","INFERENCE-CONTROL",""
"","2","UNIQUE-TEST.08","","Mon Nov 04 00:37:43 GMT 2024","passed","Mon Nov 04 00:37:43 GMT 2024","","HYPERON-METTALOG-SANITY","HYPERON-METTALOG-SANITY",""
"","5","INF-ORDER-PROBS.05","","Mon Nov 04 01:03:54 GMT 2024","passed","Mon Nov 04 01:03:54 GMT 2024","","PROB-DEP-TYPES","PROB-DEP-TYPES",""
"","2","STATES-SPACES.04","","Mon Nov 04 00:41:36 GMT 2024","passed","Mon Nov 04 00:41:36 GMT 2024","","METTA-MORPH-TESTS","METTA-MORPH-TESTS",""
"","6000","dependent-types.DeductionDTLTest","","Mon Nov 04 00:36:03 GMT 2024","passed","Mon Nov 04 00:36:09 GMT 2024","","WHOLE-TESTS","WHOLE-TESTS",""
"","1","HYPERPOSING-SHARED.05","","Mon Nov 04 01:57:54 GMT 2024","passed","Mon Nov 04 01:57:54 GMT 2024","","BASIC","BASIC",""
"","2","CHAINING-PRELIM.03","","Mon Nov 04 00:50:44 GMT 2024","passed","Mon Nov 04 00:50:44 GMT 2024","","CHAINING","CHAINING",""
"","40000","main-branch.tests5","","Mon Nov 04 00:36:03 GMT 2024","failed","Mon Nov 04 00:36:43 GMT 2024","","WHOLE-TESTS","WHOLE-TESTS",""
"","95","INTERSECTION-TESTS.28","","Mon Nov 04 00:37:43 GMT 2024","failed","Mon Nov 04 00:37:43 GMT 2024","","HYPERON-METTALOG-SANITY","HYPERON-METTALOG-SANITY",""
"","4","UTILS-TEST.01","","Mon Nov 04 01:15:54 GMT 2024","passed","Mon Nov 04 01:15:54 GMT 2024","","UTILS","UTILS",""
"","2","TEST-SPO-100.01","","Mon Nov 04 00:44:11 GMT 2024","passed","Mon Nov 04 00:44:11 GMT 2024","","METTA-WAM-ISSUE-116","METTA-WAM-ISSUE-116",""
"","2","F1-MODULEA.05","","Mon Nov 04 00:45:46 GMT 2024","passed","Mon Nov 04 00:45:46 GMT 2024","","QUICK","QUICK",""
"","43000","synth_buffer.time_synthesize","","Mon Nov 04 00:36:03 GMT 2024","failed","Mon Nov 04 00:36:46 GMT 2024","","WHOLE-TESTS","WHOLE-TESTS",""
"","1","OR-TEST.19","","Mon Nov 04 00:37:43 GMT 2024","passed","Mon Nov 04 00:37:43 GMT 2024","","HYPERON-METTALOG-SANITY","HYPERON-METTALOG-SANITY",""
"","2","ADD-REMOVE-MATCH-MIX-FLOAT-INTEGER.19","","Mon Nov 04 00:53:03 GMT 2024","passed","Mon Nov 04 00:53:03 GMT 2024","","SPACES","SPACES",""
"","52","B5-TYPES-PRELIM.15","","Mon Nov 04 01:11:50 GMT 2024","failed","Mon Nov 04 01:11:50 GMT 2024","","CHECK-TYPES-TEMP","CHECK-TYPES-TEMP",""
"","2","COMMA-IS-NOT-SPECIAL.01","","Mon Nov 04 00:43:38 GMT 2024","passed","Mon Nov 04 00:43:38 GMT 2024","","ANTI-REGRESSION","ANTI-REGRESSION",""
"","2","TEST-IF-CLOSED.03","","Mon Nov 04 00:43:38 GMT 2024","passed","Mon Nov 04 00:43:38 GMT 2024","","ANTI-REGRESSION","ANTI-REGRESSION",""
"","3","IDENTITY.01","","Mon Nov 04 00:41:36 GMT 2024","passed","Mon Nov 04 00:41:36 GMT 2024","","METTA-MORPH-TESTS","METTA-MORPH-TESTS",""
"","4000","common.MaybeTest","","Mon Nov 04 00:36:03 GMT 2024","passed","Mon Nov 04 00:36:07 GMT 2024","","WHOLE-TESTS","WHOLE-TESTS",""
"","315","NATSIMPLETEST.03","","Mon Nov 04 01:19:01 GMT 2024","failed","Mon Nov 04 01:19:01 GMT 2024","","HOL","HOL",""
"","2","FC-XP.31","","Mon Nov 04 01:18:55 GMT 2024","passed","Mon Nov 04 01:18:55 GMT 2024","","FORWARD-CHAINING","FORWARD-CHAINING",""
"","103","STATE-TYPES.02","","Mon Nov 04 01:57:54 GMT 2024","failed","Mon Nov 04 01:57:54 GMT 2024","","BASIC","BASIC",""
"","1","IBC-XP.03","","Mon Nov 04 01:22:13 GMT 2024","passed","Mon Nov 04 01:22:13 GMT 2024","","ITERATIVE-CHAINING","ITERATIVE-CHAINING",""
"","2","ADD-REMOVE-MATCH-STRINGS.06","","Mon Nov 04 00:53:03 GMT 2024","passed","Mon Nov 04 00:53:03 GMT 2024","","SPACES","SPACES",""
"","2","SUPERCOLLAPSE.07","","Mon Nov 04 00:41:36 GMT 2024","passed","Mon Nov 04 00:41:36 GMT 2024","","METTA-MORPH-TESTS","METTA-MORPH-TESTS",""
"","18","IFC-XP.19","","Mon Nov 04 01:22:13 GMT 2024","failed","Mon Nov 04 01:22:13 GMT 2024","","ITERATIVE-CHAINING","ITERATIVE-CHAINING",""
"","2","DEBUG-METTALOGTESTCURRIED.12","","Mon Nov 04 01:49:17 GMT 2024","passed","Mon Nov 04 01:49:17 GMT 2024","","WALK-THRU","WALK-THRU",""
"","3","03-SORING-VIA-INSERT.06","","Mon Nov 04 00:37:43 GMT 2024","passed","Mon Nov 04 00:37:43 GMT 2024","","HYPERON-METTALOG-SANITY","HYPERON-METTALOG-SANITY",""
"","4","F1-IMPORTS.19","","Mon Nov 04 00:36:07 GMT 2024","passed","Mon Nov 04 00:36:07 GMT 2024","","HYPERON-EXPERIMENTAL-SCRIPTS","HYPERON-EXPERIMENTAL-SCRIPTS",""
"","2","TYPES-PRELIM.17","","Mon Nov 04 00:50:44 GMT 2024","passed","Mon Nov 04 00:50:44 GMT 2024","","CHAINING","CHAINING",""
"","3","FORWARD-CHAINER-TEST.08","","Mon Nov 04 01:18:45 GMT 2024","passed","Mon Nov 04 01:18:45 GMT 2024","","FORWARD-CHAINER","FORWARD-CHAINER",""
"","2","TYPE-PROP.15","","Mon Nov 04 01:11:50 GMT 2024","passed","Mon Nov 04 01:11:50 GMT 2024","","CHECK-TYPES-TEMP","CHECK-TYPES-TEMP",""
"","41000","experiments.self-contained-synthesize","","Mon Nov 04 00:36:03 GMT 2024","failed","Mon Nov 04 00:36:44 GMT 2024","","WHOLE-TESTS","WHOLE-TESTS",""
"","3","STDLIB-METTALOG-TEST-PT2.65","","Mon Nov 04 00:55:08 GMT 2024","passed","Mon Nov 04 00:55:08 GMT 2024","","STDLIB-METTALOG","STDLIB-METTALOG",""
"","6","V2-PLN-XP.02","","Mon Nov 04 00:50:44 GMT 2024","passed","Mon Nov 04 00:50:44 GMT 2024","","CHAINING","CHAINING",""
"","2","UNIQUE-TEST.02","","Mon Nov 04 00:37:43 GMT 2024","passed","Mon Nov 04 00:37:43 GMT 2024","","HYPERON-METTALOG-SANITY","HYPERON-METTALOG-SANITY",""
"","2","E2-STATES.06","","Mon Nov 04 01:12:10 GMT 2024","passed","Mon Nov 04 01:12:10 GMT 2024","","CHECK-TYPES","CHECK-TYPES",""
"","2","AI-SERVICE-COMPOSITION-EASY.05","","Mon Nov 04 01:09:19 GMT 2024","passed","Mon Nov 04 01:09:19 GMT 2024","","AI-SERVICE","AI-SERVICE",""
"","2","IFC-XP.31","","Mon Nov 04 01:22:13 GMT 2024","passed","Mon Nov 04 01:22:13 GMT 2024","","ITERATIVE-CHAINING","ITERATIVE-CHAINING",""
"","30","SUBTYPING-TEST.02","","Mon Nov 04 01:25:02 GMT 2024","failed","Mon Nov 04 01:25:02 GMT 2024","","SUBTYPING","SUBTYPING",""
"","2","INTERSECTION-TESTS.14","","Mon Nov 04 00:37:43 GMT 2024","passed","Mon Nov 04 00:37:43 GMT 2024","","HYPERON-METTALOG-SANITY","HYPERON-METTALOG-SANITY",""
"","4000","metta-morph_tests.superpose_nested","","Mon Nov 04 00:36:03 GMT 2024","passed","Mon Nov 04 00:36:07 GMT 2024","","WHOLE-TESTS","WHOLE-TESTS",""
"","3","HYPERPOSE.10","","Mon Nov 04 00:41:36 GMT 2024","passed","Mon Nov 04 00:41:36 GMT 2024","","METTA-MORPH-TESTS","METTA-MORPH-TESTS",""
"","11258","NILS-IF-CONTROL-TEST-2.03","","Mon Nov 04 02:04:14 GMT 2024","passed","Mon Nov 04 02:04:25 GMT 2024","","COMPARISONS","COMPARISONS",""
"","1","C1-GROUNDED-BASIC.12","","Mon Nov 04 00:36:07 GMT 2024","passed","Mon Nov 04 00:36:07 GMT 2024","","HYPERON-EXPERIMENTAL-SCRIPTS","HYPERON-EXPERIMENTAL-SCRIPTS",""
"","2","EXAM-SPACES.03","","Mon Nov 04 00:52:48 GMT 2024","passed","Mon Nov 04 00:52:48 GMT 2024","","INTROSPECT","INTROSPECT",""
"","2","ADD-REMOVE-MATCH-SS-STRINGS.05","","Mon Nov 04 00:53:03 GMT 2024","passed","Mon Nov 04 00:53:03 GMT 2024","","SPACES","SPACES",""
"","2","BACKWARD-CHAINER-XP.18","","Mon Nov 04 01:15:59 GMT 2024","passed","Mon Nov 04 01:15:59 GMT 2024","","BACKWARD-CHAINER","BACKWARD-CHAINER",""
"","3","BC-XP.01","","Mon Nov 04 00:50:44 GMT 2024","passed","Mon Nov 04 00:50:44 GMT 2024","","CHAINING","CHAINING",""
"","2","METTALOGTESTCURRIED2.06","","Mon Nov 04 01:49:17 GMT 2024","passed","Mon Nov 04 01:49:17 GMT 2024","","WALK-THRU","WALK-THRU",""
"","2","BACKWARD-CHAINER-XP.44","","Mon Nov 04 01:15:59 GMT 2024","passed","Mon Nov 04 01:15:59 GMT 2024","","BACKWARD-CHAINER","BACKWARD-CHAINER",""
"","3","SEALED-TEST.04","","Mon Nov 04 00:37:43 GMT 2024","passed","Mon Nov 04 00:37:43 GMT 2024","","HYPERON-METTALOG-SANITY","HYPERON-METTALOG-SANITY",""
"","5000","distributed-processing.create-server","","Mon Nov 04 00:36:03 GMT 2024","passed","Mon Nov 04 00:36:08 GMT 2024","","WHOLE-TESTS","WHOLE-TESTS",""
"","2","HIGHER-ORDER-FUNCS.11","","Mon Nov 04 00:53:44 GMT 2024","passed","Mon Nov 04 00:53:44 GMT 2024","","STD","STD",""
"","1","IBC-XP.02","","Mon Nov 04 01:22:13 GMT 2024","passed","Mon Nov 04 01:22:13 GMT 2024","","ITERATIVE-CHAINING","ITERATIVE-CHAINING",""
"","1728","PLLM-PENNTREE.03","","Mon Nov 04 02:10:27 GMT 2024","passed","Mon Nov 04 02:10:28 GMT 2024","","LANGUAGE-MODELS","LANGUAGE-MODELS",""
"","4000","debugging.hyperon_experimental_issue_500","","Mon Nov 04 00:36:03 GMT 2024","passed","Mon Nov 04 00:36:07 GMT 2024","","WHOLE-TESTS","WHOLE-TESTS",""
"","4000","metta-morph_tests.let_superpose_if_case","","Mon Nov 04 00:36:03 GMT 2024","passed","Mon Nov 04 00:36:07 GMT 2024","","WHOLE-TESTS","WHOLE-TESTS",""
"","2","SEQUENTIAL-NESTED.08","","Mon Nov 04 00:41:36 GMT 2024","passed","Mon Nov 04 00:41:36 GMT 2024","","METTA-MORPH-TESTS","METTA-MORPH-TESTS",""
"","2","LISTTEST.11","","Mon Nov 04 01:16:14 GMT 2024","passed","Mon Nov 04 01:16:14 GMT 2024","","COMMON","COMMON",""
"","2","ADD-REMOVE-MATCH-S-SYMBOLS.11","","Mon Nov 04 00:53:03 GMT 2024","passed","Mon Nov 04 00:53:03 GMT 2024","","SPACES","SPACES",""
"","3","COLLAPSE.01","","Mon Nov 04 00:41:36 GMT 2024","passed","Mon Nov 04 00:41:36 GMT 2024","","METTA-MORPH-TESTS","METTA-MORPH-TESTS",""
"","3","CHAPTER-2-2.12","","Mon Nov 04 00:55:17 GMT 2024","passed","Mon Nov 04 00:55:17 GMT 2024","","SICP-BOOK","SICP-BOOK",""
"","65","STDLIB-METTALOG-TEST-PT2.12","","Mon Nov 04 00:55:08 GMT 2024","failed","Mon Nov 04 00:55:08 GMT 2024","","STDLIB-METTALOG","STDLIB-METTALOG",""
"","3","APPEND.01","","Mon Nov 04 01:55:33 GMT 2024","passed","Mon Nov 04 01:55:33 GMT 2024","","MULTIDIRECTIONAL","MULTIDIRECTIONAL",""
"","40","FC-XP.28","","Mon Nov 04 01:18:55 GMT 2024","failed","Mon Nov 04 01:18:55 GMT 2024","","FORWARD-CHAINING","FORWARD-CHAINING",""
"","73","ADD-REMOVE-MATCH-MIX-FLOAT-INTEGER.14","","Mon Nov 04 00:53:03 GMT 2024","passed","Mon Nov 04 00:53:03 GMT 2024","","SPACES","SPACES",""
"","4","C1-GROUNDED-BASIC.01","","Mon Nov 04 01:11:50 GMT 2024","passed","Mon Nov 04 01:11:50 GMT 2024","","CHECK-TYPES-TEMP","CHECK-TYPES-TEMP",""
"","262","REWRITES.03","","Mon Nov 04 01:07:38 GMT 2024","failed","Mon Nov 04 01:07:38 GMT 2024","","STACK-BASED","STACK-BASED",""
"","3","LTE.01","","Mon Nov 04 00:53:44 GMT 2024","passed","Mon Nov 04 00:53:44 GMT 2024","","STD","STD",""
"","4000","metta-morph_tests.hyperpose","","Mon Nov 04 00:36:03 GMT 2024","passed","Mon Nov 04 00:36:07 GMT 2024","","WHOLE-TESTS","WHOLE-TESTS",""
"","22","FACTORIAL.02","","Mon Nov 04 00:41:36 GMT 2024","passed","Mon Nov 04 00:41:36 GMT 2024","","METTA-MORPH-TESTS","METTA-MORPH-TESTS",""
"","2","CHAPTER-2-4.10","","Mon Nov 04 00:55:17 GMT 2024","passed","Mon Nov 04 00:55:17 GMT 2024","","SICP-BOOK","SICP-BOOK",""
"","2","06-MATCH-IN-SPACE.01","","Mon Nov 04 00:37:43 GMT 2024","passed","Mon Nov 04 00:37:43 GMT 2024","","HYPERON-METTALOG-SANITY","HYPERON-METTALOG-SANITY",""
"","3","FORWARD-CHAINER-XP.30","","Mon Nov 04 01:18:45 GMT 2024","passed","Mon Nov 04 01:18:45 GMT 2024","","FORWARD-CHAINER","FORWARD-CHAINER",""
"","3","INF-CTL-XP.08","","Mon Nov 04 01:20:12 GMT 2024","passed","Mon Nov 04 01:20:12 GMT 2024","","INFERENCE-CONTROL","INFERENCE-CONTROL",""
"","177","QUERIES.10","","Mon Nov 04 01:08:27 GMT 2024","passed","Mon Nov 04 01:08:27 GMT 2024","","STRIPS-TO-METTA-IMPROVED","STRIPS-TO-METTA-IMPROVED",""
"","112","NON-DETERMINISM.02","","Mon Nov 04 01:26:50 GMT 2024","passed","Mon Nov 04 01:26:50 GMT 2024","","EXPERIMENTS","EXPERIMENTS",""
"","40000","python_from_metta.requests","","Mon Nov 04 00:36:03 GMT 2024","failed","Mon Nov 04 00:36:43 GMT 2024","","WHOLE-TESTS","WHOLE-TESTS",""
"","1","F1-IMPORTS.06","","Mon Nov 04 00:36:07 GMT 2024","passed","Mon Nov 04 00:36:07 GMT 2024","","HYPERON-EXPERIMENTAL-SCRIPTS","HYPERON-EXPERIMENTAL-SCRIPTS",""
"","3","STATE-TYPES.11","","Mon Nov 04 01:57:54 GMT 2024","passed","Mon Nov 04 01:57:54 GMT 2024","","BASIC","BASIC",""
"","2","D1-GADT.06","","Mon Nov 04 01:12:10 GMT 2024","passed","Mon Nov 04 01:12:10 GMT 2024","","CHECK-TYPES","CHECK-TYPES",""
"","434","SYNTHESIZE-VIA-CASE-TEST.08","","Mon Nov 04 01:26:50 GMT 2024","failed","Mon Nov 04 01:26:50 GMT 2024","","EXPERIMENTS","EXPERIMENTS",""
"","46","FORWARD-CHAINER-TEST.01","","Mon Nov 04 01:18:45 GMT 2024","failed","Mon Nov 04 01:18:45 GMT 2024","","FORWARD-CHAINER","FORWARD-CHAINER",""
"","2","SUBTRACTION-TEST.07","","Mon Nov 04 00:37:43 GMT 2024","passed","Mon Nov 04 00:37:43 GMT 2024","","HYPERON-METTALOG-SANITY","HYPERON-METTALOG-SANITY",""
"","1","D4-TYPE-PROP.14","","Mon Nov 04 01:12:10 GMT 2024","passed","Mon Nov 04 01:12:10 GMT 2024","","CHECK-TYPES","CHECK-TYPES",""
"","45000","constraint.types","","Mon Nov 04 00:36:03 GMT 2024","failed","Mon Nov 04 00:36:48 GMT 2024","","WHOLE-TESTS","WHOLE-TESTS",""
"","2","B5-TYPES-PRELIM.25","","Mon Nov 04 00:36:07 GMT 2024","passed","Mon Nov 04 00:36:07 GMT 2024","","HYPERON-EXPERIMENTAL-SCRIPTS","HYPERON-EXPERIMENTAL-SCRIPTS",""
"","4","FC-XP.30","","Mon Nov 04 01:18:55 GMT 2024","passed","Mon Nov 04 01:18:55 GMT 2024","","FORWARD-CHAINING","FORWARD-CHAINING",""
"","41000","stack-based.rewrites","","Mon Nov 04 00:36:03 GMT 2024","failed","Mon Nov 04 00:36:44 GMT 2024","","WHOLE-TESTS","WHOLE-TESTS",""
"","3","TESTS4.05","","Mon Nov 04 00:46:15 GMT 2024","passed","Mon Nov 04 00:46:15 GMT 2024","","MAIN-BRANCH","MAIN-BRANCH",""
"","2","METTALOGTESTCURRIED2.04","","Mon Nov 04 00:43:38 GMT 2024","passed","Mon Nov 04 00:43:38 GMT 2024","","ANTI-REGRESSION","ANTI-REGRESSION",""
"","2","00-LANG-CASE.16","","Mon Nov 04 00:37:43 GMT 2024","passed","Mon Nov 04 00:37:43 GMT 2024","","HYPERON-METTALOG-SANITY","HYPERON-METTALOG-SANITY",""
"","2","D1-GADT.03","","Mon Nov 04 01:12:10 GMT 2024","passed","Mon Nov 04 01:12:10 GMT 2024","","CHECK-TYPES","CHECK-TYPES",""
"","17","INF-CTL-XP.11","","Mon Nov 04 01:20:12 GMT 2024","failed","Mon Nov 04 01:20:12 GMT 2024","","INFERENCE-CONTROL","INFERENCE-CONTROL",""
"","39","IBC-XP.16","","Mon Nov 04 01:22:13 GMT 2024","failed","Mon Nov 04 01:22:13 GMT 2024","","ITERATIVE-CHAINING","ITERATIVE-CHAINING",""
"","4000","red-black-lambda.lambda-theory","","Mon Nov 04 00:36:03 GMT 2024","passed","Mon Nov 04 00:36:07 GMT 2024","","WHOLE-TESTS","WHOLE-TESTS",""
"","2","AI-SERVICE-COMPOSITION-SANITY.07","","Mon Nov 04 01:09:19 GMT 2024","passed","Mon Nov 04 01:09:19 GMT 2024","","AI-SERVICE","AI-SERVICE",""
"","2","TMPMATCH1.04","","Mon Nov 04 00:43:38 GMT 2024","passed","Mon Nov 04 00:43:38 GMT 2024","","ANTI-REGRESSION","ANTI-REGRESSION",""
"","2","PROB-DEP-TYPES.04","","Mon Nov 04 01:03:54 GMT 2024","passed","Mon Nov 04 01:03:54 GMT 2024","","PROB-DEP-TYPES","PROB-DEP-TYPES",""
"","135","TEST-SPO-5000.01","","Mon Nov 04 00:44:11 GMT 2024","passed","Mon Nov 04 00:44:11 GMT 2024","","METTA-WAM-ISSUE-116","METTA-WAM-ISSUE-116",""
"","2","MATCH-VOID.02","","Mon Nov 04 00:41:36 GMT 2024","passed","Mon Nov 04 00:41:36 GMT 2024","","METTA-MORPH-TESTS","METTA-MORPH-TESTS",""
"","2","BACKWARD-CHAINER-XP.38","","Mon Nov 04 01:15:59 GMT 2024","passed","Mon Nov 04 01:15:59 GMT 2024","","BACKWARD-CHAINER","BACKWARD-CHAINER",""
"","2","HIGHER-ORDER-FUNCS.04","","Mon Nov 04 00:53:44 GMT 2024","passed","Mon Nov 04 00:53:44 GMT 2024","","STD","STD",""
"","5000","metta-morph_tests.minnars","","Mon Nov 04 00:36:03 GMT 2024","passed","Mon Nov 04 00:36:08 GMT 2024","","WHOLE-TESTS","WHOLE-TESTS",""
"","2","D4-TYPE-PROP.23","","Mon Nov 04 01:12:10 GMT 2024","passed","Mon Nov 04 01:12:10 GMT 2024","","CHECK-TYPES","CHECK-TYPES",""
"","70","F1-IMPORTS.18","","Mon Nov 04 00:36:07 GMT 2024","passed","Mon Nov 04 00:36:07 GMT 2024","","HYPERON-EXPERIMENTAL-SCRIPTS","HYPERON-EXPERIMENTAL-SCRIPTS",""
"","367","IBC-XP.15","","Mon Nov 04 01:22:13 GMT 2024","passed","Mon Nov 04 01:22:13 GMT 2024","","ITERATIVE-CHAINING","ITERATIVE-CHAINING",""
"","3","INTERSECTION-TESTS.20","","Mon Nov 04 00:37:43 GMT 2024","passed","Mon Nov 04 00:37:43 GMT 2024","","HYPERON-METTALOG-SANITY","HYPERON-METTALOG-SANITY",""
"","2","ADD-REMOVE-MATCH-INTEGER.32","","Mon Nov 04 00:53:03 GMT 2024","passed","Mon Nov 04 00:53:03 GMT 2024","","SPACES","SPACES",""
"","2","INF-CTL-XP.06","","Mon Nov 04 01:20:12 GMT 2024","passed","Mon Nov 04 01:20:12 GMT 2024","","INFERENCE-CONTROL","INFERENCE-CONTROL",""
"","2","HYPERPOSING.10","","Mon Nov 04 01:57:54 GMT 2024","passed","Mon Nov 04 01:57:54 GMT 2024","","BASIC","BASIC",""
"","2","ADD-REMOVE-MATCH-MIX-FLOAT-INTEGER.11","","Mon Nov 04 00:53:03 GMT 2024","passed","Mon Nov 04 00:53:03 GMT 2024","","SPACES","SPACES",""
"","3","NILS-IF-CONTROL-TEST-3.01","","Mon Nov 04 02:04:14 GMT 2024","passed","Mon Nov 04 02:04:14 GMT 2024","","COMPARISONS","COMPARISONS",""
"","2","F1-MODULEA.07","","Mon Nov 04 00:45:46 GMT 2024","passed","Mon Nov 04 00:45:46 GMT 2024","","QUICK","QUICK",""
"","3","IMPLICATIONDIRECTINTRODUCTIONDTLTEST.08","","Mon Nov 04 01:14:52 GMT 2024","passed","Mon Nov 04 01:14:52 GMT 2024","","DEPENDENT-TYPES","DEPENDENT-TYPES",""
"","2","IBC-XP.21","","Mon Nov 04 01:22:13 GMT 2024","passed","Mon Nov 04 01:22:13 GMT 2024","","ITERATIVE-CHAINING","ITERATIVE-CHAINING",""
"","3","XOR-TEST.05","","Mon Nov 04 00:37:43 GMT 2024","passed","Mon Nov 04 00:37:43 GMT 2024","","HYPERON-METTALOG-SANITY","HYPERON-METTALOG-SANITY",""
"","81","00-LANG-CASE.07","","Mon Nov 04 00:37:43 GMT 2024","passed","Mon Nov 04 00:37:43 GMT 2024","","HYPERON-METTALOG-SANITY","HYPERON-METTALOG-SANITY",""
"","5000","edges-to-edges.nte","","Mon Nov 04 00:36:03 GMT 2024","passed","Mon Nov 04 00:36:08 GMT 2024","","WHOLE-TESTS","WHOLE-TESTS",""
"","2","B5-TYPES-PRELIM.06","","Mon Nov 04 00:36:07 GMT 2024","passed","Mon Nov 04 00:36:07 GMT 2024","","HYPERON-EXPERIMENTAL-SCRIPTS","HYPERON-EXPERIMENTAL-SCRIPTS",""
"","2","D2-HIGHERFUNC.13","","Mon Nov 04 00:36:07 GMT 2024","passed","Mon Nov 04 00:36:07 GMT 2024","","HYPERON-EXPERIMENTAL-SCRIPTS","HYPERON-EXPERIMENTAL-SCRIPTS",""
"","2","LISTTEST.13","","Mon Nov 04 01:16:14 GMT 2024","passed","Mon Nov 04 01:16:14 GMT 2024","","COMMON","COMMON",""
"","1","INF-CTL-MONTH-XP-SHORT-3.08","","Mon Nov 04 02:04:14 GMT 2024","passed","Mon Nov 04 02:04:14 GMT 2024","","COMPARISONS","COMPARISONS",""
"","2","STATE-TYPES.10","","Mon Nov 04 01:57:54 GMT 2024","passed","Mon Nov 04 01:57:54 GMT 2024","","BASIC","BASIC",""
"","5000","std.nondeterm","","Mon Nov 04 00:36:03 GMT 2024","passed","Mon Nov 04 00:36:08 GMT 2024","","WHOLE-TESTS","WHOLE-TESTS",""
"","2","ADD-REMOVE-MATCH-S-STRINGS.06","","Mon Nov 04 00:53:03 GMT 2024","passed","Mon Nov 04 00:53:03 GMT 2024","","SPACES","SPACES",""
"","2882","GENE-QUERY.02","","Mon Nov 04 01:11:42 GMT 2024","failed","Mon Nov 04 01:11:44 GMT 2024","","QUERY","QUERY",""
"","217","PROB-DEP-TYPES.12","","Mon Nov 04 01:03:54 GMT 2024","passed","Mon Nov 04 01:03:54 GMT 2024","","PROB-DEP-TYPES","PROB-DEP-TYPES",""
"","2","B5-TYPES-PRELIM.20","","Mon Nov 04 01:11:50 GMT 2024","passed","Mon Nov 04 01:11:50 GMT 2024","","CHECK-TYPES-TEMP","CHECK-TYPES-TEMP",""
"","2","F1-MODULEA.01","","Mon Nov 04 00:36:07 GMT 2024","passed","Mon Nov 04 00:36:07 GMT 2024","","HYPERON-EXPERIMENTAL-SCRIPTS","HYPERON-EXPERIMENTAL-SCRIPTS",""
"","4000","spaces.add-remove-match-s-strings","","Mon Nov 04 00:36:03 GMT 2024","passed","Mon Nov 04 00:36:07 GMT 2024","","WHOLE-TESTS","WHOLE-TESTS",""
"","2","ADD-REMOVE-MATCH-SYMBOLS.09","","Mon Nov 04 00:53:03 GMT 2024","passed","Mon Nov 04 00:53:03 GMT 2024","","SPACES","SPACES",""
"","4000","transpiler.let_superpose_list","","Mon Nov 04 00:36:03 GMT 2024","passed","Mon Nov 04 00:36:07 GMT 2024","","WHOLE-TESTS","WHOLE-TESTS",""
"","2","ADD-REMOVE-MATCH-SS-STRINGS.01","","Mon Nov 04 00:53:03 GMT 2024","passed","Mon Nov 04 00:53:03 GMT 2024","","SPACES","SPACES",""
"","40000","dependent-types.MinerDTL2Test","","Mon Nov 04 00:36:03 GMT 2024","failed","Mon Nov 04 00:36:43 GMT 2024","","WHOLE-TESTS","WHOLE-TESTS",""
"","2","BC-XP.14","","Mon Nov 04 01:16:05 GMT 2024","passed","Mon Nov 04 01:16:05 GMT 2024","","BACKWARD-CHAINING","BACKWARD-CHAINING",""
"","2","DEDUCTIONFORMULATEST.07","","Mon Nov 04 01:16:38 GMT 2024","passed","Mon Nov 04 01:16:38 GMT 2024","","FORMULA","FORMULA",""
"","3","ADD-REMOVE-MATCH-S-SYMBOLS.09","","Mon Nov 04 00:53:03 GMT 2024","passed","Mon Nov 04 00:53:03 GMT 2024","","SPACES","SPACES",""
"","2","IS-SPACE.02","","Mon Nov 04 00:37:43 GMT 2024","passed","Mon Nov 04 00:37:43 GMT 2024","","HYPERON-METTALOG-SANITY","HYPERON-METTALOG-SANITY",""
"","290","QUERIES.06","","Mon Nov 04 01:08:27 GMT 2024","passed","Mon Nov 04 01:08:27 GMT 2024","","STRIPS-TO-METTA-IMPROVED","STRIPS-TO-METTA-IMPROVED",""
"","58","NATSTANDALONETEST.15","","Mon Nov 04 01:19:01 GMT 2024","failed","Mon Nov 04 01:19:01 GMT 2024","","HOL","HOL",""
"","404","SYNTHESIZE-VIA-CASE-TEST.01","","Mon Nov 04 01:26:50 GMT 2024","failed","Mon Nov 04 01:26:50 GMT 2024","","EXPERIMENTS","EXPERIMENTS",""
"","15000","anti-regression.debug_mettalogTestCurried","","Mon Nov 04 00:36:03 GMT 2024","failed","Mon Nov 04 00:36:18 GMT 2024","","WHOLE-TESTS","WHOLE-TESTS",""
"","1","DEBUG-METTALOGTESTCURRIED.02","","Mon Nov 04 01:49:17 GMT 2024","passed","Mon Nov 04 01:49:17 GMT 2024","","WALK-THRU","WALK-THRU",""
"","3","TYPES-PRELIM.01","","Mon Nov 04 00:50:44 GMT 2024","passed","Mon Nov 04 00:50:44 GMT 2024","","CHAINING","CHAINING",""
"","6","TRUTHVALUETEST.05","","Mon Nov 04 01:16:43 GMT 2024","passed","Mon Nov 04 01:16:43 GMT 2024","","TRUTHVALUE","TRUTHVALUE",""
"","15","TEST-INFER-FUNCTION-APPLICATION-TYPE.08","","Mon Nov 04 01:57:54 GMT 2024","failed","Mon Nov 04 01:57:54 GMT 2024","","BASIC","BASIC",""
"","2","LET-SUPERPOSE-IF-CASE.02","","Mon Nov 04 01:48:50 GMT 2024","passed","Mon Nov 04 01:48:50 GMT 2024","","TRANSPILER","TRANSPILER",""
"","2","ORDEREDSETTEST.05","","Mon Nov 04 01:16:14 GMT 2024","passed","Mon Nov 04 01:16:14 GMT 2024","","COMMON","COMMON",""
"","2","UNIQUE-TEST.04","","Mon Nov 04 00:37:43 GMT 2024","passed","Mon Nov 04 00:37:43 GMT 2024","","HYPERON-METTALOG-SANITY","HYPERON-METTALOG-SANITY",""
"","9","D2-HIGHERFUNC.20","","Mon Nov 04 00:36:07 GMT 2024","passed","Mon Nov 04 00:36:07 GMT 2024","","HYPERON-EXPERIMENTAL-SCRIPTS","HYPERON-EXPERIMENTAL-SCRIPTS",""
"","3","EVIDENTIALTRUTHVALUETEST.01","","Mon Nov 04 01:16:43 GMT 2024","passed","Mon Nov 04 01:16:43 GMT 2024","","TRUTHVALUE","TRUTHVALUE",""
"","70","INF-CTL-MONTH-XP.12","","Mon Nov 04 01:20:12 GMT 2024","failed","Mon Nov 04 01:20:12 GMT 2024","","INFERENCE-CONTROL","INFERENCE-CONTROL",""
"","3","MATCH-VOID.08","","Mon Nov 04 00:41:36 GMT 2024","passed","Mon Nov 04 00:41:36 GMT 2024","","METTA-MORPH-TESTS","METTA-MORPH-TESTS",""
"","3","GADT.01","","Mon Nov 04 00:53:44 GMT 2024","passed","Mon Nov 04 00:53:44 GMT 2024","","STD","STD",""
"","1591","SYNTHESIZE-VIA-CASE-TEST.11","","Mon Nov 04 01:26:50 GMT 2024","failed","Mon Nov 04 01:26:51 GMT 2024","","EXPERIMENTS","EXPERIMENTS",""
"","151","ADD-REMOVE-MATCH-MIX-FLOAT-INTEGER.25","","Mon Nov 04 00:53:03 GMT 2024","failed","Mon Nov 04 00:53:03 GMT 2024","","SPACES","SPACES",""
"","64","E2-STATES.07","","Mon Nov 04 00:36:07 GMT 2024","failed","Mon Nov 04 00:36:07 GMT 2024","","HYPERON-EXPERIMENTAL-SCRIPTS","HYPERON-EXPERIMENTAL-SCRIPTS",""
"","141","SHOW-TYPE.07","","Mon Nov 04 00:52:48 GMT 2024","failed","Mon Nov 04 00:52:48 GMT 2024","","INTROSPECT","INTROSPECT",""
"","2","CHAPTER-2-2.04","","Mon Nov 04 00:55:17 GMT 2024","passed","Mon Nov 04 00:55:17 GMT 2024","","SICP-BOOK","SICP-BOOK",""
"","2","OR-TEST.10","","Mon Nov 04 00:37:43 GMT 2024","passed","Mon Nov 04 00:37:43 GMT 2024","","HYPERON-METTALOG-SANITY","HYPERON-METTALOG-SANITY",""
"","2","F1-MODULEA.01","","Mon Nov 04 00:45:46 GMT 2024","passed","Mon Nov 04 00:45:46 GMT 2024","","QUICK","QUICK",""
"","6000","main-branch.nalifier_Prev","","Mon Nov 04 00:36:03 GMT 2024","passed","Mon Nov 04 00:36:09 GMT 2024","","WHOLE-TESTS","WHOLE-TESTS",""
"","40000","ai-service.ai-service-composition-hard","","Mon Nov 04 00:36:03 GMT 2024","failed","Mon Nov 04 00:36:43 GMT 2024","","WHOLE-TESTS","WHOLE-TESTS",""
"","3","F1-IMPORTS.01","","Mon Nov 04 00:35:58 GMT 2024","passed","Mon Nov 04 00:35:58 GMT 2024","","MODULE-SYSTEM","MODULE-SYSTEM",""
"","2","ADD-REMOVE-MATCH-INTEGER.13","","Mon Nov 04 00:53:03 GMT 2024","passed","Mon Nov 04 00:53:03 GMT 2024","","SPACES","SPACES",""
"","2","TRUTHVALUETEST.06","","Mon Nov 04 01:16:43 GMT 2024","passed","Mon Nov 04 01:16:43 GMT 2024","","TRUTHVALUE","TRUTHVALUE",""
"","35","INF-CTL-MONTH-XP.11","","Mon Nov 04 01:20:12 GMT 2024","failed","Mon Nov 04 01:20:12 GMT 2024","","INFERENCE-CONTROL","INFERENCE-CONTROL",""
"","2","00A-LANG-COMPILED-CASE.05","","Mon Nov 04 01:47:48 GMT 2024","passed","Mon Nov 04 01:47:48 GMT 2024","","DIRECT-COMP","DIRECT-COMP",""
"","5000","located.located-test","","Mon Nov 04 00:36:03 GMT 2024","passed","Mon Nov 04 00:36:08 GMT 2024","","WHOLE-TESTS","WHOLE-TESTS",""
"","232","SYNTHESIZE-VIA-UNIFY-TEST.04","","Mon Nov 04 01:26:50 GMT 2024","failed","Mon Nov 04 01:26:50 GMT 2024","","EXPERIMENTS","EXPERIMENTS",""
"","3","STATE-TYPES.20","","Mon Nov 04 01:57:54 GMT 2024","passed","Mon Nov 04 01:57:54 GMT 2024","","BASIC","BASIC",""
"","3","ADD-REMOVE-MATCH-SS-STRINGS.09","","Mon Nov 04 00:53:03 GMT 2024","passed","Mon Nov 04 00:53:03 GMT 2024","","SPACES","SPACES",""
"","1","01-LANG-INC.02","","Mon Nov 04 00:37:43 GMT 2024","passed","Mon Nov 04 00:37:43 GMT 2024","","HYPERON-METTALOG-SANITY","HYPERON-METTALOG-SANITY",""
"","274","SELF-CONTAINED-SYNTHESIZE.10","","Mon Nov 04 01:26:50 GMT 2024","failed","Mon Nov 04 01:26:50 GMT 2024","","EXPERIMENTS","EXPERIMENTS",""
"","4000","basic.hyperposing-shared","","Mon Nov 04 00:36:03 GMT 2024","passed","Mon Nov 04 00:36:07 GMT 2024","","WHOLE-TESTS","WHOLE-TESTS",""
"","3","CHAPTER-2-4.01","","Mon Nov 04 00:55:17 GMT 2024","passed","Mon Nov 04 00:55:17 GMT 2024","","SICP-BOOK","SICP-BOOK",""
"","3","01-LANG-INC.01","","Mon Nov 04 00:37:43 GMT 2024","passed","Mon Nov 04 00:37:43 GMT 2024","","HYPERON-METTALOG-SANITY","HYPERON-METTALOG-SANITY",""
"","2","ADD-REMOVE-MATCH-FLOAT.10","","Mon Nov 04 00:53:03 GMT 2024","passed","Mon Nov 04 00:53:03 GMT 2024","","SPACES","SPACES",""
"","3","E1-KB-WRITE.01","","Mon Nov 04 00:36:07 GMT 2024","passed","Mon Nov 04 00:36:07 GMT 2024","","HYPERON-EXPERIMENTAL-SCRIPTS","HYPERON-EXPERIMENTAL-SCRIPTS",""
"","2","06-MATCH-IN-SPACE.05","","Mon Nov 04 00:37:43 GMT 2024","passed","Mon Nov 04 00:37:43 GMT 2024","","HYPERON-METTALOG-SANITY","HYPERON-METTALOG-SANITY",""
"","2","DEDUCTIONIMPLICATIONDIRECTINTRODUCTIONDTLTEST.01","","Mon Nov 04 01:14:52 GMT 2024","passed","Mon Nov 04 01:14:52 GMT 2024","","DEPENDENT-TYPES","DEPENDENT-TYPES",""
"","2","D2-HIGHERFUNC.02","","Mon Nov 04 00:36:07 GMT 2024","passed","Mon Nov 04 00:36:07 GMT 2024","","HYPERON-EXPERIMENTAL-SCRIPTS","HYPERON-EXPERIMENTAL-SCRIPTS",""
"","10","METTALOGTESTCURRIED2.07","","Mon Nov 04 00:43:38 GMT 2024","passed","Mon Nov 04 00:43:38 GMT 2024","","ANTI-REGRESSION","ANTI-REGRESSION",""
"","2","FORWARD-CHAINER-XP.07","","Mon Nov 04 01:18:45 GMT 2024","passed","Mon Nov 04 01:18:45 GMT 2024","","FORWARD-CHAINER","FORWARD-CHAINER",""
"","2","TEST-IF-CLOSED.07","","Mon Nov 04 01:49:17 GMT 2024","passed","Mon Nov 04 01:49:17 GMT 2024","","WALK-THRU","WALK-THRU",""
"","2","06-MATCH-IN-SPACE.02","","Mon Nov 04 00:37:43 GMT 2024","passed","Mon Nov 04 00:37:43 GMT 2024","","HYPERON-METTALOG-SANITY","HYPERON-METTALOG-SANITY",""
"","4","00A-LANG-COMPILED-CASE.12","","Mon Nov 04 01:47:48 GMT 2024","passed","Mon Nov 04 01:47:48 GMT 2024","","DIRECT-COMP","DIRECT-COMP",""
"","2","SPACE-SUBTRACTION-TESTS.01","","Mon Nov 04 00:37:43 GMT 2024","passed","Mon Nov 04 00:37:43 GMT 2024","","HYPERON-METTALOG-SANITY","HYPERON-METTALOG-SANITY",""
"","45000","current.tests4","","Mon Nov 04 00:36:03 GMT 2024","failed","Mon Nov 04 00:36:48 GMT 2024","","WHOLE-TESTS","WHOLE-TESTS",""
"","3","BC-XP.29","","Mon Nov 04 01:16:05 GMT 2024","passed","Mon Nov 04 01:16:05 GMT 2024","","BACKWARD-CHAINING","BACKWARD-CHAINING",""
"","1","TYPE-PROP.04","","Mon Nov 04 00:50:44 GMT 2024","passed","Mon Nov 04 00:50:44 GMT 2024","","CHAINING","CHAINING",""
"","2","CML-UNSHARED.07","","Mon Nov 04 01:57:54 GMT 2024","passed","Mon Nov 04 01:57:54 GMT 2024","","BASIC","BASIC",""
"","56","D5-AUTO-TYPES.01","","Mon Nov 04 00:36:07 GMT 2024","failed","Mon Nov 04 00:36:07 GMT 2024","","HYPERON-EXPERIMENTAL-SCRIPTS","HYPERON-EXPERIMENTAL-SCRIPTS",""
"","2","TYPE-PROP.65","","Mon Nov 04 01:11:50 GMT 2024","passed","Mon Nov 04 01:11:50 GMT 2024","","CHECK-TYPES-TEMP","CHECK-TYPES-TEMP",""
"","2","CHAPTER-2-4.16","","Mon Nov 04 00:55:17 GMT 2024","passed","Mon Nov 04 00:55:17 GMT 2024","","SICP-BOOK","SICP-BOOK",""
"","7000","hol.NatParityTest","","Mon Nov 04 00:36:03 GMT 2024","passed","Mon Nov 04 00:36:10 GMT 2024","","WHOLE-TESTS","WHOLE-TESTS",""
"","3","BACKWARD-CHAINER-XP.29","","Mon Nov 04 01:15:59 GMT 2024","passed","Mon Nov 04 01:15:59 GMT 2024","","BACKWARD-CHAINER","BACKWARD-CHAINER",""
"","3","IFC-XP.22","","Mon Nov 04 01:22:13 GMT 2024","passed","Mon Nov 04 01:22:13 GMT 2024","","ITERATIVE-CHAINING","ITERATIVE-CHAINING",""
"","2","ADD-REMOVE-MATCH-STRINGS.05","","Mon Nov 04 00:53:03 GMT 2024","passed","Mon Nov 04 00:53:03 GMT 2024","","SPACES","SPACES",""
"","2","TYPE-PROP.27","","Mon Nov 04 01:11:50 GMT 2024","passed","Mon Nov 04 01:11:50 GMT 2024","","CHECK-TYPES-TEMP","CHECK-TYPES-TEMP",""
"","2","STATE-TYPES.16","","Mon Nov 04 01:57:54 GMT 2024","passed","Mon Nov 04 01:57:54 GMT 2024","","BASIC","BASIC",""
"","2","STDLIB-METTALOG-TEST-PT2.29","","Mon Nov 04 00:55:08 GMT 2024","passed","Mon Nov 04 00:55:08 GMT 2024","","STDLIB-METTALOG","STDLIB-METTALOG",""
"","3","B5-TYPES-PRELIM.01","","Mon Nov 04 01:11:50 GMT 2024","passed","Mon Nov 04 01:11:50 GMT 2024","","CHECK-TYPES-TEMP","CHECK-TYPES-TEMP",""
"","2","PREREQS.03","","Mon Nov 04 00:46:15 GMT 2024","passed","Mon Nov 04 00:46:15 GMT 2024","","MAIN-BRANCH","MAIN-BRANCH",""
"","2","C2-SPACES.02","","Mon Nov 04 00:35:58 GMT 2024","passed","Mon Nov 04 00:35:58 GMT 2024","","MODULE-SYSTEM","MODULE-SYSTEM",""
"","3","FC-XP.19","","Mon Nov 04 01:18:55 GMT 2024","passed","Mon Nov 04 01:18:55 GMT 2024","","FORWARD-CHAINING","FORWARD-CHAINING",""
"","4000","traverser.creation","","Mon Nov 04 00:36:03 GMT 2024","passed","Mon Nov 04 00:36:07 GMT 2024","","WHOLE-TESTS","WHOLE-TESTS",""
"","2","HYPERPOSING-UNSHARED.09","","Mon Nov 04 01:57:54 GMT 2024","passed","Mon Nov 04 01:57:54 GMT 2024","","BASIC","BASIC",""
"","4000","transpiler.match_feval","","Mon Nov 04 00:36:03 GMT 2024","passed","Mon Nov 04 00:36:07 GMT 2024","","WHOLE-TESTS","WHOLE-TESTS",""
"","7","GENE-PLN-XP.01","","Mon Nov 04 01:11:37 GMT 2024","passed","Mon Nov 04 01:11:37 GMT 2024","","PLN","PLN",""
"","1","B5-TYPES-PRELIM.19","","Mon Nov 04 00:36:07 GMT 2024","passed","Mon Nov 04 00:36:07 GMT 2024","","HYPERON-EXPERIMENTAL-SCRIPTS","HYPERON-EXPERIMENTAL-SCRIPTS",""
"","2","INF-CTL-MONTH-BC-CONT-XP.08","","Mon Nov 04 01:20:12 GMT 2024","passed","Mon Nov 04 01:20:12 GMT 2024","","INFERENCE-CONTROL","INFERENCE-CONTROL",""
"","5000","multidirectional.obif","","Mon Nov 04 00:36:03 GMT 2024","passed","Mon Nov 04 00:36:08 GMT 2024","","WHOLE-TESTS","WHOLE-TESTS",""
"","2","D2-HIGHERFUNC.05","","Mon Nov 04 00:45:46 GMT 2024","passed","Mon Nov 04 00:45:46 GMT 2024","","QUICK","QUICK",""
"","2","LET-SUPERPOSE-LIST.02","","Mon Nov 04 00:41:36 GMT 2024","passed","Mon Nov 04 00:41:36 GMT 2024","","METTA-MORPH-TESTS","METTA-MORPH-TESTS",""
"","20","CHAPTER-1-3.04","","Mon Nov 04 00:55:17 GMT 2024","passed","Mon Nov 04 00:55:17 GMT 2024","","SICP-BOOK","SICP-BOOK",""
"","1","D4-TYPE-PROP.14","","Mon Nov 04 00:45:46 GMT 2024","passed","Mon Nov 04 00:45:46 GMT 2024","","QUICK","QUICK",""
"","2","ZEROARGS.02","","Mon Nov 04 00:41:36 GMT 2024","passed","Mon Nov 04 00:41:36 GMT 2024","","METTA-MORPH-TESTS","METTA-MORPH-TESTS",""
"","5000","walk_thru.bchain","","Mon Nov 04 00:36:03 GMT 2024","passed","Mon Nov 04 00:36:08 GMT 2024","","WHOLE-TESTS","WHOLE-TESTS",""
"","2","TYPE-PROP.26","","Mon Nov 04 01:11:50 GMT 2024","passed","Mon Nov 04 01:11:50 GMT 2024","","CHECK-TYPES-TEMP","CHECK-TYPES-TEMP",""
"","2","DEBUG-METTALOGTESTCURRIED.11","","Mon Nov 04 01:49:17 GMT 2024","passed","Mon Nov 04 01:49:17 GMT 2024","","WALK-THRU","WALK-THRU",""
"","2","LISTTEST.08","","Mon Nov 04 01:16:14 GMT 2024","passed","Mon Nov 04 01:16:14 GMT 2024","","COMMON","COMMON",""
"","4","IFC-XP.41","","Mon Nov 04 01:22:13 GMT 2024","passed","Mon Nov 04 01:22:13 GMT 2024","","ITERATIVE-CHAINING","ITERATIVE-CHAINING",""
"","3","D3-DEPTYPES.05","","Mon Nov 04 01:12:10 GMT 2024","passed","Mon Nov 04 01:12:10 GMT 2024","","CHECK-TYPES","CHECK-TYPES",""
"","2","SPACE-INTERSECTION-TESTS.01","","Mon Nov 04 00:37:43 GMT 2024","passed","Mon Nov 04 00:37:43 GMT 2024","","HYPERON-METTALOG-SANITY","HYPERON-METTALOG-SANITY",""
"","254","SYNTHESIZE-VIA-CASE-TEST.09","","Mon Nov 04 01:26:50 GMT 2024","failed","Mon Nov 04 01:26:50 GMT 2024","","EXPERIMENTS","EXPERIMENTS",""
"","2","INTERSECTION-TESTS.15","","Mon Nov 04 00:37:43 GMT 2024","passed","Mon Nov 04 00:37:43 GMT 2024","","HYPERON-METTALOG-SANITY","HYPERON-METTALOG-SANITY",""
"","1739","TESTS5.03","","Mon Nov 04 00:46:15 GMT 2024","failed","Mon Nov 04 00:46:16 GMT 2024","","MAIN-BRANCH","MAIN-BRANCH",""
"","4000","check_types-temp.b5_types_prelim","","Mon Nov 04 00:36:03 GMT 2024","passed","Mon Nov 04 00:36:07 GMT 2024","","WHOLE-TESTS","WHOLE-TESTS",""
"","4000","truthvalue.TruthValueTest","","Mon Nov 04 00:36:03 GMT 2024","passed","Mon Nov 04 00:36:07 GMT 2024","","WHOLE-TESTS","WHOLE-TESTS",""
"","413","MODUSPONENSDTLTEST.03","","Mon Nov 04 01:14:52 GMT 2024","failed","Mon Nov 04 01:14:52 GMT 2024","","DEPENDENT-TYPES","DEPENDENT-TYPES",""
"","3","IOIOIOI.01","","Mon Nov 04 01:55:33 GMT 2024","passed","Mon Nov 04 01:55:33 GMT 2024","","MULTIDIRECTIONAL","MULTIDIRECTIONAL",""
"","2","TMPMATCH2.04","","Mon Nov 04 00:43:38 GMT 2024","passed","Mon Nov 04 00:43:38 GMT 2024","","ANTI-REGRESSION","ANTI-REGRESSION",""
"","504","TESTS0.02","","Mon Nov 04 00:46:15 GMT 2024","failed","Mon Nov 04 00:46:15 GMT 2024","","MAIN-BRANCH","MAIN-BRANCH",""
"","15000","anti-regression.mettalogTestCurried","","Mon Nov 04 00:36:03 GMT 2024","failed","Mon Nov 04 00:36:18 GMT 2024","","WHOLE-TESTS","WHOLE-TESTS",""
"","3","B5-TYPES-PRELIM.07","","Mon Nov 04 00:36:07 GMT 2024","passed","Mon Nov 04 00:36:07 GMT 2024","","HYPERON-EXPERIMENTAL-SCRIPTS","HYPERON-EXPERIMENTAL-SCRIPTS",""
"","2","QUERIES.15","","Mon Nov 04 01:08:27 GMT 2024","passed","Mon Nov 04 01:08:27 GMT 2024","","STRIPS-TO-METTA-IMPROVED","STRIPS-TO-METTA-IMPROVED",""
"","2","TESTS5.08","","Mon Nov 04 00:46:15 GMT 2024","passed","Mon Nov 04 00:46:15 GMT 2024","","MAIN-BRANCH","MAIN-BRANCH",""
"","5000","hyperon-experimental_scripts.d2_higherfunc","","Mon Nov 04 00:36:03 GMT 2024","passed","Mon Nov 04 00:36:08 GMT 2024","","WHOLE-TESTS","WHOLE-TESTS",""
"","2","D4-TYPE-PROP.06","","Mon Nov 04 00:45:46 GMT 2024","passed","Mon Nov 04 00:45:46 GMT 2024","","QUICK","QUICK",""
"","50","INF-CTL-MONTH-BC-CONT-XP.21","","Mon Nov 04 01:20:12 GMT 2024","failed","Mon Nov 04 01:20:12 GMT 2024","","INFERENCE-CONTROL","INFERENCE-CONTROL",""
"","2","E2-STATES.04","","Mon Nov 04 01:12:10 GMT 2024","passed","Mon Nov 04 01:12:10 GMT 2024","","CHECK-TYPES","CHECK-TYPES",""
"","2","B3-DIRECT.03","","Mon Nov 04 00:36:07 GMT 2024","passed","Mon Nov 04 00:36:07 GMT 2024","","HYPERON-EXPERIMENTAL-SCRIPTS","HYPERON-EXPERIMENTAL-SCRIPTS",""
"","139","TESTS0.01","","Mon Nov 04 01:43:55 GMT 2024","passed","Mon Nov 04 01:43:55 GMT 2024","","PREV","PREV",""
"","3","IFC-XP.35","","Mon Nov 04 01:22:13 GMT 2024","passed","Mon Nov 04 01:22:13 GMT 2024","","ITERATIVE-CHAINING","ITERATIVE-CHAINING",""
"","3","INF-CTL-MONTH-XP-SHORT-3.01","","Mon Nov 04 02:04:14 GMT 2024","passed","Mon Nov 04 02:04:14 GMT 2024","","COMPARISONS","COMPARISONS",""
"","3","MATCH-SUPERPOSED-SPACES.01","","Mon Nov 04 00:41:36 GMT 2024","passed","Mon Nov 04 00:41:36 GMT 2024","","METTA-MORPH-TESTS","METTA-MORPH-TESTS",""
"","56","STDLIB-METTALOG-TEST-PT2.11","","Mon Nov 04 00:55:08 GMT 2024","failed","Mon Nov 04 00:55:08 GMT 2024","","STDLIB-METTALOG","STDLIB-METTALOG",""
"","2","ADD-REMOVE-MATCH-SYMBOLS.05","","Mon Nov 04 00:53:03 GMT 2024","passed","Mon Nov 04 00:53:03 GMT 2024","","SPACES","SPACES",""
"","4000","pln.gene-pln-xp","","Mon Nov 04 00:36:03 GMT 2024","passed","Mon Nov 04 00:36:07 GMT 2024","","WHOLE-TESTS","WHOLE-TESTS",""
"","3","SUBTRACTION-TEST.04","","Mon Nov 04 00:37:43 GMT 2024","passed","Mon Nov 04 00:37:43 GMT 2024","","HYPERON-METTALOG-SANITY","HYPERON-METTALOG-SANITY",""
"","2","PC-XP.02","","Mon Nov 04 01:24:57 GMT 2024","passed","Mon Nov 04 01:24:57 GMT 2024","","POLYWARD-CHAINING","POLYWARD-CHAINING",""
"","2","MATCH-VOID.10","","Mon Nov 04 00:41:36 GMT 2024","passed","Mon Nov 04 00:41:36 GMT 2024","","METTA-MORPH-TESTS","METTA-MORPH-TESTS",""
"","32","IMPL-METTALOGTESTCURRIED.07","","Mon Nov 04 01:49:17 GMT 2024","passed","Mon Nov 04 01:49:17 GMT 2024","","WALK-THRU","WALK-THRU",""
"","2","BASIC.08","","Mon Nov 04 01:09:08 GMT 2024","passed","Mon Nov 04 01:09:08 GMT 2024","","TRAVERSER","TRAVERSER",""
"","2","D2-HIGHERFUNC.19","","Mon Nov 04 01:12:10 GMT 2024","passed","Mon Nov 04 01:12:10 GMT 2024","","CHECK-TYPES","CHECK-TYPES",""
"","3","ADD-REMOVE-MATCH-INTEGER.01","","Mon Nov 04 00:53:03 GMT 2024","passed","Mon Nov 04 00:53:03 GMT 2024","","SPACES","SPACES",""
"","2","TESTS1-PRE.01","","Mon Nov 04 00:46:15 GMT 2024","passed","Mon Nov 04 00:46:15 GMT 2024","","MAIN-BRANCH","MAIN-BRANCH",""
"","5000","metta-morph_tests.tests0","","Mon Nov 04 00:36:03 GMT 2024","passed","Mon Nov 04 00:36:08 GMT 2024","","WHOLE-TESTS","WHOLE-TESTS",""
"","1","INF-CTL-MONTH-XP-SHORT-3.14","","Mon Nov 04 02:04:14 GMT 2024","passed","Mon Nov 04 02:04:14 GMT 2024","","COMPARISONS","COMPARISONS",""
"","4000","loop-checks.06_loop_0","","Mon Nov 04 00:36:03 GMT 2024","passed","Mon Nov 04 00:36:07 GMT 2024","","WHOLE-TESTS","WHOLE-TESTS",""
"","49","DEDUCTIONIMPLICATIONDIRECTINTRODUCTIONDTLTEST.03","","Mon Nov 04 01:14:52 GMT 2024","failed","Mon Nov 04 01:14:52 GMT 2024","","DEPENDENT-TYPES","DEPENDENT-TYPES",""
"","5000","bidirectional_computation.send-more","","Mon Nov 04 00:36:03 GMT 2024","passed","Mon Nov 04 00:36:08 GMT 2024","","WHOLE-TESTS","WHOLE-TESTS",""
"","2","F1-MODULEA.02","","Mon Nov 04 00:36:07 GMT 2024","passed","Mon Nov 04 00:36:07 GMT 2024","","HYPERON-EXPERIMENTAL-SCRIPTS","HYPERON-EXPERIMENTAL-SCRIPTS",""
"","235","CREATION.03","","Mon Nov 04 01:09:08 GMT 2024","failed","Mon Nov 04 01:09:08 GMT 2024","","TRAVERSER","TRAVERSER",""
"","983","TRAINING.04","","Mon Nov 04 02:10:27 GMT 2024","passed","Mon Nov 04 02:10:27 GMT 2024","","LANGUAGE-MODELS","LANGUAGE-MODELS",""
"","2","HYPERPOSING-UNSHARED.04","","Mon Nov 04 01:57:54 GMT 2024","passed","Mon Nov 04 01:57:54 GMT 2024","","BASIC","BASIC",""
"","2","E3-MATCH-STATES.01","","Mon Nov 04 00:36:07 GMT 2024","passed","Mon Nov 04 00:36:07 GMT 2024","","HYPERON-EXPERIMENTAL-SCRIPTS","HYPERON-EXPERIMENTAL-SCRIPTS",""
"","164","D4-TYPE-PROP.10","","Mon Nov 04 01:12:10 GMT 2024","failed","Mon Nov 04 01:12:10 GMT 2024","","CHECK-TYPES","CHECK-TYPES",""
"","2","TYPE-PROP.77","","Mon Nov 04 01:11:50 GMT 2024","passed","Mon Nov 04 01:11:50 GMT 2024","","CHECK-TYPES-TEMP","CHECK-TYPES-TEMP",""
"","4000","metta-morph_tests.states_spaces","","Mon Nov 04 00:36:03 GMT 2024","passed","Mon Nov 04 00:36:07 GMT 2024","","WHOLE-TESTS","WHOLE-TESTS",""
"","2","IBC-XP.01","","Mon Nov 04 01:22:13 GMT 2024","passed","Mon Nov 04 01:22:13 GMT 2024","","ITERATIVE-CHAINING","ITERATIVE-CHAINING",""
"","1158","RED-BLACK.03","","Mon Nov 04 01:07:30 GMT 2024","passed","Mon Nov 04 01:07:31 GMT 2024","","RED-BLACK-LAMBDA","RED-BLACK-LAMBDA",""
"","53","STDLIB-METTALOG-TEST-PT2.06","","Mon Nov 04 00:55:08 GMT 2024","failed","Mon Nov 04 00:55:08 GMT 2024","","STDLIB-METTALOG","STDLIB-METTALOG",""
"","813","NATSIMPLETEST.05","","Mon Nov 04 01:19:01 GMT 2024","passed","Mon Nov 04 01:19:01 GMT 2024","","HOL","HOL",""
"","2","IBC-XP.20","","Mon Nov 04 01:22:13 GMT 2024","passed","Mon Nov 04 01:22:13 GMT 2024","","ITERATIVE-CHAINING","ITERATIVE-CHAINING",""
"","2","CHAPTER-2-4.05","","Mon Nov 04 00:55:17 GMT 2024","passed","Mon Nov 04 00:55:17 GMT 2024","","SICP-BOOK","SICP-BOOK",""
"","93","NATTEST.02","","Mon Nov 04 01:19:01 GMT 2024","failed","Mon Nov 04 01:19:01 GMT 2024","","HOL","HOL",""
"","2","TYPES-PRELIM.10","","Mon Nov 04 00:50:44 GMT 2024","passed","Mon Nov 04 00:50:44 GMT 2024","","CHAINING","CHAINING",""
"","3","TESTS4.01","","Mon Nov 04 00:46:15 GMT 2024","passed","Mon Nov 04 00:46:15 GMT 2024","","MAIN-BRANCH","MAIN-BRANCH",""
"","2","C1-GROUNDED-BASIC.12","","Mon Nov 04 00:45:46 GMT 2024","passed","Mon Nov 04 00:45:46 GMT 2024","","QUICK","QUICK",""
"","2","IBC-XP.09","","Mon Nov 04 01:22:13 GMT 2024","passed","Mon Nov 04 01:22:13 GMT 2024","","ITERATIVE-CHAINING","ITERATIVE-CHAINING",""
"","5000","comparisons.inf-ctl-month-xp-short_5","","Mon Nov 04 00:36:03 GMT 2024","passed","Mon Nov 04 00:36:08 GMT 2024","","WHOLE-TESTS","WHOLE-TESTS",""
"","2","PC-XP.09","","Mon Nov 04 01:24:57 GMT 2024","passed","Mon Nov 04 01:24:57 GMT 2024","","POLYWARD-CHAINING","POLYWARD-CHAINING",""
"","58","NATSTANDALONETEST.12","","Mon Nov 04 01:19:01 GMT 2024","failed","Mon Nov 04 01:19:01 GMT 2024","","HOL","HOL",""
"","2","ADD-REMOVE-MATCH-INTEGER.15","","Mon Nov 04 00:53:03 GMT 2024","passed","Mon Nov 04 00:53:03 GMT 2024","","SPACES","SPACES",""
"","5000","std.lte","","Mon Nov 04 00:36:03 GMT 2024","passed","Mon Nov 04 00:36:08 GMT 2024","","WHOLE-TESTS","WHOLE-TESTS",""
"","2","B5-TYPES-PRELIM.04","","Mon Nov 04 00:36:07 GMT 2024","passed","Mon Nov 04 00:36:07 GMT 2024","","HYPERON-EXPERIMENTAL-SCRIPTS","HYPERON-EXPERIMENTAL-SCRIPTS",""
"","12","C1-GROUNDED-BASIC.23","","Mon Nov 04 00:36:07 GMT 2024","passed","Mon Nov 04 00:36:07 GMT 2024","","HYPERON-EXPERIMENTAL-SCRIPTS","HYPERON-EXPERIMENTAL-SCRIPTS",""
"","2","LTE.06","","Mon Nov 04 00:53:44 GMT 2024","passed","Mon Nov 04 00:53:44 GMT 2024","","STD","STD",""
"","3","FORWARD-CHAINER-XP.02","","Mon Nov 04 01:18:45 GMT 2024","passed","Mon Nov 04 01:18:45 GMT 2024","","FORWARD-CHAINER","FORWARD-CHAINER",""
"","2","CHAPTER-1-1.07","","Mon Nov 04 00:55:17 GMT 2024","passed","Mon Nov 04 00:55:17 GMT 2024","","SICP-BOOK","SICP-BOOK",""
"","2","C1-GROUNDED-BASIC.01","","Mon Nov 04 00:36:07 GMT 2024","passed","Mon Nov 04 00:36:07 GMT 2024","","HYPERON-EXPERIMENTAL-SCRIPTS","HYPERON-EXPERIMENTAL-SCRIPTS",""
"","11","TYPE-PROP.69","","Mon Nov 04 01:11:50 GMT 2024","failed","Mon Nov 04 01:11:50 GMT 2024","","CHECK-TYPES-TEMP","CHECK-TYPES-TEMP",""
"","2","UTILS-TEST.04","","Mon Nov 04 01:15:54 GMT 2024","passed","Mon Nov 04 01:15:54 GMT 2024","","UTILS","UTILS",""
"","1","BC-XP.03","","Mon Nov 04 00:50:44 GMT 2024","passed","Mon Nov 04 00:50:44 GMT 2024","","CHAINING","CHAINING",""
"","42","OBIF-CLP.03","","Mon Nov 04 01:55:33 GMT 2024","failed","Mon Nov 04 01:55:33 GMT 2024","","MULTIDIRECTIONAL","MULTIDIRECTIONAL",""
"","1661","SELF-CONTAINED-SYNTHESIZE.12","","Mon Nov 04 01:26:50 GMT 2024","failed","Mon Nov 04 01:26:51 GMT 2024","","EXPERIMENTS","EXPERIMENTS",""
"","2","CHAPTER-2-4.02","","Mon Nov 04 00:55:17 GMT 2024","passed","Mon Nov 04 00:55:17 GMT 2024","","SICP-BOOK","SICP-BOOK",""
"","86","PROB-DEP-TYPES.01","","Mon Nov 04 01:03:54 GMT 2024","passed","Mon Nov 04 01:03:54 GMT 2024","","PROB-DEP-TYPES","PROB-DEP-TYPES",""
"","4","TESTS0.03","","Mon Nov 04 01:36:06 GMT 2024","passed","Mon Nov 04 01:36:06 GMT 2024","","NARS-V0","NARS-V0",""
"","2","D4-TYPE-PROP.17","","Mon Nov 04 01:12:10 GMT 2024","passed","Mon Nov 04 01:12:10 GMT 2024","","CHECK-TYPES","CHECK-TYPES",""
"","2","ADD-ATOM-NAIVE-FIB.02","","Mon Nov 04 02:04:14 GMT 2024","passed","Mon Nov 04 02:04:14 GMT 2024","","COMPARISONS","COMPARISONS",""
"","3","BACKWARD-CHAINER-XP.43","","Mon Nov 04 01:15:59 GMT 2024","passed","Mon Nov 04 01:15:59 GMT 2024","","BACKWARD-CHAINER","BACKWARD-CHAINER",""
"","4","DEDUCTIONIMPLICATIONDIRECTINTRODUCTIONDTLTEST.02","","Mon Nov 04 01:14:52 GMT 2024","passed","Mon Nov 04 01:14:52 GMT 2024","","DEPENDENT-TYPES","DEPENDENT-TYPES",""
"","2","C1-GROUNDED-BASIC.02","","Mon Nov 04 00:36:07 GMT 2024","passed","Mon Nov 04 00:36:07 GMT 2024","","HYPERON-EXPERIMENTAL-SCRIPTS","HYPERON-EXPERIMENTAL-SCRIPTS",""
"","2","NATSTANDALONETEST.05","","Mon Nov 04 01:19:01 GMT 2024","passed","Mon Nov 04 01:19:01 GMT 2024","","HOL","HOL",""
"","45","PC-XP.01","","Mon Nov 04 01:24:57 GMT 2024","failed","Mon Nov 04 01:24:57 GMT 2024","","POLYWARD-CHAINING","POLYWARD-CHAINING",""
"","5000","experiments.synthesize-via-type-checking","","Mon Nov 04 00:36:03 GMT 2024","passed","Mon Nov 04 00:36:08 GMT 2024","","WHOLE-TESTS","WHOLE-TESTS",""
"","4000","check_types.d3_deptypes","","Mon Nov 04 00:36:03 GMT 2024","passed","Mon Nov 04 00:36:07 GMT 2024","","WHOLE-TESTS","WHOLE-TESTS",""
"","1","CHAPTER-1-1.10","","Mon Nov 04 00:55:17 GMT 2024","passed","Mon Nov 04 00:55:17 GMT 2024","","SICP-BOOK","SICP-BOOK",""
"","2","HYPERPOSING-UNSHARED.10","","Mon Nov 04 01:57:54 GMT 2024","passed","Mon Nov 04 01:57:54 GMT 2024","","BASIC","BASIC",""
"","2","SYNTHESIZE-VIA-TYPE-CHECKING.06","","Mon Nov 04 01:26:50 GMT 2024","passed","Mon Nov 04 01:26:50 GMT 2024","","EXPERIMENTS","EXPERIMENTS",""
"","2","BC-XP.23","","Mon Nov 04 01:16:05 GMT 2024","passed","Mon Nov 04 01:16:05 GMT 2024","","BACKWARD-CHAINING","BACKWARD-CHAINING",""
"","2","STATES-SPACES.02","","Mon Nov 04 00:41:36 GMT 2024","passed","Mon Nov 04 00:41:36 GMT 2024","","METTA-MORPH-TESTS","METTA-MORPH-TESTS",""
"","3","FORWARD-CHAINER-XP.10","","Mon Nov 04 01:18:45 GMT 2024","passed","Mon Nov 04 01:18:45 GMT 2024","","FORWARD-CHAINER","FORWARD-CHAINER",""
"","4","TYPE-PROP.41","","Mon Nov 04 01:11:50 GMT 2024","passed","Mon Nov 04 01:11:50 GMT 2024","","CHECK-TYPES-TEMP","CHECK-TYPES-TEMP",""
"","4","BC-COMP.06","","Mon Nov 04 00:43:38 GMT 2024","passed","Mon Nov 04 00:43:38 GMT 2024","","ANTI-REGRESSION","ANTI-REGRESSION",""
"","2","BACKWARD-CHAINER-XP.27","","Mon Nov 04 01:15:59 GMT 2024","passed","Mon Nov 04 01:15:59 GMT 2024","","BACKWARD-CHAINER","BACKWARD-CHAINER",""
"","4000","hyperon-mettalog_sanity.structure-tests","","Mon Nov 04 00:36:03 GMT 2024","passed","Mon Nov 04 00:36:07 GMT 2024","","WHOLE-TESTS","WHOLE-TESTS",""
"","40","IMPLICATIONDIRECTINTRODUCTIONDTLTEST.09","","Mon Nov 04 01:14:52 GMT 2024","failed","Mon Nov 04 01:14:52 GMT 2024","","DEPENDENT-TYPES","DEPENDENT-TYPES",""
"","4000","metta-wam-issue-116.test_spo_100","","Mon Nov 04 00:36:03 GMT 2024","passed","Mon Nov 04 00:36:07 GMT 2024","","WHOLE-TESTS","WHOLE-TESTS",""
"","1","HYPERPOSING.03","","Mon Nov 04 01:57:54 GMT 2024","passed","Mon Nov 04 01:57:54 GMT 2024","","BASIC","BASIC",""
"","113","UNWEIGHTED-PLLM.06","","Mon Nov 04 02:10:27 GMT 2024","failed","Mon Nov 04 02:10:27 GMT 2024","","LANGUAGE-MODELS","LANGUAGE-MODELS",""
"","1","BASIC.12","","Mon Nov 04 01:09:08 GMT 2024","passed","Mon Nov 04 01:09:08 GMT 2024","","TRAVERSER","TRAVERSER",""
"","2","TEST-IF-CLOSED.07","","Mon Nov 04 00:43:38 GMT 2024","passed","Mon Nov 04 00:43:38 GMT 2024","","ANTI-REGRESSION","ANTI-REGRESSION",""
"","24076","SYNTHESIZE.01","","Mon Nov 04 00:39:27 GMT 2024","passed","Mon Nov 04 00:39:51 GMT 2024","","SYNTH-BUFFER","SYNTH-BUFFER",""
"","2","ADD-REMOVE-MATCH-SS-SYMBOLS.05","","Mon Nov 04 00:53:03 GMT 2024","passed","Mon Nov 04 00:53:03 GMT 2024","","SPACES","SPACES",""
"","2","METTALOGTESTCURRIED2.05","","Mon Nov 04 01:49:17 GMT 2024","passed","Mon Nov 04 01:49:17 GMT 2024","","WALK-THRU","WALK-THRU",""
"","2","F1-IMPORTS.15","","Mon Nov 04 00:45:46 GMT 2024","passed","Mon Nov 04 00:45:46 GMT 2024","","QUICK","QUICK",""
"","2","BCHAIN-COMP.01","","Mon Nov 04 01:49:17 GMT 2024","passed","Mon Nov 04 01:49:17 GMT 2024","","WALK-THRU","WALK-THRU",""
"","2","FORWARD-CHAINER-XP.23","","Mon Nov 04 01:18:45 GMT 2024","passed","Mon Nov 04 01:18:45 GMT 2024","","FORWARD-CHAINER","FORWARD-CHAINER",""
"","3","B5-TYPES-PRELIM.21","","Mon Nov 04 00:36:07 GMT 2024","passed","Mon Nov 04 00:36:07 GMT 2024","","HYPERON-EXPERIMENTAL-SCRIPTS","HYPERON-EXPERIMENTAL-SCRIPTS",""
"","218","INF-CTL-MONTH-XP.13","","Mon Nov 04 01:20:12 GMT 2024","failed","Mon Nov 04 01:20:12 GMT 2024","","INFERENCE-CONTROL","INFERENCE-CONTROL",""
"","1","TYPES-PRELIM.19","","Mon Nov 04 00:50:44 GMT 2024","passed","Mon Nov 04 00:50:44 GMT 2024","","CHAINING","CHAINING",""
"","5","GROUNDED-BASIC.05","","Mon Nov 04 00:53:44 GMT 2024","passed","Mon Nov 04 00:53:44 GMT 2024","","STD","STD",""
"","2","TYPE-PROP.71","","Mon Nov 04 01:11:50 GMT 2024","passed","Mon Nov 04 01:11:50 GMT 2024","","CHECK-TYPES-TEMP","CHECK-TYPES-TEMP",""
"","67","TESTS1.01","","Mon Nov 04 01:36:06 GMT 2024","failed","Mon Nov 04 01:36:06 GMT 2024","","NARS-V0","NARS-V0",""
"","2","UNIFY-VIA-CASE.06","","Mon Nov 04 01:26:50 GMT 2024","passed","Mon Nov 04 01:26:50 GMT 2024","","EXPERIMENTS","EXPERIMENTS",""
"","2","BC-COMP.02","","Mon Nov 04 00:43:38 GMT 2024","passed","Mon Nov 04 00:43:38 GMT 2024","","ANTI-REGRESSION","ANTI-REGRESSION",""
"","2","ADD-REMOVE-MATCH-MIX-FLOAT-INTEGER.21","","Mon Nov 04 00:53:03 GMT 2024","passed","Mon Nov 04 00:53:03 GMT 2024","","SPACES","SPACES",""
"","2","TESTS0.06","","Mon Nov 04 01:31:03 GMT 2024","passed","Mon Nov 04 01:31:03 GMT 2024","","CURRENT","CURRENT",""
"","2","MATCH-VOID.09","","Mon Nov 04 00:41:36 GMT 2024","passed","Mon Nov 04 00:41:36 GMT 2024","","METTA-MORPH-TESTS","METTA-MORPH-TESTS",""
"","2","STATE-TYPES.05","","Mon Nov 04 01:57:54 GMT 2024","passed","Mon Nov 04 01:57:54 GMT 2024","","BASIC","BASIC",""
"","2","TYPES-PRELIM.15","","Mon Nov 04 00:50:44 GMT 2024","passed","Mon Nov 04 00:50:44 GMT 2024","","CHAINING","CHAINING",""
"","3","BCHAIN-COMP.01","","Mon Nov 04 00:43:38 GMT 2024","passed","Mon Nov 04 00:43:38 GMT 2024","","ANTI-REGRESSION","ANTI-REGRESSION",""
"","2","D4-TYPE-PROP.11","","Mon Nov 04 00:45:46 GMT 2024","passed","Mon Nov 04 00:45:46 GMT 2024","","QUICK","QUICK",""
"","3","BACKWARD-CHAIN.02","","Mon Nov 04 00:50:44 GMT 2024","passed","Mon Nov 04 00:50:44 GMT 2024","","CHAINING","CHAINING",""
"","2","B0-CHAINING-PRELIM.04","","Mon Nov 04 00:36:07 GMT 2024","passed","Mon Nov 04 00:36:07 GMT 2024","","HYPERON-EXPERIMENTAL-SCRIPTS","HYPERON-EXPERIMENTAL-SCRIPTS",""
"","4","NUMTEST.10","","Mon Nov 04 01:16:14 GMT 2024","passed","Mon Nov 04 01:16:14 GMT 2024","","COMMON","COMMON",""
"","1","V2-PLN-XP.04","","Mon Nov 04 00:50:44 GMT 2024","passed","Mon Nov 04 00:50:44 GMT 2024","","CHAINING","CHAINING",""
"","43000","examples.benchmark","","Mon Nov 04 00:36:03 GMT 2024","failed","Mon Nov 04 00:36:46 GMT 2024","","WHOLE-TESTS","WHOLE-TESTS",""
"","2","B1-EQUAL-CHAIN.05","","Mon Nov 04 00:36:07 GMT 2024","passed","Mon Nov 04 00:36:07 GMT 2024","","HYPERON-EXPERIMENTAL-SCRIPTS","HYPERON-EXPERIMENTAL-SCRIPTS",""
"","2","06-MATCH-IN-SPACE.06","","Mon Nov 04 00:37:43 GMT 2024","passed","Mon Nov 04 00:37:43 GMT 2024","","HYPERON-METTALOG-SANITY","HYPERON-METTALOG-SANITY",""
"","87","D5-AUTO-TYPES.06","","Mon Nov 04 01:12:10 GMT 2024","failed","Mon Nov 04 01:12:10 GMT 2024","","CHECK-TYPES","CHECK-TYPES",""
"","3","FC-XP.08","","Mon Nov 04 01:18:55 GMT 2024","passed","Mon Nov 04 01:18:55 GMT 2024","","FORWARD-CHAINING","FORWARD-CHAINING",""
"","5000","forward-chaining.fc-xp","","Mon Nov 04 00:36:03 GMT 2024","passed","Mon Nov 04 00:36:08 GMT 2024","","WHOLE-TESTS","WHOLE-TESTS",""
"","2","TESTS1.01","","Mon Nov 04 00:46:15 GMT 2024","passed","Mon Nov 04 00:46:15 GMT 2024","","MAIN-BRANCH","MAIN-BRANCH",""
"","6000","bidirectional_computation.fish-riddle","","Mon Nov 04 00:36:03 GMT 2024","passed","Mon Nov 04 00:36:09 GMT 2024","","WHOLE-TESTS","WHOLE-TESTS",""
"","2","TEST-IF-CLOSED.08","","Mon Nov 04 00:43:38 GMT 2024","passed","Mon Nov 04 00:43:38 GMT 2024","","ANTI-REGRESSION","ANTI-REGRESSION",""
"","2","INTERSECTION-TESTS.22","","Mon Nov 04 00:37:43 GMT 2024","passed","Mon Nov 04 00:37:43 GMT 2024","","HYPERON-METTALOG-SANITY","HYPERON-METTALOG-SANITY",""
"","979","PLLM-PENNTREE.04","","Mon Nov 04 02:10:27 GMT 2024","passed","Mon Nov 04 02:10:27 GMT 2024","","LANGUAGE-MODELS","LANGUAGE-MODELS",""
"","2","C2-SPACES.05","","Mon Nov 04 00:36:07 GMT 2024","passed","Mon Nov 04 00:36:07 GMT 2024","","HYPERON-EXPERIMENTAL-SCRIPTS","HYPERON-EXPERIMENTAL-SCRIPTS",""
"","2","D4-TYPE-PROP.12","","Mon Nov 04 00:36:07 GMT 2024","passed","Mon Nov 04 00:36:07 GMT 2024","","HYPERON-EXPERIMENTAL-SCRIPTS","HYPERON-EXPERIMENTAL-SCRIPTS",""
"","2","MAYBETEST.02","","Mon Nov 04 01:16:14 GMT 2024","passed","Mon Nov 04 01:16:14 GMT 2024","","COMMON","COMMON",""
"","2","ORDEREDSETTEST.08","","Mon Nov 04 01:16:14 GMT 2024","passed","Mon Nov 04 01:16:14 GMT 2024","","COMMON","COMMON",""
"","2","INTERSECTION-TESTS.04","","Mon Nov 04 00:37:43 GMT 2024","passed","Mon Nov 04 00:37:43 GMT 2024","","HYPERON-METTALOG-SANITY","HYPERON-METTALOG-SANITY",""
"","2","KEY-LOOKUPS-MANY.11","","Mon Nov 04 01:57:54 GMT 2024","passed","Mon Nov 04 01:57:54 GMT 2024","","BASIC","BASIC",""
"","3","INTERSECTION-TESTS.27","","Mon Nov 04 00:37:43 GMT 2024","passed","Mon Nov 04 00:37:43 GMT 2024","","HYPERON-METTALOG-SANITY","HYPERON-METTALOG-SANITY",""
"","14","KB-WRITE.01","","Mon Nov 04 00:53:44 GMT 2024","failed","Mon Nov 04 00:53:44 GMT 2024","","STD","STD",""
"","5","ADD-REMOVE-MATCH-MIX-FLOAT-INTEGER.30","","Mon Nov 04 00:53:03 GMT 2024","passed","Mon Nov 04 00:53:03 GMT 2024","","SPACES","SPACES",""
"","3","ADD-REMOVE-MATCH-INTEGER.30","","Mon Nov 04 00:53:03 GMT 2024","passed","Mon Nov 04 00:53:03 GMT 2024","","SPACES","SPACES",""
"","2","IFC-XP.33","","Mon Nov 04 01:22:13 GMT 2024","passed","Mon Nov 04 01:22:13 GMT 2024","","ITERATIVE-CHAINING","ITERATIVE-CHAINING",""
"","3","ADD-REMOVE-MATCH-SS-STRINGS.15","","Mon Nov 04 00:53:03 GMT 2024","passed","Mon Nov 04 00:53:03 GMT 2024","","SPACES","SPACES",""
"","1","TESTS5.04","","Mon Nov 04 00:46:15 GMT 2024","passed","Mon Nov 04 00:46:15 GMT 2024","","MAIN-BRANCH","MAIN-BRANCH",""
"","2","STATE-TYPES.15","","Mon Nov 04 01:57:54 GMT 2024","passed","Mon Nov 04 01:57:54 GMT 2024","","BASIC","BASIC",""
"","2","INF-CTL-MONTH-BC-CONT-XP.05","","Mon Nov 04 01:20:12 GMT 2024","passed","Mon Nov 04 01:20:12 GMT 2024","","INFERENCE-CONTROL","INFERENCE-CONTROL",""
"","2","INTERSECTION-TESTS.03","","Mon Nov 04 00:37:43 GMT 2024","passed","Mon Nov 04 00:37:43 GMT 2024","","HYPERON-METTALOG-SANITY","HYPERON-METTALOG-SANITY",""
"","5000","transpiler.peano","","Mon Nov 04 00:36:03 GMT 2024","passed","Mon Nov 04 00:36:08 GMT 2024","","WHOLE-TESTS","WHOLE-TESTS",""
"","3","F1-MODULEA.06","","Mon Nov 04 00:35:58 GMT 2024","passed","Mon Nov 04 00:35:58 GMT 2024","","MODULE-SYSTEM","MODULE-SYSTEM",""
"","54","D5-AUTO-TYPES.05","","Mon Nov 04 01:12:10 GMT 2024","failed","Mon Nov 04 01:12:10 GMT 2024","","CHECK-TYPES","CHECK-TYPES",""
"","14","REVERSE-ARITHMETIC.02","","Mon Nov 04 01:52:15 GMT 2024","failed","Mon Nov 04 01:52:15 GMT 2024","","BIDIRECTIONAL-COMPUTATION","BIDIRECTIONAL-COMPUTATION",""
"","3","B2-BACKCHAIN.01","","Mon Nov 04 00:36:07 GMT 2024","passed","Mon Nov 04 00:36:07 GMT 2024","","HYPERON-EXPERIMENTAL-SCRIPTS","HYPERON-EXPERIMENTAL-SCRIPTS",""
"","3","SUPPORTRULEEXP.01","","Mon Nov 04 01:14:52 GMT 2024","passed","Mon Nov 04 01:14:52 GMT 2024","","DEPENDENT-TYPES","DEPENDENT-TYPES",""
"","488","TESTS0.08","","Mon Nov 04 01:31:03 GMT 2024","failed","Mon Nov 04 01:31:03 GMT 2024","","CURRENT","CURRENT",""
"","27","INF-CTL-XP.12","","Mon Nov 04 01:20:12 GMT 2024","failed","Mon Nov 04 01:20:12 GMT 2024","","INFERENCE-CONTROL","INFERENCE-CONTROL",""
"","4000","multidirectional.obif_clp","","Mon Nov 04 00:36:03 GMT 2024","passed","Mon Nov 04 00:36:07 GMT 2024","","WHOLE-TESTS","WHOLE-TESTS",""
"","3","BACKWARD-CHAINER-XP.31","","Mon Nov 04 01:15:59 GMT 2024","passed","Mon Nov 04 01:15:59 GMT 2024","","BACKWARD-CHAINER","BACKWARD-CHAINER",""
"","2","TESTS2.10","","Mon Nov 04 00:46:15 GMT 2024","passed","Mon Nov 04 00:46:15 GMT 2024","","MAIN-BRANCH","MAIN-BRANCH",""
"","2","STDLIB-METTALOG-TEST-PT2.66","","Mon Nov 04 00:55:08 GMT 2024","passed","Mon Nov 04 00:55:08 GMT 2024","","STDLIB-METTALOG","STDLIB-METTALOG",""
"","2","D1-GADT.08","","Mon Nov 04 01:12:10 GMT 2024","passed","Mon Nov 04 01:12:10 GMT 2024","","CHECK-TYPES","CHECK-TYPES",""
"","2","NATDTLTEST.03","","Mon Nov 04 01:19:01 GMT 2024","passed","Mon Nov 04 01:19:01 GMT 2024","","HOL","HOL",""
"","2","CHAPTER-1-1.05","","Mon Nov 04 00:55:17 GMT 2024","passed","Mon Nov 04 00:55:17 GMT 2024","","SICP-BOOK","SICP-BOOK",""
"","3","BCHAIN.01","","Mon Nov 04 01:49:17 GMT 2024","passed","Mon Nov 04 01:49:17 GMT 2024","","WALK-THRU","WALK-THRU",""
"","137","INTERSECTION-TESTS.21","","Mon Nov 04 00:37:43 GMT 2024","failed","Mon Nov 04 00:37:43 GMT 2024","","HYPERON-METTALOG-SANITY","HYPERON-METTALOG-SANITY",""
"","3","A3-TWOSIDE.01","","Mon Nov 04 00:36:07 GMT 2024","passed","Mon Nov 04 00:36:07 GMT 2024","","HYPERON-EXPERIMENTAL-SCRIPTS","HYPERON-EXPERIMENTAL-SCRIPTS",""
"","2","CHAPTER-1-1.14","","Mon Nov 04 00:55:17 GMT 2024","passed","Mon Nov 04 00:55:17 GMT 2024","","SICP-BOOK","SICP-BOOK",""
"","2","MAYBETEST.03","","Mon Nov 04 01:16:14 GMT 2024","passed","Mon Nov 04 01:16:14 GMT 2024","","COMMON","COMMON",""
"","27","INF-CTL-MONTH-XP.10","","Mon Nov 04 01:20:12 GMT 2024","failed","Mon Nov 04 01:20:12 GMT 2024","","INFERENCE-CONTROL","INFERENCE-CONTROL",""
"","46000","prev.tests3","","Mon Nov 04 00:36:03 GMT 2024","failed","Mon Nov 04 00:36:49 GMT 2024","","WHOLE-TESTS","WHOLE-TESTS",""
"","2","SUPERCOLLAPSE.08","","Mon Nov 04 00:41:36 GMT 2024","passed","Mon Nov 04 00:41:36 GMT 2024","","METTA-MORPH-TESTS","METTA-MORPH-TESTS",""
"","3","KEY-LOOKUPS-MANY.02","","Mon Nov 04 01:57:54 GMT 2024","passed","Mon Nov 04 01:57:54 GMT 2024","","BASIC","BASIC",""
"","1","00A-LANG-COMPILED-CASE.04","","Mon Nov 04 01:47:48 GMT 2024","passed","Mon Nov 04 01:47:48 GMT 2024","","DIRECT-COMP","DIRECT-COMP",""
"","2","FORWARD-CHAINER-XP.17","","Mon Nov 04 01:18:45 GMT 2024","passed","Mon Nov 04 01:18:45 GMT 2024","","FORWARD-CHAINER","FORWARD-CHAINER",""
"","57","B5-TYPES-PRELIM.15","","Mon Nov 04 00:36:07 GMT 2024","failed","Mon Nov 04 00:36:07 GMT 2024","","HYPERON-EXPERIMENTAL-SCRIPTS","HYPERON-EXPERIMENTAL-SCRIPTS",""
"","299","PROB-DEP-TYPES.07","","Mon Nov 04 01:03:54 GMT 2024","failed","Mon Nov 04 01:03:54 GMT 2024","","PROB-DEP-TYPES","PROB-DEP-TYPES",""
"","5000","curried-chaining.curried-chainer","","Mon Nov 04 00:36:03 GMT 2024","passed","Mon Nov 04 00:36:08 GMT 2024","","WHOLE-TESTS","WHOLE-TESTS",""
"","1","TEST-IF-CLOSED.05","","Mon Nov 04 01:49:17 GMT 2024","passed","Mon Nov 04 01:49:17 GMT 2024","","WALK-THRU","WALK-THRU",""
"","2","UNIQUE-TEST.03","","Mon Nov 04 00:37:43 GMT 2024","passed","Mon Nov 04 00:37:43 GMT 2024","","HYPERON-METTALOG-SANITY","HYPERON-METTALOG-SANITY",""
"","3","ADD-REMOVE-MATCH-SS-SYMBOLS.01","","Mon Nov 04 00:53:03 GMT 2024","passed","Mon Nov 04 00:53:03 GMT 2024","","SPACES","SPACES",""
"","3","IS-SPACE.01","","Mon Nov 04 00:37:43 GMT 2024","passed","Mon Nov 04 00:37:43 GMT 2024","","HYPERON-METTALOG-SANITY","HYPERON-METTALOG-SANITY",""
"","4","SYNTHESIZE-VIA-SUPERPOSE.01","","Mon Nov 04 01:26:50 GMT 2024","passed","Mon Nov 04 01:26:50 GMT 2024","","EXPERIMENTS","EXPERIMENTS",""
"","3","INF-CTL-MONTH-BC-CONT-XP.16","","Mon Nov 04 01:20:12 GMT 2024","passed","Mon Nov 04 01:20:12 GMT 2024","","INFERENCE-CONTROL","INFERENCE-CONTROL",""
"","2","INF-CTL-MONTH-XP-SHORT-3.05","","Mon Nov 04 02:04:14 GMT 2024","passed","Mon Nov 04 02:04:14 GMT 2024","","COMPARISONS","COMPARISONS",""
"","59","C1-GROUNDED-BASIC.15","","Mon Nov 04 00:45:46 GMT 2024","failed","Mon Nov 04 00:45:46 GMT 2024","","QUICK","QUICK",""
"","3","FC-XP.22","","Mon Nov 04 01:18:55 GMT 2024","passed","Mon Nov 04 01:18:55 GMT 2024","","FORWARD-CHAINING","FORWARD-CHAINING",""
"","149","NATTEST.01","","Mon Nov 04 01:19:01 GMT 2024","failed","Mon Nov 04 01:19:01 GMT 2024","","HOL","HOL",""
"","2","03-SORING-VIA-INSERT.04","","Mon Nov 04 00:37:43 GMT 2024","passed","Mon Nov 04 00:37:43 GMT 2024","","HYPERON-METTALOG-SANITY","HYPERON-METTALOG-SANITY",""
"","4000","chaining.parent_go_1_comp","","Mon Nov 04 00:36:03 GMT 2024","passed","Mon Nov 04 00:36:07 GMT 2024","","WHOLE-TESTS","WHOLE-TESTS",""
"","1","TMPMATCH1.02","","Mon Nov 04 01:49:17 GMT 2024","passed","Mon Nov 04 01:49:17 GMT 2024","","WALK-THRU","WALK-THRU",""
"","5000","hol.NatTest","","Mon Nov 04 00:36:03 GMT 2024","passed","Mon Nov 04 00:36:08 GMT 2024","","WHOLE-TESTS","WHOLE-TESTS",""
"","1","ADD-REMOVE-MATCH-INTEGER.07","","Mon Nov 04 00:53:03 GMT 2024","passed","Mon Nov 04 00:53:03 GMT 2024","","SPACES","SPACES",""
"","2","ADD-REMOVE-MATCH-MIX-FLOAT-INTEGER.08","","Mon Nov 04 00:53:03 GMT 2024","passed","Mon Nov 04 00:53:03 GMT 2024","","SPACES","SPACES",""
"","2","D1-GADT.02","","Mon Nov 04 01:12:10 GMT 2024","passed","Mon Nov 04 01:12:10 GMT 2024","","CHECK-TYPES","CHECK-TYPES",""
"","2","STDLIB-METTALOG-TEST-PT2.32","","Mon Nov 04 00:55:08 GMT 2024","passed","Mon Nov 04 00:55:08 GMT 2024","","STDLIB-METTALOG","STDLIB-METTALOG",""
"","3","D2-HIGHERFUNC.25","","Mon Nov 04 00:36:07 GMT 2024","passed","Mon Nov 04 00:36:07 GMT 2024","","HYPERON-EXPERIMENTAL-SCRIPTS","HYPERON-EXPERIMENTAL-SCRIPTS",""
"","44","INF-CTL-MONTH-BC-CONT-XP.20","","Mon Nov 04 01:20:12 GMT 2024","failed","Mon Nov 04 01:20:12 GMT 2024","","INFERENCE-CONTROL","INFERENCE-CONTROL",""
"","2","DEDUCTIONFORMULATEST.06","","Mon Nov 04 01:16:38 GMT 2024","passed","Mon Nov 04 01:16:38 GMT 2024","","FORMULA","FORMULA",""
"","46000","new.tests5","","Mon Nov 04 00:36:03 GMT 2024","failed","Mon Nov 04 00:36:49 GMT 2024","","WHOLE-TESTS","WHOLE-TESTS",""
"","1","ADD-REMOVE-MATCH-S-STRINGS.11","","Mon Nov 04 00:53:03 GMT 2024","passed","Mon Nov 04 00:53:03 GMT 2024","","SPACES","SPACES",""
"","709","GENE-QUERY.01","","Mon Nov 04 01:11:42 GMT 2024","passed","Mon Nov 04 01:11:42 GMT 2024","","QUERY","QUERY",""
"","63","E2-STATES.08","","Mon Nov 04 00:36:07 GMT 2024","failed","Mon Nov 04 00:36:07 GMT 2024","","HYPERON-EXPERIMENTAL-SCRIPTS","HYPERON-EXPERIMENTAL-SCRIPTS",""
"","2","D4-TYPE-PROP.01","","Mon Nov 04 00:36:07 GMT 2024","passed","Mon Nov 04 00:36:07 GMT 2024","","HYPERON-EXPERIMENTAL-SCRIPTS","HYPERON-EXPERIMENTAL-SCRIPTS",""
"","3","DEDUCTIONDTLTEST.02","","Mon Nov 04 01:14:52 GMT 2024","passed","Mon Nov 04 01:14:52 GMT 2024","","DEPENDENT-TYPES","DEPENDENT-TYPES",""
"","353","SYNTHESIZE-VIA-LET-TEST.07","","Mon Nov 04 01:26:50 GMT 2024","failed","Mon Nov 04 01:26:50 GMT 2024","","EXPERIMENTS","EXPERIMENTS",""
"","3","FIRST-ANSWER.01","","Mon Nov 04 00:37:43 GMT 2024","passed","Mon Nov 04 00:37:43 GMT 2024","","HYPERON-METTALOG-SANITY","HYPERON-METTALOG-SANITY",""
"","1","TYPE-PROP.05","","Mon Nov 04 00:50:44 GMT 2024","passed","Mon Nov 04 00:50:44 GMT 2024","","CHAINING","CHAINING",""
"","2","CHAPTER-1-1.19","","Mon Nov 04 00:55:17 GMT 2024","passed","Mon Nov 04 00:55:17 GMT 2024","","SICP-BOOK","SICP-BOOK",""
"","4","TYPE-PROP.38","","Mon Nov 04 01:11:50 GMT 2024","passed","Mon Nov 04 01:11:50 GMT 2024","","CHECK-TYPES-TEMP","CHECK-TYPES-TEMP",""
"","26000","walk_thru.system_proofTestCurried","","Mon Nov 04 00:36:03 GMT 2024","passed","Mon Nov 04 00:36:29 GMT 2024","","WHOLE-TESTS","WHOLE-TESTS",""
"","9000","dependent-types.MinerCurriedDTLTest","","Mon Nov 04 00:36:03 GMT 2024","passed","Mon Nov 04 00:36:12 GMT 2024","","WHOLE-TESTS","WHOLE-TESTS",""
"","4","TYPES-PRELIM.04","","Mon Nov 04 00:50:44 GMT 2024","passed","Mon Nov 04 00:50:44 GMT 2024","","CHAINING","CHAINING",""
"","2","INF-CTL-MONTH-BC-CONT-XP.14","","Mon Nov 04 01:20:12 GMT 2024","passed","Mon Nov 04 01:20:12 GMT 2024","","INFERENCE-CONTROL","INFERENCE-CONTROL",""
"","2","D4-TYPE-PROP.21","","Mon Nov 04 01:12:10 GMT 2024","passed","Mon Nov 04 01:12:10 GMT 2024","","CHECK-TYPES","CHECK-TYPES",""
"","2","CHAPTER-2-4.15","","Mon Nov 04 00:55:17 GMT 2024","passed","Mon Nov 04 00:55:17 GMT 2024","","SICP-BOOK","SICP-BOOK",""
"","2","NATPARITYTEST.09","","Mon Nov 04 01:19:01 GMT 2024","passed","Mon Nov 04 01:19:01 GMT 2024","","HOL","HOL",""
"","64","TESTS0.01","","Mon Nov 04 01:31:03 GMT 2024","failed","Mon Nov 04 01:31:03 GMT 2024","","CURRENT","CURRENT",""
"","40000","comparisons.nils_if_control_test_10","","Mon Nov 04 00:36:03 GMT 2024","failed","Mon Nov 04 00:36:43 GMT 2024","","WHOLE-TESTS","WHOLE-TESTS",""
"","2","SUBTRACTION-TEST.02","","Mon Nov 04 00:37:43 GMT 2024","passed","Mon Nov 04 00:37:43 GMT 2024","","HYPERON-METTALOG-SANITY","HYPERON-METTALOG-SANITY",""
"","2","BC-XP.18","","Mon Nov 04 01:16:05 GMT 2024","passed","Mon Nov 04 01:16:05 GMT 2024","","BACKWARD-CHAINING","BACKWARD-CHAINING",""
"","2","BACKWARD-CHAINER-XP.19","","Mon Nov 04 01:15:59 GMT 2024","passed","Mon Nov 04 01:15:59 GMT 2024","","BACKWARD-CHAINER","BACKWARD-CHAINER",""
"","2","D2-HIGHERFUNC.02","","Mon Nov 04 01:12:10 GMT 2024","passed","Mon Nov 04 01:12:10 GMT 2024","","CHECK-TYPES","CHECK-TYPES",""
"","2","D2-HIGHERFUNC.11","","Mon Nov 04 01:12:10 GMT 2024","passed","Mon Nov 04 01:12:10 GMT 2024","","CHECK-TYPES","CHECK-TYPES",""
"","2","D4-TYPE-PROP.01","","Mon Nov 04 01:12:10 GMT 2024","passed","Mon Nov 04 01:12:10 GMT 2024","","CHECK-TYPES","CHECK-TYPES",""
"","499","PARENT-GO-1.01","","Mon Nov 04 00:50:44 GMT 2024","passed","Mon Nov 04 00:50:44 GMT 2024","","CHAINING","CHAINING",""
"","2","ADD-REMOVE-MATCH-MIX-FLOAT-INTEGER.06","","Mon Nov 04 00:53:03 GMT 2024","passed","Mon Nov 04 00:53:03 GMT 2024","","SPACES","SPACES",""
"","2","TMPMATCH1.02","","Mon Nov 04 00:43:38 GMT 2024","passed","Mon Nov 04 00:43:38 GMT 2024","","ANTI-REGRESSION","ANTI-REGRESSION",""
"","2","INF-CTL-MONTH-BC-CONT-XP.02","","Mon Nov 04 01:20:12 GMT 2024","passed","Mon Nov 04 01:20:12 GMT 2024","","INFERENCE-CONTROL","INFERENCE-CONTROL",""
"","2","D2-HIGHERFUNC.02","","Mon Nov 04 00:45:46 GMT 2024","passed","Mon Nov 04 00:45:46 GMT 2024","","QUICK","QUICK",""
"","21","IMPLICATIONDIRECTINTRODUCTIONMATCHTEST.01","","Mon Nov 04 01:22:33 GMT 2024","passed","Mon Nov 04 01:22:33 GMT 2024","","MATCH","MATCH",""
"","2","ADD-REMOVE-MATCH-SYMBOLS.06","","Mon Nov 04 00:53:03 GMT 2024","passed","Mon Nov 04 00:53:03 GMT 2024","","SPACES","SPACES",""
"","2","D1-GADT.06","","Mon Nov 04 00:36:07 GMT 2024","passed","Mon Nov 04 00:36:07 GMT 2024","","HYPERON-EXPERIMENTAL-SCRIPTS","HYPERON-EXPERIMENTAL-SCRIPTS",""
"","102","STDLIB-METTALOG-TEST-PT2.58","","Mon Nov 04 00:55:08 GMT 2024","failed","Mon Nov 04 00:55:08 GMT 2024","","STDLIB-METTALOG","STDLIB-METTALOG",""
"","1064","PLLM-PENNTREE.02","","Mon Nov 04 02:10:27 GMT 2024","passed","Mon Nov 04 02:10:28 GMT 2024","","LANGUAGE-MODELS","LANGUAGE-MODELS",""
"","2","ADD-REMOVE-MATCH-MIX-FLOAT-INTEGER.16","","Mon Nov 04 00:53:03 GMT 2024","passed","Mon Nov 04 00:53:03 GMT 2024","","SPACES","SPACES",""
"","2","INTERSECTION-TESTS.25","","Mon Nov 04 00:37:43 GMT 2024","passed","Mon Nov 04 00:37:43 GMT 2024","","HYPERON-METTALOG-SANITY","HYPERON-METTALOG-SANITY",""
"","1","D2-HIGHERFUNC.09","","Mon Nov 04 00:45:46 GMT 2024","passed","Mon Nov 04 00:45:46 GMT 2024","","QUICK","QUICK",""
"","5000","std.gadt","","Mon Nov 04 00:36:03 GMT 2024","passed","Mon Nov 04 00:36:08 GMT 2024","","WHOLE-TESTS","WHOLE-TESTS",""
"","2","DEDUCTIONFORMULATEST.03","","Mon Nov 04 01:16:38 GMT 2024","passed","Mon Nov 04 01:16:38 GMT 2024","","FORMULA","FORMULA",""
"","5000","basic.state_types","","Mon Nov 04 00:36:03 GMT 2024","passed","Mon Nov 04 00:36:08 GMT 2024","","WHOLE-TESTS","WHOLE-TESTS",""
"","55","D5-AUTO-TYPES.02","","Mon Nov 04 00:36:07 GMT 2024","failed","Mon Nov 04 00:36:07 GMT 2024","","HYPERON-EXPERIMENTAL-SCRIPTS","HYPERON-EXPERIMENTAL-SCRIPTS",""
"","1","CHAPTER-2-2.05","","Mon Nov 04 00:55:17 GMT 2024","passed","Mon Nov 04 00:55:17 GMT 2024","","SICP-BOOK","SICP-BOOK",""
"","5","HYPERON-EXPERIMENTAL-ISSUE-516.01","","Mon Nov 04 01:52:33 GMT 2024","passed","Mon Nov 04 01:52:33 GMT 2024","","DEBUGGING","DEBUGGING",""
"","2","ADD-REMOVE-MATCH-INTEGER.18","","Mon Nov 04 00:53:03 GMT 2024","passed","Mon Nov 04 00:53:03 GMT 2024","","SPACES","SPACES",""
"","2","STDLIB-METTALOG-TEST-PT2.31","","Mon Nov 04 00:55:08 GMT 2024","passed","Mon Nov 04 00:55:08 GMT 2024","","STDLIB-METTALOG","STDLIB-METTALOG",""
"","2","TESTS4.03","","Mon Nov 04 00:46:15 GMT 2024","passed","Mon Nov 04 00:46:15 GMT 2024","","MAIN-BRANCH","MAIN-BRANCH",""
"","3","TESTS1.01","","Mon Nov 04 01:31:03 GMT 2024","passed","Mon Nov 04 01:31:03 GMT 2024","","CURRENT","CURRENT",""
"","40000","basic.coins","","Mon Nov 04 00:36:03 GMT 2024","failed","Mon Nov 04 00:36:43 GMT 2024","","WHOLE-TESTS","WHOLE-TESTS",""
"","4000","anti-regression.bchain","","Mon Nov 04 00:36:03 GMT 2024","passed","Mon Nov 04 00:36:07 GMT 2024","","WHOLE-TESTS","WHOLE-TESTS",""
"","3","HYPERPOSING.01","","Mon Nov 04 01:57:54 GMT 2024","passed","Mon Nov 04 01:57:54 GMT 2024","","BASIC","BASIC",""
"","2","NATSTANDALONETEST.03","","Mon Nov 04 01:19:01 GMT 2024","passed","Mon Nov 04 01:19:01 GMT 2024","","HOL","HOL",""
"","2","F1-IMPORTS.12","","Mon Nov 04 00:36:07 GMT 2024","passed","Mon Nov 04 00:36:07 GMT 2024","","HYPERON-EXPERIMENTAL-SCRIPTS","HYPERON-EXPERIMENTAL-SCRIPTS",""
"","3","TMPMATCH1.01","","Mon Nov 04 01:49:17 GMT 2024","passed","Mon Nov 04 01:49:17 GMT 2024","","WALK-THRU","WALK-THRU",""
"","41000","experiments.synthesize-via-let-test","","Mon Nov 04 00:36:03 GMT 2024","failed","Mon Nov 04 00:36:44 GMT 2024","","WHOLE-TESTS","WHOLE-TESTS",""
"","4","SPACE-INTERSECTION-TESTS.14","","Mon Nov 04 00:37:43 GMT 2024","passed","Mon Nov 04 00:37:43 GMT 2024","","HYPERON-METTALOG-SANITY","HYPERON-METTALOG-SANITY",""
"","4","RUN-MINNARS-TRIMMED.01","","Mon Nov 04 01:34:52 GMT 2024","passed","Mon Nov 04 01:34:52 GMT 2024","","NARS-EXTRAS","NARS-EXTRAS",""
"","11","C1-GROUNDED-BASIC.23","","Mon Nov 04 00:45:46 GMT 2024","passed","Mon Nov 04 00:45:46 GMT 2024","","QUICK","QUICK",""
"","2","LISTTEST.03","","Mon Nov 04 01:16:14 GMT 2024","passed","Mon Nov 04 01:16:14 GMT 2024","","COMMON","COMMON",""
"","1","HYPERPOSING-SHARED.07","","Mon Nov 04 01:57:54 GMT 2024","passed","Mon Nov 04 01:57:54 GMT 2024","","BASIC","BASIC",""
"","40000","bio-atomspace.pln-xp-mettalog","","Mon Nov 04 00:36:03 GMT 2024","failed","Mon Nov 04 00:36:43 GMT 2024","","WHOLE-TESTS","WHOLE-TESTS",""
"","67","CHAPTER-2-4.07","","Mon Nov 04 00:55:17 GMT 2024","failed","Mon Nov 04 00:55:17 GMT 2024","","SICP-BOOK","SICP-BOOK",""
"","2","TEST-IF-CLOSED.08","","Mon Nov 04 01:49:17 GMT 2024","passed","Mon Nov 04 01:49:17 GMT 2024","","WALK-THRU","WALK-THRU",""
"","3","D4-TYPE-PROP.05","","Mon Nov 04 00:36:07 GMT 2024","passed","Mon Nov 04 00:36:07 GMT 2024","","HYPERON-EXPERIMENTAL-SCRIPTS","HYPERON-EXPERIMENTAL-SCRIPTS",""
"","2","HYPERPOSING-SHARED.01","","Mon Nov 04 01:57:54 GMT 2024","passed","Mon Nov 04 01:57:54 GMT 2024","","BASIC","BASIC",""
"","5000","introspect.show-type","","Mon Nov 04 00:36:03 GMT 2024","passed","Mon Nov 04 00:36:08 GMT 2024","","WHOLE-TESTS","WHOLE-TESTS",""
"","2","SPACE-INTERSECTION-TESTS.04","","Mon Nov 04 00:37:43 GMT 2024","passed","Mon Nov 04 00:37:43 GMT 2024","","HYPERON-METTALOG-SANITY","HYPERON-METTALOG-SANITY",""
"","2","B5-TYPES-PRELIM.09","","Mon Nov 04 00:36:07 GMT 2024","passed","Mon Nov 04 00:36:07 GMT 2024","","HYPERON-EXPERIMENTAL-SCRIPTS","HYPERON-EXPERIMENTAL-SCRIPTS",""
"","2","ADD-REMOVE-MATCH-INTEGER.34","","Mon Nov 04 00:53:03 GMT 2024","passed","Mon Nov 04 00:53:03 GMT 2024","","SPACES","SPACES",""
"","2","00-LANG-CASE.17","","Mon Nov 04 00:37:43 GMT 2024","passed","Mon Nov 04 00:37:43 GMT 2024","","HYPERON-METTALOG-SANITY","HYPERON-METTALOG-SANITY",""
"","2","AI-SERVICE-COMPOSITION-SANITY.04","","Mon Nov 04 01:09:19 GMT 2024","passed","Mon Nov 04 01:09:19 GMT 2024","","AI-SERVICE","AI-SERVICE",""
"","4","HYPERON-EXPERIMENTAL-ISSUE-516-REDDUCED.01","","Mon Nov 04 01:52:33 GMT 2024","passed","Mon Nov 04 01:52:33 GMT 2024","","DEBUGGING","DEBUGGING",""
"","569","INF-CTL-MONTH-XP.04","","Mon Nov 04 01:20:12 GMT 2024","passed","Mon Nov 04 01:20:12 GMT 2024","","INFERENCE-CONTROL","INFERENCE-CONTROL",""
"","2","QUERIES.07","","Mon Nov 04 01:08:27 GMT 2024","passed","Mon Nov 04 01:08:27 GMT 2024","","STRIPS-TO-METTA-IMPROVED","STRIPS-TO-METTA-IMPROVED",""
"","2","ORDEREDSETTEST.03","","Mon Nov 04 01:16:14 GMT 2024","passed","Mon Nov 04 01:16:14 GMT 2024","","COMMON","COMMON",""
"","71","STDLIB-METTALOG-TEST-PT2.17","","Mon Nov 04 00:55:08 GMT 2024","failed","Mon Nov 04 00:55:08 GMT 2024","","STDLIB-METTALOG","STDLIB-METTALOG",""
"","14","D4-TYPE-PROP.03","","Mon Nov 04 01:12:10 GMT 2024","passed","Mon Nov 04 01:12:10 GMT 2024","","CHECK-TYPES","CHECK-TYPES",""
"","3","D2-HIGHERFUNC.06","","Mon Nov 04 00:36:07 GMT 2024","passed","Mon Nov 04 00:36:07 GMT 2024","","HYPERON-EXPERIMENTAL-SCRIPTS","HYPERON-EXPERIMENTAL-SCRIPTS",""
"","2","MATCH-SUPERPOSED-SPACES.02","","Mon Nov 04 00:41:36 GMT 2024","passed","Mon Nov 04 00:41:36 GMT 2024","","METTA-MORPH-TESTS","METTA-MORPH-TESTS",""
"","3","A1-SYMBOLS.03","","Mon Nov 04 00:36:07 GMT 2024","passed","Mon Nov 04 00:36:07 GMT 2024","","HYPERON-EXPERIMENTAL-SCRIPTS","HYPERON-EXPERIMENTAL-SCRIPTS",""
"","2","D1-GADT.08","","Mon Nov 04 00:45:46 GMT 2024","passed","Mon Nov 04 00:45:46 GMT 2024","","QUICK","QUICK",""
"","2","XOR-TEST.04","","Mon Nov 04 00:37:43 GMT 2024","passed","Mon Nov 04 00:37:43 GMT 2024","","HYPERON-METTALOG-SANITY","HYPERON-METTALOG-SANITY",""
"","2","KEY-LOOKUPS-MANY.13","","Mon Nov 04 01:57:54 GMT 2024","passed","Mon Nov 04 01:57:54 GMT 2024","","BASIC","BASIC",""
"","4000","metta-morph_tests.collapse","","Mon Nov 04 00:36:03 GMT 2024","passed","Mon Nov 04 00:36:07 GMT 2024","","WHOLE-TESTS","WHOLE-TESTS",""
"","2","IFC-XP.21","","Mon Nov 04 01:22:13 GMT 2024","passed","Mon Nov 04 01:22:13 GMT 2024","","ITERATIVE-CHAINING","ITERATIVE-CHAINING",""
"","3","HIGHER-ORDER-FUNCS.03","","Mon Nov 04 00:53:44 GMT 2024","passed","Mon Nov 04 00:53:44 GMT 2024","","STD","STD",""
"","43","IFC-XP.36","","Mon Nov 04 01:22:13 GMT 2024","failed","Mon Nov 04 01:22:13 GMT 2024","","ITERATIVE-CHAINING","ITERATIVE-CHAINING",""
"","2","TYPES2.01","","Mon Nov 04 00:41:36 GMT 2024","passed","Mon Nov 04 00:41:36 GMT 2024","","METTA-MORPH-TESTS","METTA-MORPH-TESTS",""
"","2","TEST-IF-CLOSED.10","","Mon Nov 04 00:43:38 GMT 2024","passed","Mon Nov 04 00:43:38 GMT 2024","","ANTI-REGRESSION","ANTI-REGRESSION",""
"","2","D1-GADT.02","","Mon Nov 04 00:36:07 GMT 2024","passed","Mon Nov 04 00:36:07 GMT 2024","","HYPERON-EXPERIMENTAL-SCRIPTS","HYPERON-EXPERIMENTAL-SCRIPTS",""
"","3","TESTS2.04","","Mon Nov 04 00:46:15 GMT 2024","passed","Mon Nov 04 00:46:15 GMT 2024","","MAIN-BRANCH","MAIN-BRANCH",""
"","2","D4-TYPE-PROP.15","","Mon Nov 04 01:12:10 GMT 2024","passed","Mon Nov 04 01:12:10 GMT 2024","","CHECK-TYPES","CHECK-TYPES",""
"","2","TYPES2.02","","Mon Nov 04 00:41:36 GMT 2024","passed","Mon Nov 04 00:41:36 GMT 2024","","METTA-MORPH-TESTS","METTA-MORPH-TESTS",""
"","3","B0-CHAINING-PRELIM.01","","Mon Nov 04 00:36:07 GMT 2024","passed","Mon Nov 04 00:36:07 GMT 2024","","HYPERON-EXPERIMENTAL-SCRIPTS","HYPERON-EXPERIMENTAL-SCRIPTS",""
"","2","DEBUG-METTALOGTESTCURRIED.01","","Mon Nov 04 01:49:17 GMT 2024","passed","Mon Nov 04 01:49:17 GMT 2024","","WALK-THRU","WALK-THRU",""
"","2","STDLIB-METTALOG-TEST-PT2.46","","Mon Nov 04 00:55:08 GMT 2024","passed","Mon Nov 04 00:55:08 GMT 2024","","STDLIB-METTALOG","STDLIB-METTALOG",""
"","2","C1-GROUNDED-BASIC.04","","Mon Nov 04 00:45:46 GMT 2024","passed","Mon Nov 04 00:45:46 GMT 2024","","QUICK","QUICK",""
"","249","BACKWARD-CHAIN.01","","Mon Nov 04 00:50:44 GMT 2024","failed","Mon Nov 04 00:50:44 GMT 2024","","CHAINING","CHAINING",""
"","2","TYPE-PROP.06","","Mon Nov 04 00:50:44 GMT 2024","passed","Mon Nov 04 00:50:44 GMT 2024","","CHAINING","CHAINING",""
"","392","TESTS0.06","","Mon Nov 04 01:43:55 GMT 2024","passed","Mon Nov 04 01:43:55 GMT 2024","","PREV","PREV",""
"","1","TYPE-PROP.04","","Mon Nov 04 01:11:50 GMT 2024","passed","Mon Nov 04 01:11:50 GMT 2024","","CHECK-TYPES-TEMP","CHECK-TYPES-TEMP",""
"","2","FC-XP.02","","Mon Nov 04 01:18:55 GMT 2024","passed","Mon Nov 04 01:18:55 GMT 2024","","FORWARD-CHAINING","FORWARD-CHAINING",""
"","3","D1-GADT.01","","Mon Nov 04 00:36:07 GMT 2024","passed","Mon Nov 04 00:36:07 GMT 2024","","HYPERON-EXPERIMENTAL-SCRIPTS","HYPERON-EXPERIMENTAL-SCRIPTS",""
"","2","STDLIB-METTALOG-TEST-PT2.09","","Mon Nov 04 00:55:08 GMT 2024","passed","Mon Nov 04 00:55:08 GMT 2024","","STDLIB-METTALOG","STDLIB-METTALOG",""
"","27","FACTORIAL.01","","Mon Nov 04 00:41:36 GMT 2024","passed","Mon Nov 04 00:41:36 GMT 2024","","METTA-MORPH-TESTS","METTA-MORPH-TESTS",""
"","3","ZEROARGS.01","","Mon Nov 04 00:41:36 GMT 2024","passed","Mon Nov 04 00:41:36 GMT 2024","","METTA-MORPH-TESTS","METTA-MORPH-TESTS",""
"","2","PREREQS.04","","Mon Nov 04 00:46:15 GMT 2024","passed","Mon Nov 04 00:46:15 GMT 2024","","MAIN-BRANCH","MAIN-BRANCH",""
"","52","CHAPTER-1-1.18","","Mon Nov 04 00:55:17 GMT 2024","passed","Mon Nov 04 00:55:17 GMT 2024","","SICP-BOOK","SICP-BOOK",""
"","35","SUBTYPING-TEST.03","","Mon Nov 04 01:25:02 GMT 2024","passed","Mon Nov 04 01:25:02 GMT 2024","","SUBTYPING","SUBTYPING",""
"","75","STATE-TYPES.19","","Mon Nov 04 01:57:54 GMT 2024","failed","Mon Nov 04 01:57:54 GMT 2024","","BASIC","BASIC",""
"","22","STDLIB-METTALOG-TEST-PT2.26","","Mon Nov 04 00:55:08 GMT 2024","failed","Mon Nov 04 00:55:08 GMT 2024","","STDLIB-METTALOG","STDLIB-METTALOG",""
"","2","C1-GROUNDED-BASIC.05","","Mon Nov 04 00:45:46 GMT 2024","passed","Mon Nov 04 00:45:46 GMT 2024","","QUICK","QUICK",""
"","2","XOR-TEST.08","","Mon Nov 04 00:37:43 GMT 2024","passed","Mon Nov 04 00:37:43 GMT 2024","","HYPERON-METTALOG-SANITY","HYPERON-METTALOG-SANITY",""
"","2","NATSTANDALONETEST.09","","Mon Nov 04 01:19:01 GMT 2024","passed","Mon Nov 04 01:19:01 GMT 2024","","HOL","HOL",""
"","2","00A-LANG-COMPILED-CASE.09","","Mon Nov 04 01:47:48 GMT 2024","passed","Mon Nov 04 01:47:48 GMT 2024","","DIRECT-COMP","DIRECT-COMP",""
"","2","E2-STATES.02","","Mon Nov 04 01:12:10 GMT 2024","passed","Mon Nov 04 01:12:10 GMT 2024","","CHECK-TYPES","CHECK-TYPES",""
"","5000","quick.c1_grounded_basic","","Mon Nov 04 00:36:03 GMT 2024","passed","Mon Nov 04 00:36:08 GMT 2024","","WHOLE-TESTS","WHOLE-TESTS",""
"","5000","basic.test_list_concatenation","","Mon Nov 04 00:36:03 GMT 2024","passed","Mon Nov 04 00:36:08 GMT 2024","","WHOLE-TESTS","WHOLE-TESTS",""
"","3","F1-IMPORTS.01","","Mon Nov 04 00:36:07 GMT 2024","passed","Mon Nov 04 00:36:07 GMT 2024","","HYPERON-EXPERIMENTAL-SCRIPTS","HYPERON-EXPERIMENTAL-SCRIPTS",""
"","2","ADD-REMOVE-MATCH-S-STRINGS.15","","Mon Nov 04 00:53:03 GMT 2024","passed","Mon Nov 04 00:53:03 GMT 2024","","SPACES","SPACES",""
"","3","LISTTEST.01","","Mon Nov 04 01:16:14 GMT 2024","passed","Mon Nov 04 01:16:14 GMT 2024","","COMMON","COMMON",""
"","2","F1-IMPORTS.15","","Mon Nov 04 00:35:58 GMT 2024","passed","Mon Nov 04 00:35:58 GMT 2024","","MODULE-SYSTEM","MODULE-SYSTEM",""
"","3","D2-HIGHERFUNC.01","","Mon Nov 04 01:12:10 GMT 2024","passed","Mon Nov 04 01:12:10 GMT 2024","","CHECK-TYPES","CHECK-TYPES",""
"","2","B5-TYPES-PRELIM.06","","Mon Nov 04 01:11:50 GMT 2024","passed","Mon Nov 04 01:11:50 GMT 2024","","CHECK-TYPES-TEMP","CHECK-TYPES-TEMP",""
"","2","ADD-REMOVE-MATCH-FLOAT.01","","Mon Nov 04 00:53:03 GMT 2024","passed","Mon Nov 04 00:53:03 GMT 2024","","SPACES","SPACES",""
"","3","TESTS0.06","","Mon Nov 04 00:46:15 GMT 2024","passed","Mon Nov 04 00:46:15 GMT 2024","","MAIN-BRANCH","MAIN-BRANCH",""
"","3","IBC-XP.08","","Mon Nov 04 01:22:13 GMT 2024","passed","Mon Nov 04 01:22:13 GMT 2024","","ITERATIVE-CHAINING","ITERATIVE-CHAINING",""
"","3","STDLIB-METTALOG-TEST-PT2.70","","Mon Nov 04 00:55:08 GMT 2024","passed","Mon Nov 04 00:55:08 GMT 2024","","STDLIB-METTALOG","STDLIB-METTALOG",""
"","134","TESTS0.07","","Mon Nov 04 00:46:15 GMT 2024","passed","Mon Nov 04 00:46:15 GMT 2024","","MAIN-BRANCH","MAIN-BRANCH",""
"","14","CHAPTER-2-4.19","","Mon Nov 04 00:55:17 GMT 2024","failed","Mon Nov 04 00:55:17 GMT 2024","","SICP-BOOK","SICP-BOOK",""
"","4","SORING-VIA-INSERT.01","","Mon Nov 04 01:11:50 GMT 2024","passed","Mon Nov 04 01:11:50 GMT 2024","","CHECK-TYPES-TEMP","CHECK-TYPES-TEMP",""
"","3","D4-TYPE-PROP.02","","Mon Nov 04 01:12:10 GMT 2024","passed","Mon Nov 04 01:12:10 GMT 2024","","CHECK-TYPES","CHECK-TYPES",""
"","3","INF-CTL-MONTH-BC-CONT-XP.15","","Mon Nov 04 01:20:12 GMT 2024","passed","Mon Nov 04 01:20:12 GMT 2024","","INFERENCE-CONTROL","INFERENCE-CONTROL",""
"","5","INF-ORDER-PROBS.06","","Mon Nov 04 01:03:54 GMT 2024","passed","Mon Nov 04 01:03:54 GMT 2024","","PROB-DEP-TYPES","PROB-DEP-TYPES",""
"","2","CURRIED-CHAINER.08","","Mon Nov 04 01:16:52 GMT 2024","passed","Mon Nov 04 01:16:52 GMT 2024","","CURRIED-CHAINING","CURRIED-CHAINING",""
"","115","D5-AUTO-TYPES.04","","Mon Nov 04 00:36:07 GMT 2024","failed","Mon Nov 04 00:36:07 GMT 2024","","HYPERON-EXPERIMENTAL-SCRIPTS","HYPERON-EXPERIMENTAL-SCRIPTS",""
"","194","SYNTHESIZE-VIA-UNIFY-TEST.01","","Mon Nov 04 01:26:50 GMT 2024","failed","Mon Nov 04 01:26:50 GMT 2024","","EXPERIMENTS","EXPERIMENTS",""
"","3","IFC-XP.39","","Mon Nov 04 01:22:13 GMT 2024","passed","Mon Nov 04 01:22:13 GMT 2024","","ITERATIVE-CHAINING","ITERATIVE-CHAINING",""
"","4000","basic.test_infer_function_application_type","","Mon Nov 04 00:36:03 GMT 2024","passed","Mon Nov 04 00:36:07 GMT 2024","","WHOLE-TESTS","WHOLE-TESTS",""
"","4000","spaces.add-remove-match-symbols","","Mon Nov 04 00:36:03 GMT 2024","passed","Mon Nov 04 00:36:07 GMT 2024","","WHOLE-TESTS","WHOLE-TESTS",""
"","2","F1-MODULEA.07","","Mon Nov 04 00:35:58 GMT 2024","passed","Mon Nov 04 00:35:58 GMT 2024","","MODULE-SYSTEM","MODULE-SYSTEM",""
"","10009","CLASSICAL.01","","Mon Nov 04 01:02:11 GMT 2024","passed","Mon Nov 04 01:02:21 GMT 2024","","FIZZBUZZ","FIZZBUZZ",""
"","111","TYPES-PRELIM.08","","Mon Nov 04 00:50:44 GMT 2024","failed","Mon Nov 04 00:50:44 GMT 2024","","CHAINING","CHAINING",""
"","2","B5-TYPES-PRELIM.12","","Mon Nov 04 00:36:07 GMT 2024","passed","Mon Nov 04 00:36:07 GMT 2024","","HYPERON-EXPERIMENTAL-SCRIPTS","HYPERON-EXPERIMENTAL-SCRIPTS",""
"","3","IBC-XP.10","","Mon Nov 04 01:22:13 GMT 2024","passed","Mon Nov 04 01:22:13 GMT 2024","","ITERATIVE-CHAINING","ITERATIVE-CHAINING",""
"","5000","common.InTest","","Mon Nov 04 00:36:03 GMT 2024","passed","Mon Nov 04 00:36:08 GMT 2024","","WHOLE-TESTS","WHOLE-TESTS",""
"","176","IFC-XP.24","","Mon Nov 04 01:22:13 GMT 2024","failed","Mon Nov 04 01:22:13 GMT 2024","","ITERATIVE-CHAINING","ITERATIVE-CHAINING",""
"","2","C1-GROUNDED-BASIC.13","","Mon Nov 04 00:45:46 GMT 2024","passed","Mon Nov 04 00:45:46 GMT 2024","","QUICK","QUICK",""
"","4000","metta-morph_tests.peano","","Mon Nov 04 00:36:03 GMT 2024","passed","Mon Nov 04 00:36:07 GMT 2024","","WHOLE-TESTS","WHOLE-TESTS",""
"","5000","hyperon-mettalog_sanity.xor_test","","Mon Nov 04 00:36:03 GMT 2024","passed","Mon Nov 04 00:36:08 GMT 2024","","WHOLE-TESTS","WHOLE-TESTS",""
"","2","BC-COMP.02","","Mon Nov 04 01:49:17 GMT 2024","passed","Mon Nov 04 01:49:17 GMT 2024","","WALK-THRU","WALK-THRU",""
"","2","BCHAIN-COMP.04","","Mon Nov 04 00:43:38 GMT 2024","passed","Mon Nov 04 00:43:38 GMT 2024","","ANTI-REGRESSION","ANTI-REGRESSION",""
"","4000","direct_comp.add_atom_match","","Mon Nov 04 00:36:03 GMT 2024","passed","Mon Nov 04 00:36:07 GMT 2024","","WHOLE-TESTS","WHOLE-TESTS",""
"","3","HYPERPOSE.01","","Mon Nov 04 00:41:36 GMT 2024","passed","Mon Nov 04 00:41:36 GMT 2024","","METTA-MORPH-TESTS","METTA-MORPH-TESTS",""
"","3","SEQUENTIAL-NESTED.01","","Mon Nov 04 00:41:36 GMT 2024","passed","Mon Nov 04 00:41:36 GMT 2024","","METTA-MORPH-TESTS","METTA-MORPH-TESTS",""
"","2","GENE-PLN-XP.02","","Mon Nov 04 01:11:37 GMT 2024","passed","Mon Nov 04 01:11:37 GMT 2024","","PLN","PLN",""
"","3","STRING-TESTS.01","","Mon Nov 04 00:37:43 GMT 2024","passed","Mon Nov 04 00:37:43 GMT 2024","","HYPERON-METTALOG-SANITY","HYPERON-METTALOG-SANITY",""
"","3","OBIF-EASY.02","","Mon Nov 04 01:55:33 GMT 2024","passed","Mon Nov 04 01:55:33 GMT 2024","","MULTIDIRECTIONAL","MULTIDIRECTIONAL",""
"","2","INF-CTL-MONTH-XP-SHORT-3.11","","Mon Nov 04 02:04:14 GMT 2024","passed","Mon Nov 04 02:04:14 GMT 2024","","COMPARISONS","COMPARISONS",""
"","8","C3-PLN-STV.02","","Mon Nov 04 00:36:07 GMT 2024","passed","Mon Nov 04 00:36:07 GMT 2024","","HYPERON-EXPERIMENTAL-SCRIPTS","HYPERON-EXPERIMENTAL-SCRIPTS",""
"","4","NUMTEST.02","","Mon Nov 04 01:16:14 GMT 2024","passed","Mon Nov 04 01:16:14 GMT 2024","","COMMON","COMMON",""
"","3","B1-EQUAL-CHAIN.01","","Mon Nov 04 00:36:07 GMT 2024","passed","Mon Nov 04 00:36:07 GMT 2024","","HYPERON-EXPERIMENTAL-SCRIPTS","HYPERON-EXPERIMENTAL-SCRIPTS",""
"","45000","prev.tests2","","Mon Nov 04 00:36:03 GMT 2024","failed","Mon Nov 04 00:36:48 GMT 2024","","WHOLE-TESTS","WHOLE-TESTS",""
"","1257","PUZZLE.01","","Mon Nov 04 01:03:17 GMT 2024","passed","Mon Nov 04 01:03:18 GMT 2024","","LOGIC","LOGIC",""
"","2","IMPL-METTALOGTESTCURRIED.08","","Mon Nov 04 01:49:17 GMT 2024","passed","Mon Nov 04 01:49:17 GMT 2024","","WALK-THRU","WALK-THRU",""
"","85","STDLIB-METTALOG-TEST-PT2.38","","Mon Nov 04 00:55:08 GMT 2024","failed","Mon Nov 04 00:55:08 GMT 2024","","STDLIB-METTALOG","STDLIB-METTALOG",""
"","1","STRING-TESTS.03","","Mon Nov 04 00:37:43 GMT 2024","passed","Mon Nov 04 00:37:43 GMT 2024","","HYPERON-METTALOG-SANITY","HYPERON-METTALOG-SANITY",""
"","2","NATSTANDALONETEST.02","","Mon Nov 04 01:19:01 GMT 2024","passed","Mon Nov 04 01:19:01 GMT 2024","","HOL","HOL",""
"","3","D4-TYPE-PROP.08","","Mon Nov 04 01:12:10 GMT 2024","passed","Mon Nov 04 01:12:10 GMT 2024","","CHECK-TYPES","CHECK-TYPES",""
"","2","HIGHER-ORDER-FUNCS.05","","Mon Nov 04 00:53:44 GMT 2024","passed","Mon Nov 04 00:53:44 GMT 2024","","STD","STD",""
"","123","PREREQS.07","","Mon Nov 04 00:46:15 GMT 2024","failed","Mon Nov 04 00:46:15 GMT 2024","","MAIN-BRANCH","MAIN-BRANCH",""
"","169","SYNTHESIZE-VIA-UNIFY-TEST.07","","Mon Nov 04 01:26:50 GMT 2024","failed","Mon Nov 04 01:26:50 GMT 2024","","EXPERIMENTS","EXPERIMENTS",""
"","4000","iterators.lazy_test","","Mon Nov 04 00:36:03 GMT 2024","passed","Mon Nov 04 00:36:07 GMT 2024","","WHOLE-TESTS","WHOLE-TESTS",""
"","10273","SIMPLE.01","","Mon Nov 04 01:02:11 GMT 2024","passed","Mon Nov 04 01:02:21 GMT 2024","","FIZZBUZZ","FIZZBUZZ",""
"","1","BACKWARD-CHAINER-XP.33","","Mon Nov 04 01:15:59 GMT 2024","passed","Mon Nov 04 01:15:59 GMT 2024","","BACKWARD-CHAINER","BACKWARD-CHAINER",""
