"DESCRIPTION","DURATION IN MS","NAME","PARENT SUITE","START TIME","STATUS","STOP TIME","SUB SUITE","SUITE","TEST CLASS","TEST METHOD"
"","2","ORDEREDSETTEST.04","","Tue Nov 05 01:14:11 GMT 2024","passed","Tue Nov 05 01:14:11 GMT 2024","","COMMON","COMMON",""
"","2","D2-HIGHERFUNC.16","","Tue Nov 05 01:10:09 GMT 2024","passed","Tue Nov 05 01:10:09 GMT 2024","","CHECK-TYPES","CHECK-TYPES",""
"","2","DEBUG-METTALOGTESTCURRIED.08","","Tue Nov 05 01:47:13 GMT 2024","passed","Tue Nov 05 01:47:13 GMT 2024","","WALK-THRU","WALK-THRU",""
"","2","BACKWARD-CHAINER-XP.07","","Tue Nov 05 01:13:57 GMT 2024","passed","Tue Nov 05 01:13:57 GMT 2024","","BACKWARD-CHAINER","BACKWARD-CHAINER",""
"","3","INF-CTL-XP.18","","Tue Nov 05 01:18:09 GMT 2024","passed","Tue Nov 05 01:18:09 GMT 2024","","INFERENCE-CONTROL","INFERENCE-CONTROL",""
"","3","IBC-XP.30","","Tue Nov 05 01:20:12 GMT 2024","passed","Tue Nov 05 01:20:12 GMT 2024","","ITERATIVE-CHAINING","ITERATIVE-CHAINING",""
"","5","TRUTHVALUETEST.01","","Tue Nov 05 01:14:40 GMT 2024","passed","Tue Nov 05 01:14:40 GMT 2024","","TRUTHVALUE","TRUTHVALUE",""
"","3","CHAPTER-2-2.06","","Tue Nov 05 00:53:14 GMT 2024","passed","Tue Nov 05 00:53:14 GMT 2024","","SICP-BOOK","SICP-BOOK",""
"","2","INF-ORDER-PROBS.11","","Tue Nov 05 01:01:52 GMT 2024","passed","Tue Nov 05 01:01:52 GMT 2024","","PROB-DEP-TYPES","PROB-DEP-TYPES",""
"","2","D4-TYPE-PROP.07","","Tue Nov 05 00:43:40 GMT 2024","passed","Tue Nov 05 00:43:40 GMT 2024","","QUICK","QUICK",""
"","3","00-LANG-CASE.13","","Tue Nov 05 00:35:22 GMT 2024","passed","Tue Nov 05 00:35:22 GMT 2024","","HYPERON-METTALOG-SANITY","HYPERON-METTALOG-SANITY",""
"","507","PROB-DEP-TYPES.09","","Tue Nov 05 01:01:52 GMT 2024","failed","Tue Nov 05 01:01:52 GMT 2024","","PROB-DEP-TYPES","PROB-DEP-TYPES",""
"","2","ADD-REMOVE-MATCH-MIX-FLOAT-INTEGER.11","","Tue Nov 05 00:50:57 GMT 2024","passed","Tue Nov 05 00:50:57 GMT 2024","","SPACES","SPACES",""
"","3","EVIDENTIALTRUTHVALUETEST.04","","Tue Nov 05 01:14:40 GMT 2024","passed","Tue Nov 05 01:14:40 GMT 2024","","TRUTHVALUE","TRUTHVALUE",""
"","5000","metta-morph_tests.types3","","Tue Nov 05 00:33:42 GMT 2024","passed","Tue Nov 05 00:33:47 GMT 2024","","WHOLE-TESTS","WHOLE-TESTS",""
"","2","ADD-REMOVE-MATCH-MIX-FLOAT-INTEGER.26","","Tue Nov 05 00:50:57 GMT 2024","passed","Tue Nov 05 00:50:57 GMT 2024","","SPACES","SPACES",""
"","3591","PROB-DEP-TYPES.15","","Tue Nov 05 01:01:52 GMT 2024","failed","Tue Nov 05 01:01:55 GMT 2024","","PROB-DEP-TYPES","PROB-DEP-TYPES",""
"","75","IMPL-METTALOGTESTCURRIED.09","","Tue Nov 05 01:47:13 GMT 2024","passed","Tue Nov 05 01:47:13 GMT 2024","","WALK-THRU","WALK-THRU",""
"","40","FC-XP.28","","Tue Nov 05 01:16:53 GMT 2024","failed","Tue Nov 05 01:16:53 GMT 2024","","FORWARD-CHAINING","FORWARD-CHAINING",""
"","2","BC-XP.08","","Tue Nov 05 01:14:02 GMT 2024","passed","Tue Nov 05 01:14:02 GMT 2024","","BACKWARD-CHAINING","BACKWARD-CHAINING",""
"","2","FORWARD-CHAINER-XP.22","","Tue Nov 05 01:16:43 GMT 2024","passed","Tue Nov 05 01:16:43 GMT 2024","","FORWARD-CHAINER","FORWARD-CHAINER",""
"","2","CHAPTER-1-1.02","","Tue Nov 05 00:53:14 GMT 2024","passed","Tue Nov 05 00:53:14 GMT 2024","","SICP-BOOK","SICP-BOOK",""
"","6","TYPE-PROP.72","","Tue Nov 05 01:09:48 GMT 2024","passed","Tue Nov 05 01:09:48 GMT 2024","","CHECK-TYPES-TEMP","CHECK-TYPES-TEMP",""
"","1003","PLLM-PENNTREE.07","","Tue Nov 05 02:08:13 GMT 2024","passed","Tue Nov 05 02:08:14 GMT 2024","","LANGUAGE-MODELS","LANGUAGE-MODELS",""
"","1","D4-TYPE-PROP.06","","Tue Nov 05 00:33:46 GMT 2024","passed","Tue Nov 05 00:33:46 GMT 2024","","HYPERON-EXPERIMENTAL-SCRIPTS","HYPERON-EXPERIMENTAL-SCRIPTS",""
"","22","INF-CTL-MONTH-XP.11","","Tue Nov 05 01:18:09 GMT 2024","failed","Tue Nov 05 01:18:09 GMT 2024","","INFERENCE-CONTROL","INFERENCE-CONTROL",""
"","2","E2-STATES.10","","Tue Nov 05 00:33:46 GMT 2024","passed","Tue Nov 05 00:33:46 GMT 2024","","HYPERON-EXPERIMENTAL-SCRIPTS","HYPERON-EXPERIMENTAL-SCRIPTS",""
"","2","ADD-REMOVE-MATCH-MIX-FLOAT-INTEGER.23","","Tue Nov 05 00:50:57 GMT 2024","passed","Tue Nov 05 00:50:57 GMT 2024","","SPACES","SPACES",""
"","1","ADD-REMOVE-MATCH-S-STRINGS.12","","Tue Nov 05 00:50:57 GMT 2024","passed","Tue Nov 05 00:50:57 GMT 2024","","SPACES","SPACES",""
"","1","METTALOGTESTCURRIED2.05","","Tue Nov 05 00:41:27 GMT 2024","passed","Tue Nov 05 00:41:27 GMT 2024","","ANTI-REGRESSION","ANTI-REGRESSION",""
"","3","TYPE-PROP.18","","Tue Nov 05 01:09:48 GMT 2024","passed","Tue Nov 05 01:09:48 GMT 2024","","CHECK-TYPES-TEMP","CHECK-TYPES-TEMP",""
"","1182","TESTS1-PRE.02","","Tue Nov 05 00:44:08 GMT 2024","failed","Tue Nov 05 00:44:09 GMT 2024","","MAIN-BRANCH","MAIN-BRANCH",""
"","2","ADD-REMOVE-MATCH-MIX-FLOAT-INTEGER.09","","Tue Nov 05 00:50:57 GMT 2024","passed","Tue Nov 05 00:50:57 GMT 2024","","SPACES","SPACES",""
"","2","FC-XP.23","","Tue Nov 05 01:16:53 GMT 2024","passed","Tue Nov 05 01:16:53 GMT 2024","","FORWARD-CHAINING","FORWARD-CHAINING",""
"","3","BCHAIN-COMP.06","","Tue Nov 05 00:41:27 GMT 2024","passed","Tue Nov 05 00:41:27 GMT 2024","","ANTI-REGRESSION","ANTI-REGRESSION",""
"","2","TYPE-PROP.07","","Tue Nov 05 00:48:37 GMT 2024","passed","Tue Nov 05 00:48:37 GMT 2024","","CHAINING","CHAINING",""
"","1381","TESTS5.05","","Tue Nov 05 00:44:08 GMT 2024","failed","Tue Nov 05 00:44:09 GMT 2024","","MAIN-BRANCH","MAIN-BRANCH",""
"","3","PLN-STV.01","","Tue Nov 05 00:48:37 GMT 2024","passed","Tue Nov 05 00:48:37 GMT 2024","","CHAINING","CHAINING",""
"","65","TESTS1.01","","Tue Nov 05 01:34:03 GMT 2024","failed","Tue Nov 05 01:34:03 GMT 2024","","NARS-V0","NARS-V0",""
"","40000","parallelism.builtins","","Tue Nov 05 00:33:42 GMT 2024","failed","Tue Nov 05 00:34:22 GMT 2024","","WHOLE-TESTS","WHOLE-TESTS",""
"","4000","transpiler.let_superpose_if_case","","Tue Nov 05 00:33:42 GMT 2024","passed","Tue Nov 05 00:33:46 GMT 2024","","WHOLE-TESTS","WHOLE-TESTS",""
"","160","EXAMPLES-QUANTS.01","","Tue Nov 05 01:54:41 GMT 2024","failed","Tue Nov 05 01:54:41 GMT 2024","","POLYMORPHIC-TYPES","POLYMORPHIC-TYPES",""
"","2","BC-XP.05","","Tue Nov 05 01:14:02 GMT 2024","passed","Tue Nov 05 01:14:02 GMT 2024","","BACKWARD-CHAINING","BACKWARD-CHAINING",""
"","2","XOR-TEST.11","","Tue Nov 05 00:35:22 GMT 2024","passed","Tue Nov 05 00:35:22 GMT 2024","","HYPERON-METTALOG-SANITY","HYPERON-METTALOG-SANITY",""
"","2","IFC-XP.12","","Tue Nov 05 01:20:12 GMT 2024","passed","Tue Nov 05 01:20:12 GMT 2024","","ITERATIVE-CHAINING","ITERATIVE-CHAINING",""
"","1","CML-UNSHARED.03","","Tue Nov 05 01:55:46 GMT 2024","passed","Tue Nov 05 01:55:46 GMT 2024","","BASIC","BASIC",""
"","2","TYPE-PROP.62","","Tue Nov 05 01:09:48 GMT 2024","passed","Tue Nov 05 01:09:48 GMT 2024","","CHECK-TYPES-TEMP","CHECK-TYPES-TEMP",""
"","51","TYPE-PROP.58","","Tue Nov 05 01:09:48 GMT 2024","failed","Tue Nov 05 01:09:48 GMT 2024","","CHECK-TYPES-TEMP","CHECK-TYPES-TEMP",""
"","2","D4-TYPE-PROP.19","","Tue Nov 05 01:10:09 GMT 2024","passed","Tue Nov 05 01:10:09 GMT 2024","","CHECK-TYPES","CHECK-TYPES",""
"","3","BCHAIN.04","","Tue Nov 05 00:41:27 GMT 2024","passed","Tue Nov 05 00:41:27 GMT 2024","","ANTI-REGRESSION","ANTI-REGRESSION",""
"","3","D2-HIGHERFUNC.25","","Tue Nov 05 01:10:09 GMT 2024","passed","Tue Nov 05 01:10:09 GMT 2024","","CHECK-TYPES","CHECK-TYPES",""
"","47","STRUCTURE-TESTS.01","","Tue Nov 05 00:35:22 GMT 2024","passed","Tue Nov 05 00:35:22 GMT 2024","","HYPERON-METTALOG-SANITY","HYPERON-METTALOG-SANITY",""
"","3","E2-STATES.01","","Tue Nov 05 01:10:09 GMT 2024","passed","Tue Nov 05 01:10:09 GMT 2024","","CHECK-TYPES","CHECK-TYPES",""
"","3","UNIQUE-TEST.10","","Tue Nov 05 00:35:22 GMT 2024","passed","Tue Nov 05 00:35:22 GMT 2024","","HYPERON-METTALOG-SANITY","HYPERON-METTALOG-SANITY",""
"","2","HYPERPOSING.06","","Tue Nov 05 01:55:46 GMT 2024","passed","Tue Nov 05 01:55:46 GMT 2024","","BASIC","BASIC",""
"","271","SELF-CONTAINED-SYNTHESIZE.06","","Tue Nov 05 01:24:46 GMT 2024","failed","Tue Nov 05 01:24:46 GMT 2024","","EXPERIMENTS","EXPERIMENTS",""
"","2","TYPE-PROP.77","","Tue Nov 05 01:09:48 GMT 2024","passed","Tue Nov 05 01:09:48 GMT 2024","","CHECK-TYPES-TEMP","CHECK-TYPES-TEMP",""
"","1","C1-GROUNDED-BASIC.04","","Tue Nov 05 00:43:40 GMT 2024","passed","Tue Nov 05 00:43:40 GMT 2024","","QUICK","QUICK",""
"","2","F1-IMPORTS.01","","Tue Nov 05 00:33:37 GMT 2024","passed","Tue Nov 05 00:33:37 GMT 2024","","MODULE-SYSTEM","MODULE-SYSTEM",""
"","3","SPACE-INTERSECTION-TESTS.04","","Tue Nov 05 00:35:22 GMT 2024","passed","Tue Nov 05 00:35:22 GMT 2024","","HYPERON-METTALOG-SANITY","HYPERON-METTALOG-SANITY",""
"","2","TMPMATCH1.04","","Tue Nov 05 01:47:13 GMT 2024","passed","Tue Nov 05 01:47:13 GMT 2024","","WALK-THRU","WALK-THRU",""
"","1020","TESTS2.03","","Tue Nov 05 00:44:08 GMT 2024","failed","Tue Nov 05 00:44:09 GMT 2024","","MAIN-BRANCH","MAIN-BRANCH",""
"","3","UNIFY-VIA-CASE.06","","Tue Nov 05 01:24:46 GMT 2024","passed","Tue Nov 05 01:24:46 GMT 2024","","EXPERIMENTS","EXPERIMENTS",""
"","2","B5-TYPES-PRELIM.16","","Tue Nov 05 00:33:46 GMT 2024","passed","Tue Nov 05 00:33:46 GMT 2024","","HYPERON-EXPERIMENTAL-SCRIPTS","HYPERON-EXPERIMENTAL-SCRIPTS",""
"","4000","hyperon-experimental_scripts.d1_gadt","","Tue Nov 05 00:33:42 GMT 2024","passed","Tue Nov 05 00:33:46 GMT 2024","","WHOLE-TESTS","WHOLE-TESTS",""
"","1","SEQUENTIAL-NESTED.06","","Tue Nov 05 00:39:18 GMT 2024","passed","Tue Nov 05 00:39:18 GMT 2024","","METTA-MORPH-TESTS","METTA-MORPH-TESTS",""
"","3","D4-TYPE-PROP.02","","Tue Nov 05 01:10:09 GMT 2024","passed","Tue Nov 05 01:10:09 GMT 2024","","CHECK-TYPES","CHECK-TYPES",""
"","2","ADD-REMOVE-MATCH-SYMBOLS.04","","Tue Nov 05 00:50:57 GMT 2024","passed","Tue Nov 05 00:50:57 GMT 2024","","SPACES","SPACES",""
"","13","CREATE-SERVER.02","","Tue Nov 05 01:51:36 GMT 2024","failed","Tue Nov 05 01:51:36 GMT 2024","","DISTRIBUTED-PROCESSING","DISTRIBUTED-PROCESSING",""
"","3","D4-TYPE-PROP.10","","Tue Nov 05 00:43:40 GMT 2024","passed","Tue Nov 05 00:43:40 GMT 2024","","QUICK","QUICK",""
"","2","INF-CTL-MONTH-XP-SHORT-3.02","","Tue Nov 05 02:02:03 GMT 2024","passed","Tue Nov 05 02:02:03 GMT 2024","","COMPARISONS","COMPARISONS",""
"","22","IMPLICATIONDIRECTINTRODUCTIONMATCHTEST.01","","Tue Nov 05 01:20:31 GMT 2024","passed","Tue Nov 05 01:20:31 GMT 2024","","MATCH","MATCH",""
"","3","ORDEREDSETTEST.09","","Tue Nov 05 01:14:11 GMT 2024","passed","Tue Nov 05 01:14:11 GMT 2024","","COMMON","COMMON",""
"","2","OR-TEST.09","","Tue Nov 05 00:35:22 GMT 2024","passed","Tue Nov 05 00:35:22 GMT 2024","","HYPERON-METTALOG-SANITY","HYPERON-METTALOG-SANITY",""
"","15","C3-PLN-STV.05","","Tue Nov 05 00:33:46 GMT 2024","passed","Tue Nov 05 00:33:46 GMT 2024","","HYPERON-EXPERIMENTAL-SCRIPTS","HYPERON-EXPERIMENTAL-SCRIPTS",""
"","1","NATPARITYTEST.03","","Tue Nov 05 01:16:58 GMT 2024","passed","Tue Nov 05 01:16:58 GMT 2024","","HOL","HOL",""
"","3","AI-SERVICE-COMPOSITION-SANITY.07","","Tue Nov 05 01:07:17 GMT 2024","passed","Tue Nov 05 01:07:17 GMT 2024","","AI-SERVICE","AI-SERVICE",""
"","673","TESTS0.07","","Tue Nov 05 00:39:18 GMT 2024","passed","Tue Nov 05 00:39:18 GMT 2024","","METTA-MORPH-TESTS","METTA-MORPH-TESTS",""
"","2","D1-GADT.03","","Tue Nov 05 01:10:09 GMT 2024","passed","Tue Nov 05 01:10:09 GMT 2024","","CHECK-TYPES","CHECK-TYPES",""
"","2","NATSTANDALONETEST.07","","Tue Nov 05 01:16:58 GMT 2024","passed","Tue Nov 05 01:16:58 GMT 2024","","HOL","HOL",""
"","4000","hyperon-experimental_scripts.c2_spaces","","Tue Nov 05 00:33:42 GMT 2024","passed","Tue Nov 05 00:33:46 GMT 2024","","WHOLE-TESTS","WHOLE-TESTS",""
"","4000","chaining.parent_go_comp","","Tue Nov 05 00:33:42 GMT 2024","passed","Tue Nov 05 00:33:46 GMT 2024","","WHOLE-TESTS","WHOLE-TESTS",""
"","3","REWRITES.01","","Tue Nov 05 01:05:33 GMT 2024","passed","Tue Nov 05 01:05:33 GMT 2024","","STACK-BASED","STACK-BASED",""
"","112","BASE-TEST-REPR-PARSE-INTERSECTION.01","","Tue Nov 05 00:35:22 GMT 2024","passed","Tue Nov 05 00:35:22 GMT 2024","","HYPERON-METTALOG-SANITY","HYPERON-METTALOG-SANITY",""
"","2","ADD-REMOVE-MATCH-MIX-FLOAT-INTEGER.24","","Tue Nov 05 00:50:57 GMT 2024","passed","Tue Nov 05 00:50:57 GMT 2024","","SPACES","SPACES",""
"","3","D2-HIGHERFUNC.26","","Tue Nov 05 00:43:40 GMT 2024","passed","Tue Nov 05 00:43:40 GMT 2024","","QUICK","QUICK",""
"","3","BACKWARD-CHAINER-XP.41","","Tue Nov 05 01:13:57 GMT 2024","passed","Tue Nov 05 01:13:57 GMT 2024","","BACKWARD-CHAINER","BACKWARD-CHAINER",""
"","2","LISTTEST.11","","Tue Nov 05 01:14:11 GMT 2024","passed","Tue Nov 05 01:14:11 GMT 2024","","COMMON","COMMON",""
"","36","FORWARD-CHAINER-XP.13","","Tue Nov 05 01:16:43 GMT 2024","failed","Tue Nov 05 01:16:43 GMT 2024","","FORWARD-CHAINER","FORWARD-CHAINER",""
"","2","CHAPTER-2-4.10","","Tue Nov 05 00:53:14 GMT 2024","passed","Tue Nov 05 00:53:14 GMT 2024","","SICP-BOOK","SICP-BOOK",""
"","18","INF-CTL-XP.16","","Tue Nov 05 01:18:09 GMT 2024","failed","Tue Nov 05 01:18:09 GMT 2024","","INFERENCE-CONTROL","INFERENCE-CONTROL",""
"","3","LET-SUPERPOSE-LIST.02","","Tue Nov 05 01:46:47 GMT 2024","passed","Tue Nov 05 01:46:47 GMT 2024","","TRANSPILER","TRANSPILER",""
"","2","TYPE-PROP.20","","Tue Nov 05 01:09:48 GMT 2024","passed","Tue Nov 05 01:09:48 GMT 2024","","CHECK-TYPES-TEMP","CHECK-TYPES-TEMP",""
"","2","C2-SPACES.03","","Tue Nov 05 00:33:46 GMT 2024","passed","Tue Nov 05 00:33:46 GMT 2024","","HYPERON-EXPERIMENTAL-SCRIPTS","HYPERON-EXPERIMENTAL-SCRIPTS",""
"","3","A1-SYMBOLS.01","","Tue Nov 05 00:33:46 GMT 2024","passed","Tue Nov 05 00:33:46 GMT 2024","","HYPERON-EXPERIMENTAL-SCRIPTS","HYPERON-EXPERIMENTAL-SCRIPTS",""
"","2","SUPERCOLLAPSE.05","","Tue Nov 05 00:39:18 GMT 2024","passed","Tue Nov 05 00:39:18 GMT 2024","","METTA-MORPH-TESTS","METTA-MORPH-TESTS",""
"","2","BC-XP.06","","Tue Nov 05 01:14:02 GMT 2024","passed","Tue Nov 05 01:14:02 GMT 2024","","BACKWARD-CHAINING","BACKWARD-CHAINING",""
"","41000","main-branch.tests5","","Tue Nov 05 00:33:42 GMT 2024","failed","Tue Nov 05 00:34:23 GMT 2024","","WHOLE-TESTS","WHOLE-TESTS",""
"","3","FORWARD-CHAINER-TEST.16","","Tue Nov 05 01:16:43 GMT 2024","passed","Tue Nov 05 01:16:43 GMT 2024","","FORWARD-CHAINER","FORWARD-CHAINER",""
"","3","SEQUENTIAL-NESTED.01","","Tue Nov 05 00:39:18 GMT 2024","passed","Tue Nov 05 00:39:18 GMT 2024","","METTA-MORPH-TESTS","METTA-MORPH-TESTS",""
"","2","C1-GROUNDED-BASIC.09","","Tue Nov 05 00:33:46 GMT 2024","passed","Tue Nov 05 00:33:46 GMT 2024","","HYPERON-EXPERIMENTAL-SCRIPTS","HYPERON-EXPERIMENTAL-SCRIPTS",""
"","78","F1-IMPORTS.14","","Tue Nov 05 00:33:37 GMT 2024","passed","Tue Nov 05 00:33:37 GMT 2024","","MODULE-SYSTEM","MODULE-SYSTEM",""
"","2","STRING-TESTS.03","","Tue Nov 05 00:35:22 GMT 2024","passed","Tue Nov 05 00:35:22 GMT 2024","","HYPERON-METTALOG-SANITY","HYPERON-METTALOG-SANITY",""
"","2","D2-HIGHERFUNC.25","","Tue Nov 05 00:33:46 GMT 2024","passed","Tue Nov 05 00:33:46 GMT 2024","","HYPERON-EXPERIMENTAL-SCRIPTS","HYPERON-EXPERIMENTAL-SCRIPTS",""
"","2","QUERIES.15","","Tue Nov 05 01:06:24 GMT 2024","passed","Tue Nov 05 01:06:24 GMT 2024","","STRIPS-TO-METTA-IMPROVED","STRIPS-TO-METTA-IMPROVED",""
"","77","00A-LANG-COMPILED-CASE.08","","Tue Nov 05 01:45:47 GMT 2024","passed","Tue Nov 05 01:45:47 GMT 2024","","DIRECT-COMP","DIRECT-COMP",""
"","2","V2-PLN-XP-EASY-IMPL.01","","Tue Nov 05 00:48:37 GMT 2024","passed","Tue Nov 05 00:48:37 GMT 2024","","CHAINING","CHAINING",""
"","4000","prob-dep-types.inf_order_probs","","Tue Nov 05 00:33:42 GMT 2024","passed","Tue Nov 05 00:33:46 GMT 2024","","WHOLE-TESTS","WHOLE-TESTS",""
"","2","F1-MODULEA.05","","Tue Nov 05 00:33:46 GMT 2024","passed","Tue Nov 05 00:33:46 GMT 2024","","HYPERON-EXPERIMENTAL-SCRIPTS","HYPERON-EXPERIMENTAL-SCRIPTS",""
"","852","BC-IMPL.01","","Tue Nov 05 01:47:13 GMT 2024","passed","Tue Nov 05 01:47:13 GMT 2024","","WALK-THRU","WALK-THRU",""
"","4000","hyperon-mettalog_sanity.xor_test","","Tue Nov 05 00:33:42 GMT 2024","passed","Tue Nov 05 00:33:46 GMT 2024","","WHOLE-TESTS","WHOLE-TESTS",""
"","73","F1-IMPORTS.13","","Tue Nov 05 00:33:46 GMT 2024","failed","Tue Nov 05 00:33:46 GMT 2024","","HYPERON-EXPERIMENTAL-SCRIPTS","HYPERON-EXPERIMENTAL-SCRIPTS",""
"","133","INTERPRETER.01","","Tue Nov 05 01:05:33 GMT 2024","failed","Tue Nov 05 01:05:33 GMT 2024","","STACK-BASED","STACK-BASED",""
"","14","D1-GADT.05","","Tue Nov 05 00:43:40 GMT 2024","passed","Tue Nov 05 00:43:40 GMT 2024","","QUICK","QUICK",""
"","2","INF-CTL-MONTH-XP-SHORT-3.11","","Tue Nov 05 02:02:03 GMT 2024","passed","Tue Nov 05 02:02:03 GMT 2024","","COMPARISONS","COMPARISONS",""
"","3","LISTTEST.10","","Tue Nov 05 01:14:11 GMT 2024","passed","Tue Nov 05 01:14:11 GMT 2024","","COMMON","COMMON",""
"","2","F1-IMPORTS.13","","Tue Nov 05 00:33:37 GMT 2024","passed","Tue Nov 05 00:33:37 GMT 2024","","MODULE-SYSTEM","MODULE-SYSTEM",""
"","4000","distributed-processing.use-two-servers","","Tue Nov 05 00:33:42 GMT 2024","passed","Tue Nov 05 00:33:46 GMT 2024","","WHOLE-TESTS","WHOLE-TESTS",""
"","1165","RED-BLACK.03","","Tue Nov 05 01:05:27 GMT 2024","passed","Tue Nov 05 01:05:28 GMT 2024","","RED-BLACK-LAMBDA","RED-BLACK-LAMBDA",""
"","1","NATPARITYTEST.05","","Tue Nov 05 01:16:58 GMT 2024","passed","Tue Nov 05 01:16:58 GMT 2024","","HOL","HOL",""
"","1215","TESTS1.02","","Tue Nov 05 00:44:08 GMT 2024","failed","Tue Nov 05 00:44:09 GMT 2024","","MAIN-BRANCH","MAIN-BRANCH",""
"","2","ADD-REMOVE-MATCH-FLOAT.01","","Tue Nov 05 00:50:57 GMT 2024","passed","Tue Nov 05 00:50:57 GMT 2024","","SPACES","SPACES",""
"","2","LISTTEST.05","","Tue Nov 05 01:14:11 GMT 2024","passed","Tue Nov 05 01:14:11 GMT 2024","","COMMON","COMMON",""
"","4","SEALED-TEST.05","","Tue Nov 05 00:35:22 GMT 2024","passed","Tue Nov 05 00:35:22 GMT 2024","","HYPERON-METTALOG-SANITY","HYPERON-METTALOG-SANITY",""
"","3","CHAPTER-2-2.09","","Tue Nov 05 00:53:14 GMT 2024","passed","Tue Nov 05 00:53:14 GMT 2024","","SICP-BOOK","SICP-BOOK",""
"","2","B5-TYPES-PRELIM.06","","Tue Nov 05 01:09:48 GMT 2024","passed","Tue Nov 05 01:09:48 GMT 2024","","CHECK-TYPES-TEMP","CHECK-TYPES-TEMP",""
"","2","HYPERPOSING-UNSHARED.04","","Tue Nov 05 01:55:46 GMT 2024","passed","Tue Nov 05 01:55:46 GMT 2024","","BASIC","BASIC",""
"","40000","experiments.synthesize-via-let-test","","Tue Nov 05 00:33:42 GMT 2024","failed","Tue Nov 05 00:34:22 GMT 2024","","WHOLE-TESTS","WHOLE-TESTS",""
"","5000","ai-service.ai-service-composition-sanity","","Tue Nov 05 00:33:42 GMT 2024","passed","Tue Nov 05 00:33:47 GMT 2024","","WHOLE-TESTS","WHOLE-TESTS",""
"","2","MATCH-SUPERPOSED-SPACES.05","","Tue Nov 05 00:39:18 GMT 2024","passed","Tue Nov 05 00:39:18 GMT 2024","","METTA-MORPH-TESTS","METTA-MORPH-TESTS",""
"","43000","synth_buffer.time_synthesize_long","","Tue Nov 05 00:33:42 GMT 2024","failed","Tue Nov 05 00:34:25 GMT 2024","","WHOLE-TESTS","WHOLE-TESTS",""
"","2","FORWARD-CHAINER-TEST.02","","Tue Nov 05 01:16:43 GMT 2024","passed","Tue Nov 05 01:16:43 GMT 2024","","FORWARD-CHAINER","FORWARD-CHAINER",""
"","2","CML-UNSHARED.06","","Tue Nov 05 01:55:46 GMT 2024","passed","Tue Nov 05 01:55:46 GMT 2024","","BASIC","BASIC",""
"","2","BC-COMP.03","","Tue Nov 05 00:41:27 GMT 2024","passed","Tue Nov 05 00:41:27 GMT 2024","","ANTI-REGRESSION","ANTI-REGRESSION",""
"","4000","metta-morph_tests.types2","","Tue Nov 05 00:33:42 GMT 2024","passed","Tue Nov 05 00:33:46 GMT 2024","","WHOLE-TESTS","WHOLE-TESTS",""
"","2","FC-XP.25","","Tue Nov 05 01:16:53 GMT 2024","passed","Tue Nov 05 01:16:53 GMT 2024","","FORWARD-CHAINING","FORWARD-CHAINING",""
"","11","AI-SERVICE-COMPOSITION-EASY.07","","Tue Nov 05 01:07:17 GMT 2024","passed","Tue Nov 05 01:07:17 GMT 2024","","AI-SERVICE","AI-SERVICE",""
"","40","FC-XP.09","","Tue Nov 05 01:16:53 GMT 2024","failed","Tue Nov 05 01:16:53 GMT 2024","","FORWARD-CHAINING","FORWARD-CHAINING",""
"","362","SELF-CONTAINED-SYNTHESIZE.10","","Tue Nov 05 01:24:46 GMT 2024","failed","Tue Nov 05 01:24:46 GMT 2024","","EXPERIMENTS","EXPERIMENTS",""
"","3","FORWARD-CHAINER-TEST.03","","Tue Nov 05 01:16:43 GMT 2024","passed","Tue Nov 05 01:16:43 GMT 2024","","FORWARD-CHAINER","FORWARD-CHAINER",""
"","2","TYPE-PROP.45","","Tue Nov 05 01:09:48 GMT 2024","passed","Tue Nov 05 01:09:48 GMT 2024","","CHECK-TYPES-TEMP","CHECK-TYPES-TEMP",""
"","40000","hol.NatSimpleTest","","Tue Nov 05 00:33:42 GMT 2024","passed","Tue Nov 05 00:34:22 GMT 2024","","WHOLE-TESTS","WHOLE-TESTS",""
"","2","IOIOIOI.02","","Tue Nov 05 01:53:28 GMT 2024","passed","Tue Nov 05 01:53:28 GMT 2024","","MULTIDIRECTIONAL","MULTIDIRECTIONAL",""
"","66","INF-CTL-MONTH-XP-SHORT-3.15","","Tue Nov 05 02:02:03 GMT 2024","failed","Tue Nov 05 02:02:03 GMT 2024","","COMPARISONS","COMPARISONS",""
"","181","SYNTHESIZE-VIA-UNIFY-TEST.04","","Tue Nov 05 01:24:46 GMT 2024","failed","Tue Nov 05 01:24:46 GMT 2024","","EXPERIMENTS","EXPERIMENTS",""
"","2","METTALOGTESTCURRIED2.05","","Tue Nov 05 01:47:13 GMT 2024","passed","Tue Nov 05 01:47:13 GMT 2024","","WALK-THRU","WALK-THRU",""
"","61","STDLIB-METTALOG-TEST-PT2.23","","Tue Nov 05 00:53:04 GMT 2024","failed","Tue Nov 05 00:53:04 GMT 2024","","STDLIB-METTALOG","STDLIB-METTALOG",""
"","3","C1-GROUNDED-BASIC.21","","Tue Nov 05 00:33:46 GMT 2024","passed","Tue Nov 05 00:33:46 GMT 2024","","HYPERON-EXPERIMENTAL-SCRIPTS","HYPERON-EXPERIMENTAL-SCRIPTS",""
"","3","ADD-REMOVE-MATCH-S-STRINGS.16","","Tue Nov 05 00:50:57 GMT 2024","passed","Tue Nov 05 00:50:57 GMT 2024","","SPACES","SPACES",""
"","3","B5-TYPES-PRELIM.07","","Tue Nov 05 00:33:46 GMT 2024","passed","Tue Nov 05 00:33:46 GMT 2024","","HYPERON-EXPERIMENTAL-SCRIPTS","HYPERON-EXPERIMENTAL-SCRIPTS",""
"","2","CHAPTER-2-4.08","","Tue Nov 05 00:53:14 GMT 2024","passed","Tue Nov 05 00:53:14 GMT 2024","","SICP-BOOK","SICP-BOOK",""
"","317","NATSIMPLETEST.02","","Tue Nov 05 01:16:58 GMT 2024","failed","Tue Nov 05 01:16:58 GMT 2024","","HOL","HOL",""
"","231","CREATION.03","","Tue Nov 05 01:07:05 GMT 2024","failed","Tue Nov 05 01:07:05 GMT 2024","","TRAVERSER","TRAVERSER",""
"","127","TESTS0.01","","Tue Nov 05 01:37:59 GMT 2024","passed","Tue Nov 05 01:37:59 GMT 2024","","NEW","NEW",""
"","1535","SYNTHESIZE-VIA-CASE-TEST.11","","Tue Nov 05 01:24:46 GMT 2024","failed","Tue Nov 05 01:24:47 GMT 2024","","EXPERIMENTS","EXPERIMENTS",""
"","6","HIGHER-ORDER-FUNCS.08","","Tue Nov 05 00:51:40 GMT 2024","passed","Tue Nov 05 00:51:40 GMT 2024","","STD","STD",""
"","196","IFC-XP.24","","Tue Nov 05 01:20:12 GMT 2024","failed","Tue Nov 05 01:20:12 GMT 2024","","ITERATIVE-CHAINING","ITERATIVE-CHAINING",""
"","2","TESTS1-PRE.07","","Tue Nov 05 00:44:08 GMT 2024","passed","Tue Nov 05 00:44:08 GMT 2024","","MAIN-BRANCH","MAIN-BRANCH",""
"","9","TYPE-PROP.69","","Tue Nov 05 01:09:48 GMT 2024","failed","Tue Nov 05 01:09:48 GMT 2024","","CHECK-TYPES-TEMP","CHECK-TYPES-TEMP",""
"","161","SYNTHESIZE-VIA-UNIFY-TEST.07","","Tue Nov 05 01:24:46 GMT 2024","failed","Tue Nov 05 01:24:46 GMT 2024","","EXPERIMENTS","EXPERIMENTS",""
"","2","FORWARD-CHAINER-TEST.11","","Tue Nov 05 01:16:43 GMT 2024","passed","Tue Nov 05 01:16:43 GMT 2024","","FORWARD-CHAINER","FORWARD-CHAINER",""
"","4000","metta-morph_tests.peano","","Tue Nov 05 00:33:42 GMT 2024","passed","Tue Nov 05 00:33:46 GMT 2024","","WHOLE-TESTS","WHOLE-TESTS",""
"","2","NATPARITYTEST.13","","Tue Nov 05 01:16:58 GMT 2024","passed","Tue Nov 05 01:16:58 GMT 2024","","HOL","HOL",""
"","9000","iterative-chaining.ibc-xp","","Tue Nov 05 00:33:42 GMT 2024","passed","Tue Nov 05 00:33:51 GMT 2024","","WHOLE-TESTS","WHOLE-TESTS",""
"","14","CHAPTER-2-4.18","","Tue Nov 05 00:53:14 GMT 2024","failed","Tue Nov 05 00:53:14 GMT 2024","","SICP-BOOK","SICP-BOOK",""
"","5000","check_types-temp.type_prop","","Tue Nov 05 00:33:42 GMT 2024","passed","Tue Nov 05 00:33:47 GMT 2024","","WHOLE-TESTS","WHOLE-TESTS",""
"","2","IFC-XP.09","","Tue Nov 05 01:20:12 GMT 2024","passed","Tue Nov 05 01:20:12 GMT 2024","","ITERATIVE-CHAINING","ITERATIVE-CHAINING",""
"","4000","spaces.add-remove-match-float","","Tue Nov 05 00:33:42 GMT 2024","passed","Tue Nov 05 00:33:46 GMT 2024","","WHOLE-TESTS","WHOLE-TESTS",""
"","9","D4-TYPE-PROP.03","","Tue Nov 05 01:10:09 GMT 2024","passed","Tue Nov 05 01:10:09 GMT 2024","","CHECK-TYPES","CHECK-TYPES",""
"","2","ADD-REMOVE-MATCH-SYMBOLS.12","","Tue Nov 05 00:50:57 GMT 2024","passed","Tue Nov 05 00:50:57 GMT 2024","","SPACES","SPACES",""
"","2467","TESTS1-PRE.04","","Tue Nov 05 00:44:08 GMT 2024","failed","Tue Nov 05 00:44:10 GMT 2024","","MAIN-BRANCH","MAIN-BRANCH",""
"","3","CHAPTER-1-1.16","","Tue Nov 05 00:53:14 GMT 2024","passed","Tue Nov 05 00:53:14 GMT 2024","","SICP-BOOK","SICP-BOOK",""
"","2","BACKWARD-CHAINER-XP.19","","Tue Nov 05 01:13:57 GMT 2024","passed","Tue Nov 05 01:13:57 GMT 2024","","BACKWARD-CHAINER","BACKWARD-CHAINER",""
"","3","FORWARD-CHAINER-XP.30","","Tue Nov 05 01:16:43 GMT 2024","passed","Tue Nov 05 01:16:43 GMT 2024","","FORWARD-CHAINER","FORWARD-CHAINER",""
"","7000","chaining.v2-pln-xp-sys-impl","","Tue Nov 05 00:33:42 GMT 2024","passed","Tue Nov 05 00:33:49 GMT 2024","","WHOLE-TESTS","WHOLE-TESTS",""
"","3","AI-SERVICE-COMPOSITION-SANITY.01","","Tue Nov 05 01:07:17 GMT 2024","passed","Tue Nov 05 01:07:17 GMT 2024","","AI-SERVICE","AI-SERVICE",""
"","5","SPACE-INTERSECTION-TESTS.06","","Tue Nov 05 00:35:22 GMT 2024","passed","Tue Nov 05 00:35:22 GMT 2024","","HYPERON-METTALOG-SANITY","HYPERON-METTALOG-SANITY",""
"","4000","hyperon-experimental_scripts.b3_direct","","Tue Nov 05 00:33:42 GMT 2024","passed","Tue Nov 05 00:33:46 GMT 2024","","WHOLE-TESTS","WHOLE-TESTS",""
"","4000","debugging.hyperon_experimental_issue_500","","Tue Nov 05 00:33:42 GMT 2024","passed","Tue Nov 05 00:33:46 GMT 2024","","WHOLE-TESTS","WHOLE-TESTS",""
"","2","ADD-REMOVE-MATCH-MIX-FLOAT-INTEGER.03","","Tue Nov 05 00:50:57 GMT 2024","passed","Tue Nov 05 00:50:57 GMT 2024","","SPACES","SPACES",""
"","2","IBC-XP.12","","Tue Nov 05 01:20:12 GMT 2024","passed","Tue Nov 05 01:20:12 GMT 2024","","ITERATIVE-CHAINING","ITERATIVE-CHAINING",""
"","2","ADD-REMOVE-MATCH-MIX-FLOAT-INTEGER.13","","Tue Nov 05 00:50:57 GMT 2024","passed","Tue Nov 05 00:50:57 GMT 2024","","SPACES","SPACES",""
"","63","DEBUG-METTALOGTESTCURRIED.09","","Tue Nov 05 01:47:13 GMT 2024","passed","Tue Nov 05 01:47:13 GMT 2024","","WALK-THRU","WALK-THRU",""
"","5000","hyperon-experimental_scripts.d5_auto_types","","Tue Nov 05 00:33:42 GMT 2024","passed","Tue Nov 05 00:33:47 GMT 2024","","WHOLE-TESTS","WHOLE-TESTS",""
"","4","CHAPTER-2-2.03","","Tue Nov 05 00:53:14 GMT 2024","passed","Tue Nov 05 00:53:14 GMT 2024","","SICP-BOOK","SICP-BOOK",""
"","3","SUBTRACTION-TEST.03","","Tue Nov 05 00:35:22 GMT 2024","passed","Tue Nov 05 00:35:22 GMT 2024","","HYPERON-METTALOG-SANITY","HYPERON-METTALOG-SANITY",""
"","2","TYPES-PRELIM.10","","Tue Nov 05 00:48:37 GMT 2024","passed","Tue Nov 05 00:48:37 GMT 2024","","CHAINING","CHAINING",""
"","2","D4-TYPE-PROP.19","","Tue Nov 05 00:43:40 GMT 2024","passed","Tue Nov 05 00:43:40 GMT 2024","","QUICK","QUICK",""
"","6","IMPL-METTALOGTESTCURRIED.05","","Tue Nov 05 01:47:13 GMT 2024","passed","Tue Nov 05 01:47:13 GMT 2024","","WALK-THRU","WALK-THRU",""
"","2","C1-GROUNDED-BASIC.03","","Tue Nov 05 00:33:46 GMT 2024","passed","Tue Nov 05 00:33:46 GMT 2024","","HYPERON-EXPERIMENTAL-SCRIPTS","HYPERON-EXPERIMENTAL-SCRIPTS",""
"","1732","TESTS5.03","","Tue Nov 05 00:44:08 GMT 2024","failed","Tue Nov 05 00:44:09 GMT 2024","","MAIN-BRANCH","MAIN-BRANCH",""
"","3","STATE-TYPES.05","","Tue Nov 05 01:55:46 GMT 2024","passed","Tue Nov 05 01:55:46 GMT 2024","","BASIC","BASIC",""
"","2","IFC-XP.38","","Tue Nov 05 01:20:12 GMT 2024","passed","Tue Nov 05 01:20:12 GMT 2024","","ITERATIVE-CHAINING","ITERATIVE-CHAINING",""
"","80","STATE-TYPES.04","","Tue Nov 05 01:55:46 GMT 2024","failed","Tue Nov 05 01:55:46 GMT 2024","","BASIC","BASIC",""
"","2","BACKWARD-CHAINER-XP.20","","Tue Nov 05 01:13:57 GMT 2024","passed","Tue Nov 05 01:13:57 GMT 2024","","BACKWARD-CHAINER","BACKWARD-CHAINER",""
"","3","RUN-MINNARS-TRIMMED.01","","Tue Nov 05 01:32:46 GMT 2024","passed","Tue Nov 05 01:32:46 GMT 2024","","NARS-EXTRAS","NARS-EXTRAS",""
"","2","BACKWARD-CHAINER-XP.40","","Tue Nov 05 01:13:57 GMT 2024","passed","Tue Nov 05 01:13:57 GMT 2024","","BACKWARD-CHAINER","BACKWARD-CHAINER",""
"","2","C2-SPACES.04","","Tue Nov 05 00:33:37 GMT 2024","passed","Tue Nov 05 00:33:37 GMT 2024","","MODULE-SYSTEM","MODULE-SYSTEM",""
"","13","D1-GADT.09","","Tue Nov 05 00:33:46 GMT 2024","passed","Tue Nov 05 00:33:46 GMT 2024","","HYPERON-EXPERIMENTAL-SCRIPTS","HYPERON-EXPERIMENTAL-SCRIPTS",""
"","131","TESTS0.02","","Tue Nov 05 01:28:58 GMT 2024","passed","Tue Nov 05 01:28:58 GMT 2024","","CURRENT","CURRENT",""
"","16","STDLIB-METTALOG-TEST-PT2.35","","Tue Nov 05 00:53:04 GMT 2024","passed","Tue Nov 05 00:53:04 GMT 2024","","STDLIB-METTALOG","STDLIB-METTALOG",""
"","2","IFC-XP.31","","Tue Nov 05 01:20:12 GMT 2024","passed","Tue Nov 05 01:20:12 GMT 2024","","ITERATIVE-CHAINING","ITERATIVE-CHAINING",""
"","4","OBIF.01","","Tue Nov 05 01:53:28 GMT 2024","passed","Tue Nov 05 01:53:28 GMT 2024","","MULTIDIRECTIONAL","MULTIDIRECTIONAL",""
"","2","D2-HIGHERFUNC.16","","Tue Nov 05 00:43:40 GMT 2024","passed","Tue Nov 05 00:43:40 GMT 2024","","QUICK","QUICK",""
"","2","FC-XP.02","","Tue Nov 05 01:16:53 GMT 2024","passed","Tue Nov 05 01:16:53 GMT 2024","","FORWARD-CHAINING","FORWARD-CHAINING",""
"","2","DEDUCTIONFORMULATEST.05","","Tue Nov 05 01:14:35 GMT 2024","passed","Tue Nov 05 01:14:35 GMT 2024","","FORMULA","FORMULA",""
"","3","B4-NONDETERM.04","","Tue Nov 05 00:33:46 GMT 2024","passed","Tue Nov 05 00:33:46 GMT 2024","","HYPERON-EXPERIMENTAL-SCRIPTS","HYPERON-EXPERIMENTAL-SCRIPTS",""
"","4","INTERSECTION-TESTS.30","","Tue Nov 05 00:35:22 GMT 2024","passed","Tue Nov 05 00:35:22 GMT 2024","","HYPERON-METTALOG-SANITY","HYPERON-METTALOG-SANITY",""
"","3","D1-GADT.01","","Tue Nov 05 00:33:46 GMT 2024","passed","Tue Nov 05 00:33:46 GMT 2024","","HYPERON-EXPERIMENTAL-SCRIPTS","HYPERON-EXPERIMENTAL-SCRIPTS",""
"","2","SEQUENTIAL-NESTED.10","","Tue Nov 05 00:39:18 GMT 2024","passed","Tue Nov 05 00:39:18 GMT 2024","","METTA-MORPH-TESTS","METTA-MORPH-TESTS",""
"","80","C1-GROUNDED-BASIC.19","","Tue Nov 05 00:43:40 GMT 2024","passed","Tue Nov 05 00:43:40 GMT 2024","","QUICK","QUICK",""
"","2","TYPE-PROP.47","","Tue Nov 05 01:09:48 GMT 2024","passed","Tue Nov 05 01:09:48 GMT 2024","","CHECK-TYPES-TEMP","CHECK-TYPES-TEMP",""
"","2","DEFINE-IF-LIKE.06","","Tue Nov 05 01:45:47 GMT 2024","passed","Tue Nov 05 01:45:47 GMT 2024","","DIRECT-COMP","DIRECT-COMP",""
"","5000","common.ListTest","","Tue Nov 05 00:33:42 GMT 2024","passed","Tue Nov 05 00:33:47 GMT 2024","","WHOLE-TESTS","WHOLE-TESTS",""
"","60","C1-GROUNDED-BASIC.15","","Tue Nov 05 00:33:46 GMT 2024","failed","Tue Nov 05 00:33:46 GMT 2024","","HYPERON-EXPERIMENTAL-SCRIPTS","HYPERON-EXPERIMENTAL-SCRIPTS",""
"","2","BACKWARD-CHAINER-XP.44","","Tue Nov 05 01:13:57 GMT 2024","passed","Tue Nov 05 01:13:57 GMT 2024","","BACKWARD-CHAINER","BACKWARD-CHAINER",""
"","127","ADD-REMOVE-MATCH-SS-STRINGS.14","","Tue Nov 05 00:50:57 GMT 2024","passed","Tue Nov 05 00:50:57 GMT 2024","","SPACES","SPACES",""
"","3","STATE-TYPES.15","","Tue Nov 05 01:55:46 GMT 2024","passed","Tue Nov 05 01:55:46 GMT 2024","","BASIC","BASIC",""
"","8000","john-carry-flower.john-carry-flower-test","","Tue Nov 05 00:33:42 GMT 2024","passed","Tue Nov 05 00:33:50 GMT 2024","","WHOLE-TESTS","WHOLE-TESTS",""
"","501","TESTS0.08","","Tue Nov 05 01:28:58 GMT 2024","failed","Tue Nov 05 01:28:58 GMT 2024","","CURRENT","CURRENT",""
"","2","C1-GROUNDED-BASIC.05","","Tue Nov 05 00:43:40 GMT 2024","passed","Tue Nov 05 00:43:40 GMT 2024","","QUICK","QUICK",""
"","5000","metta-morph_tests.sequential_nested","","Tue Nov 05 00:33:42 GMT 2024","passed","Tue Nov 05 00:33:47 GMT 2024","","WHOLE-TESTS","WHOLE-TESTS",""
"","2","ADD-REMOVE-MATCH-MIX-FLOAT-INTEGER.15","","Tue Nov 05 00:50:57 GMT 2024","passed","Tue Nov 05 00:50:57 GMT 2024","","SPACES","SPACES",""
"","3","TEST-IF-CLOSED.01","","Tue Nov 05 00:41:27 GMT 2024","passed","Tue Nov 05 00:41:27 GMT 2024","","ANTI-REGRESSION","ANTI-REGRESSION",""
"","3","MODUSPONENSDTLTEST.02","","Tue Nov 05 01:12:50 GMT 2024","passed","Tue Nov 05 01:12:50 GMT 2024","","DEPENDENT-TYPES","DEPENDENT-TYPES",""
"","42000","aunt-kg.sergey_rodionov_formulation","","Tue Nov 05 00:33:42 GMT 2024","failed","Tue Nov 05 00:34:24 GMT 2024","","WHOLE-TESTS","WHOLE-TESTS",""
"","2","F1-IMPORTS.15","","Tue Nov 05 00:33:37 GMT 2024","passed","Tue Nov 05 00:33:37 GMT 2024","","MODULE-SYSTEM","MODULE-SYSTEM",""
"","2","D2-HIGHERFUNC.08","","Tue Nov 05 00:33:46 GMT 2024","passed","Tue Nov 05 00:33:46 GMT 2024","","HYPERON-EXPERIMENTAL-SCRIPTS","HYPERON-EXPERIMENTAL-SCRIPTS",""
"","5000","introspect.show-space-self","","Tue Nov 05 00:33:42 GMT 2024","passed","Tue Nov 05 00:33:47 GMT 2024","","WHOLE-TESTS","WHOLE-TESTS",""
"","3","STDLIB-METTALOG-TEST-PT2.19","","Tue Nov 05 00:53:04 GMT 2024","passed","Tue Nov 05 00:53:04 GMT 2024","","STDLIB-METTALOG","STDLIB-METTALOG",""
"","2","TESTS0.04","","Tue Nov 05 01:37:59 GMT 2024","passed","Tue Nov 05 01:37:59 GMT 2024","","NEW","NEW",""
"","2","ADD-REMOVE-MATCH-STRINGS.04","","Tue Nov 05 00:50:57 GMT 2024","passed","Tue Nov 05 00:50:57 GMT 2024","","SPACES","SPACES",""
"","2","B0-CHAINING-PRELIM.04","","Tue Nov 05 00:33:46 GMT 2024","passed","Tue Nov 05 00:33:46 GMT 2024","","HYPERON-EXPERIMENTAL-SCRIPTS","HYPERON-EXPERIMENTAL-SCRIPTS",""
"","2","INF-ORDER-PROBS.09","","Tue Nov 05 01:01:52 GMT 2024","passed","Tue Nov 05 01:01:52 GMT 2024","","PROB-DEP-TYPES","PROB-DEP-TYPES",""
"","16","05-MATCH-SUPERPOSE-ELEMENT-LIKE-SPACE.01","","Tue Nov 05 01:50:24 GMT 2024","failed","Tue Nov 05 01:50:24 GMT 2024","","CONTAINERS-ARE-SPACES","CONTAINERS-ARE-SPACES",""
"","4000","forward-chaining.fc-xp","","Tue Nov 05 00:33:42 GMT 2024","passed","Tue Nov 05 00:33:46 GMT 2024","","WHOLE-TESTS","WHOLE-TESTS",""
"","3","CHAPTER-2-4.02","","Tue Nov 05 00:53:14 GMT 2024","passed","Tue Nov 05 00:53:14 GMT 2024","","SICP-BOOK","SICP-BOOK",""
"","2","E2-STATES.02","","Tue Nov 05 00:33:46 GMT 2024","passed","Tue Nov 05 00:33:46 GMT 2024","","HYPERON-EXPERIMENTAL-SCRIPTS","HYPERON-EXPERIMENTAL-SCRIPTS",""
"","2","D3-DEPTYPES.05","","Tue Nov 05 01:10:09 GMT 2024","passed","Tue Nov 05 01:10:09 GMT 2024","","CHECK-TYPES","CHECK-TYPES",""
"","2","BACKWARD-CHAINER-XP.15","","Tue Nov 05 01:13:57 GMT 2024","passed","Tue Nov 05 01:13:57 GMT 2024","","BACKWARD-CHAINER","BACKWARD-CHAINER",""
"","3","STDLIB-METTALOG-TEST-PT2.54","","Tue Nov 05 00:53:04 GMT 2024","passed","Tue Nov 05 00:53:04 GMT 2024","","STDLIB-METTALOG","STDLIB-METTALOG",""
"","16","TYPE-PROP.03","","Tue Nov 05 01:09:48 GMT 2024","passed","Tue Nov 05 01:09:48 GMT 2024","","CHECK-TYPES-TEMP","CHECK-TYPES-TEMP",""
"","12","TEST-INFER-FUNCTION-APPLICATION-TYPE.11","","Tue Nov 05 01:55:46 GMT 2024","failed","Tue Nov 05 01:55:46 GMT 2024","","BASIC","BASIC",""
"","2","UNIQUE-TEST.04","","Tue Nov 05 00:35:22 GMT 2024","passed","Tue Nov 05 00:35:22 GMT 2024","","HYPERON-METTALOG-SANITY","HYPERON-METTALOG-SANITY",""
"","28","FACTORIAL.01","","Tue Nov 05 00:39:18 GMT 2024","passed","Tue Nov 05 00:39:18 GMT 2024","","METTA-MORPH-TESTS","METTA-MORPH-TESTS",""
"","89","TYPE-PROP.66","","Tue Nov 05 01:09:48 GMT 2024","failed","Tue Nov 05 01:09:48 GMT 2024","","CHECK-TYPES-TEMP","CHECK-TYPES-TEMP",""
"","2","HYPERPOSING-UNSHARED.01","","Tue Nov 05 01:55:46 GMT 2024","passed","Tue Nov 05 01:55:46 GMT 2024","","BASIC","BASIC",""
"","5","ADD-REMOVE-MATCH-MIX-FLOAT-INTEGER.29","","Tue Nov 05 00:50:57 GMT 2024","passed","Tue Nov 05 00:50:57 GMT 2024","","SPACES","SPACES",""
"","4000","chaining.chaining_prelim","","Tue Nov 05 00:33:42 GMT 2024","passed","Tue Nov 05 00:33:46 GMT 2024","","WHOLE-TESTS","WHOLE-TESTS",""
"","492","TESTS0.07","","Tue Nov 05 01:37:59 GMT 2024","failed","Tue Nov 05 01:37:59 GMT 2024","","NEW","NEW",""
"","2","HYPERPOSING.03","","Tue Nov 05 01:55:46 GMT 2024","passed","Tue Nov 05 01:55:46 GMT 2024","","BASIC","BASIC",""
"","6000","basic.hanoi-one-space","","Tue Nov 05 00:33:42 GMT 2024","passed","Tue Nov 05 00:33:48 GMT 2024","","WHOLE-TESTS","WHOLE-TESTS",""
"","2","CML-UNSHARED.07","","Tue Nov 05 01:55:46 GMT 2024","passed","Tue Nov 05 01:55:46 GMT 2024","","BASIC","BASIC",""
"","3","IFC-XP.04","","Tue Nov 05 01:20:12 GMT 2024","passed","Tue Nov 05 01:20:12 GMT 2024","","ITERATIVE-CHAINING","ITERATIVE-CHAINING",""
"","2","BACKWARD-CHAINER-XP.02","","Tue Nov 05 01:13:57 GMT 2024","passed","Tue Nov 05 01:13:57 GMT 2024","","BACKWARD-CHAINER","BACKWARD-CHAINER",""
"","116","STDLIB-METTALOG-TEST-PT2.75","","Tue Nov 05 00:53:04 GMT 2024","failed","Tue Nov 05 00:53:04 GMT 2024","","STDLIB-METTALOG","STDLIB-METTALOG",""
"","2","D2-HIGHERFUNC.08","","Tue Nov 05 01:10:09 GMT 2024","passed","Tue Nov 05 01:10:09 GMT 2024","","CHECK-TYPES","CHECK-TYPES",""
"","2","DEDUCTIONFORMULATEST.08","","Tue Nov 05 01:14:35 GMT 2024","passed","Tue Nov 05 01:14:35 GMT 2024","","FORMULA","FORMULA",""
"","2","D2-HIGHERFUNC.17","","Tue Nov 05 01:10:09 GMT 2024","passed","Tue Nov 05 01:10:09 GMT 2024","","CHECK-TYPES","CHECK-TYPES",""
"","1","HYPERPOSE.02","","Tue Nov 05 00:39:18 GMT 2024","passed","Tue Nov 05 00:39:18 GMT 2024","","METTA-MORPH-TESTS","METTA-MORPH-TESTS",""
"","9","NARS-BUILDTUPLECOUNTS.01","","Tue Nov 05 01:32:46 GMT 2024","passed","Tue Nov 05 01:32:46 GMT 2024","","NARS-EXTRAS","NARS-EXTRAS",""
"","106","C1-GROUNDED-BASIC.14","","Tue Nov 05 00:43:40 GMT 2024","failed","Tue Nov 05 00:43:40 GMT 2024","","QUICK","QUICK",""
"","15","D1-GADT.04","","Tue Nov 05 00:43:40 GMT 2024","passed","Tue Nov 05 00:43:40 GMT 2024","","QUICK","QUICK",""
"","185","SYNTHESIZE-VIA-UNIFY-TEST.01","","Tue Nov 05 01:24:46 GMT 2024","failed","Tue Nov 05 01:24:46 GMT 2024","","EXPERIMENTS","EXPERIMENTS",""
"","4000","curried-chaining.curried-chainer","","Tue Nov 05 00:33:42 GMT 2024","passed","Tue Nov 05 00:33:46 GMT 2024","","WHOLE-TESTS","WHOLE-TESTS",""
"","4","IMPLICATIONDIRECTINTRODUCTIONDTLTEST.06","","Tue Nov 05 01:12:50 GMT 2024","passed","Tue Nov 05 01:12:50 GMT 2024","","DEPENDENT-TYPES","DEPENDENT-TYPES",""
"","16","STDLIB-METTALOG-TEST-PT2.34","","Tue Nov 05 00:53:04 GMT 2024","failed","Tue Nov 05 00:53:04 GMT 2024","","STDLIB-METTALOG","STDLIB-METTALOG",""
"","5000","hyperon-mettalog_sanity.or_test","","Tue Nov 05 00:33:42 GMT 2024","passed","Tue Nov 05 00:33:47 GMT 2024","","WHOLE-TESTS","WHOLE-TESTS",""
"","4000","synthesis.UnifyTest","","Tue Nov 05 00:33:42 GMT 2024","passed","Tue Nov 05 00:33:46 GMT 2024","","WHOLE-TESTS","WHOLE-TESTS",""
"","2","STRING-TESTS.17","","Tue Nov 05 00:35:22 GMT 2024","passed","Tue Nov 05 00:35:22 GMT 2024","","HYPERON-METTALOG-SANITY","HYPERON-METTALOG-SANITY",""
"","4000","metta-morph_tests.letlet","","Tue Nov 05 00:33:42 GMT 2024","passed","Tue Nov 05 00:33:46 GMT 2024","","WHOLE-TESTS","WHOLE-TESTS",""
"","46","SUBTYPING-TEST.03","","Tue Nov 05 01:22:58 GMT 2024","passed","Tue Nov 05 01:22:58 GMT 2024","","SUBTYPING","SUBTYPING",""
"","2","IMPL-METTALOGTESTCURRIED.08","","Tue Nov 05 01:47:13 GMT 2024","passed","Tue Nov 05 01:47:13 GMT 2024","","WALK-THRU","WALK-THRU",""
"","513","NATSIMPLETEST.04","","Tue Nov 05 01:16:58 GMT 2024","failed","Tue Nov 05 01:16:58 GMT 2024","","HOL","HOL",""
"","35","STDLIB-METTALOG-TEST-PT2.18","","Tue Nov 05 00:53:04 GMT 2024","failed","Tue Nov 05 00:53:04 GMT 2024","","STDLIB-METTALOG","STDLIB-METTALOG",""
"","2","TYPES-PRELIM.16","","Tue Nov 05 00:48:37 GMT 2024","passed","Tue Nov 05 00:48:37 GMT 2024","","CHAINING","CHAINING",""
"","4","UNIQUE-TEST.14","","Tue Nov 05 00:35:22 GMT 2024","passed","Tue Nov 05 00:35:22 GMT 2024","","HYPERON-METTALOG-SANITY","HYPERON-METTALOG-SANITY",""
"","2","DEFINE-IF-LIKE.03","","Tue Nov 05 01:45:47 GMT 2024","passed","Tue Nov 05 01:45:47 GMT 2024","","DIRECT-COMP","DIRECT-COMP",""
"","795","INF-ORDER-PROBS.07","","Tue Nov 05 01:01:52 GMT 2024","passed","Tue Nov 05 01:01:52 GMT 2024","","PROB-DEP-TYPES","PROB-DEP-TYPES",""
"","3","COMMA-IS-NOT-SPECIAL.01","","Tue Nov 05 01:47:13 GMT 2024","passed","Tue Nov 05 01:47:13 GMT 2024","","WALK-THRU","WALK-THRU",""
"","2","ADD-REMOVE-MATCH-S-STRINGS.01","","Tue Nov 05 00:50:57 GMT 2024","passed","Tue Nov 05 00:50:57 GMT 2024","","SPACES","SPACES",""
"","5000","collatz.peano","","Tue Nov 05 00:33:42 GMT 2024","passed","Tue Nov 05 00:33:47 GMT 2024","","WHOLE-TESTS","WHOLE-TESTS",""
"","3","UNIQUE-TEST.09","","Tue Nov 05 00:35:22 GMT 2024","passed","Tue Nov 05 00:35:22 GMT 2024","","HYPERON-METTALOG-SANITY","HYPERON-METTALOG-SANITY",""
"","45000","current.tests5","","Tue Nov 05 00:33:42 GMT 2024","failed","Tue Nov 05 00:34:27 GMT 2024","","WHOLE-TESTS","WHOLE-TESTS",""
"","422","IBC-XP.33","","Tue Nov 05 01:20:12 GMT 2024","failed","Tue Nov 05 01:20:12 GMT 2024","","ITERATIVE-CHAINING","ITERATIVE-CHAINING",""
"","5000","hyperon-mettalog_sanity.unique_test","","Tue Nov 05 00:33:42 GMT 2024","passed","Tue Nov 05 00:33:47 GMT 2024","","WHOLE-TESTS","WHOLE-TESTS",""
"","2","D3-DEPTYPES.02","","Tue Nov 05 01:10:09 GMT 2024","passed","Tue Nov 05 01:10:09 GMT 2024","","CHECK-TYPES","CHECK-TYPES",""
"","4","F1-IMPORTS.02","","Tue Nov 05 00:33:46 GMT 2024","passed","Tue Nov 05 00:33:46 GMT 2024","","HYPERON-EXPERIMENTAL-SCRIPTS","HYPERON-EXPERIMENTAL-SCRIPTS",""
"","2","TEST-IF-CLOSED.08","","Tue Nov 05 01:47:13 GMT 2024","passed","Tue Nov 05 01:47:13 GMT 2024","","WALK-THRU","WALK-THRU",""
"","45000","typed-variables.even-number","","Tue Nov 05 00:33:42 GMT 2024","failed","Tue Nov 05 00:34:27 GMT 2024","","WHOLE-TESTS","WHOLE-TESTS",""
"","2","D4-TYPE-PROP.06","","Tue Nov 05 00:43:40 GMT 2024","passed","Tue Nov 05 00:43:40 GMT 2024","","QUICK","QUICK",""
"","58","CHAPTER-2-4.09","","Tue Nov 05 00:53:14 GMT 2024","failed","Tue Nov 05 00:53:14 GMT 2024","","SICP-BOOK","SICP-BOOK",""
"","3","CHAPTER-1-2.02","","Tue Nov 05 00:53:14 GMT 2024","passed","Tue Nov 05 00:53:14 GMT 2024","","SICP-BOOK","SICP-BOOK",""
"","3","INF-CTL-XP.02","","Tue Nov 05 01:18:09 GMT 2024","passed","Tue Nov 05 01:18:09 GMT 2024","","INFERENCE-CONTROL","INFERENCE-CONTROL",""
"","3","F1-IMPORTS.06","","Tue Nov 05 00:43:40 GMT 2024","passed","Tue Nov 05 00:43:40 GMT 2024","","QUICK","QUICK",""
"","2","B5-TYPES-PRELIM.12","","Tue Nov 05 00:33:46 GMT 2024","passed","Tue Nov 05 00:33:46 GMT 2024","","HYPERON-EXPERIMENTAL-SCRIPTS","HYPERON-EXPERIMENTAL-SCRIPTS",""
"","5000","bidirectional_computation.fish-riddle","","Tue Nov 05 00:33:42 GMT 2024","passed","Tue Nov 05 00:33:47 GMT 2024","","WHOLE-TESTS","WHOLE-TESTS",""
"","2","INF-CTL-XP.06","","Tue Nov 05 01:18:09 GMT 2024","passed","Tue Nov 05 01:18:09 GMT 2024","","INFERENCE-CONTROL","INFERENCE-CONTROL",""
"","150","SYNTHESIZE-VIA-LET-TEST.09","","Tue Nov 05 01:24:46 GMT 2024","passed","Tue Nov 05 01:24:46 GMT 2024","","EXPERIMENTS","EXPERIMENTS",""
"","40","IMPLICATIONDIRECTINTRODUCTIONDTLTEST.04","","Tue Nov 05 01:12:50 GMT 2024","failed","Tue Nov 05 01:12:50 GMT 2024","","DEPENDENT-TYPES","DEPENDENT-TYPES",""
"","2","IMPL-METTALOGTESTCURRIED.04","","Tue Nov 05 01:47:13 GMT 2024","passed","Tue Nov 05 01:47:13 GMT 2024","","WALK-THRU","WALK-THRU",""
"","1151","IBC-XP.28","","Tue Nov 05 01:20:12 GMT 2024","passed","Tue Nov 05 01:20:13 GMT 2024","","ITERATIVE-CHAINING","ITERATIVE-CHAINING",""
"","6000","nars_extras.RUN_minnars_trimmed","","Tue Nov 05 00:33:42 GMT 2024","passed","Tue Nov 05 00:33:48 GMT 2024","","WHOLE-TESTS","WHOLE-TESTS",""
"","3","C1-GROUNDED-BASIC.01","","Tue Nov 05 00:33:46 GMT 2024","passed","Tue Nov 05 00:33:46 GMT 2024","","HYPERON-EXPERIMENTAL-SCRIPTS","HYPERON-EXPERIMENTAL-SCRIPTS",""
"","3","A1-SYMBOLS.02","","Tue Nov 05 00:33:46 GMT 2024","passed","Tue Nov 05 00:33:46 GMT 2024","","HYPERON-EXPERIMENTAL-SCRIPTS","HYPERON-EXPERIMENTAL-SCRIPTS",""
"","2","OR-TEST.12","","Tue Nov 05 00:35:22 GMT 2024","passed","Tue Nov 05 00:35:22 GMT 2024","","HYPERON-METTALOG-SANITY","HYPERON-METTALOG-SANITY",""
"","5000","hyperon-experimental_scripts.d2_higherfunc","","Tue Nov 05 00:33:42 GMT 2024","passed","Tue Nov 05 00:33:47 GMT 2024","","WHOLE-TESTS","WHOLE-TESTS",""
"","2","TESTS0.06","","Tue Nov 05 01:28:58 GMT 2024","passed","Tue Nov 05 01:28:58 GMT 2024","","CURRENT","CURRENT",""
"","4","UTILS-TEST.01","","Tue Nov 05 01:13:52 GMT 2024","passed","Tue Nov 05 01:13:52 GMT 2024","","UTILS","UTILS",""
"","2","ADD-REMOVE-MATCH-S-STRINGS.02","","Tue Nov 05 00:50:57 GMT 2024","passed","Tue Nov 05 00:50:57 GMT 2024","","SPACES","SPACES",""
"","6000","experiments.synthesize-via-unify-test","","Tue Nov 05 00:33:42 GMT 2024","passed","Tue Nov 05 00:33:48 GMT 2024","","WHOLE-TESTS","WHOLE-TESTS",""
"","2","BACKWARD-CHAINER-XP.29","","Tue Nov 05 01:13:57 GMT 2024","passed","Tue Nov 05 01:13:57 GMT 2024","","BACKWARD-CHAINER","BACKWARD-CHAINER",""
"","179","SPACE-SUBTRACTION-TESTS.08","","Tue Nov 05 00:35:22 GMT 2024","passed","Tue Nov 05 00:35:22 GMT 2024","","HYPERON-METTALOG-SANITY","HYPERON-METTALOG-SANITY",""
"","6000","metta-morph_tests.nalifier","","Tue Nov 05 00:33:42 GMT 2024","passed","Tue Nov 05 00:33:48 GMT 2024","","WHOLE-TESTS","WHOLE-TESTS",""
"","5000","hyperon-experimental_scripts.c1_grounded_basic","","Tue Nov 05 00:33:42 GMT 2024","passed","Tue Nov 05 00:33:47 GMT 2024","","WHOLE-TESTS","WHOLE-TESTS",""
"","2","01-LANG-INC.02","","Tue Nov 05 00:35:22 GMT 2024","passed","Tue Nov 05 00:35:22 GMT 2024","","HYPERON-METTALOG-SANITY","HYPERON-METTALOG-SANITY",""
"","4000","spaces.add-remove-match-s-strings","","Tue Nov 05 00:33:42 GMT 2024","passed","Tue Nov 05 00:33:46 GMT 2024","","WHOLE-TESTS","WHOLE-TESTS",""
"","10000","chaining.pln-xp","","Tue Nov 05 00:33:42 GMT 2024","passed","Tue Nov 05 00:33:52 GMT 2024","","WHOLE-TESTS","WHOLE-TESTS",""
"","92","INF-ORDER-PROBS.03","","Tue Nov 05 01:01:52 GMT 2024","failed","Tue Nov 05 01:01:52 GMT 2024","","PROB-DEP-TYPES","PROB-DEP-TYPES",""
"","2","C1-GROUNDED-BASIC.10","","Tue Nov 05 00:43:40 GMT 2024","passed","Tue Nov 05 00:43:40 GMT 2024","","QUICK","QUICK",""
"","269","SYNTHESIZE-VIA-LET-TEST.05","","Tue Nov 05 01:24:46 GMT 2024","failed","Tue Nov 05 01:24:46 GMT 2024","","EXPERIMENTS","EXPERIMENTS",""
"","13","SPACE-INTERSECTION-TESTS.16","","Tue Nov 05 00:35:22 GMT 2024","failed","Tue Nov 05 00:35:22 GMT 2024","","HYPERON-METTALOG-SANITY","HYPERON-METTALOG-SANITY",""
"","2","TESTS0.02","","Tue Nov 05 01:37:59 GMT 2024","passed","Tue Nov 05 01:37:59 GMT 2024","","NEW","NEW",""
"","1","INTERSECTION-TESTS.05","","Tue Nov 05 00:35:22 GMT 2024","passed","Tue Nov 05 00:35:22 GMT 2024","","HYPERON-METTALOG-SANITY","HYPERON-METTALOG-SANITY",""
"","3","C3-PLN-STV.01","","Tue Nov 05 00:33:46 GMT 2024","passed","Tue Nov 05 00:33:46 GMT 2024","","HYPERON-EXPERIMENTAL-SCRIPTS","HYPERON-EXPERIMENTAL-SCRIPTS",""
"","4000","walk_thru.comma_is_not_special","","Tue Nov 05 00:33:42 GMT 2024","passed","Tue Nov 05 00:33:46 GMT 2024","","WHOLE-TESTS","WHOLE-TESTS",""
"","2","FORWARD-CHAINER-TEST.08","","Tue Nov 05 01:16:43 GMT 2024","passed","Tue Nov 05 01:16:43 GMT 2024","","FORWARD-CHAINER","FORWARD-CHAINER",""
"","40000","dependent-types.DeductionImplicationDirectIntroductionDTLTest","","Tue Nov 05 00:33:42 GMT 2024","failed","Tue Nov 05 00:34:22 GMT 2024","","WHOLE-TESTS","WHOLE-TESTS",""
"","5000","quick.f1_moduleA","","Tue Nov 05 00:33:42 GMT 2024","passed","Tue Nov 05 00:33:47 GMT 2024","","WHOLE-TESTS","WHOLE-TESTS",""
"","3","TYPE-PROP.42","","Tue Nov 05 01:09:48 GMT 2024","passed","Tue Nov 05 01:09:48 GMT 2024","","CHECK-TYPES-TEMP","CHECK-TYPES-TEMP",""
"","5000","main-branch.tests0","","Tue Nov 05 00:33:42 GMT 2024","passed","Tue Nov 05 00:33:47 GMT 2024","","WHOLE-TESTS","WHOLE-TESTS",""
"","2","TEST-IF-CLOSED.03","","Tue Nov 05 00:41:27 GMT 2024","passed","Tue Nov 05 00:41:27 GMT 2024","","ANTI-REGRESSION","ANTI-REGRESSION",""
"","5000","hyperon-experimental_scripts.e2_states","","Tue Nov 05 00:33:42 GMT 2024","passed","Tue Nov 05 00:33:47 GMT 2024","","WHOLE-TESTS","WHOLE-TESTS",""
"","2","SUBTRACTION-TEST.05","","Tue Nov 05 00:35:22 GMT 2024","passed","Tue Nov 05 00:35:22 GMT 2024","","HYPERON-METTALOG-SANITY","HYPERON-METTALOG-SANITY",""
"","3","IFC-XP.16","","Tue Nov 05 01:20:12 GMT 2024","passed","Tue Nov 05 01:20:12 GMT 2024","","ITERATIVE-CHAINING","ITERATIVE-CHAINING",""
"","5000","basic.state_types","","Tue Nov 05 00:33:42 GMT 2024","passed","Tue Nov 05 00:33:47 GMT 2024","","WHOLE-TESTS","WHOLE-TESTS",""
"","2","HIGHER-ORDER-FUNCS.11","","Tue Nov 05 00:51:40 GMT 2024","passed","Tue Nov 05 00:51:40 GMT 2024","","STD","STD",""
"","4","TYPE-PROP.38","","Tue Nov 05 01:09:48 GMT 2024","passed","Tue Nov 05 01:09:48 GMT 2024","","CHECK-TYPES-TEMP","CHECK-TYPES-TEMP",""
"","2","TMPMATCH1.03","","Tue Nov 05 01:47:13 GMT 2024","passed","Tue Nov 05 01:47:13 GMT 2024","","WALK-THRU","WALK-THRU",""
"","43","BACKWARD-CHAINER-XP.35","","Tue Nov 05 01:13:57 GMT 2024","failed","Tue Nov 05 01:13:57 GMT 2024","","BACKWARD-CHAINER","BACKWARD-CHAINER",""
"","2","IFC-XP.10","","Tue Nov 05 01:20:12 GMT 2024","passed","Tue Nov 05 01:20:12 GMT 2024","","ITERATIVE-CHAINING","ITERATIVE-CHAINING",""
"","4000","hol.ListTest","","Tue Nov 05 00:33:42 GMT 2024","passed","Tue Nov 05 00:33:46 GMT 2024","","WHOLE-TESTS","WHOLE-TESTS",""
"","3","CHAPTER-1-1.04","","Tue Nov 05 00:53:14 GMT 2024","passed","Tue Nov 05 00:53:14 GMT 2024","","SICP-BOOK","SICP-BOOK",""
"","2","COMMA-IS-NOT-SPECIAL.01","","Tue Nov 05 00:41:27 GMT 2024","passed","Tue Nov 05 00:41:27 GMT 2024","","ANTI-REGRESSION","ANTI-REGRESSION",""
"","2","D4-TYPE-PROP.14","","Tue Nov 05 00:33:46 GMT 2024","passed","Tue Nov 05 00:33:46 GMT 2024","","HYPERON-EXPERIMENTAL-SCRIPTS","HYPERON-EXPERIMENTAL-SCRIPTS",""
"","4000","hyperon-mettalog_sanity.00_lang_case","","Tue Nov 05 00:33:42 GMT 2024","passed","Tue Nov 05 00:33:46 GMT 2024","","WHOLE-TESTS","WHOLE-TESTS",""
"","3","D2-HIGHERFUNC.27","","Tue Nov 05 00:43:40 GMT 2024","passed","Tue Nov 05 00:43:40 GMT 2024","","QUICK","QUICK",""
"","139","B5-TYPES-PRELIM.08","","Tue Nov 05 00:33:46 GMT 2024","failed","Tue Nov 05 00:33:46 GMT 2024","","HYPERON-EXPERIMENTAL-SCRIPTS","HYPERON-EXPERIMENTAL-SCRIPTS",""
"","660","TESTS0.07","","Tue Nov 05 01:41:52 GMT 2024","passed","Tue Nov 05 01:41:52 GMT 2024","","PREV","PREV",""
"","2","STDLIB-METTALOG-TEST-PT2.24","","Tue Nov 05 00:53:04 GMT 2024","passed","Tue Nov 05 00:53:04 GMT 2024","","STDLIB-METTALOG","STDLIB-METTALOG",""
"","2","ADD-REMOVE-MATCH-SYMBOLS.03","","Tue Nov 05 00:50:57 GMT 2024","passed","Tue Nov 05 00:50:57 GMT 2024","","SPACES","SPACES",""
"","40","OBIF-CLP.03","","Tue Nov 05 01:53:28 GMT 2024","failed","Tue Nov 05 01:53:28 GMT 2024","","MULTIDIRECTIONAL","MULTIDIRECTIONAL",""
"","103","B5-TYPES-PRELIM.11","","Tue Nov 05 00:33:46 GMT 2024","failed","Tue Nov 05 00:33:46 GMT 2024","","HYPERON-EXPERIMENTAL-SCRIPTS","HYPERON-EXPERIMENTAL-SCRIPTS",""
"","5000","strips-to-metta-flat.queries_flat","","Tue Nov 05 00:33:42 GMT 2024","passed","Tue Nov 05 00:33:47 GMT 2024","","WHOLE-TESTS","WHOLE-TESTS",""
"","4000","metta-morph_tests.match_superposed_spaces","","Tue Nov 05 00:33:42 GMT 2024","passed","Tue Nov 05 00:33:46 GMT 2024","","WHOLE-TESTS","WHOLE-TESTS",""
"","3","D1-GADT.10","","Tue Nov 05 00:43:40 GMT 2024","passed","Tue Nov 05 00:43:40 GMT 2024","","QUICK","QUICK",""
"","3","TESTS0.02","","Tue Nov 05 00:39:18 GMT 2024","passed","Tue Nov 05 00:39:18 GMT 2024","","METTA-MORPH-TESTS","METTA-MORPH-TESTS",""
"","2","NUMTEST.06","","Tue Nov 05 01:14:11 GMT 2024","passed","Tue Nov 05 01:14:11 GMT 2024","","COMMON","COMMON",""
"","73","B4-NONDETERM.03","","Tue Nov 05 00:33:46 GMT 2024","passed","Tue Nov 05 00:33:46 GMT 2024","","HYPERON-EXPERIMENTAL-SCRIPTS","HYPERON-EXPERIMENTAL-SCRIPTS",""
"","1","ADD-REMOVE-MATCH-S-STRINGS.05","","Tue Nov 05 00:50:57 GMT 2024","passed","Tue Nov 05 00:50:57 GMT 2024","","SPACES","SPACES",""
"","3","ADD-REMOVE-MATCH-SS-STRINGS.01","","Tue Nov 05 00:50:57 GMT 2024","passed","Tue Nov 05 00:50:57 GMT 2024","","SPACES","SPACES",""
"","3","TESTS5.04","","Tue Nov 05 00:44:08 GMT 2024","passed","Tue Nov 05 00:44:08 GMT 2024","","MAIN-BRANCH","MAIN-BRANCH",""
"","6000","hyperon-experimental_scripts.c3_pln_stv","","Tue Nov 05 00:33:42 GMT 2024","passed","Tue Nov 05 00:33:48 GMT 2024","","WHOLE-TESTS","WHOLE-TESTS",""
"","4","D4-TYPE-PROP.01","","Tue Nov 05 00:33:46 GMT 2024","passed","Tue Nov 05 00:33:46 GMT 2024","","HYPERON-EXPERIMENTAL-SCRIPTS","HYPERON-EXPERIMENTAL-SCRIPTS",""
"","3","INTERSECTION-TESTS.01","","Tue Nov 05 00:35:22 GMT 2024","passed","Tue Nov 05 00:35:22 GMT 2024","","HYPERON-METTALOG-SANITY","HYPERON-METTALOG-SANITY",""
"","3","SPACE-INTERSECTION-TESTS.18","","Tue Nov 05 00:35:22 GMT 2024","passed","Tue Nov 05 00:35:22 GMT 2024","","HYPERON-METTALOG-SANITY","HYPERON-METTALOG-SANITY",""
"","3","TYPE-PROP.02","","Tue Nov 05 00:48:37 GMT 2024","passed","Tue Nov 05 00:48:37 GMT 2024","","CHAINING","CHAINING",""
"","41000","fizzbuzz.constructive","","Tue Nov 05 00:33:42 GMT 2024","failed","Tue Nov 05 00:34:23 GMT 2024","","WHOLE-TESTS","WHOLE-TESTS",""
"","95","D5-AUTO-TYPES.06","","Tue Nov 05 00:33:46 GMT 2024","failed","Tue Nov 05 00:33:46 GMT 2024","","HYPERON-EXPERIMENTAL-SCRIPTS","HYPERON-EXPERIMENTAL-SCRIPTS",""
"","3","IBC-XP.20","","Tue Nov 05 01:20:12 GMT 2024","passed","Tue Nov 05 01:20:12 GMT 2024","","ITERATIVE-CHAINING","ITERATIVE-CHAINING",""
"","3","TESTS0.04","","Tue Nov 05 01:41:52 GMT 2024","passed","Tue Nov 05 01:41:52 GMT 2024","","PREV","PREV",""
"","3","SYNTHESIZE-VIA-TYPE-CHECKING.11","","Tue Nov 05 01:24:46 GMT 2024","passed","Tue Nov 05 01:24:46 GMT 2024","","EXPERIMENTS","EXPERIMENTS",""
"","3","B5-TYPES-PRELIM.26","","Tue Nov 05 01:09:48 GMT 2024","passed","Tue Nov 05 01:09:48 GMT 2024","","CHECK-TYPES-TEMP","CHECK-TYPES-TEMP",""
"","35","NATDTLTEST.04","","Tue Nov 05 01:16:58 GMT 2024","failed","Tue Nov 05 01:16:58 GMT 2024","","HOL","HOL",""
"","1","HYPERPOSING.08","","Tue Nov 05 01:55:46 GMT 2024","passed","Tue Nov 05 01:55:46 GMT 2024","","BASIC","BASIC",""
"","2","BC-XP.12","","Tue Nov 05 01:14:02 GMT 2024","passed","Tue Nov 05 01:14:02 GMT 2024","","BACKWARD-CHAINING","BACKWARD-CHAINING",""
"","2","AI-SERVICE-COMPOSITION-EASY.03","","Tue Nov 05 01:07:17 GMT 2024","passed","Tue Nov 05 01:07:17 GMT 2024","","AI-SERVICE","AI-SERVICE",""
"","3","D3-DEPTYPES.05","","Tue Nov 05 00:33:46 GMT 2024","passed","Tue Nov 05 00:33:46 GMT 2024","","HYPERON-EXPERIMENTAL-SCRIPTS","HYPERON-EXPERIMENTAL-SCRIPTS",""
"","59","D5-AUTO-TYPES.02","","Tue Nov 05 00:33:46 GMT 2024","failed","Tue Nov 05 00:33:46 GMT 2024","","HYPERON-EXPERIMENTAL-SCRIPTS","HYPERON-EXPERIMENTAL-SCRIPTS",""
"","2","NATSTANDALONETEST.06","","Tue Nov 05 01:16:58 GMT 2024","passed","Tue Nov 05 01:16:58 GMT 2024","","HOL","HOL",""
"","20","UNIFYTEST.01","","Tue Nov 05 01:24:42 GMT 2024","failed","Tue Nov 05 01:24:42 GMT 2024","","SYNTHESIS","SYNTHESIS",""
"","2","IFC-XP.15","","Tue Nov 05 01:20:12 GMT 2024","passed","Tue Nov 05 01:20:12 GMT 2024","","ITERATIVE-CHAINING","ITERATIVE-CHAINING",""
"","2","D4-TYPE-PROP.13","","Tue Nov 05 00:43:40 GMT 2024","passed","Tue Nov 05 00:43:40 GMT 2024","","QUICK","QUICK",""
"","2","STRING-TESTS.02","","Tue Nov 05 00:35:22 GMT 2024","passed","Tue Nov 05 00:35:22 GMT 2024","","HYPERON-METTALOG-SANITY","HYPERON-METTALOG-SANITY",""
"","2476","TESTS1.04","","Tue Nov 05 00:44:08 GMT 2024","failed","Tue Nov 05 00:44:10 GMT 2024","","MAIN-BRANCH","MAIN-BRANCH",""
"","2","METTALOGTESTCURRIED2.06","","Tue Nov 05 01:47:13 GMT 2024","passed","Tue Nov 05 01:47:13 GMT 2024","","WALK-THRU","WALK-THRU",""
"","2","TYPE-PROP.39","","Tue Nov 05 01:09:48 GMT 2024","passed","Tue Nov 05 01:09:48 GMT 2024","","CHECK-TYPES-TEMP","CHECK-TYPES-TEMP",""
"","262","SYNTHESIZE-VIA-CASE-TEST.10","","Tue Nov 05 01:24:46 GMT 2024","failed","Tue Nov 05 01:24:46 GMT 2024","","EXPERIMENTS","EXPERIMENTS",""
"","1","INF-CTL-MONTH-BC-CONT-XP.07","","Tue Nov 05 01:18:09 GMT 2024","passed","Tue Nov 05 01:18:09 GMT 2024","","INFERENCE-CONTROL","INFERENCE-CONTROL",""
"","2","D1-GADT.02","","Tue Nov 05 00:33:46 GMT 2024","passed","Tue Nov 05 00:33:46 GMT 2024","","HYPERON-EXPERIMENTAL-SCRIPTS","HYPERON-EXPERIMENTAL-SCRIPTS",""
"","2","TYPES-PRELIM.02","","Tue Nov 05 00:48:37 GMT 2024","passed","Tue Nov 05 00:48:37 GMT 2024","","CHAINING","CHAINING",""
"","2","SEQUENTIAL-NESTED.12","","Tue Nov 05 00:39:18 GMT 2024","passed","Tue Nov 05 00:39:18 GMT 2024","","METTA-MORPH-TESTS","METTA-MORPH-TESTS",""
"","3","STATE-TYPES.20","","Tue Nov 05 01:55:46 GMT 2024","passed","Tue Nov 05 01:55:46 GMT 2024","","BASIC","BASIC",""
"","5","SUBTYPING-TEST.06","","Tue Nov 05 01:22:58 GMT 2024","passed","Tue Nov 05 01:22:58 GMT 2024","","SUBTYPING","SUBTYPING",""
"","2","A3-TWOSIDE.02","","Tue Nov 05 00:33:46 GMT 2024","passed","Tue Nov 05 00:33:46 GMT 2024","","HYPERON-EXPERIMENTAL-SCRIPTS","HYPERON-EXPERIMENTAL-SCRIPTS",""
"","47","TESTS1-PRE.05","","Tue Nov 05 00:44:08 GMT 2024","failed","Tue Nov 05 00:44:08 GMT 2024","","MAIN-BRANCH","MAIN-BRANCH",""
"","2","D4-TYPE-PROP.07","","Tue Nov 05 00:33:46 GMT 2024","passed","Tue Nov 05 00:33:46 GMT 2024","","HYPERON-EXPERIMENTAL-SCRIPTS","HYPERON-EXPERIMENTAL-SCRIPTS",""
"","3","ADD-REMOVE-MATCH-FLOAT.10","","Tue Nov 05 00:50:57 GMT 2024","passed","Tue Nov 05 00:50:57 GMT 2024","","SPACES","SPACES",""
"","2","D1-GADT.11","","Tue Nov 05 00:33:46 GMT 2024","passed","Tue Nov 05 00:33:46 GMT 2024","","HYPERON-EXPERIMENTAL-SCRIPTS","HYPERON-EXPERIMENTAL-SCRIPTS",""
"","83","F1-IMPORTS.18","","Tue Nov 05 00:33:46 GMT 2024","passed","Tue Nov 05 00:33:46 GMT 2024","","HYPERON-EXPERIMENTAL-SCRIPTS","HYPERON-EXPERIMENTAL-SCRIPTS",""
"","1","XOR-TEST.03","","Tue Nov 05 00:35:22 GMT 2024","passed","Tue Nov 05 00:35:22 GMT 2024","","HYPERON-METTALOG-SANITY","HYPERON-METTALOG-SANITY",""
"","13","D3-DEPTYPES.04","","Tue Nov 05 01:10:09 GMT 2024","passed","Tue Nov 05 01:10:09 GMT 2024","","CHECK-TYPES","CHECK-TYPES",""
"","6","PREREQS.09","","Tue Nov 05 00:44:08 GMT 2024","passed","Tue Nov 05 00:44:08 GMT 2024","","MAIN-BRANCH","MAIN-BRANCH",""
"","2","ADD-REMOVE-MATCH-MIX-FLOAT-INTEGER.05","","Tue Nov 05 00:50:57 GMT 2024","passed","Tue Nov 05 00:50:57 GMT 2024","","SPACES","SPACES",""
"","150","CREATION.01","","Tue Nov 05 01:07:05 GMT 2024","failed","Tue Nov 05 01:07:05 GMT 2024","","TRAVERSER","TRAVERSER",""
"","1167","RED-BLACK.02","","Tue Nov 05 01:05:27 GMT 2024","passed","Tue Nov 05 01:05:28 GMT 2024","","RED-BLACK-LAMBDA","RED-BLACK-LAMBDA",""
"","2","B1-EQUAL-CHAIN.04","","Tue Nov 05 00:33:46 GMT 2024","passed","Tue Nov 05 00:33:46 GMT 2024","","HYPERON-EXPERIMENTAL-SCRIPTS","HYPERON-EXPERIMENTAL-SCRIPTS",""
"","3","D1-GADT.10","","Tue Nov 05 01:10:09 GMT 2024","passed","Tue Nov 05 01:10:09 GMT 2024","","CHECK-TYPES","CHECK-TYPES",""
"","415","SYNTHESIZE-VIA-CASE-TEST.08","","Tue Nov 05 01:24:46 GMT 2024","failed","Tue Nov 05 01:24:46 GMT 2024","","EXPERIMENTS","EXPERIMENTS",""
"","3","STDLIB-METTALOG-TEST-PT2.63","","Tue Nov 05 00:53:04 GMT 2024","passed","Tue Nov 05 00:53:04 GMT 2024","","STDLIB-METTALOG","STDLIB-METTALOG",""
"","215","SHOW-TYPE.17","","Tue Nov 05 00:50:41 GMT 2024","failed","Tue Nov 05 00:50:41 GMT 2024","","INTROSPECT","INTROSPECT",""
"","2","CHAPTER-1-1.13","","Tue Nov 05 00:53:14 GMT 2024","passed","Tue Nov 05 00:53:14 GMT 2024","","SICP-BOOK","SICP-BOOK",""
"","49","DEFINE-IF-LIKE.01","","Tue Nov 05 01:45:47 GMT 2024","failed","Tue Nov 05 01:45:47 GMT 2024","","DIRECT-COMP","DIRECT-COMP",""
"","2","FC-XP.16","","Tue Nov 05 01:16:53 GMT 2024","passed","Tue Nov 05 01:16:53 GMT 2024","","FORWARD-CHAINING","FORWARD-CHAINING",""
"","5000","metta-wam-issue-116.test_spo_100","","Tue Nov 05 00:33:42 GMT 2024","passed","Tue Nov 05 00:33:47 GMT 2024","","WHOLE-TESTS","WHOLE-TESTS",""
"","3452","TRAINING.02","","Tue Nov 05 02:08:13 GMT 2024","passed","Tue Nov 05 02:08:16 GMT 2024","","LANGUAGE-MODELS","LANGUAGE-MODELS",""
"","2","ADD-REMOVE-MATCH-MIX-FLOAT-INTEGER.07","","Tue Nov 05 00:50:57 GMT 2024","passed","Tue Nov 05 00:50:57 GMT 2024","","SPACES","SPACES",""
"","4000","red-black-lambda.red-black","","Tue Nov 05 00:33:42 GMT 2024","passed","Tue Nov 05 00:33:46 GMT 2024","","WHOLE-TESTS","WHOLE-TESTS",""
"","7411","PROB-DEP-TYPES.14","","Tue Nov 05 01:01:52 GMT 2024","failed","Tue Nov 05 01:01:59 GMT 2024","","PROB-DEP-TYPES","PROB-DEP-TYPES",""
"","43","IFC-XP.05","","Tue Nov 05 01:20:12 GMT 2024","failed","Tue Nov 05 01:20:12 GMT 2024","","ITERATIVE-CHAINING","ITERATIVE-CHAINING",""
"","1","HYPERPOSE.03","","Tue Nov 05 00:39:18 GMT 2024","passed","Tue Nov 05 00:39:18 GMT 2024","","METTA-MORPH-TESTS","METTA-MORPH-TESTS",""
"","2","UNIFY-VIA-LET.01","","Tue Nov 05 01:24:46 GMT 2024","passed","Tue Nov 05 01:24:46 GMT 2024","","EXPERIMENTS","EXPERIMENTS",""
"","1580","SYNTHESIZE-VIA-LET-TEST.11","","Tue Nov 05 01:24:46 GMT 2024","failed","Tue Nov 05 01:24:47 GMT 2024","","EXPERIMENTS","EXPERIMENTS",""
"","14","CHAPTER-2-4.20","","Tue Nov 05 00:53:14 GMT 2024","failed","Tue Nov 05 00:53:14 GMT 2024","","SICP-BOOK","SICP-BOOK",""
"","2","TEST-IF-CLOSED.05","","Tue Nov 05 01:47:13 GMT 2024","passed","Tue Nov 05 01:47:13 GMT 2024","","WALK-THRU","WALK-THRU",""
"","3","EXAM-SPACES.01","","Tue Nov 05 00:50:41 GMT 2024","passed","Tue Nov 05 00:50:41 GMT 2024","","INTROSPECT","INTROSPECT",""
"","2","TEST-IF-CLOSED.01","","Tue Nov 05 01:47:13 GMT 2024","passed","Tue Nov 05 01:47:13 GMT 2024","","WALK-THRU","WALK-THRU",""
"","100","ADD-REMOVE-MATCH-STRINGS.16","","Tue Nov 05 00:50:57 GMT 2024","failed","Tue Nov 05 00:50:57 GMT 2024","","SPACES","SPACES",""
"","149","SPACE-INTERSECTION-TESTS.07","","Tue Nov 05 00:35:22 GMT 2024","failed","Tue Nov 05 00:35:22 GMT 2024","","HYPERON-METTALOG-SANITY","HYPERON-METTALOG-SANITY",""
"","3","SUBTYPING-TEST.01","","Tue Nov 05 01:22:58 GMT 2024","passed","Tue Nov 05 01:22:58 GMT 2024","","SUBTYPING","SUBTYPING",""
"","6","OR-TEST.01","","Tue Nov 05 00:35:22 GMT 2024","passed","Tue Nov 05 00:35:22 GMT 2024","","HYPERON-METTALOG-SANITY","HYPERON-METTALOG-SANITY",""
"","5","ADD-REMOVE-MATCH-INTEGER.30","","Tue Nov 05 00:50:57 GMT 2024","passed","Tue Nov 05 00:50:57 GMT 2024","","SPACES","SPACES",""
"","4","ADD-REMOVE-MATCH-SS-STRINGS.15","","Tue Nov 05 00:50:57 GMT 2024","passed","Tue Nov 05 00:50:57 GMT 2024","","SPACES","SPACES",""
"","6","JOHN-CARRY-FLOWER-TEST.04","","Tue Nov 05 01:23:39 GMT 2024","passed","Tue Nov 05 01:23:39 GMT 2024","","JOHN-CARRY-FLOWER","JOHN-CARRY-FLOWER",""
"","3","PC-XP.09","","Tue Nov 05 01:22:53 GMT 2024","passed","Tue Nov 05 01:22:53 GMT 2024","","POLYWARD-CHAINING","POLYWARD-CHAINING",""
"","7000","dependent-types.DeductionDTLTest","","Tue Nov 05 00:33:42 GMT 2024","passed","Tue Nov 05 00:33:49 GMT 2024","","WHOLE-TESTS","WHOLE-TESTS",""
"","2","D3-DEPTYPES.02","","Tue Nov 05 00:33:46 GMT 2024","passed","Tue Nov 05 00:33:46 GMT 2024","","HYPERON-EXPERIMENTAL-SCRIPTS","HYPERON-EXPERIMENTAL-SCRIPTS",""
"","3","STDLIB-METTALOG-TEST-PT2.70","","Tue Nov 05 00:53:04 GMT 2024","passed","Tue Nov 05 00:53:04 GMT 2024","","STDLIB-METTALOG","STDLIB-METTALOG",""
"","4000","comparisons.inf-ctl-month-xp-short_6","","Tue Nov 05 00:33:42 GMT 2024","passed","Tue Nov 05 00:33:46 GMT 2024","","WHOLE-TESTS","WHOLE-TESTS",""
"","3","GADT.01","","Tue Nov 05 00:51:40 GMT 2024","passed","Tue Nov 05 00:51:40 GMT 2024","","STD","STD",""
"","2","NILS-IF-CONTROL-TEST-3.02","","Tue Nov 05 02:02:03 GMT 2024","passed","Tue Nov 05 02:02:03 GMT 2024","","COMPARISONS","COMPARISONS",""
"","13000","walk_thru.bc_impl","","Tue Nov 05 00:33:42 GMT 2024","passed","Tue Nov 05 00:33:55 GMT 2024","","WHOLE-TESTS","WHOLE-TESTS",""
"","4000","hyperon-experimental_scripts.b0_chaining_prelim","","Tue Nov 05 00:33:42 GMT 2024","passed","Tue Nov 05 00:33:46 GMT 2024","","WHOLE-TESTS","WHOLE-TESTS",""
"","2","LETLET.01","","Tue Nov 05 00:39:18 GMT 2024","passed","Tue Nov 05 00:39:18 GMT 2024","","METTA-MORPH-TESTS","METTA-MORPH-TESTS",""
"","2","SYNTHESIZE-VIA-TYPE-CHECKING.04","","Tue Nov 05 01:24:46 GMT 2024","passed","Tue Nov 05 01:24:46 GMT 2024","","EXPERIMENTS","EXPERIMENTS",""
"","5","C1-GROUNDED-BASIC.01","","Tue Nov 05 01:09:48 GMT 2024","passed","Tue Nov 05 01:09:48 GMT 2024","","CHECK-TYPES-TEMP","CHECK-TYPES-TEMP",""
"","2","NUMTEST.05","","Tue Nov 05 01:14:11 GMT 2024","passed","Tue Nov 05 01:14:11 GMT 2024","","COMMON","COMMON",""
"","2","F1-IMPORTS.16","","Tue Nov 05 00:33:37 GMT 2024","passed","Tue Nov 05 00:33:37 GMT 2024","","MODULE-SYSTEM","MODULE-SYSTEM",""
"","2","INTERSECTION-TESTS.25","","Tue Nov 05 00:35:22 GMT 2024","passed","Tue Nov 05 00:35:22 GMT 2024","","HYPERON-METTALOG-SANITY","HYPERON-METTALOG-SANITY",""
"","6000","bigram-sentence-evaluator.unigrams","","Tue Nov 05 00:33:42 GMT 2024","passed","Tue Nov 05 00:33:48 GMT 2024","","WHOLE-TESTS","WHOLE-TESTS",""
"","4","E2-STATES.11","","Tue Nov 05 01:10:09 GMT 2024","passed","Tue Nov 05 01:10:09 GMT 2024","","CHECK-TYPES","CHECK-TYPES",""
"","563","TMPMATCH2.05","","Tue Nov 05 00:41:27 GMT 2024","passed","Tue Nov 05 00:41:27 GMT 2024","","ANTI-REGRESSION","ANTI-REGRESSION",""
"","2","00-LANG-CASE.14","","Tue Nov 05 00:35:22 GMT 2024","passed","Tue Nov 05 00:35:22 GMT 2024","","HYPERON-METTALOG-SANITY","HYPERON-METTALOG-SANITY",""
"","103","INTERSECTION-TESTS.28","","Tue Nov 05 00:35:22 GMT 2024","failed","Tue Nov 05 00:35:22 GMT 2024","","HYPERON-METTALOG-SANITY","HYPERON-METTALOG-SANITY",""
"","3","TYPES2.05","","Tue Nov 05 00:39:18 GMT 2024","passed","Tue Nov 05 00:39:18 GMT 2024","","METTA-MORPH-TESTS","METTA-MORPH-TESTS",""
"","264","TESTS0.06","","Tue Nov 05 01:37:59 GMT 2024","failed","Tue Nov 05 01:37:59 GMT 2024","","NEW","NEW",""
"","5000","spaces.add-remove-match-mix-float-integer","","Tue Nov 05 00:33:42 GMT 2024","passed","Tue Nov 05 00:33:47 GMT 2024","","WHOLE-TESTS","WHOLE-TESTS",""
"","3","C1-GROUNDED-BASIC.21","","Tue Nov 05 00:43:40 GMT 2024","passed","Tue Nov 05 00:43:40 GMT 2024","","QUICK","QUICK",""
"","1","NATSTANDALONETEST.08","","Tue Nov 05 01:16:58 GMT 2024","passed","Tue Nov 05 01:16:58 GMT 2024","","HOL","HOL",""
"","4000","quick.c1_grounded_basic","","Tue Nov 05 00:33:42 GMT 2024","passed","Tue Nov 05 00:33:46 GMT 2024","","WHOLE-TESTS","WHOLE-TESTS",""
"","1","IMPL-METTALOGTESTCURRIED.11","","Tue Nov 05 01:47:13 GMT 2024","passed","Tue Nov 05 01:47:13 GMT 2024","","WALK-THRU","WALK-THRU",""
"","388","IBC-XP.13","","Tue Nov 05 01:20:12 GMT 2024","passed","Tue Nov 05 01:20:12 GMT 2024","","ITERATIVE-CHAINING","ITERATIVE-CHAINING",""
"","2","D2-HIGHERFUNC.18","","Tue Nov 05 01:10:09 GMT 2024","passed","Tue Nov 05 01:10:09 GMT 2024","","CHECK-TYPES","CHECK-TYPES",""
"","2","MATCH-VOID.09","","Tue Nov 05 00:39:18 GMT 2024","passed","Tue Nov 05 00:39:18 GMT 2024","","METTA-MORPH-TESTS","METTA-MORPH-TESTS",""
"","3","CHAINING-PRELIM.02","","Tue Nov 05 00:48:37 GMT 2024","passed","Tue Nov 05 00:48:37 GMT 2024","","CHAINING","CHAINING",""
"","2","06-MATCH-IN-SPACE.05","","Tue Nov 05 00:35:22 GMT 2024","passed","Tue Nov 05 00:35:22 GMT 2024","","HYPERON-METTALOG-SANITY","HYPERON-METTALOG-SANITY",""
"","2","HYPERPOSING-UNSHARED.06","","Tue Nov 05 01:55:46 GMT 2024","passed","Tue Nov 05 01:55:46 GMT 2024","","BASIC","BASIC",""
"","3","BC-COMP.06","","Tue Nov 05 00:41:27 GMT 2024","passed","Tue Nov 05 00:41:27 GMT 2024","","ANTI-REGRESSION","ANTI-REGRESSION",""
"","2","FORWARD-CHAINER-TEST.10","","Tue Nov 05 01:16:43 GMT 2024","passed","Tue Nov 05 01:16:43 GMT 2024","","FORWARD-CHAINER","FORWARD-CHAINER",""
"","216","INF-CTL-MONTH-XP-LONG.01","","Tue Nov 05 02:02:03 GMT 2024","failed","Tue Nov 05 02:02:03 GMT 2024","","COMPARISONS","COMPARISONS",""
"","3","AND-OR.01","","Tue Nov 05 00:39:18 GMT 2024","passed","Tue Nov 05 00:39:18 GMT 2024","","METTA-MORPH-TESTS","METTA-MORPH-TESTS",""
"","3407","TRAINING.03","","Tue Nov 05 02:08:13 GMT 2024","passed","Tue Nov 05 02:08:16 GMT 2024","","LANGUAGE-MODELS","LANGUAGE-MODELS",""
"","2","D2-HIGHERFUNC.12","","Tue Nov 05 00:33:46 GMT 2024","passed","Tue Nov 05 00:33:46 GMT 2024","","HYPERON-EXPERIMENTAL-SCRIPTS","HYPERON-EXPERIMENTAL-SCRIPTS",""
"","3","TEST-IF-CLOSED.09","","Tue Nov 05 01:47:13 GMT 2024","passed","Tue Nov 05 01:47:13 GMT 2024","","WALK-THRU","WALK-THRU",""
"","3","B5-TYPES-PRELIM.10","","Tue Nov 05 00:33:46 GMT 2024","passed","Tue Nov 05 00:33:46 GMT 2024","","HYPERON-EXPERIMENTAL-SCRIPTS","HYPERON-EXPERIMENTAL-SCRIPTS",""
"","6","NATTEST.05","","Tue Nov 05 01:16:58 GMT 2024","passed","Tue Nov 05 01:16:58 GMT 2024","","HOL","HOL",""
"","4000","loop-checks.06_loop_1","","Tue Nov 05 00:33:42 GMT 2024","passed","Tue Nov 05 00:33:46 GMT 2024","","WHOLE-TESTS","WHOLE-TESTS",""
"","2","IFC-XP.30","","Tue Nov 05 01:20:12 GMT 2024","passed","Tue Nov 05 01:20:12 GMT 2024","","ITERATIVE-CHAINING","ITERATIVE-CHAINING",""
"","133","STDLIB-METTALOG-TEST-PT2.48","","Tue Nov 05 00:53:04 GMT 2024","failed","Tue Nov 05 00:53:04 GMT 2024","","STDLIB-METTALOG","STDLIB-METTALOG",""
"","3","IBC-XP.27","","Tue Nov 05 01:20:12 GMT 2024","passed","Tue Nov 05 01:20:12 GMT 2024","","ITERATIVE-CHAINING","ITERATIVE-CHAINING",""
"","15","D2-HIGHERFUNC.21","","Tue Nov 05 00:43:40 GMT 2024","passed","Tue Nov 05 00:43:40 GMT 2024","","QUICK","QUICK",""
"","3","ORIENTATION-TEST.01","","Tue Nov 05 01:23:54 GMT 2024","passed","Tue Nov 05 01:23:54 GMT 2024","","ORIENTATION","ORIENTATION",""
"","2","TYPES2.02","","Tue Nov 05 00:39:18 GMT 2024","passed","Tue Nov 05 00:39:18 GMT 2024","","METTA-MORPH-TESTS","METTA-MORPH-TESTS",""
"","2","FORWARD-CHAINER-XP.10","","Tue Nov 05 01:16:43 GMT 2024","passed","Tue Nov 05 01:16:43 GMT 2024","","FORWARD-CHAINER","FORWARD-CHAINER",""
"","3","D1-GADT.08","","Tue Nov 05 00:43:40 GMT 2024","passed","Tue Nov 05 00:43:40 GMT 2024","","QUICK","QUICK",""
"","5","ADD-REMOVE-MATCH-MIX-FLOAT-INTEGER.30","","Tue Nov 05 00:50:57 GMT 2024","passed","Tue Nov 05 00:50:57 GMT 2024","","SPACES","SPACES",""
"","2","TYPE-PROP.03","","Tue Nov 05 00:48:37 GMT 2024","passed","Tue Nov 05 00:48:37 GMT 2024","","CHAINING","CHAINING",""
"","2","ADD-REMOVE-MATCH-SS-STRINGS.10","","Tue Nov 05 00:50:57 GMT 2024","passed","Tue Nov 05 00:50:57 GMT 2024","","SPACES","SPACES",""
"","2","PC-XP.13","","Tue Nov 05 01:22:53 GMT 2024","passed","Tue Nov 05 01:22:53 GMT 2024","","POLYWARD-CHAINING","POLYWARD-CHAINING",""
"","2","FC-XP.17","","Tue Nov 05 01:16:53 GMT 2024","passed","Tue Nov 05 01:16:53 GMT 2024","","FORWARD-CHAINING","FORWARD-CHAINING",""
"","5000","hyperon-mettalog_sanity.string-tests","","Tue Nov 05 00:33:42 GMT 2024","passed","Tue Nov 05 00:33:47 GMT 2024","","WHOLE-TESTS","WHOLE-TESTS",""
"","5000","containers_are_spaces.05_match_superpose_element_like_space","","Tue Nov 05 00:33:42 GMT 2024","passed","Tue Nov 05 00:33:47 GMT 2024","","WHOLE-TESTS","WHOLE-TESTS",""
"","2","TEST-IF-CLOSED.02","","Tue Nov 05 00:41:27 GMT 2024","passed","Tue Nov 05 00:41:27 GMT 2024","","ANTI-REGRESSION","ANTI-REGRESSION",""
"","241","SYNTHESIZE-VIA-LET-TEST.02","","Tue Nov 05 01:24:46 GMT 2024","failed","Tue Nov 05 01:24:46 GMT 2024","","EXPERIMENTS","EXPERIMENTS",""
"","2","ADD-REMOVE-MATCH-INTEGER.18","","Tue Nov 05 00:50:57 GMT 2024","passed","Tue Nov 05 00:50:57 GMT 2024","","SPACES","SPACES",""
"","3","B5-TYPES-PRELIM.07","","Tue Nov 05 01:09:48 GMT 2024","passed","Tue Nov 05 01:09:48 GMT 2024","","CHECK-TYPES-TEMP","CHECK-TYPES-TEMP",""
"","6000","nars_v0.tests0","","Tue Nov 05 00:33:42 GMT 2024","passed","Tue Nov 05 00:33:48 GMT 2024","","WHOLE-TESTS","WHOLE-TESTS",""
"","517","TESTS5.01","","Tue Nov 05 00:44:08 GMT 2024","failed","Tue Nov 05 00:44:08 GMT 2024","","MAIN-BRANCH","MAIN-BRANCH",""
"","5000","hyperon-experimental_scripts.b4_nondeterm","","Tue Nov 05 00:33:42 GMT 2024","passed","Tue Nov 05 00:33:47 GMT 2024","","WHOLE-TESTS","WHOLE-TESTS",""
"","5000","std.kb_write","","Tue Nov 05 00:33:42 GMT 2024","passed","Tue Nov 05 00:33:47 GMT 2024","","WHOLE-TESTS","WHOLE-TESTS",""
"","7000","soap_opera_corpus.so_convert","","Tue Nov 05 00:33:42 GMT 2024","passed","Tue Nov 05 00:33:49 GMT 2024","","WHOLE-TESTS","WHOLE-TESTS",""
"","41000","loop-checks.06_loop_2","","Tue Nov 05 00:33:42 GMT 2024","failed","Tue Nov 05 00:34:23 GMT 2024","","WHOLE-TESTS","WHOLE-TESTS",""
"","2","ADD-REMOVE-MATCH-INTEGER.04","","Tue Nov 05 00:50:57 GMT 2024","passed","Tue Nov 05 00:50:57 GMT 2024","","SPACES","SPACES",""
"","2","INF-CTL-MONTH-BC-CONT-XP.10","","Tue Nov 05 01:18:09 GMT 2024","passed","Tue Nov 05 01:18:09 GMT 2024","","INFERENCE-CONTROL","INFERENCE-CONTROL",""
"","1","CML-UNSHARED.05","","Tue Nov 05 01:55:46 GMT 2024","passed","Tue Nov 05 01:55:46 GMT 2024","","BASIC","BASIC",""
"","2","BC-XP.21","","Tue Nov 05 01:14:02 GMT 2024","passed","Tue Nov 05 01:14:02 GMT 2024","","BACKWARD-CHAINING","BACKWARD-CHAINING",""
"","2","NON-DETERMINISM.01","","Tue Nov 05 01:24:46 GMT 2024","passed","Tue Nov 05 01:24:46 GMT 2024","","EXPERIMENTS","EXPERIMENTS",""
"","6","GENE-PLN-XP.03","","Tue Nov 05 01:09:36 GMT 2024","passed","Tue Nov 05 01:09:36 GMT 2024","","PLN","PLN",""
"","3","B5-TYPES-PRELIM.21","","Tue Nov 05 00:33:46 GMT 2024","passed","Tue Nov 05 00:33:46 GMT 2024","","HYPERON-EXPERIMENTAL-SCRIPTS","HYPERON-EXPERIMENTAL-SCRIPTS",""
"","2","METTALOGTESTCURRIED2.03","","Tue Nov 05 01:47:13 GMT 2024","passed","Tue Nov 05 01:47:13 GMT 2024","","WALK-THRU","WALK-THRU",""
"","2","PEANO.01","","Tue Nov 05 00:39:18 GMT 2024","passed","Tue Nov 05 00:39:18 GMT 2024","","METTA-MORPH-TESTS","METTA-MORPH-TESTS",""
"","2","INTERSECTION-TESTS.04","","Tue Nov 05 00:35:22 GMT 2024","passed","Tue Nov 05 00:35:22 GMT 2024","","HYPERON-METTALOG-SANITY","HYPERON-METTALOG-SANITY",""
"","3","IMPLICATIONDIRECTINTRODUCTIONDTLTEST.10","","Tue Nov 05 01:12:50 GMT 2024","passed","Tue Nov 05 01:12:50 GMT 2024","","DEPENDENT-TYPES","DEPENDENT-TYPES",""
"","2","B2-BACKCHAIN.04","","Tue Nov 05 00:33:46 GMT 2024","passed","Tue Nov 05 00:33:46 GMT 2024","","HYPERON-EXPERIMENTAL-SCRIPTS","HYPERON-EXPERIMENTAL-SCRIPTS",""
"","63","STDLIB-METTALOG-TEST-PT2.06","","Tue Nov 05 00:53:04 GMT 2024","failed","Tue Nov 05 00:53:04 GMT 2024","","STDLIB-METTALOG","STDLIB-METTALOG",""
"","132","TYPE-PROP.76","","Tue Nov 05 01:09:48 GMT 2024","failed","Tue Nov 05 01:09:48 GMT 2024","","CHECK-TYPES-TEMP","CHECK-TYPES-TEMP",""
"","2","D4-TYPE-PROP.09","","Tue Nov 05 00:43:40 GMT 2024","passed","Tue Nov 05 00:43:40 GMT 2024","","QUICK","QUICK",""
"","2","DEDUCTIONFORMULATEST.06","","Tue Nov 05 01:14:35 GMT 2024","passed","Tue Nov 05 01:14:35 GMT 2024","","FORMULA","FORMULA",""
"","74","CREATE-SERVER.04","","Tue Nov 05 01:51:36 GMT 2024","failed","Tue Nov 05 01:51:36 GMT 2024","","DISTRIBUTED-PROCESSING","DISTRIBUTED-PROCESSING",""
"","2","DEDUCTIONFORMULATEST.07","","Tue Nov 05 01:14:35 GMT 2024","passed","Tue Nov 05 01:14:35 GMT 2024","","FORMULA","FORMULA",""
"","342","SYNTHESIZE-VIA-CASE-TEST.07","","Tue Nov 05 01:24:46 GMT 2024","failed","Tue Nov 05 01:24:46 GMT 2024","","EXPERIMENTS","EXPERIMENTS",""
"","1","BACKWARD-CHAINER-XP.31","","Tue Nov 05 01:13:57 GMT 2024","passed","Tue Nov 05 01:13:57 GMT 2024","","BACKWARD-CHAINER","BACKWARD-CHAINER",""
"","2","QUERIES.14","","Tue Nov 05 01:06:24 GMT 2024","passed","Tue Nov 05 01:06:24 GMT 2024","","STRIPS-TO-METTA-IMPROVED","STRIPS-TO-METTA-IMPROVED",""
"","54","OBIF-CLP.02","","Tue Nov 05 01:53:28 GMT 2024","failed","Tue Nov 05 01:53:28 GMT 2024","","MULTIDIRECTIONAL","MULTIDIRECTIONAL",""
"","1","BACKWARD-CHAINER-XP.17","","Tue Nov 05 01:13:57 GMT 2024","passed","Tue Nov 05 01:13:57 GMT 2024","","BACKWARD-CHAINER","BACKWARD-CHAINER",""
"","40000","basic.hanoi-peg-space","","Tue Nov 05 00:33:42 GMT 2024","failed","Tue Nov 05 00:34:22 GMT 2024","","WHOLE-TESTS","WHOLE-TESTS",""
"","13","D3-DEPTYPES.04","","Tue Nov 05 00:33:46 GMT 2024","passed","Tue Nov 05 00:33:46 GMT 2024","","HYPERON-EXPERIMENTAL-SCRIPTS","HYPERON-EXPERIMENTAL-SCRIPTS",""
"","6","SEALED-TEST.08","","Tue Nov 05 00:35:22 GMT 2024","passed","Tue Nov 05 00:35:22 GMT 2024","","HYPERON-METTALOG-SANITY","HYPERON-METTALOG-SANITY",""
"","3","FORWARD-CHAINER-XP.26","","Tue Nov 05 01:16:43 GMT 2024","passed","Tue Nov 05 01:16:43 GMT 2024","","FORWARD-CHAINER","FORWARD-CHAINER",""
"","3","TRUTHVALUETEST.06","","Tue Nov 05 01:14:40 GMT 2024","passed","Tue Nov 05 01:14:40 GMT 2024","","TRUTHVALUE","TRUTHVALUE",""
"","7","GENE-PLN-XP.01","","Tue Nov 05 01:09:36 GMT 2024","passed","Tue Nov 05 01:09:36 GMT 2024","","PLN","PLN",""
"","71","TESTS1.01","","Tue Nov 05 01:37:59 GMT 2024","failed","Tue Nov 05 01:37:59 GMT 2024","","NEW","NEW",""
"","6","OR-TEST.11","","Tue Nov 05 00:35:22 GMT 2024","passed","Tue Nov 05 00:35:22 GMT 2024","","HYPERON-METTALOG-SANITY","HYPERON-METTALOG-SANITY",""
"","180","USE-TWO-SERVERS.01","","Tue Nov 05 01:51:36 GMT 2024","failed","Tue Nov 05 01:51:36 GMT 2024","","DISTRIBUTED-PROCESSING","DISTRIBUTED-PROCESSING",""
"","15","SYNTHESIZE-VIA-TYPE-CHECKING.02","","Tue Nov 05 01:24:46 GMT 2024","passed","Tue Nov 05 01:24:46 GMT 2024","","EXPERIMENTS","EXPERIMENTS",""
"","2","D1-GADT.11","","Tue Nov 05 01:10:09 GMT 2024","passed","Tue Nov 05 01:10:09 GMT 2024","","CHECK-TYPES","CHECK-TYPES",""
"","55","TYPES-PRELIM.12","","Tue Nov 05 00:48:37 GMT 2024","failed","Tue Nov 05 00:48:37 GMT 2024","","CHAINING","CHAINING",""
"","4","RUN-MINNARS.01","","Tue Nov 05 01:32:46 GMT 2024","passed","Tue Nov 05 01:32:46 GMT 2024","","NARS-EXTRAS","NARS-EXTRAS",""
"","6000","metta-morph_tests.minnars","","Tue Nov 05 00:33:42 GMT 2024","passed","Tue Nov 05 00:33:48 GMT 2024","","WHOLE-TESTS","WHOLE-TESTS",""
"","2","ADD-REMOVE-MATCH-MIX-FLOAT-INTEGER.21","","Tue Nov 05 00:50:57 GMT 2024","passed","Tue Nov 05 00:50:57 GMT 2024","","SPACES","SPACES",""
"","3","BC-XP.10","","Tue Nov 05 01:14:02 GMT 2024","passed","Tue Nov 05 01:14:02 GMT 2024","","BACKWARD-CHAINING","BACKWARD-CHAINING",""
"","2","BC-XP.16","","Tue Nov 05 01:14:02 GMT 2024","passed","Tue Nov 05 01:14:02 GMT 2024","","BACKWARD-CHAINING","BACKWARD-CHAINING",""
"","19","QUERIES.03","","Tue Nov 05 01:06:24 GMT 2024","passed","Tue Nov 05 01:06:24 GMT 2024","","STRIPS-TO-METTA-IMPROVED","STRIPS-TO-METTA-IMPROVED",""
"","46000","prev.tests2","","Tue Nov 05 00:33:42 GMT 2024","failed","Tue Nov 05 00:34:28 GMT 2024","","WHOLE-TESTS","WHOLE-TESTS",""
"","3","ADD-REMOVE-MATCH-FLOAT.15","","Tue Nov 05 00:50:57 GMT 2024","passed","Tue Nov 05 00:50:57 GMT 2024","","SPACES","SPACES",""
"","3","FORWARD-CHAINER-XP.29","","Tue Nov 05 01:16:43 GMT 2024","passed","Tue Nov 05 01:16:43 GMT 2024","","FORWARD-CHAINER","FORWARD-CHAINER",""
"","405","SYNTHESIZE-VIA-LET-TEST.01","","Tue Nov 05 01:24:46 GMT 2024","failed","Tue Nov 05 01:24:46 GMT 2024","","EXPERIMENTS","EXPERIMENTS",""
"","36000","dependent-types.ImplicationDirectIntroductionDTLTest","","Tue Nov 05 00:33:42 GMT 2024","passed","Tue Nov 05 00:34:18 GMT 2024","","WHOLE-TESTS","WHOLE-TESTS",""
"","2","B4-NONDETERM.05","","Tue Nov 05 00:33:46 GMT 2024","passed","Tue Nov 05 00:33:46 GMT 2024","","HYPERON-EXPERIMENTAL-SCRIPTS","HYPERON-EXPERIMENTAL-SCRIPTS",""
"","493","PARENT-GO-COMP.01","","Tue Nov 05 00:48:37 GMT 2024","passed","Tue Nov 05 00:48:37 GMT 2024","","CHAINING","CHAINING",""
"","3","HYPERPOSING-SHARED.01","","Tue Nov 05 01:55:46 GMT 2024","passed","Tue Nov 05 01:55:46 GMT 2024","","BASIC","BASIC",""
"","2","OR-TEST.15","","Tue Nov 05 00:35:22 GMT 2024","passed","Tue Nov 05 00:35:22 GMT 2024","","HYPERON-METTALOG-SANITY","HYPERON-METTALOG-SANITY",""
"","17","INF-CTL-XP.15","","Tue Nov 05 01:18:09 GMT 2024","failed","Tue Nov 05 01:18:09 GMT 2024","","INFERENCE-CONTROL","INFERENCE-CONTROL",""
"","2","BACKWARD-CHAINER-XP.05","","Tue Nov 05 01:13:57 GMT 2024","passed","Tue Nov 05 01:13:57 GMT 2024","","BACKWARD-CHAINER","BACKWARD-CHAINER",""
"","1","BACKWARD-CHAINER-XP.37","","Tue Nov 05 01:13:57 GMT 2024","passed","Tue Nov 05 01:13:57 GMT 2024","","BACKWARD-CHAINER","BACKWARD-CHAINER",""
"","2","ADD-REMOVE-MATCH-INTEGER.37","","Tue Nov 05 00:50:57 GMT 2024","passed","Tue Nov 05 00:50:57 GMT 2024","","SPACES","SPACES",""
"","3","TESTS2.08","","Tue Nov 05 00:44:08 GMT 2024","passed","Tue Nov 05 00:44:08 GMT 2024","","MAIN-BRANCH","MAIN-BRANCH",""
"","11","C1-GROUNDED-BASIC.23","","Tue Nov 05 00:33:46 GMT 2024","passed","Tue Nov 05 00:33:46 GMT 2024","","HYPERON-EXPERIMENTAL-SCRIPTS","HYPERON-EXPERIMENTAL-SCRIPTS",""
"","1","INF-CTL-MONTH-BC-CONT-XP.08","","Tue Nov 05 01:18:09 GMT 2024","passed","Tue Nov 05 01:18:09 GMT 2024","","INFERENCE-CONTROL","INFERENCE-CONTROL",""
"","1","CHAPTER-1-1.03","","Tue Nov 05 00:53:14 GMT 2024","passed","Tue Nov 05 00:53:14 GMT 2024","","SICP-BOOK","SICP-BOOK",""
"","3","INF-CTL-MONTH-BC-CONT-XP.22","","Tue Nov 05 01:18:09 GMT 2024","passed","Tue Nov 05 01:18:09 GMT 2024","","INFERENCE-CONTROL","INFERENCE-CONTROL",""
"","3","INTEST.01","","Tue Nov 05 01:14:11 GMT 2024","passed","Tue Nov 05 01:14:11 GMT 2024","","COMMON","COMMON",""
"","3","SYNTHESIZE-VIA-TYPE-CHECKING.13","","Tue Nov 05 01:24:46 GMT 2024","passed","Tue Nov 05 01:24:46 GMT 2024","","EXPERIMENTS","EXPERIMENTS",""
"","2","TYPE-PROP.48","","Tue Nov 05 01:09:48 GMT 2024","passed","Tue Nov 05 01:09:48 GMT 2024","","CHECK-TYPES-TEMP","CHECK-TYPES-TEMP",""
"","2","TYPE-PROP.34","","Tue Nov 05 01:09:48 GMT 2024","passed","Tue Nov 05 01:09:48 GMT 2024","","CHECK-TYPES-TEMP","CHECK-TYPES-TEMP",""
"","2","XOR-TEST.07","","Tue Nov 05 00:35:22 GMT 2024","passed","Tue Nov 05 00:35:22 GMT 2024","","HYPERON-METTALOG-SANITY","HYPERON-METTALOG-SANITY",""
"","69","ADD-REMOVE-MATCH-INTEGER.28","","Tue Nov 05 00:50:57 GMT 2024","passed","Tue Nov 05 00:50:57 GMT 2024","","SPACES","SPACES",""
"","3","INF-CTL-XP.04","","Tue Nov 05 01:18:09 GMT 2024","passed","Tue Nov 05 01:18:09 GMT 2024","","INFERENCE-CONTROL","INFERENCE-CONTROL",""
"","216","SYNTHESIZE-VIA-CASE-TEST.02","","Tue Nov 05 01:24:46 GMT 2024","failed","Tue Nov 05 01:24:46 GMT 2024","","EXPERIMENTS","EXPERIMENTS",""
"","3","TYPES-PRELIM.17","","Tue Nov 05 00:48:37 GMT 2024","passed","Tue Nov 05 00:48:37 GMT 2024","","CHAINING","CHAINING",""
"","2","CHAPTER-1-1.08","","Tue Nov 05 00:53:14 GMT 2024","passed","Tue Nov 05 00:53:14 GMT 2024","","SICP-BOOK","SICP-BOOK",""
"","2","ALL-ANY.01","","Tue Nov 05 01:01:12 GMT 2024","passed","Tue Nov 05 01:01:12 GMT 2024","","LOGIC","LOGIC",""
"","1","BASIC.08","","Tue Nov 05 01:07:05 GMT 2024","passed","Tue Nov 05 01:07:05 GMT 2024","","TRAVERSER","TRAVERSER",""
"","1","HYPERPOSING-UNSHARED.05","","Tue Nov 05 01:55:46 GMT 2024","passed","Tue Nov 05 01:55:46 GMT 2024","","BASIC","BASIC",""
"","3","TYPES-PRELIM.18","","Tue Nov 05 00:48:37 GMT 2024","passed","Tue Nov 05 00:48:37 GMT 2024","","CHAINING","CHAINING",""
"","17260","NARS-BUILDTUPLECOUNTS.02","","Tue Nov 05 01:32:46 GMT 2024","failed","Tue Nov 05 01:33:03 GMT 2024","","NARS-EXTRAS","NARS-EXTRAS",""
"","2","ORDEREDSETTEST.07","","Tue Nov 05 01:14:11 GMT 2024","passed","Tue Nov 05 01:14:11 GMT 2024","","COMMON","COMMON",""
"","2","TYPE-PROP.11","","Tue Nov 05 01:09:48 GMT 2024","passed","Tue Nov 05 01:09:48 GMT 2024","","CHECK-TYPES-TEMP","CHECK-TYPES-TEMP",""
"","3","D2-HIGHERFUNC.05","","Tue Nov 05 00:43:40 GMT 2024","passed","Tue Nov 05 00:43:40 GMT 2024","","QUICK","QUICK",""
"","2","UNIFY-VIA-LET.06","","Tue Nov 05 01:24:46 GMT 2024","passed","Tue Nov 05 01:24:46 GMT 2024","","EXPERIMENTS","EXPERIMENTS",""
"","4","TYPES-PRELIM.13","","Tue Nov 05 00:48:37 GMT 2024","passed","Tue Nov 05 00:48:37 GMT 2024","","CHAINING","CHAINING",""
"","3","TESTS4.03","","Tue Nov 05 00:44:08 GMT 2024","passed","Tue Nov 05 00:44:08 GMT 2024","","MAIN-BRANCH","MAIN-BRANCH",""
"","46000","bio-atomspace.pln-xp","","Tue Nov 05 00:33:42 GMT 2024","failed","Tue Nov 05 00:34:28 GMT 2024","","WHOLE-TESTS","WHOLE-TESTS",""
"","3","F1-MODULEA.07","","Tue Nov 05 00:43:40 GMT 2024","passed","Tue Nov 05 00:43:40 GMT 2024","","QUICK","QUICK",""
"","2","ADD-REMOVE-MATCH-INTEGER.12","","Tue Nov 05 00:50:57 GMT 2024","passed","Tue Nov 05 00:50:57 GMT 2024","","SPACES","SPACES",""
"","2","STDLIB-METTALOG-TEST-PT2.09","","Tue Nov 05 00:53:04 GMT 2024","passed","Tue Nov 05 00:53:04 GMT 2024","","STDLIB-METTALOG","STDLIB-METTALOG",""
"","2","D1-GADT.06","","Tue Nov 05 00:33:46 GMT 2024","passed","Tue Nov 05 00:33:46 GMT 2024","","HYPERON-EXPERIMENTAL-SCRIPTS","HYPERON-EXPERIMENTAL-SCRIPTS",""
"","3","ADD-REMOVE-MATCH-MIX-FLOAT-INTEGER.18","","Tue Nov 05 00:50:57 GMT 2024","passed","Tue Nov 05 00:50:57 GMT 2024","","SPACES","SPACES",""
"","2","STDLIB-METTALOG-TEST-PT2.61","","Tue Nov 05 00:53:04 GMT 2024","passed","Tue Nov 05 00:53:04 GMT 2024","","STDLIB-METTALOG","STDLIB-METTALOG",""
"","3","LET-SUPERPOSE-IF-CASE.02","","Tue Nov 05 00:39:18 GMT 2024","passed","Tue Nov 05 00:39:18 GMT 2024","","METTA-MORPH-TESTS","METTA-MORPH-TESTS",""
"","3","B5-TYPES-PRELIM.25","","Tue Nov 05 01:09:48 GMT 2024","passed","Tue Nov 05 01:09:48 GMT 2024","","CHECK-TYPES-TEMP","CHECK-TYPES-TEMP",""
"","1","OR-TEST.03","","Tue Nov 05 00:35:22 GMT 2024","passed","Tue Nov 05 00:35:22 GMT 2024","","HYPERON-METTALOG-SANITY","HYPERON-METTALOG-SANITY",""
"","5000","basic.pathfinding-easy","","Tue Nov 05 00:33:42 GMT 2024","passed","Tue Nov 05 00:33:47 GMT 2024","","WHOLE-TESTS","WHOLE-TESTS",""
"","3","TMPMATCH2.01","","Tue Nov 05 01:47:13 GMT 2024","passed","Tue Nov 05 01:47:13 GMT 2024","","WALK-THRU","WALK-THRU",""
"","2","TESTS0.03","","Tue Nov 05 01:28:58 GMT 2024","passed","Tue Nov 05 01:28:58 GMT 2024","","CURRENT","CURRENT",""
"","3","BACKWARD-CHAINER-XP.45","","Tue Nov 05 01:13:57 GMT 2024","passed","Tue Nov 05 01:13:57 GMT 2024","","BACKWARD-CHAINER","BACKWARD-CHAINER",""
"","2","C1-GROUNDED-BASIC.05","","Tue Nov 05 00:33:46 GMT 2024","passed","Tue Nov 05 00:33:46 GMT 2024","","HYPERON-EXPERIMENTAL-SCRIPTS","HYPERON-EXPERIMENTAL-SCRIPTS",""
"","3","D4-TYPE-PROP.02","","Tue Nov 05 00:43:40 GMT 2024","passed","Tue Nov 05 00:43:40 GMT 2024","","QUICK","QUICK",""
"","2","TYPE-PROP.22","","Tue Nov 05 01:09:48 GMT 2024","passed","Tue Nov 05 01:09:48 GMT 2024","","CHECK-TYPES-TEMP","CHECK-TYPES-TEMP",""
"","130","ADD-ATOM-NAIVE-FIB.05","","Tue Nov 05 02:02:03 GMT 2024","failed","Tue Nov 05 02:02:03 GMT 2024","","COMPARISONS","COMPARISONS",""
"","46000","new.tests4","","Tue Nov 05 00:33:42 GMT 2024","failed","Tue Nov 05 00:34:28 GMT 2024","","WHOLE-TESTS","WHOLE-TESTS",""
"","3","CHAPTER-1-1.20","","Tue Nov 05 00:53:14 GMT 2024","passed","Tue Nov 05 00:53:14 GMT 2024","","SICP-BOOK","SICP-BOOK",""
"","601","INF-CTL-MONTH-XP.04","","Tue Nov 05 01:18:09 GMT 2024","passed","Tue Nov 05 01:18:09 GMT 2024","","INFERENCE-CONTROL","INFERENCE-CONTROL",""
"","3","F1-IMPORTS.12","","Tue Nov 05 00:33:37 GMT 2024","passed","Tue Nov 05 00:33:37 GMT 2024","","MODULE-SYSTEM","MODULE-SYSTEM",""
"","6000","nars_extras.NARS_BuildTupleCounts","","Tue Nov 05 00:33:42 GMT 2024","passed","Tue Nov 05 00:33:48 GMT 2024","","WHOLE-TESTS","WHOLE-TESTS",""
"","2","D4-TYPE-PROP.12","","Tue Nov 05 00:33:46 GMT 2024","passed","Tue Nov 05 00:33:46 GMT 2024","","HYPERON-EXPERIMENTAL-SCRIPTS","HYPERON-EXPERIMENTAL-SCRIPTS",""
"","3","LISTTEST.18","","Tue Nov 05 01:14:11 GMT 2024","passed","Tue Nov 05 01:14:11 GMT 2024","","COMMON","COMMON",""
"","4000","hyperon-mettalog_sanity.03-soring-via-insert","","Tue Nov 05 00:33:42 GMT 2024","passed","Tue Nov 05 00:33:46 GMT 2024","","WHOLE-TESTS","WHOLE-TESTS",""
"","15","05-MATCH-SUPERPOSE-ELEMENT-LIKE-SPACE.02","","Tue Nov 05 01:50:24 GMT 2024","failed","Tue Nov 05 01:50:24 GMT 2024","","CONTAINERS-ARE-SPACES","CONTAINERS-ARE-SPACES",""
"","3","TYPE-PROP.10","","Tue Nov 05 01:09:48 GMT 2024","passed","Tue Nov 05 01:09:48 GMT 2024","","CHECK-TYPES-TEMP","CHECK-TYPES-TEMP",""
"","2","LTE.05","","Tue Nov 05 00:51:40 GMT 2024","passed","Tue Nov 05 00:51:40 GMT 2024","","STD","STD",""
"","111","SPACE-INTERSECTION-TESTS.10","","Tue Nov 05 00:35:22 GMT 2024","failed","Tue Nov 05 00:35:22 GMT 2024","","HYPERON-METTALOG-SANITY","HYPERON-METTALOG-SANITY",""
"","5000","stack-based.interpreter","","Tue Nov 05 00:33:42 GMT 2024","passed","Tue Nov 05 00:33:47 GMT 2024","","WHOLE-TESTS","WHOLE-TESTS",""
"","2","ADD-REMOVE-MATCH-INTEGER.35","","Tue Nov 05 00:50:57 GMT 2024","passed","Tue Nov 05 00:50:57 GMT 2024","","SPACES","SPACES",""
"","2","D2-HIGHERFUNC.25","","Tue Nov 05 00:43:40 GMT 2024","passed","Tue Nov 05 00:43:40 GMT 2024","","QUICK","QUICK",""
"","3","C2-SPACES.05","","Tue Nov 05 00:33:37 GMT 2024","passed","Tue Nov 05 00:33:37 GMT 2024","","MODULE-SYSTEM","MODULE-SYSTEM",""
"","4000","graphml.graphml_csv_test","","Tue Nov 05 00:33:42 GMT 2024","passed","Tue Nov 05 00:33:46 GMT 2024","","WHOLE-TESTS","WHOLE-TESTS",""
"","3","TESTS1.02","","Tue Nov 05 01:28:58 GMT 2024","passed","Tue Nov 05 01:28:58 GMT 2024","","CURRENT","CURRENT",""
"","1569","SELF-CONTAINED-SYNTHESIZE.09","","Tue Nov 05 01:24:46 GMT 2024","failed","Tue Nov 05 01:24:47 GMT 2024","","EXPERIMENTS","EXPERIMENTS",""
"","2","D1-GADT.07","","Tue Nov 05 00:43:40 GMT 2024","passed","Tue Nov 05 00:43:40 GMT 2024","","QUICK","QUICK",""
"","2","HYPERPOSING.01","","Tue Nov 05 01:55:46 GMT 2024","passed","Tue Nov 05 01:55:46 GMT 2024","","BASIC","BASIC",""
"","7000","bigram-sentence-evaluator.taus","","Tue Nov 05 00:33:42 GMT 2024","passed","Tue Nov 05 00:33:49 GMT 2024","","WHOLE-TESTS","WHOLE-TESTS",""
"","3","NATSTANDALONETEST.02","","Tue Nov 05 01:16:58 GMT 2024","passed","Tue Nov 05 01:16:58 GMT 2024","","HOL","HOL",""
"","3","SPACE-INTERSECTION-TESTS.11","","Tue Nov 05 00:35:22 GMT 2024","passed","Tue Nov 05 00:35:22 GMT 2024","","HYPERON-METTALOG-SANITY","HYPERON-METTALOG-SANITY",""
"","40000","strips-to-metta-improved.queries","","Tue Nov 05 00:33:42 GMT 2024","failed","Tue Nov 05 00:34:22 GMT 2024","","WHOLE-TESTS","WHOLE-TESTS",""
"","1","BCHAIN.03","","Tue Nov 05 01:47:13 GMT 2024","passed","Tue Nov 05 01:47:13 GMT 2024","","WALK-THRU","WALK-THRU",""
"","41000","debugging.hyperon_experimental_issue_530","","Tue Nov 05 00:33:42 GMT 2024","failed","Tue Nov 05 00:34:23 GMT 2024","","WHOLE-TESTS","WHOLE-TESTS",""
"","2","KEY-LOOKUPS-MANY.10","","Tue Nov 05 01:55:46 GMT 2024","passed","Tue Nov 05 01:55:46 GMT 2024","","BASIC","BASIC",""
"","2","NATPARITYTEST.15","","Tue Nov 05 01:16:58 GMT 2024","passed","Tue Nov 05 01:16:58 GMT 2024","","HOL","HOL",""
"","363","APPEND-USING-EQUALITY.03","","Tue Nov 05 01:53:28 GMT 2024","failed","Tue Nov 05 01:53:28 GMT 2024","","MULTIDIRECTIONAL","MULTIDIRECTIONAL",""
"","3","B5-TYPES-PRELIM.26","","Tue Nov 05 00:33:46 GMT 2024","passed","Tue Nov 05 00:33:46 GMT 2024","","HYPERON-EXPERIMENTAL-SCRIPTS","HYPERON-EXPERIMENTAL-SCRIPTS",""
"","4","MATCH-FEVAL.01","","Tue Nov 05 00:39:18 GMT 2024","passed","Tue Nov 05 00:39:18 GMT 2024","","METTA-MORPH-TESTS","METTA-MORPH-TESTS",""
"","2","LISTTEST.06","","Tue Nov 05 01:14:11 GMT 2024","passed","Tue Nov 05 01:14:11 GMT 2024","","COMMON","COMMON",""
"","3","IMPL-METTALOGTESTCURRIED.06","","Tue Nov 05 01:47:13 GMT 2024","passed","Tue Nov 05 01:47:13 GMT 2024","","WALK-THRU","WALK-THRU",""
"","6000","main-branch.minnars_Prev","","Tue Nov 05 00:33:42 GMT 2024","passed","Tue Nov 05 00:33:48 GMT 2024","","WHOLE-TESTS","WHOLE-TESTS",""
"","40000","SICP_book.chapter_2_2","","Tue Nov 05 00:33:42 GMT 2024","failed","Tue Nov 05 00:34:22 GMT 2024","","WHOLE-TESTS","WHOLE-TESTS",""
"","1345","TESTS3.02","","Tue Nov 05 00:44:08 GMT 2024","failed","Tue Nov 05 00:44:09 GMT 2024","","MAIN-BRANCH","MAIN-BRANCH",""
"","3","BCHAIN.05","","Tue Nov 05 00:41:27 GMT 2024","passed","Tue Nov 05 00:41:27 GMT 2024","","ANTI-REGRESSION","ANTI-REGRESSION",""
"","2","IBC-XP.03","","Tue Nov 05 01:20:12 GMT 2024","passed","Tue Nov 05 01:20:12 GMT 2024","","ITERATIVE-CHAINING","ITERATIVE-CHAINING",""
"","1","CHAPTER-1-1.15","","Tue Nov 05 00:53:14 GMT 2024","passed","Tue Nov 05 00:53:14 GMT 2024","","SICP-BOOK","SICP-BOOK",""
"","14","00-LANG-CASE.11","","Tue Nov 05 00:35:22 GMT 2024","passed","Tue Nov 05 00:35:22 GMT 2024","","HYPERON-METTALOG-SANITY","HYPERON-METTALOG-SANITY",""
"","41","FORWARD-CHAINER-TEST.13","","Tue Nov 05 01:16:43 GMT 2024","failed","Tue Nov 05 01:16:43 GMT 2024","","FORWARD-CHAINER","FORWARD-CHAINER",""
"","2","FORWARD-CHAINER-XP.11","","Tue Nov 05 01:16:43 GMT 2024","passed","Tue Nov 05 01:16:43 GMT 2024","","FORWARD-CHAINER","FORWARD-CHAINER",""
"","121","LOCATED-TEST.03","","Tue Nov 05 01:23:48 GMT 2024","passed","Tue Nov 05 01:23:48 GMT 2024","","LOCATED","LOCATED",""
"","4000","match.MinerMatchTest","","Tue Nov 05 00:33:42 GMT 2024","passed","Tue Nov 05 00:33:46 GMT 2024","","WHOLE-TESTS","WHOLE-TESTS",""
"","53","TYPE-PROP.80","","Tue Nov 05 01:09:48 GMT 2024","failed","Tue Nov 05 01:09:48 GMT 2024","","CHECK-TYPES-TEMP","CHECK-TYPES-TEMP",""
"","4","IMPLICATIONDIRECTINTRODUCTIONDTLTEST.12","","Tue Nov 05 01:12:50 GMT 2024","passed","Tue Nov 05 01:12:50 GMT 2024","","DEPENDENT-TYPES","DEPENDENT-TYPES",""
"","4","EVIDENTIALTRUTHVALUETEST.02","","Tue Nov 05 01:14:40 GMT 2024","passed","Tue Nov 05 01:14:40 GMT 2024","","TRUTHVALUE","TRUTHVALUE",""
"","2","TYPE-PROP.44","","Tue Nov 05 01:09:48 GMT 2024","passed","Tue Nov 05 01:09:48 GMT 2024","","CHECK-TYPES-TEMP","CHECK-TYPES-TEMP",""
"","2","D4-TYPE-PROP.21","","Tue Nov 05 01:10:09 GMT 2024","passed","Tue Nov 05 01:10:09 GMT 2024","","CHECK-TYPES","CHECK-TYPES",""
"","4000","query.gene-query","","Tue Nov 05 00:33:42 GMT 2024","passed","Tue Nov 05 00:33:46 GMT 2024","","WHOLE-TESTS","WHOLE-TESTS",""
"","2","BC-XP.03","","Tue Nov 05 00:48:37 GMT 2024","passed","Tue Nov 05 00:48:37 GMT 2024","","CHAINING","CHAINING",""
"","2","LISTTEST.09","","Tue Nov 05 01:14:11 GMT 2024","passed","Tue Nov 05 01:14:11 GMT 2024","","COMMON","COMMON",""
"","82","05-MATCH-SUPERPOSE-ELEMENT-LIKE-SPACE.03","","Tue Nov 05 01:50:24 GMT 2024","failed","Tue Nov 05 01:50:24 GMT 2024","","CONTAINERS-ARE-SPACES","CONTAINERS-ARE-SPACES",""
"","2","F1-MODULEA.01","","Tue Nov 05 00:43:40 GMT 2024","passed","Tue Nov 05 00:43:40 GMT 2024","","QUICK","QUICK",""
"","71","B5-TYPES-PRELIM.24","","Tue Nov 05 00:33:46 GMT 2024","failed","Tue Nov 05 00:33:46 GMT 2024","","HYPERON-EXPERIMENTAL-SCRIPTS","HYPERON-EXPERIMENTAL-SCRIPTS",""
"","3","D4-TYPE-PROP.19","","Tue Nov 05 00:33:46 GMT 2024","passed","Tue Nov 05 00:33:46 GMT 2024","","HYPERON-EXPERIMENTAL-SCRIPTS","HYPERON-EXPERIMENTAL-SCRIPTS",""
"","40000","comparisons.fibo_arg1c","","Tue Nov 05 00:33:42 GMT 2024","failed","Tue Nov 05 00:34:22 GMT 2024","","WHOLE-TESTS","WHOLE-TESTS",""
"","15000","anti-regression.mettalogTestCurried","","Tue Nov 05 00:33:42 GMT 2024","failed","Tue Nov 05 00:33:57 GMT 2024","","WHOLE-TESTS","WHOLE-TESTS",""
"","2","IMPL-METTALOGTESTCURRIED.12","","Tue Nov 05 01:47:13 GMT 2024","passed","Tue Nov 05 01:47:13 GMT 2024","","WALK-THRU","WALK-THRU",""
"","1","NATPARITYTEST.06","","Tue Nov 05 01:16:58 GMT 2024","passed","Tue Nov 05 01:16:58 GMT 2024","","HOL","HOL",""
"","2","CHAPTER-2-4.11","","Tue Nov 05 00:53:14 GMT 2024","passed","Tue Nov 05 00:53:14 GMT 2024","","SICP-BOOK","SICP-BOOK",""
"","5000","hyperon-mettalog_sanity.space_subtraction_tests","","Tue Nov 05 00:33:42 GMT 2024","passed","Tue Nov 05 00:33:47 GMT 2024","","WHOLE-TESTS","WHOLE-TESTS",""
"","5000","check_types.d2_higherfunc","","Tue Nov 05 00:33:42 GMT 2024","passed","Tue Nov 05 00:33:47 GMT 2024","","WHOLE-TESTS","WHOLE-TESTS",""
"","2","NATDTLTEST.01","","Tue Nov 05 01:16:58 GMT 2024","passed","Tue Nov 05 01:16:58 GMT 2024","","HOL","HOL",""
"","69","D5-AUTO-TYPES.03","","Tue Nov 05 00:33:46 GMT 2024","failed","Tue Nov 05 00:33:46 GMT 2024","","HYPERON-EXPERIMENTAL-SCRIPTS","HYPERON-EXPERIMENTAL-SCRIPTS",""
"","5000","chaining.type_prop","","Tue Nov 05 00:33:42 GMT 2024","passed","Tue Nov 05 00:33:47 GMT 2024","","WHOLE-TESTS","WHOLE-TESTS",""
"","2","A1-SYMBOLS.06","","Tue Nov 05 00:33:46 GMT 2024","passed","Tue Nov 05 00:33:46 GMT 2024","","HYPERON-EXPERIMENTAL-SCRIPTS","HYPERON-EXPERIMENTAL-SCRIPTS",""
"","5000","polymorphic-types.examples-quants","","Tue Nov 05 00:33:42 GMT 2024","passed","Tue Nov 05 00:33:47 GMT 2024","","WHOLE-TESTS","WHOLE-TESTS",""
"","2","TYPE-PROP.14","","Tue Nov 05 01:09:48 GMT 2024","passed","Tue Nov 05 01:09:48 GMT 2024","","CHECK-TYPES-TEMP","CHECK-TYPES-TEMP",""
"","4","FORWARD-CHAINER-XP.31","","Tue Nov 05 01:16:43 GMT 2024","passed","Tue Nov 05 01:16:43 GMT 2024","","FORWARD-CHAINER","FORWARD-CHAINER",""
"","2","BACKWARD-CHAINER-XP.14","","Tue Nov 05 01:13:57 GMT 2024","passed","Tue Nov 05 01:13:57 GMT 2024","","BACKWARD-CHAINER","BACKWARD-CHAINER",""
"","3","CHAPTER-2-2.11","","Tue Nov 05 00:53:14 GMT 2024","passed","Tue Nov 05 00:53:14 GMT 2024","","SICP-BOOK","SICP-BOOK",""
"","79","INF-CTL-MONTH-XP-SHORT-1.02","","Tue Nov 05 02:02:03 GMT 2024","failed","Tue Nov 05 02:02:03 GMT 2024","","COMPARISONS","COMPARISONS",""
"","98","STDLIB-METTALOG-TEST-PT2.17","","Tue Nov 05 00:53:04 GMT 2024","failed","Tue Nov 05 00:53:04 GMT 2024","","STDLIB-METTALOG","STDLIB-METTALOG",""
"","2","FC-XP.12","","Tue Nov 05 01:16:53 GMT 2024","passed","Tue Nov 05 01:16:53 GMT 2024","","FORWARD-CHAINING","FORWARD-CHAINING",""
"","1","DEDUCTIONFORMULATEST.10","","Tue Nov 05 01:14:35 GMT 2024","passed","Tue Nov 05 01:14:35 GMT 2024","","FORMULA","FORMULA",""
"","3","STDLIB-METTALOG-TEST-PT2.31","","Tue Nov 05 00:53:04 GMT 2024","passed","Tue Nov 05 00:53:04 GMT 2024","","STDLIB-METTALOG","STDLIB-METTALOG",""
"","15000","anti-regression.system_proofTestCurried","","Tue Nov 05 00:33:42 GMT 2024","failed","Tue Nov 05 00:33:57 GMT 2024","","WHOLE-TESTS","WHOLE-TESTS",""
"","5000","anti-regression.mettalogTestCurried2","","Tue Nov 05 00:33:42 GMT 2024","passed","Tue Nov 05 00:33:47 GMT 2024","","WHOLE-TESTS","WHOLE-TESTS",""
"","76","IMPL-METTALOGTESTCURRIED.07","","Tue Nov 05 01:47:13 GMT 2024","passed","Tue Nov 05 01:47:13 GMT 2024","","WALK-THRU","WALK-THRU",""
"","3","FC-XP.29","","Tue Nov 05 01:16:53 GMT 2024","passed","Tue Nov 05 01:16:53 GMT 2024","","FORWARD-CHAINING","FORWARD-CHAINING",""
"","4","SHOW-TYPE.06","","Tue Nov 05 00:50:41 GMT 2024","passed","Tue Nov 05 00:50:41 GMT 2024","","INTROSPECT","INTROSPECT",""
"","2","D2-HIGHERFUNC.06","","Tue Nov 05 01:10:09 GMT 2024","passed","Tue Nov 05 01:10:09 GMT 2024","","CHECK-TYPES","CHECK-TYPES",""
"","46000","prev.tests5","","Tue Nov 05 00:33:42 GMT 2024","failed","Tue Nov 05 00:34:28 GMT 2024","","WHOLE-TESTS","WHOLE-TESTS",""
"","15000","anti-regression.debug_mettalogTestCurried","","Tue Nov 05 00:33:42 GMT 2024","failed","Tue Nov 05 00:33:57 GMT 2024","","WHOLE-TESTS","WHOLE-TESTS",""
"","3","TYPE-PROP.12","","Tue Nov 05 01:09:48 GMT 2024","passed","Tue Nov 05 01:09:48 GMT 2024","","CHECK-TYPES-TEMP","CHECK-TYPES-TEMP",""
"","118","STDLIB-METTALOG-TEST-PT2.59","","Tue Nov 05 00:53:04 GMT 2024","failed","Tue Nov 05 00:53:04 GMT 2024","","STDLIB-METTALOG","STDLIB-METTALOG",""
"","3","ADD-REMOVE-MATCH-SS-STRINGS.03","","Tue Nov 05 00:50:57 GMT 2024","passed","Tue Nov 05 00:50:57 GMT 2024","","SPACES","SPACES",""
"","6000","distributed-processing.use-one-server","","Tue Nov 05 00:33:42 GMT 2024","passed","Tue Nov 05 00:33:48 GMT 2024","","WHOLE-TESTS","WHOLE-TESTS",""
"","2","IMPLICATIONDIRECTINTRODUCTIONENTAILTEST.06","","Tue Nov 05 01:16:23 GMT 2024","passed","Tue Nov 05 01:16:23 GMT 2024","","ENTAIL","ENTAIL",""
"","15","D1-GADT.09","","Tue Nov 05 00:43:40 GMT 2024","passed","Tue Nov 05 00:43:40 GMT 2024","","QUICK","QUICK",""
"","1288","SYNTHESIZE-VIA-LET-TEST.08","","Tue Nov 05 01:24:46 GMT 2024","failed","Tue Nov 05 01:24:47 GMT 2024","","EXPERIMENTS","EXPERIMENTS",""
"","2","E2-STATES.01","","Tue Nov 05 00:33:46 GMT 2024","passed","Tue Nov 05 00:33:46 GMT 2024","","HYPERON-EXPERIMENTAL-SCRIPTS","HYPERON-EXPERIMENTAL-SCRIPTS",""
"","2","UNIQUE-TEST.02","","Tue Nov 05 00:35:22 GMT 2024","passed","Tue Nov 05 00:35:22 GMT 2024","","HYPERON-METTALOG-SANITY","HYPERON-METTALOG-SANITY",""
"","3","TYPES3.01","","Tue Nov 05 00:39:18 GMT 2024","passed","Tue Nov 05 00:39:18 GMT 2024","","METTA-MORPH-TESTS","METTA-MORPH-TESTS",""
"","348","METTALOGTESTCURRIED2.07","","Tue Nov 05 01:47:13 GMT 2024","passed","Tue Nov 05 01:47:13 GMT 2024","","WALK-THRU","WALK-THRU",""
"","2","D1-GADT.08","","Tue Nov 05 00:33:46 GMT 2024","passed","Tue Nov 05 00:33:46 GMT 2024","","HYPERON-EXPERIMENTAL-SCRIPTS","HYPERON-EXPERIMENTAL-SCRIPTS",""
"","4","DEDUCTIONEQUALTEST.01","","Tue Nov 05 01:16:34 GMT 2024","passed","Tue Nov 05 01:16:34 GMT 2024","","EQUAL","EQUAL",""
"","2","D4-TYPE-PROP.11","","Tue Nov 05 01:10:09 GMT 2024","passed","Tue Nov 05 01:10:09 GMT 2024","","CHECK-TYPES","CHECK-TYPES",""
"","2","NATSTANDALONETEST.01","","Tue Nov 05 01:16:58 GMT 2024","passed","Tue Nov 05 01:16:58 GMT 2024","","HOL","HOL",""
"","35","INF-CTL-MONTH-XP.10","","Tue Nov 05 01:18:09 GMT 2024","failed","Tue Nov 05 01:18:09 GMT 2024","","INFERENCE-CONTROL","INFERENCE-CONTROL",""
"","6000","inference-control.inf-ctl-xp","","Tue Nov 05 00:33:42 GMT 2024","passed","Tue Nov 05 00:33:48 GMT 2024","","WHOLE-TESTS","WHOLE-TESTS",""
"","1","HYPERPOSING-UNSHARED.03","","Tue Nov 05 01:55:46 GMT 2024","passed","Tue Nov 05 01:55:46 GMT 2024","","BASIC","BASIC",""
"","3","INTERSECTION-TESTS.24","","Tue Nov 05 00:35:22 GMT 2024","passed","Tue Nov 05 00:35:22 GMT 2024","","HYPERON-METTALOG-SANITY","HYPERON-METTALOG-SANITY",""
"","3","PLN-STV.02","","Tue Nov 05 00:48:37 GMT 2024","passed","Tue Nov 05 00:48:37 GMT 2024","","CHAINING","CHAINING",""
"","2","HYPERPOSING-SHARED.05","","Tue Nov 05 01:55:46 GMT 2024","passed","Tue Nov 05 01:55:46 GMT 2024","","BASIC","BASIC",""
"","121","UNWEIGHTED-PLLM.06","","Tue Nov 05 02:08:13 GMT 2024","failed","Tue Nov 05 02:08:13 GMT 2024","","LANGUAGE-MODELS","LANGUAGE-MODELS",""
"","2","TYPE-PROP.26","","Tue Nov 05 01:09:48 GMT 2024","passed","Tue Nov 05 01:09:48 GMT 2024","","CHECK-TYPES-TEMP","CHECK-TYPES-TEMP",""
"","3","PREREQS.02","","Tue Nov 05 00:44:08 GMT 2024","passed","Tue Nov 05 00:44:08 GMT 2024","","MAIN-BRANCH","MAIN-BRANCH",""
"","122","MODUSPONENSDTLTEST.04","","Tue Nov 05 01:12:50 GMT 2024","failed","Tue Nov 05 01:12:50 GMT 2024","","DEPENDENT-TYPES","DEPENDENT-TYPES",""
"","2","F1-IMPORTS.01","","Tue Nov 05 00:33:46 GMT 2024","passed","Tue Nov 05 00:33:46 GMT 2024","","HYPERON-EXPERIMENTAL-SCRIPTS","HYPERON-EXPERIMENTAL-SCRIPTS",""
"","1","ADD-REMOVE-MATCH-SS-SYMBOLS.04","","Tue Nov 05 00:50:57 GMT 2024","passed","Tue Nov 05 00:50:57 GMT 2024","","SPACES","SPACES",""
"","2","D4-TYPE-PROP.18","","Tue Nov 05 00:43:40 GMT 2024","passed","Tue Nov 05 00:43:40 GMT 2024","","QUICK","QUICK",""
"","5000","current.tests0","","Tue Nov 05 00:33:42 GMT 2024","passed","Tue Nov 05 00:33:47 GMT 2024","","WHOLE-TESTS","WHOLE-TESTS",""
"","479","PC-XP.15","","Tue Nov 05 01:22:53 GMT 2024","failed","Tue Nov 05 01:22:53 GMT 2024","","POLYWARD-CHAINING","POLYWARD-CHAINING",""
"","2","OR-TEST.10","","Tue Nov 05 00:35:22 GMT 2024","passed","Tue Nov 05 00:35:22 GMT 2024","","HYPERON-METTALOG-SANITY","HYPERON-METTALOG-SANITY",""
"","2","STATES-SPACES.01","","Tue Nov 05 00:39:18 GMT 2024","passed","Tue Nov 05 00:39:18 GMT 2024","","METTA-MORPH-TESTS","METTA-MORPH-TESTS",""
"","3581","PROB-DEP-TYPES.16","","Tue Nov 05 01:01:52 GMT 2024","failed","Tue Nov 05 01:01:55 GMT 2024","","PROB-DEP-TYPES","PROB-DEP-TYPES",""
"","4000","multidirectional.ioioioi","","Tue Nov 05 00:33:42 GMT 2024","passed","Tue Nov 05 00:33:46 GMT 2024","","WHOLE-TESTS","WHOLE-TESTS",""
"","2","ADD-REMOVE-MATCH-FLOAT.02","","Tue Nov 05 00:50:57 GMT 2024","passed","Tue Nov 05 00:50:57 GMT 2024","","SPACES","SPACES",""
"","3","INTERSECTION-TESTS.26","","Tue Nov 05 00:35:22 GMT 2024","passed","Tue Nov 05 00:35:22 GMT 2024","","HYPERON-METTALOG-SANITY","HYPERON-METTALOG-SANITY",""
"","38","FC-XP.21","","Tue Nov 05 01:16:53 GMT 2024","failed","Tue Nov 05 01:16:53 GMT 2024","","FORWARD-CHAINING","FORWARD-CHAINING",""
"","46000","current.tests3","","Tue Nov 05 00:33:42 GMT 2024","failed","Tue Nov 05 00:34:28 GMT 2024","","WHOLE-TESTS","WHOLE-TESTS",""
"","3","TYPE-PROP.63","","Tue Nov 05 01:09:48 GMT 2024","passed","Tue Nov 05 01:09:48 GMT 2024","","CHECK-TYPES-TEMP","CHECK-TYPES-TEMP",""
"","12","METTALOGTESTCURRIED2.07","","Tue Nov 05 00:41:27 GMT 2024","passed","Tue Nov 05 00:41:27 GMT 2024","","ANTI-REGRESSION","ANTI-REGRESSION",""
"","40000","iterators.combined","","Tue Nov 05 00:33:42 GMT 2024","failed","Tue Nov 05 00:34:22 GMT 2024","","WHOLE-TESTS","WHOLE-TESTS",""
"","38","IFC-XP.32","","Tue Nov 05 01:20:12 GMT 2024","failed","Tue Nov 05 01:20:12 GMT 2024","","ITERATIVE-CHAINING","ITERATIVE-CHAINING",""
"","5000","features.intersection_tests","","Tue Nov 05 00:33:42 GMT 2024","passed","Tue Nov 05 00:33:47 GMT 2024","","WHOLE-TESTS","WHOLE-TESTS",""
"","2","QUERIES.07","","Tue Nov 05 01:06:24 GMT 2024","passed","Tue Nov 05 01:06:24 GMT 2024","","STRIPS-TO-METTA-IMPROVED","STRIPS-TO-METTA-IMPROVED",""
"","3","CHAPTER-2-4.03","","Tue Nov 05 00:53:14 GMT 2024","passed","Tue Nov 05 00:53:14 GMT 2024","","SICP-BOOK","SICP-BOOK",""
"","59","STDLIB-METTALOG-TEST-PT2.13","","Tue Nov 05 00:53:04 GMT 2024","failed","Tue Nov 05 00:53:04 GMT 2024","","STDLIB-METTALOG","STDLIB-METTALOG",""
"","2","IBC-XP.19","","Tue Nov 05 01:20:12 GMT 2024","passed","Tue Nov 05 01:20:12 GMT 2024","","ITERATIVE-CHAINING","ITERATIVE-CHAINING",""
"","2","C1-GROUNDED-BASIC.04","","Tue Nov 05 00:33:46 GMT 2024","passed","Tue Nov 05 00:33:46 GMT 2024","","HYPERON-EXPERIMENTAL-SCRIPTS","HYPERON-EXPERIMENTAL-SCRIPTS",""
"","3","SUBTRACTION-TEST.01","","Tue Nov 05 00:35:22 GMT 2024","passed","Tue Nov 05 00:35:22 GMT 2024","","HYPERON-METTALOG-SANITY","HYPERON-METTALOG-SANITY",""
"","41","BACKWARD-CHAINER-XP.06","","Tue Nov 05 01:13:57 GMT 2024","failed","Tue Nov 05 01:13:57 GMT 2024","","BACKWARD-CHAINER","BACKWARD-CHAINER",""
"","3","A1-SYMBOLS.05","","Tue Nov 05 00:33:46 GMT 2024","passed","Tue Nov 05 00:33:46 GMT 2024","","HYPERON-EXPERIMENTAL-SCRIPTS","HYPERON-EXPERIMENTAL-SCRIPTS",""
"","3","E2-STATES.04","","Tue Nov 05 01:10:09 GMT 2024","passed","Tue Nov 05 01:10:09 GMT 2024","","CHECK-TYPES","CHECK-TYPES",""
"","5000","hyperon-experimental_scripts.b5_types_prelim","","Tue Nov 05 00:33:42 GMT 2024","passed","Tue Nov 05 00:33:47 GMT 2024","","WHOLE-TESTS","WHOLE-TESTS",""
"","5000","metta-morph_tests.states_spaces","","Tue Nov 05 00:33:42 GMT 2024","passed","Tue Nov 05 00:33:47 GMT 2024","","WHOLE-TESTS","WHOLE-TESTS",""
"","1","TYPE-PROP.06","","Tue Nov 05 01:09:48 GMT 2024","passed","Tue Nov 05 01:09:48 GMT 2024","","CHECK-TYPES-TEMP","CHECK-TYPES-TEMP",""
"","5000","metta-morph_tests.tests0","","Tue Nov 05 00:33:42 GMT 2024","passed","Tue Nov 05 00:33:47 GMT 2024","","WHOLE-TESTS","WHOLE-TESTS",""
"","41","FORWARD-CHAINER-XP.05","","Tue Nov 05 01:16:43 GMT 2024","failed","Tue Nov 05 01:16:43 GMT 2024","","FORWARD-CHAINER","FORWARD-CHAINER",""
"","5000","experiments.unify-via-case","","Tue Nov 05 00:33:42 GMT 2024","passed","Tue Nov 05 00:33:47 GMT 2024","","WHOLE-TESTS","WHOLE-TESTS",""
"","5","FIRST-ANSWER.02","","Tue Nov 05 00:35:22 GMT 2024","passed","Tue Nov 05 00:35:22 GMT 2024","","HYPERON-METTALOG-SANITY","HYPERON-METTALOG-SANITY",""
"","2","STDLIB-METTALOG-TEST-PT2.39","","Tue Nov 05 00:53:04 GMT 2024","passed","Tue Nov 05 00:53:04 GMT 2024","","STDLIB-METTALOG","STDLIB-METTALOG",""
"","2","DEFINE-IF-LIKE.04","","Tue Nov 05 01:45:47 GMT 2024","passed","Tue Nov 05 01:45:47 GMT 2024","","DIRECT-COMP","DIRECT-COMP",""
"","18","STDLIB-METTALOG-TEST-PT2.53","","Tue Nov 05 00:53:04 GMT 2024","failed","Tue Nov 05 00:53:04 GMT 2024","","STDLIB-METTALOG","STDLIB-METTALOG",""
"","6","INF-ORDER-PROBS.10","","Tue Nov 05 01:01:52 GMT 2024","passed","Tue Nov 05 01:01:52 GMT 2024","","PROB-DEP-TYPES","PROB-DEP-TYPES",""
"","7000","nars_extras.RUN_minnars","","Tue Nov 05 00:33:42 GMT 2024","passed","Tue Nov 05 00:33:49 GMT 2024","","WHOLE-TESTS","WHOLE-TESTS",""
"","3","TYPE-PROP.08","","Tue Nov 05 01:09:48 GMT 2024","passed","Tue Nov 05 01:09:48 GMT 2024","","CHECK-TYPES-TEMP","CHECK-TYPES-TEMP",""
"","3","FORWARD-CHAINER-TEST.14","","Tue Nov 05 01:16:43 GMT 2024","passed","Tue Nov 05 01:16:43 GMT 2024","","FORWARD-CHAINER","FORWARD-CHAINER",""
"","2","SUPERPOSE-NESTED.04","","Tue Nov 05 00:39:18 GMT 2024","passed","Tue Nov 05 00:39:18 GMT 2024","","METTA-MORPH-TESTS","METTA-MORPH-TESTS",""
"","2","TEST-IF-CLOSED.02","","Tue Nov 05 01:47:13 GMT 2024","passed","Tue Nov 05 01:47:13 GMT 2024","","WALK-THRU","WALK-THRU",""
"","2","FORWARD-CHAINER-XP.19","","Tue Nov 05 01:16:43 GMT 2024","passed","Tue Nov 05 01:16:43 GMT 2024","","FORWARD-CHAINER","FORWARD-CHAINER",""
"","5000","introspect.show-type","","Tue Nov 05 00:33:42 GMT 2024","passed","Tue Nov 05 00:33:47 GMT 2024","","WHOLE-TESTS","WHOLE-TESTS",""
"","2","D4-TYPE-PROP.17","","Tue Nov 05 00:43:40 GMT 2024","passed","Tue Nov 05 00:43:40 GMT 2024","","QUICK","QUICK",""
"","2","NONDETERM.03","","Tue Nov 05 00:51:40 GMT 2024","passed","Tue Nov 05 00:51:40 GMT 2024","","STD","STD",""
"","2","INF-CTL-MONTH-BC-CONT-XP.23","","Tue Nov 05 01:18:09 GMT 2024","passed","Tue Nov 05 01:18:09 GMT 2024","","INFERENCE-CONTROL","INFERENCE-CONTROL",""
"","4","MINNARS.01","","Tue Nov 05 00:39:18 GMT 2024","passed","Tue Nov 05 00:39:18 GMT 2024","","METTA-MORPH-TESTS","METTA-MORPH-TESTS",""
"","23","INF-CTL-MONTH-XP.06","","Tue Nov 05 01:18:09 GMT 2024","failed","Tue Nov 05 01:18:09 GMT 2024","","INFERENCE-CONTROL","INFERENCE-CONTROL",""
"","1","00A-LANG-COMPILED-CASE.11","","Tue Nov 05 01:45:47 GMT 2024","passed","Tue Nov 05 01:45:47 GMT 2024","","DIRECT-COMP","DIRECT-COMP",""
"","2","B5-TYPES-PRELIM.20","","Tue Nov 05 01:09:48 GMT 2024","passed","Tue Nov 05 01:09:48 GMT 2024","","CHECK-TYPES-TEMP","CHECK-TYPES-TEMP",""
"","2","METTALOGTESTCURRIED2.06","","Tue Nov 05 00:41:27 GMT 2024","passed","Tue Nov 05 00:41:27 GMT 2024","","ANTI-REGRESSION","ANTI-REGRESSION",""
"","1","ADD-REMOVE-MATCH-SS-STRINGS.04","","Tue Nov 05 00:50:57 GMT 2024","passed","Tue Nov 05 00:50:57 GMT 2024","","SPACES","SPACES",""
"","2","ADD-REMOVE-MATCH-INTEGER.34","","Tue Nov 05 00:50:57 GMT 2024","passed","Tue Nov 05 00:50:57 GMT 2024","","SPACES","SPACES",""
"","3","D2-HIGHERFUNC.23","","Tue Nov 05 01:10:09 GMT 2024","passed","Tue Nov 05 01:10:09 GMT 2024","","CHECK-TYPES","CHECK-TYPES",""
"","17","TEST-INFER-FUNCTION-APPLICATION-TYPE.07","","Tue Nov 05 01:55:46 GMT 2024","failed","Tue Nov 05 01:55:46 GMT 2024","","BASIC","BASIC",""
"","3","ADD-REMOVE-MATCH-S-SYMBOLS.03","","Tue Nov 05 00:50:57 GMT 2024","passed","Tue Nov 05 00:50:57 GMT 2024","","SPACES","SPACES",""
"","2","BC-COMP.05","","Tue Nov 05 00:41:27 GMT 2024","passed","Tue Nov 05 00:41:27 GMT 2024","","ANTI-REGRESSION","ANTI-REGRESSION",""
"","3","IFC-XP.22","","Tue Nov 05 01:20:12 GMT 2024","passed","Tue Nov 05 01:20:12 GMT 2024","","ITERATIVE-CHAINING","ITERATIVE-CHAINING",""
"","3","ADD-REMOVE-MATCH-S-SYMBOLS.01","","Tue Nov 05 00:50:57 GMT 2024","passed","Tue Nov 05 00:50:57 GMT 2024","","SPACES","SPACES",""
"","2","ADD-REMOVE-MATCH-S-STRINGS.09","","Tue Nov 05 00:50:57 GMT 2024","passed","Tue Nov 05 00:50:57 GMT 2024","","SPACES","SPACES",""
"","3","IBC-XP.31","","Tue Nov 05 01:20:12 GMT 2024","passed","Tue Nov 05 01:20:12 GMT 2024","","ITERATIVE-CHAINING","ITERATIVE-CHAINING",""
"","1","UNIQUE-TEST.08","","Tue Nov 05 00:35:22 GMT 2024","passed","Tue Nov 05 00:35:22 GMT 2024","","HYPERON-METTALOG-SANITY","HYPERON-METTALOG-SANITY",""
"","3","HIGHER-ORDER-FUNCS.05","","Tue Nov 05 00:51:40 GMT 2024","passed","Tue Nov 05 00:51:40 GMT 2024","","STD","STD",""
"","256","SYNTHESIZE-VIA-LET-TEST.03","","Tue Nov 05 01:24:46 GMT 2024","failed","Tue Nov 05 01:24:46 GMT 2024","","EXPERIMENTS","EXPERIMENTS",""
"","67","B5-TYPES-PRELIM.02","","Tue Nov 05 00:33:46 GMT 2024","failed","Tue Nov 05 00:33:46 GMT 2024","","HYPERON-EXPERIMENTAL-SCRIPTS","HYPERON-EXPERIMENTAL-SCRIPTS",""
"","3","F1-IMPORTS.01","","Tue Nov 05 00:43:40 GMT 2024","passed","Tue Nov 05 00:43:40 GMT 2024","","QUICK","QUICK",""
"","5000","synth_buffer.synthesize","","Tue Nov 05 00:33:42 GMT 2024","passed","Tue Nov 05 00:33:47 GMT 2024","","WHOLE-TESTS","WHOLE-TESTS",""
"","2","ADD-REMOVE-MATCH-INTEGER.10","","Tue Nov 05 00:50:57 GMT 2024","passed","Tue Nov 05 00:50:57 GMT 2024","","SPACES","SPACES",""
"","122","PROB-DEP-TYPES.05","","Tue Nov 05 01:01:52 GMT 2024","passed","Tue Nov 05 01:01:52 GMT 2024","","PROB-DEP-TYPES","PROB-DEP-TYPES",""
"","3","MATCH-VOID.01","","Tue Nov 05 00:39:18 GMT 2024","passed","Tue Nov 05 00:39:18 GMT 2024","","METTA-MORPH-TESTS","METTA-MORPH-TESTS",""
"","120","TESTS0.07","","Tue Nov 05 00:44:08 GMT 2024","passed","Tue Nov 05 00:44:08 GMT 2024","","MAIN-BRANCH","MAIN-BRANCH",""
"","5000","hyperon-experimental_scripts.f1_moduleA","","Tue Nov 05 00:33:42 GMT 2024","passed","Tue Nov 05 00:33:47 GMT 2024","","WHOLE-TESTS","WHOLE-TESTS",""
"","6000","anti-regression.bc_comp","","Tue Nov 05 00:33:42 GMT 2024","passed","Tue Nov 05 00:33:48 GMT 2024","","WHOLE-TESTS","WHOLE-TESTS",""
"","5000","hyperon-mettalog_sanity.flip_test","","Tue Nov 05 00:33:42 GMT 2024","passed","Tue Nov 05 00:33:47 GMT 2024","","WHOLE-TESTS","WHOLE-TESTS",""
"","3","FLIP-TEST.01","","Tue Nov 05 00:35:22 GMT 2024","passed","Tue Nov 05 00:35:22 GMT 2024","","HYPERON-METTALOG-SANITY","HYPERON-METTALOG-SANITY",""
"","2","ADD-REMOVE-MATCH-INTEGER.13","","Tue Nov 05 00:50:57 GMT 2024","passed","Tue Nov 05 00:50:57 GMT 2024","","SPACES","SPACES",""
"","139","FC-XP.20","","Tue Nov 05 01:16:53 GMT 2024","passed","Tue Nov 05 01:16:53 GMT 2024","","FORWARD-CHAINING","FORWARD-CHAINING",""
"","2","NATSTANDALONETEST.04","","Tue Nov 05 01:16:58 GMT 2024","passed","Tue Nov 05 01:16:58 GMT 2024","","HOL","HOL",""
"","2","CHAPTER-2-4.04","","Tue Nov 05 00:53:14 GMT 2024","passed","Tue Nov 05 00:53:14 GMT 2024","","SICP-BOOK","SICP-BOOK",""
"","6000","chaining.v2-pln-xp","","Tue Nov 05 00:33:42 GMT 2024","passed","Tue Nov 05 00:33:48 GMT 2024","","WHOLE-TESTS","WHOLE-TESTS",""
"","2","CURRIED-CHAINER.08","","Tue Nov 05 01:14:50 GMT 2024","passed","Tue Nov 05 01:14:50 GMT 2024","","CURRIED-CHAINING","CURRIED-CHAINING",""
"","2","BACKWARD-CHAINER-XP.08","","Tue Nov 05 01:13:57 GMT 2024","passed","Tue Nov 05 01:13:57 GMT 2024","","BACKWARD-CHAINER","BACKWARD-CHAINER",""
"","3","TESTS1-PRE.03","","Tue Nov 05 00:44:08 GMT 2024","passed","Tue Nov 05 00:44:08 GMT 2024","","MAIN-BRANCH","MAIN-BRANCH",""
"","118","SPACE-INTERSECTION-TESTS.08","","Tue Nov 05 00:35:22 GMT 2024","failed","Tue Nov 05 00:35:22 GMT 2024","","HYPERON-METTALOG-SANITY","HYPERON-METTALOG-SANITY",""
"","5000","basic.test_list_concatenation","","Tue Nov 05 00:33:42 GMT 2024","passed","Tue Nov 05 00:33:47 GMT 2024","","WHOLE-TESTS","WHOLE-TESTS",""
"","2","SUBTRACTION-TEST.06","","Tue Nov 05 00:35:22 GMT 2024","passed","Tue Nov 05 00:35:22 GMT 2024","","HYPERON-METTALOG-SANITY","HYPERON-METTALOG-SANITY",""
"","2","ADD-REMOVE-MATCH-INTEGER.22","","Tue Nov 05 00:50:57 GMT 2024","passed","Tue Nov 05 00:50:57 GMT 2024","","SPACES","SPACES",""
"","40000","bio-atomspace.pln-xp-mettalog","","Tue Nov 05 00:33:42 GMT 2024","failed","Tue Nov 05 00:34:22 GMT 2024","","WHOLE-TESTS","WHOLE-TESTS",""
"","42","FORWARD-CHAINER-XP.09","","Tue Nov 05 01:16:43 GMT 2024","failed","Tue Nov 05 01:16:43 GMT 2024","","FORWARD-CHAINER","FORWARD-CHAINER",""
"","261","SYNTHESIZE-VIA-CASE-TEST.09","","Tue Nov 05 01:24:46 GMT 2024","failed","Tue Nov 05 01:24:46 GMT 2024","","EXPERIMENTS","EXPERIMENTS",""
"","2","CHAPTER-1-1.09","","Tue Nov 05 00:53:14 GMT 2024","passed","Tue Nov 05 00:53:14 GMT 2024","","SICP-BOOK","SICP-BOOK",""
"","2093","TESTS2.09","","Tue Nov 05 00:44:08 GMT 2024","failed","Tue Nov 05 00:44:10 GMT 2024","","MAIN-BRANCH","MAIN-BRANCH",""
"","2","UNIQUE-TEST.05","","Tue Nov 05 00:35:22 GMT 2024","passed","Tue Nov 05 00:35:22 GMT 2024","","HYPERON-METTALOG-SANITY","HYPERON-METTALOG-SANITY",""
"","5000","walk_thru.test_if_closed","","Tue Nov 05 00:33:42 GMT 2024","passed","Tue Nov 05 00:33:47 GMT 2024","","WHOLE-TESTS","WHOLE-TESTS",""
"","2","INF-CTL-MONTH-XP-SHORT-3.06","","Tue Nov 05 02:02:03 GMT 2024","passed","Tue Nov 05 02:02:03 GMT 2024","","COMPARISONS","COMPARISONS",""
"","2","BC-XP.01","","Tue Nov 05 00:48:37 GMT 2024","passed","Tue Nov 05 00:48:37 GMT 2024","","CHAINING","CHAINING",""
"","3","TYPES-PRELIM.06","","Tue Nov 05 00:48:37 GMT 2024","passed","Tue Nov 05 00:48:37 GMT 2024","","CHAINING","CHAINING",""
"","91","ADD-REMOVE-MATCH-FLOAT.16","","Tue Nov 05 00:50:57 GMT 2024","failed","Tue Nov 05 00:50:57 GMT 2024","","SPACES","SPACES",""
"","5","TESTS0.05","","Tue Nov 05 01:34:03 GMT 2024","passed","Tue Nov 05 01:34:03 GMT 2024","","NARS-V0","NARS-V0",""
"","2","PC-XP.03","","Tue Nov 05 01:22:53 GMT 2024","passed","Tue Nov 05 01:22:53 GMT 2024","","POLYWARD-CHAINING","POLYWARD-CHAINING",""
"","362","BASIC.05","","Tue Nov 05 01:07:05 GMT 2024","passed","Tue Nov 05 01:07:05 GMT 2024","","TRAVERSER","TRAVERSER",""
"","9","IMPLICATIONDIRECTINTRODUCTIONDTLTEST.03","","Tue Nov 05 01:12:50 GMT 2024","passed","Tue Nov 05 01:12:50 GMT 2024","","DEPENDENT-TYPES","DEPENDENT-TYPES",""
"","4000","basic.hyperposing-shared","","Tue Nov 05 00:33:42 GMT 2024","passed","Tue Nov 05 00:33:46 GMT 2024","","WHOLE-TESTS","WHOLE-TESTS",""
"","5","TRUTHVALUETEST.07","","Tue Nov 05 01:14:40 GMT 2024","passed","Tue Nov 05 01:14:40 GMT 2024","","TRUTHVALUE","TRUTHVALUE",""
"","98","STDLIB-METTALOG-TEST-PT2.38","","Tue Nov 05 00:53:04 GMT 2024","failed","Tue Nov 05 00:53:04 GMT 2024","","STDLIB-METTALOG","STDLIB-METTALOG",""
"","2","ADD-REMOVE-MATCH-INTEGER.08","","Tue Nov 05 00:50:57 GMT 2024","passed","Tue Nov 05 00:50:57 GMT 2024","","SPACES","SPACES",""
"","1301","PLLM-PENNTREE.05","","Tue Nov 05 02:08:13 GMT 2024","passed","Tue Nov 05 02:08:14 GMT 2024","","LANGUAGE-MODELS","LANGUAGE-MODELS",""
"","7000","stdlib-mettalog.stdlib_mettalog_test_pt2","","Tue Nov 05 00:33:42 GMT 2024","passed","Tue Nov 05 00:33:49 GMT 2024","","WHOLE-TESTS","WHOLE-TESTS",""
"","3","ADD-REMOVE-MATCH-SS-STRINGS.09","","Tue Nov 05 00:50:57 GMT 2024","passed","Tue Nov 05 00:50:57 GMT 2024","","SPACES","SPACES",""
"","3","IOIOIOI.01","","Tue Nov 05 01:53:28 GMT 2024","passed","Tue Nov 05 01:53:28 GMT 2024","","MULTIDIRECTIONAL","MULTIDIRECTIONAL",""
"","2","STDLIB-METTALOG-TEST-PT2.33","","Tue Nov 05 00:53:04 GMT 2024","passed","Tue Nov 05 00:53:04 GMT 2024","","STDLIB-METTALOG","STDLIB-METTALOG",""
"","68","IFC-XP.26","","Tue Nov 05 01:20:12 GMT 2024","passed","Tue Nov 05 01:20:12 GMT 2024","","ITERATIVE-CHAINING","ITERATIVE-CHAINING",""
"","270","BASIC.02","","Tue Nov 05 01:07:05 GMT 2024","passed","Tue Nov 05 01:07:05 GMT 2024","","TRAVERSER","TRAVERSER",""
"","86","INTERSECTION-TESTS.06","","Tue Nov 05 00:35:22 GMT 2024","passed","Tue Nov 05 00:35:22 GMT 2024","","HYPERON-METTALOG-SANITY","HYPERON-METTALOG-SANITY",""
"","2","TESTS4.01","","Tue Nov 05 00:44:08 GMT 2024","passed","Tue Nov 05 00:44:08 GMT 2024","","MAIN-BRANCH","MAIN-BRANCH",""
"","1","D2-HIGHERFUNC.13","","Tue Nov 05 00:33:46 GMT 2024","passed","Tue Nov 05 00:33:46 GMT 2024","","HYPERON-EXPERIMENTAL-SCRIPTS","HYPERON-EXPERIMENTAL-SCRIPTS",""
"","3","NILS-IF-CONTROL-TEST-2.01","","Tue Nov 05 02:02:03 GMT 2024","passed","Tue Nov 05 02:02:03 GMT 2024","","COMPARISONS","COMPARISONS",""
"","2","INTERSECTION-TESTS.17","","Tue Nov 05 00:35:22 GMT 2024","passed","Tue Nov 05 00:35:22 GMT 2024","","HYPERON-METTALOG-SANITY","HYPERON-METTALOG-SANITY",""
"","2","BC-XP.28","","Tue Nov 05 01:14:02 GMT 2024","passed","Tue Nov 05 01:14:02 GMT 2024","","BACKWARD-CHAINING","BACKWARD-CHAINING",""
"","2","B5-TYPES-PRELIM.19","","Tue Nov 05 01:09:48 GMT 2024","passed","Tue Nov 05 01:09:48 GMT 2024","","CHECK-TYPES-TEMP","CHECK-TYPES-TEMP",""
"","2","SYNTHESIZE-VIA-SUPERPOSE.02","","Tue Nov 05 01:24:46 GMT 2024","passed","Tue Nov 05 01:24:46 GMT 2024","","EXPERIMENTS","EXPERIMENTS",""
"","46000","nars_v0.tests2","","Tue Nov 05 00:33:42 GMT 2024","failed","Tue Nov 05 00:34:28 GMT 2024","","WHOLE-TESTS","WHOLE-TESTS",""
"","2","ADD-REMOVE-MATCH-S-STRINGS.11","","Tue Nov 05 00:50:57 GMT 2024","passed","Tue Nov 05 00:50:57 GMT 2024","","SPACES","SPACES",""
"","3","STRING-TESTS.01","","Tue Nov 05 00:35:22 GMT 2024","passed","Tue Nov 05 00:35:22 GMT 2024","","HYPERON-METTALOG-SANITY","HYPERON-METTALOG-SANITY",""
"","3","SUBTRACTION-TEST.08","","Tue Nov 05 00:35:22 GMT 2024","passed","Tue Nov 05 00:35:22 GMT 2024","","HYPERON-METTALOG-SANITY","HYPERON-METTALOG-SANITY",""
"","2","TESTS0.03","","Tue Nov 05 01:41:52 GMT 2024","passed","Tue Nov 05 01:41:52 GMT 2024","","PREV","PREV",""
"","5000","nondet_unify.prover","","Tue Nov 05 00:33:42 GMT 2024","passed","Tue Nov 05 00:33:47 GMT 2024","","WHOLE-TESTS","WHOLE-TESTS",""
"","3","SUPERCOLLAPSE.07","","Tue Nov 05 00:39:18 GMT 2024","passed","Tue Nov 05 00:39:18 GMT 2024","","METTA-MORPH-TESTS","METTA-MORPH-TESTS",""
"","3","STATE-TYPES.17","","Tue Nov 05 01:55:46 GMT 2024","passed","Tue Nov 05 01:55:46 GMT 2024","","BASIC","BASIC",""
"","1179","TRAINING-BI.04","","Tue Nov 05 02:08:13 GMT 2024","passed","Tue Nov 05 02:08:14 GMT 2024","","LANGUAGE-MODELS","LANGUAGE-MODELS",""
"","2","B5-TYPES-PRELIM.10","","Tue Nov 05 01:09:48 GMT 2024","passed","Tue Nov 05 01:09:48 GMT 2024","","CHECK-TYPES-TEMP","CHECK-TYPES-TEMP",""
"","2","BACKWARD-CHAINER-XP.28","","Tue Nov 05 01:13:57 GMT 2024","passed","Tue Nov 05 01:13:57 GMT 2024","","BACKWARD-CHAINER","BACKWARD-CHAINER",""
"","2","GROUNDED-BASIC.02","","Tue Nov 05 00:51:40 GMT 2024","passed","Tue Nov 05 00:51:40 GMT 2024","","STD","STD",""
"","4000","metta-morph_tests.types","","Tue Nov 05 00:33:42 GMT 2024","passed","Tue Nov 05 00:33:46 GMT 2024","","WHOLE-TESTS","WHOLE-TESTS",""
"","3751","TRAINING-BI.03","","Tue Nov 05 02:08:13 GMT 2024","passed","Tue Nov 05 02:08:16 GMT 2024","","LANGUAGE-MODELS","LANGUAGE-MODELS",""
"","2","APPEND-USING-EQUALITY.05","","Tue Nov 05 01:53:28 GMT 2024","passed","Tue Nov 05 01:53:28 GMT 2024","","MULTIDIRECTIONAL","MULTIDIRECTIONAL",""
"","1","BACKWARD-CHAINER-XP.36","","Tue Nov 05 01:13:57 GMT 2024","passed","Tue Nov 05 01:13:57 GMT 2024","","BACKWARD-CHAINER","BACKWARD-CHAINER",""
"","2","B5-TYPES-PRELIM.13","","Tue Nov 05 01:09:48 GMT 2024","passed","Tue Nov 05 01:09:48 GMT 2024","","CHECK-TYPES-TEMP","CHECK-TYPES-TEMP",""
"","113","STATE-TYPES.18","","Tue Nov 05 01:55:46 GMT 2024","failed","Tue Nov 05 01:55:46 GMT 2024","","BASIC","BASIC",""
"","3","TYPES-PRELIM.15","","Tue Nov 05 00:48:37 GMT 2024","passed","Tue Nov 05 00:48:37 GMT 2024","","CHAINING","CHAINING",""
"","2","IBC-XP.04","","Tue Nov 05 01:20:12 GMT 2024","passed","Tue Nov 05 01:20:12 GMT 2024","","ITERATIVE-CHAINING","ITERATIVE-CHAINING",""
"","3","ORDEREDSETTEST.01","","Tue Nov 05 01:14:11 GMT 2024","passed","Tue Nov 05 01:14:11 GMT 2024","","COMMON","COMMON",""
"","1","NATSTANDALONETEST.03","","Tue Nov 05 01:16:58 GMT 2024","passed","Tue Nov 05 01:16:58 GMT 2024","","HOL","HOL",""
"","168","NTE.03","","Tue Nov 05 00:59:52 GMT 2024","passed","Tue Nov 05 00:59:52 GMT 2024","","EDGES-TO-EDGES","EDGES-TO-EDGES",""
"","5000","iterative-chaining.ifc-xp","","Tue Nov 05 00:33:42 GMT 2024","passed","Tue Nov 05 00:33:47 GMT 2024","","WHOLE-TESTS","WHOLE-TESTS",""
"","358","SYNTHESIZE-VIA-LET-TEST.07","","Tue Nov 05 01:24:46 GMT 2024","failed","Tue Nov 05 01:24:46 GMT 2024","","EXPERIMENTS","EXPERIMENTS",""
"","15","D2-HIGHERFUNC.20","","Tue Nov 05 01:10:09 GMT 2024","passed","Tue Nov 05 01:10:09 GMT 2024","","CHECK-TYPES","CHECK-TYPES",""
"","2","CML-UNSHARED.10","","Tue Nov 05 01:55:46 GMT 2024","passed","Tue Nov 05 01:55:46 GMT 2024","","BASIC","BASIC",""
"","361","IBC-XP.15","","Tue Nov 05 01:20:12 GMT 2024","passed","Tue Nov 05 01:20:12 GMT 2024","","ITERATIVE-CHAINING","ITERATIVE-CHAINING",""
"","144","TESTS0.01","","Tue Nov 05 01:34:03 GMT 2024","passed","Tue Nov 05 01:34:03 GMT 2024","","NARS-V0","NARS-V0",""
"","2","D1-GADT.14","","Tue Nov 05 00:43:40 GMT 2024","passed","Tue Nov 05 00:43:40 GMT 2024","","QUICK","QUICK",""
"","43000","examples.expression","","Tue Nov 05 00:33:42 GMT 2024","failed","Tue Nov 05 00:34:25 GMT 2024","","WHOLE-TESTS","WHOLE-TESTS",""
"","104","OR-TEST.20","","Tue Nov 05 00:35:22 GMT 2024","failed","Tue Nov 05 00:35:22 GMT 2024","","HYPERON-METTALOG-SANITY","HYPERON-METTALOG-SANITY",""
"","2","INTERSECTION-TESTS.16","","Tue Nov 05 00:35:22 GMT 2024","passed","Tue Nov 05 00:35:22 GMT 2024","","HYPERON-METTALOG-SANITY","HYPERON-METTALOG-SANITY",""
"","85","EXAM-SPACES.04","","Tue Nov 05 00:50:41 GMT 2024","passed","Tue Nov 05 00:50:41 GMT 2024","","INTROSPECT","INTROSPECT",""
"","41","FORWARD-CHAINER-TEST.05","","Tue Nov 05 01:16:43 GMT 2024","failed","Tue Nov 05 01:16:43 GMT 2024","","FORWARD-CHAINER","FORWARD-CHAINER",""
"","3","TEST-INFER-FUNCTION-APPLICATION-TYPE.01","","Tue Nov 05 01:55:46 GMT 2024","passed","Tue Nov 05 01:55:46 GMT 2024","","BASIC","BASIC",""
"","177","BASIC.03","","Tue Nov 05 01:07:05 GMT 2024","passed","Tue Nov 05 01:07:05 GMT 2024","","TRAVERSER","TRAVERSER",""
"","3","ADD-REMOVE-MATCH-INTEGER.11","","Tue Nov 05 00:50:57 GMT 2024","passed","Tue Nov 05 00:50:57 GMT 2024","","SPACES","SPACES",""
"","3","SHOW-TYPE.01","","Tue Nov 05 00:50:41 GMT 2024","passed","Tue Nov 05 00:50:41 GMT 2024","","INTROSPECT","INTROSPECT",""
"","82","E2-STATES.07","","Tue Nov 05 00:33:46 GMT 2024","failed","Tue Nov 05 00:33:46 GMT 2024","","HYPERON-EXPERIMENTAL-SCRIPTS","HYPERON-EXPERIMENTAL-SCRIPTS",""
"","1","CML-UNSHARED.02","","Tue Nov 05 01:55:46 GMT 2024","passed","Tue Nov 05 01:55:46 GMT 2024","","BASIC","BASIC",""
"","2","STATE-TYPES.10","","Tue Nov 05 01:55:46 GMT 2024","passed","Tue Nov 05 01:55:46 GMT 2024","","BASIC","BASIC",""
"","1","INF-CTL-MONTH-BC-CONT-XP.12","","Tue Nov 05 01:18:09 GMT 2024","passed","Tue Nov 05 01:18:09 GMT 2024","","INFERENCE-CONTROL","INFERENCE-CONTROL",""
"","2","FLIP-TEST.02","","Tue Nov 05 00:35:22 GMT 2024","passed","Tue Nov 05 00:35:22 GMT 2024","","HYPERON-METTALOG-SANITY","HYPERON-METTALOG-SANITY",""
"","2","ADD-REMOVE-MATCH-INTEGER.31","","Tue Nov 05 00:50:57 GMT 2024","passed","Tue Nov 05 00:50:57 GMT 2024","","SPACES","SPACES",""
"","188","QUERIES.10","","Tue Nov 05 01:06:24 GMT 2024","passed","Tue Nov 05 01:06:24 GMT 2024","","STRIPS-TO-METTA-IMPROVED","STRIPS-TO-METTA-IMPROVED",""
"","56","TYPE-PROP.67","","Tue Nov 05 01:09:48 GMT 2024","failed","Tue Nov 05 01:09:48 GMT 2024","","CHECK-TYPES-TEMP","CHECK-TYPES-TEMP",""
"","2","TYPE-PROP.15","","Tue Nov 05 01:09:48 GMT 2024","passed","Tue Nov 05 01:09:48 GMT 2024","","CHECK-TYPES-TEMP","CHECK-TYPES-TEMP",""
"","18","INF-CTL-MONTH-BC-CONT-XP.05","","Tue Nov 05 01:18:09 GMT 2024","passed","Tue Nov 05 01:18:09 GMT 2024","","INFERENCE-CONTROL","INFERENCE-CONTROL",""
"","45000","nars_v0.tests3","","Tue Nov 05 00:33:42 GMT 2024","failed","Tue Nov 05 00:34:27 GMT 2024","","WHOLE-TESTS","WHOLE-TESTS",""
"","3","ADD-REMOVE-MATCH-SS-STRINGS.05","","Tue Nov 05 00:50:57 GMT 2024","passed","Tue Nov 05 00:50:57 GMT 2024","","SPACES","SPACES",""
"","119","TRUTHVALUETEST.08","","Tue Nov 05 01:14:40 GMT 2024","passed","Tue Nov 05 01:14:40 GMT 2024","","TRUTHVALUE","TRUTHVALUE",""
"","3","B3-DIRECT.01","","Tue Nov 05 00:33:46 GMT 2024","passed","Tue Nov 05 00:33:46 GMT 2024","","HYPERON-EXPERIMENTAL-SCRIPTS","HYPERON-EXPERIMENTAL-SCRIPTS",""
"","40000","basic.fibo","","Tue Nov 05 00:33:42 GMT 2024","failed","Tue Nov 05 00:34:22 GMT 2024","","WHOLE-TESTS","WHOLE-TESTS",""
"","5000","anti-regression.test_if_closed","","Tue Nov 05 00:33:42 GMT 2024","passed","Tue Nov 05 00:33:47 GMT 2024","","WHOLE-TESTS","WHOLE-TESTS",""
"","112","SPACE-INTERSECTION-TESTS.17","","Tue Nov 05 00:35:22 GMT 2024","failed","Tue Nov 05 00:35:22 GMT 2024","","HYPERON-METTALOG-SANITY","HYPERON-METTALOG-SANITY",""
"","2","FORWARD-CHAINER-XP.23","","Tue Nov 05 01:16:43 GMT 2024","passed","Tue Nov 05 01:16:43 GMT 2024","","FORWARD-CHAINER","FORWARD-CHAINER",""
"","3","D4-TYPE-PROP.12","","Tue Nov 05 00:43:40 GMT 2024","passed","Tue Nov 05 00:43:40 GMT 2024","","QUICK","QUICK",""
"","45","INF-CTL-MONTH-BC-CONT-XP.20","","Tue Nov 05 01:18:09 GMT 2024","failed","Tue Nov 05 01:18:09 GMT 2024","","INFERENCE-CONTROL","INFERENCE-CONTROL",""
"","5000","experiments.non-determinism","","Tue Nov 05 00:33:42 GMT 2024","passed","Tue Nov 05 00:33:47 GMT 2024","","WHOLE-TESTS","WHOLE-TESTS",""
"","4","SPACE-INTERSECTION-TESTS.20","","Tue Nov 05 00:35:22 GMT 2024","passed","Tue Nov 05 00:35:22 GMT 2024","","HYPERON-METTALOG-SANITY","HYPERON-METTALOG-SANITY",""
"","3","TYPE-PROP.61","","Tue Nov 05 01:09:48 GMT 2024","passed","Tue Nov 05 01:09:48 GMT 2024","","CHECK-TYPES-TEMP","CHECK-TYPES-TEMP",""
"","124","STDLIB-METTALOG-TEST-PT2.58","","Tue Nov 05 00:53:04 GMT 2024","failed","Tue Nov 05 00:53:04 GMT 2024","","STDLIB-METTALOG","STDLIB-METTALOG",""
"","3","BACKWARD-CHAIN.02","","Tue Nov 05 00:48:37 GMT 2024","passed","Tue Nov 05 00:48:37 GMT 2024","","CHAINING","CHAINING",""
"","3","HIGHER-ORDER-FUNCS.03","","Tue Nov 05 00:51:40 GMT 2024","passed","Tue Nov 05 00:51:40 GMT 2024","","STD","STD",""
"","1","HYPERPOSING.07","","Tue Nov 05 01:55:46 GMT 2024","passed","Tue Nov 05 01:55:46 GMT 2024","","BASIC","BASIC",""
"","43000","inference-control.inf-ctl-month-bc-xp","","Tue Nov 05 00:33:42 GMT 2024","failed","Tue Nov 05 00:34:25 GMT 2024","","WHOLE-TESTS","WHOLE-TESTS",""
"","3","TYPE-PROP.81","","Tue Nov 05 01:09:48 GMT 2024","passed","Tue Nov 05 01:09:48 GMT 2024","","CHECK-TYPES-TEMP","CHECK-TYPES-TEMP",""
"","125","FORWARD-CHAINER-XP.20","","Tue Nov 05 01:16:43 GMT 2024","passed","Tue Nov 05 01:16:43 GMT 2024","","FORWARD-CHAINER","FORWARD-CHAINER",""
"","2","BASE-TEST-REPR-PARSE-INTERSECTION.03","","Tue Nov 05 00:35:22 GMT 2024","passed","Tue Nov 05 00:35:22 GMT 2024","","HYPERON-METTALOG-SANITY","HYPERON-METTALOG-SANITY",""
"","4000","basic.cml-unshared","","Tue Nov 05 00:33:42 GMT 2024","passed","Tue Nov 05 00:33:46 GMT 2024","","WHOLE-TESTS","WHOLE-TESTS",""
"","15","D1-GADT.04","","Tue Nov 05 01:10:09 GMT 2024","passed","Tue Nov 05 01:10:09 GMT 2024","","CHECK-TYPES","CHECK-TYPES",""
"","4","ORIENTATION-TEST.03","","Tue Nov 05 01:23:54 GMT 2024","passed","Tue Nov 05 01:23:54 GMT 2024","","ORIENTATION","ORIENTATION",""
"","162","APPEND-USING-EQUALITY.01","","Tue Nov 05 01:53:28 GMT 2024","failed","Tue Nov 05 01:53:28 GMT 2024","","MULTIDIRECTIONAL","MULTIDIRECTIONAL",""
"","2","MATCH-SUPERPOSED-SPACES.04","","Tue Nov 05 00:39:18 GMT 2024","passed","Tue Nov 05 00:39:18 GMT 2024","","METTA-MORPH-TESTS","METTA-MORPH-TESTS",""
"","2","HYPERPOSE.05","","Tue Nov 05 00:39:18 GMT 2024","passed","Tue Nov 05 00:39:18 GMT 2024","","METTA-MORPH-TESTS","METTA-MORPH-TESTS",""
"","3","TYPES-PRELIM.05","","Tue Nov 05 00:48:37 GMT 2024","passed","Tue Nov 05 00:48:37 GMT 2024","","CHAINING","CHAINING",""
"","3","SUBTRACTION-TEST.04","","Tue Nov 05 00:35:22 GMT 2024","passed","Tue Nov 05 00:35:22 GMT 2024","","HYPERON-METTALOG-SANITY","HYPERON-METTALOG-SANITY",""
"","2","F1-IMPORTS.11","","Tue Nov 05 00:33:37 GMT 2024","passed","Tue Nov 05 00:33:37 GMT 2024","","MODULE-SYSTEM","MODULE-SYSTEM",""
"","59","TYPE-PROP.79","","Tue Nov 05 01:09:48 GMT 2024","failed","Tue Nov 05 01:09:48 GMT 2024","","CHECK-TYPES-TEMP","CHECK-TYPES-TEMP",""
"","2","00-LANG-CASE.09","","Tue Nov 05 00:35:22 GMT 2024","passed","Tue Nov 05 00:35:22 GMT 2024","","HYPERON-METTALOG-SANITY","HYPERON-METTALOG-SANITY",""
"","2","TYPE-PROP.09","","Tue Nov 05 01:09:48 GMT 2024","passed","Tue Nov 05 01:09:48 GMT 2024","","CHECK-TYPES-TEMP","CHECK-TYPES-TEMP",""
"","3","TYPE-PROP.01","","Tue Nov 05 00:48:37 GMT 2024","passed","Tue Nov 05 00:48:37 GMT 2024","","CHAINING","CHAINING",""
"","2","F1-IMPORTS.09","","Tue Nov 05 00:33:37 GMT 2024","passed","Tue Nov 05 00:33:37 GMT 2024","","MODULE-SYSTEM","MODULE-SYSTEM",""
"","2","PC-XP.04","","Tue Nov 05 01:22:53 GMT 2024","passed","Tue Nov 05 01:22:53 GMT 2024","","POLYWARD-CHAINING","POLYWARD-CHAINING",""
"","2","UTILS-TEST.04","","Tue Nov 05 01:13:52 GMT 2024","passed","Tue Nov 05 01:13:52 GMT 2024","","UTILS","UTILS",""
"","84","INF-CTL-MONTH-XP-SHORT-6.02","","Tue Nov 05 02:02:03 GMT 2024","failed","Tue Nov 05 02:02:03 GMT 2024","","COMPARISONS","COMPARISONS",""
"","3","B5-TYPES-PRELIM.01","","Tue Nov 05 01:09:48 GMT 2024","passed","Tue Nov 05 01:09:48 GMT 2024","","CHECK-TYPES-TEMP","CHECK-TYPES-TEMP",""
"","2","XOR-TEST.10","","Tue Nov 05 00:35:22 GMT 2024","passed","Tue Nov 05 00:35:22 GMT 2024","","HYPERON-METTALOG-SANITY","HYPERON-METTALOG-SANITY",""
"","188","SYNTHESIZE-VIA-UNIFY-TEST.05","","Tue Nov 05 01:24:46 GMT 2024","failed","Tue Nov 05 01:24:46 GMT 2024","","EXPERIMENTS","EXPERIMENTS",""
"","2","PC-XP.14","","Tue Nov 05 01:22:53 GMT 2024","passed","Tue Nov 05 01:22:53 GMT 2024","","POLYWARD-CHAINING","POLYWARD-CHAINING",""
"","59","NATSTANDALONETEST.15","","Tue Nov 05 01:16:58 GMT 2024","failed","Tue Nov 05 01:16:58 GMT 2024","","HOL","HOL",""
"","2","STRING-TESTS.21","","Tue Nov 05 00:35:22 GMT 2024","passed","Tue Nov 05 00:35:22 GMT 2024","","HYPERON-METTALOG-SANITY","HYPERON-METTALOG-SANITY",""
"","2","STRING-TESTS.19","","Tue Nov 05 00:35:22 GMT 2024","passed","Tue Nov 05 00:35:22 GMT 2024","","HYPERON-METTALOG-SANITY","HYPERON-METTALOG-SANITY",""
"","132","TESTS0.05","","Tue Nov 05 00:44:08 GMT 2024","passed","Tue Nov 05 00:44:08 GMT 2024","","MAIN-BRANCH","MAIN-BRANCH",""
"","2","BCHAIN-COMP.04","","Tue Nov 05 01:47:13 GMT 2024","passed","Tue Nov 05 01:47:13 GMT 2024","","WALK-THRU","WALK-THRU",""
"","165","STDLIB-METTALOG-TEST-PT2.21","","Tue Nov 05 00:53:04 GMT 2024","failed","Tue Nov 05 00:53:04 GMT 2024","","STDLIB-METTALOG","STDLIB-METTALOG",""
"","1","ADD-ATOM-NAIVE-FIB.06","","Tue Nov 05 02:02:03 GMT 2024","passed","Tue Nov 05 02:02:03 GMT 2024","","COMPARISONS","COMPARISONS",""
"","16000","metta-wam-issue-116.test_spo_116378","","Tue Nov 05 00:33:42 GMT 2024","failed","Tue Nov 05 00:33:58 GMT 2024","","WHOLE-TESTS","WHOLE-TESTS",""
"","2","ADD-REMOVE-MATCH-STRINGS.02","","Tue Nov 05 00:50:57 GMT 2024","passed","Tue Nov 05 00:50:57 GMT 2024","","SPACES","SPACES",""
"","4","TESTS0.05","","Tue Nov 05 00:39:18 GMT 2024","passed","Tue Nov 05 00:39:18 GMT 2024","","METTA-MORPH-TESTS","METTA-MORPH-TESTS",""
"","4000","debugging.hyperon_experimental_issue_514","","Tue Nov 05 00:33:42 GMT 2024","passed","Tue Nov 05 00:33:46 GMT 2024","","WHOLE-TESTS","WHOLE-TESTS",""
"","2","D4-TYPE-PROP.13","","Tue Nov 05 00:33:46 GMT 2024","passed","Tue Nov 05 00:33:46 GMT 2024","","HYPERON-EXPERIMENTAL-SCRIPTS","HYPERON-EXPERIMENTAL-SCRIPTS",""
"","2","F1-MODULEA.10","","Tue Nov 05 00:43:40 GMT 2024","passed","Tue Nov 05 00:43:40 GMT 2024","","QUICK","QUICK",""
"","118","SPACE-INTERSECTION-TESTS.09","","Tue Nov 05 00:35:22 GMT 2024","failed","Tue Nov 05 00:35:22 GMT 2024","","HYPERON-METTALOG-SANITY","HYPERON-METTALOG-SANITY",""
"","1","D1-GADT.03","","Tue Nov 05 00:33:46 GMT 2024","passed","Tue Nov 05 00:33:46 GMT 2024","","HYPERON-EXPERIMENTAL-SCRIPTS","HYPERON-EXPERIMENTAL-SCRIPTS",""
"","3","UNIQUE-TEST.01","","Tue Nov 05 00:35:22 GMT 2024","passed","Tue Nov 05 00:35:22 GMT 2024","","HYPERON-METTALOG-SANITY","HYPERON-METTALOG-SANITY",""
"","2","STRING-TESTS.06","","Tue Nov 05 00:35:22 GMT 2024","passed","Tue Nov 05 00:35:22 GMT 2024","","HYPERON-METTALOG-SANITY","HYPERON-METTALOG-SANITY",""
"","92","ADD-REMOVE-MATCH-FLOAT.14","","Tue Nov 05 00:50:57 GMT 2024","passed","Tue Nov 05 00:50:57 GMT 2024","","SPACES","SPACES",""
"","42","STDLIB-METTALOG-TEST-PT2.04","","Tue Nov 05 00:53:04 GMT 2024","failed","Tue Nov 05 00:53:04 GMT 2024","","STDLIB-METTALOG","STDLIB-METTALOG",""
"","3","D2-HIGHERFUNC.27","","Tue Nov 05 00:33:46 GMT 2024","passed","Tue Nov 05 00:33:46 GMT 2024","","HYPERON-EXPERIMENTAL-SCRIPTS","HYPERON-EXPERIMENTAL-SCRIPTS",""
"","2","KEY-LOOKUPS-MANY.03","","Tue Nov 05 01:55:46 GMT 2024","passed","Tue Nov 05 01:55:46 GMT 2024","","BASIC","BASIC",""
"","4000","std.grounded_basic","","Tue Nov 05 00:33:42 GMT 2024","passed","Tue Nov 05 00:33:46 GMT 2024","","WHOLE-TESTS","WHOLE-TESTS",""
"","2","D4-TYPE-PROP.13","","Tue Nov 05 01:10:09 GMT 2024","passed","Tue Nov 05 01:10:09 GMT 2024","","CHECK-TYPES","CHECK-TYPES",""
"","3","LISTTEST.01","","Tue Nov 05 01:14:11 GMT 2024","passed","Tue Nov 05 01:14:11 GMT 2024","","COMMON","COMMON",""
"","3","STATE-TYPES.12","","Tue Nov 05 01:55:46 GMT 2024","passed","Tue Nov 05 01:55:46 GMT 2024","","BASIC","BASIC",""
"","129","SHOW-TYPE.10","","Tue Nov 05 00:50:41 GMT 2024","failed","Tue Nov 05 00:50:41 GMT 2024","","INTROSPECT","INTROSPECT",""
"","2","NATPARITYTEST.14","","Tue Nov 05 01:16:58 GMT 2024","passed","Tue Nov 05 01:16:58 GMT 2024","","HOL","HOL",""
"","54","IMPLICATIONDIRECTINTRODUCTIONDTLTEST.01","","Tue Nov 05 01:12:50 GMT 2024","failed","Tue Nov 05 01:12:50 GMT 2024","","DEPENDENT-TYPES","DEPENDENT-TYPES",""
"","3","NILS-IF-CONTROL-TEST-3.01","","Tue Nov 05 02:02:03 GMT 2024","passed","Tue Nov 05 02:02:03 GMT 2024","","COMPARISONS","COMPARISONS",""
"","2","DEBUG-METTALOGTESTCURRIED.03","","Tue Nov 05 01:47:13 GMT 2024","passed","Tue Nov 05 01:47:13 GMT 2024","","WALK-THRU","WALK-THRU",""
"","5000","chaining.bc-xp","","Tue Nov 05 00:33:42 GMT 2024","passed","Tue Nov 05 00:33:47 GMT 2024","","WHOLE-TESTS","WHOLE-TESTS",""
"","2","D4-TYPE-PROP.17","","Tue Nov 05 01:10:09 GMT 2024","passed","Tue Nov 05 01:10:09 GMT 2024","","CHECK-TYPES","CHECK-TYPES",""
"","122","INF-CTL-MONTH-XP.01","","Tue Nov 05 01:18:09 GMT 2024","passed","Tue Nov 05 01:18:09 GMT 2024","","INFERENCE-CONTROL","INFERENCE-CONTROL",""
"","3","APPEND.01","","Tue Nov 05 01:53:28 GMT 2024","passed","Tue Nov 05 01:53:28 GMT 2024","","MULTIDIRECTIONAL","MULTIDIRECTIONAL",""
"","3","B4-NONDETERM.07","","Tue Nov 05 00:33:46 GMT 2024","passed","Tue Nov 05 00:33:46 GMT 2024","","HYPERON-EXPERIMENTAL-SCRIPTS","HYPERON-EXPERIMENTAL-SCRIPTS",""
"","4000","game_of_clue.game_of_clue","","Tue Nov 05 00:33:42 GMT 2024","passed","Tue Nov 05 00:33:46 GMT 2024","","WHOLE-TESTS","WHOLE-TESTS",""
"","2","INF-CTL-MONTH-XP.03","","Tue Nov 05 01:18:09 GMT 2024","passed","Tue Nov 05 01:18:09 GMT 2024","","INFERENCE-CONTROL","INFERENCE-CONTROL",""
"","4000","polyward-chaining.pc-xp","","Tue Nov 05 00:33:42 GMT 2024","passed","Tue Nov 05 00:33:46 GMT 2024","","WHOLE-TESTS","WHOLE-TESTS",""
"","2","C1-GROUNDED-BASIC.12","","Tue Nov 05 00:33:46 GMT 2024","passed","Tue Nov 05 00:33:46 GMT 2024","","HYPERON-EXPERIMENTAL-SCRIPTS","HYPERON-EXPERIMENTAL-SCRIPTS",""
"","40000","combinator-calculi.tree","","Tue Nov 05 00:33:42 GMT 2024","failed","Tue Nov 05 00:34:22 GMT 2024","","WHOLE-TESTS","WHOLE-TESTS",""
"","2","INF-CTL-MONTH-BC-CONT-XP.24","","Tue Nov 05 01:18:09 GMT 2024","passed","Tue Nov 05 01:18:09 GMT 2024","","INFERENCE-CONTROL","INFERENCE-CONTROL",""
"","3","B1-EQUAL-CHAIN.01","","Tue Nov 05 00:33:46 GMT 2024","passed","Tue Nov 05 00:33:46 GMT 2024","","HYPERON-EXPERIMENTAL-SCRIPTS","HYPERON-EXPERIMENTAL-SCRIPTS",""
"","5","IFC-XP.41","","Tue Nov 05 01:20:12 GMT 2024","passed","Tue Nov 05 01:20:12 GMT 2024","","ITERATIVE-CHAINING","ITERATIVE-CHAINING",""
"","51","D5-AUTO-TYPES.02","","Tue Nov 05 01:10:09 GMT 2024","failed","Tue Nov 05 01:10:09 GMT 2024","","CHECK-TYPES","CHECK-TYPES",""
"","2","B3-DIRECT.03","","Tue Nov 05 00:33:46 GMT 2024","passed","Tue Nov 05 00:33:46 GMT 2024","","HYPERON-EXPERIMENTAL-SCRIPTS","HYPERON-EXPERIMENTAL-SCRIPTS",""
"","5000","chaining.parent_go_1_comp","","Tue Nov 05 00:33:42 GMT 2024","passed","Tue Nov 05 00:33:47 GMT 2024","","WHOLE-TESTS","WHOLE-TESTS",""
"","166","QUERIES.11","","Tue Nov 05 01:06:24 GMT 2024","failed","Tue Nov 05 01:06:24 GMT 2024","","STRIPS-TO-METTA-IMPROVED","STRIPS-TO-METTA-IMPROVED",""
"","48","CHAPTER-2-2.08","","Tue Nov 05 00:53:14 GMT 2024","failed","Tue Nov 05 00:53:14 GMT 2024","","SICP-BOOK","SICP-BOOK",""
"","6","DEBUG-METTALOGTESTCURRIED.05","","Tue Nov 05 01:47:13 GMT 2024","passed","Tue Nov 05 01:47:13 GMT 2024","","WALK-THRU","WALK-THRU",""
"","2","B5-TYPES-PRELIM.17","","Tue Nov 05 01:09:48 GMT 2024","passed","Tue Nov 05 01:09:48 GMT 2024","","CHECK-TYPES-TEMP","CHECK-TYPES-TEMP",""
"","1","STDLIB-METTALOG-TEST-PT2.36","","Tue Nov 05 00:53:04 GMT 2024","passed","Tue Nov 05 00:53:04 GMT 2024","","STDLIB-METTALOG","STDLIB-METTALOG",""
"","3","00A-LANG-COMPILED-CASE.01","","Tue Nov 05 01:45:47 GMT 2024","passed","Tue Nov 05 01:45:47 GMT 2024","","DIRECT-COMP","DIRECT-COMP",""
"","57","IFC-XP.01","","Tue Nov 05 01:20:12 GMT 2024","failed","Tue Nov 05 01:20:12 GMT 2024","","ITERATIVE-CHAINING","ITERATIVE-CHAINING",""
"","2","INTERSECTION-TESTS.14","","Tue Nov 05 00:35:22 GMT 2024","passed","Tue Nov 05 00:35:22 GMT 2024","","HYPERON-METTALOG-SANITY","HYPERON-METTALOG-SANITY",""
"","4","STDLIB-METTALOG-TEST-PT2.69","","Tue Nov 05 00:53:04 GMT 2024","passed","Tue Nov 05 00:53:04 GMT 2024","","STDLIB-METTALOG","STDLIB-METTALOG",""
"","41","CHAPTER-1-1.21","","Tue Nov 05 00:53:14 GMT 2024","passed","Tue Nov 05 00:53:14 GMT 2024","","SICP-BOOK","SICP-BOOK",""
"","75","STATE-TYPES.08","","Tue Nov 05 01:55:46 GMT 2024","failed","Tue Nov 05 01:55:46 GMT 2024","","BASIC","BASIC",""
"","6","SPACE-SUBTRACTION-TESTS.04","","Tue Nov 05 00:35:22 GMT 2024","passed","Tue Nov 05 00:35:22 GMT 2024","","HYPERON-METTALOG-SANITY","HYPERON-METTALOG-SANITY",""
"","7","REWRITES.02","","Tue Nov 05 01:05:33 GMT 2024","passed","Tue Nov 05 01:05:33 GMT 2024","","STACK-BASED","STACK-BASED",""
"","5","UNIQUE-TEST.13","","Tue Nov 05 00:35:22 GMT 2024","passed","Tue Nov 05 00:35:22 GMT 2024","","HYPERON-METTALOG-SANITY","HYPERON-METTALOG-SANITY",""
"","6000","dependent-types.bchain","","Tue Nov 05 00:33:42 GMT 2024","passed","Tue Nov 05 00:33:48 GMT 2024","","WHOLE-TESTS","WHOLE-TESTS",""
"","2","DEBUG-METTALOGTESTCURRIED.06","","Tue Nov 05 01:47:13 GMT 2024","passed","Tue Nov 05 01:47:13 GMT 2024","","WALK-THRU","WALK-THRU",""
"","2","LISTTEST.03","","Tue Nov 05 01:14:11 GMT 2024","passed","Tue Nov 05 01:14:11 GMT 2024","","COMMON","COMMON",""
"","40","FC-XP.05","","Tue Nov 05 01:16:53 GMT 2024","failed","Tue Nov 05 01:16:53 GMT 2024","","FORWARD-CHAINING","FORWARD-CHAINING",""
"","2","F1-MODULEA.02","","Tue Nov 05 00:43:40 GMT 2024","passed","Tue Nov 05 00:43:40 GMT 2024","","QUICK","QUICK",""
"","2","DEDUCTIONFORMULATEST.01","","Tue Nov 05 01:14:35 GMT 2024","passed","Tue Nov 05 01:14:35 GMT 2024","","FORMULA","FORMULA",""
"","5000","experiments.synthesize-via-superpose","","Tue Nov 05 00:33:42 GMT 2024","passed","Tue Nov 05 00:33:47 GMT 2024","","WHOLE-TESTS","WHOLE-TESTS",""
"","2","D3-DEPTYPES.07","","Tue Nov 05 01:10:09 GMT 2024","passed","Tue Nov 05 01:10:09 GMT 2024","","CHECK-TYPES","CHECK-TYPES",""
"","14","CHAPTER-2-4.21","","Tue Nov 05 00:53:14 GMT 2024","failed","Tue Nov 05 00:53:14 GMT 2024","","SICP-BOOK","SICP-BOOK",""
"","2","TYPE-PROP.06","","Tue Nov 05 00:48:37 GMT 2024","passed","Tue Nov 05 00:48:37 GMT 2024","","CHAINING","CHAINING",""
"","3","FIRST-ANSWER.01","","Tue Nov 05 00:35:22 GMT 2024","passed","Tue Nov 05 00:35:22 GMT 2024","","HYPERON-METTALOG-SANITY","HYPERON-METTALOG-SANITY",""
"","2176","LTE.09","","Tue Nov 05 00:51:40 GMT 2024","passed","Tue Nov 05 00:51:42 GMT 2024","","STD","STD",""
"","3","D4-TYPE-PROP.01","","Tue Nov 05 01:10:09 GMT 2024","passed","Tue Nov 05 01:10:09 GMT 2024","","CHECK-TYPES","CHECK-TYPES",""
"","2","IMPL-METTALOGTESTCURRIED.10","","Tue Nov 05 01:47:13 GMT 2024","passed","Tue Nov 05 01:47:13 GMT 2024","","WALK-THRU","WALK-THRU",""
"","4000","metta-morph_tests.let_superpose_if_case","","Tue Nov 05 00:33:42 GMT 2024","passed","Tue Nov 05 00:33:46 GMT 2024","","WHOLE-TESTS","WHOLE-TESTS",""
"","2","00-LANG-CASE.17","","Tue Nov 05 00:35:22 GMT 2024","passed","Tue Nov 05 00:35:22 GMT 2024","","HYPERON-METTALOG-SANITY","HYPERON-METTALOG-SANITY",""
"","10299","SIMPLE.01","","Tue Nov 05 01:00:08 GMT 2024","passed","Tue Nov 05 01:00:18 GMT 2024","","FIZZBUZZ","FIZZBUZZ",""
"","2","F1-IMPORTS.11","","Tue Nov 05 00:43:40 GMT 2024","passed","Tue Nov 05 00:43:40 GMT 2024","","QUICK","QUICK",""
"","2","ADD-REMOVE-MATCH-INTEGER.39","","Tue Nov 05 00:50:57 GMT 2024","passed","Tue Nov 05 00:50:57 GMT 2024","","SPACES","SPACES",""
"","11","C1-GROUNDED-BASIC.23","","Tue Nov 05 00:43:40 GMT 2024","passed","Tue Nov 05 00:43:40 GMT 2024","","QUICK","QUICK",""
"","5000","check_types-temp.b5_types_prelim","","Tue Nov 05 00:33:42 GMT 2024","passed","Tue Nov 05 00:33:47 GMT 2024","","WHOLE-TESTS","WHOLE-TESTS",""
"","101","STATE-TYPES.02","","Tue Nov 05 01:55:46 GMT 2024","failed","Tue Nov 05 01:55:46 GMT 2024","","BASIC","BASIC",""
"","113","STDLIB-METTALOG-TEST-PT2.62","","Tue Nov 05 00:53:04 GMT 2024","failed","Tue Nov 05 00:53:04 GMT 2024","","STDLIB-METTALOG","STDLIB-METTALOG",""
"","395","INF-CTL-XP.07","","Tue Nov 05 01:18:09 GMT 2024","passed","Tue Nov 05 01:18:09 GMT 2024","","INFERENCE-CONTROL","INFERENCE-CONTROL",""
"","3","FC-XP.08","","Tue Nov 05 01:16:53 GMT 2024","passed","Tue Nov 05 01:16:53 GMT 2024","","FORWARD-CHAINING","FORWARD-CHAINING",""
"","2","D4-TYPE-PROP.18","","Tue Nov 05 00:33:46 GMT 2024","passed","Tue Nov 05 00:33:46 GMT 2024","","HYPERON-EXPERIMENTAL-SCRIPTS","HYPERON-EXPERIMENTAL-SCRIPTS",""
"","6","OR-TEST.17","","Tue Nov 05 00:35:22 GMT 2024","passed","Tue Nov 05 00:35:22 GMT 2024","","HYPERON-METTALOG-SANITY","HYPERON-METTALOG-SANITY",""
"","1","BACKWARD-CHAINER-XP.32","","Tue Nov 05 01:13:57 GMT 2024","passed","Tue Nov 05 01:13:57 GMT 2024","","BACKWARD-CHAINER","BACKWARD-CHAINER",""
"","2","D2-HIGHERFUNC.09","","Tue Nov 05 00:43:40 GMT 2024","passed","Tue Nov 05 00:43:40 GMT 2024","","QUICK","QUICK",""
"","7","SEALED-TEST.07","","Tue Nov 05 00:35:22 GMT 2024","passed","Tue Nov 05 00:35:22 GMT 2024","","HYPERON-METTALOG-SANITY","HYPERON-METTALOG-SANITY",""
"","60","ADD-REMOVE-MATCH-INTEGER.40","","Tue Nov 05 00:50:57 GMT 2024","passed","Tue Nov 05 00:50:57 GMT 2024","","SPACES","SPACES",""
"","2","06-MATCH-IN-SPACE.06","","Tue Nov 05 00:35:22 GMT 2024","passed","Tue Nov 05 00:35:22 GMT 2024","","HYPERON-METTALOG-SANITY","HYPERON-METTALOG-SANITY",""
"","5000","basic.hyperposing-unshared","","Tue Nov 05 00:33:42 GMT 2024","passed","Tue Nov 05 00:33:47 GMT 2024","","WHOLE-TESTS","WHOLE-TESTS",""
"","3","STDLIB-METTALOG-TEST-PT2.28","","Tue Nov 05 00:53:04 GMT 2024","passed","Tue Nov 05 00:53:04 GMT 2024","","STDLIB-METTALOG","STDLIB-METTALOG",""
"","2","INF-CTL-MONTH-XP-SHORT-3.01","","Tue Nov 05 02:02:03 GMT 2024","passed","Tue Nov 05 02:02:03 GMT 2024","","COMPARISONS","COMPARISONS",""
"","2","D4-TYPE-PROP.15","","Tue Nov 05 00:33:46 GMT 2024","passed","Tue Nov 05 00:33:46 GMT 2024","","HYPERON-EXPERIMENTAL-SCRIPTS","HYPERON-EXPERIMENTAL-SCRIPTS",""
"","3","B5-TYPES-PRELIM.18","","Tue Nov 05 01:09:48 GMT 2024","passed","Tue Nov 05 01:09:48 GMT 2024","","CHECK-TYPES-TEMP","CHECK-TYPES-TEMP",""
"","4000","chaining.backward_chain","","Tue Nov 05 00:33:42 GMT 2024","passed","Tue Nov 05 00:33:46 GMT 2024","","WHOLE-TESTS","WHOLE-TESTS",""
"","2","CURRIED-CHAINER.03","","Tue Nov 05 01:14:50 GMT 2024","passed","Tue Nov 05 01:14:50 GMT 2024","","CURRIED-CHAINING","CURRIED-CHAINING",""
"","9","D1-GADT.13","","Tue Nov 05 00:33:46 GMT 2024","passed","Tue Nov 05 00:33:46 GMT 2024","","HYPERON-EXPERIMENTAL-SCRIPTS","HYPERON-EXPERIMENTAL-SCRIPTS",""
"","4000","metta-morph_tests.identity","","Tue Nov 05 00:33:42 GMT 2024","passed","Tue Nov 05 00:33:46 GMT 2024","","WHOLE-TESTS","WHOLE-TESTS",""
"","24036","TIME-SYNTHESIZE-SHORT.02","","Tue Nov 05 00:37:09 GMT 2024","passed","Tue Nov 05 00:37:33 GMT 2024","","SYNTH-BUFFER","SYNTH-BUFFER",""
"","2","ADD-REMOVE-MATCH-INTEGER.09","","Tue Nov 05 00:50:57 GMT 2024","passed","Tue Nov 05 00:50:57 GMT 2024","","SPACES","SPACES",""
"","2","E2-STATES.06","","Tue Nov 05 01:10:09 GMT 2024","passed","Tue Nov 05 01:10:09 GMT 2024","","CHECK-TYPES","CHECK-TYPES",""
"","2","STRING-TESTS.09","","Tue Nov 05 00:35:22 GMT 2024","passed","Tue Nov 05 00:35:22 GMT 2024","","HYPERON-METTALOG-SANITY","HYPERON-METTALOG-SANITY",""
"","2","STATES-SPACES.03","","Tue Nov 05 00:39:18 GMT 2024","passed","Tue Nov 05 00:39:18 GMT 2024","","METTA-MORPH-TESTS","METTA-MORPH-TESTS",""
"","3","TESTS3.07","","Tue Nov 05 00:44:08 GMT 2024","passed","Tue Nov 05 00:44:08 GMT 2024","","MAIN-BRANCH","MAIN-BRANCH",""
"","2","KEY-LOOKUPS-MANY.13","","Tue Nov 05 01:55:46 GMT 2024","passed","Tue Nov 05 01:55:46 GMT 2024","","BASIC","BASIC",""
"","2","06-MATCH-IN-SPACE.04","","Tue Nov 05 00:35:22 GMT 2024","passed","Tue Nov 05 00:35:22 GMT 2024","","HYPERON-METTALOG-SANITY","HYPERON-METTALOG-SANITY",""
"","18","NATSTANDALONETEST.10","","Tue Nov 05 01:16:58 GMT 2024","failed","Tue Nov 05 01:16:58 GMT 2024","","HOL","HOL",""
"","2","BC-XP.03","","Tue Nov 05 01:14:02 GMT 2024","passed","Tue Nov 05 01:14:02 GMT 2024","","BACKWARD-CHAINING","BACKWARD-CHAINING",""
"","266","SHOW-TYPE.16","","Tue Nov 05 00:50:41 GMT 2024","failed","Tue Nov 05 00:50:41 GMT 2024","","INTROSPECT","INTROSPECT",""
"","1","IMPL-METTALOGTESTCURRIED.03","","Tue Nov 05 01:47:13 GMT 2024","passed","Tue Nov 05 01:47:13 GMT 2024","","WALK-THRU","WALK-THRU",""
"","2","UNIFY-VIA-CASE.05","","Tue Nov 05 01:24:46 GMT 2024","passed","Tue Nov 05 01:24:46 GMT 2024","","EXPERIMENTS","EXPERIMENTS",""
"","46","IFC-XP.36","","Tue Nov 05 01:20:12 GMT 2024","failed","Tue Nov 05 01:20:12 GMT 2024","","ITERATIVE-CHAINING","ITERATIVE-CHAINING",""
"","3","METTALOGTESTCURRIED2.01","","Tue Nov 05 01:47:13 GMT 2024","passed","Tue Nov 05 01:47:13 GMT 2024","","WALK-THRU","WALK-THRU",""
"","2","ADD-REMOVE-MATCH-S-SYMBOLS.11","","Tue Nov 05 00:50:57 GMT 2024","passed","Tue Nov 05 00:50:57 GMT 2024","","SPACES","SPACES",""
"","59","E2-STATES.08","","Tue Nov 05 01:10:09 GMT 2024","failed","Tue Nov 05 01:10:09 GMT 2024","","CHECK-TYPES","CHECK-TYPES",""
"","3","METTALOGTESTCURRIED2.02","","Tue Nov 05 00:41:27 GMT 2024","passed","Tue Nov 05 00:41:27 GMT 2024","","ANTI-REGRESSION","ANTI-REGRESSION",""
"","3","TESTS0.03","","Tue Nov 05 00:44:08 GMT 2024","passed","Tue Nov 05 00:44:08 GMT 2024","","MAIN-BRANCH","MAIN-BRANCH",""
"","3","F1-MODULEA.09","","Tue Nov 05 00:43:40 GMT 2024","passed","Tue Nov 05 00:43:40 GMT 2024","","QUICK","QUICK",""
"","530","BC-XP.06","","Tue Nov 05 00:48:37 GMT 2024","failed","Tue Nov 05 00:48:37 GMT 2024","","CHAINING","CHAINING",""
"","3","C1-GROUNDED-BASIC.02","","Tue Nov 05 00:43:40 GMT 2024","passed","Tue Nov 05 00:43:40 GMT 2024","","QUICK","QUICK",""
"","2","D4-TYPE-PROP.15","","Tue Nov 05 01:10:09 GMT 2024","passed","Tue Nov 05 01:10:09 GMT 2024","","CHECK-TYPES","CHECK-TYPES",""
"","118","INF-ORDER-PROBS.08","","Tue Nov 05 01:01:52 GMT 2024","passed","Tue Nov 05 01:01:52 GMT 2024","","PROB-DEP-TYPES","PROB-DEP-TYPES",""
"","44","CHAPTER-2-2.07","","Tue Nov 05 00:53:14 GMT 2024","failed","Tue Nov 05 00:53:14 GMT 2024","","SICP-BOOK","SICP-BOOK",""
"","2","TYPE-PROP.40","","Tue Nov 05 01:09:48 GMT 2024","passed","Tue Nov 05 01:09:48 GMT 2024","","CHECK-TYPES-TEMP","CHECK-TYPES-TEMP",""
"","40000","stack-based.rewrites","","Tue Nov 05 00:33:42 GMT 2024","failed","Tue Nov 05 00:34:22 GMT 2024","","WHOLE-TESTS","WHOLE-TESTS",""
"","102","D5-AUTO-TYPES.04","","Tue Nov 05 01:10:09 GMT 2024","failed","Tue Nov 05 01:10:09 GMT 2024","","CHECK-TYPES","CHECK-TYPES",""
"","374","IOIOIOI-USING-EQUALITY.03","","Tue Nov 05 01:53:28 GMT 2024","failed","Tue Nov 05 01:53:28 GMT 2024","","MULTIDIRECTIONAL","MULTIDIRECTIONAL",""
"","2","F1-IMPORTS.02","","Tue Nov 05 00:33:37 GMT 2024","passed","Tue Nov 05 00:33:37 GMT 2024","","MODULE-SYSTEM","MODULE-SYSTEM",""
"","4","IFC-XP.40","","Tue Nov 05 01:20:12 GMT 2024","passed","Tue Nov 05 01:20:12 GMT 2024","","ITERATIVE-CHAINING","ITERATIVE-CHAINING",""
"","2","STATE-TYPES.09","","Tue Nov 05 01:55:46 GMT 2024","passed","Tue Nov 05 01:55:46 GMT 2024","","BASIC","BASIC",""
"","2","BACKWARD-CHAINER-XP.22","","Tue Nov 05 01:13:57 GMT 2024","passed","Tue Nov 05 01:13:57 GMT 2024","","BACKWARD-CHAINER","BACKWARD-CHAINER",""
"","26","NATTEST.04","","Tue Nov 05 01:16:58 GMT 2024","failed","Tue Nov 05 01:16:58 GMT 2024","","HOL","HOL",""
"","2","ADD-REMOVE-MATCH-SS-STRINGS.02","","Tue Nov 05 00:50:57 GMT 2024","passed","Tue Nov 05 00:50:57 GMT 2024","","SPACES","SPACES",""
"","2","ADD-REMOVE-MATCH-INTEGER.41","","Tue Nov 05 00:50:57 GMT 2024","passed","Tue Nov 05 00:50:57 GMT 2024","","SPACES","SPACES",""
"","1","TYPE-PROP.04","","Tue Nov 05 00:48:37 GMT 2024","passed","Tue Nov 05 00:48:37 GMT 2024","","CHAINING","CHAINING",""
"","53","IBC-XP.07","","Tue Nov 05 01:20:12 GMT 2024","failed","Tue Nov 05 01:20:12 GMT 2024","","ITERATIVE-CHAINING","ITERATIVE-CHAINING",""
"","3","BASIC.11","","Tue Nov 05 01:07:05 GMT 2024","passed","Tue Nov 05 01:07:05 GMT 2024","","TRAVERSER","TRAVERSER",""
"","2","TMPMATCH1.03","","Tue Nov 05 00:41:27 GMT 2024","passed","Tue Nov 05 00:41:27 GMT 2024","","ANTI-REGRESSION","ANTI-REGRESSION",""
"","13","TEST-INFER-FUNCTION-APPLICATION-TYPE.06","","Tue Nov 05 01:55:46 GMT 2024","failed","Tue Nov 05 01:55:46 GMT 2024","","BASIC","BASIC",""
"","2","BC-COMP.02","","Tue Nov 05 01:47:13 GMT 2024","passed","Tue Nov 05 01:47:13 GMT 2024","","WALK-THRU","WALK-THRU",""
"","5000","module-system.f1_imports","","Tue Nov 05 00:33:42 GMT 2024","passed","Tue Nov 05 00:33:47 GMT 2024","","WHOLE-TESTS","WHOLE-TESTS",""
"","46","TREE.02","","Tue Nov 05 00:58:32 GMT 2024","failed","Tue Nov 05 00:58:32 GMT 2024","","COMBINATOR-CALCULI","COMBINATOR-CALCULI",""
"","14","TEST-INFER-FUNCTION-APPLICATION-TYPE.08","","Tue Nov 05 01:55:46 GMT 2024","failed","Tue Nov 05 01:55:46 GMT 2024","","BASIC","BASIC",""
"","3","TESTS0.05","","Tue Nov 05 01:28:58 GMT 2024","passed","Tue Nov 05 01:28:58 GMT 2024","","CURRENT","CURRENT",""
"","3","D4-TYPE-PROP.04","","Tue Nov 05 00:43:40 GMT 2024","passed","Tue Nov 05 00:43:40 GMT 2024","","QUICK","QUICK",""
"","3","UNIFY-VIA-CASE.01","","Tue Nov 05 01:24:46 GMT 2024","passed","Tue Nov 05 01:24:46 GMT 2024","","EXPERIMENTS","EXPERIMENTS",""
"","45","PC-XP.01","","Tue Nov 05 01:22:53 GMT 2024","failed","Tue Nov 05 01:22:53 GMT 2024","","POLYWARD-CHAINING","POLYWARD-CHAINING",""
"","531","NTE.02","","Tue Nov 05 00:59:52 GMT 2024","passed","Tue Nov 05 00:59:52 GMT 2024","","EDGES-TO-EDGES","EDGES-TO-EDGES",""
"","3","LTE.07","","Tue Nov 05 00:51:40 GMT 2024","passed","Tue Nov 05 00:51:40 GMT 2024","","STD","STD",""
"","2","D2-HIGHERFUNC.03","","Tue Nov 05 00:33:46 GMT 2024","passed","Tue Nov 05 00:33:46 GMT 2024","","HYPERON-EXPERIMENTAL-SCRIPTS","HYPERON-EXPERIMENTAL-SCRIPTS",""
"","4000","multidirectional.obif_clp","","Tue Nov 05 00:33:42 GMT 2024","passed","Tue Nov 05 00:33:46 GMT 2024","","WHOLE-TESTS","WHOLE-TESTS",""
"","4","SEALED-TEST.03","","Tue Nov 05 00:35:22 GMT 2024","passed","Tue Nov 05 00:35:22 GMT 2024","","HYPERON-METTALOG-SANITY","HYPERON-METTALOG-SANITY",""
"","1650","SELF-CONTAINED-SYNTHESIZE.12","","Tue Nov 05 01:24:46 GMT 2024","failed","Tue Nov 05 01:24:47 GMT 2024","","EXPERIMENTS","EXPERIMENTS",""
"","3","STATE-TYPES.14","","Tue Nov 05 01:55:46 GMT 2024","passed","Tue Nov 05 01:55:46 GMT 2024","","BASIC","BASIC",""
"","2","ADD-REMOVE-MATCH-INTEGER.02","","Tue Nov 05 00:50:57 GMT 2024","passed","Tue Nov 05 00:50:57 GMT 2024","","SPACES","SPACES",""
"","2","B1-EQUAL-CHAIN.06","","Tue Nov 05 00:33:46 GMT 2024","passed","Tue Nov 05 00:33:46 GMT 2024","","HYPERON-EXPERIMENTAL-SCRIPTS","HYPERON-EXPERIMENTAL-SCRIPTS",""
"","3","SUBTRACTION-TEST.02","","Tue Nov 05 00:35:22 GMT 2024","passed","Tue Nov 05 00:35:22 GMT 2024","","HYPERON-METTALOG-SANITY","HYPERON-METTALOG-SANITY",""
"","3","STDLIB-METTALOG-TEST-PT2.52","","Tue Nov 05 00:53:04 GMT 2024","passed","Tue Nov 05 00:53:04 GMT 2024","","STDLIB-METTALOG","STDLIB-METTALOG",""
"","53","B5-TYPES-PRELIM.15","","Tue Nov 05 01:09:48 GMT 2024","failed","Tue Nov 05 01:09:48 GMT 2024","","CHECK-TYPES-TEMP","CHECK-TYPES-TEMP",""
"","4000","features.represent_and_parse_tests","","Tue Nov 05 00:33:42 GMT 2024","passed","Tue Nov 05 00:33:46 GMT 2024","","WHOLE-TESTS","WHOLE-TESTS",""
"","1","ADD-REMOVE-MATCH-FLOAT.04","","Tue Nov 05 00:50:57 GMT 2024","passed","Tue Nov 05 00:50:57 GMT 2024","","SPACES","SPACES",""
"","2","STDLIB-METTALOG-TEST-PT2.47","","Tue Nov 05 00:53:04 GMT 2024","passed","Tue Nov 05 00:53:04 GMT 2024","","STDLIB-METTALOG","STDLIB-METTALOG",""
"","5","SPACE-INTERSECTION-TESTS.14","","Tue Nov 05 00:35:22 GMT 2024","passed","Tue Nov 05 00:35:22 GMT 2024","","HYPERON-METTALOG-SANITY","HYPERON-METTALOG-SANITY",""
"","2","B5-TYPES-PRELIM.04","","Tue Nov 05 00:33:46 GMT 2024","passed","Tue Nov 05 00:33:46 GMT 2024","","HYPERON-EXPERIMENTAL-SCRIPTS","HYPERON-EXPERIMENTAL-SCRIPTS",""
"","298","NATSTANDALONETEST.13","","Tue Nov 05 01:16:58 GMT 2024","failed","Tue Nov 05 01:16:58 GMT 2024","","HOL","HOL",""
"","2","TYPES-PRELIM.20","","Tue Nov 05 00:48:37 GMT 2024","passed","Tue Nov 05 00:48:37 GMT 2024","","CHAINING","CHAINING",""
"","2","IOIOIOI-USING-EQUALITY.05","","Tue Nov 05 01:53:28 GMT 2024","passed","Tue Nov 05 01:53:28 GMT 2024","","MULTIDIRECTIONAL","MULTIDIRECTIONAL",""
"","5000","metta-morph_tests.match_feval","","Tue Nov 05 00:33:42 GMT 2024","passed","Tue Nov 05 00:33:47 GMT 2024","","WHOLE-TESTS","WHOLE-TESTS",""
"","2","SEQUENTIAL-NESTED.07","","Tue Nov 05 00:39:18 GMT 2024","passed","Tue Nov 05 00:39:18 GMT 2024","","METTA-MORPH-TESTS","METTA-MORPH-TESTS",""
"","152","INF-ORDER-PROBS.01","","Tue Nov 05 01:01:52 GMT 2024","passed","Tue Nov 05 01:01:52 GMT 2024","","PROB-DEP-TYPES","PROB-DEP-TYPES",""
"","5000","debugging.hyperon_experimental_issue_492","","Tue Nov 05 00:33:42 GMT 2024","passed","Tue Nov 05 00:33:47 GMT 2024","","WHOLE-TESTS","WHOLE-TESTS",""
"","24","FACTORIAL.02","","Tue Nov 05 00:39:18 GMT 2024","passed","Tue Nov 05 00:39:18 GMT 2024","","METTA-MORPH-TESTS","METTA-MORPH-TESTS",""
"","2","D2-HIGHERFUNC.13","","Tue Nov 05 01:10:09 GMT 2024","passed","Tue Nov 05 01:10:09 GMT 2024","","CHECK-TYPES","CHECK-TYPES",""
"","1","IBC-XP.02","","Tue Nov 05 01:20:12 GMT 2024","passed","Tue Nov 05 01:20:12 GMT 2024","","ITERATIVE-CHAINING","ITERATIVE-CHAINING",""
"","2","KEY-LOOKUPS-MANY.07","","Tue Nov 05 01:55:46 GMT 2024","passed","Tue Nov 05 01:55:46 GMT 2024","","BASIC","BASIC",""
"","2","TYPES2.01","","Tue Nov 05 00:39:18 GMT 2024","passed","Tue Nov 05 00:39:18 GMT 2024","","METTA-MORPH-TESTS","METTA-MORPH-TESTS",""
"","27000","language_models.pllm_penntree","","Tue Nov 05 00:33:42 GMT 2024","passed","Tue Nov 05 00:34:09 GMT 2024","","WHOLE-TESTS","WHOLE-TESTS",""
"","2","ADD-REMOVE-MATCH-INTEGER.23","","Tue Nov 05 00:50:57 GMT 2024","passed","Tue Nov 05 00:50:57 GMT 2024","","SPACES","SPACES",""
"","2","NATPARITYTEST.02","","Tue Nov 05 01:16:58 GMT 2024","passed","Tue Nov 05 01:16:58 GMT 2024","","HOL","HOL",""
"","2","NAIVE-FIB.02","","Tue Nov 05 02:02:03 GMT 2024","passed","Tue Nov 05 02:02:03 GMT 2024","","COMPARISONS","COMPARISONS",""
"","73","F1-IMPORTS.18","","Tue Nov 05 00:43:40 GMT 2024","passed","Tue Nov 05 00:43:40 GMT 2024","","QUICK","QUICK",""
"","50","E3-MATCH-STATES.03","","Tue Nov 05 00:33:46 GMT 2024","failed","Tue Nov 05 00:33:46 GMT 2024","","HYPERON-EXPERIMENTAL-SCRIPTS","HYPERON-EXPERIMENTAL-SCRIPTS",""
"","40000","comparisons.fibo_Arg1i","","Tue Nov 05 00:33:42 GMT 2024","failed","Tue Nov 05 00:34:22 GMT 2024","","WHOLE-TESTS","WHOLE-TESTS",""
"","3","BC-COMP.02","","Tue Nov 05 00:41:27 GMT 2024","passed","Tue Nov 05 00:41:27 GMT 2024","","ANTI-REGRESSION","ANTI-REGRESSION",""
"","63","D2-HIGHERFUNC.07","","Tue Nov 05 00:33:46 GMT 2024","failed","Tue Nov 05 00:33:46 GMT 2024","","HYPERON-EXPERIMENTAL-SCRIPTS","HYPERON-EXPERIMENTAL-SCRIPTS",""
"","5000","metta_to_amr.amr-connect","","Tue Nov 05 00:33:42 GMT 2024","passed","Tue Nov 05 00:33:47 GMT 2024","","WHOLE-TESTS","WHOLE-TESTS",""
"","14","TEST-INFER-FUNCTION-APPLICATION-TYPE.03","","Tue Nov 05 01:55:46 GMT 2024","failed","Tue Nov 05 01:55:46 GMT 2024","","BASIC","BASIC",""
"","2","OR-TEST.19","","Tue Nov 05 00:35:22 GMT 2024","passed","Tue Nov 05 00:35:22 GMT 2024","","HYPERON-METTALOG-SANITY","HYPERON-METTALOG-SANITY",""
"","2","LET-SUPERPOSE-IF-CASE.01","","Tue Nov 05 00:39:18 GMT 2024","passed","Tue Nov 05 00:39:18 GMT 2024","","METTA-MORPH-TESTS","METTA-MORPH-TESTS",""
"","3","D3-DEPTYPES.03","","Tue Nov 05 01:10:09 GMT 2024","passed","Tue Nov 05 01:10:09 GMT 2024","","CHECK-TYPES","CHECK-TYPES",""
"","6000","dependent-types.ModusPonensDTLTest","","Tue Nov 05 00:33:42 GMT 2024","passed","Tue Nov 05 00:33:48 GMT 2024","","WHOLE-TESTS","WHOLE-TESTS",""
"","3","03-SORING-VIA-INSERT.06","","Tue Nov 05 00:35:22 GMT 2024","passed","Tue Nov 05 00:35:22 GMT 2024","","HYPERON-METTALOG-SANITY","HYPERON-METTALOG-SANITY",""
"","15","E3-MATCH-STATES.06","","Tue Nov 05 00:33:46 GMT 2024","failed","Tue Nov 05 00:33:46 GMT 2024","","HYPERON-EXPERIMENTAL-SCRIPTS","HYPERON-EXPERIMENTAL-SCRIPTS",""
"","61","D5-AUTO-TYPES.01","","Tue Nov 05 00:33:46 GMT 2024","failed","Tue Nov 05 00:33:46 GMT 2024","","HYPERON-EXPERIMENTAL-SCRIPTS","HYPERON-EXPERIMENTAL-SCRIPTS",""
"","100","MEMB.01","","Tue Nov 05 01:01:12 GMT 2024","failed","Tue Nov 05 01:01:12 GMT 2024","","LOGIC","LOGIC",""
"","3","NUMTEST.01","","Tue Nov 05 01:14:11 GMT 2024","passed","Tue Nov 05 01:14:11 GMT 2024","","COMMON","COMMON",""
"","2","C2-SPACES.02","","Tue Nov 05 00:33:46 GMT 2024","passed","Tue Nov 05 00:33:46 GMT 2024","","HYPERON-EXPERIMENTAL-SCRIPTS","HYPERON-EXPERIMENTAL-SCRIPTS",""
"","2","D2-HIGHERFUNC.05","","Tue Nov 05 01:10:09 GMT 2024","passed","Tue Nov 05 01:10:09 GMT 2024","","CHECK-TYPES","CHECK-TYPES",""
"","3","LTE.06","","Tue Nov 05 00:51:40 GMT 2024","passed","Tue Nov 05 00:51:40 GMT 2024","","STD","STD",""
"","3","TYPE-PROP.49","","Tue Nov 05 01:09:48 GMT 2024","passed","Tue Nov 05 01:09:48 GMT 2024","","CHECK-TYPES-TEMP","CHECK-TYPES-TEMP",""
"","3","D4-TYPE-PROP.04","","Tue Nov 05 00:33:46 GMT 2024","passed","Tue Nov 05 00:33:46 GMT 2024","","HYPERON-EXPERIMENTAL-SCRIPTS","HYPERON-EXPERIMENTAL-SCRIPTS",""
"","18","INF-CTL-MONTH-XP-SHORT-1.01","","Tue Nov 05 02:02:03 GMT 2024","failed","Tue Nov 05 02:02:03 GMT 2024","","COMPARISONS","COMPARISONS",""
"","314","IBC-XP.29","","Tue Nov 05 01:20:12 GMT 2024","passed","Tue Nov 05 01:20:12 GMT 2024","","ITERATIVE-CHAINING","ITERATIVE-CHAINING",""
"","3","D2-HIGHERFUNC.24","","Tue Nov 05 00:43:40 GMT 2024","passed","Tue Nov 05 00:43:40 GMT 2024","","QUICK","QUICK",""
"","3","D3-DEPTYPES.06","","Tue Nov 05 00:33:46 GMT 2024","passed","Tue Nov 05 00:33:46 GMT 2024","","HYPERON-EXPERIMENTAL-SCRIPTS","HYPERON-EXPERIMENTAL-SCRIPTS",""
"","136","SYNTHESIZE-VIA-UNIFY-TEST.10","","Tue Nov 05 01:24:46 GMT 2024","failed","Tue Nov 05 01:24:46 GMT 2024","","EXPERIMENTS","EXPERIMENTS",""
"","3","TESTS0.05","","Tue Nov 05 01:41:52 GMT 2024","passed","Tue Nov 05 01:41:52 GMT 2024","","PREV","PREV",""
"","3","IMPLICATIONDIRECTINTRODUCTIONENTAILTEST.02","","Tue Nov 05 01:16:23 GMT 2024","passed","Tue Nov 05 01:16:23 GMT 2024","","ENTAIL","ENTAIL",""
"","3","CHAPTER-2-4.01","","Tue Nov 05 00:53:14 GMT 2024","passed","Tue Nov 05 00:53:14 GMT 2024","","SICP-BOOK","SICP-BOOK",""
"","2","F1-MODULEA.04","","Tue Nov 05 00:33:46 GMT 2024","passed","Tue Nov 05 00:33:46 GMT 2024","","HYPERON-EXPERIMENTAL-SCRIPTS","HYPERON-EXPERIMENTAL-SCRIPTS",""
"","2","PREREQS.06","","Tue Nov 05 00:44:08 GMT 2024","passed","Tue Nov 05 00:44:08 GMT 2024","","MAIN-BRANCH","MAIN-BRANCH",""
"","7","V2-PLN-XP.02","","Tue Nov 05 00:48:37 GMT 2024","passed","Tue Nov 05 00:48:37 GMT 2024","","CHAINING","CHAINING",""
"","45000","prev.tests4","","Tue Nov 05 00:33:42 GMT 2024","failed","Tue Nov 05 00:34:27 GMT 2024","","WHOLE-TESTS","WHOLE-TESTS",""
"","1","SEQUENTIAL-NESTED.08","","Tue Nov 05 00:39:18 GMT 2024","passed","Tue Nov 05 00:39:18 GMT 2024","","METTA-MORPH-TESTS","METTA-MORPH-TESTS",""
"","2","TEST-IF-CLOSED.04","","Tue Nov 05 00:41:27 GMT 2024","passed","Tue Nov 05 00:41:27 GMT 2024","","ANTI-REGRESSION","ANTI-REGRESSION",""
"","2","ADD-REMOVE-MATCH-FLOAT.03","","Tue Nov 05 00:50:57 GMT 2024","passed","Tue Nov 05 00:50:57 GMT 2024","","SPACES","SPACES",""
"","6000","typed-variables.enforced-types","","Tue Nov 05 00:33:42 GMT 2024","passed","Tue Nov 05 00:33:48 GMT 2024","","WHOLE-TESTS","WHOLE-TESTS",""
"","179","SYNTHESIZE-VIA-UNIFY-TEST.06","","Tue Nov 05 01:24:46 GMT 2024","failed","Tue Nov 05 01:24:46 GMT 2024","","EXPERIMENTS","EXPERIMENTS",""
"","2","DEFINE-IF-LIKE.05","","Tue Nov 05 01:45:47 GMT 2024","passed","Tue Nov 05 01:45:47 GMT 2024","","DIRECT-COMP","DIRECT-COMP",""
"","3","LISTTEST.19","","Tue Nov 05 01:14:11 GMT 2024","passed","Tue Nov 05 01:14:11 GMT 2024","","COMMON","COMMON",""
"","2","A3-TWOSIDE.03","","Tue Nov 05 00:33:46 GMT 2024","passed","Tue Nov 05 00:33:46 GMT 2024","","HYPERON-EXPERIMENTAL-SCRIPTS","HYPERON-EXPERIMENTAL-SCRIPTS",""
"","3","ZEROARGS.01","","Tue Nov 05 00:39:18 GMT 2024","passed","Tue Nov 05 00:39:18 GMT 2024","","METTA-MORPH-TESTS","METTA-MORPH-TESTS",""
"","3","IF.01","","Tue Nov 05 00:39:18 GMT 2024","passed","Tue Nov 05 00:39:18 GMT 2024","","METTA-MORPH-TESTS","METTA-MORPH-TESTS",""
"","2","INTERSECTION-TESTS.09","","Tue Nov 05 00:35:22 GMT 2024","passed","Tue Nov 05 00:35:22 GMT 2024","","HYPERON-METTALOG-SANITY","HYPERON-METTALOG-SANITY",""
"","3","CHAINING-PRELIM.01","","Tue Nov 05 00:48:37 GMT 2024","passed","Tue Nov 05 00:48:37 GMT 2024","","CHAINING","CHAINING",""
"","2","STRING-TESTS.08","","Tue Nov 05 00:35:22 GMT 2024","passed","Tue Nov 05 00:35:22 GMT 2024","","HYPERON-METTALOG-SANITY","HYPERON-METTALOG-SANITY",""
"","4000","logic.memb","","Tue Nov 05 00:33:42 GMT 2024","passed","Tue Nov 05 00:33:46 GMT 2024","","WHOLE-TESTS","WHOLE-TESTS",""
"","3","INF-CTL-MONTH-BC-CONT-XP.26","","Tue Nov 05 01:18:09 GMT 2024","passed","Tue Nov 05 01:18:09 GMT 2024","","INFERENCE-CONTROL","INFERENCE-CONTROL",""
"","3","SYNTHESIZE-VIA-TYPE-CHECKING.05","","Tue Nov 05 01:24:46 GMT 2024","passed","Tue Nov 05 01:24:46 GMT 2024","","EXPERIMENTS","EXPERIMENTS",""
"","2","ALL-ANY.02","","Tue Nov 05 01:01:12 GMT 2024","passed","Tue Nov 05 01:01:12 GMT 2024","","LOGIC","LOGIC",""
"","3","STATE-TYPES.21","","Tue Nov 05 01:55:46 GMT 2024","passed","Tue Nov 05 01:55:46 GMT 2024","","BASIC","BASIC",""
"","5","D2-HIGHERFUNC.09","","Tue Nov 05 00:33:46 GMT 2024","passed","Tue Nov 05 00:33:46 GMT 2024","","HYPERON-EXPERIMENTAL-SCRIPTS","HYPERON-EXPERIMENTAL-SCRIPTS",""
"","3","B5-TYPES-PRELIM.12","","Tue Nov 05 01:09:48 GMT 2024","passed","Tue Nov 05 01:09:48 GMT 2024","","CHECK-TYPES-TEMP","CHECK-TYPES-TEMP",""
"","3","TESTS1.05","","Tue Nov 05 00:44:08 GMT 2024","passed","Tue Nov 05 00:44:08 GMT 2024","","MAIN-BRANCH","MAIN-BRANCH",""
"","3","D1-GADT.07","","Tue Nov 05 01:10:09 GMT 2024","passed","Tue Nov 05 01:10:09 GMT 2024","","CHECK-TYPES","CHECK-TYPES",""
"","3","IFC-XP.08","","Tue Nov 05 01:20:12 GMT 2024","passed","Tue Nov 05 01:20:12 GMT 2024","","ITERATIVE-CHAINING","ITERATIVE-CHAINING",""
"","2","E3-MATCH-STATES.04","","Tue Nov 05 00:33:46 GMT 2024","passed","Tue Nov 05 00:33:46 GMT 2024","","HYPERON-EXPERIMENTAL-SCRIPTS","HYPERON-EXPERIMENTAL-SCRIPTS",""
"","4","INF-CTL-MONTH-BC-CONT-XP.01","","Tue Nov 05 01:18:09 GMT 2024","passed","Tue Nov 05 01:18:09 GMT 2024","","INFERENCE-CONTROL","INFERENCE-CONTROL",""
"","5000","common.NumTest","","Tue Nov 05 00:33:42 GMT 2024","passed","Tue Nov 05 00:33:47 GMT 2024","","WHOLE-TESTS","WHOLE-TESTS",""
"","4","OBIF-EASY.01","","Tue Nov 05 01:53:28 GMT 2024","passed","Tue Nov 05 01:53:28 GMT 2024","","MULTIDIRECTIONAL","MULTIDIRECTIONAL",""
"","2","ADD-REMOVE-MATCH-INTEGER.15","","Tue Nov 05 00:50:57 GMT 2024","passed","Tue Nov 05 00:50:57 GMT 2024","","SPACES","SPACES",""
"","5000","SICP_book.chapter_1_1","","Tue Nov 05 00:33:42 GMT 2024","passed","Tue Nov 05 00:33:47 GMT 2024","","WHOLE-TESTS","WHOLE-TESTS",""
"","4000","possibly_wrong.too_eager_math","","Tue Nov 05 00:33:42 GMT 2024","passed","Tue Nov 05 00:33:46 GMT 2024","","WHOLE-TESTS","WHOLE-TESTS",""
"","7","C3-PLN-STV.02","","Tue Nov 05 00:33:46 GMT 2024","passed","Tue Nov 05 00:33:46 GMT 2024","","HYPERON-EXPERIMENTAL-SCRIPTS","HYPERON-EXPERIMENTAL-SCRIPTS",""
"","3","OBIF-EASY.02","","Tue Nov 05 01:53:28 GMT 2024","passed","Tue Nov 05 01:53:28 GMT 2024","","MULTIDIRECTIONAL","MULTIDIRECTIONAL",""
"","2","TEST-IF-CLOSED.08","","Tue Nov 05 00:41:27 GMT 2024","passed","Tue Nov 05 00:41:27 GMT 2024","","ANTI-REGRESSION","ANTI-REGRESSION",""
"","2","ADD-REMOVE-MATCH-SYMBOLS.02","","Tue Nov 05 00:50:57 GMT 2024","passed","Tue Nov 05 00:50:57 GMT 2024","","SPACES","SPACES",""
"","2","TMPMATCH1.02","","Tue Nov 05 01:47:13 GMT 2024","passed","Tue Nov 05 01:47:13 GMT 2024","","WALK-THRU","WALK-THRU",""
"","5000","main-branch.prereqs","","Tue Nov 05 00:33:42 GMT 2024","passed","Tue Nov 05 00:33:47 GMT 2024","","WHOLE-TESTS","WHOLE-TESTS",""
"","2","CHAPTER-2-4.14","","Tue Nov 05 00:53:14 GMT 2024","passed","Tue Nov 05 00:53:14 GMT 2024","","SICP-BOOK","SICP-BOOK",""
"","2","TESTS5.08","","Tue Nov 05 00:44:08 GMT 2024","passed","Tue Nov 05 00:44:08 GMT 2024","","MAIN-BRANCH","MAIN-BRANCH",""
"","2","ADD-REMOVE-MATCH-STRINGS.10","","Tue Nov 05 00:50:57 GMT 2024","passed","Tue Nov 05 00:50:57 GMT 2024","","SPACES","SPACES",""
"","3","DEDUCTIONENTAILTEST.01","","Tue Nov 05 01:16:23 GMT 2024","passed","Tue Nov 05 01:16:23 GMT 2024","","ENTAIL","ENTAIL",""
"","93","SHOW-TYPE.12","","Tue Nov 05 00:50:41 GMT 2024","failed","Tue Nov 05 00:50:41 GMT 2024","","INTROSPECT","INTROSPECT",""
"","17","CHAPTER-1-3.01","","Tue Nov 05 00:53:14 GMT 2024","passed","Tue Nov 05 00:53:14 GMT 2024","","SICP-BOOK","SICP-BOOK",""
"","4000","bidirectional_computation.reverse-arithmetic","","Tue Nov 05 00:33:42 GMT 2024","passed","Tue Nov 05 00:33:46 GMT 2024","","WHOLE-TESTS","WHOLE-TESTS",""
"","9","SPACE-SUBTRACTION-TESTS.10","","Tue Nov 05 00:35:22 GMT 2024","passed","Tue Nov 05 00:35:22 GMT 2024","","HYPERON-METTALOG-SANITY","HYPERON-METTALOG-SANITY",""
"","3","LISTTEST.13","","Tue Nov 05 01:14:11 GMT 2024","passed","Tue Nov 05 01:14:11 GMT 2024","","COMMON","COMMON",""
"","2","D4-TYPE-PROP.22","","Tue Nov 05 01:10:09 GMT 2024","passed","Tue Nov 05 01:10:09 GMT 2024","","CHECK-TYPES","CHECK-TYPES",""
"","5000","hyperon-mettalog_sanity.intersection_tests","","Tue Nov 05 00:33:42 GMT 2024","passed","Tue Nov 05 00:33:47 GMT 2024","","WHOLE-TESTS","WHOLE-TESTS",""
"","2","D1-GADT.02","","Tue Nov 05 00:43:40 GMT 2024","passed","Tue Nov 05 00:43:40 GMT 2024","","QUICK","QUICK",""
"","3","BCHAIN-COMP.03","","Tue Nov 05 01:47:13 GMT 2024","passed","Tue Nov 05 01:47:13 GMT 2024","","WALK-THRU","WALK-THRU",""
"","40000","combinator-calculi.y_comb_examples","","Tue Nov 05 00:33:42 GMT 2024","failed","Tue Nov 05 00:34:22 GMT 2024","","WHOLE-TESTS","WHOLE-TESTS",""
"","2","TESTS3.03","","Tue Nov 05 00:44:08 GMT 2024","passed","Tue Nov 05 00:44:08 GMT 2024","","MAIN-BRANCH","MAIN-BRANCH",""
"","64","STDLIB-METTALOG-TEST-PT2.10","","Tue Nov 05 00:53:04 GMT 2024","failed","Tue Nov 05 00:53:04 GMT 2024","","STDLIB-METTALOG","STDLIB-METTALOG",""
"","2","D1-GADT.03","","Tue Nov 05 00:43:40 GMT 2024","passed","Tue Nov 05 00:43:40 GMT 2024","","QUICK","QUICK",""
"","590","IOIOIOI.03","","Tue Nov 05 01:53:28 GMT 2024","passed","Tue Nov 05 01:53:28 GMT 2024","","MULTIDIRECTIONAL","MULTIDIRECTIONAL",""
"","4","TESTS0.01","","Tue Nov 05 00:44:08 GMT 2024","passed","Tue Nov 05 00:44:08 GMT 2024","","MAIN-BRANCH","MAIN-BRANCH",""
"","5000","hol.NatTest","","Tue Nov 05 00:33:42 GMT 2024","passed","Tue Nov 05 00:33:47 GMT 2024","","WHOLE-TESTS","WHOLE-TESTS",""
"","2","C1-GROUNDED-BASIC.11","","Tue Nov 05 00:43:40 GMT 2024","passed","Tue Nov 05 00:43:40 GMT 2024","","QUICK","QUICK",""
"","2","DEDUCTIONFORMULATEST.02","","Tue Nov 05 01:14:35 GMT 2024","passed","Tue Nov 05 01:14:35 GMT 2024","","FORMULA","FORMULA",""
"","2","00A-LANG-COMPILED-CASE.02","","Tue Nov 05 01:45:47 GMT 2024","passed","Tue Nov 05 01:45:47 GMT 2024","","DIRECT-COMP","DIRECT-COMP",""
"","3","QUERIES.12","","Tue Nov 05 01:06:24 GMT 2024","passed","Tue Nov 05 01:06:24 GMT 2024","","STRIPS-TO-METTA-IMPROVED","STRIPS-TO-METTA-IMPROVED",""
"","13","CHAPTER-2-4.17","","Tue Nov 05 00:53:14 GMT 2024","failed","Tue Nov 05 00:53:14 GMT 2024","","SICP-BOOK","SICP-BOOK",""
"","3","INTERSECTION-TESTS.22","","Tue Nov 05 00:35:22 GMT 2024","passed","Tue Nov 05 00:35:22 GMT 2024","","HYPERON-METTALOG-SANITY","HYPERON-METTALOG-SANITY",""
"","3","B5-TYPES-PRELIM.04","","Tue Nov 05 01:09:48 GMT 2024","passed","Tue Nov 05 01:09:48 GMT 2024","","CHECK-TYPES-TEMP","CHECK-TYPES-TEMP",""
"","3","IFC-XP.18","","Tue Nov 05 01:20:12 GMT 2024","passed","Tue Nov 05 01:20:12 GMT 2024","","ITERATIVE-CHAINING","ITERATIVE-CHAINING",""
"","2","C2-SPACES.01","","Tue Nov 05 00:33:37 GMT 2024","passed","Tue Nov 05 00:33:37 GMT 2024","","MODULE-SYSTEM","MODULE-SYSTEM",""
"","2","INF-CTL-MONTH-XP-SHORT-3.04","","Tue Nov 05 02:02:03 GMT 2024","passed","Tue Nov 05 02:02:03 GMT 2024","","COMPARISONS","COMPARISONS",""
"","2","B0-CHAINING-PRELIM.03","","Tue Nov 05 00:33:46 GMT 2024","passed","Tue Nov 05 00:33:46 GMT 2024","","HYPERON-EXPERIMENTAL-SCRIPTS","HYPERON-EXPERIMENTAL-SCRIPTS",""
"","2","SUPERCOLLAPSE.04","","Tue Nov 05 00:39:18 GMT 2024","passed","Tue Nov 05 00:39:18 GMT 2024","","METTA-MORPH-TESTS","METTA-MORPH-TESTS",""
"","3","CURRIED-CHAINER.07","","Tue Nov 05 01:14:50 GMT 2024","passed","Tue Nov 05 01:14:50 GMT 2024","","CURRIED-CHAINING","CURRIED-CHAINING",""
"","1190","RED-BLACK.01","","Tue Nov 05 01:05:27 GMT 2024","passed","Tue Nov 05 01:05:28 GMT 2024","","RED-BLACK-LAMBDA","RED-BLACK-LAMBDA",""
"","3","PC-XP.10","","Tue Nov 05 01:22:53 GMT 2024","passed","Tue Nov 05 01:22:53 GMT 2024","","POLYWARD-CHAINING","POLYWARD-CHAINING",""
"","2","OR-TEST.05","","Tue Nov 05 00:35:22 GMT 2024","passed","Tue Nov 05 00:35:22 GMT 2024","","HYPERON-METTALOG-SANITY","HYPERON-METTALOG-SANITY",""
"","2","STRING-TESTS.18","","Tue Nov 05 00:35:22 GMT 2024","passed","Tue Nov 05 00:35:22 GMT 2024","","HYPERON-METTALOG-SANITY","HYPERON-METTALOG-SANITY",""
"","3","FORWARD-CHAINER-XP.27","","Tue Nov 05 01:16:43 GMT 2024","passed","Tue Nov 05 01:16:43 GMT 2024","","FORWARD-CHAINER","FORWARD-CHAINER",""
"","4000","common.MaybeTest","","Tue Nov 05 00:33:42 GMT 2024","passed","Tue Nov 05 00:33:46 GMT 2024","","WHOLE-TESTS","WHOLE-TESTS",""
"","4","PEANO.01","","Tue Nov 05 01:46:47 GMT 2024","passed","Tue Nov 05 01:46:47 GMT 2024","","TRANSPILER","TRANSPILER",""
"","4000","experiments.synthesize-via-type-checking","","Tue Nov 05 00:33:42 GMT 2024","passed","Tue Nov 05 00:33:46 GMT 2024","","WHOLE-TESTS","WHOLE-TESTS",""
"","4000","comparisons.inf-ctl-month-xp-short_5","","Tue Nov 05 00:33:42 GMT 2024","passed","Tue Nov 05 00:33:46 GMT 2024","","WHOLE-TESTS","WHOLE-TESTS",""
"","4000","distributed-processing.create-server","","Tue Nov 05 00:33:42 GMT 2024","passed","Tue Nov 05 00:33:46 GMT 2024","","WHOLE-TESTS","WHOLE-TESTS",""
"","4","SHOW-TYPE.05","","Tue Nov 05 00:50:41 GMT 2024","passed","Tue Nov 05 00:50:41 GMT 2024","","INTROSPECT","INTROSPECT",""
"","1","MATCH-VOID.08","","Tue Nov 05 00:39:18 GMT 2024","passed","Tue Nov 05 00:39:18 GMT 2024","","METTA-MORPH-TESTS","METTA-MORPH-TESTS",""
"","4000","hyperon-mettalog_sanity.base_test_repr_parse_intersection","","Tue Nov 05 00:33:42 GMT 2024","passed","Tue Nov 05 00:33:46 GMT 2024","","WHOLE-TESTS","WHOLE-TESTS",""
"","2","C3-PLN-STV.03","","Tue Nov 05 00:33:46 GMT 2024","passed","Tue Nov 05 00:33:46 GMT 2024","","HYPERON-EXPERIMENTAL-SCRIPTS","HYPERON-EXPERIMENTAL-SCRIPTS",""
"","202","IFC-XP.25","","Tue Nov 05 01:20:12 GMT 2024","failed","Tue Nov 05 01:20:12 GMT 2024","","ITERATIVE-CHAINING","ITERATIVE-CHAINING",""
"","2","IBC-XP.32","","Tue Nov 05 01:20:12 GMT 2024","passed","Tue Nov 05 01:20:12 GMT 2024","","ITERATIVE-CHAINING","ITERATIVE-CHAINING",""
"","44","IFC-XP.13","","Tue Nov 05 01:20:12 GMT 2024","failed","Tue Nov 05 01:20:12 GMT 2024","","ITERATIVE-CHAINING","ITERATIVE-CHAINING",""
"","2","BC-XP.13","","Tue Nov 05 01:14:02 GMT 2024","passed","Tue Nov 05 01:14:02 GMT 2024","","BACKWARD-CHAINING","BACKWARD-CHAINING",""
"","2","00-LANG-CASE.16","","Tue Nov 05 00:35:22 GMT 2024","passed","Tue Nov 05 00:35:22 GMT 2024","","HYPERON-METTALOG-SANITY","HYPERON-METTALOG-SANITY",""
"","1","SYNTHESIZE-VIA-TYPE-CHECKING.06","","Tue Nov 05 01:24:46 GMT 2024","passed","Tue Nov 05 01:24:46 GMT 2024","","EXPERIMENTS","EXPERIMENTS",""
"","2","D1-GADT.14","","Tue Nov 05 01:10:09 GMT 2024","passed","Tue Nov 05 01:10:09 GMT 2024","","CHECK-TYPES","CHECK-TYPES",""
"","2","IFC-XP.27","","Tue Nov 05 01:20:12 GMT 2024","passed","Tue Nov 05 01:20:12 GMT 2024","","ITERATIVE-CHAINING","ITERATIVE-CHAINING",""
"","2","00A-LANG-COMPILED-CASE.04","","Tue Nov 05 01:45:47 GMT 2024","passed","Tue Nov 05 01:45:47 GMT 2024","","DIRECT-COMP","DIRECT-COMP",""
"","2","F1-IMPORTS.20","","Tue Nov 05 00:33:46 GMT 2024","passed","Tue Nov 05 00:33:46 GMT 2024","","HYPERON-EXPERIMENTAL-SCRIPTS","HYPERON-EXPERIMENTAL-SCRIPTS",""
"","2","B5-TYPES-PRELIM.23","","Tue Nov 05 00:33:46 GMT 2024","passed","Tue Nov 05 00:33:46 GMT 2024","","HYPERON-EXPERIMENTAL-SCRIPTS","HYPERON-EXPERIMENTAL-SCRIPTS",""
"","2","BC-COMP.03","","Tue Nov 05 01:47:13 GMT 2024","passed","Tue Nov 05 01:47:13 GMT 2024","","WALK-THRU","WALK-THRU",""
"","2","SPACE-INTERSECTION-TESTS.19","","Tue Nov 05 00:35:22 GMT 2024","passed","Tue Nov 05 00:35:22 GMT 2024","","HYPERON-METTALOG-SANITY","HYPERON-METTALOG-SANITY",""
"","2","IOIOIOI.04","","Tue Nov 05 01:53:28 GMT 2024","passed","Tue Nov 05 01:53:28 GMT 2024","","MULTIDIRECTIONAL","MULTIDIRECTIONAL",""
"","1","D2-HIGHERFUNC.06","","Tue Nov 05 00:43:40 GMT 2024","passed","Tue Nov 05 00:43:40 GMT 2024","","QUICK","QUICK",""
"","2","TMPMATCH2.02","","Tue Nov 05 00:41:27 GMT 2024","passed","Tue Nov 05 00:41:27 GMT 2024","","ANTI-REGRESSION","ANTI-REGRESSION",""
"","56","C1-GROUNDED-BASIC.15","","Tue Nov 05 00:43:40 GMT 2024","failed","Tue Nov 05 00:43:40 GMT 2024","","QUICK","QUICK",""
"","25","INF-CTL-XP.17","","Tue Nov 05 01:18:09 GMT 2024","failed","Tue Nov 05 01:18:09 GMT 2024","","INFERENCE-CONTROL","INFERENCE-CONTROL",""
"","1873","PLLM-PENNTREE.03","","Tue Nov 05 02:08:13 GMT 2024","passed","Tue Nov 05 02:08:14 GMT 2024","","LANGUAGE-MODELS","LANGUAGE-MODELS",""
"","4000","module-system.f1_moduleA","","Tue Nov 05 00:33:42 GMT 2024","passed","Tue Nov 05 00:33:46 GMT 2024","","WHOLE-TESTS","WHOLE-TESTS",""
"","8000","comparisons.nils_if_control_test_2","","Tue Nov 05 00:33:42 GMT 2024","passed","Tue Nov 05 00:33:50 GMT 2024","","WHOLE-TESTS","WHOLE-TESTS",""
"","4000","utils.utils-test","","Tue Nov 05 00:33:42 GMT 2024","passed","Tue Nov 05 00:33:46 GMT 2024","","WHOLE-TESTS","WHOLE-TESTS",""
"","4","NUMTEST.03","","Tue Nov 05 01:14:11 GMT 2024","passed","Tue Nov 05 01:14:11 GMT 2024","","COMMON","COMMON",""
"","3","F1-IMPORTS.06","","Tue Nov 05 00:33:46 GMT 2024","passed","Tue Nov 05 00:33:46 GMT 2024","","HYPERON-EXPERIMENTAL-SCRIPTS","HYPERON-EXPERIMENTAL-SCRIPTS",""
"","2","NATPARITYTEST.16","","Tue Nov 05 01:16:58 GMT 2024","passed","Tue Nov 05 01:16:58 GMT 2024","","HOL","HOL",""
"","2","IFC-XP.37","","Tue Nov 05 01:20:12 GMT 2024","passed","Tue Nov 05 01:20:12 GMT 2024","","ITERATIVE-CHAINING","ITERATIVE-CHAINING",""
"","2","B5-TYPES-PRELIM.19","","Tue Nov 05 00:33:46 GMT 2024","passed","Tue Nov 05 00:33:46 GMT 2024","","HYPERON-EXPERIMENTAL-SCRIPTS","HYPERON-EXPERIMENTAL-SCRIPTS",""
"","3","CHAPTER-1-3.02","","Tue Nov 05 00:53:14 GMT 2024","passed","Tue Nov 05 00:53:14 GMT 2024","","SICP-BOOK","SICP-BOOK",""
"","5","OR-TEST.14","","Tue Nov 05 00:35:22 GMT 2024","passed","Tue Nov 05 00:35:22 GMT 2024","","HYPERON-METTALOG-SANITY","HYPERON-METTALOG-SANITY",""
"","6","SEALED-TEST.09","","Tue Nov 05 00:35:22 GMT 2024","passed","Tue Nov 05 00:35:22 GMT 2024","","HYPERON-METTALOG-SANITY","HYPERON-METTALOG-SANITY",""
"","2","B5-TYPES-PRELIM.20","","Tue Nov 05 00:33:46 GMT 2024","passed","Tue Nov 05 00:33:46 GMT 2024","","HYPERON-EXPERIMENTAL-SCRIPTS","HYPERON-EXPERIMENTAL-SCRIPTS",""
"","2","LET-SUPERPOSE-IF-CASE.02","","Tue Nov 05 01:46:47 GMT 2024","passed","Tue Nov 05 01:46:47 GMT 2024","","TRANSPILER","TRANSPILER",""
"","92","HYPERON-EXPERIMENTAL-ISSUE-492.01","","Tue Nov 05 01:50:30 GMT 2024","failed","Tue Nov 05 01:50:30 GMT 2024","","DEBUGGING","DEBUGGING",""
"","2","D2-HIGHERFUNC.18","","Tue Nov 05 00:43:40 GMT 2024","passed","Tue Nov 05 00:43:40 GMT 2024","","QUICK","QUICK",""
"","2","SPACE-SUBTRACTION-TESTS.03","","Tue Nov 05 00:35:22 GMT 2024","passed","Tue Nov 05 00:35:22 GMT 2024","","HYPERON-METTALOG-SANITY","HYPERON-METTALOG-SANITY",""
"","83","INF-CTL-MONTH-XP.12","","Tue Nov 05 01:18:09 GMT 2024","failed","Tue Nov 05 01:18:09 GMT 2024","","INFERENCE-CONTROL","INFERENCE-CONTROL",""
"","2","B5-TYPES-PRELIM.05","","Tue Nov 05 01:09:48 GMT 2024","passed","Tue Nov 05 01:09:48 GMT 2024","","CHECK-TYPES-TEMP","CHECK-TYPES-TEMP",""
"","5","SORING-VIA-INSERT.01","","Tue Nov 05 01:09:48 GMT 2024","passed","Tue Nov 05 01:09:48 GMT 2024","","CHECK-TYPES-TEMP","CHECK-TYPES-TEMP",""
"","16","TEST-INFER-FUNCTION-APPLICATION-TYPE.09","","Tue Nov 05 01:55:46 GMT 2024","failed","Tue Nov 05 01:55:46 GMT 2024","","BASIC","BASIC",""
"","49","DEDUCTIONIMPLICATIONDIRECTINTRODUCTIONDTLTEST.05","","Tue Nov 05 01:12:50 GMT 2024","failed","Tue Nov 05 01:12:50 GMT 2024","","DEPENDENT-TYPES","DEPENDENT-TYPES",""
"","2","LISTTEST.15","","Tue Nov 05 01:14:11 GMT 2024","passed","Tue Nov 05 01:14:11 GMT 2024","","COMMON","COMMON",""
"","2","IDENTITY.01","","Tue Nov 05 00:39:18 GMT 2024","passed","Tue Nov 05 00:39:18 GMT 2024","","METTA-MORPH-TESTS","METTA-MORPH-TESTS",""
"","1","C1-GROUNDED-BASIC.13","","Tue Nov 05 00:33:46 GMT 2024","passed","Tue Nov 05 00:33:46 GMT 2024","","HYPERON-EXPERIMENTAL-SCRIPTS","HYPERON-EXPERIMENTAL-SCRIPTS",""
"","122","NATTEST.03","","Tue Nov 05 01:16:58 GMT 2024","failed","Tue Nov 05 01:16:58 GMT 2024","","HOL","HOL",""
"","154","SYNTHESIZE-VIA-UNIFY-TEST.02","","Tue Nov 05 01:24:46 GMT 2024","failed","Tue Nov 05 01:24:46 GMT 2024","","EXPERIMENTS","EXPERIMENTS",""
"","5000","SICP_book.chapter_2_4","","Tue Nov 05 00:33:42 GMT 2024","passed","Tue Nov 05 00:33:47 GMT 2024","","WHOLE-TESTS","WHOLE-TESTS",""
"","2","TYPE-PROP.32","","Tue Nov 05 01:09:48 GMT 2024","passed","Tue Nov 05 01:09:48 GMT 2024","","CHECK-TYPES-TEMP","CHECK-TYPES-TEMP",""
"","2","GROUNDED-BASIC.04","","Tue Nov 05 00:51:40 GMT 2024","passed","Tue Nov 05 00:51:40 GMT 2024","","STD","STD",""
"","2","DEDUCTIONFORMULATEST.09","","Tue Nov 05 01:14:35 GMT 2024","passed","Tue Nov 05 01:14:35 GMT 2024","","FORMULA","FORMULA",""
"","2","ADD-REMOVE-MATCH-S-SYMBOLS.05","","Tue Nov 05 00:50:57 GMT 2024","passed","Tue Nov 05 00:50:57 GMT 2024","","SPACES","SPACES",""
"","5000","spaces.add-remove-match-symbols","","Tue Nov 05 00:33:42 GMT 2024","passed","Tue Nov 05 00:33:47 GMT 2024","","WHOLE-TESTS","WHOLE-TESTS",""
"","2","CHAPTER-1-1.06","","Tue Nov 05 00:53:14 GMT 2024","passed","Tue Nov 05 00:53:14 GMT 2024","","SICP-BOOK","SICP-BOOK",""
"","4","INF-ORDER-PROBS.06","","Tue Nov 05 01:01:52 GMT 2024","passed","Tue Nov 05 01:01:52 GMT 2024","","PROB-DEP-TYPES","PROB-DEP-TYPES",""
"","2","03-SORING-VIA-INSERT.03","","Tue Nov 05 00:35:22 GMT 2024","passed","Tue Nov 05 00:35:22 GMT 2024","","HYPERON-METTALOG-SANITY","HYPERON-METTALOG-SANITY",""
"","4","C2-SPACES.01","","Tue Nov 05 00:33:46 GMT 2024","passed","Tue Nov 05 00:33:46 GMT 2024","","HYPERON-EXPERIMENTAL-SCRIPTS","HYPERON-EXPERIMENTAL-SCRIPTS",""
"","40000","basic.fibo-as-pred","","Tue Nov 05 00:33:42 GMT 2024","failed","Tue Nov 05 00:34:22 GMT 2024","","WHOLE-TESTS","WHOLE-TESTS",""
"","2","FC-XP.24","","Tue Nov 05 01:16:53 GMT 2024","passed","Tue Nov 05 01:16:53 GMT 2024","","FORWARD-CHAINING","FORWARD-CHAINING",""
"","28000","inference-control.inf-ctl-month-xp","","Tue Nov 05 00:33:42 GMT 2024","passed","Tue Nov 05 00:34:10 GMT 2024","","WHOLE-TESTS","WHOLE-TESTS",""
"","2","00A-LANG-COMPILED-CASE.12","","Tue Nov 05 01:45:47 GMT 2024","passed","Tue Nov 05 01:45:47 GMT 2024","","DIRECT-COMP","DIRECT-COMP",""
"","3","BC-XP.26","","Tue Nov 05 01:14:02 GMT 2024","passed","Tue Nov 05 01:14:02 GMT 2024","","BACKWARD-CHAINING","BACKWARD-CHAINING",""
"","3","IS-SPACE.01","","Tue Nov 05 00:35:22 GMT 2024","passed","Tue Nov 05 00:35:22 GMT 2024","","HYPERON-METTALOG-SANITY","HYPERON-METTALOG-SANITY",""
"","3","NATPARITYTEST.01","","Tue Nov 05 01:16:58 GMT 2024","passed","Tue Nov 05 01:16:58 GMT 2024","","HOL","HOL",""
"","43000","language_models.training_terms","","Tue Nov 05 00:33:42 GMT 2024","failed","Tue Nov 05 00:34:25 GMT 2024","","WHOLE-TESTS","WHOLE-TESTS",""
"","3","03-SORING-VIA-INSERT.02","","Tue Nov 05 00:35:22 GMT 2024","passed","Tue Nov 05 00:35:22 GMT 2024","","HYPERON-METTALOG-SANITY","HYPERON-METTALOG-SANITY",""
"","3","AI-SERVICE-COMPOSITION-EASY.01","","Tue Nov 05 01:07:17 GMT 2024","passed","Tue Nov 05 01:07:17 GMT 2024","","AI-SERVICE","AI-SERVICE",""
"","2","NAIVE-FIB.01","","Tue Nov 05 02:02:03 GMT 2024","passed","Tue Nov 05 02:02:03 GMT 2024","","COMPARISONS","COMPARISONS",""
"","2","HIGHER-ORDER-FUNCS.06","","Tue Nov 05 00:51:40 GMT 2024","passed","Tue Nov 05 00:51:40 GMT 2024","","STD","STD",""
"","2","IBC-XP.17","","Tue Nov 05 01:20:12 GMT 2024","passed","Tue Nov 05 01:20:12 GMT 2024","","ITERATIVE-CHAINING","ITERATIVE-CHAINING",""
"","63","TESTS0.01","","Tue Nov 05 01:28:58 GMT 2024","failed","Tue Nov 05 01:28:58 GMT 2024","","CURRENT","CURRENT",""
"","3","C1-GROUNDED-BASIC.08","","Tue Nov 05 00:33:46 GMT 2024","passed","Tue Nov 05 00:33:46 GMT 2024","","HYPERON-EXPERIMENTAL-SCRIPTS","HYPERON-EXPERIMENTAL-SCRIPTS",""
"","5000","std.get-atoms-test","","Tue Nov 05 00:33:42 GMT 2024","passed","Tue Nov 05 00:33:47 GMT 2024","","WHOLE-TESTS","WHOLE-TESTS",""
"","8","PLN-STV.03","","Tue Nov 05 00:48:37 GMT 2024","passed","Tue Nov 05 00:48:37 GMT 2024","","CHAINING","CHAINING",""
"","3","DEDUCTIONDTLTEST.02","","Tue Nov 05 01:12:50 GMT 2024","passed","Tue Nov 05 01:12:50 GMT 2024","","DEPENDENT-TYPES","DEPENDENT-TYPES",""
"","4","TESTS5.01","","Tue Nov 05 01:28:58 GMT 2024","passed","Tue Nov 05 01:28:58 GMT 2024","","CURRENT","CURRENT",""
"","52","DEDUCTIONIMPLICATIONDIRECTINTRODUCTIONDTLTEST.03","","Tue Nov 05 01:12:50 GMT 2024","failed","Tue Nov 05 01:12:50 GMT 2024","","DEPENDENT-TYPES","DEPENDENT-TYPES",""
"","45000","current.tests2","","Tue Nov 05 00:33:42 GMT 2024","failed","Tue Nov 05 00:34:27 GMT 2024","","WHOLE-TESTS","WHOLE-TESTS",""
"","2","UNIFY-VIA-LET.07","","Tue Nov 05 01:24:46 GMT 2024","passed","Tue Nov 05 01:24:46 GMT 2024","","EXPERIMENTS","EXPERIMENTS",""
"","2","NATPARITYTEST.08","","Tue Nov 05 01:16:58 GMT 2024","passed","Tue Nov 05 01:16:58 GMT 2024","","HOL","HOL",""
"","3","D1-GADT.12","","Tue Nov 05 00:43:40 GMT 2024","passed","Tue Nov 05 00:43:40 GMT 2024","","QUICK","QUICK",""
"","70","B5-TYPES-PRELIM.14","","Tue Nov 05 01:09:48 GMT 2024","failed","Tue Nov 05 01:09:48 GMT 2024","","CHECK-TYPES-TEMP","CHECK-TYPES-TEMP",""
"","2","ADD-REMOVE-MATCH-STRINGS.05","","Tue Nov 05 00:50:57 GMT 2024","passed","Tue Nov 05 00:50:57 GMT 2024","","SPACES","SPACES",""
"","2","B5-TYPES-PRELIM.03","","Tue Nov 05 00:33:46 GMT 2024","passed","Tue Nov 05 00:33:46 GMT 2024","","HYPERON-EXPERIMENTAL-SCRIPTS","HYPERON-EXPERIMENTAL-SCRIPTS",""
"","1","ADD-REMOVE-MATCH-S-SYMBOLS.06","","Tue Nov 05 00:50:57 GMT 2024","passed","Tue Nov 05 00:50:57 GMT 2024","","SPACES","SPACES",""
"","4","DEDUCTIONIMPLICATIONDIRECTINTRODUCTIONDTLTEST.02","","Tue Nov 05 01:12:50 GMT 2024","passed","Tue Nov 05 01:12:50 GMT 2024","","DEPENDENT-TYPES","DEPENDENT-TYPES",""
"","1","OR-TEST.18","","Tue Nov 05 00:35:22 GMT 2024","passed","Tue Nov 05 00:35:22 GMT 2024","","HYPERON-METTALOG-SANITY","HYPERON-METTALOG-SANITY",""
"","51","IOIOIOI-USING-EQUALITY.04","","Tue Nov 05 01:53:28 GMT 2024","failed","Tue Nov 05 01:53:28 GMT 2024","","MULTIDIRECTIONAL","MULTIDIRECTIONAL",""
"","2","D2-HIGHERFUNC.02","","Tue Nov 05 00:43:40 GMT 2024","passed","Tue Nov 05 00:43:40 GMT 2024","","QUICK","QUICK",""
"","45000","prev.tests1","","Tue Nov 05 00:33:42 GMT 2024","failed","Tue Nov 05 00:34:27 GMT 2024","","WHOLE-TESTS","WHOLE-TESTS",""
"","2","FC-XP.27","","Tue Nov 05 01:16:53 GMT 2024","passed","Tue Nov 05 01:16:53 GMT 2024","","FORWARD-CHAINING","FORWARD-CHAINING",""
"","5000","located.located-test","","Tue Nov 05 00:33:42 GMT 2024","passed","Tue Nov 05 00:33:47 GMT 2024","","WHOLE-TESTS","WHOLE-TESTS",""
"","41","FORWARD-CHAINER-XP.21","","Tue Nov 05 01:16:43 GMT 2024","failed","Tue Nov 05 01:16:43 GMT 2024","","FORWARD-CHAINER","FORWARD-CHAINER",""
"","8000","ai-service.ai-service-composition-easy","","Tue Nov 05 00:33:42 GMT 2024","passed","Tue Nov 05 00:33:50 GMT 2024","","WHOLE-TESTS","WHOLE-TESTS",""
"","5000","std.lte","","Tue Nov 05 00:33:42 GMT 2024","passed","Tue Nov 05 00:33:47 GMT 2024","","WHOLE-TESTS","WHOLE-TESTS",""
"","5000","dependent-types.MinerDTLTest","","Tue Nov 05 00:33:42 GMT 2024","passed","Tue Nov 05 00:33:47 GMT 2024","","WHOLE-TESTS","WHOLE-TESTS",""
"","4000","common.EqualityTypeTest","","Tue Nov 05 00:33:42 GMT 2024","passed","Tue Nov 05 00:33:46 GMT 2024","","WHOLE-TESTS","WHOLE-TESTS",""
"","1","D4-TYPE-PROP.05","","Tue Nov 05 00:33:46 GMT 2024","passed","Tue Nov 05 00:33:46 GMT 2024","","HYPERON-EXPERIMENTAL-SCRIPTS","HYPERON-EXPERIMENTAL-SCRIPTS",""
"","3","BCHAIN-COMP.01","","Tue Nov 05 01:47:13 GMT 2024","passed","Tue Nov 05 01:47:13 GMT 2024","","WALK-THRU","WALK-THRU",""
"","3","INTERSECTION-TESTS.18","","Tue Nov 05 00:35:22 GMT 2024","passed","Tue Nov 05 00:35:22 GMT 2024","","HYPERON-METTALOG-SANITY","HYPERON-METTALOG-SANITY",""
"","3","F1-MODULEA.01","","Tue Nov 05 00:33:46 GMT 2024","passed","Tue Nov 05 00:33:46 GMT 2024","","HYPERON-EXPERIMENTAL-SCRIPTS","HYPERON-EXPERIMENTAL-SCRIPTS",""
"","41000","experiments.synthesize-via-case-test","","Tue Nov 05 00:33:42 GMT 2024","failed","Tue Nov 05 00:34:23 GMT 2024","","WHOLE-TESTS","WHOLE-TESTS",""
"","43","SUBTYPING-TEST.04","","Tue Nov 05 01:22:58 GMT 2024","passed","Tue Nov 05 01:22:58 GMT 2024","","SUBTYPING","SUBTYPING",""
"","2","APPEND.05","","Tue Nov 05 01:53:28 GMT 2024","passed","Tue Nov 05 01:53:28 GMT 2024","","MULTIDIRECTIONAL","MULTIDIRECTIONAL",""
"","2","C1-GROUNDED-BASIC.09","","Tue Nov 05 00:43:40 GMT 2024","passed","Tue Nov 05 00:43:40 GMT 2024","","QUICK","QUICK",""
"","2","QUERIES.16","","Tue Nov 05 01:06:24 GMT 2024","passed","Tue Nov 05 01:06:24 GMT 2024","","STRIPS-TO-METTA-IMPROVED","STRIPS-TO-METTA-IMPROVED",""
"","83","F1-IMPORTS.13","","Tue Nov 05 00:43:40 GMT 2024","failed","Tue Nov 05 00:43:40 GMT 2024","","QUICK","QUICK",""
"","4000","direct_comp.00a_lang_compiled_case","","Tue Nov 05 00:33:42 GMT 2024","passed","Tue Nov 05 00:33:46 GMT 2024","","WHOLE-TESTS","WHOLE-TESTS",""
"","3","E2-STATES.11","","Tue Nov 05 00:33:46 GMT 2024","passed","Tue Nov 05 00:33:46 GMT 2024","","HYPERON-EXPERIMENTAL-SCRIPTS","HYPERON-EXPERIMENTAL-SCRIPTS",""
"","2","IFC-XP.07","","Tue Nov 05 01:20:12 GMT 2024","passed","Tue Nov 05 01:20:12 GMT 2024","","ITERATIVE-CHAINING","ITERATIVE-CHAINING",""
"","6000","main-branch.nalifier_Prev","","Tue Nov 05 00:33:42 GMT 2024","passed","Tue Nov 05 00:33:48 GMT 2024","","WHOLE-TESTS","WHOLE-TESTS",""
"","1","KEY-LOOKUPS-MANY.02","","Tue Nov 05 01:55:46 GMT 2024","passed","Tue Nov 05 01:55:46 GMT 2024","","BASIC","BASIC",""
"","2","TYPE-PROP.46","","Tue Nov 05 01:09:48 GMT 2024","passed","Tue Nov 05 01:09:48 GMT 2024","","CHECK-TYPES-TEMP","CHECK-TYPES-TEMP",""
"","5000","basic.key-lookups-many","","Tue Nov 05 00:33:42 GMT 2024","passed","Tue Nov 05 00:33:47 GMT 2024","","WHOLE-TESTS","WHOLE-TESTS",""
"","2","NILS-IF-CONTROL-TEST-2.02","","Tue Nov 05 02:02:03 GMT 2024","passed","Tue Nov 05 02:02:03 GMT 2024","","COMPARISONS","COMPARISONS",""
"","124","USE-TWO-SERVERS.02","","Tue Nov 05 01:51:36 GMT 2024","failed","Tue Nov 05 01:51:36 GMT 2024","","DISTRIBUTED-PROCESSING","DISTRIBUTED-PROCESSING",""
"","3","IFC-XP.11","","Tue Nov 05 01:20:12 GMT 2024","passed","Tue Nov 05 01:20:12 GMT 2024","","ITERATIVE-CHAINING","ITERATIVE-CHAINING",""
"","3","SHOW-TYPE.08","","Tue Nov 05 00:50:41 GMT 2024","passed","Tue Nov 05 00:50:41 GMT 2024","","INTROSPECT","INTROSPECT",""
"","1","F1-IMPORTS.10","","Tue Nov 05 00:33:37 GMT 2024","passed","Tue Nov 05 00:33:37 GMT 2024","","MODULE-SYSTEM","MODULE-SYSTEM",""
"","3","FC-XP.04","","Tue Nov 05 01:16:53 GMT 2024","passed","Tue Nov 05 01:16:53 GMT 2024","","FORWARD-CHAINING","FORWARD-CHAINING",""
"","69","NONDETERM.02","","Tue Nov 05 00:51:40 GMT 2024","passed","Tue Nov 05 00:51:40 GMT 2024","","STD","STD",""
"","2","HYPERPOSING-UNSHARED.02","","Tue Nov 05 01:55:46 GMT 2024","passed","Tue Nov 05 01:55:46 GMT 2024","","BASIC","BASIC",""
"","3","STATE-TYPES.22","","Tue Nov 05 01:55:46 GMT 2024","passed","Tue Nov 05 01:55:46 GMT 2024","","BASIC","BASIC",""
"","5000","quick.d4_type_prop","","Tue Nov 05 00:33:42 GMT 2024","passed","Tue Nov 05 00:33:47 GMT 2024","","WHOLE-TESTS","WHOLE-TESTS",""
"","14","TEST-INFER-FUNCTION-APPLICATION-TYPE.05","","Tue Nov 05 01:55:46 GMT 2024","failed","Tue Nov 05 01:55:46 GMT 2024","","BASIC","BASIC",""
"","740","IBC-XP.24","","Tue Nov 05 01:20:12 GMT 2024","passed","Tue Nov 05 01:20:12 GMT 2024","","ITERATIVE-CHAINING","ITERATIVE-CHAINING",""
"","2","HYPERPOSE.08","","Tue Nov 05 00:39:18 GMT 2024","passed","Tue Nov 05 00:39:18 GMT 2024","","METTA-MORPH-TESTS","METTA-MORPH-TESTS",""
"","2","XOR-TEST.06","","Tue Nov 05 00:35:22 GMT 2024","passed","Tue Nov 05 00:35:22 GMT 2024","","HYPERON-METTALOG-SANITY","HYPERON-METTALOG-SANITY",""
"","3","TESTS2.01","","Tue Nov 05 00:44:08 GMT 2024","passed","Tue Nov 05 00:44:08 GMT 2024","","MAIN-BRANCH","MAIN-BRANCH",""
"","2","APPEND.02","","Tue Nov 05 01:53:28 GMT 2024","passed","Tue Nov 05 01:53:28 GMT 2024","","MULTIDIRECTIONAL","MULTIDIRECTIONAL",""
"","7000","metta-wam-issue-116.test_spo_1000","","Tue Nov 05 00:33:42 GMT 2024","passed","Tue Nov 05 00:33:49 GMT 2024","","WHOLE-TESTS","WHOLE-TESTS",""
"","3","V2-PLN-XP-SYS-IMPL.01","","Tue Nov 05 00:48:37 GMT 2024","passed","Tue Nov 05 00:48:37 GMT 2024","","CHAINING","CHAINING",""
"","4000","hyperon-mettalog_sanity.is_space","","Tue Nov 05 00:33:42 GMT 2024","passed","Tue Nov 05 00:33:46 GMT 2024","","WHOLE-TESTS","WHOLE-TESTS",""
"","817","JOHN-CARRY-FLOWER-TEST.05","","Tue Nov 05 01:23:39 GMT 2024","failed","Tue Nov 05 01:23:39 GMT 2024","","JOHN-CARRY-FLOWER","JOHN-CARRY-FLOWER",""
"","99","ADD-ATOM-NAIVE-FIB.09","","Tue Nov 05 02:02:03 GMT 2024","passed","Tue Nov 05 02:02:03 GMT 2024","","COMPARISONS","COMPARISONS",""
"","46000","nars_v0.tests1","","Tue Nov 05 00:33:42 GMT 2024","failed","Tue Nov 05 00:34:28 GMT 2024","","WHOLE-TESTS","WHOLE-TESTS",""
"","3","D2-HIGHERFUNC.12","","Tue Nov 05 00:43:40 GMT 2024","passed","Tue Nov 05 00:43:40 GMT 2024","","QUICK","QUICK",""
"","43","FORWARD-CHAINER-TEST.01","","Tue Nov 05 01:16:43 GMT 2024","failed","Tue Nov 05 01:16:43 GMT 2024","","FORWARD-CHAINER","FORWARD-CHAINER",""
"","4","MATCH-FEVAL.01","","Tue Nov 05 01:46:47 GMT 2024","passed","Tue Nov 05 01:46:47 GMT 2024","","TRANSPILER","TRANSPILER",""
"","2","FORWARD-CHAINER-XP.02","","Tue Nov 05 01:16:43 GMT 2024","passed","Tue Nov 05 01:16:43 GMT 2024","","FORWARD-CHAINER","FORWARD-CHAINER",""
"","2","BCHAIN-COMP.03","","Tue Nov 05 00:41:27 GMT 2024","passed","Tue Nov 05 00:41:27 GMT 2024","","ANTI-REGRESSION","ANTI-REGRESSION",""
"","59","F1-IMPORTS.17","","Tue Nov 05 00:33:37 GMT 2024","passed","Tue Nov 05 00:33:37 GMT 2024","","MODULE-SYSTEM","MODULE-SYSTEM",""
"","3","B5-TYPES-PRELIM.03","","Tue Nov 05 01:09:48 GMT 2024","passed","Tue Nov 05 01:09:48 GMT 2024","","CHECK-TYPES-TEMP","CHECK-TYPES-TEMP",""
"","2","DEFINE-IF-LIKE.02","","Tue Nov 05 01:45:47 GMT 2024","passed","Tue Nov 05 01:45:47 GMT 2024","","DIRECT-COMP","DIRECT-COMP",""
"","2","IS-SPACE.03","","Tue Nov 05 00:35:22 GMT 2024","passed","Tue Nov 05 00:35:22 GMT 2024","","HYPERON-METTALOG-SANITY","HYPERON-METTALOG-SANITY",""
"","164","DEDUCTIONMATCHTEST.01","","Tue Nov 05 01:20:31 GMT 2024","failed","Tue Nov 05 01:20:31 GMT 2024","","MATCH","MATCH",""
"","1","TYPE-PROP.25","","Tue Nov 05 01:09:48 GMT 2024","passed","Tue Nov 05 01:09:48 GMT 2024","","CHECK-TYPES-TEMP","CHECK-TYPES-TEMP",""
"","618","APPEND.03","","Tue Nov 05 01:53:28 GMT 2024","passed","Tue Nov 05 01:53:28 GMT 2024","","MULTIDIRECTIONAL","MULTIDIRECTIONAL",""
"","2","ADD-REMOVE-MATCH-INTEGER.32","","Tue Nov 05 00:50:57 GMT 2024","passed","Tue Nov 05 00:50:57 GMT 2024","","SPACES","SPACES",""
"","2","UNIQUE-TEST.07","","Tue Nov 05 00:35:22 GMT 2024","passed","Tue Nov 05 00:35:22 GMT 2024","","HYPERON-METTALOG-SANITY","HYPERON-METTALOG-SANITY",""
"","4000","iterators.lazy_test","","Tue Nov 05 00:33:42 GMT 2024","passed","Tue Nov 05 00:33:46 GMT 2024","","WHOLE-TESTS","WHOLE-TESTS",""
"","94","TYPE-PROP.60","","Tue Nov 05 01:09:48 GMT 2024","failed","Tue Nov 05 01:09:48 GMT 2024","","CHECK-TYPES-TEMP","CHECK-TYPES-TEMP",""
"","3","HYPERPOSING-SHARED.08","","Tue Nov 05 01:55:46 GMT 2024","passed","Tue Nov 05 01:55:46 GMT 2024","","BASIC","BASIC",""
"","7","HYPERPOSE.07","","Tue Nov 05 00:39:18 GMT 2024","passed","Tue Nov 05 00:39:18 GMT 2024","","METTA-MORPH-TESTS","METTA-MORPH-TESTS",""
"","5000","basic.pathfinding-hard-f","","Tue Nov 05 00:33:42 GMT 2024","passed","Tue Nov 05 00:33:47 GMT 2024","","WHOLE-TESTS","WHOLE-TESTS",""
"","5000","new.tests0","","Tue Nov 05 00:33:42 GMT 2024","passed","Tue Nov 05 00:33:47 GMT 2024","","WHOLE-TESTS","WHOLE-TESTS",""
"","5000","hyperon-mettalog_sanity.space_intersection_tests","","Tue Nov 05 00:33:42 GMT 2024","passed","Tue Nov 05 00:33:47 GMT 2024","","WHOLE-TESTS","WHOLE-TESTS",""
"","2","D2-HIGHERFUNC.17","","Tue Nov 05 00:43:40 GMT 2024","passed","Tue Nov 05 00:43:40 GMT 2024","","QUICK","QUICK",""
"","2","FC-XP.07","","Tue Nov 05 01:16:53 GMT 2024","passed","Tue Nov 05 01:16:53 GMT 2024","","FORWARD-CHAINING","FORWARD-CHAINING",""
"","3","NATPARITYTEST.09","","Tue Nov 05 01:16:58 GMT 2024","passed","Tue Nov 05 01:16:58 GMT 2024","","HOL","HOL",""
"","2","AI-SERVICE-COMPOSITION-EASY.05","","Tue Nov 05 01:07:17 GMT 2024","passed","Tue Nov 05 01:07:17 GMT 2024","","AI-SERVICE","AI-SERVICE",""
"","21000","comparisons.nils_if_control_test_6","","Tue Nov 05 00:33:42 GMT 2024","passed","Tue Nov 05 00:34:03 GMT 2024","","WHOLE-TESTS","WHOLE-TESTS",""
"","40000","main-branch.tests3","","Tue Nov 05 00:33:42 GMT 2024","failed","Tue Nov 05 00:34:22 GMT 2024","","WHOLE-TESTS","WHOLE-TESTS",""
"","490","DEDUCTIONEQUALTEST.02","","Tue Nov 05 01:16:34 GMT 2024","failed","Tue Nov 05 01:16:34 GMT 2024","","EQUAL","EQUAL",""
"","5000","common.InTest","","Tue Nov 05 00:33:42 GMT 2024","passed","Tue Nov 05 00:33:47 GMT 2024","","WHOLE-TESTS","WHOLE-TESTS",""
"","2","A3-TWOSIDE.04","","Tue Nov 05 00:33:46 GMT 2024","passed","Tue Nov 05 00:33:46 GMT 2024","","HYPERON-EXPERIMENTAL-SCRIPTS","HYPERON-EXPERIMENTAL-SCRIPTS",""
"","1","SEQUENTIAL-NESTED.04","","Tue Nov 05 00:39:18 GMT 2024","passed","Tue Nov 05 00:39:18 GMT 2024","","METTA-MORPH-TESTS","METTA-MORPH-TESTS",""
"","6","BCHAIN.02","","Tue Nov 05 00:41:27 GMT 2024","passed","Tue Nov 05 00:41:27 GMT 2024","","ANTI-REGRESSION","ANTI-REGRESSION",""
"","5000","backward-chaining.bc-xp","","Tue Nov 05 00:33:42 GMT 2024","passed","Tue Nov 05 00:33:47 GMT 2024","","WHOLE-TESTS","WHOLE-TESTS",""
"","19","NATSTANDALONETEST.11","","Tue Nov 05 01:16:58 GMT 2024","failed","Tue Nov 05 01:16:58 GMT 2024","","HOL","HOL",""
"","1203","SYNTHESIZE-VIA-CASE-TEST.06","","Tue Nov 05 01:24:46 GMT 2024","failed","Tue Nov 05 01:24:47 GMT 2024","","EXPERIMENTS","EXPERIMENTS",""
"","3","TYPES-PRELIM.01","","Tue Nov 05 00:48:37 GMT 2024","passed","Tue Nov 05 00:48:37 GMT 2024","","CHAINING","CHAINING",""
"","2","D2-HIGHERFUNC.11","","Tue Nov 05 01:10:09 GMT 2024","passed","Tue Nov 05 01:10:09 GMT 2024","","CHECK-TYPES","CHECK-TYPES",""
"","4000","metta-morph_tests.supercollapse","","Tue Nov 05 00:33:42 GMT 2024","passed","Tue Nov 05 00:33:46 GMT 2024","","WHOLE-TESTS","WHOLE-TESTS",""
"","2","ADD-REMOVE-MATCH-MIX-FLOAT-INTEGER.04","","Tue Nov 05 00:50:57 GMT 2024","passed","Tue Nov 05 00:50:57 GMT 2024","","SPACES","SPACES",""
"","3","D2-HIGHERFUNC.01","","Tue Nov 05 01:10:09 GMT 2024","passed","Tue Nov 05 01:10:09 GMT 2024","","CHECK-TYPES","CHECK-TYPES",""
"","3","SEALED-TEST.06","","Tue Nov 05 00:35:22 GMT 2024","passed","Tue Nov 05 00:35:22 GMT 2024","","HYPERON-METTALOG-SANITY","HYPERON-METTALOG-SANITY",""
"","2","INTERSECTION-TESTS.08","","Tue Nov 05 00:35:22 GMT 2024","passed","Tue Nov 05 00:35:22 GMT 2024","","HYPERON-METTALOG-SANITY","HYPERON-METTALOG-SANITY",""
"","5000","hyperon-experimental_scripts.e3_match_states","","Tue Nov 05 00:33:42 GMT 2024","passed","Tue Nov 05 00:33:47 GMT 2024","","WHOLE-TESTS","WHOLE-TESTS",""
"","2","BCHAIN.01","","Tue Nov 05 00:41:27 GMT 2024","passed","Tue Nov 05 00:41:27 GMT 2024","","ANTI-REGRESSION","ANTI-REGRESSION",""
"","3","FORWARD-CHAINER-XP.25","","Tue Nov 05 01:16:43 GMT 2024","passed","Tue Nov 05 01:16:43 GMT 2024","","FORWARD-CHAINER","FORWARD-CHAINER",""
"","3","TYPE-PROP.21","","Tue Nov 05 01:09:48 GMT 2024","passed","Tue Nov 05 01:09:48 GMT 2024","","CHECK-TYPES-TEMP","CHECK-TYPES-TEMP",""
"","4000","comparisons.inf-ctl-month-xp-short_1","","Tue Nov 05 00:33:42 GMT 2024","passed","Tue Nov 05 00:33:46 GMT 2024","","WHOLE-TESTS","WHOLE-TESTS",""
"","97","00-LANG-CASE.07","","Tue Nov 05 00:35:22 GMT 2024","passed","Tue Nov 05 00:35:22 GMT 2024","","HYPERON-METTALOG-SANITY","HYPERON-METTALOG-SANITY",""
"","2","ADD-REMOVE-MATCH-SYMBOLS.09","","Tue Nov 05 00:50:57 GMT 2024","passed","Tue Nov 05 00:50:57 GMT 2024","","SPACES","SPACES",""
"","2","BACKWARD-CHAINER-XP.38","","Tue Nov 05 01:13:57 GMT 2024","passed","Tue Nov 05 01:13:57 GMT 2024","","BACKWARD-CHAINER","BACKWARD-CHAINER",""
"","2","EVIDENTIALTRUTHVALUETEST.03","","Tue Nov 05 01:14:40 GMT 2024","passed","Tue Nov 05 01:14:40 GMT 2024","","TRUTHVALUE","TRUTHVALUE",""
"","2","ADD-REMOVE-MATCH-INTEGER.03","","Tue Nov 05 00:50:57 GMT 2024","passed","Tue Nov 05 00:50:57 GMT 2024","","SPACES","SPACES",""
"","5","TRUTHVALUETEST.03","","Tue Nov 05 01:14:40 GMT 2024","passed","Tue Nov 05 01:14:40 GMT 2024","","TRUTHVALUE","TRUTHVALUE",""
"","2","KB-WRITE.03","","Tue Nov 05 00:51:40 GMT 2024","passed","Tue Nov 05 00:51:40 GMT 2024","","STD","STD",""
"","2","ADD-REMOVE-MATCH-INTEGER.16","","Tue Nov 05 00:50:57 GMT 2024","passed","Tue Nov 05 00:50:57 GMT 2024","","SPACES","SPACES",""
"","3","TESTS0.02","","Tue Nov 05 01:34:03 GMT 2024","passed","Tue Nov 05 01:34:03 GMT 2024","","NARS-V0","NARS-V0",""
"","2","BC-XP.23","","Tue Nov 05 01:14:02 GMT 2024","passed","Tue Nov 05 01:14:02 GMT 2024","","BACKWARD-CHAINING","BACKWARD-CHAINING",""
"","75","STATE-TYPES.19","","Tue Nov 05 01:55:46 GMT 2024","failed","Tue Nov 05 01:55:46 GMT 2024","","BASIC","BASIC",""
"","5000","walk_thru.tmpMatch2","","Tue Nov 05 00:33:42 GMT 2024","passed","Tue Nov 05 00:33:47 GMT 2024","","WHOLE-TESTS","WHOLE-TESTS",""
"","1","MATCH-VOID.10","","Tue Nov 05 00:39:18 GMT 2024","passed","Tue Nov 05 00:39:18 GMT 2024","","METTA-MORPH-TESTS","METTA-MORPH-TESTS",""
"","4","SEALED-TEST.01","","Tue Nov 05 00:35:22 GMT 2024","passed","Tue Nov 05 00:35:22 GMT 2024","","HYPERON-METTALOG-SANITY","HYPERON-METTALOG-SANITY",""
"","2","ADD-REMOVE-MATCH-MIX-FLOAT-INTEGER.06","","Tue Nov 05 00:50:57 GMT 2024","passed","Tue Nov 05 00:50:57 GMT 2024","","SPACES","SPACES",""
"","4000","check_types.d3_deptypes","","Tue Nov 05 00:33:42 GMT 2024","passed","Tue Nov 05 00:33:46 GMT 2024","","WHOLE-TESTS","WHOLE-TESTS",""
"","3","QUERIES.05","","Tue Nov 05 01:06:24 GMT 2024","passed","Tue Nov 05 01:06:24 GMT 2024","","STRIPS-TO-METTA-IMPROVED","STRIPS-TO-METTA-IMPROVED",""
"","2","E2-STATES.04","","Tue Nov 05 00:33:46 GMT 2024","passed","Tue Nov 05 00:33:46 GMT 2024","","HYPERON-EXPERIMENTAL-SCRIPTS","HYPERON-EXPERIMENTAL-SCRIPTS",""
"","1","D4-TYPE-PROP.14","","Tue Nov 05 00:43:40 GMT 2024","passed","Tue Nov 05 00:43:40 GMT 2024","","QUICK","QUICK",""
"","104","TYPES-PRELIM.08","","Tue Nov 05 00:48:37 GMT 2024","failed","Tue Nov 05 00:48:37 GMT 2024","","CHAINING","CHAINING",""
"","1","STRING-TESTS.05","","Tue Nov 05 00:35:22 GMT 2024","passed","Tue Nov 05 00:35:22 GMT 2024","","HYPERON-METTALOG-SANITY","HYPERON-METTALOG-SANITY",""
"","3","IBC-XP.06","","Tue Nov 05 01:20:12 GMT 2024","passed","Tue Nov 05 01:20:12 GMT 2024","","ITERATIVE-CHAINING","ITERATIVE-CHAINING",""
"","88","ADD-REMOVE-MATCH-MIX-FLOAT-INTEGER.14","","Tue Nov 05 00:50:57 GMT 2024","passed","Tue Nov 05 00:50:57 GMT 2024","","SPACES","SPACES",""
"","5000","edges-to-edges.nte","","Tue Nov 05 00:33:42 GMT 2024","passed","Tue Nov 05 00:33:47 GMT 2024","","WHOLE-TESTS","WHOLE-TESTS",""
"","15","D2-HIGHERFUNC.22","","Tue Nov 05 00:43:40 GMT 2024","passed","Tue Nov 05 00:43:40 GMT 2024","","QUICK","QUICK",""
"","2","IBC-XP.11","","Tue Nov 05 01:20:12 GMT 2024","passed","Tue Nov 05 01:20:12 GMT 2024","","ITERATIVE-CHAINING","ITERATIVE-CHAINING",""
"","52","APPEND-USING-EQUALITY.04","","Tue Nov 05 01:53:28 GMT 2024","failed","Tue Nov 05 01:53:28 GMT 2024","","MULTIDIRECTIONAL","MULTIDIRECTIONAL",""
"","46000","prev.tests3","","Tue Nov 05 00:33:42 GMT 2024","failed","Tue Nov 05 00:34:28 GMT 2024","","WHOLE-TESTS","WHOLE-TESTS",""
"","40000","main-branch.tests4","","Tue Nov 05 00:33:42 GMT 2024","failed","Tue Nov 05 00:34:22 GMT 2024","","WHOLE-TESTS","WHOLE-TESTS",""
"","27","SUBTYPING-TEST.02","","Tue Nov 05 01:22:58 GMT 2024","failed","Tue Nov 05 01:22:58 GMT 2024","","SUBTYPING","SUBTYPING",""
"","1244","PUZZLE.01","","Tue Nov 05 01:01:12 GMT 2024","passed","Tue Nov 05 01:01:13 GMT 2024","","LOGIC","LOGIC",""
"","2","CML-UNSHARED.09","","Tue Nov 05 01:55:46 GMT 2024","passed","Tue Nov 05 01:55:46 GMT 2024","","BASIC","BASIC",""
"","7","CHAPTER-1-1.22","","Tue Nov 05 00:53:14 GMT 2024","passed","Tue Nov 05 00:53:14 GMT 2024","","SICP-BOOK","SICP-BOOK",""
"","3","CHAPTER-1-1.05","","Tue Nov 05 00:53:14 GMT 2024","passed","Tue Nov 05 00:53:14 GMT 2024","","SICP-BOOK","SICP-BOOK",""
"","2","STRING-TESTS.14","","Tue Nov 05 00:35:22 GMT 2024","passed","Tue Nov 05 00:35:22 GMT 2024","","HYPERON-METTALOG-SANITY","HYPERON-METTALOG-SANITY",""
"","3","C2-SPACES.03","","Tue Nov 05 00:33:37 GMT 2024","passed","Tue Nov 05 00:33:37 GMT 2024","","MODULE-SYSTEM","MODULE-SYSTEM",""
"","49","IFC-XP.20","","Tue Nov 05 01:20:12 GMT 2024","failed","Tue Nov 05 01:20:12 GMT 2024","","ITERATIVE-CHAINING","ITERATIVE-CHAINING",""
"","2","HYPERPOSING.09","","Tue Nov 05 01:55:46 GMT 2024","passed","Tue Nov 05 01:55:46 GMT 2024","","BASIC","BASIC",""
"","2","AI-SERVICE-COMPOSITION-EASY.06","","Tue Nov 05 01:07:17 GMT 2024","passed","Tue Nov 05 01:07:17 GMT 2024","","AI-SERVICE","AI-SERVICE",""
"","85","B5-TYPES-PRELIM.24","","Tue Nov 05 01:09:48 GMT 2024","failed","Tue Nov 05 01:09:48 GMT 2024","","CHECK-TYPES-TEMP","CHECK-TYPES-TEMP",""
"","3","SUPERCOLLAPSE.08","","Tue Nov 05 00:39:18 GMT 2024","passed","Tue Nov 05 00:39:18 GMT 2024","","METTA-MORPH-TESTS","METTA-MORPH-TESTS",""
"","3","NUMTEST.10","","Tue Nov 05 01:14:11 GMT 2024","passed","Tue Nov 05 01:14:11 GMT 2024","","COMMON","COMMON",""
"","4000","loop-checks.06_loop_0","","Tue Nov 05 00:33:42 GMT 2024","passed","Tue Nov 05 00:33:46 GMT 2024","","WHOLE-TESTS","WHOLE-TESTS",""
"","2","06-MATCH-IN-SPACE.02","","Tue Nov 05 00:35:22 GMT 2024","passed","Tue Nov 05 00:35:22 GMT 2024","","HYPERON-METTALOG-SANITY","HYPERON-METTALOG-SANITY",""
"","5000","check_types-temp.c1_grounded_basic","","Tue Nov 05 00:33:42 GMT 2024","passed","Tue Nov 05 00:33:47 GMT 2024","","WHOLE-TESTS","WHOLE-TESTS",""
"","284","BASIC.06","","Tue Nov 05 01:07:05 GMT 2024","passed","Tue Nov 05 01:07:05 GMT 2024","","TRAVERSER","TRAVERSER",""
"","40000","dependent-types.MinerDTL2Test","","Tue Nov 05 00:33:42 GMT 2024","failed","Tue Nov 05 00:34:22 GMT 2024","","WHOLE-TESTS","WHOLE-TESTS",""
"","3","INF-CTL-XP.08","","Tue Nov 05 01:18:09 GMT 2024","passed","Tue Nov 05 01:18:09 GMT 2024","","INFERENCE-CONTROL","INFERENCE-CONTROL",""
"","2","BCHAIN-COMP.02","","Tue Nov 05 01:47:13 GMT 2024","passed","Tue Nov 05 01:47:13 GMT 2024","","WALK-THRU","WALK-THRU",""
"","2","E2-STATES.05","","Tue Nov 05 01:10:09 GMT 2024","passed","Tue Nov 05 01:10:09 GMT 2024","","CHECK-TYPES","CHECK-TYPES",""
"","2","INTERSECTION-TESTS.13","","Tue Nov 05 00:35:22 GMT 2024","passed","Tue Nov 05 00:35:22 GMT 2024","","HYPERON-METTALOG-SANITY","HYPERON-METTALOG-SANITY",""
"","2","BACKWARD-CHAINER-XP.26","","Tue Nov 05 01:13:57 GMT 2024","passed","Tue Nov 05 01:13:57 GMT 2024","","BACKWARD-CHAINER","BACKWARD-CHAINER",""
"","72","INF-CTL-MONTH-XP-SHORT-5.02","","Tue Nov 05 02:02:03 GMT 2024","failed","Tue Nov 05 02:02:03 GMT 2024","","COMPARISONS","COMPARISONS",""
"","2","INF-CTL-MONTH-XP-SHORT-3.08","","Tue Nov 05 02:02:03 GMT 2024","passed","Tue Nov 05 02:02:03 GMT 2024","","COMPARISONS","COMPARISONS",""
"","2","C1-GROUNDED-BASIC.22","","Tue Nov 05 00:43:40 GMT 2024","passed","Tue Nov 05 00:43:40 GMT 2024","","QUICK","QUICK",""
"","2","00A-LANG-COMPILED-CASE.10","","Tue Nov 05 01:45:47 GMT 2024","passed","Tue Nov 05 01:45:47 GMT 2024","","DIRECT-COMP","DIRECT-COMP",""
"","5000","traverser.basic","","Tue Nov 05 00:33:42 GMT 2024","passed","Tue Nov 05 00:33:47 GMT 2024","","WHOLE-TESTS","WHOLE-TESTS",""
"","85","B5-TYPES-PRELIM.02","","Tue Nov 05 01:09:48 GMT 2024","failed","Tue Nov 05 01:09:48 GMT 2024","","CHECK-TYPES-TEMP","CHECK-TYPES-TEMP",""
"","2","TESTS3.01","","Tue Nov 05 00:44:08 GMT 2024","passed","Tue Nov 05 00:44:08 GMT 2024","","MAIN-BRANCH","MAIN-BRANCH",""
"","2","D1-GADT.10","","Tue Nov 05 00:33:46 GMT 2024","passed","Tue Nov 05 00:33:46 GMT 2024","","HYPERON-EXPERIMENTAL-SCRIPTS","HYPERON-EXPERIMENTAL-SCRIPTS",""
"","5000","transpiler.let_superpose_list","","Tue Nov 05 00:33:42 GMT 2024","passed","Tue Nov 05 00:33:47 GMT 2024","","WHOLE-TESTS","WHOLE-TESTS",""
"","50","MODUSPONENSDTLTEST.01","","Tue Nov 05 01:12:50 GMT 2024","failed","Tue Nov 05 01:12:50 GMT 2024","","DEPENDENT-TYPES","DEPENDENT-TYPES",""
"","2","KB-WRITE.02","","Tue Nov 05 00:51:40 GMT 2024","passed","Tue Nov 05 00:51:40 GMT 2024","","STD","STD",""
"","2","EXAM-SPACES.02","","Tue Nov 05 00:50:41 GMT 2024","passed","Tue Nov 05 00:50:41 GMT 2024","","INTROSPECT","INTROSPECT",""
"","25","INF-CTL-MONTH-XP.09","","Tue Nov 05 01:18:09 GMT 2024","failed","Tue Nov 05 01:18:09 GMT 2024","","INFERENCE-CONTROL","INFERENCE-CONTROL",""
"","2","C1-GROUNDED-BASIC.22","","Tue Nov 05 00:33:46 GMT 2024","passed","Tue Nov 05 00:33:46 GMT 2024","","HYPERON-EXPERIMENTAL-SCRIPTS","HYPERON-EXPERIMENTAL-SCRIPTS",""
"","2","IMPLICATIONDIRECTINTRODUCTIONENTAILTEST.05","","Tue Nov 05 01:16:23 GMT 2024","passed","Tue Nov 05 01:16:23 GMT 2024","","ENTAIL","ENTAIL",""
"","2","ADD-REMOVE-MATCH-INTEGER.29","","Tue Nov 05 00:50:57 GMT 2024","passed","Tue Nov 05 00:50:57 GMT 2024","","SPACES","SPACES",""
"","2","IFC-XP.06","","Tue Nov 05 01:20:12 GMT 2024","passed","Tue Nov 05 01:20:12 GMT 2024","","ITERATIVE-CHAINING","ITERATIVE-CHAINING",""
"","43","FORWARD-CHAINER-XP.01","","Tue Nov 05 01:16:43 GMT 2024","failed","Tue Nov 05 01:16:43 GMT 2024","","FORWARD-CHAINER","FORWARD-CHAINER",""
"","2","INTERSECTION-TESTS.12","","Tue Nov 05 00:35:22 GMT 2024","passed","Tue Nov 05 00:35:22 GMT 2024","","HYPERON-METTALOG-SANITY","HYPERON-METTALOG-SANITY",""
"","3","SYNTHESIZE-VIA-TYPE-CHECKING.12","","Tue Nov 05 01:24:46 GMT 2024","passed","Tue Nov 05 01:24:46 GMT 2024","","EXPERIMENTS","EXPERIMENTS",""
"","270","TESTS0.07","","Tue Nov 05 01:28:58 GMT 2024","failed","Tue Nov 05 01:28:58 GMT 2024","","CURRENT","CURRENT",""
"","2","QUERIES.01","","Tue Nov 05 01:06:24 GMT 2024","passed","Tue Nov 05 01:06:24 GMT 2024","","STRIPS-TO-METTA-IMPROVED","STRIPS-TO-METTA-IMPROVED",""
"","5000","metta_to_amr.instances","","Tue Nov 05 00:33:42 GMT 2024","passed","Tue Nov 05 00:33:47 GMT 2024","","WHOLE-TESTS","WHOLE-TESTS",""
"","3","HYPERPOSE.10","","Tue Nov 05 00:39:18 GMT 2024","passed","Tue Nov 05 00:39:18 GMT 2024","","METTA-MORPH-TESTS","METTA-MORPH-TESTS",""
"","1","TEST-IF-CLOSED.05","","Tue Nov 05 00:41:27 GMT 2024","passed","Tue Nov 05 00:41:27 GMT 2024","","ANTI-REGRESSION","ANTI-REGRESSION",""
"","3","BACKWARD-CHAINER-XP.23","","Tue Nov 05 01:13:57 GMT 2024","passed","Tue Nov 05 01:13:57 GMT 2024","","BACKWARD-CHAINER","BACKWARD-CHAINER",""
"","3","UNIFY-VIA-LET.03","","Tue Nov 05 01:24:46 GMT 2024","passed","Tue Nov 05 01:24:46 GMT 2024","","EXPERIMENTS","EXPERIMENTS",""
"","1","FORWARD-CHAINER-XP.15","","Tue Nov 05 01:16:43 GMT 2024","passed","Tue Nov 05 01:16:43 GMT 2024","","FORWARD-CHAINER","FORWARD-CHAINER",""
"","5000","metta-morph_tests.match_void","","Tue Nov 05 00:33:42 GMT 2024","passed","Tue Nov 05 00:33:47 GMT 2024","","WHOLE-TESTS","WHOLE-TESTS",""
"","124","SYNTHESIZE-VIA-UNIFY-TEST.11","","Tue Nov 05 01:24:46 GMT 2024","failed","Tue Nov 05 01:24:46 GMT 2024","","EXPERIMENTS","EXPERIMENTS",""
"","2","TYPE-PROP.28","","Tue Nov 05 01:09:48 GMT 2024","passed","Tue Nov 05 01:09:48 GMT 2024","","CHECK-TYPES-TEMP","CHECK-TYPES-TEMP",""
"","21","UNIFYTEST.03","","Tue Nov 05 01:24:42 GMT 2024","failed","Tue Nov 05 01:24:42 GMT 2024","","SYNTHESIS","SYNTHESIS",""
"","1","INTERSECTION-TESTS.15","","Tue Nov 05 00:35:22 GMT 2024","passed","Tue Nov 05 00:35:22 GMT 2024","","HYPERON-METTALOG-SANITY","HYPERON-METTALOG-SANITY",""
"","3","NESTED-PARAMETERS.01","","Tue Nov 05 00:39:18 GMT 2024","passed","Tue Nov 05 00:39:18 GMT 2024","","METTA-MORPH-TESTS","METTA-MORPH-TESTS",""
"","80","INTERSECTION-TESTS.29","","Tue Nov 05 00:35:22 GMT 2024","failed","Tue Nov 05 00:35:22 GMT 2024","","HYPERON-METTALOG-SANITY","HYPERON-METTALOG-SANITY",""
"","2","SYNTHESIZE-VIA-TYPE-CHECKING.10","","Tue Nov 05 01:24:46 GMT 2024","passed","Tue Nov 05 01:24:46 GMT 2024","","EXPERIMENTS","EXPERIMENTS",""
"","3","FC-XP.26","","Tue Nov 05 01:16:53 GMT 2024","passed","Tue Nov 05 01:16:53 GMT 2024","","FORWARD-CHAINING","FORWARD-CHAINING",""
"","70","00-LANG-CASE.08","","Tue Nov 05 00:35:22 GMT 2024","passed","Tue Nov 05 00:35:22 GMT 2024","","HYPERON-METTALOG-SANITY","HYPERON-METTALOG-SANITY",""
"","3","TESTS1.01","","Tue Nov 05 00:44:08 GMT 2024","passed","Tue Nov 05 00:44:08 GMT 2024","","MAIN-BRANCH","MAIN-BRANCH",""
"","4000","aunt-kg.baseline_formulation","","Tue Nov 05 00:33:42 GMT 2024","passed","Tue Nov 05 00:33:46 GMT 2024","","WHOLE-TESTS","WHOLE-TESTS",""
"","138","SHOW-TYPE.07","","Tue Nov 05 00:50:41 GMT 2024","failed","Tue Nov 05 00:50:41 GMT 2024","","INTROSPECT","INTROSPECT",""
"","2","SYNTHESIZE-VIA-TYPE-CHECKING.08","","Tue Nov 05 01:24:46 GMT 2024","passed","Tue Nov 05 01:24:46 GMT 2024","","EXPERIMENTS","EXPERIMENTS",""
"","788","NATSIMPLETEST.05","","Tue Nov 05 01:16:58 GMT 2024","passed","Tue Nov 05 01:16:58 GMT 2024","","HOL","HOL",""
"","14","D2-HIGHERFUNC.22","","Tue Nov 05 00:33:46 GMT 2024","passed","Tue Nov 05 00:33:46 GMT 2024","","HYPERON-EXPERIMENTAL-SCRIPTS","HYPERON-EXPERIMENTAL-SCRIPTS",""
"","3","D4-TYPE-PROP.02","","Tue Nov 05 00:33:46 GMT 2024","passed","Tue Nov 05 00:33:46 GMT 2024","","HYPERON-EXPERIMENTAL-SCRIPTS","HYPERON-EXPERIMENTAL-SCRIPTS",""
"","3","01-LANG-INC.01","","Tue Nov 05 00:35:22 GMT 2024","passed","Tue Nov 05 00:35:22 GMT 2024","","HYPERON-METTALOG-SANITY","HYPERON-METTALOG-SANITY",""
"","4","UTILS-TEST.02","","Tue Nov 05 01:13:52 GMT 2024","passed","Tue Nov 05 01:13:52 GMT 2024","","UTILS","UTILS",""
"","396","MODUSPONENSDTLTEST.03","","Tue Nov 05 01:12:50 GMT 2024","failed","Tue Nov 05 01:12:50 GMT 2024","","DEPENDENT-TYPES","DEPENDENT-TYPES",""
"","2","INF-CTL-XP.01","","Tue Nov 05 01:18:09 GMT 2024","passed","Tue Nov 05 01:18:09 GMT 2024","","INFERENCE-CONTROL","INFERENCE-CONTROL",""
"","4000","hyperon-mettalog_sanity.02-curried-plus","","Tue Nov 05 00:33:42 GMT 2024","passed","Tue Nov 05 00:33:46 GMT 2024","","WHOLE-TESTS","WHOLE-TESTS",""
"","23","STDLIB-METTALOG-TEST-PT2.49","","Tue Nov 05 00:53:04 GMT 2024","failed","Tue Nov 05 00:53:04 GMT 2024","","STDLIB-METTALOG","STDLIB-METTALOG",""
"","2","INF-CTL-MONTH-BC-CONT-XP.04","","Tue Nov 05 01:18:09 GMT 2024","passed","Tue Nov 05 01:18:09 GMT 2024","","INFERENCE-CONTROL","INFERENCE-CONTROL",""
"","2","C1-GROUNDED-BASIC.06","","Tue Nov 05 00:43:40 GMT 2024","passed","Tue Nov 05 00:43:40 GMT 2024","","QUICK","QUICK",""
"","2","TESTS5.06","","Tue Nov 05 00:44:08 GMT 2024","passed","Tue Nov 05 00:44:08 GMT 2024","","MAIN-BRANCH","MAIN-BRANCH",""
"","119","INF-CTL-MONTH-BC-XP.02","","Tue Nov 05 01:18:09 GMT 2024","failed","Tue Nov 05 01:18:09 GMT 2024","","INFERENCE-CONTROL","INFERENCE-CONTROL",""
"","86","ADD-REMOVE-MATCH-INTEGER.14","","Tue Nov 05 00:50:57 GMT 2024","passed","Tue Nov 05 00:50:57 GMT 2024","","SPACES","SPACES",""
"","14","TEST-INFER-FUNCTION-APPLICATION-TYPE.10","","Tue Nov 05 01:55:46 GMT 2024","failed","Tue Nov 05 01:55:46 GMT 2024","","BASIC","BASIC",""
"","4000","walk_thru.mettalogTestCurried2","","Tue Nov 05 00:33:42 GMT 2024","passed","Tue Nov 05 00:33:46 GMT 2024","","WHOLE-TESTS","WHOLE-TESTS",""
"","5000","entail.ImplicationDirectIntroductionEntailTest","","Tue Nov 05 00:33:42 GMT 2024","passed","Tue Nov 05 00:33:47 GMT 2024","","WHOLE-TESTS","WHOLE-TESTS",""
"","2","ADD-REMOVE-MATCH-INTEGER.27","","Tue Nov 05 00:50:57 GMT 2024","passed","Tue Nov 05 00:50:57 GMT 2024","","SPACES","SPACES",""
"","4000","metta-morph_tests.collapse","","Tue Nov 05 00:33:42 GMT 2024","passed","Tue Nov 05 00:33:46 GMT 2024","","WHOLE-TESTS","WHOLE-TESTS",""
"","55","STDLIB-METTALOG-TEST-PT2.11","","Tue Nov 05 00:53:04 GMT 2024","failed","Tue Nov 05 00:53:04 GMT 2024","","STDLIB-METTALOG","STDLIB-METTALOG",""
"","2","TYPE-PROP.29","","Tue Nov 05 01:09:48 GMT 2024","passed","Tue Nov 05 01:09:48 GMT 2024","","CHECK-TYPES-TEMP","CHECK-TYPES-TEMP",""
"","2","C1-GROUNDED-BASIC.10","","Tue Nov 05 00:33:46 GMT 2024","passed","Tue Nov 05 00:33:46 GMT 2024","","HYPERON-EXPERIMENTAL-SCRIPTS","HYPERON-EXPERIMENTAL-SCRIPTS",""
"","2","CHAPTER-1-1.01","","Tue Nov 05 00:53:14 GMT 2024","passed","Tue Nov 05 00:53:14 GMT 2024","","SICP-BOOK","SICP-BOOK",""
"","12","STDLIB-METTALOG-TEST-PT2.05","","Tue Nov 05 00:53:04 GMT 2024","failed","Tue Nov 05 00:53:04 GMT 2024","","STDLIB-METTALOG","STDLIB-METTALOG",""
"","93","ADD-REMOVE-MATCH-INTEGER.25","","Tue Nov 05 00:50:57 GMT 2024","passed","Tue Nov 05 00:50:57 GMT 2024","","SPACES","SPACES",""
"","2","UNIFY-VIA-LET.04","","Tue Nov 05 01:24:46 GMT 2024","passed","Tue Nov 05 01:24:46 GMT 2024","","EXPERIMENTS","EXPERIMENTS",""
"","3","D1-GADT.01","","Tue Nov 05 01:10:09 GMT 2024","passed","Tue Nov 05 01:10:09 GMT 2024","","CHECK-TYPES","CHECK-TYPES",""
"","255","SYNTHESIZE-VIA-CASE-TEST.03","","Tue Nov 05 01:24:46 GMT 2024","failed","Tue Nov 05 01:24:46 GMT 2024","","EXPERIMENTS","EXPERIMENTS",""
"","46000","nars_v0.tests4","","Tue Nov 05 00:33:42 GMT 2024","failed","Tue Nov 05 00:34:28 GMT 2024","","WHOLE-TESTS","WHOLE-TESTS",""
"","2","COMBINED.01","","Tue Nov 05 01:51:55 GMT 2024","passed","Tue Nov 05 01:51:55 GMT 2024","","ITERATORS","ITERATORS",""
"","279","TESTS0.08","","Tue Nov 05 00:44:08 GMT 2024","passed","Tue Nov 05 00:44:08 GMT 2024","","MAIN-BRANCH","MAIN-BRANCH",""
"","7409","INF-ORDER-PROBS.04","","Tue Nov 05 01:01:52 GMT 2024","passed","Tue Nov 05 01:01:59 GMT 2024","","PROB-DEP-TYPES","PROB-DEP-TYPES",""
"","4000","check_types.e2_states","","Tue Nov 05 00:33:42 GMT 2024","passed","Tue Nov 05 00:33:46 GMT 2024","","WHOLE-TESTS","WHOLE-TESTS",""
"","360","NATSIMPLETEST.03","","Tue Nov 05 01:16:58 GMT 2024","failed","Tue Nov 05 01:16:58 GMT 2024","","HOL","HOL",""
"","145","TEST-SPO-5000.01","","Tue Nov 05 00:42:02 GMT 2024","passed","Tue Nov 05 00:42:02 GMT 2024","","METTA-WAM-ISSUE-116","METTA-WAM-ISSUE-116",""
"","3","D2-HIGHERFUNC.15","","Tue Nov 05 01:10:09 GMT 2024","passed","Tue Nov 05 01:10:09 GMT 2024","","CHECK-TYPES","CHECK-TYPES",""
"","2","B5-TYPES-PRELIM.22","","Tue Nov 05 00:33:46 GMT 2024","passed","Tue Nov 05 00:33:46 GMT 2024","","HYPERON-EXPERIMENTAL-SCRIPTS","HYPERON-EXPERIMENTAL-SCRIPTS",""
"","3","TYPE-PROP.04","","Tue Nov 05 01:09:48 GMT 2024","passed","Tue Nov 05 01:09:48 GMT 2024","","CHECK-TYPES-TEMP","CHECK-TYPES-TEMP",""
"","2","INF-CTL-MONTH-XP-SHORT-3.05","","Tue Nov 05 02:02:03 GMT 2024","passed","Tue Nov 05 02:02:03 GMT 2024","","COMPARISONS","COMPARISONS",""
"","5000","match.ImplicationDirectIntroductionMatchTest","","Tue Nov 05 00:33:42 GMT 2024","passed","Tue Nov 05 00:33:47 GMT 2024","","WHOLE-TESTS","WHOLE-TESTS",""
"","2","ADD-REMOVE-MATCH-INTEGER.05","","Tue Nov 05 00:50:57 GMT 2024","passed","Tue Nov 05 00:50:57 GMT 2024","","SPACES","SPACES",""
"","2","IMPL-METTALOGTESTCURRIED.01","","Tue Nov 05 01:47:13 GMT 2024","passed","Tue Nov 05 01:47:13 GMT 2024","","WALK-THRU","WALK-THRU",""
"","9","MATCH-VOID.05","","Tue Nov 05 00:39:18 GMT 2024","passed","Tue Nov 05 00:39:18 GMT 2024","","METTA-MORPH-TESTS","METTA-MORPH-TESTS",""
"","2","LTE.03","","Tue Nov 05 00:51:40 GMT 2024","passed","Tue Nov 05 00:51:40 GMT 2024","","STD","STD",""
"","3","INF-CTL-XP.05","","Tue Nov 05 01:18:09 GMT 2024","passed","Tue Nov 05 01:18:09 GMT 2024","","INFERENCE-CONTROL","INFERENCE-CONTROL",""
"","7000","hol.NatStandaloneTest","","Tue Nov 05 00:33:42 GMT 2024","passed","Tue Nov 05 00:33:49 GMT 2024","","WHOLE-TESTS","WHOLE-TESTS",""
"","3","TMPMATCH1.02","","Tue Nov 05 00:41:27 GMT 2024","passed","Tue Nov 05 00:41:27 GMT 2024","","ANTI-REGRESSION","ANTI-REGRESSION",""
"","3","C2-SPACES.02","","Tue Nov 05 00:33:37 GMT 2024","passed","Tue Nov 05 00:33:37 GMT 2024","","MODULE-SYSTEM","MODULE-SYSTEM",""
"","3","GENE-PLN-XP.02","","Tue Nov 05 01:09:36 GMT 2024","passed","Tue Nov 05 01:09:36 GMT 2024","","PLN","PLN",""
"","45000","constraint.types","","Tue Nov 05 00:33:42 GMT 2024","failed","Tue Nov 05 00:34:27 GMT 2024","","WHOLE-TESTS","WHOLE-TESTS",""
"","2","DEDUCTIONFORMULATEST.03","","Tue Nov 05 01:14:35 GMT 2024","passed","Tue Nov 05 01:14:35 GMT 2024","","FORMULA","FORMULA",""
"","3","FIBO-AS-PRED.01","","Tue Nov 05 01:55:46 GMT 2024","passed","Tue Nov 05 01:55:46 GMT 2024","","BASIC","BASIC",""
"","1","UNIFY-VIA-LET.05","","Tue Nov 05 01:24:46 GMT 2024","passed","Tue Nov 05 01:24:46 GMT 2024","","EXPERIMENTS","EXPERIMENTS",""
"","146","TESTS0.04","","Tue Nov 05 00:44:08 GMT 2024","passed","Tue Nov 05 00:44:08 GMT 2024","","MAIN-BRANCH","MAIN-BRANCH",""
"","612","SELF-CONTAINED-SYNTHESIZE.01","","Tue Nov 05 01:24:46 GMT 2024","failed","Tue Nov 05 01:24:46 GMT 2024","","EXPERIMENTS","EXPERIMENTS",""
"","493","PROB-DEP-TYPES.10","","Tue Nov 05 01:01:52 GMT 2024","failed","Tue Nov 05 01:01:52 GMT 2024","","PROB-DEP-TYPES","PROB-DEP-TYPES",""
"","145","NALIFIER-PREV.01","","Tue Nov 05 00:44:08 GMT 2024","passed","Tue Nov 05 00:44:08 GMT 2024","","MAIN-BRANCH","MAIN-BRANCH",""
"","2","BCHAIN.06","","Tue Nov 05 01:47:13 GMT 2024","passed","Tue Nov 05 01:47:13 GMT 2024","","WALK-THRU","WALK-THRU",""
"","109","ADD-REMOVE-MATCH-STRINGS.03","","Tue Nov 05 00:50:57 GMT 2024","failed","Tue Nov 05 00:50:57 GMT 2024","","SPACES","SPACES",""
"","2","LET-SUPERPOSE-LIST.01","","Tue Nov 05 00:39:18 GMT 2024","passed","Tue Nov 05 00:39:18 GMT 2024","","METTA-MORPH-TESTS","METTA-MORPH-TESTS",""
"","17000","main-branch.tests1_pre","","Tue Nov 05 00:33:42 GMT 2024","passed","Tue Nov 05 00:33:59 GMT 2024","","WHOLE-TESTS","WHOLE-TESTS",""
"","3","BASIC.07","","Tue Nov 05 01:07:05 GMT 2024","passed","Tue Nov 05 01:07:05 GMT 2024","","TRAVERSER","TRAVERSER",""
"","2","LTE.04","","Tue Nov 05 00:51:40 GMT 2024","passed","Tue Nov 05 00:51:40 GMT 2024","","STD","STD",""
"","2","SEQUENTIAL-NESTED.03","","Tue Nov 05 00:39:18 GMT 2024","passed","Tue Nov 05 00:39:18 GMT 2024","","METTA-MORPH-TESTS","METTA-MORPH-TESTS",""
"","2","F1-IMPORTS.15","","Tue Nov 05 00:43:40 GMT 2024","passed","Tue Nov 05 00:43:40 GMT 2024","","QUICK","QUICK",""
"","23000","language_models.training","","Tue Nov 05 00:33:42 GMT 2024","passed","Tue Nov 05 00:34:05 GMT 2024","","WHOLE-TESTS","WHOLE-TESTS",""
"","3","TESTS2.06","","Tue Nov 05 00:44:08 GMT 2024","passed","Tue Nov 05 00:44:08 GMT 2024","","MAIN-BRANCH","MAIN-BRANCH",""
"","2","ADD-REMOVE-MATCH-MIX-FLOAT-INTEGER.22","","Tue Nov 05 00:50:57 GMT 2024","passed","Tue Nov 05 00:50:57 GMT 2024","","SPACES","SPACES",""
"","4","TYPE-PROP.35","","Tue Nov 05 01:09:48 GMT 2024","passed","Tue Nov 05 01:09:48 GMT 2024","","CHECK-TYPES-TEMP","CHECK-TYPES-TEMP",""
"","3","BC-XP.01","","Tue Nov 05 01:14:02 GMT 2024","passed","Tue Nov 05 01:14:02 GMT 2024","","BACKWARD-CHAINING","BACKWARD-CHAINING",""
"","129","TESTS0.01","","Tue Nov 05 00:39:18 GMT 2024","passed","Tue Nov 05 00:39:18 GMT 2024","","METTA-MORPH-TESTS","METTA-MORPH-TESTS",""
"","3","TESTS2.10","","Tue Nov 05 00:44:08 GMT 2024","passed","Tue Nov 05 00:44:08 GMT 2024","","MAIN-BRANCH","MAIN-BRANCH",""
"","2","D2-HIGHERFUNC.16","","Tue Nov 05 00:33:46 GMT 2024","passed","Tue Nov 05 00:33:46 GMT 2024","","HYPERON-EXPERIMENTAL-SCRIPTS","HYPERON-EXPERIMENTAL-SCRIPTS",""
"","2","E1-KB-WRITE.01","","Tue Nov 05 00:33:46 GMT 2024","passed","Tue Nov 05 00:33:46 GMT 2024","","HYPERON-EXPERIMENTAL-SCRIPTS","HYPERON-EXPERIMENTAL-SCRIPTS",""
"","80","B4-NONDETERM.01","","Tue Nov 05 00:33:46 GMT 2024","passed","Tue Nov 05 00:33:46 GMT 2024","","HYPERON-EXPERIMENTAL-SCRIPTS","HYPERON-EXPERIMENTAL-SCRIPTS",""
"","2","ADD-REMOVE-MATCH-INTEGER.21","","Tue Nov 05 00:50:57 GMT 2024","passed","Tue Nov 05 00:50:57 GMT 2024","","SPACES","SPACES",""
"","4000","direct_comp.define_if_like","","Tue Nov 05 00:33:42 GMT 2024","passed","Tue Nov 05 00:33:46 GMT 2024","","WHOLE-TESTS","WHOLE-TESTS",""
"","7","C3-PLN-STV.04","","Tue Nov 05 00:33:46 GMT 2024","passed","Tue Nov 05 00:33:46 GMT 2024","","HYPERON-EXPERIMENTAL-SCRIPTS","HYPERON-EXPERIMENTAL-SCRIPTS",""
"","2","B3-DIRECT.02","","Tue Nov 05 00:33:46 GMT 2024","passed","Tue Nov 05 00:33:46 GMT 2024","","HYPERON-EXPERIMENTAL-SCRIPTS","HYPERON-EXPERIMENTAL-SCRIPTS",""
"","2126","TESTS2.07","","Tue Nov 05 00:44:08 GMT 2024","failed","Tue Nov 05 00:44:10 GMT 2024","","MAIN-BRANCH","MAIN-BRANCH",""
"","5000","metta-morph_tests.and_or","","Tue Nov 05 00:33:42 GMT 2024","passed","Tue Nov 05 00:33:47 GMT 2024","","WHOLE-TESTS","WHOLE-TESTS",""
"","3","GADT.02","","Tue Nov 05 00:51:40 GMT 2024","passed","Tue Nov 05 00:51:40 GMT 2024","","STD","STD",""
"","6000","hol.NatParityTest","","Tue Nov 05 00:33:42 GMT 2024","passed","Tue Nov 05 00:33:48 GMT 2024","","WHOLE-TESTS","WHOLE-TESTS",""
"","2","PROB-DEP-TYPES.04","","Tue Nov 05 01:01:52 GMT 2024","passed","Tue Nov 05 01:01:52 GMT 2024","","PROB-DEP-TYPES","PROB-DEP-TYPES",""
"","2","D2-HIGHERFUNC.03","","Tue Nov 05 00:43:40 GMT 2024","passed","Tue Nov 05 00:43:40 GMT 2024","","QUICK","QUICK",""
"","277","INF-CTL-XP.09","","Tue Nov 05 01:18:09 GMT 2024","passed","Tue Nov 05 01:18:09 GMT 2024","","INFERENCE-CONTROL","INFERENCE-CONTROL",""
"","2","ORDEREDSETTEST.03","","Tue Nov 05 01:14:11 GMT 2024","passed","Tue Nov 05 01:14:11 GMT 2024","","COMMON","COMMON",""
"","6","GROUNDED-BASIC.05","","Tue Nov 05 00:51:40 GMT 2024","passed","Tue Nov 05 00:51:40 GMT 2024","","STD","STD",""
"","42","IMPLICATIONDIRECTINTRODUCTIONDTLTEST.09","","Tue Nov 05 01:12:50 GMT 2024","failed","Tue Nov 05 01:12:50 GMT 2024","","DEPENDENT-TYPES","DEPENDENT-TYPES",""
"","2","XOR-TEST.08","","Tue Nov 05 00:35:22 GMT 2024","passed","Tue Nov 05 00:35:22 GMT 2024","","HYPERON-METTALOG-SANITY","HYPERON-METTALOG-SANITY",""
"","3","ADD-REMOVE-MATCH-SS-SYMBOLS.15","","Tue Nov 05 00:50:57 GMT 2024","passed","Tue Nov 05 00:50:57 GMT 2024","","SPACES","SPACES",""
"","1","HYPERPOSING.05","","Tue Nov 05 01:55:46 GMT 2024","passed","Tue Nov 05 01:55:46 GMT 2024","","BASIC","BASIC",""
"","3","ADD-ATOM-NAIVE-FIB.01","","Tue Nov 05 02:02:03 GMT 2024","passed","Tue Nov 05 02:02:03 GMT 2024","","COMPARISONS","COMPARISONS",""
"","139","SHOW-TYPE.02","","Tue Nov 05 00:50:41 GMT 2024","failed","Tue Nov 05 00:50:41 GMT 2024","","INTROSPECT","INTROSPECT",""
"","3","CHAPTER-1-1.17","","Tue Nov 05 00:53:14 GMT 2024","passed","Tue Nov 05 00:53:14 GMT 2024","","SICP-BOOK","SICP-BOOK",""
"","4000","spaces.add-remove-match-strings","","Tue Nov 05 00:33:42 GMT 2024","passed","Tue Nov 05 00:33:46 GMT 2024","","WHOLE-TESTS","WHOLE-TESTS",""
"","2","HYPERPOSING-SHARED.03","","Tue Nov 05 01:55:46 GMT 2024","passed","Tue Nov 05 01:55:46 GMT 2024","","BASIC","BASIC",""
"","3","STDLIB-METTALOG-TEST-PT2.40","","Tue Nov 05 00:53:04 GMT 2024","passed","Tue Nov 05 00:53:04 GMT 2024","","STDLIB-METTALOG","STDLIB-METTALOG",""
"","3","CHAPTER-1-1.14","","Tue Nov 05 00:53:14 GMT 2024","passed","Tue Nov 05 00:53:14 GMT 2024","","SICP-BOOK","SICP-BOOK",""
"","1","DEBUG-METTALOGTESTCURRIED.02","","Tue Nov 05 01:47:13 GMT 2024","passed","Tue Nov 05 01:47:13 GMT 2024","","WALK-THRU","WALK-THRU",""
"","7000","comparisons.nils_if_control_test_5","","Tue Nov 05 00:33:42 GMT 2024","passed","Tue Nov 05 00:33:49 GMT 2024","","WHOLE-TESTS","WHOLE-TESTS",""
"","40000","comparisons.naive-fib","","Tue Nov 05 00:33:42 GMT 2024","failed","Tue Nov 05 00:34:22 GMT 2024","","WHOLE-TESTS","WHOLE-TESTS",""
"","2","SYNTHESIZE-VIA-TYPE-CHECKING.07","","Tue Nov 05 01:24:46 GMT 2024","passed","Tue Nov 05 01:24:46 GMT 2024","","EXPERIMENTS","EXPERIMENTS",""
"","2","STDLIB-METTALOG-TEST-PT2.45","","Tue Nov 05 00:53:04 GMT 2024","passed","Tue Nov 05 00:53:04 GMT 2024","","STDLIB-METTALOG","STDLIB-METTALOG",""
"","5","SEALED-TEST.02","","Tue Nov 05 00:35:22 GMT 2024","passed","Tue Nov 05 00:35:22 GMT 2024","","HYPERON-METTALOG-SANITY","HYPERON-METTALOG-SANITY",""
"","4000","transpiler.identity","","Tue Nov 05 00:33:42 GMT 2024","passed","Tue Nov 05 00:33:46 GMT 2024","","WHOLE-TESTS","WHOLE-TESTS",""
"","40000","SICP_book.chapter_2_1","","Tue Nov 05 00:33:42 GMT 2024","failed","Tue Nov 05 00:34:22 GMT 2024","","WHOLE-TESTS","WHOLE-TESTS",""
"","40000","experiments.self-contained-synthesize","","Tue Nov 05 00:33:42 GMT 2024","failed","Tue Nov 05 00:34:22 GMT 2024","","WHOLE-TESTS","WHOLE-TESTS",""
"","2","QUERIES.04","","Tue Nov 05 01:06:24 GMT 2024","passed","Tue Nov 05 01:06:24 GMT 2024","","STRIPS-TO-METTA-IMPROVED","STRIPS-TO-METTA-IMPROVED",""
"","51","INF-CTL-MONTH-BC-CONT-XP.18","","Tue Nov 05 01:18:09 GMT 2024","failed","Tue Nov 05 01:18:09 GMT 2024","","INFERENCE-CONTROL","INFERENCE-CONTROL",""
"","2","MATCH-SUPERPOSED-SPACES.03","","Tue Nov 05 00:39:18 GMT 2024","passed","Tue Nov 05 00:39:18 GMT 2024","","METTA-MORPH-TESTS","METTA-MORPH-TESTS",""
"","1","HYPERPOSING-UNSHARED.08","","Tue Nov 05 01:55:46 GMT 2024","passed","Tue Nov 05 01:55:46 GMT 2024","","BASIC","BASIC",""
"","2","TMPMATCH1.04","","Tue Nov 05 00:41:27 GMT 2024","passed","Tue Nov 05 00:41:27 GMT 2024","","ANTI-REGRESSION","ANTI-REGRESSION",""
"","13","D2-HIGHERFUNC.22","","Tue Nov 05 01:10:09 GMT 2024","passed","Tue Nov 05 01:10:09 GMT 2024","","CHECK-TYPES","CHECK-TYPES",""
"","4000","multidirectional.obif","","Tue Nov 05 00:33:42 GMT 2024","passed","Tue Nov 05 00:33:46 GMT 2024","","WHOLE-TESTS","WHOLE-TESTS",""
"","14","IMPLICATIONDIRECTINTRODUCTIONENTAILTEST.04","","Tue Nov 05 01:16:23 GMT 2024","passed","Tue Nov 05 01:16:23 GMT 2024","","ENTAIL","ENTAIL",""
"","5000","metta-morph_tests.let_superpose_list","","Tue Nov 05 00:33:42 GMT 2024","passed","Tue Nov 05 00:33:47 GMT 2024","","WHOLE-TESTS","WHOLE-TESTS",""
"","225","PROB-DEP-TYPES.11","","Tue Nov 05 01:01:52 GMT 2024","passed","Tue Nov 05 01:01:52 GMT 2024","","PROB-DEP-TYPES","PROB-DEP-TYPES",""
"","2","CHAPTER-1-1.10","","Tue Nov 05 00:53:14 GMT 2024","passed","Tue Nov 05 00:53:14 GMT 2024","","SICP-BOOK","SICP-BOOK",""
"","3","SYNTHESIZE-VIA-TYPE-CHECKING.09","","Tue Nov 05 01:24:46 GMT 2024","passed","Tue Nov 05 01:24:46 GMT 2024","","EXPERIMENTS","EXPERIMENTS",""
"","131","INF-ORDER-PROBS.02","","Tue Nov 05 01:01:52 GMT 2024","passed","Tue Nov 05 01:01:52 GMT 2024","","PROB-DEP-TYPES","PROB-DEP-TYPES",""
"","303","IBC-XP.14","","Tue Nov 05 01:20:12 GMT 2024","passed","Tue Nov 05 01:20:12 GMT 2024","","ITERATIVE-CHAINING","ITERATIVE-CHAINING",""
"","4000","hyperon-mettalog_sanity.sealed_test","","Tue Nov 05 00:33:42 GMT 2024","passed","Tue Nov 05 00:33:46 GMT 2024","","WHOLE-TESTS","WHOLE-TESTS",""
"","6","SPACE-INTERSECTION-TESTS.03","","Tue Nov 05 00:35:22 GMT 2024","passed","Tue Nov 05 00:35:22 GMT 2024","","HYPERON-METTALOG-SANITY","HYPERON-METTALOG-SANITY",""
"","4","TEST-LIST-CONCATENATION.01","","Tue Nov 05 01:55:46 GMT 2024","passed","Tue Nov 05 01:55:46 GMT 2024","","BASIC","BASIC",""
"","2","PC-XP.06","","Tue Nov 05 01:22:53 GMT 2024","passed","Tue Nov 05 01:22:53 GMT 2024","","POLYWARD-CHAINING","POLYWARD-CHAINING",""
"","2","HYPERPOSING-UNSHARED.09","","Tue Nov 05 01:55:46 GMT 2024","passed","Tue Nov 05 01:55:46 GMT 2024","","BASIC","BASIC",""
"","2","PREREQS.04","","Tue Nov 05 00:44:08 GMT 2024","passed","Tue Nov 05 00:44:08 GMT 2024","","MAIN-BRANCH","MAIN-BRANCH",""
"","2","FORWARD-CHAINER-XP.16","","Tue Nov 05 01:16:43 GMT 2024","passed","Tue Nov 05 01:16:43 GMT 2024","","FORWARD-CHAINER","FORWARD-CHAINER",""
"","3","D2-HIGHERFUNC.23","","Tue Nov 05 00:43:40 GMT 2024","passed","Tue Nov 05 00:43:40 GMT 2024","","QUICK","QUICK",""
"","3","TYPES-PRELIM.19","","Tue Nov 05 00:48:37 GMT 2024","passed","Tue Nov 05 00:48:37 GMT 2024","","CHAINING","CHAINING",""
"","3","06-MATCH-IN-SPACE.01","","Tue Nov 05 00:35:22 GMT 2024","passed","Tue Nov 05 00:35:22 GMT 2024","","HYPERON-METTALOG-SANITY","HYPERON-METTALOG-SANITY",""
"","5000","fizzbuzz.simple","","Tue Nov 05 00:33:42 GMT 2024","passed","Tue Nov 05 00:33:47 GMT 2024","","WHOLE-TESTS","WHOLE-TESTS",""
"","3","TYPE-PROP.71","","Tue Nov 05 01:09:48 GMT 2024","passed","Tue Nov 05 01:09:48 GMT 2024","","CHECK-TYPES-TEMP","CHECK-TYPES-TEMP",""
"","5000","truthvalue.TruthValueTest","","Tue Nov 05 00:33:42 GMT 2024","passed","Tue Nov 05 00:33:47 GMT 2024","","WHOLE-TESTS","WHOLE-TESTS",""
"","3","D4-TYPE-PROP.10","","Tue Nov 05 00:33:46 GMT 2024","passed","Tue Nov 05 00:33:46 GMT 2024","","HYPERON-EXPERIMENTAL-SCRIPTS","HYPERON-EXPERIMENTAL-SCRIPTS",""
"","2","D2-HIGHERFUNC.04","","Tue Nov 05 01:10:09 GMT 2024","passed","Tue Nov 05 01:10:09 GMT 2024","","CHECK-TYPES","CHECK-TYPES",""
"","2","INF-CTL-MONTH-XP.02","","Tue Nov 05 01:18:09 GMT 2024","passed","Tue Nov 05 01:18:09 GMT 2024","","INFERENCE-CONTROL","INFERENCE-CONTROL",""
"","2","F1-IMPORTS.05","","Tue Nov 05 00:33:37 GMT 2024","passed","Tue Nov 05 00:33:37 GMT 2024","","MODULE-SYSTEM","MODULE-SYSTEM",""
"","5000","hyperon-mettalog_sanity.06_match_in_space","","Tue Nov 05 00:33:42 GMT 2024","passed","Tue Nov 05 00:33:47 GMT 2024","","WHOLE-TESTS","WHOLE-TESTS",""
"","1","ADD-REMOVE-MATCH-S-STRINGS.06","","Tue Nov 05 00:50:57 GMT 2024","passed","Tue Nov 05 00:50:57 GMT 2024","","SPACES","SPACES",""
"","2","BC-XP.18","","Tue Nov 05 01:14:02 GMT 2024","passed","Tue Nov 05 01:14:02 GMT 2024","","BACKWARD-CHAINING","BACKWARD-CHAINING",""
"","263","SHOW-TYPE.15","","Tue Nov 05 00:50:41 GMT 2024","failed","Tue Nov 05 00:50:41 GMT 2024","","INTROSPECT","INTROSPECT",""
"","130","NON-DETERMINISM.02","","Tue Nov 05 01:24:46 GMT 2024","passed","Tue Nov 05 01:24:46 GMT 2024","","EXPERIMENTS","EXPERIMENTS",""
"","4000","chaining.types_prelim","","Tue Nov 05 00:33:42 GMT 2024","passed","Tue Nov 05 00:33:46 GMT 2024","","WHOLE-TESTS","WHOLE-TESTS",""
"","3","ADD-REMOVE-MATCH-SYMBOLS.15","","Tue Nov 05 00:50:57 GMT 2024","passed","Tue Nov 05 00:50:57 GMT 2024","","SPACES","SPACES",""
"","3","D2-HIGHERFUNC.15","","Tue Nov 05 00:43:40 GMT 2024","passed","Tue Nov 05 00:43:40 GMT 2024","","QUICK","QUICK",""
"","43","FORWARD-CHAINER-TEST.09","","Tue Nov 05 01:16:43 GMT 2024","failed","Tue Nov 05 01:16:43 GMT 2024","","FORWARD-CHAINER","FORWARD-CHAINER",""
"","9","D1-GADT.13","","Tue Nov 05 01:10:09 GMT 2024","passed","Tue Nov 05 01:10:09 GMT 2024","","CHECK-TYPES","CHECK-TYPES",""
"","2","BACKWARD-CHAINER-XP.30","","Tue Nov 05 01:13:57 GMT 2024","passed","Tue Nov 05 01:13:57 GMT 2024","","BACKWARD-CHAINER","BACKWARD-CHAINER",""
"","3","ADD-REMOVE-MATCH-SS-SYMBOLS.03","","Tue Nov 05 00:50:57 GMT 2024","passed","Tue Nov 05 00:50:57 GMT 2024","","SPACES","SPACES",""
"","2","CHAPTER-2-4.13","","Tue Nov 05 00:53:14 GMT 2024","passed","Tue Nov 05 00:53:14 GMT 2024","","SICP-BOOK","SICP-BOOK",""
"","2","OR-TEST.13","","Tue Nov 05 00:35:22 GMT 2024","passed","Tue Nov 05 00:35:22 GMT 2024","","HYPERON-METTALOG-SANITY","HYPERON-METTALOG-SANITY",""
"","3","STDLIB-METTALOG-TEST-PT2.07","","Tue Nov 05 00:53:04 GMT 2024","passed","Tue Nov 05 00:53:04 GMT 2024","","STDLIB-METTALOG","STDLIB-METTALOG",""
"","4000","check_types.d4_type_prop","","Tue Nov 05 00:33:42 GMT 2024","passed","Tue Nov 05 00:33:46 GMT 2024","","WHOLE-TESTS","WHOLE-TESTS",""
"","1","INF-CTL-MONTH-BC-CONT-XP.02","","Tue Nov 05 01:18:09 GMT 2024","passed","Tue Nov 05 01:18:09 GMT 2024","","INFERENCE-CONTROL","INFERENCE-CONTROL",""
"","2","INTERSECTION-TESTS.03","","Tue Nov 05 00:35:22 GMT 2024","passed","Tue Nov 05 00:35:22 GMT 2024","","HYPERON-METTALOG-SANITY","HYPERON-METTALOG-SANITY",""
"","3","CHAPTER-2-2.02","","Tue Nov 05 00:53:14 GMT 2024","passed","Tue Nov 05 00:53:14 GMT 2024","","SICP-BOOK","SICP-BOOK",""
"","2","ADD-REMOVE-MATCH-INTEGER.33","","Tue Nov 05 00:50:57 GMT 2024","passed","Tue Nov 05 00:50:57 GMT 2024","","SPACES","SPACES",""
"","2","TRUTHVALUETEST.04","","Tue Nov 05 01:14:40 GMT 2024","passed","Tue Nov 05 01:14:40 GMT 2024","","TRUTHVALUE","TRUTHVALUE",""
"","4000","debugging.hyperon_experimental_issue_516","","Tue Nov 05 00:33:42 GMT 2024","passed","Tue Nov 05 00:33:46 GMT 2024","","WHOLE-TESTS","WHOLE-TESTS",""
"","68","UNIFY-VIA-CASE.04","","Tue Nov 05 01:24:46 GMT 2024","failed","Tue Nov 05 01:24:46 GMT 2024","","EXPERIMENTS","EXPERIMENTS",""
"","3","D2-HIGHERFUNC.27","","Tue Nov 05 01:10:09 GMT 2024","passed","Tue Nov 05 01:10:09 GMT 2024","","CHECK-TYPES","CHECK-TYPES",""
"","6","CHAPTER-1-3.03","","Tue Nov 05 00:53:14 GMT 2024","passed","Tue Nov 05 00:53:14 GMT 2024","","SICP-BOOK","SICP-BOOK",""
"","2","LTE.02","","Tue Nov 05 00:51:40 GMT 2024","passed","Tue Nov 05 00:51:40 GMT 2024","","STD","STD",""
"","3","METTALOGTESTCURRIED2.01","","Tue Nov 05 00:41:27 GMT 2024","passed","Tue Nov 05 00:41:27 GMT 2024","","ANTI-REGRESSION","ANTI-REGRESSION",""
"","5000","metta-morph_tests.superpose_nested","","Tue Nov 05 00:33:42 GMT 2024","passed","Tue Nov 05 00:33:47 GMT 2024","","WHOLE-TESTS","WHOLE-TESTS",""
"","4000","equal.DeductionEqualTest","","Tue Nov 05 00:33:42 GMT 2024","passed","Tue Nov 05 00:33:46 GMT 2024","","WHOLE-TESTS","WHOLE-TESTS",""
"","46000","current.tests4","","Tue Nov 05 00:33:42 GMT 2024","failed","Tue Nov 05 00:34:28 GMT 2024","","WHOLE-TESTS","WHOLE-TESTS",""
"","2","OR-TEST.08","","Tue Nov 05 00:35:22 GMT 2024","passed","Tue Nov 05 00:35:22 GMT 2024","","HYPERON-METTALOG-SANITY","HYPERON-METTALOG-SANITY",""
"","156","STDLIB-METTALOG-TEST-PT2.20","","Tue Nov 05 00:53:04 GMT 2024","failed","Tue Nov 05 00:53:04 GMT 2024","","STDLIB-METTALOG","STDLIB-METTALOG",""
"","4000","multidirectional.append","","Tue Nov 05 00:33:42 GMT 2024","passed","Tue Nov 05 00:33:46 GMT 2024","","WHOLE-TESTS","WHOLE-TESTS",""
"","4000","match.DeductionMatchTest","","Tue Nov 05 00:33:42 GMT 2024","passed","Tue Nov 05 00:33:46 GMT 2024","","WHOLE-TESTS","WHOLE-TESTS",""
"","2","TREE.03","","Tue Nov 05 00:58:32 GMT 2024","passed","Tue Nov 05 00:58:32 GMT 2024","","COMBINATOR-CALCULI","COMBINATOR-CALCULI",""
"","3","TYPE-PROP.17","","Tue Nov 05 01:09:48 GMT 2024","passed","Tue Nov 05 01:09:48 GMT 2024","","CHECK-TYPES-TEMP","CHECK-TYPES-TEMP",""
"","106","TYPE-PROP.52","","Tue Nov 05 01:09:48 GMT 2024","failed","Tue Nov 05 01:09:48 GMT 2024","","CHECK-TYPES-TEMP","CHECK-TYPES-TEMP",""
"","4","TESTS0.04","","Tue Nov 05 01:28:58 GMT 2024","passed","Tue Nov 05 01:28:58 GMT 2024","","CURRENT","CURRENT",""
"","20","IFC-XP.17","","Tue Nov 05 01:20:12 GMT 2024","failed","Tue Nov 05 01:20:12 GMT 2024","","ITERATIVE-CHAINING","ITERATIVE-CHAINING",""
"","4","IFC-XP.35","","Tue Nov 05 01:20:12 GMT 2024","passed","Tue Nov 05 01:20:12 GMT 2024","","ITERATIVE-CHAINING","ITERATIVE-CHAINING",""
"","4","NUMTEST.02","","Tue Nov 05 01:14:11 GMT 2024","passed","Tue Nov 05 01:14:11 GMT 2024","","COMMON","COMMON",""
"","3","E2-STATES.12","","Tue Nov 05 01:10:09 GMT 2024","passed","Tue Nov 05 01:10:09 GMT 2024","","CHECK-TYPES","CHECK-TYPES",""
"","2","SUBTRACTION-TEST.07","","Tue Nov 05 00:35:22 GMT 2024","passed","Tue Nov 05 00:35:22 GMT 2024","","HYPERON-METTALOG-SANITY","HYPERON-METTALOG-SANITY",""
"","2","SEQUENTIAL-NESTED.05","","Tue Nov 05 00:39:18 GMT 2024","passed","Tue Nov 05 00:39:18 GMT 2024","","METTA-MORPH-TESTS","METTA-MORPH-TESTS",""
"","2","DEBUG-METTALOGTESTCURRIED.11","","Tue Nov 05 01:47:13 GMT 2024","passed","Tue Nov 05 01:47:13 GMT 2024","","WALK-THRU","WALK-THRU",""
"","3","A3-TWOSIDE.01","","Tue Nov 05 00:33:46 GMT 2024","passed","Tue Nov 05 00:33:46 GMT 2024","","HYPERON-EXPERIMENTAL-SCRIPTS","HYPERON-EXPERIMENTAL-SCRIPTS",""
"","4000","introspect.exam-spaces","","Tue Nov 05 00:33:42 GMT 2024","passed","Tue Nov 05 00:33:46 GMT 2024","","WHOLE-TESTS","WHOLE-TESTS",""
"","2","ADD-REMOVE-MATCH-MIX-FLOAT-INTEGER.10","","Tue Nov 05 00:50:57 GMT 2024","passed","Tue Nov 05 00:50:57 GMT 2024","","SPACES","SPACES",""
"","40000","basic.coins","","Tue Nov 05 00:33:42 GMT 2024","failed","Tue Nov 05 00:34:22 GMT 2024","","WHOLE-TESTS","WHOLE-TESTS",""
"","3","F1-MODULEA.09","","Tue Nov 05 00:33:46 GMT 2024","passed","Tue Nov 05 00:33:46 GMT 2024","","HYPERON-EXPERIMENTAL-SCRIPTS","HYPERON-EXPERIMENTAL-SCRIPTS",""
"","3","BC-XP.05","","Tue Nov 05 00:48:37 GMT 2024","passed","Tue Nov 05 00:48:37 GMT 2024","","CHAINING","CHAINING",""
"","100","PREREQS.07","","Tue Nov 05 00:44:08 GMT 2024","failed","Tue Nov 05 00:44:08 GMT 2024","","MAIN-BRANCH","MAIN-BRANCH",""
"","3","TYPE-PROP.68","","Tue Nov 05 01:09:48 GMT 2024","passed","Tue Nov 05 01:09:48 GMT 2024","","CHECK-TYPES-TEMP","CHECK-TYPES-TEMP",""
"","234","BACKWARD-CHAIN.01","","Tue Nov 05 00:48:37 GMT 2024","failed","Tue Nov 05 00:48:37 GMT 2024","","CHAINING","CHAINING",""
"","2","BACKWARD-CHAINER-XP.11","","Tue Nov 05 01:13:57 GMT 2024","passed","Tue Nov 05 01:13:57 GMT 2024","","BACKWARD-CHAINER","BACKWARD-CHAINER",""
"","2","E2-STATES.05","","Tue Nov 05 00:33:46 GMT 2024","passed","Tue Nov 05 00:33:46 GMT 2024","","HYPERON-EXPERIMENTAL-SCRIPTS","HYPERON-EXPERIMENTAL-SCRIPTS",""
"","2","INF-CTL-MONTH-BC-XP.01","","Tue Nov 05 01:18:09 GMT 2024","passed","Tue Nov 05 01:18:09 GMT 2024","","INFERENCE-CONTROL","INFERENCE-CONTROL",""
"","2","HYPERPOSING-SHARED.04","","Tue Nov 05 01:55:46 GMT 2024","passed","Tue Nov 05 01:55:46 GMT 2024","","BASIC","BASIC",""
"","40000","SICP_book.chapter_1_2","","Tue Nov 05 00:33:42 GMT 2024","failed","Tue Nov 05 00:34:22 GMT 2024","","WHOLE-TESTS","WHOLE-TESTS",""
"","916","IBC-XP.26","","Tue Nov 05 01:20:12 GMT 2024","passed","Tue Nov 05 01:20:12 GMT 2024","","ITERATIVE-CHAINING","ITERATIVE-CHAINING",""
"","2","IBC-XP.18","","Tue Nov 05 01:20:12 GMT 2024","passed","Tue Nov 05 01:20:12 GMT 2024","","ITERATIVE-CHAINING","ITERATIVE-CHAINING",""
"","1","HYPERPOSING-SHARED.06","","Tue Nov 05 01:55:46 GMT 2024","passed","Tue Nov 05 01:55:46 GMT 2024","","BASIC","BASIC",""
"","42","IMPLICATIONDIRECTINTRODUCTIONDTLTEST.07","","Tue Nov 05 01:12:50 GMT 2024","failed","Tue Nov 05 01:12:50 GMT 2024","","DEPENDENT-TYPES","DEPENDENT-TYPES",""
"","23","KB-WRITE.01","","Tue Nov 05 00:51:40 GMT 2024","failed","Tue Nov 05 00:51:40 GMT 2024","","STD","STD",""
"","1","BC-XP.02","","Tue Nov 05 00:48:37 GMT 2024","passed","Tue Nov 05 00:48:37 GMT 2024","","CHAINING","CHAINING",""
"","3","STRING-TESTS.13","","Tue Nov 05 00:35:22 GMT 2024","passed","Tue Nov 05 00:35:22 GMT 2024","","HYPERON-METTALOG-SANITY","HYPERON-METTALOG-SANITY",""
"","2","STDLIB-METTALOG-TEST-PT2.41","","Tue Nov 05 00:53:04 GMT 2024","passed","Tue Nov 05 00:53:04 GMT 2024","","STDLIB-METTALOG","STDLIB-METTALOG",""
"","15","INF-CTL-XP.14","","Tue Nov 05 01:18:09 GMT 2024","failed","Tue Nov 05 01:18:09 GMT 2024","","INFERENCE-CONTROL","INFERENCE-CONTROL",""
"","2","BACKWARD-CHAINER-XP.39","","Tue Nov 05 01:13:57 GMT 2024","passed","Tue Nov 05 01:13:57 GMT 2024","","BACKWARD-CHAINER","BACKWARD-CHAINER",""
"","64","TYPES-PRELIM.21","","Tue Nov 05 00:48:37 GMT 2024","failed","Tue Nov 05 00:48:37 GMT 2024","","CHAINING","CHAINING",""
"","2","MATCH-VOID.03","","Tue Nov 05 00:39:18 GMT 2024","passed","Tue Nov 05 00:39:18 GMT 2024","","METTA-MORPH-TESTS","METTA-MORPH-TESTS",""
"","6000","prev.tests0","","Tue Nov 05 00:33:42 GMT 2024","passed","Tue Nov 05 00:33:48 GMT 2024","","WHOLE-TESTS","WHOLE-TESTS",""
"","3","STDLIB-METTALOG-TEST-PT2.32","","Tue Nov 05 00:53:04 GMT 2024","passed","Tue Nov 05 00:53:04 GMT 2024","","STDLIB-METTALOG","STDLIB-METTALOG",""
"","2","TEST-IF-CLOSED.07","","Tue Nov 05 01:47:13 GMT 2024","passed","Tue Nov 05 01:47:13 GMT 2024","","WALK-THRU","WALK-THRU",""
"","5000","backward-chainer.backward-chainer-xp","","Tue Nov 05 00:33:42 GMT 2024","passed","Tue Nov 05 00:33:47 GMT 2024","","WHOLE-TESTS","WHOLE-TESTS",""
"","2","BC-XP.25","","Tue Nov 05 01:14:02 GMT 2024","passed","Tue Nov 05 01:14:02 GMT 2024","","BACKWARD-CHAINING","BACKWARD-CHAINING",""
"","1","SEQUENTIAL-NESTED.02","","Tue Nov 05 00:39:18 GMT 2024","passed","Tue Nov 05 00:39:18 GMT 2024","","METTA-MORPH-TESTS","METTA-MORPH-TESTS",""
"","2","UNIFY-VIA-LET.02","","Tue Nov 05 01:24:46 GMT 2024","passed","Tue Nov 05 01:24:46 GMT 2024","","EXPERIMENTS","EXPERIMENTS",""
"","65","B5-TYPES-PRELIM.14","","Tue Nov 05 00:33:46 GMT 2024","failed","Tue Nov 05 00:33:46 GMT 2024","","HYPERON-EXPERIMENTAL-SCRIPTS","HYPERON-EXPERIMENTAL-SCRIPTS",""
"","3","LISTTEST.17","","Tue Nov 05 01:14:11 GMT 2024","passed","Tue Nov 05 01:14:11 GMT 2024","","COMMON","COMMON",""
"","77","D2-HIGHERFUNC.07","","Tue Nov 05 00:43:40 GMT 2024","failed","Tue Nov 05 00:43:40 GMT 2024","","QUICK","QUICK",""
"","3","TESTS1.01","","Tue Nov 05 01:28:58 GMT 2024","passed","Tue Nov 05 01:28:58 GMT 2024","","CURRENT","CURRENT",""
"","2","D2-HIGHERFUNC.10","","Tue Nov 05 00:43:40 GMT 2024","passed","Tue Nov 05 00:43:40 GMT 2024","","QUICK","QUICK",""
"","2","FC-XP.15","","Tue Nov 05 01:16:53 GMT 2024","passed","Tue Nov 05 01:16:53 GMT 2024","","FORWARD-CHAINING","FORWARD-CHAINING",""
"","2","SUPERPOSE-NESTED.03","","Tue Nov 05 00:39:18 GMT 2024","passed","Tue Nov 05 00:39:18 GMT 2024","","METTA-MORPH-TESTS","METTA-MORPH-TESTS",""
"","2","NATSTANDALONETEST.09","","Tue Nov 05 01:16:58 GMT 2024","passed","Tue Nov 05 01:16:58 GMT 2024","","HOL","HOL",""
"","2","D2-HIGHERFUNC.01","","Tue Nov 05 00:33:46 GMT 2024","passed","Tue Nov 05 00:33:46 GMT 2024","","HYPERON-EXPERIMENTAL-SCRIPTS","HYPERON-EXPERIMENTAL-SCRIPTS",""
"","25000","walk_thru.system_proofTestCurried","","Tue Nov 05 00:33:42 GMT 2024","passed","Tue Nov 05 00:34:07 GMT 2024","","WHOLE-TESTS","WHOLE-TESTS",""
"","3","CURRIED-CHAINER.05","","Tue Nov 05 01:14:50 GMT 2024","passed","Tue Nov 05 01:14:50 GMT 2024","","CURRIED-CHAINING","CURRIED-CHAINING",""
"","2","FC-XP.22","","Tue Nov 05 01:16:53 GMT 2024","passed","Tue Nov 05 01:16:53 GMT 2024","","FORWARD-CHAINING","FORWARD-CHAINING",""
"","184","QUERIES.18","","Tue Nov 05 01:06:24 GMT 2024","failed","Tue Nov 05 01:06:24 GMT 2024","","STRIPS-TO-METTA-IMPROVED","STRIPS-TO-METTA-IMPROVED",""
"","3","TEST-SPO-100.01","","Tue Nov 05 00:42:02 GMT 2024","passed","Tue Nov 05 00:42:02 GMT 2024","","METTA-WAM-ISSUE-116","METTA-WAM-ISSUE-116",""
"","5","CHAPTER-2-2.10","","Tue Nov 05 00:53:14 GMT 2024","passed","Tue Nov 05 00:53:14 GMT 2024","","SICP-BOOK","SICP-BOOK",""
"","4","TYPE-PROP.37","","Tue Nov 05 01:09:48 GMT 2024","passed","Tue Nov 05 01:09:48 GMT 2024","","CHECK-TYPES-TEMP","CHECK-TYPES-TEMP",""
"","2","ADD-REMOVE-MATCH-INTEGER.26","","Tue Nov 05 00:50:57 GMT 2024","passed","Tue Nov 05 00:50:57 GMT 2024","","SPACES","SPACES",""
"","136","EXAMPLES-QUANTS.02","","Tue Nov 05 01:54:41 GMT 2024","failed","Tue Nov 05 01:54:41 GMT 2024","","POLYMORPHIC-TYPES","POLYMORPHIC-TYPES",""
"","2","D3-DEPTYPES.01","","Tue Nov 05 01:10:09 GMT 2024","passed","Tue Nov 05 01:10:09 GMT 2024","","CHECK-TYPES","CHECK-TYPES",""
"","177","D4-TYPE-PROP.10","","Tue Nov 05 01:10:09 GMT 2024","failed","Tue Nov 05 01:10:09 GMT 2024","","CHECK-TYPES","CHECK-TYPES",""
"","3","ADD-REMOVE-MATCH-MIX-FLOAT-INTEGER.01","","Tue Nov 05 00:50:57 GMT 2024","passed","Tue Nov 05 00:50:57 GMT 2024","","SPACES","SPACES",""
"","40000","basic.pathfinding-edge","","Tue Nov 05 00:33:42 GMT 2024","failed","Tue Nov 05 00:34:22 GMT 2024","","WHOLE-TESTS","WHOLE-TESTS",""
"","2","D4-TYPE-PROP.15","","Tue Nov 05 00:43:40 GMT 2024","passed","Tue Nov 05 00:43:40 GMT 2024","","QUICK","QUICK",""
"","2","BACKWARD-CHAINER-XP.16","","Tue Nov 05 01:13:57 GMT 2024","passed","Tue Nov 05 01:13:57 GMT 2024","","BACKWARD-CHAINER","BACKWARD-CHAINER",""
"","2","LISTTEST.04","","Tue Nov 05 01:14:11 GMT 2024","passed","Tue Nov 05 01:14:11 GMT 2024","","COMMON","COMMON",""
"","2","C1-GROUNDED-BASIC.17","","Tue Nov 05 00:33:46 GMT 2024","passed","Tue Nov 05 00:33:46 GMT 2024","","HYPERON-EXPERIMENTAL-SCRIPTS","HYPERON-EXPERIMENTAL-SCRIPTS",""
"","3","BASIC.12","","Tue Nov 05 01:07:05 GMT 2024","passed","Tue Nov 05 01:07:05 GMT 2024","","TRAVERSER","TRAVERSER",""
"","2","C1-GROUNDED-BASIC.16","","Tue Nov 05 00:43:40 GMT 2024","passed","Tue Nov 05 00:43:40 GMT 2024","","QUICK","QUICK",""
"","5","INF-ORDER-PROBS.05","","Tue Nov 05 01:01:52 GMT 2024","passed","Tue Nov 05 01:01:52 GMT 2024","","PROB-DEP-TYPES","PROB-DEP-TYPES",""
"","2139","TESTS5.07","","Tue Nov 05 00:44:08 GMT 2024","failed","Tue Nov 05 00:44:10 GMT 2024","","MAIN-BRANCH","MAIN-BRANCH",""
"","60","STDLIB-METTALOG-TEST-PT2.57","","Tue Nov 05 00:53:04 GMT 2024","failed","Tue Nov 05 00:53:04 GMT 2024","","STDLIB-METTALOG","STDLIB-METTALOG",""
"","3","SYNTHESIZE-VIA-SUPERPOSE.01","","Tue Nov 05 01:24:46 GMT 2024","passed","Tue Nov 05 01:24:46 GMT 2024","","EXPERIMENTS","EXPERIMENTS",""
"","2","INTERSECTION-TESTS.11","","Tue Nov 05 00:35:22 GMT 2024","passed","Tue Nov 05 00:35:22 GMT 2024","","HYPERON-METTALOG-SANITY","HYPERON-METTALOG-SANITY",""
"","5","ADD-REMOVE-MATCH-INTEGER.42","","Tue Nov 05 00:50:57 GMT 2024","passed","Tue Nov 05 00:50:57 GMT 2024","","SPACES","SPACES",""
"","2","CHAPTER-1-1.07","","Tue Nov 05 00:53:14 GMT 2024","passed","Tue Nov 05 00:53:14 GMT 2024","","SICP-BOOK","SICP-BOOK",""
"","2","OBIF.02","","Tue Nov 05 01:53:28 GMT 2024","passed","Tue Nov 05 01:53:28 GMT 2024","","MULTIDIRECTIONAL","MULTIDIRECTIONAL",""
"","2","TESTS5.02","","Tue Nov 05 00:44:08 GMT 2024","passed","Tue Nov 05 00:44:08 GMT 2024","","MAIN-BRANCH","MAIN-BRANCH",""
"","2","ADD-REMOVE-MATCH-SS-STRINGS.16","","Tue Nov 05 00:50:57 GMT 2024","passed","Tue Nov 05 00:50:57 GMT 2024","","SPACES","SPACES",""
"","3","B5-TYPES-PRELIM.21","","Tue Nov 05 01:09:48 GMT 2024","passed","Tue Nov 05 01:09:48 GMT 2024","","CHECK-TYPES-TEMP","CHECK-TYPES-TEMP",""
"","13","INF-CTL-MONTH-BC-XP.03","","Tue Nov 05 01:18:09 GMT 2024","failed","Tue Nov 05 01:18:09 GMT 2024","","INFERENCE-CONTROL","INFERENCE-CONTROL",""
"","19","ORDEREDSETTEST.11","","Tue Nov 05 01:14:11 GMT 2024","passed","Tue Nov 05 01:14:11 GMT 2024","","COMMON","COMMON",""
"","2","MATCH-VOID.06","","Tue Nov 05 00:39:18 GMT 2024","passed","Tue Nov 05 00:39:18 GMT 2024","","METTA-MORPH-TESTS","METTA-MORPH-TESTS",""
"","37","DEDUCTIONIMPLICATIONDIRECTINTRODUCTIONMATCHTEST.01","","Tue Nov 05 01:20:31 GMT 2024","passed","Tue Nov 05 01:20:31 GMT 2024","","MATCH","MATCH",""
"","3","E3-MATCH-STATES.01","","Tue Nov 05 00:33:46 GMT 2024","passed","Tue Nov 05 00:33:46 GMT 2024","","HYPERON-EXPERIMENTAL-SCRIPTS","HYPERON-EXPERIMENTAL-SCRIPTS",""
"","28000","language_models.training_bi","","Tue Nov 05 00:33:42 GMT 2024","passed","Tue Nov 05 00:34:10 GMT 2024","","WHOLE-TESTS","WHOLE-TESTS",""
"","46","IBC-XP.16","","Tue Nov 05 01:20:12 GMT 2024","failed","Tue Nov 05 01:20:12 GMT 2024","","ITERATIVE-CHAINING","ITERATIVE-CHAINING",""
"","2","FORWARD-CHAINER-XP.08","","Tue Nov 05 01:16:43 GMT 2024","passed","Tue Nov 05 01:16:43 GMT 2024","","FORWARD-CHAINER","FORWARD-CHAINER",""
"","3","DEBUG-METTALOGTESTCURRIED.01","","Tue Nov 05 01:47:13 GMT 2024","passed","Tue Nov 05 01:47:13 GMT 2024","","WALK-THRU","WALK-THRU",""
"","41","FC-XP.01","","Tue Nov 05 01:16:53 GMT 2024","failed","Tue Nov 05 01:16:53 GMT 2024","","FORWARD-CHAINING","FORWARD-CHAINING",""
"","2","F1-MODULEA.05","","Tue Nov 05 00:43:40 GMT 2024","passed","Tue Nov 05 00:43:40 GMT 2024","","QUICK","QUICK",""
"","2","ADD-REMOVE-MATCH-MIX-FLOAT-INTEGER.28","","Tue Nov 05 00:50:57 GMT 2024","passed","Tue Nov 05 00:50:57 GMT 2024","","SPACES","SPACES",""
"","5","03-SORING-VIA-INSERT.01","","Tue Nov 05 00:35:22 GMT 2024","passed","Tue Nov 05 00:35:22 GMT 2024","","HYPERON-METTALOG-SANITY","HYPERON-METTALOG-SANITY",""
"","2","OR-TEST.16","","Tue Nov 05 00:35:22 GMT 2024","passed","Tue Nov 05 00:35:22 GMT 2024","","HYPERON-METTALOG-SANITY","HYPERON-METTALOG-SANITY",""
"","3","BC-COMP.04","","Tue Nov 05 00:41:27 GMT 2024","passed","Tue Nov 05 00:41:27 GMT 2024","","ANTI-REGRESSION","ANTI-REGRESSION",""
"","47","IMPLICATIONDIRECTINTRODUCTIONDTLTEST.13","","Tue Nov 05 01:12:50 GMT 2024","failed","Tue Nov 05 01:12:50 GMT 2024","","DEPENDENT-TYPES","DEPENDENT-TYPES",""
"","3","D2-HIGHERFUNC.24","","Tue Nov 05 00:33:46 GMT 2024","passed","Tue Nov 05 00:33:46 GMT 2024","","HYPERON-EXPERIMENTAL-SCRIPTS","HYPERON-EXPERIMENTAL-SCRIPTS",""
"","2","STATES-SPACES.02","","Tue Nov 05 00:39:18 GMT 2024","passed","Tue Nov 05 00:39:18 GMT 2024","","METTA-MORPH-TESTS","METTA-MORPH-TESTS",""
"","120","TYPE-PROP.54","","Tue Nov 05 01:09:48 GMT 2024","failed","Tue Nov 05 01:09:48 GMT 2024","","CHECK-TYPES-TEMP","CHECK-TYPES-TEMP",""
"","112","D5-AUTO-TYPES.04","","Tue Nov 05 00:33:46 GMT 2024","failed","Tue Nov 05 00:33:46 GMT 2024","","HYPERON-EXPERIMENTAL-SCRIPTS","HYPERON-EXPERIMENTAL-SCRIPTS",""
"","11","HYPERON-EXPERIMENTAL-ISSUE-481.02","","Tue Nov 05 01:50:30 GMT 2024","passed","Tue Nov 05 01:50:30 GMT 2024","","DEBUGGING","DEBUGGING",""
"","3","FORWARD-CHAINER-TEST.12","","Tue Nov 05 01:16:43 GMT 2024","passed","Tue Nov 05 01:16:43 GMT 2024","","FORWARD-CHAINER","FORWARD-CHAINER",""
"","3","BCHAIN-COMP.06","","Tue Nov 05 01:47:13 GMT 2024","passed","Tue Nov 05 01:47:13 GMT 2024","","WALK-THRU","WALK-THRU",""
"","2","F1-IMPORTS.12","","Tue Nov 05 00:33:46 GMT 2024","passed","Tue Nov 05 00:33:46 GMT 2024","","HYPERON-EXPERIMENTAL-SCRIPTS","HYPERON-EXPERIMENTAL-SCRIPTS",""
"","2","D2-HIGHERFUNC.26","","Tue Nov 05 00:33:46 GMT 2024","passed","Tue Nov 05 00:33:46 GMT 2024","","HYPERON-EXPERIMENTAL-SCRIPTS","HYPERON-EXPERIMENTAL-SCRIPTS",""
"","2","BCHAIN.02","","Tue Nov 05 01:47:13 GMT 2024","passed","Tue Nov 05 01:47:13 GMT 2024","","WALK-THRU","WALK-THRU",""
"","7000","chaining.pln-xp-local_v2","","Tue Nov 05 00:33:42 GMT 2024","passed","Tue Nov 05 00:33:49 GMT 2024","","WHOLE-TESTS","WHOLE-TESTS",""
"","5","SEALED-TEST.10","","Tue Nov 05 00:35:22 GMT 2024","passed","Tue Nov 05 00:35:22 GMT 2024","","HYPERON-METTALOG-SANITY","HYPERON-METTALOG-SANITY",""
"","3","ADD-ATOM-NAIVE-FIB.03","","Tue Nov 05 02:02:03 GMT 2024","passed","Tue Nov 05 02:02:03 GMT 2024","","COMPARISONS","COMPARISONS",""
"","2","BCHAIN-COMP.05","","Tue Nov 05 00:41:27 GMT 2024","passed","Tue Nov 05 00:41:27 GMT 2024","","ANTI-REGRESSION","ANTI-REGRESSION",""
"","2","TMPMATCH2.04","","Tue Nov 05 01:47:13 GMT 2024","passed","Tue Nov 05 01:47:13 GMT 2024","","WALK-THRU","WALK-THRU",""
"","3","IBC-XP.09","","Tue Nov 05 01:20:12 GMT 2024","passed","Tue Nov 05 01:20:12 GMT 2024","","ITERATIVE-CHAINING","ITERATIVE-CHAINING",""
"","2","HYPERPOSE.09","","Tue Nov 05 00:39:18 GMT 2024","passed","Tue Nov 05 00:39:18 GMT 2024","","METTA-MORPH-TESTS","METTA-MORPH-TESTS",""
"","2","TYPE-PROP.27","","Tue Nov 05 01:09:48 GMT 2024","passed","Tue Nov 05 01:09:48 GMT 2024","","CHECK-TYPES-TEMP","CHECK-TYPES-TEMP",""
"","1","D2-HIGHERFUNC.04","","Tue Nov 05 00:33:46 GMT 2024","passed","Tue Nov 05 00:33:46 GMT 2024","","HYPERON-EXPERIMENTAL-SCRIPTS","HYPERON-EXPERIMENTAL-SCRIPTS",""
"","2","TYPE-PROP.31","","Tue Nov 05 01:09:48 GMT 2024","passed","Tue Nov 05 01:09:48 GMT 2024","","CHECK-TYPES-TEMP","CHECK-TYPES-TEMP",""
"","24486","SYNTHESIZE.01","","Tue Nov 05 00:37:09 GMT 2024","passed","Tue Nov 05 00:37:33 GMT 2024","","SYNTH-BUFFER","SYNTH-BUFFER",""
"","2","BC-XP.09","","Tue Nov 05 01:14:02 GMT 2024","passed","Tue Nov 05 01:14:02 GMT 2024","","BACKWARD-CHAINING","BACKWARD-CHAINING",""
"","86","ADD-REMOVE-MATCH-STRINGS.09","","Tue Nov 05 00:50:57 GMT 2024","failed","Tue Nov 05 00:50:57 GMT 2024","","SPACES","SPACES",""
"","72","SYNTHESIZE-VIA-LET-TEST.10","","Tue Nov 05 01:24:46 GMT 2024","passed","Tue Nov 05 01:24:46 GMT 2024","","EXPERIMENTS","EXPERIMENTS",""
"","5","AI-SERVICE-COMPOSITION-SANITY.06","","Tue Nov 05 01:07:17 GMT 2024","passed","Tue Nov 05 01:07:17 GMT 2024","","AI-SERVICE","AI-SERVICE",""
"","104","B5-TYPES-PRELIM.11","","Tue Nov 05 01:09:48 GMT 2024","failed","Tue Nov 05 01:09:48 GMT 2024","","CHECK-TYPES-TEMP","CHECK-TYPES-TEMP",""
"","1","B1-EQUAL-CHAIN.03","","Tue Nov 05 00:33:46 GMT 2024","passed","Tue Nov 05 00:33:46 GMT 2024","","HYPERON-EXPERIMENTAL-SCRIPTS","HYPERON-EXPERIMENTAL-SCRIPTS",""
"","4","HYPERON-EXPERIMENTAL-ISSUE-516-REDDUCED.02","","Tue Nov 05 01:50:30 GMT 2024","passed","Tue Nov 05 01:50:30 GMT 2024","","DEBUGGING","DEBUGGING",""
"","94","NUMTEST.07","","Tue Nov 05 01:14:11 GMT 2024","failed","Tue Nov 05 01:14:11 GMT 2024","","COMMON","COMMON",""
"","7","SPACE-SUBTRACTION-TESTS.09","","Tue Nov 05 00:35:22 GMT 2024","passed","Tue Nov 05 00:35:22 GMT 2024","","HYPERON-METTALOG-SANITY","HYPERON-METTALOG-SANITY",""
"","3","SYNTHESIZE-VIA-CASE-TEST.04","","Tue Nov 05 01:24:46 GMT 2024","passed","Tue Nov 05 01:24:46 GMT 2024","","EXPERIMENTS","EXPERIMENTS",""
"","3","CHAPTER-2-2.05","","Tue Nov 05 00:53:14 GMT 2024","passed","Tue Nov 05 00:53:14 GMT 2024","","SICP-BOOK","SICP-BOOK",""
"","4000","walk_thru.tmpMatch1","","Tue Nov 05 00:33:42 GMT 2024","passed","Tue Nov 05 00:33:46 GMT 2024","","WHOLE-TESTS","WHOLE-TESTS",""
"","3","SPACE-INTERSECTION-TESTS.01","","Tue Nov 05 00:35:22 GMT 2024","passed","Tue Nov 05 00:35:22 GMT 2024","","HYPERON-METTALOG-SANITY","HYPERON-METTALOG-SANITY",""
"","2","B5-TYPES-PRELIM.17","","Tue Nov 05 00:33:46 GMT 2024","passed","Tue Nov 05 00:33:46 GMT 2024","","HYPERON-EXPERIMENTAL-SCRIPTS","HYPERON-EXPERIMENTAL-SCRIPTS",""
"","3","INTERSECTION-TESTS.19","","Tue Nov 05 00:35:22 GMT 2024","passed","Tue Nov 05 00:35:22 GMT 2024","","HYPERON-METTALOG-SANITY","HYPERON-METTALOG-SANITY",""
"","68","COMBINED.03","","Tue Nov 05 01:51:55 GMT 2024","failed","Tue Nov 05 01:51:55 GMT 2024","","ITERATORS","ITERATORS",""
"","392","TESTS0.06","","Tue Nov 05 00:39:18 GMT 2024","passed","Tue Nov 05 00:39:18 GMT 2024","","METTA-MORPH-TESTS","METTA-MORPH-TESTS",""
"","2","CURRIED-CHAINER.02","","Tue Nov 05 01:14:50 GMT 2024","passed","Tue Nov 05 01:14:50 GMT 2024","","CURRIED-CHAINING","CURRIED-CHAINING",""
"","2","CHAPTER-2-4.05","","Tue Nov 05 00:53:14 GMT 2024","passed","Tue Nov 05 00:53:14 GMT 2024","","SICP-BOOK","SICP-BOOK",""
"","44","IBC-XP.22","","Tue Nov 05 01:20:12 GMT 2024","failed","Tue Nov 05 01:20:12 GMT 2024","","ITERATIVE-CHAINING","ITERATIVE-CHAINING",""
"","5","TRUTHVALUETEST.02","","Tue Nov 05 01:14:40 GMT 2024","passed","Tue Nov 05 01:14:40 GMT 2024","","TRUTHVALUE","TRUTHVALUE",""
"","2","NUMTEST.04","","Tue Nov 05 01:14:11 GMT 2024","passed","Tue Nov 05 01:14:11 GMT 2024","","COMMON","COMMON",""
"","2","D3-DEPTYPES.01","","Tue Nov 05 00:33:46 GMT 2024","passed","Tue Nov 05 00:33:46 GMT 2024","","HYPERON-EXPERIMENTAL-SCRIPTS","HYPERON-EXPERIMENTAL-SCRIPTS",""
"","91","TRUTHVALUETEST.09","","Tue Nov 05 01:14:40 GMT 2024","passed","Tue Nov 05 01:14:40 GMT 2024","","TRUTHVALUE","TRUTHVALUE",""
"","2","FORWARD-CHAINER-TEST.07","","Tue Nov 05 01:16:43 GMT 2024","passed","Tue Nov 05 01:16:43 GMT 2024","","FORWARD-CHAINER","FORWARD-CHAINER",""
"","2","D2-HIGHERFUNC.02","","Tue Nov 05 00:33:46 GMT 2024","passed","Tue Nov 05 00:33:46 GMT 2024","","HYPERON-EXPERIMENTAL-SCRIPTS","HYPERON-EXPERIMENTAL-SCRIPTS",""
"","4000","basic.hyperposing","","Tue Nov 05 00:33:42 GMT 2024","passed","Tue Nov 05 00:33:46 GMT 2024","","WHOLE-TESTS","WHOLE-TESTS",""
"","2","B1-EQUAL-CHAIN.05","","Tue Nov 05 00:33:46 GMT 2024","passed","Tue Nov 05 00:33:46 GMT 2024","","HYPERON-EXPERIMENTAL-SCRIPTS","HYPERON-EXPERIMENTAL-SCRIPTS",""
"","2","BC-XP.17","","Tue Nov 05 01:14:02 GMT 2024","passed","Tue Nov 05 01:14:02 GMT 2024","","BACKWARD-CHAINING","BACKWARD-CHAINING",""
"","47000","direct_comp.compiler_walkthru","","Tue Nov 05 00:33:42 GMT 2024","failed","Tue Nov 05 00:34:29 GMT 2024","","WHOLE-TESTS","WHOLE-TESTS",""
"","3","ADD-REMOVE-MATCH-SS-SYMBOLS.01","","Tue Nov 05 00:50:57 GMT 2024","passed","Tue Nov 05 00:50:57 GMT 2024","","SPACES","SPACES",""
"","377","NATSTANDALONETEST.14","","Tue Nov 05 01:16:58 GMT 2024","failed","Tue Nov 05 01:16:58 GMT 2024","","HOL","HOL",""
"","2","BC-XP.15","","Tue Nov 05 01:14:02 GMT 2024","passed","Tue Nov 05 01:14:02 GMT 2024","","BACKWARD-CHAINING","BACKWARD-CHAINING",""
"","6000","aunt-kg.simple_conversion","","Tue Nov 05 00:33:42 GMT 2024","passed","Tue Nov 05 00:33:48 GMT 2024","","WHOLE-TESTS","WHOLE-TESTS",""
"","4000","std.symbols","","Tue Nov 05 00:33:42 GMT 2024","passed","Tue Nov 05 00:33:46 GMT 2024","","WHOLE-TESTS","WHOLE-TESTS",""
"","2","TEST-IF-CLOSED.11","","Tue Nov 05 00:41:27 GMT 2024","passed","Tue Nov 05 00:41:27 GMT 2024","","ANTI-REGRESSION","ANTI-REGRESSION",""
"","13","D1-GADT.05","","Tue Nov 05 00:33:46 GMT 2024","passed","Tue Nov 05 00:33:46 GMT 2024","","HYPERON-EXPERIMENTAL-SCRIPTS","HYPERON-EXPERIMENTAL-SCRIPTS",""
"","2","TESTS0.03","","Tue Nov 05 01:37:59 GMT 2024","passed","Tue Nov 05 01:37:59 GMT 2024","","NEW","NEW",""
"","4","HIGHER-ORDER-FUNCS.01","","Tue Nov 05 00:51:40 GMT 2024","passed","Tue Nov 05 00:51:40 GMT 2024","","STD","STD",""
"","3","TYPE-PROP.02","","Tue Nov 05 01:09:48 GMT 2024","passed","Tue Nov 05 01:09:48 GMT 2024","","CHECK-TYPES-TEMP","CHECK-TYPES-TEMP",""
"","4000","bidirectional_computation.relative-arithmetic","","Tue Nov 05 00:33:42 GMT 2024","passed","Tue Nov 05 00:33:46 GMT 2024","","WHOLE-TESTS","WHOLE-TESTS",""
"","17000","nondet_unify.run","","Tue Nov 05 00:33:42 GMT 2024","passed","Tue Nov 05 00:33:59 GMT 2024","","WHOLE-TESTS","WHOLE-TESTS",""
"","2","FORWARD-CHAINER-TEST.06","","Tue Nov 05 01:16:43 GMT 2024","passed","Tue Nov 05 01:16:43 GMT 2024","","FORWARD-CHAINER","FORWARD-CHAINER",""
"","2","INF-CTL-MONTH-BC-CONT-XP.27","","Tue Nov 05 01:18:09 GMT 2024","passed","Tue Nov 05 01:18:09 GMT 2024","","INFERENCE-CONTROL","INFERENCE-CONTROL",""
"","2","C1-GROUNDED-BASIC.06","","Tue Nov 05 00:33:46 GMT 2024","passed","Tue Nov 05 00:33:46 GMT 2024","","HYPERON-EXPERIMENTAL-SCRIPTS","HYPERON-EXPERIMENTAL-SCRIPTS",""
"","2","D3-DEPTYPES.03","","Tue Nov 05 00:33:46 GMT 2024","passed","Tue Nov 05 00:33:46 GMT 2024","","HYPERON-EXPERIMENTAL-SCRIPTS","HYPERON-EXPERIMENTAL-SCRIPTS",""
"","3","CHAPTER-2-2.12","","Tue Nov 05 00:53:14 GMT 2024","passed","Tue Nov 05 00:53:14 GMT 2024","","SICP-BOOK","SICP-BOOK",""
"","2","B2-BACKCHAIN.03","","Tue Nov 05 00:33:46 GMT 2024","passed","Tue Nov 05 00:33:46 GMT 2024","","HYPERON-EXPERIMENTAL-SCRIPTS","HYPERON-EXPERIMENTAL-SCRIPTS",""
"","3","MULTIFUNCTION.01","","Tue Nov 05 00:39:18 GMT 2024","passed","Tue Nov 05 00:39:18 GMT 2024","","METTA-MORPH-TESTS","METTA-MORPH-TESTS",""
"","307","PROB-DEP-TYPES.08","","Tue Nov 05 01:01:52 GMT 2024","failed","Tue Nov 05 01:01:52 GMT 2024","","PROB-DEP-TYPES","PROB-DEP-TYPES",""
"","2","ORDEREDSETTEST.06","","Tue Nov 05 01:14:11 GMT 2024","passed","Tue Nov 05 01:14:11 GMT 2024","","COMMON","COMMON",""
"","2","TMPMATCH2.03","","Tue Nov 05 00:41:27 GMT 2024","passed","Tue Nov 05 00:41:27 GMT 2024","","ANTI-REGRESSION","ANTI-REGRESSION",""
"","77","SEQUENTIAL-NESTED.11","","Tue Nov 05 00:39:18 GMT 2024","passed","Tue Nov 05 00:39:18 GMT 2024","","METTA-MORPH-TESTS","METTA-MORPH-TESTS",""
"","2","ADD-REMOVE-MATCH-SS-SYMBOLS.02","","Tue Nov 05 00:50:57 GMT 2024","passed","Tue Nov 05 00:50:57 GMT 2024","","SPACES","SPACES",""
"","3","HYPERON-EXPERIMENTAL-ISSUE-516-REDDUCED.01","","Tue Nov 05 01:50:30 GMT 2024","passed","Tue Nov 05 01:50:30 GMT 2024","","DEBUGGING","DEBUGGING",""
"","65","D2-HIGHERFUNC.07","","Tue Nov 05 01:10:09 GMT 2024","failed","Tue Nov 05 01:10:09 GMT 2024","","CHECK-TYPES","CHECK-TYPES",""
"","2","PC-XP.02","","Tue Nov 05 01:22:53 GMT 2024","passed","Tue Nov 05 01:22:53 GMT 2024","","POLYWARD-CHAINING","POLYWARD-CHAINING",""
"","2","FORWARD-CHAINER-XP.17","","Tue Nov 05 01:16:43 GMT 2024","passed","Tue Nov 05 01:16:43 GMT 2024","","FORWARD-CHAINER","FORWARD-CHAINER",""
"","3","DEDUCTIONIMPLICATIONDIRECTINTRODUCTIONDTLTEST.01","","Tue Nov 05 01:12:50 GMT 2024","passed","Tue Nov 05 01:12:50 GMT 2024","","DEPENDENT-TYPES","DEPENDENT-TYPES",""
"","209","INF-CTL-MONTH-XP.13","","Tue Nov 05 01:18:09 GMT 2024","failed","Tue Nov 05 01:18:09 GMT 2024","","INFERENCE-CONTROL","INFERENCE-CONTROL",""
"","70","F1-IMPORTS.21","","Tue Nov 05 00:33:46 GMT 2024","passed","Tue Nov 05 00:33:46 GMT 2024","","HYPERON-EXPERIMENTAL-SCRIPTS","HYPERON-EXPERIMENTAL-SCRIPTS",""
"","2","ADD-REMOVE-MATCH-FLOAT.12","","Tue Nov 05 00:50:57 GMT 2024","passed","Tue Nov 05 00:50:57 GMT 2024","","SPACES","SPACES",""
"","1","D1-GADT.14","","Tue Nov 05 00:33:46 GMT 2024","passed","Tue Nov 05 00:33:46 GMT 2024","","HYPERON-EXPERIMENTAL-SCRIPTS","HYPERON-EXPERIMENTAL-SCRIPTS",""
"","2","B5-TYPES-PRELIM.18","","Tue Nov 05 00:33:46 GMT 2024","passed","Tue Nov 05 00:33:46 GMT 2024","","HYPERON-EXPERIMENTAL-SCRIPTS","HYPERON-EXPERIMENTAL-SCRIPTS",""
"","2","HIGHER-ORDER-FUNCS.04","","Tue Nov 05 00:51:40 GMT 2024","passed","Tue Nov 05 00:51:40 GMT 2024","","STD","STD",""
"","40000","basic.pathfinding-med-f","","Tue Nov 05 00:33:42 GMT 2024","failed","Tue Nov 05 00:34:22 GMT 2024","","WHOLE-TESTS","WHOLE-TESTS",""
"","1","MATCH-VOID.07","","Tue Nov 05 00:39:18 GMT 2024","passed","Tue Nov 05 00:39:18 GMT 2024","","METTA-MORPH-TESTS","METTA-MORPH-TESTS",""
"","1","ADD-REMOVE-MATCH-SS-SYMBOLS.12","","Tue Nov 05 00:50:57 GMT 2024","passed","Tue Nov 05 00:50:57 GMT 2024","","SPACES","SPACES",""
"","231","NATTEST.06","","Tue Nov 05 01:16:58 GMT 2024","failed","Tue Nov 05 01:16:58 GMT 2024","","HOL","HOL",""
"","117","STDLIB-METTALOG-TEST-PT2.37","","Tue Nov 05 00:53:04 GMT 2024","failed","Tue Nov 05 00:53:04 GMT 2024","","STDLIB-METTALOG","STDLIB-METTALOG",""
"","4000","walk_thru.bchain","","Tue Nov 05 00:33:42 GMT 2024","passed","Tue Nov 05 00:33:46 GMT 2024","","WHOLE-TESTS","WHOLE-TESTS",""
"","1153","PLLM-PENNTREE.02","","Tue Nov 05 02:08:13 GMT 2024","passed","Tue Nov 05 02:08:14 GMT 2024","","LANGUAGE-MODELS","LANGUAGE-MODELS",""
"","2","ZEROARGS.02","","Tue Nov 05 00:39:18 GMT 2024","passed","Tue Nov 05 00:39:18 GMT 2024","","METTA-MORPH-TESTS","METTA-MORPH-TESTS",""
"","106","TOO-EAGER-MATH.03","","Tue Nov 05 01:54:46 GMT 2024","passed","Tue Nov 05 01:54:46 GMT 2024","","POSSIBLY-WRONG","POSSIBLY-WRONG",""
"","4000","comparisons.add-atom-naive-fib","","Tue Nov 05 00:33:42 GMT 2024","passed","Tue Nov 05 00:33:46 GMT 2024","","WHOLE-TESTS","WHOLE-TESTS",""
"","3","E2-STATES.12","","Tue Nov 05 00:33:46 GMT 2024","passed","Tue Nov 05 00:33:46 GMT 2024","","HYPERON-EXPERIMENTAL-SCRIPTS","HYPERON-EXPERIMENTAL-SCRIPTS",""
"","2","HYPERPOSING.04","","Tue Nov 05 01:55:46 GMT 2024","passed","Tue Nov 05 01:55:46 GMT 2024","","BASIC","BASIC",""
"","2","STATE-TYPES.07","","Tue Nov 05 01:55:46 GMT 2024","passed","Tue Nov 05 01:55:46 GMT 2024","","BASIC","BASIC",""
"","61","TYPES-PRELIM.11","","Tue Nov 05 00:48:37 GMT 2024","failed","Tue Nov 05 00:48:37 GMT 2024","","CHAINING","CHAINING",""
"","14","MATCH-VOID.11","","Tue Nov 05 00:39:18 GMT 2024","passed","Tue Nov 05 00:39:18 GMT 2024","","METTA-MORPH-TESTS","METTA-MORPH-TESTS",""
"","12","TYPE-PROP.57","","Tue Nov 05 01:09:48 GMT 2024","failed","Tue Nov 05 01:09:48 GMT 2024","","CHECK-TYPES-TEMP","CHECK-TYPES-TEMP",""
"","3","INF-CTL-MONTH-XP.05","","Tue Nov 05 01:18:09 GMT 2024","passed","Tue Nov 05 01:18:09 GMT 2024","","INFERENCE-CONTROL","INFERENCE-CONTROL",""
"","2","METTALOGTESTCURRIED2.03","","Tue Nov 05 00:41:27 GMT 2024","passed","Tue Nov 05 00:41:27 GMT 2024","","ANTI-REGRESSION","ANTI-REGRESSION",""
"","43","TESTS1-PRE.06","","Tue Nov 05 00:44:08 GMT 2024","failed","Tue Nov 05 00:44:08 GMT 2024","","MAIN-BRANCH","MAIN-BRANCH",""
"","7000","metta-morph_tests.factorial","","Tue Nov 05 00:33:42 GMT 2024","passed","Tue Nov 05 00:33:49 GMT 2024","","WHOLE-TESTS","WHOLE-TESTS",""
"","4","LET-SUPERPOSE-IF-CASE.01","","Tue Nov 05 01:46:47 GMT 2024","passed","Tue Nov 05 01:46:47 GMT 2024","","TRANSPILER","TRANSPILER",""
"","3","TESTS5.01","","Tue Nov 05 01:37:59 GMT 2024","passed","Tue Nov 05 01:37:59 GMT 2024","","NEW","NEW",""
"","2","FC-XP.10","","Tue Nov 05 01:16:53 GMT 2024","passed","Tue Nov 05 01:16:53 GMT 2024","","FORWARD-CHAINING","FORWARD-CHAINING",""
"","2","TYPES-PRELIM.03","","Tue Nov 05 00:48:37 GMT 2024","passed","Tue Nov 05 00:48:37 GMT 2024","","CHAINING","CHAINING",""
"","3","IFC-XP.42","","Tue Nov 05 01:20:12 GMT 2024","passed","Tue Nov 05 01:20:12 GMT 2024","","ITERATIVE-CHAINING","ITERATIVE-CHAINING",""
"","90","V2-PLN-XP.01","","Tue Nov 05 00:48:37 GMT 2024","failed","Tue Nov 05 00:48:37 GMT 2024","","CHAINING","CHAINING",""
"","3","AI-SERVICE-COMPOSITION-SANITY.02","","Tue Nov 05 01:07:17 GMT 2024","passed","Tue Nov 05 01:07:17 GMT 2024","","AI-SERVICE","AI-SERVICE",""
"","2","QUERIES.08","","Tue Nov 05 01:06:24 GMT 2024","passed","Tue Nov 05 01:06:24 GMT 2024","","STRIPS-TO-METTA-IMPROVED","STRIPS-TO-METTA-IMPROVED",""
"","3","SUPERPOSE-NESTED.01","","Tue Nov 05 00:39:18 GMT 2024","passed","Tue Nov 05 00:39:18 GMT 2024","","METTA-MORPH-TESTS","METTA-MORPH-TESTS",""
"","2","ADD-REMOVE-MATCH-SS-SYMBOLS.05","","Tue Nov 05 00:50:57 GMT 2024","passed","Tue Nov 05 00:50:57 GMT 2024","","SPACES","SPACES",""
"","3","HIGHER-ORDER-FUNCS.09","","Tue Nov 05 00:51:40 GMT 2024","passed","Tue Nov 05 00:51:40 GMT 2024","","STD","STD",""
"","1","INF-CTL-MONTH-XP-SHORT-3.09","","Tue Nov 05 02:02:03 GMT 2024","passed","Tue Nov 05 02:02:03 GMT 2024","","COMPARISONS","COMPARISONS",""
"","4","TREE.01","","Tue Nov 05 00:58:32 GMT 2024","passed","Tue Nov 05 00:58:32 GMT 2024","","COMBINATOR-CALCULI","COMBINATOR-CALCULI",""
"","1","HYPERPOSING-SHARED.02","","Tue Nov 05 01:55:46 GMT 2024","passed","Tue Nov 05 01:55:46 GMT 2024","","BASIC","BASIC",""
"","3","TIME-SYNTHESIZE-SHORT.03","","Tue Nov 05 00:37:09 GMT 2024","passed","Tue Nov 05 00:37:09 GMT 2024","","SYNTH-BUFFER","SYNTH-BUFFER",""
"","2","ADD-REMOVE-MATCH-INTEGER.17","","Tue Nov 05 00:50:57 GMT 2024","passed","Tue Nov 05 00:50:57 GMT 2024","","SPACES","SPACES",""
"","2","BC-XP.29","","Tue Nov 05 01:14:02 GMT 2024","passed","Tue Nov 05 01:14:02 GMT 2024","","BACKWARD-CHAINING","BACKWARD-CHAINING",""
"","3","C2-SPACES.05","","Tue Nov 05 00:33:46 GMT 2024","passed","Tue Nov 05 00:33:46 GMT 2024","","HYPERON-EXPERIMENTAL-SCRIPTS","HYPERON-EXPERIMENTAL-SCRIPTS",""
"","2","INTERSECTION-TESTS.10","","Tue Nov 05 00:35:22 GMT 2024","passed","Tue Nov 05 00:35:22 GMT 2024","","HYPERON-METTALOG-SANITY","HYPERON-METTALOG-SANITY",""
"","4000","metta-morph_tests.multifunction","","Tue Nov 05 00:33:42 GMT 2024","passed","Tue Nov 05 00:33:46 GMT 2024","","WHOLE-TESTS","WHOLE-TESTS",""
"","361","SELF-CONTAINED-SYNTHESIZE.08","","Tue Nov 05 01:24:46 GMT 2024","failed","Tue Nov 05 01:24:46 GMT 2024","","EXPERIMENTS","EXPERIMENTS",""
"","4000","hyperon-experimental_scripts.f1_imports","","Tue Nov 05 00:33:42 GMT 2024","passed","Tue Nov 05 00:33:46 GMT 2024","","WHOLE-TESTS","WHOLE-TESTS",""
"","2","SUBTRACTION-TEST.09","","Tue Nov 05 00:35:22 GMT 2024","passed","Tue Nov 05 00:35:22 GMT 2024","","HYPERON-METTALOG-SANITY","HYPERON-METTALOG-SANITY",""
"","5000","equal.ImplicationDirectIntroductionEqualTest","","Tue Nov 05 00:33:42 GMT 2024","passed","Tue Nov 05 00:33:47 GMT 2024","","WHOLE-TESTS","WHOLE-TESTS",""
"","3","C1-GROUNDED-BASIC.07","","Tue Nov 05 00:33:46 GMT 2024","passed","Tue Nov 05 00:33:46 GMT 2024","","HYPERON-EXPERIMENTAL-SCRIPTS","HYPERON-EXPERIMENTAL-SCRIPTS",""
"","2","BACKWARD-CHAINER-XP.18","","Tue Nov 05 01:13:57 GMT 2024","passed","Tue Nov 05 01:13:57 GMT 2024","","BACKWARD-CHAINER","BACKWARD-CHAINER",""
"","218","PROB-DEP-TYPES.12","","Tue Nov 05 01:01:52 GMT 2024","passed","Tue Nov 05 01:01:52 GMT 2024","","PROB-DEP-TYPES","PROB-DEP-TYPES",""
"","34","INF-CTL-XP.12","","Tue Nov 05 01:18:09 GMT 2024","failed","Tue Nov 05 01:18:09 GMT 2024","","INFERENCE-CONTROL","INFERENCE-CONTROL",""
"","2","TEST-IF-CLOSED.04","","Tue Nov 05 01:47:13 GMT 2024","passed","Tue Nov 05 01:47:13 GMT 2024","","WALK-THRU","WALK-THRU",""
"","45000","new.tests5","","Tue Nov 05 00:33:42 GMT 2024","failed","Tue Nov 05 00:34:27 GMT 2024","","WHOLE-TESTS","WHOLE-TESTS",""
"","529","PARENT-GO-1.01","","Tue Nov 05 00:48:37 GMT 2024","passed","Tue Nov 05 00:48:37 GMT 2024","","CHAINING","CHAINING",""
"","36000","language_models.training_logicmoo","","Tue Nov 05 00:33:42 GMT 2024","passed","Tue Nov 05 00:34:18 GMT 2024","","WHOLE-TESTS","WHOLE-TESTS",""
"","41000","subtyping.subtyping-test","","Tue Nov 05 00:33:42 GMT 2024","failed","Tue Nov 05 00:34:23 GMT 2024","","WHOLE-TESTS","WHOLE-TESTS",""
"","3","BCHAIN-COMP.04","","Tue Nov 05 00:41:27 GMT 2024","passed","Tue Nov 05 00:41:27 GMT 2024","","ANTI-REGRESSION","ANTI-REGRESSION",""
"","3","00-LANG-CASE.15","","Tue Nov 05 00:35:22 GMT 2024","passed","Tue Nov 05 00:35:22 GMT 2024","","HYPERON-METTALOG-SANITY","HYPERON-METTALOG-SANITY",""
"","1076","TRAINING-BI.05","","Tue Nov 05 02:08:13 GMT 2024","passed","Tue Nov 05 02:08:14 GMT 2024","","LANGUAGE-MODELS","LANGUAGE-MODELS",""
"","2","STRING-TESTS.07","","Tue Nov 05 00:35:22 GMT 2024","passed","Tue Nov 05 00:35:22 GMT 2024","","HYPERON-METTALOG-SANITY","HYPERON-METTALOG-SANITY",""
"","3","STATE-TYPES.01","","Tue Nov 05 01:55:46 GMT 2024","passed","Tue Nov 05 01:55:46 GMT 2024","","BASIC","BASIC",""
"","1","MAYBETEST.02","","Tue Nov 05 01:14:11 GMT 2024","passed","Tue Nov 05 01:14:11 GMT 2024","","COMMON","COMMON",""
"","1","D4-TYPE-PROP.09","","Tue Nov 05 01:10:09 GMT 2024","passed","Tue Nov 05 01:10:09 GMT 2024","","CHECK-TYPES","CHECK-TYPES",""
"","3","TYPES-PRELIM.07","","Tue Nov 05 00:48:37 GMT 2024","passed","Tue Nov 05 00:48:37 GMT 2024","","CHAINING","CHAINING",""
"","2","STATE-TYPES.13","","Tue Nov 05 01:55:46 GMT 2024","passed","Tue Nov 05 01:55:46 GMT 2024","","BASIC","BASIC",""
"","2","F1-IMPORTS.03","","Tue Nov 05 00:43:40 GMT 2024","passed","Tue Nov 05 00:43:40 GMT 2024","","QUICK","QUICK",""
"","113","B4-NONDETERM.11","","Tue Nov 05 00:33:46 GMT 2024","passed","Tue Nov 05 00:33:46 GMT 2024","","HYPERON-EXPERIMENTAL-SCRIPTS","HYPERON-EXPERIMENTAL-SCRIPTS",""
"","83","SHOW-TYPE.13","","Tue Nov 05 00:50:41 GMT 2024","failed","Tue Nov 05 00:50:41 GMT 2024","","INTROSPECT","INTROSPECT",""
"","2","FORWARD-CHAINER-XP.04","","Tue Nov 05 01:16:43 GMT 2024","passed","Tue Nov 05 01:16:43 GMT 2024","","FORWARD-CHAINER","FORWARD-CHAINER",""
"","13","HYPERON-EXPERIMENTAL-ISSUE-481.03","","Tue Nov 05 01:50:30 GMT 2024","passed","Tue Nov 05 01:50:30 GMT 2024","","DEBUGGING","DEBUGGING",""
"","3","TESTS0.03","","Tue Nov 05 00:39:18 GMT 2024","passed","Tue Nov 05 00:39:18 GMT 2024","","METTA-MORPH-TESTS","METTA-MORPH-TESTS",""
"","2","NATPARITYTEST.11","","Tue Nov 05 01:16:58 GMT 2024","passed","Tue Nov 05 01:16:58 GMT 2024","","HOL","HOL",""
"","62","STDLIB-METTALOG-TEST-PT2.74","","Tue Nov 05 00:53:04 GMT 2024","failed","Tue Nov 05 00:53:04 GMT 2024","","STDLIB-METTALOG","STDLIB-METTALOG",""
"","4","ADD-REMOVE-MATCH-INTEGER.01","","Tue Nov 05 00:50:57 GMT 2024","passed","Tue Nov 05 00:50:57 GMT 2024","","SPACES","SPACES",""
"","301","SPACE-SUBTRACTION-TESTS.07","","Tue Nov 05 00:35:22 GMT 2024","passed","Tue Nov 05 00:35:22 GMT 2024","","HYPERON-METTALOG-SANITY","HYPERON-METTALOG-SANITY",""
"","4000","fizzbuzz.classical","","Tue Nov 05 00:33:42 GMT 2024","passed","Tue Nov 05 00:33:46 GMT 2024","","WHOLE-TESTS","WHOLE-TESTS",""
"","2","HYPERPOSING.10","","Tue Nov 05 01:55:46 GMT 2024","passed","Tue Nov 05 01:55:46 GMT 2024","","BASIC","BASIC",""
"","2","TEST-IF-CLOSED.06","","Tue Nov 05 01:47:13 GMT 2024","passed","Tue Nov 05 01:47:13 GMT 2024","","WALK-THRU","WALK-THRU",""
"","3","STATE-TYPES.16","","Tue Nov 05 01:55:46 GMT 2024","passed","Tue Nov 05 01:55:46 GMT 2024","","BASIC","BASIC",""
"","2","LISTTEST.12","","Tue Nov 05 01:14:11 GMT 2024","passed","Tue Nov 05 01:14:11 GMT 2024","","COMMON","COMMON",""
"","2","IMPL-METTALOGTESTCURRIED.02","","Tue Nov 05 01:47:13 GMT 2024","passed","Tue Nov 05 01:47:13 GMT 2024","","WALK-THRU","WALK-THRU",""
"","2","HYPERPOSING-SHARED.09","","Tue Nov 05 01:55:46 GMT 2024","passed","Tue Nov 05 01:55:46 GMT 2024","","BASIC","BASIC",""
"","2","BACKWARD-CHAINER-XP.42","","Tue Nov 05 01:13:57 GMT 2024","passed","Tue Nov 05 01:13:57 GMT 2024","","BACKWARD-CHAINER","BACKWARD-CHAINER",""
"","5000","chaining.pln_stv","","Tue Nov 05 00:33:42 GMT 2024","passed","Tue Nov 05 00:33:47 GMT 2024","","WHOLE-TESTS","WHOLE-TESTS",""
"","2","NATPARITYTEST.07","","Tue Nov 05 01:16:58 GMT 2024","passed","Tue Nov 05 01:16:58 GMT 2024","","HOL","HOL",""
"","252","IMPLICATIONDIRECTINTRODUCTIONDTLTEST.14","","Tue Nov 05 01:12:50 GMT 2024","passed","Tue Nov 05 01:12:50 GMT 2024","","DEPENDENT-TYPES","DEPENDENT-TYPES",""
"","2","TYPE-PROP.51","","Tue Nov 05 01:09:48 GMT 2024","passed","Tue Nov 05 01:09:48 GMT 2024","","CHECK-TYPES-TEMP","CHECK-TYPES-TEMP",""
"","3","STDLIB-METTALOG-TEST-PT2.67","","Tue Nov 05 00:53:04 GMT 2024","passed","Tue Nov 05 00:53:04 GMT 2024","","STDLIB-METTALOG","STDLIB-METTALOG",""
"","16","D4-TYPE-PROP.03","","Tue Nov 05 00:33:46 GMT 2024","passed","Tue Nov 05 00:33:46 GMT 2024","","HYPERON-EXPERIMENTAL-SCRIPTS","HYPERON-EXPERIMENTAL-SCRIPTS",""
"","14","D2-HIGHERFUNC.21","","Tue Nov 05 00:33:46 GMT 2024","passed","Tue Nov 05 00:33:46 GMT 2024","","HYPERON-EXPERIMENTAL-SCRIPTS","HYPERON-EXPERIMENTAL-SCRIPTS",""
"","20","IFC-XP.19","","Tue Nov 05 01:20:12 GMT 2024","failed","Tue Nov 05 01:20:12 GMT 2024","","ITERATIVE-CHAINING","ITERATIVE-CHAINING",""
"","4","STDLIB-METTALOG-TEST-PT2.56","","Tue Nov 05 00:53:04 GMT 2024","passed","Tue Nov 05 00:53:04 GMT 2024","","STDLIB-METTALOG","STDLIB-METTALOG",""
"","2","BACKWARD-CHAINER-XP.04","","Tue Nov 05 01:13:57 GMT 2024","passed","Tue Nov 05 01:13:57 GMT 2024","","BACKWARD-CHAINER","BACKWARD-CHAINER",""
"","2","CHAPTER-1-1.12","","Tue Nov 05 00:53:14 GMT 2024","passed","Tue Nov 05 00:53:14 GMT 2024","","SICP-BOOK","SICP-BOOK",""
"","3","ADD-REMOVE-MATCH-S-STRINGS.15","","Tue Nov 05 00:50:57 GMT 2024","passed","Tue Nov 05 00:50:57 GMT 2024","","SPACES","SPACES",""
"","3","TYPE-PROP.05","","Tue Nov 05 01:09:48 GMT 2024","passed","Tue Nov 05 01:09:48 GMT 2024","","CHECK-TYPES-TEMP","CHECK-TYPES-TEMP",""
"","1","HYPERPOSE.04","","Tue Nov 05 00:39:18 GMT 2024","passed","Tue Nov 05 00:39:18 GMT 2024","","METTA-MORPH-TESTS","METTA-MORPH-TESTS",""
"","3","ADD-REMOVE-MATCH-S-STRINGS.03","","Tue Nov 05 00:50:57 GMT 2024","passed","Tue Nov 05 00:50:57 GMT 2024","","SPACES","SPACES",""
"","3","INTERSECTION-TESTS.20","","Tue Nov 05 00:35:22 GMT 2024","passed","Tue Nov 05 00:35:22 GMT 2024","","HYPERON-METTALOG-SANITY","HYPERON-METTALOG-SANITY",""
"","2","TYPES-PRELIM.14","","Tue Nov 05 00:48:37 GMT 2024","passed","Tue Nov 05 00:48:37 GMT 2024","","CHAINING","CHAINING",""
"","3","D4-TYPE-PROP.08","","Tue Nov 05 01:10:09 GMT 2024","passed","Tue Nov 05 01:10:09 GMT 2024","","CHECK-TYPES","CHECK-TYPES",""
"","3","MAYBETEST.01","","Tue Nov 05 01:14:11 GMT 2024","passed","Tue Nov 05 01:14:11 GMT 2024","","COMMON","COMMON",""
"","5000","logic.puzzle","","Tue Nov 05 00:33:42 GMT 2024","passed","Tue Nov 05 00:33:47 GMT 2024","","WHOLE-TESTS","WHOLE-TESTS",""
"","3","PREREQS.05","","Tue Nov 05 00:44:08 GMT 2024","passed","Tue Nov 05 00:44:08 GMT 2024","","MAIN-BRANCH","MAIN-BRANCH",""
"","3","ADD-ATOM-MATCH.01","","Tue Nov 05 00:39:18 GMT 2024","passed","Tue Nov 05 00:39:18 GMT 2024","","METTA-MORPH-TESTS","METTA-MORPH-TESTS",""
"","18","B4-NONDETERM.09","","Tue Nov 05 00:33:46 GMT 2024","passed","Tue Nov 05 00:33:46 GMT 2024","","HYPERON-EXPERIMENTAL-SCRIPTS","HYPERON-EXPERIMENTAL-SCRIPTS",""
"","3","ADD-REMOVE-MATCH-S-SYMBOLS.16","","Tue Nov 05 00:50:57 GMT 2024","passed","Tue Nov 05 00:50:57 GMT 2024","","SPACES","SPACES",""
"","309","LOCATED-TEST.02","","Tue Nov 05 01:23:48 GMT 2024","failed","Tue Nov 05 01:23:48 GMT 2024","","LOCATED","LOCATED",""
"","40000","comparisons.nils_if_control_test_3","","Tue Nov 05 00:33:42 GMT 2024","failed","Tue Nov 05 00:34:22 GMT 2024","","WHOLE-TESTS","WHOLE-TESTS",""
"","1","TYPE-PROP.07","","Tue Nov 05 01:09:48 GMT 2024","passed","Tue Nov 05 01:09:48 GMT 2024","","CHECK-TYPES-TEMP","CHECK-TYPES-TEMP",""
"","62","HYPERON-EXPERIMENTAL-ISSUE-481.01","","Tue Nov 05 01:50:30 GMT 2024","failed","Tue Nov 05 01:50:30 GMT 2024","","DEBUGGING","DEBUGGING",""
"","3","PC-XP.11","","Tue Nov 05 01:22:53 GMT 2024","passed","Tue Nov 05 01:22:53 GMT 2024","","POLYWARD-CHAINING","POLYWARD-CHAINING",""
"","2","IFC-XP.14","","Tue Nov 05 01:20:12 GMT 2024","passed","Tue Nov 05 01:20:12 GMT 2024","","ITERATIVE-CHAINING","ITERATIVE-CHAINING",""
"","3","ADD-REMOVE-MATCH-SS-SYMBOLS.16","","Tue Nov 05 00:50:57 GMT 2024","passed","Tue Nov 05 00:50:57 GMT 2024","","SPACES","SPACES",""
"","2","PC-XP.07","","Tue Nov 05 01:22:53 GMT 2024","passed","Tue Nov 05 01:22:53 GMT 2024","","POLYWARD-CHAINING","POLYWARD-CHAINING",""
"","2","F1-MODULEA.02","","Tue Nov 05 00:33:46 GMT 2024","passed","Tue Nov 05 00:33:46 GMT 2024","","HYPERON-EXPERIMENTAL-SCRIPTS","HYPERON-EXPERIMENTAL-SCRIPTS",""
"","2","BC-XP.19","","Tue Nov 05 01:14:02 GMT 2024","passed","Tue Nov 05 01:14:02 GMT 2024","","BACKWARD-CHAINING","BACKWARD-CHAINING",""
"","3","B5-TYPES-PRELIM.23","","Tue Nov 05 01:09:48 GMT 2024","passed","Tue Nov 05 01:09:48 GMT 2024","","CHECK-TYPES-TEMP","CHECK-TYPES-TEMP",""
"","2","KEY-LOOKUPS-MANY.04","","Tue Nov 05 01:55:46 GMT 2024","passed","Tue Nov 05 01:55:46 GMT 2024","","BASIC","BASIC",""
"","2","INF-CTL-XP.10","","Tue Nov 05 01:18:09 GMT 2024","passed","Tue Nov 05 01:18:09 GMT 2024","","INFERENCE-CONTROL","INFERENCE-CONTROL",""
"","2","TMPMATCH2.03","","Tue Nov 05 01:47:13 GMT 2024","passed","Tue Nov 05 01:47:13 GMT 2024","","WALK-THRU","WALK-THRU",""
"","16","TESTS1.01","","Tue Nov 05 01:41:52 GMT 2024","failed","Tue Nov 05 01:41:52 GMT 2024","","PREV","PREV",""
"","54","D5-AUTO-TYPES.05","","Tue Nov 05 00:33:46 GMT 2024","failed","Tue Nov 05 00:33:46 GMT 2024","","HYPERON-EXPERIMENTAL-SCRIPTS","HYPERON-EXPERIMENTAL-SCRIPTS",""
"","5000","synth_buffer.time_synthesize_short","","Tue Nov 05 00:33:42 GMT 2024","passed","Tue Nov 05 00:33:47 GMT 2024","","WHOLE-TESTS","WHOLE-TESTS",""
"","60","D5-AUTO-TYPES.03","","Tue Nov 05 01:10:09 GMT 2024","failed","Tue Nov 05 01:10:09 GMT 2024","","CHECK-TYPES","CHECK-TYPES",""
"","2","ADD-REMOVE-MATCH-SYMBOLS.05","","Tue Nov 05 00:50:57 GMT 2024","passed","Tue Nov 05 00:50:57 GMT 2024","","SPACES","SPACES",""
"","2","D2-HIGHERFUNC.09","","Tue Nov 05 01:10:09 GMT 2024","passed","Tue Nov 05 01:10:09 GMT 2024","","CHECK-TYPES","CHECK-TYPES",""
"","1","ADD-ATOM-NAIVE-FIB.08","","Tue Nov 05 02:02:03 GMT 2024","passed","Tue Nov 05 02:02:03 GMT 2024","","COMPARISONS","COMPARISONS",""
"","2","A1-SYMBOLS.03","","Tue Nov 05 00:33:46 GMT 2024","passed","Tue Nov 05 00:33:46 GMT 2024","","HYPERON-EXPERIMENTAL-SCRIPTS","HYPERON-EXPERIMENTAL-SCRIPTS",""
"","566","NATPARITYTEST.17","","Tue Nov 05 01:16:58 GMT 2024","passed","Tue Nov 05 01:16:58 GMT 2024","","HOL","HOL",""
"","2","MAYBETEST.03","","Tue Nov 05 01:14:11 GMT 2024","passed","Tue Nov 05 01:14:11 GMT 2024","","COMMON","COMMON",""
"","2","BACKWARD-CHAIN.03","","Tue Nov 05 00:48:37 GMT 2024","passed","Tue Nov 05 00:48:37 GMT 2024","","CHAINING","CHAINING",""
"","3","TYPE-PROP.01","","Tue Nov 05 01:09:48 GMT 2024","passed","Tue Nov 05 01:09:48 GMT 2024","","CHECK-TYPES-TEMP","CHECK-TYPES-TEMP",""
"","75","TOO-EAGER-MATH.01","","Tue Nov 05 01:54:46 GMT 2024","passed","Tue Nov 05 01:54:46 GMT 2024","","POSSIBLY-WRONG","POSSIBLY-WRONG",""
"","3","LOCATED-TEST.01","","Tue Nov 05 01:23:48 GMT 2024","passed","Tue Nov 05 01:23:48 GMT 2024","","LOCATED","LOCATED",""
"","2","ADD-REMOVE-MATCH-SS-STRINGS.06","","Tue Nov 05 00:50:57 GMT 2024","passed","Tue Nov 05 00:50:57 GMT 2024","","SPACES","SPACES",""
"","43000","inference-control.inf-ctl-month-bc-cont-xp","","Tue Nov 05 00:33:42 GMT 2024","failed","Tue Nov 05 00:34:25 GMT 2024","","WHOLE-TESTS","WHOLE-TESTS",""
"","2","F1-MODULEA.10","","Tue Nov 05 00:33:46 GMT 2024","passed","Tue Nov 05 00:33:46 GMT 2024","","HYPERON-EXPERIMENTAL-SCRIPTS","HYPERON-EXPERIMENTAL-SCRIPTS",""
"","4000","hyperon-experimental_scripts.a2_opencoggy","","Tue Nov 05 00:33:42 GMT 2024","passed","Tue Nov 05 00:33:46 GMT 2024","","WHOLE-TESTS","WHOLE-TESTS",""
"","2","SPACE-SUBTRACTION-TESTS.06","","Tue Nov 05 00:35:22 GMT 2024","passed","Tue Nov 05 00:35:22 GMT 2024","","HYPERON-METTALOG-SANITY","HYPERON-METTALOG-SANITY",""
"","2","HYPERPOSING-SHARED.07","","Tue Nov 05 01:55:46 GMT 2024","passed","Tue Nov 05 01:55:46 GMT 2024","","BASIC","BASIC",""
"","2","STRING-TESTS.20","","Tue Nov 05 00:35:22 GMT 2024","passed","Tue Nov 05 00:35:22 GMT 2024","","HYPERON-METTALOG-SANITY","HYPERON-METTALOG-SANITY",""
"","2","ADD-REMOVE-MATCH-SYMBOLS.06","","Tue Nov 05 00:50:57 GMT 2024","passed","Tue Nov 05 00:50:57 GMT 2024","","SPACES","SPACES",""
"","84","TYPE-PROP.53","","Tue Nov 05 01:09:48 GMT 2024","failed","Tue Nov 05 01:09:48 GMT 2024","","CHECK-TYPES-TEMP","CHECK-TYPES-TEMP",""
"","1","F1-MODULEA.08","","Tue Nov 05 00:43:40 GMT 2024","passed","Tue Nov 05 00:43:40 GMT 2024","","QUICK","QUICK",""
"","2","BACKWARD-CHAINER-XP.43","","Tue Nov 05 01:13:57 GMT 2024","passed","Tue Nov 05 01:13:57 GMT 2024","","BACKWARD-CHAINER","BACKWARD-CHAINER",""
"","3","TYPE-PROP.56","","Tue Nov 05 01:09:48 GMT 2024","passed","Tue Nov 05 01:09:48 GMT 2024","","CHECK-TYPES-TEMP","CHECK-TYPES-TEMP",""
"","2","LISTTEST.14","","Tue Nov 05 01:14:11 GMT 2024","passed","Tue Nov 05 01:14:11 GMT 2024","","COMMON","COMMON",""
"","2","D2-HIGHERFUNC.05","","Tue Nov 05 00:33:46 GMT 2024","passed","Tue Nov 05 00:33:46 GMT 2024","","HYPERON-EXPERIMENTAL-SCRIPTS","HYPERON-EXPERIMENTAL-SCRIPTS",""
"","3","E1-KB-WRITE.02","","Tue Nov 05 00:33:46 GMT 2024","passed","Tue Nov 05 00:33:46 GMT 2024","","HYPERON-EXPERIMENTAL-SCRIPTS","HYPERON-EXPERIMENTAL-SCRIPTS",""
"","1","B4-NONDETERM.06","","Tue Nov 05 00:33:46 GMT 2024","passed","Tue Nov 05 00:33:46 GMT 2024","","HYPERON-EXPERIMENTAL-SCRIPTS","HYPERON-EXPERIMENTAL-SCRIPTS",""
"","2","ORDEREDSETTEST.02","","Tue Nov 05 01:14:11 GMT 2024","passed","Tue Nov 05 01:14:11 GMT 2024","","COMMON","COMMON",""
"","2","TYPE-PROP.30","","Tue Nov 05 01:09:48 GMT 2024","passed","Tue Nov 05 01:09:48 GMT 2024","","CHECK-TYPES-TEMP","CHECK-TYPES-TEMP",""
"","40000","nars_extras.TestNARS_listing","","Tue Nov 05 00:33:42 GMT 2024","failed","Tue Nov 05 00:34:22 GMT 2024","","WHOLE-TESTS","WHOLE-TESTS",""
"","81","00A-LANG-COMPILED-CASE.07","","Tue Nov 05 01:45:47 GMT 2024","passed","Tue Nov 05 01:45:47 GMT 2024","","DIRECT-COMP","DIRECT-COMP",""
"","45000","SICP_book.chapter_2_3","","Tue Nov 05 00:33:42 GMT 2024","failed","Tue Nov 05 00:34:27 GMT 2024","","WHOLE-TESTS","WHOLE-TESTS",""
"","2","IFC-XP.28","","Tue Nov 05 01:20:12 GMT 2024","passed","Tue Nov 05 01:20:12 GMT 2024","","ITERATIVE-CHAINING","ITERATIVE-CHAINING",""
"","4000","hyperon-mettalog_sanity.structure-tests","","Tue Nov 05 00:33:42 GMT 2024","passed","Tue Nov 05 00:33:46 GMT 2024","","WHOLE-TESTS","WHOLE-TESTS",""
"","2","ADD-REMOVE-MATCH-FLOAT.06","","Tue Nov 05 00:50:57 GMT 2024","passed","Tue Nov 05 00:50:57 GMT 2024","","SPACES","SPACES",""
"","3","ADD-REMOVE-MATCH-INTEGER.20","","Tue Nov 05 00:50:57 GMT 2024","passed","Tue Nov 05 00:50:57 GMT 2024","","SPACES","SPACES",""
"","2","B5-TYPES-PRELIM.05","","Tue Nov 05 00:33:46 GMT 2024","passed","Tue Nov 05 00:33:46 GMT 2024","","HYPERON-EXPERIMENTAL-SCRIPTS","HYPERON-EXPERIMENTAL-SCRIPTS",""
"","258","SYNTHESIZE-VIA-UNIFY-TEST.08","","Tue Nov 05 01:24:46 GMT 2024","failed","Tue Nov 05 01:24:46 GMT 2024","","EXPERIMENTS","EXPERIMENTS",""
"","43000","synth_buffer.time_synthesize","","Tue Nov 05 00:33:42 GMT 2024","failed","Tue Nov 05 00:34:25 GMT 2024","","WHOLE-TESTS","WHOLE-TESTS",""
"","3","LETLET.01","","Tue Nov 05 01:46:47 GMT 2024","passed","Tue Nov 05 01:46:47 GMT 2024","","TRANSPILER","TRANSPILER",""
"","3","UNIQUE-TEST.11","","Tue Nov 05 00:35:22 GMT 2024","passed","Tue Nov 05 00:35:22 GMT 2024","","HYPERON-METTALOG-SANITY","HYPERON-METTALOG-SANITY",""
"","41000","dependent-types.MinerDTL1Test","","Tue Nov 05 00:33:42 GMT 2024","failed","Tue Nov 05 00:34:23 GMT 2024","","WHOLE-TESTS","WHOLE-TESTS",""
"","3","F1-IMPORTS.14","","Tue Nov 05 00:43:40 GMT 2024","passed","Tue Nov 05 00:43:40 GMT 2024","","QUICK","QUICK",""
"","2","F1-IMPORTS.11","","Tue Nov 05 00:33:46 GMT 2024","passed","Tue Nov 05 00:33:46 GMT 2024","","HYPERON-EXPERIMENTAL-SCRIPTS","HYPERON-EXPERIMENTAL-SCRIPTS",""
"","3","STRING-TESTS.15","","Tue Nov 05 00:35:22 GMT 2024","passed","Tue Nov 05 00:35:22 GMT 2024","","HYPERON-METTALOG-SANITY","HYPERON-METTALOG-SANITY",""
"","5","MINNARS-PREV.01","","Tue Nov 05 00:44:08 GMT 2024","passed","Tue Nov 05 00:44:08 GMT 2024","","MAIN-BRANCH","MAIN-BRANCH",""
"","2","TYPE-PROP.65","","Tue Nov 05 01:09:48 GMT 2024","passed","Tue Nov 05 01:09:48 GMT 2024","","CHECK-TYPES-TEMP","CHECK-TYPES-TEMP",""
"","3","00-LANG-CASE.02","","Tue Nov 05 00:35:22 GMT 2024","passed","Tue Nov 05 00:35:22 GMT 2024","","HYPERON-METTALOG-SANITY","HYPERON-METTALOG-SANITY",""
"","2","ADD-REMOVE-MATCH-S-STRINGS.10","","Tue Nov 05 00:50:57 GMT 2024","passed","Tue Nov 05 00:50:57 GMT 2024","","SPACES","SPACES",""
"","128","SYNTHESIZE-VIA-UNIFY-TEST-LONGER.01","","Tue Nov 05 01:24:46 GMT 2024","passed","Tue Nov 05 01:24:46 GMT 2024","","EXPERIMENTS","EXPERIMENTS",""
"","2","UNIQUE-TEST.06","","Tue Nov 05 00:35:22 GMT 2024","passed","Tue Nov 05 00:35:22 GMT 2024","","HYPERON-METTALOG-SANITY","HYPERON-METTALOG-SANITY",""
"","3","D4-TYPE-PROP.04","","Tue Nov 05 01:10:09 GMT 2024","passed","Tue Nov 05 01:10:09 GMT 2024","","CHECK-TYPES","CHECK-TYPES",""
"","3","00A-LANG-COMPILED-CASE.03","","Tue Nov 05 01:45:47 GMT 2024","passed","Tue Nov 05 01:45:47 GMT 2024","","DIRECT-COMP","DIRECT-COMP",""
"","3","B5-TYPES-PRELIM.09","","Tue Nov 05 00:33:46 GMT 2024","passed","Tue Nov 05 00:33:46 GMT 2024","","HYPERON-EXPERIMENTAL-SCRIPTS","HYPERON-EXPERIMENTAL-SCRIPTS",""
"","30","INF-CTL-MONTH-XP-SHORT-6.01","","Tue Nov 05 02:02:03 GMT 2024","failed","Tue Nov 05 02:02:03 GMT 2024","","COMPARISONS","COMPARISONS",""
"","2","QUERIES.02","","Tue Nov 05 01:06:24 GMT 2024","passed","Tue Nov 05 01:06:24 GMT 2024","","STRIPS-TO-METTA-IMPROVED","STRIPS-TO-METTA-IMPROVED",""
"","3","F1-MODULEA.04","","Tue Nov 05 00:43:40 GMT 2024","passed","Tue Nov 05 00:43:40 GMT 2024","","QUICK","QUICK",""
"","5000","spaces.add-remove-match-integer","","Tue Nov 05 00:33:42 GMT 2024","passed","Tue Nov 05 00:33:47 GMT 2024","","WHOLE-TESTS","WHOLE-TESTS",""
"","50","D5-AUTO-TYPES.05","","Tue Nov 05 01:10:09 GMT 2024","failed","Tue Nov 05 01:10:09 GMT 2024","","CHECK-TYPES","CHECK-TYPES",""
"","3","C1-GROUNDED-BASIC.17","","Tue Nov 05 00:43:40 GMT 2024","passed","Tue Nov 05 00:43:40 GMT 2024","","QUICK","QUICK",""
"","21","INF-CTL-MONTH-XP.08","","Tue Nov 05 01:18:09 GMT 2024","failed","Tue Nov 05 01:18:09 GMT 2024","","INFERENCE-CONTROL","INFERENCE-CONTROL",""
"","3","B2-BACKCHAIN.05","","Tue Nov 05 00:33:46 GMT 2024","passed","Tue Nov 05 00:33:46 GMT 2024","","HYPERON-EXPERIMENTAL-SCRIPTS","HYPERON-EXPERIMENTAL-SCRIPTS",""
"","2","TYPE-PROP.50","","Tue Nov 05 01:09:48 GMT 2024","passed","Tue Nov 05 01:09:48 GMT 2024","","CHECK-TYPES-TEMP","CHECK-TYPES-TEMP",""
"","3","ORDEREDSETTEST.08","","Tue Nov 05 01:14:11 GMT 2024","passed","Tue Nov 05 01:14:11 GMT 2024","","COMMON","COMMON",""
"","3","ADD-REMOVE-MATCH-SYMBOLS.16","","Tue Nov 05 00:50:57 GMT 2024","passed","Tue Nov 05 00:50:57 GMT 2024","","SPACES","SPACES",""
"","1","F1-MODULEA.07","","Tue Nov 05 00:33:37 GMT 2024","passed","Tue Nov 05 00:33:37 GMT 2024","","MODULE-SYSTEM","MODULE-SYSTEM",""
"","3","D2-HIGHERFUNC.19","","Tue Nov 05 00:33:46 GMT 2024","passed","Tue Nov 05 00:33:46 GMT 2024","","HYPERON-EXPERIMENTAL-SCRIPTS","HYPERON-EXPERIMENTAL-SCRIPTS",""
"","1","C1-GROUNDED-BASIC.11","","Tue Nov 05 00:33:46 GMT 2024","passed","Tue Nov 05 00:33:46 GMT 2024","","HYPERON-EXPERIMENTAL-SCRIPTS","HYPERON-EXPERIMENTAL-SCRIPTS",""
"","2","TMPMATCH2.02","","Tue Nov 05 01:47:13 GMT 2024","passed","Tue Nov 05 01:47:13 GMT 2024","","WALK-THRU","WALK-THRU",""
"","283","QUERIES.06","","Tue Nov 05 01:06:24 GMT 2024","passed","Tue Nov 05 01:06:24 GMT 2024","","STRIPS-TO-METTA-IMPROVED","STRIPS-TO-METTA-IMPROVED",""
"","128","TYPE-PROP.73","","Tue Nov 05 01:09:48 GMT 2024","failed","Tue Nov 05 01:09:48 GMT 2024","","CHECK-TYPES-TEMP","CHECK-TYPES-TEMP",""
"","1","D2-HIGHERFUNC.06","","Tue Nov 05 00:33:46 GMT 2024","passed","Tue Nov 05 00:33:46 GMT 2024","","HYPERON-EXPERIMENTAL-SCRIPTS","HYPERON-EXPERIMENTAL-SCRIPTS",""
"","85","PREREQS.08","","Tue Nov 05 00:44:08 GMT 2024","failed","Tue Nov 05 00:44:08 GMT 2024","","MAIN-BRANCH","MAIN-BRANCH",""
"","2","LET-SUPERPOSE-LIST.01","","Tue Nov 05 01:46:47 GMT 2024","passed","Tue Nov 05 01:46:47 GMT 2024","","TRANSPILER","TRANSPILER",""
"","2","XOR-TEST.09","","Tue Nov 05 00:35:22 GMT 2024","passed","Tue Nov 05 00:35:22 GMT 2024","","HYPERON-METTALOG-SANITY","HYPERON-METTALOG-SANITY",""
"","5","CHAPTER-1-3.05","","Tue Nov 05 00:53:14 GMT 2024","passed","Tue Nov 05 00:53:14 GMT 2024","","SICP-BOOK","SICP-BOOK",""
"","4000","orientation.orientation-test","","Tue Nov 05 00:33:42 GMT 2024","passed","Tue Nov 05 00:33:46 GMT 2024","","WHOLE-TESTS","WHOLE-TESTS",""
"","2","D1-GADT.08","","Tue Nov 05 01:10:09 GMT 2024","passed","Tue Nov 05 01:10:09 GMT 2024","","CHECK-TYPES","CHECK-TYPES",""
"","3","STDLIB-METTALOG-TEST-PT2.50","","Tue Nov 05 00:53:04 GMT 2024","passed","Tue Nov 05 00:53:04 GMT 2024","","STDLIB-METTALOG","STDLIB-METTALOG",""
"","79","E2-STATES.07","","Tue Nov 05 01:10:09 GMT 2024","failed","Tue Nov 05 01:10:09 GMT 2024","","CHECK-TYPES","CHECK-TYPES",""
"","106","DEDUCTIONDTLTEST.04","","Tue Nov 05 01:12:50 GMT 2024","passed","Tue Nov 05 01:12:50 GMT 2024","","DEPENDENT-TYPES","DEPENDENT-TYPES",""
"","82","NATTEST.02","","Tue Nov 05 01:16:58 GMT 2024","failed","Tue Nov 05 01:16:58 GMT 2024","","HOL","HOL",""
"","39000","walk_thru.mettalogTestCurried","","Tue Nov 05 00:33:42 GMT 2024","passed","Tue Nov 05 00:34:21 GMT 2024","","WHOLE-TESTS","WHOLE-TESTS",""
"","2","D2-HIGHERFUNC.15","","Tue Nov 05 00:33:46 GMT 2024","passed","Tue Nov 05 00:33:46 GMT 2024","","HYPERON-EXPERIMENTAL-SCRIPTS","HYPERON-EXPERIMENTAL-SCRIPTS",""
"","41","FORWARD-CHAINER-XP.28","","Tue Nov 05 01:16:43 GMT 2024","failed","Tue Nov 05 01:16:43 GMT 2024","","FORWARD-CHAINER","FORWARD-CHAINER",""
"","4","CHAPTER-2-2.04","","Tue Nov 05 00:53:14 GMT 2024","passed","Tue Nov 05 00:53:14 GMT 2024","","SICP-BOOK","SICP-BOOK",""
"","2","INTERSECTION-TESTS.32","","Tue Nov 05 00:35:22 GMT 2024","passed","Tue Nov 05 00:35:22 GMT 2024","","HYPERON-METTALOG-SANITY","HYPERON-METTALOG-SANITY",""
"","2","IS-SPACE.02","","Tue Nov 05 00:35:22 GMT 2024","passed","Tue Nov 05 00:35:22 GMT 2024","","HYPERON-METTALOG-SANITY","HYPERON-METTALOG-SANITY",""
"","3","LISTTEST.16","","Tue Nov 05 01:14:11 GMT 2024","passed","Tue Nov 05 01:14:11 GMT 2024","","COMMON","COMMON",""
"","159","NATSIMPLETEST.01","","Tue Nov 05 01:16:58 GMT 2024","failed","Tue Nov 05 01:16:58 GMT 2024","","HOL","HOL",""
"","5000","spaces.add-remove-match-ss-strings","","Tue Nov 05 00:33:42 GMT 2024","passed","Tue Nov 05 00:33:47 GMT 2024","","WHOLE-TESTS","WHOLE-TESTS",""
"","109","B4-NONDETERM.10","","Tue Nov 05 00:33:46 GMT 2024","passed","Tue Nov 05 00:33:46 GMT 2024","","HYPERON-EXPERIMENTAL-SCRIPTS","HYPERON-EXPERIMENTAL-SCRIPTS",""
"","5","INF-CTL-XP.03","","Tue Nov 05 01:18:09 GMT 2024","passed","Tue Nov 05 01:18:09 GMT 2024","","INFERENCE-CONTROL","INFERENCE-CONTROL",""
"","3","STRING-TESTS.04","","Tue Nov 05 00:35:22 GMT 2024","passed","Tue Nov 05 00:35:22 GMT 2024","","HYPERON-METTALOG-SANITY","HYPERON-METTALOG-SANITY",""
"","3","00-LANG-CASE.01","","Tue Nov 05 00:35:22 GMT 2024","passed","Tue Nov 05 00:35:22 GMT 2024","","HYPERON-METTALOG-SANITY","HYPERON-METTALOG-SANITY",""
"","2","ADD-REMOVE-MATCH-STRINGS.06","","Tue Nov 05 00:50:57 GMT 2024","passed","Tue Nov 05 00:50:57 GMT 2024","","SPACES","SPACES",""
"","2","FORWARD-CHAINER-XP.12","","Tue Nov 05 01:16:43 GMT 2024","passed","Tue Nov 05 01:16:43 GMT 2024","","FORWARD-CHAINER","FORWARD-CHAINER",""
"","3","IMPLICATIONDIRECTINTRODUCTIONENTAILTEST.01","","Tue Nov 05 01:16:23 GMT 2024","passed","Tue Nov 05 01:16:23 GMT 2024","","ENTAIL","ENTAIL",""
"","3","ADD-ATOM-NAIVE-FIB.04","","Tue Nov 05 02:02:03 GMT 2024","passed","Tue Nov 05 02:02:03 GMT 2024","","COMPARISONS","COMPARISONS",""
"","2","D4-TYPE-PROP.16","","Tue Nov 05 00:33:46 GMT 2024","passed","Tue Nov 05 00:33:46 GMT 2024","","HYPERON-EXPERIMENTAL-SCRIPTS","HYPERON-EXPERIMENTAL-SCRIPTS",""
"","2","D4-TYPE-PROP.09","","Tue Nov 05 00:33:46 GMT 2024","passed","Tue Nov 05 00:33:46 GMT 2024","","HYPERON-EXPERIMENTAL-SCRIPTS","HYPERON-EXPERIMENTAL-SCRIPTS",""
"","55","TYPE-PROP.55","","Tue Nov 05 01:09:48 GMT 2024","failed","Tue Nov 05 01:09:48 GMT 2024","","CHECK-TYPES-TEMP","CHECK-TYPES-TEMP",""
"","85","GROUNDED-BASIC.03","","Tue Nov 05 00:51:40 GMT 2024","passed","Tue Nov 05 00:51:40 GMT 2024","","STD","STD",""
"","6000","perfect-numbers.basic","","Tue Nov 05 00:33:42 GMT 2024","passed","Tue Nov 05 00:33:48 GMT 2024","","WHOLE-TESTS","WHOLE-TESTS",""
"","2","CHAPTER-1-1.11","","Tue Nov 05 00:53:14 GMT 2024","passed","Tue Nov 05 00:53:14 GMT 2024","","SICP-BOOK","SICP-BOOK",""
"","4000","quick.d1_gadt","","Tue Nov 05 00:33:42 GMT 2024","passed","Tue Nov 05 00:33:46 GMT 2024","","WHOLE-TESTS","WHOLE-TESTS",""
"","53","COMBINED.04","","Tue Nov 05 01:51:55 GMT 2024","failed","Tue Nov 05 01:51:55 GMT 2024","","ITERATORS","ITERATORS",""
"","2","F1-MODULEA.03","","Tue Nov 05 00:33:37 GMT 2024","passed","Tue Nov 05 00:33:37 GMT 2024","","MODULE-SYSTEM","MODULE-SYSTEM",""
"","40000","comparisons.nils_if_control_test_4","","Tue Nov 05 00:33:42 GMT 2024","failed","Tue Nov 05 00:34:22 GMT 2024","","WHOLE-TESTS","WHOLE-TESTS",""
"","2","EXAM-SPACES.03","","Tue Nov 05 00:50:41 GMT 2024","passed","Tue Nov 05 00:50:41 GMT 2024","","INTROSPECT","INTROSPECT",""
"","2","IFC-XP.33","","Tue Nov 05 01:20:12 GMT 2024","passed","Tue Nov 05 01:20:12 GMT 2024","","ITERATIVE-CHAINING","ITERATIVE-CHAINING",""
"","126","ADD-REMOVE-MATCH-SS-SYMBOLS.14","","Tue Nov 05 00:50:57 GMT 2024","passed","Tue Nov 05 00:50:57 GMT 2024","","SPACES","SPACES",""
"","3","IBC-XP.21","","Tue Nov 05 01:20:12 GMT 2024","passed","Tue Nov 05 01:20:12 GMT 2024","","ITERATIVE-CHAINING","ITERATIVE-CHAINING",""
"","2","CML-UNSHARED.08","","Tue Nov 05 01:55:46 GMT 2024","passed","Tue Nov 05 01:55:46 GMT 2024","","BASIC","BASIC",""
"","2","CHAPTER-2-4.12","","Tue Nov 05 00:53:14 GMT 2024","passed","Tue Nov 05 00:53:14 GMT 2024","","SICP-BOOK","SICP-BOOK",""
"","7304","PROB-DEP-TYPES.13","","Tue Nov 05 01:01:52 GMT 2024","failed","Tue Nov 05 01:01:59 GMT 2024","","PROB-DEP-TYPES","PROB-DEP-TYPES",""
"","4000","hyperon-mettalog_sanity.01_lang_inc","","Tue Nov 05 00:33:42 GMT 2024","passed","Tue Nov 05 00:33:46 GMT 2024","","WHOLE-TESTS","WHOLE-TESTS",""
"","22","INF-CTL-MONTH-XP.07","","Tue Nov 05 01:18:09 GMT 2024","failed","Tue Nov 05 01:18:09 GMT 2024","","INFERENCE-CONTROL","INFERENCE-CONTROL",""
"","3","IBC-XP.10","","Tue Nov 05 01:20:12 GMT 2024","passed","Tue Nov 05 01:20:12 GMT 2024","","ITERATIVE-CHAINING","ITERATIVE-CHAINING",""
"","2","COMBINED.02","","Tue Nov 05 01:51:55 GMT 2024","passed","Tue Nov 05 01:51:55 GMT 2024","","ITERATORS","ITERATORS",""
"","2","00-LANG-CASE.06","","Tue Nov 05 00:35:22 GMT 2024","passed","Tue Nov 05 00:35:22 GMT 2024","","HYPERON-METTALOG-SANITY","HYPERON-METTALOG-SANITY",""
"","2","TEST-IF-CLOSED.10","","Tue Nov 05 00:41:27 GMT 2024","passed","Tue Nov 05 00:41:27 GMT 2024","","ANTI-REGRESSION","ANTI-REGRESSION",""
"","4","SELF-CONTAINED-SYNTHESIZE.05","","Tue Nov 05 01:24:46 GMT 2024","passed","Tue Nov 05 01:24:46 GMT 2024","","EXPERIMENTS","EXPERIMENTS",""
"","2","FORWARD-CHAINER-XP.24","","Tue Nov 05 01:16:43 GMT 2024","passed","Tue Nov 05 01:16:43 GMT 2024","","FORWARD-CHAINER","FORWARD-CHAINER",""
"","1","D4-TYPE-PROP.08","","Tue Nov 05 00:33:46 GMT 2024","passed","Tue Nov 05 00:33:46 GMT 2024","","HYPERON-EXPERIMENTAL-SCRIPTS","HYPERON-EXPERIMENTAL-SCRIPTS",""
"","2","D4-TYPE-PROP.16","","Tue Nov 05 01:10:09 GMT 2024","passed","Tue Nov 05 01:10:09 GMT 2024","","CHECK-TYPES","CHECK-TYPES",""
"","40000","ai-service.ai-service-composition-hard","","Tue Nov 05 00:33:42 GMT 2024","failed","Tue Nov 05 00:34:22 GMT 2024","","WHOLE-TESTS","WHOLE-TESTS",""
"","275","SELF-CONTAINED-SYNTHESIZE.11","","Tue Nov 05 01:24:46 GMT 2024","failed","Tue Nov 05 01:24:46 GMT 2024","","EXPERIMENTS","EXPERIMENTS",""
"","14","D1-GADT.05","","Tue Nov 05 01:10:09 GMT 2024","passed","Tue Nov 05 01:10:09 GMT 2024","","CHECK-TYPES","CHECK-TYPES",""
"","6","CHAPTER-1-2.01","","Tue Nov 05 00:53:14 GMT 2024","passed","Tue Nov 05 00:53:14 GMT 2024","","SICP-BOOK","SICP-BOOK",""
"","3","SEALED-TEST.04","","Tue Nov 05 00:35:22 GMT 2024","passed","Tue Nov 05 00:35:22 GMT 2024","","HYPERON-METTALOG-SANITY","HYPERON-METTALOG-SANITY",""
"","3","TMPMATCH1.01","","Tue Nov 05 01:47:13 GMT 2024","passed","Tue Nov 05 01:47:13 GMT 2024","","WALK-THRU","WALK-THRU",""
"","12","HIGHER-ORDER-FUNCS.02","","Tue Nov 05 00:51:40 GMT 2024","failed","Tue Nov 05 00:51:40 GMT 2024","","STD","STD",""
"","15","V2-PLN-XP-EASY-IMPL.02","","Tue Nov 05 00:48:37 GMT 2024","passed","Tue Nov 05 00:48:37 GMT 2024","","CHAINING","CHAINING",""
"","1","D4-TYPE-PROP.08","","Tue Nov 05 00:43:40 GMT 2024","passed","Tue Nov 05 00:43:40 GMT 2024","","QUICK","QUICK",""
"","81","NONDETERM.01","","Tue Nov 05 00:51:40 GMT 2024","passed","Tue Nov 05 00:51:40 GMT 2024","","STD","STD",""
"","3","SYNTHESIZE-VIA-TYPE-CHECKING.03","","Tue Nov 05 01:24:46 GMT 2024","passed","Tue Nov 05 01:24:46 GMT 2024","","EXPERIMENTS","EXPERIMENTS",""
"","74","STDLIB-METTALOG-TEST-PT2.71","","Tue Nov 05 00:53:04 GMT 2024","failed","Tue Nov 05 00:53:04 GMT 2024","","STDLIB-METTALOG","STDLIB-METTALOG",""
"","2","TESTS1-PRE.01","","Tue Nov 05 00:44:08 GMT 2024","passed","Tue Nov 05 00:44:08 GMT 2024","","MAIN-BRANCH","MAIN-BRANCH",""
"","127","JOHN-CARRY-FLOWER-TEST.03","","Tue Nov 05 01:23:39 GMT 2024","passed","Tue Nov 05 01:23:39 GMT 2024","","JOHN-CARRY-FLOWER","JOHN-CARRY-FLOWER",""
"","72","OBIF-CLP.01","","Tue Nov 05 01:53:28 GMT 2024","failed","Tue Nov 05 01:53:28 GMT 2024","","MULTIDIRECTIONAL","MULTIDIRECTIONAL",""
"","2","LISTTEST.08","","Tue Nov 05 01:14:11 GMT 2024","passed","Tue Nov 05 01:14:11 GMT 2024","","COMMON","COMMON",""
"","4000","metta_to_amr.dep-types","","Tue Nov 05 00:33:42 GMT 2024","passed","Tue Nov 05 00:33:46 GMT 2024","","WHOLE-TESTS","WHOLE-TESTS",""
"","3","IMPLICATIONDIRECTINTRODUCTIONDTLTEST.05","","Tue Nov 05 01:12:50 GMT 2024","passed","Tue Nov 05 01:12:50 GMT 2024","","DEPENDENT-TYPES","DEPENDENT-TYPES",""
"","3","FORWARD-CHAINER-TEST.15","","Tue Nov 05 01:16:43 GMT 2024","passed","Tue Nov 05 01:16:43 GMT 2024","","FORWARD-CHAINER","FORWARD-CHAINER",""
"","1","INF-CTL-MONTH-BC-CONT-XP.17","","Tue Nov 05 01:18:09 GMT 2024","passed","Tue Nov 05 01:18:09 GMT 2024","","INFERENCE-CONTROL","INFERENCE-CONTROL",""
"","4000","multidirectional.obif_easy","","Tue Nov 05 00:33:42 GMT 2024","passed","Tue Nov 05 00:33:46 GMT 2024","","WHOLE-TESTS","WHOLE-TESTS",""
"","2","D1-GADT.01","","Tue Nov 05 00:43:40 GMT 2024","passed","Tue Nov 05 00:43:40 GMT 2024","","QUICK","QUICK",""
"","40000","python_from_metta.requests","","Tue Nov 05 00:33:42 GMT 2024","failed","Tue Nov 05 00:34:22 GMT 2024","","WHOLE-TESTS","WHOLE-TESTS",""
"","2","CURRIED-CHAINER.04","","Tue Nov 05 01:14:50 GMT 2024","passed","Tue Nov 05 01:14:50 GMT 2024","","CURRIED-CHAINING","CURRIED-CHAINING",""
"","2","BCHAIN.05","","Tue Nov 05 01:47:13 GMT 2024","passed","Tue Nov 05 01:47:13 GMT 2024","","WALK-THRU","WALK-THRU",""
"","2","XOR-TEST.04","","Tue Nov 05 00:35:22 GMT 2024","passed","Tue Nov 05 00:35:22 GMT 2024","","HYPERON-METTALOG-SANITY","HYPERON-METTALOG-SANITY",""
"","2","F1-MODULEA.07","","Tue Nov 05 00:33:46 GMT 2024","passed","Tue Nov 05 00:33:46 GMT 2024","","HYPERON-EXPERIMENTAL-SCRIPTS","HYPERON-EXPERIMENTAL-SCRIPTS",""
"","2","F1-MODULEA.08","","Tue Nov 05 00:33:46 GMT 2024","passed","Tue Nov 05 00:33:46 GMT 2024","","HYPERON-EXPERIMENTAL-SCRIPTS","HYPERON-EXPERIMENTAL-SCRIPTS",""
"","2","IBC-XP.25","","Tue Nov 05 01:20:12 GMT 2024","passed","Tue Nov 05 01:20:12 GMT 2024","","ITERATIVE-CHAINING","ITERATIVE-CHAINING",""
"","2","PROB-DEP-TYPES.06","","Tue Nov 05 01:01:52 GMT 2024","passed","Tue Nov 05 01:01:52 GMT 2024","","PROB-DEP-TYPES","PROB-DEP-TYPES",""
"","2","C1-GROUNDED-BASIC.03","","Tue Nov 05 00:43:40 GMT 2024","passed","Tue Nov 05 00:43:40 GMT 2024","","QUICK","QUICK",""
"","4","TYPE-PROP.41","","Tue Nov 05 01:09:48 GMT 2024","passed","Tue Nov 05 01:09:48 GMT 2024","","CHECK-TYPES-TEMP","CHECK-TYPES-TEMP",""
"","4","HYPERON-EXPERIMENTAL-ISSUE-530.01","","Tue Nov 05 01:50:30 GMT 2024","passed","Tue Nov 05 01:50:30 GMT 2024","","DEBUGGING","DEBUGGING",""
"","4000","debugging.hyperon_experimental_issue_481","","Tue Nov 05 00:33:42 GMT 2024","passed","Tue Nov 05 00:33:46 GMT 2024","","WHOLE-TESTS","WHOLE-TESTS",""
"","13","TEST-INFER-FUNCTION-APPLICATION-TYPE.12","","Tue Nov 05 01:55:46 GMT 2024","failed","Tue Nov 05 01:55:46 GMT 2024","","BASIC","BASIC",""
"","2","EVIDENTIALTRUTHVALUETEST.01","","Tue Nov 05 01:14:40 GMT 2024","passed","Tue Nov 05 01:14:40 GMT 2024","","TRUTHVALUE","TRUTHVALUE",""
"","4000","metta-morph_tests.add_atom_match","","Tue Nov 05 00:33:42 GMT 2024","passed","Tue Nov 05 00:33:46 GMT 2024","","WHOLE-TESTS","WHOLE-TESTS",""
"","1","METTALOGTESTCURRIED2.02","","Tue Nov 05 01:47:13 GMT 2024","passed","Tue Nov 05 01:47:13 GMT 2024","","WALK-THRU","WALK-THRU",""
"","2","TESTS1.03","","Tue Nov 05 00:44:08 GMT 2024","passed","Tue Nov 05 00:44:08 GMT 2024","","MAIN-BRANCH","MAIN-BRANCH",""
"","16","00-LANG-CASE.12","","Tue Nov 05 00:35:22 GMT 2024","passed","Tue Nov 05 00:35:22 GMT 2024","","HYPERON-METTALOG-SANITY","HYPERON-METTALOG-SANITY",""
"","45","BACKWARD-CHAINER-XP.13","","Tue Nov 05 01:13:57 GMT 2024","failed","Tue Nov 05 01:13:57 GMT 2024","","BACKWARD-CHAINER","BACKWARD-CHAINER",""
"","2","D2-HIGHERFUNC.14","","Tue Nov 05 01:10:09 GMT 2024","passed","Tue Nov 05 01:10:09 GMT 2024","","CHECK-TYPES","CHECK-TYPES",""
"","10","JOHN-CARRY-FLOWER-TEST.01","","Tue Nov 05 01:23:39 GMT 2024","passed","Tue Nov 05 01:23:39 GMT 2024","","JOHN-CARRY-FLOWER","JOHN-CARRY-FLOWER",""
"","4000","quick.f1_imports","","Tue Nov 05 00:33:42 GMT 2024","passed","Tue Nov 05 00:33:46 GMT 2024","","WHOLE-TESTS","WHOLE-TESTS",""
"","3","B0-CHAINING-PRELIM.05","","Tue Nov 05 00:33:46 GMT 2024","passed","Tue Nov 05 00:33:46 GMT 2024","","HYPERON-EXPERIMENTAL-SCRIPTS","HYPERON-EXPERIMENTAL-SCRIPTS",""
"","2","C2-SPACES.04","","Tue Nov 05 00:33:46 GMT 2024","passed","Tue Nov 05 00:33:46 GMT 2024","","HYPERON-EXPERIMENTAL-SCRIPTS","HYPERON-EXPERIMENTAL-SCRIPTS",""
"","40000","match.tmpMatch","","Tue Nov 05 00:33:42 GMT 2024","failed","Tue Nov 05 00:34:22 GMT 2024","","WHOLE-TESTS","WHOLE-TESTS",""
"","1","SYNTHESIZE-VIA-SUPERPOSE.04","","Tue Nov 05 01:24:46 GMT 2024","passed","Tue Nov 05 01:24:46 GMT 2024","","EXPERIMENTS","EXPERIMENTS",""
"","2","D1-GADT.12","","Tue Nov 05 00:33:46 GMT 2024","passed","Tue Nov 05 00:33:46 GMT 2024","","HYPERON-EXPERIMENTAL-SCRIPTS","HYPERON-EXPERIMENTAL-SCRIPTS",""
"","14","TYPE-PROP.59","","Tue Nov 05 01:09:48 GMT 2024","failed","Tue Nov 05 01:09:48 GMT 2024","","CHECK-TYPES-TEMP","CHECK-TYPES-TEMP",""
"","2","TYPE-PROP.43","","Tue Nov 05 01:09:48 GMT 2024","passed","Tue Nov 05 01:09:48 GMT 2024","","CHECK-TYPES-TEMP","CHECK-TYPES-TEMP",""
"","4","BC-XP.07","","Tue Nov 05 01:14:02 GMT 2024","passed","Tue Nov 05 01:14:02 GMT 2024","","BACKWARD-CHAINING","BACKWARD-CHAINING",""
"","3","PREREQS.01","","Tue Nov 05 00:44:08 GMT 2024","passed","Tue Nov 05 00:44:08 GMT 2024","","MAIN-BRANCH","MAIN-BRANCH",""
"","2","BASE-TEST-REPR-PARSE-INTERSECTION.04","","Tue Nov 05 00:35:22 GMT 2024","passed","Tue Nov 05 00:35:22 GMT 2024","","HYPERON-METTALOG-SANITY","HYPERON-METTALOG-SANITY",""
"","2","INF-CTL-MONTH-BC-CONT-XP.03","","Tue Nov 05 01:18:09 GMT 2024","passed","Tue Nov 05 01:18:09 GMT 2024","","INFERENCE-CONTROL","INFERENCE-CONTROL",""
"","2","SUPERCOLLAPSE.02","","Tue Nov 05 00:39:18 GMT 2024","passed","Tue Nov 05 00:39:18 GMT 2024","","METTA-MORPH-TESTS","METTA-MORPH-TESTS",""
"","74","SPACE-INTERSECTION-TESTS.12","","Tue Nov 05 00:35:22 GMT 2024","failed","Tue Nov 05 00:35:22 GMT 2024","","HYPERON-METTALOG-SANITY","HYPERON-METTALOG-SANITY",""
"","3","D2-HIGHERFUNC.01","","Tue Nov 05 00:43:40 GMT 2024","passed","Tue Nov 05 00:43:40 GMT 2024","","QUICK","QUICK",""
"","3","ORDEREDSETTEST.10","","Tue Nov 05 01:14:11 GMT 2024","passed","Tue Nov 05 01:14:11 GMT 2024","","COMMON","COMMON",""
"","3","PLN-XP-LOCAL-V2.02","","Tue Nov 05 00:48:37 GMT 2024","passed","Tue Nov 05 00:48:37 GMT 2024","","CHAINING","CHAINING",""
"","3","D2-HIGHERFUNC.13","","Tue Nov 05 00:43:40 GMT 2024","passed","Tue Nov 05 00:43:40 GMT 2024","","QUICK","QUICK",""
"","2","TEST-IF-CLOSED.09","","Tue Nov 05 00:41:27 GMT 2024","passed","Tue Nov 05 00:41:27 GMT 2024","","ANTI-REGRESSION","ANTI-REGRESSION",""
"","46000","nars_v0.tests5","","Tue Nov 05 00:33:42 GMT 2024","failed","Tue Nov 05 00:34:28 GMT 2024","","WHOLE-TESTS","WHOLE-TESTS",""
"","2","FORWARD-CHAINER-XP.14","","Tue Nov 05 01:16:43 GMT 2024","passed","Tue Nov 05 01:16:43 GMT 2024","","FORWARD-CHAINER","FORWARD-CHAINER",""
"","1","E2-STATES.09","","Tue Nov 05 00:33:46 GMT 2024","passed","Tue Nov 05 00:33:46 GMT 2024","","HYPERON-EXPERIMENTAL-SCRIPTS","HYPERON-EXPERIMENTAL-SCRIPTS",""
"","3","IMPLICATIONDIRECTINTRODUCTIONDTLTEST.02","","Tue Nov 05 01:12:50 GMT 2024","passed","Tue Nov 05 01:12:50 GMT 2024","","DEPENDENT-TYPES","DEPENDENT-TYPES",""
"","129","INF-CTL-MONTH-BC-CONT-XP.25","","Tue Nov 05 01:18:09 GMT 2024","passed","Tue Nov 05 01:18:09 GMT 2024","","INFERENCE-CONTROL","INFERENCE-CONTROL",""
"","2","SUPPORTRULEEXP.02","","Tue Nov 05 01:12:50 GMT 2024","passed","Tue Nov 05 01:12:50 GMT 2024","","DEPENDENT-TYPES","DEPENDENT-TYPES",""
"","2","D3-DEPTYPES.07","","Tue Nov 05 00:33:46 GMT 2024","passed","Tue Nov 05 00:33:46 GMT 2024","","HYPERON-EXPERIMENTAL-SCRIPTS","HYPERON-EXPERIMENTAL-SCRIPTS",""
"","1229","SYNTHESIZE-VIA-LET-TEST.06","","Tue Nov 05 01:24:46 GMT 2024","failed","Tue Nov 05 01:24:47 GMT 2024","","EXPERIMENTS","EXPERIMENTS",""
"","2","D2-HIGHERFUNC.18","","Tue Nov 05 00:33:46 GMT 2024","passed","Tue Nov 05 00:33:46 GMT 2024","","HYPERON-EXPERIMENTAL-SCRIPTS","HYPERON-EXPERIMENTAL-SCRIPTS",""
"","2","ADD-REMOVE-MATCH-SS-STRINGS.11","","Tue Nov 05 00:50:57 GMT 2024","passed","Tue Nov 05 00:50:57 GMT 2024","","SPACES","SPACES",""
"","41000","SICP_book.chapter_1_3","","Tue Nov 05 00:33:42 GMT 2024","failed","Tue Nov 05 00:34:23 GMT 2024","","WHOLE-TESTS","WHOLE-TESTS",""
"","2","CHAPTER-1-2.04","","Tue Nov 05 00:53:14 GMT 2024","passed","Tue Nov 05 00:53:14 GMT 2024","","SICP-BOOK","SICP-BOOK",""
"","2","INF-CTL-MONTH-BC-CONT-XP.15","","Tue Nov 05 01:18:09 GMT 2024","passed","Tue Nov 05 01:18:09 GMT 2024","","INFERENCE-CONTROL","INFERENCE-CONTROL",""
"","2","TESTS3.05","","Tue Nov 05 00:44:08 GMT 2024","passed","Tue Nov 05 00:44:08 GMT 2024","","MAIN-BRANCH","MAIN-BRANCH",""
"","2","TYPES2.03","","Tue Nov 05 00:39:18 GMT 2024","passed","Tue Nov 05 00:39:18 GMT 2024","","METTA-MORPH-TESTS","METTA-MORPH-TESTS",""
"","2","TYPE-PROP.05","","Tue Nov 05 00:48:37 GMT 2024","passed","Tue Nov 05 00:48:37 GMT 2024","","CHAINING","CHAINING",""
"","4000","match.DeductionImplicationDirectIntroductionMatchTest","","Tue Nov 05 00:33:42 GMT 2024","passed","Tue Nov 05 00:33:46 GMT 2024","","WHOLE-TESTS","WHOLE-TESTS",""
"","2","BCHAIN-COMP.02","","Tue Nov 05 00:41:27 GMT 2024","passed","Tue Nov 05 00:41:27 GMT 2024","","ANTI-REGRESSION","ANTI-REGRESSION",""
"","2","BCHAIN-COMP.01","","Tue Nov 05 00:41:27 GMT 2024","passed","Tue Nov 05 00:41:27 GMT 2024","","ANTI-REGRESSION","ANTI-REGRESSION",""
"","2","B5-TYPES-PRELIM.13","","Tue Nov 05 00:33:46 GMT 2024","passed","Tue Nov 05 00:33:46 GMT 2024","","HYPERON-EXPERIMENTAL-SCRIPTS","HYPERON-EXPERIMENTAL-SCRIPTS",""
"","40","FC-XP.13","","Tue Nov 05 01:16:53 GMT 2024","failed","Tue Nov 05 01:16:53 GMT 2024","","FORWARD-CHAINING","FORWARD-CHAINING",""
"","5000","direct_comp.add_atom_match","","Tue Nov 05 00:33:42 GMT 2024","passed","Tue Nov 05 00:33:47 GMT 2024","","WHOLE-TESTS","WHOLE-TESTS",""
"","2","FC-XP.14","","Tue Nov 05 01:16:53 GMT 2024","passed","Tue Nov 05 01:16:53 GMT 2024","","FORWARD-CHAINING","FORWARD-CHAINING",""
"","5","UNIQUE-TEST.12","","Tue Nov 05 00:35:22 GMT 2024","passed","Tue Nov 05 00:35:22 GMT 2024","","HYPERON-METTALOG-SANITY","HYPERON-METTALOG-SANITY",""
"","2","E2-STATES.09","","Tue Nov 05 01:10:09 GMT 2024","passed","Tue Nov 05 01:10:09 GMT 2024","","CHECK-TYPES","CHECK-TYPES",""
"","132","NATTEST.01","","Tue Nov 05 01:16:58 GMT 2024","failed","Tue Nov 05 01:16:58 GMT 2024","","HOL","HOL",""
"","1","DEBUG-METTALOGTESTCURRIED.10","","Tue Nov 05 01:47:13 GMT 2024","passed","Tue Nov 05 01:47:13 GMT 2024","","WALK-THRU","WALK-THRU",""
"","41000","basic.pathfinding-hard","","Tue Nov 05 00:33:42 GMT 2024","failed","Tue Nov 05 00:34:23 GMT 2024","","WHOLE-TESTS","WHOLE-TESTS",""
"","13","E3-MATCH-STATES.05","","Tue Nov 05 00:33:46 GMT 2024","failed","Tue Nov 05 00:33:46 GMT 2024","","HYPERON-EXPERIMENTAL-SCRIPTS","HYPERON-EXPERIMENTAL-SCRIPTS",""
"","2","BASIC.09","","Tue Nov 05 01:07:05 GMT 2024","passed","Tue Nov 05 01:07:05 GMT 2024","","TRAVERSER","TRAVERSER",""
"","5000","bidirectional_computation.send-more-money","","Tue Nov 05 00:33:42 GMT 2024","passed","Tue Nov 05 00:33:47 GMT 2024","","WHOLE-TESTS","WHOLE-TESTS",""
"","3","SHOW-TYPE.04","","Tue Nov 05 00:50:41 GMT 2024","passed","Tue Nov 05 00:50:41 GMT 2024","","INTROSPECT","INTROSPECT",""
"","2","TYPE-PROP.23","","Tue Nov 05 01:09:48 GMT 2024","passed","Tue Nov 05 01:09:48 GMT 2024","","CHECK-TYPES-TEMP","CHECK-TYPES-TEMP",""
"","15","CHAPTER-2-4.19","","Tue Nov 05 00:53:14 GMT 2024","failed","Tue Nov 05 00:53:14 GMT 2024","","SICP-BOOK","SICP-BOOK",""
"","2","D4-TYPE-PROP.16","","Tue Nov 05 00:43:40 GMT 2024","passed","Tue Nov 05 00:43:40 GMT 2024","","QUICK","QUICK",""
"","2","FC-XP.03","","Tue Nov 05 01:16:53 GMT 2024","passed","Tue Nov 05 01:16:53 GMT 2024","","FORWARD-CHAINING","FORWARD-CHAINING",""
"","4000","chaining.parent_go_1","","Tue Nov 05 00:33:42 GMT 2024","passed","Tue Nov 05 00:33:46 GMT 2024","","WHOLE-TESTS","WHOLE-TESTS",""
"","3","BCHAIN.03","","Tue Nov 05 00:41:27 GMT 2024","passed","Tue Nov 05 00:41:27 GMT 2024","","ANTI-REGRESSION","ANTI-REGRESSION",""
"","12","F1-IMPORTS.04","","Tue Nov 05 00:33:37 GMT 2024","failed","Tue Nov 05 00:33:37 GMT 2024","","MODULE-SYSTEM","MODULE-SYSTEM",""
"","4","BCHAIN.06","","Tue Nov 05 00:41:27 GMT 2024","passed","Tue Nov 05 00:41:27 GMT 2024","","ANTI-REGRESSION","ANTI-REGRESSION",""
"","2","ADD-ATOM-NAIVE-FIB.02","","Tue Nov 05 02:02:03 GMT 2024","passed","Tue Nov 05 02:02:03 GMT 2024","","COMPARISONS","COMPARISONS",""
"","1192","TESTS2.05","","Tue Nov 05 00:44:08 GMT 2024","failed","Tue Nov 05 00:44:09 GMT 2024","","MAIN-BRANCH","MAIN-BRANCH",""
"","42000","python_from_metta.fs","","Tue Nov 05 00:33:42 GMT 2024","failed","Tue Nov 05 00:34:24 GMT 2024","","WHOLE-TESTS","WHOLE-TESTS",""
"","3","BCHAIN.01","","Tue Nov 05 01:47:13 GMT 2024","passed","Tue Nov 05 01:47:13 GMT 2024","","WALK-THRU","WALK-THRU",""
"","2","GROUNDED-BASIC.01","","Tue Nov 05 00:51:40 GMT 2024","passed","Tue Nov 05 00:51:40 GMT 2024","","STD","STD",""
"","2","CURRIED-CHAINER.06","","Tue Nov 05 01:14:50 GMT 2024","passed","Tue Nov 05 01:14:50 GMT 2024","","CURRIED-CHAINING","CURRIED-CHAINING",""
"","4000","anti-regression.bchain_comp","","Tue Nov 05 00:33:42 GMT 2024","passed","Tue Nov 05 00:33:46 GMT 2024","","WHOLE-TESTS","WHOLE-TESTS",""
"","2","ADD-REMOVE-MATCH-SS-SYMBOLS.09","","Tue Nov 05 00:50:57 GMT 2024","passed","Tue Nov 05 00:50:57 GMT 2024","","SPACES","SPACES",""
"","45000","walk_thru.bc_comp","","Tue Nov 05 00:33:42 GMT 2024","failed","Tue Nov 05 00:34:27 GMT 2024","","WHOLE-TESTS","WHOLE-TESTS",""
"","2","D2-HIGHERFUNC.12","","Tue Nov 05 01:10:09 GMT 2024","passed","Tue Nov 05 01:10:09 GMT 2024","","CHECK-TYPES","CHECK-TYPES",""
"","208","SYNTHESIZE-VIA-UNIFY-TEST.03","","Tue Nov 05 01:24:46 GMT 2024","failed","Tue Nov 05 01:24:46 GMT 2024","","EXPERIMENTS","EXPERIMENTS",""
"","5000","check_types.d5_auto_types","","Tue Nov 05 00:33:42 GMT 2024","passed","Tue Nov 05 00:33:47 GMT 2024","","WHOLE-TESTS","WHOLE-TESTS",""
"","2","LISTTEST.07","","Tue Nov 05 01:14:11 GMT 2024","passed","Tue Nov 05 01:14:11 GMT 2024","","COMMON","COMMON",""
"","144","NALIFIER.01","","Tue Nov 05 00:39:18 GMT 2024","passed","Tue Nov 05 00:39:18 GMT 2024","","METTA-MORPH-TESTS","METTA-MORPH-TESTS",""
"","111","STDLIB-METTALOG-TEST-PT2.01","","Tue Nov 05 00:53:04 GMT 2024","failed","Tue Nov 05 00:53:04 GMT 2024","","STDLIB-METTALOG","STDLIB-METTALOG",""
"","147","ADD-REMOVE-MATCH-S-SYMBOLS.14","","Tue Nov 05 00:50:57 GMT 2024","passed","Tue Nov 05 00:50:57 GMT 2024","","SPACES","SPACES",""
"","2","D2-HIGHERFUNC.10","","Tue Nov 05 01:10:09 GMT 2024","passed","Tue Nov 05 01:10:09 GMT 2024","","CHECK-TYPES","CHECK-TYPES",""
"","2","NUMTEST.08","","Tue Nov 05 01:14:11 GMT 2024","passed","Tue Nov 05 01:14:11 GMT 2024","","COMMON","COMMON",""
"","3","FC-XP.31","","Tue Nov 05 01:16:53 GMT 2024","passed","Tue Nov 05 01:16:53 GMT 2024","","FORWARD-CHAINING","FORWARD-CHAINING",""
"","2","HYPERPOSING-UNSHARED.10","","Tue Nov 05 01:55:46 GMT 2024","passed","Tue Nov 05 01:55:46 GMT 2024","","BASIC","BASIC",""
"","2208","SELF-CONTAINED-SYNTHESIZE.07","","Tue Nov 05 01:24:46 GMT 2024","failed","Tue Nov 05 01:24:48 GMT 2024","","EXPERIMENTS","EXPERIMENTS",""
"","2","MATCH-VOID.02","","Tue Nov 05 00:39:18 GMT 2024","passed","Tue Nov 05 00:39:18 GMT 2024","","METTA-MORPH-TESTS","METTA-MORPH-TESTS",""
"","3","CML-UNSHARED.01","","Tue Nov 05 01:55:46 GMT 2024","passed","Tue Nov 05 01:55:46 GMT 2024","","BASIC","BASIC",""
"","513","PARENT-GO-1-COMP.01","","Tue Nov 05 00:48:37 GMT 2024","passed","Tue Nov 05 00:48:37 GMT 2024","","CHAINING","CHAINING",""
"","728","GENE-QUERY.01","","Tue Nov 05 01:09:41 GMT 2024","passed","Tue Nov 05 01:09:41 GMT 2024","","QUERY","QUERY",""
"","3","STATE-TYPES.11","","Tue Nov 05 01:55:46 GMT 2024","passed","Tue Nov 05 01:55:46 GMT 2024","","BASIC","BASIC",""
"","74","C1-GROUNDED-BASIC.19","","Tue Nov 05 00:33:46 GMT 2024","passed","Tue Nov 05 00:33:46 GMT 2024","","HYPERON-EXPERIMENTAL-SCRIPTS","HYPERON-EXPERIMENTAL-SCRIPTS",""
"","2","D2-HIGHERFUNC.08","","Tue Nov 05 00:43:40 GMT 2024","passed","Tue Nov 05 00:43:40 GMT 2024","","QUICK","QUICK",""
"","2","HYPERPOSE.06","","Tue Nov 05 00:39:18 GMT 2024","passed","Tue Nov 05 00:39:18 GMT 2024","","METTA-MORPH-TESTS","METTA-MORPH-TESTS",""
"","3","HIGHER-ORDER-FUNCS.07","","Tue Nov 05 00:51:40 GMT 2024","passed","Tue Nov 05 00:51:40 GMT 2024","","STD","STD",""
"","1","TYPE-PROP.09","","Tue Nov 05 00:48:37 GMT 2024","passed","Tue Nov 05 00:48:37 GMT 2024","","CHAINING","CHAINING",""
"","16","STDLIB-METTALOG-TEST-PT2.68","","Tue Nov 05 00:53:04 GMT 2024","failed","Tue Nov 05 00:53:04 GMT 2024","","STDLIB-METTALOG","STDLIB-METTALOG",""
"","2","ADD-REMOVE-MATCH-MIX-FLOAT-INTEGER.20","","Tue Nov 05 00:50:57 GMT 2024","passed","Tue Nov 05 00:50:57 GMT 2024","","SPACES","SPACES",""
"","2","DEDUCTIONFORMULATEST.04","","Tue Nov 05 01:14:35 GMT 2024","passed","Tue Nov 05 01:14:35 GMT 2024","","FORMULA","FORMULA",""
"","3","ADD-REMOVE-MATCH-STRINGS.15","","Tue Nov 05 00:50:57 GMT 2024","passed","Tue Nov 05 00:50:57 GMT 2024","","SPACES","SPACES",""
"","2","F1-IMPORTS.19","","Tue Nov 05 00:33:46 GMT 2024","passed","Tue Nov 05 00:33:46 GMT 2024","","HYPERON-EXPERIMENTAL-SCRIPTS","HYPERON-EXPERIMENTAL-SCRIPTS",""
"","2","F1-IMPORTS.16","","Tue Nov 05 00:33:46 GMT 2024","passed","Tue Nov 05 00:33:46 GMT 2024","","HYPERON-EXPERIMENTAL-SCRIPTS","HYPERON-EXPERIMENTAL-SCRIPTS",""
"","40000","basic.fwgc1","","Tue Nov 05 00:33:42 GMT 2024","failed","Tue Nov 05 00:34:22 GMT 2024","","WHOLE-TESTS","WHOLE-TESTS",""
"","3","CHAPTER-1-1.19","","Tue Nov 05 00:53:14 GMT 2024","passed","Tue Nov 05 00:53:14 GMT 2024","","SICP-BOOK","SICP-BOOK",""
"","994","PLLM-PENNTREE.04","","Tue Nov 05 02:08:13 GMT 2024","passed","Tue Nov 05 02:08:13 GMT 2024","","LANGUAGE-MODELS","LANGUAGE-MODELS",""
"","1026","PLLM-PENNTREE.01","","Tue Nov 05 02:08:13 GMT 2024","passed","Tue Nov 05 02:08:14 GMT 2024","","LANGUAGE-MODELS","LANGUAGE-MODELS",""
"","15","CHAPTER-2-4.22","","Tue Nov 05 00:53:14 GMT 2024","failed","Tue Nov 05 00:53:14 GMT 2024","","SICP-BOOK","SICP-BOOK",""
"","2","SUPERCOLLAPSE.01","","Tue Nov 05 00:39:18 GMT 2024","passed","Tue Nov 05 00:39:18 GMT 2024","","METTA-MORPH-TESTS","METTA-MORPH-TESTS",""
"","4000","hyperon-experimental_scripts.a1_symbols","","Tue Nov 05 00:33:42 GMT 2024","passed","Tue Nov 05 00:33:46 GMT 2024","","WHOLE-TESTS","WHOLE-TESTS",""
"","257","REWRITES.03","","Tue Nov 05 01:05:33 GMT 2024","failed","Tue Nov 05 01:05:33 GMT 2024","","STACK-BASED","STACK-BASED",""
"","88","ADD-ATOM-NAIVE-FIB.10","","Tue Nov 05 02:02:03 GMT 2024","passed","Tue Nov 05 02:02:03 GMT 2024","","COMPARISONS","COMPARISONS",""
"","3","D1-GADT.11","","Tue Nov 05 00:43:40 GMT 2024","passed","Tue Nov 05 00:43:40 GMT 2024","","QUICK","QUICK",""
"","2","NATDTLTEST.03","","Tue Nov 05 01:16:58 GMT 2024","passed","Tue Nov 05 01:16:58 GMT 2024","","HOL","HOL",""
"","3","TESTS4.05","","Tue Nov 05 00:44:08 GMT 2024","passed","Tue Nov 05 00:44:08 GMT 2024","","MAIN-BRANCH","MAIN-BRANCH",""
"","48","OR-TEST.02","","Tue Nov 05 00:35:22 GMT 2024","failed","Tue Nov 05 00:35:22 GMT 2024","","HYPERON-METTALOG-SANITY","HYPERON-METTALOG-SANITY",""
"","3","E2-STATES.03","","Tue Nov 05 01:10:09 GMT 2024","passed","Tue Nov 05 01:10:09 GMT 2024","","CHECK-TYPES","CHECK-TYPES",""
"","2","ADD-REMOVE-MATCH-FLOAT.09","","Tue Nov 05 00:50:57 GMT 2024","passed","Tue Nov 05 00:50:57 GMT 2024","","SPACES","SPACES",""
"","3","STDLIB-METTALOG-TEST-PT2.65","","Tue Nov 05 00:53:04 GMT 2024","passed","Tue Nov 05 00:53:04 GMT 2024","","STDLIB-METTALOG","STDLIB-METTALOG",""
"","2","BACKWARD-CHAINER-XP.34","","Tue Nov 05 01:13:57 GMT 2024","passed","Tue Nov 05 01:13:57 GMT 2024","","BACKWARD-CHAINER","BACKWARD-CHAINER",""
"","3","D1-GADT.07","","Tue Nov 05 00:33:46 GMT 2024","passed","Tue Nov 05 00:33:46 GMT 2024","","HYPERON-EXPERIMENTAL-SCRIPTS","HYPERON-EXPERIMENTAL-SCRIPTS",""
"","1","METTALOGTESTCURRIED2.04","","Tue Nov 05 01:47:13 GMT 2024","passed","Tue Nov 05 01:47:13 GMT 2024","","WALK-THRU","WALK-THRU",""
"","9","TEST-INFER-FUNCTION-APPLICATION-TYPE.04","","Tue Nov 05 01:55:46 GMT 2024","failed","Tue Nov 05 01:55:46 GMT 2024","","BASIC","BASIC",""
"","2","F1-IMPORTS.19","","Tue Nov 05 00:43:40 GMT 2024","passed","Tue Nov 05 00:43:40 GMT 2024","","QUICK","QUICK",""
"","2","PREREQS.03","","Tue Nov 05 00:44:08 GMT 2024","passed","Tue Nov 05 00:44:08 GMT 2024","","MAIN-BRANCH","MAIN-BRANCH",""
"","3","TESTS2.02","","Tue Nov 05 00:44:08 GMT 2024","passed","Tue Nov 05 00:44:08 GMT 2024","","MAIN-BRANCH","MAIN-BRANCH",""
"","7000","chaining.v2-pln-xp-easy-impl","","Tue Nov 05 00:33:42 GMT 2024","passed","Tue Nov 05 00:33:49 GMT 2024","","WHOLE-TESTS","WHOLE-TESTS",""
"","2","F1-IMPORTS.20","","Tue Nov 05 00:43:40 GMT 2024","passed","Tue Nov 05 00:43:40 GMT 2024","","QUICK","QUICK",""
"","2","FORWARD-CHAINER-XP.07","","Tue Nov 05 01:16:43 GMT 2024","passed","Tue Nov 05 01:16:43 GMT 2024","","FORWARD-CHAINER","FORWARD-CHAINER",""
"","2","BC-XP.14","","Tue Nov 05 01:14:02 GMT 2024","passed","Tue Nov 05 01:14:02 GMT 2024","","BACKWARD-CHAINING","BACKWARD-CHAINING",""
"","100","ADD-REMOVE-MATCH-MIX-FLOAT-INTEGER.27","","Tue Nov 05 00:50:57 GMT 2024","failed","Tue Nov 05 00:50:57 GMT 2024","","SPACES","SPACES",""
"","3","TYPES.01","","Tue Nov 05 00:39:18 GMT 2024","passed","Tue Nov 05 00:39:18 GMT 2024","","METTA-MORPH-TESTS","METTA-MORPH-TESTS",""
"","3","B2-BACKCHAIN.01","","Tue Nov 05 00:33:46 GMT 2024","passed","Tue Nov 05 00:33:46 GMT 2024","","HYPERON-EXPERIMENTAL-SCRIPTS","HYPERON-EXPERIMENTAL-SCRIPTS",""
"","2","IMPLICATIONDIRECTINTRODUCTIONENTAILTEST.03","","Tue Nov 05 01:16:23 GMT 2024","passed","Tue Nov 05 01:16:23 GMT 2024","","ENTAIL","ENTAIL",""
"","2","D1-GADT.02","","Tue Nov 05 01:10:09 GMT 2024","passed","Tue Nov 05 01:10:09 GMT 2024","","CHECK-TYPES","CHECK-TYPES",""
"","2","BACKWARD-CHAINER-XP.21","","Tue Nov 05 01:13:57 GMT 2024","passed","Tue Nov 05 01:13:57 GMT 2024","","BACKWARD-CHAINER","BACKWARD-CHAINER",""
"","2","E2-STATES.10","","Tue Nov 05 01:10:09 GMT 2024","passed","Tue Nov 05 01:10:09 GMT 2024","","CHECK-TYPES","CHECK-TYPES",""
"","96","ADD-REMOVE-MATCH-INTEGER.38","","Tue Nov 05 00:50:57 GMT 2024","passed","Tue Nov 05 00:50:57 GMT 2024","","SPACES","SPACES",""
"","5000","comparisons.inf-ctl-month-xp-short_3","","Tue Nov 05 00:33:42 GMT 2024","passed","Tue Nov 05 00:33:47 GMT 2024","","WHOLE-TESTS","WHOLE-TESTS",""
"","244","DEDUCTIONIMPLICATIONDIRECTINTRODUCTIONDTLTEST.04","","Tue Nov 05 01:12:50 GMT 2024","passed","Tue Nov 05 01:12:50 GMT 2024","","DEPENDENT-TYPES","DEPENDENT-TYPES",""
"","11","UNWEIGHTED-PLLM.04","","Tue Nov 05 02:08:13 GMT 2024","failed","Tue Nov 05 02:08:13 GMT 2024","","LANGUAGE-MODELS","LANGUAGE-MODELS",""
"","7540","SUPPORTRULEEXP.04","","Tue Nov 05 01:12:50 GMT 2024","failed","Tue Nov 05 01:12:57 GMT 2024","","DEPENDENT-TYPES","DEPENDENT-TYPES",""
"","5000","logic.all_any","","Tue Nov 05 00:33:42 GMT 2024","passed","Tue Nov 05 00:33:47 GMT 2024","","WHOLE-TESTS","WHOLE-TESTS",""
"","2","OR-TEST.06","","Tue Nov 05 00:35:22 GMT 2024","passed","Tue Nov 05 00:35:22 GMT 2024","","HYPERON-METTALOG-SANITY","HYPERON-METTALOG-SANITY",""
"","3","03-SORING-VIA-INSERT.05","","Tue Nov 05 00:35:22 GMT 2024","passed","Tue Nov 05 00:35:22 GMT 2024","","HYPERON-METTALOG-SANITY","HYPERON-METTALOG-SANITY",""
"","3","TESTS2.04","","Tue Nov 05 00:44:08 GMT 2024","passed","Tue Nov 05 00:44:08 GMT 2024","","MAIN-BRANCH","MAIN-BRANCH",""
"","2","ADD-REMOVE-MATCH-SYMBOLS.11","","Tue Nov 05 00:50:57 GMT 2024","passed","Tue Nov 05 00:50:57 GMT 2024","","SPACES","SPACES",""
"","3","ADD-REMOVE-MATCH-STRINGS.01","","Tue Nov 05 00:50:57 GMT 2024","passed","Tue Nov 05 00:50:57 GMT 2024","","SPACES","SPACES",""
"","3","SYNTHESIZE-VIA-LET-TEST.04","","Tue Nov 05 01:24:46 GMT 2024","passed","Tue Nov 05 01:24:46 GMT 2024","","EXPERIMENTS","EXPERIMENTS",""
"","5000","entail.DeductionEntailTest","","Tue Nov 05 00:33:42 GMT 2024","passed","Tue Nov 05 00:33:47 GMT 2024","","WHOLE-TESTS","WHOLE-TESTS",""
"","2","INF-CTL-MONTH-XP-SHORT-3.14","","Tue Nov 05 02:02:03 GMT 2024","passed","Tue Nov 05 02:02:03 GMT 2024","","COMPARISONS","COMPARISONS",""
"","1","KEY-LOOKUPS-MANY.12","","Tue Nov 05 01:55:46 GMT 2024","passed","Tue Nov 05 01:55:46 GMT 2024","","BASIC","BASIC",""
"","2","CHAPTER-2-4.16","","Tue Nov 05 00:53:14 GMT 2024","passed","Tue Nov 05 00:53:14 GMT 2024","","SICP-BOOK","SICP-BOOK",""
"","2","SEQUENTIAL-NESTED.09","","Tue Nov 05 00:39:18 GMT 2024","passed","Tue Nov 05 00:39:18 GMT 2024","","METTA-MORPH-TESTS","METTA-MORPH-TESTS",""
"","280","SELF-CONTAINED-SYNTHESIZE.04","","Tue Nov 05 01:24:46 GMT 2024","failed","Tue Nov 05 01:24:46 GMT 2024","","EXPERIMENTS","EXPERIMENTS",""
"","3","AI-SERVICE-COMPOSITION-SANITY.04","","Tue Nov 05 01:07:17 GMT 2024","passed","Tue Nov 05 01:07:17 GMT 2024","","AI-SERVICE","AI-SERVICE",""
"","2","ADD-REMOVE-MATCH-INTEGER.19","","Tue Nov 05 00:50:57 GMT 2024","passed","Tue Nov 05 00:50:57 GMT 2024","","SPACES","SPACES",""
"","2","BC-XP.24","","Tue Nov 05 01:14:02 GMT 2024","passed","Tue Nov 05 01:14:02 GMT 2024","","BACKWARD-CHAINING","BACKWARD-CHAINING",""
"","7","F1-IMPORTS.02","","Tue Nov 05 00:43:40 GMT 2024","passed","Tue Nov 05 00:43:40 GMT 2024","","QUICK","QUICK",""
"","81","SHOW-TYPE.14","","Tue Nov 05 00:50:41 GMT 2024","failed","Tue Nov 05 00:50:41 GMT 2024","","INTROSPECT","INTROSPECT",""
"","2","NATDTLTEST.02","","Tue Nov 05 01:16:58 GMT 2024","passed","Tue Nov 05 01:16:58 GMT 2024","","HOL","HOL",""
"","5000","multidirectional.ioioioi_using_equality","","Tue Nov 05 00:33:42 GMT 2024","passed","Tue Nov 05 00:33:47 GMT 2024","","WHOLE-TESTS","WHOLE-TESTS",""
"","40000","dependent-types.MinerDTL3Test","","Tue Nov 05 00:33:42 GMT 2024","failed","Tue Nov 05 00:34:22 GMT 2024","","WHOLE-TESTS","WHOLE-TESTS",""
"","3","LTE.08","","Tue Nov 05 00:51:40 GMT 2024","passed","Tue Nov 05 00:51:40 GMT 2024","","STD","STD",""
"","3","TESTS0.02","","Tue Nov 05 01:41:52 GMT 2024","passed","Tue Nov 05 01:41:52 GMT 2024","","PREV","PREV",""
"","2","PROB-DEP-TYPES.02","","Tue Nov 05 01:01:52 GMT 2024","passed","Tue Nov 05 01:01:52 GMT 2024","","PROB-DEP-TYPES","PROB-DEP-TYPES",""
"","2","D4-TYPE-PROP.20","","Tue Nov 05 01:10:09 GMT 2024","passed","Tue Nov 05 01:10:09 GMT 2024","","CHECK-TYPES","CHECK-TYPES",""
"","2","D4-TYPE-PROP.11","","Tue Nov 05 00:33:46 GMT 2024","passed","Tue Nov 05 00:33:46 GMT 2024","","HYPERON-EXPERIMENTAL-SCRIPTS","HYPERON-EXPERIMENTAL-SCRIPTS",""
"","2","TMPMATCH2.04","","Tue Nov 05 00:41:27 GMT 2024","passed","Tue Nov 05 00:41:27 GMT 2024","","ANTI-REGRESSION","ANTI-REGRESSION",""
"","3","C1-GROUNDED-BASIC.07","","Tue Nov 05 00:43:40 GMT 2024","passed","Tue Nov 05 00:43:40 GMT 2024","","QUICK","QUICK",""
"","70","STDLIB-METTALOG-TEST-PT2.73","","Tue Nov 05 00:53:04 GMT 2024","failed","Tue Nov 05 00:53:04 GMT 2024","","STDLIB-METTALOG","STDLIB-METTALOG",""
"","9","D2-HIGHERFUNC.20","","Tue Nov 05 00:43:40 GMT 2024","passed","Tue Nov 05 00:43:40 GMT 2024","","QUICK","QUICK",""
"","22","INF-CTL-MONTH-XP-SHORT-5.01","","Tue Nov 05 02:02:03 GMT 2024","failed","Tue Nov 05 02:02:03 GMT 2024","","COMPARISONS","COMPARISONS",""
"","2","C1-GROUNDED-BASIC.20","","Tue Nov 05 00:33:46 GMT 2024","passed","Tue Nov 05 00:33:46 GMT 2024","","HYPERON-EXPERIMENTAL-SCRIPTS","HYPERON-EXPERIMENTAL-SCRIPTS",""
"","3","TMPMATCH2.01","","Tue Nov 05 00:41:27 GMT 2024","passed","Tue Nov 05 00:41:27 GMT 2024","","ANTI-REGRESSION","ANTI-REGRESSION",""
"","2","IBC-XP.08","","Tue Nov 05 01:20:12 GMT 2024","passed","Tue Nov 05 01:20:12 GMT 2024","","ITERATIVE-CHAINING","ITERATIVE-CHAINING",""
"","45000","new.tests3","","Tue Nov 05 00:33:42 GMT 2024","failed","Tue Nov 05 00:34:27 GMT 2024","","WHOLE-TESTS","WHOLE-TESTS",""
"","72","E2-STATES.08","","Tue Nov 05 00:33:46 GMT 2024","failed","Tue Nov 05 00:33:46 GMT 2024","","HYPERON-EXPERIMENTAL-SCRIPTS","HYPERON-EXPERIMENTAL-SCRIPTS",""
"","3","IDENTITY.01","","Tue Nov 05 01:46:47 GMT 2024","passed","Tue Nov 05 01:46:47 GMT 2024","","TRANSPILER","TRANSPILER",""
"","2","INF-CTL-MONTH-BC-CONT-XP.09","","Tue Nov 05 01:18:09 GMT 2024","passed","Tue Nov 05 01:18:09 GMT 2024","","INFERENCE-CONTROL","INFERENCE-CONTROL",""
"","851","BC-IMPL.02","","Tue Nov 05 01:47:13 GMT 2024","passed","Tue Nov 05 01:47:13 GMT 2024","","WALK-THRU","WALK-THRU",""
"","40000","main-branch.tests1","","Tue Nov 05 00:33:42 GMT 2024","failed","Tue Nov 05 00:34:22 GMT 2024","","WHOLE-TESTS","WHOLE-TESTS",""
"","91","PROB-DEP-TYPES.03","","Tue Nov 05 01:01:52 GMT 2024","passed","Tue Nov 05 01:01:52 GMT 2024","","PROB-DEP-TYPES","PROB-DEP-TYPES",""
"","2","ADD-REMOVE-MATCH-S-SYMBOLS.09","","Tue Nov 05 00:50:57 GMT 2024","passed","Tue Nov 05 00:50:57 GMT 2024","","SPACES","SPACES",""
"","2","PLN-XP-LOCAL-V2.01","","Tue Nov 05 00:48:37 GMT 2024","passed","Tue Nov 05 00:48:37 GMT 2024","","CHAINING","CHAINING",""
"","1","DEDUCTIONFORMULATEST.11","","Tue Nov 05 01:14:35 GMT 2024","passed","Tue Nov 05 01:14:35 GMT 2024","","FORMULA","FORMULA",""
"","3","TYPE-PROP.64","","Tue Nov 05 01:09:48 GMT 2024","passed","Tue Nov 05 01:09:48 GMT 2024","","CHECK-TYPES-TEMP","CHECK-TYPES-TEMP",""
"","2","ADD-ATOM-NAIVE-FIB.07","","Tue Nov 05 02:02:03 GMT 2024","passed","Tue Nov 05 02:02:03 GMT 2024","","COMPARISONS","COMPARISONS",""
"","2","D4-TYPE-PROP.23","","Tue Nov 05 01:10:09 GMT 2024","passed","Tue Nov 05 01:10:09 GMT 2024","","CHECK-TYPES","CHECK-TYPES",""
"","5000","hol.NatDTLTest","","Tue Nov 05 00:33:42 GMT 2024","passed","Tue Nov 05 00:33:47 GMT 2024","","WHOLE-TESTS","WHOLE-TESTS",""
"","2","C1-GROUNDED-BASIC.16","","Tue Nov 05 00:33:46 GMT 2024","passed","Tue Nov 05 00:33:46 GMT 2024","","HYPERON-EXPERIMENTAL-SCRIPTS","HYPERON-EXPERIMENTAL-SCRIPTS",""
"","2","BACKWARD-CHAINER-XP.09","","Tue Nov 05 01:13:57 GMT 2024","passed","Tue Nov 05 01:13:57 GMT 2024","","BACKWARD-CHAINER","BACKWARD-CHAINER",""
"","54","IOIOIOI-USING-EQUALITY.02","","Tue Nov 05 01:53:28 GMT 2024","failed","Tue Nov 05 01:53:28 GMT 2024","","MULTIDIRECTIONAL","MULTIDIRECTIONAL",""
"","3","NATPARITYTEST.12","","Tue Nov 05 01:16:58 GMT 2024","passed","Tue Nov 05 01:16:58 GMT 2024","","HOL","HOL",""
"","289","SELF-CONTAINED-SYNTHESIZE.03","","Tue Nov 05 01:24:46 GMT 2024","failed","Tue Nov 05 01:24:46 GMT 2024","","EXPERIMENTS","EXPERIMENTS",""
"","1","ADD-REMOVE-MATCH-INTEGER.24","","Tue Nov 05 00:50:57 GMT 2024","passed","Tue Nov 05 00:50:57 GMT 2024","","SPACES","SPACES",""
"","9","D1-GADT.13","","Tue Nov 05 00:43:40 GMT 2024","passed","Tue Nov 05 00:43:40 GMT 2024","","QUICK","QUICK",""
"","3","STDLIB-METTALOG-TEST-PT2.66","","Tue Nov 05 00:53:04 GMT 2024","passed","Tue Nov 05 00:53:04 GMT 2024","","STDLIB-METTALOG","STDLIB-METTALOG",""
"","98","SHOW-TYPE.03","","Tue Nov 05 00:50:41 GMT 2024","failed","Tue Nov 05 00:50:41 GMT 2024","","INTROSPECT","INTROSPECT",""
"","116","STDLIB-METTALOG-TEST-PT2.02","","Tue Nov 05 00:53:04 GMT 2024","failed","Tue Nov 05 00:53:04 GMT 2024","","STDLIB-METTALOG","STDLIB-METTALOG",""
"","4000","anti-regression.tmpMatch1","","Tue Nov 05 00:33:42 GMT 2024","passed","Tue Nov 05 00:33:46 GMT 2024","","WHOLE-TESTS","WHOLE-TESTS",""
"","2","ADD-REMOVE-MATCH-INTEGER.43","","Tue Nov 05 00:50:57 GMT 2024","passed","Tue Nov 05 00:50:57 GMT 2024","","SPACES","SPACES",""
"","1","00-LANG-CASE.05","","Tue Nov 05 00:35:22 GMT 2024","passed","Tue Nov 05 00:35:22 GMT 2024","","HYPERON-METTALOG-SANITY","HYPERON-METTALOG-SANITY",""
"","2","TYPE-PROP.78","","Tue Nov 05 01:09:48 GMT 2024","passed","Tue Nov 05 01:09:48 GMT 2024","","CHECK-TYPES-TEMP","CHECK-TYPES-TEMP",""
"","2","IBC-XP.23","","Tue Nov 05 01:20:12 GMT 2024","passed","Tue Nov 05 01:20:12 GMT 2024","","ITERATIVE-CHAINING","ITERATIVE-CHAINING",""
"","154","ADD-REMOVE-MATCH-MIX-FLOAT-INTEGER.25","","Tue Nov 05 00:50:57 GMT 2024","failed","Tue Nov 05 00:50:57 GMT 2024","","SPACES","SPACES",""
"","1","ADD-REMOVE-MATCH-SS-SYMBOLS.06","","Tue Nov 05 00:50:57 GMT 2024","passed","Tue Nov 05 00:50:57 GMT 2024","","SPACES","SPACES",""
"","3","BC-COMP.01","","Tue Nov 05 00:41:27 GMT 2024","passed","Tue Nov 05 00:41:27 GMT 2024","","ANTI-REGRESSION","ANTI-REGRESSION",""
"","4","IFC-XP.39","","Tue Nov 05 01:20:12 GMT 2024","passed","Tue Nov 05 01:20:12 GMT 2024","","ITERATIVE-CHAINING","ITERATIVE-CHAINING",""
"","2","TYPE-PROP.24","","Tue Nov 05 01:09:48 GMT 2024","passed","Tue Nov 05 01:09:48 GMT 2024","","CHECK-TYPES-TEMP","CHECK-TYPES-TEMP",""
"","2","STDLIB-METTALOG-TEST-PT2.44","","Tue Nov 05 00:53:04 GMT 2024","passed","Tue Nov 05 00:53:04 GMT 2024","","STDLIB-METTALOG","STDLIB-METTALOG",""
"","3","HIGHER-ORDER-FUNCS.10","","Tue Nov 05 00:51:40 GMT 2024","passed","Tue Nov 05 00:51:40 GMT 2024","","STD","STD",""
"","3","IFC-XP.23","","Tue Nov 05 01:20:12 GMT 2024","passed","Tue Nov 05 01:20:12 GMT 2024","","ITERATIVE-CHAINING","ITERATIVE-CHAINING",""
"","2","ADD-REMOVE-MATCH-MIX-FLOAT-INTEGER.12","","Tue Nov 05 00:50:57 GMT 2024","passed","Tue Nov 05 00:50:57 GMT 2024","","SPACES","SPACES",""
"","6","SPACE-SUBTRACTION-TESTS.11","","Tue Nov 05 00:35:22 GMT 2024","passed","Tue Nov 05 00:35:22 GMT 2024","","HYPERON-METTALOG-SANITY","HYPERON-METTALOG-SANITY",""
"","3","C1-GROUNDED-BASIC.01","","Tue Nov 05 00:43:40 GMT 2024","passed","Tue Nov 05 00:43:40 GMT 2024","","QUICK","QUICK",""
"","2","BACKWARD-CHAINER-XP.33","","Tue Nov 05 01:13:57 GMT 2024","passed","Tue Nov 05 01:13:57 GMT 2024","","BACKWARD-CHAINER","BACKWARD-CHAINER",""
"","2","D3-DEPTYPES.06","","Tue Nov 05 01:10:09 GMT 2024","passed","Tue Nov 05 01:10:09 GMT 2024","","CHECK-TYPES","CHECK-TYPES",""
"","3","STRING-TESTS.11","","Tue Nov 05 00:35:22 GMT 2024","passed","Tue Nov 05 00:35:22 GMT 2024","","HYPERON-METTALOG-SANITY","HYPERON-METTALOG-SANITY",""
"","81","STATE-TYPES.06","","Tue Nov 05 01:55:46 GMT 2024","failed","Tue Nov 05 01:55:46 GMT 2024","","BASIC","BASIC",""
"","2","XOR-TEST.02","","Tue Nov 05 00:35:22 GMT 2024","passed","Tue Nov 05 00:35:22 GMT 2024","","HYPERON-METTALOG-SANITY","HYPERON-METTALOG-SANITY",""
"","2","D2-HIGHERFUNC.24","","Tue Nov 05 01:10:09 GMT 2024","passed","Tue Nov 05 01:10:09 GMT 2024","","CHECK-TYPES","CHECK-TYPES",""
"","2","TYPE-PROP.08","","Tue Nov 05 00:48:37 GMT 2024","passed","Tue Nov 05 00:48:37 GMT 2024","","CHAINING","CHAINING",""
"","19","INF-CTL-XP.11","","Tue Nov 05 01:18:09 GMT 2024","failed","Tue Nov 05 01:18:09 GMT 2024","","INFERENCE-CONTROL","INFERENCE-CONTROL",""
"","2","ADD-REMOVE-MATCH-MIX-FLOAT-INTEGER.16","","Tue Nov 05 00:50:57 GMT 2024","passed","Tue Nov 05 00:50:57 GMT 2024","","SPACES","SPACES",""
"","2","XOR-TEST.05","","Tue Nov 05 00:35:22 GMT 2024","passed","Tue Nov 05 00:35:22 GMT 2024","","HYPERON-METTALOG-SANITY","HYPERON-METTALOG-SANITY",""
"","5","IMPLICATIONDIRECTINTRODUCTIONDTLTEST.08","","Tue Nov 05 01:12:50 GMT 2024","passed","Tue Nov 05 01:12:50 GMT 2024","","DEPENDENT-TYPES","DEPENDENT-TYPES",""
"","2","AI-SERVICE-COMPOSITION-EASY.04","","Tue Nov 05 01:07:17 GMT 2024","passed","Tue Nov 05 01:07:17 GMT 2024","","AI-SERVICE","AI-SERVICE",""
"","3","SPACE-INTERSECTION-TESTS.13","","Tue Nov 05 00:35:22 GMT 2024","passed","Tue Nov 05 00:35:22 GMT 2024","","HYPERON-METTALOG-SANITY","HYPERON-METTALOG-SANITY",""
"","2","E2-STATES.06","","Tue Nov 05 00:33:46 GMT 2024","passed","Tue Nov 05 00:33:46 GMT 2024","","HYPERON-EXPERIMENTAL-SCRIPTS","HYPERON-EXPERIMENTAL-SCRIPTS",""
"","2","STATES-SPACES.04","","Tue Nov 05 00:39:18 GMT 2024","passed","Tue Nov 05 00:39:18 GMT 2024","","METTA-MORPH-TESTS","METTA-MORPH-TESTS",""
"","4000","metta-morph_tests.zeroargs","","Tue Nov 05 00:33:42 GMT 2024","passed","Tue Nov 05 00:33:46 GMT 2024","","WHOLE-TESTS","WHOLE-TESTS",""
"","1","DEBUG-METTALOGTESTCURRIED.04","","Tue Nov 05 01:47:13 GMT 2024","passed","Tue Nov 05 01:47:13 GMT 2024","","WALK-THRU","WALK-THRU",""
"","2","D1-GADT.06","","Tue Nov 05 00:43:40 GMT 2024","passed","Tue Nov 05 00:43:40 GMT 2024","","QUICK","QUICK",""
"","2","METTALOGTESTCURRIED2.04","","Tue Nov 05 00:41:27 GMT 2024","passed","Tue Nov 05 00:41:27 GMT 2024","","ANTI-REGRESSION","ANTI-REGRESSION",""
"","2","SPACE-SUBTRACTION-TESTS.02","","Tue Nov 05 00:35:22 GMT 2024","passed","Tue Nov 05 00:35:22 GMT 2024","","HYPERON-METTALOG-SANITY","HYPERON-METTALOG-SANITY",""
"","1","ADD-REMOVE-MATCH-MIX-FLOAT-INTEGER.17","","Tue Nov 05 00:50:57 GMT 2024","passed","Tue Nov 05 00:50:57 GMT 2024","","SPACES","SPACES",""
"","2","UNIFY-VIA-CASE.02","","Tue Nov 05 01:24:46 GMT 2024","passed","Tue Nov 05 01:24:46 GMT 2024","","EXPERIMENTS","EXPERIMENTS",""
"","40000","SICP_book.chapter_1_3_2","","Tue Nov 05 00:33:42 GMT 2024","failed","Tue Nov 05 00:34:22 GMT 2024","","WHOLE-TESTS","WHOLE-TESTS",""
"","4000","std.higher_order_funcs","","Tue Nov 05 00:33:42 GMT 2024","passed","Tue Nov 05 00:33:46 GMT 2024","","WHOLE-TESTS","WHOLE-TESTS",""
"","2","LET-SUPERPOSE-LIST.02","","Tue Nov 05 00:39:18 GMT 2024","passed","Tue Nov 05 00:39:18 GMT 2024","","METTA-MORPH-TESTS","METTA-MORPH-TESTS",""
"","2","D2-HIGHERFUNC.17","","Tue Nov 05 00:33:46 GMT 2024","passed","Tue Nov 05 00:33:46 GMT 2024","","HYPERON-EXPERIMENTAL-SCRIPTS","HYPERON-EXPERIMENTAL-SCRIPTS",""
"","55","DEDUCTIONDTLTEST.01","","Tue Nov 05 01:12:50 GMT 2024","failed","Tue Nov 05 01:12:50 GMT 2024","","DEPENDENT-TYPES","DEPENDENT-TYPES",""
"","4000","hyperon-experimental_scripts.e1_kb_write","","Tue Nov 05 00:33:42 GMT 2024","passed","Tue Nov 05 00:33:46 GMT 2024","","WHOLE-TESTS","WHOLE-TESTS",""
"","3","ORIENTATION-TEST.02","","Tue Nov 05 01:23:54 GMT 2024","passed","Tue Nov 05 01:23:54 GMT 2024","","ORIENTATION","ORIENTATION",""
"","320","STDLIB-METTALOG-TEST-PT2.22","","Tue Nov 05 00:53:04 GMT 2024","failed","Tue Nov 05 00:53:04 GMT 2024","","STDLIB-METTALOG","STDLIB-METTALOG",""
"","315","BASIC.04","","Tue Nov 05 01:07:05 GMT 2024","passed","Tue Nov 05 01:07:05 GMT 2024","","TRAVERSER","TRAVERSER",""
"","40000","comparisons.nils_if_control_test_10","","Tue Nov 05 00:33:42 GMT 2024","failed","Tue Nov 05 00:34:22 GMT 2024","","WHOLE-TESTS","WHOLE-TESTS",""
"","4","TESTS0.04","","Tue Nov 05 00:39:18 GMT 2024","passed","Tue Nov 05 00:39:18 GMT 2024","","METTA-MORPH-TESTS","METTA-MORPH-TESTS",""
"","3","D2-HIGHERFUNC.19","","Tue Nov 05 01:10:09 GMT 2024","passed","Tue Nov 05 01:10:09 GMT 2024","","CHECK-TYPES","CHECK-TYPES",""
"","3","SPACE-INTERSECTION-TESTS.05","","Tue Nov 05 00:35:22 GMT 2024","passed","Tue Nov 05 00:35:22 GMT 2024","","HYPERON-METTALOG-SANITY","HYPERON-METTALOG-SANITY",""
"","979","TRAINING.04","","Tue Nov 05 02:08:13 GMT 2024","passed","Tue Nov 05 02:08:13 GMT 2024","","LANGUAGE-MODELS","LANGUAGE-MODELS",""
"","2","NATPARITYTEST.04","","Tue Nov 05 01:16:58 GMT 2024","passed","Tue Nov 05 01:16:58 GMT 2024","","HOL","HOL",""
"","1509","TESTS4.02","","Tue Nov 05 00:44:08 GMT 2024","failed","Tue Nov 05 00:44:09 GMT 2024","","MAIN-BRANCH","MAIN-BRANCH",""
"","5000","hyperon-mettalog_sanity.first_answer","","Tue Nov 05 00:33:42 GMT 2024","passed","Tue Nov 05 00:33:47 GMT 2024","","WHOLE-TESTS","WHOLE-TESTS",""
"","2","D4-TYPE-PROP.11","","Tue Nov 05 00:43:40 GMT 2024","passed","Tue Nov 05 00:43:40 GMT 2024","","QUICK","QUICK",""
"","2","PC-XP.05","","Tue Nov 05 01:22:53 GMT 2024","passed","Tue Nov 05 01:22:53 GMT 2024","","POLYWARD-CHAINING","POLYWARD-CHAINING",""
"","50","BACKWARD-CHAINER-XP.01","","Tue Nov 05 01:13:57 GMT 2024","failed","Tue Nov 05 01:13:57 GMT 2024","","BACKWARD-CHAINER","BACKWARD-CHAINER",""
"","4000","hyperon-experimental_scripts.b1_equal_chain","","Tue Nov 05 00:33:42 GMT 2024","passed","Tue Nov 05 00:33:46 GMT 2024","","WHOLE-TESTS","WHOLE-TESTS",""
"","2","F1-IMPORTS.17","","Tue Nov 05 00:43:40 GMT 2024","passed","Tue Nov 05 00:43:40 GMT 2024","","QUICK","QUICK",""
"","2","A1-SYMBOLS.04","","Tue Nov 05 00:33:46 GMT 2024","passed","Tue Nov 05 00:33:46 GMT 2024","","HYPERON-EXPERIMENTAL-SCRIPTS","HYPERON-EXPERIMENTAL-SCRIPTS",""
"","2","00A-LANG-COMPILED-CASE.05","","Tue Nov 05 01:45:47 GMT 2024","passed","Tue Nov 05 01:45:47 GMT 2024","","DIRECT-COMP","DIRECT-COMP",""
"","2","B1-EQUAL-CHAIN.02","","Tue Nov 05 00:33:46 GMT 2024","passed","Tue Nov 05 00:33:46 GMT 2024","","HYPERON-EXPERIMENTAL-SCRIPTS","HYPERON-EXPERIMENTAL-SCRIPTS",""
"","2","BACKWARD-CHAINER-XP.27","","Tue Nov 05 01:13:57 GMT 2024","passed","Tue Nov 05 01:13:57 GMT 2024","","BACKWARD-CHAINER","BACKWARD-CHAINER",""
"","2","02-CURRIED-PLUS.01","","Tue Nov 05 00:35:22 GMT 2024","passed","Tue Nov 05 00:35:22 GMT 2024","","HYPERON-METTALOG-SANITY","HYPERON-METTALOG-SANITY",""
"","87","D5-AUTO-TYPES.06","","Tue Nov 05 01:10:09 GMT 2024","failed","Tue Nov 05 01:10:09 GMT 2024","","CHECK-TYPES","CHECK-TYPES",""
"","65","STDLIB-METTALOG-TEST-PT2.25","","Tue Nov 05 00:53:04 GMT 2024","failed","Tue Nov 05 00:53:04 GMT 2024","","STDLIB-METTALOG","STDLIB-METTALOG",""
"","3","B5-TYPES-PRELIM.01","","Tue Nov 05 00:33:46 GMT 2024","passed","Tue Nov 05 00:33:46 GMT 2024","","HYPERON-EXPERIMENTAL-SCRIPTS","HYPERON-EXPERIMENTAL-SCRIPTS",""
"","3","B5-TYPES-PRELIM.22","","Tue Nov 05 01:09:48 GMT 2024","passed","Tue Nov 05 01:09:48 GMT 2024","","CHECK-TYPES-TEMP","CHECK-TYPES-TEMP",""
"","2","D2-HIGHERFUNC.14","","Tue Nov 05 00:33:46 GMT 2024","passed","Tue Nov 05 00:33:46 GMT 2024","","HYPERON-EXPERIMENTAL-SCRIPTS","HYPERON-EXPERIMENTAL-SCRIPTS",""
"","69","STDLIB-METTALOG-TEST-PT2.43","","Tue Nov 05 00:53:04 GMT 2024","failed","Tue Nov 05 00:53:04 GMT 2024","","STDLIB-METTALOG","STDLIB-METTALOG",""
"","4000","std.gadt","","Tue Nov 05 00:33:42 GMT 2024","passed","Tue Nov 05 00:33:46 GMT 2024","","WHOLE-TESTS","WHOLE-TESTS",""
"","16","TEST-INFER-FUNCTION-APPLICATION-TYPE.02","","Tue Nov 05 01:55:46 GMT 2024","failed","Tue Nov 05 01:55:46 GMT 2024","","BASIC","BASIC",""
"","3","CHAPTER-1-2.03","","Tue Nov 05 00:53:14 GMT 2024","passed","Tue Nov 05 00:53:14 GMT 2024","","SICP-BOOK","SICP-BOOK",""
"","2","FC-XP.30","","Tue Nov 05 01:16:53 GMT 2024","passed","Tue Nov 05 01:16:53 GMT 2024","","FORWARD-CHAINING","FORWARD-CHAINING",""
"","5000","dependent-types.SupportRuleExp","","Tue Nov 05 00:33:42 GMT 2024","passed","Tue Nov 05 00:33:47 GMT 2024","","WHOLE-TESTS","WHOLE-TESTS",""
"","2","INF-CTL-MONTH-XP-SHORT-3.10","","Tue Nov 05 02:02:03 GMT 2024","passed","Tue Nov 05 02:02:03 GMT 2024","","COMPARISONS","COMPARISONS",""
"","2","CML-UNSHARED.04","","Tue Nov 05 01:55:46 GMT 2024","passed","Tue Nov 05 01:55:46 GMT 2024","","BASIC","BASIC",""
"","3","TYPES-PRELIM.09","","Tue Nov 05 00:48:37 GMT 2024","passed","Tue Nov 05 00:48:37 GMT 2024","","CHAINING","CHAINING",""
"","3","SUBTRACTION-TEST.10","","Tue Nov 05 00:35:22 GMT 2024","passed","Tue Nov 05 00:35:22 GMT 2024","","HYPERON-METTALOG-SANITY","HYPERON-METTALOG-SANITY",""
"","119","C1-GROUNDED-BASIC.14","","Tue Nov 05 00:33:46 GMT 2024","failed","Tue Nov 05 00:33:46 GMT 2024","","HYPERON-EXPERIMENTAL-SCRIPTS","HYPERON-EXPERIMENTAL-SCRIPTS",""
"","65","NATSTANDALONETEST.12","","Tue Nov 05 01:16:58 GMT 2024","failed","Tue Nov 05 01:16:58 GMT 2024","","HOL","HOL",""
"","5000","forward-chainer.forward-chainer-test","","Tue Nov 05 00:33:42 GMT 2024","passed","Tue Nov 05 00:33:47 GMT 2024","","WHOLE-TESTS","WHOLE-TESTS",""
"","4000","spaces.add-remove-match-s-symbols","","Tue Nov 05 00:33:42 GMT 2024","passed","Tue Nov 05 00:33:46 GMT 2024","","WHOLE-TESTS","WHOLE-TESTS",""
"","3","DEDUCTIONDTLTEST.03","","Tue Nov 05 01:12:50 GMT 2024","passed","Tue Nov 05 01:12:50 GMT 2024","","DEPENDENT-TYPES","DEPENDENT-TYPES",""
"","25","INF-CTL-XP.13","","Tue Nov 05 01:18:09 GMT 2024","failed","Tue Nov 05 01:18:09 GMT 2024","","INFERENCE-CONTROL","INFERENCE-CONTROL",""
"","4000","hyperon-experimental_scripts.a3_twoside","","Tue Nov 05 00:33:42 GMT 2024","passed","Tue Nov 05 00:33:46 GMT 2024","","WHOLE-TESTS","WHOLE-TESTS",""
"","41","STDLIB-METTALOG-TEST-PT2.16","","Tue Nov 05 00:53:04 GMT 2024","failed","Tue Nov 05 00:53:04 GMT 2024","","STDLIB-METTALOG","STDLIB-METTALOG",""
"","3","CHAPTER-2-2.01","","Tue Nov 05 00:53:14 GMT 2024","passed","Tue Nov 05 00:53:14 GMT 2024","","SICP-BOOK","SICP-BOOK",""
"","2","BC-XP.04","","Tue Nov 05 01:14:02 GMT 2024","passed","Tue Nov 05 01:14:02 GMT 2024","","BACKWARD-CHAINING","BACKWARD-CHAINING",""
"","3","D2-HIGHERFUNC.19","","Tue Nov 05 00:43:40 GMT 2024","passed","Tue Nov 05 00:43:40 GMT 2024","","QUICK","QUICK",""
"","62","STDLIB-METTALOG-TEST-PT2.08","","Tue Nov 05 00:53:04 GMT 2024","failed","Tue Nov 05 00:53:04 GMT 2024","","STDLIB-METTALOG","STDLIB-METTALOG",""
"","123","STDLIB-METTALOG-TEST-PT2.60","","Tue Nov 05 00:53:04 GMT 2024","failed","Tue Nov 05 00:53:04 GMT 2024","","STDLIB-METTALOG","STDLIB-METTALOG",""
"","2","DEBUG-METTALOGTESTCURRIED.12","","Tue Nov 05 01:47:13 GMT 2024","passed","Tue Nov 05 01:47:13 GMT 2024","","WALK-THRU","WALK-THRU",""
"","5000","metta-wam-issue-116.test_spo_5000","","Tue Nov 05 00:33:42 GMT 2024","passed","Tue Nov 05 00:33:47 GMT 2024","","WHOLE-TESTS","WHOLE-TESTS",""
"","2","D1-GADT.12","","Tue Nov 05 01:10:09 GMT 2024","passed","Tue Nov 05 01:10:09 GMT 2024","","CHECK-TYPES","CHECK-TYPES",""
"","2","F1-IMPORTS.14","","Tue Nov 05 00:33:46 GMT 2024","passed","Tue Nov 05 00:33:46 GMT 2024","","HYPERON-EXPERIMENTAL-SCRIPTS","HYPERON-EXPERIMENTAL-SCRIPTS",""
"","3","STRING-TESTS.10","","Tue Nov 05 00:35:22 GMT 2024","passed","Tue Nov 05 00:35:22 GMT 2024","","HYPERON-METTALOG-SANITY","HYPERON-METTALOG-SANITY",""
"","1","HYPERPOSING.02","","Tue Nov 05 01:55:46 GMT 2024","passed","Tue Nov 05 01:55:46 GMT 2024","","BASIC","BASIC",""
"","2","V2-PLN-XP.04","","Tue Nov 05 00:48:37 GMT 2024","passed","Tue Nov 05 00:48:37 GMT 2024","","CHAINING","CHAINING",""
"","3","D2-HIGHERFUNC.23","","Tue Nov 05 00:33:46 GMT 2024","passed","Tue Nov 05 00:33:46 GMT 2024","","HYPERON-EXPERIMENTAL-SCRIPTS","HYPERON-EXPERIMENTAL-SCRIPTS",""
"","5000","metta-morph_tests.if","","Tue Nov 05 00:33:42 GMT 2024","passed","Tue Nov 05 00:33:47 GMT 2024","","WHOLE-TESTS","WHOLE-TESTS",""
"","5000","anti-regression.tmpMatch2","","Tue Nov 05 00:33:42 GMT 2024","passed","Tue Nov 05 00:33:47 GMT 2024","","WHOLE-TESTS","WHOLE-TESTS",""
"","2","KEY-LOOKUPS-MANY.05","","Tue Nov 05 01:55:46 GMT 2024","passed","Tue Nov 05 01:55:46 GMT 2024","","BASIC","BASIC",""
"","2","FC-XP.19","","Tue Nov 05 01:16:53 GMT 2024","passed","Tue Nov 05 01:16:53 GMT 2024","","FORWARD-CHAINING","FORWARD-CHAINING",""
"","4000","module-system.c2_spaces","","Tue Nov 05 00:33:42 GMT 2024","passed","Tue Nov 05 00:33:46 GMT 2024","","WHOLE-TESTS","WHOLE-TESTS",""
"","4000","experiments.unify-via-let","","Tue Nov 05 00:33:42 GMT 2024","passed","Tue Nov 05 00:33:46 GMT 2024","","WHOLE-TESTS","WHOLE-TESTS",""
"","4000","debugging.hyperon_experimental_issue_516_redduced","","Tue Nov 05 00:33:42 GMT 2024","passed","Tue Nov 05 00:33:46 GMT 2024","","WHOLE-TESTS","WHOLE-TESTS",""
"","40000","combinator_logic_experiments.y_comb_examples","","Tue Nov 05 00:33:42 GMT 2024","failed","Tue Nov 05 00:34:22 GMT 2024","","WHOLE-TESTS","WHOLE-TESTS",""
"","1","D4-TYPE-PROP.05","","Tue Nov 05 01:10:09 GMT 2024","passed","Tue Nov 05 01:10:09 GMT 2024","","CHECK-TYPES","CHECK-TYPES",""
"","5000","anti-regression.bchain","","Tue Nov 05 00:33:42 GMT 2024","passed","Tue Nov 05 00:33:47 GMT 2024","","WHOLE-TESTS","WHOLE-TESTS",""
"","3","COLLAPSE.01","","Tue Nov 05 00:39:18 GMT 2024","passed","Tue Nov 05 00:39:18 GMT 2024","","METTA-MORPH-TESTS","METTA-MORPH-TESTS",""
"","1","KEY-LOOKUPS-MANY.09","","Tue Nov 05 01:55:46 GMT 2024","passed","Tue Nov 05 01:55:46 GMT 2024","","BASIC","BASIC",""
"","3","CURRIED-CHAINER.01","","Tue Nov 05 01:14:50 GMT 2024","passed","Tue Nov 05 01:14:50 GMT 2024","","CURRIED-CHAINING","CURRIED-CHAINING",""
"","2","D2-HIGHERFUNC.02","","Tue Nov 05 01:10:09 GMT 2024","passed","Tue Nov 05 01:10:09 GMT 2024","","CHECK-TYPES","CHECK-TYPES",""
"","32","CHAPTER-1-3.04","","Tue Nov 05 00:53:14 GMT 2024","passed","Tue Nov 05 00:53:14 GMT 2024","","SICP-BOOK","SICP-BOOK",""
"","511","TESTS0.02","","Tue Nov 05 00:44:08 GMT 2024","failed","Tue Nov 05 00:44:08 GMT 2024","","MAIN-BRANCH","MAIN-BRANCH",""
"","3","05-MATCH-SUPERPOSE-ELEMENT-LIKE-SPACE.04","","Tue Nov 05 01:50:24 GMT 2024","passed","Tue Nov 05 01:50:24 GMT 2024","","CONTAINERS-ARE-SPACES","CONTAINERS-ARE-SPACES",""
"","10411","CLASSICAL.01","","Tue Nov 05 01:00:08 GMT 2024","passed","Tue Nov 05 01:00:18 GMT 2024","","FIZZBUZZ","FIZZBUZZ",""
"","2","ADD-REMOVE-MATCH-SS-SYMBOLS.10","","Tue Nov 05 00:50:57 GMT 2024","passed","Tue Nov 05 00:50:57 GMT 2024","","SPACES","SPACES",""
"","1137","TRAINING.01","","Tue Nov 05 02:08:13 GMT 2024","passed","Tue Nov 05 02:08:14 GMT 2024","","LANGUAGE-MODELS","LANGUAGE-MODELS",""
"","44000","synthesis.SynthesizeTest","","Tue Nov 05 00:33:42 GMT 2024","failed","Tue Nov 05 00:34:26 GMT 2024","","WHOLE-TESTS","WHOLE-TESTS",""
"","2","C1-GROUNDED-BASIC.13","","Tue Nov 05 00:43:40 GMT 2024","passed","Tue Nov 05 00:43:40 GMT 2024","","QUICK","QUICK",""
"","3","TESTS0.04","","Tue Nov 05 01:34:03 GMT 2024","passed","Tue Nov 05 01:34:03 GMT 2024","","NARS-V0","NARS-V0",""
"","3","D4-TYPE-PROP.12","","Tue Nov 05 01:10:09 GMT 2024","passed","Tue Nov 05 01:10:09 GMT 2024","","CHECK-TYPES","CHECK-TYPES",""
"","2","STDLIB-METTALOG-TEST-PT2.29","","Tue Nov 05 00:53:04 GMT 2024","passed","Tue Nov 05 00:53:04 GMT 2024","","STDLIB-METTALOG","STDLIB-METTALOG",""
"","69","REVERSE-ARITHMETIC.01","","Tue Nov 05 01:50:11 GMT 2024","failed","Tue Nov 05 01:50:11 GMT 2024","","BIDIRECTIONAL-COMPUTATION","BIDIRECTIONAL-COMPUTATION",""
"","4000","bidirectional_computation.send-more","","Tue Nov 05 00:33:42 GMT 2024","passed","Tue Nov 05 00:33:46 GMT 2024","","WHOLE-TESTS","WHOLE-TESTS",""
"","2","C1-GROUNDED-BASIC.20","","Tue Nov 05 00:43:40 GMT 2024","passed","Tue Nov 05 00:43:40 GMT 2024","","QUICK","QUICK",""
"","118","ADD-REMOVE-MATCH-S-STRINGS.14","","Tue Nov 05 00:50:57 GMT 2024","passed","Tue Nov 05 00:50:57 GMT 2024","","SPACES","SPACES",""
"","55","INF-CTL-MONTH-BC-CONT-XP.21","","Tue Nov 05 01:18:09 GMT 2024","failed","Tue Nov 05 01:18:09 GMT 2024","","INFERENCE-CONTROL","INFERENCE-CONTROL",""
"","2","00A-LANG-COMPILED-CASE.09","","Tue Nov 05 01:45:47 GMT 2024","passed","Tue Nov 05 01:45:47 GMT 2024","","DIRECT-COMP","DIRECT-COMP",""
"","1","B4-NONDETERM.02","","Tue Nov 05 00:33:46 GMT 2024","passed","Tue Nov 05 00:33:46 GMT 2024","","HYPERON-EXPERIMENTAL-SCRIPTS","HYPERON-EXPERIMENTAL-SCRIPTS",""
"","5","SPACE-SUBTRACTION-TESTS.05","","Tue Nov 05 00:35:22 GMT 2024","passed","Tue Nov 05 00:35:22 GMT 2024","","HYPERON-METTALOG-SANITY","HYPERON-METTALOG-SANITY",""
"","2","00A-LANG-COMPILED-CASE.06","","Tue Nov 05 01:45:47 GMT 2024","passed","Tue Nov 05 01:45:47 GMT 2024","","DIRECT-COMP","DIRECT-COMP",""
"","2","B2-BACKCHAIN.02","","Tue Nov 05 00:33:46 GMT 2024","passed","Tue Nov 05 00:33:46 GMT 2024","","HYPERON-EXPERIMENTAL-SCRIPTS","HYPERON-EXPERIMENTAL-SCRIPTS",""
"","2","B5-TYPES-PRELIM.16","","Tue Nov 05 01:09:48 GMT 2024","passed","Tue Nov 05 01:09:48 GMT 2024","","CHECK-TYPES-TEMP","CHECK-TYPES-TEMP",""
"","2","F1-IMPORTS.08","","Tue Nov 05 00:33:37 GMT 2024","passed","Tue Nov 05 00:33:37 GMT 2024","","MODULE-SYSTEM","MODULE-SYSTEM",""
"","4000","transpiler.peano","","Tue Nov 05 00:33:42 GMT 2024","passed","Tue Nov 05 00:33:46 GMT 2024","","WHOLE-TESTS","WHOLE-TESTS",""
"","45000","stdlib-mettalog.stdlib_mettalog_test","","Tue Nov 05 00:33:42 GMT 2024","failed","Tue Nov 05 00:34:27 GMT 2024","","WHOLE-TESTS","WHOLE-TESTS",""
"","54","DEBUG-METTALOGTESTCURRIED.07","","Tue Nov 05 01:47:13 GMT 2024","passed","Tue Nov 05 01:47:13 GMT 2024","","WALK-THRU","WALK-THRU",""
"","2","OR-TEST.04","","Tue Nov 05 00:35:22 GMT 2024","passed","Tue Nov 05 00:35:22 GMT 2024","","HYPERON-METTALOG-SANITY","HYPERON-METTALOG-SANITY",""
"","2","D4-TYPE-PROP.06","","Tue Nov 05 01:10:09 GMT 2024","passed","Tue Nov 05 01:10:09 GMT 2024","","CHECK-TYPES","CHECK-TYPES",""
"","2","NATSTANDALONETEST.05","","Tue Nov 05 01:16:58 GMT 2024","passed","Tue Nov 05 01:16:58 GMT 2024","","HOL","HOL",""
"","2","BC-XP.22","","Tue Nov 05 01:14:02 GMT 2024","passed","Tue Nov 05 01:14:02 GMT 2024","","BACKWARD-CHAINING","BACKWARD-CHAINING",""
"","2","BC-XP.11","","Tue Nov 05 01:14:02 GMT 2024","passed","Tue Nov 05 01:14:02 GMT 2024","","BACKWARD-CHAINING","BACKWARD-CHAINING",""
"","3","TYPE-PROP.36","","Tue Nov 05 01:09:48 GMT 2024","passed","Tue Nov 05 01:09:48 GMT 2024","","CHECK-TYPES-TEMP","CHECK-TYPES-TEMP",""
"","260","SYNTHESIZE-VIA-CASE-TEST.05","","Tue Nov 05 01:24:46 GMT 2024","failed","Tue Nov 05 01:24:46 GMT 2024","","EXPERIMENTS","EXPERIMENTS",""
"","2","TYPE-PROP.70","","Tue Nov 05 01:09:48 GMT 2024","passed","Tue Nov 05 01:09:48 GMT 2024","","CHECK-TYPES-TEMP","CHECK-TYPES-TEMP",""
"","4000","pln.gene-pln-xp","","Tue Nov 05 00:33:42 GMT 2024","passed","Tue Nov 05 00:33:46 GMT 2024","","WHOLE-TESTS","WHOLE-TESTS",""
"","67","STDLIB-METTALOG-TEST-PT2.15","","Tue Nov 05 00:53:04 GMT 2024","failed","Tue Nov 05 00:53:04 GMT 2024","","STDLIB-METTALOG","STDLIB-METTALOG",""
"","2","IOIOIOI.05","","Tue Nov 05 01:53:28 GMT 2024","passed","Tue Nov 05 01:53:28 GMT 2024","","MULTIDIRECTIONAL","MULTIDIRECTIONAL",""
"","2","FORWARD-CHAINER-XP.18","","Tue Nov 05 01:16:43 GMT 2024","passed","Tue Nov 05 01:16:43 GMT 2024","","FORWARD-CHAINER","FORWARD-CHAINER",""
"","3","KEY-LOOKUPS-MANY.01","","Tue Nov 05 01:55:46 GMT 2024","passed","Tue Nov 05 01:55:46 GMT 2024","","BASIC","BASIC",""
"","43000","examples.benchmark","","Tue Nov 05 00:33:42 GMT 2024","failed","Tue Nov 05 00:34:25 GMT 2024","","WHOLE-TESTS","WHOLE-TESTS",""
"","2","B4-NONDETERM.08","","Tue Nov 05 00:33:46 GMT 2024","passed","Tue Nov 05 00:33:46 GMT 2024","","HYPERON-EXPERIMENTAL-SCRIPTS","HYPERON-EXPERIMENTAL-SCRIPTS",""
"","4000","graphml.graphml_test","","Tue Nov 05 00:33:42 GMT 2024","passed","Tue Nov 05 00:33:46 GMT 2024","","WHOLE-TESTS","WHOLE-TESTS",""
"","2","INF-CTL-MONTH-XP-SHORT-3.03","","Tue Nov 05 02:02:03 GMT 2024","passed","Tue Nov 05 02:02:03 GMT 2024","","COMPARISONS","COMPARISONS",""
"","1","TYPES2.04","","Tue Nov 05 00:39:18 GMT 2024","passed","Tue Nov 05 00:39:18 GMT 2024","","METTA-MORPH-TESTS","METTA-MORPH-TESTS",""
"","3","STATE-TYPES.03","","Tue Nov 05 01:55:46 GMT 2024","passed","Tue Nov 05 01:55:46 GMT 2024","","BASIC","BASIC",""
"","4","C1-GROUNDED-BASIC.08","","Tue Nov 05 00:43:40 GMT 2024","passed","Tue Nov 05 00:43:40 GMT 2024","","QUICK","QUICK",""
"","72","CHAPTER-2-4.07","","Tue Nov 05 00:53:14 GMT 2024","failed","Tue Nov 05 00:53:14 GMT 2024","","SICP-BOOK","SICP-BOOK",""
"","343","TESTS0.06","","Tue Nov 05 01:34:03 GMT 2024","failed","Tue Nov 05 01:34:03 GMT 2024","","NARS-V0","NARS-V0",""
"","77","PROB-DEP-TYPES.01","","Tue Nov 05 01:01:52 GMT 2024","passed","Tue Nov 05 01:01:52 GMT 2024","","PROB-DEP-TYPES","PROB-DEP-TYPES",""
"","3","MATCH-SUPERPOSED-SPACES.02","","Tue Nov 05 00:39:18 GMT 2024","passed","Tue Nov 05 00:39:18 GMT 2024","","METTA-MORPH-TESTS","METTA-MORPH-TESTS",""
"","3","ADD-REMOVE-MATCH-INTEGER.07","","Tue Nov 05 00:50:57 GMT 2024","passed","Tue Nov 05 00:50:57 GMT 2024","","SPACES","SPACES",""
"","2","QUERIES.09","","Tue Nov 05 01:06:24 GMT 2024","passed","Tue Nov 05 01:06:24 GMT 2024","","STRIPS-TO-METTA-IMPROVED","STRIPS-TO-METTA-IMPROVED",""
"","2","INF-CTL-MONTH-BC-CONT-XP.16","","Tue Nov 05 01:18:09 GMT 2024","passed","Tue Nov 05 01:18:09 GMT 2024","","INFERENCE-CONTROL","INFERENCE-CONTROL",""
"","3","SUPPORTRULEEXP.01","","Tue Nov 05 01:12:50 GMT 2024","passed","Tue Nov 05 01:12:50 GMT 2024","","DEPENDENT-TYPES","DEPENDENT-TYPES",""
"","3","F1-MODULEA.01","","Tue Nov 05 00:33:37 GMT 2024","passed","Tue Nov 05 00:33:37 GMT 2024","","MODULE-SYSTEM","MODULE-SYSTEM",""
"","2","D2-HIGHERFUNC.10","","Tue Nov 05 00:33:46 GMT 2024","passed","Tue Nov 05 00:33:46 GMT 2024","","HYPERON-EXPERIMENTAL-SCRIPTS","HYPERON-EXPERIMENTAL-SCRIPTS",""
"","2","STATE-TYPES.23","","Tue Nov 05 01:55:46 GMT 2024","passed","Tue Nov 05 01:55:46 GMT 2024","","BASIC","BASIC",""
"","2","00-LANG-CASE.18","","Tue Nov 05 00:35:22 GMT 2024","passed","Tue Nov 05 00:35:22 GMT 2024","","HYPERON-METTALOG-SANITY","HYPERON-METTALOG-SANITY",""
"","8000","bigram-sentence-evaluator.trigramModel","","Tue Nov 05 00:33:42 GMT 2024","passed","Tue Nov 05 00:33:50 GMT 2024","","WHOLE-TESTS","WHOLE-TESTS",""
"","3","BCHAIN.04","","Tue Nov 05 01:47:13 GMT 2024","passed","Tue Nov 05 01:47:13 GMT 2024","","WALK-THRU","WALK-THRU",""
"","2","BACKWARD-CHAINER-XP.12","","Tue Nov 05 01:13:57 GMT 2024","passed","Tue Nov 05 01:13:57 GMT 2024","","BACKWARD-CHAINER","BACKWARD-CHAINER",""
"","2","D4-TYPE-PROP.14","","Tue Nov 05 01:10:09 GMT 2024","passed","Tue Nov 05 01:10:09 GMT 2024","","CHECK-TYPES","CHECK-TYPES",""
"","14","D2-HIGHERFUNC.21","","Tue Nov 05 01:10:09 GMT 2024","passed","Tue Nov 05 01:10:09 GMT 2024","","CHECK-TYPES","CHECK-TYPES",""
"","3","SUPERCOLLAPSE.03","","Tue Nov 05 00:39:18 GMT 2024","passed","Tue Nov 05 00:39:18 GMT 2024","","METTA-MORPH-TESTS","METTA-MORPH-TESTS",""
"","51","IMPLICATIONDIRECTINTRODUCTIONDTLTEST.11","","Tue Nov 05 01:12:50 GMT 2024","failed","Tue Nov 05 01:12:50 GMT 2024","","DEPENDENT-TYPES","DEPENDENT-TYPES",""
"","2","INF-CTL-MONTH-XP-SHORT-3.13","","Tue Nov 05 02:02:03 GMT 2024","passed","Tue Nov 05 02:02:03 GMT 2024","","COMPARISONS","COMPARISONS",""
"","109","TYPE-PROP.82","","Tue Nov 05 01:09:48 GMT 2024","failed","Tue Nov 05 01:09:48 GMT 2024","","CHECK-TYPES-TEMP","CHECK-TYPES-TEMP",""
"","5000","hyperon-mettalog_sanity.subtraction_test","","Tue Nov 05 00:33:42 GMT 2024","passed","Tue Nov 05 00:33:47 GMT 2024","","WHOLE-TESTS","WHOLE-TESTS",""
"","63","CREATE-SERVER.03","","Tue Nov 05 01:51:36 GMT 2024","failed","Tue Nov 05 01:51:36 GMT 2024","","DISTRIBUTED-PROCESSING","DISTRIBUTED-PROCESSING",""
"","2","F1-IMPORTS.15","","Tue Nov 05 00:33:46 GMT 2024","passed","Tue Nov 05 00:33:46 GMT 2024","","HYPERON-EXPERIMENTAL-SCRIPTS","HYPERON-EXPERIMENTAL-SCRIPTS",""
"","15","D1-GADT.09","","Tue Nov 05 01:10:09 GMT 2024","passed","Tue Nov 05 01:10:09 GMT 2024","","CHECK-TYPES","CHECK-TYPES",""
"","5000","metta-morph_tests.hyperpose","","Tue Nov 05 00:33:42 GMT 2024","passed","Tue Nov 05 00:33:47 GMT 2024","","WHOLE-TESTS","WHOLE-TESTS",""
"","3","SUPERPOSE-NESTED.02","","Tue Nov 05 00:39:18 GMT 2024","passed","Tue Nov 05 00:39:18 GMT 2024","","METTA-MORPH-TESTS","METTA-MORPH-TESTS",""
"","3","FC-XP.18","","Tue Nov 05 01:16:53 GMT 2024","passed","Tue Nov 05 01:16:53 GMT 2024","","FORWARD-CHAINING","FORWARD-CHAINING",""
"","14","REVERSE-ARITHMETIC.02","","Tue Nov 05 01:50:11 GMT 2024","failed","Tue Nov 05 01:50:11 GMT 2024","","BIDIRECTIONAL-COMPUTATION","BIDIRECTIONAL-COMPUTATION",""
"","2","ADD-REMOVE-MATCH-SS-SYMBOLS.11","","Tue Nov 05 00:50:57 GMT 2024","passed","Tue Nov 05 00:50:57 GMT 2024","","SPACES","SPACES",""
"","321","PROB-DEP-TYPES.07","","Tue Nov 05 01:01:52 GMT 2024","failed","Tue Nov 05 01:01:52 GMT 2024","","PROB-DEP-TYPES","PROB-DEP-TYPES",""
"","2","00-LANG-CASE.10","","Tue Nov 05 00:35:22 GMT 2024","passed","Tue Nov 05 00:35:22 GMT 2024","","HYPERON-METTALOG-SANITY","HYPERON-METTALOG-SANITY",""
"","3","HYPERPOSING-SHARED.10","","Tue Nov 05 01:55:46 GMT 2024","passed","Tue Nov 05 01:55:46 GMT 2024","","BASIC","BASIC",""
"","2","ADD-REMOVE-MATCH-FLOAT.11","","Tue Nov 05 00:50:57 GMT 2024","passed","Tue Nov 05 00:50:57 GMT 2024","","SPACES","SPACES",""
"","1923","TESTS3.04","","Tue Nov 05 00:44:08 GMT 2024","failed","Tue Nov 05 00:44:09 GMT 2024","","MAIN-BRANCH","MAIN-BRANCH",""
"","4000","hyperon-experimental_scripts.d4_type_prop","","Tue Nov 05 00:33:42 GMT 2024","passed","Tue Nov 05 00:33:46 GMT 2024","","WHOLE-TESTS","WHOLE-TESTS",""
"","133","CREATION.02","","Tue Nov 05 01:07:05 GMT 2024","failed","Tue Nov 05 01:07:05 GMT 2024","","TRAVERSER","TRAVERSER",""
"","2755","TESTS3.06","","Tue Nov 05 00:44:08 GMT 2024","failed","Tue Nov 05 00:44:10 GMT 2024","","MAIN-BRANCH","MAIN-BRANCH",""
"","2","UNWEIGHTED-PLLM.05","","Tue Nov 05 02:08:13 GMT 2024","passed","Tue Nov 05 02:08:13 GMT 2024","","LANGUAGE-MODELS","LANGUAGE-MODELS",""
"","121","B5-TYPES-PRELIM.08","","Tue Nov 05 01:09:48 GMT 2024","failed","Tue Nov 05 01:09:48 GMT 2024","","CHECK-TYPES-TEMP","CHECK-TYPES-TEMP",""
"","3","IBC-XP.01","","Tue Nov 05 01:20:12 GMT 2024","passed","Tue Nov 05 01:20:12 GMT 2024","","ITERATIVE-CHAINING","ITERATIVE-CHAINING",""
"","2","STRING-TESTS.12","","Tue Nov 05 00:35:22 GMT 2024","passed","Tue Nov 05 00:35:22 GMT 2024","","HYPERON-METTALOG-SANITY","HYPERON-METTALOG-SANITY",""
"","76","F1-IMPORTS.21","","Tue Nov 05 00:43:40 GMT 2024","passed","Tue Nov 05 00:43:40 GMT 2024","","QUICK","QUICK",""
"","14","D4-TYPE-PROP.03","","Tue Nov 05 00:43:40 GMT 2024","passed","Tue Nov 05 00:43:40 GMT 2024","","QUICK","QUICK",""
"","2","TEST-IF-CLOSED.07","","Tue Nov 05 00:41:27 GMT 2024","passed","Tue Nov 05 00:41:27 GMT 2024","","ANTI-REGRESSION","ANTI-REGRESSION",""
"","61","PATHFINDING-EASY.01","","Tue Nov 05 01:55:46 GMT 2024","failed","Tue Nov 05 01:55:46 GMT 2024","","BASIC","BASIC",""
"","587","SYNTHESIZE-VIA-CASE-TEST.01","","Tue Nov 05 01:24:46 GMT 2024","failed","Tue Nov 05 01:24:46 GMT 2024","","EXPERIMENTS","EXPERIMENTS",""
"","3","NTE.01","","Tue Nov 05 00:59:52 GMT 2024","passed","Tue Nov 05 00:59:52 GMT 2024","","EDGES-TO-EDGES","EDGES-TO-EDGES",""
"","9","D2-HIGHERFUNC.20","","Tue Nov 05 00:33:46 GMT 2024","passed","Tue Nov 05 00:33:46 GMT 2024","","HYPERON-EXPERIMENTAL-SCRIPTS","HYPERON-EXPERIMENTAL-SCRIPTS",""
"","3","QUERIES.13","","Tue Nov 05 01:06:24 GMT 2024","passed","Tue Nov 05 01:06:24 GMT 2024","","STRIPS-TO-METTA-IMPROVED","STRIPS-TO-METTA-IMPROVED",""
"","3","C1-GROUNDED-BASIC.18","","Tue Nov 05 00:43:40 GMT 2024","passed","Tue Nov 05 00:43:40 GMT 2024","","QUICK","QUICK",""
"","1","D4-TYPE-PROP.07","","Tue Nov 05 01:10:09 GMT 2024","passed","Tue Nov 05 01:10:09 GMT 2024","","CHECK-TYPES","CHECK-TYPES",""
"","247","SELF-CONTAINED-SYNTHESIZE.02","","Tue Nov 05 01:24:46 GMT 2024","failed","Tue Nov 05 01:24:46 GMT 2024","","EXPERIMENTS","EXPERIMENTS",""
"","2","SUPPORTRULEEXP.03","","Tue Nov 05 01:12:50 GMT 2024","passed","Tue Nov 05 01:12:50 GMT 2024","","DEPENDENT-TYPES","DEPENDENT-TYPES",""
"","2","SUPERCOLLAPSE.06","","Tue Nov 05 00:39:18 GMT 2024","passed","Tue Nov 05 00:39:18 GMT 2024","","METTA-MORPH-TESTS","METTA-MORPH-TESTS",""
"","2","00-LANG-CASE.04","","Tue Nov 05 00:35:22 GMT 2024","passed","Tue Nov 05 00:35:22 GMT 2024","","HYPERON-METTALOG-SANITY","HYPERON-METTALOG-SANITY",""
"","1","ADD-REMOVE-MATCH-MIX-FLOAT-INTEGER.19","","Tue Nov 05 00:50:57 GMT 2024","passed","Tue Nov 05 00:50:57 GMT 2024","","SPACES","SPACES",""
"","44","CHAPTER-1-1.18","","Tue Nov 05 00:53:14 GMT 2024","passed","Tue Nov 05 00:53:14 GMT 2024","","SICP-BOOK","SICP-BOOK",""
"","1","D4-TYPE-PROP.18","","Tue Nov 05 01:10:09 GMT 2024","passed","Tue Nov 05 01:10:09 GMT 2024","","CHECK-TYPES","CHECK-TYPES",""
"","116","INTERSECTION-TESTS.21","","Tue Nov 05 00:35:22 GMT 2024","failed","Tue Nov 05 00:35:22 GMT 2024","","HYPERON-METTALOG-SANITY","HYPERON-METTALOG-SANITY",""
"","5","TYPES-PRELIM.04","","Tue Nov 05 00:48:37 GMT 2024","passed","Tue Nov 05 00:48:37 GMT 2024","","CHAINING","CHAINING",""
"","5000","walk_thru.bchain_comp","","Tue Nov 05 00:33:42 GMT 2024","passed","Tue Nov 05 00:33:47 GMT 2024","","WHOLE-TESTS","WHOLE-TESTS",""
"","3","D4-TYPE-PROP.01","","Tue Nov 05 00:43:40 GMT 2024","passed","Tue Nov 05 00:43:40 GMT 2024","","QUICK","QUICK",""
"","4000","check_types-temp.soring-via-insert","","Tue Nov 05 00:33:42 GMT 2024","passed","Tue Nov 05 00:33:46 GMT 2024","","WHOLE-TESTS","WHOLE-TESTS",""
"","40000","experiments.synthesize-via-unify-test-longer","","Tue Nov 05 00:33:42 GMT 2024","failed","Tue Nov 05 00:34:22 GMT 2024","","WHOLE-TESTS","WHOLE-TESTS",""
"","6","OR-TEST.07","","Tue Nov 05 00:35:22 GMT 2024","passed","Tue Nov 05 00:35:22 GMT 2024","","HYPERON-METTALOG-SANITY","HYPERON-METTALOG-SANITY",""
"","16","MATCH-VOID.04","","Tue Nov 05 00:39:18 GMT 2024","passed","Tue Nov 05 00:39:18 GMT 2024","","METTA-MORPH-TESTS","METTA-MORPH-TESTS",""
"","2","ADD-REMOVE-MATCH-SS-STRINGS.12","","Tue Nov 05 00:50:57 GMT 2024","passed","Tue Nov 05 00:50:57 GMT 2024","","SPACES","SPACES",""
"","5","HYPERON-EXPERIMENTAL-ISSUE-516.01","","Tue Nov 05 01:50:30 GMT 2024","passed","Tue Nov 05 01:50:30 GMT 2024","","DEBUGGING","DEBUGGING",""
"","5000","prob-dep-types.prob_dep_types","","Tue Nov 05 00:33:42 GMT 2024","passed","Tue Nov 05 00:33:47 GMT 2024","","WHOLE-TESTS","WHOLE-TESTS",""
"","1","STATES-SPACES.05","","Tue Nov 05 00:39:18 GMT 2024","passed","Tue Nov 05 00:39:18 GMT 2024","","METTA-MORPH-TESTS","METTA-MORPH-TESTS",""
"","3","TYPE-PROP.16","","Tue Nov 05 01:09:48 GMT 2024","passed","Tue Nov 05 01:09:48 GMT 2024","","CHECK-TYPES-TEMP","CHECK-TYPES-TEMP",""
"","3","FORWARD-CHAINER-XP.06","","Tue Nov 05 01:16:43 GMT 2024","passed","Tue Nov 05 01:16:43 GMT 2024","","FORWARD-CHAINER","FORWARD-CHAINER",""
"","2","IFC-XP.21","","Tue Nov 05 01:20:12 GMT 2024","passed","Tue Nov 05 01:20:12 GMT 2024","","ITERATIVE-CHAINING","ITERATIVE-CHAINING",""
"","101","ADD-ATOM-MATCH.01","","Tue Nov 05 01:45:47 GMT 2024","failed","Tue Nov 05 01:45:47 GMT 2024","","DIRECT-COMP","DIRECT-COMP",""
"","219","SYNTHESIZE-VIA-UNIFY-TEST.09","","Tue Nov 05 01:24:46 GMT 2024","failed","Tue Nov 05 01:24:46 GMT 2024","","EXPERIMENTS","EXPERIMENTS",""
"","5000","truthvalue.EvidentialTruthValueTest","","Tue Nov 05 00:33:42 GMT 2024","passed","Tue Nov 05 00:33:47 GMT 2024","","WHOLE-TESTS","WHOLE-TESTS",""
"","45000","new.tests2","","Tue Nov 05 00:33:42 GMT 2024","failed","Tue Nov 05 00:34:27 GMT 2024","","WHOLE-TESTS","WHOLE-TESTS",""
"","25000","language_models.unweighted_pllm","","Tue Nov 05 00:33:42 GMT 2024","passed","Tue Nov 05 00:34:07 GMT 2024","","WHOLE-TESTS","WHOLE-TESTS",""
"","2","INF-CTL-MONTH-XP-SHORT-3.07","","Tue Nov 05 02:02:03 GMT 2024","passed","Tue Nov 05 02:02:03 GMT 2024","","COMPARISONS","COMPARISONS",""
"","87","ADD-REMOVE-MATCH-SYMBOLS.14","","Tue Nov 05 00:50:57 GMT 2024","passed","Tue Nov 05 00:50:57 GMT 2024","","SPACES","SPACES",""
"","1391","PLLM-PENNTREE.06","","Tue Nov 05 02:08:13 GMT 2024","passed","Tue Nov 05 02:08:14 GMT 2024","","LANGUAGE-MODELS","LANGUAGE-MODELS",""
"","3","A2-OPENCOGGY.01","","Tue Nov 05 00:33:46 GMT 2024","passed","Tue Nov 05 00:33:46 GMT 2024","","HYPERON-EXPERIMENTAL-SCRIPTS","HYPERON-EXPERIMENTAL-SCRIPTS",""
"","1","D2-HIGHERFUNC.04","","Tue Nov 05 00:43:40 GMT 2024","passed","Tue Nov 05 00:43:40 GMT 2024","","QUICK","QUICK",""
"","3","APPEND.04","","Tue Nov 05 01:53:28 GMT 2024","passed","Tue Nov 05 01:53:28 GMT 2024","","MULTIDIRECTIONAL","MULTIDIRECTIONAL",""
"","4000","basic.test_infer_function_application_type","","Tue Nov 05 00:33:42 GMT 2024","passed","Tue Nov 05 00:33:46 GMT 2024","","WHOLE-TESTS","WHOLE-TESTS",""
"","2","SPACE-INTERSECTION-TESTS.02","","Tue Nov 05 00:35:22 GMT 2024","passed","Tue Nov 05 00:35:22 GMT 2024","","HYPERON-METTALOG-SANITY","HYPERON-METTALOG-SANITY",""
"","5000","spaces.add-remove-match-ss-symbols","","Tue Nov 05 00:33:42 GMT 2024","passed","Tue Nov 05 00:33:47 GMT 2024","","WHOLE-TESTS","WHOLE-TESTS",""
"","18","UNIFYTEST.02","","Tue Nov 05 01:24:42 GMT 2024","failed","Tue Nov 05 01:24:42 GMT 2024","","SYNTHESIS","SYNTHESIS",""
"","5000","std.nondeterm","","Tue Nov 05 00:33:42 GMT 2024","passed","Tue Nov 05 00:33:47 GMT 2024","","WHOLE-TESTS","WHOLE-TESTS",""
"","2","BC-XP.04","","Tue Nov 05 00:48:37 GMT 2024","passed","Tue Nov 05 00:48:37 GMT 2024","","CHAINING","CHAINING",""
"","4000","hyperon-experimental_scripts.d3_deptypes","","Tue Nov 05 00:33:42 GMT 2024","passed","Tue Nov 05 00:33:46 GMT 2024","","WHOLE-TESTS","WHOLE-TESTS",""
"","44","STDLIB-METTALOG-TEST-PT2.03","","Tue Nov 05 00:53:04 GMT 2024","failed","Tue Nov 05 00:53:04 GMT 2024","","STDLIB-METTALOG","STDLIB-METTALOG",""
"","3","B5-TYPES-PRELIM.25","","Tue Nov 05 00:33:46 GMT 2024","passed","Tue Nov 05 00:33:46 GMT 2024","","HYPERON-EXPERIMENTAL-SCRIPTS","HYPERON-EXPERIMENTAL-SCRIPTS",""
"","9","STDLIB-METTALOG-TEST-PT2.14","","Tue Nov 05 00:53:04 GMT 2024","passed","Tue Nov 05 00:53:04 GMT 2024","","STDLIB-METTALOG","STDLIB-METTALOG",""
"","5000","common.OrderedSetTest","","Tue Nov 05 00:33:42 GMT 2024","passed","Tue Nov 05 00:33:47 GMT 2024","","WHOLE-TESTS","WHOLE-TESTS",""
"","2","B5-TYPES-PRELIM.06","","Tue Nov 05 00:33:46 GMT 2024","passed","Tue Nov 05 00:33:46 GMT 2024","","HYPERON-EXPERIMENTAL-SCRIPTS","HYPERON-EXPERIMENTAL-SCRIPTS",""
"","2","AI-SERVICE-COMPOSITION-SANITY.05","","Tue Nov 05 01:07:17 GMT 2024","passed","Tue Nov 05 01:07:17 GMT 2024","","AI-SERVICE","AI-SERVICE",""
"","2","BACKWARD-CHAINER-XP.24","","Tue Nov 05 01:13:57 GMT 2024","passed","Tue Nov 05 01:13:57 GMT 2024","","BACKWARD-CHAINER","BACKWARD-CHAINER",""
"","386","TESTS0.06","","Tue Nov 05 01:41:52 GMT 2024","passed","Tue Nov 05 01:41:52 GMT 2024","","PREV","PREV",""
"","2","ADD-REMOVE-MATCH-STRINGS.12","","Tue Nov 05 00:50:57 GMT 2024","passed","Tue Nov 05 00:50:57 GMT 2024","","SPACES","SPACES",""
"","55","B5-TYPES-PRELIM.15","","Tue Nov 05 00:33:46 GMT 2024","failed","Tue Nov 05 00:33:46 GMT 2024","","HYPERON-EXPERIMENTAL-SCRIPTS","HYPERON-EXPERIMENTAL-SCRIPTS",""
"","21","SHOW-TYPE.09","","Tue Nov 05 00:50:41 GMT 2024","passed","Tue Nov 05 00:50:41 GMT 2024","","INTROSPECT","INTROSPECT",""
"","568","TMPMATCH2.05","","Tue Nov 05 01:47:13 GMT 2024","passed","Tue Nov 05 01:47:13 GMT 2024","","WALK-THRU","WALK-THRU",""
"","3","IFC-XP.03","","Tue Nov 05 01:20:12 GMT 2024","passed","Tue Nov 05 01:20:12 GMT 2024","","ITERATIVE-CHAINING","ITERATIVE-CHAINING",""
"","95","QUERIES.17","","Tue Nov 05 01:06:24 GMT 2024","failed","Tue Nov 05 01:06:24 GMT 2024","","STRIPS-TO-METTA-IMPROVED","STRIPS-TO-METTA-IMPROVED",""
"","1","ADD-REMOVE-MATCH-S-SYMBOLS.04","","Tue Nov 05 00:50:57 GMT 2024","passed","Tue Nov 05 00:50:57 GMT 2024","","SPACES","SPACES",""
"","6000","walk_thru.impl_mettalogTestCurried","","Tue Nov 05 00:33:42 GMT 2024","passed","Tue Nov 05 00:33:48 GMT 2024","","WHOLE-TESTS","WHOLE-TESTS",""
"","5000","forward-chainer.forward-chainer-xp","","Tue Nov 05 00:33:42 GMT 2024","passed","Tue Nov 05 00:33:47 GMT 2024","","WHOLE-TESTS","WHOLE-TESTS",""
"","90","NTE.04","","Tue Nov 05 00:59:52 GMT 2024","passed","Tue Nov 05 00:59:52 GMT 2024","","EDGES-TO-EDGES","EDGES-TO-EDGES",""
"","3","IFC-XP.34","","Tue Nov 05 01:20:12 GMT 2024","passed","Tue Nov 05 01:20:12 GMT 2024","","ITERATIVE-CHAINING","ITERATIVE-CHAINING",""
"","2","LISTTEST.02","","Tue Nov 05 01:14:11 GMT 2024","passed","Tue Nov 05 01:14:11 GMT 2024","","COMMON","COMMON",""
"","3","TEST-SPO-1000.01","","Tue Nov 05 00:42:02 GMT 2024","passed","Tue Nov 05 00:42:02 GMT 2024","","METTA-WAM-ISSUE-116","METTA-WAM-ISSUE-116",""
"","511","TESTS0.07","","Tue Nov 05 01:34:03 GMT 2024","failed","Tue Nov 05 01:34:03 GMT 2024","","NARS-V0","NARS-V0",""
"","4000","hyperon-mettalog_sanity.first_answer_long","","Tue Nov 05 00:33:42 GMT 2024","passed","Tue Nov 05 00:33:46 GMT 2024","","WHOLE-TESTS","WHOLE-TESTS",""
"","76","STDLIB-METTALOG-TEST-PT2.12","","Tue Nov 05 00:53:04 GMT 2024","failed","Tue Nov 05 00:53:04 GMT 2024","","STDLIB-METTALOG","STDLIB-METTALOG",""
"","2","ADD-REMOVE-MATCH-S-SYMBOLS.12","","Tue Nov 05 00:50:57 GMT 2024","passed","Tue Nov 05 00:50:57 GMT 2024","","SPACES","SPACES",""
"","5","TRUTHVALUETEST.05","","Tue Nov 05 01:14:40 GMT 2024","passed","Tue Nov 05 01:14:40 GMT 2024","","TRUTHVALUE","TRUTHVALUE",""
"","2","BACKWARD-CHAINER-XP.03","","Tue Nov 05 01:13:57 GMT 2024","passed","Tue Nov 05 01:13:57 GMT 2024","","BACKWARD-CHAINER","BACKWARD-CHAINER",""
"","45000","language_models.weighted_pllm","","Tue Nov 05 00:33:42 GMT 2024","failed","Tue Nov 05 00:34:27 GMT 2024","","WHOLE-TESTS","WHOLE-TESTS",""
"","3","STDLIB-METTALOG-TEST-PT2.27","","Tue Nov 05 00:53:04 GMT 2024","passed","Tue Nov 05 00:53:04 GMT 2024","","STDLIB-METTALOG","STDLIB-METTALOG",""
"","2","INTERSECTION-TESTS.07","","Tue Nov 05 00:35:22 GMT 2024","passed","Tue Nov 05 00:35:22 GMT 2024","","HYPERON-METTALOG-SANITY","HYPERON-METTALOG-SANITY",""
"","2855","GENE-QUERY.02","","Tue Nov 05 01:09:41 GMT 2024","failed","Tue Nov 05 01:09:43 GMT 2024","","QUERY","QUERY",""
"","1","KEY-LOOKUPS-MANY.06","","Tue Nov 05 01:55:46 GMT 2024","passed","Tue Nov 05 01:55:46 GMT 2024","","BASIC","BASIC",""
"","2","UNIFY-VIA-CASE.03","","Tue Nov 05 01:24:46 GMT 2024","passed","Tue Nov 05 01:24:46 GMT 2024","","EXPERIMENTS","EXPERIMENTS",""
"","2","E3-MATCH-STATES.02","","Tue Nov 05 00:33:46 GMT 2024","passed","Tue Nov 05 00:33:46 GMT 2024","","HYPERON-EXPERIMENTAL-SCRIPTS","HYPERON-EXPERIMENTAL-SCRIPTS",""
"","152","BASIC.10","","Tue Nov 05 01:07:05 GMT 2024","failed","Tue Nov 05 01:07:05 GMT 2024","","TRAVERSER","TRAVERSER",""
"","2","FC-XP.06","","Tue Nov 05 01:16:53 GMT 2024","passed","Tue Nov 05 01:16:53 GMT 2024","","FORWARD-CHAINING","FORWARD-CHAINING",""
"","2","ADD-REMOVE-MATCH-INTEGER.36","","Tue Nov 05 00:50:57 GMT 2024","passed","Tue Nov 05 00:50:57 GMT 2024","","SPACES","SPACES",""
"","11000","bigram-sentence-evaluator.wordVectors","","Tue Nov 05 00:33:42 GMT 2024","passed","Tue Nov 05 00:33:53 GMT 2024","","WHOLE-TESTS","WHOLE-TESTS",""
"","119","TESTS0.01","","Tue Nov 05 01:41:52 GMT 2024","passed","Tue Nov 05 01:41:52 GMT 2024","","PREV","PREV",""
"","244","INF-CTL-MONTH-BC-CONT-XP.19","","Tue Nov 05 01:18:09 GMT 2024","failed","Tue Nov 05 01:18:09 GMT 2024","","INFERENCE-CONTROL","INFERENCE-CONTROL",""
"","15","D1-GADT.04","","Tue Nov 05 00:33:46 GMT 2024","passed","Tue Nov 05 00:33:46 GMT 2024","","HYPERON-EXPERIMENTAL-SCRIPTS","HYPERON-EXPERIMENTAL-SCRIPTS",""
"","2","TESTS0.05","","Tue Nov 05 01:37:59 GMT 2024","passed","Tue Nov 05 01:37:59 GMT 2024","","NEW","NEW",""
"","2","STDLIB-METTALOG-TEST-PT2.42","","Tue Nov 05 00:53:04 GMT 2024","passed","Tue Nov 05 00:53:04 GMT 2024","","STDLIB-METTALOG","STDLIB-METTALOG",""
"","5000","hyperon-experimental_scripts.b2_backchain","","Tue Nov 05 00:33:42 GMT 2024","passed","Tue Nov 05 00:33:47 GMT 2024","","WHOLE-TESTS","WHOLE-TESTS",""
"","3","PC-XP.12","","Tue Nov 05 01:22:53 GMT 2024","passed","Tue Nov 05 01:22:53 GMT 2024","","POLYWARD-CHAINING","POLYWARD-CHAINING",""
"","4000","collatz.classical","","Tue Nov 05 00:33:42 GMT 2024","passed","Tue Nov 05 00:33:46 GMT 2024","","WHOLE-TESTS","WHOLE-TESTS",""
"","2","BACKWARD-CHAINER-XP.10","","Tue Nov 05 01:13:57 GMT 2024","passed","Tue Nov 05 01:13:57 GMT 2024","","BACKWARD-CHAINER","BACKWARD-CHAINER",""
"","2","BC-XP.02","","Tue Nov 05 01:14:02 GMT 2024","passed","Tue Nov 05 01:14:02 GMT 2024","","BACKWARD-CHAINING","BACKWARD-CHAINING",""
"","1","TYPE-PROP.33","","Tue Nov 05 01:09:48 GMT 2024","passed","Tue Nov 05 01:09:48 GMT 2024","","CHECK-TYPES-TEMP","CHECK-TYPES-TEMP",""
"","3","STDLIB-METTALOG-TEST-PT2.30","","Tue Nov 05 00:53:04 GMT 2024","passed","Tue Nov 05 00:53:04 GMT 2024","","STDLIB-METTALOG","STDLIB-METTALOG",""
"","2","06-MATCH-IN-SPACE.03","","Tue Nov 05 00:35:22 GMT 2024","passed","Tue Nov 05 00:35:22 GMT 2024","","HYPERON-METTALOG-SANITY","HYPERON-METTALOG-SANITY",""
"","40000","main-branch.tests2","","Tue Nov 05 00:33:42 GMT 2024","failed","Tue Nov 05 00:34:22 GMT 2024","","WHOLE-TESTS","WHOLE-TESTS",""
"","1","ADD-REMOVE-MATCH-S-SYMBOLS.10","","Tue Nov 05 00:50:57 GMT 2024","passed","Tue Nov 05 00:50:57 GMT 2024","","SPACES","SPACES",""
"","169","IOIOIOI-USING-EQUALITY.01","","Tue Nov 05 01:53:28 GMT 2024","failed","Tue Nov 05 01:53:28 GMT 2024","","MULTIDIRECTIONAL","MULTIDIRECTIONAL",""
"","3","D2-HIGHERFUNC.26","","Tue Nov 05 01:10:09 GMT 2024","passed","Tue Nov 05 01:10:09 GMT 2024","","CHECK-TYPES","CHECK-TYPES",""
"","1","F1-MODULEA.06","","Tue Nov 05 00:33:37 GMT 2024","passed","Tue Nov 05 00:33:37 GMT 2024","","MODULE-SYSTEM","MODULE-SYSTEM",""
"","2","D2-HIGHERFUNC.11","","Tue Nov 05 00:43:40 GMT 2024","passed","Tue Nov 05 00:43:40 GMT 2024","","QUICK","QUICK",""
"","3","PC-XP.08","","Tue Nov 05 01:22:53 GMT 2024","passed","Tue Nov 05 01:22:53 GMT 2024","","POLYWARD-CHAINING","POLYWARD-CHAINING",""
"","4000","metta_to_amr.user","","Tue Nov 05 00:33:42 GMT 2024","passed","Tue Nov 05 00:33:46 GMT 2024","","WHOLE-TESTS","WHOLE-TESTS",""
"","3","ADD-REMOVE-MATCH-S-STRINGS.04","","Tue Nov 05 00:50:57 GMT 2024","passed","Tue Nov 05 00:50:57 GMT 2024","","SPACES","SPACES",""
"","2","TEST-IF-CLOSED.03","","Tue Nov 05 01:47:13 GMT 2024","passed","Tue Nov 05 01:47:13 GMT 2024","","WALK-THRU","WALK-THRU",""
"","1035","TRAINING-BI.01","","Tue Nov 05 02:08:13 GMT 2024","passed","Tue Nov 05 02:08:14 GMT 2024","","LANGUAGE-MODELS","LANGUAGE-MODELS",""
"","46000","new.tests1","","Tue Nov 05 00:33:42 GMT 2024","failed","Tue Nov 05 00:34:28 GMT 2024","","WHOLE-TESTS","WHOLE-TESTS",""
"","5000","quick.d2_higherfunc","","Tue Nov 05 00:33:42 GMT 2024","passed","Tue Nov 05 00:33:47 GMT 2024","","WHOLE-TESTS","WHOLE-TESTS",""
"","3","A1-SYMBOLS.07","","Tue Nov 05 00:33:46 GMT 2024","passed","Tue Nov 05 00:33:46 GMT 2024","","HYPERON-EXPERIMENTAL-SCRIPTS","HYPERON-EXPERIMENTAL-SCRIPTS",""
"","4","JOHN-CARRY-FLOWER-TEST.02","","Tue Nov 05 01:23:39 GMT 2024","passed","Tue Nov 05 01:23:39 GMT 2024","","JOHN-CARRY-FLOWER","JOHN-CARRY-FLOWER",""
"","2","F1-IMPORTS.03","","Tue Nov 05 00:33:46 GMT 2024","passed","Tue Nov 05 00:33:46 GMT 2024","","HYPERON-EXPERIMENTAL-SCRIPTS","HYPERON-EXPERIMENTAL-SCRIPTS",""
"","2","NATPARITYTEST.10","","Tue Nov 05 01:16:58 GMT 2024","passed","Tue Nov 05 01:16:58 GMT 2024","","HOL","HOL",""
"","4","SPACE-INTERSECTION-TESTS.15","","Tue Nov 05 00:35:22 GMT 2024","passed","Tue Nov 05 00:35:22 GMT 2024","","HYPERON-METTALOG-SANITY","HYPERON-METTALOG-SANITY",""
"","2","TYPE-PROP.13","","Tue Nov 05 01:09:48 GMT 2024","passed","Tue Nov 05 01:09:48 GMT 2024","","CHECK-TYPES-TEMP","CHECK-TYPES-TEMP",""
"","4000","basic.pathfinding-easy-f","","Tue Nov 05 00:33:42 GMT 2024","passed","Tue Nov 05 00:33:46 GMT 2024","","WHOLE-TESTS","WHOLE-TESTS",""
"","2","B5-TYPES-PRELIM.09","","Tue Nov 05 01:09:48 GMT 2024","passed","Tue Nov 05 01:09:48 GMT 2024","","CHECK-TYPES-TEMP","CHECK-TYPES-TEMP",""
"","125","SYMBOLS.01","","Tue Nov 05 00:51:40 GMT 2024","passed","Tue Nov 05 00:51:40 GMT 2024","","STD","STD",""
"","8000","dependent-types.MinerCurriedDTLTest","","Tue Nov 05 00:33:42 GMT 2024","passed","Tue Nov 05 00:33:50 GMT 2024","","WHOLE-TESTS","WHOLE-TESTS",""
"","3","00-LANG-CASE.03","","Tue Nov 05 00:35:22 GMT 2024","passed","Tue Nov 05 00:35:22 GMT 2024","","HYPERON-METTALOG-SANITY","HYPERON-METTALOG-SANITY",""
"","2","V2-PLN-XP-SYS-IMPL.02","","Tue Nov 05 00:48:37 GMT 2024","passed","Tue Nov 05 00:48:37 GMT 2024","","CHAINING","CHAINING",""
"","2","D1-GADT.06","","Tue Nov 05 01:10:09 GMT 2024","passed","Tue Nov 05 01:10:09 GMT 2024","","CHECK-TYPES","CHECK-TYPES",""
"","2","C1-GROUNDED-BASIC.18","","Tue Nov 05 00:33:46 GMT 2024","passed","Tue Nov 05 00:33:46 GMT 2024","","HYPERON-EXPERIMENTAL-SCRIPTS","HYPERON-EXPERIMENTAL-SCRIPTS",""
"","2","BCHAIN-COMP.05","","Tue Nov 05 01:47:13 GMT 2024","passed","Tue Nov 05 01:47:13 GMT 2024","","WALK-THRU","WALK-THRU",""
"","2","TEST-IF-CLOSED.06","","Tue Nov 05 00:41:27 GMT 2024","passed","Tue Nov 05 00:41:27 GMT 2024","","ANTI-REGRESSION","ANTI-REGRESSION",""
"","5000","transpiler.match_feval","","Tue Nov 05 00:33:42 GMT 2024","passed","Tue Nov 05 00:33:47 GMT 2024","","WHOLE-TESTS","WHOLE-TESTS",""
"","2","TYPE-PROP.19","","Tue Nov 05 01:09:48 GMT 2024","passed","Tue Nov 05 01:09:48 GMT 2024","","CHECK-TYPES-TEMP","CHECK-TYPES-TEMP",""
"","121","TYPE-PROP.75","","Tue Nov 05 01:09:48 GMT 2024","failed","Tue Nov 05 01:09:48 GMT 2024","","CHECK-TYPES-TEMP","CHECK-TYPES-TEMP",""
"","3","E2-STATES.02","","Tue Nov 05 01:10:09 GMT 2024","passed","Tue Nov 05 01:10:09 GMT 2024","","CHECK-TYPES","CHECK-TYPES",""
"","4000","hyperon-mettalog_sanity.represent_and_parse_tests","","Tue Nov 05 00:33:42 GMT 2024","passed","Tue Nov 05 00:33:46 GMT 2024","","WHOLE-TESTS","WHOLE-TESTS",""
"","122","TYPE-PROP.74","","Tue Nov 05 01:09:48 GMT 2024","failed","Tue Nov 05 01:09:48 GMT 2024","","CHECK-TYPES-TEMP","CHECK-TYPES-TEMP",""
"","2","IFC-XP.29","","Tue Nov 05 01:20:12 GMT 2024","passed","Tue Nov 05 01:20:12 GMT 2024","","ITERATIVE-CHAINING","ITERATIVE-CHAINING",""
"","3","ADD-REMOVE-MATCH-SYMBOLS.01","","Tue Nov 05 00:50:57 GMT 2024","passed","Tue Nov 05 00:50:57 GMT 2024","","SPACES","SPACES",""
"","2","KEY-LOOKUPS-MANY.08","","Tue Nov 05 01:55:46 GMT 2024","passed","Tue Nov 05 01:55:46 GMT 2024","","BASIC","BASIC",""
"","3","D2-HIGHERFUNC.03","","Tue Nov 05 01:10:09 GMT 2024","passed","Tue Nov 05 01:10:09 GMT 2024","","CHECK-TYPES","CHECK-TYPES",""
"","11118","NILS-IF-CONTROL-TEST-2.03","","Tue Nov 05 02:02:03 GMT 2024","passed","Tue Nov 05 02:02:14 GMT 2024","","COMPARISONS","COMPARISONS",""
"","2","ADD-REMOVE-MATCH-INTEGER.06","","Tue Nov 05 00:50:57 GMT 2024","passed","Tue Nov 05 00:50:57 GMT 2024","","SPACES","SPACES",""
"","252","TIME-SYNTHESIZE-SHORT.01","","Tue Nov 05 00:37:09 GMT 2024","passed","Tue Nov 05 00:37:09 GMT 2024","","SYNTH-BUFFER","SYNTH-BUFFER",""
"","2","MATCH-SUPERPOSED-SPACES.01","","Tue Nov 05 00:39:18 GMT 2024","passed","Tue Nov 05 00:39:18 GMT 2024","","METTA-MORPH-TESTS","METTA-MORPH-TESTS",""
"","2","UNIQUE-TEST.03","","Tue Nov 05 00:35:22 GMT 2024","passed","Tue Nov 05 00:35:22 GMT 2024","","HYPERON-METTALOG-SANITY","HYPERON-METTALOG-SANITY",""
"","3","ADD-REMOVE-MATCH-S-SYMBOLS.15","","Tue Nov 05 00:50:57 GMT 2024","passed","Tue Nov 05 00:50:57 GMT 2024","","SPACES","SPACES",""
"","1","C1-GROUNDED-BASIC.12","","Tue Nov 05 00:43:40 GMT 2024","passed","Tue Nov 05 00:43:40 GMT 2024","","QUICK","QUICK",""
"","96","SUBTYPING-TEST.05","","Tue Nov 05 01:22:58 GMT 2024","failed","Tue Nov 05 01:22:58 GMT 2024","","SUBTYPING","SUBTYPING",""
"","17","STDLIB-METTALOG-TEST-PT2.26","","Tue Nov 05 00:53:04 GMT 2024","failed","Tue Nov 05 00:53:04 GMT 2024","","STDLIB-METTALOG","STDLIB-METTALOG",""
"","2","BC-XP.27","","Tue Nov 05 01:14:02 GMT 2024","passed","Tue Nov 05 01:14:02 GMT 2024","","BACKWARD-CHAINING","BACKWARD-CHAINING",""
"","3","FORWARD-CHAINER-TEST.04","","Tue Nov 05 01:16:43 GMT 2024","passed","Tue Nov 05 01:16:43 GMT 2024","","FORWARD-CHAINER","FORWARD-CHAINER",""
"","3","CHAINING-PRELIM.03","","Tue Nov 05 00:48:37 GMT 2024","passed","Tue Nov 05 00:48:37 GMT 2024","","CHAINING","CHAINING",""
"","2","INF-CTL-MONTH-BC-CONT-XP.13","","Tue Nov 05 01:18:09 GMT 2024","passed","Tue Nov 05 01:18:09 GMT 2024","","INFERENCE-CONTROL","INFERENCE-CONTROL",""
"","3","CHAPTER-2-4.15","","Tue Nov 05 00:53:14 GMT 2024","passed","Tue Nov 05 00:53:14 GMT 2024","","SICP-BOOK","SICP-BOOK",""
"","3","HYPERPOSE.01","","Tue Nov 05 00:39:18 GMT 2024","passed","Tue Nov 05 00:39:18 GMT 2024","","METTA-MORPH-TESTS","METTA-MORPH-TESTS",""
"","2","FC-XP.11","","Tue Nov 05 01:16:53 GMT 2024","passed","Tue Nov 05 01:16:53 GMT 2024","","FORWARD-CHAINING","FORWARD-CHAINING",""
"","5000","multidirectional.append_using_equality","","Tue Nov 05 00:33:42 GMT 2024","passed","Tue Nov 05 00:33:47 GMT 2024","","WHOLE-TESTS","WHOLE-TESTS",""
"","1","INF-CTL-MONTH-BC-CONT-XP.06","","Tue Nov 05 01:18:09 GMT 2024","passed","Tue Nov 05 01:18:09 GMT 2024","","INFERENCE-CONTROL","INFERENCE-CONTROL",""
"","135","BASIC.01","","Tue Nov 05 01:07:05 GMT 2024","passed","Tue Nov 05 01:07:05 GMT 2024","","TRAVERSER","TRAVERSER",""
"","857","BC-IMPL.03","","Tue Nov 05 01:47:13 GMT 2024","passed","Tue Nov 05 01:47:13 GMT 2024","","WALK-THRU","WALK-THRU",""
"","2","STDLIB-METTALOG-TEST-PT2.46","","Tue Nov 05 00:53:04 GMT 2024","passed","Tue Nov 05 00:53:04 GMT 2024","","STDLIB-METTALOG","STDLIB-METTALOG",""
"","2","C1-GROUNDED-BASIC.02","","Tue Nov 05 00:33:46 GMT 2024","passed","Tue Nov 05 00:33:46 GMT 2024","","HYPERON-EXPERIMENTAL-SCRIPTS","HYPERON-EXPERIMENTAL-SCRIPTS",""
"","2","BC-XP.20","","Tue Nov 05 01:14:02 GMT 2024","passed","Tue Nov 05 01:14:02 GMT 2024","","BACKWARD-CHAINING","BACKWARD-CHAINING",""
"","97","TOO-EAGER-MATH.02","","Tue Nov 05 01:54:46 GMT 2024","passed","Tue Nov 05 01:54:46 GMT 2024","","POSSIBLY-WRONG","POSSIBLY-WRONG",""
"","3","XOR-TEST.01","","Tue Nov 05 00:35:22 GMT 2024","passed","Tue Nov 05 00:35:22 GMT 2024","","HYPERON-METTALOG-SANITY","HYPERON-METTALOG-SANITY",""
"","1","INF-CTL-MONTH-BC-CONT-XP.11","","Tue Nov 05 01:18:09 GMT 2024","passed","Tue Nov 05 01:18:09 GMT 2024","","INFERENCE-CONTROL","INFERENCE-CONTROL",""
"","2","AI-SERVICE-COMPOSITION-EASY.02","","Tue Nov 05 01:07:17 GMT 2024","passed","Tue Nov 05 01:07:17 GMT 2024","","AI-SERVICE","AI-SERVICE",""
"","2","SHOW-TYPE.11","","Tue Nov 05 00:50:41 GMT 2024","passed","Tue Nov 05 00:50:41 GMT 2024","","INTROSPECT","INTROSPECT",""
"","88","BASE-TEST-REPR-PARSE-INTERSECTION.02","","Tue Nov 05 00:35:22 GMT 2024","passed","Tue Nov 05 00:35:22 GMT 2024","","HYPERON-METTALOG-SANITY","HYPERON-METTALOG-SANITY",""
"","2","E2-STATES.03","","Tue Nov 05 00:33:46 GMT 2024","passed","Tue Nov 05 00:33:46 GMT 2024","","HYPERON-EXPERIMENTAL-SCRIPTS","HYPERON-EXPERIMENTAL-SCRIPTS",""
"","20","ADD-REMOVE-MATCH-S-SYMBOLS.02","","Tue Nov 05 00:50:57 GMT 2024","passed","Tue Nov 05 00:50:57 GMT 2024","","SPACES","SPACES",""
"","1","INF-CTL-MONTH-XP-SHORT-3.12","","Tue Nov 05 02:02:03 GMT 2024","passed","Tue Nov 05 02:02:03 GMT 2024","","COMPARISONS","COMPARISONS",""
"","107","STDLIB-METTALOG-TEST-PT2.72","","Tue Nov 05 00:53:04 GMT 2024","failed","Tue Nov 05 00:53:04 GMT 2024","","STDLIB-METTALOG","STDLIB-METTALOG",""
"","2","ORDEREDSETTEST.05","","Tue Nov 05 01:14:11 GMT 2024","passed","Tue Nov 05 01:14:11 GMT 2024","","COMMON","COMMON",""
"","2","D4-TYPE-PROP.17","","Tue Nov 05 00:33:46 GMT 2024","passed","Tue Nov 05 00:33:46 GMT 2024","","HYPERON-EXPERIMENTAL-SCRIPTS","HYPERON-EXPERIMENTAL-SCRIPTS",""
"","2","STDLIB-METTALOG-TEST-PT2.64","","Tue Nov 05 00:53:04 GMT 2024","passed","Tue Nov 05 00:53:04 GMT 2024","","STDLIB-METTALOG","STDLIB-METTALOG",""
"","5","TESTS0.03","","Tue Nov 05 01:34:03 GMT 2024","passed","Tue Nov 05 01:34:03 GMT 2024","","NARS-V0","NARS-V0",""
"","2","DEDUCTIONFORMULATEST.12","","Tue Nov 05 01:14:35 GMT 2024","passed","Tue Nov 05 01:14:35 GMT 2024","","FORMULA","FORMULA",""
"","2","ADD-REMOVE-MATCH-MIX-FLOAT-INTEGER.08","","Tue Nov 05 00:50:57 GMT 2024","passed","Tue Nov 05 00:50:57 GMT 2024","","SPACES","SPACES",""
"","2","INTERSECTION-TESTS.02","","Tue Nov 05 00:35:22 GMT 2024","passed","Tue Nov 05 00:35:22 GMT 2024","","HYPERON-METTALOG-SANITY","HYPERON-METTALOG-SANITY",""
"","16000","bigram-sentence-evaluator.bigrams","","Tue Nov 05 00:33:42 GMT 2024","passed","Tue Nov 05 00:33:58 GMT 2024","","WHOLE-TESTS","WHOLE-TESTS",""
"","2","B0-CHAINING-PRELIM.02","","Tue Nov 05 00:33:46 GMT 2024","passed","Tue Nov 05 00:33:46 GMT 2024","","HYPERON-EXPERIMENTAL-SCRIPTS","HYPERON-EXPERIMENTAL-SCRIPTS",""
"","3","TESTS0.06","","Tue Nov 05 00:44:08 GMT 2024","passed","Tue Nov 05 00:44:08 GMT 2024","","MAIN-BRANCH","MAIN-BRANCH",""
"","2","D4-TYPE-PROP.05","","Tue Nov 05 00:43:40 GMT 2024","passed","Tue Nov 05 00:43:40 GMT 2024","","QUICK","QUICK",""
"","45","BACKWARD-CHAINER-XP.25","","Tue Nov 05 01:13:57 GMT 2024","failed","Tue Nov 05 01:13:57 GMT 2024","","BACKWARD-CHAINER","BACKWARD-CHAINER",""
"","42","IMPLICATIONDIRECTINTRODUCTIONDTLTEST.15","","Tue Nov 05 01:12:50 GMT 2024","failed","Tue Nov 05 01:12:50 GMT 2024","","DEPENDENT-TYPES","DEPENDENT-TYPES",""
"","81","INTERSECTION-TESTS.31","","Tue Nov 05 00:35:22 GMT 2024","failed","Tue Nov 05 00:35:22 GMT 2024","","HYPERON-METTALOG-SANITY","HYPERON-METTALOG-SANITY",""
"","3","SYNTHESIZE-VIA-TYPE-CHECKING.01","","Tue Nov 05 01:24:46 GMT 2024","passed","Tue Nov 05 01:24:46 GMT 2024","","EXPERIMENTS","EXPERIMENTS",""
"","5","UTILS-TEST.03","","Tue Nov 05 01:13:52 GMT 2024","passed","Tue Nov 05 01:13:52 GMT 2024","","UTILS","UTILS",""
"","3","CHAPTER-2-4.06","","Tue Nov 05 00:53:14 GMT 2024","passed","Tue Nov 05 00:53:14 GMT 2024","","SICP-BOOK","SICP-BOOK",""
"","4000","red-black-lambda.lambda-theory","","Tue Nov 05 00:33:42 GMT 2024","passed","Tue Nov 05 00:33:46 GMT 2024","","WHOLE-TESTS","WHOLE-TESTS",""
"","2","IBC-XP.05","","Tue Nov 05 01:20:12 GMT 2024","passed","Tue Nov 05 01:20:12 GMT 2024","","ITERATIVE-CHAINING","ITERATIVE-CHAINING",""
"","41000","current.tests1","","Tue Nov 05 00:33:42 GMT 2024","failed","Tue Nov 05 00:34:23 GMT 2024","","WHOLE-TESTS","WHOLE-TESTS",""
"","4000","comparisons.inf-ctl-month-xp-long","","Tue Nov 05 00:33:42 GMT 2024","passed","Tue Nov 05 00:33:46 GMT 2024","","WHOLE-TESTS","WHOLE-TESTS",""
"","2","KEY-LOOKUPS-MANY.11","","Tue Nov 05 01:55:46 GMT 2024","passed","Tue Nov 05 01:55:46 GMT 2024","","BASIC","BASIC",""
"","2","ADD-REMOVE-MATCH-MIX-FLOAT-INTEGER.02","","Tue Nov 05 00:50:57 GMT 2024","passed","Tue Nov 05 00:50:57 GMT 2024","","SPACES","SPACES",""
"","3","AI-SERVICE-COMPOSITION-SANITY.03","","Tue Nov 05 01:07:17 GMT 2024","passed","Tue Nov 05 01:07:17 GMT 2024","","AI-SERVICE","AI-SERVICE",""
"","2","ADD-REMOVE-MATCH-STRINGS.11","","Tue Nov 05 00:50:57 GMT 2024","passed","Tue Nov 05 00:50:57 GMT 2024","","SPACES","SPACES",""
"","105","ADD-REMOVE-MATCH-STRINGS.14","","Tue Nov 05 00:50:57 GMT 2024","failed","Tue Nov 05 00:50:57 GMT 2024","","SPACES","SPACES",""
"","5000","formula.DeductionFormulaTest","","Tue Nov 05 00:33:42 GMT 2024","passed","Tue Nov 05 00:33:47 GMT 2024","","WHOLE-TESTS","WHOLE-TESTS",""
"","4000","transpiler.letlet","","Tue Nov 05 00:33:42 GMT 2024","passed","Tue Nov 05 00:33:46 GMT 2024","","WHOLE-TESTS","WHOLE-TESTS",""
"","2","LTE.01","","Tue Nov 05 00:51:40 GMT 2024","passed","Tue Nov 05 00:51:40 GMT 2024","","STD","STD",""
"","1188","TRAINING-BI.02","","Tue Nov 05 02:08:13 GMT 2024","passed","Tue Nov 05 02:08:14 GMT 2024","","LANGUAGE-MODELS","LANGUAGE-MODELS",""
"","55","APPEND-USING-EQUALITY.02","","Tue Nov 05 01:53:28 GMT 2024","failed","Tue Nov 05 01:53:28 GMT 2024","","MULTIDIRECTIONAL","MULTIDIRECTIONAL",""
"","5000","metta-morph_tests.nested_parameters","","Tue Nov 05 00:33:42 GMT 2024","passed","Tue Nov 05 00:33:47 GMT 2024","","WHOLE-TESTS","WHOLE-TESTS",""
"","4","B0-CHAINING-PRELIM.01","","Tue Nov 05 00:33:46 GMT 2024","passed","Tue Nov 05 00:33:46 GMT 2024","","HYPERON-EXPERIMENTAL-SCRIPTS","HYPERON-EXPERIMENTAL-SCRIPTS",""
"","3","FORWARD-CHAINER-XP.03","","Tue Nov 05 01:16:43 GMT 2024","passed","Tue Nov 05 01:16:43 GMT 2024","","FORWARD-CHAINER","FORWARD-CHAINER",""
"","2","D2-HIGHERFUNC.11","","Tue Nov 05 00:33:46 GMT 2024","passed","Tue Nov 05 00:33:46 GMT 2024","","HYPERON-EXPERIMENTAL-SCRIPTS","HYPERON-EXPERIMENTAL-SCRIPTS",""
"","3","D2-HIGHERFUNC.14","","Tue Nov 05 00:43:40 GMT 2024","passed","Tue Nov 05 00:43:40 GMT 2024","","QUICK","QUICK",""
"","2","ADD-REMOVE-MATCH-FLOAT.05","","Tue Nov 05 00:50:57 GMT 2024","passed","Tue Nov 05 00:50:57 GMT 2024","","SPACES","SPACES",""
"","62","D5-AUTO-TYPES.01","","Tue Nov 05 01:10:09 GMT 2024","failed","Tue Nov 05 01:10:09 GMT 2024","","CHECK-TYPES","CHECK-TYPES",""
"","2","CREATE-SERVER.01","","Tue Nov 05 01:51:36 GMT 2024","passed","Tue Nov 05 01:51:36 GMT 2024","","DISTRIBUTED-PROCESSING","DISTRIBUTED-PROCESSING",""
"","2","F1-IMPORTS.12","","Tue Nov 05 00:43:40 GMT 2024","passed","Tue Nov 05 00:43:40 GMT 2024","","QUICK","QUICK",""
"","3","LISTTEST.01","","Tue Nov 05 01:16:58 GMT 2024","passed","Tue Nov 05 01:16:58 GMT 2024","","HOL","HOL",""
"","3","INTERSECTION-TESTS.27","","Tue Nov 05 00:35:22 GMT 2024","passed","Tue Nov 05 00:35:22 GMT 2024","","HYPERON-METTALOG-SANITY","HYPERON-METTALOG-SANITY",""
"","6000","walk_thru.debug_mettalogTestCurried","","Tue Nov 05 00:33:42 GMT 2024","passed","Tue Nov 05 00:33:48 GMT 2024","","WHOLE-TESTS","WHOLE-TESTS",""
"","3","NUMTEST.09","","Tue Nov 05 01:14:11 GMT 2024","passed","Tue Nov 05 01:14:11 GMT 2024","","COMMON","COMMON",""
"","3","BC-COMP.01","","Tue Nov 05 01:47:13 GMT 2024","passed","Tue Nov 05 01:47:13 GMT 2024","","WALK-THRU","WALK-THRU",""
"","2","SPACE-SUBTRACTION-TESTS.01","","Tue Nov 05 00:35:22 GMT 2024","passed","Tue Nov 05 00:35:22 GMT 2024","","HYPERON-METTALOG-SANITY","HYPERON-METTALOG-SANITY",""
"","2","SYNTHESIZE-VIA-SUPERPOSE.03","","Tue Nov 05 01:24:46 GMT 2024","passed","Tue Nov 05 01:24:46 GMT 2024","","EXPERIMENTS","EXPERIMENTS",""
"","5000","anti-regression.comma_is_not_special","","Tue Nov 05 00:33:42 GMT 2024","passed","Tue Nov 05 00:33:47 GMT 2024","","WHOLE-TESTS","WHOLE-TESTS",""
"","3","F1-IMPORTS.16","","Tue Nov 05 00:43:40 GMT 2024","passed","Tue Nov 05 00:43:40 GMT 2024","","QUICK","QUICK",""
"","2","F1-IMPORTS.17","","Tue Nov 05 00:33:46 GMT 2024","passed","Tue Nov 05 00:33:46 GMT 2024","","HYPERON-EXPERIMENTAL-SCRIPTS","HYPERON-EXPERIMENTAL-SCRIPTS",""
"","3","IFC-XP.02","","Tue Nov 05 01:20:12 GMT 2024","passed","Tue Nov 05 01:20:12 GMT 2024","","ITERATIVE-CHAINING","ITERATIVE-CHAINING",""
"","4000","check_types.d1_gadt","","Tue Nov 05 00:33:42 GMT 2024","passed","Tue Nov 05 00:33:46 GMT 2024","","WHOLE-TESTS","WHOLE-TESTS",""
"","2","03-SORING-VIA-INSERT.04","","Tue Nov 05 00:35:22 GMT 2024","passed","Tue Nov 05 00:35:22 GMT 2024","","HYPERON-METTALOG-SANITY","HYPERON-METTALOG-SANITY",""
"","1","HYPERPOSING-UNSHARED.07","","Tue Nov 05 01:55:46 GMT 2024","passed","Tue Nov 05 01:55:46 GMT 2024","","BASIC","BASIC",""
"","2","INF-CTL-MONTH-BC-CONT-XP.14","","Tue Nov 05 01:18:09 GMT 2024","passed","Tue Nov 05 01:18:09 GMT 2024","","INFERENCE-CONTROL","INFERENCE-CONTROL",""
"","2","STATES-SPACES.06","","Tue Nov 05 00:39:18 GMT 2024","passed","Tue Nov 05 00:39:18 GMT 2024","","METTA-MORPH-TESTS","METTA-MORPH-TESTS",""
"","6","V2-PLN-XP.03","","Tue Nov 05 00:48:37 GMT 2024","passed","Tue Nov 05 00:48:37 GMT 2024","","CHAINING","CHAINING",""
"","5000","traverser.creation","","Tue Nov 05 00:33:42 GMT 2024","passed","Tue Nov 05 00:33:47 GMT 2024","","WHOLE-TESTS","WHOLE-TESTS",""
"","3","TMPMATCH1.01","","Tue Nov 05 00:41:27 GMT 2024","passed","Tue Nov 05 00:41:27 GMT 2024","","ANTI-REGRESSION","ANTI-REGRESSION",""
"","2","STRING-TESTS.16","","Tue Nov 05 00:35:22 GMT 2024","passed","Tue Nov 05 00:35:22 GMT 2024","","HYPERON-METTALOG-SANITY","HYPERON-METTALOG-SANITY",""
"","3","STDLIB-METTALOG-TEST-PT2.51","","Tue Nov 05 00:53:04 GMT 2024","passed","Tue Nov 05 00:53:04 GMT 2024","","STDLIB-METTALOG","STDLIB-METTALOG",""
"","2","ADD-REMOVE-MATCH-SYMBOLS.10","","Tue Nov 05 00:50:57 GMT 2024","passed","Tue Nov 05 00:50:57 GMT 2024","","SPACES","SPACES",""
"","3","STDLIB-METTALOG-TEST-PT2.55","","Tue Nov 05 00:53:04 GMT 2024","passed","Tue Nov 05 00:53:04 GMT 2024","","STDLIB-METTALOG","STDLIB-METTALOG",""
